MFCC Analysis for recordings\AnnieWebb.wav
==================================================
Shape: (40, 1019)
Number of coefficients: 40
Number of frames: 1019
==================================================

Statistical Summary:
--------------------
Mean: -14.9711
Std: 107.2142
Min: -794.9131
Max: 187.6473

Coefficient Values:

Coefficient 1:
-794.9131
-739.8377
-694.3575
-720.0135
-736.7562
-749.2944
-758.1821
-765.6020
-764.2191
-756.8310
-758.9301
-766.3244
-764.2224
-753.6606
-747.3789
-755.6182
-761.1257
-762.6048
-767.0853
-772.8561
-768.0114
-766.9111
-769.9044
-772.6964
-770.7321
-762.6730
-726.2294
-694.0552
-695.7349
-723.0443
-751.3268
-767.6818
-767.2766
-768.0759
-768.7376
-765.1672
-540.7113
-413.0459
-406.5448
-476.6122
-539.5475
-598.0671
-655.8177
-690.5042
-710.1491
-718.6527
-605.2135
-509.5355
-484.4405
-496.0516
-480.6721
-408.3348
-350.5690
-329.7600
-338.4881
-330.4838
-321.3489
-333.1512
-373.3866
-432.6392
-457.4476
-458.4813
-460.6640
-489.3664
-523.3765
-535.0050
-516.2689
-497.4448
-501.5476
-530.2061
-570.4673
-566.5124
-544.6109
-565.0952
-549.9083
-466.3507
-427.6302
-420.1352
-436.7563
-468.1308
-489.4121
-483.5044
-499.9187
-513.5659
-490.1117
-472.7361
-476.9970
-500.4256
-523.8950
-551.6381
-600.1583
-653.8303
-592.2106
-531.3008
-492.9463
-427.7277
-397.0626
-425.4119
-444.7679
-457.4453
-455.1572
-454.2575
-478.5621
-515.4780
-511.4429
-455.6365
-426.6656
-428.2651
-457.3733
-477.9434
-494.7854
-492.8822
-471.0099
-460.6649
-452.1032
-419.8746
-379.2027
-361.1171
-366.3521
-400.8149
-443.2321
-491.9825
-566.4955
-652.7333
-704.8503
-722.0044
-723.0555
-734.7791
-737.3539
-732.7023
-725.0035
-704.0045
-681.9420
-662.9592
-653.5038
-654.4922
-654.2445
-647.5615
-645.5524
-636.5150
-623.7293
-609.2958
-610.8885
-652.7998
-731.1271
-773.4065
-759.5167
-723.2229
-708.1222
-656.3100
-610.2167
-587.5609
-578.7593
-581.2261
-584.0317
-602.1024
-633.7836
-657.4328
-672.4947
-682.0461
-676.2902
-628.2488
-584.0167
-555.0507
-545.7106
-551.6409
-564.9844
-585.9556
-603.2655
-618.9368
-636.5779
-667.4930
-708.0570
-747.1368
-768.5914
-778.2167
-780.3833
-782.7768
-784.7663
-784.1389
-784.5742
-783.0348
-781.3685
-781.9299
-783.7365
-783.6014
-782.5889
-779.8297
-779.8609
-780.8574
-781.5282
-776.1637
-778.4607
-777.8970
-776.5286
-779.3549
-781.4365
-777.7924
-776.9803
-780.1662
-782.4870
-776.7865
-765.2749
-764.8691
-769.3367
-774.9116
-779.5638
-779.4782
-780.4258
-777.6120
-774.6366
-775.7871
-771.7553
-772.0330
-770.2924
-774.0148
-778.4904
-771.0417
-765.8295
-766.4149
-766.4238
-743.2637
-720.8065
-704.7023
-696.8104
-661.2524
-625.8701
-614.2628
-619.9659
-601.9592
-555.6209
-517.6386
-516.3196
-533.8752
-562.2612
-558.1658
-561.2935
-595.9432
-629.5541
-607.9819
-562.9371
-542.2634
-537.0830
-543.8546
-568.5373
-634.6208
-703.7495
-733.6661
-743.0254
-677.3747
-595.6840
-560.9106
-562.3529
-564.1004
-574.5818
-629.3194
-688.7533
-725.6516
-741.8298
-716.6647
-662.4194
-618.8804
-605.4447
-612.7724
-634.5731
-674.3060
-724.9503
-754.1278
-754.6873
-758.1459
-764.5357
-762.4213
-758.3812
-764.5552
-771.3779
-768.5054
-753.4972
-742.5567
-749.5410
-757.9047
-739.2127
-650.7551
-653.0765
-730.3494
-750.3571
-758.3528
-759.8647
-762.5456
-762.8106
-762.0144
-765.3523
-761.4172
-762.1223
-760.3231
-764.9373
-767.3513
-768.5519
-768.8355
-773.2465
-775.8683
-770.7462
-767.2057
-761.9023
-763.8301
-755.4727
-744.5123
-750.4886
-761.1696
-769.1290
-774.2296
-769.7318
-772.2020
-776.7514
-771.8306
-761.7539
-760.8472
-758.4418
-705.6294
-637.7455
-592.7316
-569.2562
-563.5930
-581.0287
-586.1420
-580.4327
-567.5858
-561.8816
-581.9992
-606.9316
-624.6689
-631.7916
-629.1500
-617.9932
-598.0226
-582.6396
-572.4299
-563.2303
-566.6094
-575.8484
-581.9885
-587.9850
-596.3282
-601.8748
-607.7590
-629.4753
-670.7355
-713.6495
-736.4346
-746.8359
-748.8827
-756.9861
-768.3719
-773.8911
-773.7993
-775.7119
-776.2160
-773.0577
-761.2394
-754.1313
-753.8528
-757.3215
-765.7231
-770.0181
-771.2670
-770.5917
-763.8643
-761.4355
-759.4836
-725.5801
-688.2675
-634.6124
-585.2466
-554.8860
-549.0642
-580.3182
-597.6878
-589.6033
-557.4850
-550.7535
-566.4893
-583.9537
-599.1640
-607.2568
-608.0018
-619.7339
-652.1313
-672.4307
-672.3608
-626.7836
-599.0015
-586.9540
-578.3035
-571.4431
-565.1259
-566.5090
-573.9146
-595.3467
-638.9758
-689.9451
-661.2200
-606.2358
-581.6995
-582.1270
-591.0089
-599.7888
-621.6274
-661.6564
-710.5004
-743.7418
-756.6892
-766.0527
-766.6376
-771.2182
-773.5722
-768.1241
-766.9192
-770.1803
-770.5887
-756.1145
-744.2438
-749.8838
-763.0381
-763.6100
-764.9786
-772.9004
-776.6022
-774.5968
-765.3620
-765.8994
-764.3285
-763.3682
-772.7130
-774.7668
-769.7960
-763.8472
-763.2506
-759.1336
-756.4163
-765.0737
-767.4148
-772.0396
-776.2512
-779.4510
-776.6335
-770.2103
-767.9830
-761.2607
-753.0681
-757.8066
-764.6622
-766.2056
-761.7529
-757.3433
-758.2157
-756.2493
-757.8684
-744.6484
-737.9111
-722.5974
-673.1387
-621.4139
-599.0386
-589.8640
-589.9255
-595.7691
-598.1639
-600.4601
-603.8301
-605.8571
-610.6982
-611.5667
-615.3392
-620.4761
-614.8075
-613.7573
-637.4866
-681.9252
-708.6378
-728.7364
-749.6946
-752.4326
-763.8754
-757.7490
-757.0412
-765.2853
-770.4756
-776.4454
-774.7523
-759.9977
-750.5347
-756.5949
-753.6835
-749.4459
-755.4885
-767.4583
-765.3364
-737.5189
-712.4110
-704.2362
-712.2111
-731.2036
-748.0397
-749.8044
-758.3064
-755.5331
-740.7355
-751.9539
-767.9038
-771.0217
-767.5575
-771.6675
-778.9506
-773.5144
-773.4102
-777.2913
-771.6004
-756.0668
-748.9883
-740.6356
-672.7106
-642.1007
-678.1445
-721.9151
-752.7386
-762.5133
-770.3830
-772.4874
-773.2773
-774.5040
-766.8409
-724.1716
-657.2420
-629.5475
-598.1953
-553.1978
-533.4267
-547.4441
-568.9611
-581.3503
-602.5729
-612.4219
-586.0926
-557.4521
-537.0981
-522.5947
-520.5342
-544.2543
-586.7592
-646.4409
-686.8982
-689.3373
-688.6719
-616.2724
-553.9637
-539.8340
-534.4302
-519.7404
-496.8394
-485.6896
-479.7514
-492.9808
-542.1909
-586.1526
-570.9622
-539.8118
-529.9258
-527.9123
-536.9813
-580.4680
-646.8043
-690.7433
-633.0142
-584.4005
-558.0988
-543.6127
-530.5220
-558.7505
-631.0830
-692.3360
-692.3463
-672.7815
-660.6592
-649.5560
-631.8084
-616.4077
-602.8475
-588.4991
-580.9560
-602.7313
-659.3331
-711.7507
-729.6698
-745.5626
-756.5776
-765.7839
-762.2770
-702.0515
-650.8354
-619.3013
-612.9102
-618.6298
-624.4590
-651.9719
-709.2855
-725.2459
-715.0452
-717.5190
-646.6209
-552.3365
-499.8141
-481.8183
-490.7834
-501.5494
-516.1960
-526.5209
-551.7701
-603.8329
-660.1277
-723.8785
-760.7910
-769.4305
-768.9914
-771.7886
-773.1954
-780.1334
-779.9426
-782.3025
-784.4394
-782.6129
-779.1967
-775.7636
-771.5397
-770.2438
-776.2506
-781.2173
-782.7567
-783.5706
-783.5794
-781.3438
-782.4426
-786.8608
-787.1715
-774.9123
-746.2709
-733.8474
-744.8295
-759.2754
-761.0529
-757.0929
-762.4927
-771.7338
-771.8573
-772.0057
-766.5969
-747.2422
-749.5373
-755.3321
-758.8081
-769.5305
-779.6443
-783.2957
-779.2225
-772.7538
-773.3293
-769.2079
-756.3180
-748.5942
-756.0422
-760.8181
-761.5549
-767.8197
-762.6201
-761.6483
-762.5610
-764.1603
-768.2066
-771.0784
-773.3573
-767.7112
-749.0006
-736.1915
-733.9963
-736.1156
-738.2048
-745.9421
-715.7227
-641.5969
-606.4915
-592.8373
-587.6207
-592.1842
-596.0424
-606.4799
-620.0839
-642.7959
-670.6606
-701.6332
-721.5341
-735.2127
-756.5635
-758.8840
-749.9860
-744.7200
-738.4550
-745.1843
-751.5528
-747.7076
-740.4456
-737.2393
-744.2792
-756.1713
-764.1392
-736.1173
-693.9056
-679.1600
-672.0688
-651.8099
-628.5764
-599.2123
-576.5933
-569.7151
-578.3691
-590.5331
-592.6992
-604.7578
-641.4345
-686.9103
-671.6915
-620.1201
-602.0732
-606.2932
-623.1855
-635.2175
-637.0698
-627.4150
-614.0604
-610.8575
-621.6387
-647.8891
-686.7015
-719.3976
-746.8563
-755.6800
-762.1378
-771.1145
-775.8044
-770.1317
-766.3007
-768.5488
-768.6767
-768.1128
-770.6035
-772.2162
-750.5602
-710.8798
-638.7527
-589.0387
-563.1158
-553.8480
-555.9462
-569.6723
-584.0464
-588.8290
-599.9092
-606.9079
-633.7055
-695.8022
-738.4198
-760.9387
-763.9119
-761.6758
-766.6304
-776.3257
-771.6934
-767.7079
-764.3313
-763.9236
-766.7944
-774.5024
-767.8204
-762.0774
-765.9919
-775.2987
-774.5602
-764.7436
-766.4234
-765.1386
-763.5011
-770.3313
-769.4976
-763.5644
-763.4069
-762.0290
-762.5884
-768.4124
-773.0519
-771.7599
-760.2780
-754.0797
-757.2154
-761.1254
-761.5739
-755.8597
-755.1912
-755.7503
-747.2402
-747.2883
-744.4398
-747.7140
-757.9900
-761.3225
-745.1390
-739.4102
-746.3245
-734.1245
-591.5111
-479.9193
-436.2888
-442.3400
-489.0643
-557.5023
-626.0956
-680.4332
-712.1374
-599.1099
-460.2190
-401.1313
-397.5320
-420.3094
-460.0765
-525.8107
-586.8568
-635.6717
-675.5513
-636.2827
-582.1743
-576.6208
-596.4446
-554.1959
-403.2438
-332.6263
-304.1906
-304.4702
-327.8961
-387.7711
-471.0429
-427.2360
-373.9943
-373.2844
-429.4185
-525.7805
-553.0676
-578.8824
-601.6262
-626.8594
-640.8890
-665.3901
-682.6934
-704.0076
-674.8810
-576.7547
-515.9883
-483.5677
-465.7808
-427.1823
-396.2090
-396.8241
-392.4667
-401.7961
-427.9924
-445.7593
-429.8732
-415.2204
-423.3349
-428.6326
-398.0327
-372.1003
-379.3450
-407.3993
-447.1405
-476.5196
-456.0379
-454.0044
-459.1749
-456.3675
-461.9147
-491.4575
-526.0153
-558.0102
-556.8617
-536.9834
-523.7280
-521.7363
-548.8936
-552.5850
-499.3875
-470.6655
-474.9152
-493.1266
-516.9127
-542.4684
-552.8254
-544.0184
-540.6759
-534.8769
-528.6305
-527.8518
-541.7892
-551.9764
-573.8054
-617.7108
-662.7005
-688.3588
-702.2543
-717.6350
-727.6860
-732.5389
-734.4100
-741.9319
-747.8585
-742.9289
-740.7971
-746.4116
-751.4572
-748.0604
-749.0825
-747.6766
-742.7241
-739.2227
-738.3524
-736.0035
-738.9266
-740.3841
-740.8900
-738.9038
-741.0077
-745.1296
-745.0027
-746.9316
-740.3304
-723.2256
-708.8865
-687.7506
-670.9258
-679.4883
-711.7017
-722.4981
-720.7687
-725.2449
-717.6655
-673.3690
-636.8864
-640.5760
-668.8418
-693.9367
-711.5582
-717.9095
-705.4455
-679.5375
-670.6261
-671.3066
-671.3649
-685.2704
-709.1422
-722.5882
-728.7938
-727.7110
-724.1984
-721.9572
-721.8979
-719.6160
-712.3459
-702.8137
-700.7126
-707.8868
-708.4478
-703.2087
-696.2299
-691.4703
-698.3788
-691.7353
-677.9869
-686.7218
-718.4001
-736.9242
-739.7621
-742.3235
-746.7990
-749.1395
-762.7063
-765.0098
-732.2358
-712.1989
-734.2241
-760.7791
-755.4058
-758.4977
-760.7347
-757.8562
-755.8961
-754.0655
-754.5452
-746.8788
-725.3032
-710.1674
-724.2363
-731.2923
-739.8245
-744.8975
-744.2352
-741.7947
-728.5066
-719.6599
-733.3224
-740.0507
-738.1151
-739.0372
-744.2975
-756.5612

Coefficient 2:
0.5768
63.9919
84.6033
70.5777
49.6333
52.9256
48.5499
38.5055
37.9572
46.3675
43.8127
34.0881
36.3797
46.2967
48.5886
38.2072
33.2230
33.3147
31.7966
27.9079
35.2200
37.8344
34.3981
28.8011
29.5150
38.0899
72.5461
100.2791
97.8290
71.2358
45.0097
27.9546
29.7674
30.2051
31.2284
37.2754
-46.8764
-45.1718
-30.4898
-1.4367
9.9492
15.5812
21.0491
25.6172
29.9997
46.6601
115.7451
133.5786
134.7794
125.7571
116.8746
115.2697
116.8864
108.8955
98.3011
103.5114
105.7386
114.7782
139.9057
165.9379
172.2182
162.9412
166.2954
170.7168
164.3587
157.0795
135.9686
100.0873
88.7526
97.8429
116.4546
134.7235
144.1153
154.0486
173.9886
165.3456
147.5807
136.0928
135.9250
145.1535
122.1296
64.8447
42.3294
38.1890
62.4810
78.0471
79.4419
82.5408
79.8712
81.0306
88.8609
88.6095
99.5958
98.3654
97.4521
108.0926
119.3428
128.4961
127.2731
124.8727
107.8985
98.1357
96.9592
94.2316
88.2399
68.7791
82.8128
106.6856
115.8032
76.6924
37.7486
10.2257
6.8224
25.4355
64.2052
98.0326
114.1642
119.1259
114.9963
115.2896
124.1083
130.6412
126.7361
117.6160
94.8264
78.7155
77.2022
65.8299
57.2906
52.0775
50.1560
48.0418
46.3447
43.5499
44.7050
44.8297
45.4081
48.8926
45.3937
39.6518
38.9968
37.3604
23.9584
24.6562
43.0719
29.5610
45.0271
78.4576
92.4860
117.8595
125.6249
127.4892
115.2910
103.8529
107.3283
115.0282
129.2135
143.4411
138.8329
132.6550
129.8818
118.4340
110.8271
106.0569
111.3018
121.7319
131.4136
134.0312
135.4343
134.2300
122.8324
98.5258
77.4661
57.5733
36.4793
23.2814
19.9207
17.3570
14.6998
15.5412
14.4953
14.4462
17.3937
17.4917
16.0038
16.2084
17.6528
21.4589
21.3242
19.9334
18.8342
22.4263
19.2792
20.6376
22.2665
19.7438
18.4724
23.1069
24.1713
20.5816
17.4788
24.5228
36.0337
34.7805
29.6139
24.2277
20.4881
20.4603
18.6223
21.7389
25.8521
24.3659
27.9803
23.4244
16.6366
16.8389
21.7614
28.6267
30.7624
27.7255
25.1449
-8.3425
-28.7426
-41.6186
-26.7948
56.2718
96.9665
122.0399
143.5233
165.4806
181.8819
186.7375
174.6213
173.2106
169.5276
173.3581
179.3792
173.3098
161.3482
163.6888
163.9041
146.9113
140.3664
137.3390
129.3983
103.1559
66.4513
31.6992
-1.8348
61.8455
119.3730
138.4242
146.8651
166.2830
177.1800
155.1266
109.8962
77.7823
63.2770
80.6166
116.8191
142.6445
148.4874
142.6487
130.0546
113.2601
82.1374
53.3923
41.7797
38.5697
39.2771
44.4916
49.3969
41.6396
30.5791
33.5103
49.3161
56.7052
47.9196
39.6116
16.8404
-11.9119
-0.7071
49.6420
49.6346
44.5522
43.2340
39.9681
39.1248
39.8315
35.4553
40.5970
36.1277
33.5654
30.6700
30.1844
30.7620
33.3826
28.7442
26.5393
31.7527
34.1256
39.6164
35.4214
14.6947
8.7033
12.2724
19.8793
27.0494
27.2603
34.0564
30.9784
24.5485
29.0347
41.2389
42.2077
41.3900
102.3368
139.1407
142.1346
134.5895
129.6396
125.7481
122.3547
120.9920
119.7030
124.8229
138.3103
148.5049
149.8781
153.3611
153.8869
148.9738
142.0599
138.7219
136.4737
143.3746
147.1365
146.6249
148.2783
150.3904
149.9102
150.4576
128.5571
109.6786
95.2895
80.9571
66.0865
53.5246
50.1017
42.3862
30.8407
25.2437
26.6960
26.4773
26.1928
30.6491
43.9390
53.2016
53.6943
47.5520
36.0916
29.6599
28.0809
28.9520
27.0483
28.5268
18.5204
-33.8635
-18.7922
44.1029
91.8099
107.3581
77.5639
36.3115
16.6574
46.9611
115.3817
143.8924
153.6748
154.1446
149.0815
143.9296
146.7975
152.1765
145.8067
135.0970
126.2874
153.4169
161.5267
151.1241
144.8845
137.7381
130.8911
133.4771
139.7914
141.5607
131.9055
107.7998
96.6369
99.6507
102.6451
104.9404
100.3113
76.9400
58.0962
62.7442
73.7918
60.4420
45.2966
34.1508
33.9253
28.7061
25.8629
33.4218
34.2372
31.1714
31.4242
20.2063
11.9862
17.9410
24.3852
27.5224
26.5088
16.9079
14.7248
21.9849
34.3293
33.4227
34.4475
33.1959
20.6557
20.4703
29.5948
40.8553
40.6695
43.2235
46.6849
36.4240
32.9217
27.4379
22.8703
20.4848
25.3052
32.4070
33.3131
41.1527
50.8663
46.2451
39.3323
37.3580
41.2661
46.3994
46.0979
48.6916
45.5985
55.5441
61.8317
81.1763
121.8184
151.5298
159.4009
156.2886
151.5202
147.4662
145.4431
145.5069
141.1176
138.6237
140.9587
140.8713
141.3201
140.9084
135.0401
122.0619
109.9817
73.0794
38.6628
25.9912
30.0308
42.5686
41.3382
50.0432
50.5280
40.3572
33.1600
25.6787
28.2495
43.2415
46.9688
40.4993
32.3365
30.3174
31.9496
30.4867
35.9774
64.6527
89.2222
93.9260
83.5079
64.0540
50.3850
51.6735
43.8149
8.1497
5.1584
25.9806
33.4178
32.8682
36.9324
31.7662
22.4455
29.9055
29.9839
24.6797
32.5079
52.8017
61.8754
71.0686
72.8810
72.8067
77.6707
69.7897
50.5752
42.2471
33.1891
30.2347
29.5244
27.8252
35.6257
20.1961
-22.4782
-28.2466
18.0024
66.9117
95.6374
110.2985
98.2697
49.9395
10.3746
11.3602
80.7853
137.5029
162.3190
175.9764
182.4866
171.0714
142.8164
112.0735
78.9667
25.3222
10.7726
57.4696
87.6640
102.2790
104.7592
102.7801
101.3967
104.3603
105.7515
107.6892
118.3844
127.6134
117.0846
107.9113
105.3688
100.9094
99.9576
103.1272
108.9370
103.1096
98.8556
99.3848
95.9972
97.5144
123.8420
140.1955
134.4298
109.9348
127.3625
151.6935
159.4119
158.3978
155.5791
151.1515
144.1090
128.2921
112.9918
98.9417
89.8558
87.4556
77.9380
65.2045
51.3598
39.5107
44.0940
114.1732
162.8169
187.6473
187.1011
179.7493
177.5226
156.3401
100.7290
55.8652
20.4071
9.9705
101.5710
146.0996
157.8629
155.9636
146.1301
146.3225
144.7077
140.2832
136.5051
131.7153
120.9315
81.3024
44.0887
34.5293
34.3249
30.2719
28.8199
20.6390
20.6462
17.5106
14.8044
17.2222
21.9014
26.2865
32.3434
34.0779
26.1680
19.6607
17.4414
15.9813
15.7640
19.0865
17.7654
11.7310
11.2469
27.0413
49.3313
45.1852
35.3611
28.5367
27.0390
32.9991
30.4709
25.8098
29.7315
29.3958
29.8313
36.6817
37.5866
45.0806
44.3875
31.9940
20.6237
15.4513
20.5471
28.3306
27.3721
29.4565
44.4121
52.4555
44.9788
42.0676
41.5425
34.6791
42.1973
43.6207
43.6116
40.9177
33.3812
28.4362
25.2614
28.2595
47.3832
62.3939
64.2292
63.0543
63.4840
57.8784
91.2656
147.2487
162.6075
162.0492
164.0344
159.6581
160.0178
158.9013
152.4906
141.4007
124.5053
107.4071
90.8752
74.1655
50.2853
44.4459
51.4631
57.0202
62.2707
59.3715
55.8695
60.0704
66.5035
67.8973
59.3015
47.7907
39.5937
69.3411
109.8770
127.7036
140.4410
158.8914
169.0436
158.9781
139.8393
133.6147
130.8590
139.7456
162.2291
171.4357
156.1027
122.3481
135.3839
171.7322
175.1035
163.5978
151.0537
142.5794
136.3427
134.0417
126.9639
115.4819
103.8185
93.8283
90.9371
84.2644
61.8827
52.6272
43.1908
31.3323
26.9237
34.2595
38.8764
36.5811
36.2974
36.7764
33.2273
29.5229
10.9341
10.9704
53.4251
75.8265
81.5333
82.3086
88.4307
89.7512
92.9954
104.3093
111.2416
123.7847
128.4817
108.7414
71.6354
46.1178
43.4099
45.8002
39.1323
26.1252
32.2591
37.7473
42.7549
43.1206
39.1258
28.7642
35.5324
40.6146
37.8514
27.2143
28.5806
40.4734
38.1540
40.1802
42.5739
33.8062
35.1545
41.2999
40.2041
41.0185
40.4938
35.7483
30.3520
32.1835
46.6097
54.9808
51.2246
43.6548
42.0596
49.0787
50.2177
50.7893
59.8997
54.8811
51.7164
56.3307
48.8870
42.6859
61.1625
65.2275
55.7841
45.0179
25.5477
22.3910
25.3916
33.7796
43.0348
46.7774
40.5516
34.8383
30.8820
92.7150
120.1190
136.0190
138.8842
135.7100
141.9275
160.6096
156.1714
144.4783
126.2616
85.3509
73.6412
71.5938
53.6720
94.1195
131.5541
130.6837
122.5185
121.4749
120.8200
106.0732
119.3846
151.3872
139.6303
133.9596
142.6923
155.7819
150.4724
142.1578
131.2801
115.5007
105.2437
102.8557
104.2666
92.3560
80.0624
79.1709
81.4814
80.5610
104.1393
134.3672
143.1572
136.1063
135.7625
132.9823
130.8838
124.6067
121.0758
114.7986
119.0301
128.9101
132.1449
130.9198
124.4668
129.3001
148.1810
159.5720
156.2336
161.3032
167.1590
159.2801
149.4793
151.3749
151.0305
152.4784
150.5052
134.8718
130.0557
145.3229
155.8801
147.5599
139.6735
115.4545
105.2752
113.4905
120.6556
127.8461
102.8927
41.0662
13.6175
53.7178
99.0375
110.1025
114.3697
101.5400
90.6218
81.7325
74.0105
78.0220
74.6424
66.4593
59.9552
62.1269
67.8132
66.1785
63.6545
69.9687
72.9158
66.0351
59.1080
63.2265
62.0348
62.8853
67.7830
71.4590
73.2034
75.4160
73.4336
71.7405
70.8377
74.0589
71.3283
65.6550
64.7505
51.4629
43.0520
59.7803
76.8500
66.8284
58.3495
62.9338
78.5406
90.9483
94.3928
89.4273
92.8226
95.2102
86.0999
80.8470
88.1736
92.7955
94.2975
95.2619
86.0637
60.9675
51.6947
48.1116
54.5005
67.0617
81.9597
86.0155
82.8499
86.3121
84.5522
86.3473
84.5850
84.6328
85.4900
84.6802
81.5734
70.6051
69.1756
71.9057
70.8527
63.3293
58.1940
56.8137
51.5312
46.1097
45.8055
59.7157
69.5707
67.3499
61.1946
57.6660
42.8946
38.3561
29.4070
29.8156
28.5993
24.8006
35.7786
38.7435
41.1435
45.3076
42.7564
34.5567
40.0881
31.0584
32.9964
39.7252
31.9633
31.0398
28.5235
29.0474
34.0977
36.4134
40.8220
41.4082
45.3442
59.0833
71.3618
72.6615
67.4706
52.2821

Coefficient 3:
0.5759
37.6082
39.2416
45.8751
45.4721
41.3780
38.3965
30.4055
26.3013
31.7730
30.6774
22.5802
24.0176
26.6524
25.0424
15.6115
11.0132
13.2453
18.6901
20.4219
27.4549
31.8247
30.3448
22.3326
19.3790
22.6684
19.9346
10.4210
8.1937
8.3246
10.6297
7.5177
12.2105
15.4345
19.0983
26.0658
57.6628
51.1406
51.3238
45.0263
49.6596
55.7189
66.0197
69.1525
57.1194
47.3928
53.6004
51.0571
58.2149
70.1652
48.1402
11.8370
-4.5227
-11.3274
-23.6228
-42.2066
-43.5953
-37.2442
-32.9641
-38.3687
-32.3998
-12.2844
4.7100
12.8272
13.5580
5.6561
-1.9702
13.9138
28.2631
35.3277
40.0606
18.7806
5.9813
10.9903
13.8714
-10.2845
-24.8862
-21.2950
-13.8662
-6.8879
11.1770
40.0312
46.5793
47.2340
41.1918
33.9593
40.5958
56.9791
71.8300
73.8085
63.2187
45.5250
36.3698
31.1650
24.4682
-0.2665
-6.2477
5.5469
18.7721
25.2355
13.2573
7.6281
-1.6755
-17.5504
-16.2561
-2.2150
15.8255
19.2134
18.7472
34.4611
49.5281
59.6162
56.7080
42.0693
16.3978
8.9882
9.8178
9.1952
7.9384
7.1994
9.9140
18.0730
20.1918
29.4531
38.8307
39.1088
40.3828
37.8516
31.1196
23.0967
17.6968
10.0005
8.9676
4.4578
1.9024
1.2437
2.9018
8.7656
2.8065
-11.3468
-12.3772
5.5649
19.8164
17.6604
22.7385
26.0329
35.8889
50.9493
61.1516
81.3766
86.4374
83.5182
72.6755
63.1335
61.8288
67.6728
71.7392
73.3011
76.2822
79.7789
78.3892
81.5055
76.0500
63.0037
52.7511
48.2055
50.2349
55.2142
56.5687
61.1377
69.3740
78.4586
71.6732
52.0731
32.8622
21.0068
17.2772
16.3161
14.0334
14.7402
13.1946
9.3777
12.8491
14.4635
15.0412
15.1478
16.6239
20.1539
19.7626
18.4384
17.4194
19.1890
13.7829
13.1171
14.1253
14.2498
15.7877
19.3209
20.1725
18.4848
15.7420
20.4477
21.5785
16.5105
13.9378
13.9664
16.1573
15.8006
13.0166
14.3849
18.2598
17.0218
15.9551
13.5429
17.1760
17.6153
17.1222
18.3315
11.9129
5.8239
5.9061
32.7780
58.7290
59.2755
56.6039
82.9977
70.5331
59.2386
51.3375
44.7309
32.0101
18.8415
12.8277
20.3351
31.6400
24.3142
22.6765
35.4440
47.9147
48.4117
37.9902
33.1427
32.5100
38.0366
47.4627
59.0470
56.2875
44.5972
37.1814
67.4302
58.7561
40.4157
32.3434
29.9732
25.2891
29.3680
37.0794
38.6774
39.4302
73.6823
81.4478
73.8650
71.9270
76.1270
77.6297
66.3515
52.8605
43.7568
29.4125
25.6079
33.2199
39.7272
43.0057
37.0537
24.1302
25.0589
34.0025
31.4148
24.9537
21.4456
17.9648
14.7708
15.4339
14.1123
25.9861
27.7556
27.2147
25.3214
23.4852
23.0442
19.1568
23.5021
21.3471
17.6720
17.5223
18.4213
19.1387
24.6332
23.1988
23.7688
25.2014
23.0837
24.7436
20.9430
30.1318
45.2239
46.9309
39.6218
28.0637
21.7235
28.3092
26.2131
20.6118
21.5134
29.7665
30.3001
23.0863
58.1292
59.2076
51.0562
47.1854
50.3186
55.5989
52.3032
55.6650
54.1041
47.9285
46.9394
49.1293
55.0886
54.6156
54.5473
52.0308
47.0922
36.4378
32.5372
33.2388
35.8614
37.6099
43.1000
49.1604
45.6925
49.4188
70.3267
78.8019
71.6152
55.6860
41.2448
31.6420
27.1131
25.0781
20.7544
17.5570
20.1435
23.2561
23.9200
28.4433
36.2777
43.8567
43.7126
35.3731
25.2810
18.7751
17.5404
18.6009
22.1552
22.0476
21.6977
59.7589
98.9601
113.2377
90.3535
86.5088
102.0897
102.4276
84.2809
82.0469
76.5265
66.0240
63.1244
64.6143
67.7909
72.5993
73.9859
73.6555
71.2927
64.7884
61.8642
75.3982
82.9039
79.6757
81.1185
77.8534
76.8334
73.6786
72.2263
72.4779
67.9144
54.8127
78.1539
91.0731
91.9966
92.3487
91.4719
88.2817
84.4955
72.8877
53.3027
40.6771
30.7468
23.6203
24.2320
20.8409
19.0765
25.9662
25.6394
24.7800
25.5407
16.9509
9.0326
5.1903
2.6852
8.4809
8.5259
1.6229
2.5456
13.3584
22.9893
21.5363
21.6699
17.3259
6.7174
9.6918
20.6042
34.2628
32.1736
28.1059
30.5747
24.7258
22.2117
19.3577
17.0463
17.0296
22.4528
25.1962
21.5636
25.8772
31.2503
30.8138
29.8659
28.2731
28.0612
31.1346
32.4132
35.1315
31.5229
27.8416
28.8337
41.4689
48.2608
46.4301
47.7079
46.7017
46.7494
48.9946
51.2347
51.0617
50.6656
52.3951
52.0648
55.3260
61.5806
75.5285
78.7214
76.6890
71.0170
70.4502
68.3078
62.7628
52.2799
43.2745
37.8798
43.1929
42.9001
35.3188
28.4075
23.2231
26.0196
33.3705
27.5726
28.3179
46.9670
50.9953
40.5351
27.8298
24.3154
30.0885
32.9172
26.9939
19.3795
13.6227
17.0208
24.0248
24.1999
24.1129
33.5249
31.7163
25.7772
28.7200
30.8276
27.0697
20.4171
27.2417
27.1181
22.3382
29.5536
45.6834
52.4501
55.2840
55.3461
51.8312
48.0624
36.7772
29.7213
31.8590
27.9329
25.2647
25.2561
23.8766
28.7260
47.2003
44.6345
35.4256
54.7189
67.9267
61.5566
58.9896
72.0502
88.7301
89.5496
84.3066
88.5794
68.5304
53.8556
44.6677
50.9978
65.1867
65.8501
53.8136
39.0831
24.5171
34.9814
100.9681
97.1053
80.6211
67.9831
52.0399
35.9672
17.9085
8.0198
12.9701
34.2955
55.5816
56.0856
43.4988
34.7298
36.7740
41.1911
52.8503
68.0117
71.3981
91.7083
92.9886
80.6725
68.4891
50.3118
39.4438
39.3699
52.1510
84.8630
99.6862
101.5854
99.8491
92.4844
93.0347
84.7977
88.0394
98.2341
100.8784
94.4963
79.9063
68.0664
52.9538
41.9769
33.2672
36.8016
72.8049
80.7359
81.2321
73.5302
69.1637
68.4872
63.6458
54.4441
50.8350
34.0286
22.6568
34.1449
29.6770
22.8908
17.7798
16.8554
15.4880
18.3053
20.9025
28.6040
36.2060
42.4034
39.6460
32.5122
29.1299
26.9799
22.8256
23.1353
18.5681
17.8122
15.1446
13.2191
15.1842
19.3450
22.8640
28.6540
30.1283
23.8738
18.8269
16.4913
14.5315
13.9179
17.2226
16.5034
11.0729
10.4473
22.9661
43.6862
55.3282
49.2056
38.3805
37.9836
35.8622
30.1519
23.8362
24.3543
21.0312
21.4985
32.2022
31.0292
31.4611
34.0951
26.6152
18.7608
14.3472
18.3462
23.7642
24.9465
24.0841
31.9271
34.6750
31.3992
31.9725
31.8083
26.5036
33.2370
35.1646
38.1669
36.0192
26.3425
20.2776
16.4087
9.2305
12.8324
22.0555
23.8855
30.0761
41.9145
45.8647
62.4193
60.4213
47.7973
36.9590
33.9895
35.3463
39.2453
40.4249
46.6196
59.9582
62.4487
64.7165
62.6042
52.1154
39.6333
31.3409
33.0510
40.4813
42.2104
46.1253
45.3673
42.8536
41.5102
40.7886
36.7997
32.2732
29.9001
40.0720
49.3884
58.1358
72.0360
75.7788
70.9402
62.1516
51.3052
43.7430
41.4241
46.5453
50.4330
48.4258
55.4224
63.6664
67.6634
60.4296
55.7634
55.5420
64.1512
68.6817
70.2494
72.7147
76.2175
78.4482
81.0029
75.6623
61.9041
52.5293
47.5431
44.2496
35.2661
25.7254
25.1022
30.7677
33.4976
32.9660
32.3639
32.0414
28.6958
27.9621
42.9334
69.7111
93.9245
89.5026
77.1439
67.4639
71.3747
80.2868
76.3205
70.2777
66.4909
70.0034
68.6506
58.8282
50.6508
39.5531
40.5285
41.2507
35.4187
23.9937
29.3777
34.8239
39.6681
39.4633
35.7598
26.8014
33.2785
38.0513
33.6975
24.1364
26.3463
33.1998
30.9766
33.5848
36.2213
29.8874
31.7979
35.7633
35.8916
35.3016
33.8200
32.5687
27.8027
29.0182
39.7532
46.3194
43.9632
37.5373
36.6873
41.4417
42.6114
44.3747
48.5320
48.9261
53.3381
50.4315
41.0963
35.5289
49.5551
54.4514
52.0926
53.9951
34.7489
23.3226
18.5446
18.8278
24.1865
25.3665
21.0586
24.4005
34.5500
39.1470
36.1932
34.5433
32.0081
32.7250
30.2733
27.2304
35.5968
52.3517
62.7410
40.0482
16.3950
7.6282
11.3137
14.3996
-8.4432
-12.1837
-11.1548
-4.1754
12.3011
21.2316
15.0075
-3.3722
-13.9735
-4.3938
10.6956
8.1019
6.1904
9.9894
16.8035
20.0413
24.8908
21.9058
27.8544
37.3437
30.6756
7.1559
-5.9130
-11.8342
2.2771
3.2848
-3.8115
-2.6546
-7.1093
2.1695
23.4972
41.6360
33.4855
18.0947
14.5237
15.2532
-8.7884
-20.3886
-22.0275
-7.4970
1.0766
3.5647
-0.1743
7.2480
22.9168
26.3772
22.9087
24.6023
33.0373
50.3943
58.9482
56.1982
44.0237
37.7413
43.1376
44.3734
35.1990
38.6300
41.0954
47.5902
48.7841
53.2455
68.7930
70.3636
63.2001
73.9322
69.1785
70.6643
75.3325
83.7790
91.6569
99.6616
100.9787
101.3692
91.3156
77.2693
66.8674
60.4737
60.5105
60.8290
56.7870
59.3076
62.3323
57.8346
51.9900
53.8993
53.3585
51.5862
51.7076
53.2249
56.2399
57.1960
58.4498
57.4724
56.1537
59.5630
57.0602
52.0395
49.2003
51.3012
64.5529
70.0763
69.7438
78.7002
90.7457
83.0028
66.4132
66.2060
69.8946
68.9978
64.3184
50.2433
41.3088
34.7301
38.5133
44.6572
55.2295
65.5557
68.7371
67.6764
60.7748
60.0075
70.4769
72.8579
68.9863
62.8469
67.4089
72.4177
67.0045
61.5168
56.9814
63.1398
67.5115
61.9624
65.9844
67.7942
69.6368
74.7940
76.4782
70.6981
68.4370
63.2326
65.3110
67.9169
63.3201
55.5978
52.2956
51.2942
47.0091
43.8458
36.5611
33.6932
44.3037
47.8290
42.3697
35.8628
37.4122
35.4840
31.5946
33.9928
36.3786
36.9680
29.8829
29.2924
41.9329
47.4111
43.5005
43.0815
42.1077
45.5890
52.6908
52.0658
49.2980
52.1262
52.1465
53.4219
53.2595
56.8038
55.9777
45.2285

Coefficient 4:
0.5744
23.6461
17.7424
17.6462
20.5423
26.2007
26.2569
22.0041
18.5385
24.1397
25.4910
19.2261
21.0851
24.2046
22.3720
16.5848
12.1437
11.6465
15.9865
15.3628
19.6941
24.4013
25.0800
18.0057
14.0605
15.0214
-16.1086
-50.5774
-51.6871
-30.6097
-9.1731
0.0794
7.2130
11.1707
13.1243
17.7487
-9.2185
-15.5076
-15.9123
-8.8143
-2.2858
3.8776
14.3319
21.3000
19.1469
12.7327
-28.4812
-38.1779
-33.5023
-28.4109
-23.4941
-23.2881
-19.5176
-10.3038
1.2660
-4.2775
-18.1207
-26.0977
-23.1104
-11.7199
-11.8560
-11.4463
-14.0139
-11.6556
-7.6200
0.2982
19.5504
42.5225
51.3612
60.9598
68.2082
62.4081
41.9660
35.0646
11.8883
-20.4742
-36.7276
-43.2442
-36.3631
-19.0279
3.4995
17.1359
22.0945
29.0040
34.6611
37.9146
49.9386
66.3554
79.3889
84.2415
82.3097
75.2760
68.4353
55.0649
44.6577
30.8865
26.4038
21.9905
19.1822
8.7765
9.6463
16.6705
27.5197
39.0162
35.4844
28.7522
32.4539
40.0303
51.3110
41.7642
31.5847
30.5096
29.3972
28.7095
32.6003
26.3875
21.0475
17.9727
5.4376
4.0870
12.0247
19.1415
24.1831
13.4395
9.5942
22.6952
29.8008
31.4922
32.2654
40.2187
45.8505
58.9651
75.0393
79.7547
75.9672
76.4282
77.6715
77.3817
80.7206
79.6212
79.5416
85.9151
84.9954
72.2185
46.6655
21.8271
29.1823
43.7558
47.9025
49.5758
43.3279
32.5047
20.8043
17.7882
17.5541
11.4753
7.8893
19.5081
25.7620
33.2220
33.7173
14.8623
-6.5885
-30.4658
-42.4048
-48.4025
-47.1369
-39.4892
-28.3177
-16.5248
-6.7011
9.5759
30.4837
37.1808
27.7544
18.2213
14.9406
14.8400
12.9704
13.4634
12.3307
7.8324
10.4145
12.3194
13.7441
13.4987
15.0091
18.1173
17.3459
16.1589
15.2648
14.0635
10.0054
9.9434
10.5891
11.4100
13.1856
15.9448
16.5434
16.0713
13.5692
16.1733
9.6954
2.3662
1.9684
5.8977
11.6569
11.0379
8.0075
8.4923
12.0779
10.8749
5.9985
-0.4004
-4.6412
1.8660
13.1010
14.1661
6.4662
1.3797
-0.1341
-9.2466
-16.1943
-16.8811
-3.6342
37.7614
49.8616
42.8073
21.2955
-8.4896
-40.6354
-48.2193
-37.9086
-23.2584
-2.8769
10.7536
12.9041
14.2235
18.8784
7.6107
-6.2727
-13.0530
-17.2253
-22.9923
-19.9410
-11.3704
2.5364
4.4578
-13.2907
-2.8671
-19.7937
-22.8299
-19.9552
-20.0825
-17.0862
-4.6459
7.1057
18.2829
23.4550
32.1659
26.6584
16.1308
10.6330
9.3473
14.5555
26.1593
37.8425
35.9682
34.2849
33.6325
32.1921
34.4063
36.5188
31.5591
20.3074
20.5464
30.7107
31.9565
27.7942
23.2374
22.1842
22.3847
22.0343
18.3549
14.6539
13.4976
12.5455
12.2208
9.7301
7.8479
3.7254
6.9652
13.1229
13.5084
11.1964
10.8500
13.2352
17.9704
18.2669
19.5989
19.5679
17.1489
17.1005
13.1573
-7.3393
-6.5957
3.8115
12.7990
17.5791
17.0642
20.5467
19.4417
16.4181
17.9348
23.6771
24.1812
17.5374
30.4963
37.7167
31.7707
26.2918
25.9486
23.9060
24.8653
30.2385
36.3563
38.0207
33.8524
35.7481
33.8963
27.9367
26.2867
24.9454
12.0798
-4.4966
-21.1072
-25.5302
-25.1988
-29.2340
-30.5800
-27.5497
-24.7176
-17.6788
-9.7359
0.4136
19.7472
36.7384
38.6588
32.2951
27.6924
25.8561
22.3745
16.7137
16.9966
19.1975
20.6910
25.4596
32.5082
38.4060
36.6598
28.1330
20.2184
15.3394
14.3601
13.7197
12.1112
9.5848
-3.7995
-29.6915
-15.1913
26.4830
44.0220
39.5058
19.2990
1.2112
-5.2707
-2.6342
-24.4127
-30.1917
-34.5980
-38.9846
-39.8856
-32.9173
-28.1983
-16.9146
6.5831
19.0600
17.0608
-11.8862
-29.7391
-38.0254
-41.4566
-43.7952
-46.9962
-51.5285
-49.1495
-35.9249
-12.7765
12.1104
31.7566
28.5104
28.0972
27.6977
25.8304
28.8788
39.2106
51.9701
48.0273
35.4218
27.6111
23.2413
23.9388
20.6071
19.7672
25.2308
25.2698
24.2589
23.1011
6.3947
-1.2983
5.1155
15.4883
20.5305
19.7303
14.2222
12.5271
16.8532
22.3904
20.7105
23.2998
20.6781
13.0853
14.2448
21.5238
30.2536
27.1451
18.5124
19.7868
18.0288
18.8282
18.6687
17.0002
15.1729
19.0121
18.3953
12.4173
14.3026
15.5711
17.2428
20.5167
19.1086
17.8528
19.8921
21.4339
25.3599
24.0186
21.0396
21.5145
24.2478
1.6956
-24.9534
-30.7352
-33.0911
-29.8772
-24.6013
-26.8713
-24.9943
-20.7521
-20.0522
-22.2741
-18.8265
-12.9423
-9.7524
-14.4341
-14.0927
-6.9497
-5.1536
-2.6896
11.8852
20.2624
26.0331
31.4217
36.7127
36.5895
29.7595
23.1554
20.3683
23.0189
30.3158
31.3424
25.0122
16.7923
13.8430
12.0069
12.8453
8.4067
3.5291
-3.2108
-11.5367
-15.9900
-14.6715
-4.3813
2.0734
6.3133
5.8743
11.4630
17.5189
18.4302
22.8215
22.9270
20.3431
17.3211
23.2335
22.7902
18.7921
25.1181
36.5516
40.7434
36.0990
10.6751
5.4972
1.5534
3.1172
12.6371
19.9961
21.6237
19.8648
19.9390
19.4733
26.0446
26.1327
37.8080
44.6975
47.1187
50.5792
49.2625
41.2360
32.3580
25.1293
15.4695
10.9437
4.7865
-21.6360
-45.8079
-60.0874
-56.2481
-50.4979
-29.0859
-7.0427
11.2529
18.0383
29.3418
48.0905
45.2317
37.2524
29.6074
25.4252
22.0960
20.1828
27.9164
33.1404
32.0345
35.9313
47.6393
40.4051
28.8999
21.4926
22.7271
25.2604
29.3384
30.6659
27.5882
20.3955
15.9970
17.4372
4.1262
-2.8601
10.1059
25.0696
39.1575
39.6666
31.5440
16.0076
-4.5348
-13.7002
-20.6602
-25.7110
-23.8017
-7.5476
19.2886
39.0717
40.0650
35.1066
29.0665
24.5032
26.5349
28.2757
5.2548
-13.2047
-20.9605
-18.3316
-12.5823
-1.3914
15.5407
7.9206
-2.8307
-3.9684
-25.0159
-50.1039
-62.1203
-69.1703
-70.0863
-70.3815
-64.7884
-63.4061
-55.7545
-39.6297
-15.8522
8.7544
20.0208
22.4814
18.5526
14.7270
17.4977
16.1399
14.3922
12.1249
11.0535
12.3900
15.5510
18.4617
23.0645
24.2089
20.3999
17.5073
15.0115
13.0942
12.2754
14.6283
14.6447
10.1021
9.2281
18.1563
13.3788
5.7339
7.0398
13.9186
19.9752
21.6734
19.4460
17.4550
18.2646
13.0269
8.7154
10.7392
12.0104
24.6072
32.0669
27.1292
18.4022
13.6058
15.9167
18.7384
22.4691
26.2256
31.4542
32.1071
29.1449
27.1127
25.1975
20.2891
25.1508
28.0290
33.5010
32.7064
23.9016
19.0320
15.4659
2.4337
-6.3924
-0.8216
5.0373
15.6152
30.3052
35.9537
30.4430
1.8986
-8.6014
-16.4294
-14.2103
-7.1145
-3.1217
-0.8985
4.1315
10.5406
24.8548
37.3905
38.6223
34.4875
28.6445
23.4264
21.1933
28.5293
30.8715
33.3647
31.8518
24.0817
14.4025
11.0380
11.6760
18.4301
21.4519
19.6136
9.9340
13.6567
22.9494
13.7349
5.6852
2.0741
6.4661
8.3735
12.4549
12.6855
7.8696
7.1398
15.8015
25.7150
20.1238
4.1704
2.2147
3.3378
9.4622
16.2728
15.8328
11.2524
4.5062
-1.1389
0.5219
8.0008
21.8878
30.2780
35.1243
34.4877
28.1313
21.7411
22.4669
26.4564
27.3138
27.6022
26.4831
25.2535
22.6342
21.5875
17.8897
32.4714
28.5536
16.8081
17.6857
17.7351
22.6291
30.2338
21.5371
5.8671
0.8301
0.8699
4.9365
19.0845
29.2537
31.1818
36.1712
35.7214
30.7868
20.7083
25.7136
31.5586
34.9243
33.9597
30.9272
23.7513
26.5623
27.4728
24.8474
19.6985
22.9509
23.9966
21.7401
25.1266
28.1308
24.9854
27.2941
29.9159
33.2711
32.9601
31.0430
29.7176
24.2004
24.4361
32.2616
35.2883
33.9121
31.6108
33.4132
36.8604
37.6662
38.8845
37.2516
34.8237
36.4838
38.8990
31.5253
28.9087
39.2962
40.6460
40.8221
33.7236
9.9667
4.7870
3.0316
3.6175
9.7194
11.0253
9.0366
5.0132
3.2756
-1.8115
-23.0154
-24.3984
-19.6673
-14.6555
-6.8538
1.8225
10.0844
15.2747
13.9078
-7.7596
-8.8005
-10.8814
-19.5338
-34.0085
-57.9419
-60.4160
-60.1518
-51.3130
-45.3918
-29.9366
-19.5729
-35.1149
-38.3831
-41.3589
-29.6801
-14.0852
-13.5653
-11.9153
-1.1066
13.8012
21.5923
12.5710
11.8039
20.9514
11.6346
-44.1908
-53.8451
-33.7253
-24.7427
-44.4010
-52.0292
-57.9174
-54.4048
-36.1571
-28.3482
-29.1024
-26.3059
-26.6036
-31.0688
-33.6072
-40.8479
-38.3572
-31.3566
-19.4213
0.3127
-1.3034
-19.8042
-33.1048
-37.5295
-47.0930
-48.3251
-40.3938
-27.4861
-9.1599
2.3585
5.9131
-4.0134
-15.4652
-10.1756
-8.2007
-14.8134
-7.8587
-2.2004
1.5529
10.5140
20.5638
23.6365
38.9520
49.8793
55.5444
42.4070
29.2836
27.3088
31.4208
42.7913
48.6150
45.3680
40.4011
38.2820
36.8408
33.5227
34.3577
41.2497
45.0589
46.2233
45.8023
48.8004
46.9883
43.4779
42.2842
42.4843
38.3614
34.5029
35.8776
40.1250
41.7731
42.7539
41.8530
40.0825
41.8506
39.3709
35.8646
32.4288
26.6814
25.6422
24.3546
25.8828
20.2744
21.6875
30.0174
40.1774
44.7127
47.4192
49.4681
47.4521
33.8462
28.9677
28.1050
30.6987
34.3451
35.9809
40.1354
36.8979
44.4274
46.0203
43.8165
38.2722
34.2951
41.3600
47.2987
52.0331
56.9285
55.9055
46.4498
38.2371
41.8019
43.1295
40.9177
45.6484
45.9018
42.3342
33.4919
25.1760
26.1341
31.2907
26.8031
20.3743
24.8096
26.8845
32.5505
38.5842
37.9913
36.9287
35.3172
31.4685
29.8509
18.6173
13.5733
15.1168
18.6679
19.0544
20.4325
22.6330
27.8684
28.9329
25.4325
24.3366
13.8643
9.7376
9.3579
11.7867
9.9337
12.1642
14.4433
19.2107
19.3207
16.4369
19.9081
20.8572
29.0638
36.5161
40.8789
42.4060
35.1163

Coefficient 5:
0.5723
21.1700
26.4159
22.5130
18.1781
19.3851
16.2346
14.7720
14.0670
20.7833
24.5241
20.6207
23.3476
30.2348
30.6783
28.8651
24.3608
20.6112
19.1772
12.6698
13.8791
17.5725
19.7282
16.9055
15.1949
17.5587
-15.3806
-45.9596
-45.4246
-23.1075
-3.2972
9.3842
16.5600
18.6975
15.1621
14.8302
49.4159
37.4007
24.2555
-0.2126
-1.0024
1.5224
-5.7488
-10.0521
-11.6067
-9.3466
2.3582
6.1194
-0.0860
-0.5534
29.1329
46.0055
53.6521
51.9987
42.6727
40.9790
40.2657
30.9524
22.9852
11.1409
6.1158
11.9618
17.5205
16.1013
19.0100
45.5285
74.3511
80.9027
67.6392
58.2924
46.9798
57.9404
66.5813
58.7068
51.1526
66.0586
66.3091
62.6989
58.0638
45.4490
18.5918
9.6612
8.8934
3.7150
10.1054
17.3820
20.9752
22.7635
32.5977
34.3893
28.3752
22.5779
30.1333
31.6401
34.2264
20.5849
6.1233
-0.9358
-6.9945
7.9027
38.9973
45.1167
31.0843
18.4033
24.6957
23.2377
20.7283
29.4809
30.7584
34.8849
47.4114
56.1158
51.4517
44.0606
28.3665
15.8275
22.9507
22.6171
17.4811
14.6187
6.6949
2.4210
-1.1837
-0.1784
3.1789
18.8649
29.8766
30.9648
31.9822
42.1571
45.8734
44.9895
45.4070
41.6767
37.7843
40.8435
36.8614
40.9151
45.1107
49.9738
51.4388
49.2169
50.4591
47.3393
35.5682
17.7191
18.1755
21.9368
22.4362
26.9799
32.5658
33.1360
38.9582
47.4081
44.4600
35.8397
17.3615
4.4815
5.5908
9.5221
20.9768
49.3063
59.0480
60.8970
58.5546
54.9778
48.5589
38.0439
27.4339
22.1256
16.2383
17.3279
29.5723
32.2280
21.9174
15.3272
13.3958
13.0744
11.5775
11.7932
11.4822
9.6835
11.1427
12.0043
12.1011
11.4209
12.9451
15.5368
14.3246
13.3573
13.0826
15.9830
13.4101
12.6143
13.3788
12.3231
11.5177
14.2903
14.6636
13.8974
11.5008
13.3695
7.7323
1.9995
2.0115
5.3714
8.8898
8.2232
6.3435
7.8596
11.1572
9.6941
4.4531
2.2079
7.7473
10.1653
11.9903
16.6895
13.9820
12.3434
12.5907
12.7814
22.1558
34.8907
40.9775
47.7156
61.9752
59.9232
32.4032
11.3828
14.7596
25.8639
33.7829
35.3804
37.0133
51.1666
52.8005
46.3396
41.4018
43.6007
49.3593
53.1399
52.5996
45.8101
42.6635
33.2650
26.3959
37.9420
45.1968
50.0613
56.8369
56.5218
48.4340
43.9097
36.3581
26.7375
18.2822
19.7901
20.9429
30.4806
42.7447
46.9490
43.5405
37.0498
34.3488
35.3217
34.6412
29.1563
33.7353
35.1454
30.1940
28.8479
30.3738
25.7933
20.0259
20.9502
31.7738
39.9695
37.8897
29.4370
13.3732
7.6652
7.7224
14.2160
10.5830
7.4922
7.4386
7.8936
5.6967
2.8615
-2.0484
-0.8628
4.9419
8.3951
7.4950
8.3235
13.1284
16.4786
15.7252
14.6055
16.2580
18.9765
20.3526
19.4751
25.2094
31.3399
31.6085
28.1083
22.6994
14.3432
12.5567
12.0609
12.3572
16.9318
21.5218
21.8853
21.3741
15.5544
13.4422
18.7085
20.9480
23.6740
25.2781
32.0701
35.6083
34.9288
28.5756
19.8221
12.1231
13.4198
17.0900
20.0299
28.5291
49.0711
59.0238
57.0236
53.6702
47.5369
41.3936
36.5749
35.5745
31.8078
28.3628
37.6098
39.8720
43.0816
46.6045
45.9086
41.0266
39.1250
34.7037
27.8544
18.3276
15.4439
15.1637
17.0200
22.0344
31.3105
35.2821
33.3027
27.6329
21.8415
19.7408
19.2031
16.6760
20.2563
20.2427
19.9907
28.8571
35.6312
41.5665
38.2681
41.4441
53.9644
65.7612
71.5482
76.6296
63.8593
52.6817
35.2135
15.9530
0.6575
0.4951
4.0886
3.4546
7.7094
17.2084
23.4344
3.8515
-2.3107
-2.3469
0.5488
8.0423
12.9516
20.4382
26.2940
24.3913
21.1979
18.6137
47.0386
66.0931
67.6053
65.2730
66.3640
64.7263
60.7960
53.2066
39.7535
34.6519
27.5804
25.1634
26.2881
22.6139
22.1065
25.7292
26.5053
24.4633
20.9958
38.5660
51.3930
47.9114
34.9463
31.9760
29.7699
25.5353
21.5579
19.6711
22.1532
21.6174
27.4358
27.4618
23.4468
22.2180
24.3404
26.5352
23.4468
13.8164
14.0609
14.8805
18.3953
19.4039
17.6728
13.6692
15.8873
15.1663
11.5287
13.5789
12.8244
12.2706
15.0789
13.7853
14.4717
16.5037
16.7090
22.0550
24.3073
34.0159
38.3058
32.8174
19.3806
19.9467
19.2612
20.8944
26.0731
25.9700
20.5583
19.5808
22.5513
22.5020
21.7685
23.8727
22.8121
20.6667
18.9049
16.4201
12.8962
20.0701
31.6112
41.1289
37.6022
32.7309
27.2041
31.3993
32.2761
24.5437
18.5716
17.4086
19.7164
25.7783
29.4826
22.1129
27.4582
30.1702
21.6271
10.6312
-0.5327
-3.0675
-5.0732
-8.3345
-10.6387
-10.8169
-3.8826
-2.7615
-0.5132
18.4070
32.1284
23.0543
12.9899
16.3486
15.0128
12.9336
13.5334
18.4343
17.5831
14.5004
19.7900
27.6936
29.9006
18.9761
4.9120
3.6637
3.3829
0.9432
5.6445
11.0821
15.9427
15.6432
14.9973
15.8680
21.3255
37.4182
40.0990
43.4268
51.3224
55.8706
58.0294
56.4994
49.8335
49.1100
47.0827
48.0443
50.9606
45.3303
36.1723
26.1408
24.8816
21.6160
16.1201
3.5147
19.0998
49.0118
61.1945
60.9237
50.1538
39.4633
35.8883
39.1862
46.7336
52.9156
43.9366
35.9647
29.9858
27.6650
38.0684
41.2978
48.4664
58.1890
58.6661
46.6267
28.3870
22.7784
65.4640
89.6282
93.8278
92.7664
78.5597
61.3308
35.1651
17.7265
4.9294
-3.0882
-4.4079
-3.2830
2.8467
9.5133
19.1352
30.6343
35.6064
38.9696
36.9340
22.2832
21.0893
17.5783
15.7518
15.1735
15.5511
0.1170
-16.1458
-22.2349
-18.8066
-12.7604
-10.5227
-7.6953
1.4361
26.1756
55.7745
63.0637
33.7150
31.9909
37.6064
42.0095
43.4475
38.5772
35.0358
29.0535
20.1476
6.3722
1.4669
2.3494
11.4950
16.6768
12.4228
9.7052
13.7479
13.9080
11.5566
9.2842
8.7678
9.4390
11.1143
13.3201
16.3176
17.1799
16.2013
15.7984
13.1438
11.9022
11.1577
11.8361
12.4799
8.9569
7.7382
12.6684
7.9561
9.5400
11.9133
17.2839
25.5446
27.9565
23.7463
17.5373
13.9553
9.1326
9.0645
24.2632
23.8937
26.2063
29.3193
24.9932
16.9474
11.1613
11.7039
12.0512
15.5356
23.7675
30.0959
31.5174
27.4041
22.6392
18.4250
16.1136
20.4570
23.6052
28.6001
28.1418
21.4113
19.1276
18.5290
7.9063
-6.0470
-2.9527
6.6134
11.4282
12.9856
13.4435
5.5156
-1.0852
2.9721
9.0559
16.7921
23.9617
25.9808
23.8421
21.1906
19.7856
20.0009
19.3424
22.7918
22.9505
20.5600
24.2452
26.1944
33.4874
36.9138
31.3535
21.4417
8.7246
-3.8748
-7.1188
-3.4381
9.3772
16.7885
15.1498
8.6589
7.8055
9.3851
3.4711
8.5460
16.4123
18.8621
18.8219
17.4110
16.3379
13.8260
16.0134
14.5567
12.4161
14.6226
19.6232
26.3406
23.3725
21.4781
25.8799
30.6878
31.7875
31.9287
33.5648
41.0785
42.7827
37.5946
30.4754
27.3772
25.3612
22.1744
18.7886
19.1198
22.3126
22.0738
21.2122
19.5095
17.6744
15.9760
18.1278
24.4579
25.2609
4.6390
-7.3248
-8.6022
-0.7804
6.2933
9.4744
8.8734
1.9964
1.2277
6.0791
6.1038
8.6324
15.8429
23.1880
30.8677
30.7108
26.3003
16.6277
21.5208
27.5522
29.0469
27.3627
25.3481
19.8977
21.5857
21.7378
17.3880
14.7278
18.8145
15.6787
13.1180
17.1290
20.4364
20.0143
22.0084
20.6049
23.2648
24.4419
25.4520
24.5692
19.2692
19.1295
24.9626
24.3476
23.1458
20.2170
22.7445
26.9718
27.5122
27.9408
21.0799
22.4179
25.6746
24.8453
19.5493
17.0154
21.4152
24.2790
29.0885
37.6969
49.1503
42.6390
38.2103
36.1240
32.9366
32.6324
32.7381
32.5762
28.8484
30.4241
20.4839
13.0898
9.6816
9.4508
7.7141
3.5038
1.2293
3.1444
-2.1407
51.0605
74.2242
73.5293
71.7111
61.8405
53.9942
44.8998
39.0820
41.0331
43.3279
47.5996
38.0494
39.8546
38.1555
33.5800
32.2496
24.0595
34.5243
36.4772
29.3430
22.9832
23.7252
23.6565
28.4855
28.8227
30.5494
37.6368
44.3506
58.8786
63.5461
44.5245
27.1638
28.1274
35.1675
38.4945
38.6431
39.3424
60.5993
64.5601
50.8180
39.1231
46.1442
50.0846
54.4582
56.3568
53.7927
61.1901
69.1733
52.3874
42.7518
45.5883
54.1415
57.9354
55.5294
51.6709
63.9809
79.8955
82.6643
73.9197
54.8117
63.1962
93.2908
95.1626
82.9220
74.6114
68.6246
65.1589
67.8604
71.3268
74.3639
62.7675
53.5171
63.3409
67.5419
69.9219
71.7709
67.8671
60.6936
57.3689
55.6601
48.0222
41.7888
40.4344
38.8332
36.4844
36.2525
32.4238
34.2529
35.3182
34.6470
31.3996
32.0213
27.2665
22.9986
26.7192
31.1125
33.2500
31.0703
29.0043
26.6747
25.3927
23.9817
22.9776
20.5964
27.7691
42.9207
41.7441
41.1034
40.6278
36.5191
34.3785
33.9765
31.3809
33.1289
35.3784
35.6747
36.6493
32.5608
32.5039
33.8583
29.8197
24.6420
22.6486
26.8457
27.9925
28.2757
35.7400
50.1929
52.8493
43.7524
39.9829
40.5485
40.7946
41.2398
35.5179
31.6447
36.0016
39.5415
44.0577
49.7883
51.2937
55.2594
45.5795
40.3054
41.2298
40.1872
41.1272
33.6268
28.5600
29.9308
32.5356
32.2497
30.2007
30.2561
29.7064
27.0199
26.0989
47.3168
51.4617
34.9287
20.4314
17.9459
17.2824
17.8042
22.3530
29.6128
32.8466
31.0495
46.1792
54.4539
50.9477
49.0129
46.2522
45.9503
46.6846
48.9780
51.0717
43.8999
39.9605
34.2500
28.7592
27.5582
28.6661
29.3212
23.8800

Coefficient 6:
0.5697
17.4756
18.3928
16.2177
12.9426
14.5420
10.1475
7.8997
6.6364
11.3109
16.2529
15.5382
17.9758
21.5362
22.4611
21.8928
17.1556
15.8111
14.5373
9.3193
9.6991
12.4048
14.8432
15.1314
15.3016
18.3437
4.2566
-4.5695
-2.9869
5.4487
10.7639
17.7361
22.4486
22.8057
15.7711
12.3682
-2.0905
-3.3507
2.7674
19.3045
17.1477
17.5800
13.2665
5.8201
5.2936
9.3101
7.2125
-12.8063
-15.1174
-0.5707
2.9103
-33.0435
-53.5024
-57.4109
-54.5303
-51.8535
-46.0493
-38.9350
-27.1980
-14.4781
-12.4224
-4.4538
-2.2222
-7.3421
-7.9528
-15.0859
-42.8766
-60.7257
-68.3511
-61.9480
-42.1082
-23.9760
-17.4203
-10.0535
-6.8282
-34.0662
-38.7733
-40.3918
-42.8938
-41.9948
-25.2087
-12.9589
-13.6892
-22.6267
-32.3147
-41.9272
-56.5717
-58.2572
-50.7689
-49.7831
-39.1003
-13.0409
-41.8017
-57.8556
-56.8164
-30.7109
-13.7654
-1.9217
4.0254
1.5083
-17.4939
-33.2967
-20.0668
3.6635
12.1614
8.1943
1.6692
1.7135
1.5527
7.9009
7.4718
11.1894
17.5374
13.9651
8.7012
-3.2034
-13.0239
-16.5871
-9.0351
2.6878
0.0929
1.2651
7.5310
9.2504
7.5719
14.1928
23.0005
23.3561
24.8495
29.9189
32.7406
32.5390
36.1094
38.5165
34.4505
29.1953
24.2500
26.0323
28.4834
29.3276
29.0808
28.7334
21.5179
15.3264
13.2570
13.8351
3.8006
-17.8160
-25.0883
-56.5824
-80.8679
-87.6767
-82.3329
-75.6266
-68.3045
-48.4436
-21.8906
-2.0808
2.9157
1.6385
0.0702
-16.3721
-10.2829
-2.4846
2.6018
11.3875
23.1495
28.1761
26.8072
27.6789
30.3337
31.2706
33.0136
25.2140
15.7880
12.1107
11.5026
11.0435
9.9392
9.8349
9.7733
10.6415
12.1821
12.0918
10.0475
9.1053
10.5979
12.6398
10.9968
10.3148
10.6646
14.7614
14.6726
14.6833
15.6701
12.7316
10.2558
13.4228
13.5958
11.7776
9.6688
11.9800
13.9982
12.7331
11.5424
10.8702
7.9892
7.4017
7.6246
11.4397
14.4286
12.7109
10.2317
6.8911
4.8541
6.9754
13.3201
18.7232
18.8147
17.8743
16.6259
27.9735
29.1841
17.2747
11.0745
-13.0248
-27.1071
-12.1097
-0.9770
6.1034
17.5258
12.9546
7.1855
9.9888
18.0453
10.9189
6.1676
14.1299
22.7754
14.5820
1.6189
-6.6314
-10.3684
-11.3538
-10.0087
-9.0504
-2.4369
2.8174
2.1938
-12.5133
-8.0710
-11.5535
-6.1744
6.5727
11.9632
20.5214
18.4808
18.6683
19.4461
6.0194
-11.1483
-22.7661
-30.9008
-24.9262
-7.9805
9.8056
22.0402
20.4851
12.2500
15.4057
21.5676
22.0743
22.8129
19.3396
18.7777
20.0765
23.0128
27.9812
27.5709
18.8392
11.6479
1.3273
0.9933
5.2907
4.9314
8.9941
11.9649
11.6643
10.7460
8.1386
3.3414
2.3628
1.7413
4.7091
7.4311
9.5924
14.4153
16.8309
13.9688
9.4284
12.6388
20.8030
23.8121
24.0957
9.9500
5.3397
4.7977
7.9966
14.8398
11.3434
5.7055
5.4397
7.7766
11.9325
14.3405
13.9186
16.7932
1.8921
-23.5606
-36.6301
-43.9737
-45.8589
-43.2015
-44.4483
-49.4186
-57.1335
-51.8634
-35.8310
-22.3184
-18.3874
-15.9111
-13.2579
-27.4703
-32.4933
-27.2955
-19.1504
-12.2743
-7.3624
1.5387
12.3554
19.1167
24.3454
27.7472
26.2498
23.3608
24.9124
28.5935
30.5005
27.3490
30.2586
27.9372
21.8925
13.4564
10.7736
11.4858
13.2677
18.1620
26.5353
27.8737
27.8173
25.5404
20.8601
20.5511
21.1543
17.1535
14.6120
16.2822
12.7429
14.4075
13.7750
-21.5143
-46.3938
-42.7161
-29.3605
-18.6309
-17.8801
-15.2286
-6.6693
2.5416
8.1886
4.8177
-0.1657
0.0716
5.9430
10.0949
16.8204
23.4413
15.1203
-9.4955
-9.7242
-5.9684
-2.6584
2.1211
10.2094
19.4596
23.7891
21.3499
19.9006
14.6917
-34.6526
-61.8498
-69.1728
-65.8922
-58.5727
-49.3952
-37.8209
-17.6930
7.9585
20.2488
15.6017
16.2011
19.3211
17.2093
16.5192
18.4848
18.7052
17.5346
14.1038
13.4174
13.6761
17.5902
16.5089
12.7615
11.1495
9.2031
8.2147
9.3322
9.7460
10.4207
16.1870
14.5693
13.3871
14.6131
16.0631
18.7575
16.1885
7.3363
6.7506
8.9123
11.4698
11.8338
11.3875
9.9282
13.1845
14.9612
16.4256
19.7879
18.8136
13.5952
12.7968
12.2084
13.3490
14.5838
13.1725
18.5065
21.6880
36.1862
42.2041
35.3116
24.6174
24.2824
17.4637
15.9675
13.7070
9.8660
9.6550
11.8795
13.1037
8.7574
9.4803
9.7402
10.8307
15.8691
17.3743
15.1285
17.4148
10.0508
4.4349
9.1621
12.0177
16.8045
19.9622
24.7173
26.0554
18.7564
14.2060
13.8582
16.1911
15.0046
7.4860
1.8488
0.9963
3.9054
5.9292
2.7847
-3.8206
-0.2058
4.7735
8.2919
8.6657
4.9781
5.6011
4.8354
3.5071
-6.5226
-12.1057
-0.8710
8.7054
10.4385
8.1335
6.2085
9.4896
13.4563
12.1552
9.9751
14.1680
20.1303
21.0307
7.3275
-10.1182
-12.9527
-9.6151
-0.7723
4.0358
6.9505
11.3627
12.4031
10.9784
12.8724
11.6065
-0.7211
-6.3569
-6.9141
-1.9510
-22.2817
-27.8010
-22.7078
-21.0619
-10.1800
-2.6611
1.5229
-16.7487
-19.5522
-8.5161
-4.3667
0.5426
1.0697
3.4919
3.9668
-22.1954
-55.5414
-47.9034
-71.9203
-86.5613
-79.2221
-65.9893
-61.3750
-59.2408
-52.0054
-46.7898
-41.5114
-36.7402
-28.1807
-49.7981
-62.7331
-62.7243
-61.5602
-59.8821
-51.7210
-32.5129
-12.8004
-35.0886
-45.4313
-51.8080
-54.0527
-61.2966
-48.3388
-18.6388
-5.9349
-15.6818
-21.5305
-18.2375
-14.1789
-0.4759
9.6987
13.4955
11.4307
4.1952
0.6663
-1.5387
0.7456
2.9789
2.8960
4.8761
7.1721
6.0514
-10.6511
-8.6076
-5.0857
-1.2712
2.4886
6.4599
5.7772
2.8167
3.0689
13.1376
15.8845
2.5706
-0.7140
-7.8073
-6.2995
-1.3703
-0.8472
5.2871
8.0332
10.5282
14.1379
15.6731
7.6908
7.9520
12.7631
10.1398
9.2559
12.0186
11.9913
9.8755
7.0611
6.6538
6.7454
6.6878
7.5380
9.2776
10.0076
11.7925
13.8193
11.0613
10.4408
9.7953
9.2629
10.2903
7.7575
6.1485
7.1754
-11.6831
-21.7391
-15.4762
-1.4079
10.2769
14.4126
13.2026
12.5844
11.2327
8.8832
6.6996
10.6599
14.5455
22.1282
20.0203
16.1381
13.7646
9.9861
10.8487
10.8683
13.9687
19.6547
21.5771
22.1803
18.7089
15.5689
12.2847
11.9443
17.9121
20.1098
21.4333
21.5835
15.7346
13.9746
15.5292
11.2935
-2.7655
-3.8167
4.8064
5.1673
2.4278
2.5346
-5.8710
-0.5799
1.5794
7.1578
13.2767
19.5727
20.8032
18.8380
13.3512
10.3499
8.6071
7.3478
10.3922
12.8561
14.4370
24.5672
29.5416
32.8300
33.0671
25.9660
12.4690
-0.9060
-9.2812
-11.1712
-6.6603
7.1815
14.7001
16.5720
15.4161
11.9979
9.3643
10.0761
14.1356
12.3915
4.4933
-2.7762
-4.2087
-1.4256
0.0188
4.4703
9.2630
9.5454
16.1204
20.7342
17.0351
15.2170
18.3091
19.7639
20.0337
21.9625
25.1358
25.9715
23.5388
22.6071
25.9524
25.8143
20.8522
17.5851
15.6952
14.4041
15.1590
18.3644
17.6678
14.4545
12.3695
10.4996
9.4436
11.3445
19.3743
23.1633
9.3636
11.7197
9.7308
4.8269
6.8718
10.7499
13.7117
19.2928
23.4289
28.2625
28.2740
15.5105
10.3672
16.5917
25.1440
26.5224
22.0827
12.1761
16.7613
22.0539
22.6328
20.4951
19.5587
15.5639
15.5894
14.7672
10.0010
10.0331
14.3998
9.9847
6.8630
10.9151
14.1598
15.0181
16.6667
13.3322
16.8153
19.9727
22.4341
19.8597
14.1951
13.6534
17.0394
14.6488
13.3966
12.1047
16.0776
21.7893
22.0740
20.4906
12.1855
12.5758
16.5286
14.6513
10.3254
9.4944
12.1483
13.8606
16.7612
18.9636
1.0610
-3.1478
-4.9676
-2.1785
-0.6516
6.4375
7.8218
18.8302
18.2294
-2.5126
-23.2329
-29.1345
-23.7855
-18.1790
-13.9333
-5.6977
5.6343
5.1933
-2.7148
-4.3046
-6.0584
-10.4569
-9.1751
-14.2089
-30.2957
-25.9245
-25.2163
-27.1427
-27.1900
-22.3665
-9.0715
-23.4733
-29.5784
-25.4970
-13.1785
1.0499
-0.7762
3.3749
7.2426
1.1549
8.1397
16.2429
28.7603
29.5365
-9.0485
-34.6268
-26.1856
-18.6724
-17.4088
-15.0985
-20.6130
-26.6035
-30.0765
-22.5627
-16.7124
-26.5717
-37.9827
-36.8630
-20.5878
-12.1831
-16.7017
-24.7765
-28.5439
-31.6032
-28.9516
-22.6222
-25.5921
-23.1706
-17.0843
-15.7591
-15.7382
-15.8590
-12.4475
-0.7508
-10.1608
-28.8435
-26.4628
-10.1633
11.4800
17.6555
-10.0494
-34.7782
-43.0410
-48.9981
-40.4875
-32.3814
-41.1615
-31.2414
-18.7808
-30.2920
-45.0457
-57.9707
-53.1584
-47.1988
-36.8695
-24.4336
-12.5165
1.4905
14.2028
14.5336
13.9377
15.3326
14.5083
17.6894
24.9907
20.1847
20.0594
23.7227
25.3640
22.1831
22.5872
19.1973
18.1011
24.0764
26.9474
26.7077
22.3736
19.0285
16.0222
12.6144
14.1420
16.2058
14.9653
12.8313
12.7085
16.4961
20.3572
23.1770
20.8241
15.5783
14.6740
20.1034
22.6939
24.9097
19.5681
-2.2172
-3.7415
5.5004
18.7104
18.0181
11.0326
9.7473
9.8364
10.2748
17.1976
10.1195
6.3313
13.1066
22.7228
31.6315
28.9527
26.3328
24.4583
19.4141
20.4451
21.0518
14.9393
17.3565
19.7493
19.6280
24.5908
15.7419
15.2875
22.2033
19.6632
29.5225
26.0580
18.7532
14.9243
23.0770
25.1456
23.7200
23.7539
22.9799
21.8923
17.5871
15.9380
17.1468
19.6243
18.5039
18.2001
16.0314
15.9465
16.0328
19.3808
18.4138
19.4806
17.2957
11.7583
2.7809
4.8485
9.3104
10.9832
11.3188
14.9748
18.0076
10.3827
5.7305
2.4064
9.8860
19.0126
18.9830
17.3963
13.3850

Coefficient 7:
0.5664
12.1860
8.2613
9.8689
13.2249
15.5150
7.0796
1.8835
-2.4683
-1.4256
3.5152
5.5410
6.8174
2.1453
-3.3755
-2.5054
-4.1577
-0.7498
4.2355
6.3337
7.1699
9.1319
10.6869
9.7652
8.8005
8.3796
14.7046
23.1786
24.6445
19.8134
12.5226
10.6867
12.6341
13.2601
7.9447
6.4522
-33.2689
-29.2756
-15.9204
-3.5602
-2.8832
-2.4629
-10.3557
-19.4152
-16.7476
-6.0617
4.3861
12.6076
13.7863
6.6270
-14.7354
-28.7469
-34.6401
-36.6104
-35.6690
-36.5260
-36.3574
-35.2113
-28.4702
-20.1288
-17.6720
-23.4721
-24.0962
-16.0988
-10.5999
-20.4535
-26.2514
-19.0584
-9.1051
-7.4149
-16.8660
-48.9426
-60.2246
-48.7947
-38.0106
-40.9267
-35.9689
-31.9288
-27.9632
-26.2042
-25.9802
-19.4276
-15.4405
-14.8840
-35.9763
-45.5056
-42.0464
-36.7358
-31.7912
-26.3620
-23.0827
-9.5517
-38.5565
-42.4625
-43.9966
-31.2333
-15.4289
-6.5004
-19.0367
-24.6168
-34.1774
-34.7854
-24.2771
-11.1424
5.6362
5.3887
-9.4160
-16.1307
-8.6170
-3.1453
-5.9812
-4.0268
6.9273
8.9361
7.4297
-12.1649
-29.9281
-32.2277
-20.6101
-4.2460
2.9207
9.2588
11.2442
10.9015
8.0230
5.5119
8.1861
11.4156
13.5094
14.4987
15.7677
20.5725
22.6334
23.9894
16.2830
12.3186
12.8288
7.4011
0.0201
5.9782
17.4872
18.8662
9.6126
3.8285
10.6590
10.3338
-3.1358
-22.9762
-28.4383
-31.9335
-21.2835
-7.0747
-2.2392
-4.3614
1.7915
6.3933
3.8742
0.5348
-0.6273
-2.3888
-6.3963
-20.6655
-25.8841
-22.4820
-18.1302
-13.1322
-8.6974
-5.7970
-7.4118
-2.2766
-0.0896
2.5048
8.9718
15.1954
9.6185
8.4197
8.2263
8.7890
8.1498
7.7082
7.6318
9.0535
10.5933
10.5276
7.8107
6.7480
8.1426
9.6633
7.6671
7.2890
8.2070
13.0118
12.0885
10.2486
10.9847
8.6411
8.3806
11.5628
11.5145
9.2560
7.8471
10.5015
19.8383
22.4645
19.7934
15.5971
7.4857
6.8682
8.8398
14.3986
17.0187
15.4481
16.0458
17.1911
22.4667
18.9559
14.3721
17.3674
16.3909
12.9731
11.6482
-4.9423
-15.5529
-21.8051
-14.9526
-35.9000
-50.6882
-40.4552
-22.4375
-5.7527
-1.9657
-1.5339
-4.4339
-7.5855
-9.1351
-36.0524
-44.4221
-30.8284
-23.0697
-33.5111
-41.1591
-41.0429
-45.1377
-42.1516
-35.1011
-22.6288
-10.1294
-3.7157
7.1786
-26.6520
-37.3025
-32.1598
-24.3453
-22.2036
-21.8297
-12.6496
-3.6550
5.5189
12.1367
3.1906
-24.3464
-31.9987
-28.9906
-24.3873
-12.0233
-3.1006
4.7732
11.8301
4.2571
5.5271
12.9115
14.4462
14.0914
12.4713
13.1602
13.6846
10.1841
10.2317
10.8332
5.8940
1.1641
-4.6596
-5.5942
-0.6542
5.6364
14.9628
18.8050
16.4732
17.4478
16.2316
13.7478
12.1266
11.1690
14.0154
14.4445
13.2634
14.9351
13.5807
10.2672
4.6579
6.2401
14.7775
16.5523
17.8838
26.4231
25.8429
22.7039
19.1955
15.4606
6.4252
0.7557
0.5849
3.2283
2.9980
2.1448
1.0903
2.6005
-10.3993
-1.6659
9.6183
19.7662
20.9229
17.9778
11.0678
1.9784
-2.8436
-1.9272
-0.6072
0.4688
-2.9561
-15.1285
-18.2439
-27.4920
-24.9050
-20.2013
-11.6194
-3.2999
0.0420
2.8105
5.2228
-0.4316
-1.5593
-3.4948
-8.1373
-9.8456
-9.9828
-2.3858
1.0449
-0.1097
6.4234
10.2174
9.5359
5.4894
4.9747
8.2615
9.6580
13.9244
17.9992
16.8001
17.4529
15.9261
11.3831
10.8420
13.2096
9.6996
5.1293
7.8127
14.5651
5.8202
-2.6592
-22.6915
-12.3439
-9.6749
-21.4501
-32.5722
-42.4300
-55.7727
-47.1755
-30.6034
-10.8430
0.4510
8.1271
13.7366
17.7578
20.1852
18.0845
12.9845
4.4761
2.3776
9.1319
14.5019
14.1612
8.9697
4.2483
0.2391
0.1796
1.5307
6.1254
0.8885
-23.1298
-31.9393
-30.3181
-28.0117
-20.8683
-8.7604
0.8673
-0.9732
0.4161
1.8888
0.1473
3.5466
8.7992
8.9439
7.8670
8.5427
7.9315
8.2570
5.9119
0.8431
0.2827
-2.4640
-6.3715
-4.6923
-4.0714
-4.6839
-3.9921
-0.8117
-3.5152
-3.4055
0.4441
-3.4557
-3.6324
0.6515
3.3570
9.8529
8.5155
1.8694
0.7336
2.9295
2.5929
1.4523
2.7352
5.2630
10.4107
14.5862
19.3167
22.2202
21.2513
13.2615
9.9498
11.0756
8.9617
7.6288
5.7128
9.6496
10.2456
13.5474
16.5564
15.6434
12.7365
14.3719
13.4853
12.2663
4.1842
-3.4951
-2.1851
4.9308
8.5655
13.3423
15.6054
13.9646
14.0967
20.8525
16.6384
7.9022
5.8710
13.9063
18.4678
18.9451
17.4360
14.8433
14.0991
15.4795
15.9914
11.8967
9.4722
9.5624
12.3444
9.0685
-0.6939
-1.8754
13.5652
18.1520
16.5975
7.7280
2.2868
5.3840
8.3808
12.2403
13.9625
10.7124
10.3596
13.5126
10.8383
12.6105
10.5675
11.1925
7.6204
5.9207
3.0243
1.2218
5.6161
8.8560
7.1258
5.6938
8.7503
13.5740
13.3898
1.3884
-26.1084
-28.8863
-9.5127
1.9265
2.8354
6.6663
7.7373
9.2161
7.6557
9.5723
5.1475
-1.3469
-5.0752
-6.2678
-8.4736
-19.7217
-21.8140
-17.5669
-16.5214
-20.8003
-17.2283
-24.7055
-57.7535
-51.0314
-38.5498
-25.0837
-17.0777
-10.0876
-5.3099
-7.3748
-8.9831
-9.2624
-3.5317
-3.3680
-2.4532
-5.3287
-2.4288
-4.2623
-10.1502
-11.2392
-12.4321
-11.4810
-6.4621
-4.7289
-11.2137
-16.0688
-15.8489
-6.8375
-3.2887
-1.9742
-4.9975
-6.1586
-40.9390
-60.1954
-64.8842
-62.4628
-60.4744
-56.4061
-41.1258
-23.7290
-22.5642
-20.0673
-6.5211
11.0087
25.4160
25.0722
15.5052
-1.0750
-9.5199
-5.6101
-5.9726
-11.7119
-9.4974
-5.4531
-1.7774
1.8301
-0.4032
-12.3724
0.8056
9.6246
9.0122
3.2456
2.1512
0.3178
1.4992
9.4969
8.8780
6.0372
-17.1112
-30.8286
-37.6888
-38.1986
-37.7126
-35.9541
-33.0553
-29.7199
-23.3208
-11.3755
-0.7236
7.9708
7.1821
10.4343
10.7581
11.8814
11.9425
10.3532
9.0889
5.3840
4.7514
4.4270
2.8606
2.1767
2.7938
3.5901
7.6579
11.6995
8.9470
8.2783
7.5645
7.1130
8.2773
6.5784
4.6230
2.4244
-4.6945
-8.2457
-4.8961
6.6882
17.1595
17.3785
14.6488
12.9069
9.6861
8.5103
7.7876
16.3708
21.7531
21.4563
14.6353
10.7458
11.1160
8.2032
10.1669
10.8257
11.7094
12.0690
9.5935
8.1227
6.1577
7.5091
7.0652
7.8510
15.6744
16.8357
14.0228
13.8790
7.9316
5.0820
7.2583
8.7795
-1.9312
-6.7388
-2.8964
-4.4745
-5.1733
-2.4413
-7.6080
-0.3967
0.3008
-0.0448
3.4402
6.8310
9.8177
11.4313
10.7034
11.8477
9.9384
2.7714
2.6436
5.8419
8.4327
17.6646
21.5262
19.1770
16.9641
15.2361
6.3861
-2.5667
-2.7106
-2.3916
0.9651
10.2404
12.5448
12.7559
7.9629
3.4664
0.0657
2.4357
8.5607
15.4991
17.2187
10.9113
5.6492
5.2078
3.0442
0.1488
6.3833
11.7730
10.3456
3.8654
0.8919
8.6172
14.8940
14.1328
11.2375
8.2722
5.0072
2.0117
2.2806
5.9792
10.4267
14.7803
13.7727
12.2305
10.3011
10.0086
11.0050
13.9856
12.7319
7.8551
5.8831
4.6201
4.0241
8.1620
18.8781
14.6314
3.9968
8.8612
9.0138
2.0241
-1.8933
-4.9656
-9.7731
-1.8480
0.0784
-3.5987
0.2576
8.5725
7.2724
11.1596
19.4156
22.4303
17.5864
7.7830
11.9843
16.0422
16.2550
14.0905
13.9603
11.0734
9.4735
7.8154
4.2899
6.1987
10.1286
6.9615
3.2455
6.5103
9.1038
9.8955
11.5869
8.8725
14.9175
18.7890
19.6109
15.4167
9.3606
8.4044
8.9352
6.5108
5.7184
8.1903
13.7200
19.6019
19.6529
16.7128
11.4433
13.1781
13.3822
8.7278
4.9447
7.0590
12.7992
17.1375
17.9993
22.0304
10.3289
0.2330
-3.1555
-1.4513
1.1474
1.3215
0.8809
6.8108
11.2487
-12.9706
-28.2887
-30.6571
-31.8247
-31.5405
-28.4288
-23.6984
-6.1050
-1.4831
-2.0358
-17.6018
-21.3955
-18.7034
-10.4748
-18.1430
-23.8607
-27.1991
-27.2650
-28.5309
-25.5720
-16.4117
-4.6287
-28.1756
-24.5523
-17.4453
-10.9194
-7.1425
-9.2896
-3.6597
-4.5463
-6.5055
4.3431
7.7684
16.6434
23.7442
-12.3169
-36.1461
-26.0820
-15.0098
-7.8171
6.7010
1.5717
-2.9698
-6.9391
-15.2898
-24.8245
-31.6072
-53.8375
-50.6786
-24.1538
-10.3670
-25.6709
-36.8683
-32.2877
-30.1491
-29.7035
-32.4746
-29.8795
-16.3080
-11.8430
-14.9813
-22.5972
-29.5476
-26.3579
-20.3483
-29.9342
-38.7010
-37.3066
-31.4554
-21.6281
-26.0092
-41.4311
-34.0740
-20.4522
-17.2337
-17.1555
-23.7224
-0.7215
23.4338
33.3242
6.8632
-24.6130
-29.4900
-19.7539
-14.1112
-7.4715
-0.0332
5.4856
8.8952
6.4694
4.0379
6.2708
8.8333
6.5304
9.8188
14.7910
8.9630
7.8770
12.7602
15.9149
13.7298
13.2536
12.4222
15.4546
21.0645
21.3174
17.0928
13.4010
10.8884
7.8447
4.4613
9.4049
14.1810
12.9633
18.3717
25.9675
31.6725
28.5407
15.1474
6.0386
1.3386
4.9087
10.4016
11.9778
13.1949
7.1852
1.4050
-0.3611
4.5322
12.3004
12.0543
6.7992
4.8251
17.6930
28.6442
31.4977
24.7733
20.2591
20.5909
20.6121
20.4628
14.6217
13.8648
11.9440
4.3133
6.7861
14.6172
14.8320
18.6973
24.3075
26.2569
33.5636
31.7764
33.5260
36.7844
34.1043
41.3871
40.8887
35.7043
26.4437
23.0225
15.6694
16.6679
19.7771
19.1448
17.5102
12.0145
8.0637
9.9722
10.7751
12.0138
16.0527
15.0832
13.5213
8.5359
13.1889
17.9183
9.8320
8.9411
19.5514
21.3543
23.3095
23.4217
22.2517
24.8167
29.3933
28.7677
23.9493
22.5622
15.4741
12.6169
12.3713
11.2600
7.8440
4.9900

Coefficient 8:
0.5625
9.7450
7.8095
4.9049
10.2339
14.1770
4.7606
-1.3958
-5.5594
-4.8176
-0.4749
1.9934
2.5356
-4.1535
-5.5277
-5.0162
-8.5483
-5.5015
1.9482
6.3425
6.3695
7.2794
7.5542
3.3297
0.0463
-5.7234
9.4220
20.1677
20.9553
12.7028
2.6544
-4.2913
-2.8098
-1.0151
-2.9443
0.3515
-8.4167
-10.3656
-3.3060
3.6590
10.7239
6.4947
-2.2730
-6.7203
-5.7266
-3.9662
-25.9344
-31.7919
-27.5052
-15.7727
-23.6562
-23.7293
-14.6526
0.5226
9.6456
12.5776
11.2833
2.1172
-5.3242
-7.6557
-3.0273
-1.7519
-7.0615
-11.6658
-13.8162
-8.0224
3.6716
8.0188
11.1980
10.4203
8.4642
-0.9718
-18.0038
-22.9018
-24.4524
-12.5935
3.0834
9.6548
0.9385
-7.9610
-11.1060
-4.4251
0.7157
-2.0246
-7.7339
1.3738
2.8036
-4.7775
-19.7148
-23.7571
-20.2005
-12.6839
-13.6241
-14.1524
-15.5971
-28.8045
-21.0330
-7.8579
-11.5429
-17.0568
-11.6272
-9.0404
-10.7218
-5.0220
-2.5217
6.9725
-1.0330
-11.2438
-14.4360
-6.6787
-0.5896
13.0498
22.7657
16.5064
2.7897
-15.0091
-25.5710
-27.6261
-24.0821
-19.5912
-18.7970
-11.5513
-5.4040
-7.5623
-2.5760
-4.3690
-3.1611
1.2886
6.4375
4.8240
5.9267
9.5827
14.1612
11.7163
3.7407
1.1191
-1.1401
-7.3319
-9.6846
-3.9366
9.5684
24.9317
38.4740
38.3169
21.5460
7.3464
-4.0865
-6.8008
-9.9311
-13.6461
-6.6848
3.9949
11.5470
18.0022
17.8260
9.1868
3.8270
2.1444
-2.6999
-4.0395
-6.3070
-12.6971
-11.2009
-11.3245
-11.2793
-15.8740
-15.2247
-15.4720
-12.9176
-1.7980
8.4201
12.6625
9.9920
6.3575
3.7918
4.7398
4.2402
6.4995
6.3059
5.5378
6.0656
6.7203
6.3725
6.8861
5.7353
4.5248
5.7433
6.8263
4.6065
4.4912
5.5553
6.0083
4.3170
1.6780
1.5535
1.6036
5.7024
8.3183
8.0334
6.3673
5.8060
7.4772
17.4279
20.4754
17.3701
13.5464
5.7388
4.8458
7.0853
12.4099
14.6247
13.6482
14.7625
13.5075
12.0219
10.9904
12.5840
15.3367
14.7591
9.9724
9.5553
30.1836
33.2414
29.5471
20.6428
-14.0512
-27.1749
-31.2388
-24.3916
-12.6770
-14.4410
-16.4144
-19.1672
-13.0608
-3.8138
-12.6534
-20.2627
-25.0029
-33.0940
-36.9242
-19.8753
2.1968
5.8850
2.1586
-1.2992
-6.6720
-12.2430
-16.2166
-12.8667
-27.4265
-27.8792
-26.6988
-25.1473
-23.2437
-19.7317
-19.1439
-14.4157
-3.8018
3.7166
-11.5201
-23.3098
-21.0442
-14.1495
-9.2968
-6.0055
-8.1910
-5.0374
5.1839
10.9687
12.3351
10.3876
8.0245
7.1783
6.6923
5.6349
5.0800
4.6243
7.0630
8.6200
9.0772
-1.5896
-10.6018
-8.7082
8.0736
17.9876
19.7492
19.6350
15.4367
18.3338
18.8416
20.3022
19.3868
19.1788
24.3227
23.3516
18.7964
12.9010
5.5789
4.1598
0.7437
-1.3075
3.1848
1.4331
1.1643
-1.2369
3.3371
5.7409
5.9280
5.1627
1.3142
-2.0489
-2.0486
0.5016
-2.3473
-4.7455
-5.2008
-4.4268
-19.2221
-4.0708
6.0543
9.0240
9.4069
5.2308
7.6043
12.4115
6.8465
5.9582
6.5248
10.1457
7.8339
5.5863
2.4141
-3.9427
-9.4292
-17.3423
-23.0735
-23.9471
-21.9793
-20.8968
-15.6546
-18.2686
-15.9295
-11.2754
-4.0170
-1.1181
-5.8123
-5.6455
-8.2050
-8.3782
-1.6845
4.9036
7.0895
3.9216
3.1305
5.5611
6.3922
9.8034
11.2784
8.9158
6.9741
4.0320
-0.4204
-1.9645
1.9779
-1.1143
-2.1410
-2.0628
-4.1354
16.0502
17.8638
6.5124
12.6032
15.5714
23.7543
25.9005
16.5577
-13.3982
-40.8164
-44.3625
-33.6622
-26.3807
-25.0185
-25.2471
-25.8303
-19.0046
-11.6578
-10.5166
-17.3030
-23.2493
-19.7628
-8.5154
-0.9930
-6.3857
-9.4077
-7.7501
-15.0050
-22.2944
-23.4693
-19.9462
-27.1418
-22.1988
-17.4173
-14.9278
-12.2403
-16.7806
-19.5469
-15.0900
-7.1024
-0.2611
-0.4612
2.7271
7.7090
8.1124
6.7308
6.3495
6.2234
5.7397
3.0139
-14.3918
-23.6265
-13.9907
1.7047
8.3230
10.3073
8.9398
5.6308
2.0822
-3.2061
-3.5672
0.5964
-0.6969
-1.0406
1.1284
1.0773
5.4986
6.1652
4.4557
3.5580
4.0215
2.3060
-0.5374
0.6675
2.7792
7.1892
11.5205
14.6828
13.9536
12.2144
6.1155
4.0874
7.2831
1.6696
-2.5743
-3.2925
-0.1470
-1.8733
-11.1639
-11.4417
-4.6558
-11.3038
-19.0180
-21.8888
-16.6824
-16.3379
-23.2444
-25.1818
-23.3526
-25.3649
-23.0033
-16.9062
-15.3794
-18.1489
-14.2222
-0.8950
6.0078
9.1623
6.1087
-0.6146
-0.0697
2.9414
1.9881
6.7336
6.3394
5.7096
5.2770
4.8875
5.3428
8.2892
11.1162
13.0153
5.6477
-0.1308
3.6425
6.2358
6.4410
9.6047
13.3741
11.3381
6.9541
5.3571
5.3646
10.2460
16.4013
13.5834
20.1131
21.3338
11.4160
4.6062
3.1740
0.4556
-1.5178
2.2691
5.0420
2.9774
2.0293
3.8904
7.3587
6.0008
-0.4725
-15.9283
-19.7337
-17.3778
-9.2405
3.4120
7.8549
5.2246
6.0382
4.7288
5.7166
4.0977
4.3842
5.7251
9.8441
-3.7376
-18.8854
-19.6033
-14.3219
-0.6568
12.2489
13.7457
7.7197
-21.9602
-31.2644
-34.9833
-36.4322
-34.0010
-36.6266
-29.5026
-14.2047
-4.6313
3.2689
6.7377
-8.4416
-2.6693
3.2249
9.4266
21.1697
33.2331
27.0266
21.5347
17.3157
7.5323
6.1282
5.1337
8.2965
15.3565
17.0428
13.3958
9.4970
5.6977
-6.3177
-13.3435
-10.1382
-0.8413
3.2610
-7.2513
-15.7461
-17.2126
-16.5639
-19.6933
-13.7878
-2.6898
3.0169
0.9923
-0.3434
-5.4004
-8.0771
-9.7998
-7.3033
-4.0152
-3.3418
-8.1424
-7.4693
-3.8275
-0.3812
-3.2519
-15.8059
-14.1036
-17.0167
-23.2025
-28.4663
-26.0178
-22.1164
-6.9827
-10.0107
-4.7270
-5.4240
-39.0761
-22.4664
-4.2521
3.4849
2.4180
0.0490
2.2351
0.6276
2.3756
-3.2590
-9.1221
1.6332
6.5353
8.5955
11.7103
14.1873
12.4841
8.7930
8.3906
3.8923
2.9286
2.3840
0.0611
-1.4901
-2.4292
-1.3922
4.1764
9.5662
6.9721
5.7981
5.0274
5.4053
6.5236
5.4484
3.2933
-1.4345
-10.2552
-12.6793
-8.4104
-1.6026
3.4455
0.4296
0.6860
4.8784
4.3608
4.6947
2.8361
3.6360
10.2214
17.2812
14.9848
11.4782
9.7779
5.7166
8.7528
9.9824
7.5918
8.7083
7.9082
5.8536
2.8699
4.3195
4.9380
5.3556
12.3888
13.4245
9.3225
7.3829
2.8235
0.4588
3.3875
8.5996
4.1813
-0.5905
-0.0360
-5.2614
-11.3804
-11.6323
-13.6373
-21.4386
-20.3278
-16.2128
-10.0505
-5.9899
-7.5513
-11.4171
-11.9956
-7.9791
-2.9127
-0.6407
2.0842
3.7635
3.1104
7.5937
8.7543
4.7363
4.7787
5.9429
4.3475
2.7872
8.9338
9.9844
9.5196
10.1919
8.4452
3.0465
-10.3647
-16.2601
-18.2471
-14.9160
-5.2121
-7.0775
-6.1355
4.5463
11.8830
12.0616
3.2058
0.2346
2.7075
11.0714
3.9626
-2.0365
3.2330
8.0394
5.7606
4.4765
5.2080
7.4347
7.4760
3.6402
2.4211
4.8101
6.0227
6.9876
7.7145
9.8512
8.6335
8.4108
7.1572
8.8180
6.4162
1.8603
0.6307
0.5197
0.5299
2.8513
2.0166
-1.5587
-10.8763
-9.8139
-3.1256
-0.4608
-0.6944
-2.0777
-1.3442
4.8535
2.5138
-0.8931
-3.6805
-1.1694
2.0954
6.2230
13.9483
17.6566
12.4670
3.8227
7.9442
11.1254
10.3820
8.6706
8.9668
6.7273
4.5633
3.6121
1.4318
3.4640
6.3180
5.3275
1.3556
3.2193
4.5981
5.1623
6.9543
3.1489
7.5029
9.9484
9.8521
8.7163
4.4170
3.7391
2.0969
-0.0953
0.2643
0.9654
4.4715
8.4183
8.4661
7.9087
5.8663
6.1158
4.7499
2.0548
0.1746
0.9575
5.5275
9.1775
6.8594
5.3189
-0.0772
-10.4358
-17.1824
-16.4432
-6.6150
1.0545
-0.7418
5.1171
7.1129
3.1633
-5.7430
-10.7145
-9.9556
-6.7153
-2.1640
-2.4500
3.9591
1.0976
-7.3485
-33.9803
-34.3074
-29.2986
-19.9507
-21.5019
-18.4914
-10.5696
-9.9973
-13.6038
-8.8583
-1.4765
-0.2095
-13.7188
-15.1579
-13.7015
-13.6915
-6.3174
-1.6374
4.1301
6.9903
6.2515
13.6271
16.3777
17.5851
20.8337
25.8750
15.4170
-10.8261
-12.9124
-14.4839
-14.2531
-5.6403
-5.7945
-6.7406
-1.7187
2.4777
5.3630
6.0408
7.0492
7.7461
-2.5322
-4.7112
3.2170
9.8015
4.6131
-3.9544
-11.1669
-12.9701
-16.6284
-21.9493
-15.6156
-18.6538
-22.1011
-18.4500
-18.2549
-15.4328
-7.4807
-4.9556
-14.8742
-17.4986
-13.8751
-5.9992
3.2797
8.1787
4.8386
2.1780
-1.8512
-7.7353
-6.8152
0.7357
-15.6938
-10.2657
1.5148
8.0086
5.9109
2.3178
0.8214
0.7416
-7.5751
-14.6432
-11.8131
-9.8080
-7.6170
-7.7083
-2.2956
3.8633
-0.9975
-1.7641
2.9572
6.9751
4.9821
3.3061
5.0143
10.1037
13.1436
11.2070
4.2470
2.9895
3.7030
2.5134
0.0339
6.5967
12.7142
10.7083
5.8463
2.2461
8.4069
5.6352
20.1084
17.9173
12.1165
4.2589
4.1229
3.0891
1.3345
2.5100
7.4514
6.8860
8.0214
9.0533
9.8378
11.2413
7.7300
11.1279
12.1203
13.8320
13.2946
11.0252
13.2676
17.8272
15.8692
8.8195
5.8966
6.4679
1.3022
-3.4232
-1.8671
-2.5294
-6.9323
-6.2413
-9.3118
-10.2447
-9.9339
-2.5342
-1.1816
-1.8934
2.1904
5.3802
10.1281
11.1718
10.8183
7.9208
10.6529
16.9664
17.4292
13.5894
9.5017
15.3538
18.3415
18.2289
14.4485
15.9737
13.0518
10.5464
5.7280
7.2709
5.3606
3.2924
-9.4202
-15.6768
-15.6582
-12.3917
-15.4286
-12.5536
-4.4729
-0.0499
-3.6732
-14.8666
-19.2087
-12.1886
0.9548
7.4687
6.2053
1.8062
-0.6572

Coefficient 9:
0.5581
7.1301
7.0833
8.7553
11.4992
12.3006
1.5626
-1.9383
-1.7555
1.6888
4.8262
5.5226
5.6573
4.6481
7.6208
9.8660
6.6687
5.2907
7.8245
6.9295
5.6300
5.8467
5.6206
0.7269
-2.4073
-10.4780
2.5389
6.9247
7.3680
2.3746
-3.1673
-9.1629
-5.6279
-4.2229
-6.2631
-0.0614
-8.2597
-12.3739
-6.0535
5.3515
14.7749
18.6793
11.9148
11.7275
10.8566
0.5969
-19.7541
-29.2190
-32.2346
-34.1327
-19.5620
-9.3985
-6.5111
-3.7096
1.8954
7.1786
4.7637
-1.6301
-6.6328
-4.7540
-3.1517
-8.8713
-10.2930
-11.2850
-8.4903
-1.3794
-2.6178
-15.7555
-17.9326
-15.6865
-15.9814
-20.4833
-28.1954
-24.5703
-22.7903
-24.6469
-15.0034
-5.9973
-4.5821
0.5274
7.4518
20.1110
24.3502
19.8974
20.5974
15.0549
4.8305
-8.8955
-21.5024
-21.1739
-14.7724
-5.6500
-9.1183
-12.1857
-6.3403
-6.6534
-8.0178
-10.1825
-8.8884
-6.3767
3.8278
-3.6653
-1.4786
4.0061
5.8856
2.5167
-6.7517
-4.7078
2.2792
1.8629
-1.8082
2.1533
6.4455
9.0782
12.1626
3.7153
-0.4315
-4.4854
-9.8199
-12.0015
-9.4883
-5.1913
-4.4102
-2.7993
-4.5812
-4.2531
-1.6415
0.3892
7.5624
14.7018
24.3505
27.0467
26.2204
26.6962
25.3326
22.1545
20.5216
17.2778
18.2152
14.4209
18.2145
18.6139
16.2614
13.0687
12.7985
4.5449
-7.3934
-13.0051
-16.6462
-24.2538
-22.5348
-17.8887
-16.9544
-12.2538
-7.6058
-8.5886
-13.2661
-18.9465
-18.9504
-17.1741
-11.0654
8.9346
11.0054
10.1473
10.0342
6.4919
0.3804
-3.5958
-7.1142
-8.9981
-26.2540
-37.6439
-29.1895
-8.4581
-1.1015
1.8819
1.3431
4.4464
4.4977
3.4434
4.8312
4.5733
1.8983
2.8121
3.8825
2.5706
3.5350
4.3043
2.0197
2.0769
3.0404
2.0567
0.6720
-3.2114
-4.3189
-2.9855
3.1462
5.2775
4.8635
3.8280
3.6436
2.9127
6.3645
6.5536
4.3975
4.7096
2.4034
1.1403
2.1413
5.4589
7.3229
6.9458
5.4996
5.4864
9.8083
9.5235
7.7882
12.6561
14.4508
10.8662
10.7326
-5.5273
-17.8058
-15.7067
-10.5002
-32.0686
-22.4822
-23.0797
-18.5131
-13.7912
-15.4524
-13.4671
-13.3028
-13.5442
-10.7487
-1.2996
-1.1731
-3.2538
-5.9051
1.2818
6.8551
3.7930
3.3983
3.2309
2.1994
4.8573
3.2950
3.2187
9.9073
10.4767
11.2093
9.2434
5.7936
-0.2833
-4.5387
-2.6754
-2.5882
0.1474
0.7443
-13.0042
4.5043
21.1805
27.5552
21.7621
10.9996
0.1789
-7.1302
-1.2877
3.8357
9.2804
8.7991
4.0849
3.9065
3.1970
1.5335
0.5995
1.7589
4.8488
7.4188
13.2809
22.3039
30.0067
30.8047
28.0540
25.3808
16.3855
11.6893
7.5290
11.5903
13.1376
17.6744
17.7602
14.7446
20.7972
20.7430
14.1341
6.5270
-2.5187
-1.7432
-2.0549
-5.6787
-4.1212
-8.2589
-8.7231
0.0022
3.4973
8.1869
9.7023
5.9338
-0.9825
-2.8889
-2.5709
0.2128
-0.6384
-1.5825
-0.8410
1.8573
-17.1449
-30.3574
-29.3171
-27.8071
-31.2444
-28.0209
-15.1398
-9.1851
-2.1422
6.9777
4.0228
-1.6480
-0.7391
2.5539
3.5153
5.3704
13.8897
19.0804
12.9677
5.7230
-1.3871
-2.1283
-6.8540
-11.2475
-13.3774
-11.1455
-10.0543
-10.3912
-9.5015
-0.2670
2.4810
2.8674
7.5368
11.9340
12.8239
6.7411
3.7362
3.3873
3.6853
6.4039
8.5593
6.3409
2.3786
-0.5977
-4.5453
-6.2056
-1.5372
-4.5541
-6.3219
-5.0874
-1.5129
-7.7605
-10.7228
-38.2029
-42.4728
-44.7207
-41.6372
-19.8885
-5.7482
-11.3864
-18.0691
-20.2663
-25.3777
-26.7410
-26.3649
-31.7591
-37.5037
-31.0684
-23.1228
-18.1608
-18.9747
-22.9430
-26.0687
-29.6860
-33.0204
-34.0454
-32.1068
-22.7233
-18.2998
-21.5725
-23.8412
-17.6424
-25.1257
-23.3825
-19.3672
-14.1491
-7.1277
-4.7546
-4.1507
1.6598
3.3836
7.5698
9.1012
9.7965
12.1503
11.3618
9.9396
8.8686
9.4236
6.9230
3.6213
13.1704
20.8645
22.4795
19.6491
20.0132
21.8140
19.8391
14.0401
5.7133
1.5916
3.3614
9.3048
12.2181
11.9668
10.6478
5.8066
4.1833
6.6417
11.2786
11.5176
9.2113
7.0693
2.4435
2.4930
1.9914
3.7873
6.3096
4.4657
-1.3809
-4.1288
-4.9671
-3.2444
0.7853
-3.6944
-8.7184
-7.1524
-3.0013
-3.5948
-11.8872
-11.5669
-2.0743
-4.3657
-6.6645
-8.2842
-13.2454
-16.6717
-17.9068
-18.8024
-20.8998
-25.4795
-23.8888
-20.1590
-18.8439
-26.0366
-33.7776
-30.8910
-24.5755
-19.6432
-9.8614
-1.4736
4.1319
4.1774
3.2163
3.0302
0.6456
-0.0046
0.6514
1.4529
2.2271
4.4674
9.1671
13.4786
9.3955
11.6114
10.8080
8.9164
11.8486
16.8067
23.3843
19.3564
9.5638
3.8780
4.2417
9.9739
12.9474
9.1612
0.0249
-3.4947
-3.3984
-1.5335
2.1491
0.7582
-2.1144
-0.3098
2.2229
-0.0081
-0.7889
-0.1852
1.4382
-0.8952
0.3506
9.0392
7.3676
6.6253
1.7771
7.6642
8.2834
4.3069
3.9533
2.3771
2.2704
0.8516
10.8499
6.7935
8.4365
-12.1029
-29.3134
-29.7461
-29.2002
-23.1031
-12.6224
-5.2036
-2.1811
-1.4660
4.8259
-0.4365
-10.8545
-16.7564
-18.0756
-15.7955
-15.4953
-9.4606
2.5380
-4.2474
-21.9780
-19.7527
-22.2958
-23.4491
-21.9354
-20.8953
-21.6164
-21.1740
-21.4154
-16.8399
-12.5994
-6.2495
1.3587
5.0539
-2.4586
-9.1387
-12.7689
-8.1047
-2.6218
-4.4360
-3.7410
-5.6134
0.6718
11.3030
17.6992
12.6447
-2.1626
-13.4503
-10.6376
-2.9620
-2.2550
-14.3409
-24.4768
-30.6104
-32.5777
-32.4743
-29.9156
-17.1582
-11.4994
-9.3735
-4.4114
-2.1596
0.1307
-2.9730
-20.4252
-30.9543
-36.2315
-38.4488
-36.8893
-34.5031
-30.0526
-12.2928
3.3340
10.4997
11.0951
-10.4998
-16.5971
-14.9105
-15.2981
-14.9638
-8.2677
-4.6919
-9.3045
-8.5394
-7.1559
-6.7627
-2.7994
5.0184
6.3108
10.5953
13.1167
11.4638
6.8623
7.0191
2.3062
1.0653
0.4994
-1.4997
-3.3875
-5.9312
-4.5731
1.5729
7.5339
5.2766
3.8807
3.3972
4.0694
5.0006
4.3701
2.2401
-3.2125
2.0969
2.2389
2.4005
4.7901
2.1892
1.4034
2.2831
2.4979
-1.4114
-2.1847
-3.0208
-0.7273
2.3713
8.2673
8.9279
8.1914
7.5707
4.8031
9.5823
11.5387
8.6278
14.1889
14.6132
12.3806
7.4440
5.8389
6.6949
3.4379
6.7790
8.0567
6.1372
4.6031
3.3822
2.8788
5.4908
11.2730
12.5602
9.5994
10.9812
7.7930
1.5851
-4.3385
-3.2629
-9.0369
-5.1271
-1.6329
1.9777
4.0671
-0.9510
-7.3865
-11.4860
-8.3053
-2.5769
1.7623
4.7898
2.7110
0.5045
3.1399
3.1050
-2.7700
-3.9161
-2.9716
3.1055
9.1459
16.2449
14.7700
9.3887
5.6149
3.6272
-4.5065
-22.8260
-27.6573
-26.5708
-25.6099
-18.0326
-13.1458
-12.9558
-14.3776
-19.1319
-20.1305
-21.4667
-17.0109
-8.8469
3.8375
-3.5562
-8.7974
-9.8877
-12.6868
-16.0874
-10.7627
-7.4352
-9.9848
-9.9814
-10.4054
-7.5007
-3.6602
-4.8351
-3.1506
3.3070
8.7213
8.7055
7.8961
3.7770
3.4155
-0.3929
-3.0951
-3.1064
-1.7396
-1.1164
2.3186
11.3597
3.0661
-7.9786
-9.5125
-6.5679
-5.0998
-7.0446
-2.9051
0.2522
-3.2420
-10.2334
-16.1369
-19.6109
-11.6748
-4.7658
1.5977
8.8850
12.2277
7.1944
0.5673
4.6486
7.2086
5.3276
4.4822
4.9895
2.7899
-2.5342
-5.6521
-2.0428
1.7220
3.1488
3.5078
-0.0247
0.5317
0.3924
1.7223
3.6391
0.8893
4.3277
5.6532
4.6196
3.9499
0.4796
0.0461
-3.1836
-5.3613
-3.6456
-2.6546
-0.6895
-0.2843
-0.3663
2.0295
3.0748
4.9912
5.5704
0.2953
-1.7373
-1.6345
2.2523
4.9684
2.0801
0.7448
-9.4650
-15.7685
-18.5166
-18.0383
-16.9945
-18.7285
-23.2185
-18.4588
-14.1856
-34.6171
-58.8703
-60.2758
-55.1135
-49.3760
-46.1774
-33.3345
-20.6777
-17.3450
-16.3067
-0.1056
15.4843
22.7235
20.8253
16.5946
-3.2800
-5.0674
-3.3053
-7.6541
-4.7242
6.1157
11.5335
6.8631
-0.8803
-2.0375
2.1135
15.5600
23.5317
20.7369
10.3710
8.1645
6.1080
11.9619
13.7311
11.4125
4.5545
-1.6239
3.4540
16.1700
7.8752
-13.1205
-29.7668
-36.3540
-39.5685
-39.9977
-33.1858
-32.5860
-29.0115
-39.1403
-41.9379
-39.9765
-29.3506
-20.8875
-12.3863
-10.4741
-10.0632
-14.4684
-29.1343
-42.7170
-46.9081
-43.5027
-42.9202
-35.3139
-27.8400
-25.7610
-14.7522
-9.3432
-3.8652
-11.9417
-26.6993
-28.3669
-19.6248
-16.3226
-18.9446
-15.5397
-4.9031
6.9317
9.9839
6.5664
2.5567
-10.8108
-7.8443
-7.6708
-9.6131
-6.9189
-4.7719
-8.2920
-5.9971
-8.2449
-11.9518
-11.2727
-8.2523
-3.3668
-4.9374
-4.6765
-4.1286
-8.4507
-9.1018
-4.9556
-0.6405
-3.7578
-6.4090
-3.1712
0.8915
1.7269
-0.6943
-8.0415
-7.0911
-3.8606
-1.2364
-3.1022
2.2432
7.7628
5.1278
4.6074
5.6559
3.3257
-2.5050
-6.2900
-8.7916
-9.8592
-4.0464
1.3696
-0.0437
-6.6391
-2.5159
9.9899
12.8919
14.1628
5.8734
-1.2381
5.4769
7.0779
11.6962
9.9355
5.4915
2.8605
2.9382
0.6982
1.3684
-0.3854
-1.9671
-5.2760
-5.1284
-4.3364
-12.4719
-16.1025
-13.4804
-8.6683
-1.8314
-2.5944
-6.5660
-7.1532
-3.1194
-1.0960
0.2083
-1.9200
-3.0858
-2.4300
1.6888
5.9613
4.3265
5.7396
8.9713
9.7122
7.3673
4.9867
4.0373
-2.4174
-5.7338
-2.2000
0.3022
1.1935
6.3033
7.7440
13.4951
17.6051
15.5749
20.5385
31.3261
33.6062
26.9579
23.5977
25.9754
28.1273
24.9353
20.0438
18.1539
17.2539
16.9486
12.0981
6.5145
2.7727
-1.5928
-3.5757

Coefficient 10:
0.5530
3.1617
2.4953
-1.4823
-1.9614
2.1792
-2.3877
-2.0755
0.8198
4.6774
5.6756
4.4691
3.5969
6.3438
12.3898
15.2722
12.7021
9.9045
7.5245
3.3243
2.9559
4.0662
4.5959
2.7722
2.5869
-3.4357
3.8806
3.7721
4.3131
2.8479
2.0559
0.1587
5.6151
4.7458
-0.4108
4.9338
-11.3225
-17.6741
-14.6996
-7.9777
-3.7220
-1.5031
-2.5724
-4.2921
-5.6824
-10.6339
-27.8435
-22.6880
-11.0930
4.4979
1.0867
-5.0199
-9.5149
-15.3714
-16.2974
-9.4177
-7.9735
-10.0987
-10.8052
-14.4649
-19.6768
-16.5965
-14.0044
-14.9105
-14.5137
-16.7961
-22.0576
-17.5646
-8.4931
-0.9846
-2.0951
-21.0886
-22.5188
-16.2315
-0.3093
12.6523
20.4740
18.8882
12.1422
8.5977
10.3454
15.8415
19.0590
15.6326
5.7382
-2.6810
-8.6320
-10.1258
-9.1502
-10.1002
-4.5633
-2.6590
-24.6972
-24.3290
-18.6690
-5.5921
-2.1143
-4.2015
-4.1612
-6.9986
-9.0277
-11.4088
-14.5970
-12.4744
-22.9964
-19.4984
-23.9356
-20.7420
-21.1232
-14.2075
-9.2340
-7.3901
-11.4514
-10.7981
-7.7519
-9.2600
-6.1051
-1.3301
-0.0409
-5.3306
-11.2902
-9.6215
0.0254
2.4151
-1.4224
-2.4259
-0.0344
2.5389
5.5171
13.1399
19.0971
17.3313
6.2699
2.6342
2.9191
0.3555
-5.4875
-11.5071
-11.5144
-17.3179
-19.5301
-18.1393
-12.0913
-8.9123
-7.6509
1.5164
-8.5582
-18.6949
-20.4415
-26.2901
-31.0001
-33.4588
-35.0558
-34.3632
-32.2779
-31.0083
-28.6162
-26.1321
-26.3525
-27.2795
-29.4482
-24.0526
-9.0379
5.5435
12.2779
12.4409
5.9919
3.9052
3.4436
6.2208
1.1240
-6.9242
-9.2008
-8.4771
-4.5518
0.1663
0.3987
2.7899
2.8034
1.5310
2.9223
2.0833
-0.3772
0.3995
2.1122
0.9669
1.6124
2.2137
0.0255
0.1402
1.0240
0.6509
1.9225
-0.8771
-2.4614
-2.4370
1.7682
4.3259
4.0589
2.4195
1.7985
-1.5951
-6.3713
-9.2855
-9.8039
-5.0332
-1.2698
-2.6190
-3.2697
-2.1044
-0.4744
-0.8081
-5.6339
-8.8286
-8.5258
-4.2676
2.3992
6.3771
6.9234
3.9432
5.3867
17.4848
23.7800
18.5805
11.6357
-24.1283
-29.5507
-24.4106
-20.3268
-9.5232
1.2571
3.5018
4.8462
5.4780
7.4667
7.2234
1.6127
1.5777
13.5022
22.1762
22.7862
24.2573
23.7026
20.8132
21.0406
21.9269
19.6576
14.8553
16.6023
25.0322
23.4993
14.0159
5.6036
-2.0613
-5.0886
0.5381
6.0261
4.5048
0.8959
-10.1334
-8.2271
-8.4926
-10.1929
-8.2903
-10.1925
-13.7245
-11.8902
-8.1964
-9.3065
-3.1416
3.0562
1.6794
2.6750
1.5494
2.5003
1.8511
-5.1621
-8.9286
-6.4907
1.3571
12.9084
31.8123
31.5529
19.8483
14.2489
4.2927
-0.6754
-2.2551
1.4333
2.8798
7.1955
8.3578
6.0414
8.0067
9.5867
7.4632
2.5873
-5.1408
-4.3586
-3.6745
-4.9119
-1.7470
-5.0453
-5.6299
-6.2724
-2.0890
3.3431
3.7512
1.6336
-0.2193
-2.2854
-1.5222
0.8231
2.3124
3.5115
4.3265
7.2528
-6.4630
-14.9622
-16.1450
-16.8789
-18.2756
-16.8515
-17.5047
-23.0011
-21.6618
-18.8088
-20.2326
-15.7313
-17.6341
-17.0630
-13.5550
-16.4492
-18.6908
-10.9638
-4.7561
-0.2332
-2.3891
-3.0955
-3.6948
-0.0385
0.4912
6.5194
13.9278
14.3714
11.0627
8.8090
2.9046
2.9468
5.8924
8.8864
10.1421
3.8466
1.2619
1.6966
1.6726
3.9114
6.6128
4.6795
3.4894
2.9198
-0.7846
-1.7118
3.1146
-0.1805
-0.1220
4.4126
7.7146
18.5057
11.7205
-27.5803
-33.5335
-29.2459
-22.3529
-10.9459
-1.3401
-1.8616
-2.1424
-0.8611
-4.8997
-6.5162
-2.9352
-2.9433
-4.9208
-5.5827
-7.6302
-6.6413
-12.2692
-23.0834
-23.5038
-16.8751
-5.1729
-0.0351
8.5598
13.6830
12.7796
8.4570
1.4553
-2.7612
-35.7903
-33.3167
-19.9782
-13.8415
-14.0288
-14.3174
-13.1719
-2.4471
0.7773
4.3253
9.2074
8.6791
8.4765
7.6102
6.3769
5.2993
4.8943
2.6418
1.3247
10.2036
15.4628
13.6394
6.7787
3.5583
5.3578
4.2905
1.9170
-1.7363
-3.2288
0.6225
5.6169
8.2499
8.2477
8.0679
2.8506
0.3971
3.6825
11.6841
12.7515
8.5718
4.4167
-1.0939
-0.5681
0.1674
0.9577
1.8503
-3.9195
-12.9583
-15.6919
-11.9650
-7.8704
-5.5221
-4.3972
-7.2310
-3.9679
1.4713
3.5667
4.2886
6.7568
13.1429
9.2620
4.4219
1.5109
-2.6590
-6.6788
-4.7730
-0.4794
0.9785
0.4962
-2.6313
-5.4574
-6.3130
-8.7561
-12.2860
-10.5993
-5.5173
-1.6804
-2.0024
-3.4752
-0.3877
-0.1690
-2.8272
-1.1321
-1.7142
-1.3235
-1.9389
-0.7252
0.3039
1.3535
0.9966
-2.4285
-0.0162
2.6575
3.3733
2.8068
9.5589
16.7824
23.6645
20.3651
14.1197
8.6744
6.3454
7.4954
5.4475
1.0787
0.7445
-0.4125
-6.0870
-4.2245
2.4670
3.1047
-1.1811
-2.0129
0.4035
-1.7691
-2.6808
-3.3289
-3.3980
-5.8462
1.9957
23.9186
18.3586
10.3888
10.1729
11.3080
6.9245
4.9515
3.8721
1.1306
0.5511
-4.0764
-14.3053
-9.1438
3.8536
-10.2214
-28.3913
-32.0776
-31.3014
-29.7659
-36.4873
-30.1525
-23.8012
-15.0595
-7.8848
1.0250
-0.5082
-7.5337
-9.1915
-4.6926
1.8477
-11.7329
-26.5019
-26.0597
-6.8797
-0.8497
-0.0374
-5.0926
-10.9960
-14.1737
-16.2123
-12.8390
-11.5812
-16.5767
-22.3667
-21.7505
-18.1815
-18.9624
-20.2411
-17.7622
-15.6347
-14.7315
-15.6485
-25.6981
-18.5325
-12.9624
-4.8756
-2.8956
-1.0032
0.5610
-1.7686
-9.5054
-12.7912
-14.2186
-21.7173
-26.6630
-22.2829
-14.7660
2.1597
18.9639
22.6627
18.2109
4.5023
2.6242
1.4092
1.5493
2.3201
-0.8120
-20.1538
-31.6560
-34.7893
-30.5633
-18.4030
-11.8053
-11.4520
-6.7077
0.2985
0.1195
3.6250
2.6178
11.7872
12.5574
11.9407
10.0487
6.5119
7.8512
8.3861
8.6347
9.7016
4.6208
-1.5425
3.2291
3.4535
6.7247
7.9114
7.3017
4.2809
4.7737
0.6747
-0.7851
-1.1838
-1.8426
-4.2373
-7.5506
-5.9270
-0.0946
5.6961
3.9544
2.9215
3.0949
3.0267
3.6116
3.3434
1.4857
-2.3770
4.6561
6.9428
7.1904
5.8320
-0.3073
-1.1530
-0.4631
-1.6444
-6.3056
-8.1650
-10.0568
-13.5774
-11.7070
-5.2926
-2.2245
0.7596
3.9275
2.5967
7.8363
8.8490
5.4851
8.7993
6.8298
2.6940
-0.6612
0.8947
2.7026
-1.0114
-0.6912
0.5883
1.9133
1.7941
1.4819
1.6694
3.9411
7.0773
9.2441
5.9902
7.9925
9.6995
8.8055
1.2990
5.5851
2.5419
1.0664
0.2995
0.9781
4.6557
7.2539
5.1727
3.0750
2.0499
7.6784
10.7301
6.4591
1.1289
0.7242
6.2161
11.5096
7.8106
1.1364
-1.2776
4.2471
11.4822
16.9881
16.3059
10.3107
2.9157
0.6019
-5.1481
-14.9936
-18.2540
-17.0197
-16.7771
-12.6310
-2.0020
3.4368
4.7095
1.8619
0.6844
-7.0028
-11.2555
-8.9995
0.5652
-2.9974
-7.6924
-11.6560
-11.5782
-6.3008
2.7308
7.0426
14.6374
18.7582
17.2607
12.1903
7.1078
-2.8154
-8.6714
-0.3368
6.2402
5.9904
4.4485
0.8264
-1.0125
-5.5732
-6.6133
-5.3308
-2.4773
-1.5739
0.2032
2.7875
-2.7110
-15.6527
-15.9734
-14.3700
-14.4403
-18.8586
-19.0713
-17.6100
-14.9663
-17.6145
-22.9252
-23.5954
-18.3691
-9.5057
-2.1723
4.3111
6.9672
2.8069
-1.8425
1.6249
3.1716
1.2373
1.5015
2.2232
-0.5252
-5.6006
-6.9831
-2.1832
0.6252
0.6686
0.6699
-1.5748
-1.3684
-2.9915
-0.0484
1.6855
1.7528
5.7089
7.2913
5.7028
1.7872
-2.1719
-2.3495
-7.3348
-9.3042
-6.9433
-2.5921
-0.4895
-3.4906
-3.6972
-0.2376
2.0804
1.5286
-0.4242
-1.1746
-1.7480
-0.7879
2.6653
3.3333
1.9035
7.4714
4.1822
-6.0274
-9.6207
-8.6785
-9.0769
-12.7805
-10.6527
1.3582
4.1898
-16.7324
-15.7883
-16.1068
-10.6179
-6.2222
-8.9394
-5.9676
-5.1131
-11.5301
-9.5308
2.8469
5.2471
2.6352
0.4037
8.0166
19.1954
22.7227
21.8241
12.8776
8.0388
7.8334
8.1716
4.5644
9.1186
14.9655
14.7081
13.8781
7.5722
7.7051
11.4020
13.9611
16.1791
11.4736
7.6353
2.0360
-2.1553
-0.5766
-1.1506
4.5115
-1.1532
-3.0372
2.4502
4.9429
5.8385
11.2193
15.1357
12.1315
12.4707
11.6448
8.0135
6.1303
17.9042
17.5827
14.2717
11.0276
9.5351
7.1531
4.4960
-3.6902
-8.4703
-8.7703
-9.0731
-9.8227
-11.7198
-10.2704
-16.5315
-20.4706
-14.9375
-9.6866
-4.7875
-4.7962
-9.4158
-9.4079
-10.4944
-9.2958
-4.2221
-6.6058
-2.3768
1.8594
2.3273
-1.0019
1.4515
-0.5725
-3.5489
-4.3554
-4.0436
-6.6412
-9.8889
-12.1827
-7.6024
-10.6907
-14.6298
-14.3293
-14.5796
-12.2286
-10.0502
-12.0650
-13.2988
-10.0486
-5.8578
-10.8013
-13.7971
-10.4716
-8.9950
-8.4823
-9.7736
-15.1005
-14.3143
-12.4371
-6.2084
-6.8439
-5.1061
-1.8719
-4.1747
-9.3920
-11.2239
-14.7787
-18.8192
-12.8947
-10.3775
-7.0070
-6.3525
-0.5099
1.3398
-7.0922
-8.8619
-8.8292
-8.3177
-6.8052
-12.0464
-14.0006
-9.0654
-3.6058
0.0111
-6.4005
-17.6109
-18.0939
-12.0808
-16.8931
-18.2601
-14.8299
-10.6032
-12.0743
-8.9233
-8.1893
-13.2877
-22.0933
-21.5544
-20.3480
-16.2293
-12.5319
-12.0628
-14.5621
-16.8836
-11.6992
-1.3066
-5.6471
-8.0229
-4.0635
-2.2009
-6.1530
0.1205
0.3557
-1.5330
-1.8880
0.0267
-1.1471
0.8293
2.3352
4.5144
4.7377
0.0252
-2.5518
-0.9796
2.0795
5.7895
8.9617
10.9129
9.6414
10.1109
7.2814
3.3780
3.2230
7.3337
6.6323
3.1932
1.0636
0.6885
-1.7292
1.3935
2.2975
2.5241
-0.6968
-3.9230
-4.2471

Coefficient 11:
0.5474
3.5977
-4.5495
-4.7625
1.6733
-2.2324
-5.6414
-2.9163
-2.0268
-1.3251
-2.7667
-4.7205
-6.8392
-6.4805
-0.7743
1.9941
-0.3533
-1.0759
-2.8980
-3.3565
-0.7626
2.2156
3.8203
5.0146
7.0657
3.8833
6.3371
6.1854
6.7264
7.2762
8.6168
9.4681
14.0014
11.0533
5.0860
8.3140
21.9774
14.9170
12.8385
13.4911
13.4988
11.5812
20.8207
25.5484
24.0072
20.2795
9.7359
0.3559
-5.5445
-5.1285
-3.9356
0.2136
4.9414
6.4176
8.0259
4.8323
-0.1189
0.5182
4.5202
10.1944
12.8747
15.0752
20.5445
17.0406
13.9332
1.8069
0.3951
-4.9828
-15.7958
-19.1008
-17.1084
-17.5660
-2.8507
4.7536
14.7553
16.0435
16.4077
13.8342
9.3151
10.1963
6.6094
-5.0679
-5.7987
-12.5460
-20.1708
-15.1825
-8.4431
-5.3652
-3.9085
0.1604
-2.7466
-12.9288
-18.5819
-15.1821
-21.9318
-12.7271
-4.8476
-3.2878
-4.4412
-7.1591
-13.2524
-15.4233
-14.4557
-13.1206
-16.0076
-17.4298
-17.9340
-11.3888
-11.9517
-23.1303
-32.9464
-38.4403
-43.7813
-41.8025
-23.9592
-14.6546
-11.0971
-3.5235
-3.3619
-7.3652
-10.7152
-10.0191
-6.4852
-12.6712
-11.3268
-11.3752
-6.4177
-2.9663
-4.8060
-9.0435
-13.6805
-13.4250
-11.6867
-13.8865
-15.3834
-13.0871
-12.4129
-14.2788
-17.5636
-20.9390
-26.6587
-30.7954
-33.5983
-27.2743
-11.3109
-1.4495
-2.6592
2.5591
2.7235
11.2932
15.4909
11.1151
7.3211
0.4052
-7.0588
-14.1599
-22.5106
-20.2197
-21.2780
-26.2101
-31.8883
-42.8401
-44.4571
-38.6802
-25.9353
-14.8851
-14.7115
-18.1360
-13.5500
-9.0367
-13.5560
-20.8050
-21.9031
-13.6293
-6.4902
-0.8507
0.3730
1.4859
1.2837
-0.1148
0.5348
0.1964
0.2305
0.1818
0.4846
-0.2624
0.0242
0.6048
-1.3481
-1.2936
-0.3526
2.3317
5.7019
3.6676
2.2388
0.0471
1.6679
5.5444
5.7388
2.2133
0.7232
-4.1213
-12.5503
-15.7350
-14.9484
-9.0615
-3.4889
-4.3281
-5.7399
-5.2656
-3.8163
-4.7846
-10.6851
-12.1940
-7.8966
-4.5110
-0.5836
-0.8639
-5.2814
-9.6922
-11.8400
-12.3179
-15.3243
-14.0989
-15.5172
-26.2325
-18.2892
-10.1299
-6.6187
-0.2659
4.6769
-2.3892
-8.7002
-11.6047
-10.3474
-8.6801
-8.2657
-0.4527
6.7565
10.5375
6.4708
-1.7585
-11.1474
-17.7861
-22.4489
-22.9706
-11.7730
-8.0036
-7.3237
-14.4158
-24.7998
-22.9503
-17.5514
-13.6428
-9.7608
-4.6329
-2.0870
-1.8162
-0.3494
-11.1123
-27.8702
-32.6895
-32.5218
-31.3501
-21.1724
-14.2446
-13.8976
-12.2218
-9.0101
-5.0147
-2.1411
-0.6659
1.0663
0.4865
4.6623
4.2346
-8.6684
-15.4257
-14.4880
-10.7223
-16.2655
-10.9377
-9.3098
-0.1179
-0.6196
-8.0193
-10.1244
-7.7645
-6.0922
-5.5758
-4.8253
-2.9928
-1.9080
-1.9315
-1.2979
0.0897
2.3687
-1.6621
-3.2702
-4.2170
-1.7888
4.7433
3.9039
4.1331
5.1082
-0.1229
-3.5976
0.0567
3.6430
0.6729
-0.9036
0.3353
0.7683
0.7661
2.3769
1.9912
1.6258
-6.0850
2.1773
-1.0890
-3.0143
-0.8978
-3.4691
-5.6471
-12.7832
-20.8448
-21.9455
-24.0889
-27.0746
-24.8966
-26.8882
-28.3962
-18.4935
-10.8377
-6.4538
-8.2689
-6.1493
-6.8589
-8.4902
-11.6349
-8.5502
-10.1444
-14.2285
-20.8362
-26.0165
-24.6226
-18.5638
-15.9319
-14.6277
-12.4839
-7.6108
-2.5994
-4.4790
-3.5232
0.4753
0.3025
1.9839
3.4393
1.4666
4.9333
5.5158
1.1062
0.6553
5.8845
3.6027
2.8325
8.1619
13.1539
13.4059
6.1655
-1.2601
0.2922
-2.2934
-10.8165
-18.1051
-26.1862
-29.5781
-26.7082
-18.5790
-11.7486
-10.2706
-4.6748
3.2832
9.7938
9.4537
4.5503
2.9478
3.6534
0.8850
0.0245
-3.6061
0.1880
-2.7277
-2.2828
4.5433
7.4461
7.0076
5.2402
7.8845
3.8294
-5.1922
-8.3330
-6.2170
-1.9868
-7.2552
-20.1669
-24.8150
-17.1768
-7.0603
-0.2953
0.0810
-1.3680
-1.3577
-2.5226
-3.1062
-5.0385
-5.0767
-2.9546
-4.1217
-8.1564
-11.3936
-12.4971
-10.4422
-7.8264
-8.2414
-8.1756
-8.2929
-10.1326
-7.8115
-6.3238
-6.2126
-6.8342
-4.4968
-6.4544
-4.8644
-1.4074
4.8178
5.0508
0.9470
-5.4145
-9.3577
-6.7636
-2.2085
-0.7407
0.3899
-4.6964
-12.8690
-14.1248
-9.6254
-7.0299
-8.5145
-3.0326
-2.6124
0.6682
5.3948
7.4843
9.5672
11.0982
13.0207
11.2923
5.0026
-0.1922
-10.5330
-15.2998
-13.6284
-11.1138
-6.4586
-3.1392
-3.4655
-4.0236
-7.0043
-7.2627
-5.2107
-5.6805
-14.7882
-16.8774
-12.0909
-8.2718
-4.9451
-1.8030
-1.6595
-3.0775
-3.6946
-2.7344
-4.0317
-2.4938
-1.2214
-0.9307
-2.4757
-3.0140
4.8465
10.1393
5.7697
3.6077
9.6100
11.7620
9.7001
4.7410
3.9805
1.6638
-2.1259
-0.5171
-2.3165
-4.8966
3.9108
5.3367
-1.6414
-4.4871
3.5287
5.6786
0.3957
-2.8607
-0.5759
-2.4428
-3.6968
-5.4395
-6.1788
-7.5158
2.5173
6.1233
1.6329
3.0966
10.5749
8.2875
4.2418
6.1075
5.3083
1.2272
0.8755
-2.7267
-1.0521
9.1823
14.2278
-2.5285
-3.4155
-4.3850
-4.7733
-8.0822
-16.0632
-13.8706
-8.7652
-13.5608
-18.3848
-13.2646
-8.7780
-2.8970
-0.8917
0.1571
1.4961
15.1609
10.9453
4.1734
10.9885
0.7472
-3.0876
-3.0608
-5.3601
-5.6583
-5.6209
-15.6445
-24.2799
-23.7960
-17.3178
-15.0228
-15.9827
-12.7251
-13.5393
-20.1145
-24.3524
-16.0192
-7.0169
-24.2298
-21.7538
-16.7632
-12.2382
-11.8950
-9.4216
-4.2881
0.8863
-6.5780
-14.0466
-16.2859
-14.7875
-4.2463
4.1422
7.7763
-2.4806
-8.3048
-7.6893
-5.2910
-5.6865
2.7836
6.3191
5.4299
4.8959
1.6920
-10.4044
-10.1484
-5.0758
-0.0416
8.4548
13.0072
12.3443
3.6037
10.1448
8.8132
7.5688
10.5785
1.9739
-8.2717
-14.3364
-15.7378
-15.2491
-12.9380
-6.2597
-2.8460
0.6394
4.3505
1.3208
1.9705
0.6703
1.4826
0.5841
1.2761
1.4629
2.1424
-0.6546
-2.3651
-2.4299
-1.1950
-4.1411
-7.4264
-5.7273
-0.9137
4.1216
3.0454
2.4235
3.2495
2.2132
2.2549
2.3784
0.9981
-0.8610
11.2340
11.5652
7.8544
5.0225
-5.0559
-6.5390
-4.5199
-5.0689
-8.4189
-9.0683
-7.1673
-8.6730
-7.8189
-7.0856
-4.4459
-0.2753
2.1648
1.3040
5.4802
4.6303
1.7669
-0.0291
-6.6255
-13.1895
-14.2430
-8.5794
-6.2601
-6.1771
-6.4684
-4.9496
-2.0640
-2.9071
-6.0065
-6.9416
-4.0158
-4.3313
-4.6208
-9.0340
-8.7983
-5.0492
-1.7778
-3.7755
4.4498
-2.2745
-8.9772
-9.1188
-4.9491
1.7486
5.3111
4.3714
4.0434
6.1841
14.2496
15.5126
6.7732
1.9730
1.1188
7.8194
14.1577
9.1328
-0.7102
-3.1229
3.3673
10.8180
12.0850
9.2140
6.7046
3.0930
-0.4688
-3.1080
-6.2567
-6.7952
-7.5517
-9.0557
-7.0880
-6.2793
-6.9271
-8.9065
-12.2421
-11.7417
-9.7487
-0.7259
3.1568
3.1870
-4.0120
-13.9050
-17.8248
-19.2769
-17.1422
-15.0621
-15.4590
-16.0628
-26.5255
-31.6341
-35.5134
-36.0364
-27.6752
-15.9303
-2.6345
2.0157
0.4662
-1.2558
-1.5380
-3.5347
-7.5405
-8.4624
-6.2575
-2.2780
-1.2711
1.9354
6.2634
0.0319
-7.9129
-3.4517
3.3258
2.9104
-3.2137
-7.7733
-15.0882
-13.7035
-15.6996
-20.8140
-19.3589
-16.4662
-9.2319
-4.3708
0.3131
2.7239
0.0389
-3.4029
-1.0543
-0.7314
-1.8923
-0.5043
0.4685
-3.0749
-10.7155
-13.8089
-5.1386
-0.2467
-1.1783
-2.8475
-3.1227
-1.8446
-4.6312
-0.6992
0.2832
-0.0037
0.7958
2.4602
2.3638
-1.4648
-4.1143
-3.3830
-9.5940
-11.6278
-10.0851
-6.5491
-5.8339
-10.3516
-10.4296
-7.1832
-6.8430
-3.8361
0.4249
-3.3030
-3.8888
-4.9965
-7.7457
-11.4302
-10.3072
-13.2845
-17.7967
-17.7089
-16.5624
-14.8675
-16.1597
-20.5141
-23.2070
-11.4249
-3.3584
-36.5020
-40.7953
-42.5517
-40.0731
-30.9194
-27.5966
-21.3673
-16.1736
-10.8674
-4.3707
-19.8340
-32.0934
-32.7217
-31.1274
-28.5907
-36.6432
-33.4181
-30.1860
-28.2318
-25.3980
-24.0364
-17.4513
-20.6088
-23.6759
-21.5784
-20.8192
-15.6971
-16.6039
-11.8203
-10.7845
-7.8811
-1.7433
2.0475
1.6770
-2.9956
-5.3116
-4.2965
-13.5095
-23.7326
-32.5414
-29.4278
-28.8037
-22.0470
-17.7340
-19.7973
-21.7112
-23.8798
-26.4071
-17.4400
-4.7394
4.1821
11.3870
10.1354
1.1391
-4.5308
-5.9969
-9.9770
-9.9295
-3.1354
0.1411
0.4012
0.3382
-1.0945
-7.7209
-15.9177
-25.3390
-28.1863
-26.1198
-20.7529
-14.1826
-18.6037
-22.7634
-27.0942
-26.9644
-34.5364
-35.6312
-33.9057
-26.9615
-10.8250
-3.7818
-6.3961
-20.2947
-19.8523
-13.3491
-5.8422
-5.9137
-8.9871
-9.5072
-10.5327
-13.7710
-19.4146
-23.0368
-17.5281
-13.8794
-11.2521
-11.8109
-12.0759
-13.7551
-12.1151
-8.4972
-14.4342
-17.1812
-14.9737
-15.2693
-14.2732
-14.0980
-15.6816
-17.6500
-19.8724
-13.0181
-11.3776
-14.0483
-13.7426
-14.1142
-12.0436
-11.2607
-16.3405
-17.1403
-20.9435
-13.0633
-9.1659
-9.5145
-2.0922
1.2420
-3.2203
-9.1610
-5.5774
-6.3289
-6.0451
-8.8345
-12.4098
-15.9345
-15.7599
-18.1564
-25.0300
-28.5587
-33.0303
-36.3213
-39.5562
-31.4538
-23.4716
-19.6514
-19.4701
-16.4398
-13.6238
-11.7833
-17.9102
-17.1628
-17.1589
-14.8778
-12.9631
-10.7579
-9.3165
-16.4501
-14.9461
-4.6714
-7.6560
-10.5356
-5.6992
-5.3254
-11.3202
-7.2564
-4.9026
-4.0573
-5.2215
-3.4310
-3.6586
-12.0875
-16.5298
-14.6041
-12.9592
-19.0776
-16.6325
-9.7013
-6.1020
-3.9095
-2.1036
-3.2973
-1.0178
1.8646
1.1756
7.2154
9.4903
9.6560
13.8544
13.4634
11.6734
4.4930
-1.5692
2.7061
3.9294
-0.9390
-2.9342
-4.7843
-3.3734

Coefficient 12:
0.5413
8.1000
3.6015
-9.2122
-11.8801
-11.2901
-6.8260
-2.7477
-4.2355
-5.3874
-8.2373
-10.7561
-13.2904
-15.0810
-11.0713
-7.0830
-9.2620
-10.2423
-9.7564
-7.0842
-2.4320
1.3215
2.8365
3.4640
4.4852
1.5193
-0.2662
-0.1628
0.0441
2.5653
5.7906
6.5122
7.6563
4.3560
2.3074
5.0520
9.1395
8.5886
5.1080
-4.0005
-4.0392
-1.8844
5.6561
7.5947
6.3287
9.2913
8.8266
8.7238
10.3177
9.5944
2.9800
0.7260
5.2891
9.1438
9.6840
5.4977
-2.4180
-4.1900
-3.9789
-3.5927
-5.2711
-4.9413
-5.4349
-7.0766
-9.6720
-10.6577
-4.8229
-10.1282
-23.3360
-26.7616
-29.5750
-18.6138
-10.8756
-9.9067
-7.4186
-8.6337
-10.4875
-13.5270
-11.5129
-9.0087
-8.9904
-12.3498
-16.0853
-19.8953
-7.9359
-4.1203
-4.1945
-8.1189
-10.2367
-13.4559
-17.1504
-14.0510
9.2315
8.9364
3.3006
2.2409
-2.1235
-3.2941
-2.3039
-0.8935
0.0995
1.6253
-0.3985
-17.4907
-21.4916
-18.9549
-12.7753
-4.6699
-5.0375
-11.5090
-18.4463
-31.4131
-35.5746
-32.9742
-18.3405
-8.3205
-5.0132
-3.5631
-0.9675
-7.1977
-10.7146
-8.4782
-11.8339
-12.5767
-13.4343
-14.1677
-11.0463
-9.9116
-10.4687
-9.6000
-10.8162
-10.2101
-7.1105
-10.7016
-14.1984
-12.6914
-11.0120
-4.9911
-3.4002
-9.2467
-12.8730
-17.9088
-17.3946
-9.8440
-3.1353
-3.4435
1.4172
13.0248
12.5002
5.0060
-4.4684
-6.5030
2.6110
9.5167
7.8584
7.6184
3.4805
-4.0055
-11.2631
-14.2142
-10.4266
-3.5790
-4.1628
-11.9840
-18.2668
-21.3032
-24.0781
-26.4100
-25.6349
-18.4484
-6.3537
1.4576
-2.1822
-6.0419
-7.3326
-1.7589
-0.3256
0.4029
-0.0202
-1.4352
-1.0952
0.3888
1.9551
0.6392
-0.7617
-1.1449
-1.2246
-0.5344
-2.1546
-2.2695
-1.0116
2.4674
4.5443
3.3594
2.2327
-0.4897
1.9636
6.9946
7.7652
2.4720
0.4983
-3.9917
-9.3992
-9.6857
-8.5306
-5.5934
-3.4016
-3.1819
-4.0250
-2.5870
-1.4303
-3.1871
-6.4940
-8.0412
-6.8968
-5.2936
-0.0469
-1.1289
-6.2254
-11.0761
-12.7732
-9.5287
-5.8086
-4.8844
-7.7334
-14.0102
-10.2092
-3.4213
1.3378
0.3447
3.6434
3.6641
-6.2388
-10.7215
-12.4453
-13.3132
-13.7442
-12.1529
-11.3556
-10.9426
-16.8082
-17.5276
-17.8535
-16.4345
-8.3155
-3.5205
-5.1472
-4.8947
-7.0618
-1.1498
6.1488
3.0203
-3.6076
-8.0631
-4.3708
-4.1007
-9.9129
-8.7901
-0.5290
2.0280
-5.6893
-12.9252
-14.6739
-16.0417
-18.0818
-13.1117
-9.4388
-11.4960
0.0557
1.0083
-2.2103
-2.8833
-0.9109
-0.4283
3.5415
2.6591
-3.7521
-4.1774
-4.6864
-6.1658
1.6121
8.6950
10.2729
4.5965
-3.0712
-12.3593
-12.2584
-6.8828
-7.7544
-8.2422
-11.7119
-10.2767
-10.4488
-6.1964
-5.2463
-4.8620
2.0240
3.0024
-1.0910
-3.8985
-0.5346
5.7885
5.9532
5.5864
3.9086
0.1924
-3.9622
-0.7014
-1.4678
-0.5807
0.7031
2.2275
0.4157
-2.2869
-1.1760
-2.2203
-4.6241
-14.4007
-16.7043
-14.5274
-12.4475
-6.5076
-9.7037
-9.0936
-2.5236
2.2411
-0.4777
-2.2717
-2.1527
-7.6187
-8.3399
-10.6850
-8.5582
-6.8111
-11.4908
-15.7375
-16.2319
-13.7952
-9.9801
-12.8373
-12.5718
-14.1276
-15.9659
-17.1270
-23.9824
-19.0335
-16.4103
-23.1681
-22.0234
-20.1384
-14.7333
-8.9337
-7.5462
-4.5851
-0.3517
-0.6416
0.2207
0.6731
-1.0998
2.8660
0.3436
-5.0647
-5.4126
0.7114
0.0663
4.7486
7.0598
6.0483
2.4522
-8.9022
-10.7536
-7.8806
-11.5145
-7.6893
3.3775
0.1667
-4.1346
-8.7316
-1.9479
3.4014
2.6287
0.8196
6.8199
13.7293
11.6687
4.4952
0.6775
8.0463
15.5724
15.7012
12.5610
10.1814
3.3422
-0.4737
-1.3463
-2.3006
-0.3505
3.2971
5.2230
9.4502
10.0725
5.3662
0.9817
2.3602
8.6422
14.6245
11.4079
-0.3759
-6.0205
-1.5961
-0.8359
-3.0901
-3.6011
-5.2605
-5.5356
-7.2380
-6.6681
-2.9897
-14.1934
-20.6982
-18.0003
-5.5791
2.3514
4.6519
3.8482
1.6078
-2.8756
-5.8102
-5.6766
-5.8995
-4.7502
-6.1792
-5.8201
-7.2704
-5.6606
-2.5159
-0.2441
-2.0141
-5.0643
-10.1577
-10.4914
-7.0248
-2.1619
-1.4773
1.2236
0.8525
-3.3212
-2.5818
-0.6061
-2.1397
-7.5041
-3.6163
-1.7208
0.7838
3.0089
1.8565
-4.2507
-6.2661
-5.7221
-6.7310
-3.3174
-4.2472
-5.7627
-4.7679
-1.8477
-6.2415
-9.3605
-3.1113
3.7997
5.6182
3.6090
1.8909
6.7221
9.1131
5.3067
-0.7014
-3.7633
-2.8621
-0.0996
0.7109
-2.8083
-6.1991
-6.8796
-6.7713
-6.5073
-4.3191
-2.8606
-2.6720
-0.8079
8.3536
10.7321
3.8562
3.6942
4.8673
4.1143
1.8264
-7.8865
-12.8426
-10.0840
-10.0213
-14.4873
-8.3648
-5.6862
-5.6182
-0.2600
2.8281
-4.1299
-4.0032
4.6605
6.8544
1.7447
-2.9764
-0.9721
-2.3109
-3.9819
-6.4671
-6.6001
-6.0035
1.3859
19.1033
18.6762
10.3430
3.3767
0.0099
1.6161
6.3522
6.6623
2.1410
2.1426
2.4282
17.4476
22.2117
20.6758
9.1719
5.1131
-0.2982
-3.0203
-0.6078
8.1077
13.5906
19.2988
13.0720
1.6492
-5.1083
-6.6634
-6.0725
-6.8785
-8.4757
-7.0824
4.6437
13.3138
14.6851
-0.4015
-10.3205
-9.7913
-9.8735
-8.5305
0.6665
5.9292
9.1035
12.8846
11.5444
9.9216
18.3990
14.6125
4.0351
8.4501
16.0244
14.3697
8.6135
7.8262
26.3274
35.6619
29.8635
19.0119
8.0815
3.1056
6.0731
10.2304
-3.2476
-11.5194
-11.8619
-5.1603
7.9608
14.4461
11.2485
8.7377
6.8559
4.7455
1.7294
2.9105
9.1611
9.4155
7.9564
6.7263
3.2155
3.8467
11.6045
14.0264
12.5490
11.9558
15.7594
16.0952
6.8520
3.8278
7.9673
6.9047
5.5973
-4.9325
-11.8952
-17.0291
-17.8116
-20.2192
-22.6298
-26.3316
-23.0131
-16.8076
-11.0401
1.7833
1.2471
-1.2044
-2.6606
-5.3609
-3.4191
-0.7300
-0.0177
-1.2936
-3.3373
-2.9465
0.0633
-2.7399
-5.9484
-4.4521
-1.0728
2.8526
2.5347
1.6756
2.7838
1.5573
0.8786
1.4931
0.7051
0.1519
3.7688
7.3869
8.7689
5.2808
-3.2025
-9.6046
-8.0416
-6.5809
-6.3399
-4.1755
-0.3018
0.4570
0.0156
-2.0827
0.4557
3.2880
2.2355
2.1038
4.8656
2.6932
2.0390
2.1687
-6.3644
-12.1723
-13.8278
-11.0634
-9.6489
-7.4178
-7.2295
-5.0724
-3.0504
-4.6066
-8.8806
-10.6800
-8.0703
-8.9888
-9.4197
-12.6721
-14.0534
-9.0977
-1.3772
2.3680
5.9708
8.0511
8.8887
8.2122
7.4794
5.7619
2.5181
1.2403
3.4044
9.5412
12.0387
9.3236
4.1734
3.2384
-0.6571
2.7350
8.1161
5.5742
2.3760
0.4576
4.7058
9.9911
8.1840
3.9641
6.2653
3.6095
-0.4387
-2.2051
-2.6707
-6.1392
-9.1961
-6.3432
-5.4833
-6.0998
-3.0604
-0.1116
-3.0032
-5.8375
-8.8754
-0.6143
2.5761
0.6574
3.9673
4.2620
7.1999
5.1532
1.0360
-8.0850
-12.5938
-6.3559
-7.2262
-7.8267
-4.8790
-2.0384
2.3141
-4.0914
-2.6966
-2.2221
-3.5636
-4.5832
-3.0773
-4.2496
-6.6435
-8.7112
-6.2159
-1.7864
-0.4481
0.9421
7.0411
-0.3707
-10.1779
-10.5837
-5.5678
-1.7489
-1.4504
2.7401
-4.2269
-11.3813
-16.6087
-17.9260
-17.2595
-10.3010
-5.0452
-4.8833
-3.0021
-0.3675
-1.3412
-4.2308
-2.8779
-3.1834
-4.1718
-1.8831
-0.7710
-4.8079
-10.2343
-10.2704
-4.9347
-1.2198
-2.5064
-5.8911
-3.9773
-0.5409
-3.9565
-1.0577
-0.7427
-0.6905
-1.1770
-0.0459
-0.4647
-3.5340
-4.6810
-3.3583
-8.9410
-12.3295
-12.8258
-7.4248
-6.6758
-10.8608
-11.3428
-10.9618
-12.3465
-11.1326
-6.3879
-3.5457
-5.5007
-6.2783
-12.2173
-16.7763
-13.0949
-9.0534
6.2281
9.1607
9.5793
6.3110
4.3462
0.1526
-4.1183
4.0100
5.9145
-15.9013
-15.1339
-13.3614
-11.5011
-9.2250
-10.6996
-16.0418
-17.1262
-11.5104
-7.2067
-9.4976
2.8613
11.2910
15.5267
10.6039
5.3095
0.9092
-4.5456
-9.7876
-16.1690
-15.0485
-14.9290
-9.8209
-5.6206
-2.6886
-6.5483
-13.4464
-7.5652
-3.4377
-1.0054
0.2001
1.6870
-1.2114
0.0986
-0.3551
19.5853
23.8635
16.4367
12.2214
8.0127
3.6060
3.1421
6.1295
3.9483
-0.4125
-10.6004
-15.0543
-11.8155
-11.6254
-6.5617
-4.6323
-19.9283
-27.0041
-27.7377
-22.8125
-20.6738
-7.4520
6.2693
11.4085
11.0854
7.4476
3.9023
-1.0589
-8.1628
-13.4713
-6.0006
-3.7465
-4.7127
-6.5366
-6.4120
-9.7398
-3.5994
0.5703
7.7864
6.5104
3.7797
-0.9724
-9.8641
-13.5503
-8.2353
-1.0847
3.4619
-1.1943
-6.6835
-6.0356
-7.3099
-10.3615
-5.5949
-8.4231
-14.3664
-20.6901
-25.9622
-22.9486
-18.1338
-14.7263
-12.6663
-10.6428
-12.3975
-12.4161
-10.2204
-14.3958
-16.7907
-16.1280
-16.3020
-15.9022
-15.0521
-13.8525
-17.9340
-22.5869
-18.6093
-16.0654
-21.3755
-23.2797
-20.1592
-17.1769
-15.1318
-15.9016
-18.9450
-17.1093
-12.9346
-7.8936
-5.7826
-4.9092
-3.7865
-4.0271
-8.4252
-7.3748
-12.0457
-11.1023
-11.8154
-13.4131
-17.8007
-21.2427
-26.8939
-32.4196
-28.2165
-19.8930
-9.3464
-11.1681
-19.4230
-25.1137
-22.9960
-24.1143
-24.3225
-19.4635
-15.8066
-21.1567
-29.2985
-30.9429
-33.3659
-31.8425
-26.4164
-21.6821
-26.0415
-28.2501
-20.6739
-14.8298
-10.6553
-10.9173
-14.3445
-14.4664
-11.9959
-7.5946
1.5534
0.5179
-2.2693
-1.5721
10.6505
13.9509
11.4932
3.1590
-6.9332
-8.4892
-7.4407
-5.1833
-4.6811
-2.1666
-7.7591
-16.5055
-18.5012
-17.7656
-12.5778
-11.2753
-11.7809
-10.0208
-8.2846
-7.9267
-9.3424
-11.4398
-11.9230
-5.9695
-1.3371
-1.5454
-2.9241
-1.6931

Coefficient 13:
0.5346
7.4667
6.0131
3.2555
0.7992
-5.5221
-5.7843
-0.2476
-0.2253
0.5440
-2.3534
-6.3919
-8.7245
-8.4079
0.5610
4.0454
-1.2465
-4.9443
-4.4928
-5.9461
-0.9278
1.9047
1.7565
-0.3737
-1.6992
-6.2413
-12.0888
-14.1690
-14.2444
-9.1009
-3.2494
-3.0184
-4.5305
-7.2814
-4.8600
-1.4671
-7.9432
-6.1564
-5.2733
-1.2186
-5.2147
-4.5747
3.3509
7.7396
9.6015
13.4044
4.5038
1.9914
2.2259
4.9697
11.3973
19.7514
13.8666
3.6715
-3.5986
-5.3038
-7.7128
-7.5335
-11.4851
-10.6302
2.3744
6.4226
3.2894
-0.4102
-6.1939
-5.0240
-1.4282
-0.3452
-4.3424
-6.9697
1.5202
15.6645
8.0460
2.3434
1.9873
1.0634
2.5596
1.1727
6.1190
10.1897
8.0055
-2.0547
-3.1971
1.6500
16.4932
17.1993
14.5430
7.6664
-0.0943
-6.0863
-8.4768
3.5663
13.0119
10.6325
17.3603
11.3784
1.6927
-5.5770
-2.1837
0.3090
6.3616
11.5831
-3.0723
-15.9578
-5.3923
5.6872
7.1331
8.3427
11.9046
11.1154
5.2553
2.2032
3.5351
1.4296
-0.6386
12.4920
16.9779
15.1166
11.3745
8.3945
8.1555
8.5318
4.9433
3.7907
3.7337
-1.7742
-7.9933
-9.2105
-1.9683
7.8736
12.0914
12.2911
7.1422
3.2329
-3.0048
-6.7080
-2.1365
6.4172
8.7879
5.0916
4.2874
0.1507
-9.0426
-12.2974
-13.7723
-3.8453
-0.6440
-6.3309
-13.5178
-31.1160
-36.8689
-31.9466
-25.2282
-21.1203
-17.9611
-16.5916
-16.7046
-10.7665
-6.7773
-4.4244
4.1997
17.8659
24.5415
17.5043
12.0366
5.8876
2.2863
1.8465
-3.0757
-10.8527
-8.5065
-1.9938
-7.8885
-10.2257
-7.6361
-2.5786
-1.8905
-0.4969
-1.0871
-2.4006
-1.7462
0.9604
1.7857
-0.2556
-1.6120
-1.7466
-2.1645
-1.2662
-2.5078
-2.8897
-1.5316
-0.0374
-0.8068
-1.9780
-3.2063
-4.5313
1.7487
6.6362
7.7774
2.3472
0.7222
-2.3388
-1.3812
1.8009
2.4642
1.0909
-1.7650
-0.3793
-0.0772
2.6361
3.2792
1.3543
2.7447
3.9111
4.4634
2.3344
2.3712
6.6688
8.3296
5.7723
1.9629
4.9532
2.2303
-5.0320
-10.0315
-20.1834
-14.0532
-7.4016
3.8985
4.7668
7.6123
4.5469
-4.9883
-5.2357
-0.3604
1.8550
-3.5289
-11.5623
-15.6096
2.9686
10.6887
7.0685
5.5991
5.3502
1.0081
-6.2832
-11.6271
-8.3897
-9.7698
-1.6113
11.5613
15.4621
9.3055
-4.8552
-6.6062
-1.8172
-4.8816
-3.7632
2.4088
-3.4683
7.3787
14.6361
10.9556
2.3351
-2.9073
-0.5784
-5.3203
-8.7292
-5.1450
-1.2342
-1.2073
-3.9291
-1.6773
-0.6593
-0.4969
-2.5038
-1.6814
0.7894
-0.6735
-1.0981
-4.5122
-3.9767
-1.6053
2.8562
0.0870
-9.1206
-8.3946
-2.6139
-4.6639
-5.4299
-10.4847
-9.6085
-14.7292
-13.4142
-8.8561
-7.2182
0.2402
3.4923
-0.7819
-2.9944
-1.9276
-0.5737
-1.6427
-3.1722
-3.5206
-6.2748
-10.1520
-4.9771
-3.8774
-2.7041
2.1765
3.5299
0.8698
-0.8975
0.8705
0.7225
0.7228
-11.3393
-10.6672
-5.3663
-2.7001
-2.8563
-6.3078
-8.4164
-10.1308
-7.6517
0.7559
11.6845
13.0838
7.9011
6.3674
10.6953
15.2994
14.1010
1.8764
-9.4088
-13.5698
-12.3323
-9.6010
-8.1492
-4.6819
-2.7136
-1.1761
1.7445
-1.3286
-4.9364
-6.1624
-8.4356
-7.8515
-5.2947
-3.4805
-3.1142
-2.9438
-1.5187
-1.0199
-1.3943
-1.3915
-0.9773
-2.0498
-1.3054
-8.0704
-13.3411
-12.9742
-6.1324
-5.8363
-2.0074
-4.6134
-10.8356
-1.0983
-2.3728
-17.9033
-17.9404
-11.2924
-2.5976
4.2109
8.4715
17.1329
11.2248
8.7900
5.1949
3.7961
5.4611
5.1649
4.8968
2.5082
-6.8376
-9.6619
0.0796
13.3375
15.6166
9.4173
6.2309
7.4394
5.9965
3.7222
1.7037
-2.0279
-2.7664
-0.4037
-8.7625
-2.5032
-1.6549
-13.5715
-18.8446
-14.0107
-10.5073
-6.7790
6.1892
5.8336
7.2219
6.8114
3.9069
1.6484
-1.1182
-1.5957
-1.7014
-2.7454
0.6532
2.0634
2.7889
5.3300
11.1454
12.3950
12.3120
11.9407
9.3934
2.9955
2.8058
4.4674
5.0082
8.9767
8.2622
5.3129
1.3392
-1.9275
0.1272
0.1438
-3.0568
-5.5230
-6.8087
-4.2501
-1.8883
0.0333
-2.0117
1.3484
5.7311
5.7260
7.5949
7.0063
2.3776
-4.5054
-5.7888
-4.9898
-2.6904
-2.2077
-5.9179
-16.4854
-19.9374
-19.1715
-17.3332
-10.4673
-10.9540
-11.0908
-9.4627
-15.6211
-22.0628
-20.4219
-14.9010
-9.2100
-11.0794
-11.8379
-9.0464
-6.0548
1.0297
5.9100
-1.6607
-10.4700
-14.7644
-10.9787
-4.5097
-3.1192
-7.1902
-9.6801
-10.8729
-8.4043
-5.5396
-4.1842
-4.2226
-3.4791
3.6453
6.0849
2.4466
0.3446
2.4555
-0.1500
-7.0104
-12.4610
-11.6846
-7.9005
-8.2502
-14.5970
-7.2725
-2.9139
-2.4266
-10.3234
-12.3489
-10.2417
-2.3827
5.2787
6.2286
2.2635
-2.5467
-1.0632
-1.7260
-3.7370
-6.4542
-5.2925
-2.9241
-1.3656
-12.5558
-14.5342
-8.8245
-8.4747
-5.2164
0.2109
5.0864
6.6374
2.8064
2.7818
2.7643
0.6468
0.3052
3.1414
-0.7624
-7.5995
-10.7612
-13.1023
-14.5098
-7.2748
-2.0128
7.5628
18.7296
14.3200
8.9988
5.9000
3.6019
1.1319
3.8573
-3.0893
-12.9869
-10.9275
-9.7843
-9.7522
-6.7899
-13.2129
-9.3480
-3.7764
3.2128
9.9803
15.5685
15.5304
13.9620
15.2928
14.0747
11.7105
6.8445
-0.8954
-4.6131
-1.1063
1.6595
5.8563
12.6558
13.2798
14.1118
11.5671
12.0401
12.5200
11.5301
7.5859
-2.0013
-6.0063
-2.0759
3.9942
7.4198
8.9895
-1.8789
-8.4158
-7.8684
-7.1722
-15.9439
-6.6551
5.9241
8.3713
8.2943
7.1278
3.0305
11.7769
13.9239
9.5985
-0.5325
-8.8855
-4.9476
-0.9429
0.5719
4.4599
4.5415
0.5460
4.0896
-0.6388
-3.0027
-5.7126
-3.4092
-1.4278
1.9933
1.7802
-0.5045
0.3113
-1.6994
0.2474
0.3805
-1.7918
-3.7953
-7.1254
-4.9455
-1.8173
-1.0245
-1.0984
-3.4853
-2.6000
1.4762
-0.5399
-3.6708
-2.6629
-0.8039
1.9065
2.3594
0.6501
1.6977
0.9674
-0.4914
0.7039
0.5149
1.2643
-1.5886
-5.2613
-0.6583
1.2438
-3.1647
-4.3891
-2.2613
-3.3614
-1.6200
2.9986
9.6236
9.2175
4.6192
0.3334
-0.3155
1.0654
0.5905
0.9244
2.2438
-1.2302
-2.1897
2.5061
-3.1755
-4.9814
-6.9808
-9.3565
-10.0170
-6.2041
-4.4495
-2.0979
-2.1507
-3.2459
-4.9692
-5.5220
-3.1639
-0.3199
2.6104
1.0104
-1.8959
-1.1014
2.3814
3.1263
-4.3147
-2.2345
-0.7218
-4.3132
-7.6093
-8.3009
-10.8360
-12.7071
-9.2503
-3.8867
-1.1658
-3.3784
-2.4470
-0.1915
-3.7526
-5.8613
-8.3811
-11.1331
-7.1087
-4.1421
2.8452
8.3579
6.3773
1.5607
5.3332
5.5502
0.7374
-0.4052
-5.6100
-8.7050
-11.6658
-10.8396
-9.1869
-2.7440
-3.1609
-2.1790
0.0056
-4.5397
-11.6176
-11.2495
-8.6689
-4.5518
-0.3834
-2.3808
-6.2959
-10.2720
-10.7167
-12.5296
-15.0733
-11.7496
-9.8898
-16.4335
-20.8488
-14.9854
-2.4114
-0.2259
-2.8231
-5.4905
-4.5508
-4.3052
-3.8800
-4.1590
-4.8784
-7.7503
-5.5584
-1.4723
0.2990
2.3262
-1.2584
-9.0335
-16.0452
-20.7907
-18.6445
-14.0635
-12.0947
-16.9928
-20.3754
-17.2460
-16.0671
-16.8570
-13.5507
-4.8419
-1.2818
-4.4662
-5.5341
-2.8814
-2.3384
-4.5285
-3.9540
-4.2257
-5.7709
-2.9962
-1.9613
-5.7739
-11.7450
-12.1643
-7.5640
-2.4170
-3.4446
-7.3226
-3.5882
2.0328
-1.3345
-1.3584
-1.5434
-0.0092
0.4831
0.2521
-1.9053
-4.2461
-4.1954
-2.8316
-6.6482
-12.2211
-14.5675
-4.7589
-2.8956
-6.3605
-7.8297
-10.8351
-11.7146
-7.6643
-3.5128
-4.3800
-6.2897
-3.7202
-8.4176
-15.4284
-14.0407
-20.7748
-12.3237
-9.3406
-6.9195
-3.9723
-1.1633
-1.7352
-4.7203
-13.2819
-15.8069
-12.2328
-7.9059
-4.1295
-2.4116
2.4826
2.7908
1.6515
-0.7604
-3.4948
-8.2003
-1.5536
-2.9860
-1.6976
-0.1698
-1.8912
-5.2601
-2.5104
0.3202
0.1909
4.7179
8.4866
5.4163
3.8530
-1.2045
-0.3839
-1.9689
3.9552
1.6302
-6.3917
-11.1006
-16.9321
-20.9078
-18.8403
-7.6459
-3.3033
-3.3279
-13.3855
-20.6631
-10.9912
-5.1046
-0.7808
3.6235
3.6002
0.6177
-0.2169
4.0075
9.3121
9.9418
5.0737
2.1908
3.2290
-0.5257
1.6541
1.4675
2.8965
-0.5468
-12.6276
-15.0365
-8.9893
-3.4066
-8.1745
-9.7335
-8.1196
-11.5898
-16.9735
-12.2759
-9.8351
-2.2288
-3.9294
-10.7666
-7.9329
1.5764
5.0582
0.3283
-3.4293
-2.3576
2.1155
10.1819
17.4716
22.8615
27.4062
28.8486
27.1306
14.6063
0.6868
-10.3746
-16.5863
-15.2798
-13.7571
-15.1234
-15.8342
-16.4984
-10.4538
-10.0654
-11.2337
-12.2100
-10.0740
-11.7316
-12.6418
-12.5642
-12.2181
-14.7038
-15.1178
-14.0846
-15.5402
-14.7684
-14.0060
-16.5987
-19.7655
-19.9812
-19.9857
-24.2099
-26.6275
-20.2145
-14.3809
-14.8334
-14.4408
-18.1911
-16.8696
-13.7094
-10.5431
-10.1373
-10.4684
-11.4400
-9.7823
-10.8029
-17.0081
-20.9880
-19.6840
-19.5358
-22.0374
-26.7471
-23.9123
-15.7154
-13.8548
-17.3000
-22.4229
-16.0524
-15.4516
-21.0274
-25.6774
-22.0261
-23.6679
-23.3087
-23.5539
-24.0379
-20.9952
-25.0426
-23.6753
-27.3009
-30.1328
-23.4683
-19.7824
-19.9560
-15.5764
-14.1406
-6.6483
-3.4069
-11.4872
-15.2758
-11.2444
-10.4637
-7.1716
4.8669
4.0709
-0.7587
-3.0014
2.3182
5.4107
1.3442
-6.0029
-13.8556
-12.4238
-4.5058
-0.5141
-0.1467
-1.1269
-0.8181
4.1347
6.9038
6.1006
6.6616
7.4753
8.6353
9.3414
8.3083
8.5103
12.0623
11.5752
3.5642
2.7594
4.4477
1.9658
0.4996
0.1221

Coefficient 14:
0.5273
-0.6698
1.9003
4.3835
-0.2486
-5.2083
-3.6061
2.7542
5.5898
7.6926
5.0966
-0.5031
-2.8596
-0.8918
3.0895
6.7924
4.5936
2.3285
2.9223
-3.9359
1.6376
3.2941
0.9319
-1.8104
-2.9351
-7.8094
-15.9297
-20.7814
-20.7182
-13.8713
-7.5891
-5.0712
-6.0727
-8.8245
-6.6717
-4.0028
-4.8640
-4.1964
-3.8615
-6.9143
-7.3804
-5.0257
-9.0742
-11.3805
-12.2958
-8.9866
-11.8095
-16.7939
-16.5701
-14.9482
-14.3967
-4.8673
-4.3469
-2.6178
-2.4775
-3.4875
-3.0321
2.7839
3.3190
-0.1753
-1.3685
3.1769
3.2422
0.9612
-0.1643
2.1062
-0.3422
-3.7577
2.5229
2.7038
3.4151
3.7833
2.6036
3.3669
-2.2010
-5.7371
-4.9599
3.3460
12.0880
15.3910
8.1572
5.8973
7.8343
12.9038
11.7682
10.8030
12.2491
19.3494
22.4533
19.4039
12.7824
12.5511
16.6790
8.9123
7.0091
-5.5325
-8.1819
-10.6321
-3.5160
-3.3894
-6.1382
-8.7138
-8.5457
-8.7089
-7.4419
-9.2063
-9.4398
-9.2620
-4.0443
-6.2947
-7.5594
-10.2938
-12.0629
-5.9748
-2.2875
1.3572
3.5778
2.0673
-3.5958
-12.8068
-15.6949
-17.9860
-6.2178
9.6456
15.4987
10.1002
3.0602
-1.2882
0.8959
2.4872
1.6128
-1.0264
-5.7778
-7.5132
-6.0745
-3.1564
0.1724
1.3041
-3.3818
-2.9824
0.6576
-5.7811
-14.1090
-16.7565
-13.5138
-2.8985
-0.6944
-9.2899
-13.5502
-13.3473
-11.1884
-11.8985
-16.7073
-16.9858
-20.4380
-21.6460
-15.5743
-13.4504
-8.3377
-3.7143
-0.8415
11.8114
6.9100
-5.4415
-8.8064
-8.5533
-6.2497
-1.7115
-6.2501
-14.0846
-21.1366
-20.2596
-14.5041
-8.2691
-7.6930
-2.8486
-2.9866
-1.1358
-1.9141
-3.0096
-2.4756
-1.2812
-1.4607
-2.8737
-2.3142
-2.1546
-2.8488
-1.6848
-2.5531
-3.2830
-1.9030
-1.9745
-5.0317
-5.5907
-7.3416
-7.5752
0.9209
4.3321
5.4627
1.6473
0.7859
-1.1694
3.9594
8.1734
8.0254
4.6099
-0.2962
1.8154
2.5824
5.2315
5.2414
4.1154
9.0503
10.4970
8.2463
4.5815
3.7122
12.5499
19.9744
19.2019
19.3810
13.4680
12.4870
6.9409
2.6199
-7.7179
-7.0796
-4.9285
0.0807
2.1514
-5.4364
-12.5983
-12.9581
-6.7364
0.3290
8.0687
5.6494
-3.7443
-7.6506
3.8762
3.0662
-0.2558
-3.4506
-1.1700
7.6075
20.7721
21.9564
22.9438
20.0335
15.9614
9.5014
3.9388
2.6965
-4.5188
-10.1569
-6.8989
1.7972
5.3039
4.7013
8.0231
7.8015
0.6958
-5.5768
-10.1214
-12.7105
-10.1529
-9.6436
-7.0071
-5.9036
-4.3681
-3.6442
-3.7377
-1.0702
-0.0034
-2.9143
-5.8948
-8.8317
-13.8710
-16.4898
-11.1783
-8.1936
-8.3198
-4.9945
-0.8221
-0.4410
-3.2205
-3.4822
0.3235
-0.2887
-0.1022
-2.9991
-1.7559
-5.7071
-6.3827
-4.3947
-4.7510
-0.9359
-0.7280
-2.8031
-1.7951
-2.8553
-6.8139
-9.2289
-11.5337
-9.0366
-10.1499
-8.0011
-2.0330
-6.1169
-2.8402
3.1782
3.8639
1.7220
3.4904
6.6252
7.5479
10.1712
-3.6390
-4.5105
-3.4997
-12.6260
-19.3576
-18.1803
-10.2705
-9.8151
-20.0412
-19.8440
-15.1932
-11.0014
-11.1026
-11.1728
-4.1886
-0.7529
1.1780
-1.7614
-1.7673
-0.3756
-2.1377
-8.3395
-13.6282
-15.8325
-14.0298
-11.2014
-8.0307
-2.0716
1.4973
7.5717
4.2422
2.8211
6.5858
4.9694
0.4545
-0.5170
-0.6195
-1.7427
-2.0784
-2.6080
-3.0490
-3.3596
-3.5477
-10.0118
-13.7220
-11.9466
-5.3414
-5.1981
-6.9316
-7.7341
-7.8411
-13.3630
-17.3754
-14.7726
-8.1550
-10.8072
-17.1390
-24.5093
-19.9765
-2.6220
8.4291
8.6297
2.0937
1.3679
-0.5340
-4.8883
-6.2506
-7.0893
-15.3504
-15.6972
-7.9481
-1.7965
-3.8168
-0.8728
-1.2908
-8.5293
-15.2036
-14.0951
-6.6584
-2.4822
2.2395
-3.7103
-11.1744
0.9768
1.4883
-4.4716
-3.2064
-7.2213
-8.5425
-5.3608
0.9553
6.1725
8.2056
7.4959
5.2994
2.8637
-1.0892
-1.8555
-1.0947
-2.8975
1.0898
15.8703
15.3497
11.3055
3.5421
-2.5496
-4.2923
-3.0524
-1.1508
-1.2566
1.9359
5.7254
5.5531
8.4681
9.4313
8.0222
4.5167
0.1633
0.9865
0.5725
-3.0104
-5.3126
-5.2055
-2.2066
-0.6415
0.7541
-2.9950
-1.5427
3.9469
5.9758
7.6402
7.1794
3.0397
-2.1383
-5.1627
-6.0646
-3.9755
-3.2177
-5.8580
-9.4141
-10.4712
-11.9739
-11.1469
-6.5459
-7.0023
-3.9102
-5.1721
-11.5970
-18.6001
-13.8385
-8.5946
-7.4455
-8.4584
-7.9640
-8.4326
-8.9508
-11.9405
-17.9393
-24.9821
-21.2526
-9.6829
-5.5687
-5.2180
-5.9966
-8.9060
-10.1039
-11.3809
-8.4487
-5.3640
-4.5631
-5.6285
-8.8069
-9.3285
-6.2726
-2.8703
-0.7846
3.0327
-5.0221
-12.6082
-4.6762
3.4876
5.1390
3.4477
-3.9349
0.8643
1.8142
1.0283
4.6194
5.7912
3.8978
1.6524
5.0204
4.4608
1.7640
-1.7812
-1.0826
-1.0367
-3.1806
-5.5758
-3.3248
-0.2124
-5.0016
-10.8501
-12.9754
-8.6582
-6.5697
-2.7604
0.1180
2.9685
5.1929
2.3839
2.0898
0.5422
-3.0668
0.0293
2.0707
-2.4473
-1.3042
4.7533
10.3352
5.6564
-0.3190
-7.1576
-12.1703
-1.8425
3.3274
1.7720
-5.9015
-10.7567
-7.2307
3.4509
2.3787
-2.7506
4.3576
3.5398
1.1494
5.4378
6.0970
4.1448
3.8091
-0.7102
-8.7506
-19.1646
-18.2207
-16.4734
-15.7041
-12.8696
-9.7650
-8.2680
-7.3424
-6.1436
-1.5981
-0.7817
-6.9217
-10.8172
-16.2135
-12.3496
-11.6957
-5.0000
-4.5408
-10.3319
-10.6141
-5.3747
-2.8474
1.9077
2.1971
-9.2391
-14.7360
-15.7984
-12.4274
-15.2754
-10.4349
-6.7648
-1.5408
4.7720
5.3856
6.4165
5.9687
1.1487
7.1321
-0.5755
-8.9599
-17.0650
-21.6676
-18.6117
-16.4158
-6.5113
-2.6021
-0.5649
0.0331
-1.4587
1.1029
2.0543
-0.9311
-4.3306
-6.7265
-7.8089
-8.3903
-7.6823
-3.1431
-2.9820
-1.8270
-1.2478
-1.4136
-1.8221
-4.3442
-3.9937
-2.0295
-0.7956
-0.2885
-2.8657
-1.5651
2.5993
1.2070
-1.2034
-0.8858
-0.3303
1.2776
2.4211
-0.0159
0.9222
0.3594
-1.7620
0.0190
0.3382
2.2094
-6.9721
-4.9528
1.0748
1.7816
0.1605
0.0432
1.8163
-2.1845
0.6999
7.4984
9.6665
2.8536
-1.1319
-3.0365
-4.1528
-3.7885
-1.6346
0.2981
1.6751
-1.5861
-3.3543
0.1416
-6.5741
-6.3371
-5.7834
-9.8490
-11.2752
-7.3161
-3.0332
-1.0017
-2.4457
-2.3554
-1.4617
-0.7498
1.5698
8.6408
13.8165
10.5303
5.4150
0.3404
-2.3719
-4.3749
-11.6383
-14.3367
-15.6680
-20.0905
-22.6567
-15.8775
-11.4587
-11.9150
-8.6718
-5.4967
-5.9640
-9.6210
-6.7514
-4.5963
-5.2821
-7.8582
-12.5614
-13.4642
-7.7091
-1.7653
2.0694
4.5264
5.7460
5.7439
8.0187
6.3476
1.9092
1.9590
-2.4557
-4.4848
-7.3518
-8.8824
-8.6616
-7.0679
-12.4489
-14.4662
-14.1522
-18.8748
-19.7297
-14.7271
-7.8019
-1.9012
-4.2355
-11.6557
-17.2933
-15.6733
-12.0522
-12.9327
-15.0684
-13.5494
-15.6977
-21.6217
-16.3152
-7.7640
-1.4404
-2.0164
-5.9914
-8.2514
-5.3436
-3.7753
-4.2836
-4.2796
-4.1761
-6.1551
-4.5965
-1.4857
0.3033
1.1206
0.2368
-5.1708
-12.0465
-12.3511
-8.1493
-6.0220
-11.1371
-14.2285
-11.7078
-6.7322
-1.9989
-6.2807
-6.3169
-3.4663
-1.7506
-4.2712
-7.2416
-5.3871
-3.8403
-4.5373
-5.0379
-5.2809
-6.8737
-4.1358
-3.2737
-6.1104
-9.6131
-7.7568
-7.3729
-3.7379
-4.1012
-6.7497
-2.0420
4.5739
1.9150
-1.2403
-2.2604
-2.2308
-4.5574
-6.7478
-7.5319
-6.2482
-3.7435
-2.3296
-5.4721
-12.2044
-14.7755
-6.3432
-6.3379
-10.2869
-12.1822
-15.0031
-14.9649
-11.4717
-8.9009
-7.1982
-8.9478
-5.7248
-10.3415
-15.3133
-14.2554
-13.5037
-17.0231
-9.2887
-5.3740
-4.6774
-4.4475
-4.7376
-10.4111
-22.1461
-25.4750
-20.1629
-27.4446
-25.4440
-26.1856
-25.5878
-23.4961
-23.9290
-21.8302
-14.1844
-9.1595
-7.8825
-15.5777
-14.7419
-13.1602
-15.4693
-19.2061
-20.6812
-22.0472
-20.7291
-20.6120
-21.9201
-10.9486
-11.5702
-13.7372
-12.3252
-9.6254
-11.7389
-11.1012
-9.6511
-10.2942
-14.8237
-18.8984
-21.9594
-23.6744
-21.4257
-15.0432
-10.5114
-16.6531
-16.4510
-21.2282
-22.2505
-26.6398
-24.7071
-20.3893
-20.5413
-24.7029
-22.9362
-15.5795
-11.7424
-14.3349
-20.4682
-23.0467
-18.6321
-12.8294
-3.7312
1.8491
7.9565
5.4309
-1.1852
1.2986
1.1574
1.9363
8.6350
8.7606
-4.4257
-10.8522
-9.7236
-6.8330
-3.9254
-8.4884
-11.7730
-1.8954
-6.6256
-17.4817
-18.0836
-20.3909
-26.0945
-19.0027
-2.8384
-0.4497
4.5001
3.4734
-4.4681
-11.4364
-9.3241
-6.2680
-4.3317
-8.1561
-5.2307
-3.5104
-7.9199
-8.5950
-6.7905
-7.4257
-11.4586
-12.5723
-10.8355
-11.9042
-13.2724
-14.7348
-10.2092
-13.2550
-13.7942
-11.9576
-14.9215
-14.2161
-15.3278
-14.5299
-14.5791
-17.8388
-21.6768
-21.8196
-22.9929
-16.2940
-13.0411
-11.3374
-8.9273
-19.5900
-32.2199
-38.6971
-35.7295
-24.2359
-17.3946
-18.6134
-17.1287
-13.8655
-16.4175
-15.2091
-16.4437
-24.3712
-30.4596
-35.2520
-28.1374
-21.2079
-23.2381
-27.6332
-25.9770
-21.3460
-17.2650
-19.8389
-27.2349
-25.8144
-26.2727
-23.6732
-25.0658
-27.2528
-20.3551
-16.3886
-15.1523
-19.6261
-25.6758
-24.4435
-24.7861
-20.6495
-14.5591
-13.1397
-16.0149
-14.5549
-15.4496
-12.4759
-5.6890
-6.1582
-5.9635
2.5312
2.3718
-0.8118
-4.7724
-0.6715
7.6064
7.1344
0.9180
-1.7105
-1.4167
0.3639
1.6930
2.6084
1.1902
2.6527
9.3054
9.1765
9.0255
5.6476
1.4401
2.4899
-0.5218
-1.2135
1.9135
0.2528
-4.3524
-8.6248
-2.6152
5.9643
3.1053
2.4620
1.5214

Coefficient 15:
0.5195
-7.3785
-6.2333
0.3241
-1.8786
-5.1956
-1.6921
3.5650
6.1120
5.2855
2.6569
-2.8400
-4.9668
-4.9919
-6.9773
-5.7066
-5.7671
-1.3766
1.8401
-3.3760
3.1258
4.2430
0.3343
0.5151
2.6710
-0.7090
-7.9334
-13.3837
-12.9292
-7.7936
-4.6693
2.4205
4.0145
1.0259
-1.1852
-0.9073
-2.1627
-3.7794
-3.6086
-3.5965
1.8006
5.5502
-1.2472
-12.9455
-20.5511
-20.7403
-35.7459
-35.5192
-26.9281
-15.3208
-12.7453
-28.0939
-38.1177
-39.2742
-38.0592
-43.9306
-40.9611
-31.2670
-24.7726
-19.9102
-9.3658
0.8294
-0.9035
-5.7636
-7.2692
-2.7074
5.1322
-0.2130
2.6207
-3.2969
-4.3022
-8.7645
-12.6326
-12.6912
-6.3130
-10.6353
-15.2316
-18.6558
-19.7723
-14.8276
-6.3012
-0.8351
3.6983
8.8914
3.7416
1.8663
3.0270
0.8411
-11.0946
-7.6085
-0.7075
-0.9331
7.3232
2.1554
-2.3128
-3.0223
-2.7264
-1.1173
2.5721
-4.8568
-16.8921
-14.6390
2.0185
13.7803
5.4847
-4.4973
-2.3532
-2.2261
-7.2045
-2.6173
4.7530
10.9525
8.5095
8.4226
9.0757
2.3696
-9.4921
-12.1588
-5.9823
-5.7466
-8.9559
-10.8353
-1.4224
10.3434
14.4917
12.9831
11.0928
5.6577
-0.5651
-5.4395
-7.9119
-14.5385
-15.4670
-10.0658
-0.9999
4.7026
5.0428
5.3945
-0.3975
-9.8886
-8.2767
-3.4398
6.0815
11.3209
3.8935
-1.4868
1.2760
2.1542
-3.9168
-9.3207
-8.6601
-13.9875
-16.4084
-15.2063
-13.1386
-14.0025
-7.9646
1.3634
3.5972
1.5607
-8.3998
-19.2188
-16.9916
-14.7364
-10.0876
-8.9208
-9.9540
-11.1750
-9.4053
-5.2441
-3.2441
-4.7926
-8.0409
-11.3182
-7.4439
-2.3748
-2.5765
-1.4727
-2.5132
-3.2873
-3.6557
-5.2696
-5.2497
-5.4229
-2.9701
-2.4573
-3.3387
-1.8951
-2.4386
-3.5634
-2.5373
-2.5154
-3.4959
-2.5673
-4.7632
-5.9167
0.0669
1.8289
2.6905
0.8782
0.3120
-1.7373
2.2543
4.4422
3.7780
1.9663
-0.3012
1.8418
1.7540
2.5211
2.0652
2.2810
7.2580
8.7216
4.0718
2.2245
2.1775
8.4208
12.8262
10.4900
9.3049
6.5914
6.1502
11.4330
12.2735
5.0865
2.7290
-2.4923
-8.2442
-7.9527
-14.2686
-12.9815
-8.5609
-0.3661
2.7229
2.5032
0.5277
-3.4097
-4.5372
-3.3817
0.3754
-1.4196
-5.5799
-10.8477
-16.0699
-13.9918
-4.0239
-0.6027
-0.3229
-25.5793
-32.2967
-23.5169
-15.7385
-17.5082
-17.5542
-11.9211
-1.9333
1.8567
-1.1245
-14.2746
-32.3150
-36.4821
-36.8278
-33.3476
-25.1987
-17.5685
-12.5756
-6.1831
-2.6438
-3.9226
-6.7746
-3.4734
-0.6715
0.7554
-0.9244
-3.6680
-11.8201
-22.4197
-25.7277
-18.2383
-11.0060
-6.6816
-3.1393
-4.7074
0.7440
2.4967
-1.6141
-0.1742
2.6676
4.8262
5.8395
7.5662
3.7387
1.5531
3.0602
2.6364
-1.3444
-5.2951
-4.9724
-0.5743
-0.7376
-5.7397
-7.5602
-9.5188
-8.7547
-8.9650
-8.6708
-4.7761
-3.1644
-0.7130
3.2212
3.1338
1.4733
4.0329
6.9395
7.5877
8.3827
-9.5827
-12.7647
-7.0401
-7.2718
-12.2732
-12.6797
-9.1362
-11.6329
-14.7606
-10.9878
-14.0305
-15.5096
-12.5261
-17.9468
-21.2860
-18.4933
-18.3634
-18.3483
-15.1252
-13.1783
-11.5353
-15.1880
-17.7504
-15.8463
-14.2727
-11.0258
-0.3719
-0.8919
-6.6393
-7.4333
-4.9767
-6.8251
-3.8601
-4.8381
-6.8176
-4.8489
-4.0703
-2.5041
-2.7132
-3.4148
-5.3473
-5.0120
-2.2971
-3.6714
-5.7705
-3.4667
1.9265
2.1250
1.4677
1.6327
-0.8948
3.6628
-1.8046
5.9039
-2.0558
-3.4758
-1.3002
-6.0231
-6.3323
3.0325
-5.8850
-10.7880
-13.9922
-11.6132
-10.3963
-9.9875
-8.0007
-7.4354
-10.0870
-11.5922
-16.0624
-22.0266
-19.0867
-13.3088
-13.5320
-15.3537
-11.5113
-4.8047
1.5543
0.1908
-1.7932
-6.7043
0.6999
-5.0269
-14.6578
-21.9399
-24.0200
-23.0352
-14.0596
-8.3301
-6.9050
-8.3278
-3.6255
-2.5021
-2.5335
-2.9337
-7.4392
-8.1106
-7.1668
-7.9285
-2.5647
1.2787
-1.7174
-8.1998
-12.9173
-14.4806
-14.7477
-12.9699
-9.1947
-5.2901
-3.7896
-2.1758
-5.3705
-5.9229
-4.6614
-2.4827
-1.5966
-1.2409
-0.6336
-1.4298
-5.2824
-6.8042
-8.7538
-6.5050
-4.4130
-0.9408
-4.3607
-6.6231
-3.8231
-1.7753
-0.9184
1.1487
0.2623
-1.3449
0.1534
-0.8782
-0.6898
0.3483
0.5861
7.2952
8.9386
1.0054
-2.6414
-12.9157
-17.1181
-15.3569
-13.2480
-13.9696
-18.3956
-18.1476
-18.2300
-19.8834
-22.4860
-23.7196
-25.6534
-25.0170
-18.4200
-10.3110
-7.2460
-5.9665
-5.8056
-7.5273
-8.5506
-8.1158
-9.5658
-8.7937
-8.7895
-7.1301
-4.2626
-4.2349
-6.6229
-8.3296
-7.7180
-6.2118
-5.4335
-5.8569
-4.7697
-7.8049
-12.9582
1.3582
9.1112
10.4778
11.4819
5.9591
5.1721
2.5625
2.3069
8.8849
10.3676
4.5167
2.2481
3.8384
2.2854
0.4748
-0.8765
-1.1771
-0.5225
-2.5177
-4.1444
-1.4646
1.2214
-7.3179
-27.0624
-25.7335
-18.7941
-7.1615
2.5866
0.5043
1.1212
3.1367
0.8769
0.6346
2.2401
6.8170
9.4502
12.4055
6.8550
1.1303
0.3292
-0.5559
0.4518
2.5495
-2.5218
-17.2773
-26.4385
-28.8474
-22.3475
-19.7375
-17.1828
-9.5321
-1.6235
-1.7172
8.4400
7.3168
1.2210
-15.8188
-18.2217
-16.6341
-18.3378
-15.9435
-12.2864
-13.5635
-11.4154
-10.6494
-13.9365
-8.9413
-6.2328
-8.9988
-11.7267
-17.8709
-21.2404
-23.5737
-22.4078
-13.5236
-9.3189
-6.8378
-4.5740
-12.0764
-22.4580
-21.2007
-21.0347
-21.2156
-10.5123
-4.9530
-1.7851
-8.4020
-14.0800
-10.3584
2.8089
10.2947
12.0760
10.0489
1.4992
0.9501
0.3047
-0.1854
2.9905
3.5903
-1.7923
-7.3075
-18.7956
-21.5961
-24.3120
-22.2075
-19.7900
-16.6947
-6.6060
-4.1606
-3.6971
0.2821
-9.2178
-5.2828
-5.3394
-8.1153
-13.0871
-15.9368
-10.6847
-8.5878
-6.3410
-5.5534
-1.5651
-4.3745
-3.5920
-0.8378
1.4626
0.7244
-2.0201
-1.8660
0.0975
0.6608
-1.8110
-0.2999
3.0853
2.0078
0.8969
0.4794
0.1711
0.9412
2.6022
0.0846
0.9711
-0.2929
-2.8124
-0.5603
0.1081
2.4436
-9.7389
-12.3917
-7.3347
-6.0533
-5.0714
-2.9378
-0.9436
-4.2193
0.6591
6.8787
9.3220
2.6158
-2.2581
-3.7862
-2.0878
-2.3797
-1.8572
0.4789
2.6228
0.8511
-1.6441
-3.5357
-13.7722
-14.8619
-11.0902
-11.5004
-11.5725
-10.9782
-5.3606
-3.0051
-3.6371
-2.0961
-0.9651
-1.8333
-1.8780
4.7211
8.5958
2.3433
-3.8177
-6.9793
-4.6885
-2.5510
-10.2880
-19.1797
-22.1146
-21.9877
-19.2233
-11.5028
-10.4940
-15.6657
-18.1212
-14.4655
-6.0230
-4.2041
-2.5938
-2.0768
-4.0084
-2.7770
-7.4363
-6.8962
-1.4698
2.6066
0.7334
0.3689
2.6426
4.3835
3.9650
2.3257
1.0897
0.1853
-4.7460
-5.5378
-5.7866
-7.0539
-5.5595
-15.0172
-16.1613
-6.8049
-2.2370
-5.4342
-10.7085
-8.5669
-2.5951
1.2493
-8.8859
-18.9437
-19.3637
-13.6873
-8.7164
-12.2905
-16.2495
-16.1631
-10.2918
-7.4537
-6.2054
-8.9534
-15.4852
-14.2248
-10.0965
-10.2232
-7.0950
-4.4514
-4.4247
-4.8028
-4.8272
-4.4671
-3.5699
-1.6929
-0.3817
1.6510
1.4355
-7.1392
-10.6007
-6.8853
-2.8382
-6.2490
-11.5014
-10.8147
-4.1218
-3.9790
-7.2004
-14.4720
-15.7783
-11.9102
-6.5911
-5.0422
-8.1850
-7.7580
-5.8459
-4.4888
-6.3656
-6.7038
-7.6481
-5.4721
-4.6138
-6.0057
-9.0983
-7.3223
-8.1032
-4.9227
-4.5448
-4.7192
-0.0669
5.7028
4.1275
-0.5645
-2.4568
-2.8343
-6.5352
-9.2713
-8.1453
-6.3555
-2.8918
-2.1102
-6.1039
-12.0695
-13.1986
-5.4653
-6.8429
-13.0140
-14.3855
-15.5312
-13.8481
-9.4133
-8.6440
-8.4453
-9.9444
-5.1197
-7.2396
-13.4834
-17.2008
-15.2863
-4.6162
0.6411
-0.5161
-3.8488
0.3158
0.9501
-4.2189
-8.7549
-7.1201
-7.0434
-3.1274
0.1455
1.7581
1.7307
-2.1674
-3.3385
2.0679
5.0018
-5.3615
-12.1523
-8.5422
-8.7886
-8.3871
-16.0834
-11.1159
-6.4342
-8.7288
-15.5112
-20.9644
-21.5602
-14.8829
-11.5005
-10.7800
-12.3577
-16.8113
-19.6749
-20.1878
-16.4757
-13.3302
-6.0680
-7.0957
-13.7049
-22.3016
-27.8092
-12.6339
9.6129
14.6623
9.1522
-0.7590
1.4185
1.8637
-1.1146
-1.0704
6.7698
7.9650
2.6465
0.4991
1.7646
-3.1551
-4.2240
-1.3712
-7.5399
-14.9339
-15.0180
-18.5922
-15.4034
-6.4454
-2.7822
-0.5321
2.5799
4.6993
5.3100
3.9261
0.2020
-2.5040
-1.4135
-4.9654
-7.6923
-10.3227
-7.5262
-4.8041
-7.6130
-13.1690
-16.6381
-20.7520
-20.5738
-18.7725
-19.5362
-20.0331
-15.1376
-15.9510
-10.6164
-8.9907
-2.5389
1.2738
1.9913
-3.0120
-2.1111
-3.4070
-7.0901
-5.3081
-2.9694
-4.3016
-8.0054
-11.5931
-11.6205
-11.9948
-13.6368
-15.1198
-9.9404
-13.2908
-13.1293
-11.5747
-14.4654
-13.5842
-14.9287
-12.2756
-10.6955
-15.0564
-20.2714
-16.0085
-15.0624
-12.0884
-12.5646
-15.1416
-14.4842
-11.3443
-0.4326
3.1236
-1.1992
-17.7535
-23.1067
-24.5894
-23.0293
-11.6347
-8.6111
-12.8749
-16.1552
-19.2424
-22.1151
-28.8928
-29.5498
-23.7619
-13.8131
-10.4389
-16.4371
-20.9776
-20.1981
-17.5802
-17.2813
-24.4090
-26.6838
-22.5830
-19.1785
-19.7943
-18.8149
-10.8337
-7.5887
-6.9813
-13.2294
-20.0498
-18.9348
-14.0138
-12.3729
-13.0352
-19.5652
-23.5124
-25.1927
-24.0517
-14.1945
-7.7447
-6.5788
-0.3981
1.1722
-1.0978
-4.9351
-7.1105
-2.0600
-1.6011
-3.6222
-2.4491
-2.0770
-1.0865
-1.7069
-2.9765
-5.8437
-5.1551
-1.0156
9.3677
14.6475
9.9582
7.6391
9.1466
7.3125
4.7707
4.4457
5.1996
1.8376
0.9246
1.0444
1.5666
0.5661
1.8655
2.1250

Coefficient 16:
0.5112
-6.9419
-3.8077
-1.4463
-3.0038
-7.3447
-0.7407
2.2764
2.7396
-1.7388
-4.2176
-8.0815
-8.8439
-9.9800
-15.1690
-15.5204
-15.0894
-6.3535
-2.1038
-2.1177
3.4450
3.8677
-0.5466
2.6559
7.5497
5.1238
0.8291
-2.8590
-2.1388
-1.8018
-2.3907
7.2847
10.2710
8.2623
3.0791
2.1028
1.2569
-0.2213
5.4649
10.9322
20.0154
16.8498
7.0448
-10.2922
-16.4694
-13.0892
-10.0600
-7.7209
-9.5302
-9.7056
-12.2963
-12.5136
-10.9238
-7.0412
-3.3409
-8.7037
-9.0267
-6.2282
-5.5087
0.8914
-8.0557
-12.0870
-6.8434
-8.5922
-12.9879
-8.5172
-10.4866
-9.4686
-7.5862
-11.1805
-12.8475
-6.0820
-3.7755
-5.8795
-18.8084
-25.5859
-19.3872
-12.2167
-8.5847
-7.1486
-14.8165
-8.7391
-3.3753
-2.9049
-5.4713
-6.3604
-4.4869
-5.1959
-6.8392
0.2430
-0.0214
-9.2982
-8.8149
-6.1962
-10.9221
-8.7171
-11.0745
-13.3794
-18.9109
-15.6131
-8.3572
-1.5174
2.5717
1.8686
-1.9381
-11.0304
-4.1078
0.0428
-4.7835
-9.7533
-3.6314
1.1261
6.6718
10.3526
12.3778
-1.3758
-10.0465
-14.6270
-11.9517
-5.1480
-8.1026
-8.2110
-4.2808
1.2859
4.0257
2.8641
-2.2603
-3.9252
-0.2508
-2.6053
-2.2070
-3.9221
-5.2962
-3.3368
-4.4899
-8.3821
-12.4008
-5.9237
0.0478
-6.8723
-11.0680
-13.2164
-12.9247
-10.1004
-1.0884
-0.5690
-2.8222
-6.8783
-12.3951
-17.8489
-15.2920
-13.2677
-7.3142
-0.3437
13.3216
21.7935
21.3838
11.1917
4.9011
1.6003
0.3307
1.2637
-2.6701
-7.4206
-10.8326
-11.0747
-11.4364
-10.7645
-8.2350
-6.5335
-13.0754
-18.5399
-17.2612
-8.9559
-6.7609
-1.6510
-1.3680
-1.6265
-2.9073
-3.2798
-4.3685
-6.2074
-5.8482
-5.8471
-3.4113
-2.7276
-3.6900
-1.9941
-2.2887
-3.7973
-2.8464
0.0359
1.4205
3.8180
1.6681
-1.4157
-0.3114
0.8008
1.4171
0.5462
-0.5957
-3.5874
-4.4989
-5.2156
-5.7257
-4.2000
-1.7298
-0.0312
-1.7277
-3.5237
-4.0285
-2.7895
-0.8936
-0.1956
-2.9061
-2.9385
-1.4350
-0.7836
-3.4350
-7.8329
-8.5628
-2.3107
5.1030
11.2541
11.0556
4.9664
-0.8363
-8.6222
-20.9348
-17.2283
-10.9347
-2.3340
-0.4298
-3.6987
-0.3898
0.9177
-3.6039
-7.4958
-8.3140
-21.5344
-24.7077
-21.6264
-21.4418
-21.6218
-17.3308
-11.5222
-2.4772
0.7593
-0.4017
-25.8169
-25.7287
-18.1973
-10.0754
-10.2868
-9.4838
-10.7189
-10.2138
-12.0900
-10.2495
-9.8708
-20.4178
-23.1381
-17.3200
-11.6638
-11.3453
-10.7273
-7.0461
-4.9777
-0.4989
-3.1963
-6.7356
-3.9375
-1.4505
0.7028
2.7406
1.4892
-1.8571
-6.9194
-9.2315
-4.9992
-8.1840
-6.2372
-3.5083
1.5844
7.9600
5.8796
-3.1791
-2.3094
3.7650
7.7275
11.0967
12.5279
7.0459
5.3193
6.3657
2.8605
-2.7637
-5.8145
-4.9847
0.4300
2.8461
0.4596
0.5823
0.1741
2.0609
1.3421
0.3263
1.0894
-0.4562
0.6832
1.8338
1.5142
-0.0705
-0.6528
0.1077
-0.0071
-2.6527
-20.7886
-17.8317
-7.1668
4.6772
5.5046
4.7140
-1.2893
-11.4252
-11.8193
-6.6068
-1.7892
0.1602
-0.2298
-0.8104
-9.3390
-24.8718
-26.0372
-20.8750
-16.1892
-14.3780
-9.6850
-11.8288
-17.5324
-23.1945
-26.8655
-32.1756
-40.9590
-41.3291
-33.6362
-23.1819
-15.4159
-17.0128
-18.1247
-17.3063
-13.1500
-7.8736
-6.5883
-3.2514
-3.3176
-4.1859
-5.8340
-4.7439
-0.5289
2.4208
0.8325
1.6806
5.4983
7.2394
7.1039
10.1797
15.4504
14.0159
10.9659
6.4078
9.1852
6.0556
5.9533
9.3211
-0.1976
-9.4740
-13.8272
-10.4027
-10.5369
-10.9158
-7.5331
-1.5663
2.7808
5.3758
5.0033
-1.7772
-13.7862
-18.3116
-14.7736
-13.8527
-14.3539
-10.0242
-8.0957
-10.6455
-7.3373
-4.3701
-8.2338
-9.9548
-11.7322
-22.1625
-26.5995
-23.0077
-20.9357
-21.4276
-11.9771
-1.6507
-8.7462
-16.1233
-10.9209
-8.3569
-6.8234
-5.5182
-9.6411
-9.9290
-7.9164
-8.6024
-3.8026
-5.4126
-5.4842
-11.0223
-9.1919
-2.8145
-1.1125
-0.4781
-0.1670
0.1102
-1.8644
-3.2867
-7.5755
-8.2324
-8.1457
-6.7768
-3.5768
-1.4592
-0.6631
-1.1315
-5.1175
-5.4020
-8.3838
-6.5228
-4.6024
-1.9212
-5.3832
-10.4500
-10.9252
-9.0114
-8.6216
-4.3959
-2.3998
-1.0408
5.8883
6.1155
2.8811
1.6854
2.9697
12.5126
14.0103
-0.7947
-7.2036
-8.8666
-7.6664
-7.6281
-9.6371
-7.7307
-12.3076
-13.0384
-14.9493
-8.2947
-2.9401
-4.4016
-10.5617
-14.6681
-15.9418
-18.7197
-16.7648
-9.1640
-0.3138
-2.0342
-6.0052
-8.1172
-10.9313
-8.0913
-7.0627
-6.3832
-3.7597
-4.1705
-6.9843
-5.0261
-2.0378
-6.9218
-7.1481
-5.5964
-4.0979
-6.5685
-9.2835
-1.9604
-2.1331
1.8757
7.8064
6.4434
1.2692
-0.7101
1.7360
-5.2843
-3.5258
0.5086
1.4586
2.0273
-0.0348
-1.0880
0.0066
-1.3948
-0.3507
-1.9144
-2.5546
0.1161
1.7916
-6.8140
-23.4016
-22.9678
-11.5320
1.1570
3.6255
0.5110
0.0173
1.0679
-0.9715
-0.5789
4.1060
13.0096
9.1917
10.0570
4.0377
-6.6760
-8.0203
-1.8480
-2.0429
0.2298
2.6319
0.0159
-6.8213
-12.2453
-9.7896
-4.3836
-6.4560
-11.7949
-9.9695
-2.7037
1.3106
-3.6168
-11.9333
-14.9392
-9.4000
-2.2349
-6.2207
-11.0002
-11.4471
-10.9548
-0.9854
9.4670
14.0843
12.2452
6.0358
4.4095
8.6004
7.2393
5.3466
7.6823
1.9472
2.4959
5.1179
-4.6665
-12.9594
-12.1076
-17.1942
-20.7834
-15.8142
-13.2573
-12.4349
-10.5687
-7.1128
-9.6393
-9.7291
-10.1470
-6.1151
-6.3554
-8.2764
-8.9722
-5.6346
-4.3667
-5.4688
-4.6986
-0.9143
0.6086
-4.8326
-19.8185
-22.0481
-16.7026
-12.9191
-8.3196
-9.3730
-8.0329
-2.1140
-2.5019
4.0399
5.7191
-14.8669
-19.6841
-19.9029
-19.6056
-18.7709
-16.1328
-15.8731
-23.5719
-18.1494
-9.2006
-8.7314
-7.2098
-5.8115
-0.7760
3.4643
4.6301
-0.0251
-1.7037
0.7628
1.2592
-0.7759
0.6524
2.7514
2.3744
2.2148
1.2089
0.5868
0.8558
2.7838
0.5147
1.1644
-0.9384
-3.5481
-1.0333
-0.2084
2.0627
-4.9522
-1.7117
0.8631
1.6628
3.8424
-0.4122
-1.3415
-5.0975
-0.6498
2.9462
3.0466
3.2603
-2.2268
-6.0566
-0.4312
-0.0549
-1.6862
-0.7842
1.4412
0.6534
-3.9633
-7.1231
-13.6372
-14.7738
-11.8185
-9.6128
-10.1949
-13.1226
-9.1664
-5.7985
-3.2037
-2.3617
-2.0730
-5.3620
-7.7590
-5.4083
-3.2888
-8.0684
-11.9101
-12.8293
-9.7023
-6.6007
-8.9007
-4.0572
1.5679
6.5484
6.5382
6.8692
4.5886
-1.7267
-0.1483
3.2863
5.3672
1.3931
3.4697
4.1649
-1.7294
2.5349
1.8058
2.8642
9.8038
9.4591
1.4230
-1.8811
-2.3418
-1.8063
-2.0528
-2.2521
-1.2486
-5.8502
-11.2491
-13.9552
-12.2635
-11.9676
-11.2689
-9.0379
-7.3539
-5.7871
-4.3766
-7.4535
-13.3387
-14.3020
-8.6458
-5.5572
-6.6833
-6.1061
-4.2633
-0.6522
-2.5126
-7.8914
-11.1251
-12.7757
-15.5703
-19.2852
-18.4191
-15.4188
-13.7792
-11.5288
-9.8247
-9.8706
-6.9450
-3.8605
-4.2226
-5.0586
-5.4606
-3.0254
-2.6439
-1.8584
-1.1483
-0.4266
1.4643
-3.8786
-4.3773
-3.3075
-3.7278
-6.7798
-6.7561
-4.3708
-0.8777
-6.7759
-9.1233
-16.1161
-18.9725
-16.7942
-12.6258
-6.6486
-8.5291
-9.2124
-7.5272
-4.5629
-7.3146
-7.3470
-8.2281
-7.0362
-5.8673
-5.6511
-7.5067
-5.7473
-7.0632
-5.6686
-4.7995
-2.3187
1.4135
4.8025
4.1965
0.0746
-2.4200
-1.7838
-4.0982
-6.0317
-4.6202
-4.8628
-1.9015
-2.1390
-6.5478
-10.6928
-10.0650
-1.7881
-3.0062
-11.4051
-11.6648
-11.7567
-8.3602
-3.3766
-6.1079
-7.2415
-8.8193
-1.9071
1.1350
0.0434
-4.1531
-2.3656
-8.1241
-12.7003
-13.0120
-12.7370
-12.3492
-14.5866
-14.2122
-11.3585
-2.0531
-17.7099
-21.7563
-19.1640
-19.2949
-24.2309
-24.5313
-14.1213
-5.9301
-5.2476
-8.7135
-10.9244
-17.5992
-18.9947
-20.2143
-25.2569
-28.8747
-27.3698
-26.6690
-28.1214
-29.1476
-24.5243
-14.0429
-24.5709
-26.9750
-28.8053
-28.5231
-16.1597
-12.9318
-10.6850
-9.8511
-5.3483
-5.1530
-7.6295
-11.7465
-13.1579
-13.2864
-18.7919
-28.3664
-29.6361
-33.5448
-27.2845
-27.5229
-24.8660
-23.3053
-21.5181
-19.1640
-14.4674
-13.8172
-14.0924
-9.8238
-8.8131
-17.3421
-20.6213
-18.5559
-13.4850
-9.3872
-3.2981
-8.7367
-7.2579
-8.2633
-9.9239
-14.2340
-15.2169
-14.1901
-8.6749
0.6443
-1.2219
-12.5380
-17.1471
-17.1721
-15.0197
-12.9665
-9.9052
-4.3832
1.9943
0.8876
-8.4201
-12.1037
-6.8589
-13.6499
-11.1100
-12.8401
-16.1959
-11.6908
-10.4828
-6.8519
-5.6393
-7.4979
-4.3942
-9.3703
-14.7991
-15.2379
-12.2721
-9.1155
-9.0905
-10.2568
-11.1240
-12.0968
-13.1627
-13.8914
-11.3610
-13.7925
-12.5552
-11.9456
-13.7899
-13.2047
-13.8180
-10.7016
-9.1169
-12.9321
-17.0017
-9.9404
-7.3203
-9.5803
-12.2796
-10.2908
-14.8350
-11.0415
-8.3400
-6.6744
-9.9858
-19.2825
-26.6616
-27.8316
-23.9812
-8.0874
-4.0224
-7.9819
-7.0333
-4.2335
-6.6001
-16.7038
-24.7257
-23.5468
-19.7689
-16.7772
-15.1193
-17.4509
-20.6773
-17.5572
-16.1481
-25.9016
-26.6931
-26.1248
-20.2791
-17.7446
-19.8655
-18.9667
-23.4726
-22.8631
-18.4461
-13.5801
-7.9288
-5.0721
-2.1614
-3.3722
-16.6369
-22.5577
-18.4558
-12.9587
-14.1019
-12.7937
-9.1217
-3.4859
-0.5009
-2.1220
-3.4350
-3.4787
-7.1556
-7.6582
-7.0478
-4.7176
-2.5777
-6.1003
-6.4084
-5.8282
-5.4503
-10.0994
-14.8843
-10.8253
-8.2193
-13.3971
-13.1039
-10.0942
-7.7669
-5.7479
-7.3851
-12.0044
-15.6074
-9.9856
-6.4658
-6.1585
-2.4091
0.2829
1.7845

Coefficient 17:
0.5024
-3.4055
-2.5905
-0.7586
-2.4052
-5.9772
-0.4828
1.0717
1.8477
-2.1678
-3.9857
-6.3813
-5.5613
-3.7665
-5.5610
-6.3125
-6.4982
0.3752
0.6389
0.2285
2.7401
1.9255
-2.1231
0.5488
4.5695
1.2603
-0.4453
-1.5384
-0.7130
-3.7659
-5.4927
1.3276
2.7557
2.8828
-1.0377
-0.0213
-7.0063
-11.5493
-8.8369
-0.3933
0.3305
-2.8802
-12.9995
-20.5169
-14.6017
-7.4763
-1.5874
-6.5530
-6.8012
-4.1060
-4.3364
-8.5638
-1.5615
-4.2665
-6.1051
-2.6325
3.3345
8.0972
7.9421
10.1340
13.5241
14.7252
18.0532
12.5699
2.3433
4.4062
7.7137
-3.9025
-15.1673
-18.4716
-18.4895
-18.1322
-19.4541
-15.2766
-4.1578
6.1630
9.6302
4.6757
3.2591
7.4599
4.2194
-3.1065
-7.2934
-13.1567
-20.2187
-19.3923
-17.3516
-11.6996
-12.2022
-13.9758
-13.0574
-4.8443
-11.6040
-17.3450
-23.1543
-16.6883
-13.5537
-9.5842
-9.8412
-10.0958
-6.0234
-9.7293
-5.6887
0.4458
-2.2535
-11.3129
-3.3197
-2.8638
-8.4250
-11.0287
-13.6527
-13.7965
-13.9860
-16.6612
-15.4647
-14.4217
-13.2881
-12.4338
-12.2337
-4.0137
-6.7713
-8.2062
-10.6997
-14.4521
-15.1140
-16.4641
-24.0705
-22.2113
-12.6648
-10.3357
-12.2946
-19.2415
-21.0688
-21.2475
-24.1632
-25.1448
-27.3021
-27.2508
-25.8458
-27.6761
-27.2304
-21.7265
-12.8859
-6.2223
-3.6773
-0.6765
-9.1178
-24.9142
-31.6421
-33.0201
-31.1602
-33.3156
-26.7333
-17.4308
-12.2484
-10.3512
-10.6985
-4.0838
-2.8625
-2.9449
-0.6816
-12.3667
-17.4857
-15.9480
-16.4918
-15.1209
-10.9181
-7.7440
-8.9545
-8.4535
0.6461
7.5429
1.1188
-4.0771
-5.7791
-1.4023
-1.0401
-1.7989
-3.1255
-3.0486
-4.2106
-3.0228
-2.9747
-4.1620
-3.5722
-3.0106
-3.9417
-2.0549
-2.1874
-3.9938
-3.0624
0.1528
2.9610
6.2093
4.4415
0.7312
-0.3168
1.0943
1.6264
0.5012
-1.4935
-5.0505
-10.1365
-11.9006
-11.5923
-8.2945
-3.3797
-2.1179
-4.8596
-8.1022
-8.2643
-6.8849
-8.4983
-8.6500
-12.5815
-9.8944
-4.5023
-4.8334
-9.1080
-11.8948
-15.4956
-22.0775
-18.1403
-23.1656
-30.0742
-36.0916
-44.5635
-39.4527
-32.9549
-22.0909
-9.4220
-7.9854
-10.1038
-10.5707
-6.1239
-0.1930
-2.0284
-3.0237
-6.8213
-11.0157
-6.2852
5.3036
4.0221
-3.3954
-10.3727
-12.8878
-12.2992
-12.2964
-8.0953
-16.7454
-13.1985
-17.8596
-15.0991
-12.7820
-11.0886
-7.4459
-11.6013
-18.1903
-12.6754
-26.1817
-20.9048
-9.2810
-4.6499
-3.5899
-1.8351
-2.1684
-1.5041
-3.9834
-6.4072
-4.5531
-5.4873
-4.6799
-2.7032
-0.2525
3.1410
3.3967
6.8089
8.6366
8.1222
9.5699
10.6201
15.8818
15.8301
7.5684
9.1197
3.5709
-5.6474
-2.9234
3.8440
7.8439
10.2511
11.1200
7.7456
7.4476
7.8720
4.0125
-0.8361
-2.4168
-2.8837
1.0307
3.9202
3.1375
4.3051
4.5975
3.6721
1.1984
-3.2657
-4.3624
-1.9921
-1.1350
-0.9969
-0.6072
-1.3802
-4.4594
-5.4168
-4.9222
-6.7599
-22.7360
-5.5324
-1.0603
1.2197
3.2999
-0.1996
-8.8336
-10.0323
-5.3481
0.8267
3.4958
3.0008
5.7181
7.8849
10.1104
3.4273
0.4391
0.4549
-0.0267
-1.8916
0.5477
1.6435
4.1235
-0.0045
-6.1041
-4.5692
-0.7319
2.6615
0.6209
-7.6844
-6.6346
-8.3100
-13.2925
-13.6758
-8.3922
-4.3444
-5.2378
-4.1996
-3.9599
-5.2718
-5.3087
-3.6856
-2.5505
0.6257
-0.7242
-1.8990
0.4692
3.3750
5.6394
6.3679
2.5465
-1.5404
-8.1153
-20.5017
-24.1299
-19.6741
-14.2467
-10.9034
-3.2716
-9.9143
-22.1328
-19.9749
-15.2747
-14.9214
-15.6081
-14.9605
-11.1612
-5.8421
1.0774
-0.4095
-11.8371
-17.1771
-12.9457
-11.4142
-10.4219
-10.5179
-13.1733
-16.5453
-17.8581
-16.6566
-17.7478
-9.6168
-16.0686
-18.9492
-18.7143
-18.9789
-21.6336
-30.9121
-34.8823
-32.6154
-15.0333
-7.8039
-5.0509
-3.5076
-2.3093
-0.9369
-3.9884
-3.8482
-0.4337
-3.0447
-0.8253
-6.6350
-11.1353
-7.3887
3.7438
7.1960
7.8789
7.6270
6.1980
5.0927
4.2531
4.5110
2.7562
4.5912
4.2954
2.6867
4.0301
1.1141
0.7106
3.4769
0.7258
0.4774
-0.3382
0.7817
0.7101
-0.7165
-5.3651
-10.0421
-11.0183
-7.9769
-7.6182
-4.0093
-1.8591
0.2206
6.4649
7.4685
1.6383
-3.4564
-3.3708
3.0121
3.0736
-14.5871
-19.7644
-13.5962
-7.2132
-2.0184
-0.6516
-0.9610
-2.4813
-0.3881
-5.2036
-8.1672
-7.6485
-5.5570
-7.5505
-10.8478
-4.7060
2.0171
6.4411
6.7852
9.6674
1.7414
-6.4429
-8.1912
-10.6737
-8.7602
-8.2956
-7.2590
-4.7780
-4.8932
-6.8544
-6.2545
-8.6900
-12.9814
-10.5736
-9.0000
-9.2686
-4.8444
-4.1309
-6.4435
-11.7013
-8.5187
-3.1833
-0.7332
-2.9016
-1.9499
1.1367
-2.3828
-0.1352
-1.0561
1.5009
0.1038
-2.2876
-2.3297
0.7532
-1.6996
-0.5597
-1.4787
-1.1821
1.4958
2.3230
-3.9391
-10.2534
-6.1449
-2.6356
-3.8418
0.1577
-0.0862
-0.7703
-1.0452
-2.4015
-1.2206
1.1153
-2.9862
-11.2753
-13.8365
-12.6874
-21.5645
-24.1736
-22.8504
-22.3532
-27.1554
-25.4180
-13.7303
-6.4671
-10.3122
-18.6396
-19.4596
-13.6019
-6.7107
-2.0964
-4.7118
-6.0631
-12.2377
-11.5237
-9.9203
-4.2737
0.2908
-4.2071
-10.4783
-20.1175
-27.8153
-34.2906
-34.3141
-26.5266
-20.1997
-31.2022
-32.7171
-26.7767
-24.4493
-19.6839
-14.0433
-12.3962
-4.0003
0.0063
2.0872
2.9338
1.4492
-4.8959
-3.2285
0.5057
-3.0215
-11.2552
-15.4009
-12.3991
-12.8296
-6.6026
-8.4398
-13.7116
-15.6198
-14.9928
-9.2197
-4.9181
-6.0256
-9.2453
-8.6015
-4.2095
-2.3126
-7.0610
-22.9166
-18.0495
-13.0706
-14.6881
-13.5658
-10.6094
-6.3513
-0.8497
-2.8553
-2.9250
-3.4638
-17.3914
-12.0156
-7.2581
-5.5904
-10.8704
-19.7794
-18.1856
-21.4951
-21.8449
-13.8612
-17.0879
-8.8933
-6.6543
-1.5020
2.3776
4.8589
0.8399
-1.8614
0.4938
1.2211
-0.1169
0.9240
1.6129
2.4564
2.5330
1.2575
0.8626
0.9671
2.8620
0.4593
0.4433
-1.4916
-3.9433
-1.3970
-0.6060
0.4230
-4.0198
-6.3020
-4.8027
-7.2825
-5.8616
-9.7302
-10.7911
-9.9971
-2.8137
-0.1148
0.7097
-2.3676
-8.7359
-10.9614
-6.1081
-4.5665
-2.8785
-0.6395
2.0490
2.3531
-1.8594
-0.4987
-0.2779
1.7112
-0.0400
-1.3547
-4.3125
-11.1612
-11.3438
-7.8848
-1.3560
-1.3106
-0.3919
-3.7495
-6.1999
-7.2558
-4.6529
-3.8112
-1.7478
-4.3543
-9.4377
-10.7167
-11.6908
-14.6666
-15.9898
-19.5267
-20.5951
-20.3632
-15.4120
-11.3232
-7.8252
-6.3694
-5.9037
-1.8196
1.1896
4.5162
-0.7259
0.9472
0.9981
2.1575
10.1687
9.6169
1.7442
-3.0815
-7.7698
-8.5913
-6.0053
-3.4680
-3.2625
-10.7333
-15.4885
-19.6985
-21.1974
-20.4708
-12.9692
-5.1866
-1.0348
-0.8274
2.2501
2.4475
-4.7487
-11.5656
-14.9499
-12.8201
-9.8794
-6.0607
-3.5443
-1.3423
-2.5362
2.4712
4.9282
4.9682
6.9579
9.9561
12.9291
12.2536
5.2552
-1.3146
-4.7764
-6.8845
-3.6805
-1.3563
-3.7864
-4.2884
-4.5388
-1.9404
-1.9190
-1.8382
-1.7890
-1.6232
2.6550
0.8083
-3.1389
-5.0310
-4.6218
-6.2804
-10.4699
-10.5569
-10.3854
-10.4960
-9.8263
-11.3996
-13.5506
-16.8346
-16.2849
-8.2919
-8.4979
-9.0829
-8.0599
-4.8590
-7.4877
-6.9050
-8.7088
-8.7326
-7.0663
-5.2011
-5.0677
-2.6392
-4.8102
-5.7501
-4.8538
-0.5179
1.8321
2.3707
2.2174
-0.1235
-2.8042
-4.0429
-7.7381
-9.3699
-7.7495
-5.7293
-1.6142
-2.2671
-5.3873
-7.6131
-6.2375
-3.2312
-5.9806
-14.0914
-13.4416
-12.8270
-11.0957
-5.8754
-5.1748
-7.2359
-8.8980
-5.2352
-3.8770
-5.9390
-11.8209
-18.9822
-23.0698
-29.9577
-30.1821
-23.8280
-19.5463
-19.9482
-16.2989
-15.4490
-9.0089
-29.0237
-32.0786
-28.8215
-27.2568
-27.2060
-23.8675
-16.7483
-19.4837
-19.3795
-14.6009
-21.1530
-13.9430
-8.0747
-7.0724
-9.3719
-21.3853
-20.3815
-17.8046
-14.9385
-9.6584
-3.4947
2.3575
-0.6637
-3.5012
-6.9035
-5.2087
1.4547
-3.2006
-7.9251
-3.1490
-2.1868
-5.1906
-6.7971
-3.0334
2.5466
2.0951
-1.2624
-1.7565
1.0129
-3.8052
-15.5162
-19.7448
-19.2446
-20.7898
-22.1812
-20.6839
-16.0098
-19.2508
-18.7883
-8.2557
-6.4383
-12.7323
-18.5579
-20.2553
-24.5239
-28.4007
-31.9241
-25.9461
-15.4477
-12.9880
-16.6323
-21.0054
-18.7386
-10.8704
-3.4375
-8.7772
-11.6662
-9.7108
-8.1358
-6.0112
-1.6155
-6.2107
-14.1074
-19.0325
-18.0417
-13.1942
-11.2573
-8.7629
-13.2848
-17.0198
-13.2373
-13.0258
-13.2334
-11.1018
-18.6035
-25.5154
-22.9996
-18.4987
-14.6235
-12.8568
-9.9518
-9.4434
-9.0985
-7.0082
-6.5854
-7.7915
-9.4335
-12.2163
-11.8734
-12.3210
-13.0764
-13.1225
-10.8308
-11.1279
-12.4983
-13.2747
-14.4927
-10.5300
-8.9725
-10.8227
-13.8699
-6.2439
-3.4206
-8.5269
-14.2445
-15.5921
-20.9427
-13.9502
-2.7993
1.4890
-3.1124
-17.2778
-27.1228
-25.4073
-21.0394
-11.9382
-5.1348
-13.9344
-19.2612
-18.1196
-10.9002
-12.4421
-18.6231
-27.8766
-28.4693
-27.7520
-25.7138
-24.2510
-29.2413
-25.7406
-18.4893
-21.7280
-21.7302
-23.0182
-20.2024
-16.2462
-12.7325
-12.4267
-17.1914
-17.1310
-17.9240
-17.8982
-11.8132
-14.4443
-17.6616
-17.0608
-22.1445
-30.3861
-25.0200
-17.8611
-20.4202
-15.3464
-10.8441
-8.8165
-6.4523
-4.8556
-6.1629
-6.1276
-4.6704
-5.9199
-6.5931
-6.2752
-4.7630
-8.5916
-4.7916
-3.5198
-5.6052
-6.1974
-7.8788
-7.3662
-4.1478
-2.2128
-3.5992
-4.1685
1.9707
4.2315
-0.5290
-9.5994
-12.1169
-1.2381
0.3299
-7.4435
-3.5155
-1.1932
0.6244

Coefficient 18:
0.4931
-1.0180
-0.9220
-1.1551
-5.0251
-6.0392
-0.2590
0.7713
3.6733
2.0504
0.4392
-1.3397
-0.2091
4.0706
8.4152
5.8228
5.4245
9.8025
5.5381
-0.0864
0.1841
-1.2377
-4.1623
-4.5434
-3.5884
-7.5495
-7.9823
-6.6140
-5.5955
-7.5657
-7.6910
-7.4994
-9.0103
-7.6485
-9.2973
-4.8313
-6.3984
-9.2195
-9.9803
-13.4250
-16.8646
-16.5123
-14.8416
-7.8584
-3.3100
6.4565
10.4873
6.8643
-0.9951
-5.5851
-3.5221
-0.0509
5.1220
-1.0475
-5.9368
-4.3430
-3.1640
-2.7014
-6.0877
-9.3167
-12.1163
-17.2187
-15.0865
-9.3287
-3.2522
5.8024
6.2300
3.0006
-0.9627
-2.6879
-8.2992
-11.5942
-4.9886
-4.3577
-12.3238
-11.5161
-6.2654
-7.0229
-9.6628
-8.1162
-1.8425
-3.3202
-5.9595
-0.4006
-12.1518
-12.9185
-8.7628
-4.7282
2.1808
2.7308
4.7498
-1.2809
-11.3816
-11.8749
-21.6067
-19.1419
-12.0843
-5.3703
-7.6091
-6.6408
-5.5979
-8.4396
-6.1686
-0.3957
-7.0081
-11.8379
-10.0053
-8.3716
-7.4551
0.4078
0.2832
-5.7853
-6.1426
-9.0080
-20.2997
-19.9726
-15.0380
-11.2752
-12.4096
-6.3117
-12.7845
-15.8751
-13.9486
-18.2711
-21.6953
-22.4815
-22.7016
-19.3296
-14.5953
-8.9974
-9.1561
-20.4727
-25.2313
-21.3642
-22.0363
-17.8575
-14.9639
-18.7510
-23.9520
-22.0356
-24.4661
-19.7680
-9.5264
-6.2148
-6.5929
-1.6798
-9.6353
-14.5446
-14.0457
-1.5599
-6.3945
-7.6405
-3.5868
-1.4698
-3.7623
-1.0678
-8.1377
-13.3735
-11.7470
-10.0963
-6.4782
7.6142
17.5960
17.3313
8.7714
5.7703
10.6887
13.0807
12.7172
4.5204
-5.0678
-7.3266
-6.1842
-3.3453
-4.9197
-1.8231
-2.2120
-2.0838
-3.1995
-2.6631
-4.1335
-0.7258
-0.4639
-2.5166
-3.6680
-3.3177
-4.1110
-2.1188
-2.1705
-4.1196
-2.7908
-0.4040
-0.3495
2.3844
0.8188
-1.6159
-0.4439
1.0390
1.4929
0.0468
-1.9987
-4.7364
-9.7775
-10.0561
-8.5999
-6.7581
-3.9868
-2.8423
-5.1188
-7.7314
-7.4697
-6.6235
-9.4177
-8.4478
-7.1973
-6.9288
-4.8411
-2.1831
-2.8216
-1.8549
-4.4654
4.9990
13.4018
17.2171
15.5045
10.9565
5.7082
4.4413
6.1111
4.7890
6.6406
7.4366
5.7130
-3.4915
-7.0165
-4.6722
-0.8800
4.1417
1.9474
4.3398
3.7034
3.8568
2.1932
7.2756
8.6276
10.4116
15.2509
13.1966
14.5179
5.9985
-0.5430
-0.1020
1.6478
-1.7284
-4.2400
-5.6843
-5.5663
-9.1562
-3.7287
-3.5586
-2.9788
-4.0666
-4.7892
-10.2251
-4.7742
-3.0333
-5.7065
-4.3770
-5.5998
-4.7054
-6.5905
-4.9432
-3.5861
-1.6191
-0.5668
0.1921
1.3099
1.2941
1.6292
3.9463
-1.3098
-13.5025
-14.3870
-11.5077
-3.9596
-4.1904
-6.5506
-1.0201
3.1323
4.8036
4.1182
4.3958
3.5402
2.0420
1.1986
1.2858
1.4752
0.6034
-0.9886
1.1063
1.0297
-1.8747
-1.4888
-0.6368
0.9007
0.0210
-0.8075
-2.5060
-5.3001
-4.8946
-4.5527
-2.7302
-1.5132
-3.5678
-4.2702
-2.0830
0.6442
-15.8945
-22.0782
-19.3707
-18.5664
-22.5024
-26.3790
-23.6920
-14.0970
-10.9835
-10.5144
-11.0613
-11.6646
-8.3233
-5.1106
-1.6756
-2.5696
-0.7193
7.9189
6.7309
2.9534
1.0599
0.3761
-6.1325
-12.0936
-14.3013
-14.1466
-17.4627
-12.1508
-4.8204
1.3397
5.7702
3.9175
-0.1665
-2.9696
-2.3061
-1.6240
-4.4471
-5.6092
-4.6785
-6.5536
-6.9800
-5.7953
-8.6059
-6.1576
-5.7638
-6.9698
-5.8808
-3.7311
-6.8568
-5.1116
-0.3741
7.1948
7.1854
14.0246
13.2245
6.1247
-3.6217
-11.1267
0.3903
1.9164
-4.8857
-4.0551
-2.3692
1.4545
-1.8677
-5.6274
-1.4487
-0.5853
-2.2566
-2.9330
-0.3764
4.6466
4.6369
10.0968
9.8845
6.0269
4.4234
2.8002
0.5633
0.4850
-5.5687
-3.3466
2.3319
-0.3272
2.7034
4.1807
6.5847
12.5709
17.5128
14.9762
4.7110
-0.7541
-0.8138
-0.8095
-0.4349
1.1384
-0.5787
0.1677
3.2612
-0.3084
0.2384
13.9701
15.8403
10.0475
1.4138
-2.8270
-3.8380
-4.0974
-2.9852
1.1821
2.9550
6.0490
6.5545
7.9692
8.3566
7.9780
8.5333
1.7112
-0.9559
7.1186
6.7829
4.7558
5.5839
4.7415
2.9912
-0.0465
-4.3221
-5.6750
-3.9785
0.9936
1.0700
1.5331
1.5574
2.4300
1.9859
2.3337
-3.4221
-10.4400
-10.9715
-5.4999
-5.0971
-20.9209
-23.7934
-13.5389
-5.6230
1.6275
1.1790
4.2616
3.1006
0.1161
0.6868
-1.2808
-6.6278
-6.2435
-3.3701
-2.9615
-7.5993
-9.3906
-10.7218
-9.6989
-4.6034
-11.0488
-10.1287
-7.7719
-10.0581
-9.0823
-10.1394
-8.7379
-6.6479
-5.8675
-6.6512
-8.8341
-15.1084
-16.3606
-7.2974
-5.2278
-4.0270
0.3339
1.3158
-2.9237
-4.6411
-5.0668
-5.6677
-2.8265
0.3719
2.3246
1.4447
3.3878
5.3961
5.4919
0.6259
-1.4185
-3.7847
-2.7944
1.2913
-2.0043
-1.0703
-1.2519
-0.2769
2.4720
2.8872
-0.3339
5.6516
6.2398
8.4906
2.1626
-2.2235
-1.0183
-1.8291
-3.3463
-3.2969
-1.8636
-1.8538
-1.6241
-6.0845
-14.0416
-14.2593
-8.5852
-6.5092
-6.5459
-8.1610
-8.6724
-5.9747
0.8250
11.8107
8.0059
-1.4618
-8.4267
-9.2887
-7.4494
-9.8201
-10.7258
-1.5778
-0.6148
0.0047
-3.6652
-3.7717
-5.9162
2.2716
13.0393
14.7748
13.3898
14.1924
14.3939
12.0386
6.4853
8.9802
10.5818
7.9005
5.2844
-1.4164
-4.6968
-4.1420
0.3973
-14.1115
-12.2335
-5.1255
-2.6187
-2.4017
0.6503
1.1739
-0.7521
-9.5465
-15.3587
-9.7461
0.4484
2.7414
-3.5707
-6.4478
-11.1116
-19.0490
-16.7187
-15.4590
-13.0369
-11.9767
-9.3705
-6.1377
-4.6399
-7.9200
-15.2352
-8.6624
-9.8333
-13.2340
-14.3529
-13.3441
-12.3858
-5.1990
-3.3451
-0.1449
1.8541
-4.2552
0.3331
4.1388
6.1128
6.1250
4.9734
6.3243
5.9537
6.7663
6.3063
-2.4860
-8.4093
-5.3105
-2.7955
-1.7084
1.3235
-0.5348
-2.5588
-0.8496
0.5532
0.0659
0.4936
-0.1288
1.6328
1.8479
0.7256
0.9867
1.2102
2.7616
-0.3124
-1.2708
-1.9194
-4.0557
-1.6519
-1.0474
-2.3414
-0.0301
6.5040
7.8853
2.4321
0.6282
-2.0589
-3.8139
-6.4826
-1.8829
0.4854
-1.8173
-6.0966
-9.7049
-10.5767
-9.6868
-8.8083
-4.1072
-0.7734
1.5246
2.0082
-0.6584
1.4673
4.9889
9.9763
6.2192
4.0357
1.0308
-7.9501
-11.0651
-8.8210
-0.3072
2.0052
4.0403
2.0636
0.0805
-1.7365
1.9253
6.0723
12.8557
10.1147
1.9511
-4.1649
-2.2879
-3.2144
-4.0152
-3.1143
2.6544
8.2045
10.8605
4.9672
-0.7117
-1.5710
-8.6376
-8.0212
-5.7689
0.0375
-0.8551
-4.0041
-5.3356
-7.7467
-3.9348
1.3454
0.7224
-4.0186
-12.2811
-15.3414
-11.3336
-5.0163
-4.6264
-11.1672
-13.3196
-17.1410
-23.5184
-23.2446
-17.0295
-7.1004
-5.0336
-7.1368
-5.7129
-8.4522
-15.8763
-11.8107
-11.6077
-10.0934
-16.2100
-22.1378
-21.3559
-18.5868
-19.2711
-12.4649
-12.7803
-15.8945
-15.3838
-14.1920
-13.9402
-11.2100
-2.4329
2.4524
-0.6085
-3.2487
-0.7573
-0.4458
-3.4437
-2.4854
-1.9422
-1.1918
-1.4420
-1.6524
-2.6168
-4.7777
-2.2372
-8.0539
-17.7851
-14.4954
-6.0488
-4.5211
-6.1461
-9.2979
-8.1016
-7.7349
-11.7699
-17.6166
-18.5805
-18.2327
-15.8584
-9.1526
-8.3002
-7.5918
-7.4457
-5.3860
-7.3295
-6.6841
-9.1452
-10.3730
-8.2932
-4.7548
-3.6543
-2.2698
-3.1234
-5.0991
-4.6762
0.3012
1.2516
-0.3608
-0.5933
-1.2238
-3.2244
-5.0726
-8.3963
-9.8578
-9.9632
-6.1475
-1.3758
-2.4271
-3.6499
-3.9016
-2.9660
-3.1468
-5.9942
-11.0843
-10.7790
-11.9113
-11.9603
-6.0394
-3.8873
-8.4636
-7.6760
-7.6618
-7.5670
-5.4972
-6.8967
-8.5441
-0.7847
-3.2709
-8.2045
-8.5202
-4.4724
-2.9950
-0.9998
1.4139
0.0022
-26.1045
-14.1000
-10.7987
-8.9791
-10.8308
-15.5174
-11.6075
-7.0572
-10.6651
-10.2092
-0.0248
4.8999
9.5115
6.3356
5.9070
10.3311
12.4707
13.0072
11.3100
7.8409
3.8945
-2.8767
6.2406
8.0630
10.2849
12.2190
4.8760
0.9186
-5.0669
-6.9107
-5.7697
-7.4866
-11.2170
-7.9089
-1.1905
-1.3169
3.9842
6.0846
1.6804
-6.4438
-6.9194
-3.4575
-3.5239
-0.1468
1.2542
-0.0965
2.9605
7.7256
7.0243
8.8027
6.5960
11.9617
18.1815
19.9575
14.0678
12.8375
9.8391
4.0475
5.5742
9.9411
7.0187
2.3967
3.7683
3.9299
-0.0620
-8.4507
-12.2051
-7.2954
-5.0810
-4.9258
-10.0722
-15.3814
-19.1818
-21.3304
-18.8810
-12.6195
-13.5591
-14.7740
-13.0484
-14.3149
-21.6295
-35.3010
-33.0666
-19.9883
-14.0422
-14.7881
-16.0258
-14.1441
-9.0949
-6.9164
-4.1611
-6.1873
-7.1455
-5.5075
-7.0647
-6.5427
-7.8819
-11.6643
-10.1567
-10.7594
-13.4553
-10.6799
-7.6423
-8.5837
-10.6657
-13.1325
-15.1511
-11.2144
-9.5167
-8.4595
-11.0574
-5.6227
-4.2646
-8.2267
-11.6150
-8.1354
-14.9695
-18.2997
-21.9664
-18.2549
-19.3792
-25.0622
-21.4093
-17.9370
-16.8276
-19.6272
-16.9800
-18.0340
-21.0245
-17.8360
-14.1601
-12.8897
-16.0477
-17.2274
-15.2820
-15.3530
-8.0125
-4.6555
-9.3134
-19.0229
-20.2790
-18.9882
-18.0700
-18.5467
-15.7773
-15.2012
-14.3012
-17.5776
-18.0114
-15.2648
-17.4329
-14.2777
-6.3436
-10.6264
-17.3492
-15.0441
-11.5571
-12.9260
-12.5291
-11.6655
-11.8911
-11.1212
-9.2409
-11.4203
-10.6212
-6.5127
-7.6835
-3.4839
-2.6432
-4.7804
-6.2998
-8.1768
-7.7822
-10.8746
-5.9437
0.4857
5.5730
4.6949
6.2859
11.8151
14.0459
14.8345
11.8534
6.9345
4.9189
6.7202
5.9762
4.6448
3.6012
6.8337
-0.1138
-6.7023
-4.3792
-3.1483
-0.9828

Coefficient 19:
0.4833
0.4811
0.4377
-0.9214
-2.9205
-5.0269
0.1858
0.2988
2.8937
0.0889
-2.6723
-3.8392
-2.8350
-0.1352
-1.5306
-4.8741
0.5057
6.1048
2.4110
-4.0470
-3.7904
-4.5583
-5.9443
-7.5795
-7.9929
-9.9423
-9.7059
-6.1835
-4.8040
-4.6375
-1.7746
-6.4494
-9.3834
-8.9957
-11.5552
-5.8981
-6.7423
-7.3947
-8.5185
-11.7552
-14.6574
-17.6555
-16.9099
-5.2938
1.3554
4.4936
-14.7547
-16.5379
-15.4384
-11.9192
-10.8982
-20.0742
-17.4630
-18.0826
-19.3316
-13.8608
-14.4872
-13.6725
-13.5112
-18.3800
-18.7194
-14.1248
-13.5323
-15.9522
-18.2503
-16.8391
-16.5934
-12.4078
-5.8644
-1.6173
-4.2768
-10.4504
-14.9851
-12.0969
-11.6349
-5.0926
-4.2120
-5.6176
-9.9845
-11.0769
-7.2890
1.2757
0.5462
-4.2024
-10.6037
-5.4983
-0.8534
-7.1259
-7.8454
-5.1886
-3.9518
-4.3474
-5.9842
-4.8349
-11.2197
-18.3841
-13.3044
-5.9254
-8.7364
-12.9362
-18.8723
-17.5151
-19.4577
-9.8302
-4.8789
-7.1952
-9.8645
-7.6634
-1.9203
2.6097
-5.4518
-14.4135
-8.6425
-7.8789
-16.3339
-16.8412
-10.2559
-3.4307
-5.5781
-7.8936
-6.2950
-2.0191
0.0427
-1.9287
-10.1187
-12.4208
-6.7400
-3.6740
-4.4917
-4.5714
-4.8272
-0.2823
-2.7475
-0.6753
-0.8403
-0.1458
-0.1399
-0.9260
-1.1948
2.1271
1.9014
1.3324
0.2864
1.6324
-0.0519
-3.0045
-9.4358
-5.8144
-6.8118
-17.0361
-22.3172
-22.6593
-23.7323
-21.5329
-18.1710
-15.5798
-15.2786
-10.4648
-10.4222
-10.2818
-16.4126
-30.0718
-28.7384
-19.1280
-14.6011
-10.8917
-12.2772
-13.6743
-11.1016
-7.2603
-1.0200
-1.5193
2.0792
0.3272
-4.5728
-2.4536
-3.7066
-2.3922
-3.1599
-2.1939
-4.7244
-3.0979
-1.6032
-2.8209
-3.8449
-3.6274
-4.1926
-2.1937
-2.2291
-4.1276
-2.6700
-3.0967
-4.8373
-2.1591
-3.9279
-5.0033
-0.9941
-0.5732
-0.4645
-1.2966
-2.1078
-2.7410
-3.8862
-1.9919
0.5027
-0.9469
-3.2406
-2.0454
-2.6071
-3.1534
-2.7118
-2.3114
-3.3559
-2.7428
-5.5139
-5.8587
-2.5265
0.8300
1.5647
3.4381
2.0857
-9.5473
-11.2108
0.8589
3.1002
1.2810
-3.9934
-4.3912
1.4098
-3.5562
-13.6257
-12.2416
-10.3556
-8.1177
-1.4465
-5.2948
-5.4259
-1.2785
5.4247
-0.4112
-6.3757
-9.2545
-10.6787
-6.1248
-3.9649
-1.4992
7.5746
1.7198
6.1415
0.9093
2.2082
8.8699
6.7906
-2.8263
-6.6968
-2.0744
0.3664
1.8584
5.5000
-6.6096
-18.4349
-18.0210
-17.0424
-14.5352
-7.3610
-11.8331
-11.1798
-4.9583
-5.8370
-8.1372
-8.8874
-4.8093
-4.3997
-3.1208
-4.0738
-3.3461
-7.4427
-11.9185
-11.6202
-7.8273
-13.0913
-24.6126
-24.4126
-21.6412
-16.2899
-11.2507
-5.5910
1.2684
0.7759
-0.8668
-3.8119
-4.3233
-6.9582
-10.5672
-10.3159
-4.3976
-1.9913
-0.5464
-1.4573
0.6177
-2.8926
-9.1264
-9.9390
-9.7965
-9.0897
-9.1366
-7.5624
-7.2710
-8.3308
-7.1356
-7.6403
-4.3737
-1.4583
-1.9575
-1.6871
1.0205
6.0453
-5.2558
-14.8976
-10.0744
-7.7384
-8.2593
-10.9672
-10.3474
-4.6845
-5.9346
-3.2186
-7.5001
-10.6891
-7.4993
-9.1080
-13.6395
-16.5953
-18.9695
-11.2687
-6.8007
-5.0893
-2.1382
2.9063
0.3746
-2.6595
-2.2389
-1.4270
3.6445
9.7191
11.4097
5.8525
-0.4277
-2.0464
-1.5094
-3.8261
-6.7545
-6.1538
-7.4206
-7.2245
-5.3667
-7.5567
-10.3143
-10.3097
-13.7826
-9.0853
-5.3775
-4.2415
-4.3143
-5.1192
-8.3998
-7.7970
-13.5984
-20.4365
-13.0392
-8.4740
-7.9468
-13.4659
-14.3763
-12.3679
-12.5339
-18.5112
-15.5032
-9.4588
-6.9666
-9.4956
-12.7006
-10.8864
-4.4498
-8.3551
-9.7945
-7.6566
-7.5804
-10.8074
-14.3591
-19.8791
-25.6293
-26.5042
-27.1365
-25.4951
-25.0524
-22.4167
-15.1763
-8.0298
-5.2682
-3.0312
5.1218
6.1261
3.4218
5.8499
8.7521
9.3730
5.0115
-7.1183
-8.5195
-8.1522
-7.5079
-4.4558
-4.8431
-3.2197
-1.8081
-3.6038
-3.1469
-0.3810
-0.5892
-5.8649
-9.5551
-11.0763
-10.4188
-10.9590
-9.3588
-2.9000
-3.4260
-2.5270
-2.4722
-4.1162
-4.2271
-1.1696
2.2780
-1.8170
-5.5310
5.7591
6.9364
3.3855
2.6687
0.2654
-1.0644
-1.7802
-3.0270
-0.7721
4.0571
10.0674
9.1894
6.5133
4.5554
4.0134
-2.1320
-2.9759
-6.3988
-11.5515
-10.5572
-2.4503
-0.3154
-12.4806
-16.4301
-15.2806
-12.7767
-9.4200
-9.2832
-12.1330
-14.6002
-19.9585
-14.2827
-6.2918
-8.1326
-9.4982
-6.0017
-3.0593
-11.1366
-14.0994
-13.5012
-8.8026
0.7292
-7.5151
-9.9503
-6.4946
-9.2461
-7.4247
-9.2355
-9.2187
-8.0023
-6.2863
-6.6542
-7.4698
-10.2694
-10.2983
-8.0136
-5.8423
-5.2342
0.4824
4.0242
4.0429
7.8863
5.1878
0.2760
1.4756
6.5975
7.4937
1.7434
-11.9224
-12.7453
-10.8466
-2.8838
-2.2291
-3.7187
-2.3199
1.5824
-2.2103
-1.7198
-1.2103
0.1008
2.4728
2.5605
1.4503
4.3778
7.3497
5.6615
1.1291
-0.9945
-2.0395
-3.1457
-5.4976
-4.1613
-3.1786
-0.9374
6.3514
7.5294
0.0195
1.0106
6.1047
4.4978
1.4411
0.5672
-0.4322
0.2717
-1.9380
-12.6653
-11.4091
-12.2716
-18.7432
-21.9427
-20.2962
-23.3114
-21.9359
-16.7349
-19.4087
-19.0114
-17.5608
-20.1592
-20.0378
-17.0453
-17.3875
-17.1710
-15.1904
-13.4726
-12.9027
-11.7320
-5.2625
-4.3672
-9.3936
-11.8978
-14.8090
-12.9347
-9.2399
0.3036
1.0523
-6.5220
-1.2378
-1.8068
-0.1506
0.5157
-4.8148
-9.1585
-5.2637
-8.9197
-11.5805
-8.0960
-4.3850
-9.0026
-18.6541
-16.7181
-9.7563
-4.2247
0.7896
-3.6017
-10.3264
-11.8316
-8.7003
-6.4747
-6.0607
-7.3500
-5.7324
-7.8860
-14.7772
-20.4425
-21.4305
-20.6162
-16.7146
-9.8034
-14.9162
-14.6236
-10.8794
-7.9027
-14.5139
-12.6440
-11.0395
-15.7328
-21.7653
-22.3818
-23.1396
-22.6831
-20.8753
-14.5165
-6.2399
-2.3372
-4.1553
-6.8355
-3.6839
-3.4760
-3.5428
-2.7935
-0.5007
-0.0661
-0.3321
-2.1408
-0.2067
0.3450
-0.1975
0.9670
1.5141
2.4438
-1.2029
-2.9269
-2.2998
-4.0061
-1.8125
-1.4762
-4.2716
-3.3172
-2.6900
-0.7403
-4.7252
-3.9673
0.1159
-2.4220
-4.7482
0.7788
3.7632
0.8462
-3.8674
-5.4846
-3.7548
-5.4096
-6.1854
-3.5991
-1.7282
-1.0875
-1.6201
-3.3336
-5.7168
-2.6264
2.0617
-0.3080
-0.0889
-1.4461
-6.7159
-8.7401
-7.2384
0.0938
2.7229
2.7402
1.2118
-0.0040
-1.3791
1.6643
4.4318
10.1496
6.8456
-0.4498
-6.7169
-5.7353
-15.9355
-22.6839
-24.3905
-19.4595
-16.4828
-16.9612
-19.7697
-21.8320
-18.8090
-11.8537
-7.0995
-5.9904
-0.5458
-0.1431
-4.5569
-5.6035
-5.4785
-4.5055
0.3165
2.1065
-2.5215
-10.8359
-14.1098
-11.4461
-7.4196
-5.8337
-8.7389
-5.7435
-7.9891
-13.9361
-11.6439
-9.2432
-6.2174
-7.5246
-8.6219
-9.5866
-5.2032
-4.3651
-3.1063
-4.7967
-3.6799
-8.0295
-12.9626
-6.7162
-2.4186
-2.2069
-2.7060
-6.3531
-6.3679
-4.1470
-7.8950
-8.5083
-0.1415
3.3810
1.2376
-0.9012
-0.8345
-0.8299
-2.8934
-3.3097
-0.5157
0.8341
-0.7505
-1.2108
-1.4225
-3.6068
-6.0272
-4.6356
-7.5430
-15.4258
-12.8575
-6.4223
-5.1400
-8.5625
-12.1263
-18.7973
-18.8300
-16.6371
-22.7403
-19.7806
-15.6743
-11.6434
-8.9315
-8.0606
-5.8665
-6.5545
-6.0699
-7.2946
-7.3675
-9.5531
-11.7216
-9.4545
-4.3608
0.3096
3.9091
0.5648
-3.8233
-4.2354
0.3599
0.2047
-2.2413
-2.7078
-2.4043
-3.3930
-4.0253
-4.9661
-6.0139
-8.2687
-5.2771
-1.3416
-2.6695
-2.8574
-1.2774
-1.2233
-0.8737
-2.1550
-3.6421
-4.4145
-8.3201
-9.4780
-3.3858
-0.0507
-3.3203
-5.4346
-7.3913
-7.5369
-7.0375
-8.0154
-8.1663
-6.5599
-6.6535
-8.1404
-9.2416
-9.0317
-3.1382
-3.2436
-5.8776
-9.6163
-36.0750
-30.0912
-24.7015
-20.6312
-20.2137
-18.3419
-12.3098
-10.6374
-12.1420
-11.7600
-15.7395
-14.7278
-4.6666
1.4382
-0.9266
-7.8975
-10.2086
-8.9618
-7.8349
-11.4399
-10.2128
-3.9142
-7.7581
-9.1008
-7.9643
-4.4131
-1.5721
-3.9519
-7.0267
-10.5937
-5.3933
2.4594
-1.2755
-6.9906
-6.9788
0.9155
-0.3910
-12.4752
-11.9435
-16.6797
-22.9054
-24.9841
-27.5269
-30.8339
-30.1159
-24.7314
-18.0213
-23.0177
-35.6088
-39.6741
-42.3673
-35.3990
-29.0257
-28.8249
-36.0974
-33.5430
-25.7727
-28.6532
-33.0532
-37.4639
-41.3385
-40.8964
-30.5422
-21.5694
-16.9663
-17.9446
-27.1460
-31.4094
-29.9580
-23.8866
-24.5296
-26.9948
-22.3220
-20.7153
-21.1270
-22.9252
-21.7308
-24.0888
-29.4887
-22.8155
-16.6671
-9.4057
-1.5439
0.2542
0.1497
-2.0723
-5.1482
-11.7591
-10.1405
-4.3918
-1.4079
-2.9110
-1.1624
-3.2787
-6.4052
-6.1879
-7.7393
-10.8162
-8.6612
-8.9068
-11.7453
-7.4416
-4.2924
-5.7910
-8.9315
-11.6888
-12.2597
-11.0672
-9.9786
-6.3815
-7.4660
-6.7826
-7.8575
-8.3878
-11.6615
-11.3096
-12.6413
-11.1544
-8.1939
-11.4156
-21.2385
-23.2095
-11.8055
-10.6061
-14.7828
-21.7718
-25.9419
-23.0187
-22.1659
-19.7136
-16.8851
-10.2210
-14.6950
-23.4463
-24.7371
-22.3020
-12.8409
-2.7507
-4.1808
-12.5451
-15.7418
-16.1466
-12.9759
-9.6373
-7.6107
-11.4684
-18.1908
-22.2467
-21.4639
-14.0088
-13.3804
-11.9942
-9.8907
-14.0551
-17.9236
-15.1197
-5.9143
-10.2145
-12.1800
-11.0603
-8.2857
-6.8452
-5.8540
-7.2276
-6.8330
-4.5473
-5.8056
-2.7349
-2.6447
-4.6335
-3.9500
-2.7371
-2.9479
-11.7491
-12.4989
-10.4322
-10.3418
-5.7927
-1.5685
2.6104
0.6419
0.1845
2.1244
-0.0064
5.4474
5.3395
4.4351
4.8832
0.3456
6.9071
0.7878
-6.6787
-6.6405
-5.3810
-2.5306

Coefficient 20:
0.4730
0.3418
-2.2427
-8.3206
-11.8483
-4.1571
0.4302
-0.7430
-1.0137
-7.7952
-12.2071
-12.5211
-10.1302
-9.0532
-11.9058
-16.7532
-10.9890
-4.8327
-5.4702
-6.3838
-6.1860
-6.4658
-6.9145
-6.2189
-5.0592
-3.5156
-2.6351
2.4708
4.2021
2.5822
7.4514
3.3053
1.6010
0.3245
-5.3503
-1.7137
16.1023
14.3594
11.1882
8.3296
4.8102
1.7719
-0.5569
6.0610
5.8919
1.1295
-16.3956
-21.1559
-18.3636
-13.7439
-14.6618
-8.4375
-3.3740
-2.4261
-2.3775
2.4712
2.9957
0.7141
0.4333
1.5040
-0.8593
-3.9379
-0.3056
6.0705
4.8560
-0.0363
-6.9457
-5.7625
-6.0443
-6.9617
-0.4683
-3.3582
-4.7343
-3.9387
-2.4324
-0.8587
-0.0326
1.0263
-2.0578
-3.5664
-2.7115
-1.4127
-1.1391
-15.3241
-10.7137
2.1967
3.7155
-2.6217
-3.4845
-2.3479
-5.8654
-10.2321
3.6396
4.1306
-1.4574
-7.3023
-10.5700
-6.3406
-11.1688
-12.7462
-6.7926
-7.6687
-4.8406
-5.1554
-9.0109
-6.0814
-4.9162
-3.6940
-0.7599
1.8194
3.7168
3.7483
12.6873
10.3573
-2.9778
-11.2764
-16.9327
-10.0241
-8.0126
-6.3734
-5.8543
-4.8895
1.6315
2.2931
-4.2717
-8.1032
-4.6909
-4.4643
-9.1548
-12.8353
-16.3054
-10.6221
-5.0679
-4.8094
-9.1911
-10.1542
-11.1130
-10.3270
-10.0301
-4.9930
-2.7612
-0.7827
-2.1614
-2.7576
-3.3914
-4.0596
-12.9329
-17.0475
-16.4870
-14.1494
-6.1887
0.6871
0.0216
-3.6738
-4.4858
-6.1132
-7.9033
-7.2202
-3.9868
-7.1929
-6.8940
4.4580
4.5901
2.2644
4.7571
6.1418
5.3618
3.7162
6.7054
3.8593
0.5440
-5.0919
-5.7664
-6.2498
-4.7592
-2.8099
-4.0278
-2.5839
-3.0344
-1.7061
-5.0675
-7.1183
-5.1697
-4.6772
-3.9404
-3.8928
-4.1639
-2.2596
-2.3213
-3.9813
-2.5492
-2.6135
-4.3603
-1.4136
-3.4141
-4.8216
-1.7700
-3.0217
-3.6087
-3.2059
-2.1673
-0.5506
2.3670
4.7358
7.8795
4.3858
-1.9099
-0.9822
0.1150
1.4114
1.7747
2.4083
4.1050
6.2923
7.9414
3.8037
0.2392
1.2137
-0.3363
-0.9276
-1.6804
3.5283
3.7661
-2.2216
-13.3182
-13.1774
-7.0313
-4.3097
0.1207
-1.7653
1.3942
4.7570
6.2594
1.1893
-0.7135
-3.9021
-5.9506
-0.4797
2.9836
8.4652
17.0893
12.3665
5.7410
5.0056
1.7604
-2.2719
-0.5486
-5.6215
-4.4156
-4.1869
-2.6119
-5.2047
-4.2834
-3.4130
0.9177
3.2696
1.8492
1.8805
5.5673
8.8487
4.5656
-3.0511
-6.8431
-6.6249
-5.2248
-5.6263
-6.2439
-3.6498
-8.6251
-11.5565
-8.9983
-4.9658
-5.7711
-4.8234
-3.6217
-2.3825
-5.4844
-8.2632
-7.8265
-4.7946
-4.2552
-8.3107
-7.1763
-9.3186
-14.4160
-12.4288
-4.1925
1.0910
-3.5783
-7.0085
-9.2117
-9.9168
-13.1875
-13.3345
-12.5006
-9.9220
-9.6141
-5.1162
-4.0219
-0.3777
-4.0618
-10.4596
-11.1976
-10.8076
-8.9246
-10.4143
-8.5514
-7.4200
-5.9873
-6.4616
-9.2211
-5.2099
-2.3655
-4.0826
-3.7880
-2.5690
-0.2048
0.3326
3.1635
9.9004
11.1843
13.7121
15.9151
13.5828
11.5920
5.5626
0.6524
-0.5524
0.8140
-2.9621
-7.2832
-9.4862
-13.4200
-11.9173
-7.4225
-8.1461
-7.4335
-5.3549
-3.3160
-4.8289
-6.7842
-3.5076
-0.9583
-4.8796
-13.6799
-19.5132
-18.5479
-16.5764
-15.5958
-12.5363
-12.3151
-14.4299
-11.3968
-9.9380
-8.2632
-5.7849
-7.9874
-10.8910
-11.5649
-13.7058
-5.4728
0.8893
4.3027
3.3236
1.3162
1.5060
3.3631
5.8883
10.2088
9.3740
-9.1032
-6.6864
-1.3554
7.5407
11.7157
-1.5474
-13.3088
-7.6296
-6.4658
-2.1263
-0.8838
2.1956
7.9756
11.8591
4.5296
-6.1899
-10.0959
-9.4169
-3.5868
0.6787
2.6353
5.7044
6.4201
6.4452
6.4293
9.3430
8.8014
1.7040
-8.9195
-18.4196
-14.9818
-18.3905
-19.7430
-16.4770
-20.0147
-20.5214
-15.9318
-10.5889
-12.5633
-14.9332
-13.7169
-12.6271
-8.4846
-7.7181
-5.4625
-4.5772
-4.5212
-5.0717
-3.8473
-2.3608
-6.8077
-7.5657
-2.7086
0.5126
-0.2418
-1.8052
0.1309
-3.9166
-6.7632
-6.9141
-9.0587
-10.9554
-8.8900
-3.6279
-4.5852
-7.7766
2.0467
2.9549
0.4755
-1.5459
-3.1762
-3.6277
-3.6284
-2.3619
1.0456
6.3886
11.4551
9.5357
6.1005
4.1327
3.4750
-1.9283
-3.2239
-3.9284
-5.9368
-3.2637
5.1771
7.5743
-1.7977
-8.3724
-7.5026
-6.6481
-6.0629
-4.8767
-5.1584
-5.7960
-3.9695
-1.9856
3.1923
6.5758
3.9209
3.9580
9.9695
14.3404
12.2393
7.4631
-1.9915
3.3234
-1.6730
-9.2217
-7.0891
-9.1825
-4.6026
-5.7609
-8.5514
-8.3068
-6.1533
-6.7038
-5.9342
-6.6817
-7.1912
-5.0193
-3.2108
-1.1677
1.8946
5.2081
5.8239
7.1283
2.5979
-2.0314
-0.7364
6.1039
6.8536
0.7520
-9.6362
-6.6749
-2.9212
-3.1214
-2.3311
-2.0999
-1.0841
1.6095
-2.2413
-2.3115
-1.2800
0.0702
1.0784
0.3680
0.1015
-3.3465
-4.4187
-0.5764
3.3489
0.1410
-3.1191
-4.1648
-6.8162
-5.4467
-5.0289
-1.1481
8.6781
6.7214
6.1231
6.5526
2.1187
2.4177
0.2140
1.7422
9.2161
18.6068
14.2230
-10.3548
-8.5303
3.5591
7.0068
3.7959
0.7333
2.4579
3.5763
-18.2091
-14.5389
-10.5449
-3.0864
-9.9047
-12.4815
-10.8270
-5.4038
2.0419
12.2705
10.9571
6.6540
-0.3990
-0.1966
-1.1222
-0.8109
1.9656
-0.6465
0.2251
7.1299
10.0009
11.1559
0.4368
-3.2218
-0.8521
0.7072
5.8407
3.8368
-8.1372
-6.8728
-7.1458
-6.3126
-2.4911
-0.0056
2.0770
2.1894
2.3556
-2.3277
-9.4547
-12.4328
-14.9102
-13.8444
-9.1281
-6.3260
-5.5175
-6.4871
-5.7444
-0.1708
-4.4518
-6.7231
-6.0227
-5.1854
-7.6745
-9.7206
-9.5177
-11.1306
-13.1474
-10.8183
4.6808
4.7296
5.2528
9.0941
13.2445
16.7851
17.8765
17.0775
17.3650
9.7685
0.7442
-3.2498
0.2131
-5.0829
-10.3061
-6.9994
-5.4071
-4.0864
-4.5422
-1.5961
-0.2333
-1.1147
-4.0429
-2.1324
-1.6555
-1.2936
0.8124
1.8059
1.9088
-1.5633
-3.6007
-2.7933
-3.9316
-1.9135
-1.8328
-4.9114
1.3573
5.6180
7.0717
4.1326
2.2564
3.1056
0.4521
-2.2240
2.2221
5.9733
1.8571
-0.2461
-1.3032
-1.9546
-4.1633
-4.7911
-3.0915
-1.1757
-1.1922
-2.0111
-1.1924
-3.3539
-1.9183
0.4996
-1.6523
-3.2599
-3.5641
-5.4604
-4.9278
-2.8742
1.5738
0.4024
-2.8397
-5.0092
-6.2774
-7.9181
-6.3569
-5.1182
-2.7228
-6.1625
-9.6308
-8.6636
-0.6849
2.2529
-0.4887
-0.9869
0.0736
-2.6559
-2.4944
-4.4676
-6.6928
-5.5502
0.5366
-0.2765
0.4787
2.9502
2.1489
0.5586
-0.2108
1.9302
1.7667
0.4477
3.2864
2.3413
-3.6232
-8.0599
-8.9490
-7.8132
-7.2867
-7.5239
-2.7386
-0.0431
-0.3474
0.0727
-0.9951
-1.5994
-1.8524
-2.7652
-3.9067
-1.3986
1.8384
5.4055
2.0885
-0.6671
5.5753
4.1866
2.5115
-0.0124
-2.7302
-5.8067
-6.3687
-7.3066
-7.2789
-8.1063
-13.1743
-10.4284
-5.9661
-2.0802
-3.0087
0.4114
-1.5190
-5.2556
-3.1894
0.5897
2.0256
-0.6270
-1.1772
-1.2621
-4.1564
-7.7755
-4.1031
-1.5648
-2.5801
-3.1198
-3.0113
-5.2878
-8.4468
-9.7912
-9.2079
-8.0444
-8.3929
-7.7284
-8.4624
-10.2260
-5.3160
-7.9157
-7.7891
-5.1173
-6.3442
-6.7785
-7.1783
-7.8948
-9.9095
-12.5442
-10.2128
-4.0344
0.3340
2.4115
0.9147
-2.1640
-3.5206
0.1232
-0.7338
-2.8590
-3.2827
-2.8341
-3.4758
-5.5364
-8.0901
-9.0948
-10.1254
-6.0180
-2.2512
-3.0306
-3.1023
-0.7487
-1.2052
-4.0255
-6.0754
-5.7955
-6.8349
-10.4172
-12.1893
-6.8932
-0.4682
-3.1233
-5.6929
-11.6743
-15.2945
-12.7843
-9.4553
-6.9033
-2.3435
-0.2803
0.6757
4.1045
4.3483
6.9067
2.8580
-1.9633
-5.4502
-6.4474
-3.4307
-0.9999
3.5452
3.4430
0.3532
-7.4191
-9.7649
-6.2681
-2.3575
-7.5378
-6.9201
-7.8909
-7.4065
-10.5889
-5.9566
0.3376
6.4398
7.8859
6.0829
5.7680
5.7861
15.0371
11.0154
7.6376
7.8080
5.9580
6.7412
-0.8583
-13.8789
-10.8074
-2.3567
0.0632
-1.7880
-5.0139
-11.8261
-0.9722
7.8008
9.0995
2.1478
4.5029
9.3092
15.9554
13.5033
6.8466
4.0287
3.5318
2.1669
8.8722
17.9193
22.3401
25.1734
19.1967
10.0235
1.6498
0.4280
-2.0454
-2.4628
3.7676
8.5327
15.8836
18.9569
11.4441
1.7780
-4.4626
2.3245
8.7850
9.0999
8.7472
2.6216
-4.2425
4.3601
7.6876
0.6394
-7.3998
-5.1180
-6.2389
-8.7546
-13.4997
-16.1177
-11.3691
6.0333
8.6671
3.6132
1.1229
-2.6591
-0.9079
-6.0289
-8.6476
-4.4934
-4.0110
-5.2891
-4.2330
-5.8317
-8.5353
-7.0312
-8.8858
-10.7533
-7.8813
-6.8419
-8.4859
-4.9899
-2.6242
-4.6492
-8.0344
-8.7369
-6.9824
-8.9080
-8.8402
-4.3996
-3.3710
-7.5891
-10.8526
-8.4609
-7.3439
-3.5885
-2.1889
-3.3534
-5.7704
-13.8600
-20.7205
-18.1816
-5.8251
-7.4835
-14.0182
-18.7962
-18.0415
-17.3004
-14.9191
-14.1241
-13.8399
-8.2180
-11.2057
-12.6480
-8.9101
-9.9077
-6.7201
-3.9990
-6.6829
-7.1145
-9.7719
-9.9498
-5.9833
-1.4099
-4.0210
-10.9785
-15.9717
-18.3903
-15.9835
-8.8015
-5.9487
-6.5647
-5.6210
-3.3093
-8.9677
-12.9363
-10.5840
-9.4046
-8.3746
-7.7324
-4.4600
-5.8940
-5.0250
-3.1564
-2.1852
-1.8955
-3.9524
-0.9514
-3.0325
-4.4349
-2.7377
-1.0647
-2.7463
-8.5268
-12.1491
-8.2027
-3.8404
-8.9270
-9.3238
-5.9696
-1.5943
-6.1106
-10.9261
-9.8706
-2.8177
-2.2147
-2.8093
-1.4935
-4.6330
-1.6677
-7.7481
-9.7839
-8.5843
-6.0613
-3.5546

Coefficient 21:
0.4622
-2.9674
-4.8877
0.1475
6.9536
1.6665
-0.1691
-1.3368
-2.3576
-9.7396
-14.6122
-14.9467
-10.4649
-7.5550
-8.5069
-11.0035
-6.9221
-4.8048
-5.8192
-3.0459
-4.5640
-5.9255
-7.0421
-3.6778
-0.7600
2.0262
3.0906
8.9715
10.9173
4.6967
7.5693
7.4216
8.2665
7.0929
0.8019
2.1571
2.6891
3.9868
2.1606
3.5602
8.0258
7.7257
9.7457
3.7505
-5.3886
-9.4592
-9.8882
-11.3821
-13.8173
-13.3659
-16.1700
-14.7974
-10.3738
-5.1654
-6.9377
-3.7962
-6.3979
-12.3974
-13.3973
-10.5762
-10.0165
-8.4408
-5.7743
-2.8818
-8.4223
-10.5309
-10.4069
-7.1852
-2.0719
-1.2093
-0.2050
-6.1136
-5.7722
0.0041
-5.3688
-8.7747
-9.6840
-5.9726
-0.5286
3.6368
-1.4812
-3.1212
-4.8067
-10.5377
-5.9469
-8.3070
-10.8056
-11.9116
-12.4706
-11.5624
-10.8559
-16.0139
-18.7618
-16.4644
-10.9908
-4.0250
-4.0640
-4.5122
-4.7922
-7.0187
-6.3127
-2.6431
-2.3507
-3.1990
-9.8258
-14.5068
-20.6743
-20.6180
-15.9686
-17.9561
-21.2446
-18.8851
-19.1124
-20.6630
-11.0625
-8.9200
-12.9759
-18.7319
-22.1497
-18.7051
-11.9046
-11.0827
-8.3859
-4.2689
-5.7727
-10.2530
-11.0212
-12.1812
-14.6985
-12.1404
-6.4996
-10.0897
-9.6568
-10.3811
-17.6578
-21.2983
-20.5223
-18.0626
-20.2252
-13.9775
-3.7776
-5.4616
-16.1772
-19.1207
-13.1542
-4.3840
-12.5122
-19.0307
-16.7816
-8.2221
-7.3181
-7.1377
-10.0773
-12.5177
-11.9834
-14.3823
-14.3890
-9.1243
-8.7817
-12.3778
-11.4559
-10.3874
-15.7181
-16.7500
-13.6692
-12.4931
-13.5883
-10.2153
-7.8988
-7.9979
-5.5566
-3.4793
-4.4515
-3.9136
-5.1160
-2.9457
-3.1912
-2.6414
-2.8466
-1.2541
-4.3268
-7.7401
-7.2306
-5.9520
-3.7933
-4.0531
-3.9944
-2.2799
-2.3890
-3.6638
-2.7296
-2.1139
-0.7041
3.4475
1.7388
-1.0929
-2.2808
-4.3083
-5.7358
-4.7945
-2.5302
0.2431
3.7627
4.3068
7.6938
5.3553
-1.0708
-1.0789
0.3140
1.9257
2.3052
3.7137
6.3590
6.3514
1.8163
0.1517
1.0335
1.3593
-0.1910
-2.1938
-2.4152
-4.6844
-10.9770
-21.5812
-28.0473
-29.4272
-24.4468
-18.9573
-14.4817
-11.1677
-6.3948
-7.4929
-8.7872
-6.9994
-9.1830
-4.5544
-1.4599
1.0724
-0.1830
-1.6436
-7.9953
-10.9636
-12.6635
-13.4972
-11.4044
-9.2774
-12.2186
-16.0927
-14.2428
-1.2110
2.8234
-0.0623
0.1841
6.0515
8.5534
4.0303
0.6011
-5.0359
-2.9253
-3.1363
5.6187
5.0415
1.7165
7.0845
11.1199
6.8642
3.0515
-1.8429
-7.2965
-8.4721
-7.1198
-5.6813
-7.5002
-6.6644
-0.8771
1.4747
0.7684
2.3695
3.1970
3.6244
2.8509
-1.6327
0.5180
1.5070
-6.4324
-8.9014
-3.4970
-1.9345
-8.0866
-10.4372
-9.2133
-9.1697
-11.0463
-10.7369
-10.6412
-11.6151
-12.7187
-8.5186
-6.1948
-1.7251
-2.3580
-5.1036
-4.7533
-4.9815
-4.2745
-8.9076
-8.4974
-8.6777
-4.9034
-4.8855
-8.9105
-5.1579
-3.5454
-7.1958
-7.3296
-7.7270
-9.5008
-3.2805
-5.4882
-10.8010
-12.0054
-10.6901
-9.7893
-11.3425
-13.5016
-6.3529
-1.5461
-5.2319
-7.3212
-8.3545
-7.0988
-4.3300
2.4017
8.3464
3.1129
-2.7492
-1.2656
-0.9355
2.1548
2.9417
1.5946
-0.1792
2.6585
7.8177
2.8425
-1.2485
-10.7966
-15.4268
-13.2201
-12.5257
-11.7564
-11.9751
-9.1019
-7.8095
-8.1403
-5.7338
-8.0071
-8.1001
-8.5243
-10.3047
-1.9331
4.4926
8.0382
6.5331
5.9791
3.1237
4.1741
1.5225
-3.4754
-2.3765
-10.6188
-10.7570
-7.0151
-4.0582
-0.2742
3.9756
-7.5546
-16.0076
-15.3402
-14.6746
-19.5363
-23.3356
-21.1256
-21.4297
-19.7129
-9.6627
-8.3591
-9.6556
-12.6774
-15.8284
-14.7587
-16.8079
-21.9987
-21.6476
-23.2569
-22.2008
-18.5066
-15.6884
-12.9637
-16.5379
-15.0135
-21.5817
-19.5692
-14.5224
-8.0518
-2.0867
-4.2045
-4.3535
-4.0869
-7.5728
-7.6415
-7.5103
-3.9728
-2.4701
-0.4310
1.5672
1.0995
-1.9685
-14.4954
-14.2752
-10.9946
-0.9011
2.6314
4.3938
4.8562
2.8630
2.5425
0.7857
-0.6952
1.3148
1.3917
-0.6779
-2.5616
0.2123
-3.1355
-6.1441
-0.6782
-0.2481
0.1751
0.5580
0.8433
-0.3322
-3.4129
-2.5615
-0.9432
1.7549
4.5040
2.5404
0.8611
0.4489
1.0535
1.0891
0.2615
1.0094
-0.2522
1.6291
6.1472
6.6894
-0.1984
-8.1924
-5.7246
-5.0867
-5.8797
-4.0364
1.0305
2.2532
3.6221
0.5149
-2.7686
-0.5692
0.9114
-1.6273
-2.8889
4.0010
6.8579
6.8231
2.8240
4.6052
0.7027
-6.6813
-7.5228
-8.8334
-2.9032
-3.0906
-7.8803
-8.1060
-6.1748
-6.3508
-8.1340
-10.8938
-8.4264
-7.2497
-5.1511
-4.5957
-3.5301
2.3345
2.0748
-4.2326
-8.5813
-9.9446
-7.9995
-1.0015
0.9505
-1.0744
-7.7637
-5.8079
-4.1473
-1.6153
-2.0257
-0.0360
0.4636
1.3687
-2.0659
-2.6683
-1.3636
-0.1488
-1.3423
-3.4734
-2.7616
-18.0865
-20.6763
-17.4358
-9.6946
-2.4250
-4.2265
-4.4520
-6.9060
-6.8972
-6.4450
-4.3142
-9.0332
-13.0130
-14.5036
-9.9288
-9.2455
-7.4302
-8.6890
-12.2990
-11.2554
-4.6393
-1.0432
-8.6303
-6.8735
-9.9364
-11.9372
-11.0217
-13.1655
-12.8911
-9.3987
-7.0035
-0.4300
-3.1539
-15.1749
-18.8800
-22.1349
-22.4227
-21.5967
-21.0044
-18.2979
-17.0744
-14.4009
-15.1649
-14.0642
-15.0089
-14.3651
-15.2273
-16.9185
-14.6525
-13.5072
-13.2042
-7.9023
-8.3186
-9.5875
-16.0930
-19.1221
-12.6430
-7.9825
-7.9259
-6.5786
-4.6370
-4.3208
-5.3279
-13.5827
-12.3356
-12.5097
-14.3493
-16.5086
-21.1407
-21.4562
-16.9391
-13.0064
-8.4536
-4.1401
-3.8885
-6.0108
-3.7545
-1.9166
-4.9861
-1.9628
-1.5467
-3.6588
-2.3892
-0.7761
-5.9783
-7.9152
-4.7890
-5.7687
-0.7702
-7.0399
-12.0092
-11.8840
-14.5909
-18.9338
-21.3132
-19.6301
-16.7323
-13.9374
-11.1242
-0.7194
0.0530
-5.2682
-10.2387
-6.5747
-4.5648
-3.6861
-5.4243
-2.4302
-0.2369
-1.5357
-5.4957
-3.4606
-3.7727
-2.3650
0.5243
2.0168
1.1920
-1.4981
-3.5527
-3.5277
-3.9312
-2.0019
-2.0713
-5.4903
-6.1391
-7.5627
-6.7021
-7.1892
-4.9700
-5.1442
-9.0342
-6.4277
0.8763
4.0320
-0.7622
-5.3446
-5.2112
-6.4837
-9.9234
-9.4583
-4.8088
-2.3998
-2.2766
-3.2016
-1.8769
0.6236
4.0797
5.7140
3.2324
-0.8349
-1.1858
-2.8790
-1.4678
0.9313
3.3620
0.0794
-2.8096
-4.6928
-7.6970
-9.9133
-9.2331
-7.1743
-5.5798
-6.8047
-4.4083
-1.3730
0.3603
9.3352
11.7331
6.2410
3.9461
2.7006
0.3899
-0.1460
-4.4352
-8.6868
-7.8730
-1.3201
3.8666
3.7317
4.3145
5.2131
7.1847
14.4966
14.7086
6.7368
5.4955
6.6626
5.7181
3.0506
-1.3854
-8.0345
-9.0553
-9.7749
-2.0611
-0.1654
3.3653
7.7236
9.1433
1.9495
-0.5908
-2.9135
-5.1782
1.4624
5.4615
9.1607
6.2150
0.1513
15.1068
23.0946
22.7877
20.9295
17.5240
15.9701
16.7541
15.5614
12.0201
12.8038
20.0444
20.1668
16.3895
5.6413
-3.9465
0.8749
-0.0625
-4.4194
-2.9941
0.5130
1.2059
-0.8236
-1.2523
-1.2211
-3.9028
-7.4125
-3.4719
-3.8026
3.0547
3.4590
-4.9130
-6.0717
-3.7506
0.8724
-2.1005
0.5443
4.2614
5.7680
5.7127
2.8602
0.4627
-6.6370
-7.4024
-5.6782
-6.9848
-7.3556
-6.7942
-7.5024
-10.1533
-12.6544
-10.1942
-3.7722
2.7000
6.4285
3.1582
-0.4175
-2.5575
-0.1137
-1.3073
-2.6033
-2.6078
-2.5352
-3.3311
-5.6787
-8.7010
-9.6320
-9.7384
-5.8972
-3.2426
-3.3903
-3.8208
-2.1522
-2.4142
-5.6083
-7.7519
-8.4931
-8.8835
-10.4470
-11.2575
-5.2864
-1.0395
-3.6270
-5.6120
-12.3673
-16.9523
-17.3071
-15.1057
-16.0164
-11.3248
-2.0120
0.9024
2.4687
3.6211
2.6352
0.7736
2.0366
2.1319
16.1125
25.8620
19.4050
9.7612
2.8679
6.2669
3.3650
-3.2237
-1.2458
-1.1982
-5.9609
-6.4721
-9.7249
-8.9876
-12.3351
-14.1594
-16.4079
-16.4391
-17.3358
-21.4878
-20.4697
-17.5253
-23.5494
-19.1741
-15.4966
-14.9932
-18.8407
-16.8478
-10.6112
-5.7094
-10.6399
-16.9804
-14.4162
-8.1798
-6.4436
-0.7803
0.1585
-0.2407
0.8940
-9.0140
-11.0888
-9.1030
-5.6490
-7.6199
-12.3827
-5.7726
-6.9858
-10.1389
-12.3589
-14.8026
-11.6038
-16.2637
-16.4128
-16.5203
-13.7178
-12.3829
-13.9043
-11.9930
-13.4278
-11.7373
-7.7195
-5.8195
-6.1804
-6.1249
-8.7531
-12.4189
-13.3366
-12.4411
-9.0663
-8.0876
-7.5214
-12.1145
-17.8711
-20.5498
-19.3812
-15.8115
-13.6447
-13.5979
-9.3981
-7.4003
-5.4318
-6.3081
-12.9217
-21.3020
-20.9920
-16.8320
-15.5122
-14.5469
-13.1522
-8.3569
-5.0426
-3.8436
-3.2811
-5.8630
-8.8555
-7.1313
-9.7814
-10.8061
-7.4457
-4.6870
-5.0352
-4.0551
-3.1777
-5.4712
-7.9651
-5.3546
-3.6523
-5.3179
-5.2184
-1.8718
-0.5139
-6.6022
-10.7035
-7.5140
-7.7091
-6.8374
-3.2126
-3.8079
-9.0833
-11.1475
-10.8215
-11.2309
-7.1101
-7.6597
-11.6463
-14.3523
-22.3007
-22.5060
-18.1306
-18.9858
-17.0601
-11.1933
-6.8764
-9.4955
-8.4657
-12.6767
-17.3052
-16.9045
-7.6581
-5.4405
-9.2577
-7.1215
-4.9527
-4.2643
-7.6805
-9.4481
-5.6449
-5.2782
-5.4592
-8.6656
-9.2778
-10.6157
-14.4378
-12.4460
-11.8517
-8.0217
-5.2515
-5.5928
-2.5307
-4.2280
-8.2479
-8.2099
-8.0661
-5.8325
-4.6969
-2.3223
-5.4428
-11.3719
-13.2688
-10.2889
-0.6179
6.9188
6.3308
-2.0651
-6.0811
-5.9665
-4.8182
-7.3937
-10.6285
-9.8776
-3.7387
-5.8447
-13.6102
-13.7786
-5.5218
-6.1465
-9.4083
-3.6168
2.3225
3.2694
-4.8100
-8.2576
-8.0203
-4.6142
-3.7958

Coefficient 22:
0.4510
-5.9555
-4.8295
-6.9237
-8.2747
-1.9244
-1.7568
-1.2802
0.7678
-2.3186
-6.1600
-7.7524
-3.4021
0.2297
4.2040
4.7066
6.8145
5.3454
2.2361
2.5223
-0.2517
-3.3983
-6.5620
-4.2904
-2.1754
-1.6340
-1.2330
4.8164
6.8415
-1.6120
-4.3782
-1.7837
0.9596
1.5540
-1.1628
0.5272
3.8836
2.5111
3.0084
6.6914
7.0866
7.4748
15.8909
10.1497
3.9104
0.8344
-0.7584
-3.1395
0.6535
3.4306
-2.1917
-11.6396
-9.9092
-7.2287
-7.4675
-3.1179
-0.3418
-2.8430
-2.4515
-3.7730
-1.3703
-0.5708
-3.6763
-5.0948
-3.1507
1.7104
-1.7944
1.3546
1.9255
3.8880
1.9134
-8.0356
-8.7152
-8.0765
-4.5843
-10.4788
-11.3066
-9.6517
-7.6804
-3.7866
0.9378
-1.8630
-4.9313
-5.1976
-6.2906
-6.1258
-1.3700
2.9049
-3.8354
-2.3016
4.3343
1.2170
6.3219
5.5436
2.1843
0.4427
-2.0763
-2.6234
6.0210
7.5321
-0.4725
1.2853
1.0719
0.3889
-0.0166
-2.1242
-3.7923
-1.7029
-2.0965
-2.1935
-6.5130
-2.4028
-1.2331
-5.9201
-1.8237
2.4725
3.6559
3.3954
6.3663
7.7861
3.5312
1.5184
7.5061
0.3082
-4.7637
-7.3793
-9.3371
-7.5071
-12.6337
-11.0025
-0.7005
-1.9207
-6.6084
-6.4464
-5.6307
-6.9714
-7.5065
-13.0672
-16.0405
-16.8743
-13.9380
-9.1110
0.9989
9.7369
0.1709
-3.6601
-6.2650
-1.1550
2.8224
16.1333
21.9027
20.6419
20.0426
17.8733
19.8796
20.1660
14.2269
0.5141
-6.4494
-12.1990
-9.0177
12.2114
22.1202
19.8377
11.6567
4.6287
2.9344
0.1972
-3.1719
-4.2888
-4.9387
-2.6517
-4.1816
-8.4823
-5.2252
-3.2593
-2.6227
-2.6720
-2.6160
-0.8780
-3.2411
-4.8839
-5.8841
-5.1837
-3.5416
-4.0472
-3.6568
-2.2133
-2.3755
-3.1750
-2.7017
-1.4733
1.4484
5.6880
4.8464
1.6344
-2.1664
-3.2461
-5.3739
-5.4409
-3.2040
-0.7006
-0.3839
-2.3689
0.9765
2.0949
-1.1708
-2.5811
-2.5075
-2.0622
-1.1724
0.8074
1.3171
2.2577
4.7168
2.7131
-0.7587
1.1621
3.2447
2.7876
1.1648
-1.7711
-2.2034
1.4262
2.2096
3.3382
6.8319
6.2979
-7.3254
-3.0465
6.7109
11.3151
11.2350
12.0091
8.8890
7.5603
7.3813
4.7075
0.2690
4.0112
6.4119
4.6519
6.4019
2.2740
0.2610
3.8043
1.9201
1.9054
0.1850
2.0653
1.6046
2.3201
3.6676
3.0032
1.4508
0.6145
-0.5298
-7.6785
-9.8451
2.8787
10.7854
11.3573
7.4471
-3.3437
-8.5211
-0.8040
3.2337
-3.0989
-5.2466
-6.0859
-6.0924
-6.4749
-8.9409
-8.2914
-0.4656
2.6897
0.3194
2.9297
3.7674
0.8536
-3.4386
-2.3883
-0.6112
1.4744
-2.7935
-3.9038
-3.1449
-5.0947
-9.4059
-9.1296
-4.1028
-3.5675
-6.2998
-10.1595
-7.7631
-4.9665
-7.4804
-7.0032
-5.7375
-3.1893
-1.2178
-0.3632
0.3784
0.4542
1.0723
-2.7198
-4.0260
-5.8397
-3.9139
-4.7213
-7.0258
-4.3975
-3.4788
-5.8835
-5.5388
-5.9256
-9.4851
-3.0270
-5.9461
-8.8227
-7.1383
-4.5214
-5.3673
-6.0829
-7.6304
-7.4078
-7.6150
-8.3150
-5.7734
-6.0246
-3.3518
-0.0865
6.8861
9.1014
1.2626
-9.1440
-7.4050
-6.0033
-7.3458
-8.3139
-7.9841
-6.9565
-2.5526
2.8722
1.0073
-1.8647
-6.3878
-1.9142
0.3502
-2.8064
-3.6337
-3.4243
-3.5462
-4.2422
-7.0385
-5.2387
-7.9118
-7.0158
-7.3155
-9.2411
-4.7312
-0.0350
2.4728
0.7178
3.1923
4.5629
3.7103
7.3762
6.2948
4.7884
10.2913
17.3555
17.6234
6.0091
1.9654
9.8408
15.1071
17.4674
13.0162
10.3890
13.8889
16.4359
17.9180
13.3515
10.1749
5.5026
1.0665
6.9046
11.9185
17.8997
22.5525
26.5123
28.3638
28.5623
27.0826
24.6074
23.6231
13.1490
1.3438
15.3454
18.8325
18.2275
17.0882
10.1338
9.7956
11.5614
12.5788
6.4365
5.0880
2.4586
-0.0146
-1.4895
1.2207
2.8819
4.0770
6.7863
5.2628
0.9268
5.9583
7.6679
3.6612
-2.3086
-7.0266
-8.5213
-6.1600
-4.5749
-1.6975
0.9321
2.7517
6.3060
6.6067
6.6564
4.6139
4.7433
-1.3753
-4.6014
-3.1397
-2.3179
0.0190
3.5246
4.1892
1.8846
-2.8439
-3.0363
-4.1207
-4.8854
-4.1992
-4.8694
-4.2089
-3.3762
-1.3330
2.9265
2.6759
3.4614
0.3723
-0.6362
0.5521
-0.5385
-4.1788
-11.0178
-12.0329
-11.1481
-12.7742
-7.8787
-0.7671
6.7775
8.2601
0.8689
-6.7668
-10.2230
-11.1654
-12.2811
-10.5239
-10.3419
-11.7237
-9.4068
-3.2214
0.2410
-2.7493
-6.7139
-7.3258
-6.9866
-3.2176
-3.3400
-7.7353
-7.9433
-6.6515
-5.3181
-10.1470
-12.3354
-6.4623
-4.0240
-4.5845
-4.1882
-4.6278
-0.6826
1.3867
-8.2146
-10.1921
-9.1944
-8.4916
-5.4024
-3.0934
-1.7894
6.4754
9.1873
7.7687
0.1102
-1.7459
1.1399
1.7582
0.8663
-1.7023
-2.6768
-1.3712
-0.3458
-3.5703
-7.2501
-5.0952
8.1293
10.5522
6.6131
-2.7158
-6.6020
-5.1384
-4.0898
-5.9496
-7.5808
-6.4819
-4.5232
-1.7532
-7.1627
-10.8340
-8.5373
-0.2199
-1.1467
3.2977
6.0093
-4.7374
-18.0070
-12.4805
7.2290
7.7058
2.4491
4.7781
9.3447
10.5269
6.2393
0.4824
4.0597
-0.5036
3.6022
9.9880
17.9383
19.5620
15.0877
13.6063
16.0111
14.7369
4.6843
2.0088
2.2302
4.9883
11.1088
11.0838
11.5120
11.2143
8.9968
3.9597
-2.1362
-3.4599
2.2935
12.6556
14.8301
12.2087
3.8881
4.2884
4.7245
-2.8782
-2.7194
-4.9017
-4.8168
-3.7774
8.7684
17.1094
18.1718
12.5820
10.9593
6.2749
0.0458
-5.2773
-4.1599
-2.7263
-2.2586
-4.8464
-2.0333
-5.1381
-1.3222
3.7134
6.1809
3.8548
3.7679
1.2761
-4.4674
2.8177
10.8872
6.7241
3.4029
5.2400
0.4508
-1.7030
-1.4466
1.3170
7.5819
8.1538
5.9173
0.1134
0.0251
-0.9630
-3.3909
-4.6473
-6.6396
-2.7033
-1.9145
-2.6001
-5.2368
-2.8415
-0.0857
-1.5545
-6.2699
-4.5611
-5.6399
-3.2648
0.0982
2.0882
0.3563
-1.6821
-3.7541
-4.4699
-4.0250
-2.1152
-2.1711
-5.8730
-6.0173
-1.8348
1.4665
3.4482
6.3238
3.5395
-1.3505
-3.3149
-1.6887
-1.6762
-5.7239
-5.0636
-3.9746
-7.5946
-10.9285
-11.1940
-6.0071
-3.6892
-2.7861
-3.2228
-3.4725
-0.6041
3.9620
5.4957
3.6589
-0.2403
-0.8711
-1.7302
-0.9336
0.7983
3.1853
1.1069
0.6588
0.8635
-1.9732
-3.1145
-3.5939
-1.6671
0.8041
-0.3327
0.6525
-2.5639
-5.3806
3.5790
8.6016
6.6879
7.3211
8.9060
7.6067
4.0142
5.1789
5.5306
-2.2073
-6.2458
1.2976
1.3831
4.4953
3.0027
2.1918
7.4550
5.8814
1.4922
2.2040
6.1924
9.3937
6.7664
-0.7799
-8.5400
-9.3730
-12.2472
-8.4717
-8.7971
-2.9723
2.7353
2.0846
-8.5142
-11.8987
-9.3200
-6.4505
0.9043
4.0082
2.7798
2.8985
-1.5521
-0.1065
3.4193
6.9220
1.7554
-0.8018
3.3465
6.6608
5.8628
2.8144
5.5073
2.9080
-6.0560
-4.4389
0.8251
-5.2385
-0.2655
1.5470
-2.4845
-2.8983
-0.1134
-0.3434
-1.2558
-1.3233
-1.2982
-3.1342
-7.4182
-0.7318
1.2566
9.0337
6.1072
4.3891
5.1185
8.6286
13.9018
14.0573
8.7867
7.6202
13.9921
16.0865
10.2057
3.0781
-5.4865
-6.7866
-6.7628
-7.7027
-7.6584
-6.6141
-7.1459
-10.1923
-11.9529
-9.2787
-3.5568
0.1853
1.0017
1.2569
1.1449
-1.4174
-0.3778
-1.6175
-2.1609
-1.6751
-2.1952
-3.3139
-4.1635
-5.1291
-6.5668
-7.8904
-5.0994
-4.1461
-3.4887
-4.7638
-4.3938
-4.0458
-4.2282
-4.9380
-8.0364
-7.5163
-6.9126
-4.7100
-0.5550
4.0374
1.9378
-4.8220
-8.3974
-9.2810
-8.7305
-6.0669
-8.9240
-25.0300
-15.3564
-10.2051
-7.6491
-6.5176
-7.5670
-7.3202
0.5433
5.2885
15.6555
15.8541
10.0211
-1.9978
-8.3917
-5.1422
0.8640
2.5533
7.3511
5.8701
16.4025
4.8015
-4.1016
-3.7965
-1.1256
1.5850
0.8682
0.8912
4.2490
4.2313
2.5640
3.7474
14.9305
9.4073
5.7526
7.4611
3.1212
1.4669
0.0820
-5.7454
-7.7755
-13.2855
-11.7095
-6.9553
-6.8051
-6.0029
-5.5943
-0.9741
4.2791
-4.4049
-12.9438
-15.0745
-9.6837
-7.0462
-6.9186
0.9773
4.5396
4.4367
0.9671
0.9287
-1.2028
-8.9797
-15.2351
-14.2508
-8.7924
-5.4922
-7.2948
-3.0993
-0.5282
2.0621
1.0650
-2.6383
-1.1660
2.0224
2.5868
-2.8470
1.5053
7.1721
7.9864
1.1204
-1.9955
3.1857
7.0644
9.0767
10.9861
7.6570
4.7295
1.7874
-2.1125
-4.0958
-5.2491
-6.2673
3.4621
12.7160
11.4943
7.4309
2.1555
-3.0220
-3.8278
-1.3519
4.6964
5.7718
1.5664
-4.6502
-9.2240
-6.2578
-8.9719
-9.3676
-6.4513
-2.5629
-2.6001
-3.9582
-4.5323
-6.6807
-7.6787
-2.8077
-3.5105
-2.0971
-0.6690
0.2528
0.1312
-3.9695
-7.1013
-5.2712
-4.9181
-2.6890
-5.0804
-7.2831
-8.2995
-6.2328
-10.0348
-15.1786
-9.3691
-7.7150
-9.5899
-11.4956
-12.8474
-10.1930
-7.5747
-4.8009
-6.7334
-8.6163
-4.2490
7.6163
4.0837
-1.0929
-4.0333
-4.0981
-0.3446
2.8578
0.9566
-0.6636
-2.8548
-0.2466
-2.7377
-1.7340
0.5812
-4.2493
-8.8135
-14.8430
-16.0793
-8.7848
-9.8056
-13.0286
-9.8017
-4.6502
-6.8046
-10.0762
-6.5370
-4.9198
-7.5257
-9.5239
-11.4614
-9.8497
-9.2040
-4.4737
-6.9192
-6.7862
-12.4188
-12.5341
-7.7364
-2.4452
-1.6412
-1.4169
-1.4386
2.6911
5.8490
2.5792
4.2216
4.8541
3.7567
2.9587
-0.0135
-3.1896
-1.1606
2.4470
2.1452
-3.2780
-0.3621
0.7520
-3.6987
-4.7163
-6.0124
-3.1103
-3.2775

Coefficient 23:
0.4394
-3.7585
-6.2051
-3.5393
-2.8985
-1.1024
-3.6730
-1.9981
2.7193
3.3357
0.9231
-1.6595
0.1476
-1.0425
2.3620
3.6374
6.1767
7.1699
6.8169
4.9111
3.4495
-0.4786
-5.5946
-7.7635
-7.9866
-9.8527
-10.3672
-4.8239
-2.9700
-9.3400
-16.0268
-13.8285
-10.6801
-9.4166
-8.1074
-4.4653
-0.5645
-3.2490
-4.8790
-8.5985
-8.1118
-7.8741
-0.6199
-4.9660
-9.4717
-2.2750
1.6487
-2.5174
-6.3698
-6.9533
-11.3324
-4.8591
1.1156
4.0651
-0.5699
-5.5463
-9.1724
-14.0434
-15.7067
-12.2144
-12.2928
-15.8881
-15.5924
-13.4698
-14.4940
-8.7065
-4.1284
-4.0097
-3.7412
-3.6077
-5.5328
-8.8183
-8.8420
-7.1330
-2.5036
-0.3627
1.2980
3.7360
12.4055
17.1729
6.3419
-1.1155
-7.4254
-8.8148
-3.0658
-1.1158
-4.4048
-4.3616
-8.8005
-6.7887
-3.0431
-3.9039
2.1383
-6.4657
-4.9557
-10.7522
-11.3974
-8.0001
-1.1719
2.9868
5.8436
2.0437
0.2162
-5.0825
-11.9714
-11.3839
-13.8832
-9.8143
-9.6997
-13.6460
-14.1927
-9.2947
-11.0191
-13.1557
-11.3490
-7.8762
-8.5110
-11.6515
-14.2658
-13.0530
-8.8267
-6.2687
-1.4540
-0.6427
-6.6700
-3.6751
-1.7515
2.7064
-7.1966
-12.3150
-10.0506
-12.5085
-14.7314
-14.7874
-11.7392
-4.7746
-3.5592
-11.7296
-15.7121
-15.9293
-18.3125
-15.0715
-9.1286
-4.5811
-1.8331
-2.0730
-2.5413
1.5606
2.0311
-7.2305
-6.2114
-9.7673
-11.4176
-9.7147
-8.6918
-7.5506
-3.9373
-0.7037
-5.9489
-7.3938
-8.6533
-10.8278
-12.6663
-15.5858
-15.2605
-10.9873
-4.3732
-4.2205
-6.9326
-4.1651
-7.2993
-4.8982
1.6439
-2.3163
-4.9629
-3.8515
-3.2834
-2.7439
-2.3587
-0.6018
-2.8555
-2.1337
-2.8785
-3.0740
-3.3683
-3.8275
-3.1374
-2.0278
-2.2410
-2.5265
-2.3767
-3.7517
-1.9834
1.7494
1.7991
0.0635
-1.4507
-0.7729
-3.3630
-5.3365
-3.7992
-2.2060
-5.7316
-8.8712
-5.7772
-1.7913
-1.7292
-4.2873
-6.1505
-7.1304
-5.2267
-3.5424
-6.9819
-8.5534
-10.2622
-7.8828
-3.4951
-2.8679
0.1409
0.8097
1.1233
8.0816
6.6164
5.9490
1.0911
-3.4551
-9.5538
-9.2596
-12.3387
-8.1841
-14.1508
-15.5127
-7.4315
-0.1608
2.8327
1.7887
-4.3050
-10.2520
-4.9175
-16.1528
-21.2681
-17.0114
-9.1680
-5.9062
-4.3767
-2.1368
7.9354
9.9706
4.9422
-4.0103
-8.3255
-10.9578
-2.7458
-0.1827
-1.3786
-1.0044
-1.3433
-4.5153
-10.7808
-1.6933
-6.4241
-0.7167
2.4304
-2.3958
-6.5861
-8.5087
-5.8912
-6.9389
-7.3084
-9.4932
-6.2958
-6.7490
-9.9077
-9.3413
-3.6617
-0.5678
-1.9334
0.7319
0.9850
-4.1487
-4.1091
-9.5505
-8.2669
-2.2493
-0.1959
1.7037
-2.0322
-5.2229
-5.8153
-4.2273
2.6763
3.0219
-0.9774
-2.4836
-1.8733
0.0659
-0.4951
-1.5175
-2.9116
-4.4959
-3.1242
-2.3169
-2.6756
-3.2137
-0.8478
-3.0384
-4.4650
-5.4558
-6.0377
-5.4229
-4.3074
-3.2913
-2.1970
-1.0577
0.2710
0.5721
-2.3118
5.1141
12.8874
5.8191
-1.3277
-2.8900
-4.0506
-0.7422
7.3213
10.4948
6.9091
3.1233
-4.9576
-10.1257
-9.6805
-6.5214
-2.7698
-2.2600
-3.7577
1.3999
7.8989
9.1494
7.0637
6.6071
5.4806
3.0909
-2.9308
-3.9094
-1.8090
0.4888
1.1560
1.6948
1.8129
-2.7035
-3.7779
-2.5112
-3.4710
-3.8507
-5.6677
-4.5560
-7.6693
-9.7317
-10.7434
-11.6970
-10.8682
-7.2864
-4.5428
-6.3529
-4.0159
-6.9033
-11.1520
-14.1271
-9.5622
-5.7111
-12.4380
-18.3616
-24.5418
-22.0589
-19.5814
-13.8914
-5.2317
-10.5238
-11.0486
-13.0264
-16.4938
-19.7727
-17.9574
-16.9892
-12.7868
-5.6790
2.7527
3.3779
-9.4322
-14.4210
-17.8125
-16.0715
-18.9753
-19.3722
-15.7974
-14.7751
-14.3257
-10.8314
-3.1093
-6.0730
-6.0340
-2.0786
5.3220
2.9884
-1.4369
-1.7220
-3.1865
-5.8827
0.3284
0.4668
-2.5103
-4.3171
-1.1631
0.2626
0.7795
3.0983
2.4509
-0.7390
-3.6563
-8.2643
-9.4288
-8.7163
-13.6887
-14.8407
-11.6588
-8.7219
-5.6379
-4.1212
-3.8423
-1.8114
-3.5614
-2.2670
-1.4605
-0.3192
-3.3493
-4.9681
-6.0664
-5.1099
-2.5597
0.1156
-0.4104
-2.0233
-3.9266
-2.9288
-5.0755
-7.2706
-7.3538
-6.3537
-4.7605
-4.2072
-1.8532
2.1176
1.8086
2.6434
-1.5952
-4.8333
-3.4734
-4.4834
-4.2499
-7.2648
-13.8438
-13.0775
-15.8097
-13.9286
-11.3372
-9.6602
-10.3328
-10.8731
-11.1288
-8.8167
-13.9815
-19.8770
-18.9995
-21.9604
-27.3796
-26.6846
-19.5051
-12.4615
-9.2160
-6.7091
-2.5764
-4.8829
-4.0392
-4.7993
-7.2123
-7.6234
-6.9469
-3.8042
-8.3138
-7.6226
-2.8532
-6.8595
-8.2123
-7.9882
-8.9553
-5.6974
3.5221
-0.3823
-2.9450
-2.9895
-3.5150
-2.6337
-1.2223
-0.5325
-12.1921
-10.7679
-4.1130
1.4024
-1.8360
0.9482
2.3057
0.1214
-1.2094
-2.3142
-1.2481
-0.4077
-4.2680
-8.8074
-5.9902
-3.4474
-3.7589
-4.6099
-5.0829
-7.7564
-5.4906
-3.3938
-4.3643
-6.6385
-5.0569
-0.6949
0.5083
-2.2573
-2.8622
-5.9563
-6.8865
-8.1689
-8.1741
-5.5751
0.5871
-6.5580
-10.5293
-4.3782
-9.8042
-10.7592
-12.9775
-15.1870
-18.0137
-11.9634
-5.6012
-9.8951
-18.9726
-19.9315
-18.3320
-13.6245
-9.9050
-5.7847
-5.2941
-5.2315
-3.4659
0.9315
3.0293
1.7648
0.5061
8.5152
8.0435
4.3578
4.6721
2.5002
-3.8205
-5.1178
-6.5165
-8.6910
-8.4950
-8.4661
-7.5798
-13.8047
-13.2469
-9.8704
-4.3191
-3.7594
-7.4177
-9.1869
-9.8752
-13.9312
-14.6152
-16.3840
-13.3369
-11.0808
-7.6754
-4.8665
-3.9566
-4.4711
-2.4334
-1.1171
-3.2886
-1.0148
-6.9050
-5.1466
-5.8070
-8.3671
-11.3933
-12.1941
-7.1388
-6.4313
-4.0464
-0.4660
-5.1759
-14.7695
-15.8560
-11.1086
-6.8532
-5.0997
-7.8730
-10.4772
-12.3569
-14.2446
-13.6938
-6.4923
-5.3738
-8.1117
-3.3845
-1.3761
2.2402
0.4065
-1.4928
-4.3029
-2.8462
0.0229
-1.3844
-6.2811
-5.7749
-6.9691
-3.9064
-0.4657
1.9780
-0.5201
-2.4370
-4.5304
-5.3799
-4.1459
-2.2583
-2.1421
-5.5360
-12.9050
-15.1918
-12.3312
-9.0547
-3.8029
-3.4806
-7.3222
-7.8828
-6.2916
-7.5229
-8.8633
-8.4316
-6.8648
-4.6701
-4.9194
-6.7901
-4.9499
-2.6651
-0.3423
0.9659
-0.1194
-2.1651
-1.3944
-1.5439
-2.5734
-3.3561
-1.7567
-2.3300
-3.1671
-1.8418
1.4618
0.9414
0.8699
2.1971
1.3741
2.1328
-0.6783
-1.4017
1.1771
0.3604
-0.1999
-3.0748
-9.7837
-21.7928
-20.8700
-11.2724
-6.5448
-2.7841
-4.1975
-7.4172
-1.5524
0.2512
-0.2275
-3.8197
-1.7249
0.4952
3.2451
-2.0901
-3.5781
-0.0176
-1.2232
0.0406
-0.6213
1.4787
6.8764
7.7811
1.1360
-5.6551
-6.3318
-10.8846
-9.4671
-10.1636
-5.5985
-1.6097
-4.0503
-3.4859
-0.9719
-3.0458
-8.6566
-10.0892
-9.1376
-7.7313
-3.2570
-6.9943
-10.2353
-6.4163
3.1112
6.7205
2.5919
-0.3720
1.3799
4.0627
0.9440
0.5004
-2.0230
-7.3455
-6.6500
-5.0296
-8.6813
-3.3487
0.1942
-2.5527
-2.9592
-0.3182
-0.8270
-1.7286
-1.2813
-1.4628
-2.1510
-6.0245
-9.6453
-4.5653
-4.8299
-6.9691
-3.2886
-5.9004
-5.4285
-5.2807
-7.4384
-6.5127
-6.8896
-4.7482
0.0455
4.1452
1.9062
-4.5763
-5.8697
-7.1580
-7.4930
-7.5899
-7.0471
-7.6876
-9.9189
-10.4529
-7.6779
-3.3530
0.3560
1.0551
1.4907
2.3335
-0.2151
-0.8330
-1.8581
-1.8871
-1.2545
-2.2028
-3.7201
-5.4662
-7.8131
-11.0233
-12.2815
-6.7657
-5.3622
-3.1127
-5.2867
-5.8891
-5.2679
-7.0087
-8.3142
-12.7611
-11.4708
-8.1740
-4.9709
-0.6820
2.1566
0.3171
-6.3547
-9.1044
-9.6929
-10.8601
-10.3053
-10.6518
-12.9168
-12.8853
-14.3307
-14.4687
-10.7268
-10.3485
-13.0000
-9.0711
-5.8655
22.8782
22.7002
14.0886
7.2829
4.0751
4.7144
0.2674
-2.7726
-0.7829
0.2607
-13.2691
-16.9078
-14.9239
-13.0625
-13.7190
-16.8133
-8.5726
-6.1562
-11.2537
-14.8247
-17.3165
-12.7869
-7.3683
-5.6588
-6.1269
-7.9603
-3.5616
-2.8653
-0.8803
-1.7920
2.1957
2.0457
-1.2968
-7.2832
-5.4001
-15.4490
-19.7967
-5.0956
-2.8644
-9.4559
-11.9602
-7.8489
0.4545
4.5309
3.8053
2.5280
0.7360
-4.1823
-5.3462
-3.1288
-2.2859
1.1475
1.7074
1.0534
5.9709
8.5519
-0.1476
-7.2045
-11.4321
-7.9655
-7.9297
-12.9210
-8.0033
0.2390
2.7650
-3.6659
-5.0639
-1.8751
-1.5241
3.0732
3.3385
4.3139
4.9489
6.0270
5.9307
1.5162
-0.6990
2.5863
6.0367
0.7839
0.6346
1.9903
1.2844
4.5898
4.6201
4.1600
0.3888
-2.4245
-1.7081
-2.1730
-0.0033
4.6237
5.1668
-0.0635
-6.6999
-4.3302
-6.4730
-6.7133
-4.6994
-1.2688
-1.4591
-3.3893
-4.6371
-6.4875
-6.1012
-1.4388
-4.3472
-0.6496
1.8930
-0.2039
-1.0309
-1.1621
-1.9134
-2.5009
-5.5343
-5.4384
-11.0788
-13.0354
-3.4557
2.7217
-3.3571
-9.3733
-8.1114
-6.3094
-7.2357
-8.3446
-6.9273
-2.9970
-0.7437
-2.8697
-2.4936
-2.3341
-3.5977
-3.0147
-3.4203
-5.8752
-4.1282
-2.0672
1.4826
5.4227
4.4747
-2.0496
-4.3187
0.1981
0.7102
2.0582
2.8195
-2.3651
-3.2159
-4.6331
-9.6771
-13.5500
-15.6217
-14.2412
-9.2849
-5.4033
-6.5897
-8.0176
-6.7906
-7.5889
-9.2344
-10.2228
-11.8717
-8.6109
-8.8999
-5.4955
-5.2149
-7.7969
-13.7058
-11.9386
-2.6882
3.5095
3.2175
-1.4440
-1.8948
-2.6530
-3.5388
-2.3425
-0.3425
1.1083
0.1935
-0.3436
-0.5616
-3.1149
-1.5311
0.8225
2.4192
-7.0680
-2.5172
0.6455
1.2495
-1.3815
-5.1638
-3.2717
-2.2593

Coefficient 24:
0.4273
1.4008
-0.1054
-8.3622
-15.3986
-5.9844
-4.8477
-4.1469
-0.5491
-0.2411
-1.2961
-3.5034
-3.4665
-9.9042
-15.4007
-14.0607
-8.7951
-3.6718
2.6182
4.3506
5.0993
1.4164
-4.2122
-9.7076
-10.5494
-11.1850
-11.9826
-8.5194
-7.3133
-9.7632
-14.5069
-13.3614
-10.9781
-11.7609
-9.9765
-6.1943
18.0901
16.8052
11.4228
-0.8664
-5.7531
-2.1568
1.2800
-1.1789
-2.6528
5.0933
-1.4800
-2.4982
-3.8506
-0.6911
-7.8960
-10.0163
-6.4347
-3.1512
-1.6401
-4.5392
-8.0017
-8.6422
-3.6174
2.4896
3.1553
5.1521
6.7352
3.7655
8.8314
10.6422
1.6655
-1.9489
-1.9899
-3.8865
-2.6995
4.0354
9.0358
4.6198
12.2304
6.4332
-6.8669
-13.3830
-8.1768
-1.1278
5.0253
-0.6879
-7.2669
-3.0932
6.7449
1.3443
-6.2529
-4.7494
2.4796
1.4352
-8.6944
-16.6149
-10.3731
-2.3809
3.7401
4.9283
1.3435
2.2120
6.8210
7.4886
9.3886
9.3182
1.9993
-3.8555
-6.4652
-5.8750
-8.8108
-7.4230
-10.4923
-10.0411
-0.9192
2.2016
-2.4049
-5.5699
-4.4990
-1.0801
-4.3508
-6.6893
-3.2798
0.5989
1.4140
-1.7503
-4.5931
-3.5218
-5.7955
-2.3889
2.7813
6.3873
-0.1766
-4.5042
-9.7526
-15.3285
-12.1625
-8.1329
-6.3704
-1.7188
-0.8940
-0.0123
-0.4675
-2.1484
-4.2679
-1.5120
2.1817
3.2463
-2.7836
-0.5486
-0.9796
-6.2323
-6.2565
-7.9831
-12.3680
-13.1275
-12.9461
-14.1292
-13.6502
-12.4899
-14.2620
-11.3876
-4.2503
0.2843
6.1403
0.8993
-7.5714
-15.2158
-12.5981
-7.9378
-6.3382
-7.2103
-12.2903
-13.3310
-11.0531
-4.2680
3.5521
-3.8853
-4.5330
-4.2940
-4.4042
-2.7722
-2.0882
-0.4332
-2.7894
-1.1048
-1.0937
-1.6283
-3.1667
-3.3708
-2.4451
-1.7098
-1.9717
-1.7456
-1.6274
-5.5654
-6.5417
-4.1153
-3.6825
-3.7042
-0.4939
0.9045
-2.0149
-5.1810
-3.8319
-2.6184
-6.9405
-9.2797
-6.6191
-2.6616
-1.8650
-4.5882
-7.5845
-8.9596
-6.0506
-5.4863
-11.8762
-10.9412
-3.7319
-3.1615
-4.7283
-9.0999
-10.4486
-11.5175
-12.4465
-16.4033
-13.1850
-11.6699
-10.4112
-7.6434
-7.0013
-4.4920
-4.0147
-4.5028
-5.8282
-6.4056
-7.3456
-5.2337
-4.5807
-2.0460
-2.2752
-8.2365
-9.3787
-4.3162
-1.2961
-2.9459
-1.9642
-0.1062
-3.4798
-2.8632
4.5809
3.4011
-1.0389
-7.6821
-11.8283
-16.7195
-14.1955
-8.6593
-2.5200
-1.2952
-2.8134
-2.1097
-7.7974
3.0353
-1.9041
-2.5007
-2.9904
-10.9593
-20.5055
-15.3745
-10.5726
-8.9366
-10.4061
-10.1124
-5.4191
-6.4184
-10.4538
-9.5776
-6.7887
-4.2980
1.4265
5.4429
5.1136
2.0074
-4.0923
-5.6528
-6.9611
-0.8688
6.2888
6.3207
-0.0018
-1.9563
0.3006
0.2964
6.5424
7.0047
3.9830
4.1718
3.9362
4.7212
3.6789
3.1876
-0.2266
-5.3887
-6.4073
-8.3418
-10.1665
-10.0964
-6.6157
-2.7711
-1.8399
-2.3272
-5.1818
-4.6244
-1.6148
-2.2417
-1.1955
1.4052
2.5895
2.2235
1.1343
4.1165
6.9342
7.5190
7.2949
7.0288
6.7400
4.3814
-10.1512
-18.2611
-13.8700
-6.1131
-8.9450
-9.9792
-10.0846
-10.7163
-9.2645
-10.4786
-13.0807
-11.8968
-11.0932
-10.9966
-14.4737
-12.7559
-8.4243
-8.9547
-11.3692
-12.8663
-11.9015
-14.4809
-11.5685
-9.6006
-9.5976
-13.4086
-12.7899
-8.6124
-6.7720
-4.5824
-4.6454
-3.9784
-6.9465
-10.8418
-12.4678
-12.2864
-11.9976
-8.1760
-3.7059
-5.1155
-5.3297
1.1965
-4.6468
-6.9762
-10.3226
-7.2899
-7.3115
-11.7715
-18.5299
-20.8437
-11.4588
-5.3894
0.1592
1.0743
2.8370
3.6844
5.2386
7.5084
9.7326
9.1860
7.2315
-0.5707
-1.1875
-1.7474
-6.8937
-2.5214
0.0597
2.2448
-0.0656
0.6611
0.0277
1.4744
3.8538
2.6386
-2.8284
-9.6138
-10.3474
-10.4449
-9.2061
-13.1966
-22.4318
-28.8973
-25.5224
-18.1591
-7.2211
-6.0359
-7.7083
-8.6518
-5.0160
-3.8411
-3.5526
-1.2213
-0.5054
-2.6536
-1.3669
1.1081
-2.4434
-5.4196
-6.8479
-5.8725
-2.6640
-1.9609
-4.1007
-5.9730
-9.0382
-8.8991
-10.4558
-10.2717
-10.0639
-7.4765
-6.1530
-4.5449
-7.2565
-7.1074
-4.1805
-4.7371
-5.8635
-5.7481
-4.8898
-1.8940
-2.7161
-3.6428
-3.6000
-1.9582
-1.1200
-1.7136
-0.5222
0.6038
-0.2625
1.7326
-0.9153
-4.0709
-2.4451
-2.9712
-0.4041
-0.9576
-6.4536
-9.4733
-13.0544
-14.9169
-15.5777
-13.9209
-12.2401
-12.7522
-10.1710
-8.3739
-10.1254
-13.9626
-13.5404
-10.6765
-11.7903
-13.9671
-13.4891
-8.5006
-4.9995
-3.8823
-2.2825
-2.9719
-3.4757
-4.4243
-5.3936
-6.7358
-6.2900
-2.3175
-4.6143
-3.1562
-1.6036
-5.6069
-7.6145
-5.5168
-5.2787
-7.2546
2.0560
5.1085
0.9740
-0.1940
-0.1903
1.6556
2.6531
1.0990
9.2335
13.2122
12.3596
3.2357
-2.4241
-0.1399
1.8403
-0.8271
-0.6677
-1.6494
-0.9897
-0.3452
-2.9743
-7.1481
-4.9838
4.6696
4.6386
4.6958
4.4457
-5.1491
-4.9256
-2.4269
-2.3823
-4.0986
-2.9541
1.4579
1.4830
2.1891
6.2868
-0.3871
-4.9719
-4.5793
-2.9205
-9.5583
-7.8625
-3.9901
-7.4409
-7.3931
-3.0412
-3.7543
-9.5130
-12.5484
-8.3519
-2.7099
0.4463
-4.4479
-10.0356
-2.9819
10.7351
9.1481
1.1058
1.7506
-2.0347
-10.9773
-18.8336
-21.0330
-17.7940
-9.2105
-10.9147
-17.4148
-10.9311
-14.4824
-17.4851
-12.9114
-10.1398
-8.1176
1.5339
3.1175
-0.9802
4.4256
3.2356
-4.1506
-4.1320
-5.9047
-7.1077
-4.9879
-6.8351
-4.8184
0.1103
-2.4071
0.4493
-3.1375
-3.6262
0.8155
3.4963
5.3471
4.2486
-2.8563
-3.8158
-0.6725
-1.6815
-0.8022
-4.3530
-6.0024
-8.7980
-10.0506
-9.9496
-11.1094
-10.8677
-7.9831
-9.2398
-14.9656
-11.8996
-11.9613
-9.6985
-8.6160
-9.6336
-10.7052
-11.2361
-7.8190
-7.0086
-6.0205
-5.8102
-7.0562
-11.0835
-10.8735
-1.8205
2.9172
5.3280
1.4336
-0.7688
-3.2339
-2.6037
-0.1477
-1.3134
-5.5860
-6.5062
-7.5929
-4.2571
-1.1504
1.6664
-1.3560
-3.2585
-5.0919
-5.8983
-4.1654
-2.3940
-2.0228
-4.7844
-8.5380
-5.8190
-2.6379
-0.3578
2.7847
1.3635
-0.6137
-4.5328
-7.1176
-9.6357
-9.8686
-10.6693
-9.7252
-4.8371
-3.5252
-5.4172
-4.8059
-3.1030
0.0234
2.3713
-0.8849
-6.4906
-6.2442
-7.3822
-8.6196
-5.7785
-1.4507
-1.3334
-4.4844
-3.0480
0.4577
-0.4292
-2.0620
-2.3367
-2.5452
-1.6576
-6.0638
-7.9603
-7.2297
-6.3230
-3.0178
0.0310
-4.8664
-10.6142
-8.7580
-3.0662
3.0448
3.8706
-6.2391
-5.3793
-1.7305
-3.7198
-3.2590
-2.8764
-2.3491
0.9139
2.7619
-3.9840
-7.7712
-5.9932
-5.4804
-3.4014
-4.3833
-4.4894
-1.4387
0.0733
-2.5604
-1.9875
-1.9137
-7.8681
-10.2984
-4.4969
-2.5490
-6.4377
-9.7978
-2.3028
-1.0906
-5.7599
-6.1534
-9.0049
-11.6137
-9.6276
-7.3800
-10.6281
-11.0636
-12.4362
-11.1650
-6.3990
-6.2028
-8.0054
-10.8960
-9.0236
-10.5867
-13.6857
-21.0538
-24.7216
-22.9205
-15.0902
-11.6940
-6.4362
-2.5854
-3.3219
-2.9342
0.3188
0.4323
-2.0066
-1.0535
-1.6421
-0.8557
-4.2821
-4.8378
-3.8050
-7.7144
-6.6204
-4.2668
-6.5762
-10.1023
-12.0679
-13.0944
-8.2708
-9.8611
-13.5188
-12.2502
-5.3618
-0.8798
-3.8435
-4.6693
-6.2484
-6.0428
-7.1209
-7.6185
-8.2179
-9.2347
-8.2860
-5.7333
-3.1076
-1.8855
-3.0255
-0.6174
3.0566
0.9051
-1.4577
-1.9998
-1.5476
-1.2591
-2.1259
-3.7714
-5.0872
-7.8903
-12.1448
-13.0502
-7.3879
-5.8862
-2.2897
-4.2401
-5.4437
-5.4503
-7.0601
-8.1659
-12.2287
-10.8132
-6.9618
-3.4610
-0.0778
2.8065
-0.0761
-7.1822
-8.3394
-7.1670
-6.6546
-6.5305
-1.1483
-4.4401
-10.3206
-12.2719
-13.1630
-13.0648
-9.5228
-11.9783
-14.2030
-15.4906
27.7410
11.5788
-0.4924
-12.8599
-20.1992
-17.3995
-5.3748
0.2533
2.8329
2.6686
3.4579
3.7014
-0.0232
-1.5442
-0.5101
1.4015
-1.1708
-2.3247
-6.8525
-8.9147
-6.3570
-4.8004
-3.1287
-2.2270
-5.0074
-6.8013
-7.2567
-6.4189
-8.8490
-6.6360
-7.4926
-8.7004
-9.5917
-7.9874
-1.2360
-15.1147
-12.3607
-1.8110
-1.4086
-4.3384
-15.0046
-13.2894
-8.0214
-0.6890
2.1441
-0.4409
-4.0389
-5.0721
-6.7207
-12.4791
-16.4205
-14.5155
-11.2404
-11.2141
-6.0409
-4.4527
-4.5578
0.6183
0.4147
-1.7774
-1.4352
3.1144
10.5389
7.3164
11.4591
12.8936
11.8676
13.9399
12.2507
9.3688
5.3289
10.9437
11.1417
7.0840
1.9200
2.4577
3.3890
4.2348
3.2960
-5.3073
-9.3970
-9.9554
-12.3179
-7.6859
0.1492
2.6945
1.8872
0.2807
-3.6037
-1.8298
-2.0584
0.1702
0.3729
-0.8693
-4.5306
-2.4136
-3.4066
-4.1980
-2.8710
-1.3740
-0.9145
-1.6942
-2.8093
-4.7472
-3.5814
-0.8957
-4.4469
-0.9304
1.2453
-3.4324
-3.2635
0.1728
2.1986
-0.0062
-2.8623
-2.3635
-4.0338
-4.0819
-2.4000
-2.2938
-1.7333
-3.1833
-6.3176
-5.2491
-5.2029
-6.1536
-8.5147
-10.4105
-9.8946
-14.2999
-11.0259
-2.7723
-4.3242
-3.0178
-5.0422
-7.5172
-7.6373
-4.3914
-1.5479
-0.3527
2.6420
-0.5681
-3.8006
-1.3740
0.6619
0.3822
2.0724
1.8532
2.3066
3.4837
-3.0531
-12.3731
-14.1709
-16.8892
-15.7953
-7.8522
-2.2807
-7.9373
-9.1081
-8.6448
-8.4759
-9.7193
-9.4520
-5.2511
-7.0455
-5.6893
-4.9879
-4.2139
-7.1250
-7.5454
-7.3253
-5.9737
-6.2310
-6.4794
-6.2234
-5.2789
-3.1409
-4.4171
-4.6788
-1.7428
0.7995
-1.6731
0.5777
-0.2025
0.6143
2.4292
4.2522
2.2970
3.6808
2.4850
-0.6565
-2.8006
-5.7659
-4.0624
-1.1017

Coefficient 25:
0.4148
3.4078
1.3540
-2.7727
-10.3859
-4.9600
-4.5673
-6.1164
-5.0915
-5.3688
-4.4571
-6.2055
-5.8302
-10.7468
-14.6068
-14.5206
-13.5480
-10.1157
-2.0794
3.8782
5.1990
1.8072
-2.7840
-7.5754
-6.3877
-2.8804
-3.2469
-3.7145
-3.5401
-3.3870
-2.8765
-0.7311
0.4154
-2.9927
-3.2310
-2.2155
1.2176
0.9173
0.4975
-1.6734
0.2374
1.0291
-0.4838
-2.0998
-5.0607
0.8499
3.9050
-4.6653
-8.0843
-8.6022
-15.9642
-12.3862
-8.2027
-9.5772
-10.5242
-10.1563
-10.6248
-7.1951
-7.6120
-6.0819
-5.9846
-10.7895
-6.4344
-3.5141
-4.2513
-4.7145
-15.7197
-14.4609
-10.7318
-8.6002
-4.8085
0.3182
-0.8391
0.0594
-8.9821
-10.1275
-7.7537
-9.0343
-9.0539
-8.8710
-4.1081
-2.3396
-1.0473
3.5082
-0.5457
-4.3864
-2.8600
-3.6244
-1.6712
-4.5994
-11.3166
-8.9388
-1.8693
-3.1807
-5.9321
-5.7258
-5.5634
-4.3059
3.9115
5.1914
-3.8631
-7.0448
-4.7073
-0.7523
2.0884
1.2883
-2.9029
-5.9362
-5.8775
-2.8040
4.3357
8.6922
10.3939
16.7647
18.4004
4.9047
-3.5905
-6.2317
-10.8273
-7.7197
-4.4527
-7.1356
-10.2202
-4.1008
1.9081
-0.7595
-0.3128
2.4550
1.7335
-0.4010
-7.3767
-9.9564
-0.5434
4.7839
5.2150
8.4608
7.8293
5.4088
5.5980
6.0321
2.3545
1.3699
2.2322
0.1133
-0.4389
-0.0199
5.0134
4.3136
6.2784
3.4426
-5.6776
-8.2268
-6.9313
-9.6669
-9.5564
-13.2944
-17.6058
-11.1092
-3.2185
0.2077
1.3711
-4.9401
-7.8836
-6.7417
1.1537
5.5911
0.9777
1.8980
2.2899
0.8226
-3.8527
-0.8690
0.6389
-2.5601
-4.1770
-4.1112
-4.4285
-2.6062
-1.8170
-0.3657
-2.1225
-0.9832
-1.7289
-2.0800
-2.7404
-2.6850
-1.6148
-1.2700
-1.5827
-0.8859
-0.7023
-5.0983
-7.1898
-5.1947
-4.7883
-4.8230
0.2536
0.4456
-2.7381
-5.3703
-3.1280
-1.2418
-2.5796
-3.4334
-1.2398
0.0517
-1.1224
-2.8927
-5.5243
-5.9767
-2.7427
-3.3934
-9.6059
-10.5653
-9.4285
-7.3097
-3.2836
-9.7478
-13.9960
-16.9024
-16.3775
-5.9769
-10.0565
-17.4980
-18.1178
-10.5612
-12.5889
-13.1665
-3.8473
-2.3515
-4.7461
-4.8499
-5.2724
-3.2340
-8.1370
-8.9009
-6.5834
-10.2817
-10.7141
-5.8084
-7.7615
-7.9141
-4.0249
1.8292
3.1954
-0.0155
-4.1729
-6.6887
-10.7715
-5.2560
-2.2502
-0.8222
-1.6078
-1.4682
0.8607
-3.0264
-3.9212
-2.4502
-3.8920
1.9943
-1.0161
-5.9164
-2.9661
-3.3716
-12.7908
-12.5348
-6.1156
-7.6021
-2.3250
-2.4227
-2.8097
-5.7888
-10.1732
-8.8143
-6.1732
-4.1739
4.0498
6.1818
6.2770
8.9311
12.4359
15.0673
12.1654
10.2640
8.2955
5.8653
1.5589
1.7340
3.7273
0.5470
4.7791
5.7423
6.8320
6.5924
4.2094
1.8610
1.2236
3.3114
0.0917
-5.6902
-7.3405
-10.6641
-12.8533
-12.9499
-7.7513
-5.5293
-1.8662
-2.2899
-3.8063
-1.7831
0.3001
-1.5409
-1.0677
-0.0808
-0.3717
-2.6425
-1.3926
-7.4034
-20.2836
-18.8065
-17.0197
-14.1561
-8.8039
-3.4231
-8.1853
-8.2071
-7.4211
-9.5019
-7.7521
-4.8583
-4.2292
-6.0138
-5.8555
-5.7831
-10.7578
-13.2803
-12.1995
-9.6987
-3.6459
2.4731
1.3317
-4.1895
-14.2078
-17.4584
-17.5310
-19.0504
-13.6599
-13.3077
-12.2162
-15.5240
-14.5746
-9.0261
-5.3013
-2.2862
-4.1786
-3.6185
-5.5923
-5.9804
-6.9929
-6.8043
-5.6255
-2.1073
3.0263
2.8095
-0.1077
-2.8555
-5.8232
-6.9528
-2.9860
-1.5598
8.1901
-0.9279
-2.5557
-2.8877
2.3195
3.6529
-2.3363
-10.8671
-8.5712
-9.2975
-14.8098
-15.4858
-14.7112
-16.1211
-13.6011
-8.8965
-8.9699
-12.3894
-18.1341
-17.6042
-20.8309
-23.9618
-23.0504
-19.5114
-16.6994
-18.5464
-21.4315
-22.6701
-14.5202
-13.7836
-17.0174
-14.3729
-9.5286
-8.8489
-11.4997
-10.8552
-9.0164
-8.1237
-1.8874
-2.3771
-3.5688
-4.0539
-1.6190
-0.5682
-0.4176
2.5310
2.5547
-0.2484
-13.0380
-12.3707
-10.1319
-1.7880
-1.5629
-1.6573
1.7231
1.9639
-2.7284
-2.8271
-4.1094
-3.3685
-1.9599
-2.4613
-5.7831
-5.2096
-5.5350
-2.4644
-5.5803
-5.7309
-1.9334
-3.0632
-3.7751
-3.2792
-3.3620
-0.3980
0.9086
1.9640
1.8502
2.6979
2.4571
1.5124
0.7794
0.3454
-0.6983
2.4001
2.1378
0.4417
-0.1412
-1.1919
1.6056
-2.7778
0.5947
-3.0123
-7.2571
-13.0762
-13.9660
-10.8750
-10.6294
-10.6143
-8.8443
-8.0454
-6.4630
-6.5795
-9.5664
-4.6119
-7.0784
-9.4333
-11.2327
-5.7058
-3.7693
-4.8826
-3.6321
-2.6955
-1.6284
-1.8895
-2.8982
-5.4418
-4.8034
-1.2199
-1.1538
0.7309
-1.0644
-6.5195
-7.3592
-5.3266
-3.9138
-8.4157
-6.9964
-1.0429
-2.7157
-2.7887
-1.5802
1.2405
2.7711
0.9980
-0.8166
1.2274
1.3782
0.1024
-3.4058
-1.5262
0.4024
-1.9149
-0.1581
-0.8210
-0.6399
-0.2518
-0.5171
-3.2099
-2.5859
-1.9652
-0.7943
0.7015
4.4363
-2.1105
-3.2285
-0.9776
-0.1311
-1.0072
-1.0860
1.2643
-14.1074
-13.6597
-11.4746
-10.7730
-4.4048
-1.7478
-1.5116
-7.6451
-8.6228
-5.0861
-4.5563
-13.1971
-16.2052
-7.3687
-10.0445
-9.5490
-7.7245
-5.9714
-2.7530
4.1493
7.6203
5.6306
-2.8198
-10.4980
-16.8162
-13.8562
-3.3521
-2.0086
-5.1583
-5.6346
-2.2236
2.4904
0.2529
-6.1187
-7.2860
-5.3581
-6.3902
-9.5614
-12.0784
-11.6360
-9.1569
-15.1064
-20.1601
-16.7627
-11.0481
-4.8777
-5.2854
-7.8231
-9.4913
-4.3895
-4.0788
-4.4336
-10.0638
-20.3400
-19.1933
-17.1476
-14.0553
-9.3048
-8.8318
-5.6537
-0.0230
-5.0104
-5.3199
-0.8878
-0.3842
-1.1888
-1.5472
-7.3169
-8.0967
-8.6056
-9.8386
-9.3792
-6.6375
-5.6428
-6.5595
-7.3061
-3.4481
-5.1999
-9.0087
-12.2754
-12.8036
-11.1039
-11.4222
-15.1223
-15.5935
-16.3358
-11.7206
-7.5504
-12.3946
-9.8141
-0.3766
4.3455
4.8772
1.2541
-0.4826
-2.5490
-2.3190
-0.6945
-1.4918
-4.3524
-6.1881
-7.4786
-4.3232
-1.9138
1.1580
-2.0792
-3.4055
-4.5585
-5.7247
-3.9465
-2.4586
-1.8708
-3.3932
-8.7923
-6.7374
-7.6041
-6.3305
-2.0017
-3.4200
-5.0970
-5.6899
-5.0911
-7.0508
-7.2810
-10.8084
-8.7414
-6.8247
-7.0794
-8.3291
-5.9895
-3.1598
0.8583
3.7653
-0.4293
-3.8986
-0.7369
0.1898
-2.6756
-2.6616
1.0660
2.7581
-2.1998
-2.0254
0.1290
-2.6093
-5.1297
-6.8019
-6.6311
-7.3657
-10.6743
-9.7638
-10.9729
-12.3364
-9.5431
-3.7401
-5.9729
-4.5570
-6.3813
-6.6417
-2.8787
-3.6198
-12.9946
-14.2145
-13.6116
-16.0044
-16.8212
-6.4068
-1.9234
0.1879
3.7896
0.1749
-0.0503
1.4779
0.8841
-1.2352
-5.1133
-10.1252
-10.7289
-11.0346
-9.0633
-2.2378
0.2570
-6.5512
-7.8474
-0.8946
-0.4986
-5.1850
-8.9823
-12.8584
-7.7907
-6.6026
-2.9052
1.9963
-1.4307
-0.9879
-5.0872
-6.2308
0.7374
0.8887
-2.2500
-7.0460
-8.9972
-7.0201
-6.3285
-3.7118
-4.1601
-6.3538
-4.7002
-5.5371
-10.6036
-9.0039
-10.9772
-7.1921
-3.1377
-2.0896
-2.6598
1.3125
2.4281
-1.9335
-0.6291
-1.6979
0.7065
-1.7793
-8.1657
-9.2013
-9.8908
-9.7755
-11.8812
-11.5705
-14.9842
-15.0385
-13.0977
-11.5475
-12.1836
-12.2972
-8.3775
-6.1152
-2.2716
-3.1908
-3.2948
-4.4833
-4.0212
-6.2963
-7.6126
-7.6209
-8.0818
-5.6869
-3.6637
-2.7617
-1.8496
-2.4815
-0.8674
3.3050
1.7943
-1.8890
-1.7136
-0.6021
-0.9111
-1.2730
-3.1876
-2.5783
-3.5271
-7.2120
-7.8412
-5.9956
-5.7071
-1.3061
-1.6884
-3.3117
-4.4996
-3.4453
-3.1326
-5.8273
-4.5831
-1.9882
0.7987
2.3215
2.6541
0.1803
-6.7584
-5.1630
-0.4468
2.1664
1.0077
2.7550
-5.0314
-10.2831
-10.6582
-9.0461
-8.7056
-7.7002
-6.7258
-5.6816
-10.7597
23.9955
12.9524
8.9661
5.3412
2.6698
5.0081
8.0207
6.2530
6.6670
0.4215
-9.2295
-5.8005
-8.5001
-15.8738
-18.7702
-15.2972
-13.6989
-13.7387
-13.2626
-9.6258
-8.5133
-4.7636
-10.8229
-17.0843
-22.6641
-21.1486
-12.8698
-12.5220
-13.2736
-15.1832
-14.1352
-12.2663
-9.4839
-9.6717
-3.2472
0.3908
1.2950
-7.1512
-14.6413
-1.5452
1.7224
-9.3320
-13.7746
-8.6706
-4.7500
-9.2508
-13.0453
-6.1479
-1.1785
-5.8685
-5.0298
-11.7949
-17.3539
-20.3379
-18.3481
-16.3927
-2.4279
-5.1611
-10.5199
-11.9646
-9.8089
-7.1738
-6.5068
-6.7770
-7.2314
-6.8169
-13.0412
-13.1635
-10.3945
-4.1791
-2.7712
-7.1058
-8.8207
-11.4000
-13.9309
-8.0139
-2.6848
-12.4291
-18.2201
-15.6596
-15.4001
-18.0850
-16.2149
-16.2522
-12.4923
-9.1781
-10.4322
-6.6320
-1.8931
-5.5517
-10.5976
-7.2766
-4.3151
-2.9907
-2.6894
-0.8349
-0.6230
-1.8761
-1.4744
-1.7533
0.0157
0.5436
-0.3281
-3.0362
-1.9097
-0.9931
-3.4911
-1.8163
-1.1261
-6.5575
-5.5352
-0.5866
3.5142
2.0658
-1.5395
-1.9402
0.2766
-1.1548
-5.0806
-6.4558
-4.6116
-5.6884
-6.9627
-5.6764
-5.0627
-3.9578
-7.4349
-7.3251
-1.5408
-1.8610
-2.0757
-3.7273
-5.6025
-2.8530
-4.7587
-8.9776
-6.1742
-0.2952
-0.5837
-1.6377
-1.7092
2.3353
-1.6453
-4.3710
-2.5497
-2.1980
-2.5177
-2.8714
-1.4877
-3.9508
-4.8741
-4.6636
-0.2957
-3.2629
-4.3795
-1.0860
-6.6087
-14.0480
-10.9306
-7.8227
-4.6574
-6.3249
-5.2611
-3.4189
-6.4244
-5.4734
-5.3689
-3.5563
-5.0014
-1.9637
1.6404
0.4610
-1.5169
-4.0341
-4.0272
-7.3921
-7.7017
-7.8342
-10.3232
-13.9371
-15.6286
-17.3323
-19.3082
-17.6235
-9.0940
-6.6250
-8.4053
-9.8343
-11.0620
-3.9408
0.9859
-2.5224
-6.0241
-3.8323
-0.1165

Coefficient 26:
0.4020
1.4985
1.9360
2.4681
-0.4558
-1.0374
-2.9711
-6.1791
-5.8469
-3.2649
0.2405
-2.5950
-2.4049
-1.8380
-1.5789
0.6155
-0.7442
-2.6085
-0.8004
2.7014
3.7162
0.9085
-1.9584
-4.0020
-0.7975
5.2754
5.4918
1.3425
0.6608
0.4594
3.8601
8.0101
8.2471
5.0694
4.5117
2.8201
-8.6267
-7.9527
-8.3127
-9.0051
-6.3706
-6.1051
-10.5647
-10.2105
-15.3394
-7.2568
5.5391
0.5696
-0.7210
-2.8235
-5.5357
-6.7853
-4.9699
-3.1919
-6.7941
-9.0667
-11.1534
-6.1649
-4.4683
-6.1705
-0.5199
14.0938
10.5457
4.0495
0.7855
-2.0561
-4.5457
1.1557
4.8304
7.0595
4.7791
7.4026
9.0723
8.4813
2.6915
0.1978
-6.3271
-7.5334
-3.5071
-1.1764
0.5629
5.1447
9.2748
10.0535
-1.4806
-2.7746
-1.2317
-1.9439
-2.1615
-2.5869
0.2694
6.4296
4.0503
4.1581
-1.1210
-8.5277
-5.4798
2.3194
3.3294
-6.2907
-14.8566
-13.0583
-1.6226
6.4409
4.2263
-0.7681
-4.4890
-5.7326
-7.7068
-8.5010
-1.9256
-3.1422
-1.4507
8.0388
11.8024
6.0732
-0.3009
-3.8828
-4.9375
-0.6236
1.8407
0.2538
-3.5601
-1.2781
3.3120
-0.6099
-3.0534
-3.1470
-2.6450
-4.0954
-3.1228
-0.5641
7.3061
9.6554
7.5401
9.4254
5.9152
1.3244
2.9034
7.0507
6.0447
6.4236
6.7454
3.5638
-4.9861
-0.3662
11.0158
16.8517
14.9042
10.2464
8.6360
7.5440
1.5874
0.9351
4.6016
4.6573
5.4433
-0.8633
0.1054
-2.8968
-6.3105
-7.2869
-8.9193
-6.2683
-2.8928
-1.7981
-4.4485
-4.2166
-7.8837
-9.7862
-10.3179
-7.5088
-7.7567
-6.9384
-3.8859
-3.3607
-2.9673
-2.2156
-1.5564
-0.3812
-1.1818
-1.6812
-3.7293
-3.7147
-2.1769
-1.8112
-0.7070
-0.7435
-1.1136
-0.0335
0.0098
-2.3774
-2.5406
-0.7687
-0.2158
-1.7563
0.5315
-1.4149
-4.6456
-5.5582
-1.9889
1.0562
3.5715
3.1738
5.1833
3.6817
0.1445
-0.1892
-1.5134
-0.5952
2.0351
0.8518
-2.2333
-0.8865
5.4524
4.1455
-0.2087
-2.2567
-2.7554
-4.4291
-5.6534
-9.3336
-10.4306
-8.2050
-6.4073
1.6711
-0.9001
-4.9980
-0.7294
-0.9621
-6.6040
-4.1660
-7.5846
-7.5912
-6.0367
-3.7684
-3.8170
-4.1063
-6.3838
-0.1154
6.2421
9.0074
8.8657
4.6994
4.1770
4.5834
1.3729
-2.4728
-2.9957
2.1357
-2.7079
-6.4426
-8.9998
-5.3480
-0.9524
-0.7986
-2.3735
-1.2174
0.1517
-1.1711
-4.0533
-6.9379
-5.3388
-4.3722
-6.1038
-0.5155
0.6080
-5.5325
0.0389
-0.3966
-0.5679
-4.9814
-8.5604
-7.0752
-2.7734
-0.6698
-0.1136
-3.5252
-1.9472
3.6974
3.5242
-0.5825
-0.1357
0.8401
-1.1136
-0.3943
1.0244
2.3791
0.9456
-4.0487
-1.4883
-0.2885
0.2974
-4.4828
-5.7860
-4.1474
-4.7285
-0.2520
-1.6602
-5.3492
-4.8366
-6.1888
-7.7161
-7.5685
-5.1528
-7.2626
-3.9685
-2.1602
-1.4504
0.7011
1.0224
-1.2789
-0.7270
-0.8821
-2.4205
-5.6413
-2.6036
-11.4517
-18.6975
-18.1840
-15.3812
-11.6163
-9.1863
-9.6478
-9.9576
-3.3241
-4.0779
-7.1186
-4.7428
-2.3915
-2.5924
-0.8376
-2.0152
-4.2734
-4.7629
-4.9708
-3.2120
-4.7528
-6.4222
-7.7865
-10.5066
-12.0881
-10.2439
-4.9786
-0.4104
0.2125
-2.1726
-3.0788
-0.5517
-3.4803
-4.6282
-2.0573
-0.2380
0.8608
-4.0926
-3.3698
-3.9296
0.4394
0.8271
1.2286
1.5886
2.5059
5.4267
6.9978
5.2489
7.5075
7.3497
7.3643
2.7040
-1.1693
2.3215
4.5533
3.9848
2.3858
5.1141
7.6539
-1.5508
-2.2109
1.1405
1.8592
2.3439
2.0503
3.2962
2.5366
-0.0884
-4.5692
-8.7285
-8.1871
-4.3573
-1.0031
0.1673
2.4161
0.2706
-0.7322
4.0472
8.1368
6.0379
-1.2767
-6.7048
9.1575
14.6020
14.3658
12.8995
9.6659
14.2759
11.5323
7.3855
4.4530
6.9461
5.8442
4.1885
3.6899
4.0832
5.0299
5.0565
7.2809
5.6777
2.5226
1.9879
-1.6125
-2.9214
-3.1613
-6.1409
-8.1739
-5.4288
-3.0065
-5.2958
-1.6001
1.2156
3.1508
5.9689
6.8332
3.5242
1.2937
-3.4643
-1.6443
-3.1602
-2.4188
0.2882
1.3434
0.4559
0.2080
-0.9787
0.7153
2.7319
3.9061
2.7105
2.3997
2.1826
2.4572
0.0832
0.4582
0.1987
2.2645
1.9794
1.4593
-0.0482
-1.6775
0.4070
-7.8814
-3.9055
-1.2986
-2.9369
-3.3707
-2.1079
3.4691
7.7109
9.9373
7.2156
3.2371
0.3089
-2.2497
-1.9914
-4.8504
-7.8066
-7.1278
-1.2484
1.2944
-0.0303
-1.8426
-3.3937
-1.1379
-0.3898
0.0838
-1.2773
-4.2499
-3.3452
-0.4549
2.1787
5.4716
2.7281
-2.3848
-1.9887
0.9820
3.4196
-4.5295
-13.4635
-9.7720
-8.2724
-8.4373
-6.9106
-2.3400
-0.8385
-0.7762
-0.6610
2.0000
-0.1534
-3.8374
-4.5043
-3.0875
-1.6810
-3.0503
0.2552
0.0017
-0.2728
-0.2230
1.5682
0.8700
0.2638
6.5605
4.3934
1.5481
-0.2046
-0.6860
-0.5448
0.9912
1.9938
1.2741
0.1874
2.8557
2.5264
-6.2153
-10.9984
-10.8887
-3.5545
-1.1848
-4.6452
-3.6588
5.2687
-0.2753
-3.6442
0.8544
9.9526
8.2627
4.4866
4.7252
4.9632
-1.0484
-5.7696
-10.7167
-5.4746
0.3072
2.4799
-7.6678
-14.4223
-13.6395
-13.0283
-9.1523
-6.1566
-6.0471
-6.8992
-5.3668
-1.2397
-2.3672
-4.9895
-2.5076
-4.2422
-5.2443
-3.4467
-2.3533
-1.5324
5.5649
8.0482
4.1193
0.8379
7.3114
10.7536
6.4226
-3.8846
-1.2343
0.7319
1.2965
-1.9501
1.3233
1.2182
-0.2542
-1.8483
-1.8580
-1.4762
6.2134
1.6344
-8.1449
-7.4562
-1.5881
0.2866
-1.7851
0.1997
-1.2946
1.4212
4.4868
4.6563
4.3334
2.1564
-1.0112
1.9690
6.5927
8.6194
-2.5646
-0.9139
1.1279
0.8639
0.0647
0.0381
1.8468
3.0152
-1.6762
-7.4031
-7.7451
-7.5716
-5.9190
0.5970
2.7833
1.4040
-0.1320
-0.6112
-2.3842
-2.1204
-1.4839
-1.8270
-2.8152
-5.3243
-6.7164
-4.1357
-2.6897
0.4823
-2.6369
-2.8054
-3.1450
-4.7832
-3.4025
-2.3969
-1.7497
-1.7791
1.8242
4.3775
1.4338
0.9525
2.7773
0.4628
-0.3233
-1.7074
-1.7044
-2.3454
-3.7123
-4.3486
-1.1619
-3.8108
-5.0515
-6.5749
-5.8455
-2.3336
2.0388
5.1096
2.2621
0.5634
4.2191
8.1071
5.7312
2.9053
5.5816
6.4737
1.8141
-0.8169
-1.2308
-2.6024
-3.9230
-4.6516
-3.9357
-6.2157
-6.9919
-3.1930
-3.6696
-7.6149
-7.1254
-2.3676
1.1939
5.7285
0.9227
-0.6769
3.6728
5.4063
4.5976
1.6576
-5.2320
-3.0441
-5.1383
-2.7593
-0.8600
-0.1610
4.4547
3.7654
5.3148
7.9240
4.8274
-0.2741
-5.3612
-13.6271
-14.9958
-17.0748
-13.2718
-3.2943
0.2445
-4.1964
-5.1122
-2.4630
-1.4116
-4.3714
-8.2535
-10.2866
-12.8192
-10.5538
-7.4116
-4.9023
0.8443
8.7198
4.1246
2.5463
2.6397
0.6463
-1.8112
-7.5185
-9.6576
-8.1158
-2.7983
0.2143
3.2247
0.2806
-0.9094
3.0085
-2.0040
-3.6334
-7.6122
-5.7750
-1.9053
-0.1632
-2.2979
1.7574
3.4566
-1.5183
-0.0667
-1.4608
2.0109
0.5236
-3.3210
-3.8164
-6.7777
-9.3103
-7.4942
-6.8325
-8.1070
-7.6078
-6.0964
-4.0249
-5.9508
-3.6857
0.6462
0.8010
-1.3381
-2.5124
-1.9063
-2.9153
-2.4830
-5.2267
-7.1288
-6.5154
-6.4710
-2.9543
-1.5269
-2.2742
-1.8857
-1.0937
-1.2719
3.1198
2.3297
-1.6018
-0.6288
1.2275
0.4866
0.3825
-2.4616
-3.1968
-5.2113
-8.0689
-7.0359
-6.0156
-5.5584
-0.5183
0.5092
-1.1158
-3.0034
-4.2976
-5.2923
-6.6619
-5.0229
-2.1262
-1.5856
0.4959
-0.3343
-3.8153
-7.8953
-7.5859
-4.9360
-1.5296
-2.0276
-2.6669
-9.0309
-4.9599
-1.0917
-0.2327
0.0049
-1.7444
-0.7303
-1.5407
-6.3883
4.8964
-4.8019
1.1676
0.5229
-6.4476
-7.0186
-6.2022
-8.5686
-11.3747
-8.2475
9.0467
8.3879
2.7247
0.8358
-2.6841
-1.3124
0.3525
4.1976
9.3264
8.5681
4.1743
5.8106
13.9512
16.1452
14.4245
12.5947
9.3581
12.5715
5.2917
-4.9697
-3.9142
-2.1637
-2.9940
-6.2227
-6.1440
5.3637
5.2211
5.8932
-1.2397
14.0533
24.4713
16.0505
3.5327
0.6843
-4.3975
-10.4762
-11.8381
-11.4923
-7.2332
-3.7246
1.0293
1.1915
6.6784
7.7227
3.2008
-0.5876
2.6274
-1.8945
-2.6242
-1.8920
0.6109
1.2660
-3.1932
-6.3391
-11.5473
-11.9676
-10.1646
-6.0800
-1.3979
-4.4282
-11.6422
-9.5271
-4.6175
-6.6490
-9.4593
-10.3678
-6.6167
-6.2273
-7.0462
-1.3807
-6.1523
-10.7566
-12.4342
-7.0171
-6.9828
-9.9823
-10.9227
-5.9176
-2.2759
-2.4508
-2.9752
-1.8484
-1.9330
-2.8841
-0.4475
0.7637
1.8353
0.5225
-0.4286
-0.9418
1.7191
2.1062
0.9593
-2.8463
-2.4044
-1.6787
-1.7192
-2.3514
-3.0427
-6.8920
-6.2572
-2.5845
2.2239
3.5601
0.8301
0.0146
6.9985
6.1970
-3.1399
-4.7631
-9.0464
-8.2085
-6.0778
-5.1167
-3.8669
-0.7143
0.8602
1.0313
6.2853
8.7173
3.5511
-2.6552
-5.6507
-1.5423
6.7294
6.2690
8.0486
13.4229
9.7490
2.3857
0.3088
5.4047
2.7638
-1.7416
1.0834
2.3697
-1.4825
-2.2151
2.4065
-1.3244
-0.4022
0.5049
0.3437
-4.7250
-2.6976
-0.2141
-5.2351
-11.6619
-9.6231
-6.3101
-0.6694
0.1149
0.1661
-0.2780
-2.6631
-3.3037
-4.5392
-4.6910
-2.2209
-1.9070
-1.4015
-0.9771
-0.3543
1.3469
1.0348
2.1147
5.5138
4.6744
1.9747
3.9150
1.9990
-0.4622
-3.8202
-0.1612
-0.5005
2.4611
-0.4578
-3.1334
-2.9724
0.8632
1.6243
-1.4453
-5.0826
-2.9803
0.5186

Coefficient 27:
0.3887
-0.7994
-2.9414
-0.7457
5.8465
1.4812
-0.8913
-4.7861
-4.3765
1.3844
6.5951
2.1232
-0.0377
1.8703
7.1230
10.0004
8.1044
5.5499
1.1028
-1.5417
0.3138
-0.7311
-2.1136
-3.1548
-0.5153
3.8862
4.4930
-0.0364
-0.9526
-3.6754
-1.9026
1.9580
2.4505
2.5343
4.5452
3.6001
-0.3495
0.4094
-0.6719
-3.1898
4.6273
4.0224
-6.6654
-4.7272
-8.6549
-6.6803
5.9887
-3.0333
-8.7314
-7.3167
-3.8102
-8.6674
-9.4225
-6.1740
-4.1659
-3.6057
-1.2880
7.5105
11.2569
7.5363
6.6396
3.4252
-2.1531
-8.4267
-8.9089
-3.2258
6.9371
4.3069
1.6502
1.6670
-3.2465
-6.7006
-7.8696
-8.2081
-7.6657
-0.8103
2.9217
-2.4495
-3.8408
-2.9949
1.3265
0.7214
1.8734
0.6501
-4.2986
-6.2024
-5.3947
-8.6977
-4.9257
-3.5710
-3.9518
-1.6891
3.0757
1.3748
-4.9617
-4.9782
-6.3648
-2.5450
1.1240
-1.8231
1.5066
1.9765
-4.4474
-4.4191
2.4684
-3.8972
-7.1306
-4.8310
-5.9091
-2.9460
0.6999
-4.9181
-4.7028
3.1090
-1.1375
-7.6990
-10.9392
-6.9462
-4.8608
-3.8296
-0.7581
-5.3115
-8.8301
-2.9183
2.9343
0.3704
-0.4080
-3.8698
-8.4869
-7.1426
-3.6502
-1.1286
0.9005
-5.8977
-9.9151
-4.1408
-3.9058
-4.3806
-2.4796
-3.5607
-2.2334
-0.0313
-2.9745
-7.9360
-10.6037
-0.6011
10.6695
11.0372
8.3616
1.0538
0.3743
-0.9476
-1.7606
-6.3270
-7.3682
-4.2926
2.3857
6.8285
4.1160
-2.2474
-12.3727
-11.9741
-5.7396
-3.1918
-0.4854
-2.3314
-4.3296
-6.7871
-7.8254
-5.2212
-6.6548
-8.9158
-11.8569
-10.1555
-3.4336
-2.5830
-1.3057
-1.7430
-1.3173
-0.4541
-0.9239
-3.2858
-4.8411
-4.6189
-1.7113
-0.8194
0.1988
-0.1847
-0.6198
0.7021
0.5509
-0.0358
1.4161
3.1000
4.2910
1.8700
0.4223
-2.7908
-5.5912
-5.0637
-0.9771
2.5777
6.0405
4.5374
6.8544
4.9593
1.1280
1.7518
1.3935
2.9062
4.4536
3.5755
4.3121
1.9649
-0.7130
-0.0020
2.1578
5.0175
9.4690
10.2856
10.7168
9.3489
1.8689
-0.0746
2.3908
6.0076
2.8238
2.9172
1.2362
2.1979
-1.0903
-1.0524
-6.5524
-6.0181
-1.0370
2.8415
3.3104
1.4783
-0.7219
-8.8684
-4.8516
-4.0174
-1.3607
-0.6556
-0.7060
-1.0642
7.5830
7.7335
5.1194
0.1956
1.6917
-4.8135
-7.6371
-7.4655
-2.8052
3.1544
1.5625
2.8067
3.3971
-1.4873
-7.7157
-7.0558
-4.3040
-4.4894
-1.5846
2.0767
-0.1028
-3.7900
-0.7918
-3.3167
0.0014
-3.7283
-5.9458
-4.8486
-0.6417
2.1754
-3.0984
-7.7783
-5.1460
-3.4387
-6.2726
-10.6321
-8.9792
-13.0614
-10.2393
-6.7627
-1.5503
-0.5388
-6.2777
-10.0212
-7.9215
-6.4900
-6.2464
-10.0864
-11.3654
-7.4509
-6.8107
-3.0586
-3.0555
-4.4587
-1.8273
-0.2250
-1.3362
-1.9788
-0.2015
-2.8159
-1.8072
-1.9204
-1.9026
0.4905
0.6755
-1.3470
0.5396
1.6332
-0.0141
-2.0698
0.5006
-5.9786
2.0900
5.1651
7.2527
-0.2116
-0.9547
-2.4612
3.0744
6.4738
5.7989
0.5564
-2.9422
-7.2969
-8.1378
-6.6656
-6.6034
-6.5513
-5.0885
-3.2394
-5.7759
-8.3701
-6.5894
-4.8480
-3.1619
-1.3262
-4.7307
-5.1363
-4.0518
-2.6969
-0.8587
3.3566
6.1642
4.6519
2.4819
0.7242
0.1094
-0.0871
-3.9665
-3.0628
-2.4565
1.7974
3.1418
5.0309
2.5890
-0.2417
-0.7537
2.4305
3.0916
1.5612
1.6304
-0.6972
-0.9955
-2.8624
-2.4250
1.7566
4.6436
1.3882
-8.5211
-12.2550
-12.7091
-13.3937
-12.1509
-6.4499
-9.2994
-14.9641
-14.3311
-10.4861
-9.7826
-7.5151
-3.3131
-5.1382
-6.4762
-7.9208
-8.0696
-3.7669
-5.1345
-6.1973
-4.2278
-2.4238
-2.7321
-3.0338
-6.2074
-6.1271
-5.6311
-1.2188
1.0213
0.1392
0.0037
-4.4471
-4.2902
1.5797
1.3435
3.1378
2.6980
3.1304
2.5414
3.4891
3.8463
3.5593
2.0937
0.3937
-1.3402
-4.5669
-7.1194
-7.4495
-7.9568
-7.9452
-7.4823
-4.9469
-6.9253
-4.8065
-2.7145
-1.5797
0.0570
1.5233
1.7603
0.1275
-3.9746
-2.8142
-1.4235
-0.6705
-1.6901
-0.1068
-1.9077
-1.7924
-0.7882
0.9673
1.6242
0.3974
-2.3637
-2.7150
-1.7200
0.3270
-2.7669
-1.2920
-0.3257
-1.1555
-3.9179
-3.9539
-1.3145
-2.0461
-0.1183
-6.9164
-9.0897
-7.1708
-4.3702
-3.6072
-4.1220
-5.2997
-3.8044
-2.0771
-4.2867
-6.3224
-9.2440
-9.9602
-6.3494
-1.9503
-4.0372
-5.5241
-3.2473
-1.4773
-1.1444
-2.1511
2.6727
0.4428
-0.9636
-0.5897
-1.0628
-3.1646
-2.4044
0.2766
4.7461
7.2421
3.1804
-2.3307
-0.8369
1.4230
5.2517
-0.9546
-10.1662
-8.5056
-6.2574
-8.3022
-8.1826
-3.8240
-3.5536
-2.1180
-9.1685
-6.3121
-5.1125
-3.9214
-5.3916
-4.8477
-3.9021
-4.1191
0.5347
0.6637
0.0339
-0.2855
2.1938
3.3877
3.1659
3.6712
1.5038
-1.6820
-2.1690
0.5611
2.4045
3.0226
3.3258
2.0130
1.0653
5.2252
-2.7908
-14.0483
-16.0483
-7.7657
-4.0597
-5.9833
-9.4433
-11.6416
-7.3721
-7.5403
-13.5628
-7.3053
1.9397
2.0694
-0.3270
-6.0588
-9.3165
-11.1057
-9.1587
-18.5316
-17.4179
-10.1703
-1.0848
1.3718
1.4231
0.6820
2.6462
0.2318
-3.7636
-8.5155
-10.6690
-7.2355
-6.4389
-1.7506
-2.7209
-4.2585
-2.7614
-4.0418
-8.3161
-10.1154
-3.5378
-2.7443
-0.7836
-5.8480
-8.0326
-1.1164
-0.4794
-2.5871
0.4297
0.2583
2.0251
0.0017
-5.6736
-2.2677
-5.1291
-9.9090
-4.3789
-1.7553
-5.3789
-9.6112
-6.7936
-7.3238
-7.7797
-2.5616
0.1358
-2.1896
-0.8837
2.0280
3.1824
2.7814
4.6123
3.2271
3.6803
1.5150
7.7710
14.5464
12.4247
-2.0672
0.8216
1.9671
4.5176
8.9848
8.6673
6.1228
3.2754
-0.8454
-6.6147
-3.3065
-1.5143
-1.9615
0.9773
-0.1714
-2.8122
-2.2939
-1.0050
-2.4582
-1.9818
-2.2072
-2.0496
-1.2326
-4.6598
-5.4860
-3.7407
-3.3980
-0.3104
-3.0007
-2.1317
-1.9748
-3.2750
-2.5398
-2.1982
-1.7141
-1.5016
0.9605
3.4640
-0.1838
-2.5879
-2.5817
-1.8246
-1.5047
-2.3493
0.2287
0.6851
2.2635
7.7621
7.8990
1.0258
0.1389
-1.2658
-4.6376
-3.0695
-0.0527
1.7560
-0.6743
-6.0394
-3.4825
0.6296
1.1740
1.7455
4.1735
5.0155
3.8769
-0.0316
-3.0680
-0.5598
-0.7281
-0.1342
0.4529
-1.6751
-0.6497
2.0392
2.9914
0.3010
-0.1590
-0.2934
2.3107
5.1535
5.6444
4.5578
4.4775
4.7719
8.1289
6.6906
2.8926
3.8429
-1.1425
-1.3312
0.0580
0.8616
2.7429
2.9193
5.9079
6.6113
1.8834
-0.5698
-3.9016
-11.6602
-11.4636
-13.5861
-11.5303
-2.2212
0.6206
2.0331
-0.2734
-2.7798
-3.6366
-5.1702
-5.6514
-13.0965
-18.0753
-13.6258
-11.5263
-8.4222
1.2665
12.3616
8.8627
7.0132
-0.8484
-4.0209
-6.3270
-7.1678
-4.1721
-4.3079
2.0539
3.3662
2.7541
0.4032
-4.6245
-6.1455
-5.0948
-1.0196
-4.5456
-4.1182
-2.1544
-0.5045
-1.9986
1.1817
2.6972
-0.9258
0.5221
-0.8341
2.6790
2.0464
0.3770
-2.3084
-5.1211
-8.2898
-6.3141
-3.9606
3.0577
-1.1997
-6.3289
-1.2174
2.2638
8.7461
12.4840
7.1521
0.2160
-1.6591
-0.6525
-2.2666
-1.9539
-4.0659
-6.7178
-6.0281
-4.4994
-0.3979
0.5936
-1.6456
-2.5151
-1.4708
-1.8086
2.5644
2.4420
-0.3186
1.2593
3.5656
2.8584
2.0566
-1.6991
-3.2728
-4.4491
-6.5033
-6.2165
-5.3234
-4.7554
-0.1139
0.9225
-0.2786
-1.8498
-3.8241
-5.8446
-6.7592
-4.3897
-0.9969
-1.9890
-1.7657
-4.5747
-5.1644
-7.3917
-7.7727
-6.3412
-1.3617
-1.1991
-8.7631
-12.3708
-7.0249
-4.0698
-2.5457
-2.6097
-1.1711
5.7380
9.5979
5.8985
4.4691
7.4418
18.4287
22.1463
8.2511
3.3122
6.6932
-1.1896
-7.5248
-4.5077
9.5304
2.3447
-6.7437
-6.6288
-5.2230
-7.0626
-12.7340
-17.5248
-16.7355
-17.1580
-15.8848
-11.5549
-8.0853
-12.9175
-14.3517
-10.2560
-8.4200
-10.2231
-7.5894
-2.1351
2.7584
1.9599
4.4096
4.3274
0.4124
2.5988
-2.2877
-6.4886
-8.7032
12.6356
21.9074
8.4020
-11.5907
-14.1560
-14.3683
-7.8441
-1.5321
-1.9693
-2.2576
-2.0555
-4.4499
-3.3628
0.9324
0.8042
-5.7211
-4.8474
-5.1410
-3.0716
1.8864
5.9969
5.3792
3.8279
2.8186
4.9591
2.5713
1.6157
3.8462
6.6864
3.7581
1.5246
3.5944
1.1094
-2.7754
-5.5352
-3.2839
-5.4226
-5.8876
6.2545
8.0256
7.1624
0.7415
0.5320
-0.5684
-3.2158
-3.7858
-2.8997
-0.4133
2.8486
0.9551
-0.7368
0.1784
3.4049
5.6067
2.1740
2.4919
2.5130
4.1334
2.1414
0.4192
0.4999
3.6366
2.3047
0.5350
-3.7822
-4.0660
-2.2314
-0.3855
-2.3796
-3.5329
-4.7985
-4.5650
-4.0470
0.0925
3.8329
1.8297
1.8918
5.0313
2.0507
-0.0721
2.5674
0.9023
1.1512
-1.1649
-1.2891
-0.3448
0.9467
4.1596
0.4801
0.9270
2.6857
-1.4057
-4.3162
-3.4708
1.9552
5.4008
2.4854
7.4109
13.4626
12.9961
8.0883
5.6394
8.0301
7.9905
6.0277
9.4296
7.5541
1.8348
1.5496
2.0336
0.4138
1.4701
-0.9386
-2.7924
-2.3079
2.3743
2.7611
5.8559
11.6985
13.1811
4.7795
5.3855
5.3636
4.3419
3.9388
3.6309
0.0049
-1.4286
-2.3041
-0.0988
1.0031
4.9796
1.9367
1.9177
3.2778
-0.8815
-4.9894
-3.7493
1.3105
0.6765
2.7641
1.3863
-2.1893
-4.5825
0.2236
-1.9348
-0.2743
-1.5924
-1.6697
1.4092
5.5412
3.3121
0.0778
-3.6296
-2.6543
0.7534

Coefficient 28:
0.3752
-2.5726
-1.4630
-1.2994
6.5624
1.0193
0.7897
-3.3272
-4.4340
-0.0100
4.7807
0.5532
-3.4264
-4.3881
-2.1501
-0.5835
-0.4891
1.2546
-2.2378
-6.2940
-3.3304
-2.2745
-2.9065
-5.0941
-4.5678
-3.7855
-3.0738
-4.4841
-5.2626
-9.4995
-11.0677
-10.5732
-8.5210
-5.8079
-1.7907
1.0037
-8.1216
-10.6530
-9.6698
-7.3290
-10.7631
-11.4230
-9.6659
-5.2626
-2.5726
-0.4891
-11.0935
-19.4802
-19.4810
-14.5768
-5.9063
-18.0244
-20.8398
-13.6879
-11.7703
-15.0572
-13.4477
-2.8160
3.0519
2.2616
0.8885
3.8518
1.9313
-0.8437
2.7929
3.4291
-10.1516
-15.1726
-12.6133
-11.5959
-11.1186
-7.0200
-8.9446
-8.9556
-9.8676
-7.9023
-7.2043
-4.3500
-2.3568
-0.7463
-6.0351
-9.5549
-7.5347
-9.0471
-6.3532
-6.2212
-3.3664
-7.2166
-9.0659
-6.9278
-4.0393
-7.8494
-12.4392
-10.1811
-9.5985
-9.4664
-5.5307
-2.1682
2.4734
-2.4864
-8.7078
-4.7177
-3.2455
-6.4505
-8.3451
-6.6940
-5.8964
-3.8279
1.8968
-0.8290
-1.4950
-4.0096
-6.1693
-1.1808
-1.7664
-3.9033
-3.5276
-2.7550
-2.5357
-0.4878
-0.1102
-0.6739
-1.8255
0.0730
8.6377
4.4647
-0.1903
0.5933
-4.2055
-5.6871
-8.4101
-8.5767
-3.6702
-3.2135
-0.0885
2.7045
3.9871
8.9382
7.9001
-0.4309
-5.2098
-4.9967
-0.7429
-0.1861
-3.2739
-0.1456
9.3059
4.9765
1.9792
0.4257
-3.4006
-8.8517
-12.3672
-13.3367
-8.8179
-1.7510
1.0078
-4.4455
-6.3936
-6.5632
-5.4536
-4.6379
-7.4473
-9.3489
-5.2682
-3.1523
-4.6204
-3.9248
-6.2262
-9.2184
-9.9254
-10.5651
-10.6109
-8.2869
-2.6988
-2.1938
-0.8322
-1.3574
-1.1097
-0.5556
-1.0884
-3.6295
-3.3900
-3.6064
-1.3307
0.1987
1.0138
0.3411
-0.1602
1.2162
0.8104
-1.2031
0.4938
1.3397
3.2863
1.8611
0.2475
-2.6669
-4.4889
-3.6775
-0.4988
2.2245
2.7393
-0.4429
2.3987
2.8943
1.2993
1.8473
1.2010
1.9842
2.7777
2.4878
5.2102
3.9205
5.8124
5.3931
2.1567
3.7588
6.7273
7.6523
7.1001
8.2485
9.7275
1.1958
-0.7556
6.3365
7.6086
9.4034
5.4969
2.3357
-0.0713
1.0147
-1.7155
-2.5998
0.2089
-4.8571
-2.4386
2.7848
0.9025
-6.3831
-9.4882
-10.5545
-11.3320
-10.7702
-11.2971
-7.4292
4.0950
2.1413
1.2501
-3.0896
-4.3936
-2.3295
-0.1172
2.1950
3.5429
4.4323
4.5411
4.8392
2.5610
-11.2602
-7.8193
-0.5292
-0.3957
2.1995
9.3859
8.3139
-5.0959
-1.4022
-0.0150
-1.4746
0.2181
-1.8321
-3.3046
-2.7914
-1.7697
1.6151
1.2412
1.7627
3.8525
-0.1901
-8.6535
-18.0596
-14.7933
-6.1083
-8.6128
-7.7731
-3.9873
-3.9395
-11.9840
-12.4938
-9.9662
-8.3127
-5.3948
-5.7741
-8.4191
-5.2916
-3.0619
-1.9565
-2.1927
-3.2362
-1.6313
0.3099
-1.1492
-1.6649
-2.1286
-3.1734
-2.9530
-1.7453
-3.8038
-1.6235
-0.1306
-1.5285
1.5833
3.5342
2.0700
1.9828
2.3572
-2.1258
2.0330
1.4118
-1.0784
-5.1885
-8.2594
-8.7672
-9.0398
-8.1228
-7.7132
-5.1257
-4.5256
-1.8237
-3.2008
-8.9018
-10.8232
-15.7291
-16.8820
-17.6331
-17.4824
-16.3101
-13.4811
-12.1529
-8.6170
-7.2675
-8.8292
-9.1987
-11.0730
-5.3884
-2.7395
-4.3206
-2.1148
-2.0982
-1.7714
-4.1845
-4.2954
-3.6046
-3.4053
-2.6427
-1.3374
-0.4640
1.1342
3.5633
-1.2817
-6.1101
-8.0507
-4.0314
-2.2536
0.5034
-0.6941
-4.7753
-2.9342
-3.4788
7.1105
5.7560
-0.5153
-4.2969
-9.1748
-12.0310
-10.0581
-11.2784
-9.6655
0.2748
4.8731
6.0663
9.5660
11.1043
7.9249
2.8167
1.5141
1.1065
1.2473
-2.2525
-5.7589
-4.5605
1.5849
1.8022
-2.0618
-5.6982
-0.5894
3.9300
-1.8953
-1.1151
-5.9956
-3.7992
-3.4656
-7.6862
-5.1433
-5.4119
-6.8711
-11.0847
-12.0184
-7.3057
-4.5288
-2.3303
-2.9633
-1.5964
-0.4073
-2.7065
-3.0112
-3.4363
1.6053
1.2214
-1.1736
-3.3480
-0.7678
2.0643
0.1707
0.4383
-4.8009
-6.6079
-7.8760
-7.9946
-6.5778
-7.2334
-6.2001
-5.6675
-5.4546
-2.7255
0.5833
-0.9893
-4.7423
-5.1814
-6.7718
-5.1474
-1.9812
0.6055
-0.6362
-4.9287
-8.8804
-7.8210
-5.6172
-3.0601
-5.8923
-4.5015
-2.9347
-5.8720
-10.4421
-10.1919
-2.0383
-1.1104
0.5621
2.2966
-5.8764
-11.1284
-11.5431
-11.4432
-13.3577
-16.3723
-18.2549
-15.0571
-8.8551
-9.1428
-7.8202
-6.5876
-8.7317
-7.1883
-6.7821
-8.4934
-7.1576
-3.9167
0.0493
3.0488
6.8301
3.1174
-2.1899
-2.5384
-1.1975
-1.6182
-1.5837
1.1072
5.4098
5.5244
2.9756
1.0335
3.5812
5.8988
9.3160
5.5273
1.3466
0.9141
1.3704
-1.4703
-2.5915
-2.3444
-2.8618
-1.3118
1.5563
0.3000
0.8445
-1.9989
-5.8019
-6.3308
-5.7263
-4.9978
0.6706
1.0615
0.2245
-0.3742
1.5142
4.2160
5.2128
2.8995
1.5526
1.4919
3.6859
2.7955
4.4756
4.3873
3.4398
1.4995
1.7996
4.7216
0.2081
2.1467
3.9550
2.5352
2.4649
-0.9721
-2.1808
-1.8818
-3.1912
-0.3150
-0.7008
4.6525
9.5072
-0.3129
0.1653
-1.8064
-5.4675
-8.2543
-9.8544
-6.3857
-1.5376
1.2452
-13.5970
-14.0458
-11.3029
-7.4548
-4.7371
-6.7584
-6.6578
-6.9941
-7.9796
-4.4832
-2.2504
-7.7347
-10.3837
-10.8526
-8.6578
-8.0406
-8.4559
-3.8413
5.0618
5.9302
-0.5111
-9.1313
-9.0752
-6.8436
-5.4278
0.0413
2.9747
-0.6992
0.1665
1.5014
6.9619
7.1874
0.8508
-6.8874
-10.6742
-11.2453
-11.9316
-5.2674
-7.4664
-9.5312
-7.8340
-3.6079
-0.8308
-2.1360
-2.0618
2.2670
-1.2056
-3.3064
1.0876
1.7838
1.3256
0.2461
-2.4830
-7.1634
-5.0627
-3.5439
-5.1718
-3.8541
-2.6050
-3.1730
-3.5259
-4.0631
-5.1763
-4.8082
-7.0311
-2.5126
0.2017
-0.0041
0.9211
-2.2658
-5.2167
-3.5607
-1.2229
-2.3064
-1.7544
-2.5517
-1.9066
0.1516
-3.9925
-4.0121
-3.1954
-3.9623
-1.1557
-3.1693
-1.9612
-1.7580
-1.5909
-1.4669
-1.9129
-1.7979
-2.2051
2.8990
4.2192
3.3664
4.7041
6.2084
8.1046
8.3812
2.5304
1.1796
0.2195
1.4476
7.3726
6.6899
-0.4950
-1.3499
-1.5648
-4.4611
-2.5950
-0.6219
0.1828
-0.6814
-7.5671
-6.4718
-5.1848
-4.5597
-2.4776
-1.7164
-0.0568
3.0785
1.0115
-3.3103
-1.4244
-2.8536
-2.6056
-1.3726
-1.0845
0.8726
0.7784
1.4474
-0.1195
-3.7363
-5.1005
-4.0671
-6.1959
-5.4084
-7.9177
-5.3988
-4.7049
-4.5306
-6.9649
-6.0309
-4.4808
-5.4634
-6.8173
-1.5116
0.1084
-0.6355
-0.7582
1.1244
3.1112
0.9630
0.5052
-0.4883
-3.7057
-1.5401
-2.8809
-4.4298
-1.0224
2.4390
8.5242
2.8716
-2.8112
-6.8338
-6.3391
-4.7542
-1.1607
-0.9810
2.3065
-1.4714
-3.8143
1.3650
4.9228
4.8682
5.5630
-2.1168
-1.1459
-3.7769
-4.7717
0.9943
1.2899
-0.9940
-6.9443
-6.3423
-6.5124
-7.9346
-6.8776
-4.3519
-1.6099
-1.8266
-3.0893
-3.7569
-2.0299
-1.6176
-0.0235
0.9151
-0.3789
1.0085
0.1031
2.9301
2.6297
-6.8079
-10.1511
-6.6925
-3.2845
-3.0581
-3.6262
0.9518
-1.6477
-9.7436
-10.3250
-5.6045
-2.0991
1.4745
3.8539
0.2792
-0.4902
0.3794
-2.3693
-2.0445
-2.9804
-6.2873
-5.7067
-2.3476
1.7203
2.4324
-0.9274
-1.7647
0.8253
-1.1483
1.7127
2.1326
1.6602
3.3643
5.4794
5.2940
2.9334
-1.2268
-1.9899
0.5584
-0.9882
-3.9070
-3.5864
-3.4574
-0.0245
0.3101
-0.7314
-1.6181
-1.2476
-2.5473
-3.5912
-0.5889
2.4193
2.6797
3.8372
-0.5222
-2.2137
-4.6985
-3.5072
-1.0362
2.4223
0.5716
-2.6924
1.0132
4.7386
2.5432
0.7056
2.7329
5.2107
3.4755
2.4843
4.0908
-13.4824
-13.9405
-3.4289
5.1769
-0.1421
-2.4182
-0.7966
-3.3862
-6.8560
-0.1884
4.1479
6.5601
8.7874
6.6133
5.8581
5.8657
7.2435
6.6057
7.7217
6.4738
5.2880
7.9433
10.4542
5.5338
2.0028
4.5970
-1.3977
-0.5357
5.2283
3.3242
0.8251
-2.1963
4.9894
8.9095
8.1508
-2.4591
-2.5490
7.9778
8.0963
16.4426
24.2158
21.1444
0.7256
-14.1079
-13.5802
-8.8067
-4.5616
-6.1774
-10.6300
-8.5811
-10.1475
-4.8954
-4.3957
-6.2727
-12.2957
-7.9548
-2.6274
-5.9017
-7.8501
-6.2792
-5.6786
-5.7604
-6.2801
-4.2858
-4.4405
-3.4669
-5.8916
-5.6176
-5.5950
-4.5224
-4.0183
-6.9974
-5.6065
-8.0632
-3.5918
-0.0619
4.1814
2.8610
3.6471
2.6054
-2.7804
-2.8133
-1.1431
-8.4488
-10.2455
-9.6141
-10.5150
-7.0946
-4.0261
-1.6872
-0.5520
1.8428
1.5560
1.1547
2.9556
4.4304
6.0052
2.6415
1.1605
0.9659
4.7327
1.6063
-0.3039
-3.7099
-4.1695
-1.3435
-0.4552
-1.8728
-2.4847
-2.0793
-1.2906
-3.4417
-0.8343
2.7085
1.6186
1.5561
2.0883
-2.9992
-6.8558
-4.0132
-1.5492
5.8403
3.5389
3.1716
4.3600
2.7863
0.6637
-2.5291
-3.0503
1.2884
-4.6446
-4.0793
0.0028
0.0667
0.2813
-1.8177
-7.9559
-9.4572
-7.0140
-2.6809
2.2369
4.3000
7.0984
6.3295
7.9893
5.3348
3.1488
4.8206
-0.7925
-1.9346
1.1400
-0.9437
-1.6926
-0.4200
4.8044
6.9198
15.9069
22.7699
18.4576
9.1368
4.1837
4.3721
3.9650
3.2830
4.2511
0.6796
-1.3846
-9.6043
-7.4962
-5.3231
-3.5816
-0.9930
3.7759
4.4031
-1.5097
-5.1619
-5.5917
-5.0346
-2.9621
-0.0379
1.9751
-0.5805
-0.3613
5.6997
3.3749
4.0191
4.7345
-0.2722
1.2101
-0.2930
-3.4583
-2.5178
-2.1781
-2.5005
0.5973

Coefficient 29:
0.3612
-5.0357
-4.0194
-2.6780
3.7602
0.7363
1.7114
-1.7949
-4.2590
-3.9979
-1.0417
-3.0246
-5.7578
-7.1315
-11.5857
-11.6768
-10.8163
-7.2570
-6.0031
-6.3986
-4.3467
-2.9324
-3.5429
-5.7353
-5.6826
-6.4731
-6.3850
-4.7513
-5.6278
-8.2463
-10.3270
-13.1154
-9.5277
-7.9105
-5.4906
0.2643
5.4655
0.0578
-4.0697
-8.0745
-6.2702
-6.9119
-2.8165
-2.4915
-1.8250
0.0382
-0.4082
-6.7773
-12.0301
-13.1318
4.7191
-1.7882
-14.3541
-16.4772
-15.5022
-14.4778
-10.1026
0.2711
3.1075
-5.3242
-2.7808
-5.9640
-6.7816
-2.9774
-1.6064
-5.2935
4.7742
4.1015
3.1499
0.9002
-2.7342
0.1016
-6.6670
-9.7621
-12.6041
-18.4425
-20.0712
-19.2265
-11.4738
-8.6087
-9.1399
-6.7709
-5.5066
-8.2132
-6.5463
-4.7496
-2.3819
2.2797
2.1663
0.1075
-1.7409
-4.8355
3.0884
6.3724
2.0944
-0.2786
0.6720
-3.1770
-4.3704
-5.8718
-5.1253
-6.9635
-9.7925
-11.7801
-13.5356
-13.4228
-6.2082
0.5446
1.2327
-1.6239
2.7643
-6.6493
-12.3015
-7.6576
-8.6665
-9.2631
-4.1222
-6.1754
-5.7178
-2.6930
-5.3335
-6.7279
-2.3591
3.3338
6.2883
3.2810
-1.0566
3.2988
0.0919
-6.2398
-7.6514
-8.4944
-9.6008
-8.8337
-2.4403
-5.0447
-4.4954
0.3908
0.7643
-9.1283
-14.2181
-13.3625
-6.8512
-2.6931
-3.1425
0.6773
10.4318
13.6263
13.0334
10.7574
6.0697
-0.6831
0.9357
-1.1670
-7.2729
-10.9557
-12.3574
-9.1933
-10.0432
-9.0462
-3.5159
-0.3637
-8.7213
-13.3463
-12.5386
-10.4755
-10.3551
-9.6549
-9.3598
-9.3976
-8.2702
-7.8908
-6.4765
-7.4804
-1.9213
-2.0682
-1.3704
-1.0868
-0.9416
-0.6574
-0.5985
-0.7203
-0.1088
-1.4867
-0.8399
1.1420
1.6528
0.7683
0.2138
1.4419
1.3031
-2.9579
-3.9975
-3.7531
-1.5595
-1.3362
0.2343
-1.8769
-2.4246
-1.9820
-0.5278
0.3992
-3.1320
-7.1038
-4.2579
-0.5981
0.8446
0.5748
-1.4032
-2.1448
-1.3115
-1.4384
0.5169
-4.2316
-8.2172
-5.5229
0.1368
-2.8816
-5.5346
-6.3006
-6.8464
-8.6945
-8.8989
-9.2109
-2.8853
-2.5187
-5.5380
-6.8166
-13.8658
-20.6327
-22.0375
-19.7855
-9.1374
-0.6011
1.6871
-4.7949
-6.3307
-2.0544
-4.5957
-9.3706
-9.6213
-5.6952
-4.4032
-3.6525
-5.9688
-2.4341
-5.4531
-8.3334
-7.7596
-5.2221
-3.3819
-6.2435
-11.3372
-11.6927
-7.2217
-0.3864
4.3044
2.1785
-0.3103
-8.3380
0.5206
0.6774
0.4968
-5.4344
-16.1937
-15.5917
-8.9670
0.3317
7.1842
4.3840
1.4268
0.3522
-1.0492
-1.0629
-3.9927
-1.1795
4.0598
7.8379
8.4368
3.8116
-1.4418
-4.1096
-2.7693
-1.9505
-2.3825
-4.0985
-3.7345
-3.9986
-11.1142
-9.1073
-6.1232
-5.1109
-3.7317
-5.1530
-4.2667
-0.1672
1.2934
1.5120
0.1855
-1.9693
-3.9024
-4.5516
-6.1262
-5.8809
-5.1430
-4.5522
-4.9686
-3.3761
-4.7213
-2.7470
-0.7130
-1.6268
0.9711
0.8595
-0.9383
0.0480
-0.4885
-2.3033
-1.0772
0.7151
-0.6052
-2.9525
-4.1308
-2.6301
2.8598
2.0527
-2.2385
-1.1923
-3.8244
-4.2465
-0.1962
2.4176
-1.1677
-3.8886
-6.7836
-8.5088
-1.7386
1.7306
2.4863
2.0281
-1.2274
-3.6922
-8.0920
-13.9480
-16.8181
-16.5919
-15.4520
-12.8279
-10.4392
-10.4681
-6.9221
-6.2138
-4.7866
-3.7122
-2.3901
-2.1942
-0.3379
0.1773
1.8176
2.0094
-2.9728
-7.0525
-7.6267
-3.4148
-3.8642
-7.1575
-6.5536
-7.3071
-9.7808
-5.1740
1.2803
-1.7075
1.5042
-0.5597
-2.5569
-7.0996
-5.9373
-2.0053
-0.7754
-1.3046
-0.8200
-0.0876
1.7458
0.9724
0.4536
-1.0370
-4.1055
-5.1539
-4.7194
-4.9018
-2.0936
-5.6123
-7.2132
-8.2398
-6.9970
-6.8840
-3.7160
-0.4183
-4.5964
-0.4294
-3.0027
-0.3542
-0.5867
-1.5129
-9.9085
-14.7607
-15.0393
-12.7449
-12.4810
-9.0918
-4.2095
-1.3510
-2.4747
-0.3388
1.4923
-0.9645
-1.9635
-3.1078
-7.4396
-8.5628
-7.1993
-0.1375
4.4984
5.3678
2.5616
2.6053
-2.8654
-3.5378
-3.9807
-3.4500
-0.4872
-3.0417
-4.3915
-4.2788
-3.6905
-0.1851
2.4345
-1.6111
-4.1474
-5.2762
-5.0452
-3.0332
-1.4647
0.2701
-1.2444
-6.6636
-11.1502
-8.4738
-6.2719
-5.2364
-7.0489
-5.5555
-4.4194
-7.1427
-10.8197
-10.3568
-1.8453
-0.5032
-1.0041
0.2494
-4.5132
-4.8999
-4.9609
-3.5877
-5.3448
-8.4141
-10.9984
-8.6995
-6.0777
-7.5497
-7.5337
-7.9769
-8.3814
-8.8849
-5.0427
-1.5100
-5.7665
-7.3380
-1.6972
0.6087
2.8183
3.0859
-1.8302
-2.6533
-0.6137
0.5586
-0.3516
1.8174
4.0265
3.2789
2.5654
1.4254
1.7227
2.6713
6.6947
7.8901
9.2320
7.6087
3.0918
0.4859
0.8148
-0.7043
-0.4305
1.3313
2.1551
-0.8138
-0.0801
-0.4136
-5.5677
-6.6504
-6.7428
-5.5720
0.6753
1.1630
0.2799
-0.3686
0.7093
4.5305
5.6826
2.1623
2.5620
-1.6725
-0.0969
3.9239
4.7550
4.5916
2.5540
0.6035
2.3191
2.9460
1.0127
2.4027
4.8017
10.2546
13.5114
9.3171
3.7178
-0.7985
1.0001
2.8783
6.2032
-2.9895
-7.9163
-1.3424
5.4052
2.3684
-2.6620
-1.3229
4.8225
11.7556
9.6207
11.5367
1.1208
2.6455
-2.9819
-6.6301
-7.0650
-4.3669
0.1331
1.9207
-0.9709
-7.3711
-10.2696
-7.2941
-7.6702
-6.0601
-2.8516
1.2272
-1.0571
-3.8017
-3.5035
-2.3434
-0.1558
1.4665
2.8273
0.2574
2.5811
3.7701
0.8663
-3.0947
-5.7055
-3.3757
4.4132
1.0145
0.3872
1.7773
-1.7053
-5.4658
-6.2383
-5.5746
-4.5256
-2.7471
-5.8367
-4.5380
-2.3679
-1.5671
-2.4917
-2.2209
-5.6852
-7.1918
-2.4346
0.3976
-0.5707
-2.2766
-6.3851
-5.9343
-2.6498
3.5623
1.8404
0.8333
0.6408
-1.4319
1.2370
3.5205
-1.7122
-8.0495
-11.3353
-9.1605
-1.7772
0.0733
0.7435
-2.0154
-4.5484
-2.5087
-0.8858
-1.6298
-1.3063
-2.3786
-1.3519
1.1396
-2.7839
-2.5179
-2.5677
-4.3289
-1.9841
-3.1656
-2.0862
-2.0219
-0.1432
-0.3675
-1.6379
-2.0063
-2.3215
-1.8742
2.0897
2.2079
1.5917
-0.5447
-3.7687
-1.2709
-2.7937
-1.3817
-2.2602
-1.5528
-2.3495
-0.3827
-4.4031
-4.8987
-4.9870
-5.1724
-2.2410
-1.0329
-0.8682
-0.4935
-3.1315
-0.8640
-1.5508
-2.7082
-0.9462
-2.1902
-3.0479
1.1160
1.2917
-2.3047
-3.2583
-5.5391
-6.6340
-5.1665
-1.9119
0.3483
0.1336
0.0644
-1.6420
-5.6227
-2.5811
-0.2176
-4.1635
-7.4285
-10.6653
-7.2392
-8.1753
-5.5045
-6.2743
-6.4720
-8.0715
-4.7449
-6.4176
-4.2239
-2.7963
-2.8733
-1.2254
-0.3157
-2.0825
-5.0445
-3.8894
1.5536
5.3002
8.3496
5.4247
1.4638
1.3585
4.8204
10.5844
1.7308
-3.4124
-7.6963
-8.7935
-11.4080
-7.8119
-11.3150
-8.7517
-5.8365
-3.8327
2.9381
3.6682
1.9663
2.1003
-3.6343
-1.6369
-2.9333
-12.0278
-12.2533
-10.8197
-9.2973
-10.5527
-8.8693
-4.3652
-2.0788
-9.0802
-9.2515
-0.7539
1.4225
-2.2779
-3.4766
-1.2718
-1.0158
-0.9766
-0.3268
-0.0386
1.2897
1.0976
2.9921
2.5752
-4.4334
-9.6971
-13.4848
-11.4425
-10.8414
-10.8865
-9.5354
-9.8112
-16.1017
-18.5297
-16.5254
-9.6597
-5.7732
-0.7377
-1.4289
0.9622
1.1803
-2.4392
-1.9293
-2.1162
-5.2565
-4.4316
-0.2555
3.2323
3.6363
-0.2087
-3.8335
-3.5574
-2.7596
0.6541
1.4734
3.4878
4.6965
5.9954
6.6079
2.8900
-1.2646
-3.5025
-0.9372
-2.3296
-5.7569
-3.4969
-2.4048
-0.0515
0.1980
-1.4529
-2.3282
-4.0651
-5.8836
-6.4809
-3.0699
-0.2555
0.8439
1.7460
-3.6169
-4.8204
-3.1210
-3.0554
-2.5712
0.7665
-1.1336
-0.1276
5.6864
3.3984
-2.9707
-4.3777
0.7417
3.3186
0.1549
-0.7735
2.6319
-7.9633
-5.4041
-2.3291
2.3233
-3.5312
-9.2747
-8.0938
-4.5579
-0.1932
3.7718
-10.3729
-12.3279
-8.1420
-9.4237
-3.5069
-13.5815
-18.1699
-16.8149
-10.5870
-11.1286
-13.5874
-11.0566
-8.7836
-7.3422
-8.4157
-6.9512
-6.0209
-0.8214
1.5321
-0.2367
-0.8500
3.2518
6.4724
8.0098
5.4800
-0.0138
-4.3127
-3.4786
-9.9412
-3.3109
6.8973
15.5791
11.3638
-7.9907
-17.6238
-19.3283
-17.9770
-17.1537
-16.9496
-9.8888
-4.2239
-1.0781
0.1226
1.7456
-1.3620
-1.7077
-2.5406
-4.3131
-4.5520
-5.8491
-8.6686
-8.3841
-6.7021
-3.2495
-3.6339
-1.2256
4.3204
7.8985
4.8579
-3.3076
-1.2747
3.0310
6.1845
2.6476
-1.5692
-0.8534
1.7079
-3.7584
-3.8686
-0.8848
-2.8870
-6.6959
-1.6950
1.3405
5.0885
1.8635
0.7021
2.4060
-1.8339
-4.4309
-5.7113
-1.4978
-4.5172
-5.8680
0.6852
5.1855
6.7480
2.9742
1.9691
0.4325
4.3895
1.1603
0.2415
-0.8626
-1.0102
1.4060
-0.1324
-0.3286
0.2095
0.9013
2.2459
-0.4657
0.4488
1.3483
2.2817
4.1588
-4.4727
-10.6120
-7.1697
-4.1425
-6.6845
-0.9667
4.0918
4.2979
6.4669
6.7828
3.4626
-1.0168
2.7882
3.9356
0.7689
3.9243
3.9785
1.7188
5.2263
8.2084
7.9759
1.3159
0.1700
4.3775
6.4605
6.9373
7.0480
7.5901
4.1675
2.4647
0.2696
-1.4839
-1.7930
-0.1588
4.0286
2.6727
2.7288
2.7746
-1.6833
-1.8647
-0.2922
6.7576
6.0461
4.6218
2.7947
0.1633
0.3621
-1.7628
-1.4462
-1.8607
-3.0525
-1.7461
3.8746
6.7189
2.8693
-0.9920
-0.7179
3.5768
2.5492
-4.1459
-6.7058
-9.0507
-9.0747
-6.8980
-6.2073
-6.6932
-8.3515
-5.9146
-5.7813
-7.3635
-6.0938
-6.4994
-6.2153
-3.7861
-4.7441
-3.4071
-0.9085
-1.8484
0.0606

Coefficient 30:
0.3470
-7.2656
-5.3607
0.5945
4.9468
1.7874
2.0949
0.5519
0.0803
-1.0056
0.2124
0.0574
-0.6158
0.7345
-1.9310
-2.9650
-6.2496
-5.5104
-2.9681
-2.1710
-2.4298
-2.6975
-3.5299
-2.4487
-0.2624
0.0447
-1.7144
-0.2901
-1.5980
-1.2934
0.5389
-2.2031
0.8989
-1.0287
-2.0313
3.3285
-1.9211
-5.9773
-8.5241
-6.0437
1.6977
1.4454
3.9442
3.5561
3.2489
7.0597
5.4014
3.9164
-2.3216
-7.0782
13.2203
12.4876
1.9959
-6.1171
-9.8931
-8.8862
-5.0710
-3.0839
-8.2347
-10.4127
-10.3945
-8.8317
-8.0202
-2.0824
-0.9436
-2.9954
-15.7793
-29.7990
-28.7689
-23.1334
-14.5796
-16.7528
-17.4338
-8.5615
-2.3578
1.3784
3.1963
0.2860
-2.6407
-2.4352
-4.6567
-3.6551
-3.0162
-6.3377
-6.5166
-7.8432
-8.5275
-3.4357
-1.6944
-4.1525
-3.0774
-5.3749
-8.5779
-13.0360
-8.4681
-5.4974
-1.3798
-0.8431
-3.0170
-9.4566
-12.9590
-15.7236
-17.0176
-11.4904
-3.8000
-3.2652
-2.0606
-0.6226
-4.3688
-8.6875
-8.2356
-7.9995
-6.1040
-3.3058
-6.1738
-0.9519
-0.0877
-3.7733
-5.6640
-2.8282
-0.9738
0.8069
-2.2580
-5.2191
-2.5460
-4.8738
-2.7096
-0.9769
-4.2649
-4.7121
-3.3119
-3.8917
-5.6170
-6.9633
-5.3500
-1.2226
-1.0947
-0.2308
2.5531
-0.3313
-6.2858
-4.8742
-5.1097
-3.2989
-5.3480
1.4181
7.7706
10.3511
5.6808
-4.0354
-11.3579
-15.9044
-19.3841
-18.6058
-14.8571
-9.0206
-6.5863
-7.3303
-9.7628
-11.9421
-6.5769
-3.5572
-4.5875
0.2953
0.8669
2.2419
4.3543
5.6204
4.7330
3.7303
0.6323
-1.0100
-1.0027
-0.6051
-1.5820
-1.7968
-1.4946
-0.8329
-0.8183
-0.7355
0.4475
2.9718
1.9547
-0.3068
-0.2658
1.9130
2.0468
1.0419
0.4670
1.3715
1.7010
-3.5666
-5.6568
-5.5877
-3.7410
-3.3062
0.2392
-2.0452
-1.4058
-0.8275
-0.6911
-1.3781
-6.1070
-9.3190
-7.5871
-2.6376
0.4352
-0.5031
-3.7381
-5.6876
-4.3400
-4.9219
-5.2793
-7.0242
-4.1802
-2.6855
-1.9417
-5.8454
-10.1984
-10.9567
-12.1866
-6.7252
0.3170
1.5232
0.2779
-2.3456
-4.1227
-2.2082
-4.8946
-12.3443
-8.1519
-4.5043
-6.3819
-8.0615
-6.1584
-5.7063
-3.2060
-3.5914
-8.7228
-5.4991
-1.6533
4.2292
4.3315
3.4984
3.4874
-1.6018
-7.8472
-9.9365
-7.2031
-6.3730
-11.1270
-10.7999
-6.8086
0.7963
3.2920
-1.0141
2.1832
-1.0282
-0.8881
-12.9839
-5.9854
-2.4993
-2.1396
-3.6772
-7.5353
-7.9933
-6.7315
-0.6015
4.0557
2.9545
2.6355
2.1598
1.2716
0.6666
-4.0847
-2.8248
-1.4598
-0.6655
-1.1956
-2.2340
0.6051
5.6380
5.9274
1.1528
1.1768
0.7526
-0.3039
0.1956
-3.9543
-1.9839
0.9555
0.8077
-2.9260
-6.5075
-3.7399
-0.0671
0.9280
2.8337
1.4308
-0.9424
-5.2074
-8.1435
-8.5741
-6.7645
-5.3718
-1.0420
-0.2207
-1.6546
-3.0635
-1.6288
-0.8123
-1.5630
-0.8481
-3.6964
-5.6434
-4.3508
-3.1825
-3.8759
-15.5503
-24.0417
-23.3201
-20.2164
-16.6340
-18.1721
-17.7034
-15.4828
-15.4485
-14.0761
-14.3731
-14.9754
-9.7914
-7.2802
-10.0196
-5.2947
-2.4377
-1.7144
4.6997
3.0498
-2.7641
-2.4150
-4.2599
-5.2628
-5.0048
-3.1999
-6.4353
-6.9343
-4.3875
-7.1280
-5.8959
-6.6430
-3.0590
0.0280
0.7032
0.0723
-1.2896
-1.8142
0.7311
4.5274
5.8957
3.7262
0.3828
-2.3040
-1.0951
3.1606
1.0119
-4.8187
-1.6060
1.3542
4.9861
8.5010
1.4652
1.2513
-5.0696
-8.5212
-5.9014
-3.4564
-5.7015
0.0716
-2.2722
-8.6984
-9.2274
-7.1046
-6.9119
-8.7975
-5.4292
-2.3477
-8.3487
-12.9973
-12.2751
-5.8519
-1.2514
-2.6654
-4.0250
-5.8149
-1.9892
1.6237
-0.6986
-4.6384
-1.5841
1.9191
-1.8927
-4.9891
-12.3704
-12.8843
-6.6382
3.2916
8.4693
7.3653
-1.8014
-1.5724
2.6992
4.4787
2.5266
5.1254
6.9754
4.7694
1.4612
-0.7094
0.1956
-0.1444
-2.3224
0.2631
2.2377
-0.6181
-3.6498
-1.5312
-3.0672
-0.1975
2.5126
4.2407
7.2114
5.7711
4.7841
3.0062
0.1303
1.6385
1.6408
-2.3122
-2.1863
-1.2831
0.4887
1.3518
0.5622
0.3104
0.7642
-2.8442
-7.6663
-4.8082
-3.9336
-5.3339
-5.6355
-2.3416
-2.1918
-3.5488
-5.2743
-4.9018
-0.4707
-0.0437
-4.2793
-5.8882
-5.8832
-2.2056
-0.8485
5.5967
3.5056
2.9099
2.9472
4.6288
5.6336
2.3473
2.1377
-1.9821
-0.5158
-2.1341
-3.7075
-5.0485
-8.5392
-4.2116
0.3171
3.0938
0.9193
3.3075
0.6272
-0.1326
0.2884
2.5202
1.0334
2.0710
1.1490
-0.6980
2.7796
2.8313
3.3923
4.6408
6.1202
9.3355
10.4830
8.0976
1.3421
-0.2101
1.9010
0.9105
1.7109
3.9080
-3.5981
-7.0354
-1.2177
0.0708
-4.6294
-5.3840
-6.7684
-5.7573
0.5755
1.0075
0.2179
-0.1667
0.9447
5.4607
5.3355
-3.8740
-0.3317
-0.8704
-2.7225
1.4791
3.2285
3.6328
1.2577
-0.0410
2.3586
2.6557
3.5921
3.1673
2.5239
10.5812
7.4777
1.2374
-6.8225
-12.2622
-13.6622
-8.6050
-2.9423
0.6150
-1.5865
2.2092
9.2423
5.5250
-0.9964
-1.7781
0.1688
-1.1290
-5.1835
-5.7223
-15.7369
-14.1800
-20.1910
-17.3499
-12.9484
-3.5758
0.1353
-2.4404
-3.0524
-3.2384
-6.0065
-7.7712
-9.1108
-4.1901
-3.5080
-6.4617
-6.6449
-3.7762
-2.8139
-5.4440
-5.4631
0.9614
-2.7224
-5.5170
-0.2794
3.1576
0.5599
-4.0366
-10.1082
-5.9263
3.5244
-0.2276
-3.3198
-5.6883
-6.5272
-6.6685
-1.0302
-1.2052
-4.9116
-3.5369
-4.2284
-5.1632
-4.0246
-0.6197
-1.3556
-5.4439
-6.3690
-5.8831
-2.8884
0.7975
-0.2592
-2.8104
-6.0625
-5.4765
-1.9057
-1.0663
-4.2398
-0.5330
2.3954
0.3751
-1.2153
-1.0706
2.0835
0.7935
-2.5775
-3.9726
-2.4189
-0.2193
0.6829
0.4012
-1.5218
-0.0693
-0.2307
-0.5353
-0.6833
-1.7999
-0.6074
1.6057
-1.3918
-1.1867
-1.9339
-4.4804
-2.7309
-3.0315
-1.8466
-1.8519
0.7822
0.5536
-1.4771
-2.3158
-2.1750
-0.8842
-2.2323
-1.2710
2.4193
1.0372
-4.4126
-2.5417
-2.4476
-1.8763
-3.5283
-4.4860
-7.6759
-3.7879
-2.4758
-1.5680
-3.1022
-4.2869
-2.7066
-2.6575
-3.3497
-4.3717
-4.3448
0.1700
0.1810
-0.6725
1.7077
-0.9897
-3.4429
-0.7387
-0.4440
-2.0955
-1.7608
-1.8887
-3.0188
-2.3906
2.2600
3.1536
4.6159
3.9237
1.6257
-0.7496
1.2146
-0.1342
-2.9974
-7.0309
-4.8579
-0.3659
-4.3094
-0.6695
-2.6592
-6.6340
-6.7963
-1.1481
-1.6130
-3.3852
-3.3805
-2.4803
2.3013
4.8537
2.9551
-1.1765
-1.8400
4.1363
10.0430
14.5736
13.7071
10.9356
5.3377
5.8022
8.3969
3.4095
0.2482
-4.4993
-6.1696
-2.5461
-2.7138
-4.1369
-3.1255
-3.3213
-0.3189
1.5170
0.1878
-1.0125
-1.2684
-2.6707
1.4282
3.5845
2.9463
-0.7581
-6.8593
-8.1906
-5.3733
-5.6951
-8.3478
-4.5793
-0.9211
2.4064
3.8171
2.8759
-1.9833
-1.1924
1.4116
-0.3733
-1.1112
-0.1631
0.0629
1.3225
1.8495
2.5794
2.3666
-4.4448
-3.7248
-9.8101
-13.9502
-11.9592
-10.4787
-7.3866
-5.1775
-7.6161
-7.8677
-8.5455
-2.3912
2.0929
-4.0621
-3.3447
2.3751
1.7963
-1.8669
-1.2119
-1.5709
-3.6691
-2.6209
1.5219
4.0879
4.0374
0.4138
-2.4903
-1.4675
-1.8648
-0.4961
0.5895
4.2043
4.4077
4.6727
6.0530
2.3431
-1.2511
-3.5753
-0.8568
-0.8341
-3.1497
-1.9763
-0.9170
-0.0761
0.7646
-1.8679
-3.6098
-5.4694
-6.0864
-5.2833
-2.2446
-1.4909
0.4270
0.8499
-1.8675
-1.2405
-0.4067
-0.1994
-0.7429
-2.0041
-6.7763
-5.7830
10.2935
3.5728
-2.7222
-3.5394
2.0658
6.7469
7.7942
6.9301
6.5780
5.9477
8.9173
8.4075
15.9842
22.5735
14.2351
11.0114
12.8005
8.3402
1.8891
2.6430
2.2115
3.8798
0.9559
10.1502
-2.3147
-13.1909
-17.1967
-8.4960
-5.7005
-2.2044
-0.7295
-6.8781
-11.1217
-14.8252
-7.9516
-3.9178
-2.9548
-6.0879
-9.7383
-8.2168
-2.3547
0.3324
-1.0943
-8.6829
-3.4748
-5.6225
-3.1403
1.3109
1.4597
2.4757
21.9919
24.4728
4.9312
-5.6061
-4.1340
-3.8679
-0.6030
-0.2599
0.6507
5.3355
4.1151
-3.6093
-8.5963
-6.5358
-3.4307
-1.8652
-3.0041
-5.8997
-5.6150
-2.8775
-1.5805
1.2611
1.7783
2.9355
-0.5481
-7.8932
-9.1460
-8.4822
0.5720
6.6475
-1.1699
-5.6494
-5.9545
-10.5985
-9.8792
-3.8457
-1.3685
-6.4722
-11.1604
-10.6102
-1.6807
-0.9681
-2.0726
-5.9883
-8.2091
-9.1024
-6.8562
-6.3567
-6.3943
-6.7200
-6.6720
-9.2297
-7.8694
0.8936
4.8984
5.7990
3.1675
2.6798
0.1758
2.9576
1.6937
2.7048
4.1027
4.1129
4.5221
2.6717
2.3043
3.9908
4.4941
5.2975
3.7541
3.3873
1.2100
2.0901
2.7570
-3.7901
-8.0843
-1.7621
2.3127
-1.9039
-2.9762
2.9350
3.0167
5.8238
8.7028
11.3225
4.4920
8.4086
9.8661
10.3145
11.5232
7.7909
7.8273
9.2553
11.6786
11.6555
8.0223
12.2784
11.4062
7.5160
4.3362
3.5994
2.6406
-1.6944
0.4569
6.1526
8.4807
11.7382
11.2325
3.9731
-0.9121
1.6813
5.8328
1.8227
1.3605
-2.6718
0.1482
3.1448
2.2539
-1.8320
-2.4496
-1.1414
-3.3877
-4.6653
-3.9085
-3.1490
-5.5203
-3.5071
-2.9453
-5.1924
-3.4874
-0.1610
1.8290
4.9239
3.0053
0.9377
-2.2100
-3.6245
-0.4984
-1.8195
0.5038
1.5405
0.7254
-1.2384
-3.2342
-2.7536
-1.8565
-4.0546
-2.1820
-4.3543
-3.0306
-0.9451
-1.7523
-0.8431

Coefficient 31:
0.3325
-7.2455
-3.6898
1.5489
4.2607
2.6376
2.3218
2.9943
6.2420
7.3089
7.1614
7.1868
6.0134
7.0415
4.0806
6.2384
3.9534
3.4674
3.9168
0.8316
-0.5162
-2.4682
-3.0589
2.2016
6.5220
7.5797
3.4061
2.6541
1.1216
2.8284
8.9412
9.0026
9.1092
5.1614
3.1099
6.0033
-10.4366
-12.7279
-11.4969
-7.4337
-4.1213
-4.3096
2.3699
4.6595
1.0128
0.9004
10.5739
12.9795
11.6065
9.3618
16.2371
23.7774
11.3781
-2.9766
-9.4805
-14.6459
-14.1549
-12.4677
-14.2012
-12.7254
-16.5488
-15.7836
-11.5809
-10.8902
-13.9513
-14.4577
-13.6079
-10.5381
-3.3824
0.9534
1.6235
-5.9795
-1.1139
2.5518
-2.3974
-12.6159
-16.2182
-11.6677
-14.9410
-16.5513
-10.4229
-1.8959
-3.0242
-13.4824
-10.0707
-6.1198
1.4889
10.2404
13.3354
10.3935
5.0095
-2.1052
2.3972
7.2104
8.3124
0.4653
-7.5063
-5.6328
-0.4490
-5.3609
-6.7383
-4.8192
-5.1667
-2.0235
-6.5866
-7.5314
1.2235
1.3504
-3.5178
-2.4651
-4.4782
-7.5077
-5.8857
-7.6617
-7.9867
-1.5766
-4.1157
-4.6848
-3.6276
-3.2876
-2.6313
-8.6353
-11.6056
-5.1246
-3.3790
-9.6750
-9.1848
-8.3768
-5.7668
-0.8084
0.8813
2.1161
3.4267
0.5814
-5.1791
-5.1469
-6.7101
-7.3031
-2.5474
0.9853
-3.0173
-2.0058
0.9951
2.6068
2.4787
1.9625
1.1795
-2.2239
-2.5197
-5.1731
-10.4824
-12.2783
-12.4594
-15.8663
-15.3190
-13.1442
-10.3429
-5.1428
-7.9659
-12.8130
-13.9831
-17.0881
-19.3991
-12.6628
-7.3018
-7.1663
-11.1190
-16.1115
-18.4406
-17.9274
-16.9112
-15.1736
-8.5643
-4.4937
-1.9897
-1.2510
-0.4034
-0.5421
-0.7415
-0.7727
0.8298
2.9776
0.5570
-1.1655
0.1414
2.4306
2.1534
1.1257
0.5850
1.0541
2.1883
-0.1567
-2.4867
-1.7554
-0.2477
-1.2780
-0.1496
-3.6769
-2.1421
-0.5136
-0.6291
-1.7879
-3.5332
-4.9683
-5.2208
-1.9498
0.5667
-0.1491
-3.5080
-5.5596
-4.0667
-5.2391
-7.2702
-10.1948
-11.2940
-8.8763
-2.2331
-3.1220
-4.3135
-2.9947
-3.5017
-7.6270
-6.2200
-0.9918
5.4288
1.6598
-1.0426
-0.6062
0.1403
-4.2529
-6.7261
-5.4902
-4.3475
-6.5479
-12.2281
-11.3283
-7.2940
-5.3792
-7.4111
-10.8603
-10.6733
-10.1188
-9.5428
-9.2159
-6.1984
-4.6548
-1.8846
2.0274
4.3582
-3.2729
-3.6105
-6.9540
-5.2708
-4.0006
-4.3706
-2.4762
0.4205
-0.4355
4.1192
2.1965
-4.1038
-3.1527
-0.4128
-4.7665
-8.6501
-8.5987
-2.6602
-2.4871
-0.9157
-0.0653
2.2428
3.3020
3.7835
2.3642
-1.7930
-1.5986
-6.2497
-8.7372
-9.1903
-7.7667
-6.6554
-0.4709
0.1851
5.7692
2.7084
4.8864
3.9530
5.6294
4.1089
3.9173
6.4073
5.7712
3.9502
3.9647
4.3168
3.9443
-0.6228
-0.4399
-0.1363
-0.3634
-3.4299
-5.6301
-4.2133
-1.6245
0.0901
4.3540
2.7681
0.0458
0.3042
-0.1342
-0.7154
-1.3974
-2.2335
-4.9383
-5.9170
-3.9140
-0.8707
-4.0546
-9.4319
-5.0821
0.7506
4.0507
7.5516
7.6368
5.8314
-4.1017
-12.9573
-10.3814
-10.0626
-10.5630
-10.0757
-14.6117
-16.6019
-10.4771
-8.5980
-10.0813
-12.9857
-16.0673
-17.6119
-17.9587
-18.6739
-16.3825
-8.1928
-4.2194
-7.2083
-7.2380
-3.8895
1.9408
1.8682
2.2577
3.4687
5.3150
4.0510
2.3418
-0.4200
-1.4931
1.6667
6.9425
7.2696
5.9089
3.9604
1.0564
2.2191
6.4338
4.8732
3.9807
6.8878
8.4019
3.9975
8.7424
4.7046
12.2236
9.9819
2.6558
1.8927
10.5708
4.7265
1.8716
1.5786
-3.5831
-9.1362
-8.9964
-5.5441
-6.7540
-3.4821
-0.4078
-5.8181
-11.2504
-13.0735
-8.6328
-5.3252
-1.7062
3.7996
-0.3034
1.2846
4.4817
5.1658
3.4537
1.7247
0.6579
2.3063
1.8593
-4.1436
-4.6570
-2.4990
0.6054
1.7730
5.4485
0.3859
0.3667
3.4710
4.0622
2.2127
4.5219
6.2321
3.5857
-0.5912
-2.1054
-0.7342
-2.5793
-5.0767
-2.1340
0.1653
-2.4898
-5.7035
-3.0574
-2.5849
-0.9760
0.5960
1.7215
2.4811
2.8604
5.5055
4.3017
1.1916
0.8759
-1.6280
-3.7674
-3.6072
-1.5639
0.3234
0.7994
1.0311
0.4195
3.4442
3.2090
-2.1470
-0.9710
-1.8061
-4.5218
-3.1937
1.9640
1.2066
0.8221
-0.6625
-0.4321
2.4268
2.6983
-3.8245
-13.3309
-17.4369
-18.9473
-14.8897
-3.8976
-2.2288
-4.7909
-4.3478
-9.0974
-12.9431
-14.5302
-14.3264
-15.1264
-12.0298
-13.1637
-15.2146
-11.7069
-7.0306
-2.3793
0.7386
1.9431
0.5211
2.2055
3.1204
2.4174
0.3107
3.1816
1.7456
1.8029
-1.1881
-5.3909
-1.2915
-0.1111
-0.0881
0.5151
1.2987
4.6563
6.2328
6.6309
5.6955
6.5364
7.6600
4.0836
3.3172
4.3268
8.2427
3.3255
3.6271
-0.0037
-3.0666
-3.1470
-5.8756
-5.5166
0.4049
0.6862
0.0801
0.2491
2.3827
6.9317
4.7616
-0.4785
0.8721
-1.4525
-7.9677
-3.0386
0.8188
1.8507
-0.1228
-0.4690
1.8398
2.0249
7.3947
1.9798
-4.0851
5.2088
3.8808
-4.1623
-8.8446
-12.6350
-3.9015
2.0335
3.1700
5.8072
3.9452
0.8847
-2.2906
-5.9567
-6.4660
-6.0978
-5.6514
-7.0081
-8.5503
-2.8595
-2.8479
-0.0154
-1.8079
-3.2942
-8.8752
-11.6193
-10.6464
-7.2239
-2.6696
-3.4385
-12.9999
-7.6714
-3.9773
-3.3263
-4.5726
-4.6706
-2.9673
-6.6010
-5.2878
-6.6296
-2.5886
2.6463
1.1489
-0.7848
0.2792
-1.4398
-0.9870
-4.2692
-12.0517
-10.7552
-10.2058
-4.1127
1.0439
-2.2728
-4.8281
-1.2821
-1.8522
-4.8615
-1.0869
3.1969
-1.6808
-5.3101
-5.2624
0.4571
0.2115
-3.3091
-0.0260
0.0789
2.5337
3.3042
-0.0758
-0.8205
3.5995
4.5725
5.3272
-1.7812
-5.8288
-5.9112
-8.0042
-12.1641
-10.6644
-10.1559
-13.4084
-12.3679
-9.9792
-7.2173
0.1505
0.1307
0.7196
3.3187
1.7442
1.2811
0.0414
0.4898
-0.1602
-1.1065
-0.0496
1.5164
-0.6135
-0.1369
-1.3727
-4.4394
-3.3445
-2.8194
-1.0418
-1.1553
1.0851
1.1330
-1.4968
-2.6789
-2.3934
-6.4180
-5.3992
-1.6401
2.3307
-0.8428
-5.3858
-3.2317
-2.2116
-0.4152
-1.5866
-2.3551
-0.8927
-0.2032
1.6703
2.2447
0.2450
-2.1789
-1.2172
-1.1361
-1.6811
-3.2751
-5.3519
-4.1853
-3.6694
-2.6490
-0.3366
-2.6146
-3.8729
-2.0097
-2.2371
-2.4805
0.1284
2.2317
2.6300
3.6921
7.4413
5.2900
6.9032
5.7670
3.3572
1.4726
0.5981
-1.6905
0.4805
4.4642
4.3747
1.2303
-5.1728
-5.2266
-3.0056
0.5600
3.3905
-0.8323
-1.3470
0.3431
-1.3316
-1.0748
4.7261
6.6990
2.0955
-1.7526
-2.4367
3.7509
9.8307
12.8409
11.9056
10.5029
5.3307
3.9811
5.8895
2.5628
3.0608
-1.8718
-7.8562
-3.1901
-7.2971
-6.1977
-6.1122
-9.1649
-10.6156
-9.3776
-8.6715
-6.2123
-2.0325
-5.8734
-7.6830
-9.6581
-12.1078
-8.2056
-12.2287
-13.5233
-10.1514
-11.4862
-9.1542
-5.7693
-5.5719
-5.4711
-2.1664
-0.1026
-3.0728
-0.5601
2.3010
0.0819
-0.6602
0.7906
0.0035
1.1345
2.1769
1.4754
1.4610
-3.0690
-0.5915
-4.5100
-8.0770
-6.2911
-4.7004
-2.6714
-2.6453
-3.8407
-5.0162
-5.6429
-3.2364
-5.3735
-6.9168
-3.7242
3.2514
2.2826
-0.7634
-0.3407
-1.3754
-2.2582
-1.6388
2.7668
4.3484
3.8137
0.8679
-4.1415
-5.2036
-3.7105
-1.5947
-0.3708
3.3178
2.3598
1.8497
3.7084
1.5523
-1.3059
-1.7143
2.9486
5.1661
3.7823
1.1567
0.7187
-0.1562
1.1766
-2.1817
-4.8906
-3.5063
-0.8013
1.7041
3.8024
1.2066
3.0460
3.7963
0.6015
1.8672
3.1549
5.7071
7.4807
7.0609
2.6658
-2.8975
-4.0395
-6.8081
-7.5310
-5.8563
-2.8044
-5.3531
-0.5554
-2.0820
-7.7857
-19.2888
-9.2386
-8.9379
3.1400
15.4646
2.3698
-5.0898
0.4890
1.0333
-0.6117
1.1750
6.2064
5.7195
0.7130
12.0496
13.1407
6.6050
4.0892
6.6347
2.8203
-1.3734
-6.7518
-8.3113
-11.4442
-10.5458
-3.7796
-1.1656
-5.1257
-10.2936
-6.4660
-5.3474
-1.2408
-0.7608
-2.4239
-10.9208
-5.1801
-3.7068
-3.8231
-2.6336
0.3188
-7.6608
3.7565
17.3862
5.4546
-10.6911
-14.1297
-19.0266
-18.6113
-17.4311
-19.7284
-17.0665
-14.2306
-9.2014
-8.6128
-6.9021
-7.1471
-9.9609
-9.1889
-6.9532
-6.4879
-8.1080
-10.5557
-7.6079
-2.5799
4.1635
5.2309
0.3982
0.1603
-1.4514
-1.2730
-5.2702
-6.0763
5.3373
9.2932
2.9327
-2.1187
0.1529
-1.6569
-5.8107
-11.9989
-9.7022
-9.9700
-5.3186
0.8239
2.6256
1.8349
-4.5272
-9.8394
-8.4945
-3.3631
-0.9247
0.2087
-2.8906
-2.6917
2.0057
3.3614
3.4981
2.1072
2.6475
0.7259
1.4918
2.8326
5.7506
8.1844
7.8958
5.7881
5.6833
4.5310
6.8343
7.2479
6.9239
7.3318
6.3581
2.2934
3.9949
6.4854
1.9722
0.1960
3.6551
2.9114
1.3085
-1.4042
3.3671
2.9637
6.1186
8.0160
12.1959
8.6926
9.9005
6.1943
7.8293
10.9587
8.7327
7.0247
7.6886
10.4531
10.1813
6.3693
5.5682
6.6855
3.9435
0.9104
2.4406
2.4297
-0.5809
1.8306
5.5352
7.0647
10.1176
5.8429
0.2969
2.7787
10.6744
10.4167
7.0453
6.0857
0.8645
-0.2941
0.5267
2.6500
1.1328
-0.3683
1.0683
-0.3752
-2.8997
-3.6574
-2.2778
-5.5139
-7.7120
-5.4520
-1.6324
-5.4623
-5.1733
-1.8728
2.5279
1.5031
-0.0458
-1.7215
-2.5918
0.3103
2.0340
3.6808
-1.2408
-4.7281
-4.9340
-6.3552
-5.3558
-7.3850
-9.5132
-5.3648
-0.2985
-1.8344
-3.5382
-3.4420
-2.0320

Coefficient 32:
0.3176
-5.1768
-2.0798
-0.8284
-1.3671
-1.1445
2.4686
3.8719
7.7131
9.6645
7.8757
7.9851
5.0383
1.7696
0.8580
4.1279
2.9007
5.6645
5.9940
0.1021
-0.9461
-3.0882
-2.6232
3.5698
7.2714
6.5533
1.3198
0.2603
-0.9731
0.6002
5.8690
8.2224
4.8633
2.2217
2.4338
3.7083
-6.6785
-8.1096
-7.2173
-2.8961
-3.5379
-3.9158
0.8419
0.3056
-4.5351
-0.4201
5.6332
14.6809
13.5284
6.0760
7.6983
26.5671
21.7238
8.0760
2.6310
-6.4482
-12.2188
-16.9332
-19.1670
-14.4284
-11.0141
-11.1773
-13.7780
-15.5165
-14.3299
-20.9032
-24.1112
-19.1079
-13.5564
-6.7570
1.1409
-10.2313
-13.1221
-13.6036
-8.9254
-4.0829
0.0136
3.5823
-0.5491
-2.3850
0.1396
1.2608
-2.2693
-9.6435
-6.7114
-6.4028
-4.4205
-8.5955
-13.1903
-14.3869
-16.4198
-12.1688
-3.2468
-3.5853
-1.9973
-2.7123
-5.5019
-3.9371
-1.4708
-4.0500
-10.6729
-10.7593
-9.1876
-4.2729
-13.2783
-12.4954
-3.2367
-1.7683
-7.5802
-10.6814
-4.2825
-6.4098
-2.9637
-4.7382
-4.1513
-4.6788
-5.7023
-6.4351
-6.1141
-7.7767
-2.8824
0.3803
0.4312
-3.6037
-2.7041
-9.0347
-9.0416
-9.5596
-10.5385
-9.3535
-7.9675
-7.7086
-9.6473
-7.9497
-9.5015
-7.9252
-9.9653
-10.8144
-10.1572
-3.0318
-3.0404
1.6917
7.8408
8.8358
0.7889
2.0003
-1.8022
-5.4603
-4.9392
-9.1400
-11.4765
-9.4960
-8.4242
-9.0200
-8.3446
-6.6750
-12.3766
-12.2359
-12.5002
-18.2582
-17.4718
-11.1828
-4.8875
-4.6653
-5.1237
-3.6984
-1.5511
-1.1150
-0.6406
-2.1821
-0.8438
-1.1527
-3.3041
-2.8751
-2.9778
-0.7538
1.0253
-0.3074
-0.7083
-0.7598
0.2808
-0.3792
-2.7400
-2.9320
0.3179
2.6419
1.9642
1.0072
0.5741
0.5718
2.0529
2.4669
2.0496
2.9292
4.6657
2.4086
-1.1590
-5.4692
-3.2696
-0.5484
-0.3160
-0.8223
2.0281
2.2903
0.3333
0.2143
1.0821
1.4242
-0.8123
-1.9513
-1.2738
-2.4945
-4.1778
-3.4512
-0.1992
-0.1268
-0.5689
-0.1105
0.3849
2.7039
3.6253
0.4542
3.1253
4.0143
3.5794
0.9251
-2.7379
-4.1719
0.1819
-1.1752
1.1560
0.4863
2.0425
0.5335
-1.2216
0.2268
-1.1083
-3.1335
-3.5995
-2.8207
0.8459
3.5292
5.3123
5.4858
7.9623
1.9929
-3.6537
4.7015
4.4495
-4.2462
-13.5176
-12.0071
-6.4888
-1.7792
-2.4876
-2.9061
-1.0398
1.3746
7.7840
0.5572
-7.5627
-3.8731
-0.3155
2.4694
8.2880
5.1574
1.2233
-2.5357
0.1748
1.4885
0.9064
3.9850
5.4926
3.2638
0.0406
0.4720
-2.2667
-4.0045
-2.8245
-1.3123
2.9536
9.5788
8.8108
3.0019
4.3366
6.5109
5.6560
7.9306
7.1417
4.6914
6.6776
5.9383
8.1919
7.4620
6.2637
3.7314
-2.9677
-5.8243
-3.3069
-0.3132
-0.4403
0.1515
2.5593
4.5247
6.3588
7.8186
4.4958
0.2748
0.6160
-0.5741
-0.8827
-1.2707
-2.7575
-3.2326
-2.7165
0.4602
2.9860
-0.9382
-4.6271
-7.0273
-9.2808
-12.6716
-13.9394
-10.2587
-4.2304
-3.8527
-1.2030
-5.4810
-10.5929
-7.4558
-9.1509
-17.6153
-11.6084
-9.2473
-9.7256
-8.5847
-7.9524
-5.7804
-5.6438
-4.4986
-2.1562
-1.5299
-1.2798
-0.5200
-1.7549
-4.1840
-0.7075
1.9504
-0.3317
3.1865
3.6095
2.2572
1.0648
1.1726
0.2490
-1.1367
2.0879
4.7165
3.6822
4.5245
2.4074
-1.6483
-1.8067
1.8458
2.9083
2.7453
1.6544
2.2578
4.5313
8.1713
9.4831
6.3925
-0.7912
-3.2565
-4.2998
-2.1647
-5.0664
-9.1385
-11.7859
-13.0807
-15.1103
-16.4605
-16.1539
-14.9120
-8.8404
-4.6343
-4.4735
-0.8401
-4.1042
-9.1486
-12.2491
-11.2585
-1.3094
0.6054
-3.8533
-5.8214
-8.6068
-7.9140
0.8922
-1.6540
-3.6989
-9.4133
-9.7694
-5.8455
-12.2377
-15.6756
-11.8378
-6.6737
-7.1121
-5.8956
-2.8173
-2.5868
-3.4808
-1.7971
0.0887
-2.4265
-5.3644
-5.8497
-0.2441
-2.6955
-2.1633
0.4528
1.8664
1.0452
-1.3229
-0.0459
-0.6485
-2.8480
-5.2951
-5.7110
-6.0785
-6.1676
-2.5787
-1.3707
-0.6977
-0.1596
-3.7827
-4.7634
-6.3441
-6.2054
-4.5573
-2.7152
-0.5247
-0.0554
3.7194
6.0409
0.3567
-0.8132
-2.6795
-4.4616
-1.9716
2.1499
1.0126
1.3343
-1.5504
-0.9583
4.9704
6.8600
3.1695
-2.8617
-7.7511
-9.0649
-10.9051
-8.9911
-6.5320
-8.4534
-10.1730
-9.5383
-9.0231
-6.8115
-2.6173
-2.3971
-5.0642
0.3670
5.0059
3.4633
-1.1113
-0.3294
1.4977
5.7740
6.6561
3.1675
3.3842
2.3227
-0.7458
2.4767
1.4612
1.3230
-0.4997
-4.4365
-1.8078
-0.1512
3.1291
3.2360
0.3175
0.2968
0.9170
3.7343
9.3199
12.1313
11.9035
6.2610
3.6145
1.6732
0.1775
-4.0374
-5.9411
-4.2753
-1.1095
-1.0719
-4.3462
-4.8711
0.2005
0.3125
-0.0866
0.7902
4.0579
7.7264
3.9562
-9.1559
-8.6240
-12.3279
-12.9038
-5.2286
-1.2637
-0.3025
-1.6915
-1.0942
1.0149
-0.4630
-1.2704
-4.1221
-4.9225
8.5166
15.4580
12.2737
4.6889
0.7910
-0.0820
-5.7677
0.8220
6.0752
5.2287
5.9137
10.1576
8.3250
1.7341
-1.3654
4.7394
4.3143
2.3641
3.5749
-11.2681
-15.7558
-17.9516
-17.1548
-14.1131
-14.5381
-15.1211
-15.1215
-12.6318
-7.1745
-5.8160
-10.4361
-13.1365
-9.2976
-6.4578
-6.3762
-3.8308
-2.3160
-2.4417
-11.8698
-16.7440
-12.6885
-2.7739
2.0050
1.0775
-2.1436
-0.9691
-3.3630
-8.9265
-10.6067
-13.7505
-10.2749
-10.3453
-10.8706
-11.1713
-9.9647
-9.5220
-6.7634
-1.3390
1.6707
-0.2947
-4.8698
-5.6279
1.4085
1.5314
0.3921
-0.0408
-3.5085
-1.8939
-0.2870
-0.2275
1.9203
7.2764
5.3594
5.0358
0.2939
-4.6370
-4.0289
-4.2847
-4.1859
-3.7387
-7.4064
-9.5587
-8.1187
-4.1780
1.7494
2.7141
0.7596
0.6064
4.7010
3.1248
0.3518
-0.4757
0.8608
-0.1121
-0.5955
0.0109
0.9374
-0.3727
0.5856
-0.9515
-4.2605
-3.7929
-2.5842
-0.2505
-0.8067
0.8188
1.2948
-1.6998
-3.0349
-2.5348
-4.8993
-4.8804
-4.1573
-0.6238
-1.8277
0.8934
1.9463
1.3474
2.4366
2.5635
1.8878
4.1507
3.0116
1.0124
-1.7123
-2.1988
-2.1015
-1.3355
-0.5259
-1.1001
-3.6429
-8.3643
-10.8872
-10.9395
-7.8144
-3.6144
-3.4846
-3.8452
-1.6470
-1.1914
-1.7096
0.0251
2.0446
2.6513
3.4692
3.6491
-0.5563
0.5497
-0.4870
-0.4870
1.3887
4.1413
-1.7012
-6.0213
-5.8295
-9.6554
-10.3168
-10.7684
-12.4850
-10.2260
-8.3329
-2.9111
-3.7149
-3.4150
0.8113
-1.9905
-1.2402
2.9089
4.8648
2.8435
4.8734
3.9157
4.4010
6.3442
6.2501
7.0099
6.4107
0.5994
1.0810
6.7294
4.7612
2.9346
0.2961
-4.2645
-1.2787
5.9388
1.5818
-0.1595
-0.9584
-4.3950
-2.4519
-0.6482
-2.1183
1.0369
0.7320
-0.5564
-2.9835
-4.8516
-1.3332
-1.7737
-1.8964
-1.6155
1.4087
-2.6945
-5.5977
-3.7921
-0.8009
-4.7789
-4.9096
-4.8189
-2.7003
0.6233
0.4312
-0.3824
1.0749
-0.1087
0.8095
2.0932
0.1796
0.6587
-0.9409
2.9961
-2.9830
-6.3380
-4.9044
-3.3596
-3.6682
-4.6641
-3.0182
1.4493
4.6781
3.5445
0.0429
-5.2389
-2.1641
3.2511
2.6612
0.2228
-0.1777
-1.4889
-1.3769
-1.4775
3.3468
4.1532
3.3474
1.1238
-1.7843
-1.0923
-2.2353
-2.4875
-1.2695
1.1485
-0.6755
-1.5612
0.3834
0.3616
-1.9883
-2.7989
0.2156
3.0244
3.5640
1.8832
1.5766
-0.4286
1.0276
-2.6096
-5.5016
-5.2940
-1.7879
1.6181
3.2338
-0.3047
-1.6359
-3.0654
-2.5526
0.1907
3.8865
5.2950
4.2116
-0.0258
-5.7198
-3.5634
7.0284
4.5320
1.1903
-1.3699
-0.2282
-4.0662
-5.5808
-1.0454
2.1742
-10.6120
-4.2902
-1.8977
1.9105
9.4396
4.3705
-1.3086
-0.4347
-3.4405
-2.8859
1.2451
-0.5211
-1.6365
-3.4283
-5.5279
-0.7218
-12.4428
-25.9594
-21.5238
-13.6751
-10.3089
-10.0681
-16.2848
-16.5243
-16.0066
-11.3095
-4.5294
-5.4616
-2.1896
0.4439
-0.3784
-4.6724
-3.0024
-2.2196
-3.0730
-9.3581
-7.0689
0.7453
5.0754
9.6656
14.0485
22.6378
41.0249
41.9559
25.6201
10.8318
3.4858
-0.3083
-0.3786
3.0655
2.7269
0.4795
1.6700
1.9282
2.5640
-2.6186
-3.8048
-2.4706
-0.3233
1.8149
4.8507
0.5028
-3.5113
-3.3317
-0.9993
-1.5460
-3.1445
-0.2376
4.9175
7.7370
0.3511
-6.0568
-6.4461
-4.2326
-0.0311
3.7043
7.3323
4.6313
5.7962
5.3784
0.3326
-0.0750
1.7564
-2.1326
-3.4971
-1.4040
-3.2289
-4.6272
-1.6318
0.1720
-0.2584
-3.2833
-1.2236
1.2688
2.6186
2.5073
1.1740
0.1502
1.6634
1.7031
0.9173
3.4880
7.1861
8.3842
7.9515
4.6250
4.9513
4.4946
6.6941
6.8119
6.0240
8.7028
7.7362
3.2151
3.2857
3.7774
2.8791
0.5165
0.9856
1.0071
2.9451
2.9999
4.2560
4.2560
6.0979
5.3963
3.2041
6.8642
7.7538
3.5479
4.0718
7.1603
5.2825
2.9331
1.0600
-1.4306
-6.1203
-4.1292
-1.2728
-0.8801
-3.5067
-2.4801
1.2094
3.3802
2.5367
4.1703
6.3436
3.2843
3.6288
-0.2644
-1.5208
4.4858
10.4538
10.1347
6.4897
2.8165
6.7129
0.9898
-5.8724
-2.8439
1.6878
1.7554
2.9343
0.8004
-2.0083
-2.8480
-1.9831
-4.2804
-3.5454
-0.4701
1.5109
1.5689
1.8713
-4.2390
-5.5522
-3.8241
-3.8944
-2.1753
-3.4015
2.1292
6.5268
8.3277
9.3813
6.7633
4.5511
-0.3191
-0.9586
0.6370
-1.8576
-0.2650
-2.8899
-5.5352
-7.5046
-5.6757
-3.2856

Coefficient 33:
0.3026
-3.1457
-4.1880
-0.5022
1.5255
1.7179
2.2310
3.0972
3.7549
3.2771
-0.1687
1.2828
-1.0667
-5.7054
-8.6978
-5.9852
-5.7980
-1.1091
1.9304
-1.4749
-2.9352
-4.4216
-2.4080
0.7854
1.7470
-1.6118
-5.2331
-3.9815
-4.8603
-3.6842
-3.4968
-1.0812
-5.6793
-5.8705
-3.3958
-2.0881
2.6977
2.9588
4.6878
5.0098
4.5119
5.8039
1.4970
-2.2187
-6.2435
-5.5929
8.1743
13.7816
14.7459
3.8458
5.7485
21.0913
27.0955
20.1960
18.8464
5.6325
-9.0569
-18.3502
-21.0844
-21.8959
-22.3738
-23.6945
-27.1634
-20.9931
-18.1552
-19.9077
-14.2960
-15.4142
-16.7814
-14.1903
-5.8779
0.1327
2.3646
-2.9848
-2.7211
-12.0088
-14.4715
-5.8375
-0.3246
1.5758
-1.3329
-2.4625
-3.5579
-11.1049
-11.9272
-11.2292
-7.0816
-9.4454
-8.6891
-10.8893
-11.5943
-10.5328
-5.2831
-2.5582
0.7170
0.5269
-2.0870
-3.9708
-4.1734
-6.5408
-3.4817
-4.0878
-9.5596
-11.3378
-3.6214
-2.2262
-1.1821
-0.0541
-5.3743
-13.5091
-10.4972
-6.9319
-1.7107
-8.0451
-6.9351
-4.2295
-2.4706
-4.3106
-12.2038
-14.4712
-14.1781
-15.4195
-15.9277
-9.1393
-5.1350
-7.7484
-3.1581
-4.0299
-10.7012
-11.5900
-9.5809
-9.8860
-12.9147
-10.4350
-10.4247
-6.4383
-3.8152
-4.4761
-6.3320
-6.7495
-8.3867
-10.0856
-6.8414
-6.5329
-1.7416
0.8943
-2.1410
-0.3208
1.6031
-2.6636
-2.4506
-4.6773
-7.2595
-9.0393
-13.0525
-12.9876
-12.1313
-12.7443
-17.4582
-22.7126
-18.8801
-22.3734
-18.8301
-13.2536
-12.6039
-12.9204
-10.7622
-9.5611
-9.6110
-15.4937
-15.2176
-16.6421
-15.6759
-8.8534
-4.0224
-0.6745
1.3171
-0.2686
-0.7116
-0.6961
-0.1199
-2.0357
-4.0505
-3.4471
0.4605
2.5295
1.5062
0.6993
0.4564
0.0098
1.6100
2.5286
1.8276
2.6041
4.9220
3.2675
-2.4855
-5.6038
-2.8523
-0.2375
-0.0668
0.2595
5.2140
6.3489
4.1904
1.4400
1.3149
2.7006
1.9334
1.9480
1.1097
0.6062
0.8936
-0.5498
-2.4427
-2.1261
1.4511
0.4552
-0.9076
0.1734
-0.3654
-0.0930
-1.3414
1.2875
3.8159
-1.2234
-8.8943
-11.5588
-14.0468
-17.5616
-23.6090
-27.0951
-22.7626
-20.0970
-23.2888
-22.4713
-21.1705
-15.0521
-8.3152
-10.8276
-15.2005
-13.3834
-8.1347
-7.3975
-7.2839
-5.4179
-9.3171
-4.0267
-1.9410
-0.5035
-4.7157
-5.7036
-10.1827
-14.1085
-10.8810
-4.9898
-3.3552
-0.9645
4.6638
7.8453
-0.6435
-6.1118
-6.5586
-5.7858
-5.6419
-5.5676
0.3677
-1.6053
2.0905
1.7718
0.6012
4.3046
5.3581
2.7967
-0.8499
-0.0353
2.6381
3.1163
6.4257
7.1820
-1.7952
-10.8450
-11.2503
-3.6670
3.3981
3.2813
3.2996
5.1478
3.3815
0.4457
1.9653
0.7245
2.8387
-1.4124
0.6055
0.4756
-5.3495
-8.4047
-5.1589
-0.7311
0.2715
2.5578
4.5740
5.6472
4.7146
4.7982
5.0845
0.8368
-1.0563
-2.5606
-1.4588
-1.3049
-3.4790
-3.3148
-2.2010
1.4238
1.8773
0.4299
-1.8442
-0.9423
-2.9906
-6.0351
-8.0312
-6.9141
-7.3522
-11.9102
-11.8672
-11.1036
-10.5056
-10.7302
-10.0539
-10.8885
-10.9071
-9.1380
-8.9219
-11.8144
-14.4307
-14.4575
-15.0395
-14.6699
-15.5522
-17.4559
-19.4574
-23.4492
-16.5611
-12.7550
-9.8371
-5.3284
-7.1401
-1.3163
1.1446
-2.4078
-2.0313
0.4630
0.8258
-0.6885
1.9247
1.5356
-0.1834
0.2499
-2.5739
-6.1564
-6.9482
-4.6033
-2.6039
-1.1471
-3.6266
-4.1347
-6.1101
-1.8473
-3.6436
-7.4829
-11.4085
-15.7621
-5.9836
-2.6942
-3.4678
-11.0896
-14.4819
-11.9482
-5.5158
-5.7974
-9.6218
-9.1320
-7.2941
-4.9906
-5.2178
2.8536
2.2084
-5.3791
-9.5691
-11.4352
-7.4878
-3.5064
-3.5346
-3.6890
-4.7443
-5.2829
-3.7168
0.1758
1.2332
-5.3321
-7.1068
-8.7603
-8.8564
-8.9287
-7.7927
-4.8151
-7.1653
-6.5556
-3.9784
-4.5270
-5.0441
-3.6648
-1.6670
-2.6725
-4.7203
-5.7567
-3.8539
-1.3605
-1.6450
0.4399
1.9387
0.0175
-0.5506
0.2455
0.4966
-1.1414
-4.0915
-5.0424
-4.4508
-5.4641
-4.6057
-3.0010
-1.2061
0.2149
-3.4348
-3.7307
-4.9437
-6.8070
-4.9738
-2.0362
-1.3662
-1.4204
0.3438
3.1055
-1.7738
-4.2857
-6.1516
-5.4954
-2.8956
-2.4274
-3.0858
-1.4770
-4.6419
-3.3903
4.0495
7.4911
11.1460
7.6524
-3.0461
-6.9707
-13.5205
-16.3335
-14.8099
-13.6646
-11.3483
-9.4490
-10.9854
-14.5642
-11.8622
-11.9446
-12.2532
-14.5154
-15.9975
-12.6894
-4.0122
1.2226
2.2940
3.0147
1.7596
2.0545
1.7054
0.2873
-1.7319
1.4200
0.7916
1.0121
1.9585
0.6249
-1.4876
-1.8636
1.3908
0.9020
-2.6361
-5.7458
-6.6763
-3.4034
2.2888
5.8279
6.8993
2.7438
0.4555
-2.9334
-1.0597
-2.0630
-7.5376
-4.8768
0.8912
0.2290
-2.5714
-3.8998
0.0007
-0.0082
-0.2455
1.2989
4.6886
6.6475
3.3093
-3.1010
-3.7494
-3.9408
-5.9667
-3.1118
-2.2775
-2.3126
-3.4412
-2.0554
0.2333
-2.4735
2.1879
8.1202
8.1697
10.1385
4.9076
3.8761
6.3446
3.9927
0.5628
-8.6104
-1.8997
6.7092
3.7337
1.1892
-0.2915
-0.2872
0.5615
-4.4686
-3.7407
-1.7773
1.0691
9.4993
9.3559
-2.3550
-6.8179
-10.5250
-9.4119
-9.5251
-9.2977
-10.0536
-10.9719
-13.6149
-18.8678
-16.2831
-13.5838
-10.2399
-12.0849
-13.7382
-15.5701
-13.4945
-7.5872
-2.8370
-7.8572
-12.5766
-14.9775
-11.0718
-0.0072
0.0097
-2.5266
-1.5004
-4.8931
-8.6839
-10.3447
-10.4015
-8.5111
-2.1929
-1.1425
0.9696
2.6347
4.1979
5.1481
3.1568
0.9416
-3.8613
-4.9215
2.0602
2.8579
5.9510
3.7787
-0.6303
2.1495
4.3611
2.1569
3.6785
5.2396
-2.7425
-7.9705
-1.5506
1.3061
4.8809
5.1903
4.8889
4.6541
6.9473
8.0034
5.2152
-0.0658
-6.3219
2.1343
0.7599
0.1066
3.4680
1.8013
-1.9663
-1.5609
0.2582
-0.7633
-0.4037
-0.4800
0.0230
0.0364
0.9998
-0.7111
-4.0123
-4.0662
-2.3745
-0.1461
-1.5010
0.1241
1.0680
-2.0287
-3.3221
-2.6740
-7.4483
-8.0085
-4.1533
-1.6164
-3.5832
-0.7137
1.8862
1.8026
4.5894
5.8123
2.6763
2.6108
2.3054
-1.5235
-6.6027
-5.2467
-2.8402
-2.4738
-0.8528
-1.9852
-5.7665
-9.0616
-10.1915
-9.6947
-6.3934
-2.7480
-2.8577
-2.0280
0.8300
1.5962
-0.4090
-1.2131
-0.3643
-1.4419
-3.0354
-7.8498
-10.9932
-8.2005
-9.2638
-6.6981
-0.4988
4.7346
-2.1997
-0.7318
-3.9641
-5.9163
-3.0770
-2.2657
-3.6757
-1.9903
-3.8893
-8.0086
-7.8223
-6.6486
-2.9295
-5.8789
-3.2556
-1.4121
-4.0922
-5.3675
1.5440
1.6884
0.7856
0.3921
-2.5600
-1.0017
-1.0896
-2.9950
0.0273
9.5145
4.7058
2.2463
3.4533
-2.5797
-11.7680
-14.6347
-16.9570
-16.8885
-13.6620
-13.0225
-1.9239
5.5477
4.4758
1.8414
2.1785
-4.0320
-8.5424
-7.8956
-8.6084
-8.1469
-7.1814
-11.9472
-16.1716
-13.7395
-10.3150
-9.6408
-7.3355
-8.3962
-6.1648
-5.1238
-4.2172
-0.5469
0.8457
-0.8113
-0.1857
-0.2142
0.4508
1.7500
-0.6334
-1.0450
-5.1572
3.3066
-3.2829
-8.1145
-7.8563
-9.0538
-12.8312
-11.8123
-10.1458
-9.6659
-9.6693
-11.2763
-9.2890
-4.7195
0.0960
2.4797
2.9050
0.5900
-1.1294
-1.8086
-0.7151
-0.9450
3.2454
3.6712
2.9137
1.1907
-2.2324
-1.9472
-2.9339
-3.0447
-2.0061
-1.3152
-3.3649
-4.5520
-2.8186
-1.3096
-2.9031
-2.8754
-0.7913
1.1236
1.9447
2.3140
2.2361
-0.9257
0.3411
-2.9202
-4.9538
-4.7338
-1.0094
1.4899
3.0882
0.1442
-4.2479
-4.8007
-1.9927
1.4409
4.2517
4.5463
2.1373
0.1666
-1.5553
-0.8336
3.9808
0.1063
-1.1307
-3.4987
-4.7864
-6.5481
-11.0805
-9.4703
-7.0579
-8.0500
-7.4330
-4.6593
-1.4645
5.8103
7.3481
-0.5511
-1.4982
-4.8157
-4.6885
4.1407
2.4836
-0.4333
4.3602
1.3840
12.1285
7.9584
-9.1776
-11.9483
-6.2815
-1.4447
-2.0648
-12.3428
-18.1402
-24.0652
-24.5756
-11.8625
-10.6095
-13.7172
-12.4384
-7.1020
-6.0973
-4.5861
-0.4649
2.5711
-4.6912
-11.6725
-7.5372
-1.0921
-6.9075
-15.4748
-21.2843
-4.9992
13.0503
12.7511
1.4109
-8.0902
-16.9030
-14.7034
-12.0428
-13.2195
-9.5916
-5.9938
-6.1099
-5.2776
-4.2780
-12.9596
-12.5130
-13.7093
-14.5812
-17.1228
-14.6871
-8.2351
-3.3632
-0.0653
-4.3424
-2.8136
1.6709
2.0560
-7.7997
-12.9423
-8.1560
-8.1704
-5.6750
-3.0911
-8.7636
-9.6559
-6.2405
-1.7904
2.3581
-1.9730
-8.5923
-10.8845
-13.1827
-14.9495
-9.8379
-8.3839
-2.8318
-2.0901
-4.3142
-6.2615
-5.8212
-3.1425
-1.2251
1.1571
2.0393
0.0882
-1.0083
0.4964
2.6429
1.3450
2.9062
5.7069
4.3067
4.6533
2.7176
1.7031
2.4439
4.0052
3.5403
3.2286
7.4453
6.8343
2.9793
3.7479
5.4687
2.7400
3.4581
4.8906
3.3537
3.0684
0.5894
3.4670
4.0274
5.8305
2.9301
2.5263
6.3826
8.4064
7.6163
8.8074
3.6730
1.5974
1.9630
2.1416
1.5696
-3.5920
-8.6357
-8.2189
-4.6704
-1.9812
-1.0284
-0.2024
2.6668
4.2382
4.6084
0.3007
-5.6375
-3.8057
-0.7578
1.4358
1.6833
0.6971
-1.5885
-1.9478
-0.8731
9.1837
9.6878
6.4659
6.0577
5.7281
3.0140
1.8902
-1.1760
-3.1451
-2.2852
-2.9610
-7.5786
-2.0336
-0.3504
-5.4290
-5.9121
-3.9458
-6.3921
-9.2865
-8.2309
-8.1248
-5.6920
-5.3157
-3.7469
-4.8819
-5.1830
-6.2057
-7.1535
-3.3497
-5.8241
-6.8823
0.6534
2.0726
0.7303
-3.0356
-8.2574
-9.3747
-6.1104
-4.2442

Coefficient 34:
0.2872
-2.3816
1.4876
1.2559
-0.1036
-0.3255
1.2888
2.1849
0.3110
-2.2092
-6.0875
-3.2208
-3.0600
-3.3575
-6.4524
-5.7292
-7.0425
-6.0702
-1.9958
-2.0297
-4.6266
-5.5967
-2.2036
-2.3179
-3.2042
-6.8419
-7.2189
-4.7346
-5.7768
-5.0200
-7.6443
-6.0671
-9.2490
-8.7966
-6.7867
-5.4653
-6.6075
-8.5559
-8.0323
-7.2029
-3.4482
-2.9093
-10.9270
-9.7953
-6.7980
-1.3985
-5.8545
-0.7110
1.9351
1.4861
-4.2793
0.6852
12.3872
16.8350
24.3287
16.5091
2.0369
-8.2657
-10.9080
-6.8290
-0.3605
-3.2227
-10.3332
-10.5804
-10.0462
-3.1384
-7.4003
-15.6746
-20.3210
-18.4436
-6.1984
-4.0777
-10.0656
-13.4176
-5.1977
2.0841
-0.6702
-1.0365
-2.0151
-2.4846
-0.1797
0.4799
0.9840
-8.7003
-8.7255
-5.5027
-5.3485
-6.0244
-5.7526
-1.3765
2.0809
-2.0623
-0.4773
-2.8041
-2.7934
-1.5766
-3.4587
-2.4641
2.8739
1.8745
-1.9917
-3.4252
-7.7731
-9.5630
-3.1652
-3.6250
-2.0379
-1.5375
1.0695
-6.7109
-8.6885
-6.5846
-2.6592
-4.2160
-0.0301
-0.6766
-0.0970
-0.2846
-7.5843
-15.9316
-13.9001
-10.2571
-7.6282
-10.1539
-6.1822
-7.7859
-6.6463
-4.0842
-3.2154
-3.1470
4.0522
9.5236
1.1065
-2.3940
-3.4952
0.0837
2.8853
4.0322
3.2486
-0.6019
2.1120
2.7488
3.3435
2.8957
-0.2143
-1.3753
-5.2358
-6.9779
-7.3704
-12.0245
-4.4352
-3.8192
-8.0300
-12.5663
-14.3483
-12.8917
-5.8420
-8.5846
-12.0373
-14.9481
-12.2508
-6.6952
-1.6957
2.2876
0.9287
-2.9440
-4.4568
-3.4606
-1.7712
-1.4427
2.3580
2.9279
-3.3058
-3.7879
-4.6685
-0.9779
0.2457
-0.4321
-0.7405
-0.5886
0.1059
0.2157
-1.9045
-1.9517
0.6352
2.1144
0.8387
0.2371
0.2634
-0.5614
0.6383
-1.1363
-2.1726
-2.2114
0.2512
0.2615
-3.4801
-3.6567
-0.5352
0.5358
-0.2300
0.0735
2.7316
3.9560
3.3281
0.3882
0.7258
2.1694
2.0876
2.7383
0.6445
1.1924
3.3917
3.3917
3.7853
3.1787
1.8714
0.9543
-0.7586
-0.6280
-1.9833
-7.1713
-5.4195
-3.3477
-3.8805
-3.4364
0.0598
-3.9130
-14.2342
-12.6082
-3.3775
-2.0839
-4.8962
-6.8288
-6.4838
-2.3084
-4.4206
-7.5044
-8.2944
0.2810
-2.3262
-5.9997
-2.7735
-5.3567
-9.9357
-9.8463
-11.9468
-10.1909
-6.7928
-2.6522
-2.7664
-4.5240
-10.2930
-12.1977
-4.0510
-3.2924
-5.2404
-6.4688
-4.4618
-3.1757
-4.3901
-2.8414
-2.3000
-0.3400
0.2440
-2.7014
-2.9926
-1.7715
-1.5852
-1.5436
1.2447
3.9731
3.8177
1.5565
-3.2743
-3.3350
-0.0547
1.9360
5.6192
5.0018
7.8320
10.3744
9.1513
-2.2961
-2.3806
-3.2839
-1.3584
-0.6268
-3.7518
-5.0072
-4.1739
-5.9114
-2.1221
-3.6491
-1.9803
-2.1738
-4.6954
-6.0255
-4.1027
-1.4400
-2.0373
-0.5059
0.9069
1.6168
1.1523
2.6582
3.0804
-1.5926
-3.1022
-3.5601
-2.1470
-1.5247
-4.7671
-6.0677
-5.5650
-2.7746
-3.6482
-2.4244
-8.2720
-15.1220
-15.8122
-14.6642
-12.2302
-11.4215
-7.9339
2.8559
8.0722
5.4990
-3.5601
-9.7413
-6.9643
-5.8493
-6.1769
-7.1449
-7.0429
-9.5171
-8.3890
-5.8253
-7.8485
-3.5735
-1.1132
-1.8716
-5.0745
-4.8104
-0.7805
-2.8277
-6.1348
-5.4161
-6.1961
-0.9848
3.3941
-0.6120
-0.4057
1.9808
1.1705
-0.2012
1.5302
0.8298
-0.8899
-2.8332
-4.5196
-5.3444
-5.7371
-5.0440
-4.0357
-6.8395
-9.2665
-10.0476
-10.7451
-2.0217
6.1505
5.3212
2.4972
0.3105
2.2153
5.1531
6.2100
-0.9149
-4.1765
-5.0021
-2.0465
1.3362
-5.2635
-7.5558
-7.3523
-6.6563
-7.4020
-4.6538
1.0590
-1.0815
-10.2940
-15.8715
-16.5494
-15.2508
-13.5843
-13.1220
-15.2070
-14.1825
-5.1530
-5.0869
-8.9803
-5.9642
-2.4120
-3.9932
-2.1861
-0.6957
6.4478
6.7719
2.4103
2.4694
2.7062
0.2060
-0.9801
0.3578
1.9008
2.1242
-0.2483
-2.3041
-2.4169
-2.6523
-3.7207
-0.7441
-0.8163
-4.2096
-3.9502
-2.8477
0.6805
2.2354
1.6356
0.4844
1.3539
1.9326
2.0472
1.9881
0.6699
0.1375
-3.1402
-1.9049
-0.7186
-1.9475
-0.4245
1.8674
-0.6088
-3.2228
-4.7479
-3.0086
-5.5980
-7.8358
-9.0447
-6.3528
-4.7842
-6.7849
-6.2953
-2.9297
-3.7545
-2.5924
0.2137
2.8839
14.0590
25.2976
18.1038
7.1128
1.2622
-0.3833
2.1691
3.4941
-0.1480
1.2337
-1.0718
-6.9338
-8.2636
-5.4537
-1.2845
2.2642
4.9978
4.1705
-0.6626
-2.8593
-2.3187
3.5456
1.9294
1.6829
0.4794
-0.6400
-1.7039
0.8759
0.4836
0.9357
2.8049
1.4571
-1.9509
-1.5915
2.5115
3.4645
-1.4494
-6.7732
-11.7463
-10.8061
-9.2843
-6.3386
-2.6936
-4.9900
-5.8676
-6.7867
-7.1525
-5.8397
-7.7067
-2.9265
2.5216
0.9782
-0.9347
-2.7288
-0.1551
-0.2010
-0.3776
1.6225
3.7144
3.6784
2.6539
-1.1773
1.0235
0.7650
-2.0597
0.5731
-2.2486
-3.6104
-4.7548
-2.8961
-0.3420
-2.8334
3.3220
4.6299
0.3800
3.6232
-5.3027
-8.5529
-6.9267
-8.0141
-3.0001
0.9008
2.7698
6.9230
5.7000
7.0931
5.4968
0.1060
-7.4518
-9.7187
-3.5392
-4.7746
-9.4636
-3.5165
2.3426
-9.8572
-17.1565
-19.8184
-22.4638
-19.3902
-13.1772
-14.7622
-16.8530
-13.1012
-11.4634
-8.2572
-9.8688
-9.2786
-8.7884
-4.3780
-5.2088
-3.7108
-3.8667
-7.2386
-9.9649
-6.8139
-7.2406
-5.6282
-3.6706
-2.7609
-3.0797
0.3043
-1.6945
-5.4459
-2.0668
-8.2212
-15.8513
-15.7346
-7.2406
0.4147
4.7179
5.0962
0.7389
0.5374
0.9762
-2.4733
-3.2942
2.3550
3.7572
5.5757
0.2359
-5.0452
-3.0007
2.6131
3.2481
3.7063
3.7552
1.2435
-4.6338
0.9936
-2.5207
-5.4000
-7.2771
-5.1139
-7.0028
-7.8867
-2.6454
-3.7514
-5.9538
-7.3053
-0.5707
-0.0210
-0.7403
0.1847
-1.3169
-4.4420
-2.7721
-1.1604
-1.9884
-0.4493
-1.2790
-1.0156
0.6186
1.1713
-0.6507
-3.7555
-4.1753
-2.2268
-0.6778
-2.8057
-0.8182
0.5673
-2.3933
-3.4902
-2.5495
-4.0288
-3.8332
-3.1554
-1.6704
0.8191
4.1025
3.7957
3.2374
5.4581
5.6276
4.1528
4.3998
2.9517
-2.7355
-5.5309
-2.9072
-1.6331
-1.6136
0.5723
-0.5291
-3.0583
-3.1558
-2.2516
0.1468
1.9401
1.9639
0.1647
0.3230
3.3543
2.5139
-0.7440
-2.3551
-1.8358
-3.3422
-6.0297
-13.9235
-14.6748
-9.4768
-10.1727
-7.3061
0.2036
3.9127
-3.1796
-7.2000
-9.5103
-10.0757
-12.9111
-17.8986
-18.7240
-12.5592
-9.7415
-12.0708
-9.2207
-6.1169
-4.7765
-6.8876
-4.8808
-2.2465
-5.2611
-6.0346
0.4508
1.2211
-2.1415
-6.2046
-9.2019
-6.3260
-4.8742
-4.2784
0.5379
8.4499
7.7517
6.2093
4.5746
2.8123
-1.2517
-8.9621
-10.6967
-5.9864
1.5782
3.6911
8.0956
3.8755
-2.4259
-2.6186
5.8117
4.2682
1.2962
-4.5025
-8.5893
-3.4258
-0.3473
-4.2955
-6.9415
0.0671
1.5865
0.1486
1.1020
-1.3473
-3.2096
-3.4577
-3.0891
-0.0214
1.2086
-1.7342
-2.4148
-0.3269
0.1413
1.3127
-0.9632
-1.5119
-4.1161
6.7008
8.2837
4.3800
0.4706
-5.8906
-7.9973
-2.5293
6.1905
11.6473
8.9772
12.5314
13.6713
2.7271
1.2088
1.4537
2.9571
0.4792
-2.6701
-2.1911
-0.1958
0.0441
2.5659
3.0533
2.5093
1.0994
-0.4484
0.6160
-1.3036
-3.2019
-2.5298
-2.9844
-4.5350
-6.4496
-5.0152
-2.9697
-3.6558
-1.0380
2.4769
3.1443
2.8217
3.3264
2.5222
-1.4952
-0.9342
-2.7210
-3.3177
-0.7830
3.7164
3.9907
5.4929
3.6695
-1.5460
-3.7887
-0.4406
3.0451
4.7255
5.4391
4.2380
0.1345
-1.2018
4.9342
-2.1241
-4.9338
-3.2081
-1.4212
1.5068
6.9142
8.3144
5.2781
-2.1066
7.6726
-1.9892
-5.9799
-12.7176
-11.7340
-2.1111
-1.3660
-3.2820
0.8039
-2.7287
-5.1398
-6.2084
-5.2319
-1.8829
-2.6612
18.0557
26.6618
16.2396
7.5232
5.8295
5.5417
4.8172
12.7135
18.3501
12.6718
7.4012
6.5983
6.2616
1.8445
-2.3862
-6.0706
-6.3184
-3.2208
1.8338
3.7392
8.1024
13.8611
6.9769
3.5157
6.0237
6.2190
0.4797
6.5739
22.0025
27.8344
18.0980
4.7152
-6.2484
-7.9100
-11.4936
-10.0693
-9.7532
-6.1654
-4.4957
-2.2623
-3.5453
-7.8343
-5.6387
-1.2333
1.7419
-0.1406
-0.2133
-1.9377
1.5131
5.8419
-1.3828
-3.3172
-0.0219
-0.0949
1.8306
0.5860
-4.1556
-6.3524
-5.3918
0.2945
2.7515
-0.2041
-8.4631
-5.1134
-2.6730
-6.4434
-8.3077
-9.8832
-10.9006
-14.3067
-10.2014
-6.3732
-1.9047
-2.0959
-4.2040
-4.4895
-3.6131
-0.9279
1.1094
3.0097
2.6040
0.3427
-0.9950
0.0097
2.8874
2.0800
1.3470
2.0124
-1.3121
0.3961
1.9847
0.9425
0.7788
1.5791
0.8557
1.0464
4.3891
4.1927
1.9260
1.6117
0.7545
-2.1275
2.4820
5.9582
2.8757
-0.9444
0.8593
1.9519
1.6521
4.9537
0.7439
1.2602
-1.6244
-0.9887
0.3610
1.8941
0.8482
1.9709
5.7330
5.9115
8.0838
3.7973
4.9843
4.8159
5.0049
8.1626
5.0269
1.6334
2.8817
2.3308
1.0139
0.5919
-0.5985
3.8910
7.3576
5.3492
2.0641
2.9512
8.1529
6.7913
2.2874
7.7482
8.0361
4.4999
4.9303
4.2550
3.2543
0.3284
-2.0952
-2.6697
-1.3750
-1.3443
-6.2107
-1.1322
3.0130
2.7079
4.1256
2.6721
-1.5218
-4.9301
-1.7748
-1.2892
-2.1517
-2.4550
-3.1234
-3.0399
0.6633
-3.1652
-7.2952
-2.8951
-1.8430
-4.7675
-4.8294
-2.6731
-3.4527
-4.4231
-7.4523
-7.1697
-4.7727
-4.5162

Coefficient 35:
0.2717
-1.8643
-0.2080
-0.7013
-5.4964
-2.6259
-0.2523
1.6287
0.2423
-0.9996
-3.7053
-0.9017
-0.0810
3.2961
4.4044
3.6302
-0.2741
-4.0182
-2.5412
-3.4189
-5.4779
-5.8930
-1.8390
-2.2832
-2.7003
-3.6295
-1.6809
-1.9110
-3.3256
-2.6764
-3.2625
-1.8518
-3.2401
-4.0106
-3.6353
-3.4872
-1.4472
-5.5921
-5.9163
-7.0377
-6.5350
-10.8995
-10.9371
-1.1246
-1.5928
-1.3477
1.6323
4.2471
4.2749
2.0679
-8.9303
-10.0837
2.0288
13.5828
24.5409
34.7228
27.0444
13.0406
4.3297
0.0100
0.0661
-4.9879
-4.5812
-6.6600
-8.3309
-5.1959
-5.5185
-7.3693
-10.0961
-10.7832
-3.4107
-4.2793
-14.7755
-18.0178
-17.7554
-19.4149
-18.5251
-12.7194
-4.5011
-3.2931
-5.2017
-2.6635
-3.3578
-12.2111
-7.9396
-7.0230
-7.1520
-3.3999
-1.7852
0.0845
4.0110
-2.5668
-11.2840
-15.4926
-9.1725
-6.4712
-7.4845
-5.8367
-2.0001
-2.3872
-8.9127
-12.0348
-15.4649
-13.9017
-10.8169
-9.9647
-6.1352
-2.1038
0.0422
1.6569
-1.8770
-3.3010
0.4082
0.6357
-3.6866
-1.1840
0.0702
-2.9841
-7.7650
-16.4755
-14.1093
-13.2980
-17.6448
-13.0162
-8.7433
-11.6158
-12.9859
-10.2940
-7.0114
-6.0317
1.4455
6.2717
0.0790
-1.8104
-0.6058
-4.8738
-5.8585
-8.4723
-8.0327
-10.2501
-9.9730
-8.2598
-11.0956
-12.8053
-5.9305
-3.7052
-7.3118
-10.5899
-7.8042
0.3852
5.2062
5.9554
3.4308
-4.2865
-11.7260
-16.0891
-12.9802
-11.8858
-13.1025
-7.4047
-6.4826
-12.6856
-19.2121
-17.4930
-14.7115
-11.3521
-5.7490
-1.5892
-6.2692
-10.1987
-13.7239
-11.8457
-8.2153
-2.1118
-4.8436
-1.2746
-0.8822
-0.6379
-0.7816
-0.4499
0.0933
2.6066
0.9275
0.0743
0.6385
1.4542
0.0450
-0.3279
0.0283
-1.0877
-0.1625
-3.9186
-5.6080
-5.3697
-3.6124
-2.9768
-3.7199
-1.0939
1.9733
1.1805
-0.8390
-1.6450
-3.7796
-2.6643
-1.1118
-2.1092
-0.5375
-0.3139
-0.9126
-0.3101
-2.5542
-1.2825
1.2515
-1.7820
-4.0848
-3.7811
0.0632
1.5560
3.2412
4.2385
1.5910
4.5155
4.9847
-6.7090
-13.7523
-5.9877
0.2890
-0.9363
-2.3484
0.8733
-6.3537
-15.4329
-17.4492
-15.2722
-16.0428
-12.4208
-8.6631
-3.6383
-2.7670
-4.2274
-13.3757
-19.6939
-16.0685
-12.7844
-14.1174
-11.2435
-3.6410
-5.8937
-1.2678
1.5633
-1.1032
-4.9907
-11.2373
-14.6050
-9.7940
-3.3593
-3.2189
-8.1390
-9.5286
2.0531
-1.2877
-2.9652
-2.6987
-4.0565
-7.4635
-10.5855
-7.2528
-2.3993
-5.2749
-3.0137
0.9333
2.9182
2.4020
0.6854
-4.0685
-5.6034
-4.5623
-1.7203
0.3746
-1.3015
-3.6709
9.2672
8.3854
-1.4136
-6.5604
-7.1620
-4.7399
-5.1189
-8.7294
-7.3276
-7.6062
-9.7361
-3.7113
-3.8573
-4.2450
-2.5816
-1.2366
-1.4893
-1.4930
-2.2019
-4.4717
-4.2842
-2.5352
-0.6280
-5.0850
-3.5164
-0.4521
-2.6852
-1.5537
-2.2713
-2.5118
-1.8428
-5.3464
-6.9365
-7.2944
-5.6370
-6.6667
-0.7392
-0.2520
-0.2164
-0.7770
-3.3539
-1.1810
-3.7500
-11.0191
-9.9191
-13.7228
-12.8131
-13.6065
-13.8581
-7.1799
-7.2579
-10.3847
-12.9125
-12.9865
-14.2642
-12.8192
-10.8825
-14.3731
-18.7569
-15.9059
-12.3307
-11.6873
-11.4455
-6.4861
-0.8499
0.1254
0.6052
0.6887
3.3302
6.9297
3.2321
1.3010
2.3272
1.1199
0.2254
1.2631
1.4576
-0.4648
-2.6015
-0.8890
0.8002
0.3547
-0.4126
-0.4140
1.3689
2.1474
0.2703
-2.6969
-4.0457
1.2717
2.3741
5.5767
3.8710
-1.4123
0.4573
4.4904
-4.2602
-10.8636
-8.6234
-8.6718
-7.1973
-8.5549
-8.2465
-8.9240
-8.2637
-6.6172
-2.8370
0.2702
-1.9095
-4.1189
-4.6720
-5.7555
-8.6342
-8.4377
-6.1530
-4.4323
-4.0393
-2.4371
2.7341
4.8966
7.5238
5.5180
1.1183
-2.5114
-7.7626
-6.7951
-3.0826
5.9279
7.5859
5.7121
1.7447
-0.1788
0.8660
1.7801
1.6483
-0.1704
-1.7645
-2.0560
-4.2711
-4.8182
-2.5705
-1.7184
-3.0763
-3.3491
-3.2556
1.2689
2.3004
1.2454
-1.3209
-1.7098
1.2648
3.8279
3.4692
1.2534
-1.5418
-3.8725
-1.5990
0.0916
0.3215
0.5908
1.9673
-0.5354
-4.5333
-7.9963
-7.0749
-6.8345
-7.9936
-8.4216
-5.5219
-5.4607
-6.1878
-4.9548
-0.5257
1.6277
1.4387
-1.6352
-1.6124
11.9420
26.2826
23.2090
12.4738
-0.8726
-5.9289
-6.6364
-9.2619
-10.5775
-9.9510
-11.0525
-12.1455
-13.1193
-13.8935
-14.6769
-13.7873
-10.7575
-8.9658
-3.7853
1.3797
2.4796
1.4714
-3.8327
-0.5645
1.0148
0.7583
-1.1255
0.6852
0.4919
0.7991
2.7191
0.0117
-4.8971
-2.4623
-0.0541
0.7691
-2.1476
-6.4803
-9.9124
-9.2547
-12.3375
-12.5658
-8.5700
-8.9067
-10.3868
-7.5312
0.7885
-1.1731
-2.1347
0.0805
3.4187
1.5475
0.2853
-1.5098
-0.2293
-0.2321
-0.4789
1.6845
1.6969
0.0953
1.4678
4.0570
4.5038
2.6846
-0.5906
1.8977
-1.7416
-3.7901
-4.7531
-2.9185
-0.7285
-3.1807
-9.9815
-13.0474
-15.3398
-6.5720
1.2057
0.8770
2.4893
-1.6995
-7.2530
-5.1572
-3.3657
1.5435
1.1554
-0.0706
-4.0132
-5.1409
-7.2064
-14.4540
-15.1289
-5.0632
-5.3037
-0.7870
7.6562
2.0553
-6.2971
-7.1571
-6.7160
-6.1770
-9.4187
-14.8578
-16.9888
-13.0519
-10.1608
-7.3655
-14.5794
-15.2246
-10.2479
-10.2026
-8.5651
-0.9595
-2.1628
2.5314
1.9523
1.0277
-4.4474
-4.6788
-3.0062
-3.5977
-3.8708
-0.5795
-2.5999
-3.7279
2.6935
-1.9982
-2.3186
-2.6575
-3.5891
-8.2251
-10.5715
-0.8686
-1.8581
-3.2635
0.5437
-1.0495
-1.2241
2.3365
4.7347
6.4369
6.7563
4.9908
4.5742
4.8760
2.3442
1.7759
-0.7345
-5.5559
-6.6296
-2.5439
-2.7676
-0.4341
3.0485
3.6580
1.6511
-1.8116
-4.2944
-12.1306
-13.4150
-8.5990
-2.5114
-0.7605
-1.5548
-3.3168
-4.2639
-6.4369
-3.7971
-2.8395
-3.3242
-0.5129
-1.9817
-1.9566
0.7215
1.1868
-0.7221
-3.5237
-4.1472
-2.1613
-1.1527
-3.6361
-1.8013
-0.0519
-2.7064
-3.5089
-1.2575
-2.0357
-3.2041
-2.7614
-2.8223
-1.2641
-2.5318
-1.2940
0.1226
2.2448
2.1801
0.6598
-0.8404
-3.5592
-4.3987
-4.4990
-1.3201
-0.5852
-1.9815
-0.7943
-2.3095
-4.0863
-5.3695
-2.8208
0.5430
1.6374
2.6900
2.2173
0.2954
3.2068
1.1015
-2.2092
-1.0649
0.6595
0.8045
-1.1526
-8.0417
-8.0853
-3.7909
-4.0196
-1.6068
5.2289
5.9895
9.2475
9.4629
6.0068
3.6306
4.3989
2.0357
2.5980
0.5753
1.9858
0.3515
0.8985
-1.3686
-2.2105
-3.2545
-4.3148
0.0642
-3.7036
-3.1917
-0.5108
-1.2629
-4.8039
-9.5427
-11.1110
-10.1350
-8.1870
-4.4624
0.5460
2.6479
6.6570
7.7041
1.4833
2.9985
1.9004
-4.3577
-6.0866
-1.6551
-0.2761
-5.2006
-9.8928
-13.2116
-9.5795
-3.4674
3.4200
3.1296
-1.3172
-10.1088
-12.7385
-9.9592
-11.3856
-11.4975
-11.3666
-7.0307
-6.8374
-8.6639
-4.5989
-2.8375
-0.3636
-1.6740
-1.8544
-0.2386
1.2915
-2.3797
-4.0708
-0.4943
-0.0871
0.8799
-1.1982
-2.2740
-7.8546
1.5701
3.5474
2.7117
0.0631
-3.1605
1.7639
6.4743
15.2064
18.9748
12.3945
8.5648
2.2862
0.0643
0.3928
0.7247
2.7718
0.5031
-3.7238
-2.4816
-0.2503
0.3233
1.5071
2.4008
1.9783
0.8851
-0.2163
0.3049
-1.0212
-2.9883
-2.8376
-3.3104
-3.8369
-7.0770
-5.9043
-3.8326
-4.0596
-2.0118
-0.2658
-0.3512
0.5174
2.3857
1.8483
-1.9101
-2.2984
-1.7401
-1.2397
-1.3660
1.5980
0.2262
1.1720
1.5550
-2.9430
-3.7942
-1.0956
1.7445
2.4804
0.6465
-1.7420
-3.0835
0.1281
2.1750
-4.2651
-4.7374
-7.7745
-8.9513
-4.9254
-4.2679
-2.6813
-2.1168
-3.8194
3.1923
-0.9909
-5.3503
-5.9122
-3.8996
4.2569
0.3042
-5.3068
-4.4255
-4.7744
-12.9528
-18.0535
-14.9849
-13.5245
-10.6352
-2.0640
5.6993
-1.5055
-10.2100
-1.7997
4.0824
-0.1492
7.1250
10.0308
-1.0706
-10.1938
-3.8338
0.5738
-2.4269
-0.6494
-2.5346
-5.2393
-5.4217
-2.3135
1.4270
1.0616
-4.2002
-8.2259
-9.6265
-19.0282
-21.3604
-14.2597
-7.3562
1.8512
8.6475
12.6623
5.3541
-6.0985
-11.5221
-14.1383
-12.8094
-12.5606
-12.7880
-13.4511
-9.4019
-2.1913
-4.6341
-9.9084
-13.3358
-13.4222
-11.9559
-12.4828
-13.6431
-12.0750
-7.2982
-6.0711
-4.4275
-0.6470
-2.9852
-8.6506
-12.6718
-4.6658
-1.5851
-3.5948
-1.5216
-1.4740
-7.6014
-17.9459
-14.3490
-7.8703
-2.9409
-7.9897
-6.9725
-3.2284
-7.8995
-5.1734
-4.8327
-3.7579
-3.2589
-3.1992
-1.8618
0.3024
1.4407
2.3520
2.9254
2.2101
1.1319
-0.5104
0.3000
2.0107
2.2306
-0.2403
-1.5796
-4.6684
-2.4363
2.3959
3.5282
1.1539
1.4587
1.0964
1.0204
1.0313
1.1393
0.9057
1.6150
1.6320
-0.7635
4.3120
4.9551
5.2269
6.4253
5.3823
1.4525
-0.0850
2.0056
-0.1689
-2.1810
-8.1307
-4.1365
0.0426
0.3928
-0.6624
3.3154
6.8896
-1.7878
-8.2026
-11.8981
-5.0647
-0.9379
-0.6072
4.7986
1.2016
-0.9571
-3.0568
-6.1870
-6.8340
-7.1560
-7.6029
-3.7747
-2.1383
-1.4278
5.4179
6.6476
2.5462
2.2818
2.5492
-1.0245
-3.3494
-2.7688
-0.7337
4.5438
4.3519
0.0828
-2.5398
-2.2359
-1.2769
-1.4387
-18.6174
-23.7922
-16.9451
-9.9916
-7.3196
-5.1650
-2.6469
-4.6725
-2.0883
-1.8035
0.7248
-1.0911
-4.2691
-3.9724
1.7729
1.4917
-6.5347
-5.1594
-2.2669
-2.2585
-2.1473
-4.2783
1.0329
2.6446
-1.4182
-2.8740
-3.7299
-3.8604

Coefficient 36:
0.2559
-0.2239
-1.7319
-2.1560
-5.2059
-4.5293
-1.7779
0.2885
-0.4111
0.5112
-0.5561
1.4572
0.7308
2.4304
3.1836
3.4922
2.5147
-1.1876
-2.6255
-5.8746
-5.3414
-5.0771
-1.4569
-0.3337
0.3347
2.5845
4.5162
0.2214
-0.8514
0.4128
2.3359
3.5414
2.1032
0.5187
1.4273
0.4133
3.8699
2.2144
3.4345
0.9637
-1.0587
-2.8410
-1.7676
2.5396
3.4016
2.8512
-4.7496
-5.9208
-2.0892
4.9838
-2.1779
-2.7888
1.4098
5.9135
11.1690
28.5467
39.7725
35.7356
24.0176
12.2438
15.4778
11.5850
5.2487
3.1101
5.0041
11.1469
14.7567
8.6941
4.4197
-0.0572
7.2374
7.0783
-3.6946
-7.1276
-3.2007
0.1666
0.4432
1.6448
-0.1857
-3.5535
-4.2339
-3.6741
-2.0225
-0.0124
-4.5464
-9.1805
-11.1692
-10.7311
-10.1791
-11.2511
-12.4244
-2.6590
-4.1211
-10.4102
-5.7956
-0.2736
0.5262
-1.9687
-1.3894
-1.6139
-0.0825
-0.4354
-2.7691
-0.8922
-0.4010
1.0970
-1.7687
-3.4574
-6.1792
-5.4378
-3.5657
-6.5104
-8.7608
-7.3546
-9.3295
-9.0922
-4.9100
-1.2047
0.9336
-7.1000
-2.3967
-1.6531
-5.8730
-7.0206
-6.6945
-13.7467
-10.2310
-8.0863
-10.3886
-10.9839
-5.9295
-7.3911
-13.4372
-10.3271
-2.2571
-5.9900
-10.1738
-6.8066
-4.1697
-2.2957
-1.7649
-4.4235
-7.9978
-7.6461
-6.4013
-4.8601
-4.4880
-3.8676
-2.5760
5.0727
7.2870
8.0847
14.9419
12.9551
3.1778
-1.4543
-5.8715
-11.5293
-9.4125
-3.2049
-3.6888
0.9897
-0.0586
-5.8221
-9.9827
-12.5168
-12.2612
-10.6310
-10.9387
-6.9574
-1.6977
0.9909
2.5032
2.2246
-4.7694
-1.2833
-0.8440
-0.7203
-0.8205
-0.2965
-0.6112
1.5528
1.0211
0.6201
0.3690
0.6354
-0.7789
-0.9358
-0.2203
-1.5226
-0.9081
-3.1381
-3.2061
-2.9567
-2.2343
-2.7232
-3.3604
0.1866
2.6114
1.0540
-1.5277
-3.7687
-9.2999
-7.9455
-5.1559
-3.9368
-1.6768
-3.2906
-4.9998
-4.7018
-6.0225
-4.6210
-3.5074
-4.7576
-3.6846
-3.6115
-2.7460
-1.3737
2.4109
4.0605
4.6616
-1.0835
-0.3238
3.7846
6.1800
9.0009
9.4546
5.7958
6.1810
17.4948
14.7695
-0.7343
-11.9999
-5.2902
2.0203
2.9989
-0.6482
-1.2623
-0.9610
7.3159
7.9496
1.7620
2.8970
7.8576
8.2018
4.7168
3.0817
1.7405
2.5386
5.6079
1.4694
-0.7788
-7.0616
-9.5171
-4.7575
0.2623
2.9997
-2.8862
-6.5335
0.2167
2.6276
2.7125
3.3952
3.3221
0.5537
-3.2430
-5.7407
-2.1810
-1.9507
-1.4222
-0.3794
1.7225
1.7656
0.3856
-2.1316
-3.8451
-3.4139
-1.4513
-0.3242
-0.9814
1.5554
5.3153
5.2032
-1.9018
-4.0483
-4.9773
-4.4926
-5.4694
-8.2239
-5.0285
-6.5631
-9.6314
-5.7631
-3.4653
-2.1646
-0.3071
0.5896
0.6160
-0.0572
-2.7855
-4.1277
-3.4828
-1.0954
1.3051
-1.7597
-0.7272
-0.8664
-2.7825
0.4539
-0.2504
-2.3460
-2.1153
-4.2063
-3.5321
-4.3231
-2.9289
-3.6480
8.9129
10.4445
12.1415
11.1685
5.0211
2.0718
1.0344
3.7822
8.9033
7.9716
5.1809
1.4100
-0.5752
-5.6585
-7.8270
-0.0676
-0.0325
-6.2204
-8.9600
-7.7286
-2.7360
1.0511
1.2290
4.9679
6.2805
2.9075
5.0286
6.4793
5.7710
2.2376
3.7383
2.9304
3.3076
4.5464
1.3721
-1.4201
0.0422
0.9054
0.5565
1.0901
1.4776
-0.9674
-0.6471
3.7541
5.1118
3.4850
1.5055
2.4641
5.7143
6.4106
4.6866
0.6354
-4.9480
-0.9930
3.4498
5.8053
7.3226
5.6128
1.2826
9.6249
9.8222
5.5959
0.6085
-7.7325
-14.2773
-15.3307
-11.7526
-9.7358
-7.3739
-3.7111
3.2052
5.4062
-1.3770
-9.8343
-10.3911
-9.9117
-12.2134
-13.6136
-12.4132
-11.5605
-8.8089
-2.6148
-1.0952
-1.9142
3.3386
4.4623
4.4776
3.4565
-0.0896
-1.6924
-5.4033
-0.3612
1.8421
0.3805
-2.9285
-5.0705
-4.6284
-3.8149
-4.4787
-4.0997
-4.7622
-2.1892
-0.5594
0.4432
-0.2604
-0.5434
0.9125
0.6219
-1.0477
1.7146
-0.0699
-4.0470
-8.4356
-9.2094
-6.3683
-3.6470
-2.5405
-0.8020
-2.3825
-2.7604
-2.2982
-2.8250
-2.6794
-3.3830
-1.7013
-1.9744
-4.6892
-7.2681
-5.9430
-4.0091
-4.4809
-4.2352
-2.8162
-3.7072
-1.3253
-0.8558
2.8210
5.6454
3.8087
1.1707
-0.7655
9.0683
22.5001
32.2500
25.7630
11.2505
4.1041
-1.2701
-1.1634
0.7667
1.5458
-1.1755
-3.4181
0.3842
-1.2092
-1.1947
4.5901
7.0605
4.0170
0.2823
2.4915
6.0271
4.2862
1.8335
-0.2682
1.8258
2.2125
-1.0212
0.2574
0.1796
0.2993
3.8872
3.2052
-2.3389
-0.4358
0.1365
1.3047
0.2279
-2.1461
0.4778
2.1144
-1.0248
-4.2062
-4.3009
-4.5136
-8.3593
-5.0388
-1.2913
-1.4613
-1.6504
0.3841
3.4232
1.7841
0.9673
-0.3941
-0.1922
-0.1068
-0.5523
1.5131
-0.2052
-2.5292
-0.1047
-1.6106
0.8783
1.1674
-3.3214
0.0397
-1.3731
-2.9282
-3.2387
-1.8753
-0.9000
-3.6753
-2.8114
-0.2744
-1.2942
1.5847
7.0017
5.8671
6.9462
7.2602
-1.6617
-0.4032
-1.6680
-0.3536
-1.2038
3.4869
8.3822
5.3521
-0.0660
-3.7562
0.0950
2.6422
5.0988
8.2111
21.9635
22.2609
15.6942
5.3715
-0.5430
-2.5948
-7.9585
-11.8161
-12.7280
-7.1236
-5.3333
-9.0634
-10.4906
-6.7997
-6.6248
-8.2918
-6.7750
-1.5117
-2.9562
0.0668
1.3485
-0.2372
-8.5780
-4.8988
1.8567
-0.3025
-3.8853
-2.6443
-4.5835
-5.9374
-4.2618
-2.3825
-3.5719
-3.7823
-4.2994
-5.9792
-3.2476
0.7140
-4.4321
-3.8182
-0.1157
-0.0063
0.6316
2.0981
4.1985
2.1290
2.5789
-0.2264
-2.7636
-2.5954
-1.6359
-1.6649
-1.4143
2.0702
4.1894
2.4811
0.5642
1.6082
2.7950
2.2608
1.8628
0.5620
-1.7033
-8.5327
-11.0145
-8.6401
-2.6742
-0.6166
-1.8435
-5.1166
-5.2952
-7.0844
-4.3379
-4.1468
-4.2218
-0.4008
-2.2521
-2.6162
0.3440
1.1309
-0.8356
-3.3138
-4.0189
-2.1809
-1.1057
-3.5390
-2.6055
-0.6455
-2.9079
-3.3722
0.2288
5.4108
5.4427
0.2325
-3.6987
-2.2497
0.0671
-0.4125
-0.4155
-0.5924
-1.8630
-2.2529
-4.7980
-5.2660
-5.4557
-6.9647
-4.8536
-1.2571
-2.0889
-2.0335
-3.6613
-4.5819
-8.0330
-4.8324
-3.2247
-3.9876
-2.4742
-1.3018
-2.1525
0.8078
0.0355
-2.3383
0.3829
2.6448
4.1120
3.4144
1.2027
0.6570
0.8441
-0.7703
0.2593
4.3235
1.3452
7.2351
2.7183
-4.6435
-12.3225
-10.2984
-6.7661
-8.6974
-13.3556
-12.9207
-9.6950
-3.1636
-0.8742
-0.0305
-0.5436
-2.3732
2.8153
2.4749
3.0839
1.1036
-1.2770
-3.8850
-8.0069
-8.2233
-8.2668
-6.9488
-1.4630
-0.1771
-1.3478
6.0031
5.6736
-0.1269
3.2798
6.8629
13.2072
15.7593
18.5276
26.5927
26.2565
17.9075
5.9337
0.6418
2.8771
5.4122
5.3708
3.4323
2.8723
2.4693
1.4801
-1.4663
-0.8344
2.3614
5.2686
4.2410
-0.3597
-4.0437
-2.5909
0.1426
-1.2330
-2.5935
-2.1292
1.1545
-2.1240
-4.0109
-0.7306
-0.2586
0.4868
-1.2905
-1.6759
1.3027
9.2048
9.8804
8.5050
12.5317
13.7959
20.2231
22.0369
21.8397
18.8007
18.4540
10.6601
3.3357
-2.9454
-1.2893
0.4622
2.3550
1.0882
-3.5677
-2.5447
-0.8762
-0.2837
0.3180
1.7598
1.2711
0.5804
0.2803
-0.6202
-0.5770
-2.5269
-2.9585
-2.5837
-1.9352
-6.6447
-5.8044
-3.6171
-3.6519
-2.3517
-1.2886
-0.3236
1.3659
2.1771
1.1678
-2.0686
-2.4744
0.0684
0.5057
-0.8301
1.4878
0.2333
-0.3516
0.3320
-1.7867
-2.3206
0.7818
0.6536
0.5459
-2.2401
-4.3257
-6.7001
-4.7177
-2.4537
2.5532
5.0330
4.3627
3.4876
4.8768
4.4047
4.6505
3.9457
-2.1786
-7.4710
-3.7289
-2.8732
-2.1953
1.5073
5.6913
0.2403
-3.9100
-4.8091
-6.2956
-5.0039
-3.0598
-0.2960
0.9838
2.5651
2.5919
17.9257
24.9333
12.8361
11.7259
14.4428
7.3991
19.2658
31.4391
27.9811
14.1151
8.4388
9.2771
7.0415
12.0595
14.0101
14.9042
9.3288
2.4058
3.2379
-1.0649
-2.6987
-2.0185
-2.3496
3.0823
-1.3335
-7.7431
-8.4560
-4.1766
4.9946
18.3018
14.5539
-0.0249
-9.2800
-15.0584
-10.1804
-1.9629
2.2378
-1.2443
-8.5180
-9.1869
-5.3666
-6.7125
-6.0264
-1.8097
-1.2640
-4.3821
-5.7854
-8.8511
-5.1155
-2.2062
-4.6872
-0.5298
2.2161
-1.5141
-3.0888
-1.1647
-2.3793
-3.9125
-3.6484
-0.8213
1.4973
6.3903
6.8779
7.6459
10.6808
8.9676
2.6219
3.9613
-1.0211
-1.2126
3.2623
7.3447
4.4043
5.5758
7.4918
9.4046
9.5481
6.1234
3.5008
1.7057
1.8355
0.5384
0.9722
0.9564
1.3570
-1.1562
-2.8118
-3.8029
-2.7578
2.3920
5.2818
2.6067
2.8244
2.7884
2.1648
-1.3212
-1.0377
0.3429
0.6692
-0.3023
-2.5046
2.0333
0.1279
1.6371
4.2418
2.4836
2.1949
1.0518
-0.0018
0.0156
0.6926
-4.4928
-1.8240
2.9003
1.9562
0.9582
1.2826
0.3291
0.1700
-1.4168
-3.6872
0.6872
2.9620
1.0486
0.9719
-0.6788
-2.6936
-2.9340
-6.4655
-3.3954
0.6666
-1.8165
-4.3843
-5.2382
-5.2216
3.8725
6.4205
5.8571
8.0028
4.0735
0.5118
-1.1940
-1.4024
0.2888
1.5355
2.6793
-0.8764
-5.4425
-5.0374
-3.1379
-1.4211
-0.8740
-2.4455
0.1617
-0.3784
-3.5324
-5.2547
-4.4999
-6.6906
-7.1196
-8.0509
-5.1426
-4.0638
-7.3093
-6.9508
-2.2579
2.0857
-1.5419
0.5629
1.2956
1.0869
2.9582
1.6699
0.4244
1.0990
1.6370
-0.0655
-3.6010
-2.3477

Coefficient 37:
0.2400
1.3622
-1.8613
-4.1718
-9.4831
-5.6220
-2.5644
-2.0132
-4.0810
-3.3355
-3.3884
-1.4135
-2.1274
-2.9991
0.1131
-0.8997
-1.3577
-2.3285
-4.1359
-5.7758
-3.3113
-3.2025
-1.2422
-0.3310
-0.0753
3.5028
3.9377
-0.6636
-0.4782
0.6459
2.0662
1.5372
-1.2954
-2.1034
1.7110
1.3240
1.6403
0.7421
1.9000
0.9812
-6.5042
-6.4417
-4.3538
-3.3004
-2.6625
0.5582
2.2330
1.1575
1.9156
2.5152
-2.8640
-4.6602
-3.1111
-0.8091
-2.5106
8.3845
28.5885
31.2903
17.7402
4.0337
8.7649
11.6999
4.6898
-0.4590
0.9190
6.2263
4.1208
1.6448
-2.3468
-2.8685
0.1708
-3.1662
-11.2934
-11.9286
-16.1194
-16.5210
-13.4356
-10.2344
-10.1218
-13.2116
-15.2071
-14.9146
-9.2830
-2.3104
-7.1843
-9.7772
-10.6012
-12.5375
-10.0106
-5.4246
-5.0103
-3.0045
-13.7949
-14.5773
-7.2935
-2.3052
-2.3854
-6.4190
-9.7225
-4.0687
1.1488
1.6102
-5.3986
-10.1653
-7.7899
-6.5478
-8.7792
-8.7522
-7.5779
-0.8197
-2.3891
-4.8698
-4.1840
-1.7373
-0.1187
-5.0932
-7.6720
-6.4364
-4.6232
-8.0957
-6.1564
-5.1094
-0.0752
4.8865
2.9175
-6.3286
-1.9404
1.1467
-3.5252
-8.3666
-4.8612
-2.6426
-8.7600
-8.4172
-2.1269
0.3749
1.9954
1.5609
-0.6551
-1.8006
-9.1226
-11.4048
-7.6997
-3.8533
-0.1297
-4.6380
-2.3269
0.7434
0.5371
11.0272
5.0636
6.6783
14.7793
21.9045
20.0833
19.0245
17.4622
4.2224
-0.8422
-3.9604
-3.1760
-5.6122
-5.7965
-0.3364
6.0742
8.3703
4.5368
0.5631
-0.3434
0.2309
0.8144
-1.0899
2.9992
1.4322
-4.6097
-1.1282
0.0213
-0.6664
-0.8441
-0.1459
-1.0861
-1.1578
-1.5869
-0.6533
0.0302
-0.2377
-1.5379
-1.5258
-0.4622
-1.8211
-1.3881
-0.7052
0.8017
1.8014
2.0568
0.2636
-2.8797
-0.2676
1.0499
0.1910
-1.7919
-4.7085
-9.7601
-7.7389
-5.4888
-3.6210
-1.8796
-4.8203
-7.1458
-6.8743
-7.1083
-5.8213
-6.6962
-9.0244
-8.1962
-8.1876
-4.5161
-7.3524
-6.1260
-5.7064
-4.1467
-1.4778
-0.9706
0.7309
-1.5426
2.2271
-0.1518
1.1285
13.6230
28.8219
24.9218
13.6953
-3.6016
-4.3208
-5.3721
-2.7460
-4.6247
-7.9666
-2.2261
5.8293
-0.2706
-10.3042
-15.8559
-10.8361
-6.5992
-1.8492
-0.0927
-4.3024
-4.9774
9.7241
12.2018
6.8863
-0.8687
-3.5177
-1.0614
2.0544
7.7246
3.6873
0.6312
7.8123
7.2348
5.3440
6.2358
4.1897
-1.6830
-5.1535
-0.9241
-1.6710
-2.4075
-2.6906
-0.6907
0.9911
0.9566
-0.2204
0.1523
-0.1015
-0.7132
-0.6998
1.1528
1.4931
-1.6809
-5.0125
-5.0080
-2.9968
0.3705
-0.1424
-1.4513
-2.4463
-3.3160
-0.3783
-2.5831
-6.5989
-8.0171
-6.6173
-2.1357
-2.5186
-2.1514
-1.1158
-0.9060
-3.0255
-1.6392
1.0656
2.7132
4.9320
0.0401
1.6006
1.0094
-1.0253
1.4341
0.2631
-1.7662
-2.2306
-2.3054
0.1416
-0.9154
0.9121
1.2963
16.8860
16.1952
19.6563
19.1073
15.2536
9.6122
4.9678
6.8969
10.4768
11.9965
11.1361
14.0527
15.4184
6.3269
-2.0427
-6.7229
-7.8556
-6.8723
-7.0694
-11.5763
-13.7399
-13.8163
-14.2009
-12.8204
-12.2226
-8.2603
-1.0895
-2.8820
-2.1916
1.5802
1.4925
-0.1541
-0.7856
-0.9364
-3.1055
-4.0967
-0.9690
1.0023
0.8437
0.7231
1.2551
-1.1269
0.4743
4.0132
2.9163
0.4355
-2.7054
-0.2830
2.2489
5.0523
7.0318
3.9223
0.0552
1.4141
-2.3968
-2.1583
-1.7148
4.6443
1.5741
8.0086
6.1432
2.0848
1.0994
-1.6781
-4.5637
-4.4396
-3.5648
-0.5219
2.6076
3.5492
8.1155
4.9134
-3.0303
-10.4896
-9.5241
-5.4599
-4.7280
-0.8038
-2.7860
-7.8657
-13.5618
-11.3370
-4.3775
-7.6279
-8.3292
-4.4215
-3.0286
-3.9138
-4.7462
-2.8164
-2.8554
-1.9353
-3.2473
-3.0893
-4.5206
-6.8545
-7.0323
-5.9874
-5.8314
-3.9989
-5.3738
-2.2136
-0.9823
-0.0106
-0.9851
-1.0184
0.5756
1.2704
-0.9732
1.3583
0.3216
-3.9180
-8.8180
-8.5943
-7.2369
-8.0719
-6.8189
-2.2177
-0.4905
1.2651
-1.7762
-3.4741
-3.5773
-4.2454
-2.2704
-2.5319
-3.8333
-3.6260
-1.1004
0.4182
-0.0820
0.7709
0.3922
-0.3210
3.0146
1.4279
2.7771
3.7909
1.5006
4.6029
2.7915
6.0789
0.8692
13.1606
22.0858
21.4437
15.5123
12.8577
10.5527
9.7226
10.1772
9.8351
6.1753
10.1502
8.1996
6.8908
9.7545
12.7718
4.9738
0.6736
0.4577
0.8468
0.5552
-1.2480
-1.0839
0.8321
1.1785
-1.3582
-0.3362
-0.6759
-0.5043
3.7060
5.9615
0.0169
-0.5580
-0.5979
-1.1251
-0.0759
0.5910
9.4299
11.7270
14.4491
12.6040
6.4403
2.5429
-1.6733
-1.4080
-2.6115
-0.9919
1.7682
1.4065
2.6499
1.2603
1.1447
0.4939
-0.0301
0.1398
-0.5997
1.2128
-1.1875
-3.5187
-2.1232
-2.1166
-2.0440
-3.4971
-4.7165
-2.7926
-1.3739
-1.6046
-1.1115
-0.3107
-0.6987
-3.0613
-4.1726
-0.2209
-1.8045
1.3319
1.9522
3.7925
6.3522
5.8669
1.4133
0.4659
-2.6006
-3.1615
-3.1212
-5.7262
-2.3068
-2.1146
-1.5710
-5.4919
-1.1487
-3.8355
-0.6707
-2.6827
5.4439
9.9265
12.6675
12.0126
12.1757
9.5372
3.5944
1.6382
0.7243
2.0163
0.8952
-1.0983
-1.8201
-5.1013
-8.6430
-6.0502
-2.9857
-2.4171
-1.0619
7.7641
1.8134
-4.0669
-10.3909
-7.1068
-2.6489
-1.6603
-4.5117
-1.6152
-5.2704
-6.8960
-8.8523
-7.0664
-4.4301
-2.4569
-8.0710
-6.8593
-5.1910
-4.4531
-5.1971
-6.9392
-1.1414
0.3033
1.6642
1.7263
3.4134
3.0845
5.8801
4.3395
2.0395
-0.8952
-2.8868
-4.7905
-4.8075
-2.8279
-0.6478
-1.3935
-0.0594
-2.2550
0.2653
1.3802
-2.8998
-2.0445
3.8193
1.7469
1.1395
-0.1342
-1.5861
0.3645
-1.3716
-4.4086
-3.9425
-5.4038
-4.1108
-4.7285
-4.3806
-0.0834
-2.0074
-2.8835
0.2610
1.0675
-0.8800
-3.0892
-3.8297
-2.2735
-0.8500
-3.1481
-3.0427
-1.1227
-2.9718
-3.0971
0.4618
3.1940
0.2168
-2.4153
-2.2312
0.0459
4.0454
4.8885
1.6505
-1.5626
-3.5918
-6.3192
-6.3021
-3.5838
-3.6631
-6.2696
-6.3595
-1.6055
-1.1067
-1.6536
-2.3828
-1.3371
-2.1847
0.9432
0.0583
-3.3281
-3.9242
-2.6809
-2.7520
-0.8393
0.1186
-1.1989
-1.6403
-1.0105
0.1797
0.7058
3.7500
3.9170
1.0743
-2.0991
-4.3079
-1.8902
-2.7452
7.2143
4.2387
-1.0431
-3.3816
-3.7508
-3.9329
-3.5165
-6.0154
-7.0895
-5.3367
-2.6429
-2.1345
-1.6514
-1.8588
-1.1587
2.3123
2.4458
5.3410
3.5300
-0.2599
-2.2091
-4.6938
-3.5383
-1.3452
-1.5152
2.2409
-1.2162
-0.1282
3.4490
1.3736
0.2757
6.0284
13.1690
14.9118
23.9083
30.3017
31.6746
31.0444
19.2180
9.4983
10.4820
5.5671
5.5112
4.2900
0.3921
-1.5491
-2.2287
-0.9746
-7.3380
-11.4761
-12.0867
-8.3090
-6.0115
-5.3150
-4.3740
-1.3063
0.5135
-1.4541
-3.0690
-2.9343
1.0185
-1.0572
-2.4603
-0.9766
-0.4354
0.1457
-0.8940
-2.0990
-5.5505
4.1289
16.4538
21.7706
22.3240
21.9714
22.6911
19.4027
15.2942
10.5033
11.1851
3.9688
-1.6642
-6.3723
-2.0971
0.3623
1.7804
1.9869
-2.4326
-2.2916
-1.2522
-0.5011
-0.7577
1.1377
0.5404
0.2210
1.7385
0.8481
-0.0512
-2.0002
-2.9350
-1.6975
-0.0947
-5.5321
-5.3420
-2.8756
-2.8419
-1.3657
1.9549
4.6229
4.7793
2.9469
0.5075
-2.0928
-1.0793
2.1734
1.4339
2.2798
5.9060
6.2546
3.6818
2.2644
3.8323
4.8226
1.9253
0.2409
-0.2326
-0.4968
1.4173
2.4268
4.8020
6.5272
4.9777
-0.2510
0.0471
-0.2592
-1.2387
0.0333
2.4456
7.1418
2.6484
-6.6723
-7.4160
-5.1998
-2.0742
-0.3253
-0.4811
-3.1759
1.6842
0.3460
-3.1181
-2.8620
-1.4202
-0.1075
-2.6552
-0.7477
-3.6358
3.9465
16.5631
9.9660
11.0708
12.9995
9.2448
10.4513
17.1087
22.2076
13.8960
8.3556
10.9279
10.6995
5.1474
-1.9970
-1.2269
2.1422
4.2521
2.9452
-2.7425
0.0029
-2.6218
-3.2995
-1.4125
-2.3672
-3.1967
1.0954
2.8044
2.9662
11.3142
12.2561
9.0150
3.3090
-2.8039
-9.7417
-8.9819
-8.0861
-13.3022
-18.1539
-16.7743
-7.9502
-6.8978
-1.8094
4.0742
0.9610
-0.7233
1.4311
0.1287
-3.2513
-7.0389
-15.8514
-13.4147
-4.4540
-2.2496
-2.1865
-4.0751
-6.8494
-9.2902
-9.7742
-6.1217
0.8690
0.3932
-2.7776
-2.4065
-1.9113
-0.7839
-0.1051
6.1015
3.6930
0.0256
0.3847
2.6049
0.6692
0.7947
-3.6183
-2.0107
1.3352
2.1597
1.4874
0.3603
2.4092
2.0163
1.5391
1.0652
-0.3208
-1.5397
-1.2239
0.0681
-0.8405
1.2342
3.8346
3.1647
3.6600
3.2035
2.8163
-2.1626
-1.7723
0.3407
1.4865
2.3796
3.2861
2.6761
-3.1889
-2.1884
-0.9785
-0.8325
2.4946
3.2711
0.3550
-2.0012
-3.1832
-6.3047
-5.4011
-1.0405
-0.3190
4.3160
-0.8154
-0.9687
-2.7991
-6.1458
-7.1653
-4.6195
-4.3853
-1.4421
-0.7986
-3.1773
-4.4220
-4.7271
-5.1015
0.3584
3.0230
4.7715
2.0240
-1.3996
-4.4418
-1.0174
1.6929
-2.8028
-1.5854
-0.2090
1.3211
4.1072
1.1875
-2.7846
-1.4858
-1.4989
-3.7395
-7.1949
-6.7852
-4.6580
-2.7777
-3.1211
-2.0927
-4.1606
-7.2549
-8.1312
-6.9895
-4.6772
-3.9065
-5.6276
-9.1639
-7.9777
-5.2526
-5.9223
-6.3982
-9.2199
-7.2463
-4.4344
-1.9391
-3.1306
-1.2911
3.4482
-0.4177
-2.3558
1.4243
2.1527
0.0669
-2.9271
-0.4002

Coefficient 38:
0.2239
0.7335
3.5746
0.9204
-2.0766
-1.9470
-2.3499
-3.3705
-6.3318
-6.7780
-6.2834
-4.2843
-2.2391
-1.5761
-1.6391
-3.8132
-3.2276
-3.8645
-4.6751
-1.7599
0.4784
-0.6753
-1.0396
-3.3241
-4.5235
-1.1191
-2.0941
-2.5759
-1.2728
-2.5047
-2.4530
-5.4707
-8.5541
-8.2547
-2.4667
-0.7965
-5.5798
-5.9521
-4.0718
-2.3948
-7.5175
-9.2790
-4.6064
-4.4965
-6.1718
-3.8111
-4.0479
-10.0943
-7.2958
2.0947
-4.9567
-12.3404
-11.7794
-11.6086
-16.9407
-17.4489
2.6259
19.2216
19.7920
20.6624
22.9574
20.1189
11.8957
7.4549
8.2903
16.2174
24.6940
29.9161
25.1119
18.8387
20.3387
23.1860
14.3977
6.0508
-0.9736
-4.6462
-6.7435
-7.4779
-6.8752
-6.2902
-10.4564
-9.4653
-5.3447
1.3186
1.8919
0.3444
-0.9303
-1.3109
-0.1308
4.8749
5.1785
3.4299
0.7793
6.6158
11.5197
7.7969
4.2279
3.7398
6.5213
8.9443
7.2858
8.1394
10.1245
8.5642
4.7520
2.0081
-0.2469
0.4115
1.4844
4.0342
6.5139
6.2157
0.5718
1.8756
8.4290
5.1326
5.1292
7.8618
9.6405
4.6799
-1.9138
-0.2780
6.6298
3.6592
3.3120
-1.1971
0.8720
2.5729
4.5532
2.6241
-0.8417
-2.4401
0.8386
6.1112
11.5723
8.9436
7.0255
4.4627
6.8346
6.3081
2.8415
3.2229
3.5794
3.4843
2.7681
-3.7072
-3.4570
-3.2848
-2.6834
5.1493
9.8666
17.2779
27.8500
33.8536
32.5909
31.0841
28.2384
18.4578
14.2267
3.1219
1.3644
-2.6730
-11.0109
-16.0616
-13.0692
-8.4983
-12.5482
-13.7624
-8.8451
-6.1955
-2.0021
-2.4562
1.7682
-2.6737
-4.2604
-1.1264
0.3163
-0.5840
-0.8422
-0.0142
-0.6751
-1.9238
-3.9213
-2.1832
-0.2064
-1.0570
-2.1499
-2.0442
-0.6862
-1.9474
-1.9707
0.9428
2.6042
2.7452
3.3369
1.8370
-2.5313
-1.1456
-1.0439
-0.6876
-1.3825
-3.7423
-5.2704
-2.5455
-2.0383
-1.5490
-1.0315
-4.0433
-5.8364
-5.1745
-5.1561
-3.6587
-5.5647
-5.3000
-2.8565
-3.4712
-4.0970
-9.5163
-10.8093
-11.5710
-9.9260
-8.5997
-10.4051
-10.7035
-11.9646
-3.7606
-3.1698
-0.0582
8.9403
21.1248
22.3599
12.1997
-0.0314
0.9523
3.5824
-1.3155
-8.9050
-10.0588
1.2626
13.8427
19.6687
14.1938
5.7206
5.0798
0.9838
-2.8106
-2.5736
-6.8222
-6.7844
9.7329
18.0600
16.1761
11.9412
8.7938
6.2190
2.5181
5.9007
4.9081
3.8148
3.6303
7.8791
10.7428
10.7478
13.2645
15.8337
8.4602
3.7819
-1.3692
-2.5808
-2.6895
0.2468
0.5851
-0.8705
-1.5578
0.0347
1.2296
-1.4437
-1.0431
1.1793
-1.2372
-1.5239
-1.3664
-0.5232
-0.2154
1.6349
2.5186
1.2056
0.4883
1.7643
2.7115
1.0263
-2.9028
-3.0263
-3.0134
-0.2499
-1.4861
-4.0328
-3.6431
-2.4231
-2.8574
-0.2401
3.7111
2.9692
3.3723
3.8641
3.2912
-0.2729
-0.6140
0.5437
-0.7663
-1.0721
-2.1772
-1.2809
-0.1968
-1.6330
0.2735
2.6718
15.8068
30.1470
35.5346
34.9635
34.4276
32.0496
28.2527
26.1976
23.6825
25.0084
22.7705
22.5314
27.9370
25.4637
18.7578
15.3067
10.6710
5.3857
4.0672
2.0311
0.7844
-3.7578
-4.7114
-7.5860
-8.0833
-3.6356
3.2694
0.0545
-3.3619
-4.6393
0.2612
-0.3224
-1.3323
-1.5774
-2.3780
-1.3955
1.5459
1.5393
1.1220
0.0942
1.0339
-0.4100
-0.0856
0.5501
-1.9820
-3.4667
-7.4896
-5.6386
-2.3892
-1.2697
-0.3228
-2.1114
-6.2819
-1.7690
3.9646
2.2317
0.0987
-0.8981
1.9647
6.5409
5.7506
10.9002
14.3492
13.6595
10.4667
8.1081
4.5316
5.4417
5.1283
4.7199
2.1412
2.5785
-2.0871
-9.1754
-12.4150
-14.8781
-12.3578
-8.7646
-10.7058
-13.2111
-14.6979
-13.2239
-2.4264
-0.6896
-0.6460
5.9420
7.9880
7.2727
5.6547
2.1084
4.6110
6.5026
0.8484
1.3324
1.2632
-1.4747
-2.4612
-1.5973
-0.3173
0.7616
-2.2045
-2.3645
-3.6524
-4.2298
-3.3137
-2.7584
-1.5715
-0.4885
-2.2826
1.3658
3.5420
1.7313
-2.5549
-2.3789
-0.5305
-3.2062
-3.8140
-1.3333
1.8993
4.3492
-0.2963
-0.3024
1.1293
0.5461
1.2613
-1.0209
-2.7649
-0.2553
3.0512
2.6990
2.1559
3.5746
2.3943
2.5815
3.2563
-0.1489
-0.7157
-1.4451
-2.6703
3.3598
2.5627
0.9296
-8.3289
3.7436
18.0747
27.8887
26.4462
31.6848
29.6770
22.1797
19.4078
20.1810
20.9077
19.2698
19.4228
15.4487
18.1788
21.0144
9.5830
1.2815
-2.1166
-3.7804
2.6231
4.9133
-0.1259
-1.5088
-1.4565
-1.0398
-0.3980
-1.4919
-1.2069
-0.0382
1.7884
0.1952
0.1066
-0.7884
-0.7964
1.7192
3.0521
9.9692
9.5784
15.7390
16.7503
8.3003
3.7053
2.7852
0.8735
4.8019
5.9616
3.9948
0.3763
1.4336
0.0504
0.9610
1.0780
0.2456
0.4557
-0.6198
0.8964
-1.3640
-3.4643
-4.3533
-5.6636
-6.8716
-6.3357
-5.4923
-4.4470
-1.4577
-0.4856
0.3774
0.8185
-0.0503
-1.8221
-5.8497
0.0195
-0.2777
0.2218
4.3303
5.9617
10.5799
13.1128
8.8222
1.8619
-3.1182
-2.0594
-6.0240
-3.3051
-1.5314
-2.4970
3.2185
6.8223
4.4196
2.1726
2.9941
3.1871
13.8131
22.7637
27.1828
26.2599
25.1850
23.6889
18.1813
16.4210
15.8022
12.1880
7.6567
1.7607
-5.7973
-9.8873
-7.8801
-0.1962
10.3138
11.7060
4.0672
8.9359
6.8931
1.8903
-3.6751
-3.9249
1.7861
1.4181
-3.2761
3.1280
-1.4567
-7.6491
-14.4238
-12.0163
-10.0580
-11.8693
-14.2578
-11.6501
-8.1383
-8.0726
-3.7155
-3.5478
-1.6366
-0.2664
1.5360
1.2668
1.6197
0.1415
-2.7894
-6.5952
-6.0766
-2.5356
-2.6294
-5.2243
-1.7285
-2.6090
-1.6116
2.5677
4.3592
0.6141
-4.4862
-7.5224
-6.5246
-3.6820
-1.8396
-2.1679
1.0677
-0.0413
0.3517
1.3537
-0.4013
-1.9568
-1.2096
-1.9924
-3.2441
-4.6724
-3.9347
0.2794
-1.4465
-2.7338
0.7163
1.0297
-0.7521
-2.7955
-3.6149
-2.4150
-1.0205
-3.2596
-3.0308
-1.4606
-2.8988
-2.7181
0.2699
4.4704
3.0002
-0.4987
-3.9422
-2.8151
2.6920
2.6275
0.4898
-0.8793
-2.1709
-4.3420
-3.7352
-1.0716
-1.1338
-1.7711
-2.7303
-0.7003
-1.6702
-3.2703
-3.4999
-2.7141
-0.5728
4.3098
3.3830
0.1338
0.2924
0.4822
-0.5563
-0.4901
-0.2941
-1.0711
-3.0153
-3.2667
-2.7349
-3.4911
0.8827
2.5431
-0.0396
-2.5497
-7.6440
-5.2046
-2.1834
4.5633
-2.6852
-2.0009
1.1975
-3.4789
-6.5047
-4.5211
-2.0774
-1.4965
-0.4123
0.3791
-0.1347
-4.1161
-3.7095
-1.2079
1.4653
1.6259
0.4647
-0.4133
-0.8690
-1.5199
-2.8169
-0.9910
1.0861
-1.2205
1.6083
-2.8124
1.9286
-1.0200
-3.0498
-1.0939
5.4978
16.0824
23.7896
26.0799
23.8584
24.6911
23.1021
10.1549
2.8041
3.1448
0.1972
3.1701
5.3401
3.2558
-1.8761
-3.2789
0.4874
1.7505
-1.8761
-1.2714
-2.2489
-0.8633
1.4099
1.1734
4.8765
2.1000
-1.3932
-1.0568
-1.1581
0.8487
0.1017
-0.7258
-1.1229
-0.6816
-0.1487
-0.1355
-1.7006
-0.7628
2.6800
15.8661
24.0016
25.1196
25.8197
18.5699
9.8946
5.7766
5.9857
5.8947
3.7077
-0.1896
-3.6674
-1.5310
-0.0213
1.1709
2.4512
-1.2539
-1.6978
-0.7947
0.2076
-1.5313
0.5346
-0.0177
-0.1465
1.4441
-1.0924
-1.2197
-1.5914
-2.8068
-1.5265
0.5858
-4.1195
-4.9664
-2.3949
-2.3162
-3.1909
-0.7161
1.9039
1.2091
1.3109
-0.7155
-2.2235
0.2548
3.3139
1.3952
0.6412
3.2900
5.5008
1.7704
-0.7845
1.6774
3.4395
2.2301
-0.3337
-2.5425
-2.4085
-0.6859
-0.4984
-0.8607
3.5660
9.0345
6.6001
7.3977
3.7592
-1.0812
1.7691
1.7360
4.9104
2.5599
-5.0094
-1.1703
1.6729
-0.0310
3.0247
5.8272
0.8080
-2.7327
-2.8093
-7.0853
-3.3131
-5.2788
-2.8945
-3.9490
-8.1832
-9.8648
-10.3714
1.6813
1.5007
1.8089
3.9556
-0.8989
-6.4072
-4.1043
6.1992
7.6396
-0.5976
-2.2201
-0.6203
2.1966
3.7689
3.9990
2.8781
1.8251
0.1944
13.4389
11.0521
1.2704
-0.3354
1.9948
-0.0434
-6.4601
-5.7284
-1.0680
-1.0997
7.4819
15.9854
9.8873
1.5236
-1.6050
-5.5224
-5.4591
-2.1879
-6.6850
-16.2244
-21.1318
-13.1246
-5.4662
1.5768
-0.5686
-7.5138
-6.6367
-3.1192
-5.3027
-5.2760
-1.6013
-7.3537
-11.3570
-5.1957
-4.7479
-8.2018
-7.7667
-3.8344
-2.1049
-2.2505
-4.8811
-4.4114
-6.7808
-4.7831
-1.3724
7.5049
7.5785
5.6381
1.6084
-1.4991
-5.5830
-8.8107
-3.4249
0.4378
1.1569
-1.6286
0.9733
4.0102
3.1369
2.5248
0.2507
2.8887
2.4340
1.4401
1.7985
-2.1750
-2.0586
1.5010
3.7962
2.0363
0.0366
1.2298
2.3237
3.3844
2.0285
2.3762
-1.8554
-1.3684
0.8832
1.2381
3.0803
5.2544
6.5826
8.5926
13.1342
9.9954
1.7441
1.4896
2.7694
2.1728
-3.2065
-2.6718
-1.6704
-0.8984
-2.0976
-1.3085
5.8115
1.0223
-2.8519
-0.4809
-1.7043
3.4896
9.4265
10.4494
7.3584
2.7610
-0.8919
-1.5575
-3.9345
-4.4803
-0.6571
3.2137
8.3486
5.7914
4.6862
3.8744
1.4114
-1.1355
-4.8913
-1.5306
3.1835
2.6266
4.8602
5.1959
-0.3744
-1.2073
-5.5092
-5.7621
-3.3883
-2.7843
-3.1772
-0.7561
0.9981
1.8629
2.6698
1.6757
-4.0719
-7.5077
-4.3096
-0.3139
-2.7194
-6.5768
-5.6131
-3.3139
-4.4484
-6.2503
-7.0739
-4.9508
-2.5273
-1.4015
-4.3934
-4.3737
2.6743
1.4266
-2.9460
-1.8014
0.5223
-0.8155
-1.1157
1.3402

Coefficient 39:
0.2077
-0.9909
-3.4642
-1.2004
-0.7990
0.7582
-1.5949
-2.5559
-3.3071
-2.8293
-1.7731
-1.3573
2.4165
5.5953
3.4421
-0.3271
-0.5294
-2.5484
-2.9190
1.7891
3.3613
1.5312
-0.4873
-6.0192
-7.5203
-4.0902
-5.9735
-3.0119
-1.8607
-5.6092
-4.9585
-8.4974
-9.4178
-9.1237
-4.6361
-1.6944
2.9013
3.1024
2.4201
-0.2240
-5.1991
-1.1033
2.2110
1.0877
-2.0964
-0.8521
7.6297
0.3908
-0.9670
0.6744
-1.1586
-2.5751
-0.8533
1.1758
-1.6653
-11.1841
-9.3979
4.3863
10.8721
13.1693
16.6890
18.3923
16.1912
7.9233
2.5612
5.8699
11.9859
12.9769
10.3660
6.0602
12.8643
22.8386
20.4092
12.2597
3.9474
-4.0587
-10.7686
-16.5488
-17.7282
-16.5522
-12.7745
-10.7534
-6.4992
2.9540
7.8290
5.4399
3.9499
6.2509
2.6330
3.4083
5.3418
-1.0526
-12.0810
-4.5033
1.4675
1.1028
0.4111
-2.2817
-2.4820
5.2189
10.0024
10.1493
15.6989
10.8079
-0.2049
-2.7520
-7.5877
-7.4285
-4.5412
0.1819
2.0144
3.4622
2.7368
0.0244
-3.4666
-2.2308
-4.8050
1.4931
6.4594
3.7900
-5.1693
-3.4799
2.3792
-3.9072
-3.4709
-5.6991
-5.3120
-3.4060
5.4958
8.2376
4.1027
-1.1173
-4.3156
-6.7960
-5.5435
-9.5032
-15.7452
-18.8234
-13.6377
-8.6822
-7.7531
-3.2414
1.4938
-0.2253
-1.4363
-2.7157
-2.7168
-2.7532
-1.5180
0.7739
-2.8431
7.2156
15.3883
21.8439
22.9710
25.7923
24.9817
23.0637
22.7878
13.3321
11.5600
5.8224
-1.2485
-8.3364
-14.3744
-10.0736
-4.2176
0.8785
5.0679
4.8496
2.4484
3.6384
7.1591
-1.5649
-3.5079
-1.3528
-0.5941
-0.5268
-0.8088
0.0860
-0.2303
-0.7038
-3.7644
-2.2805
-0.4649
-1.7250
-2.5562
-2.4493
-0.8881
-1.8897
-2.6308
-2.2588
-1.8610
-1.3682
-0.3280
-0.2749
-2.1606
-0.9245
-1.8006
-0.9034
-0.5010
-1.6077
0.3252
3.2814
2.3148
0.4968
0.1146
-1.8807
-2.2709
-1.1365
-1.9044
0.2982
-0.9945
-1.8885
-0.5986
-1.7084
-2.1462
-4.4011
-3.2705
-2.9244
-4.2473
-5.1401
-8.0492
-9.2258
-8.0316
3.1528
6.8448
13.1275
18.3818
15.1330
24.1411
28.1222
21.3756
16.2554
18.4100
13.5819
7.1805
3.2254
9.7829
10.1176
15.9288
15.3255
8.9389
10.7003
12.1745
2.6657
-2.3405
-6.6606
-6.0436
5.0316
18.4508
20.6012
21.0944
13.3455
5.8075
0.1245
1.1332
1.7532
1.6131
1.7439
1.8865
1.4991
1.5452
3.7324
5.0996
0.2028
2.9766
-0.4824
-2.7349
-1.3629
0.5491
0.0682
-2.7688
-2.7002
-2.0594
-0.6714
-1.2001
1.3161
2.5150
-3.9721
-1.7174
7.4172
8.0279
3.0458
0.1884
2.2572
0.8142
0.2702
3.1147
1.9154
1.7948
-1.3928
0.9572
1.3101
0.6729
-1.5006
-3.7205
-3.1628
-2.1952
-2.3207
-1.6181
1.2848
-1.5149
-1.7267
-0.2758
3.9087
2.4432
1.5867
0.1520
-1.4392
-0.6038
-2.0496
-1.1831
-2.5670
-4.1943
-2.8911
0.3689
7.6780
19.8448
25.6362
29.3352
29.8690
31.4756
26.5173
21.1499
18.0453
21.0843
14.5429
12.3180
17.1457
20.4426
21.8082
20.0748
19.1877
17.1171
20.0081
14.2637
7.2080
3.5909
2.9770
0.2442
0.5704
3.1585
5.7788
7.7513
5.4315
-0.1364
3.4370
4.1367
2.5620
1.9349
1.9079
2.8838
3.5927
2.1040
1.3116
-0.4724
-0.2518
-0.8167
-1.2628
-1.4843
-2.8908
-2.3491
-6.3626
-6.6208
-5.6519
-4.1592
-3.1502
-5.2853
-2.4974
3.6145
4.0120
3.1064
-0.0534
-5.0492
-6.0569
-4.9862
-2.4618
3.4238
14.5574
22.6912
21.9249
14.0776
8.3379
10.3267
7.4260
4.3245
3.0331
7.2874
9.5858
9.5728
12.0773
10.6995
3.5843
-0.4713
-3.5867
-4.1213
-2.7628
-4.3119
0.6088
1.0784
-3.4712
1.6291
11.1431
18.5964
17.3420
10.3731
8.1423
10.6050
4.8202
4.8389
5.7197
2.9952
0.6413
0.9317
2.1382
2.2975
-0.8427
-1.1838
-0.4863
-2.7137
-5.2380
-3.0502
-0.8197
-0.1256
-1.4107
1.8858
4.2630
2.8699
-0.6724
-1.9963
1.4631
0.6087
-1.0911
-1.1391
1.7381
3.3602
-0.1756
1.1887
4.3303
3.3678
2.5116
0.1551
-2.2407
0.3925
3.3095
1.3732
1.4944
3.3277
2.5641
3.3118
0.2297
-3.3449
-3.6029
-4.2258
-3.9656
-1.3176
-1.9615
-5.0400
-12.6160
-12.4600
-2.7972
11.8477
18.7596
22.3980
25.4891
26.3115
26.6876
29.4721
27.9522
24.7806
24.8957
22.8237
26.3455
18.4719
7.3109
1.3060
-5.8487
-7.3483
-0.1319
1.9740
-0.8937
-2.6170
-2.4073
0.4409
0.2898
-1.6332
-1.4582
-2.9061
-2.1836
-0.6466
-0.5547
0.1114
-1.0461
0.1004
1.6969
2.9058
0.0834
3.2596
4.9211
-0.7238
-0.9673
1.4560
0.8875
-0.9348
0.6559
-1.0103
-1.8403
0.2025
-1.0862
0.6035
1.3416
0.5955
0.7826
-0.6125
0.6171
-1.5195
-3.5426
-5.5984
-2.8972
-2.9932
-4.3863
-3.5311
-4.4281
-1.1352
0.1328
0.7970
0.9240
0.7895
-0.9235
-3.2097
-2.3305
0.0204
2.5251
4.2967
4.2898
7.7602
10.3140
8.4415
3.2095
0.8233
5.9172
2.6270
0.9926
1.2338
3.2914
6.3149
10.8731
7.3058
5.7700
4.0797
0.0916
1.3737
8.6147
18.8101
29.9870
35.1314
34.3801
32.8492
31.3058
29.3321
23.4529
17.3996
16.1573
15.2324
10.4556
6.7556
13.4419
17.2109
13.2426
7.4035
13.4264
17.4097
13.9951
8.1565
2.2640
1.6309
-0.7224
0.4171
7.3221
5.0541
0.6405
0.0332
-2.0733
-1.0307
-2.5492
-2.5702
0.1883
1.5730
-2.8375
-1.8929
-4.1637
-2.7567
-1.5633
0.3143
0.7223
1.2243
2.9602
1.4590
1.2467
1.9973
1.1692
-0.9557
-2.4738
-1.1199
-1.5287
-0.4538
1.8534
3.5979
0.2753
-1.6566
-0.8500
-0.3573
2.4721
4.6409
5.1793
8.6991
10.8075
2.5621
1.5623
0.4092
0.4599
1.1533
0.7886
-2.3756
-4.3797
-3.3465
0.4412
-0.9109
-2.2182
1.0782
1.0193
-0.3882
-2.3834
-3.4014
-2.5747
-1.7072
-3.7480
-2.6454
-1.6909
-2.7056
-2.2792
0.4503
0.6483
-1.0997
-3.2481
-4.5722
-2.1694
1.4487
2.7382
1.5621
1.2993
0.7000
-0.0427
1.4048
-0.4909
-1.6155
-1.3038
-1.4835
-0.3223
-1.2328
-2.6593
-2.1144
-1.5198
-0.2042
3.8359
3.9099
1.6398
1.6647
-0.0672
-0.1229
0.0843
-1.1916
-1.9576
-1.2063
-0.5029
0.8085
-2.1508
-1.1388
0.5054
-0.5998
-1.6746
-5.7995
-4.4551
-5.2465
1.4941
8.9094
18.3756
19.5814
11.1214
4.9094
2.8796
2.3812
3.1782
4.0611
2.7951
0.5339
-3.4096
-2.7279
-0.9920
2.3366
1.5019
0.2403
2.4968
4.1394
0.3864
-1.9381
1.3988
3.4898
0.1167
-1.0989
-4.3602
0.5352
-2.0893
-4.1316
-2.3760
3.7810
11.5573
18.1279
15.1141
4.7806
1.3676
1.6053
-3.3502
-6.1988
-4.7688
-3.6540
0.8413
8.1342
9.5584
8.0846
1.8357
-1.9239
-0.5516
2.7172
2.0533
-1.5292
2.3373
1.5267
1.1615
6.2294
2.8100
-1.5655
1.1841
0.4560
0.4308
0.6404
0.0260
-1.0852
-1.0280
-0.4533
0.4388
-2.2100
-3.2946
-1.3676
5.9284
8.7593
15.5869
17.0341
5.1186
0.1386
-1.9688
-0.0635
3.1344
4.4563
7.5426
3.0788
-0.6070
-0.8097
0.6552
1.9232
-0.8110
-0.8080
0.0713
0.8000
-1.9016
-0.0276
-0.3791
-0.4659
3.5011
2.3378
-0.6434
-1.4207
-2.6044
-2.3274
-0.1810
-2.7208
-4.6377
-2.3610
-1.7645
-3.5237
-1.7538
-0.2982
-1.7950
0.0072
-1.6523
-2.6007
-0.2339
2.4093
0.4955
0.0930
1.3740
4.1158
0.1983
-2.6559
-0.5920
3.3071
1.9840
-1.7289
-3.5026
-2.6713
-0.6576
1.0221
0.5074
3.5347
-3.7291
-3.1587
3.2714
6.2411
4.6562
4.1917
2.0579
5.6224
3.9674
4.0729
5.7187
4.1075
1.8809
-0.8214
-0.6901
0.0018
-3.5970
-2.8519
-1.9105
-1.7509
2.8447
2.8264
0.8179
-2.5909
2.4827
3.3863
11.3598
12.7940
7.2705
7.1977
3.8491
-2.0238
-1.4871
11.2116
15.0218
0.3930
-0.9958
-4.9814
-0.3657
3.0833
4.2662
1.7559
-5.5071
-3.7089
1.2478
-0.0906
0.3183
6.6183
-0.2465
-8.5599
-9.7246
-10.4706
-1.6132
4.0527
6.6628
16.9594
20.7913
21.6453
17.7815
12.7216
8.4075
6.5461
2.4686
-0.4186
-3.1506
7.4530
12.4132
7.0099
-2.4179
-6.3910
-6.8108
-7.1970
-7.5496
-2.5826
3.1065
0.7222
-2.8219
2.2512
8.1188
6.7318
0.5750
-7.8649
-10.6469
-9.9366
-11.3123
-9.2185
-5.7165
-2.2224
-3.3967
9.3055
15.1030
11.8630
11.6178
9.3299
5.5274
4.6976
6.8198
5.5677
0.2578
-6.1240
-5.2142
-1.6518
-0.4496
-0.1988
0.0442
2.9919
1.1939
0.5048
1.4109
-3.5585
-3.0876
2.9775
4.8908
3.9938
0.0705
-0.1619
1.0865
2.6449
0.8142
0.8188
-1.2198
-0.6132
1.4456
0.6203
3.1447
6.0810
4.8700
1.2308
2.2843
1.7662
2.0311
-0.5607
-0.4745
2.1732
-0.3693
3.3844
6.6075
3.4256
-2.7866
1.0954
6.0198
2.1263
6.5794
6.5658
1.7991
1.4623
6.7841
5.3952
-0.1045
0.2669
-0.6838
-0.0742
-3.5410
-7.1559
-8.5680
-3.0578
0.7195
-1.2428
-3.5974
-8.2290
-6.4717
-5.1350
-2.6137
-1.7215
-3.2221
-2.2442
5.0194
3.6668
-0.6170
-2.8777
-5.3610
-4.6483
1.7085
2.3589
-0.1159
-0.3071
-7.6699
-7.4285
-6.5198
-2.4166
-1.2944
-2.0146
-1.3663
1.3747
1.6299
-2.2876
-2.1526
-2.4712
-0.8940
-1.8291
-4.1418
-4.7051
-3.5183
-3.6868
-2.9469
-0.1249
3.0092
1.2007
-0.6295
3.1997
1.1936
-1.0164
0.4983
2.2673

Coefficient 40:
0.1913
-0.8523
-2.8761
-3.5057
-2.0003
2.0671
-1.1819
-1.1814
0.9570
3.8415
5.1052
3.0663
5.0248
6.8085
3.2209
-0.6840
-0.1156
-1.3552
-1.6515
0.9623
2.7316
2.3457
0.4283
-5.1151
-5.1118
-1.0360
-3.6261
-2.2794
-2.3235
-5.7484
-3.5583
-4.6064
-2.5987
-2.8524
-1.3889
0.8803
5.3820
5.7327
4.4451
2.6980
-0.6096
0.3100
2.7061
4.4176
-0.0687
-2.2869
-3.9406
-5.7791
-6.8461
-1.7070
-4.0016
-9.6825
-9.5471
-2.7834
1.4826
-3.4618
-13.0980
-5.9292
2.5601
12.0353
15.7682
15.8644
14.5904
14.3735
17.2084
17.4627
23.1331
22.2162
24.1816
17.7481
15.2569
22.3498
24.8103
16.1679
17.2668
20.9304
20.0952
4.7880
-3.9229
-4.7248
-5.0453
-7.8774
-4.9084
7.5071
11.4927
8.9322
9.0631
10.0976
8.3608
10.2908
10.5819
9.4313
16.1089
20.4576
10.3241
-3.5684
-5.7277
-3.9842
1.1090
9.7818
16.5824
18.5133
18.3110
15.5860
12.7031
7.6187
2.1619
1.5721
1.8392
2.5627
2.0022
1.7469
0.0808
-2.7327
-5.8135
-2.1667
2.3395
10.8145
19.2658
25.4794
22.8435
13.6862
13.3953
7.9177
0.3355
-3.4717
-6.1575
-4.0785
-0.2977
-1.4618
0.5187
4.1853
3.8311
2.3087
4.9591
6.7891
8.1880
10.1739
9.9184
12.0838
7.5746
7.9456
6.7763
4.7722
2.6674
-1.9780
-0.3093
1.3335
2.4914
-2.6001
-3.1801
-4.0758
-3.6421
-0.8912
3.9175
8.9600
18.6963
21.1199
19.4022
16.7824
16.4847
22.1116
20.8899
13.5797
3.4808
-1.2288
-3.0306
0.7709
11.3059
14.3992
4.8002
2.8786
2.1090
-2.8004
-2.3635
-1.5184
-1.7502
-0.4052
-0.7433
0.1470
-0.6383
0.2601
-1.6193
-0.8394
-0.8784
-2.1681
-2.7274
-2.7140
-1.0666
-1.6718
-3.2128
-4.5406
-5.5477
-5.3564
-4.5217
-3.6728
-1.5706
0.4050
-1.0549
-0.5047
0.3635
0.1412
2.8331
5.3146
4.3190
0.9475
0.4957
-0.2761
0.6979
1.9380
0.1032
3.0450
3.4454
3.2473
3.5871
2.6634
-0.5111
1.6838
6.5743
8.7774
6.7607
7.0072
3.3281
3.4397
4.5188
10.2259
9.4949
14.3937
18.7052
3.4694
6.7330
16.1043
22.3853
19.0751
16.7584
10.1816
8.5207
12.4915
14.9238
5.6028
15.4280
22.9449
20.8964
17.5242
14.7624
9.1143
6.2491
5.4526
4.4150
4.8645
10.5495
16.9740
22.6072
15.6878
6.7738
2.0325
1.0285
0.0917
-1.6985
-2.4551
1.5326
4.5023
6.9569
7.6058
7.9562
4.6705
2.0871
1.0546
0.9367
-0.8985
-0.1818
-0.3306
-3.0374
-2.5964
-3.3137
-2.3830
2.9930
4.6957
5.1881
-0.7582
1.0883
-1.0657
-1.1646
-0.4003
-1.2509
0.4510
-2.4589
-3.2362
0.1289
-1.8125
-0.2762
-2.5626
-1.3791
-0.1126
0.7958
-1.2600
-1.3978
0.5320
0.2374
-1.5341
-3.8017
-3.0052
-5.4810
-5.7260
-0.9484
0.1854
-1.3602
0.5185
0.8582
-0.7801
-0.6738
-1.9886
-0.7941
-2.2599
-3.6009
-2.8176
-1.7694
-0.6582
-0.7083
3.7294
10.3572
13.3634
15.6580
17.3221
14.6627
13.7911
15.2608
13.8347
11.8966
11.5124
14.6586
17.7170
25.4020
32.8226
32.3732
32.8789
26.6889
20.2535
18.3543
17.0778
17.4710
13.5098
12.4142
11.6538
10.2632
8.6009
-1.3956
4.7719
6.5675
4.1622
2.4013
1.9001
2.1268
1.4896
2.1811
1.2579
-0.6248
-1.9325
-2.3507
-1.3769
0.2982
0.7310
2.0476
-0.9385
-2.4722
-1.3322
-0.8122
-0.8281
-0.7523
2.2966
5.0080
5.4566
4.8910
5.1088
-1.4431
-4.0534
-3.1966
5.9498
15.2912
18.3371
22.9756
26.9146
25.2966
19.9384
16.8249
9.8083
3.7781
1.9599
12.7692
22.3893
24.9454
23.1591
23.6648
21.3775
18.9100
17.0687
16.9105
16.4618
9.0480
1.6885
-1.2846
-1.3804
3.3106
8.4885
9.5803
6.6934
5.9423
1.2523
2.4425
-0.4191
0.3598
2.6494
0.7279
-3.0282
-3.0268
-2.2855
-1.2007
-3.3355
-2.2209
0.5714
0.4655
-2.6181
-2.7060
-0.4267
0.7327
0.2839
1.3980
1.4334
-2.2367
-4.5644
-6.3619
-3.5679
-3.8538
-4.8585
-3.6576
-0.5379
0.6079
-1.4418
-1.6043
1.0795
0.3343
-0.3090
-0.8038
-2.3598
-1.3985
0.2800
-1.6455
-0.3954
1.6003
1.6653
1.8764
-2.5305
-4.5776
-3.2438
-2.9285
-1.8968
-3.5199
-4.8092
-7.1445
0.6353
-3.6432
-8.3341
-2.3900
6.8460
6.4991
8.2314
14.3511
16.8894
18.8987
15.7928
13.3428
11.5008
13.2539
13.6208
11.9019
12.4494
6.1268
1.3721
-0.4015
3.1869
4.3631
0.4312
-1.3321
-0.4678
2.0578
0.9535
-1.2477
-1.3246
-1.9027
-0.2408
1.9411
0.5067
-0.5119
-0.2151
0.2785
-0.6455
-2.6754
-5.2576
-5.3442
-4.0656
-5.7757
-3.9984
-2.0839
-0.2866
-0.3990
2.2253
-0.4034
-1.4990
-0.6821
-1.4338
0.2410
1.3266
0.9553
1.0645
-0.5868
0.3392
-2.3435
-4.4584
-5.6593
4.7467
6.1890
1.6167
-1.4910
-3.0444
-0.2702
0.3390
0.8137
0.2576
1.3287
-0.1047
0.3084
-1.3643
-0.7987
-6.9007
-7.8815
-4.9404
-1.0042
5.6621
0.6030
-4.5239
0.1688
1.9351
2.1582
2.0969
-0.2907
0.6988
4.6949
9.8977
6.1662
3.3810
1.8944
1.1932
6.3529
9.6194
15.7941
24.1701
23.4580
25.3998
28.5394
33.5511
31.5894
25.0803
19.0164
18.6106
20.5125
15.9546
15.7006
21.7228
20.4599
12.5191
6.9815
6.5368
14.1067
15.9051
10.9432
-0.8163
-2.1604
-1.2018
1.5527
7.4935
11.2405
9.0815
11.3274
11.3090
11.2379
9.5542
4.3205
6.5672
10.4224
9.5972
2.2039
-1.2076
-2.8465
-3.1544
-1.5413
0.0795
0.5918
0.3232
-3.1582
-3.5948
-2.9701
-2.8837
-1.0208
1.0241
-0.3110
-3.6017
-3.7368
-0.2709
3.0034
4.9202
2.1024
-1.0848
-0.2155
5.1952
9.4373
17.4256
20.6555
11.8102
3.4296
0.8218
0.4105
1.2175
1.7816
1.2615
-2.0372
-4.2459
-3.0740
0.2317
-0.6692
-1.4386
1.0569
1.0135
0.2118
-1.8327
-3.2059
-2.7210
-2.2904
-3.7216
-2.0987
-1.8659
-2.4199
-1.8244
0.4490
2.6658
1.4465
-1.4299
-3.7539
-0.5366
5.4147
5.0980
2.3032
3.0323
2.4280
0.2147
-1.3960
-1.6482
-2.9450
-4.3955
-4.4517
-1.7028
-0.9835
-1.2519
-0.0061
0.9827
-0.0993
0.6412
-0.0622
-1.9851
-1.5229
-3.1150
-2.7138
-0.5514
-0.7339
-1.6231
0.1491
0.5466
3.2238
0.9671
-2.1041
-1.6828
-2.0430
-2.6728
-3.0261
-2.5762
-5.2265
1.9077
8.7954
17.1199
23.7302
16.2964
9.2070
8.8339
6.6670
6.5605
5.4258
0.7686
1.0626
0.5485
0.3796
0.6472
4.1799
2.6118
-1.1435
0.1131
2.4151
0.7005
-0.9536
1.9484
2.4962
-1.1982
-2.2659
-4.9108
-3.5794
-2.1675
-1.8197
-1.5704
-2.5301
-3.7262
-6.5172
-7.0089
-11.7394
-12.9932
-10.8998
-4.8854
-2.0891
-2.3377
-2.7117
-3.6960
0.1665
6.1723
9.9776
7.9481
2.2458
3.4648
5.1644
1.3913
1.8187
5.3687
-0.3732
-5.9544
-0.5059
1.4341
-2.4534
0.6310
-0.5017
-0.2024
0.4425
-0.2400
-0.8776
-1.4513
-0.8862
0.5961
-1.4408
-4.4442
-4.3200
1.2494
1.2420
2.7151
5.6344
-2.6313
-5.5650
-5.4889
-6.8791
-1.6859
0.8347
1.9279
2.2375
-0.2214
-1.6227
0.3209
0.5967
-1.0554
0.2716
0.7262
0.6580
-1.8630
-0.4922
-0.6978
-0.6872
1.7532
-0.7477
-2.7580
-1.5020
-2.3513
-3.5571
-1.7408
-1.5620
-3.9463
-2.2762
-1.1591
-1.3172
1.5989
2.0799
-0.1028
0.2743
-2.3354
-3.1247
-2.0733
-0.1354
-0.8545
2.2715
3.2176
4.6530
1.1731
-1.1060
-0.0095
2.4924
2.0098
-0.1408
-2.5463
-0.1462
4.5288
6.5610
4.0840
6.8332
-4.4411
-3.0858
-2.0432
-1.5401
0.1956
-0.7906
-3.9822
2.1794
-0.1133
-7.9842
-5.9620
-7.7449
-8.2854
-10.0569
-11.4208
-8.8582
-8.8186
-5.4742
-5.6183
-2.2748
-2.6122
-3.8388
0.3859
-0.5415
-1.6211
-4.5678
-4.4765
-3.6016
-5.8483
-2.2208
-6.3194
-6.7871
-7.4919
-0.5456
5.9960
-4.7371
-9.5350
-10.7171
-7.9447
-5.0518
-0.9763
-3.5763
-6.6509
-3.2912
1.9680
2.1442
2.1810
2.8246
-5.7216
-6.5575
-3.6732
-9.4676
-6.4240
-1.9641
-3.7266
1.1577
10.0417
20.9930
25.8229
25.4184
23.3940
18.1509
18.1795
17.6612
15.3114
15.9334
19.3657
16.4549
11.4841
5.8766
1.6162
0.5958
1.5964
4.1865
2.3665
0.2192
-3.6079
-5.7674
-7.3312
-1.1258
-2.6073
-3.6243
-8.6112
-9.8694
-11.4261
-9.6826
-5.4793
-1.7685
-4.4184
-1.2701
-2.1707
-0.8743
1.0750
9.1889
6.8019
7.1052
4.4418
4.1753
6.1444
4.8974
7.1663
8.0198
3.5299
0.4575
0.4511
2.2702
-0.1834
-0.5683
-0.2220
-4.0573
-4.2304
2.1280
3.2140
3.4627
0.7403
-0.1906
0.2178
1.4605
-0.0801
-1.6584
-0.9690
-0.1987
1.0881
-0.9330
1.9397
4.7344
4.1126
3.5556
3.5115
4.4021
4.6496
-0.3902
-1.9941
-0.0808
2.4965
2.7418
-0.5175
-0.3579
1.3859
3.3220
2.7468
-2.1354
-5.3745
-1.4482
-2.2596
-4.3204
-6.3342
-3.5706
-5.6998
-4.8189
-3.0501
-1.4213
-3.1021
-6.6484
-9.2269
-0.3196
2.3722
1.3488
-0.1928
-1.4083
-1.6870
1.9348
2.9712
6.8610
6.0341
4.1754
4.8261
4.3624
4.2980
2.6078
-3.3079
-2.3420
2.0232
2.5284
1.5829
0.2093
0.0175
2.7553
2.6210
2.7511
0.6619
-1.7967
-1.3114
-1.8311
-3.2329
-3.6307
-3.5779
-3.6205
2.7882
7.5628
8.3726
4.9747
2.7038
0.8192
0.2412
2.4555
-0.1621
1.3202
-1.8223
0.1043
-0.0381
-0.5296
1.0330
2.0723
