MFCC Analysis for recordings\DianeYork.wav
==================================================
Shape: (40, 1876)
Number of coefficients: 40
Number of frames: 1876
==================================================

Statistical Summary:
--------------------
Mean: -12.9392
Std: 79.6207
Min: -685.8151
Max: 231.2490

Coefficient Values:

Coefficient 1:
-685.8151
-663.7670
-638.4197
-642.4060
-653.7509
-660.4727
-668.2213
-672.5178
-671.8194
-667.7103
-667.3771
-664.5461
-661.8554
-658.3711
-634.9025
-603.5970
-579.6820
-543.9885
-503.5881
-474.3171
-469.1918
-481.6455
-505.3842
-542.5555
-585.6013
-598.7574
-569.5887
-557.4199
-572.0380
-597.1144
-628.5067
-656.7806
-671.0658
-672.0018
-668.0174
-659.9404
-637.7184
-559.1826
-489.9922
-484.6878
-541.0529
-593.3738
-626.8105
-647.5165
-657.0084
-661.7448
-655.6376
-641.9716
-618.7614
-582.4975
-583.2603
-614.5397
-615.8892
-589.1268
-578.0895
-603.6912
-646.6990
-651.6796
-645.2604
-647.1846
-653.5888
-657.4343
-655.2255
-633.6991
-611.4903
-596.6675
-581.0929
-476.5713
-342.2321
-304.6241
-325.8220
-346.6327
-376.8432
-426.4687
-486.2432
-547.8539
-574.4719
-571.1192
-552.9407
-477.8896
-448.6122
-483.3381
-536.2344
-578.1494
-598.3620
-601.7701
-619.1888
-649.0180
-494.5595
-394.7919
-370.0316
-378.2158
-398.6987
-421.0702
-420.8670
-438.1294
-495.0235
-554.5405
-590.4705
-579.5228
-586.5604
-620.2288
-648.4261
-659.8525
-662.8699
-658.5819
-590.8006
-505.8175
-457.1648
-412.1549
-397.1641
-411.6196
-424.6640
-453.6254
-481.9280
-507.8478
-530.9210
-538.1586
-526.4237
-480.1251
-427.2019
-403.6559
-396.1622
-397.9218
-380.4240
-367.6403
-396.3475
-446.0029
-483.3962
-469.3398
-376.0365
-311.5197
-321.9758
-348.8774
-355.5598
-359.8784
-339.5205
-323.1644
-305.1066
-312.2231
-320.7421
-331.3433
-382.4822
-464.4596
-473.4661
-458.3984
-464.8386
-481.0250
-447.6237
-415.4774
-401.1429
-391.3214
-394.0214
-415.7386
-430.4282
-432.2947
-382.4197
-352.0736
-366.4709
-385.8555
-389.7362
-403.0394
-435.0181
-445.3884
-451.3270
-450.2420
-417.6492
-408.1510
-420.5150
-468.6812
-526.4664
-517.1439
-424.1476
-355.2234
-318.6384
-312.8795
-331.1959
-350.6808
-361.4404
-396.3813
-442.4715
-459.4692
-464.7610
-462.0244
-443.4603
-434.2620
-436.2337
-413.4494
-397.2519
-405.3109
-425.3960
-446.6807
-464.7210
-482.2685
-509.1666
-533.7141
-540.8577
-564.9711
-604.0093
-642.0453
-615.8190
-590.8434
-593.8959
-615.9423
-535.0234
-448.6951
-415.5235
-436.2866
-500.3495
-570.2528
-619.4164
-645.6093
-589.3873
-464.8773
-400.0464
-393.9617
-414.9551
-444.3321
-473.6109
-437.5212
-397.7076
-395.9435
-420.5917
-423.4387
-394.5008
-369.7199
-386.0894
-431.7642
-472.2924
-475.9706
-438.1540
-436.4292
-441.2837
-402.1485
-369.3575
-372.3043
-393.2839
-435.8020
-489.0899
-479.9336
-409.6626
-395.7839
-400.5155
-373.4407
-314.9946
-320.4935
-354.1921
-372.9809
-397.7632
-436.3279
-443.9614
-433.7630
-416.9233
-383.9938
-384.1870
-409.2354
-431.3384
-465.1466
-474.9810
-468.8734
-473.4482
-521.1207
-548.5990
-474.2116
-453.6067
-500.8693
-525.3655
-483.3521
-444.4240
-426.3972
-421.9355
-422.4494
-415.5064
-367.7567
-371.1883
-388.2066
-385.6999
-379.0525
-404.5484
-454.7190
-484.1438
-460.9493
-453.6225
-456.6693
-466.0239
-465.1711
-462.3015
-475.6523
-472.9811
-463.4919
-475.2569
-527.8648
-596.4407
-613.4592
-610.5426
-618.1053
-621.5854
-614.4402
-594.5543
-577.6864
-569.4319
-568.6135
-561.4425
-556.9326
-570.6257
-591.9058
-617.1051
-632.9733
-567.5119
-500.6944
-485.5082
-510.4461
-474.5950
-418.2354
-385.7780
-316.0226
-301.2284
-332.5541
-356.6378
-350.1262
-351.2723
-380.5144
-403.4943
-394.1248
-376.3923
-388.9354
-413.7950
-447.1712
-395.6068
-339.7865
-336.4954
-366.8368
-400.8720
-413.0608
-401.3192
-409.4103
-373.6444
-344.5352
-331.8270
-352.1683
-406.5157
-462.6972
-458.8044
-448.4527
-477.7110
-529.8860
-485.6695
-422.7699
-365.3974
-338.2931
-333.5063
-342.5435
-361.2523
-400.7419
-471.6405
-457.0458
-353.2798
-313.9886
-326.9256
-350.1142
-364.1592
-388.2762
-417.4215
-438.8507
-451.5124
-475.3305
-511.7062
-554.2937
-593.5907
-631.1731
-652.0438
-663.4960
-677.6549
-680.7936
-608.4295
-523.4896
-480.5443
-460.9892
-440.9201
-434.0195
-456.2170
-481.0524
-440.9100
-387.4583
-372.1957
-392.0089
-437.7415
-496.5761
-559.4278
-453.8611
-379.2050
-359.3708
-344.6617
-337.1732
-351.6236
-375.2804
-388.5096
-374.7491
-344.6253
-369.1120
-402.8275
-427.0995
-442.1550
-431.5332
-341.6157
-303.0294
-321.5237
-364.7844
-371.1743
-366.0430
-359.8908
-373.0277
-396.5470
-416.9934
-449.7696
-478.8601
-492.3603
-516.2593
-554.3965
-595.6512
-619.8364
-616.8396
-533.3236
-466.8201
-437.9319
-424.7820
-438.5227
-488.4444
-497.3376
-463.7872
-391.7650
-357.2804
-353.9491
-390.5179
-425.6103
-413.5921
-431.6152
-414.1574
-399.1474
-401.3792
-416.9091
-438.7890
-438.8492
-445.5467
-462.8160
-482.1109
-496.7135
-515.7386
-535.7253
-557.7875
-592.1332
-639.2160
-656.0383
-665.0286
-675.6403
-678.1954
-676.3707
-676.1590
-671.5477
-670.8795
-672.3888
-676.8616
-678.2307
-676.6304
-678.3168
-676.8305
-674.5129
-676.9221
-678.7284
-676.8190
-677.6719
-679.7786
-679.5145
-678.5806
-678.7318
-669.6813
-600.6533
-533.8072
-469.1933
-415.7016
-352.1529
-278.2198
-244.4710
-243.2745
-267.6907
-286.6863
-319.3315
-358.6234
-392.5245
-390.8340
-358.9501
-354.0569
-360.3280
-368.2292
-390.1253
-427.5650
-403.0449
-381.8112
-372.8633
-348.0581
-320.3331
-338.5909
-379.3618
-418.2463
-433.6735
-430.5217
-398.2978
-388.3663
-420.1841
-458.0049
-466.0049
-460.2762
-446.7326
-410.8520
-379.0699
-368.2197
-347.1949
-338.8565
-367.2768
-375.1117
-418.0201
-413.3286
-359.9458
-330.4843
-346.5114
-379.8091
-424.8864
-507.6542
-527.9667
-476.2725
-428.9359
-398.6167
-398.2063
-400.0995
-413.6182
-436.5480
-473.6030
-506.5039
-522.7125
-506.4947
-465.5298
-437.4697
-423.9369
-416.9382
-410.2947
-393.0628
-405.2993
-397.7308
-361.1939
-362.1472
-375.2520
-374.7215
-369.6602
-387.4728
-430.4949
-462.4575
-457.7480
-433.1425
-452.5195
-469.2272
-418.6362
-388.5940
-381.3701
-404.9917
-483.4659
-481.8243
-388.3244
-361.1935
-360.0774
-358.8843
-316.2179
-324.7971
-371.0974
-396.8914
-421.3842
-461.5855
-510.5719
-485.4712
-440.9842
-384.3211
-352.6388
-371.9890
-396.7719
-390.8811
-333.5286
-313.4982
-324.5533
-354.0835
-396.2675
-413.2987
-401.5045
-420.8301
-437.3063
-422.2757
-375.7496
-341.4925
-346.7719
-389.6855
-393.1629
-382.0143
-393.0340
-408.8515
-425.7731
-454.4395
-516.8687
-613.3961
-675.6577
-678.1613
-676.6459
-675.9323
-672.4980
-668.6795
-666.9953
-668.1248
-673.4575
-674.2953
-674.2343
-671.8448
-672.2635
-673.8394
-674.5538
-673.9796
-673.8648
-673.6607
-670.2908
-673.0565
-677.3055
-677.3585
-678.7449
-674.9269
-673.6642
-676.3318
-675.5593
-675.7927
-678.0356
-677.8795
-678.8745
-678.3432
-678.3116
-678.6620
-678.1961
-657.0182
-593.5726
-531.7541
-493.1954
-451.0850
-422.0765
-434.3956
-458.8160
-465.7040
-457.3083
-456.9190
-450.1426
-444.9157
-384.6314
-355.7814
-344.0407
-343.5493
-343.9333
-333.4130
-346.1449
-377.2129
-429.4163
-486.9035
-453.6401
-381.3550
-366.6467
-373.2332
-401.1770
-400.4338
-400.4419
-409.7906
-388.5856
-351.4592
-336.1905
-357.6890
-375.2891
-370.8161
-366.9177
-385.1331
-423.8908
-441.9865
-425.8584
-428.2973
-439.2469
-454.3156
-472.8358
-505.2697
-558.3244
-606.9991
-637.5700
-642.2613
-628.1403
-545.8716
-474.5954
-423.9396
-406.5266
-409.8773
-417.1670
-421.6930
-398.7549
-377.2565
-368.1474
-377.0228
-381.6879
-390.8461
-410.4802
-439.9733
-474.4209
-497.6532
-471.4489
-429.3102
-392.7876
-386.9903
-410.5449
-405.3645
-430.5554
-524.7791
-576.6545
-454.5673
-361.5284
-338.0625
-363.7180
-394.0457
-422.5509
-432.1297
-426.0898
-424.9824
-443.5794
-477.7498
-482.8597
-450.4751
-469.1045
-462.5571
-373.6049
-326.9706
-322.9703
-354.0552
-390.0812
-428.6866
-474.2510
-533.1927
-561.7463
-475.2861
-409.9633
-397.9183
-424.0154
-460.0431
-487.5532
-519.1709
-548.0309
-473.8332
-413.2100
-383.1888
-373.9566
-373.3274
-369.9348
-357.5606
-363.7489
-367.1844
-377.5071
-431.2682
-510.9123
-552.4703
-580.9158
-594.3375
-627.7889
-650.7514
-660.1271
-673.2145
-678.6458
-677.2294
-674.9959
-677.7267
-677.9675
-678.6111
-678.7115
-676.4421
-677.3709
-677.0803
-677.5629
-677.7988
-675.0497
-676.2128
-678.4699
-677.9803
-678.2161
-680.4767
-680.3784
-677.2909
-676.9761
-678.5472
-671.4363
-650.8661
-628.7988
-613.9582
-606.1804
-626.7425
-657.8513
-670.7416
-676.3875
-677.6116
-678.6584
-673.0392
-663.2089
-661.6299
-661.8091
-658.7914
-601.0312
-448.7884
-372.1473
-348.7988
-362.9293
-367.4034
-406.1004
-484.1301
-548.1018
-598.1351
-618.9765
-635.8611
-657.0249
-664.6825
-671.9017
-675.6141
-672.8855
-670.7994
-671.4894
-671.8896
-674.1547
-677.7685
-679.4125
-679.3781
-678.1397
-675.6934
-673.7405
-672.3621
-669.1639
-668.1304
-669.5267
-674.4092
-677.0431
-674.6479
-673.9307
-674.3241
-673.1354
-674.0331
-674.3817
-665.8519
-659.6685
-659.5908
-656.9404
-653.6375
-663.0242
-674.4540
-669.1669
-665.3053
-667.9357
-672.8152
-675.5205
-677.9442
-679.5247
-674.9728
-674.3987
-665.1059
-644.1344
-500.9774
-360.0232
-309.0104
-314.9546
-330.4758
-336.8068
-354.3163
-397.2697
-436.1066
-427.6947
-351.0770
-317.2459
-321.7871
-337.8713
-362.1944
-382.2519
-380.6746
-393.4228
-405.7578
-416.7900
-415.0295
-390.6129
-347.3284
-344.9685
-360.3536
-365.9416
-358.8150
-373.9058
-400.0939
-364.4807
-334.9675
-340.8984
-371.9255
-404.8137
-394.2878
-337.1367
-329.6506
-377.6496
-409.2150
-350.3217
-329.8018
-360.2906
-371.4010
-379.9558
-406.8845
-404.7263
-338.5936
-295.8800
-301.7211
-334.2208
-381.8430
-428.0117
-490.2287
-399.1105
-331.4088
-330.6623
-351.2084
-366.3968
-392.7499
-410.7712
-423.1791
-390.1732
-360.0824
-368.8419
-412.5430
-401.8766
-355.0080
-346.4089
-388.9446
-374.2690
-305.8497
-269.6140
-262.4223
-285.9608
-303.6753
-326.0786
-340.2148
-346.3149
-382.1056
-385.2592
-359.7624
-370.5931
-385.5077
-430.0644
-461.1080
-400.2879
-319.9923
-277.7570
-269.1503
-288.4292
-306.7334
-301.4783
-302.6654
-311.5189
-338.0538
-372.7929
-388.8119
-392.5251
-394.3381
-394.3523
-400.2604
-404.4672
-401.2783
-398.5823
-375.7190
-371.2784
-411.2676
-407.0398
-389.7898
-382.1670
-352.0725
-341.6438
-347.6516
-361.5756
-406.0161
-415.8918
-383.0643
-363.9091
-386.4392
-431.6497
-492.7107
-462.5705
-384.3695
-329.9382
-318.0840
-313.6107
-350.4082
-362.0286
-386.6614
-447.5145
-431.2769
-371.6532
-341.2997
-352.4267
-381.4780
-399.3394
-421.0988
-448.0065
-470.9885
-506.7060
-552.3123
-584.2580
-614.7320
-626.6617
-626.3131
-622.3804
-621.1093
-623.2897
-621.3108
-625.3942
-638.7901
-645.3593
-650.7249
-654.7433
-644.8765
-635.6541
-635.2375
-636.6058
-639.5370
-644.9658
-656.2699
-662.1343
-661.7145
-661.9172
-665.8913
-668.6135
-672.0243
-672.0102
-676.7257
-676.9986
-676.6749
-678.4925
-676.1854
-661.8016
-607.6495
-507.1076
-431.3463
-404.2068
-405.7597
-408.3664
-401.5027
-422.8727
-469.1664
-495.8727
-494.1330
-438.6960
-396.2862
-388.9542
-408.1021
-420.0926
-407.9211
-400.5024
-395.4746
-405.0855
-420.5949
-440.3256
-462.3747
-497.1758
-540.9693
-556.1365
-567.9327
-581.4051
-552.5199
-492.5381
-456.4611
-455.8118
-463.1453
-484.7677
-439.7799
-369.5430
-340.3594
-332.5145
-330.3138
-338.7928
-372.3731
-368.2487
-357.3644
-360.4653
-358.6605
-381.4242
-430.2039
-460.7640
-439.4742
-375.4025
-344.6086
-341.9981
-343.1885
-351.1193
-360.5100
-384.6832
-441.7113
-408.7054
-359.3911
-324.6120
-332.4019
-376.6803
-416.1890
-392.3057
-403.2332
-453.4895
-456.7350
-403.4309
-362.2704
-355.0762
-369.2378
-411.5605
-396.4490
-355.7757
-318.5845
-326.5689
-369.9727
-402.2587
-441.9949
-506.8492
-454.9709
-363.0040
-349.6111
-375.3099
-400.5976
-420.8991
-443.0779
-448.3230
-392.9969
-357.1231
-382.6322
-412.8857
-423.4230
-428.3011
-416.5790
-415.3688
-449.5909
-461.7710
-437.3860
-420.3705
-425.6696
-435.0700
-452.8944
-416.5462
-323.9617
-304.0907
-316.0305
-337.1877
-368.4140
-389.1136
-392.9585
-386.0522
-380.4756
-360.0170
-342.2720
-368.3211
-388.1785
-398.1634
-411.4521
-367.8086
-313.0295
-312.2076
-335.1295
-346.6306
-356.3916
-385.2065
-410.9334
-439.6145
-465.6243
-439.4556
-407.0582
-380.5909
-399.8895
-464.1690
-556.6983
-527.5579
-443.6315
-405.2822
-382.0995
-362.3117
-348.7129
-354.1626
-380.1461
-351.6045
-330.7068
-358.2084
-391.3768
-431.5514
-502.5500
-536.6881
-456.0523
-395.4542
-351.2167
-357.8086
-380.2479
-428.4632
-473.9220
-481.1202
-454.4051
-399.2314
-390.6071
-421.4429
-424.3102
-427.8717
-394.4560
-353.2777
-330.6833
-341.5099
-351.4564
-358.4636
-390.9127
-451.7587
-493.8386
-440.1196
-346.8744
-310.0154
-329.5701
-358.1186
-375.2092
-385.5142
-407.0282
-438.3574
-421.3568
-407.9627
-420.3350
-422.6814
-404.2227
-414.2686
-442.5203
-457.4881
-479.0284
-535.2958
-566.8078
-586.0831
-628.0605
-646.6353
-657.7252
-664.9806
-664.5026
-666.2992
-660.8564
-659.8324
-660.3230
-650.9777
-648.1944
-638.5883
-629.2548
-627.7825
-634.5166
-644.6700
-649.1516
-653.9860
-659.0609
-660.2664
-663.8630
-670.9220
-630.9768
-577.1965
-488.1749
-401.7411
-375.9874
-401.9046
-389.9669
-339.9102
-341.4039
-340.5284
-339.2368
-352.6711
-389.2442
-425.0047
-401.3992
-351.5103
-316.0263
-343.4921
-388.7636
-400.6328
-419.3262
-475.1359
-459.9630
-399.4032
-380.7744
-398.2183
-419.7538
-402.8982
-389.1995
-408.7396
-452.4768
-466.5912
-408.9294
-373.9822
-363.0229
-360.5246
-371.8102
-381.8492
-391.5643
-336.0579
-306.1129
-337.7077
-375.4740
-379.4919
-315.1964
-290.9964
-297.7624
-313.8328
-348.1750
-382.1616
-399.7357
-412.8446
-459.0104
-495.6926
-433.6088
-385.7715
-364.3944
-364.3908
-412.5262
-514.8887
-595.3368
-495.9855
-411.7378
-359.7255
-345.5533
-391.7572
-468.1911
-471.7703
-435.4384
-392.7614
-402.9462
-433.7656
-491.8406
-578.2225
-539.4642
-496.9633
-487.2265
-495.5928
-500.9343
-524.4162
-563.3153
-550.8406
-483.3298
-447.5422
-438.7974
-425.6185
-445.1625
-485.4755
-520.8431
-554.9781
-512.6307
-486.8737
-508.8168
-536.8749
-523.5504
-509.0339
-478.8188
-437.7465
-401.8696
-401.6840
-421.5862
-439.3694
-449.2815
-465.6053
-480.4440
-496.7372
-513.5009
-500.2156
-479.8201
-484.9461
-516.8828
-524.3309
-508.1981
-474.7686
-453.0840
-469.3696
-508.4214
-486.7548
-421.3594
-433.8983
-474.8042
-447.6092
-442.5258
-460.7984
-457.5436
-442.5967
-462.5651
-450.9713
-334.1398
-291.7048
-315.5155
-347.6234
-376.0427
-413.4733
-438.7371
-430.7740
-436.4510
-449.0161
-442.7190
-454.1596
-494.3503
-512.5547
-438.7853
-387.6292
-354.0323
-354.0442
-368.9679
-377.2096
-384.2183
-409.3819
-434.4799
-451.7531
-462.6848
-488.9457
-516.3387
-522.8596
-519.2657
-549.7159
-607.7798
-650.0118
-667.7022
-677.4118
-677.5338
-677.6716
-679.0869
-677.1960
-672.3995
-665.1432
-655.0454
-650.4924
-654.2170
-651.7083
-647.7139
-644.9282
-640.5902
-635.0427
-641.3356
-658.8337
-670.1844
-667.9775
-670.3532
-673.9390
-678.1381
-679.5417
-679.9127
-676.8820
-602.7271
-487.6419
-395.7278
-354.0462
-352.8375
-365.5234
-368.9199
-374.2781
-371.4135
-364.6793
-362.7030
-369.8918
-377.2312
-407.2116
-451.8676
-479.0642
-496.2802
-499.5706
-503.2383
-515.2302
-532.7471
-546.8759
-486.0679
-403.1359
-380.3390
-372.8990
-383.2690
-424.3830
-423.9674
-377.3501
-372.7850
-381.6316
-380.1057
-353.0849
-338.6560
-359.3354
-394.5062
-417.8016
-359.9040
-332.0211
-335.9661
-368.7268
-413.1593
-422.4146
-348.7339
-287.4377
-272.0241
-294.1480
-310.3997
-324.3666
-361.6754
-401.8314
-396.1273
-391.1114
-406.6406
-484.9237
-544.1124
-496.6956
-448.6696
-404.4306
-410.3928
-457.4066
-533.3113
-571.1580
-527.5198
-455.1292
-436.2423
-446.8756
-467.5435
-492.6767
-513.0674
-530.9354
-540.2560
-549.8051
-561.9172
-568.9304
-569.1120
-560.7455
-502.0655
-428.5989
-393.0266
-408.3820
-464.2469
-460.3383
-429.1328
-404.1091
-385.4228
-388.5819
-417.2989
-451.6116
-493.5125
-520.6536
-499.8606
-487.1909
-481.8575
-453.6527
-423.6142
-427.1398
-458.2410
-462.0103
-447.8653
-479.8441
-508.2916
-463.1739
-433.3802
-441.6880
-473.6978
-514.6149
-559.3015
-491.5752
-406.5415
-392.1437
-399.9459
-411.5485
-424.3683
-427.7402
-458.2634
-492.6447
-488.5627
-472.1410
-450.1898
-457.3129
-495.0424
-522.3655
-518.0583
-468.7450
-418.6567
-408.1517
-404.4555
-426.4500
-446.1049
-485.2711
-554.1428
-475.5682
-403.8292
-394.8458
-421.8236
-438.1172
-462.9691
-439.2255
-403.1340
-369.5883
-382.4981
-418.5758
-417.6886
-399.9182
-414.6036
-494.1850
-514.0117
-457.0900
-382.2450
-313.7406
-293.7271
-291.5680
-327.7380
-403.9252
-451.1949
-422.2375
-386.6758
-381.7802
-389.4840
-406.2657
-450.8124
-514.9984
-498.7384
-445.7835
-411.3957
-385.1829
-380.5698
-402.0570
-425.5984
-434.6406
-449.3630
-447.4901
-441.4526
-451.2002
-467.1377
-484.3532
-512.6256
-567.1224
-626.6749
-663.2479
-675.0536
-677.5343
-679.6536
-679.5241
-678.7753
-671.4842
-665.2381
-652.5599
-645.0044
-649.0650
-660.6616
-671.6674
-680.7913
-681.2469
-680.4381
-678.8832
-600.7565
-538.6231
-489.1133
-457.1289
-434.4847
-351.2201
-323.4837
-328.0168
-343.2793
-351.2200
-375.5992
-404.7750
-421.3523
-428.2589
-431.0335
-405.1862
-316.1398
-287.1081
-296.8807
-328.0969
-350.7952
-381.7459
-444.3697
-516.3270
-464.2509
-389.6252
-353.8888
-351.2675
-377.7943
-406.4925
-421.6781
-410.5295
-401.1427
-423.6646
-454.5257
-433.4476
-394.0311
-398.6610
-429.9448
-455.8336
-480.7346
-527.0832
-582.1041
-629.6600
-655.6233
-665.1369
-672.7015
-675.0004
-678.0889
-679.5469
-669.0050
-608.7411
-521.1984
-459.7466
-424.2946
-385.1595
-351.0925
-349.9908
-373.9555
-394.4344
-415.8918
-406.0778
-351.7921
-330.2873
-319.6793
-304.0924
-277.3751
-266.5553
-305.6462
-357.1057
-405.5790
-448.9018
-468.1600
-357.9430
-293.7400
-292.5584
-325.4803
-412.7808
-455.7062
-424.1821
-344.9174
-294.8600
-278.3472
-281.2361
-312.9529
-380.2647
-429.7146
-440.6082
-416.6843
-420.3269
-455.8499
-511.1549
-489.3755
-420.3317
-367.9287
-371.8013
-406.9668
-469.7409
-524.1079
-571.1578
-617.7396
-655.9332
-672.9009
-676.3456
-677.8361
-653.9375
-541.7064
-445.6638
-427.6395
-471.7157
-537.2808
-499.4809
-419.2137
-389.8925
-368.0775
-348.2948
-355.2705
-386.4310
-440.2556
-439.4232
-398.7514
-381.6264
-387.1576
-405.4855
-412.5461
-399.6663
-385.6067
-394.7544
-435.3055
-472.9528
-435.8273
-386.1839
-382.6807
-417.1713
-437.6521
-458.4986
-473.6941
-479.6110
-485.9433
-466.2835
-453.5089
-459.5642
-475.6183
-492.0699
-530.7761
-584.7320
-629.5388
-645.6302
-600.5507
-518.6899
-494.8208
-490.4763
-489.8036
-475.2017
-472.5931
-436.8303
-417.7240
-421.2957
-395.9800
-372.9549
-390.3433
-427.1920
-449.5443
-456.3287
-486.9416
-450.4601
-374.8783
-341.7657
-351.9526
-366.4893
-394.7096
-421.8295
-447.8106
-449.3435
-435.1861
-434.2557
-440.0119
-474.5445
-529.3372
-586.9585
-622.3322
-640.3054
-647.6694
-659.6256
-673.2343
-679.0608
-682.0163
-679.1849
-676.8362
-675.8022
-676.0350
-676.4944
-677.4675
-679.3276
-680.1102
-680.0400
-680.0482
-679.7189
-680.0347
-680.0115
-678.7618
-676.8043
-674.9651
-674.9603
-674.0246
-676.3665
-676.9006
-676.4634
-675.6655
-676.9124
-678.8354
-681.2902
-680.8056
-678.0469
-676.6531
-676.2679
-674.4516
-671.7000
-671.1328
-671.7883
-674.4991
-675.4431
-675.0201
-677.8634
-679.4414
-677.7737
-673.6747
-668.1478
-663.9673
-661.3143
-662.9938
-632.5879
-584.6469
-564.5829
-590.4597
-629.2096
-663.0969

Coefficient 2:
0.0000
28.8502
56.4500
53.4642
42.5554
33.9306
24.2669
18.1152
18.8128
24.4798
25.6380
29.5905
33.0872
33.4666
18.2499
8.1618
12.3234
33.0519
64.5182
83.4396
86.6115
89.0103
93.9674
94.8611
84.0876
75.8665
76.8717
74.8649
65.0388
57.3082
47.0582
31.2530
19.7625
19.1587
24.4925
21.3539
13.9155
17.0098
28.9821
40.2594
50.2421
55.8438
57.2341
51.8232
39.5553
33.1550
39.4183
52.0538
55.0796
49.8027
49.6729
51.1845
33.5856
14.4758
4.4425
17.6354
33.1559
33.5456
36.8674
30.7374
21.2600
11.3499
4.4203
4.7771
5.6614
4.3139
5.3347
12.2402
12.3682
31.2312
57.3662
56.4517
57.2594
52.4666
44.2726
49.7528
54.4929
62.7028
77.4407
105.8564
119.8865
120.7288
112.2833
87.4319
74.5165
74.4119
69.1753
48.0862
104.9997
146.8888
160.7161
160.7457
172.2566
184.8693
180.1539
175.8939
159.5693
116.6756
91.4938
106.0261
100.5604
71.4930
43.4144
27.8764
23.2685
18.0738
12.3116
33.5220
89.3352
135.4823
146.9911
146.9069
141.6017
137.5212
130.8965
125.3053
136.7227
152.7731
157.7881
164.1381
167.4150
159.5030
148.6180
138.4361
141.2263
135.8864
140.1245
151.9843
156.4562
165.6136
110.7062
41.9832
-7.9943
-42.3168
-63.6532
-71.8698
-15.9887
51.6699
94.6133
104.9696
114.7824
130.4122
140.3756
138.7773
143.5194
161.4362
170.7014
158.4023
84.5083
-2.9846
-48.3071
-36.5188
18.4524
54.3997
44.1617
62.8362
121.0547
144.8366
142.2315
135.3423
138.6505
156.1408
166.4906
176.9314
166.7383
148.8001
176.5357
205.0047
206.8824
181.9728
144.0927
98.9027
60.2047
84.1008
139.9289
176.5798
183.2757
183.1018
199.1271
201.4491
186.2578
190.9873
201.2968
203.3191
191.7254
178.7872
154.7736
114.6314
60.1818
16.9654
-17.9660
-49.2709
-63.8320
-76.4386
-92.3714
-101.9953
-71.3387
-26.6344
8.7181
15.9886
76.2252
109.2172
108.4461
88.5241
152.3998
181.3976
180.2797
169.4786
152.6156
119.5093
85.3889
53.6601
-39.5590
-83.7458
-63.9651
-13.4981
43.7376
72.3799
93.6790
133.1502
147.6155
156.1546
166.3532
133.2364
60.4991
66.4705
95.6611
123.3584
139.0063
146.7773
88.1453
34.1697
-8.9318
21.4827
74.2717
105.7464
76.6819
32.9051
18.3574
21.4425
43.1378
74.6656
76.3500
79.6519
105.7626
128.3620
136.6812
153.4823
173.1726
185.9898
188.4004
178.0404
163.4737
107.9019
52.8658
15.0166
42.7892
105.6835
140.2412
157.9591
155.5018
133.8170
95.5369
116.2146
137.5023
145.0472
149.1043
158.8521
180.4123
195.0794
190.4508
189.4365
184.4441
118.2808
56.5872
12.8177
-5.2539
36.1509
94.6982
122.8037
141.4183
160.9995
165.9956
161.5219
153.1673
118.5710
51.2251
-9.4010
-50.7793
-78.9004
-88.9527
-84.0446
-47.8749
-33.6868
-28.9686
-22.6714
-15.8693
-19.3421
-18.4963
-21.8533
-26.7252
-31.3495
-26.5502
-18.1570
-15.9397
-14.1277
-6.9405
23.8755
95.2128
133.6542
147.5488
150.5221
155.7930
150.2683
144.4383
84.8059
23.3541
-29.5828
-58.5852
-34.6753
19.1604
64.9475
86.3844
98.7919
85.9366
45.2247
-4.1433
-9.8045
81.2681
130.7502
161.2771
181.1257
210.1473
208.7796
205.0365
196.7556
89.1808
24.4365
39.2468
78.6011
98.2298
100.3259
100.7268
88.6003
73.0379
40.9815
-64.1758
-111.3436
-70.6110
2.2849
60.3287
83.3510
100.6070
116.5614
118.5732
130.8969
175.7742
191.4469
183.7613
177.7141
182.8893
187.4712
194.6999
205.6969
218.2846
209.3466
177.4306
136.4697
98.0306
60.6426
36.5174
24.0409
10.6289
7.0394
-54.0782
-118.5521
-143.9761
-150.1595
-109.8669
-30.5312
34.7577
61.3948
107.8957
147.0710
168.6816
180.3872
182.6362
162.3409
126.9893
193.4879
198.0211
179.0431
170.5129
164.8107
156.2221
147.8713
142.4203
135.9663
88.5564
37.0859
-3.8841
-31.0916
-56.9895
-37.6625
69.0219
121.5234
132.9726
135.3599
143.5198
145.5805
142.8851
143.0368
141.1857
143.9530
146.6381
159.7481
170.8788
169.9474
147.6833
109.9185
84.3901
89.6747
133.3973
152.1931
159.8061
160.9709
132.0145
68.9291
8.1512
-27.5756
35.4828
96.0388
131.5725
136.3366
124.1606
128.8790
146.4967
76.1077
-11.2295
-56.0807
-84.7728
-105.5252
-61.6041
1.1210
39.1317
55.6184
66.0993
83.3260
102.1993
104.2694
84.3854
56.4657
40.5016
28.3219
14.1544
10.6077
13.1750
11.3255
11.7114
11.5370
12.0083
9.4181
10.3191
12.8674
10.5072
12.5741
15.7667
12.4349
9.8973
12.5711
11.4005
8.4523
8.8219
10.1278
9.9160
-2.9230
-55.3831
-80.3697
-101.0894
-98.6552
-46.9202
47.2481
101.1242
115.6486
102.3396
98.4695
102.9036
122.8108
151.4072
144.5106
134.6058
144.9643
159.6163
171.4169
187.4297
156.2016
73.8633
33.4618
7.8396
30.4278
99.0180
153.6825
180.9095
196.5279
199.3827
196.2837
192.4990
199.6783
199.3004
196.7803
204.3860
208.6862
205.6357
201.7639
194.7077
184.2363
166.0547
167.3207
172.0226
175.2629
170.2368
79.9383
11.4190
30.0724
65.6013
86.3678
99.8581
102.7161
83.2788
48.5568
81.4550
152.3934
191.8974
186.9938
173.1369
175.0555
175.6024
175.9377
176.3369
191.0332
186.8961
164.9177
152.2136
149.4316
150.2847
164.6274
178.4352
127.8614
48.5192
-14.6137
-45.4388
-22.5534
34.8817
87.7256
113.8002
151.6257
172.4112
156.6385
137.2394
101.1264
81.3878
90.8836
112.2328
113.8175
112.4980
29.4128
-39.1242
-37.9282
47.9609
129.4194
151.4324
162.4167
168.8043
161.6299
164.5679
167.3286
143.0408
102.8166
140.1418
116.1153
43.5351
-17.6810
-56.3703
-55.2893
28.2934
91.1476
117.9415
138.1144
152.5938
164.2084
169.7328
167.7392
179.9203
198.7515
201.7418
201.0759
193.1165
173.2835
93.0168
25.5793
-20.4861
-60.6216
-80.6237
-82.9376
-69.9784
-23.8986
8.8400
10.7389
12.8416
13.5639
16.4008
15.0142
14.2654
14.2882
11.8396
14.8608
16.0716
18.2254
18.5540
16.7197
15.7328
16.5647
16.7303
17.0167
21.6172
17.8576
11.8978
11.8285
9.8830
15.0885
16.8162
13.1985
14.2464
14.0013
10.8708
11.0786
9.7025
10.4213
10.1185
10.0338
10.6663
34.1616
85.8548
122.5300
148.4149
162.1306
155.6609
144.6838
152.2654
175.1268
197.3351
199.8792
191.4459
158.4590
58.2170
-0.6103
-35.6868
-57.5542
-72.5462
-44.8296
-0.6725
27.0532
30.4090
39.9378
9.3435
33.2491
54.0119
34.9170
3.3604
-19.4874
-32.4856
-39.4277
19.9513
93.3963
120.9725
122.4820
131.4172
146.2274
157.9818
164.6913
161.1094
164.1942
166.0953
170.8621
170.1467
167.9356
158.2920
139.6273
113.1721
90.8407
62.8265
57.9483
71.6427
117.2182
147.3185
160.6365
167.3671
153.5877
97.5831
33.2633
-24.0923
-49.7048
-64.2262
-74.0451
-43.9893
-3.8225
26.5531
44.8573
60.9506
89.4659
128.1184
146.8278
138.5694
112.6611
58.7214
6.5596
-5.2300
5.8995
25.8185
101.1173
143.7814
172.1551
179.3934
180.4690
178.9211
175.0051
170.8392
158.9401
144.7079
138.2278
146.3527
143.0675
120.2049
9.2012
-35.3759
-41.8446
-7.7082
38.3935
61.9137
69.0990
72.8066
82.0513
89.1618
10.8183
-8.5531
5.1464
34.3949
56.1402
76.6434
89.2799
103.8830
134.4822
133.6604
129.3237
124.5506
112.4243
108.8781
112.9349
114.4616
136.2121
166.1337
167.0772
134.2838
115.4250
94.8168
82.1525
63.5905
35.6935
18.7932
11.7559
9.9659
11.9990
15.0072
11.2647
10.9601
10.0800
9.9410
13.0840
11.8152
12.2118
11.5440
11.2173
15.0915
13.4644
10.2272
10.9070
10.6321
7.4421
7.6254
11.9221
12.3897
10.1651
19.1385
41.8033
63.5439
72.1953
70.5449
53.4187
35.2478
20.4360
12.9787
11.4257
10.0376
16.8336
28.8847
28.6576
22.1913
22.6007
73.1644
165.1813
188.1688
181.8056
162.8826
166.7191
172.8848
153.0979
116.8651
86.8138
75.3347
58.4537
36.0039
27.4204
18.5747
14.3120
18.1541
21.0564
20.0538
19.4105
16.2782
11.2706
8.9788
8.9407
10.7275
14.1398
16.7787
18.8310
23.2972
24.5953
22.4770
15.7231
12.2040
15.6221
16.5729
15.9568
17.5559
16.4256
15.5475
26.0949
34.2475
34.6830
38.7426
42.8650
30.6660
15.4670
23.0220
28.3496
24.7703
17.7297
13.5056
10.4685
8.7215
14.8266
15.7166
27.3550
49.2866
163.7731
196.1011
196.6001
185.2506
170.1328
172.0687
181.5671
185.8630
190.2474
209.6306
181.0069
148.3683
127.7878
120.7528
128.4587
137.3401
130.7090
119.5640
113.9068
94.1263
46.0559
27.4786
79.0820
110.1653
104.4023
104.6974
116.4545
114.6723
100.2267
104.4415
121.6030
143.7821
154.2813
157.3045
149.2759
150.6371
151.6563
137.3410
106.7048
68.6535
65.8190
61.6140
71.3678
62.4572
27.3108
7.6403
39.9253
85.9373
116.7709
97.6602
66.9371
70.2576
60.2974
22.9994
47.7247
82.1170
102.8733
127.2828
145.8122
151.6854
153.1703
153.0184
144.1596
140.1559
148.8796
158.8341
145.0152
126.7046
92.1298
35.3462
77.5313
128.3457
137.3914
127.4702
134.8852
143.2297
155.0930
169.6128
152.6875
132.2735
156.1525
182.2112
192.3789
179.9772
114.2928
-2.5181
29.3312
92.5181
123.8714
123.7238
117.3350
112.2040
103.5816
102.8552
110.8573
133.4322
154.5903
169.0779
182.5005
187.0695
174.2649
168.2708
171.2563
179.6076
162.3145
122.3229
86.8463
9.4159
-45.7827
-48.9910
11.6711
57.3758
67.6148
47.1666
21.4472
-29.1127
-23.1847
17.5224
64.2539
83.2411
86.8566
-0.8898
-12.8609
31.1091
71.5198
44.3187
6.6359
-33.2060
-35.1492
14.6874
82.0753
115.4959
132.0714
138.7990
143.5340
162.2984
177.6281
187.0758
192.2754
178.7506
149.2979
117.6322
76.2319
44.1853
21.7648
6.8103
-1.4958
-6.2670
-10.7632
-11.8569
-11.6296
-5.5566
-1.4532
2.4821
5.8660
2.3596
-5.6480
-6.9836
-4.9412
0.7256
1.7259
3.9025
8.2530
11.4745
12.1854
13.7732
17.9917
19.2166
12.6933
12.3334
12.8021
10.2797
13.3884
31.0150
92.1789
125.9504
133.0936
130.4777
131.9955
137.1786
152.5949
165.9772
164.9356
155.4035
154.3647
164.5488
162.4810
153.2703
152.1885
153.7329
163.7787
178.7259
198.9957
201.9642
181.8604
139.0140
112.8624
101.9580
98.1083
114.0873
122.3514
117.6801
143.0797
174.3138
183.7782
179.5298
177.5369
175.7407
177.8161
166.7580
159.8337
159.0650
161.2182
172.5813
171.8471
141.2448
140.2916
166.2410
187.3400
192.7458
191.7056
189.8303
195.7821
188.3376
166.1327
145.8849
129.6470
120.5761
122.0284
136.3468
138.5533
28.7459
-6.7845
32.2397
86.4601
104.5533
105.3144
124.8043
148.6993
154.5349
173.7530
176.9639
178.8154
173.8290
170.6441
156.9480
69.1936
26.0355
8.6639
-16.9513
-44.5388
-60.0897
-74.8245
-78.2931
15.3649
78.8274
117.1132
133.8025
146.6531
163.5045
170.0661
168.1299
121.5013
55.3070
-6.2821
-48.3833
-84.1497
-110.3441
-92.6329
-37.7913
14.1951
30.3177
5.7564
-30.3386
-67.1986
-89.4754
-98.3203
-57.0079
48.7666
113.8824
141.0258
153.3884
156.8763
155.7897
159.2145
169.7469
178.1961
154.2324
89.1000
27.9177
-17.9357
-48.2974
-66.9289
-2.1826
84.6914
134.4538
139.8941
134.6944
128.9298
135.3243
151.8150
164.3568
149.8271
64.9277
14.8735
46.8187
106.3227
139.0537
120.2027
15.5149
-32.4112
-31.1790
25.6482
86.6577
121.1386
125.3284
117.4729
127.7071
141.5157
151.5883
167.1032
175.2252
161.6112
95.1496
-34.2756
-72.8337
-28.3397
23.9544
69.9360
83.4845
79.2719
45.4554
-0.6889
27.4206
81.6237
98.4561
39.7968
-4.9954
48.8750
130.5761
169.8098
171.9968
159.7841
163.9237
173.1199
167.4850
150.9543
118.4955
132.4126
147.3389
145.7848
147.9520
147.7846
160.0903
183.7153
196.8941
191.3942
173.4973
155.7805
138.0207
91.2552
40.6336
-0.4926
-29.4275
-46.8582
-43.9162
-14.1513
-8.3019
-4.7052
4.7452
8.0480
8.8769
11.5747
10.2688
14.7610
14.2698
9.0499
10.7043
9.6793
17.7818
26.2191
33.6740
36.0258
40.1342
45.9157
43.3854
37.1332
35.6910
30.6772
20.8202
71.8236
136.5015
182.5059
183.9124
181.9756
175.7750
127.2244
32.9194
-39.9664
-58.2537
-28.2137
25.3050
56.4097
73.1212
114.0458
124.5230
73.9627
24.5128
-23.2695
-49.9625
-55.5634
-50.3261
39.3036
84.8645
100.4645
105.2564
114.4045
86.5590
85.7903
112.0059
136.4646
131.2646
46.6062
14.6647
42.1844
100.9671
131.4368
150.1130
170.0603
127.8386
67.6343
11.2703
-21.5256
-12.8996
72.3770
114.1980
125.7953
147.9375
158.5543
179.2150
174.8416
127.3931
99.6346
135.2935
173.4817
183.0513
183.5557
191.8313
181.7086
142.5371
99.4570
167.2738
193.6602
203.9767
213.9398
206.1164
188.6382
208.2089
202.5385
132.1874
60.6713
10.9468
-2.2696
5.2437
74.7093
135.5549
141.1314
117.1378
119.5190
129.7804
121.6053
125.4216
157.4794
168.0995
167.1921
168.4778
169.5852
130.1352
76.8520
49.8898
24.1809
36.6973
81.2972
112.4155
64.5060
8.4413
-30.2786
-4.8792
64.3687
113.0872
114.4417
109.9361
131.5599
154.8382
163.1222
154.8594
147.1762
140.5601
144.4025
146.1203
142.5401
134.7072
113.8817
60.4258
16.1209
-12.7679
-33.5986
-2.5255
55.2793
99.9961
113.8965
112.5923
114.9572
113.4930
119.9822
140.1322
149.8250
114.6858
134.7615
152.2715
158.7059
167.2274
179.3196
192.5888
200.5582
214.6777
224.1994
228.7136
231.2490
222.1680
193.2254
119.5072
70.9801
64.6664
106.7830
137.3635
136.7768
140.5105
147.1560
150.7747
156.0388
160.5092
168.3514
165.6453
150.1302
138.8186
93.3866
61.5116
46.3327
31.6495
22.4440
11.3207
11.5153
11.3976
8.9889
5.4319
1.8331
-0.6094
-1.6164
-4.8373
-8.7902
-9.2588
-8.7711
-9.9284
-11.5180
-2.2105
1.3929
-0.5081
1.7064
9.8860
7.7922
6.2807
6.9998
8.7809
8.2326
11.8812
90.5764
142.6753
174.0599
175.9705
160.4456
146.6196
132.8634
122.9085
123.6775
123.2205
124.3385
127.8199
143.4052
158.8514
163.4061
156.9519
150.5468
149.7479
151.4551
143.7821
135.1069
133.7474
132.0049
127.0969
116.6323
116.3648
132.1234
153.0763
147.7273
52.0853
-24.4495
-73.0060
-89.4573
-47.6570
-0.4997
29.4421
38.5892
26.7204
33.7736
59.2096
47.6626
12.6836
-11.4043
-36.3995
37.8648
99.8063
122.3854
113.5544
108.6574
126.6659
145.1748
140.1084
132.4645
133.8126
128.6758
119.2473
66.1729
-38.2767
-61.5839
-6.1339
45.6890
67.0180
70.1995
70.0076
18.1464
16.6656
42.6352
80.8935
114.2623
137.4777
147.4615
149.5744
151.9924
151.2330
145.3483
141.8676
144.3863
154.5610
185.4001
181.2602
178.0078
176.2580
150.0735
42.1167
-53.7903
-94.1018
-80.2984
-34.0538
11.2928
34.4006
53.8269
88.2270
134.1692
151.8914
163.5965
171.4409
171.1398
178.5908
187.3727
192.2357
195.8193
182.7702
176.2713
163.1363
136.2874
122.1649
116.1866
125.9399
126.6285
80.1726
69.3026
72.9391
75.1069
84.5988
93.6584
111.3388
118.2055
90.0557
94.8916
124.4568
144.0647
149.4692
158.7032
165.4981
113.9658
71.8462
91.6089
88.1456
42.3965
0.2495
-30.0779
-37.0004
-7.3332
108.4905
146.6535
162.0098
166.8486
173.5039
160.4105
42.9346
4.9296
51.5513
95.0171
101.9004
85.6576
86.2448
81.0014
71.1828
-22.8143
-108.2928
-82.9194
3.8930
73.7014
106.5184
115.4458
109.7646
87.6816
111.5553
139.3134
136.9415
145.3324
161.2959
158.1751
134.1483
97.7484
76.6664
101.5949
133.2961
149.7961
154.2790
158.4855
167.0676
165.9146
162.2806
162.7475
159.5141
157.9068
158.9892
143.9072
104.2020
57.5564
26.6740
14.4301
10.9463
8.4047
7.9288
7.6417
10.9177
9.0934
5.6728
3.8029
2.8123
5.0701
7.3420
6.7835
6.3921
7.5275
9.6881
107.7667
171.2407
191.5647
185.5729
175.7699
78.5934
4.6288
-49.5156
-68.6521
-38.5738
4.4917
24.7062
-2.0119
-42.5023
-69.7099
-49.2726
46.4647
114.2166
139.2173
143.8415
156.2853
172.5628
165.7696
152.9106
63.0958
6.6192
-1.3480
27.9579
70.3467
89.4499
79.7287
82.3203
118.7600
143.2327
131.5411
103.0698
91.7673
92.1541
91.0691
94.0553
99.4146
87.6980
65.4208
53.1623
39.4416
27.9191
17.7114
14.7344
10.7113
8.5926
22.9901
80.8239
101.7533
109.2136
110.3621
127.8993
152.2541
168.7296
172.1386
171.1707
171.2258
184.7467
188.1075
168.2112
151.3044
140.2966
116.6466
69.1630
25.1544
8.9630
16.5908
63.4550
71.2942
54.2619
68.7429
92.3139
100.2511
94.1253
24.2791
-42.6240
2.3184
67.4492
101.4854
124.8325
144.4297
123.2251
85.5496
87.7117
140.0034
183.5676
184.2250
140.4432
26.8470
22.7598
67.4684
97.4374
80.6990
42.4097
22.9931
17.2331
16.2948
21.2825
15.5672
13.1436
11.1664
-25.0156
-89.9121
-39.3124
21.3438
70.2292
75.3831
96.7936
132.4113
155.2638
161.2241
165.2027
164.3942
165.7795
163.3992
94.3664
26.1000
23.0050
58.0947
96.4370
100.3901
103.2423
112.3436
127.2399
142.5941
138.8727
106.4051
83.7618
80.5300
79.3306
89.8117
90.0468
47.3634
10.6620
-7.6056
51.6440
119.4845
141.8087
146.2825
152.9510
136.2235
101.8482
70.4908
53.0168
-2.7439
-41.9776
-48.1706
10.4388
88.6293
113.8586
101.7454
66.0681
25.4527
-8.0894
17.2899
84.1861
143.0979
170.4534
170.3067
166.5024
154.4453
148.4528
157.0434
162.0544
155.3139
162.2269
187.1641
211.7857
212.1853
193.6360
180.9939
181.2615
188.8450
171.7101
129.1829
79.5418
56.5147
51.3751
50.6382
35.7871
17.4676
9.4063
5.2863
8.3577
10.5130
11.5538
12.5190
13.0650
11.6963
9.0711
7.9875
8.0726
8.0660
8.5336
8.0845
8.1110
9.8290
12.6072
15.1581
15.1587
16.4557
13.1802
12.3947
13.0917
14.2195
12.4825
9.7839
6.3477
7.0021
10.8189
12.7981
13.3515
15.8783
19.7413
20.4092
19.5884
15.8433
14.4525
14.9868
11.1490
8.9244
11.2833
16.0678
6.8554
-3.8339
-7.2619
-7.7429
35.1720
68.8133
78.0358
65.0782
42.1410
20.1842

Coefficient 3:
0.0000
23.0348
35.3605
37.7691
35.6403
29.5902
22.5436
16.1848
16.1553
21.5232
24.4159
28.1675
30.7835
30.6496
20.6027
1.8965
-1.8831
3.9268
3.4636
-14.6062
-27.2359
-24.2311
-8.6123
18.3479
40.6131
52.3937
59.0950
69.3342
76.8032
74.1290
58.7886
32.3233
17.3018
18.1044
22.9333
29.4100
30.6267
4.5906
-18.7545
-24.1612
-22.2727
-0.4012
35.1426
46.4976
36.1456
30.5993
32.7098
32.5854
2.6351
-26.1918
-25.9908
-9.1235
16.4486
28.5909
26.2007
25.0105
19.0358
14.6241
15.0526
13.3632
9.6717
1.4716
-6.0746
-13.8824
-24.3766
-34.7166
-39.8178
-36.1170
-40.6892
-32.2415
-13.9029
-11.6338
-21.9176
-27.7212
-28.7249
-32.7935
-37.1370
-33.9539
-37.6820
-83.9894
-84.3093
-49.6705
-13.2407
-2.6198
11.3990
31.0265
41.3745
39.6610
-67.1525
-82.7058
-76.7636
-68.4782
-46.5756
-25.8136
-22.1978
-14.5261
0.9058
7.0724
20.0140
33.2540
35.2849
34.5253
28.2303
16.6921
12.4548
8.5841
-20.2300
-19.4774
7.2849
2.6845
0.7251
6.6712
12.7022
22.4072
22.7837
26.5236
47.4646
62.8390
67.8038
54.1134
11.1909
-18.3685
-23.5489
-10.2923
-2.8397
-25.7590
-29.5776
-6.3281
18.1327
5.1068
0.3553
31.0462
47.4512
55.6380
52.4656
46.8025
69.8941
45.8368
3.7215
-19.9031
-27.6625
-28.6313
-15.8573
-5.7577
-2.9981
9.4473
19.4793
39.5363
60.9791
64.2109
51.5434
58.0330
81.0556
93.9731
87.6185
69.3391
13.6151
-32.2387
-49.2277
-50.5800
-41.8002
-21.2347
6.4888
17.6161
12.4279
-5.6154
-23.6565
-21.8830
-6.5958
12.2033
23.1323
-11.1631
-78.6231
-78.4737
-70.4148
-75.4996
-80.7313
-73.7015
-53.1393
-29.6524
-16.9106
4.6587
29.5582
33.9083
5.4109
-10.8495
-1.9355
44.0223
76.5777
85.9017
91.1630
85.0350
74.1506
72.5734
71.5412
72.1079
88.4498
96.4225
76.9153
42.6801
69.2590
85.8299
83.0021
68.8242
57.2182
10.2411
-2.4587
10.7519
40.7169
62.8033
64.2847
44.7201
43.4989
36.7426
38.9385
42.3669
52.0960
68.5943
67.9512
17.9075
-44.5900
-56.5594
-28.5462
-3.4787
10.1337
19.3993
14.5688
12.1543
22.3454
42.3588
47.8831
45.6961
44.9862
59.2343
38.4840
27.8181
51.7873
57.7515
60.2515
95.4048
65.7692
32.2891
44.3449
42.0905
-6.4628
-39.8245
-41.4225
-32.0297
-12.5685
18.5919
17.3974
-11.0427
-15.7383
32.7619
65.5405
70.7411
71.0394
72.8109
47.3386
11.8234
10.3654
23.5536
44.6949
40.8577
36.0290
49.5872
39.8547
6.4136
-3.1079
-18.2611
-34.2261
-30.5680
-9.1051
37.9445
54.5928
51.1483
45.7300
56.3026
56.2445
67.0075
61.9184
19.0640
8.6350
18.0977
31.9934
67.4017
105.0805
103.9935
78.0988
48.2414
32.1583
30.7856
28.2026
1.4138
-18.8513
-32.8320
-39.5348
-42.1635
-38.2450
-41.8224
-47.8790
-51.1853
-45.2834
-37.3936
-31.4543
-29.6696
-24.6103
10.5021
43.5105
32.4482
36.3294
54.6081
31.6849
-16.3806
-41.7090
1.7540
39.0869
45.8337
46.0151
62.9011
61.0609
55.6008
53.0448
47.9123
68.8325
83.6952
75.5246
52.1216
15.9220
5.6741
8.6985
20.7443
28.0169
9.9508
-12.9222
-4.9548
52.4003
48.9791
61.0444
59.8917
65.7141
94.9681
98.6450
105.7690
115.1188
101.8200
88.6752
52.1675
49.6450
43.3440
23.0708
11.0281
8.7923
16.0020
23.8781
-16.8654
-48.6001
-72.2906
-77.4970
-62.5186
-51.0231
-37.5101
-15.0027
5.2326
29.3959
44.8191
46.6264
38.9032
31.3926
23.9400
15.5042
12.1394
8.4121
6.8555
1.1672
11.4407
22.2833
22.2485
43.5730
78.4077
108.2222
128.1870
64.9284
-4.2572
-35.4458
-35.4265
-11.5189
20.7198
45.2275
12.6289
-12.0841
-37.7524
-61.9441
-72.2059
-66.1226
-56.8162
-44.1097
-19.2177
35.0798
65.3439
68.4457
72.4901
61.0422
63.8421
32.6708
-8.1830
-26.5374
-31.8708
-47.0971
-71.2334
-86.9591
-83.0063
-69.0129
-48.2927
-24.2295
10.8870
38.5356
63.3791
80.5294
74.6101
60.8752
69.3601
52.2113
28.1875
11.0110
17.9741
54.2588
106.7837
131.5368
99.3092
87.3839
45.8640
27.6930
33.6965
51.4308
31.9393
18.8630
46.7363
53.6009
42.1157
34.1435
30.4594
63.7178
84.1180
83.7702
85.4204
78.6234
74.6895
75.1235
79.0744
71.7141
50.8970
35.9746
25.3028
13.4676
10.1163
12.6446
10.5148
9.1506
8.8432
9.3590
7.8040
9.8415
12.5072
10.2195
12.1863
15.1334
12.0183
9.5279
12.1244
11.0574
8.2007
8.5595
9.8208
9.6149
21.0970
76.2357
78.2926
48.2091
21.1294
24.1969
32.6934
-2.6112
-39.5499
-56.6008
-51.8258
-34.8570
-15.4246
8.0141
25.8153
10.5239
-19.8990
-50.4300
-50.6834
-30.3909
5.3911
4.8324
0.2039
-10.7432
-10.2367
-3.8094
-9.5205
-11.2898
-3.7605
-1.7295
-5.6259
-15.0981
3.0607
31.4129
53.4637
71.9894
70.9389
55.1005
14.5179
-27.4673
-40.0968
-34.6420
-28.8773
-4.7271
32.0512
47.3929
54.7196
35.6397
47.2669
53.3004
52.0427
67.2919
86.6727
31.8416
-18.0507
-16.0500
-5.9203
-8.4505
-11.9855
-0.0688
21.5822
45.4357
63.6901
67.5131
63.7682
8.4214
-28.3558
-36.4976
-34.5996
-46.9329
-53.5155
-34.9759
7.7881
28.9961
29.3408
37.0892
62.8054
70.8622
58.5165
58.7380
67.4379
36.4686
28.2830
38.9035
32.1240
36.5164
43.4433
50.5296
65.7076
74.1170
85.8011
27.7436
-3.2612
10.7790
24.1420
-20.7186
-35.2549
-17.2279
-2.7518
5.4962
22.5986
30.0866
-0.6346
0.5681
26.6220
53.9872
64.8740
63.0819
59.1905
59.0340
11.6796
-5.8603
1.9611
20.2612
10.7767
-14.4099
-13.0630
4.3697
2.6794
-37.6264
-66.5396
-73.9372
-59.5235
-13.5567
-10.6406
-23.6698
-38.5792
-43.9740
-46.8498
-41.5841
-17.5296
11.5384
10.4850
12.4719
12.9990
14.5206
12.1348
12.0841
12.9176
11.1198
14.2406
15.5045
17.4250
17.8761
16.0851
15.1669
16.0543
16.2284
16.5107
20.6482
17.3076
11.4946
11.4404
9.5410
14.1959
15.7561
12.5806
13.5052
13.4928
10.4833
10.6538
9.3694
9.9969
9.1910
9.7892
10.3472
18.1392
25.5745
12.2210
2.8494
-28.7796
-54.7446
-46.9032
-18.9986
7.6004
19.1465
16.3874
5.2022
-5.7320
21.5633
31.9315
29.2792
26.5028
10.6443
22.7140
45.9955
61.9223
76.2242
87.5839
89.2221
80.9567
76.4986
77.0101
60.5303
49.0341
37.7469
31.4551
52.0725
36.5759
10.5919
-4.2366
-19.8043
-37.6752
-39.1605
-34.8092
-14.3027
9.8538
3.1826
5.9069
12.8296
24.5524
29.5764
35.1002
49.4352
60.1238
50.9938
48.3329
55.5342
45.2635
20.5803
-3.1146
-16.9938
-0.4813
36.0101
54.4343
49.6941
30.6267
16.3894
13.4616
39.3178
57.7309
60.5500
58.9467
68.8369
83.2746
54.7012
14.6443
10.1760
38.2727
68.0057
55.6615
47.1271
53.2635
24.3183
13.5961
-1.7788
-4.4787
-1.4425
11.1431
16.6786
9.3304
-12.2575
-24.5421
-13.6286
15.0391
21.3775
-13.0500
-21.1752
53.9139
43.4195
15.2984
22.4321
44.8651
56.4752
58.1605
66.8725
86.3328
98.5291
97.4499
86.0262
78.2693
75.5280
75.2901
75.8185
83.6000
81.0515
44.3156
13.4411
-19.0109
-43.0374
-51.1697
-59.2387
-59.1100
-55.1790
-52.8726
-49.2141
-32.1231
-6.8189
12.9210
31.6752
40.9489
35.8397
31.1059
27.2352
14.5711
9.4801
11.5782
14.1612
10.7571
10.5516
9.7594
9.6291
12.5804
11.4402
11.7931
11.1686
10.8638
14.6966
13.1222
9.7607
10.4056
10.2925
7.1238
7.4367
11.5308
12.0610
9.8307
15.7716
28.5743
37.9014
36.8881
26.2710
21.6544
26.8560
17.9230
11.9610
10.9124
9.7893
13.5280
20.5980
17.8554
9.1208
7.1777
17.3811
-11.7893
-23.4770
-23.6417
-30.3994
-24.7588
-9.7149
3.8415
17.3177
30.4273
37.1917
32.0223
23.8590
20.9468
15.6659
13.9727
17.7664
20.5272
19.4459
18.5815
15.6556
10.9473
8.7537
8.4750
10.3582
13.6245
15.9686
18.2598
22.5578
23.3895
20.8709
14.5537
11.6192
15.1172
15.8818
15.0949
16.4642
15.7340
13.9905
20.3846
26.7606
27.9507
32.8247
35.7297
26.3437
13.7580
21.5269
26.4476
23.2723
15.9558
10.7993
8.7581
8.2154
13.3904
14.4882
22.0159
28.4542
25.7445
-18.6182
-33.0073
-37.1817
-34.8154
-28.4369
-18.8249
-5.4967
14.3415
30.5537
-15.7890
-41.4449
-32.9720
-18.0704
-7.3646
4.9144
4.9685
23.2454
48.7702
54.4560
48.6150
35.7275
37.0896
31.4520
31.0942
35.9923
37.8673
44.5819
48.6864
31.2366
5.6782
-21.1207
-25.6801
2.8095
3.7977
-10.2634
-0.1192
24.3537
39.8893
26.0856
24.7616
25.8635
38.1696
47.2726
41.8146
20.3184
24.8963
12.6158
-0.3738
19.5183
23.5691
24.8542
25.0686
39.3080
28.2559
4.5461
-3.4894
-4.7436
-0.2775
-2.6263
-6.1693
-24.7374
-33.5730
-26.0050
-9.3974
-16.7615
-6.2126
15.3644
35.7716
46.9010
41.8740
1.8801
-31.1593
-39.6190
-36.5771
-34.0142
-38.0838
-33.8551
-13.1941
-7.2806
-21.5378
-29.6936
-21.6478
-7.1601
23.8912
20.5884
10.3206
-22.5031
-42.9033
-47.8959
-41.8421
-51.0303
-53.7231
-47.8279
-34.1176
-15.1433
14.0131
32.0622
46.9528
47.1849
33.1476
27.1953
21.4731
12.2577
-7.2083
-1.3813
8.0570
28.2866
27.4109
32.9810
59.5214
42.0176
32.7603
46.5447
51.5577
56.5480
77.1878
71.5457
56.8181
61.7919
71.0878
83.0810
75.5320
35.1531
13.1291
46.4794
68.0944
50.7497
45.8180
67.9816
59.5988
27.4536
3.2336
-5.1814
-0.3832
8.4745
20.6749
39.3494
54.9145
65.6732
66.0734
58.1046
29.0602
7.6273
-9.9702
-22.1154
-26.5384
-29.0357
-30.8368
-29.0400
-27.2032
-20.1937
-15.2880
-10.2182
-11.5436
-16.9105
-22.2973
-19.8612
-18.3408
-14.3462
-10.7040
-5.4927
-0.4391
2.8782
4.9116
8.8423
16.5577
18.3148
12.2186
11.9347
12.4346
10.0535
12.7232
23.0135
53.4107
23.9514
6.7686
4.4046
3.7839
-7.6788
-9.8860
1.1965
18.0979
29.4732
34.6407
5.7190
-18.4117
-29.3890
-30.0773
-30.0335
-28.8892
-21.9606
-11.2107
-4.4582
0.3097
-15.6822
-29.9994
-24.4354
2.0600
33.7106
49.5424
56.9670
64.1119
46.8097
30.4075
24.4661
32.8223
55.1510
19.8953
-32.8216
-64.9525
-82.9878
-88.0087
-69.8927
-43.5331
-42.0125
-34.6793
-35.5866
-45.4405
-39.2678
-18.1155
5.0582
-2.5463
-57.2335
-84.8418
-79.2573
-70.6323
-59.5143
-44.0978
-23.3455
0.5187
55.5893
45.1112
43.5461
35.9110
37.2916
43.0981
22.7124
7.2561
15.9142
8.1787
-41.2549
-73.0786
-79.7965
-68.7859
-43.5394
11.4481
36.1995
54.4525
75.2553
80.3694
77.4785
71.3423
74.0880
86.5952
26.5578
-1.5724
-10.3014
-10.8642
-14.7842
-23.0143
-30.9357
-31.0597
-13.3551
-7.7934
7.7790
12.6136
18.7445
41.3443
61.5095
68.9088
76.6895
101.3525
110.4361
96.4616
85.9349
72.0554
69.4766
47.0036
22.0738
9.8144
10.2979
18.2254
13.2144
-0.2200
-11.6400
-22.7097
-5.1025
34.8806
45.4317
38.3086
30.7443
26.0100
52.2895
27.2204
0.4323
-18.6247
-44.8474
-57.9990
-54.8388
-38.5434
-10.4858
3.9419
4.8986
-9.7877
1.7300
7.1155
16.1171
39.6977
-7.3712
-25.1207
-26.3064
-0.4084
7.2447
-7.7199
-17.5888
-17.6085
-37.2782
-47.3204
-36.4435
-9.4262
13.6712
34.4896
67.4538
70.1245
33.8914
39.8161
45.4098
55.9599
77.8574
92.6662
77.9776
33.8574
21.5330
21.2769
31.8551
34.3806
19.9646
26.7849
16.5016
-19.7768
-54.1135
-72.4467
-75.5491
-58.3677
-24.4470
3.7709
12.3286
-27.4455
-57.3363
-68.8499
-61.6394
-57.7930
-42.1324
-11.0114
9.8786
-13.3772
-35.8484
-44.8301
-34.0920
16.9982
60.4894
79.6400
86.7057
74.7633
62.7202
37.2323
3.5023
-23.8994
-21.3888
-14.5790
-4.9968
-1.1547
-2.0816
0.1364
-0.9447
-8.1936
-12.0602
-15.4394
-9.3082
-2.5564
4.8891
11.5528
23.1680
37.7625
39.4817
35.1314
34.3916
29.5887
20.1043
56.0980
92.3919
45.7590
-34.0610
-54.9153
-38.1251
3.7249
29.1125
31.0661
40.8871
57.4862
58.5585
66.3727
78.6253
47.6637
20.5368
48.6196
71.8019
87.4286
74.5317
51.0357
53.5079
100.0360
57.2947
25.7607
26.4611
28.5337
14.7737
31.9172
52.7405
65.0938
65.3253
64.3122
45.6727
38.4835
25.4630
18.2253
0.8164
-18.0557
-7.2996
26.4611
51.0374
68.4466
79.4612
60.9634
25.5576
3.7363
7.3913
18.1404
34.3814
46.3555
56.0697
58.7840
63.3018
30.4631
1.0028
-26.3317
-31.7217
-16.5980
19.7341
45.7144
23.8820
-27.6811
-63.3078
-67.0342
-40.3852
10.7911
43.6254
39.0480
78.5643
104.5232
97.1661
80.8757
53.9423
54.0870
48.8328
44.1294
52.3474
67.2420
73.6607
79.2186
40.2380
18.7292
6.1572
-7.5331
-24.6225
-8.5827
31.7160
52.6951
38.0938
5.7174
23.8850
61.3198
99.2385
146.2386
146.2173
111.5885
96.5854
72.3044
45.2481
38.0496
23.8802
4.2406
0.4299
3.1770
7.8262
24.9607
36.1568
45.9623
60.1926
82.8330
83.5018
78.1049
96.0442
117.0135
120.9123
119.3969
140.9312
122.0348
103.2198
88.2454
51.7773
34.3215
20.2016
12.9811
13.4415
31.5584
48.2334
-9.7815
-48.6538
-60.9457
-48.2927
-34.8764
-4.0846
7.7171
14.2158
25.1666
35.6290
31.4358
34.2036
46.8733
35.7152
-23.0777
-44.9903
-51.4950
-66.5074
-71.1938
-71.6237
-68.5248
-49.4335
-30.7282
-15.6880
-1.8786
9.7773
16.0860
34.7827
45.2620
39.7980
33.4380
25.8595
20.8445
10.9940
10.9459
11.0455
8.7066
5.3092
1.6800
-1.0887
-3.7248
-8.7929
-13.2585
-15.0162
-15.4903
-18.7449
-23.8817
-15.9168
-9.7123
-5.6760
-0.0411
8.0292
6.4374
4.8462
6.1098
8.5110
7.8952
9.8533
49.6514
19.1982
-26.8567
-39.8043
-45.5070
-48.8808
-52.3738
-48.2016
-41.0750
-47.0398
-48.6802
-48.6298
-37.7107
-14.5659
11.9011
20.2045
23.3302
26.3675
34.8621
37.5424
44.8150
58.8833
42.0039
14.8376
-1.9058
-10.5182
-6.2274
4.1533
22.1723
62.8287
67.4272
53.3377
51.8216
68.6206
56.5870
51.6892
59.5076
75.1849
70.3763
53.3372
66.8623
80.8379
87.6736
67.1681
59.4181
9.9114
-24.1426
-41.7152
-58.9588
-51.9473
-42.7495
-25.7402
-31.6035
-25.6684
0.9635
24.8445
52.2000
75.6988
70.1016
92.7606
87.6288
90.1269
106.5416
110.2679
105.6203
91.6845
61.3449
25.6122
14.7838
18.4329
28.7403
41.8938
58.2222
69.9171
77.0894
85.0797
92.8466
98.7665
64.4239
-11.2390
-41.6928
-29.4818
-6.1410
18.5426
27.6031
12.5115
19.4193
45.3559
62.5199
76.3914
96.2019
98.8840
68.7782
56.7472
46.2423
17.6328
-5.7066
4.6899
25.2958
31.6076
27.3723
39.0233
50.3501
9.1144
-18.1051
-14.4161
1.4139
38.8840
71.2568
83.7669
54.6925
23.5264
-11.3341
-21.5203
-21.2476
-17.5389
-2.6534
39.2076
53.5295
44.6732
28.5554
31.9045
47.7436
61.1182
67.1401
68.6904
54.9272
64.0194
83.1931
85.7598
70.8545
51.1882
29.5302
44.8211
39.3416
34.6839
36.7882
50.2317
61.8662
75.3441
59.7475
60.4165
50.0081
52.0199
47.6928
40.9724
49.6970
54.9808
71.2177
70.8111
75.5314
47.7827
-2.0030
-21.7032
-11.6435
5.7219
-4.7268
1.0522
-7.7171
-19.2857
-20.6387
-14.3711
-4.7514
6.6777
-17.8066
-33.8384
-27.1644
-45.1749
-50.2337
-42.8344
-30.2175
-10.1173
2.7163
-8.3870
-23.2458
-30.4858
-25.5751
-13.3438
-2.6770
9.2039
18.4214
18.9109
12.9993
9.7865
7.8362
6.6278
5.0147
1.9695
-7.0637
-20.1069
-26.7112
-25.9442
-15.5682
-3.9487
6.2678
6.1897
7.2997
9.3488
74.6409
86.0886
50.5990
0.8105
-17.9717
-6.1358
-8.3095
-16.5701
-8.7441
27.1636
52.9047
75.5765
98.5892
97.8215
89.3468
82.8813
57.8405
30.1929
21.5957
30.5433
38.7652
46.1724
41.5645
36.6758
-14.3964
-21.6167
-11.0118
17.0691
39.4339
44.7368
26.3462
-9.0339
-13.5608
-5.7447
2.2278
10.6334
8.4433
2.8092
-2.1402
0.6099
23.8432
48.6455
47.9920
42.8090
34.3207
24.1320
15.3664
13.2300
10.0839
7.8728
20.7184
57.6391
60.8285
47.7829
37.9505
2.8805
-27.0743
-27.6783
-10.1479
6.1363
24.2240
26.6198
-15.5641
-42.9560
-57.0412
-66.9735
-37.2027
15.9041
40.2995
48.3034
61.8076
93.2118
112.5757
80.8526
37.0239
15.6903
23.5464
39.6712
55.8566
80.8523
72.4036
26.7014
-17.1365
-48.7869
-45.7681
-17.8932
-7.9301
14.0232
12.6245
0.1723
11.1429
38.9054
70.4982
91.3288
75.5686
73.8774
100.0523
115.3506
119.8109
110.8542
77.4804
35.2936
15.8690
12.4242
10.8174
27.2543
35.7860
57.2282
59.6699
70.0545
85.9894
70.6813
42.6224
1.3553
-47.5987
-69.2368
-56.7264
-29.1459
-8.0385
-9.6203
3.3563
33.1884
54.5411
60.2121
45.5362
11.1365
-17.8157
-21.0136
-5.2434
17.8997
20.7565
22.5564
17.4441
26.2615
50.7883
65.2812
64.5422
46.2951
25.7985
40.6440
23.0645
9.0228
-4.0167
3.3935
26.8934
46.6662
53.0960
42.8251
34.2718
21.2755
12.1517
44.8960
50.9899
27.5451
21.4622
33.3758
31.1729
21.0273
26.4992
21.7896
9.3839
-10.4772
-13.5310
-5.7089
7.0055
-4.5801
-36.2394
-53.3129
-53.6143
-38.3157
-8.3135
17.5097
39.6832
37.1068
2.2154
-20.1324
-15.4408
-3.0823
2.0675
2.5355
15.3970
32.6157
42.3859
32.2261
16.5150
8.9765
5.0616
6.2868
6.9313
8.1293
11.0781
12.7205
11.3737
8.7652
7.7502
7.7956
7.8017
8.2737
7.8171
7.8263
9.4054
12.2050
14.6091
14.5901
15.8085
12.6433
11.7778
12.6963
13.8235
12.1635
9.5256
6.1943
6.7607
10.3340
12.3334
12.9136
15.3216
19.1001
19.3963
18.8588
15.3692
13.8257
14.1969
10.8674
8.6589
11.0186
16.4796
23.7290
28.4870
30.2293
29.2057
60.2686
87.0406
88.3325
77.5428
56.2617
26.9937

Coefficient 4:
0.0000
16.4426
16.9522
23.9963
27.3955
25.0700
20.0349
13.3865
12.5481
17.7709
22.6300
25.9322
27.2231
22.0363
4.4311
-4.3134
3.1546
4.8326
-6.6148
-21.0068
-24.4333
-17.6433
-8.5644
-6.8882
-3.5076
1.6784
0.1438
5.5033
15.7945
21.8365
20.8063
16.8073
13.8903
16.5689
20.5242
13.2064
-10.0962
-10.4100
0.7463
13.6173
35.2547
46.0359
45.5053
38.8191
30.9120
26.6616
27.4208
20.7011
6.2670
-20.2429
-20.5236
-0.9860
-1.3718
-3.3452
6.1472
10.0743
10.5812
16.1741
19.9064
24.5147
27.2865
26.5123
29.5635
49.6100
59.6861
60.0995
59.3365
31.9880
7.6388
7.0954
-1.3916
1.8798
5.9557
3.8343
-0.7608
0.7078
-7.2460
-8.1079
-9.6254
-14.6921
-6.8657
-13.3607
-17.7787
-11.0395
3.0477
20.1282
26.6647
29.4578
-21.4055
-8.4380
-2.5357
-4.2249
-4.3214
-9.5122
-14.1369
-18.4486
-24.2263
-17.0478
-1.3620
9.5982
13.4928
17.3443
21.3673
18.2446
16.7701
27.8122
64.1497
72.7889
77.0121
80.6462
75.6661
65.1146
62.1155
58.3764
56.6272
56.2904
42.3336
31.0919
23.2231
9.5581
25.1494
39.7124
49.3466
45.4938
59.5905
72.5161
70.9551
50.8646
35.6697
19.7576
49.8467
71.2352
80.2644
81.5618
84.5772
80.1718
74.9677
43.7907
17.6843
8.2245
-0.6314
-6.8065
-12.1655
-20.4049
-6.7632
16.2502
18.8415
15.5651
37.9775
64.3213
74.9269
86.0041
92.0650
106.7084
127.7019
124.2902
89.3266
64.8145
56.1230
46.5815
49.5640
56.0311
54.0308
58.4963
59.6561
53.8840
26.5546
0.3817
-4.6992
-1.1433
9.3287
29.2452
33.4655
27.4536
2.7494
-12.2634
-8.5247
-7.6926
-12.3440
-21.9462
-20.7905
-14.3988
-10.5168
-9.8828
3.3341
22.0798
23.5069
7.8161
9.4863
18.9672
31.8769
41.3291
43.9754
45.9879
39.8811
25.0232
17.4549
10.8371
4.9277
7.6113
33.3403
36.2927
37.1003
38.9547
15.9631
21.6960
34.1749
35.4287
24.6917
36.2258
37.5922
31.8418
44.6352
80.5017
95.4791
90.5366
68.3970
56.6112
44.6900
14.5369
16.5056
22.2269
22.8866
47.3429
62.5649
67.4869
66.1672
58.6795
53.4859
51.1638
58.0572
62.2904
77.4526
85.5858
70.2182
64.0960
60.5543
66.6622
64.3742
70.0719
79.4315
83.2586
76.4642
57.2019
28.3128
14.9157
5.4783
-10.5690
-28.9964
-41.3403
-39.3981
-20.2638
5.4352
0.9300
9.6247
25.0893
30.6407
4.0221
-19.6572
-12.2746
-6.8933
0.9971
35.1928
63.6733
63.8033
53.8210
26.7006
18.5221
12.1440
-4.8783
-14.1306
-15.5189
-9.1806
-10.2730
-1.7232
10.2029
31.3931
41.8789
27.2009
13.2144
10.6515
28.9350
52.7123
70.9289
87.2206
86.5200
75.0979
61.3818
57.2820
53.9232
42.1844
27.3906
6.3905
21.7674
42.5101
52.8017
59.0471
69.9493
87.6471
93.6078
93.5753
93.8762
102.0690
109.1148
107.4491
99.2224
79.1842
56.9518
72.0766
84.0071
84.5475
69.8417
72.8018
72.8577
63.5240
57.9073
64.3556
75.1111
89.5591
102.1190
83.8797
53.0256
38.8120
41.1060
35.1629
36.3226
52.4354
38.3150
11.3059
-8.1605
-29.0622
-31.8714
-35.0858
-39.6072
-25.5964
-10.2647
-15.8098
2.3222
15.8548
16.2109
15.3744
13.2148
31.6492
45.4159
43.9221
47.4806
70.6786
77.0288
76.3386
67.3383
51.4477
39.2715
40.6915
43.0937
31.7008
22.3896
21.1866
16.0596
5.6119
-0.2783
-15.0552
-23.6239
-31.2757
-43.5629
-45.0568
-36.4729
-22.7048
-18.8932
-14.2010
-7.2118
-2.3888
3.4196
6.0650
6.5564
47.9120
67.1366
73.9143
81.0452
98.4664
103.6493
84.0675
68.3191
17.5629
8.0004
7.4178
14.6472
10.6236
13.8641
19.2555
-39.4742
-39.8141
-38.5875
-27.4272
-4.5268
19.1168
27.1830
24.0813
12.1961
-7.2417
-9.5665
-11.3400
-3.1973
6.4820
14.6102
-35.9425
-48.3493
-49.3249
-47.6376
-37.8079
-20.4645
-3.3147
14.8897
33.1131
41.8261
37.1818
27.3732
23.2628
25.3776
36.0725
37.0827
29.9628
43.5346
49.8013
39.5682
27.7421
17.9497
2.8298
-9.2302
-9.9812
6.2302
16.5508
16.8414
13.7173
11.3992
22.4794
37.1208
47.9536
71.4120
92.6799
105.3832
107.5932
100.6172
110.2801
108.7114
99.1714
90.6399
85.6053
83.4344
87.7606
85.7569
69.7313
43.9149
29.3562
20.9017
12.3800
9.3415
11.8044
12.1838
17.4921
18.5546
16.6308
11.1691
9.8093
11.9245
9.7517
11.5667
14.1361
11.3532
8.9304
11.4051
10.4991
7.7912
8.1341
9.3207
9.1231
-1.1256
-14.4266
2.2735
14.0820
9.2738
7.3640
-24.3896
-34.9176
-20.7251
3.7286
29.2469
33.9399
28.9028
24.2186
37.2497
49.3330
47.4600
34.0832
17.6063
6.0953
-0.7876
15.5314
18.1707
21.0220
22.5939
1.5185
-25.7077
-42.9018
-43.7464
-44.5018
-43.6017
-18.3784
-10.6857
-11.9453
-11.6106
-13.4916
-16.3732
-23.2647
-26.9928
-15.6028
2.2984
7.9480
-6.3226
-23.3082
-41.2280
-46.1482
-37.6691
-8.9996
17.7669
37.0052
46.0078
47.9225
36.8122
21.6090
28.4077
26.4698
3.7127
-21.4964
-27.4562
-14.0322
-10.7753
-12.9843
-11.0362
-10.1381
-20.9461
-11.8971
28.5259
59.0445
72.2094
68.5856
49.5771
34.0799
47.4520
57.9203
58.2303
65.1036
82.1096
92.7178
70.0226
33.6676
7.8257
10.6964
38.7079
54.4117
80.8383
90.7597
78.5540
72.2947
64.3735
61.6785
74.0435
60.7007
35.4322
10.5428
-26.7855
-17.9438
0.9541
19.3438
35.1690
43.9155
46.2984
35.7438
44.8359
38.2047
23.1003
17.0677
17.2265
27.8753
32.3570
5.3523
-6.7692
-18.4267
-20.4196
-5.7116
-3.9445
-3.8421
-2.8349
-14.5897
-30.8427
-18.6299
-13.1751
-10.9551
-8.5536
-14.7760
2.0727
7.2351
6.9204
11.0046
17.5693
23.2463
20.5073
9.6995
10.0692
11.8782
12.8772
16.2499
20.7047
23.8255
22.8100
16.3371
14.6844
14.7384
17.6326
17.2365
15.0765
14.2682
15.2346
15.4181
15.7017
19.1680
16.4169
10.8441
10.8104
8.9889
12.8248
14.1260
11.6174
12.3689
12.6761
9.8562
9.9711
8.8340
9.3295
8.7066
9.3891
9.8375
1.4640
-3.5764
-11.1373
-17.1601
-20.9138
0.3005
14.5338
4.4215
-9.0720
-26.4693
-36.9550
-15.9030
16.2606
33.3594
43.9004
45.4221
43.1782
35.4302
48.1835
62.6033
76.6390
86.1318
69.4349
70.4811
63.0394
52.6628
43.9804
45.3145
51.4065
35.9772
25.2736
15.1872
5.5604
-0.2110
-1.3478
2.8841
15.0090
31.3534
48.3783
57.2545
68.2285
79.1451
80.9212
82.2493
85.5629
83.5383
77.9764
63.6964
44.8248
37.4682
34.8715
43.6794
69.8368
80.8253
70.7590
54.4969
33.0224
34.8896
56.0979
75.9450
78.1134
70.1691
61.4713
77.0846
97.2098
107.1370
96.1502
79.4702
64.9180
44.5989
37.5700
28.0341
15.9100
19.6722
39.0206
47.9222
46.2729
15.5864
20.6973
0.0761
-7.3946
0.9515
4.6951
6.9427
11.5825
15.0765
33.9622
53.4103
62.1369
60.4591
65.2725
62.3403
44.0897
43.7568
25.2667
38.8598
54.3617
55.4261
58.8310
65.2746
55.9898
59.1239
83.8104
95.1667
98.3305
94.6849
86.7105
79.4034
60.8472
61.6492
78.5795
74.8674
63.4098
50.7466
41.2096
36.0626
30.5111
26.6067
17.7979
14.1693
8.4799
0.9810
-0.2760
-6.5348
-5.3955
5.8931
9.4646
7.0887
7.2493
8.7677
10.9044
12.8604
9.9588
9.8895
9.2362
9.1201
11.7765
10.8322
11.1101
10.5570
10.2911
14.0526
12.5649
9.0309
9.6272
9.7408
6.6094
7.1280
10.9033
11.5232
9.2908
10.8548
18.9915
27.8294
33.8773
34.0484
27.1000
19.3311
14.1479
10.4047
10.1020
9.3833
9.2043
9.6894
9.0982
10.5587
12.5930
13.1323
14.9170
20.5218
22.9084
24.5915
25.5372
19.2948
14.1620
7.6525
7.7536
8.0727
7.6673
9.3014
12.8460
11.9755
13.4199
17.1388
19.6702
18.4643
17.2659
14.6629
10.4220
8.3859
7.7689
9.7821
12.7927
14.8149
17.3483
21.3720
21.5023
18.4107
12.7714
10.7075
14.2995
14.7691
13.7243
14.7605
14.6406
12.1441
12.7570
16.3228
18.2054
24.0907
26.0470
20.2218
11.1978
19.2470
23.4862
20.9266
13.5500
7.5676
6.6848
7.4269
11.2589
12.6217
14.4960
8.1701
-30.3254
-23.8700
-19.0494
-18.6306
-7.6493
-1.2327
-5.0173
-10.5366
-8.8124
-20.4813
-21.6640
2.1483
34.8937
54.0187
56.2430
51.8320
62.1840
46.3345
27.0414
16.7224
24.7852
30.7498
20.5723
0.5615
-7.9268
-15.2833
-17.7003
-14.5410
-3.8909
31.0203
50.8963
53.0583
33.6406
13.2518
-4.2758
7.0481
20.0346
21.0692
20.0015
58.8785
73.3074
69.4068
62.1734
47.8857
34.2516
39.8614
53.4225
48.2452
47.2024
34.4903
23.0750
23.5290
31.5009
78.2695
81.6207
76.0678
69.4691
58.4789
47.2450
35.5062
27.3986
50.6653
68.9747
71.2665
57.8192
51.6751
28.2821
4.3024
-14.5105
-16.8272
-18.3451
-22.4502
-14.7241
-2.9216
0.1037
2.1843
8.0985
1.1816
5.5760
11.7805
-0.1178
-14.3600
-13.4551
-8.7667
-9.4518
22.6663
7.0730
-10.8383
-18.2920
-23.1316
-15.6229
-11.9958
-2.1815
11.7346
21.0114
7.4200
-6.8545
-18.3580
-22.6282
-34.9803
-46.2412
-50.1316
-57.0081
-55.6151
-29.5074
-0.9449
18.2864
25.4730
30.2233
36.4538
54.9247
64.9647
72.7722
72.4225
76.0835
90.3783
103.6685
97.8564
89.0218
83.1168
84.4358
98.4430
104.8172
71.3799
49.3703
26.5502
19.7886
34.0373
49.8393
51.9989
15.1106
7.9181
9.4040
9.5160
14.0385
14.7799
16.1756
12.4542
-0.7191
-6.7694
-3.8748
2.9036
-2.9910
4.2432
24.1908
52.7913
63.2811
63.6466
69.5560
66.4234
52.3704
46.3533
40.0769
33.9305
39.6034
45.5724
45.8219
47.4655
43.5993
41.0573
32.4464
27.9769
28.3172
27.2640
21.3698
19.6925
16.7819
16.8698
11.4550
11.2920
11.8382
9.6839
11.6949
12.2002
12.7836
57.4336
66.1699
62.0259
54.4324
49.9013
52.6479
52.5551
41.5382
42.0662
47.8684
50.6882
45.0802
32.3704
27.9043
31.1343
26.9594
15.9066
1.4886
-9.0235
2.7354
23.8679
23.6447
23.2387
26.7409
19.4158
9.2975
10.7269
18.9652
29.2168
37.5226
38.9848
47.7742
57.6587
59.6385
57.2471
49.8864
39.5944
29.4110
30.5500
29.1185
41.1860
43.2610
22.4618
0.4247
-9.2597
-18.9796
-22.9589
-28.3536
-17.5593
12.0744
41.0351
60.2903
66.1389
69.4112
72.6944
62.8981
32.2114
35.2267
34.2995
21.1396
8.9725
12.0419
3.2464
-6.1816
-4.3906
-8.0015
8.3267
22.3588
32.8108
36.7957
39.3835
46.3684
64.3256
62.5193
47.3235
32.9103
30.0553
23.2173
23.8078
42.8092
22.5219
4.4867
-14.8730
-25.8942
-32.1059
-28.7390
-14.9388
30.8580
55.6056
65.2336
73.0055
77.4329
80.0997
101.7814
106.9614
98.6445
97.5511
88.3150
71.3197
56.3291
58.9878
55.3525
36.8657
-26.2076
-46.0964
-55.5422
-61.2194
-65.3075
-65.0257
-61.6207
-56.0407
-51.4995
-51.8662
-53.8992
-53.2371
-46.0903
-35.9286
-25.7420
-12.6164
-50.8730
-60.8159
-60.7250
-46.8143
-24.7609
-7.3427
7.3368
16.3118
16.8682
25.9474
44.5391
55.8591
47.7451
31.2707
29.9793
83.2644
63.9181
44.1158
58.2591
61.2818
49.5472
54.8758
63.1031
43.7401
15.4014
2.9911
-1.2675
-0.9070
-5.1490
-7.3665
16.9242
22.8294
44.0669
47.3927
35.3424
20.7924
20.5864
32.4056
33.8488
39.3358
36.4000
21.0158
32.7220
38.9672
17.1520
-25.3199
-33.4959
-21.4811
5.0319
16.9136
14.7319
0.7899
1.5571
52.5581
51.9142
35.4730
20.3479
7.2259
-1.3481
-6.9544
-12.0136
-25.2571
-19.2787
1.4527
15.5649
31.6445
24.4494
3.6669
2.3611
18.0259
27.4484
20.3726
24.2700
27.1658
24.5206
23.9696
18.7312
16.6772
18.0115
15.9991
20.2764
21.0074
19.4529
27.1432
28.5335
39.3436
49.0071
47.3135
42.2715
34.7956
36.0919
34.9533
32.1107
32.2965
27.8224
18.9434
34.2989
38.4690
-0.0955
11.7692
30.2875
37.1910
49.9339
52.6467
61.1949
85.3181
105.7216
100.5199
78.7661
58.5220
25.6833
17.9177
15.1127
14.1372
22.4675
32.6679
20.5588
13.5769
13.9438
26.8493
34.4320
36.9170
35.1820
48.6156
62.6365
69.4954
67.6478
55.0021
45.9724
47.7516
47.5974
28.2279
12.8790
1.7837
-2.8096
11.3064
21.0976
24.1832
25.3491
24.3280
-12.1421
-23.5087
-34.2275
-49.7811
-60.9827
-62.3202
-61.1673
-51.2892
-46.5138
-20.6396
5.3542
21.8581
15.4649
4.4529
1.3177
3.2326
10.4629
-3.5647
-3.6445
-13.6235
-25.2373
-32.0566
-29.3490
-27.2613
-29.0958
-34.2979
-16.6501
0.1726
10.4674
7.9645
24.4337
33.7272
41.2614
55.5402
76.3567
83.3271
64.1983
32.5433
24.0204
20.0541
18.7745
23.5395
32.8593
37.9841
47.9230
56.3965
57.2793
70.6781
81.2619
67.0560
37.7109
29.6403
26.8345
19.4221
12.0504
12.7596
12.9711
23.0494
19.1179
6.1758
2.3772
16.7762
30.6783
58.5807
80.7694
87.3844
91.8391
101.2848
113.6003
97.8505
75.2363
54.7656
34.1733
33.6273
32.1991
31.3848
21.6171
45.9051
64.5023
73.5126
82.6557
80.4927
74.9646
81.4008
43.7849
13.8118
2.9025
-14.0510
-32.8764
-49.8162
-57.1091
-53.9538
-52.2474
-55.9162
-55.3259
-48.9203
-31.9478
4.1609
4.2276
6.1275
-3.1020
-5.5551
3.4366
4.8076
2.1710
-5.2621
-10.6543
-13.6568
-15.0296
-24.7945
-22.0118
-3.8952
22.5441
36.1653
44.9418
31.6877
20.2358
10.1421
10.0593
10.4766
8.7415
11.5022
18.0679
27.3355
39.5747
45.2475
40.7817
43.5586
48.4719
50.4586
54.9275
61.5109
54.6778
34.2387
20.5063
22.4740
19.5489
14.7771
9.6010
8.0715
7.3545
7.1492
23.6780
56.2514
53.5222
41.9862
35.7496
39.6044
43.0705
44.0245
43.1942
42.0756
43.3653
46.7439
51.3723
43.8171
36.8408
41.1812
41.8749
46.6738
49.2841
48.1351
48.3772
50.7401
70.3808
75.2017
71.5981
63.1977
55.7919
43.2392
42.8050
51.1120
66.2782
76.5135
91.1638
106.8413
100.6771
94.5779
74.6721
57.9822
60.2685
54.3993
38.0519
26.7784
22.9430
27.9829
8.0200
-13.2363
-6.1913
6.4302
18.4223
33.5734
35.3826
42.3611
61.4913
65.8671
62.5700
54.5102
36.0746
35.1721
45.4124
70.2558
68.2930
52.7271
35.3832
36.4606
75.7710
104.6591
102.8329
78.9169
54.0605
29.0820
10.4328
1.4064
5.0700
9.8177
14.5887
25.4643
34.7692
35.5289
-4.5107
-2.4915
20.6454
33.8768
32.0239
55.6299
63.4471
60.1437
75.9603
102.1551
116.2226
114.7063
99.0860
73.5886
40.6963
21.3933
7.2807
-0.4709
-2.5133
-2.8752
-13.0254
-12.2361
-11.4217
-14.0611
-21.2598
0.1307
43.9453
68.2671
74.9224
68.8773
54.4552
74.1857
90.3942
90.6395
86.3151
79.5532
78.6653
81.7653
72.2669
67.3815
73.7908
76.0041
68.5645
54.1904
39.3363
24.0409
41.8193
64.8268
64.3603
46.3885
25.1227
18.1597
25.9511
24.4669
1.9123
-29.1380
-42.3439
-40.8816
-36.6220
-35.0899
-32.2231
-20.7050
0.6221
21.0983
26.9482
27.1009
46.1348
47.3325
49.5825
50.0757
69.4455
88.2772
98.8207
59.0735
19.3167
7.0492
5.7537
-1.9042
10.7599
29.2649
20.6551
11.8681
4.6533
0.8909
-5.3138
-8.3875
-14.5779
-5.8094
-3.8890
-16.1334
-8.8730
-7.0739
-16.0637
-25.1515
-25.8267
-12.4200
1.8420
3.5063
-4.2013
-11.9992
-11.9078
-0.6748
14.3957
17.7346
11.9219
9.3957
7.3947
6.7166
6.4051
11.0123
12.7207
20.9776
25.9243
22.4724
14.2575
7.2895
6.0873
5.8612
6.9288
8.8038
32.2670
5.9353
-9.4547
-3.8444
17.1916
54.9380
68.6411
70.5098
78.7841
100.1821
105.6616
100.0637
83.7091
69.9970
57.4592
49.4052
1.9351
-29.8394
-41.2945
-42.1788
-43.9589
-45.3952
-44.5314
-43.5467
34.8458
34.5832
28.2007
37.6581
46.4873
56.3913
70.1190
75.6652
75.6541
67.8575
63.1559
72.9925
91.8975
94.5863
90.8446
84.2527
88.6707
89.3080
72.3021
46.5443
29.0347
18.4098
11.9365
11.2104
9.0975
6.9387
17.1807
61.3918
105.7026
109.4363
87.3161
55.4657
37.0465
22.9876
14.5615
13.9950
17.8719
3.6429
1.2418
11.2282
24.4324
22.3364
-0.6603
-16.6521
-19.5962
-22.9169
-15.3126
-5.7352
2.1962
30.6851
31.8612
46.4907
53.0672
52.6175
74.1531
101.8450
93.9008
68.5703
56.5761
32.1424
19.3930
15.3570
7.7607
21.9345
23.1116
18.2997
23.4997
35.3350
57.7661
69.9068
56.1679
50.8173
41.1794
30.6596
17.4083
8.7881
7.2668
11.4548
11.5108
11.3071
10.2500
-8.3728
18.5105
51.6641
52.1258
39.9731
36.0288
17.8393
-4.1702
-7.8694
7.3333
26.9577
47.7599
53.1389
33.0880
59.0762
57.4999
56.1063
64.9884
71.2281
80.0877
85.9662
75.9285
67.4590
54.5504
46.8088
70.6322
67.2170
66.4233
77.2617
78.2974
62.2120
57.1396
58.6563
53.5240
56.3814
38.2275
26.6468
25.8087
27.8337
38.5043
47.6416
38.1211
28.9251
34.1524
44.1942
53.3064
81.7274
90.3253
108.4563
129.0832
132.0729
110.6302
93.9809
88.0326
58.2948
27.5929
12.3503
14.3766
29.9384
31.5734
60.0008
56.7837
34.3468
18.7700
3.2171
-13.8190
-37.0888
-37.6564
-23.2583
-20.8793
-18.5950
-13.9171
-7.7841
3.9497
14.8891
23.2852
28.2144
31.6292
26.8850
14.9960
8.2840
4.7651
5.0721
6.0754
8.6703
11.6174
12.1617
10.8508
8.2717
7.3677
7.3563
7.3778
7.8522
7.3828
7.3681
8.7438
11.5551
13.7253
13.6706
14.7592
11.7801
10.8135
12.0560
13.1849
11.6459
9.1034
5.9430
6.3776
9.5785
11.5989
12.2260
14.4563
18.0960
17.8652
17.6949
14.5977
12.8479
13.0306
10.4211
8.2254
10.5855
14.7603
6.4428
-2.1816
-6.0370
-5.4559
16.0289
17.5806
16.4007
14.7954
10.9231
11.8847

Coefficient 5:
0.0000
11.4807
8.0380
14.4986
19.4746
20.7758
17.1633
10.2037
8.8625
14.3574
20.5209
23.0705
22.7845
19.5965
25.6046
30.1178
30.7869
30.1906
19.4355
12.1531
14.4713
17.8749
23.8104
20.0028
2.6140
0.9581
12.1475
16.1118
20.2784
24.9308
23.2718
14.4758
10.9329
14.8008
17.7911
20.8227
19.8473
35.9523
26.8993
20.9137
23.9728
33.4308
31.0208
29.9745
24.4562
21.7736
24.0398
19.4698
34.8017
49.0025
47.1067
42.3660
49.5773
56.2547
46.7468
33.6370
22.0346
17.2607
16.4246
15.4188
18.5062
17.5846
14.0074
17.2563
22.1224
23.2314
17.1384
1.7174
-7.5063
-3.4868
3.4413
7.1281
11.1466
13.8987
8.3544
5.1207
2.6085
10.4282
14.7125
27.2946
27.6211
22.4718
19.8930
19.8898
21.7470
16.3262
15.7288
19.6134
15.2900
8.2286
4.6249
2.3574
12.4989
23.0720
13.7280
9.5681
13.8385
11.1772
10.3215
15.2179
16.3653
12.8835
14.0809
18.5431
20.6873
20.9271
3.9479
-8.8352
-4.9673
1.5278
1.0539
3.1720
18.5683
35.0009
46.4273
49.2849
36.7195
27.8181
22.9679
9.4664
12.3646
20.8620
33.1428
29.9498
20.0704
9.7015
11.8114
17.5533
13.3997
12.8582
-3.1336
-3.6886
0.3985
2.6603
4.4372
0.8994
-14.9034
-12.8526
-10.9461
-12.0363
-12.3238
-11.8490
-14.4379
-17.2834
1.1510
11.8185
10.3781
1.8047
-29.0746
-30.8364
-17.8765
-6.8526
-6.2628
-6.5623
-3.9624
-1.1761
2.5567
3.5975
8.1420
5.3204
2.1184
12.1556
18.9678
27.3727
31.8900
30.0868
38.9635
47.0906
47.2049
36.9507
36.2843
50.7550
35.0636
17.5697
5.1232
12.0269
18.5304
26.4254
32.4941
32.9546
30.4022
22.0087
9.0972
-0.3431
12.3884
23.1857
31.4216
28.4505
21.6903
22.2759
21.6710
16.6550
21.8901
28.1989
27.8614
20.7488
7.4731
-4.8304
-1.0631
1.6669
7.5250
-0.8569
1.8527
11.3243
-5.2111
9.0360
12.4184
15.4943
12.6588
7.0712
10.8237
17.5043
-9.1514
-1.2421
18.3534
28.6038
25.5555
15.5788
4.0556
-1.2754
9.0998
18.8574
20.9979
8.8224
12.1857
10.9217
14.9918
25.3742
21.7008
20.6170
30.5118
35.9991
38.0430
20.4292
15.2796
18.6363
13.0799
16.3899
21.5940
33.9985
26.3810
19.1164
20.8013
24.2078
5.6923
-2.5803
-1.7887
-11.5409
-19.6593
-21.2298
-10.1232
15.6303
21.6986
22.5774
14.9215
10.2734
4.7065
-6.9729
5.6861
26.9636
28.4108
18.0528
26.5250
37.6710
32.7641
27.7849
40.0819
47.5111
37.7388
35.2371
28.6351
17.6694
-9.1380
-25.5864
-22.2000
-14.8488
-11.6892
-11.7521
1.7280
6.9984
12.4732
31.8765
35.3330
27.3390
17.6958
21.0078
34.1002
36.5417
44.3294
47.2530
44.3413
41.6263
34.4224
27.8159
29.5121
25.3356
17.1203
13.3418
13.0890
9.5786
0.9662
0.2798
3.4728
4.2934
6.2010
7.9948
9.7199
15.8820
13.5066
16.6594
20.9426
21.3606
11.9807
9.1456
4.7235
-22.8564
-23.0320
-16.2830
-8.4669
-0.6274
1.5202
4.0711
0.5470
3.8498
12.2970
23.9438
44.0585
52.3092
28.5758
3.5085
-21.9291
-42.9320
-52.8247
-51.3136
-32.0975
-15.9236
-10.5661
-9.8688
-6.2554
0.6752
10.7321
19.2656
22.2383
20.6527
21.3904
2.2361
-8.6529
-7.6399
-8.0947
0.2095
1.2605
-8.6504
-10.7712
-1.5661
6.9207
16.8548
-13.3175
-19.5763
-16.7073
-16.5457
-21.9099
-17.5256
-19.9254
-23.1479
-21.5427
-19.8307
-12.6680
-15.5431
-18.9086
-18.5387
-15.6605
-5.1673
4.7134
6.1530
-14.3868
-3.9910
8.5124
11.9901
20.9092
26.4464
14.2281
-7.5436
5.0933
25.4656
26.7192
25.8243
32.2078
30.1085
18.2756
-43.3989
-42.6117
-18.8071
7.7920
18.5466
24.8724
28.7904
30.8529
34.5632
35.9432
26.0522
21.3148
22.8700
19.1619
12.7960
3.8532
4.6952
8.5578
16.4705
21.5950
27.9443
34.0080
32.3564
24.3143
16.2754
20.5524
23.2863
18.0523
8.3600
5.4275
-2.4771
0.0914
18.0851
31.3752
35.8635
36.7727
36.1121
37.8858
33.0425
23.5116
16.6470
12.6509
26.9698
42.9174
43.2891
32.1702
26.8249
30.5866
9.1083
12.0444
20.7485
21.5263
18.2398
18.0550
2.3801
-7.4045
-15.4336
-14.1198
-4.9807
-0.3591
4.1088
12.7467
26.0124
21.7947
15.8985
10.9702
8.3427
10.7142
9.5036
11.2536
11.7861
12.9776
10.0299
9.3424
11.1444
9.1208
10.7531
12.8546
10.4796
8.1304
10.4478
9.7452
7.2380
7.5629
8.6446
8.4549
16.7343
34.5565
47.6201
51.0759
46.9144
40.2597
12.4782
2.4117
4.2892
14.2333
17.7298
13.5762
16.1249
24.6865
14.8064
14.8149
7.7591
-8.1077
-18.8469
-15.8640
-8.3710
3.2253
11.8153
14.5527
13.4614
2.2077
9.2853
23.4856
26.7084
30.2195
25.9074
-4.0859
-34.6408
-46.9406
-41.3313
-46.9328
-62.5921
-72.6756
-49.6308
-5.6104
15.8793
17.5042
1.2420
-18.9309
-29.1119
-17.9204
14.5943
10.0257
7.4317
1.9588
2.0341
7.8192
13.0137
43.3805
63.0847
51.7676
26.8847
27.7887
32.8600
21.6710
2.3242
-13.2563
-20.1553
-23.5125
-23.0607
21.0751
38.8787
35.9421
32.1431
38.6270
38.9243
36.7376
12.3386
5.0474
4.8932
4.7732
1.6037
0.6152
6.8733
1.2914
-9.4592
15.5324
14.6075
7.2022
5.9656
11.4160
5.9678
1.5355
5.6703
12.2409
0.5267
27.9443
24.2145
-5.2671
-39.0976
-23.6789
-2.5167
11.5006
13.5671
9.5680
9.4409
14.8816
24.3160
18.1854
6.9259
9.5804
22.8915
34.1831
32.1372
1.9225
11.1747
15.3293
23.0111
30.2913
29.6769
11.5708
-11.3905
-35.0948
-45.4015
-27.8646
-16.1585
-5.6837
0.6042
-0.3623
-0.1524
0.3180
7.3003
21.9190
33.2126
33.6922
25.3235
9.9168
9.5022
11.0915
12.4680
15.7552
14.6164
12.9188
11.6353
10.4035
12.4041
13.4631
14.9335
15.4977
13.7612
13.0973
14.1479
14.3358
14.6355
17.3463
15.2222
9.9769
9.9625
8.2516
11.1288
12.1076
10.3974
10.9669
11.5932
9.0163
9.0656
8.1237
8.4723
8.6432
8.8444
9.1675
-7.1500
-23.4094
-23.7873
-14.4961
3.1079
17.5705
18.7339
6.3110
-6.5548
-21.7031
-27.8854
-7.8624
11.0800
5.9679
7.3315
15.9795
20.6188
17.0657
14.4070
14.0619
7.8221
7.5506
1.1343
5.8380
11.8336
15.7245
20.6836
33.5760
42.3608
39.3746
29.6398
-2.9358
-6.7750
-12.3097
-14.5535
-3.2502
8.4975
11.2420
18.1263
26.2649
30.1096
30.5452
26.9699
28.2538
28.2872
27.0043
25.4222
17.5179
19.1549
20.7579
19.0432
23.8325
16.2993
28.3377
41.9460
49.2886
52.9043
39.9895
36.1677
37.6156
32.6291
32.2584
29.6503
34.9785
27.8952
19.0655
18.9531
15.9430
-3.6333
-9.4030
3.6579
10.9379
18.3709
23.7475
42.3799
53.6039
53.6273
47.1844
15.7935
-2.3997
-22.0339
-43.7601
-52.5578
-45.3142
-39.0187
-24.7804
-10.8510
-7.6129
-4.5415
12.7793
32.0769
34.6257
38.6573
21.5371
14.8099
28.7381
38.5622
34.0971
35.2625
41.6347
32.7471
11.9775
1.9816
16.6848
24.2399
26.3585
24.6663
27.3221
28.8370
29.4839
29.9341
15.2841
8.4895
3.0760
3.2259
11.1328
14.7813
17.9754
6.8248
9.0862
18.4173
19.9181
10.5988
6.4051
2.8641
-5.7132
7.4769
15.8448
10.0306
7.9310
10.0155
11.2487
8.9341
9.0009
8.5265
8.4296
10.7207
10.0154
10.1850
9.7295
9.5226
13.1800
11.8115
8.1015
8.6477
8.9976
5.9216
6.7076
10.0733
10.7910
8.5703
5.2807
6.5416
14.7902
19.6742
20.1115
15.5664
10.1463
9.6563
8.4961
9.0559
8.8314
5.2059
-0.5236
0.7535
8.0867
13.1463
-4.8653
-3.7229
-2.4104
-0.7674
11.6917
16.9207
18.7019
15.1918
9.5670
-0.7356
-10.1963
-9.1538
-1.9830
5.9588
8.7339
12.6719
16.2977
18.5212
17.1537
15.5561
13.3632
9.7142
7.8864
6.9145
9.0510
11.6832
13.4306
16.1517
19.8044
19.1001
15.3825
10.5987
9.5536
13.2028
13.2907
11.9373
12.6024
13.2266
10.4412
4.8901
5.1532
7.2790
14.0062
15.9671
13.4583
8.1649
16.4257
19.7488
17.9400
11.0823
5.0391
4.9805
6.4294
8.7642
10.3513
6.4100
-6.0081
-46.3771
-47.2634
-42.9013
-40.0526
-36.0824
-40.6839
-46.5130
-39.7720
-27.8683
-34.9828
-0.5903
16.1897
7.0179
-6.9921
-3.8111
-4.5102
-12.0987
-0.5429
11.7224
21.5321
20.2386
21.4528
17.2502
25.8109
27.2502
23.4236
21.7679
25.3245
28.5144
14.7144
4.4318
5.5996
11.6606
5.5380
10.4727
26.1191
28.3662
23.4648
21.8091
42.0033
40.5561
23.5139
19.4455
30.9124
40.5490
46.1743
33.1722
18.2964
17.4067
20.4437
21.1627
20.0957
8.4080
3.0757
-5.2891
-19.0739
-28.2031
-21.6815
-12.5696
-8.2277
-3.1410
4.9828
-2.4104
-3.6053
5.8026
10.5024
22.3040
30.2150
31.5913
25.5240
19.0369
5.2572
-6.1000
-4.0005
-8.2730
-8.6466
2.2902
7.7579
9.8466
8.1156
11.7352
22.0951
35.3395
43.7561
33.6405
22.5072
-3.0735
-13.6668
-16.4058
-13.4537
-4.2672
4.9321
3.7056
0.8872
9.2329
24.9357
28.2801
21.3610
15.7970
4.4489
3.7542
20.1719
32.4346
39.8919
40.8667
35.9538
21.3544
-0.9793
-1.1527
-1.0751
1.2955
10.2307
7.8537
2.2972
-2.2140
-0.2855
2.5969
-4.4200
-0.4636
0.6266
-5.2582
-11.5204
5.4730
15.7986
16.6301
18.5767
17.4115
30.5168
45.4836
51.9715
51.3431
26.7484
8.9181
-7.0917
-21.3753
-37.3756
-47.7016
-53.9019
-50.2407
-40.1135
-27.6391
-22.9473
-16.5482
-6.5648
-0.9919
5.9236
9.3532
7.8144
6.7596
5.6592
6.9180
10.8553
12.7576
13.6093
14.9905
11.3409
8.7948
10.0967
8.6822
12.9266
13.3805
13.1094
15.4068
17.0959
14.3845
15.2317
14.9735
14.9634
10.4417
10.4362
11.0359
9.1814
10.4108
1.5382
-25.7203
-0.3001
4.3384
-3.7238
-2.3598
3.4688
6.6435
8.4803
19.7738
27.5664
25.3140
15.7424
5.8882
1.3205
5.2050
3.9842
-7.0951
-18.2503
-25.1283
-23.7225
-22.1644
-14.6632
-10.2093
2.6229
14.6478
0.8198
-12.3757
-15.4480
-10.5377
2.1762
5.8368
4.9371
11.6355
19.7648
19.6822
0.2635
-0.5926
1.4975
-6.2065
-2.9347
7.9415
12.1948
17.1141
18.5910
18.1041
14.8542
11.2386
7.5605
-19.5488
-3.3081
16.3188
13.6999
7.7400
-0.9212
-3.6923
1.7847
13.1521
9.0014
8.2541
8.9940
21.4130
35.8651
37.4009
40.2215
39.3507
33.0412
27.5316
23.7253
13.5989
10.8897
15.2282
17.7404
-3.6614
-1.0752
0.7286
2.4979
12.7070
21.6792
25.0305
24.3814
12.3828
18.2973
32.9727
45.3020
50.6545
51.5998
49.5420
49.9564
40.4376
31.0620
27.7598
23.0415
19.2394
13.7874
28.4721
26.6313
22.8712
15.9211
20.4747
27.6366
38.0641
48.0803
51.7281
35.3537
7.5860
-2.7811
-16.8861
-22.9368
-25.1454
-25.4970
-25.5877
-28.1811
-24.9343
-8.9884
-0.8533
-3.1153
-2.8109
7.3756
15.8710
24.2442
14.8787
19.0261
30.7251
42.6426
43.7538
39.1552
28.9571
27.3601
20.8752
13.5239
23.3926
19.8405
30.5014
40.1670
30.9515
21.7384
5.9435
-20.2633
-28.2155
-20.8424
-9.6458
-3.4278
3.4964
10.5828
-4.5603
-18.1432
-32.2678
-34.9995
-23.3932
-39.6791
-51.2770
-33.0725
-5.6971
7.8050
8.9624
-0.4475
-12.2003
0.8609
23.5567
17.9780
19.6985
22.3496
17.0182
18.4931
-17.8292
-50.7567
-52.3527
-35.1722
-9.9118
2.9287
18.8212
23.2597
12.6795
-1.9906
-11.4260
-20.3313
-18.2965
-17.6908
-23.9733
-34.0936
-35.4694
-29.7684
-10.7518
4.1742
14.1339
13.1244
7.0744
8.9426
12.5651
7.4067
3.9988
7.0160
24.9918
31.4782
35.3733
34.1786
29.2336
20.8157
21.5644
21.0078
24.2141
23.5968
24.0363
30.5589
31.8628
39.7678
46.8262
48.5186
47.7908
41.2805
33.6569
30.5150
28.4200
29.5051
25.4477
17.3839
11.5734
-7.7189
-21.5123
2.6029
18.0561
27.8478
1.3803
-9.6534
-13.7248
-6.0823
-1.8495
12.6765
16.5956
2.3139
6.6813
14.9932
25.0531
28.7157
35.7448
45.0133
46.4420
51.0669
42.3479
49.3027
45.9654
31.9201
29.0533
18.4734
8.9659
9.6407
10.5771
15.6675
11.0803
15.2813
19.1464
22.6170
28.4160
28.1721
30.6631
7.4507
6.0773
19.0219
33.1344
23.7663
7.8704
-11.7737
-34.7553
-58.3647
-68.9452
-65.6414
-56.3541
-42.4440
-36.6344
-17.8799
-4.7901
-3.3383
-2.2814
-1.6968
1.5419
0.5178
-9.5697
-6.7399
1.0687
5.1203
-1.2468
-10.1564
-7.7717
-17.4503
-5.2528
8.4486
7.2914
6.5604
10.6130
27.2562
38.4407
48.5827
40.8848
22.9580
8.5597
-0.7795
0.8489
38.1362
47.6550
39.5711
30.7664
35.4102
41.9701
32.2270
24.0201
28.8804
21.3310
24.0698
37.1273
39.2705
36.1888
26.7309
15.8202
-0.8613
13.1250
34.3340
46.7808
57.2635
63.4828
54.6829
56.1034
53.7318
39.6513
8.6893
-12.8121
-21.1374
-12.3366
-4.7568
-14.9749
0.7110
19.6752
32.2445
42.0244
21.7731
19.9279
29.9204
50.4509
70.4802
59.3531
36.2336
14.6274
6.6811
10.7864
2.8921
-17.0267
-28.6128
-27.5925
-31.2754
-38.9013
-48.2947
-52.1315
-53.3756
-44.4577
-34.0849
-30.5189
-26.8233
-24.0725
-30.3920
-44.1582
-50.1633
-51.0208
-38.5019
-27.3721
-21.8631
-18.8940
-24.4595
-24.7520
-23.7398
-15.7326
-7.7179
-3.6222
-1.5105
-6.4512
-4.4188
10.0384
14.3718
14.6010
8.7636
8.9381
9.7154
7.7770
4.3918
0.9890
-1.4623
-1.4666
-1.3879
-3.6076
-3.4146
-2.2643
-1.3670
2.4860
11.3691
12.2221
5.0100
2.9185
8.6693
6.8300
5.9655
6.4964
7.4779
6.6410
4.5173
-13.3861
-5.1949
11.6868
18.0050
18.1754
19.0877
20.1021
17.0181
15.5908
21.8797
25.9294
22.5081
18.2993
19.5142
28.1225
29.5752
29.4146
28.7556
24.4203
20.8504
20.2681
20.5944
28.2577
33.5546
33.5333
31.9087
34.9778
34.1571
16.5197
-9.3364
-12.2598
-1.5616
11.5014
19.2172
15.6920
16.1320
13.6910
14.3882
25.6041
30.8789
44.7434
51.3367
52.0149
52.7004
24.6397
8.1643
-2.1812
2.6557
10.2880
17.0220
23.6570
23.2673
22.9387
30.7730
31.7142
28.0052
22.2355
-1.5150
-3.6632
5.8488
14.2439
20.3648
28.5654
27.1504
13.9017
17.3491
24.0308
29.5512
25.9551
18.5099
9.3531
-2.6865
-9.6583
-12.6119
-13.4439
-11.0644
-7.0647
-10.6846
-29.9545
-7.3258
16.4193
30.9565
27.4597
-9.5030
-15.9656
-16.3899
8.4947
28.1160
30.1445
22.0639
16.8759
14.0781
7.0085
-11.7598
-26.1432
-32.2821
-32.0134
-25.8218
-16.1898
-17.9576
-30.5433
-33.6861
-29.7033
-13.7390
-6.0961
-6.5946
-3.5986
2.4938
3.7312
5.2997
6.2105
9.0293
14.7218
12.0022
10.2286
17.7387
21.6149
5.5863
-5.9230
-1.1673
6.0898
13.2274
20.0653
15.3248
-9.6812
-17.1410
-11.9456
1.9300
12.7580
24.3249
44.5964
55.6601
59.1213
17.3416
-11.7866
-21.6701
-26.3954
-22.6528
-20.4427
-12.3288
-1.4538
13.8802
26.0834
24.8876
30.2294
31.1826
30.5395
31.2222
-12.2212
-20.3278
-15.7385
-13.9649
3.6259
4.1316
3.1116
0.3435
5.7831
0.4481
-8.1161
-6.5041
-14.5262
-26.2800
-19.2801
-0.3859
-6.0508
-16.3729
-28.1758
-30.6499
-21.6968
-18.9648
-18.6459
-14.2851
-4.0094
21.1857
28.4683
31.8612
33.0216
35.4036
30.7164
26.6402
25.0163
17.4961
10.4699
8.7690
6.7974
6.7743
7.7654
17.8222
22.6795
28.3660
28.9426
28.0731
22.5643
15.5022
5.9122
5.4197
6.4271
8.0821
-6.0584
-32.9583
-16.0010
29.9698
42.7384
15.5870
16.3302
22.3809
28.7750
32.5210
26.2228
17.6788
16.8867
22.4204
26.8345
26.4515
6.1061
-10.2848
-21.2557
-34.6233
-44.4963
-44.7906
-28.7965
-27.0203
-47.3277
-41.3671
-32.2831
-23.0785
-27.1643
-35.3418
-26.1357
-4.9391
5.8479
13.6035
13.1329
7.9044
0.8259
1.4449
2.7059
5.7871
17.4880
33.8180
40.5556
33.4919
19.2998
11.5366
7.9959
9.1270
7.8325
6.0290
12.7177
27.5854
13.9938
10.5764
15.4240
20.5476
-7.8507
-27.1809
-36.2028
-38.8781
-37.5886
-42.6175
-29.3605
-11.4445
-5.3252
-7.5627
0.9736
14.2340
18.6029
22.0032
21.8677
19.3322
22.9489
23.3294
19.0543
17.9425
18.5559
18.4298
-15.6819
-21.0402
-19.6479
-16.7675
-12.8863
-6.0738
0.9245
6.3886
4.6687
8.5229
26.4758
45.8895
51.9257
39.1101
20.6054
12.7454
14.8912
27.0272
39.3352
48.7215
52.0132
46.2539
33.9525
18.4494
9.9419
9.9021
9.4848
17.8095
21.5636
38.5458
40.2172
41.3679
37.5961
-12.4926
-42.0238
-32.0784
-17.7225
-10.5307
-1.9301
3.1040
8.7601
-14.0279
-20.3936
-14.8352
-20.6114
-27.3348
-26.6261
-10.1984
3.0240
6.7761
7.5200
13.8896
25.3990
35.4648
26.6491
13.6488
13.5076
18.3774
18.4461
34.1423
39.9116
34.8654
60.1858
68.9848
70.3905
69.3059
63.8030
49.3466
20.7094
14.0450
12.5027
2.2478
3.6009
20.0309
31.0891
35.8770
23.7172
24.5779
40.9119
51.8135
42.8615
30.0500
33.9052
40.6925
47.4303
50.4423
50.6445
23.5182
-7.4661
-21.2936
-20.7230
-27.1119
-34.4925
-51.5190
-56.7016
-54.6967
-32.4350
-2.4282
16.7653
30.6028
35.7241
33.2459
27.1023
21.0734
19.3290
20.5216
13.0070
7.3630
4.4312
5.5214
7.4640
10.1305
11.3651
11.4109
10.1485
7.6130
6.8586
6.7855
6.8169
7.2860
6.7979
6.7594
7.9036
10.6862
12.5509
12.4408
13.3502
10.6346
9.5889
11.1977
12.3338
10.9495
8.5292
5.6003
5.8789
8.6230
10.6494
11.3456
13.3653
16.8117
16.0056
16.1667
13.5562
11.6088
11.6707
9.8385
7.6370
9.9960
14.5231
20.2297
23.0910
23.6292
22.2199
29.5617
22.5544
13.6737
14.8541
17.1121
16.0070

Coefficient 6:
0.0000
8.8074
5.1390
7.6971
12.2487
15.8982
14.3211
7.0907
5.7793
11.9688
18.2508
19.8089
17.9233
12.1999
-4.9000
-8.9119
-9.9101
-2.4272
3.3966
6.6534
4.6068
2.9959
-0.1322
-3.8184
-7.3662
-10.4190
-2.0653
-0.8032
-8.8723
-10.4620
-4.6251
1.6270
8.5318
13.0164
15.0360
10.9828
8.0088
-3.8408
-19.5543
-27.9840
-29.8819
-19.1093
3.3155
20.0713
17.4910
16.4478
19.7555
19.6685
25.1583
25.3478
26.7302
39.2701
30.9322
18.7898
8.3112
5.1152
12.8061
3.6024
-3.0261
-2.0938
5.3748
5.8850
0.9774
-9.2710
-15.6974
-21.0660
-28.7102
-18.7461
-22.3164
-19.1920
-10.1262
-7.8576
-11.3315
-9.8465
-6.5069
-4.7656
1.2411
13.5688
8.4547
-10.3890
-8.6379
-3.0815
2.1164
7.7689
20.8334
20.6396
17.8800
12.9151
-2.6127
0.4118
5.0158
5.4364
13.2899
15.5571
23.0439
23.0339
16.5196
8.2677
3.0327
1.9546
2.4238
1.5936
0.2953
6.3631
9.8069
7.4761
-32.0135
-19.6986
-25.8981
-54.3804
-57.4892
-47.9452
-48.1733
-35.8129
-21.9862
-19.2470
-13.0395
-2.5419
3.5971
8.2464
-7.8878
-29.5367
-43.0692
-47.1040
-57.6166
-59.4255
-49.6884
-40.5578
-36.2135
-36.2850
-25.2822
-27.2604
-15.3273
-7.4113
-10.4302
-7.7983
-31.3801
-41.2993
-33.9887
-22.4971
-13.6085
-11.2098
-0.2689
12.3599
5.6285
-13.0429
-18.2741
1.4134
21.0186
4.5626
-2.6692
-17.2160
-38.3546
-41.5178
-41.6118
-44.4141
-51.9707
-57.6611
-58.2459
-50.8011
-46.6041
-40.5457
-48.5055
-63.9464
-59.6563
-49.2579
-35.2723
-27.5980
-16.6595
-10.8901
-0.9135
0.8504
5.6792
-4.5278
-12.9946
-13.4524
-12.7407
-15.5745
-18.9407
-13.9303
-15.8744
-21.1172
-24.6185
-22.4117
-22.3668
-27.5210
-22.5646
-7.7526
1.7014
8.2998
0.8402
-17.6885
-17.9540
-6.6352
6.1109
16.9969
9.3994
4.7703
-4.2480
-1.0574
-12.1459
-23.7042
-18.6672
-8.9071
-23.3804
-43.6646
-49.2349
-43.9041
-30.6530
-23.1443
-8.8857
4.2515
14.3398
-18.4961
-20.1873
-20.6760
-7.4592
-1.6527
2.5819
15.2122
-12.9511
-24.1673
-22.3953
-19.2731
-26.2467
-51.2779
-60.9846
-48.8109
-38.7124
-37.8859
-27.2408
-19.3019
-18.2971
-45.8680
-62.2873
-65.6206
-49.8538
-31.8003
-26.2230
-61.9640
-82.6330
-78.3124
-66.4439
-65.7346
-63.3168
-56.6472
-38.4090
-30.0901
-23.3976
-13.9634
-10.0511
-13.4021
-15.4224
-9.7114
-6.4615
-4.9066
-9.7515
-10.9128
-5.1871
-3.6837
-13.0493
-17.2177
-41.9975
-70.7536
-67.5145
-45.6453
5.2905
4.3600
-7.0340
-13.5828
-20.7502
-17.9736
-4.9371
23.1688
28.1178
20.4378
11.8130
-6.5094
-1.6044
11.9685
10.9977
-17.1448
-44.0681
-53.6579
-57.5615
-55.7408
-39.5681
-19.5634
-17.3472
-18.2925
-11.7967
-6.1133
-13.8462
-36.9975
-39.5381
-36.9843
-37.6409
-34.9048
-31.9946
-29.4422
-35.5656
-39.1077
-38.3332
-35.3860
-30.2994
-30.5809
-30.4960
-12.9350
-50.7649
-74.6349
-67.9524
-48.2868
-66.6024
-75.4846
-70.0853
-32.2659
-25.2006
-20.7960
-26.2423
-43.1021
-43.4013
-22.6915
-2.4809
-5.3115
-4.2460
-3.7042
-1.5932
20.2857
5.4078
-3.3671
-1.9124
-3.8606
-9.5407
-1.1341
-7.9137
-7.3334
-0.6526
-14.4223
-32.6687
-43.9675
-39.9083
-38.9188
-60.4187
-57.1117
-38.2607
-7.6467
0.0560
-16.5861
-33.6491
-46.5823
-56.6921
-54.3819
-54.2360
-47.4248
-29.0372
-28.5544
-43.6086
-45.7442
-35.6008
-20.3461
-7.5076
4.0039
4.9767
-0.9966
-0.2619
-2.7379
3.3821
1.1701
-6.1900
-13.1311
-15.1518
-5.0906
4.8393
5.6592
2.2781
-0.9894
-2.6487
-9.3738
-18.9063
-28.6993
-30.4613
-16.0415
13.0677
-17.4539
-35.4485
-35.4152
-20.3362
-10.3018
-1.8032
-12.4940
-25.5199
-29.1583
-43.7536
-66.0920
-74.9267
-69.1673
-65.9883
-61.1235
-49.1135
-30.3532
-19.0430
-13.5079
-16.9751
-29.4142
-22.9786
-18.9754
-15.4102
-13.1903
-18.7029
-25.1258
-38.8516
-49.3427
-52.7409
-47.4340
-37.4407
-25.0853
-20.9119
-16.3045
-15.3348
-28.1813
-20.6012
-2.8558
-47.5709
-68.1067
-68.1458
-59.2522
-44.8887
-28.9711
-24.3891
-37.5786
-69.1788
-78.1590
-67.7586
-52.9294
-40.3795
-59.3731
-69.4457
-53.4678
-39.1820
-27.6733
-15.7252
-4.7881
-8.2670
-29.7479
-36.9829
-34.7404
-38.6964
-40.9620
-38.8483
-24.0345
-3.3696
16.3624
14.4839
11.0993
9.3352
7.1921
9.4471
7.4037
5.2437
5.5212
7.0091
6.4884
8.2461
10.1991
8.3492
9.7926
11.3869
9.4473
7.1619
9.2966
8.8217
6.5599
6.8678
7.8147
7.6300
1.1891
8.9401
3.8715
-1.7256
0.0225
-4.3574
-19.4261
-27.3940
-37.7439
-47.3597
-50.9339
-41.2421
-33.5931
-32.6936
-22.0056
-34.9802
-40.7911
-29.1446
-18.7031
-16.8972
-2.7686
-2.4409
-4.0544
-5.0296
-15.1248
-21.2466
-16.6501
-3.6518
2.9258
4.4124
1.9100
-10.6175
-15.8225
-6.1528
9.3456
3.3864
-2.9975
-5.8017
-4.3145
-18.4641
-33.1992
-30.4661
-20.1769
-5.0935
1.1998
11.5424
-4.8527
-17.6217
-29.8980
-50.6095
-57.2143
-59.6821
-42.7325
1.9552
14.5239
2.4177
-10.4021
-14.8033
-26.8927
-36.6111
-38.2619
-27.4948
-12.5270
-3.0173
4.0648
-6.2902
-33.6313
-56.4574
-65.2011
-58.4829
-44.7947
-30.3993
-4.2736
6.7046
5.4241
-4.5708
-23.7108
-49.1085
-47.7644
-27.3397
-11.9732
-11.0372
-11.9846
-13.0413
-13.4135
-29.5118
-58.3337
-74.2209
-64.2992
-51.9157
-14.9886
6.4991
4.2031
-22.9059
-20.2090
-30.6264
-38.6787
-41.0438
-44.2811
-51.2385
-41.0259
-19.3064
-5.9779
-17.9212
-9.1798
-8.1792
-1.8027
-0.4063
-7.2976
-41.0410
-53.1932
-52.0533
-47.0376
-42.2434
-33.6433
-32.0742
-21.3888
-1.9501
11.9586
2.8153
-5.3455
-11.5538
-7.9190
6.9756
15.0006
17.0653
13.9624
18.4446
20.0255
13.9688
7.6217
8.5394
8.7986
10.1503
11.2907
12.6149
9.5452
8.3608
8.1047
8.3685
10.8943
12.0537
12.9392
13.7750
12.2229
11.7281
12.8470
13.0282
13.3660
15.3641
13.7708
8.9324
8.9285
7.3611
9.2847
9.9123
9.0244
9.4446
10.2962
7.9987
7.9821
7.2730
7.4888
8.1469
8.1695
8.3748
-4.1269
-6.8380
13.1688
25.1915
19.4204
-1.8173
-7.5390
-5.7727
-7.4482
-9.5928
-13.0112
-20.7620
-23.1836
-25.3209
-23.3250
-13.5745
-10.9597
-10.7206
-21.9492
-33.8862
-45.1577
-45.4532
-32.4557
-42.9756
-59.7410
-56.9204
-38.4093
-13.6055
-2.0113
0.2244
-1.5468
-37.8433
-50.0043
-50.9967
-44.8935
-49.5433
-69.5581
-79.0550
-75.5742
-67.5390
-78.8580
-96.5437
-100.1227
-100.0464
-101.5538
-98.2912
-86.1954
-56.5502
-17.5712
2.2133
3.2998
-2.6074
-74.1487
-103.9998
-99.1516
-84.5344
-72.7516
-53.0590
-40.6796
-34.0983
-27.5438
-20.1201
-10.6073
-11.5784
-42.2381
-56.4451
-46.7054
-31.2532
-32.4965
-25.9548
-29.6887
-34.1419
-31.7773
-22.7012
-20.4112
-15.4079
-8.0912
-3.0709
-41.5616
-40.7818
-42.5541
-35.4452
-31.3072
-31.4712
-31.8259
-30.8100
-39.5998
-49.4555
-46.2430
-49.2845
-51.7239
-42.7081
-30.0476
-37.2561
-34.8300
-27.3724
-28.7521
-19.9926
-14.2481
-12.2575
-9.5271
-7.4553
-4.6186
-18.1241
-27.2806
-34.7819
-37.2134
-28.6079
-17.9487
-24.7792
-75.0003
-89.6013
-87.0444
-85.0816
-74.9961
-57.8586
-53.1581
-50.3345
-60.2551
-59.4259
-46.5923
-19.0081
-9.3119
-11.5949
-17.2392
-15.9229
-3.6400
1.1030
5.1148
7.0471
8.9577
9.4924
7.7604
7.9216
7.6522
7.5786
9.4734
9.0212
9.0469
8.7132
8.5882
12.1062
10.8871
7.0471
7.5560
8.0903
5.0908
6.1865
9.0824
9.8845
7.7003
0.0335
-9.7240
-9.1000
-9.3702
-19.4415
-17.2055
-2.0820
5.0778
6.4539
7.8485
8.1490
2.7015
-7.0938
-8.9815
-1.8861
5.7855
-34.1602
-68.8024
-76.6586
-77.4355
-68.4103
-66.2103
-55.5078
-33.3658
-21.9422
-22.2192
-22.7590
-17.4275
-6.2316
2.4203
6.8734
11.7531
15.2771
17.1273
15.5726
13.5684
11.8360
8.8496
7.2695
6.0165
8.2247
10.3470
11.8243
14.7380
17.9367
16.3844
12.1172
8.2976
8.2583
11.8710
11.5200
9.8514
10.1814
11.5915
8.8442
-2.1062
-4.7747
-2.8882
4.2153
7.0071
7.0440
5.0938
13.3103
15.5776
14.5662
8.9736
3.9338
4.0494
5.3083
6.2660
7.9403
-0.6954
-11.4623
-21.6194
-33.1381
-30.3158
-16.5653
-9.5196
-16.7980
-20.9056
-14.6433
-17.5505
-19.4103
-31.5867
-52.5600
-67.3410
-61.6110
-48.9558
-34.5481
-42.4714
-44.6788
-30.1702
-20.4310
-15.1291
-14.5465
-25.1976
-20.5527
-10.6985
-4.0215
-4.4930
-5.3499
-13.3214
-46.4044
-66.7750
-67.1086
-52.7087
-38.6607
-29.1219
-35.9719
-39.1671
-27.2989
-13.0981
-7.3226
-15.6575
-23.5133
-28.9671
-25.5896
-13.3884
-9.8855
-28.9372
-48.8316
-56.3536
-44.9809
-28.8974
-24.9480
-9.6378
-17.6240
-28.9653
-35.4094
-38.4670
-34.0374
-23.0047
-14.7956
-14.9810
-31.4765
-40.4909
-37.0394
-25.9327
-24.3857
-37.7189
-38.1685
-24.0575
-21.6376
-38.8068
-49.7509
-50.3763
-43.3827
-44.8442
-39.8380
-34.6848
-32.6805
-23.6796
-20.3254
-20.5770
-11.3301
-12.1401
-9.9419
8.1728
-10.4192
-31.4153
-29.8502
-28.8767
-24.8082
-27.8526
-28.7863
-35.0321
-49.2305
-50.3976
-37.6419
-31.6155
-40.3889
-44.6944
-43.8191
-37.6648
-20.4915
-8.2334
-1.2266
-10.7044
-15.1298
-11.9304
-6.6460
-14.2926
-21.0511
-32.7271
-43.8591
-41.0648
-34.3544
-30.6774
-28.2931
-38.4360
-53.3980
-59.6563
-53.4107
-46.9406
-34.8773
-45.3779
-42.7423
-36.1480
-23.1332
-13.6759
-16.5108
-12.3810
-16.3693
-3.1171
-12.7698
-24.8506
-31.6334
-31.3388
-29.4662
-28.7088
-30.9348
-23.6348
-13.4353
-13.7927
-20.7527
-23.0592
-26.6021
-31.3551
-36.9913
-37.2136
-37.6532
-36.0526
-31.1354
-26.1407
-20.6935
-17.2771
-13.5891
-19.6674
-27.5590
-27.2829
-24.0770
-25.4683
-22.2446
-14.8398
-8.9374
-4.7880
-2.2406
-1.0358
4.5534
11.5415
12.7018
9.2291
9.4073
10.0580
8.5604
8.9971
-6.1922
-47.4591
-90.5141
-91.1164
-75.6542
-63.7145
-63.8992
-63.9083
-52.6937
-34.7631
-22.7418
-23.7563
-35.4715
-32.9408
-26.7398
-19.9268
-17.7688
-16.4913
-18.5374
-22.2682
-15.2683
-2.4624
3.6483
0.1918
0.9404
3.2022
-17.4305
-35.3457
-36.9790
-47.8190
-63.0553
-69.7468
-69.0648
-62.2011
-51.2031
-54.4230
-45.1848
-35.3740
-33.6629
-34.3526
-34.4922
-26.1289
-13.7436
-14.9160
-19.1191
-16.1296
-14.9760
-15.5451
-12.4250
-20.5237
-25.3418
-39.8232
-58.4298
-57.1521
-53.4769
-51.4650
-49.4787
-42.1410
-22.7601
-34.7403
-48.1007
-42.2038
-28.7606
-22.7044
-25.3943
-27.2433
-9.8483
-2.9822
-29.5840
-53.8992
-63.6426
-61.2339
-46.1123
-12.2081
-16.2979
-23.6922
-21.0214
-16.1425
-12.4785
-6.8413
-0.9936
-29.6775
-37.0133
-38.1419
-31.4954
-24.7231
-16.8443
-8.6785
-15.2653
-37.3484
-38.7147
-28.4546
-17.3736
-17.1593
-24.6354
-25.7023
-36.2830
-46.9413
-47.0807
-44.7887
-38.1696
-23.7662
-11.3379
-2.8367
-25.4085
-28.0016
-28.5566
-26.4819
-20.2534
-13.7939
-8.1457
-12.9342
-15.1877
-18.2632
-22.7731
-10.6347
-1.0117
-6.0224
-16.5908
-22.3900
-27.4973
-24.5371
-25.7748
-27.1813
-31.9507
-38.0460
-49.6793
-53.9792
-46.5189
-28.7052
-11.0263
-6.7721
-34.9896
-43.6770
-34.0769
-19.9370
-14.6169
-16.2748
-32.3653
-54.1143
-85.0345
-95.6006
-81.2374
-68.1806
-63.9034
-52.3894
-38.2170
-24.5178
-17.2417
-13.0575
1.0124
-15.6080
-36.8656
-42.2923
-44.0027
-28.9577
-14.1499
-9.9378
-8.2304
4.7399
-19.2825
-25.7695
-20.5019
-14.5629
-7.2947
-28.1056
-24.0312
-14.2709
-13.2781
-39.7236
-60.3780
-50.3771
-27.4392
-18.0262
-35.1070
-38.9032
-25.9539
-12.2570
-10.1086
-6.9574
-4.6856
-5.5344
-1.4027
-6.2585
-15.4217
-20.6662
-14.0715
4.6048
11.8197
17.7042
8.3356
-11.2492
-17.9856
-22.5715
-19.4115
-8.7800
-2.5854
-0.3010
0.7139
3.0190
3.8166
4.0425
2.3427
1.4259
1.2933
0.8060
6.4493
13.5087
18.4337
21.3369
24.3598
26.2742
26.3650
24.3639
26.1430
22.5559
15.4867
-7.2657
-35.6955
-24.6687
-33.4412
-42.3077
-38.6408
-4.2349
0.6305
-9.4707
-21.6906
-43.3667
-48.0455
-38.7951
-22.6092
-3.3400
-11.9537
-15.2454
-11.1956
-11.5505
-9.3752
-1.1551
4.9745
-39.2856
-84.5937
-91.9663
-82.8382
-61.9227
-41.7517
-48.0009
-59.8618
-56.8724
-25.8545
-11.0790
-22.4167
-42.3713
-51.0519
-39.2855
-33.3600
-30.8690
-22.3919
-19.3865
-12.9446
-11.5780
-26.0701
-26.8972
-24.3572
-19.2274
-12.8857
-7.8167
-6.0234
-0.9719
2.8011
-4.6038
-33.4234
-64.5142
-70.3128
-65.0707
-64.6768
-59.6294
-34.0926
-30.0687
-48.3267
-61.5620
-62.6725
-58.1651
-40.9969
-18.6689
-18.1995
-20.4779
-13.4506
2.1153
13.6264
13.4405
18.6232
6.1057
-24.6830
-27.5953
-28.0065
-39.5852
-46.8652
-34.8843
-4.8809
-13.2681
-17.8984
-25.7474
-42.1807
-46.6900
-18.3190
2.9936
-6.6051
-34.3101
-39.7011
-39.1892
-29.2044
-6.3412
3.5317
-3.7061
-41.8755
-54.3861
-58.7537
-53.0857
-42.4789
-26.6611
-7.4081
3.2227
-6.5680
-20.0377
-34.0880
-53.7529
-64.0433
-57.4713
-54.4768
-55.8781
-46.3146
-37.2026
-15.5474
12.3789
0.9693
-23.1457
-25.4438
-11.4677
-20.8463
-37.7558
-48.1500
-57.7428
-61.8066
-51.6795
-24.1508
-26.7403
-28.2744
-18.5733
0.1709
8.8221
14.5749
12.0318
2.6500
-4.9720
-4.8565
-7.3889
-4.1340
-0.6070
6.0794
11.1750
19.7845
20.2533
10.5426
2.0445
1.0980
3.1954
9.6869
15.1528
7.7057
3.7248
13.0973
13.6045
3.5546
6.6518
10.0463
15.1005
15.5691
12.3927
7.8449
7.6783
8.7929
7.0630
4.1189
0.6370
-2.1590
-5.2056
-9.2452
-13.4516
-16.4649
-17.7084
-20.8431
-24.4202
-18.6504
-12.8897
-6.5000
-0.9412
4.8487
4.3182
3.2146
4.6128
6.7504
5.7937
2.5819
-46.0413
-93.8733
-99.0443
-98.5713
-91.7608
-83.2208
-79.0557
-75.5555
-78.9820
-78.9476
-76.5776
-74.5680
-74.4473
-65.6692
-46.1409
-36.5588
-28.6024
-30.1500
-32.1279
-30.2770
-24.8050
-21.3372
-49.4286
-68.1672
-74.7977
-74.7893
-70.2910
-61.8671
-32.1267
-0.9939
2.2140
-6.1637
-14.6503
-25.7998
-34.3063
-30.4731
-10.3474
7.7719
-15.7962
-31.9684
-34.6753
-23.3918
-14.2259
-9.4766
-40.2394
-50.9695
-46.6187
-48.1462
-59.6602
-65.1243
-61.9986
-50.6217
-64.8174
-68.6695
-62.6369
-48.8438
-31.8250
-23.9268
-23.9692
-38.1097
-47.8851
-43.0693
-19.4768
1.9749
13.8876
-24.1278
-42.8976
-36.0780
-16.0839
-2.4013
2.6998
4.7804
-0.0426
-6.6891
-11.5224
-18.9004
-23.8829
-30.1492
-12.6234
-11.4979
-28.7096
-33.8679
-10.7146
15.4659
-1.4297
-22.8219
-18.2260
-22.1723
-44.4800
-46.8865
-33.2943
-24.3549
-14.7797
-8.9611
-7.2964
-9.3021
-11.5082
-8.3575
-1.3615
-4.4131
-10.2271
-7.0175
2.6344
1.5212
-23.0230
-36.9991
-40.3155
-45.8630
-29.4846
-29.3033
-48.8261
-53.0119
-53.1186
-52.8122
-54.3022
-56.3057
-46.9392
-38.8281
-60.0590
-77.9180
-76.0079
-52.4451
-30.9320
-12.3634
21.6214
6.9752
-20.4024
-19.9154
-1.8097
21.7432
31.7649
35.1341
32.2348
8.9668
5.9480
-1.7968
-4.3731
-2.1586
8.5976
4.7945
-13.2871
-32.1647
-37.9858
-25.2102
-31.9178
-32.4262
-22.5138
-14.0623
3.0548
-11.2311
-41.8092
-52.4631
-57.1905
-54.5364
-43.6815
-25.3315
-24.5693
-40.7735
-39.6535
-18.8859
-8.4803
-13.9417
-11.6934
3.1887
38.3392
41.9000
25.7764
9.4803
7.3248
5.6631
4.3668
-0.5267
1.9358
-6.1332
-19.3673
-20.1330
-15.1608
-6.1705
1.2327
9.2604
12.7482
10.6742
8.0054
6.9828
5.7640
5.1093
4.9616
6.7207
2.9910
-1.3706
-4.4572
-1.1911
2.9420
6.6655
5.2193
4.8822
5.8115
7.2207
-30.5662
-33.1455
-19.3537
-10.5281
-17.7543
-18.6875
-20.8770
-16.7752
-10.8675
-14.2603
-37.5172
-48.1672
-40.5364
-25.8987
-14.9305
-24.6664
-27.9078
-29.4258
-24.5883
-9.9589
0.3846
11.9222
13.4465
5.4390
-13.9659
-13.0456
-16.8480
-23.3445
-34.2681
-39.5430
-51.4484
-71.3047
-85.0538
-79.3351
-61.5964
-48.6515
-54.4547
-56.1883
-56.2752
-61.9363
-61.9942
-51.0127
-23.2729
0.4592
9.0643
4.4279
4.1188
7.2341
6.3864
5.2611
7.7468
-13.0305
-47.7564
-64.6920
-59.5494
-29.6025
-23.7351
-19.1753
-12.1624
-24.1767
-37.4694
-36.1232
-26.8422
-33.0814
-46.4294
-51.2735
-46.0081
-29.2050
-19.7824
-17.2175
-11.9947
-18.1429
-27.6906
-62.5936
-66.4403
-62.1606
-55.2877
-47.5970
-36.1081
-41.2839
-63.5895
-72.7500
-69.1721
-50.8561
-42.3730
-28.7914
-25.5021
-26.8635
-28.2730
-25.1267
-18.7551
-3.3739
-5.2204
-33.1277
-43.2195
-49.2397
-47.9990
-34.5245
-16.8359
-5.6362
-4.8187
-1.5946
5.6191
8.3395
8.5491
-1.8130
-11.0899
-13.9557
-10.9777
-5.2180
2.2329
-3.8923
-8.8625
-5.2992
-15.6821
-32.4745
-40.7268
-38.5129
-31.5470
-33.8410
-22.5344
-11.2075
-27.7178
-38.1924
-47.1163
-59.0472
-59.7149
-59.2392
-56.1404
-51.2130
-50.0937
-53.2939
-55.8384
-64.7493
-67.9393
-49.9598
-21.1518
-6.4017
-3.7688
-35.6175
-40.0223
-32.6394
-19.8948
-12.3354
-6.5068
0.2215
-0.3973
0.9821
-6.0512
-6.8182
-7.1737
-7.4992
-28.0779
-56.9981
-65.0917
-55.2266
-34.9229
-13.2815
-26.1414
-30.3390
-23.2300
-13.0322
-5.6221
-17.1814
-18.6566
-50.4594
-60.6476
-50.1383
-35.4277
-26.8329
-16.0563
-7.2327
-16.6853
-34.0450
-46.6632
-45.1951
-31.0752
-16.7281
-13.9517
-16.3265
-13.3800
-1.7913
7.2585
13.9650
10.6713
6.2586
4.0351
6.5067
8.3976
9.0911
8.7802
10.4966
9.2940
6.8178
6.2459
6.1207
6.1476
6.5967
6.0839
6.0293
6.9549
9.6352
11.1428
10.9540
11.6383
9.2631
8.2087
10.1562
11.3081
10.0998
7.8192
5.1747
5.2962
7.5520
9.5512
10.3400
12.1442
15.3396
14.0085
14.3587
12.2809
10.2153
10.3013
9.1493
6.9115
9.2660
12.3621
5.6579
1.4217
0.7799
-0.8714
-2.4259
-19.8315
-30.1708
-31.1027
-16.2682
2.3906

Coefficient 7:
0.0000
7.3076
5.8326
5.2617
6.3881
10.9752
11.7601
4.3688
3.5815
10.5678
15.8755
16.3863
13.1111
10.1574
4.3905
0.2147
-7.3802
-3.8244
10.6322
13.7538
12.7106
11.6094
10.8395
13.3510
12.9670
18.3682
20.7384
13.1520
2.2148
-1.4092
-0.1975
2.1528
7.0898
11.3377
12.7129
15.6495
20.4915
0.3427
-22.0853
-29.8769
-26.6140
-11.5214
2.6814
11.4098
10.7359
11.2040
13.8355
16.1735
1.9870
-4.9535
-1.7214
9.6797
11.4905
8.4249
12.5858
13.3776
13.3952
-0.8976
-5.6267
-3.2533
3.6527
4.4528
6.4445
12.4135
10.2501
1.4389
-3.5429
-2.9626
5.3855
6.3469
6.7660
7.9196
3.2490
5.2442
7.8962
10.6098
20.2258
30.8630
21.5430
-4.5553
-5.4421
-3.2195
-8.9208
-9.5185
1.8015
4.2002
8.2952
7.4426
1.2926
4.6927
5.4980
4.6419
8.7518
7.7631
5.1479
6.7014
0.3906
-9.1035
-13.6692
-15.6016
-13.0356
-7.7408
-5.8818
-1.9935
0.4174
12.8744
0.6140
-15.2546
-29.8432
-27.6069
-21.6689
-12.2657
-12.9663
-18.4795
-21.8982
-30.4585
-36.3497
-34.7637
-31.2145
-14.0221
-13.3232
-21.3440
-17.3931
-19.2264
-24.6103
-17.6676
-12.1042
-15.9095
-11.5827
-18.6139
-36.8179
-35.1944
-25.5513
-20.0207
-27.2863
-31.6966
-63.6836
-75.1164
-57.9494
-35.9637
-21.0493
-16.8253
-16.9519
-14.3841
-22.2727
-33.9479
-24.9852
-24.7277
-15.8878
0.3345
-3.7823
-23.1359
-39.7254
-36.3515
-23.9572
-24.7513
-38.1133
-37.8259
-26.1444
-23.0878
-33.0656
-37.8881
-42.9533
-50.9468
-48.0587
-40.7295
-52.5802
-74.4153
-79.5515
-65.7163
-45.2477
-52.6989
-51.6740
-47.5097
-45.5676
-48.6643
-46.4721
-53.6839
-73.0594
-77.6506
-64.7865
-60.7538
-61.2586
-39.5533
-21.5494
-20.5804
-30.4708
-52.5728
-50.4163
-37.1561
-26.0845
-23.7502
-23.6016
-17.5556
-12.8156
-15.7313
-40.9761
-54.4094
-47.8910
-27.9570
-35.2221
-41.4617
-32.7605
-21.3589
-29.2854
-32.7952
-23.2245
-14.1930
-15.3863
-19.6970
-17.9201
-5.8842
-7.8361
-14.8695
-22.4788
-33.1980
-33.9596
-28.6030
-15.7913
-13.4246
-21.3989
-19.9761
-20.6617
-10.8937
-6.0509
-32.7078
-42.9529
-31.5050
-30.2240
-31.9343
-20.7072
-14.2861
-20.4505
-53.5333
-59.1198
-48.3113
-34.7204
-23.2418
-21.9147
-21.6579
-22.3328
-6.1023
-16.7600
-52.3161
-43.1933
-17.4813
2.5085
8.1132
9.1915
1.7603
-9.3659
-27.7849
-44.2269
-56.4596
-49.2549
-40.2576
-37.1976
-26.1991
-36.0115
-51.1718
-63.4106
-51.3620
-28.7185
-38.0431
-36.0892
-34.5626
-32.3927
-32.1674
-35.0026
-37.1894
-28.9168
-17.1851
-9.9050
-21.6595
-15.7128
-11.8617
-8.3583
-30.7717
-39.8250
-42.6559
-44.9847
-52.0118
-38.3240
-24.0775
-13.9395
-20.4371
-28.8294
-28.1357
-23.0069
-23.3406
-19.9850
-15.3432
-8.6066
2.7534
10.7326
13.0974
13.0578
21.1248
27.0978
27.9133
21.1274
15.9837
17.6868
22.9661
28.5694
39.8498
42.1351
22.9416
-16.5093
-28.3284
-28.2756
-22.6594
-16.4148
-10.3383
-12.8734
-38.4100
-32.1784
-17.8442
-9.0981
-19.5161
-29.4221
-30.6836
-20.5243
-33.4035
-52.2420
-56.6982
-51.4189
-34.1959
-53.1712
-48.7835
-28.2660
-7.0532
-2.1047
11.9851
12.9272
-4.3034
-18.5154
-17.3854
-32.8845
-40.5038
-40.8935
-44.0342
-49.7608
-62.4203
-58.9913
-36.0232
-19.1419
-22.0336
-44.9316
-59.6829
-50.2883
-39.6603
-41.0711
-43.8318
-45.4153
-59.5158
-44.7495
-34.1386
-23.2835
-18.0211
-12.4045
-3.6960
-2.7070
-15.1196
-23.2656
-22.6194
-11.4776
-3.7696
-0.1623
-0.2282
-0.2315
5.3053
5.9483
5.0916
15.6916
12.9149
12.6664
14.3974
-2.5151
-22.1078
-25.5179
-10.6981
-9.1418
-27.5684
-31.4877
-37.2708
-38.3385
-29.3658
-19.7844
3.5548
15.0813
9.2512
-7.3244
-17.9314
-22.6806
-20.3587
-30.7049
-47.1959
-48.4465
-34.2522
-16.8608
-15.1493
-11.1530
-20.3200
-27.3614
-18.1467
-6.5330
6.0431
12.0486
10.9304
6.1713
2.5027
1.0425
-0.7840
-3.4479
-11.7805
-20.0503
-19.6977
-22.9049
-33.1188
-28.1715
-15.4734
-58.1654
-54.7767
-45.1325
-48.6191
-52.7503
-44.2143
-35.2613
-17.6562
-55.1364
-66.4928
-62.5269
-55.5728
-62.5884
-70.1450
-59.5714
-52.8961
-45.9510
-38.0330
-25.3836
-9.4010
-14.9367
-17.9337
-12.2996
-1.6157
3.4227
0.3446
-5.2428
-7.8072
-3.9849
7.5194
8.3914
7.1472
7.5794
5.9647
8.0800
8.5096
11.3324
12.5773
11.1458
7.6619
7.5150
9.1256
7.4636
8.7380
9.8375
8.3101
6.0649
8.0006
7.7600
5.7796
6.0748
6.8580
6.6723
11.5607
0.4186
-1.3310
0.5461
4.1188
-10.6427
-27.7173
-12.1034
1.1271
5.7497
9.6245
17.4702
20.0086
7.0741
-23.4573
-44.5919
-40.3736
-13.3877
2.0505
8.7622
-1.0504
3.1672
0.2809
4.0280
-10.9592
-22.8369
-31.7392
-34.8903
-35.1738
-36.0354
-36.0752
-8.3564
4.0554
7.2780
6.9517
1.9881
5.3483
23.9712
31.5681
8.4738
-10.2129
-18.9125
-5.0759
3.4244
-4.1929
-5.3052
-2.9503
-3.8163
-10.8275
-10.9446
-6.4768
-6.9543
-4.3773
-0.4303
1.5798
-12.5969
-14.2818
-14.9117
0.4610
19.0839
22.9800
20.0509
11.9895
6.5862
2.0306
-29.9838
-22.7405
-9.9021
-4.0335
-5.4298
-14.2500
-17.8321
-8.6760
0.2072
5.5077
0.3647
-19.0441
-31.2675
-33.3815
-22.5797
-4.6765
-11.4902
-34.9930
-43.1192
-16.4075
-19.4164
-22.3945
-25.9921
-28.0831
-20.6509
-16.0028
-23.5093
-21.5263
-22.0838
-5.4761
-1.5971
-3.1446
-10.8109
-2.0552
3.0997
-5.9234
-1.1747
-18.8582
-41.0274
-58.7231
-56.0890
-40.8654
-30.2414
-34.7079
-46.6163
-41.5997
-31.9262
-29.6042
-32.4807
-22.7261
1.5772
29.2708
46.8919
48.2717
38.0606
28.9587
22.4625
21.7714
23.5604
30.0643
28.7931
27.1351
20.9062
17.7572
12.1988
8.7335
8.0696
7.9763
9.0966
10.1687
11.1720
13.9920
18.0792
17.7890
13.2618
10.8537
10.6618
12.4281
12.3225
10.5522
10.2390
11.3895
11.5471
11.9474
13.3754
12.1175
7.7562
7.7464
6.3538
7.4634
7.7485
7.6016
7.9380
8.8410
6.8441
6.7710
6.3204
6.4435
6.7905
7.3824
7.4995
7.1504
14.0433
26.8820
24.5238
11.8722
9.7438
12.8217
10.0545
0.0710
-1.6742
-6.5539
-11.8702
-22.4810
-18.6329
-9.0071
-2.8040
-5.0296
-3.4835
-14.4212
-26.3448
-22.2206
-17.6303
-15.3362
-30.0023
-56.1567
-53.3929
-37.1935
-16.9501
-14.0734
-4.7567
-1.6430
-42.3420
-56.7587
-39.6070
-18.7394
-31.0776
-55.8276
-52.5265
-42.2001
-40.3935
-48.0073
-52.7462
-60.8614
-62.1307
-62.1153
-65.7849
-59.1567
-38.0699
-28.4712
-11.0698
-9.1394
-16.4487
-53.9702
-68.0633
-62.2611
-55.8479
-48.2803
-32.6484
-20.7046
-19.9038
-17.4595
-13.1734
-6.3343
-20.5653
-35.2654
-26.2190
-19.8941
-20.2959
-18.8879
-7.3666
-9.4129
-23.2841
-28.7547
-24.4411
-21.5991
-22.1401
-24.7865
-35.0000
-68.5340
-47.0377
-17.1041
3.1650
7.7800
14.5903
28.8983
28.6111
19.9918
17.2223
16.4378
-10.5386
-23.7155
-24.5291
-24.5491
-24.1203
-23.7131
-27.2289
-42.0436
-41.3176
-30.7587
-26.1108
-17.3919
-4.7981
0.8846
-20.0151
-27.3513
-30.6362
-38.0673
-37.0896
-38.1509
-44.8040
-41.3965
-28.8904
-13.4661
-6.5729
2.1979
4.5677
-0.0833
0.5402
-13.6722
-29.9918
-41.9966
-30.1140
-21.9858
-18.3330
-14.6821
-13.9451
2.4691
10.4108
8.7289
6.1413
7.7807
7.7530
6.5177
6.6937
6.6396
6.5927
8.0998
7.8861
7.7318
7.5411
7.5224
10.8641
9.8219
5.9427
6.4395
7.0518
4.1530
5.5786
7.9754
8.8280
6.7160
-4.0075
-17.7518
-20.5288
-19.1213
-28.0813
-27.0878
-11.2783
1.0210
4.4949
6.5580
7.3549
2.2865
-8.4018
-13.9379
-8.1063
-0.2808
-25.9787
-36.0581
-29.2758
-23.4577
-24.3977
-33.9465
-34.7213
-18.5487
-21.0067
-24.0651
-18.6631
-12.2764
-3.1495
2.8288
6.6581
10.6924
14.1167
15.5438
13.7890
11.4318
10.1699
7.8586
6.5526
5.1737
7.3606
8.8440
9.9939
13.1797
15.8597
13.5655
8.9422
6.1288
6.9246
10.3552
9.5427
7.5988
7.6984
9.8416
7.1187
-7.5532
-12.0412
-10.6255
-3.7659
-0.1595
1.6430
2.4001
10.1339
11.3297
11.0756
7.3579
4.1384
3.7850
4.1485
4.0769
5.6331
-5.7089
-12.0749
-8.6386
1.8469
5.4809
10.3537
17.4052
15.2169
16.3839
15.7223
3.1194
6.5916
11.7729
13.2665
21.0596
21.6541
11.4144
3.5970
8.6861
10.7080
0.1077
-5.7828
-5.8022
-9.8523
-33.1279
-43.7799
-39.8148
-39.8674
-48.9476
-48.7259
-45.1416
-50.8262
-43.3888
-35.4326
-16.6551
-2.9995
6.2010
-2.3288
-15.3073
-21.2905
-18.4157
-24.4254
-29.1344
-16.3927
-16.1868
-20.2654
-16.5145
-5.5458
-22.5233
-31.2377
-30.7890
-26.3100
-11.0860
-5.7076
-13.6122
-36.3814
-27.9236
-9.0170
-1.0613
-3.8012
-9.2224
-4.8064
-0.8002
-14.4810
-16.6362
-15.3512
-15.0248
-29.2649
-25.2324
-21.8987
-15.8055
-13.5525
-39.9847
-32.2802
-14.1475
1.6871
-2.9791
-19.4164
-34.1545
-41.5307
-30.5659
-14.3706
-29.6137
-48.1374
-53.1166
-45.0497
-36.2139
-18.9562
-32.1134
-27.7036
-14.8003
-1.8929
1.8880
-2.2992
-6.3513
-11.2785
-14.8811
-15.6299
-19.4683
-26.0174
-29.3507
-15.2829
-9.2383
-15.0294
-29.5800
-39.9563
-41.0888
-32.4117
-16.5257
-7.9526
-11.2269
-18.4129
-35.3137
-33.8489
-26.6552
-19.1689
-8.3716
3.8131
-8.5733
-15.7817
-9.2989
-4.7590
1.1290
8.8081
-21.4193
-35.5798
-38.5132
-42.0566
-39.4040
-35.2379
-30.4641
-32.8275
-42.1819
-27.2633
-5.2251
10.6636
24.4494
35.3322
38.3640
25.6467
15.1507
5.8430
0.1843
-6.7183
-17.9832
-10.3336
6.7441
15.9295
18.4518
20.6580
27.6198
27.8100
24.1481
24.2536
20.2723
14.6615
10.8587
10.0078
8.9120
11.2791
10.7893
13.6520
14.3283
15.4023
15.1832
13.1901
8.5477
10.0395
10.0028
10.2067
7.8752
8.2518
8.9407
7.8380
7.5800
-9.2173
-41.5336
-32.8964
-19.6555
-7.6037
-2.8174
-3.1906
-11.5163
-20.2375
-15.3207
-11.7192
-25.3677
-39.2720
-29.6002
-14.0332
-6.4720
-2.1747
11.7734
15.4547
9.3785
6.2682
10.5145
15.7855
14.3384
13.6278
2.8650
-30.1690
-49.6183
-45.3866
-61.9690
-72.4123
-65.7190
-56.9923
-55.3382
-49.2772
-38.9228
-30.0254
-19.2023
-10.9838
-10.2356
-15.8093
-23.1621
-31.8979
-35.9118
-46.1129
-48.6246
-39.4731
-27.2162
-30.0177
-7.2148
-0.4363
-0.4829
-5.1344
-4.6335
-7.6251
-3.9094
-2.2753
-1.0550
-6.8624
-24.1702
-47.8346
-51.9973
-42.1869
-43.3942
-44.2234
-30.1493
-20.2526
-35.2199
-42.8961
-38.4250
-35.1791
-34.2392
-25.0820
-17.9077
-30.4210
-46.4447
-50.2369
-44.7544
-39.5840
-27.8033
-11.5991
-48.0933
-58.3181
-54.4666
-53.3957
-58.3559
-66.2102
-64.1778
-61.6471
-43.5659
-34.6375
-19.7600
-12.5393
-5.2830
-7.1931
-17.4574
-27.8455
-21.4911
-25.4705
-31.6566
-23.3192
-14.0421
-9.4860
1.6072
-40.6771
-51.9509
-30.9556
-7.4600
5.5252
9.5693
16.2960
16.0447
19.5608
19.4961
3.7193
-16.1692
-13.9805
-12.3569
-15.2967
-16.8190
-35.2757
-27.5628
-13.0939
-3.3648
2.0034
4.0327
6.4843
-2.9872
-19.2408
-16.1009
-1.5473
-4.3165
-40.5775
-56.9524
-62.6685
-50.4890
-31.2251
-33.7110
-23.6027
-25.7383
-43.4347
-40.8447
-30.5742
-22.6088
-33.5639
-23.5433
-1.2099
7.4813
0.0981
-5.2989
-11.3331
-14.0900
-33.1168
-43.0860
-51.8142
-42.1411
-27.1503
-14.4699
-5.7527
4.5904
-28.2776
-40.8658
-39.6773
-20.1156
-10.3135
-17.7596
-2.2468
9.7370
14.5085
-0.3109
-11.6065
-14.5675
-17.7301
-14.8568
-55.9598
-66.6988
-43.2839
-15.3447
1.6757
17.3321
17.2249
11.1203
2.2597
-15.0214
-23.3239
-20.7335
-21.2582
-38.0783
-41.6050
-33.3547
-25.1822
-26.8621
-30.7052
-42.8303
-46.2227
-27.5146
-11.9223
-6.4633
-0.9415
0.6384
0.1426
-0.4552
-0.8568
-1.8118
-1.0101
-1.7577
5.1902
11.2335
9.3962
6.5053
9.8198
21.8049
22.8055
20.1359
22.3521
19.2555
13.3235
-19.0853
-43.6077
-10.1879
-6.1532
-6.8206
-5.9191
-17.1827
-5.1566
11.4192
7.9860
-17.0184
-27.6269
-27.9870
-10.7800
-15.6507
-43.0823
-47.8175
-38.1700
-29.3623
-18.2129
-4.2209
-4.3148
-55.7231
-62.6643
-36.3084
-13.0148
-16.8010
-25.1328
-41.3146
-47.5420
-41.3881
-41.2532
-33.0669
-37.3357
-55.0055
-69.1758
-63.0381
-60.0327
-65.6062
-73.0705
-63.6619
-45.6239
-38.0573
-44.9518
-56.4222
-37.1012
-6.2158
13.8226
18.0471
21.2512
8.4914
-4.2010
-4.9939
-31.4062
-54.8643
-41.3660
-26.0398
-26.3888
-31.1797
-33.4309
-34.1653
-60.7421
-47.6368
-33.3978
-30.9035
-32.6778
-38.3004
-41.0702
-57.7476
-66.7401
-61.0823
-51.2130
-46.4140
-38.2970
-71.0280
-96.4057
-97.9013
-82.9898
-65.6386
-44.4878
-32.1125
-39.3370
-44.7513
-43.9403
-38.1294
-47.7831
-55.2093
-62.0914
-58.4408
-44.1077
-49.8255
-53.5290
-48.3990
-45.2787
-43.9244
-29.7782
-6.5959
-32.4474
-67.3743
-65.4977
-62.4779
-57.3850
-54.6030
-51.1162
-54.5773
-51.7901
-41.3102
-16.8971
-8.9322
-12.7106
-22.8070
-17.2300
-18.4997
-37.4005
-43.5558
-33.4893
-21.2708
-50.2410
-81.5266
-73.5629
-54.7799
-52.0462
-44.9915
-31.3766
-18.5054
-23.2996
-28.6187
-52.1679
-54.0255
-28.6897
-2.1189
14.0336
16.9344
9.2327
5.9721
2.3208
-6.5647
-19.9084
-20.6213
-14.8609
-5.0931
20.4100
23.3402
18.6242
6.1821
3.6823
8.8718
13.0089
15.0732
23.1861
28.5669
22.0116
8.1829
-0.2517
-0.7005
0.9965
7.9244
15.0065
14.3398
16.4571
10.7052
6.0844
6.3745
7.7436
6.7977
9.6907
15.5631
22.4633
30.7010
34.5342
31.3524
32.5293
35.6571
33.6751
34.9535
38.6809
35.4522
24.9892
16.7422
16.3909
14.3399
10.3622
6.6318
5.9135
4.8564
1.6275
-39.8140
-40.1479
-26.0841
-15.5280
-8.0535
0.0021
0.6995
-3.6277
-9.9381
-8.2758
-3.2918
-4.8057
-17.9937
-22.0851
-12.2237
-4.8477
-6.0612
-5.5558
-1.3108
-1.8338
-6.6020
-14.9016
-29.3706
-27.6074
-14.3978
-14.5029
-22.7636
-19.5413
-28.7263
-15.6962
-0.4503
0.6807
-10.2328
-27.2202
-17.8348
-11.7798
-4.4598
-2.4918
-36.6738
-47.5239
-37.5465
-25.1490
-19.4273
-15.7314
-46.0798
-34.3277
-16.8950
-5.7984
-9.1529
-12.4130
-14.1767
-22.7533
-34.6863
-50.4040
-55.0632
-46.6741
-37.9959
-20.4821
-10.4161
-31.6850
-38.9997
-37.8620
-31.6768
-24.8623
-22.6227
-40.8237
-48.2887
-43.0357
-34.4709
-19.0652
-4.2362
10.1420
9.0653
3.1105
-2.5116
-11.1842
-22.1272
-29.1374
1.4476
-2.0925
-19.0331
-27.0008
-21.1138
-9.0609
-3.5350
-8.1653
-15.9179
-27.5373
-27.1981
-15.2738
-4.0187
-5.4074
-3.8713
-5.1914
-0.4493
6.9634
-6.4726
-15.2625
-12.4115
-12.7678
-7.2052
-1.3617
0.3144
-9.4062
-2.4481
3.0875
3.6665
-7.4298
-10.2959
-43.5942
-49.0520
-39.7868
-27.8909
-19.4646
-20.3307
-31.9075
-41.7889
-64.7204
-79.7499
-84.1477
-83.4841
-66.7737
-43.1245
-26.6563
-11.5910
-27.6803
-54.1966
-62.9689
-59.4841
-48.3054
-49.8247
-48.5353
-41.3015
-63.0162
-45.6166
-22.8206
-2.0263
1.8416
-4.8969
-17.4965
-33.0978
-56.5238
-53.5725
-45.8950
-44.2922
-52.6447
-52.0762
-45.0640
-29.2430
-4.2468
-34.6647
-54.5591
-59.4757
-56.9508
-44.5094
-32.4584
-43.5632
-62.8720
-51.8037
-29.6709
-15.1304
-16.8369
-20.3072
-15.4321
-22.1045
-22.7939
-14.8449
-3.0275
9.4586
22.4870
18.1365
6.5669
0.8411
-13.5649
-23.5110
-27.4741
-36.3694
-41.0516
-33.8845
-17.0149
-6.8487
3.4162
5.6598
5.2856
4.6977
3.1434
1.7060
-1.1944
-7.7329
-8.7153
-7.5287
-4.6306
-2.9258
-2.1262
4.3232
4.2688
5.1022
6.2619
-38.3856
-22.0442
-9.3018
-25.9998
-43.1195
-38.1833
-26.6007
-14.0650
-7.5361
-23.5917
-40.0879
-40.3906
-26.7390
-6.5376
-0.2026
-23.8931
-43.5327
-28.3035
-8.5313
9.6285
15.3258
16.5123
9.6710
6.7769
10.5378
-11.0330
-17.6932
-21.6540
-18.2647
4.8892
11.3220
-2.5568
-20.5746
-28.6007
-20.4506
-28.2833
-29.1224
-17.2740
-0.3220
4.9149
7.6897
7.6211
9.0855
4.5007
2.4154
-2.0123
0.7585
5.5171
4.8628
4.5875
2.7134
-14.7052
-21.0490
-36.6631
-49.2365
-46.2730
-14.2323
10.3035
18.5009
9.9742
1.4646
7.4144
9.3776
14.8598
11.3068
2.3918
-3.5312
-10.2103
-7.3050
-6.0356
-9.3613
-24.7149
-34.3415
-44.1120
-43.8675
-41.9395
-41.5635
-38.0231
-23.2707
-22.3041
-50.3873
-44.7656
-40.0204
-30.2955
-22.2734
-16.1141
-13.5839
-23.5113
-46.6091
-60.9032
-62.8252
-60.3333
-48.9453
-65.4272
-77.5190
-63.7940
-50.8601
-39.1358
-33.2159
-22.3878
-6.4537
1.0085
3.4443
6.7509
7.4756
0.0474
-9.9279
-32.9605
-37.6661
-28.5145
-20.1283
-2.8853
-2.6940
-3.5435
-6.0780
-11.1069
-10.0745
-8.3570
-12.6177
-3.9956
-11.6962
-19.4785
-26.6853
-3.0191
12.5500
6.6260
-9.8665
-24.5231
-24.7970
-30.7522
-40.7573
-22.3508
-7.4469
3.5721
7.8852
6.3597
8.4598
6.5064
8.9147
-35.2126
-64.1334
-71.5174
-74.4494
-79.7476
-70.2340
-40.3419
-12.8270
-7.7586
-17.2253
-20.3584
-20.8881
-30.7301
-54.6537
-49.8117
-35.2689
-42.2023
-34.8700
-16.8738
-37.5047
-48.5769
-61.2790
-60.6118
-63.4858
-63.8646
-60.9299
-50.3710
-44.2609
-19.2035
8.6821
17.7339
10.6566
1.5550
0.9235
10.3567
-11.3340
-42.6969
-54.3551
-55.5693
-52.8371
-46.8028
-37.6088
-18.4915
-1.4514
7.9531
8.1283
5.0236
3.5334
6.2074
7.9407
7.8536
7.0203
9.4521
8.3189
5.9182
5.5552
5.4017
5.4006
5.8097
5.2666
5.2101
5.9681
8.4441
9.5667
9.2733
9.6912
7.7288
6.7823
8.9718
10.1506
9.1262
6.9933
4.6770
4.6631
6.4513
8.3740
9.2776
10.8857
13.7658
12.0229
12.3600
10.8158
8.7762
9.0640
8.3787
6.0705
8.4151
11.6127
15.2198
16.3702
17.4341
14.1182
4.8020
-1.8443
-4.2141
-9.3192
-2.3470
6.6321

Coefficient 8:
0.0000
5.3787
4.9796
3.9981
3.0619
7.8589
9.5397
2.1958
2.1613
9.5254
13.3849
13.0259
8.7743
4.0293
1.7662
-1.3935
-9.6889
-6.8222
6.3459
4.8654
-4.4975
-7.3435
-5.9472
-7.4056
-8.4626
4.1689
3.7235
-0.3281
-7.2035
-10.9608
-9.6872
-3.6066
5.7230
9.7740
10.7895
7.8993
12.0560
1.1809
-13.0418
-11.0900
-1.6443
1.7084
3.3763
4.7659
4.8181
6.4985
8.7258
12.5514
1.4647
-13.1166
-14.9719
-9.5956
-3.7085
3.7564
3.6672
-3.6837
5.9983
11.2473
13.4378
7.5135
7.1475
6.7127
5.8514
9.8554
11.3408
6.3587
10.3055
17.6401
13.2456
7.3543
2.2796
1.2714
2.7018
8.6433
9.4021
13.4817
11.8622
16.0489
11.7190
-1.7842
-3.8772
2.6275
2.4308
-2.8550
-0.9104
-0.4176
1.6430
3.1937
2.5819
6.6789
5.5806
2.4808
3.8268
9.3024
7.2045
9.9743
8.5494
2.4961
-7.6756
-8.7667
-6.3855
-2.8008
1.0257
3.8415
5.8885
7.5533
0.7707
-7.3567
-19.7849
-17.4662
-18.6216
-10.2460
0.0315
5.0254
4.9555
-14.7137
-27.2747
-30.8946
-26.0831
-32.7759
-35.1762
-27.0765
-13.6081
7.0628
4.8934
-3.5280
-5.5381
-6.9497
-4.7616
-14.9562
-23.0308
-17.0131
-7.8378
-5.6106
-7.8992
-8.2129
-31.1237
-30.7925
-22.2052
-20.4817
-21.6668
-22.2016
-19.7986
-13.9694
-5.2775
-13.1406
-12.8088
-1.1760
-7.4055
4.7220
8.7541
-10.3098
-26.1529
-17.1217
1.0822
6.2848
1.0820
0.7953
-2.8364
-10.3943
-15.2799
-17.1919
-10.9676
-9.1305
-3.0382
2.5603
-16.5859
-27.4921
-29.1093
-26.5473
-22.0612
-13.5399
-11.6515
-11.1227
-10.5387
-6.0148
-4.6376
-5.4975
-15.4767
-21.1273
-25.2411
-35.4038
-41.9149
-31.0752
-22.6790
-23.1368
-18.5937
-14.4023
-8.3679
0.1649
10.4844
20.2547
21.3915
23.6840
27.4261
30.1325
3.7896
-14.5959
-12.7368
-3.0384
-26.9107
-29.4922
-23.1276
-21.4475
-46.7771
-43.6682
-35.6843
-24.1542
-20.3506
-17.9430
-19.6637
-11.7700
9.7217
16.9182
8.2738
-11.4282
-23.1430
-19.2320
0.4721
-14.9948
-19.7647
-15.4860
-14.4184
-15.7809
-13.5747
-19.6454
-20.3368
-28.0244
-29.1807
-27.4729
-28.7448
-22.0043
-17.4375
-31.7735
-28.1911
-21.5417
-15.3857
-9.1041
-10.2884
-19.9851
-25.6875
-26.2806
-1.4043
8.9459
-9.4994
-31.3916
-42.0886
-48.7125
-47.1436
-47.0490
-49.2327
-41.1816
-33.1655
-18.6979
-10.1293
-4.6550
-7.9493
-8.0430
-7.7333
-9.5914
-14.3123
-16.4530
-16.9973
-36.0633
-32.5661
-19.4684
-35.7731
-41.0963
-40.3478
-27.3387
-10.6028
-9.3110
-21.3990
-13.7030
-8.1717
-8.9574
-17.3629
-50.4671
-60.8089
-48.2107
-42.3874
-30.6584
-18.9665
-12.8345
-12.9694
-3.9151
-6.2041
-6.7138
-1.5067
4.0342
4.5830
11.6552
13.3937
23.6617
29.3991
30.1830
25.4356
24.2835
22.4237
23.7468
24.6970
23.1553
21.7225
21.1690
19.4133
19.3770
16.7922
3.1057
-9.6613
-12.1946
-12.0000
-5.8353
6.4206
9.0511
4.4860
0.9548
-5.0399
-1.2428
-4.1722
-21.3003
-34.8730
-44.4536
-50.1071
-51.7524
-41.3855
-30.4365
-22.4594
-26.1933
-63.1593
-60.5181
-47.4586
-41.7731
-42.4503
-47.0867
-52.0460
-42.1123
-8.4981
4.6047
-10.2872
-21.0738
-21.1281
-17.1985
-12.9910
-5.2596
-5.8664
-14.7944
-16.2351
-6.3045
-25.4681
-30.2012
-21.5321
-12.8364
-11.1284
-10.1225
-10.3744
-6.9685
-22.5603
-29.9307
-24.9470
-27.2597
-35.4249
-38.1535
-39.9440
-39.1439
-38.2630
-29.7159
-23.0784
-13.6702
1.2198
13.0932
13.0845
12.2433
6.8738
4.4684
1.1666
6.8332
8.5990
6.4577
-9.5598
-23.7610
-29.7803
-36.8595
-55.0465
-36.2661
-24.7384
-24.9628
-23.1655
-17.4008
-19.2735
-40.3321
-54.7762
-54.6525
-35.2804
-16.3360
-11.3197
-9.0774
-14.2563
-11.9257
-12.1621
-0.7416
16.9428
17.2657
13.9010
-2.3473
-26.5729
-34.6960
-34.7355
-34.9366
-32.4370
-23.5794
-13.7637
-3.1930
2.1842
0.8417
-3.1863
-11.0334
-18.7800
-22.3209
-29.3534
-30.2448
-24.1604
-17.7315
-29.9820
-24.2490
-17.2986
-18.3931
-18.8057
-8.8871
6.4567
23.6475
-9.7043
-19.1906
-15.4743
-12.6551
-1.2834
-2.0193
-8.4279
-24.5359
-28.1479
-28.4125
-23.6197
-14.2812
-26.7289
-25.0056
-17.7473
-9.1199
-4.8402
-4.6316
-8.7541
-15.2243
-15.1908
-1.8537
4.0615
4.3843
5.8039
4.7299
6.6855
6.0155
7.8581
8.8146
10.6848
8.3959
7.0869
7.9630
6.4940
7.6424
8.3058
7.1203
4.8832
6.6106
6.5954
4.9227
5.2114
5.8045
5.6090
2.4356
12.6194
10.2788
8.4722
13.1308
-4.5733
-26.0642
-39.1488
-37.8931
-22.5749
-6.8715
1.0373
-0.1530
-0.6841
7.0947
5.5650
-11.7998
-32.1303
-39.2301
-39.7188
-19.1220
-4.4878
-4.5110
-1.4568
-18.3163
-36.2247
-38.8735
-38.0083
-40.4280
-41.4654
-45.1731
-52.0619
-55.5745
-51.9005
-40.8840
-32.5204
-38.5371
-50.7338
-67.5121
-62.2413
-45.1941
-36.9375
-43.6237
-43.5314
-39.6823
-32.0274
-0.4457
9.3612
5.0868
-3.3169
-4.7693
3.8750
5.2649
-17.1613
-34.8952
-47.4099
-38.2736
-31.3346
-19.6605
-13.8541
-14.0515
-13.3412
-15.4044
-13.7668
-27.0404
-23.0994
-7.1933
6.2659
14.6374
5.4239
-14.8274
-22.3416
-30.1276
-28.2493
-18.8868
-14.8463
-29.9587
-27.1962
-25.7569
-25.2617
-27.6763
-28.8404
-15.4155
-5.7981
-9.3620
-26.5511
-26.6118
-20.2219
-8.5566
-3.5994
-14.7456
-44.5350
-46.1170
-34.9247
-28.4179
-29.2437
-22.8729
-8.9130
-4.9403
-7.7448
-3.8187
-8.6673
-35.6211
-52.8377
-41.7590
-24.3676
-18.6874
-22.1618
-20.0249
-6.5007
2.4263
10.5401
15.2162
9.5673
-9.9162
-18.6478
-16.1970
-19.0717
-30.3953
-35.7514
-33.2144
-27.3702
-21.9802
-5.7001
6.3140
13.2858
16.9271
10.9293
6.0968
0.3791
-4.2979
6.5498
7.0559
7.9720
9.5237
11.0686
8.8612
8.2101
7.3500
7.3460
8.3389
8.9757
9.3413
10.0297
8.8379
8.7041
9.8322
9.9464
10.4286
11.4786
10.3207
6.4965
6.4582
5.2677
5.8024
5.7897
6.2169
6.5497
7.2832
5.5971
5.4844
5.3052
5.3936
5.2278
6.5031
6.5804
18.7240
6.1779
-20.8469
-35.0955
-29.3918
-8.6140
-1.1254
-4.7867
-13.3243
-20.4817
-23.3762
-14.7813
7.8786
13.9180
15.1829
18.0600
16.8225
10.6644
-7.1996
-17.7481
-8.7009
1.9208
2.5138
-3.9631
-18.1728
-20.3941
-13.0917
-2.0072
-0.2480
10.1584
11.4309
-10.9980
-25.0985
-25.8443
-19.0158
-14.0046
-6.1633
-6.1766
-7.0006
-1.0185
-1.6208
1.2789
-2.6354
-0.6369
3.1340
-4.5638
-7.0648
-6.8259
-17.9488
-17.2908
-16.9400
-19.5195
-16.6741
-12.2138
-21.0313
-20.2178
-22.8217
-16.8785
-5.6958
-6.0046
-14.9267
-18.2502
-11.0515
-30.4120
-33.8921
-19.0371
-11.9740
-10.9649
-16.0232
-32.4236
-46.4321
-41.3404
-31.5471
-16.7861
1.6376
3.9168
-3.5753
-13.5187
-46.8331
-55.8508
-51.4208
-43.5604
-34.5742
-33.0829
-28.3560
-25.0720
-20.8737
-12.5461
-4.1645
0.7566
-1.4961
3.5791
15.5540
-0.9641
-7.8434
-20.8712
-38.2693
-36.2061
-30.7143
-27.1212
-17.6505
-19.3149
-12.9698
-13.0235
-2.4385
0.9187
-1.3469
-0.5797
-6.8189
-14.0331
-13.1059
-22.3426
-17.2235
-8.5590
0.1469
0.7797
-6.8502
-15.2694
-24.8315
-28.7145
-26.7546
-11.2221
-9.6240
-14.0539
-12.2419
-8.3163
-1.4698
0.2752
5.3610
5.1875
6.5323
6.1615
5.2791
5.3637
5.5187
5.5011
6.6639
6.6492
6.2802
6.2501
6.3618
9.4906
8.6497
4.8523
5.3717
5.9190
3.1477
4.8994
6.7958
7.6499
5.6537
-6.2370
-16.4747
-15.3316
-14.9676
-15.1249
-16.7743
-13.5489
-2.0246
2.8019
5.2571
6.4699
3.7891
-4.6386
-9.5794
-9.3026
-7.2628
-6.5100
-0.6496
2.2202
7.8086
14.9864
8.1617
3.0389
5.7589
5.5041
4.7207
4.9609
4.2671
4.2784
6.0946
7.6017
9.5218
12.8585
13.8312
11.8761
9.2753
8.4546
6.7745
5.7554
4.4621
6.5054
7.2397
8.0416
11.5459
13.6655
10.8369
6.1362
4.3128
5.6431
8.7108
7.4520
5.3155
5.3398
8.0783
5.3022
-10.7510
-15.7603
-14.8068
-8.8223
-5.3080
-2.3388
0.4118
7.1193
7.3333
7.7251
6.1015
4.8324
3.6727
3.0225
2.4032
3.6159
-8.1285
-12.5813
-38.4518
-47.2868
-46.5667
-35.9726
-24.5892
-21.6916
-20.3442
-23.3896
-27.4725
-38.9926
-47.3359
-43.1568
-31.4364
-20.6182
-12.1040
-16.5942
-13.0244
-10.5577
-13.6134
-14.5131
-9.0693
-17.2016
-35.4394
-34.6105
-31.8661
-31.5226
-40.1653
-40.4940
-28.1099
-36.7267
-31.6805
-26.8218
-24.1231
-20.2769
-25.6594
-30.6847
-21.2656
-7.9313
-11.0940
-28.6462
-30.6022
-21.6783
-15.8598
-21.1732
-21.0287
-8.2581
-23.8846
-25.0896
-27.3613
-25.1628
-19.6448
-15.4833
-2.9956
-22.1597
-24.0472
-22.6544
-17.9413
-7.9824
-7.8249
-9.4272
-8.2916
-13.8052
-14.4034
-13.7998
-14.3451
-17.9622
-24.0439
-27.0086
-16.6675
-9.1359
-29.6761
-34.7778
-39.1712
-39.7743
-48.7638
-44.5839
-31.9186
-26.8408
-24.8392
-24.4047
-33.3354
-39.5224
-37.6036
-27.5847
-11.8490
0.0475
-6.4526
-21.4829
-24.8955
-19.0634
-11.9579
-5.8774
2.7820
9.6002
5.5244
-0.9306
-9.3301
-12.9882
-16.5590
-4.9187
2.2574
-4.1939
-19.9141
-30.6349
-24.3864
-18.6326
-18.1887
-21.0781
-15.9697
-20.2122
-43.2334
-43.2922
-38.0803
-36.5407
-31.1339
-12.9679
-18.6259
-19.3701
-13.0492
-5.5315
-4.5631
-9.6670
-28.8483
-39.0032
-32.2350
-21.8421
-4.1938
7.9729
1.0430
-14.1265
-32.9696
-35.3096
-38.7536
-34.8115
-28.8008
-25.1396
-22.2197
-24.2227
-23.0244
-10.8526
1.5348
4.4974
0.2256
6.1486
13.6253
11.8151
10.0986
12.0439
12.2840
11.3095
14.8241
16.6987
16.2477
16.2217
18.9549
20.2220
20.4896
24.0246
23.2350
21.6239
18.3846
15.4688
15.4398
15.6964
12.3008
12.0062
8.6290
7.6070
6.4415
7.0195
7.7233
7.0342
6.2676
-7.2580
-23.0715
7.4228
8.1778
6.7807
0.4131
0.7337
-0.7473
-4.1671
-5.8926
-1.7244
-9.6372
-20.5929
-20.3901
-13.2266
-14.0980
-24.6890
-23.8933
-23.7078
-24.3265
-23.1481
-26.5943
-25.2860
-12.4769
-3.6897
-11.1811
-23.1989
-25.5876
-23.8918
-28.3497
-21.6609
-18.5883
-18.6317
-21.1105
-20.3735
-11.8319
-10.3973
-9.2152
-8.8965
-11.9337
-20.2819
-18.1001
3.0906
4.3950
-5.6995
-16.2612
-16.6001
-8.9210
-9.0325
-19.0417
-36.9870
-35.1184
-23.2246
-20.5580
-17.7389
-15.9622
-11.5874
-0.1240
14.7983
5.9060
-11.6259
-22.6363
-20.2192
-26.9011
-41.8868
-39.1060
-23.2562
-32.1544
-42.1310
-42.8946
-43.2311
-38.3426
-31.1632
-26.2846
-37.4735
-40.8163
-29.9840
-10.8053
-4.4344
-5.2769
-1.4443
-34.3339
-35.4044
-28.4380
-13.1636
-10.7487
-17.0338
-23.6964
-19.2654
-16.3991
-15.1417
-4.1567
-10.5541
-9.0050
-5.2790
-12.9731
-15.1879
-11.5010
-7.5514
0.9379
12.0713
26.9274
25.0609
23.8384
-14.9718
-39.2664
-41.5194
-39.2615
-36.7333
-40.8088
-43.6275
-47.0927
-48.1119
-49.5335
-39.5142
-20.4043
-5.3907
-9.0736
-9.3015
-3.6926
-22.3690
-25.8688
-21.9798
-12.7472
-8.2503
0.3279
8.5115
4.8773
1.3424
-2.6572
2.0301
-2.4580
-27.8969
-33.6187
-33.2399
-24.6210
-13.0720
-15.9276
-8.1971
-10.6640
-14.2701
-18.8768
-18.8385
-19.0677
-21.3250
-32.3935
-42.8419
-41.8852
-34.0219
-18.7066
-0.7684
17.7755
13.0250
-11.2910
-29.3206
-33.6129
-23.9404
-13.6936
-15.4785
-21.5253
-51.8634
-58.7339
-52.5131
-30.3488
-13.2285
-18.3526
-34.8785
-48.8479
-39.3140
-20.7581
-13.2034
-4.8516
7.4348
9.2392
2.0081
-9.4869
-17.3456
-20.7467
-28.3503
-26.1565
-26.9213
-29.1273
-38.8742
-49.3412
-41.5057
-23.7117
-14.7476
-1.0083
-2.9854
-4.7642
0.5627
5.3480
1.3751
-1.1814
5.2225
20.2451
16.4724
11.5383
10.3077
10.4592
10.2981
8.8841
7.9619
8.9425
9.5783
7.8731
11.5431
12.4534
12.0553
12.5389
18.3467
23.8817
19.4223
15.8222
18.2792
15.6667
10.9730
-23.1246
-35.9447
-23.2750
-23.8431
-20.9151
-9.6610
-15.8098
-20.3001
-7.5310
-7.7759
-19.5378
-18.2886
-17.1658
-19.6935
-42.3901
-33.9937
-18.5873
-10.3184
-5.3904
-2.4711
-6.4197
-8.6655
-13.5585
9.3739
9.1904
10.0490
4.4376
-0.3607
-6.6590
-0.4228
2.9567
-6.0706
-11.1150
-7.0549
-17.5681
-32.9509
-31.1535
-26.8506
-27.9283
-20.2531
-8.7366
0.8322
0.5778
-10.5861
-39.6666
-56.0506
-57.7993
-60.7035
-61.9717
-55.4174
-35.4971
-19.8932
-6.6083
-16.9894
-18.2332
-17.9472
-18.4239
-25.0990
-24.2669
-18.9941
-9.4253
-22.7305
-13.2592
-16.0791
-30.6467
-39.1570
-37.5856
-43.2583
-31.7699
-17.8676
-8.1876
-8.3577
-14.7891
-20.8821
-48.4292
-42.5228
-30.5514
-18.9716
-19.9204
-22.9583
-23.6025
-21.2549
-17.5968
-18.3752
-25.3553
-26.2083
-18.2228
-6.1111
5.6657
9.0444
3.0466
-5.7942
-11.5904
-13.6664
-11.4049
-3.1174
14.4808
0.9525
-31.6406
-36.2421
-22.8346
-20.2604
-25.5748
-31.3228
-28.3624
-19.2411
-9.7400
-18.0045
-26.2769
-28.5698
-35.1764
-37.4088
-27.8991
-9.4713
-10.9577
-7.7720
6.6568
-16.5748
-40.2237
-44.4269
-29.2257
-26.7364
-16.4191
-10.3895
-14.1735
-16.6114
-11.8454
-9.6248
-18.5085
-34.5407
-39.0503
-42.5410
-45.4600
-51.5299
-51.7190
-60.2664
-56.0296
-46.0599
-38.3808
-32.4420
-25.8429
-20.4215
-33.2118
-31.9871
-30.7388
-31.5543
-37.5042
-43.5717
-46.3874
-44.0483
-42.7238
-35.2848
-36.2242
-37.8066
-31.4907
-19.8620
-5.2746
2.0536
0.5009
0.9324
4.7241
4.8598
5.1061
6.6026
5.6364
2.5444
-0.6700
-3.8167
-3.6098
-1.6499
-1.8770
-1.7065
-0.3957
0.8327
7.0717
13.4964
14.0467
6.1508
2.2982
4.8123
3.4493
3.6117
4.4058
4.9948
3.8746
1.5218
-18.6604
-1.9686
1.9878
7.6092
10.9242
8.7025
8.5328
9.9110
8.7584
6.6274
8.5968
8.7282
-2.3138
-2.3622
6.1072
9.4341
7.2802
9.2108
13.6733
5.1871
-6.8818
-17.0510
-24.4423
-20.7130
-20.3705
-20.8943
-22.1852
-13.3514
-10.2640
-25.0649
-21.4133
-16.2011
-22.2692
-33.4256
-20.5924
-12.3605
-12.8647
-10.7548
-21.1563
-29.4999
-32.3420
-19.5004
-16.3892
-14.5918
-42.0107
-47.1876
-45.7676
-34.7382
-28.4814
-28.9558
-31.7561
-15.4103
-8.2856
-1.0761
4.6737
6.9094
11.7223
5.5078
3.1923
-12.4844
-8.1680
0.2151
-1.2069
-8.2367
1.4269
-3.6960
-4.4722
-8.6883
-13.7093
-20.8085
-20.2539
-19.8258
-12.0488
-4.4245
-2.4893
-4.9945
-14.6906
-20.7928
-27.6493
-37.1798
-30.1813
-21.4920
-20.6691
-33.9297
-27.9922
-15.8480
-20.8973
-37.8930
-31.1350
-19.6652
-18.6090
-28.4715
-30.6037
-17.4115
-11.6734
-12.0497
-8.3211
-9.0863
-9.6005
-25.3856
-33.8616
-28.9305
-32.3125
-54.7821
-49.5651
-38.8705
-25.8024
-14.0408
-12.3727
1.9510
-4.8235
-16.5365
-23.6597
-25.4763
-35.5907
-41.9331
-30.5020
-21.5045
-21.8102
-18.9058
-14.9910
-2.3081
-4.1082
-18.4988
-24.7554
-32.4099
-37.2764
-25.9550
-18.0076
-16.6237
-11.6770
-9.5952
-21.3840
-59.4294
-53.4010
-46.3935
-35.5339
-36.9524
-26.0949
3.3326
-0.2512
-20.7325
-31.2399
-24.3567
-19.0486
-24.0985
-21.3297
-18.9571
-28.1803
-14.9142
-26.5742
-33.6984
-27.4360
-15.9013
-14.4426
-13.5689
-3.9279
-12.5245
-19.0740
-21.9978
-26.8808
-33.2294
-31.0852
-21.6034
-40.1587
-40.3023
-35.7049
-33.2566
-23.7976
-16.9361
-15.5657
-22.2114
-27.6546
-14.7631
-9.0433
-6.4029
-6.8281
-7.0113
-5.9396
-2.8413
-4.7753
3.5462
4.4127
4.7531
4.0060
2.7607
2.1907
7.7527
7.2263
4.2479
-0.5778
-0.2772
0.5214
0.5517
3.8603
3.6016
4.3219
5.2499
-33.4218
-21.3370
-15.2825
-6.2991
-11.9028
-16.7102
-8.6920
-4.7350
-8.0674
-24.9804
-23.2530
-7.3662
0.7131
7.4509
12.4493
-5.9542
-41.0348
-48.5357
-47.3155
-44.7496
-48.3702
-50.9131
-37.5148
-15.6675
-2.9632
-12.5006
-14.3678
-18.7993
-33.7397
-36.4880
-15.0128
4.2368
-1.3348
-10.9201
-19.0410
-8.7744
-4.8461
-4.1712
-5.1093
-6.2091
-11.8374
-16.5609
-9.5579
-2.3084
-4.7770
-7.0261
-1.8115
3.8031
3.3623
3.8586
-1.9605
-22.5990
-16.0265
-2.6799
6.4549
-13.7128
-34.3303
-34.5008
-26.2527
-20.6005
-18.1185
-28.9632
-46.4752
-34.8742
-23.8382
-23.8886
-24.7865
-8.2171
10.4826
18.4014
16.7110
-1.1108
-8.7576
2.8000
1.4442
-1.0341
5.0236
7.4507
-2.1639
-13.6694
-28.6990
-26.1629
-27.2764
-32.0858
-34.6018
-23.1834
-21.4188
-35.9077
-53.6403
-50.0769
-34.1309
-16.0736
8.8913
-3.8824
-18.5910
-27.2273
-16.0265
-7.1144
-11.2358
-12.2701
-12.1710
-9.5677
0.8842
5.2516
6.3008
12.5482
25.6949
-0.8216
-22.2009
-27.0956
-12.4900
-14.9803
-35.4620
-49.6000
-39.7896
-27.9581
-21.8151
-17.9246
-9.6770
2.1855
7.1290
-6.9452
-24.1812
-21.1321
-9.7706
-2.0836
-3.4418
-13.3891
-15.9253
-2.5987
-8.9315
-16.8512
-15.5975
-11.2801
-12.3382
-18.5685
-23.5382
-23.0313
-23.1398
-54.7753
-58.9851
-49.9510
-40.6464
-41.4335
-41.6282
-25.5698
-12.3110
-11.4643
0.7330
-0.7532
-4.0223
-24.3960
-23.4857
-13.2642
-12.8456
-22.2724
-30.1565
-25.3685
-47.0793
-55.5122
-60.1858
-61.0359
-48.6248
-39.1364
-32.2302
-39.6622
-54.5692
-56.2306
-52.5584
-54.1531
-49.3776
-40.5949
-32.9330
-42.7924
-41.1477
-35.3534
-28.9313
-20.3848
-10.0624
-3.4682
-10.0879
-14.6971
-5.8314
3.0021
5.5226
3.7158
2.9267
4.0967
5.9727
7.4754
7.2445
8.3128
7.2566
4.9473
4.8125
4.6656
4.6065
4.9519
4.3746
4.3352
5.0039
7.1570
7.8919
7.4679
7.5851
6.0974
5.4093
7.6881
8.9052
8.0595
6.0742
4.1193
4.0105
5.3964
7.1828
8.2192
9.6653
12.1585
10.1323
10.2555
9.2108
7.3878
8.0304
7.5446
5.1384
7.4657
9.2589
4.5759
4.4405
5.7043
3.2929
-10.4299
-16.0230
-23.2302
-22.7887
-14.7921
-3.0682

Coefficient 9:
0.0000
2.4012
2.3096
1.7784
2.3441
6.9631
7.5477
0.5997
1.2114
8.0721
10.7705
9.9102
5.2414
3.1557
1.9993
-2.2449
-13.4989
-18.5450
-13.9942
-8.2712
-6.8450
-2.7790
2.7703
3.8751
-4.1001
5.1384
10.5021
6.4277
1.5873
-2.4921
-4.3378
-0.2921
4.3159
8.2528
9.3344
6.7029
-3.9432
-27.9936
-25.4862
-15.4572
-8.0298
-4.2736
-2.0969
0.0806
0.1916
2.6682
6.4857
11.9552
17.5990
7.0054
2.1663
0.1196
7.9193
15.6568
9.8573
3.8166
10.6970
13.6931
18.4944
15.1989
15.9351
17.3986
16.5417
13.0635
6.4409
2.0481
6.4183
6.8116
8.1585
3.1016
-1.6591
-3.2231
-1.8669
1.9360
0.3400
-0.6988
-6.1881
-14.5088
-15.2551
-18.0489
-11.5723
-1.9295
5.6224
2.8106
7.1966
7.9179
1.8697
0.6026
-1.6926
2.2174
3.1680
2.0696
4.1656
10.0519
10.2680
13.8139
17.6969
18.8681
7.4658
5.3936
4.1167
3.5553
4.4215
7.2837
10.1777
3.7066
-9.8125
-7.1246
-22.6462
-25.7722
-23.0236
-18.6621
-9.1704
0.8785
-2.9649
-21.0552
-20.8706
-14.0220
-14.9617
-26.9792
-28.1621
-21.7993
-23.2178
-26.3217
-44.1000
-46.7782
-34.2704
-26.2330
-29.9915
-40.2180
-27.1457
-10.2044
0.1349
5.9829
5.3676
4.8667
-11.9205
-1.2832
4.3904
-0.6482
-4.9098
-7.3116
-1.1680
4.0169
-7.2861
-15.0057
-12.6906
-9.5076
-1.4148
-1.2502
-1.9194
-16.2554
-30.1465
-32.0187
-30.0927
-19.8461
-4.8473
-3.7999
1.3601
5.7977
1.7920
-5.7378
-4.8351
-6.3843
-8.1558
-10.1984
-14.9411
-2.9658
4.4858
8.5480
12.9217
-4.7663
-8.4094
-9.7912
-8.5174
-3.7594
-1.7811
-0.9645
-8.4416
-7.8648
-9.2860
-14.6060
-9.9374
-19.8021
-29.1739
-24.9709
-17.6692
-20.2470
-21.0230
-18.9564
-13.9190
-8.9982
-3.3172
-3.7654
-7.4587
-6.8127
-28.6847
-37.8309
-37.2461
-28.1265
-37.7014
-33.4298
-25.8591
-20.3159
-55.7023
-55.2313
-39.3666
-23.2468
-14.1967
-16.8523
-16.8637
-13.2943
-19.9515
-19.3742
-16.4833
-19.6917
-27.4530
-35.8851
-32.1988
-32.5158
-28.0822
-22.8062
-19.1135
-22.8574
-25.2181
-25.3310
-19.5277
-13.5090
-23.7651
-23.8049
-9.5991
-3.0155
-1.9706
-16.1744
-20.8506
-16.4898
-7.7899
3.5814
-2.4372
-62.6718
-71.7489
-60.5147
-60.0793
-50.2481
-28.5288
-1.7809
11.5902
4.1196
-3.8871
-9.6619
-17.7298
-6.4027
-7.2953
-15.3798
-7.5654
2.3955
-6.8630
-26.5857
-28.5039
-14.9019
-16.7804
-14.0620
-16.5453
-34.9021
-26.9242
-16.3626
-17.6692
-32.8534
-47.3784
-40.4403
-35.0507
-39.5080
-37.5842
-36.7616
-27.0272
-26.1062
-33.0410
-47.2906
-42.0359
-41.4555
-54.5527
-52.9372
-50.3779
-52.4298
-57.4008
-72.8274
-60.7977
-32.5287
-20.7386
-15.3124
-10.5761
0.3086
4.0505
-15.1141
-16.0724
-16.7831
-14.1300
-12.3332
-15.1276
-14.3384
-12.2666
-13.0898
-18.3994
-19.4683
-19.5609
-19.4473
-19.7491
-20.9127
-36.5696
-44.8230
-40.5305
-32.1872
-28.1190
-24.6296
-19.0596
-6.3120
1.1516
10.0318
9.1917
-15.5333
-23.7806
-17.6832
-14.9885
-19.6759
-19.6875
-15.7961
-10.6038
-17.6714
-33.3619
-45.2897
-44.6418
-30.7685
-14.0656
-18.5961
-32.6596
-36.8715
-30.4927
-17.8450
-29.0065
-30.5233
-24.2238
-23.2422
-22.1411
-22.8279
-24.8342
-15.2132
-13.7183
-4.5003
-10.9377
-4.2226
4.7248
7.1958
3.9313
6.8040
17.5592
21.2059
6.1930
3.6039
6.1140
2.9984
-3.5534
-5.8563
-8.6585
-7.6820
-3.9850
-2.9900
-6.9173
-5.0959
7.7791
20.8623
19.1937
14.5112
6.5737
3.8084
5.7078
12.1364
16.4588
12.8779
-9.3581
-19.0675
-10.8682
-16.7966
-24.9306
-17.4985
-14.3921
-15.3462
-21.7550
-20.6888
-13.5650
-33.7709
-26.2613
-10.2937
5.2507
-2.2192
-23.8675
-33.2307
-27.8090
-26.7622
-21.9515
-13.8249
-11.0406
-6.2586
-2.7158
-5.0824
-4.8722
-9.0200
-3.9579
-6.5476
-6.3248
0.4631
2.6258
-4.4808
-21.1753
-30.9185
-35.9299
-36.2668
-37.0359
-34.2544
-27.4734
-18.5863
-12.9853
-12.3577
-7.1081
-3.0051
3.1061
0.1297
-3.9550
5.6249
7.4662
2.5496
-14.4557
-19.8060
-22.2373
-22.0772
-21.7235
-29.8442
-23.3316
-10.1924
-1.1441
0.4095
-0.2110
4.1991
-17.2341
-25.2955
-23.8004
-25.6090
-33.0284
-35.0836
-35.3222
-37.9067
-26.9155
-6.6291
1.5441
2.8012
4.0970
3.5435
5.3239
3.3681
1.8267
2.7087
5.4817
5.5862
6.0470
6.7501
5.4716
6.5548
6.8746
5.9236
3.6620
5.1764
5.3652
4.0161
4.3055
4.6863
4.4700
7.2122
6.1442
1.4125
-6.7886
-2.2759
-9.5241
-19.6682
-15.1993
-7.4546
-10.5085
-20.8083
-28.7736
-30.8538
-31.7404
-39.5070
-41.9614
-22.9934
-7.3145
-16.3139
-26.9153
-24.0144
-12.1905
-7.3663
-5.5131
-18.7399
-36.1776
-31.2970
-14.1395
-2.7580
1.6555
3.7007
-4.3192
-14.6646
-13.3129
-13.7517
-19.8857
-22.0105
-29.2322
-43.9081
-35.5543
-29.5778
-31.4045
-26.7725
-22.2887
-29.5413
-29.1215
-35.0029
-45.4171
-55.8771
-58.9464
-52.4922
-42.2041
-32.3464
-30.6846
-37.8350
-38.2464
-32.1288
-26.9054
-37.9582
-43.2675
-46.8929
-43.7169
-39.1686
-32.1971
-40.7910
-29.2956
-27.7128
-29.8978
-28.0194
-14.5411
-15.6667
-21.9753
-27.8258
-25.3303
-15.8427
-5.5020
-20.1164
-21.2538
-20.4123
-13.7688
-23.9324
-29.4178
-34.2627
-31.6858
-39.3298
-62.1954
-52.3314
-32.6016
-24.7354
-20.8305
-12.4828
-24.7252
-30.2933
-16.7669
-19.2794
-26.1420
-22.9029
-23.2216
-37.0363
-37.3430
-32.7896
-29.0742
-31.5172
-36.6064
-23.9725
-15.3061
-8.2654
-13.2329
-16.5658
-12.5744
-18.4769
-19.9067
-21.3689
-22.3762
-29.5975
-39.7775
-32.3746
-23.2297
-22.4841
-28.3731
-29.0388
-23.4436
-16.9434
-18.1077
-19.3602
-16.7699
-11.1164
-8.7563
-5.3362
-3.2880
-3.7222
3.9381
6.0603
6.8140
8.5288
10.1410
6.4044
4.1126
2.7649
4.3015
6.5432
7.3291
6.9802
7.9454
7.1583
7.1857
8.2269
8.2776
8.8489
9.7039
8.4387
5.2011
5.1079
4.1400
4.3865
4.1504
4.9319
5.3337
5.6730
4.3029
4.1721
4.2643
4.3822
4.3074
5.5535
5.6513
23.0170
18.7556
5.6788
0.7715
7.3200
5.2788
-2.4587
-6.1002
-0.9735
-6.7129
-7.6891
-1.5963
-1.5191
0.5477
-0.9812
0.7605
8.5706
9.6094
-14.2275
-29.6736
-27.7382
-17.0872
-10.8186
-11.8966
-8.9235
-3.7898
-1.0650
1.1753
-1.8673
0.1490
-0.5907
-2.6754
5.8752
1.1281
0.2453
2.9218
0.4065
-7.5278
-17.0549
-12.4144
-21.5730
-21.8652
-16.2070
-14.1420
-14.4461
-17.0016
-24.0167
-25.0564
-19.3977
-20.8253
-20.3859
-25.8754
-34.8895
-23.5803
-14.6443
-4.5118
6.9751
10.0658
8.9262
9.9051
5.8685
5.5051
4.6560
-20.8127
-26.3578
-17.8225
-6.1258
0.6243
-10.6266
-27.0134
-26.9342
-26.1732
-21.6252
-20.4939
-15.5357
-12.8992
-19.5508
2.1478
-3.1258
-29.3259
-37.6219
-31.0097
-20.7318
-16.8068
-28.2214
-34.1792
-35.0272
-34.4189
-32.9099
-14.3574
-7.8784
-3.6832
-7.0107
-10.4532
-11.9647
-18.7429
-22.6080
-22.4494
-16.0278
-7.8368
-5.5716
-1.8641
-20.2386
-25.5842
-18.2700
-10.0730
-8.8865
-10.6536
-19.3582
-26.7438
-34.3085
-24.7243
-9.7096
-2.2437
5.5298
11.1788
13.5127
10.0882
-3.8174
-15.2393
-15.8548
3.8553
10.0130
14.6707
11.1795
-0.0037
2.7249
6.3141
7.0386
4.1354
5.2548
4.8004
4.1027
3.9799
4.3220
4.3353
5.2225
5.3501
4.7364
4.8803
5.1426
8.0250
7.4061
3.8214
4.4018
4.7307
2.1162
4.1662
5.5822
6.3810
4.5483
-6.4338
-16.7994
-14.2197
-12.5601
-6.8941
-8.9132
-13.0966
-3.7633
1.4979
4.0052
5.5168
6.3477
2.3433
-1.1969
-5.6121
-5.1794
2.6712
-11.9580
-17.6034
-11.7646
-4.0945
-12.1202
-13.6746
2.2459
14.6055
24.9061
23.6008
17.3054
11.4936
10.0033
8.7020
8.2747
11.5445
12.0513
9.9077
7.2167
6.7727
5.6322
4.8990
3.9220
5.6878
5.6008
6.1655
9.8958
11.4396
8.3523
3.8962
2.9981
4.4808
6.9937
5.3425
3.1295
3.2571
6.3884
3.8317
-10.9215
-15.5078
-15.0031
-10.4269
-8.1515
-4.6133
-0.6821
4.4704
3.8501
4.7302
4.9539
4.9858
3.1152
1.9812
1.3130
1.9903
-8.0414
-10.7951
-19.8720
-10.3153
-9.6841
-7.7082
-6.9155
-12.8989
-21.1982
-24.5523
-22.7623
-24.8785
-22.5043
-22.8429
-20.1433
-32.3147
-38.6877
-38.3585
-46.7820
-51.4099
-49.6183
-45.9433
-35.1918
-34.4078
-39.2162
-29.8601
-17.7977
-13.3174
-12.5516
-12.6625
-17.6046
-21.4317
-24.4375
-29.7059
-33.1323
-32.3536
-40.7893
-43.8101
-33.0745
-21.7878
-20.6193
-31.0788
-38.3575
-39.6701
-37.7109
-41.8540
-27.5269
-16.6602
-36.2023
-37.4580
-29.9047
-22.8001
-19.7542
-17.5647
-17.1956
-63.1514
-73.3499
-73.2358
-69.7796
-59.5435
-42.4528
-29.9575
-27.6905
-27.9867
-23.5487
-22.9258
-25.3151
-20.7554
-12.1320
-19.1278
-24.4641
-32.5874
-30.9339
-22.0493
-8.7771
-3.1319
-10.0251
-24.1621
-29.2345
-29.1419
-18.2495
-20.4299
-21.6031
-15.2014
-8.6218
-6.9265
-20.0781
-35.3998
-26.5575
-17.1094
-12.8000
-11.2278
-6.3999
-9.4425
-12.9919
-17.2836
-27.9031
-34.9271
-41.1463
-31.6160
-18.8223
-18.3546
-17.3408
-11.5968
1.8415
12.0667
3.8569
2.0370
6.0153
11.0984
7.7379
-3.8676
-25.7682
-27.1786
-18.2880
-8.5623
-10.2437
-19.8928
-40.3739
-50.3732
-41.9166
-24.9560
-17.7720
-22.3285
-37.4115
-37.8051
-35.8283
-36.7470
-30.7952
-29.3988
-31.2012
-30.5128
-29.6670
-29.8197
-29.8660
-33.0139
-38.0630
-34.7398
-35.8527
-35.5207
-31.7576
-20.0866
-3.3327
6.5014
11.2152
16.1628
9.6145
-9.3292
-13.9428
-16.8409
-19.2124
-15.8882
-9.1809
-7.4508
-7.1377
-5.0458
-6.6698
-12.0268
-13.6861
-15.8482
-15.4408
-12.5340
-7.4617
-5.9603
-3.6580
-1.1114
0.3842
2.8123
5.1635
5.0293
4.9883
5.7601
6.4469
6.1700
5.1352
-1.5378
-6.9119
-5.6136
7.5596
10.9428
8.3111
3.3128
-3.6511
-13.8001
-23.9117
-21.3176
-7.9097
12.3265
16.6690
16.5174
10.0027
8.0783
5.3131
0.8962
-4.2080
-6.1701
3.8254
11.6513
24.0888
30.0991
22.9999
13.3854
12.8901
9.9084
14.8091
26.2082
15.9526
7.0368
1.7905
-6.8974
2.8360
19.1376
16.3815
10.0764
6.8029
-5.9065
-19.7221
-11.1666
-2.0006
-0.7211
-8.2184
-10.7842
-6.9953
-2.2637
-26.2821
-33.9512
-23.6487
-18.7441
-31.2329
-35.6971
-38.4818
-39.0754
-34.1384
-33.1426
-29.5368
-27.8715
-16.9804
-16.9248
-20.3794
-30.0176
-32.2390
-27.7607
-35.1144
-26.6292
-15.4948
-14.9291
-19.3516
-18.3170
-8.2612
-13.7508
-13.0550
-11.5008
-7.7891
-7.3417
-13.2782
-12.7229
-27.4977
-27.3070
-24.0323
-18.0968
-11.1673
-5.6931
2.5989
1.6316
-14.1156
-12.5701
-0.6736
8.3922
8.7215
5.9878
-11.0999
-17.9301
-20.0924
-26.9954
-40.5618
-43.7499
-31.8275
-29.3879
-23.3645
-24.1592
-40.4194
-44.1578
-43.0542
-41.7404
-35.0404
-27.3286
-24.2411
-12.8698
-6.0387
-15.5845
-17.3884
-11.3430
-10.5705
-5.7678
2.0150
-9.2418
-7.7894
-6.5131
-7.7050
-7.7210
-4.4015
-7.9802
-21.8861
-24.5766
-17.7959
-11.9858
-6.8745
-12.6272
-3.5916
5.0042
5.1890
-17.6884
-24.7181
-20.1898
-18.6704
-14.0118
-22.3632
-24.4183
-26.7449
-22.1293
-19.5327
-11.5944
-11.5786
-15.3554
-11.5822
-12.5125
-1.9017
11.1208
-4.6339
-14.6746
-17.9320
-13.7232
-17.4626
-12.5075
-19.4480
-38.6429
-41.0072
-28.3403
-21.7593
-13.7424
-14.1233
-23.5725
-11.2973
4.3812
3.4290
-7.0031
-14.3240
-8.0796
-2.6509
-17.9966
-11.2813
-0.6081
6.3053
-2.1453
-5.4421
-7.7375
-10.9844
-16.2248
-15.8219
-6.3341
-1.3975
-9.3678
-20.7964
-17.7791
-10.7071
-5.5262
1.3966
-2.6908
-8.4212
-1.6899
12.0399
16.7274
16.1293
10.2248
10.5156
12.0406
10.6716
9.4237
14.5637
17.7104
18.6870
22.6010
26.9141
28.8271
25.8355
26.7219
22.2854
14.9483
11.4639
14.0668
11.9146
8.5165
-20.8594
-20.8739
-28.7786
-24.5642
-26.7624
-28.3223
-18.7519
-16.4940
-13.6283
-20.6019
-27.1312
-20.8736
-15.4353
-20.6798
-28.9846
-30.6258
-30.3338
-24.2092
-19.8185
-18.5086
-12.8490
-10.2441
-17.8657
-36.6546
-41.2633
-45.1358
-38.7475
-35.0567
-36.0721
-25.6943
-21.9733
-30.7852
-18.9687
-9.6304
-2.9424
1.1128
-1.1124
7.9432
12.4970
-3.1436
-7.2848
-5.6049
-1.0755
6.4572
2.1782
2.3550
6.2692
3.0713
4.9419
1.1742
-4.0622
4.0269
9.8314
-2.8621
-4.5774
1.7906
11.9728
11.2502
11.7188
7.2120
13.8797
18.6006
11.1857
1.7744
-10.1029
-19.2808
-13.5336
-14.4238
-26.3360
-22.7869
-8.5058
5.3560
6.5042
-1.4931
-10.7584
1.9942
9.1565
-0.1323
-10.4940
-11.8659
-17.2858
-4.1771
-10.9053
-11.0074
-5.9842
-8.3586
-13.5003
-12.6670
-12.8893
-18.5810
-29.5931
-39.2832
-37.9763
-38.6119
-30.9914
-13.5563
-0.7909
-4.8904
-6.3308
-8.9927
-15.3371
-21.8348
-21.5860
-10.7147
1.6572
1.0020
-10.3034
-20.4515
-32.9980
-39.3290
-37.0931
-47.4589
-58.7894
-70.9207
-57.6867
-39.7950
-23.1592
-25.7987
-15.2073
-12.0130
-15.4930
-39.8053
-45.1002
-37.2112
-27.2579
-21.8534
-17.6553
-16.0572
-13.3733
-3.0448
10.5338
7.3501
6.7315
2.3793
-11.2652
-30.4469
-41.1937
-40.5113
-36.7569
-35.0736
-33.6124
-27.4300
-22.1663
-10.1763
1.6352
4.3173
3.9897
1.6806
0.4429
-5.1877
-7.8040
-8.2871
-16.4742
-20.3652
-20.6309
-24.4639
-36.4369
-32.7754
-17.9138
-0.8281
2.7412
3.5441
3.9268
5.4038
4.7322
2.3384
-0.9537
-3.1352
-4.0164
-5.4835
-9.3416
-13.0031
-14.3434
-14.4365
-13.6985
-10.5937
-7.2798
-3.0861
-0.7933
2.5014
2.8757
2.6696
3.1663
4.0236
2.8918
1.8035
-9.5513
-17.2658
-19.4857
-17.3744
-20.8227
-20.5567
-17.8751
-16.1033
-12.5005
-13.2417
-10.6917
-7.7086
-25.5398
-33.6797
-28.0803
-28.7106
-28.3756
-30.3941
-33.6220
-39.4722
-38.7339
-39.1734
-39.8686
-36.2848
-25.5167
-19.5579
-25.7540
-31.0980
-32.4349
-26.5819
-26.8103
-24.3358
-29.0782
-42.6037
-49.2859
-49.0859
-40.0619
-36.2173
-42.1834
-37.7901
-22.0354
-15.1005
-12.6282
-3.8159
-11.2510
-10.6578
-2.4299
2.9531
-5.4251
-19.3845
-26.6847
-25.5691
-35.0755
-40.7961
-38.0227
-22.5347
-13.0887
-23.0723
-34.1093
-45.1712
-37.3571
-28.2820
-14.9873
-20.9753
-36.3059
-49.2018
-36.8950
-27.2546
-25.6539
-28.6012
-36.6042
-40.5180
-28.7127
-14.6469
-10.9513
-7.5071
-10.6510
-14.6361
-44.1080
-40.7115
-33.0003
-25.4225
-8.0787
0.2405
-5.2313
-7.7694
-17.4422
-34.2996
-35.1003
-33.2945
-30.0931
-25.5560
-28.4328
-24.6859
-18.2013
-14.1384
-11.7439
-10.9454
-7.6530
-12.4279
-14.5037
-13.8288
-24.8706
-25.8042
-33.9402
-36.6789
-37.8777
-39.5248
-27.8120
-46.4223
-50.7090
-42.2294
-33.1330
-24.4416
-15.9493
-16.1008
-22.1581
-35.6353
-39.1730
-24.0102
-22.5184
-22.2639
-18.7553
-21.3823
-15.2109
-14.1866
-3.9363
-8.2765
-5.5692
-5.0287
-6.7884
-3.9695
-7.9864
-36.9760
-47.5581
-48.9619
-45.6701
-52.5387
-52.4740
-39.9297
-33.5207
-32.4788
-30.8763
-25.8954
-24.9030
-27.7847
-25.0109
-16.6863
-7.3159
-19.5135
-19.3077
-10.8375
-6.2642
-6.7774
-5.6835
3.8528
9.3177
-3.7374
-5.2493
-12.0218
-22.2083
-22.9332
-12.5167
2.6812
5.1756
-0.6580
-9.6413
-20.8394
-21.9647
-16.4542
-10.9121
-11.7328
-11.7029
-11.1792
-6.7920
0.9765
8.9933
13.3681
15.9309
11.9778
4.7483
5.3379
3.4050
4.2314
3.4057
2.8072
3.4315
12.1737
16.5485
19.5753
17.1808
16.1066
11.3843
9.4009
3.6756
2.9034
3.4949
4.2274
-23.2055
-29.0189
-41.7088
-20.7488
-9.1865
-7.5011
-0.8945
-0.2604
-8.7713
-29.8330
-31.7572
-29.9284
-24.8911
-23.2152
-15.8720
-12.4624
-28.6925
-35.9801
-33.7944
-24.2888
-24.5726
-23.1006
-19.4565
-13.1563
-18.3354
-24.4713
-25.6836
-30.1035
-44.2889
-54.2226
-49.2624
-30.9688
-32.9939
-27.5569
-10.6714
-12.4980
-32.0212
-33.6565
-29.7731
-33.6159
-35.2143
-27.5810
-22.1095
-16.5866
-11.0241
-10.1076
-3.4860
1.9698
1.9735
2.9482
-5.9214
-42.4987
-49.4227
-34.9270
-26.7182
-24.0210
-9.2981
2.5680
2.3876
-8.3319
-18.5772
-21.2977
2.9956
15.1150
14.6444
15.5311
5.8479
-5.3797
4.2028
10.2655
0.3484
-7.8475
-11.4296
-35.4142
-42.0888
-37.7286
-29.5121
-21.6972
-14.1681
-29.3497
-27.7897
-25.9866
-16.7977
-7.8997
-4.9958
1.3261
-2.8800
-16.8826
-25.1865
-12.5502
-2.7900
0.2723
-23.5517
-33.6303
-28.1933
-13.0343
-0.2740
2.8908
-10.0231
-19.8799
-23.0430
-8.9082
-0.8165
3.9254
5.0632
-6.7946
-13.7755
-32.7129
-40.8141
-31.1839
-16.7006
-29.1587
-41.5505
-24.5627
-7.6820
-4.0540
-12.2800
-19.2371
-5.1114
-12.2168
-16.6284
-25.8127
-52.7940
-70.0907
-65.3154
-40.5785
-20.1561
-19.3291
-18.2301
-19.8889
-44.3683
-48.0297
-39.4300
-26.1162
-31.3290
-37.1019
-33.3462
-24.0320
-20.9495
-37.5990
-18.6954
1.4698
11.3301
2.0782
-4.0023
-5.0742
-9.4102
-11.4736
-19.5960
-14.5612
-9.0156
-26.7090
-25.5883
-20.8721
-16.1500
-21.7575
-25.0916
-22.9178
-36.8391
-44.0955
-26.4486
-5.4642
7.3036
9.1329
5.8453
-10.7848
3.1225
16.6805
20.9581
15.1383
4.0651
-7.3503
-21.2193
-41.3243
-38.0132
-19.7822
-1.7736
12.2172
24.7597
28.2689
10.4755
-9.1194
-7.4999
-0.6617
2.9924
2.3942
2.2767
1.5416
2.6589
5.0702
6.2374
7.1146
6.1408
3.9370
4.0421
3.9436
3.7926
4.0506
3.4380
3.4364
4.1057
5.8173
6.1869
5.6095
5.4005
4.4322
4.1682
6.3492
7.6139
6.9303
5.0869
3.5153
3.3639
4.4430
6.0304
7.2101
8.5306
10.5625
8.3561
8.1206
7.5191
6.1216
7.1972
6.6579
4.1421
6.4422
8.1936
9.6884
9.0843
8.7742
6.6917
-10.0461
-14.8615
-20.5905
-9.8880
-1.3938
1.0527

Coefficient 10:
0.0000
-0.7947
-1.0328
0.3427
2.6608
6.3127
5.5831
-0.4568
0.4781
5.8003
8.0705
7.1639
2.7054
-0.6951
1.9436
9.0874
2.3990
3.8435
3.5109
3.4841
-0.5296
-3.7849
-3.9637
-9.3514
-11.4293
-4.6176
11.0193
10.2424
4.1688
-0.4504
-4.2013
-1.4670
2.2835
6.6802
8.2341
3.9609
-4.4893
-10.6492
-1.9662
2.9270
4.3772
2.4136
2.6636
-3.1131
-2.9112
-0.1047
6.5215
12.3201
20.7902
8.7799
4.0947
8.2461
13.5865
19.1428
18.9589
15.8831
5.8722
2.4800
1.4280
2.2062
1.9246
-1.1261
-1.2812
-1.2183
-3.3875
-1.2865
2.1300
4.2302
3.3220
0.1590
2.4224
5.9651
4.9228
1.7796
5.0498
0.4198
-11.8477
-23.9966
-20.9748
-10.5402
-8.1519
-6.9161
-3.9545
-5.0622
-1.6459
-2.2906
-3.0889
-0.8340
10.1331
2.6776
-1.6858
-4.4392
-3.8575
-0.0315
-1.2454
0.5521
5.3410
12.1213
6.1971
3.8889
-0.0227
-1.0603
-2.6124
-0.9049
1.0891
9.0021
18.3327
16.0064
-1.4433
-12.5919
-16.6222
-16.1974
-13.6484
-8.9462
-6.4053
-12.2664
-14.9458
-20.0541
-20.4009
-13.8430
-9.6665
-19.4496
-21.9608
-15.9618
-18.4291
-19.8967
-18.4679
-18.6936
-23.7978
-20.9114
-23.7774
-20.3198
-16.2754
-10.8915
-10.4002
-10.0253
-20.4245
-20.3833
-7.9299
1.3277
10.0318
11.8152
5.1716
6.1613
-7.1068
-13.7411
-14.1713
-18.6612
-17.9811
-19.9613
-21.0939
-25.3746
-30.0351
-22.3031
-14.3998
-6.3947
1.6947
3.1191
4.5580
7.6646
1.6144
-5.0904
-0.7867
-1.4736
-3.1132
-3.7964
-4.8724
-11.8543
-12.4355
-7.8326
2.0082
12.0099
19.6748
7.4125
-4.7904
-10.0600
-3.7922
-11.6492
-22.1856
-19.6242
-18.4646
-24.5226
-9.4681
-8.2242
-4.9408
0.3474
0.3585
-3.1259
2.4062
8.0182
11.8623
5.0925
2.1872
-0.0507
-6.5389
-4.5515
-18.4396
-21.1457
-10.0301
0.4387
-16.6360
-14.7606
-12.8888
-13.2628
-26.2854
-21.3058
-21.0125
-17.3354
-13.9230
-14.2905
-10.7004
-11.2355
-11.1661
-20.9809
-21.4440
-23.0911
-20.9398
-21.7661
-30.2371
-14.0938
-9.5371
-11.4089
-15.3047
-16.8216
-21.9217
-29.2536
-30.2676
-23.3815
-19.0005
-22.8354
-23.7286
-18.9512
-19.1874
-27.1732
-30.0700
-26.1307
-22.4537
-17.4049
-18.3985
-7.2144
-7.5113
-12.5471
-9.8349
2.1995
21.7974
28.1280
24.9364
14.3144
4.8400
1.5413
-3.3539
-13.8549
-14.3655
-4.1491
0.9494
7.3018
-4.0269
-19.4325
-25.7282
-25.8028
-25.0382
-21.6386
-21.9058
-27.0220
-22.9419
-18.3165
5.6076
4.4323
-18.7818
-31.2382
-29.3855
-32.6579
-30.0618
-16.5218
-7.8432
-7.2070
-15.9159
-25.3775
-24.1074
-22.8877
-34.9306
-46.3640
-42.0082
-40.9570
-39.5203
-23.0796
-6.9914
-2.2861
-1.6357
-1.9504
1.1378
3.5564
3.9135
3.6310
4.5072
2.8730
0.7405
-0.7317
0.5141
1.4691
1.1017
-0.1464
-2.7743
-0.1163
1.1120
7.1539
13.2674
1.5532
-17.4759
-22.9995
-23.2345
-25.0702
-25.6193
-14.5971
-0.7358
-10.1123
-11.3470
-2.3414
1.0257
-18.9669
-23.2569
-18.9000
-3.9015
3.9811
5.6310
8.3599
11.8686
13.2250
8.7643
-2.7065
-16.9703
-9.4663
0.3663
10.9004
11.4294
4.9800
-6.9502
-1.3929
-12.0262
-16.0811
-10.8137
-10.8196
-15.8639
-20.0794
-18.1706
-15.0844
-24.5632
-21.1210
-17.2645
-8.9640
0.9873
6.7532
-0.9817
-8.9031
-6.0292
5.3801
7.6789
14.9802
24.6649
29.1639
34.4222
38.1562
26.9984
17.7170
17.7267
14.9755
10.8095
10.2762
13.9828
18.3033
18.9363
14.6473
4.7159
3.1301
-0.2840
2.2081
1.8847
0.4254
-17.6286
-25.2978
-15.2039
-5.2344
0.4018
-14.3113
-15.7182
-17.4083
-21.7085
-17.7161
-6.7036
13.2686
16.6801
25.4587
21.0058
9.1003
-0.1093
-10.7907
-21.5906
-12.5821
-3.5483
-7.3607
-7.8008
-7.1152
-2.3703
-0.5839
8.8781
20.8653
28.1905
24.6355
28.0844
30.2368
19.1257
13.8351
6.2261
-2.3248
-11.2851
-21.4148
-26.2132
-23.9227
-11.9682
-0.7533
-0.9140
-5.6453
-14.8861
-12.9956
-8.3514
-8.3047
-9.4554
-3.3016
0.6349
-5.2855
-14.1489
-12.0706
-18.1515
-20.8676
-28.5804
-32.9427
-28.3767
-22.0762
-8.0309
-2.5179
-5.1982
-7.8650
-27.3579
-26.4676
-21.2418
-12.1858
-10.8518
-9.3686
-5.9690
1.1656
0.0700
-4.5331
0.4570
2.0817
2.5271
2.4437
4.0383
4.2812
5.5090
6.7574
5.8481
4.1704
4.8055
5.5227
4.4277
5.5159
5.6024
4.7557
2.4451
3.7446
4.1074
3.0871
3.3837
3.5358
3.2867
1.8892
6.8342
7.8423
7.8244
11.6662
11.4292
10.2353
19.5427
22.1434
14.4637
10.3993
6.7636
3.9606
-6.4194
-17.4747
-22.5686
-2.0542
19.3766
19.5208
11.8395
-4.3614
5.5893
12.9473
14.9570
4.4376
-9.7450
-20.5291
-28.4887
-26.7242
-18.4560
-15.2704
-5.8398
-6.9969
-7.7665
-5.7971
-9.2717
-16.8154
-18.5343
1.5924
6.5122
4.3732
20.1208
24.5099
13.8166
4.0858
3.6768
5.9013
-7.9804
-20.7300
-17.5489
-16.2261
-12.8225
-13.0247
13.9534
13.5821
5.0536
-10.4850
-30.9058
-33.6597
-31.0280
-30.1445
-26.8188
-23.8584
-22.9169
-23.2640
-28.9119
-18.2165
-10.6401
-3.0596
12.2621
22.6628
13.7830
6.6891
1.0173
0.5269
8.2448
-6.4968
-16.4923
-21.4613
-27.3797
-34.8511
-27.4581
-30.8736
-30.8524
-0.8623
0.1235
-14.5887
-26.7228
-17.1692
-15.3986
-13.5813
-0.9310
-6.8581
-3.4546
-17.3918
-7.0567
-3.2660
-13.5201
-16.0071
-19.2590
-20.5782
-5.8423
19.2772
10.5806
-9.9598
-14.1361
0.9896
14.2410
16.1850
0.4125
-4.1252
-1.9203
-2.1865
-4.1641
4.7025
13.4124
16.5860
11.9978
15.9126
18.5673
12.3914
7.0272
7.2255
13.6213
10.5482
15.6244
17.1944
17.7870
20.8968
23.8151
25.0432
5.8469
5.0137
5.6534
6.9173
7.6451
9.8124
13.5354
12.9499
9.0858
6.5288
5.9028
6.5301
6.3725
5.5751
5.7298
6.6168
6.5874
7.2372
8.0206
6.5269
3.9144
3.7393
3.0056
3.2379
2.8733
3.7763
4.2902
4.0542
3.0053
2.8789
3.2301
3.4344
3.9066
4.5561
4.7383
17.2381
26.2318
36.5881
37.1148
34.5032
29.9904
17.7113
11.4984
14.4528
17.1917
17.0219
19.4531
12.5844
-3.9492
-10.9334
-12.8454
-4.5620
8.8783
-7.0743
-17.6518
-11.2487
-7.4714
-7.2856
-7.8350
-9.2939
-7.4950
-4.3958
1.2618
-1.9964
-7.5707
-14.7717
-3.9411
29.5355
41.1522
39.7970
33.4114
21.4844
9.7041
-7.7257
-13.4652
-19.2625
-18.7753
-14.3956
-15.1157
-17.6445
-16.0130
-22.8780
-24.7256
-25.2797
-21.3275
-19.3446
-27.7504
-30.6760
-19.2205
-15.8644
-13.6449
-13.6499
-6.2703
4.2501
11.1952
4.9391
0.7128
-0.0643
-26.1184
-26.3364
-17.5964
-12.2845
-10.2248
-11.0012
1.7296
13.2193
11.9033
10.8091
1.0565
-9.3058
-8.9972
-12.2642
-0.4099
13.2244
4.8503
5.4050
7.1028
11.4757
16.3197
14.3316
11.2570
6.3081
-0.0114
-7.7235
-15.2113
-5.0681
-5.7409
-15.8711
0.7529
1.2836
-7.3719
-12.2284
-7.4320
-0.4120
6.0554
1.8334
-2.6242
-4.4113
-15.3939
-13.3297
-8.6631
-9.6419
-9.0283
-3.5671
-17.6494
-23.5753
-16.6805
-8.5675
-7.8823
-0.2551
10.7699
17.0278
14.0426
9.2029
7.8587
6.3543
8.4763
10.7509
5.5151
2.7496
-4.4293
-4.3800
-3.2008
3.0931
2.9497
3.9826
3.6946
3.0266
2.5898
3.0828
3.1283
3.8211
4.0269
3.1460
3.4724
3.8991
6.5076
6.1272
2.8725
3.5494
3.5263
1.0989
3.3968
4.3655
5.0544
3.4319
-4.7872
-17.5983
-19.8557
-16.1839
-12.2060
-13.4569
-12.8175
-4.1327
0.6308
2.8436
4.5186
8.7278
9.7347
4.6316
-1.2033
1.8469
7.0897
8.2295
17.2897
22.0791
23.5337
15.0764
4.3617
2.7186
10.0744
15.0862
18.1509
16.2786
14.6358
12.2195
8.8901
6.9847
10.2139
10.2640
7.9537
5.3514
5.1934
4.4660
4.0051
3.5526
4.9163
3.9920
4.5265
8.2741
9.2549
6.2108
2.3170
2.2411
3.4743
5.2582
3.3047
1.1517
1.5516
4.8368
3.1646
-7.7558
-11.4183
-11.5224
-8.7091
-8.2373
-4.9771
-0.8569
2.3359
1.0504
2.2450
3.7376
3.9525
1.7941
1.0500
0.7374
0.7685
-5.9801
-7.8023
15.9494
22.9056
23.5399
27.2823
33.6557
35.9184
28.4647
18.1263
11.5551
9.6158
5.8733
-2.3247
-4.5564
-3.6288
-0.2973
-10.6150
-9.3723
-5.7433
-15.1358
-16.4605
-8.7454
-6.1295
-8.1136
-13.4958
-8.9293
-5.5682
-6.7832
-15.7697
-21.9226
-22.9413
-27.0093
-30.7639
-32.2340
-30.3918
-22.5705
-25.2297
-25.6112
-19.2348
-6.4123
-6.9441
-12.3537
-19.0481
-18.1542
-15.1675
-9.7604
-9.8639
-25.6646
-26.6940
-23.2873
-21.5025
-21.6017
-19.0821
-19.4119
-30.1488
-23.3739
-17.1039
-17.0324
-17.6922
-22.3751
-21.9137
-20.4594
-27.1528
-29.1331
-34.1233
-32.8051
-30.9192
-29.4772
-23.1104
-16.4968
-15.8387
-8.8082
9.4223
24.3210
27.8298
18.5676
11.5813
2.6578
-1.1553
-2.1415
-5.2454
-9.8186
-17.5093
-19.4556
-18.0527
-3.5175
0.7967
6.5083
13.8181
21.5936
23.2212
20.2542
18.2635
14.9782
8.9030
-3.0624
-14.8938
-16.8362
-6.6838
-0.5311
-11.9714
-21.2865
-19.7848
-11.7626
-9.0583
-22.4960
-22.5910
-7.9294
4.2312
1.4610
-8.5034
-24.4730
-23.9702
-12.7132
-4.2462
-5.7656
-14.7802
-31.8591
-34.1998
-28.8175
-25.5809
-19.1706
-10.1461
-29.4994
-31.5702
-18.1476
-9.9711
-17.2738
-17.6787
-16.9915
-18.4444
-6.6933
-3.5084
-0.4798
8.4458
14.7666
12.5895
10.8639
10.1140
-0.1654
-8.8293
-5.9087
0.4359
1.7883
4.4289
6.1467
3.1583
3.1851
3.3903
3.5064
3.5694
6.3299
9.1115
6.3130
3.2183
-0.5869
0.9162
1.4916
-0.9371
1.7503
2.8672
2.9232
4.2687
3.5804
2.3045
0.7290
1.0036
2.3717
2.5895
3.5710
4.5201
5.1520
5.2678
4.2173
5.6735
5.4184
-2.0425
-11.8750
-15.0331
-11.2172
-8.2223
-11.5929
-12.3704
-16.3982
-18.8719
-18.2843
-1.5909
17.7701
32.7939
33.8166
29.6962
33.9455
33.9363
27.2200
22.6312
22.7257
21.8988
28.3752
32.4240
22.9760
10.5137
12.4189
20.1251
12.9458
13.3648
13.4032
6.2227
-7.5303
-16.7158
2.6020
15.9631
22.4427
27.1922
23.4111
15.0022
-1.8705
-12.3256
-9.1483
-9.8368
-17.4851
-25.8852
-28.3712
-18.4946
-8.3983
-3.9182
-5.2900
-7.0390
-15.8385
-20.9212
-30.7072
-33.4310
-27.9279
-10.7853
-6.7287
-11.8730
-8.0024
-1.4396
2.0249
7.9252
6.6016
0.7435
-10.0736
-1.6572
10.2277
13.3608
8.9736
5.4937
10.2082
3.3148
1.4435
6.7792
12.8906
11.7381
8.5978
8.3073
-11.3655
-16.1668
-11.3598
-6.3894
-9.2327
-13.6275
-14.5852
-15.1156
-9.1134
-10.1367
1.7810
13.6980
8.6917
-3.4651
-25.1087
-25.9696
-27.1067
-22.4612
-14.4478
-14.5873
-14.8802
-14.4282
-12.9520
1.5077
3.4525
8.2688
16.5660
18.7378
19.9027
23.9995
24.9779
32.4102
35.8781
37.7650
26.6641
22.1694
16.0242
16.7062
16.7358
7.2162
8.0157
14.5188
18.7379
12.5639
12.7043
5.0913
-9.7790
-18.7009
-20.5578
-3.4307
6.8797
7.1946
-1.7965
-11.6013
-11.8737
6.3367
10.4499
11.9054
3.9352
-5.1815
-9.1487
-6.3942
-13.6976
-5.0888
3.0361
-0.8828
-13.4207
-19.3673
-17.6313
-14.7344
-8.1179
2.7398
-17.9867
-28.0386
-23.3483
-26.2336
-23.5092
-14.4882
-7.9330
-0.8952
-3.5750
-9.4572
-3.0031
-2.4400
-0.1309
1.0204
17.1912
18.4114
8.4694
5.5178
-3.6720
-8.3651
-5.3889
-8.9476
3.5945
14.0624
19.9302
18.7614
20.1446
20.0702
13.2564
9.2074
11.3250
0.5774
-9.4673
-8.8174
-4.9367
0.6531
8.7147
4.6513
4.2558
2.1484
-9.6989
-8.9805
-0.5454
2.0195
2.5763
1.5212
1.7408
2.5422
1.6867
1.4531
4.8095
7.0765
8.3370
13.9622
19.9875
20.6398
12.4480
9.3346
11.2665
8.9879
7.1287
9.8452
8.1240
6.0334
-15.1706
-7.7140
-7.5085
-1.5454
-4.0722
-13.4923
-23.8057
-15.5899
-10.0954
-26.6765
-39.0556
-30.5045
-21.9162
-24.9768
-15.6832
-3.2669
4.7617
4.2933
0.7709
-4.2308
2.1959
3.9839
-14.3515
-26.1058
-19.8918
-17.3776
-17.4958
-7.4119
-9.8260
-20.0250
-24.4319
-12.4004
2.8666
-8.5706
-14.0247
-4.2663
0.7293
0.2962
-6.1313
-2.5638
5.7819
9.1940
10.7743
15.8721
22.3423
32.2890
36.7306
33.2778
34.0431
28.6957
19.8015
14.2032
10.9584
-10.9918
-1.6728
9.6875
25.0363
27.7897
23.8102
12.6984
7.8426
15.9946
22.7288
24.6780
23.6304
18.1106
5.5853
4.9775
20.1367
18.8254
12.3124
14.9698
6.8238
4.2008
9.5189
0.6909
-13.7487
-20.4472
-25.0272
-27.5949
-21.3540
-20.2852
-11.3706
-2.4358
-2.7000
-11.7943
-19.0645
-19.3233
-14.6787
-7.7476
13.3827
4.1966
-10.3548
-10.9537
-3.8361
3.7619
-3.0919
-11.6467
-0.2802
8.5419
17.9592
23.6338
19.5610
11.6486
0.7326
-11.6117
-25.4239
-14.7866
-15.1202
-23.5848
-23.2153
-16.9078
-12.3313
4.3873
2.7718
1.9409
4.0930
-2.6857
11.8460
16.3222
17.4534
11.0051
2.6796
-2.3903
-13.0449
-19.8581
-16.8899
2.0220
17.9720
23.3819
31.9303
24.8574
22.7432
21.4213
19.7005
22.3613
10.4877
-6.9271
-8.8608
-12.1240
-13.9081
-8.3326
0.5230
14.9365
24.9914
28.6596
28.8503
25.2062
23.8827
17.2431
13.8111
15.9840
11.1080
5.7633
1.0297
-15.5374
-20.6396
-19.4193
-13.4088
-3.2084
0.9862
1.9883
2.8609
4.1781
4.3767
7.3340
12.0116
16.5220
22.0882
24.1478
21.4350
21.5349
22.8210
18.5829
18.0180
18.8718
17.0915
15.8654
12.9841
11.2856
9.7237
6.7209
3.6121
3.0299
1.9461
1.8972
-2.2638
-1.8367
5.9459
3.0423
-3.5662
-5.4651
1.4949
5.2627
4.5125
4.8116
3.7583
-1.3599
-16.0202
-24.1277
-28.7704
-28.9599
-25.0759
-25.4415
-33.1623
-30.9524
-22.8491
-25.5141
-22.6111
-28.3068
-30.2509
-26.6116
-22.0896
-23.9309
-35.4436
-34.4188
-24.1703
-19.4250
-26.4476
-36.3605
-38.3704
-31.5004
-24.0868
-23.4499
-24.2158
-14.5813
-11.0953
-7.4685
-5.2664
1.1024
8.5230
19.7407
27.1272
24.7247
17.6603
7.6182
3.7211
-3.1655
-8.1687
-14.5536
-19.5237
-17.3882
-4.8442
-6.1038
-15.2912
-33.2163
-28.0499
-20.3432
-13.2868
-13.7710
-21.4039
-36.2951
-29.6598
-16.2800
-10.6452
-11.9052
-14.9778
-13.5816
-13.5739
-13.3776
-18.7228
-14.0273
-11.2559
-12.6275
-19.6890
2.6592
-4.0283
-9.0379
-16.3478
-4.3016
9.4320
7.0089
-8.3823
-27.6866
-21.3269
-13.3602
-18.1874
-13.7778
-20.7823
-26.9110
-21.7060
-21.6031
-37.6413
-48.7908
-39.3988
-16.4312
-7.5569
-6.8126
-7.1939
0.5955
-3.7761
-9.0137
-8.7770
-8.2929
-2.7488
-13.0164
-18.9244
-19.8260
-17.7932
-18.2316
-18.2722
-22.1797
-18.1844
-19.1255
-27.3238
-23.7451
-16.1788
-16.9773
-23.3810
-30.9783
-33.3330
-34.8652
-25.3254
-10.8354
-2.9584
0.4975
-0.7736
0.2435
7.1682
-4.0856
-10.9178
-5.9798
-6.2620
-14.4548
-24.6319
-26.7908
-27.4733
-29.9450
-24.0794
-15.9709
-17.2589
-26.5387
-27.3489
-20.3669
-19.9724
-16.4028
-10.6161
-4.0522
-5.7519
-5.2792
-7.5325
-9.1539
-11.2263
-9.1532
0.8737
7.5736
5.4956
-1.9911
-6.8870
0.9026
23.0288
30.3281
27.2018
26.7281
26.2716
16.4239
4.1270
-4.1287
-8.3085
-18.2384
-12.3334
-4.1304
-6.6737
-9.9177
-8.9281
-5.3360
-1.0761
0.9987
1.8616
2.7331
2.5759
1.4623
1.2721
0.7584
-0.9003
6.0177
12.6656
17.6133
14.7468
8.9520
3.1593
2.1968
2.6460
3.2327
-14.6567
-30.1517
-33.2462
-29.3301
-23.4436
-20.8828
-13.2084
-12.2096
-18.3422
-31.6977
-32.8076
-31.2266
-23.8311
-18.9037
-13.5837
-4.7681
4.1899
15.3995
23.1920
25.5020
28.1273
31.5788
25.3858
14.6674
21.8819
6.0571
-2.1543
-7.3814
-6.3177
7.9424
5.0733
-0.1875
-9.7738
-13.7006
-11.9678
-3.4311
-5.4365
-8.6279
-6.4268
-7.1041
-9.7604
-7.6385
-12.8800
-15.2255
-11.7560
-11.0626
-4.2741
0.1053
0.7663
1.8595
-8.9184
-36.9086
-18.2840
-8.3684
-13.6137
1.2590
14.0565
17.0232
5.5784
-9.6823
-14.1396
-3.4781
22.9464
24.7195
18.8668
15.8449
25.5906
19.0991
15.4712
16.2061
9.2764
6.5047
10.6041
-11.1244
-15.9395
-19.9251
-18.5638
-19.3543
-21.4944
-21.7874
-26.7827
-23.8133
-9.3365
9.5081
13.4119
7.5646
9.4310
7.2193
-2.0802
-9.7279
-8.8590
-8.3725
3.4228
-1.6838
-5.0473
-0.8183
2.0352
-3.6428
-14.2511
-16.5893
-10.5630
-8.4126
-0.8237
2.8161
3.8020
8.1078
-13.1632
-31.6543
-34.2638
-30.1349
-24.8369
-5.2261
-5.2852
9.3055
17.9768
14.9401
2.2174
-6.2068
-2.2627
20.3767
20.9500
8.3106
-0.9321
-2.8197
-11.4588
-15.7000
-12.7583
-17.7846
-19.8143
-17.5286
-12.8759
-9.7774
-6.5267
-7.4933
-11.0896
-13.3490
-5.6774
4.7974
6.3041
-7.8721
-10.1335
-8.9254
-9.8953
-15.0702
-15.2089
-14.4945
-8.7450
-9.6340
-0.2090
4.4466
4.7512
-20.4157
-29.1842
-30.1035
-27.5090
-22.0740
-17.2766
-9.0205
-8.2991
-16.5084
-17.5732
-12.3588
-9.7899
-9.4418
-5.7302
5.9946
12.2628
18.6550
22.8165
19.6057
15.6527
9.4191
3.0736
15.2913
19.4863
9.0268
2.5768
-2.3947
3.4704
3.6851
-7.4295
-13.5767
-7.2656
-3.0969
0.6600
1.1155
1.6573
0.3749
0.4140
1.7295
3.4811
5.8917
5.0034
2.9163
3.2656
3.2574
2.9810
3.1317
2.4869
2.5419
3.2948
4.4651
4.5147
3.7682
3.2187
2.7908
3.1083
4.9973
6.3138
5.7675
4.0574
2.8792
2.7406
3.6206
4.9533
6.2762
7.4966
9.0004
6.6719
6.0181
5.7954
5.0172
6.5037
5.7266
3.1095
5.3703
5.9218
3.2978
5.6728
6.8351
5.3724
-13.8181
-10.3626
-3.5161
2.9470
-3.3855
-5.4817

Coefficient 11:
0.0000
-2.7588
-3.5603
1.4702
2.5292
4.1397
3.4660
-1.0277
-0.0703
2.9328
5.3797
4.8453
1.2081
-0.1923
1.3888
-7.5771
-19.5129
-15.5905
-8.4292
-6.6014
-6.8471
-7.7372
-8.9524
-13.0317
-11.4619
-1.4180
4.2001
-1.8692
-8.0428
-5.7245
-3.0794
0.3842
0.2037
5.0031
7.0253
2.7007
-5.6497
-12.5052
-19.3509
-24.2526
-19.6381
-2.6419
0.6761
-4.2992
-4.4904
-1.8002
6.6751
10.5782
13.6911
10.2945
5.8197
4.4234
4.4928
4.0604
5.0098
5.9764
7.9333
1.6464
1.1671
-2.1081
-7.9828
-11.5125
-12.7003
-11.9330
-8.0413
-12.4585
-20.6831
-3.6897
4.9887
3.8797
3.1496
1.8697
-0.5928
-4.0758
-2.1746
-5.3435
-7.8566
-10.9321
-7.1082
8.7252
11.6321
9.1656
5.8373
1.5769
1.2799
1.0249
1.3884
-0.2357
20.9867
21.9322
17.7671
12.9716
8.3548
4.9185
5.4998
3.4955
1.3507
3.1402
-1.9984
-4.1783
-7.4339
-7.2371
-5.8464
-5.2289
-6.5444
-3.4821
5.5577
1.0538
-11.4870
-8.2184
-5.1848
-7.1371
-12.7879
-13.1468
-13.1726
-15.6814
-20.7100
-31.2543
-25.3074
-13.7845
-15.0320
-18.6406
-7.8424
-3.4249
-1.2674
-1.1961
-5.3770
-11.1729
-9.3552
-3.1502
-9.9525
-12.2531
-9.2319
-8.6571
-6.8879
-2.0588
-6.9733
-21.1722
-21.6199
-16.6108
-3.6805
4.7277
5.5033
3.6039
2.6648
-4.0573
-10.0204
-10.6148
-13.5473
-9.6629
-9.0008
-6.2576
-3.3828
0.8668
5.3621
12.2981
16.3680
10.9098
3.6147
-6.2934
-10.3640
-12.5142
-11.1029
-4.6650
-3.5136
-6.4276
-6.9357
-14.7103
-23.3362
-22.4200
-12.8102
4.5190
14.9989
3.8275
3.2955
6.5222
4.7063
-4.4892
-10.1627
-10.5978
-13.9014
-22.2125
-22.1376
-11.3463
0.2187
-2.7748
-10.0215
-5.6509
-0.6375
5.7967
4.0937
-2.7251
-5.3856
-5.9335
-9.9074
-8.0546
-12.8783
-7.1819
-1.6315
-8.7918
-19.1485
-17.6421
-15.9297
-10.8917
-5.1965
-13.3766
-11.6032
-10.9871
-14.9685
-13.2566
-4.9171
-6.9522
15.1670
19.5113
14.9253
6.9013
5.0470
6.6047
12.7589
13.6270
1.5413
-9.2452
-14.1106
-0.2982
1.6014
-11.9999
-22.6684
-21.2677
-15.5204
-8.2724
3.4340
6.3332
-0.9178
-12.7376
-22.0052
-21.1621
-15.7776
-18.7734
-24.8870
-22.0489
-20.6332
-16.4612
-16.4426
-20.3350
-21.7503
-12.2507
-16.3148
-11.7569
-13.1533
-14.8261
-12.3359
-19.7233
-23.8097
-24.1378
-17.9651
-14.9072
-17.8673
-6.8127
-1.5728
-9.5921
-20.0198
-24.0284
-26.1734
-29.9814
-24.3047
-9.2991
13.8385
17.6691
6.4555
7.2384
18.5180
17.0501
6.1849
-4.7669
-9.0676
-8.6000
-12.2144
-16.9765
-8.0063
3.0701
13.2378
7.2932
2.7135
7.2824
13.0424
0.2009
-14.8267
-27.4367
-27.2694
-28.5431
-26.4329
-24.4430
-10.3557
4.4620
5.5467
3.6535
7.2479
8.1350
5.8008
7.4884
7.6697
10.5215
8.2507
6.4149
4.4705
7.6558
9.5717
-2.4310
-2.6423
-1.6141
-0.4949
-2.1519
-9.3124
-16.8976
-19.0649
-13.2322
-16.4644
-14.6454
-10.0534
-24.0153
-27.7306
-15.5203
-6.8508
-5.7243
-5.6292
-12.8570
-17.7239
-12.4186
-20.2662
-9.1590
-1.9312
-6.2490
-14.4913
-18.4419
-23.4277
-23.9303
-14.2897
-7.6987
-19.9250
-31.2742
-32.0511
-26.5111
-26.2144
-19.3057
-17.6664
-8.6920
-8.4717
-12.2933
-12.0309
-11.6502
-5.8290
-0.8669
-6.3937
-13.3639
-8.3686
3.9177
-3.4426
-10.8180
-12.4932
-12.8658
-6.5315
0.8858
-2.4198
-6.8868
-2.6944
0.9504
4.9627
8.6834
8.3121
6.8870
9.0022
6.4907
1.8551
2.4505
9.3219
2.0250
-2.4914
-7.1389
-20.1123
-24.5556
-17.5174
-9.0979
1.6407
-1.9831
-5.4333
-6.0454
-4.3607
-1.0699
-0.1122
4.8366
2.4457
-0.1826
-6.7737
-0.5237
11.1490
13.9457
10.8441
-4.1669
-17.0774
-13.0555
-6.0273
-2.7316
-4.6325
-10.7298
-23.4882
-28.1558
-33.4553
-38.5296
-37.7021
-37.1443
-40.2029
-27.3912
-10.6165
-6.7087
-3.9736
-7.1054
-7.4934
-7.0224
-3.9970
5.6704
5.9559
-2.2892
-15.6700
-1.7407
7.6567
1.5826
-8.0692
-1.3861
10.2715
11.2308
-2.4036
-5.6334
-7.1619
-8.1276
-6.3430
-8.6506
-18.3086
-28.1764
-19.6767
-15.4450
-15.9460
-16.8726
-31.9637
-21.9319
-12.3093
-5.6128
-0.7106
6.8100
7.4260
2.4998
-2.0549
-6.1430
0.1565
1.7282
1.1393
1.4488
2.8528
2.3851
3.1686
3.7462
5.5812
4.6496
4.1972
4.3126
3.3922
4.5554
4.5181
3.6400
1.2729
2.3576
2.8591
2.1625
2.4701
2.3846
2.0906
4.1829
2.6872
0.8021
5.5634
3.0937
-3.1864
-8.2552
-22.1384
-29.2149
-30.1394
-18.8754
-5.9327
-1.6749
-7.3147
-4.3979
-6.3431
-3.9267
-0.8772
-5.1058
-7.4553
3.7529
-0.1792
0.6419
5.8894
3.4453
-4.2119
-7.9193
-3.2239
-2.4561
-7.9291
-7.9035
-9.8178
-16.5435
-20.3544
-19.4894
-13.1988
-15.7909
-22.7399
-14.3142
-8.1464
-11.1318
-11.8936
-7.1351
-18.5178
-34.2193
-29.5026
-19.6940
-13.5258
-21.0711
-16.1378
-14.6333
-12.8799
-11.3029
-6.0264
7.7715
10.3287
7.6737
17.8753
24.7251
24.6077
15.9194
8.1340
0.6810
-5.0746
1.6335
-0.6103
1.6188
-2.1391
-0.8891
-4.2548
-1.2140
1.1257
-13.9894
-18.2286
-18.5039
-6.2215
-13.9409
-23.2713
-15.3858
-8.6355
-0.6377
-0.8595
3.6988
3.5751
-2.0670
-4.5509
-6.2674
-15.2316
-22.4294
-19.0898
-13.2134
-2.4350
-3.9423
-6.5012
-10.7639
-7.8419
-7.5552
-1.7177
9.9630
4.0063
-3.3257
1.3837
-0.1434
-5.9239
-7.9798
-15.1192
-15.9742
-15.2112
-5.2078
-19.7117
-17.5641
-18.2712
-17.8881
-16.0833
-10.7520
-5.2196
-7.3601
-15.5142
-23.0574
-21.5602
-23.0520
-20.7656
-20.1166
-15.2539
-8.8511
-8.2775
-12.9568
-13.0304
-12.2364
-4.9187
-0.5378
2.2266
3.9407
4.5132
5.6055
5.2081
2.0740
3.4581
4.0967
3.5718
4.1969
4.3384
3.7667
4.1655
4.1304
4.3636
5.0355
4.9161
5.6145
6.3599
4.6352
2.6748
2.3942
1.8951
2.3199
1.9301
2.7481
3.3724
2.4631
1.7446
1.6425
2.2292
2.5576
3.1417
3.5337
3.8590
4.6187
-4.5403
-6.5807
-11.4746
-14.6926
-7.6326
-9.1464
-9.2300
-12.3119
-15.4331
-19.8529
-20.5138
-18.2773
-18.2642
-21.9640
-20.2709
-12.2949
-4.7113
-13.3952
-18.9154
-13.8474
-9.1033
0.1100
-10.1761
-33.0941
-39.6711
-34.8088
-23.5304
-17.8528
-21.4198
-28.2709
-18.3253
-13.0640
-12.4930
-11.0111
-11.4321
-9.4133
-11.7412
-13.4828
-17.9607
-9.7484
-11.4983
-13.9105
-16.2280
-17.0127
-15.6470
-13.4965
-8.5377
-13.6940
-15.5499
-14.3216
-15.9152
-3.6598
-7.3942
-3.4886
-5.8723
-10.5405
-15.4523
-17.6592
-21.1553
-26.3567
-23.7845
-20.0484
-33.8827
-29.5199
-28.0385
-30.3270
-26.7531
-20.8410
-6.5209
-10.0091
-12.9178
-16.5273
-16.4640
-24.8377
-23.1048
-21.0633
-32.9726
-30.1949
-13.8251
-11.0109
-14.2118
-23.5143
-30.3362
-26.4671
-21.1405
-17.6865
-13.2337
-13.5498
-29.8450
-37.3375
-30.8825
-7.9571
-8.1074
-10.8491
-18.8642
-19.1115
-10.3714
-8.7630
-10.2402
-2.1619
-3.6547
7.0726
0.8214
3.8605
4.3094
-0.8921
-3.7901
-7.3716
-11.9165
-7.2443
-6.8406
0.4992
-7.1137
-15.0543
-21.4870
-23.5762
-21.1961
-10.2977
-4.2110
-8.0631
-11.3100
-14.3442
-15.4048
-13.1854
-12.8257
-5.7534
-2.2709
2.2128
1.6431
2.7411
2.8141
2.0677
1.2380
1.8348
1.9128
2.4921
2.7144
1.5547
2.0669
2.6624
4.9779
4.8480
2.0049
2.8053
2.3435
0.1338
2.6097
3.1688
3.7034
2.3321
-1.8398
-10.3927
-17.5468
-21.9956
-24.0969
-21.1063
-9.2236
-3.3005
0.1712
1.7936
3.4985
9.7652
14.7684
8.3825
-0.1009
-0.9595
-2.9159
-1.0749
-2.4418
-6.8090
-9.4796
-8.7936
-7.4768
-7.9022
-2.4592
-3.2546
2.6576
7.2974
12.2351
11.2776
7.4978
5.6837
8.9008
8.5237
6.0761
3.7454
3.7665
3.3085
3.0953
3.3142
4.1804
2.4718
3.1391
6.7090
7.1670
4.4495
1.3851
2.0016
2.6270
3.5543
1.4196
-0.5324
0.2684
3.4635
3.2905
-2.0204
-4.3920
-5.3411
-4.3935
-5.3648
-3.4454
-0.2474
0.7661
-0.9980
0.3506
2.4685
1.8354
-0.1319
0.2304
0.5021
-0.1140
-2.7467
-7.4400
0.8106
-11.3657
-16.1404
-17.7108
-14.7191
-9.2145
-14.0073
-14.3388
-9.9631
-10.1251
-19.6949
-11.5315
-8.7026
-8.3641
-8.6160
-2.5566
-0.2716
-1.6733
0.1502
2.2311
3.3783
6.2766
2.3682
-3.9272
-5.8041
-11.3485
-16.8555
-9.7748
-3.6795
-1.9439
-7.0412
-13.0703
-14.3829
-10.9400
-2.5155
-6.9908
-9.7871
-10.1941
-11.1660
-22.3995
-14.6876
-11.4779
-9.9642
-4.3904
-3.7543
-12.8498
-18.2533
-16.6384
-18.3705
-16.9716
-18.8782
-16.4277
-1.7722
3.7860
7.5882
6.2871
1.2306
-4.4365
-7.5920
-8.1597
-7.5716
-8.6424
-7.6133
-10.9120
-13.4639
-4.1609
-5.6096
-14.8169
-18.9522
-17.3903
-20.7479
-20.7438
-20.6924
-20.9047
-14.1552
-8.6320
-9.9199
-9.1350
-4.0606
-6.0519
-13.6684
-22.1324
-24.4434
-26.1011
-16.3424
-10.1139
-8.6074
-19.2159
-17.5093
-11.3519
-11.2218
-12.0059
-15.5224
-12.9604
-13.6420
-17.0915
-9.5532
1.9612
0.6754
-2.7018
5.7939
8.0198
1.9402
-2.6466
-2.0859
-5.5781
-7.9895
-14.0245
-13.5965
-19.6481
-21.0434
-16.2663
-19.8942
-22.2353
-17.6786
-15.2751
-23.9453
-20.3479
-11.1054
-6.5036
-5.6059
-13.5644
-20.7516
-23.1519
-25.6920
-28.9395
-23.1420
-10.3218
-4.3235
-11.1783
-11.1443
3.0502
8.2522
8.9329
11.0848
10.1540
5.4921
-1.0828
-4.0817
0.7115
-4.1028
-7.7420
-10.5508
-8.4741
-6.1194
-3.2385
3.4517
8.0828
5.7219
3.3946
6.5805
7.6274
6.4973
8.1900
11.9348
16.2001
17.4146
19.6538
21.1418
18.1713
13.5212
9.5166
8.0966
8.2426
6.7725
4.2437
1.4606
0.3853
2.2368
3.3403
3.8764
4.3495
3.5059
11.8191
9.5890
0.4136
-7.1938
-4.8341
-0.3057
0.2118
-6.4213
-6.9704
-5.2783
-7.6340
-15.7804
-16.9915
-19.9876
-20.5338
-20.0177
-19.4850
-15.3215
-14.5964
-19.3145
-21.3939
-31.0958
-36.8729
-30.8737
-25.5760
-32.3739
-26.9693
-13.4648
4.4813
-15.6120
-31.9300
-31.9800
-30.2392
-38.6836
-39.2664
-29.9099
-24.0854
-25.9006
-28.5109
-23.4835
-23.2278
-21.7139
-12.4929
-9.5592
-6.7129
-4.4012
-7.6601
-11.3289
-10.4522
0.2995
1.8364
3.7552
4.9296
7.5714
6.8695
1.7020
-1.2924
-2.9847
-5.5447
-3.2491
-15.9566
-24.8975
-24.5379
-23.3340
-17.8751
-14.0948
-12.9689
-9.2059
-5.4961
-7.5476
-13.3914
-16.9846
-18.2297
-24.6170
-26.7744
-24.4729
-21.6953
-11.8659
-13.2091
-16.0748
-15.4226
-29.5877
-29.7684
-21.4023
-12.9955
-12.5374
-16.5218
-18.7935
-13.3205
-5.8740
-2.8113
2.7744
0.1681
-4.5060
-9.2628
-26.8149
-27.3803
-20.4389
-16.1070
-17.2235
-16.0571
-11.5827
-12.5821
-15.3597
-2.9464
0.1770
-0.7678
-10.3770
-18.2754
-23.5416
-21.6116
-17.8926
-12.7329
-7.2775
-14.8720
-14.1847
-5.6228
-2.3323
0.5722
-1.2691
-9.7590
-14.0590
-15.8689
-19.5210
-24.5194
-21.8772
-14.3552
-5.8394
-8.7560
-15.7427
-17.8144
-8.4859
-7.3265
-17.4420
-24.5437
-23.4074
-37.1643
-25.7541
-18.9949
-22.0291
-17.5630
-17.9677
-12.5921
-4.5188
-1.7829
0.8180
-0.0371
-8.4399
-22.1009
-21.1898
-8.0235
-0.2647
-3.5413
-30.4343
-38.4269
-29.6403
-25.1183
-21.4209
-20.8889
-12.0977
8.0673
9.9951
9.2707
4.3710
0.5850
9.7573
7.9455
-2.0303
-5.3055
-9.6146
-7.6509
-1.4360
3.4593
8.8112
-3.1038
-13.1125
-14.6036
-13.5911
-10.3894
-8.5874
-6.0160
-8.4539
-11.9967
-12.3034
-12.5895
-16.9988
-19.7199
-25.4420
-22.9221
-22.3851
-25.3131
-23.3706
-20.1475
-11.3655
-10.0221
-9.3684
-9.3113
-10.1922
-4.8172
-5.0842
-5.1809
-7.8888
-8.6502
-10.6405
-17.0455
-20.9939
-20.2527
-20.9577
-19.4929
-17.8869
-8.1146
2.1282
2.8060
2.9474
5.7287
4.4130
3.5984
-9.1838
-3.3167
-5.5042
-16.7459
-20.9509
-21.9968
-14.9222
-6.3360
-3.2548
-19.8483
-29.2217
-17.7037
-8.1271
1.2539
1.1435
-14.4686
-24.8077
-27.9833
-27.9536
-34.2981
-30.1673
-23.1867
-24.3004
-18.9694
-13.9122
-8.0144
-8.9586
-18.1549
-20.6269
-25.2972
-22.5217
-15.1050
-18.8731
-23.8504
-30.7475
-27.8647
-16.4994
-11.1760
-18.5662
-22.8967
-20.9053
-16.6575
-17.9027
-19.6381
-24.8613
-29.6419
-31.9182
-28.4467
-30.3277
-33.1413
-36.9608
-32.7880
-30.8973
-36.7997
-45.3962
-28.2352
-21.6923
-27.1718
-22.8104
-15.3493
-8.0632
-18.8802
-19.5252
-16.7289
-8.1422
-2.1828
-7.7809
-13.8935
-24.7434
-25.1804
-24.5135
-22.6396
-16.6059
-11.9855
-28.5273
-40.4355
-35.0465
-23.7939
-12.3861
-4.3713
-5.2759
-25.4590
-22.4031
-15.8384
-6.9495
-7.2565
-7.5159
-6.2722
-2.1965
1.1305
-1.5714
-14.0742
-17.0448
-19.8809
-19.1685
-15.3948
-34.1757
-45.7874
-51.8959
-43.8643
-32.4422
-23.3942
-17.7422
-12.8558
-9.9145
-9.4308
-6.6379
3.8720
1.2689
-7.5207
-10.3463
-2.4877
8.4083
-2.1983
-10.1275
-17.6555
-16.8151
-28.6735
-41.2538
-35.3808
-19.6218
-8.7197
3.2150
8.0726
2.1801
-10.4388
-11.0678
-9.5676
-14.1553
-13.8314
-8.7094
-3.3500
-2.7998
-7.0542
-2.5965
7.3088
8.1464
14.4391
20.0256
16.2513
11.4238
5.8624
-9.4397
-14.8779
-25.1673
-33.8835
-42.0883
-41.7351
-36.6411
-29.4513
-25.7209
-19.9745
-11.7580
-9.1230
-12.1728
-13.0108
-1.7439
-2.8974
-9.8721
-8.5389
-3.4443
1.2222
1.9037
2.9534
3.1999
0.4601
-2.7124
-6.9529
-7.0832
-5.7530
-4.8906
-4.8013
-3.6689
-3.8112
0.6369
3.8922
5.1912
1.5501
-0.1221
0.4840
-0.9088
0.1424
1.3174
2.0428
1.0683
1.3633
5.3881
1.5582
-0.0725
3.5994
3.4770
0.0602
2.8590
3.6919
3.9294
5.7672
4.9621
4.2050
-3.4735
-2.8315
-0.5337
-1.5078
-3.2522
-2.5708
-4.7656
-1.6041
-0.6109
-5.4424
-5.8027
-1.6239
2.5001
1.4051
-2.6617
-5.7629
1.9140
-2.1994
1.8023
2.9808
-4.9813
-11.5478
-13.3419
-7.0851
-0.6618
-5.1553
-14.0836
-18.7517
-13.6720
-7.3629
-9.6127
-8.1382
-3.9057
-11.7368
-10.3076
-12.4014
-11.5692
-16.7840
-17.2208
-4.4943
4.3097
2.8642
1.0009
-2.6700
-4.5377
4.3299
8.4413
-8.8129
-16.4618
-15.7769
-17.8288
-11.0059
5.1802
0.9688
-7.7887
-11.1857
-3.6098
3.0383
4.0550
-3.0201
-8.1513
-14.4257
-19.2886
-16.6224
-13.1345
-12.3912
-0.6796
4.3616
-3.8927
-11.7805
-12.2202
-2.5837
8.1852
8.5017
-11.3701
-25.5272
-10.3124
0.6483
-0.4631
4.8922
6.7591
4.5924
-2.0640
-4.8547
-2.5121
-7.8275
-17.6856
-12.6476
-14.2970
-12.6574
-1.2533
-6.4707
-5.0639
-8.2766
-1.2745
9.1733
4.6927
-6.6985
-15.5663
-16.3229
-11.7162
-11.3279
-6.9849
-13.5503
-17.2422
-10.7154
-11.2450
-17.1911
-20.9792
-22.8558
-19.8236
-18.8655
-17.2780
-25.1082
-33.9830
-38.9988
-36.2309
-30.0332
-20.6654
-15.4095
-14.7090
-7.9898
2.2436
3.4647
1.0790
-8.2600
-13.7362
-8.8268
-19.1986
-35.0767
-37.5539
-35.2387
-34.5996
-25.5910
-18.5146
-13.8258
-13.6238
-6.1496
-4.7130
-6.3832
-5.5123
-2.9303
-8.0438
-6.7344
-6.8604
-12.4260
-15.4510
-3.0306
-1.6263
-13.1580
-20.0619
-12.6669
11.3565
7.7870
-9.9372
-17.7364
-19.4048
-24.2297
-27.6682
-21.5527
-16.5841
-13.7606
-13.9769
-12.2344
-13.0612
-19.4437
-22.2492
-17.0006
-9.2460
-4.0778
0.7196
1.4530
1.8369
-0.2086
-1.8600
-5.0801
-12.7420
-21.0831
-23.5708
-17.7529
-9.0636
-4.1280
2.3986
1.5027
1.7995
2.2975
-11.0209
-19.9675
1.8594
0.6688
-8.0243
-12.7366
-13.3227
-7.9049
-11.6106
-27.3326
-19.6743
-11.4108
-7.9775
1.5446
3.8077
1.4779
6.7014
9.0060
10.8014
9.5453
3.7307
-2.2004
-1.4408
12.2966
16.7575
-1.5083
-8.8719
-12.0033
-6.3925
-0.6902
4.8475
-2.4856
-11.0153
-16.3175
-25.0391
-28.3966
-23.2975
-22.5340
-25.5615
-26.3384
-22.0662
-18.0734
-15.0085
-9.1261
-11.1055
-10.0158
-4.2413
-1.4938
-0.2142
0.7426
-10.8230
-22.9978
-16.2511
-19.3731
-22.9638
-5.8375
5.0434
-0.9438
-9.5675
-9.0435
-2.5967
0.1399
-18.9323
-29.7215
-36.1562
-35.5981
-36.9951
-20.7981
-14.5407
-20.3823
-22.0547
-25.1466
-18.5790
-11.5301
-10.2506
-8.7018
-7.9284
-8.3059
-10.6430
-5.5432
-19.9220
-17.4582
-12.2258
-8.0860
-8.2268
-5.7861
0.9481
0.2448
-7.8949
-15.9548
-15.7594
-7.8002
20.3972
10.8747
-10.7925
-16.5633
-13.3476
-12.9732
-15.8952
-17.3786
-16.0783
-9.3537
-1.8308
1.9253
2.5550
-8.7199
-8.0389
-24.4924
-25.2300
-20.6199
-19.3083
-1.3787
-4.3823
-5.8278
-2.4372
-3.7729
-5.1897
-1.0513
-1.0305
-8.9507
-3.8792
-16.6234
-15.3318
0.2119
6.0153
6.7670
-1.8962
-16.5265
-23.2117
-15.4401
0.5864
1.5921
0.3387
-4.1372
-3.8841
-2.1745
-0.9319
-2.9041
-5.8422
-1.5621
-7.6705
-10.1389
-14.9827
-18.6784
-18.8019
-18.5228
-5.3779
-7.4956
-27.6332
-11.6996
-5.8045
-22.9325
-20.3885
-23.2120
-22.9934
-20.1610
-16.5281
-11.0088
-1.4533
-0.2227
-5.6331
-14.0071
-24.9119
-28.5876
-24.1793
-11.4759
-8.4581
-4.0336
-5.7117
-8.4978
-12.5737
-13.0701
-6.2045
8.8592
12.5892
4.5325
-5.7615
-12.5242
-8.5778
-12.3841
-16.7526
-13.7786
-5.2059
-4.5760
-1.3764
-0.0687
1.0932
0.9664
1.6687
2.1406
2.3507
4.6751
3.8728
1.9106
2.5007
2.6184
2.1873
2.2185
1.5502
1.6756
2.5706
3.1355
2.9296
2.0093
1.1179
1.2225
2.2464
3.6706
5.0358
4.5971
3.0124
2.2255
2.1490
2.9307
3.9689
5.4235
6.5473
7.4775
5.0471
3.9985
4.0933
4.0804
5.8623
4.7601
2.0685
4.2761
4.7493
4.6125
3.8564
4.3654
2.2773
-17.9430
-12.7590
-7.4997
-3.0604
-2.1534
-3.0511

Coefficient 12:
0.0000
-2.7592
-4.3550
0.9648
2.0629
1.0676
1.1317
-1.1771
-0.2537
0.2088
2.8307
2.9479
0.6458
-2.7328
0.2319
-2.8547
-7.0752
-11.1923
-5.9138
-1.8491
1.2402
-0.6021
-6.4678
-14.1971
-10.8418
-1.4235
-2.0764
-4.6525
-7.0314
-1.6895
1.3176
-0.0094
-1.7368
3.2444
5.7269
6.4277
9.2219
0.1578
-11.3792
-17.7673
-15.7167
-10.5351
-4.9918
-3.5209
-4.7526
-2.5427
5.3115
6.1059
2.6021
3.9774
0.3655
-4.7503
-3.5622
-3.8387
-4.9962
-6.0200
-0.6216
9.7112
15.1764
12.9601
10.4587
13.8495
17.1575
19.0554
23.1817
22.3769
16.4642
1.8094
6.5301
4.4379
3.8944
1.1644
-3.4678
-3.7029
-2.0870
0.4073
5.9493
5.4092
1.9588
6.7887
9.2039
7.7716
9.7362
10.0285
11.6931
10.9210
6.1239
0.3534
9.1345
3.2813
2.5426
4.1006
7.1450
8.7987
13.5080
13.1063
9.7052
5.5644
-1.7371
-6.7105
-8.8297
-7.3569
-0.9094
1.0105
-2.5749
-8.1860
-9.1979
-13.2094
-18.1000
-10.9895
-11.4167
-15.5482
-19.0743
-16.0897
-10.7564
-14.0199
-17.6895
-14.3346
-6.7210
3.1112
-3.9784
-5.0525
-6.1583
-18.6346
-21.2169
-16.2701
-15.1912
-10.7976
-2.8738
-8.3801
-17.6962
-15.2711
-11.3165
-16.1301
-14.2871
-9.8346
-12.0827
-12.5872
-16.6775
-19.9665
-20.7247
-18.6568
-20.3402
-20.8947
-18.7565
-3.7041
5.3756
-6.5477
-14.3996
-14.0979
-13.3748
-9.7285
-9.0706
-10.5855
-9.5295
-2.8349
1.8755
-3.5298
-6.6361
-10.2652
-12.0491
-11.2262
-15.1487
-4.9764
-10.8103
-20.7604
-17.2065
-5.5320
-4.9292
-4.0918
0.1281
-17.4890
-9.3073
-15.3441
-12.3894
-6.0805
-6.9909
-5.7240
-4.2268
-7.3985
-5.4558
-6.4723
-20.0771
-19.4163
-17.1499
-13.1138
-16.8012
-23.6254
-20.1603
-16.3454
-13.2654
-10.8488
-3.7258
-3.1452
-5.1629
-1.2830
-2.8840
-0.6382
3.0984
3.0182
-7.3325
-11.0041
-12.2570
-7.9087
-9.1007
-19.7928
-18.2663
-22.8467
-21.5636
-10.7789
-0.8151
-2.0032
-25.6740
-13.2428
-16.7860
-17.9909
-16.1588
-19.0456
-11.7631
-16.1547
-11.1919
-11.4961
-12.8468
-19.8215
-17.4390
-18.1272
-15.1355
-4.5943
-5.1614
-11.3409
-22.8142
-26.3937
-26.5081
-19.8774
-17.3972
-14.7991
-10.9008
-16.0403
-11.9489
-15.6594
-19.4145
-16.3023
-15.9263
-2.5155
-6.7819
-9.6580
-12.9662
-4.3118
-4.1258
-3.9742
-1.3071
3.2576
-3.8072
-5.2662
-3.4908
-10.4732
-17.7847
-10.9138
0.8880
-0.7437
-6.1131
-7.3369
3.3853
9.4062
5.2488
-0.3038
1.2483
6.5003
11.6988
16.2141
20.1695
18.4434
18.7208
10.5334
1.9876
-0.0655
-4.6497
-3.9726
-3.2031
0.2574
10.9093
8.8074
3.3621
6.5707
7.4511
15.4146
13.6018
13.5846
14.0756
12.5942
13.7328
15.4048
18.3998
17.3830
12.2621
4.7939
1.2390
3.0248
-0.1090
1.3043
6.5302
7.7394
3.5774
2.0845
-1.6319
-4.0128
-4.8445
-11.8032
-10.6264
-2.4227
2.3713
5.1405
6.2355
1.7597
-1.3052
-3.3662
-4.2340
-5.5146
-9.1237
-16.6325
-21.4564
-20.8564
-22.2262
-27.6317
-30.5676
-29.4647
-33.7517
-24.0659
-22.5585
-25.0142
-20.7309
-18.3352
-9.6951
-7.2006
-13.8179
-21.7144
-23.4598
-10.0090
-10.3731
-13.5450
-17.1211
-17.3149
-18.7489
-27.5959
-24.9705
-15.2421
-11.3533
-8.2326
-6.6572
0.2352
0.4681
-3.9337
-7.8079
-11.7300
-11.6465
-14.8038
-15.7737
-20.1739
-21.9753
-18.7251
-16.0658
-13.3797
-8.4134
-14.1921
-14.2438
-15.4924
-10.4957
-7.1384
-5.6827
-4.8673
-1.9465
-2.9207
-0.8248
1.7851
-12.1291
-10.7547
-10.7736
-14.7634
-16.2626
-13.9535
-6.2979
-5.7282
-7.6364
-4.2350
-3.0935
-2.2056
-1.5189
-1.7139
-1.0944
-9.0123
-15.7658
-26.6895
-31.0294
-23.8661
-17.8766
-23.2454
-20.7925
-11.4699
-6.1297
-2.9182
-1.5809
1.3912
4.9087
0.9174
-24.1806
-34.6149
-28.0043
-19.7177
-24.9786
-22.8765
-22.8805
-23.9031
-26.4355
-27.5207
-22.4764
-18.0883
-17.0242
-11.4113
-6.3953
2.9258
5.3886
-2.8239
-4.1917
-11.3467
-12.0631
-21.2847
-21.5771
-9.9208
-11.5149
-3.4492
-1.5067
-1.0845
-9.4886
-14.4401
-12.6614
-16.8536
-13.6383
-13.6097
-17.3204
-18.4141
-16.3169
-16.2098
-27.7299
-25.6927
-30.3823
-31.7423
-34.0538
-34.2361
-32.3079
-29.4704
-18.7726
-6.7720
-0.0433
1.2252
-0.0449
0.5602
1.7732
-0.1858
-0.8327
0.0156
3.5829
4.0871
3.5890
3.1456
2.3923
3.6903
3.6201
2.5872
0.1804
1.0533
1.6544
1.2669
1.5853
1.2625
0.9128
0.1330
5.7076
9.9566
18.2255
17.7781
6.4190
-8.2246
-11.9572
-13.2142
-12.1980
-10.2247
-15.4253
-19.3740
-16.9146
-23.2818
-19.7016
-14.6752
-13.8781
-11.6618
-5.4852
-10.6160
-13.4975
-6.9116
-6.6403
-6.2677
-3.6164
-1.2122
4.3662
7.7064
5.1285
6.7739
18.3155
17.3679
14.0196
8.5722
7.6895
14.4675
17.4509
-4.6946
-12.0066
-8.5822
-5.0618
2.8614
7.4790
7.6987
5.2144
-3.4773
4.5494
-5.5194
-15.4916
-23.9618
-25.8824
-13.5916
-20.5583
-7.4307
-1.0632
2.3079
9.5917
6.9672
3.5634
-2.3477
-6.1351
-8.1049
-2.3315
6.8899
10.4281
3.1204
-5.8198
-8.1865
-9.3335
-14.1659
-13.7537
-13.3946
-5.5176
-4.5427
-2.0621
-10.0958
-16.1001
-10.6933
-2.1569
6.9621
-2.9005
-13.4248
-11.2775
-16.3497
-12.7558
-13.9962
-15.8086
-9.1999
-5.1306
-13.4950
-12.9434
-6.5196
-9.7380
-6.7880
-20.0556
-23.9377
-24.7325
-22.7324
-22.9899
-17.1608
-16.3131
-24.7453
-18.9894
-17.9869
-12.8425
-9.6472
-11.1808
-2.9840
-8.5920
-20.2324
-26.4174
-24.6779
-16.6877
-17.2853
-15.2397
-10.7222
-2.7243
-12.0070
-25.9537
-22.4234
-18.3029
-20.1684
-22.9008
-15.5316
-11.2589
-11.4175
-9.6682
-10.6843
-10.7916
-9.4124
1.1748
2.8663
3.4088
4.8063
5.5458
0.7015
-0.6303
-1.0186
-0.1227
2.3960
2.8866
1.5950
2.3123
2.8454
3.0975
3.5074
3.2965
3.9979
4.6474
2.8068
1.5131
1.1103
0.8348
1.5513
1.2341
1.8205
2.5026
0.9300
0.5561
0.4927
1.2819
1.7441
1.6522
2.5082
3.0222
-8.0251
-22.4381
-20.0515
-17.4899
-14.7785
-13.5089
-11.2175
-13.8470
-21.2470
-33.7263
-38.9329
-41.9820
-42.2806
-33.0744
-30.7408
-29.6403
-26.0664
-23.1020
-29.6517
-38.6308
-41.3738
-35.7779
-20.9179
-13.5902
-23.7792
-25.1189
-21.1194
-15.2549
-11.3469
-4.1326
-2.6421
-2.1110
-26.4719
-30.9905
-27.7223
-22.0191
-15.1614
-16.3529
-21.7767
-26.5589
-21.6339
-28.2291
-32.4784
-30.3774
-27.2986
-25.6124
-19.3653
-12.3004
-1.0644
-7.2656
-7.7096
-4.7187
0.3873
-17.6950
-19.7460
-20.5075
-15.7109
-9.9778
-13.4130
-20.3867
-18.7997
-11.7811
-4.2851
-14.3142
-23.5809
-26.3874
-28.9145
-26.3274
-23.9426
-29.8925
-39.6845
-45.4327
-44.8466
-30.8141
-30.5010
-29.1740
-23.8647
-34.4229
-60.5816
-51.9203
-46.3462
-43.1255
-36.0860
-21.0116
-15.6751
-21.1549
-19.1456
-18.1404
-23.0550
-21.6514
-30.7079
-29.9820
-27.0407
-27.9516
-20.3875
-17.3064
-12.3607
-14.0903
-21.7848
-20.6869
-11.3267
-5.7672
-17.1097
-22.0427
-20.1039
-17.6752
-20.9750
-30.3006
-28.7847
-9.7997
-4.1620
2.9690
1.7924
-6.1555
-10.8502
-21.7090
-27.8618
-34.1873
-30.6842
-30.2593
-23.6967
-20.7023
-20.9299
-20.4351
-17.7842
-13.7590
-8.0269
-6.0319
-0.5840
0.2862
1.5484
2.0869
1.2245
-0.0359
0.6101
0.7206
1.2547
1.4432
0.0067
0.7019
1.4591
3.4731
3.6005
1.1998
2.1369
1.2170
-0.7459
1.8227
2.0075
2.3613
1.2722
1.6401
-0.1451
-7.9704
-13.6459
-12.2053
-7.6490
-1.4257
-1.6227
0.0236
0.8577
2.4785
8.7759
15.6514
12.0828
4.3203
0.8937
-9.4623
-21.8038
-28.9274
-26.9940
-24.5134
-20.9912
-16.7850
-11.1167
-4.7541
-3.8286
-3.6436
-0.2839
5.5801
7.1424
4.5447
4.4012
7.6330
6.8769
4.3261
2.4307
2.5206
2.1890
2.1908
3.1375
3.4559
1.0900
1.9085
5.2131
5.2131
3.0471
0.9868
2.1541
1.9134
1.9263
-0.2453
-1.8670
-0.6022
2.2835
3.6613
4.5019
3.8769
2.0807
1.3708
-0.1413
-0.4329
0.8845
-0.3002
-2.3250
-0.9457
1.3407
-0.5736
-2.1000
-0.4947
0.3799
-0.7703
0.7480
-6.1892
-11.7865
-16.9443
-19.9713
-19.5226
-10.2384
-4.7687
-7.5924
-16.5464
-18.6587
-19.5761
-13.2375
-11.8340
-23.6686
-35.6374
-32.5708
-20.0387
-21.4664
-26.0428
-23.2603
-13.1760
-9.6478
-8.3173
-11.6201
-5.8458
-1.7273
-0.1716
-2.5014
-6.9463
-10.5121
0.1009
2.2563
-1.3948
-4.5157
-4.0643
-7.6238
-7.2645
-9.0689
-8.3749
-16.7428
-25.6666
-21.7321
-23.0502
-22.1867
-22.9726
-19.1877
-24.6721
-15.9221
-13.4402
-9.9183
-7.6551
-9.5223
-8.4888
-12.2967
-22.7136
-28.2011
-29.0865
-32.6547
-37.0948
-28.8961
-23.9606
-17.5536
-8.5710
-9.6756
-9.3349
-7.3943
-5.1381
-8.1853
-5.8678
-7.4906
-16.1101
-16.3080
-19.9712
-18.5788
-23.1464
-23.4420
-20.3290
-15.9988
-12.5273
-13.6610
-14.3629
-11.2368
-6.9987
-8.4634
-7.6789
-26.4444
-31.5018
-30.7588
-36.8199
-38.1934
-33.5398
-35.6831
-38.4324
-36.5975
-33.8122
-29.7095
-20.0058
-15.6079
-16.9973
-21.6630
-15.8546
-0.3189
7.3708
5.7036
1.0049
-5.2099
-4.1750
-7.0045
-10.1919
-6.5416
-4.2690
0.3176
-0.2793
-0.9548
-0.9941
-3.5919
-2.7707
-3.4997
-10.6221
-12.6903
-10.4425
-7.5455
-4.2320
8.8104
8.3153
-3.0775
-9.1483
-5.5258
-3.8231
-5.7587
-13.5929
-21.7287
-14.8148
-1.9305
-3.1794
-9.7839
-10.5891
-10.3294
-12.5402
-9.5219
-2.8644
-5.7210
-11.6901
-7.1958
-0.1977
1.9568
5.3894
10.9869
7.2194
1.6355
1.6451
5.7791
4.4299
2.5414
2.5292
3.0621
-1.3619
-4.5220
-4.5881
-2.2023
0.4355
1.0803
-1.7367
-1.0904
2.0829
3.7339
1.9721
-0.3787
-1.5091
1.0223
2.2535
2.6539
3.4368
2.9573
14.8604
3.1002
-13.5259
-20.8602
-18.0265
-12.8793
-13.6637
-15.7230
-10.5186
-5.5627
-3.9116
-5.0073
-14.5364
-20.8183
-24.8832
-24.4168
-24.1953
-25.4659
-23.0255
-27.8601
-29.5023
-17.2435
-11.0806
-12.7281
-13.5380
-22.1912
-22.0994
-19.6687
-7.3328
-14.8494
-19.8945
-19.6744
-11.6614
-15.5215
-19.4678
-29.7070
-35.1801
-44.9786
-50.3740
-43.9785
-44.5513
-40.8330
-29.1059
-25.0794
-20.0824
-6.2761
2.7863
8.5230
0.4704
-5.5424
-6.8547
1.4245
1.2209
-1.7864
-11.8676
-19.9597
-17.0580
-2.5899
2.3097
3.6828
-3.4601
-7.5243
-10.2971
-13.7939
-17.4095
-10.3683
-0.2880
6.0623
4.2479
1.6782
-0.3336
-6.5462
-7.8247
-7.2329
-2.9340
-5.5143
-4.2640
-6.5083
-4.0165
2.7376
6.4159
3.5707
2.0016
1.3522
3.2517
9.3710
7.1422
2.4143
-1.0082
-15.0205
-11.3800
-4.1025
1.0709
3.9870
5.5241
-11.6445
-19.0724
-15.8624
-15.2719
-13.3325
-7.7924
-2.2586
-2.8069
0.1380
10.0931
-2.6812
-2.2381
1.4571
1.7839
5.0750
0.2521
-2.5728
-3.8538
-13.6196
-17.1542
-17.0242
-16.5865
-14.9810
-10.2663
-7.4585
-14.1092
-21.7536
-22.5498
-25.9592
-26.3707
-21.5496
-18.1082
-12.9951
-14.0363
-15.7686
-18.1812
-13.1625
-11.3705
-11.8770
-5.2204
-4.9855
-7.4404
5.4765
4.4614
-12.1992
-12.0603
-10.7805
-11.5098
-8.2531
-3.1385
1.9526
5.3037
15.0183
14.1679
7.6258
3.3764
7.1904
2.4867
-23.5479
-38.7708
-34.8205
-26.4519
-29.3182
-24.1393
-17.3748
0.3382
2.3652
4.7435
-5.5071
-4.0269
0.8367
-4.8714
-12.4238
-15.4001
-14.4618
-5.5898
-1.9060
-1.9038
6.3332
5.3814
-9.1988
-10.8514
-16.0870
-11.9618
-4.6669
-0.5255
1.6495
0.7802
-0.2091
2.5072
0.3720
-8.1216
-14.1062
-10.4164
-1.7256
7.4785
16.9161
18.2984
20.8362
13.4718
8.4624
0.5456
0.3026
2.2297
1.7927
2.1133
-0.3661
-0.5766
2.0827
-0.3581
-2.8091
-2.2828
-2.5104
-4.4470
-4.6632
-0.7254
0.1814
-2.2757
-0.9086
1.8131
0.8883
1.2778
-5.2224
-8.3722
-19.4191
-18.1067
-15.5764
-17.7168
-10.8974
-0.5778
1.2897
-8.7544
-19.8562
-22.0088
-16.2616
-4.0167
-10.6511
-15.6594
-9.8057
-2.0968
0.3998
-1.8658
-0.2905
-0.1788
1.8301
-8.5326
-2.3378
-0.8911
1.2962
-5.8797
-5.6665
3.0803
2.7843
0.6193
10.1664
12.6445
-2.7140
-20.8049
-16.2346
-3.4590
5.8603
1.0679
-1.3928
5.2160
7.9019
10.5662
-7.6214
-17.8512
-12.0767
0.6281
9.4934
8.8824
19.1711
19.9784
12.2873
8.6531
-12.4270
-12.7276
-20.6173
-30.8886
-32.9288
-21.7274
-7.0045
-17.8540
-27.8385
-33.6165
-29.9617
-21.5192
-20.2232
-32.6513
-28.0885
-18.6254
-12.0802
-10.0800
-6.6044
-12.3818
-24.5195
-18.5172
-15.2153
-15.0543
-6.2186
-0.4079
-2.9629
-7.0109
-10.7262
-12.9302
-17.3736
-20.0450
-17.4357
-12.0783
-3.2278
1.3370
16.3732
7.5195
4.5482
8.3473
13.7659
13.7027
3.1935
2.3176
-13.3676
-19.3939
-24.3042
-20.4319
-11.4462
-3.4406
0.4616
-1.5823
3.3077
6.2630
4.5863
1.6942
-4.3729
-14.9912
-28.4683
-24.7901
-16.9158
-8.0354
-4.9342
-2.8407
-23.6855
-25.0471
-19.5629
-19.0281
-18.3843
-16.9353
-11.1967
-13.5489
-13.7239
-9.5809
-15.4010
-18.6414
-15.2065
-10.7872
-1.4606
3.5722
-0.4790
-6.1926
-9.1067
-0.4171
8.7944
8.3733
6.6954
6.2415
-10.7321
-18.2696
-22.6350
-20.5761
-13.8520
-7.2814
-4.0192
-2.6598
-4.8502
-11.9778
-12.2250
-13.8877
-19.0702
-25.9299
-23.1845
-16.8265
-17.9912
-8.0467
-2.9554
-0.1505
1.0294
1.7544
2.2355
0.5137
-2.6335
-3.7866
-1.6600
-1.1748
-4.2990
-8.0066
-8.6547
-4.7283
-1.5009
-0.8803
0.6432
0.6811
-0.6701
1.4171
2.0199
2.6821
1.7478
1.0897
0.2800
0.0850
2.8183
-5.2849
-14.6777
-17.4956
-20.3983
-20.2497
-16.0196
-13.7312
-15.8436
-20.0167
-22.5845
-24.0769
-26.3647
-23.4793
-11.3082
-5.0507
-9.7751
-11.1189
-8.9225
-8.5656
-8.9392
-6.8090
-2.2070
-7.0097
-11.1590
-20.7790
-21.8740
-21.4167
-20.0525
-4.0965
-1.9514
-4.6916
-10.7130
-16.7563
-17.4674
-17.1884
-10.1185
-3.0584
1.8850
-0.6309
-3.7300
-5.6585
-9.2761
-17.6281
-14.6070
-21.6677
-19.7133
-18.1990
-9.7038
-11.3240
-15.6136
-15.2014
-19.5857
-26.8787
-27.9465
-13.5495
0.3296
4.5915
8.7870
7.3325
2.1639
-5.6742
-4.3084
-6.6731
-24.8922
-19.4192
-23.0168
-28.8466
-35.4434
-27.3926
-16.4325
-19.5715
-17.0169
-15.8903
-13.3229
-13.1302
-13.6585
-12.1533
-5.2095
-16.0964
-12.4125
-14.1970
-0.0676
-3.0924
-6.1599
0.8933
-8.5044
-17.1355
-22.4878
-15.7612
-6.7000
-3.4630
6.7545
6.9438
3.6851
4.3168
11.2666
16.9769
10.6793
-0.6613
-2.3584
0.3126
2.4936
-0.5949
-11.8986
-20.5442
-23.6485
-22.4843
-18.1915
-11.4468
-0.0442
10.8297
17.6295
13.7641
8.5753
0.1436
-2.4086
2.4444
4.9200
-1.7412
-14.8368
-18.2190
-7.7470
3.4469
-2.0684
-5.8179
-10.4296
-14.5302
-11.6794
-10.1779
-12.6670
-10.7000
-16.8940
-22.7492
-23.5458
-21.1762
-18.4136
-13.7337
-2.4056
5.8388
8.3587
0.1938
-6.2472
-4.3969
-0.2163
-1.8039
-3.0297
-1.2349
2.0266
-5.0837
1.9284
2.7256
-1.6954
-6.8737
-5.5512
3.2658
4.7320
-10.7841
-18.2198
-8.2426
3.6026
-0.1479
-5.7611
1.7896
-4.8666
-17.0053
-28.0230
-21.1597
-11.0867
-1.5390
-4.2262
-9.3719
-15.4225
-9.8336
-9.1101
-8.2186
-3.9381
-6.6013
-5.8601
-3.8807
-3.4309
-2.1319
0.6764
1.3423
1.5093
-0.3355
-1.5841
3.6045
4.9112
0.7249
-6.4279
-11.8614
-12.7102
-6.1671
2.0164
0.8399
0.9782
1.4450
-11.3388
-8.6994
-1.0966
2.9870
-2.6023
-15.2033
-13.0851
-8.5737
-6.8088
-19.6184
-18.1664
-10.5407
4.1373
18.7530
15.9086
11.0132
5.3475
-4.9027
0.4119
7.1439
9.8970
5.6065
3.0774
9.6355
8.7586
-3.2232
-6.1675
-9.9152
-13.6401
-19.0912
-15.1671
-12.6642
-11.3756
-11.5898
-13.3550
-26.2300
-32.7047
-32.5546
-32.3539
-34.8843
-30.6548
-23.8561
-19.9362
-15.2058
-10.6500
-7.3678
-3.4816
-2.4884
-0.9514
-0.1877
-11.6315
-21.9523
-19.9746
-20.3876
-24.2541
-29.3638
-17.9382
-6.0438
9.2198
12.0662
9.5242
13.5258
1.5574
-2.7304
-8.9631
-16.5831
-11.3388
-11.5817
-7.5131
-3.9980
-3.7294
-5.3093
-16.4573
-22.6159
-21.4005
-21.2707
-21.6312
-13.4012
-5.5570
-3.8115
-11.8803
-5.2022
-5.4288
-15.8853
-21.1283
-18.7884
-12.7785
-16.4154
-18.0142
-10.1421
-3.9798
-9.7954
-42.9482
-42.0979
-39.1006
-29.3651
-23.7038
-16.7284
-13.7240
-4.6337
-2.0609
-0.7310
0.1961
1.2184
1.3576
8.6082
29.3321
23.9076
21.1484
18.3453
12.9594
19.3646
13.0873
-2.9326
-9.1127
-0.5915
1.1143
-3.4054
-7.1423
-0.3395
5.1349
-0.2053
-7.9058
-11.1119
-1.5488
7.3039
5.4448
-0.6827
-4.9417
-7.5453
-11.8859
-14.7348
-12.2318
-9.7428
-6.4803
-3.3568
-0.3721
-5.4821
-8.2194
9.6292
17.6938
17.0675
8.9953
4.2284
2.8091
-2.5448
-1.2494
-6.6510
8.8139
14.5822
14.5853
-3.1172
6.4415
10.9509
12.0384
6.3260
5.6283
1.6907
7.0901
9.7077
14.4077
16.3955
13.8778
10.4575
2.0250
-5.3702
-8.4039
-12.0457
-11.7663
-12.6004
-15.7659
-17.1137
-15.8702
-20.4676
-21.2293
-7.0316
-0.4446
1.3186
2.5118
1.8429
0.9965
-4.1512
-3.2670
-5.4699
-3.0474
-1.1151
0.5497
1.8556
4.1122
4.6330
2.8499
3.4919
2.7727
0.9411
1.7615
2.0278
1.4206
1.3309
0.6540
0.8561
1.9135
1.8577
1.4745
0.3899
-0.8299
-0.2329
1.5679
2.4023
3.8032
3.4416
1.9780
1.5690
1.5891
2.3499
3.0775
4.6409
5.6438
5.9901
3.4659
2.1012
2.4635
3.2874
5.1919
3.7738
1.0462
3.1849
2.8088
1.9390
5.8024
8.4379
5.3855
-13.5921
-17.6983
-14.6926
-9.4004
-5.6608
-7.3388

Coefficient 13:
0.0000
-1.4663
-1.5546
-0.3701
1.9870
-1.3908
-1.3276
-1.0069
0.1499
-1.5408
0.5601
1.4117
0.7965
-2.5442
-5.1864
-0.8604
-3.3921
-13.0002
-7.3937
-3.3788
-4.3629
-8.5763
-7.0227
2.8002
9.3586
7.4675
9.0338
4.4625
-4.3949
-2.6782
-5.1128
-1.5836
-2.7659
1.4995
4.0244
2.9428
-0.7088
-15.7672
-13.8665
-9.4345
-5.8265
1.0046
2.7569
-2.4281
-4.0542
-2.5625
2.8031
0.4854
-2.9118
-2.8758
-1.9846
-2.5706
-7.0069
-4.0354
0.7396
-4.5001
-6.6601
5.6896
6.2720
3.4635
3.7294
5.4619
5.9923
8.0600
8.3114
19.0547
16.6181
9.0299
9.0330
4.5733
2.9738
-3.2436
-7.1292
-5.7501
-1.8496
13.5362
16.6263
6.3002
-3.9669
-11.6261
-12.2127
-8.4414
-3.6598
-0.4444
8.9430
14.3102
6.9700
0.3541
-0.9102
3.8946
0.9451
-7.3982
-4.1260
-6.6413
1.9136
4.0004
2.0859
4.0679
-0.0644
-7.4498
-9.4464
-7.7239
-0.6020
3.1313
-0.1914
5.5554
24.2586
23.2419
6.5624
0.8110
-3.3898
-6.8831
-5.5211
-2.9023
-2.2450
-2.5156
1.9687
9.4065
13.7497
21.8152
21.8928
13.3254
6.9256
10.4127
9.9903
3.2323
0.2035
1.3220
-2.6817
-0.1229
12.7803
14.0947
16.4457
13.5818
7.8723
6.4969
5.6661
10.1448
4.0815
0.5652
-0.5296
-3.6928
-7.5679
-7.7847
-7.6068
-0.0079
2.0384
5.9403
5.3907
-6.5728
-10.2819
-5.1021
-12.9625
-13.2993
-0.8235
6.4654
4.2131
8.9043
9.1237
12.1372
15.1886
17.4817
21.9969
17.5348
12.7265
14.8582
11.6569
6.9124
7.4210
4.8026
5.5158
19.2280
25.0209
18.0283
6.7779
-2.2414
-8.7653
-1.1251
6.3722
3.6568
0.3837
-6.0225
-12.2328
-7.1610
-6.6491
1.3380
16.3859
26.8685
21.1031
9.6824
1.3268
2.7837
6.6489
3.2504
0.7487
3.4666
14.0172
17.6265
18.1286
7.9468
-5.8779
-11.4580
-11.9404
-6.9920
1.9775
10.2555
12.2540
8.4742
7.9119
4.3841
3.5328
2.2087
16.4018
7.9672
-0.9564
0.0920
-0.9147
-7.8415
-11.0171
-4.3683
8.5070
9.1989
4.6583
-3.7667
-3.8662
-1.6754
-1.6505
-0.9603
0.7282
0.7966
8.7784
5.8285
1.7554
6.2659
0.7983
3.5729
8.8888
6.9870
3.0809
-4.2125
-11.3459
-17.8948
-11.8884
8.9360
10.6728
7.2379
-2.7162
0.0667
0.5405
4.3201
3.1890
-0.6808
7.5815
16.4318
17.1384
10.2559
7.3502
3.2565
-3.0671
2.4596
-1.3710
-3.5776
-2.0922
0.5971
-3.7893
-6.5241
-15.7810
-4.9223
3.3814
-2.4508
-6.0002
-5.6823
-6.9856
-4.7475
-0.4377
9.7562
14.6194
19.6679
15.9500
10.0226
1.6368
-4.0709
-6.0956
-7.5684
-10.3429
-10.8835
-9.4154
0.2800
-1.0907
-3.0068
-0.6731
6.1884
-0.6887
-5.1824
-4.1872
-1.5522
3.4192
1.4786
-1.3951
3.0642
10.7548
8.2717
8.5854
12.3114
9.0998
4.6073
2.1859
-3.6747
-14.0751
-10.5856
-7.6140
-4.8475
9.9768
21.2576
23.4007
16.5335
12.2553
9.5445
7.2786
5.5376
-7.4109
-24.0106
-22.3524
-5.2031
9.7899
17.8061
22.3491
25.8783
34.9406
32.4879
24.6144
22.9898
12.3242
7.0258
7.1385
12.4700
9.1477
10.4575
11.1592
15.3289
17.0595
13.8458
21.9207
29.7794
30.2952
15.7704
9.6047
7.9869
4.6108
3.6565
1.7273
3.2349
11.6811
12.4727
0.2722
0.3907
0.4514
-2.0408
-4.1873
0.7851
-1.9376
1.1607
7.5430
1.7570
-8.3591
-13.0930
-14.7262
-16.1284
-13.1781
-9.2442
-5.1312
-4.2373
-2.2643
1.1469
16.9939
21.7879
18.5025
12.5080
12.1131
5.6973
-1.6019
-4.1273
-6.6370
-6.3207
-1.1840
-4.1864
-9.0234
-10.1006
-6.8969
-6.5368
-1.8748
0.4217
2.5961
6.3233
10.4534
7.0160
11.2417
18.9763
20.5839
14.2685
9.9351
6.2681
9.0607
3.7823
-3.3658
-0.6448
-3.3328
-11.0134
-9.3374
-0.9069
6.2469
8.3802
6.8743
4.7430
-2.0266
-12.4315
-19.2333
-17.2609
-10.2737
-1.2880
-1.4463
-6.1100
7.5140
9.5328
16.8973
19.0337
22.6393
23.7392
18.9605
12.1179
17.2833
13.3807
13.0643
14.3143
13.2424
14.9130
14.5570
18.6619
20.2052
21.2399
20.5619
12.2191
-2.3435
-13.3669
-18.6309
-16.4392
-12.4880
-13.9815
-12.6666
2.7362
11.4049
1.1831
-0.6658
0.1968
-1.0245
-0.2341
0.7912
0.8731
2.2504
3.3887
2.9162
2.0123
2.3799
2.0419
1.4512
2.9250
2.8802
1.5974
-0.8044
-0.1357
0.5240
0.4224
0.7459
0.1962
-0.2174
1.8430
11.1482
19.8377
24.6670
24.8367
14.3324
-2.8721
-5.4883
-5.4544
-3.4736
3.4869
-0.7717
-4.8882
-3.1887
10.0220
18.5104
16.3098
7.2539
4.2884
3.0137
3.2857
8.8261
12.2180
9.1877
6.8242
3.9410
0.9221
-0.9860
1.0409
6.5984
6.4367
8.2627
6.3476
-0.0577
-12.2457
-13.7976
-13.3382
0.1137
15.1053
19.4345
22.2277
20.0437
24.2590
27.1559
25.1555
18.5640
16.4272
17.1426
5.7235
-2.8062
-10.8258
-10.4880
-13.8203
-12.7879
0.1374
4.0970
2.4201
-7.1007
-5.3948
3.6310
5.2948
-3.4014
-9.1032
-6.5842
-4.6349
-7.3521
-7.4388
-3.2406
1.2485
5.2987
2.2976
-6.5651
7.7472
7.9397
3.2186
-4.5229
-15.0962
-16.6689
-17.0913
-15.2243
-17.8912
-12.8444
-8.2424
-9.1551
2.1642
10.5415
8.3242
4.6501
7.6175
3.6928
-5.9296
-11.0968
-7.9889
-17.2112
-16.0191
-12.4508
-9.9641
-10.6770
-13.8636
-20.6662
-18.3286
-14.0956
-1.6744
7.5740
0.9334
-1.7278
4.1480
2.1888
1.2892
-3.1518
-10.2128
-8.4742
-4.3487
-6.3963
-10.8100
-4.2286
-0.3596
6.8972
0.7203
-6.5974
-9.3167
-10.2009
-8.4000
-5.4494
-8.7838
-10.2979
-9.4280
1.8911
8.6044
7.8353
3.8558
0.6366
1.8141
2.3486
3.6357
5.5760
7.8149
10.5890
9.5445
4.7697
2.5589
1.7364
1.5690
1.1537
1.7235
1.9286
2.0494
1.7552
2.4055
2.8354
1.0773
0.4514
-0.0798
-0.1540
0.8286
0.6635
0.9520
1.5953
-0.5185
-0.5312
-0.5489
0.4030
0.9767
0.1318
1.5002
2.2302
-14.6286
-26.0804
-20.2057
-8.5542
-4.1094
-5.6896
-5.0742
-10.1402
-14.7207
-13.4726
-6.0953
-0.4576
13.0329
11.6959
9.3370
5.2922
2.2793
1.7223
-2.4392
-9.4405
-13.1985
-13.6729
-16.6812
-5.3813
3.2308
7.4919
10.2469
13.9714
20.1083
24.5725
21.4409
16.0768
-2.2415
-4.8559
-12.1516
-11.3437
-5.5410
2.0784
2.1466
-6.4274
-14.9275
-14.3698
-12.5518
-8.1606
-6.6359
-4.3203
-5.0137
-14.2949
-5.6244
-2.2393
-1.5701
-2.7986
-6.7008
-6.0099
-3.8593
-0.7000
0.7567
3.8438
2.5493
8.2739
11.6398
10.4994
15.5936
10.6495
-4.5371
-8.8868
-10.0741
-15.0633
-11.3938
-10.9923
0.4742
13.6539
17.0411
15.0185
15.7328
18.8034
16.6611
14.6882
17.4185
14.4386
20.6954
27.2230
21.2762
17.5151
16.8352
10.1400
5.8146
-1.2981
-8.4940
2.1204
14.2831
14.7610
8.4081
13.6445
15.9082
6.8957
-0.7559
-5.7449
-9.4726
-10.7565
-9.8016
-13.1214
-17.7162
-20.2847
-13.5777
-11.3034
-9.1742
-6.7178
-3.5757
3.1568
5.4312
2.1156
-0.6548
-1.1597
-1.0960
-7.8780
-2.4490
5.1724
14.2780
12.7704
6.0420
1.9694
5.2082
2.1867
-5.1893
-4.9784
-2.8178
-2.3896
-1.3661
-1.0113
0.4175
1.4190
0.4814
-1.1984
-0.5614
-0.4189
0.1172
0.2394
-1.4575
-0.5878
0.3119
2.0275
2.4131
0.4276
1.4982
0.1768
-1.5133
1.0528
0.8916
1.0599
0.2713
4.8257
5.2694
-1.7705
0.1071
8.4614
11.0039
4.9150
0.4284
0.0471
0.0245
1.4793
5.7911
12.1121
13.0200
8.7496
9.4403
-1.9787
-4.8490
6.9895
11.3087
11.6550
16.0558
15.1921
6.9206
2.2021
-1.3649
-5.5957
-6.5432
-2.2458
1.1312
0.7265
3.1629
6.4307
5.3603
2.7418
1.4048
1.4620
1.1329
1.3111
2.9391
2.7127
-0.1152
0.7706
3.7869
3.4120
1.9347
0.9319
2.5123
1.2871
0.4113
-1.6399
-2.8282
-1.1155
1.2911
3.6370
9.8433
11.2740
9.0950
7.2516
5.8789
3.2107
2.2035
-0.9978
-3.0396
-1.7022
0.5898
-2.2391
-3.4427
-1.1516
0.1493
-1.3277
3.6254
-0.6668
-13.4872
-3.4133
-3.6859
-3.0327
-0.4117
-0.5553
2.7602
-2.5226
-2.0805
0.9457
3.2893
3.2399
10.7190
5.8097
3.0195
-2.1972
-3.9263
-8.5958
-9.1349
-1.6644
2.3191
4.7759
-4.0953
-4.3150
-1.9822
-0.5104
5.3423
5.6988
8.4979
4.5034
-2.0114
-1.7322
0.0839
-0.1523
-10.8892
-9.3445
-4.4135
-0.7850
1.3791
-2.3986
-3.1878
-6.2707
-5.1764
-6.1544
-4.7775
3.5840
13.7104
9.2532
3.9932
6.0853
-1.3066
-3.8392
1.6363
-5.8878
-1.9136
2.3600
3.1619
1.0158
4.8216
9.0752
7.5831
1.4252
1.6856
6.3804
7.6291
10.4224
12.9759
14.3481
7.6858
-0.2967
9.7014
7.1371
5.0439
0.8971
3.5163
5.0686
3.4559
-3.8175
-4.2970
-2.0598
-1.1410
-1.4259
-0.8274
-0.9112
13.7918
16.2230
2.6012
-0.1977
-3.0211
-8.6970
-3.3384
3.9980
10.6379
10.6341
2.8298
-1.3774
-4.0161
-10.2468
-12.0234
-8.6839
-6.4453
-6.2004
3.2280
7.6336
-0.1898
-0.5750
-2.0229
2.6561
2.2720
-0.1679
2.5941
3.5979
3.2190
-1.6168
-4.3456
-2.7407
-5.3462
-14.5870
-21.3582
-23.9782
-21.0561
-19.7490
0.3555
4.7142
13.3992
16.8335
10.1006
12.9893
11.9211
4.8022
-2.6459
-10.9993
-5.5971
-0.8181
3.8760
11.5971
10.3281
2.5895
-0.9319
-0.5177
-7.6576
-9.5715
2.7121
10.9499
9.7578
7.1312
11.7079
10.2691
6.7097
6.3895
7.2171
8.0531
5.3047
3.6760
0.6171
1.0570
5.4745
3.5586
2.7988
2.4274
1.5629
0.5441
-0.3027
0.0021
-0.9685
-2.2448
-3.1302
-3.0462
-0.0478
1.2835
1.5128
2.5496
2.5029
13.8726
-6.1142
-9.5386
-6.5987
-4.7572
-1.2141
3.7403
4.0306
-1.2969
-3.4159
0.2989
2.1897
-2.9312
-0.5402
0.1604
-4.3009
-13.0917
-19.2936
-14.3550
-13.8694
-13.1508
-9.6362
-9.6212
-9.5945
1.0811
2.7948
0.7293
-5.4939
-3.5104
1.6402
12.5089
19.6653
20.6420
14.0277
4.3414
4.9925
7.4115
4.8354
1.1715
5.8238
4.6395
4.9864
1.2075
-1.4230
-6.9599
-11.3243
-13.2554
-12.7690
-11.2849
-10.9487
-4.8354
-0.0470
7.5924
12.8334
11.0848
1.9682
-7.4849
-12.1579
-3.4319
3.7382
4.8049
3.9560
1.3295
3.2494
6.6172
4.0164
-1.0935
-5.6796
-6.9163
-1.2951
3.5063
8.7599
10.9923
9.9366
18.2314
13.8927
10.9773
5.5747
12.8682
20.4094
21.1381
24.1850
17.5976
10.5651
3.1063
-2.9314
-6.4993
-2.4330
-0.2589
10.3517
1.4376
-2.0827
3.1786
6.4130
8.9361
2.0524
-7.9778
-19.7806
-17.5523
-13.2502
-8.3803
-8.1838
-3.4243
-0.5379
8.2581
-5.0846
-4.3664
-1.2247
0.5329
-0.9519
-3.9673
-4.7626
-4.7991
2.2605
10.8347
11.8294
1.8005
-1.7703
-8.5679
-10.0035
-14.3743
-19.6672
-16.9953
-12.2417
-9.2996
-11.0432
-11.8919
-10.8638
-11.8015
-6.0074
5.6441
8.1776
8.6860
10.1138
11.4967
9.2628
15.9369
26.7732
25.4884
9.2232
10.9973
13.4881
16.7075
17.2595
18.0626
15.1465
12.3988
9.3890
7.7380
4.0962
11.6462
16.9099
23.8053
4.9636
-2.3381
1.7033
2.6540
-4.3124
-8.6684
-15.1567
-6.6100
-9.9619
-12.5512
-2.8170
9.0834
1.7938
-7.5941
-2.3342
0.9905
5.7979
6.5858
0.6711
-8.9079
-8.7783
5.8124
5.2791
4.2956
3.2262
-1.4628
-0.7259
8.0500
15.2279
13.4377
9.0737
2.1053
-5.2356
0.9674
5.6435
10.9627
12.2484
10.2367
14.5871
16.4505
16.3731
18.2796
14.9880
17.6541
15.7329
11.2921
10.3625
10.3933
11.2040
12.4029
18.4290
22.8062
23.9817
27.6718
30.3687
27.0058
16.4308
3.0737
-4.2357
-6.0507
-4.2919
-1.8228
-2.3583
-0.8723
-4.2206
-17.1556
-14.8780
-9.8291
-5.5207
-4.4404
-6.1114
4.7181
7.6998
2.0615
-7.8804
-18.2212
-19.8399
-23.7593
-20.8296
3.4492
9.9593
5.7184
0.4302
8.9210
9.8744
5.1468
-3.4365
1.9583
0.3516
-5.6829
-0.8520
6.0803
6.1457
4.9190
0.9145
-2.2596
8.9098
14.9182
11.6465
-1.7790
-10.8056
-15.7795
-14.0238
-4.3914
2.3178
1.8337
0.5919
0.7276
-8.1678
-4.9273
-9.5456
-9.3601
-10.2612
-18.1916
-17.7769
-15.4159
-15.1903
0.9213
16.0216
20.5092
14.8245
14.0487
16.4233
12.2092
-0.9027
7.4900
11.0710
9.8648
7.2891
-0.6361
-8.4523
-12.7677
-6.3088
-4.8677
-1.0414
5.0134
7.5498
2.1029
1.7461
-3.6911
-8.7347
-16.5432
-23.0716
-24.0973
-23.7829
-1.6309
-0.5779
-9.8964
-11.5289
-14.4304
-15.9735
-15.7679
-11.3101
-2.7623
-2.0495
-15.5200
-12.9326
-10.6199
-16.7566
-14.8134
-9.5645
4.3700
5.3990
3.2786
1.0626
2.1496
-1.5679
-10.5875
-14.9354
-13.8672
-13.2930
-19.4144
-23.0593
-22.3753
-19.8904
-18.5211
-18.7017
-10.7334
0.2075
5.9186
2.6659
7.4317
3.7315
-0.6823
-10.3929
-18.4875
-27.1412
-29.2907
-19.3159
-13.8188
-6.6235
2.4206
-1.4418
-2.5549
-1.7672
-4.4091
-13.1508
-5.7975
-4.9419
-10.5515
-15.8893
-24.3082
-23.9219
-22.7974
-18.5326
-21.5292
-9.7570
-12.4140
-10.8182
-10.5008
-14.0958
-14.9279
-15.1885
-20.7687
-15.3300
-11.0987
-12.4775
-11.5163
-6.4546
-21.1594
-32.0572
-27.1469
-16.9062
-7.1979
-2.7561
-0.8978
0.2011
0.6042
1.8691
4.9834
8.1196
11.2622
15.9651
17.2925
14.9324
15.0266
15.2982
12.3416
11.6487
10.4343
8.4183
10.9073
10.6466
9.3951
7.5998
5.3438
1.6597
0.1951
-0.4066
-1.6836
-9.2193
-2.0230
4.2019
14.2791
17.7772
14.0881
16.7391
18.0076
17.8989
14.5722
16.3612
18.5884
16.2321
11.2570
1.2084
1.7378
-4.0511
-6.6411
-7.7507
-9.2647
-5.5090
-2.5140
9.9152
16.8013
19.8123
11.2746
3.7005
-0.1025
-0.1858
2.3072
8.6077
9.3141
2.2122
1.7536
1.0806
-6.6961
-15.3528
-12.9981
1.0487
4.3777
8.5108
6.2446
5.3345
7.7806
8.4663
-1.1005
-4.6369
-6.2129
-1.8901
-3.0268
-6.1559
-4.3472
3.3664
9.0289
11.0511
3.5842
-0.4711
-3.0000
1.3234
6.6875
8.9033
4.6614
-4.1061
-5.2257
7.4378
10.4436
9.6584
3.5735
-4.8256
-11.3457
-7.8734
-8.2000
-7.8195
-6.2002
-6.5888
-8.1739
-13.1211
-12.2636
-11.4227
-4.2031
-0.4966
1.4235
-7.8945
-1.8962
-2.9963
1.3781
-4.2521
-9.6643
-14.1138
-11.2652
-21.6463
-28.6371
-30.0166
-26.8159
-23.9484
-14.3754
-16.2370
-16.5090
-14.5687
-7.5501
-4.1935
-7.1767
-12.9708
1.6073
-5.4467
-10.2922
-15.1066
-14.1495
-13.0387
-5.8530
-2.1215
-4.8093
-1.0660
-0.2392
-2.4569
-6.7954
-4.8133
-1.2607
2.9154
4.4919
11.0676
14.0904
6.8747
2.6738
6.6109
21.6612
19.2157
21.7225
22.2563
20.4360
16.5978
15.7269
8.0548
7.8268
7.8640
13.7159
16.5758
3.9648
-2.5714
1.9147
13.8539
22.3307
24.3237
16.3679
15.4983
17.6044
17.9833
18.9704
10.5278
-0.3569
5.7770
1.2492
-4.0444
-3.3852
-2.0157
0.5552
7.4823
6.8987
12.1612
11.6578
12.5884
13.2342
11.5170
8.3578
11.7206
11.1259
2.7752
-5.2192
-0.3403
6.0296
5.2839
-1.5195
-9.5996
-8.1339
-4.5538
-8.4197
-9.6850
-5.4796
-3.1353
-0.1797
1.5410
1.6092
0.6406
1.1654
1.2529
0.1827
0.2195
5.9016
12.1171
24.3411
29.4979
26.3494
15.9775
7.9106
2.0060
0.2239
0.2027
0.6895
-12.2738
-6.0369
-19.5096
-17.3013
-6.9907
1.0962
-0.5228
-1.4288
-2.1035
-6.4876
-15.2384
-10.4721
3.0120
6.6075
7.6037
8.1041
-1.7878
-9.7393
-9.6583
-12.1258
-8.1810
-8.8764
-8.8143
-16.1222
-9.1469
-9.5010
-7.0368
-6.2675
-3.8796
-1.2875
-2.9073
1.4928
11.6390
9.6912
-4.8552
-8.5333
-2.1552
2.1918
-0.0125
2.0161
4.1300
-2.2289
-6.2048
-7.7767
-6.3243
-3.7126
-2.1287
-2.7176
-1.4581
-0.7800
-11.4515
-17.6949
-6.2247
-1.9832
9.6776
-0.9270
-4.4350
-5.2362
-6.8779
-13.7538
-27.6254
-29.1753
-13.9623
-3.5722
5.4895
15.8880
12.2302
11.6389
11.1740
12.3306
10.8082
8.5300
7.6036
10.5349
13.5355
15.5743
19.9060
15.2200
5.6648
-1.9230
-0.1037
5.1231
13.2233
14.0036
10.0519
11.1027
13.7830
8.6870
1.2503
-3.9171
1.0681
11.3791
19.0728
16.0714
10.7334
8.6598
12.8980
12.3927
9.6130
4.3567
-1.6586
-4.6375
-0.7387
0.6354
0.2413
-4.1110
10.1694
13.6757
14.0530
10.0203
6.6103
-3.8862
-6.7549
-13.2286
-14.0448
-11.6029
-12.2369
-21.4964
-22.5840
-10.9090
-6.5563
-13.2721
-15.6708
-13.2433
-12.0080
-10.5498
-2.2003
2.2727
-0.0557
-3.3305
-0.7618
-10.0251
-10.8798
-8.4784
-10.4046
-13.6824
-13.5670
-12.0987
-14.7899
-3.7080
-5.5739
-5.0175
-5.1784
-2.0466
2.2497
0.7267
-3.3231
-8.0981
6.5610
11.9425
8.6711
-4.5657
-6.7121
-3.2062
-5.8699
-4.1477
0.4030
5.9717
10.5734
0.3753
-9.6514
-6.7513
-0.0847
5.8615
7.5316
18.7890
5.0582
-2.8529
-5.6962
-8.7391
-11.2254
-11.0211
-5.5497
-4.6597
-4.8113
-0.6277
-3.0546
-5.3678
-10.0629
-2.1537
5.4323
0.6852
-3.5970
-6.1237
-4.3152
-1.9908
-0.0145
1.3320
3.2219
3.0660
1.6190
2.3643
1.7223
0.0257
1.0586
1.4789
0.6844
0.4849
-0.1787
0.0975
1.2925
0.6547
0.1797
-1.0436
-2.5626
-1.5444
1.0339
1.2194
2.6327
2.3202
0.9788
0.9235
1.0540
1.8365
2.2655
3.9059
4.7360
4.5319
1.9418
0.3567
0.9516
2.5932
4.4411
2.7904
0.0681
2.1208
1.7041
0.7114
1.2430
3.8154
0.4232
-15.2458
-19.3636
-16.1825
-15.4183
-11.1324
-6.7084

Coefficient 14:
0.0000
-0.4241
2.3462
0.5745
1.8648
-3.3645
-3.6863
-0.6879
1.1812
-1.8827
-1.3355
0.1411
1.3626
-3.7208
-7.3769
-4.2938
-2.2013
-7.6481
-5.6581
-6.6126
-5.9596
-0.8485
8.0370
10.7210
12.6135
0.2483
1.4929
-1.8246
-8.6891
-9.2578
-6.4319
-1.6292
-2.9703
-0.1018
2.0831
6.7307
3.6602
-16.8012
-18.1107
-12.8797
-3.3515
2.8684
2.6122
-1.3986
-2.8270
-2.1449
1.3681
-2.8530
-3.5577
2.5303
4.8069
0.9305
-9.3815
-9.9482
-7.3560
-12.8528
-11.4692
-3.0936
-8.5348
-15.3471
-17.4229
-15.4421
-17.4652
-19.0621
-20.8715
-15.4818
-19.7839
-20.4849
-1.1694
1.1262
-1.6445
-3.1039
-5.5743
-6.7461
-3.3602
-4.5294
-8.9956
-15.0442
-13.4566
-18.7644
-16.5513
-8.9243
-10.5867
-12.2690
-3.0187
3.1303
1.1610
-0.5371
-3.8470
5.2515
3.2450
-0.2767
-0.7993
-7.6381
-13.0170
-13.0828
-7.0398
-2.0573
-1.3902
-4.9455
-5.8126
-7.1796
-5.2397
-2.6345
-6.1225
-3.0234
1.4564
1.5264
-6.4263
-5.0178
-3.2189
-3.3497
-5.4089
-4.4532
-3.5778
-3.1356
0.2911
1.2904
-5.6839
-19.3584
-9.9005
-11.7252
-15.8807
-20.3842
-14.6658
-18.4170
-12.3528
-4.6687
-12.0632
-3.6314
-18.1275
-20.6320
-15.5841
-6.4172
-6.3267
-7.1841
-10.5006
-11.6840
-4.7859
-8.4395
-12.4395
-13.9340
-11.5935
-4.7437
-19.6621
-38.5256
-38.6102
-29.8198
-25.3928
-22.3030
-22.8581
-17.9218
-22.8211
-15.4034
-12.6336
-6.4370
-21.0167
-28.0242
-29.5010
-27.9255
-18.7355
-7.2059
4.8389
2.0187
-2.3089
-4.9683
-4.9438
-8.3409
-15.3753
-15.8422
-6.7632
-1.2150
-17.7530
-17.6230
-21.6988
-26.9142
-26.4143
-21.9449
-15.9706
-13.8688
-8.8731
-14.6299
-15.3297
-3.9502
5.8705
3.3924
-6.5282
-12.5624
-11.7837
-15.0383
-15.2344
-11.4510
-9.6139
-12.3680
-12.5535
-14.3225
-0.4563
7.7744
12.6404
1.4998
-10.1246
-16.0556
-15.2737
-7.3714
6.5899
5.9100
3.9600
-1.1160
-3.3233
3.1259
6.4555
4.7029
-7.1636
-22.3235
-26.2211
-13.6767
-13.6896
-15.7948
-15.8260
-16.1818
-13.9083
-16.5188
-13.9613
-0.8398
3.8178
-0.7249
-8.0748
-11.6977
-11.6684
-11.1080
-14.7198
-13.7700
-7.1157
-5.9591
-9.4467
-10.3492
-9.6572
-7.6568
-3.0338
-9.0686
-11.6516
-9.1264
-12.5910
-17.8659
-20.2792
-18.2373
-20.8003
-19.4479
-14.1657
-12.8146
-7.8182
-13.7917
-21.6829
-25.3449
-18.6453
-10.0762
-1.6989
-1.5184
-10.9585
-10.0435
-9.2182
-6.3279
-3.4177
-4.7073
-9.2154
-16.3377
-20.1114
-17.4840
-16.6126
-13.3020
-5.6850
-3.9048
-9.7114
-12.6131
-4.8319
-1.5097
-3.4512
2.1821
-2.2529
-9.5934
-6.8984
-5.0426
1.7758
7.4215
4.7120
-0.1306
-2.7331
1.0878
-1.2766
-7.3504
-8.7139
-2.1524
0.8205
5.6093
8.1569
2.7536
-4.9286
-9.5569
-11.4875
-11.6180
-11.4396
-19.1175
-17.6026
-14.5062
-11.1592
-9.0390
-6.6212
-6.9671
-22.0425
-38.8983
-39.3084
-31.0653
-25.5216
-30.8524
-34.8604
-29.6610
-29.1582
-22.3119
-18.3478
-16.2580
-11.1372
-11.0096
-6.7263
0.5293
-8.2928
-12.2100
-7.0178
-6.4945
-14.4832
-15.0128
-7.1482
-10.3470
-18.3733
-19.5559
-20.8762
-20.6063
-25.0912
-22.0942
-20.5284
-11.6054
-4.4384
-5.5977
-5.2053
-12.1160
-16.7416
-17.3985
-13.9834
-19.4429
-20.1953
-16.1356
-12.2672
-14.8566
-6.7084
4.4231
-1.5401
-3.9266
-9.5123
-14.1615
-17.6937
-16.5000
-25.7630
-24.2500
-14.5404
-8.3174
-10.1769
-8.3980
-11.2411
-11.8191
-9.2420
-6.8012
-6.7709
-4.4271
-2.1860
0.5461
-7.1080
-4.8313
-6.4777
-7.7545
-4.7369
-6.8337
-6.2808
-6.0822
0.4393
5.5761
6.8971
0.3838
-9.5153
-14.0284
-13.1976
-28.6078
-37.0211
-35.5802
-33.5410
-28.6475
-27.7485
-22.3588
-23.3028
-23.3710
-19.4720
-12.6398
-7.7163
-5.7024
-2.2603
-8.4685
-5.6966
-6.3117
-9.5766
-9.1086
-10.3012
-12.5963
-15.7114
-17.1253
-12.2987
-1.5323
1.7256
-6.2170
-11.4508
-17.1345
-20.4890
-11.4416
-11.6319
-11.6505
-14.0837
-9.4552
-6.2503
-15.3721
-22.2133
-20.6186
-6.6541
-5.8870
-3.4047
1.6251
2.9236
-2.9606
-16.9903
-13.1073
-7.7747
-7.4948
-0.0155
7.5270
7.7802
3.3944
-1.9557
-7.2122
-5.0399
-5.6207
-2.4081
-2.9898
-5.7081
-10.3755
-8.1249
-3.4281
-1.9421
-1.4900
-1.8136
-0.9522
-0.1099
-0.3237
-0.9238
-1.0569
0.0727
0.4117
1.4191
1.0158
0.5879
2.2525
2.2499
0.6631
-1.6613
-1.1822
-0.5068
-0.3528
-0.0353
-0.7910
-1.2735
-1.5054
3.6034
7.6891
2.2769
-5.4947
-4.8547
-3.3850
-9.0178
-14.1702
-12.4361
-13.5570
-3.6722
7.7332
8.3052
-11.7742
-11.6809
-5.5574
-13.3512
-13.1914
-12.7623
-10.1152
-4.9732
-9.0048
-9.3915
-9.7668
-14.1602
-17.9060
-16.8688
-17.6946
-23.4062
-23.5253
-29.2338
-26.9493
-23.0171
-20.6024
-15.9204
-14.9073
-19.5942
-10.2108
-1.9480
0.0258
-8.6591
-15.3072
-22.8292
-18.1575
-8.2925
1.7975
-5.2752
-16.0787
-10.9036
-7.5474
-1.5818
-0.0703
-0.2688
-8.3353
-7.7524
-4.8857
-2.4611
1.4719
3.8885
1.5700
-1.9367
0.4768
-6.2873
-12.2278
-14.3337
-14.8029
-15.9022
-21.9782
-24.8713
-26.9197
-21.3519
-29.6602
-26.1511
-23.6923
-25.7676
-24.4211
-17.3708
-11.5016
-8.9479
-11.3890
7.9223
8.9596
4.5479
-13.2725
-22.7627
-18.9084
-18.8401
-21.9899
-19.7253
-10.2940
-16.0182
-17.2851
-25.9382
-25.0336
-17.0777
-14.3619
-4.3787
-1.7921
-4.0488
-4.4958
0.6070
7.1985
7.9311
1.0961
-6.0427
-7.2719
-7.0464
-12.7694
-23.3340
-19.3334
-17.2083
-16.1157
-12.3970
-12.9326
-21.1580
-32.2523
-38.9705
-37.6037
-21.5723
-24.1013
-23.3652
-22.8615
-21.8481
-18.1192
-16.4466
-13.3278
-4.8772
-4.1519
-3.7315
-5.8284
-1.5310
0.8064
1.3371
2.0457
1.9879
-0.4647
1.2503
2.1890
0.0029
0.5200
0.4912
-0.6418
-0.5484
0.7541
0.8465
0.6741
0.3132
0.8610
0.9255
-0.5249
-0.4964
-1.1497
-1.0540
0.0525
0.0894
0.0993
0.5810
-1.8571
-1.4952
-1.4675
-0.3977
0.2361
-0.6446
0.5282
1.4802
-13.3145
-27.5438
-28.9057
-21.2696
-20.4270
-16.1505
-16.3972
-19.3450
-23.6594
-18.2502
-10.6069
-2.6430
-14.5648
-11.9676
-6.0932
-8.3819
-11.1286
-15.6601
-15.7643
-17.8947
-11.2905
-5.0895
-10.9372
-16.2354
-11.0946
-11.4774
-13.2453
-15.9591
-9.1177
-3.3436
-4.9696
-8.9419
-6.8691
-4.1563
1.0488
-3.9935
-14.2171
-15.6581
-11.3632
-6.4482
-6.2043
0.1862
1.9936
3.4273
0.3465
-1.7154
-5.0950
-13.1636
-9.0914
1.0742
3.6245
2.3224
-9.3809
-10.9073
-13.6214
-12.5588
-8.2565
-12.5581
-7.9004
-3.9485
-3.3725
-7.9377
-5.8084
-6.5992
-11.9677
-6.7379
0.7349
4.1149
4.2120
12.2169
16.7598
8.9938
3.3891
-0.2227
2.3018
7.0999
9.8155
-0.9649
-2.7113
-5.7405
-1.1467
-5.0604
-19.7143
-22.8398
-19.7742
-9.9913
-6.1535
-2.7146
1.9971
-3.7414
-6.7506
-5.3912
-9.5712
4.5848
8.8992
4.2103
0.3677
-0.9015
-3.2179
-1.6532
-2.5172
-11.4597
-25.0630
-27.7164
-18.3574
-11.6028
-6.8917
2.0370
7.3545
-3.1640
-13.1044
-12.6214
-13.4957
-22.3991
-23.4170
-21.1081
-22.8216
-27.5363
-19.2523
-8.4833
1.8897
2.1891
9.9350
7.1737
4.0099
3.9883
2.7199
0.9557
-1.4772
-2.1388
-0.6412
0.7184
-0.1834
-2.2238
-1.6531
-1.4795
-0.9198
-0.8759
-2.8015
-1.7723
-0.7607
0.6709
1.3093
-0.3425
0.8419
-0.7526
-2.1487
0.3159
-0.1713
-0.1712
-0.6547
7.0020
10.9437
4.9465
1.4996
3.0645
6.5526
6.8259
2.3530
0.0844
-0.7258
0.5194
1.5372
5.3909
8.1666
5.1883
5.7910
-8.4517
-15.2173
-26.5137
-28.0513
-23.4189
-17.1611
-9.0834
-1.1446
0.8804
-5.1846
-11.5678
-12.0890
-8.0156
-4.7214
-2.8861
1.9905
5.3068
3.9987
1.3476
0.6344
0.5774
0.1607
0.4742
2.6388
1.9241
-1.1185
-0.2266
2.4235
1.7673
1.0143
0.9898
2.8630
0.6925
-0.9603
-2.7331
-3.4227
-1.3579
0.4654
3.0028
12.7971
15.9537
14.2247
11.9956
10.7160
6.4162
3.3637
-1.4718
-3.3034
-2.0264
0.3201
-2.4660
-3.7467
-1.7656
-0.3530
-1.8938
5.1845
8.1905
-25.9181
-32.5018
-39.1560
-41.2036
-37.0315
-36.9899
-32.4122
-25.4292
-13.5413
-12.9135
-10.7375
-8.7447
-9.8432
-16.5422
-13.7144
-4.7312
1.0283
1.2205
-2.1728
-5.7562
-7.8887
-7.8118
-13.9581
-16.1800
-13.9384
-11.3076
-2.9624
2.8671
2.8431
-4.9764
-3.6297
-2.8206
-5.8691
-10.1122
-11.4629
-7.8339
-7.6886
-5.3134
-2.6677
4.2056
3.3541
-2.9123
-5.1560
-6.8017
-10.5973
-6.4710
-3.7838
-12.1797
-13.5924
-12.1673
-5.5582
-2.8821
-5.3422
-0.5505
2.6388
4.2398
3.3101
-1.8855
-5.4379
-5.8149
-5.3595
-11.9226
-9.1595
-6.0173
-4.5879
1.7209
7.5697
1.4915
-0.3043
2.2598
1.9035
-2.7860
-8.3043
-12.6624
-7.6581
-1.9989
0.6599
-7.5429
-11.0627
-8.2955
-13.7680
-10.1483
-5.1879
3.7039
3.6813
-2.8056
-23.1467
-18.9930
-16.3448
-12.4222
-6.3567
-13.2603
-22.5106
-25.7190
-21.3761
-15.6309
-10.7530
-8.9514
-9.1015
-5.0496
-13.1508
-25.0440
-21.7229
-13.9875
2.6258
3.8706
-4.1548
-6.5111
-8.8899
-15.3971
-18.6755
-15.1576
-15.3710
-16.0111
-13.4323
-16.1051
-10.2857
-5.3011
-4.6684
-4.0134
-5.7734
-5.5894
-6.6331
-7.6735
-12.5364
-11.6235
-5.4510
2.5298
-0.9847
-10.2018
-0.2846
6.1006
3.4394
-11.3988
-18.9756
-12.7745
-4.2163
-3.0398
-8.1572
-5.8262
-6.7178
-4.9139
4.5198
-5.4412
-14.7118
-15.2459
-10.2085
-6.0799
-8.1238
-10.5235
-10.5228
-8.2898
-8.1033
-5.4530
-4.3465
-3.1825
-0.1486
-0.3333
-0.5716
0.2155
1.3386
0.1752
-1.2314
-0.7392
-2.1050
-2.8523
-4.0145
-4.2063
-0.9609
0.4444
0.4754
1.7059
2.0653
9.2503
-9.6184
-26.4680
-28.9602
-29.8519
-28.0074
-18.6359
-13.4798
-14.6287
-13.4195
-13.0896
-10.1618
1.9482
-2.5591
-10.8283
-15.3610
-15.6253
-16.8777
-20.0949
-23.3533
-24.4073
-33.1640
-36.5084
-30.3291
-22.6538
-20.6046
-14.3249
-6.0071
-2.1552
-8.1692
-11.2493
-11.2648
-16.2941
-19.8334
-23.1974
-14.4548
-7.6262
-7.8054
-11.6677
-7.4427
-11.8281
-14.7747
-16.4645
-18.2263
-14.4865
-12.9483
-12.6483
-8.8472
-9.9361
-11.2506
-6.5051
-13.4409
-18.6386
-24.6848
-21.5599
-20.3661
-18.4854
-16.0399
-20.2982
-16.4543
-10.8693
-3.7665
-3.4142
-2.8270
-3.5091
-0.3488
-2.4319
-5.8306
-6.2393
-12.8074
-13.9083
-12.1597
-13.5312
-17.1609
-13.7705
-20.7831
-24.5660
-20.8505
-11.5954
-1.9438
1.3321
-14.1128
-16.4705
-8.1222
-4.2603
-3.9201
-6.3040
-9.6650
-2.7597
-5.2931
-6.9727
-13.4935
-15.1662
-11.9197
-9.9133
-10.1402
-18.2572
-19.0049
-21.7366
-23.9238
-20.6840
-17.7330
-8.9586
-9.6331
-7.8897
-17.8807
-21.3317
-29.7995
-31.8782
-31.8568
-30.0982
-24.4519
-23.4306
-19.6981
-15.4645
-11.9854
-5.6256
2.7483
-4.9422
-15.7280
-23.3875
-13.8975
-9.8071
-6.1241
-0.7967
1.5577
-1.3581
2.7995
2.9625
-7.4534
-14.9612
-5.8418
-2.5406
-7.8481
-9.6116
-6.0224
-13.2172
3.3321
13.2723
0.0173
-17.0912
-23.3517
-21.4937
-15.1011
-15.4923
-24.9478
-30.9078
-27.5748
-23.6678
-12.8442
1.7078
0.3432
16.4610
6.4351
1.9879
-0.0898
-3.0088
0.6432
-8.4737
-18.5481
-20.7597
-32.9084
-36.2203
-20.6402
-4.6461
-19.8193
-30.6510
-26.5732
-23.6456
-20.9028
-19.9283
-13.0860
-13.4822
-23.2668
-32.6610
-14.2501
-13.5018
-24.1449
-33.2384
-34.6434
-22.1555
-14.1757
-14.4998
-10.8990
-7.9049
-6.1410
-14.0222
-21.2060
-18.6380
-19.6991
-17.8123
-9.0742
-4.8209
6.7046
12.2876
8.1816
0.6799
-1.7142
-1.4381
-2.5423
-2.7171
-2.1147
-2.2646
-4.2354
-9.1114
-11.3803
-11.1401
-10.1665
-6.5146
-9.4897
-11.7501
-11.6597
-8.5784
-7.1430
-5.1152
-5.2530
-2.8074
-5.7285
-22.2118
-6.9891
-8.8495
-12.6742
-10.0864
-21.3358
-20.7593
-12.2769
-14.2567
-13.0667
-4.3297
-9.3268
-15.7939
-1.6747
-5.4885
-5.7091
-4.1148
-4.5306
2.5490
9.2417
10.3269
-13.2035
-21.4589
-18.1336
-13.1979
-13.1507
-22.7880
-19.3762
-21.3687
-21.8811
-25.8384
-37.7146
-33.3231
-19.2425
-5.4730
-0.5790
-4.6414
-3.8012
1.3819
1.2412
-1.6390
5.3643
4.0824
2.1931
-10.0891
-16.3572
-19.8155
-19.6213
-16.4630
-16.8429
-18.6088
-17.8801
-10.7668
-5.6167
-10.3285
-17.7671
-20.6239
-15.0419
-4.7697
-8.9164
-10.5099
-8.9669
-7.3325
-6.5426
-5.7249
-3.8115
9.7233
16.0171
19.3048
14.6911
16.5396
15.4017
15.7689
9.4004
-1.7627
3.5078
4.7866
-4.7776
-16.3647
-14.7445
-5.3841
13.2780
22.3577
24.4470
14.2537
3.0471
4.3517
12.3883
6.9218
12.1360
3.8529
-2.5527
-5.3818
-3.0522
-2.2894
3.5923
10.1967
7.0722
7.3737
11.0759
16.1498
14.4659
-0.2099
-13.6454
-15.1644
-14.7462
-14.8157
-12.9650
-10.8544
-8.5854
-4.2871
1.5584
8.0968
9.9029
9.0481
3.6257
-4.2509
-6.0633
-8.1622
-13.5652
-8.1572
-1.7646
4.4779
6.6751
-3.4902
-6.3431
-6.5030
-7.5758
-15.1728
-20.0376
-18.0058
-18.7472
-16.0559
-16.7773
-18.1988
-17.1165
-18.9924
-21.3256
-21.5314
-20.4827
-6.9833
17.1714
1.3664
-1.4871
-8.9866
-12.3435
-14.3419
-21.6646
-32.1391
-25.4846
-13.3486
-13.7002
-10.6460
-1.8560
-0.9845
-0.5350
-3.2518
-2.6870
-3.9936
-5.3540
-1.6073
-0.6166
-0.4758
0.7444
-1.4035
-4.5896
-9.5641
-10.6337
-10.9229
-10.0336
-9.4157
-8.4964
-10.4490
-9.2244
-8.4479
-7.5517
-5.5869
-2.9331
-2.3683
-4.4764
-3.2961
-1.7478
-0.6200
-0.9881
-3.4242
-18.3967
-22.9715
-20.8746
-21.9051
-22.5741
-20.7052
-19.9416
-22.4723
-23.3452
-21.5145
-22.7616
-22.2694
-19.8395
-17.9787
-12.4847
-6.9270
-3.7914
-2.2434
-5.6392
-8.9200
-8.6006
-8.2048
-23.6652
-18.1149
-14.2676
-22.7668
-25.8512
-21.1417
-18.5025
-25.0555
-10.1710
-5.2422
-3.2756
3.8818
8.2616
3.5879
-1.4640
-10.2401
-20.2216
-15.0938
-9.6586
-6.3437
-0.9284
-0.2227
-5.8465
-5.7717
-2.8189
-6.2112
-8.2709
-8.6641
-5.6028
-1.4911
0.2404
-4.0921
-7.6850
-10.0318
-18.1248
-21.7817
-21.9661
-27.1595
-23.9143
-20.3381
-17.5924
-7.4796
-10.2064
-20.6746
-19.0036
-13.1263
-7.5877
-3.3262
1.3480
4.2267
-0.1843
-0.3631
-4.7090
-7.0006
-12.9202
-13.1916
-13.0639
3.4591
-1.1813
1.0420
2.2369
-0.2365
8.7101
11.1921
1.7656
1.1834
7.1719
5.4095
-1.6397
-0.0193
-7.5866
-8.7322
-8.9118
-8.7611
-20.1516
-23.5341
-22.2304
-10.2087
-10.3927
-15.2853
-13.3777
-10.6321
-4.4883
-3.1469
-3.4257
-3.1647
-6.9970
-22.0796
-19.6556
-11.1806
-9.8061
-17.3436
-23.7183
-28.0638
-30.7699
-23.2297
-18.8679
-27.2312
-29.5727
-28.5295
-21.6492
-17.0617
-10.7626
-9.7241
-5.1660
-6.7657
-5.4659
-1.1569
3.2308
4.4605
8.0938
9.3178
15.3827
14.0572
6.0732
-1.6707
-13.1598
-19.8664
-17.5515
-14.5536
-7.8804
0.1206
-5.2074
-7.4121
-8.7881
-5.2522
0.2670
-5.0547
-8.9122
-19.7380
-17.8677
-12.4113
-4.9036
-5.1475
-4.7290
-5.7794
-4.6274
-11.9929
-18.1218
-14.9788
-14.2876
-15.2732
-7.1422
-17.9868
-24.6366
-32.2004
-32.7209
-31.3601
-25.3863
-19.4777
-9.5844
-0.0767
-2.9897
-7.2353
-9.1182
-11.9753
-16.5795
-15.6368
-8.4395
-1.1663
-0.2361
-0.0251
0.7049
-0.5498
-1.0060
-4.6022
-9.0495
-7.9594
-2.1543
6.0138
10.1422
7.9312
1.7227
-0.3329
-0.5097
0.0365
-10.8785
-9.8536
-7.1860
-0.3074
4.6650
2.6503
2.4329
4.5527
3.1838
-3.2449
-11.7723
-15.7602
-19.4225
-16.7156
-13.3153
-4.2662
-6.7734
-12.1159
-15.5982
-16.8010
-15.1333
-17.8114
-12.1507
-9.8685
-24.1851
-19.6821
-19.9130
-23.6136
-17.4158
-7.5139
-3.7736
-8.3713
-15.1584
-22.5062
-18.1196
-11.6982
-0.6950
6.9683
7.5398
10.3992
8.2469
-0.5262
0.5078
2.8946
-1.3389
0.2662
-0.3887
-2.3274
-1.7735
-1.0401
-10.4763
-6.4969
-14.4630
-18.5526
-22.7077
-21.7101
-23.6374
-23.3273
-19.9720
-8.0502
-3.4479
0.8176
3.7529
-1.3327
-9.9415
-19.6428
-12.3157
-2.1602
6.2552
8.4877
2.5721
-3.8200
-13.3189
-21.2107
-14.1275
-9.0920
-12.6224
-11.9370
-7.8899
-11.4895
-11.2829
-13.2618
-8.7051
-8.1076
-6.1712
-4.1241
-6.0589
-8.2188
-15.4528
-16.6516
-12.9549
-16.8078
-13.1191
-12.6151
-16.2304
-10.6233
-5.4407
-0.3819
1.6310
2.6724
6.8869
6.8934
1.9241
0.1057
-0.7668
-5.7862
-10.6890
-15.3865
-11.6601
-5.5939
-12.8657
-40.5077
-45.3273
-37.3950
-26.4963
-17.4837
-11.7695
-9.2556
-10.7565
-16.2843
-13.8642
-22.6753
-16.1791
0.1088
1.3984
-12.9749
-17.2205
-18.2176
-16.1794
-21.7451
-11.7224
-2.7876
0.8943
2.5871
-1.5244
-5.1084
-2.4560
-5.3874
-16.4092
-13.4547
-19.8247
-24.2847
-22.4437
-19.5408
-16.3138
-13.3838
-9.7189
-11.1018
-20.6444
-14.1588
-15.6626
-18.0819
-25.7908
-30.4104
-23.6446
-24.6151
-22.0647
-15.9987
-13.0083
-19.0396
-25.0556
-26.4160
-23.1895
-22.8002
-21.3058
-7.7626
-17.0888
-18.0551
-19.1559
-22.0680
-25.1773
-17.4974
-14.2277
-19.3974
-15.4079
-13.4275
-17.9997
-22.7468
-29.2411
-22.8918
-12.3844
-4.3076
-5.5404
-6.7561
-5.1723
-2.6745
-0.5892
-0.7299
-0.7153
-1.5925
-0.8031
1.3103
0.7356
-0.8207
0.4006
0.9598
-0.0216
-0.3074
-0.9294
-0.5902
0.6734
-0.4559
-0.9374
-2.2566
-4.0297
-2.6893
0.5900
0.1423
1.5349
1.2490
0.0374
0.3020
0.5332
1.3403
1.5110
3.1927
3.7773
3.0992
0.5109
-1.2112
-0.4035
1.9435
3.5963
1.8379
-0.8435
1.1059
0.2752
0.6176
4.0849
5.7414
2.7901
-6.2427
-11.9065
-14.1863
-12.7523
-10.6215
-8.4739

Coefficient 15:
0.0000
-0.7932
1.6349
2.1381
0.4614
-6.0175
-5.6644
-0.4548
2.5657
-1.0555
-2.8440
-0.9731
2.0217
-1.5907
-11.3142
-8.8835
-0.6494
-1.2734
-2.4444
-7.7191
-9.6957
-5.6515
0.5835
2.5509
3.1991
-11.5276
-17.2171
-15.6682
-11.2443
-11.2114
-13.8006
-5.0404
-2.3523
-1.4450
-0.1155
-0.7246
-3.1777
-11.2696
-18.4159
-16.4299
-15.3979
-10.8829
-8.2280
-0.5861
-1.4991
-1.5767
2.2748
-1.1408
-1.3220
-0.2628
1.1757
1.0559
-0.7504
-2.3228
-6.1073
-6.7314
0.2936
1.0588
-3.5610
-9.4974
-9.8305
-2.7125
2.3430
6.5278
7.1115
-0.6887
-9.2665
-6.3201
-5.4983
-3.1277
-2.3374
-4.0963
-2.4721
-2.3366
-3.6420
-11.7550
-15.8734
-10.3366
-6.6743
-13.7489
-14.2472
-9.2239
-8.6427
-9.5986
-12.1171
-12.3118
-9.4614
-3.0417
-6.7498
-5.4782
-1.7955
-0.9838
-3.0740
-1.4065
2.1278
4.3336
0.0177
-0.6975
3.0225
8.2371
8.9896
2.7483
-1.2913
-2.1791
-7.6565
-14.4078
-8.4677
-1.8693
-2.1858
-5.8585
-0.8865
4.5192
2.1442
-3.2000
-9.1123
-6.3993
-9.9490
-19.9419
-23.5953
-27.0717
-24.5770
-20.2183
-13.7625
-1.6269
9.0398
5.7765
-0.4562
-3.9433
-8.3091
-16.5360
-10.5126
-5.5514
-2.3597
-1.3544
-2.3462
-1.1337
-7.9772
-26.4384
-25.1063
-23.1873
-18.2361
-15.4051
-18.7121
-19.5982
-21.3896
-26.7322
-22.3313
-17.3721
-5.7672
-0.3386
1.6993
3.3990
-7.1304
-5.7550
-3.0887
-5.7016
-19.7850
-24.0539
-20.9950
-19.4946
-20.7965
-25.7724
-19.6117
-22.7446
-23.5653
-22.6826
-15.9837
-10.6724
-7.5999
-6.8828
-4.8430
-10.4622
-17.5839
-14.9376
-7.0069
2.2267
-0.8000
-1.7784
-0.7568
-1.3508
0.1303
-9.8881
-14.2002
-13.5106
-6.8446
-6.4778
-12.4239
-18.2163
-16.2628
-13.0049
-5.5875
-3.5018
-7.7464
-10.3689
-4.7196
-2.4827
15.1267
17.8132
14.5545
10.7516
-3.9513
-9.6123
-9.0232
-5.4605
-17.8775
-22.8300
-16.4754
-11.0987
-5.7056
2.1364
5.7431
5.0653
6.9026
-9.2860
-16.5253
-12.8096
-15.4784
-15.3026
-24.8888
-27.5233
-29.2645
-27.3790
-24.4283
-22.7332
-19.3870
-25.2245
-30.5930
-31.9163
-35.0150
-40.1185
-37.3788
-28.4791
-15.8202
-18.5416
-19.6102
-17.5215
-15.0459
-5.3220
-0.4237
-10.3527
-8.9958
-8.8191
-4.1127
-19.4402
-20.9889
-17.2138
-5.8672
-4.6542
-8.8263
-5.3282
3.3482
8.5521
1.3399
-7.7488
-8.4717
-5.4121
-10.2467
-15.7766
-0.7728
2.2956
3.4016
2.4861
-5.3854
-22.7738
-22.0466
-22.0551
-12.1643
-17.2302
-13.2293
-5.3122
-7.2817
-14.5448
-6.3064
-0.7571
0.4778
-3.8957
-19.1584
-28.5133
-30.9556
-28.1787
-16.8120
-8.1003
-3.2436
-5.9121
-12.1131
-12.1704
-7.8807
-0.0975
-3.3182
-7.5521
-5.8278
-1.5420
-4.2698
-3.7817
-7.2850
-10.1896
-10.0700
-7.0161
-6.1149
-6.8751
-8.5899
-7.2423
-5.7002
-7.0009
-1.7827
2.8044
1.4173
-3.2617
-14.6395
-30.0927
-34.2201
-27.7141
-27.1868
-30.9325
-27.9298
-26.6714
-23.6253
-17.4958
-17.3695
-22.6991
-21.8386
-13.9253
-5.4314
-3.4522
-6.3043
-8.0998
-6.3899
-8.4878
-22.5307
-27.3361
-24.0404
-23.0574
-18.1519
-16.0657
-18.3809
-17.4574
-7.1516
-2.5676
-8.7538
-24.6104
-28.7360
-31.2974
-36.0000
-30.6741
-22.3464
-11.0221
-2.5609
-4.8582
-11.0281
-14.2159
-22.3614
-27.4708
-27.2441
-30.7794
-28.8427
-19.8048
-24.9351
-21.5563
-17.4405
-6.9209
-9.7956
-21.5202
-26.5615
-25.8601
-16.1190
-12.4928
-9.9987
-5.9335
-3.4853
-4.2349
-6.6732
-3.8892
-1.1555
-0.0095
-5.8520
-9.1552
-14.6749
-19.8119
-13.3618
-12.7799
-16.9679
-19.0360
-26.2091
-29.8617
-29.1507
-25.8212
-22.9990
-21.2848
-17.7521
-25.1308
-13.6302
-8.8410
-11.2278
-13.0511
-9.7400
-0.7682
-0.1410
-12.4203
-19.3768
-12.7428
-12.6022
-10.5278
-8.1584
-18.8918
-26.6171
-26.1380
-18.4921
-11.5752
-11.5884
-15.6623
-14.5004
-16.0921
-15.2318
-14.9024
-13.3555
-13.1053
-17.0614
-20.8559
-24.0765
-16.8486
-20.4963
-18.1317
-17.1694
-17.5965
-21.1177
-24.0917
-17.5732
-15.1956
-12.5011
-11.2273
-24.8086
-37.0508
-36.1541
-34.8550
-23.8815
-18.0755
-18.8154
-16.0295
-15.6417
-16.1852
-13.5986
-13.2575
-13.4642
-13.7432
-12.9767
-11.0181
-9.8688
-12.7822
-15.2769
-14.3802
-10.0495
-2.8520
-3.7832
-3.6993
-2.4354
-1.6121
-0.9486
-2.6431
-3.7540
-3.4557
0.0458
1.1597
1.0561
0.0765
-0.1841
1.6572
1.6698
-0.2274
-2.3784
-2.0653
-1.4181
-1.0441
-0.7493
-1.6800
-2.2320
-0.7107
-1.4783
0.6233
-6.2819
-24.1762
-26.8725
-25.4790
-19.9090
-18.3599
-16.4821
-15.2454
-13.4904
-17.3626
-21.5179
-21.9744
-22.9943
-22.1991
-22.1298
-11.0198
-12.6476
-16.0888
-2.0927
-1.4856
-2.5672
-5.9813
-9.6024
-6.3671
-0.5532
5.3442
-1.1442
-2.7335
-3.2670
0.0314
4.7482
10.2386
15.4237
19.6585
14.1527
-3.7176
-9.3472
-8.9193
-7.9510
-7.7556
-0.2219
2.4045
2.4604
-1.3202
-0.9138
-10.8017
-16.8363
-24.0075
-24.3813
-17.0106
-20.4062
-22.7343
-16.5145
-12.3247
-4.7959
-10.7533
-18.5339
-15.5216
-10.5479
-4.1392
-2.1544
-7.1871
-9.4172
-10.1382
-7.4958
-10.7923
-18.5586
-20.7013
-15.0546
-12.6976
-15.2711
-15.8870
-15.5394
-11.7258
-10.8346
-12.7256
-12.6964
-11.7126
-12.8098
-17.7564
-17.2444
-11.1872
-8.7752
-3.2686
-2.0480
-3.8594
-0.2306
4.8805
0.3821
-6.2132
-17.8427
-24.3328
-25.5621
-22.5018
-15.8687
-8.5297
-4.6950
-4.8037
-0.4467
-0.5248
-3.7669
-8.3827
-6.7528
1.3946
1.7382
-14.3822
-35.5342
-41.7034
-40.2562
-35.8223
-32.3397
-30.4978
-28.3133
-28.2177
-23.8324
-21.2011
-18.1373
-12.5886
-10.0681
-11.0794
-8.0789
-6.8206
-6.9552
-4.4153
7.5504
9.6350
3.1386
-0.2832
-1.8934
-0.1367
0.3765
0.9796
0.3229
-5.1194
-4.9873
-3.7181
-4.0185
-1.1977
-0.6670
-2.5304
-1.8863
-0.0816
-0.1602
-0.6070
-1.0123
-0.6051
-1.0236
-1.9775
-1.3247
-2.0801
-1.8521
-0.8482
-0.5966
-0.7711
-0.5743
-3.0604
-2.3205
-2.2543
-1.1131
-0.4923
-0.9073
-0.3916
0.7680
-6.9308
-8.6157
-2.1668
0.2940
5.0419
6.5057
1.5283
-2.6306
-9.8456
-15.9953
-24.3197
-29.3416
-26.7216
-24.1230
-8.2496
-6.8877
-13.2379
-18.1500
-12.5303
-18.2463
-20.2776
-17.3378
-14.9052
-13.2503
-10.6731
-7.0161
0.6470
-0.0005
2.2542
4.6439
-3.9811
-15.9773
-12.9133
-12.3023
-8.8896
-11.1087
-9.0355
-6.8557
-5.0523
-7.0059
-20.3870
-17.1915
-10.8483
-9.6084
-12.9393
-17.3124
-17.8584
-9.9919
1.6094
4.8558
7.0487
11.7815
0.8861
-8.4137
-5.7186
-7.2563
-5.8570
0.6786
-3.0402
-8.9689
-9.6415
-10.7603
-8.4498
-5.5708
-16.5111
-18.8385
-19.7850
-16.7060
-16.6723
-17.1344
-19.7904
-15.4452
-12.1914
1.3408
-0.9648
-4.9390
-1.8554
-4.8580
-18.8130
-23.5984
-18.4676
-18.4599
-18.1049
-17.9551
-21.3415
-19.1019
-16.0512
-13.1082
-7.7584
-17.1157
-20.8151
-20.4227
-10.5994
-13.6319
-12.2705
-13.7051
-14.0788
-10.8502
-8.6554
-9.5429
-13.1127
-10.5216
-1.2552
-5.9856
-9.3414
-19.5354
-27.3602
-24.9796
-24.4138
-17.8650
-15.2811
-9.6437
-10.5937
-7.7949
-4.6171
-4.8330
-5.5488
-5.0180
-5.3751
-8.8491
-11.6814
-15.4895
-11.2015
-4.5272
-1.9704
5.3247
5.8085
1.5920
-2.3207
-3.0254
-1.6167
-0.0833
-0.7920
-3.0944
-2.6423
-2.4390
-1.8591
-1.8858
-3.9951
-2.8272
-1.7433
-0.5719
0.3072
-1.1329
0.1313
-1.5538
-2.6403
-0.3742
-1.1737
-1.3057
-1.4921
7.7032
19.4487
17.5449
10.6430
5.3119
6.3108
7.9361
3.7113
-0.0096
-1.4139
-0.3850
-2.8268
-2.2913
0.2319
3.2386
3.5621
-12.4534
-21.4729
-12.7051
-8.7708
-11.9046
-14.5574
-18.5691
-14.7000
-10.2287
-9.4084
-11.4721
-10.9522
-9.8140
-8.5463
-5.3031
0.9010
4.2666
2.8054
0.1538
0.0616
-0.1626
-0.7117
-0.3038
2.1767
1.0747
-1.9082
-0.9898
1.1151
0.2718
0.1802
0.9349
3.0040
0.0769
-2.1657
-3.5133
-3.6842
-1.4297
-0.2225
2.0430
13.2052
16.9712
16.4900
14.6570
12.8649
8.2792
4.0706
-1.8306
-3.2981
-2.0539
0.4002
-1.2996
-3.0759
-2.3520
-1.1992
-2.5332
5.0484
18.0073
-11.3841
-1.7173
6.2053
7.2839
9.9392
8.7240
2.2834
-1.6347
-2.1377
-5.0400
-3.9361
2.0112
3.7844
1.1978
-8.8332
-13.1697
-20.2367
-27.8947
-31.0431
-36.0503
-25.9574
-16.4233
-15.2122
-8.4490
-5.6598
-3.9685
-1.0380
-0.1023
-0.5295
-6.4613
-5.9861
-8.4517
-9.0567
-8.9366
-10.2887
-11.9140
-9.4262
-7.5218
-9.4301
-15.8324
-17.1295
-16.0917
-19.1998
-20.9359
-19.6430
-9.1540
-5.8935
-12.6979
-17.1705
-17.4733
-9.2851
-7.7562
-8.2705
-19.2625
-28.1687
-33.6467
-39.0234
-35.1524
-24.9676
-22.1523
-22.0729
-15.0025
-17.6553
-21.4461
-21.8417
-24.6986
-26.3387
-21.7666
-14.0279
-10.9089
-28.4514
-35.0389
-29.3942
-21.2943
-20.8369
-15.0704
-7.4210
-6.1806
-7.3309
-4.3665
-6.5797
-7.9426
-9.4089
-11.4594
-2.6796
-1.4815
-21.2352
-21.3595
-17.4726
-14.3192
-13.6676
-13.2862
-12.7007
-9.9018
-10.8249
-13.8115
-16.5076
-15.2536
-17.8623
-14.1786
-10.7557
-12.4935
-11.5240
-9.4585
-5.3108
-2.5991
-4.0847
-8.7360
-8.7695
-12.0328
-17.1251
-20.2936
-9.6713
-3.9804
-1.0819
-3.2638
-7.6936
-10.7131
-9.9077
-8.8779
-0.8880
0.4988
-20.7249
-29.2612
-22.1245
-15.2907
-7.7614
-2.0298
-6.7696
-11.6976
-7.9264
-5.6442
0.9536
-1.9981
-0.9989
1.5397
0.0650
-3.1179
-10.9753
-11.9074
-3.9364
-2.4495
2.6612
-1.8539
-0.9109
5.6361
7.1333
5.6429
5.1134
5.1013
4.9155
3.2197
0.7206
-2.0428
-2.1817
-7.1975
-7.3963
-2.9585
-3.0837
-1.8195
-0.6339
-2.0589
-1.9864
0.7434
0.9101
0.5212
-3.9112
-4.9959
-1.7156
-0.2590
-0.4429
0.9214
1.5737
2.4840
-6.5970
-19.2272
-12.7157
-10.8595
-10.1809
-15.6121
-20.1302
-24.9859
-21.8179
-23.8886
-31.9960
-28.7525
-13.5474
-7.3284
-5.3579
-3.9962
-0.5239
-6.2739
-11.9633
-13.8276
-9.0365
-7.7103
-6.6208
-11.8280
-18.2462
-24.2702
-18.9511
-12.4310
-22.9673
-30.4545
-26.9421
-24.1168
-26.6862
-28.5059
-26.5689
-17.2939
-8.4350
-2.9361
-6.6202
-15.3578
-18.7548
-12.7212
-11.9056
-4.6864
-3.1132
-3.1080
1.3224
-1.6231
-11.6943
-10.1709
-6.6753
-2.0338
-1.8912
-6.8999
-13.0644
-17.4403
-13.6797
-14.7300
-12.4279
-12.6104
-14.8181
-16.6295
-15.3167
-13.5703
-9.4121
-6.0265
4.7024
2.1558
-10.0333
-13.7939
-13.6864
-15.7975
-13.3007
-15.4519
-20.3889
-18.6574
-13.8371
-10.1648
-4.7959
-1.4903
-9.1956
-9.4273
-5.5589
4.9832
10.2537
1.8474
-4.4298
-1.7377
0.4347
-0.1833
-2.0350
3.1883
10.0643
2.9339
-0.7487
-6.3167
-5.7456
-6.6672
-6.4365
-3.2947
-5.7027
-5.8556
-8.6434
-14.2850
-18.3565
-22.7112
-26.7462
-26.8774
-17.9378
-19.2594
-21.0411
-19.5811
-20.0211
-18.5036
-19.0876
-8.5028
-3.9467
-10.8407
-12.1177
-18.3186
-18.8325
-22.1118
-24.3852
-30.1941
-22.8261
-19.3583
-18.1523
-18.5937
-11.5758
-10.4357
-5.9575
-6.2506
-17.6261
-20.4206
-17.9121
5.3522
11.3991
14.2517
-0.7497
-4.4406
-1.2118
5.6841
6.0561
1.6400
-6.5734
-7.7583
-1.9021
-2.8137
-1.3966
3.9091
7.4333
7.0250
-3.6842
-11.7349
-19.8779
-25.4893
-23.2204
-10.0311
2.8624
-6.2893
-16.4967
-11.4533
-3.2995
0.5393
-17.3491
-24.9970
-26.1222
-21.4599
-16.6050
-14.4128
-11.8349
-12.9004
-14.5548
-0.9495
-10.4955
-14.4734
-11.5178
-8.1039
-11.3172
-14.3600
-15.0337
-6.6816
-3.1107
-4.5190
-7.7178
-2.2390
1.4961
-3.1646
-0.7338
2.5244
3.6116
6.6862
0.6999
-6.8024
-13.7157
-17.5646
-18.2987
-11.5388
-12.4071
-12.8803
-13.7565
-13.9265
-16.9221
-24.2170
-27.6950
-28.3671
-27.4378
-24.4021
-23.4448
-18.1748
-12.4217
-9.7197
-9.5086
-8.0126
-7.7413
-4.4949
-8.4025
-20.3376
-17.2773
-6.0958
-4.3680
-3.8843
-3.1445
-13.6098
-8.9808
-9.6767
-14.2799
-9.2207
-8.4235
-11.9258
-11.5163
-12.4753
-12.3332
-6.9370
-3.6213
-6.0080
-8.6311
-7.3623
-23.4021
-43.9321
-41.3178
-38.1128
-45.8845
-33.8854
-23.3091
-23.8032
-25.3615
-26.2691
-21.9339
-22.6247
-17.9996
-8.8843
5.0225
13.1496
13.9804
-1.6633
-4.6740
-4.2017
-6.6937
-8.8892
-17.1905
-17.8286
-18.3962
-20.3575
-14.1824
-3.1447
-1.8071
-6.3379
-7.8309
-12.4525
-34.1506
-33.7013
-33.3008
-32.8451
-33.4080
-31.0928
-17.7942
-28.1947
-31.8183
-28.4814
-19.9974
-13.5477
-8.1170
0.9549
-1.2896
-10.2127
-9.9896
-6.5485
-8.8820
2.8952
-5.5380
-6.2728
-9.2152
-16.5701
-12.3504
-5.8630
-1.8149
-11.2012
-9.9692
-1.2105
-0.6753
-5.8596
-11.0221
-12.7855
-11.7587
-5.3325
-6.5092
-16.3304
-22.8779
-23.0137
-19.0249
-23.6150
-17.7101
-18.4765
-25.7410
-22.2878
-18.7372
-13.2974
-6.8287
-8.1928
-6.7659
-6.5364
-10.3178
-11.9815
-2.9080
3.6706
4.3444
-15.6421
-19.9140
-18.8568
-14.8666
-11.7488
-12.1918
-8.4933
-17.6498
-19.4100
-13.5344
-16.0667
-19.8332
-19.9192
-3.5783
-3.3291
-6.9314
-7.1867
-14.7411
-14.7924
-8.5994
-3.2828
-11.2121
-10.8307
-6.5245
-2.8609
-2.7141
0.0252
4.5219
4.8085
1.3817
-0.6381
7.2487
-4.6260
-3.5965
2.7678
9.4924
12.3502
13.9558
7.3523
3.4988
4.6583
1.5543
-2.6930
-4.5259
-3.2444
0.6062
1.3884
2.6347
-2.3960
-4.0275
-2.6192
-1.4471
-1.4642
-0.2166
-1.0228
-3.9597
-4.2188
-0.9669
-0.0518
-2.0799
-5.5486
-5.1633
0.6102
3.2521
2.9008
3.4668
0.7531
-1.7574
0.2436
0.5344
1.4690
-0.0440
-1.3391
-1.4688
-4.5694
-14.2509
-22.6552
-25.3349
-23.5156
-21.5005
-16.3225
-16.9898
-21.1156
-26.3940
-25.4908
-25.3610
-23.6450
-27.6232
-32.7545
-22.6478
-18.5686
-15.5779
-15.3016
-16.6995
-20.0513
-26.2866
-25.5701
-31.0981
-26.8106
-20.2674
-22.5061
-30.6330
-36.6405
-41.4122
-31.7120
-19.7249
-9.9983
-4.8338
-6.9549
-10.1518
-8.9231
1.5019
8.0925
-10.4268
-20.3539
-14.8292
-7.4391
-5.0718
-13.6265
-27.9986
-27.2998
-22.6293
-20.5063
-18.7591
-15.0358
-14.5790
-16.7163
-18.8475
-20.9906
-22.0594
-15.6720
-7.1627
2.6914
6.6180
-5.9276
-17.6159
-20.5930
-13.4542
-6.3525
-3.8394
-10.2729
-20.6776
-26.7997
-27.7012
-24.4875
-16.7139
-8.3008
-6.2392
-5.5128
-8.1097
-9.7129
-13.0401
-13.7214
-15.8240
-12.5638
-5.4388
-2.3286
3.8623
2.0352
2.1028
3.4700
-7.8741
-15.5721
-16.3162
-14.5361
-11.4210
-13.6031
-9.7956
-4.9778
-1.0768
-8.3109
-12.7424
-11.5882
-7.0004
-11.3571
-11.8050
-9.2113
3.5477
-3.6678
-14.0450
-21.5888
-25.5463
-25.7247
-15.2732
-4.1265
-15.4394
-17.1822
-20.4139
-24.9622
-25.8794
-32.0063
-30.8682
-10.0868
-1.0895
-8.1713
-11.1817
-14.7766
-19.7028
-22.2119
-16.9693
-17.1491
-17.4780
-11.6986
-9.1997
-5.8892
-2.2128
-1.2639
1.4657
-8.3780
-24.8631
-32.0364
-27.1892
-15.7077
-4.9021
3.9582
-2.7880
-18.2960
-28.3235
-27.9767
-28.4601
-27.3709
-22.1482
-13.6090
-5.3364
1.6851
-9.7989
-24.4538
-32.0035
-32.6556
-28.2460
-23.8767
-27.6095
-37.7191
-36.9763
-33.3703
-30.3363
-25.6296
-21.4895
-19.3123
-14.4559
-22.3809
-17.2071
-13.0967
-7.5469
-5.1671
-8.9794
-14.6580
-14.4513
-8.1697
-7.7468
-4.4782
-2.9481
-12.8044
-17.8013
-21.1646
-17.9019
-6.4290
-1.0172
-1.0125
0.1378
-1.8538
-3.7557
-7.7869
-13.5781
-21.0123
-24.9903
-24.3787
-17.6226
-7.0177
1.0412
-0.8221
-1.1452
-0.5163
-6.5710
-11.0262
3.3870
13.6784
6.6225
0.9017
4.7976
11.1399
5.9246
-3.4957
-9.4883
-7.8545
-5.3628
-3.8604
-2.7545
-9.8291
-21.3475
-28.1418
-25.6653
-19.9595
-14.7298
-15.8418
-12.3703
-10.8099
-7.5989
-7.0182
-10.6696
-21.5150
-32.8297
-38.9490
-29.4927
-18.9179
-20.9709
-20.4392
-12.4803
-8.1629
-7.9108
-11.9271
-17.9979
-23.5785
-24.4190
-20.9898
-15.1131
-7.1732
0.8166
3.9043
1.4407
-1.7168
-1.9555
-1.1299
-8.9501
-4.5852
-0.7715
-1.1222
-4.5187
-1.0361
-8.5856
-15.4929
-9.1386
0.5735
5.8468
1.8153
-3.3013
-5.3403
-6.4548
-6.5159
-16.2680
-19.7097
-19.5454
-18.3838
-24.5221
-26.9482
-26.7937
-30.5903
-32.8575
-30.4468
-23.0771
-15.6911
-15.3526
-14.3602
-15.5298
-18.8478
-25.0887
-21.9012
-16.3447
-5.4561
3.9641
2.6949
3.4830
-6.7064
-13.5626
-9.5691
-1.6875
-5.8439
-16.3187
-20.1722
-20.0042
-17.6012
-20.7117
-5.2612
4.8277
-0.9895
0.2422
-0.4356
-1.6450
2.0527
4.4951
-18.9700
-28.1208
-30.4797
-28.9975
-26.0278
-21.7565
-18.7268
-20.6841
-11.8568
-1.9065
1.9325
-3.8449
-1.5089
5.8548
-3.3569
-15.6356
-24.8110
-20.7755
-12.5941
-14.8899
-18.2167
-23.0351
-18.9436
-15.0471
-8.8706
-9.1215
-12.9799
-9.4821
-2.9250
-0.2018
-3.7879
-7.0932
-4.7854
-7.6593
-8.7124
-6.9437
-9.5679
-15.4827
-18.2672
-14.0973
-13.8645
5.8135
-1.4037
-11.6251
-16.5841
-14.7244
-5.8059
-3.7087
-0.6666
-2.4541
-2.0425
-5.5340
-8.2377
-5.6529
-0.8589
1.3497
-0.5365
-10.3412
-30.6819
-29.8098
-20.2028
-11.4083
-9.5455
-14.5802
-22.6405
-24.6886
-25.9700
-16.0441
-10.2227
-5.2350
-7.7126
-15.8960
-19.4559
-18.4510
-8.7446
-7.5745
-7.4095
-5.6389
-3.1577
-1.1124
-2.7427
-3.3213
-3.1714
-1.1760
0.3432
-0.1779
-1.5852
-0.2055
0.4573
-0.7000
-1.0375
-1.5842
-1.1997
0.0281
-1.4616
-1.8708
-3.2278
-5.1949
-3.6516
0.1779
-0.8148
0.5157
0.2419
-0.8265
-0.2836
0.0156
0.8135
0.7910
2.4789
2.7374
1.6931
-0.7872
-2.5847
-1.5709
1.2877
2.6740
0.9451
-1.6690
0.1594
-0.6539
-1.7043
-0.2747
1.0924
-0.8962
-4.9769
-8.9350
-16.5230
-19.4329
-15.5419
-8.6472

Coefficient 16:
0.0000
-2.4406
-2.1650
-0.4896
-2.3132
-8.9483
-7.0288
-0.5513
3.7600
0.1258
-4.0548
-2.0313
2.4790
1.1329
-6.6280
-9.4780
-4.0190
7.3833
10.8971
4.0526
0.7723
-0.0452
1.0219
4.7276
-0.5048
-8.3351
-17.9681
-19.6158
-17.0100
-13.5361
-8.8398
-3.5723
-1.6089
-2.4703
-1.9961
2.9604
0.4299
-3.3618
-14.7091
-19.9624
-22.6948
-15.9052
-4.6714
0.4853
-0.4251
-1.1002
3.2880
2.5989
-3.5966
-1.7304
-1.0266
-3.8959
-0.4249
-2.3332
-2.5971
-0.5964
5.3872
4.5963
1.1153
-4.1382
-1.6127
4.8045
7.7446
16.0458
20.7591
13.3286
3.9299
0.2522
1.1208
2.7301
3.4954
0.9823
-4.2345
-2.3042
-0.7800
5.6051
14.8532
17.5564
4.0917
-14.2887
-12.6970
-8.8819
-3.2589
-5.8349
-5.6570
-5.2359
-5.2456
-4.1826
2.0410
11.5641
8.4516
-1.0290
-9.7413
-10.6543
-4.9679
-0.1069
-0.2429
2.6034
10.2156
21.8367
21.2916
13.6947
8.6190
5.1996
-1.0163
-1.1876
5.6044
4.4214
0.5425
-1.3680
-4.4779
-7.9821
-7.9738
-8.3951
-9.9351
-5.5704
-9.6284
-18.2773
-14.4088
9.1391
11.7718
13.6978
19.5278
14.9382
12.1179
9.5634
5.9033
-1.6360
-1.2673
-8.0363
0.4431
5.9226
9.0169
-0.9741
-7.0539
-0.7378
-4.2723
-10.2264
-10.1601
-5.6130
4.4445
7.0940
3.8994
0.4062
-3.5580
1.3759
5.6544
6.2320
-4.4933
-3.9515
4.7151
12.7633
2.8119
-2.9126
-0.0516
-4.3242
-0.8507
-1.3705
-2.8616
-3.6622
-6.1431
-5.6343
0.6440
-2.3343
-9.1226
-10.7225
-5.1916
0.3795
4.2297
6.4942
7.8216
0.8647
-5.9189
-13.9269
-16.5003
-17.5922
-15.0215
-12.1851
-12.0965
-7.2119
1.2307
1.8524
0.5260
-3.1739
-8.0467
1.4815
-3.6485
0.2311
2.8890
3.7381
13.5315
14.1569
4.7233
4.6170
5.5249
-2.1306
10.2535
11.4897
9.5255
-1.4089
-15.2712
-16.9246
-14.4565
-7.5331
-21.7196
-12.7259
-1.8133
4.7926
4.8745
8.0155
3.0402
3.4621
4.3663
2.6374
1.5168
0.7655
0.6878
-0.6646
-7.5003
-9.4952
-10.2108
-10.8425
-4.8540
-3.2799
-2.6308
-2.7258
-5.5952
-0.3446
-8.6219
-7.2379
-3.5233
-2.4781
-0.1811
-6.7850
-6.2375
-7.6522
-6.5150
-4.3472
-0.7873
-6.5522
-8.2058
-7.4728
-5.0957
-6.4985
-13.1487
-15.4318
-5.9830
-2.7081
-3.5168
6.3606
5.2375
-0.0651
8.1158
15.1383
14.7511
12.7849
-3.3217
-9.5380
-5.8804
-6.0344
-8.3113
-4.2312
10.1789
-3.3867
-7.1539
-5.5228
1.8602
-0.0450
-3.0647
-3.2773
-17.0402
-24.3303
-15.5451
-8.4620
-4.7250
4.2215
1.5677
-7.6489
-8.2056
-2.9689
-5.4349
-15.5077
-19.5072
-23.4779
-20.9403
-21.6760
-18.1345
-11.5384
-5.0178
-1.2336
1.1292
2.2214
-1.8077
4.8569
8.6267
10.8725
7.4032
5.3098
-3.5783
-6.2936
-8.3490
-4.6961
-0.5525
-2.2010
2.2312
8.8547
4.0470
-3.0643
-1.2214
5.6011
4.6351
1.3769
7.1718
6.1975
-0.5408
-8.1619
-5.4977
-9.4099
-10.9805
-13.4086
-15.7268
-10.6305
-5.0195
-5.8107
-5.3503
-8.1312
-5.2153
0.4121
1.8820
-0.2123
0.2927
-1.9258
-4.6201
-5.4227
-5.8624
-8.4003
-11.7009
-6.2773
0.0843
0.4267
-1.9295
2.9878
8.2574
11.9094
9.9000
5.3420
7.7690
16.4965
2.8655
1.1168
3.2670
-7.8008
-15.0962
-15.8980
-7.7507
9.2022
-1.1565
-10.0700
-15.4718
-12.7591
-9.8360
-6.8338
-6.1237
-12.7440
-12.4370
-11.7319
-8.4315
-6.1402
-4.0700
-5.8931
-1.6490
1.4670
-0.2454
-0.5149
2.7583
-4.5748
-9.5322
-7.6778
-0.0401
2.2002
1.7565
2.2257
-10.9761
-13.0542
-13.2371
-15.1540
-16.1036
-16.5056
-11.7367
4.0076
-5.5962
-10.8825
-7.6115
-12.0504
-10.7460
-5.6443
-2.9787
-4.6348
-1.2656
0.2820
1.3606
3.0387
8.1865
-0.7199
-2.4766
0.8279
0.6741
1.5064
1.3630
3.6030
6.0975
2.8869
-0.8361
-5.3568
-6.6399
-10.8373
-16.0826
-16.6814
-11.3869
-10.6456
-24.3125
-22.1167
3.8553
7.9544
2.4780
-5.4996
-8.5984
0.6335
5.3977
8.9310
4.9898
2.1180
2.9726
2.0940
4.4522
3.5770
5.1232
-4.8006
-9.5348
-14.9546
-15.1541
-14.4342
-10.2001
-14.1770
-11.1942
-5.8475
-10.6064
-14.0439
-6.5014
-3.1042
4.0462
1.4660
-5.8537
-6.0829
-2.9153
-2.2258
-1.7385
-1.3295
0.8654
2.0477
1.9117
0.8780
0.3453
-0.7709
-0.8560
1.1183
1.0797
-1.0848
-2.9521
-2.7718
-2.1964
-1.6415
-1.3903
-2.4561
-3.0739
-2.0002
4.2993
9.8701
6.5880
-9.6928
-13.7191
-11.8555
-8.3346
-8.5053
-5.3444
-0.3733
0.6768
-4.3006
-7.0205
11.7101
17.1924
5.0328
-2.9534
-2.5219
-3.2592
-4.9051
0.0995
2.4758
-0.6672
-2.4721
-0.6522
2.5107
5.5352
6.4642
5.1132
-1.1775
-11.7245
-16.9511
-15.1517
-10.9107
-12.6324
-9.2798
-6.6941
-6.4553
-8.8692
-11.0313
-11.5236
-11.5671
-14.0912
-19.1700
-16.8789
4.7219
12.1584
8.8950
1.0767
-5.8350
-12.2665
-10.5359
-10.2555
-9.5704
-4.3677
-5.6569
-11.3000
-19.3444
-19.1613
-7.1907
0.5561
-1.6902
1.6410
-0.0972
-7.9801
-10.1489
-3.7261
2.8088
7.4993
4.7155
-0.7737
3.9870
2.9090
-0.1909
2.0963
7.9306
-0.0321
-3.6129
-3.2661
-0.8019
-16.1682
-21.1685
-19.3611
-4.4451
-15.5672
-13.5418
-5.9157
0.8031
1.6412
-7.3354
-1.6869
-5.4906
-9.6177
-8.3108
-11.2196
-9.1604
-9.0407
-11.2953
-15.5982
-13.6870
-6.2140
-12.8158
-15.8576
-18.3589
-11.9522
-2.0214
-2.0998
-11.3018
-16.5244
-13.1008
-12.9322
-14.8923
-22.5265
-15.0813
-7.8890
-1.4388
-1.4825
-4.9799
-8.9543
-8.8965
-3.0988
1.7890
0.6234
-2.4820
-4.0411
-5.1386
2.6085
4.5655
2.8746
2.4389
-2.6585
-0.9977
-0.5304
0.4179
2.3208
4.2892
6.9185
6.4970
1.1295
-0.7711
-1.5133
-2.1505
-2.4254
-0.8047
-1.0985
-1.7816
-2.2066
-1.9555
-2.9066
-3.2635
-2.0340
-2.8585
-2.5386
-1.8986
-1.4598
-1.6737
-1.8565
-4.1024
-2.9989
-2.9049
-1.7384
-1.2130
-1.5449
-1.2456
0.0899
-0.6771
-0.7044
2.2967
4.8241
12.8568
7.8883
0.7022
1.5657
8.0068
5.6534
-1.0897
-6.4335
-4.4460
1.7367
8.4162
6.8341
-0.8631
-7.8861
2.4553
8.1972
7.7106
8.8299
0.1285
-6.1332
2.9365
7.2906
8.3132
16.3248
19.5699
14.4648
9.3281
-8.2066
-7.0937
-11.9900
-15.3325
-20.8079
-19.2478
-6.7039
1.6096
0.1536
2.1848
8.4833
8.6933
4.9569
2.8034
4.3197
3.6384
6.5314
6.4983
5.0235
7.4797
11.3902
13.6294
11.4005
6.2804
-1.3429
-7.4393
-6.4807
-5.6113
-3.8357
-3.5059
0.4652
3.5664
9.3904
5.7729
4.9467
-4.3765
-5.2080
-3.3147
-7.6733
-8.7755
-13.1310
-13.4649
-11.4268
-9.6470
-8.6018
-5.4125
2.5255
5.3771
-5.2775
-11.1156
-3.6163
4.0983
4.1125
3.5179
-10.4379
-17.7542
-21.1304
-22.9981
-18.2747
-10.1783
-6.5800
-3.4688
-8.5196
-3.5686
-5.9483
-8.6621
-4.2359
-2.9029
-4.4150
-7.6127
-6.2314
-6.5619
-1.7025
0.0720
-2.5777
-3.3422
-5.1247
-6.8483
4.2577
18.3618
9.7622
1.2394
-4.6458
-4.5954
-2.3789
-7.5189
-12.5261
-15.2115
-9.3091
-5.7715
-3.1430
-11.1417
-3.0668
3.6451
6.9686
7.1352
4.2724
-1.4848
-3.6632
-2.4959
-1.0144
-1.3600
-3.8003
-3.5111
-3.2799
-2.7032
-2.7773
-5.0145
-3.7345
-2.6232
-1.6813
-0.5810
-1.9504
-0.6504
-2.2159
-2.9846
-1.0057
-2.1050
-2.3212
-2.2288
6.7906
21.2298
24.2569
28.4599
28.4360
22.6773
9.7803
4.1962
-0.3414
-2.0556
-1.2201
-6.1168
-8.5680
-5.1130
5.9364
12.8350
10.7838
3.8546
1.2194
1.6569
-3.9230
-5.8815
-3.4941
4.8201
1.0410
0.2923
1.3473
-1.9075
-7.6501
-9.3828
-6.0284
-0.0928
3.3098
1.7823
-0.8418
-0.3868
-0.7969
-1.4734
-1.0092
1.5256
0.1663
-2.4855
-1.5114
-0.1422
-1.0874
-0.6601
0.5901
2.7785
-0.5973
-3.1888
-3.9885
-3.6672
-1.4280
-0.8030
1.1269
11.4756
14.4847
15.5971
14.7513
11.9691
8.3917
4.1295
-2.1415
-3.1960
-1.9264
0.4962
0.4782
-1.9359
-2.9098
-2.3599
-3.2562
3.2720
20.2567
12.8421
-0.2462
-10.6474
-10.7237
-10.3483
-9.1936
-7.3648
1.0758
4.1568
9.5045
9.7993
4.1923
-0.0803
-1.7215
-2.4921
-2.1336
-3.6672
-1.7956
-6.9508
-11.5092
-9.2773
-1.3638
4.5855
4.2198
4.3867
3.2150
5.8576
8.5804
8.7166
-0.2362
-2.7783
-8.2853
-12.5601
-6.7202
-4.2231
-10.0433
-9.3761
-7.1986
-5.5184
-11.7912
-11.7018
-9.4472
-12.0934
-7.0347
2.6450
6.6029
5.4696
7.5206
9.2249
6.4805
2.3810
6.2740
3.4388
-5.4917
-10.2047
-8.3200
-4.4094
1.8362
3.0587
3.9358
-0.8139
1.2256
5.1255
9.2501
3.5024
-2.3524
11.1633
10.5592
9.6816
13.1180
-0.9203
-1.5754
-2.8253
-3.9725
-2.0329
-4.8514
-9.1945
-9.8183
-4.8535
-0.5818
0.9472
-1.6620
-1.3278
-1.4417
3.2343
5.5925
0.3664
-3.2171
2.8907
4.8867
1.9377
-2.3709
-2.5831
-0.0784
-0.3948
-3.4071
-12.9591
-10.9002
-8.7395
-12.6961
-10.9823
-2.7222
1.5587
0.9187
-2.5336
-6.8905
-1.7448
0.6882
2.9246
3.4587
-4.9512
-4.0926
-2.8087
0.7460
5.1249
3.6394
-3.1529
-13.3783
-14.5628
-13.0315
-5.8315
1.0853
-10.7307
-15.1400
-9.5577
-7.5684
-7.4510
-8.2970
-11.4397
-13.0798
-22.2293
-26.5652
-24.1748
-19.8337
-18.0805
-14.2973
-10.7031
-4.8727
-3.2034
-3.3305
-3.1009
-3.6727
3.4162
8.7385
14.2414
18.1280
16.7808
16.4795
17.4406
19.5952
17.1214
15.2671
11.9516
9.8976
9.8268
6.3718
7.7938
6.7799
1.6962
3.1050
5.2422
3.2451
2.4889
2.9417
0.1802
-0.2545
-5.2984
-5.4438
-2.3198
-0.8301
-1.2327
0.2086
0.9777
-4.3959
-2.4256
2.6880
-7.6316
-14.7956
-13.8337
-11.4472
-7.3840
-2.0588
-2.0494
-4.8404
-7.6861
-10.0061
-16.4084
-14.9160
-9.6419
-7.6450
-3.9193
-6.3808
-5.1454
-3.4997
-1.8021
-5.4101
-7.7290
-4.9095
-1.8287
-8.7421
-17.2862
-18.5951
-11.6929
-8.0982
-4.0958
3.6787
4.4257
1.9213
6.3426
6.5493
2.0457
-1.5966
1.1222
1.7406
-4.6858
-8.7964
-13.3295
-14.2341
-12.7635
-15.7681
-13.0253
-7.8136
-2.4458
-13.7755
-17.1531
-13.3731
-6.9994
0.2334
3.9363
0.3375
-1.0422
13.5029
13.3840
6.4278
2.5275
-4.2460
-3.9738
0.2230
-2.8477
-5.1307
-3.0723
-20.8954
-22.8156
-20.2476
-13.1786
-7.6402
-1.5453
4.1994
4.0555
4.2896
3.9837
-1.1082
-1.4290
3.6014
-4.9299
-14.0696
-16.0541
-14.1179
-13.3918
-12.3059
-8.7224
-6.4826
0.1185
-1.5632
-1.8896
5.6521
5.4460
0.8464
0.8430
-2.1817
-4.7125
-7.6698
-3.5947
-4.6389
-12.1640
-10.9702
0.6628
-5.8362
-6.3126
-5.2027
-7.2607
-9.8608
-12.6743
-10.3752
-5.6276
-3.2698
-7.2473
-6.9599
-7.3085
-0.3640
1.7943
2.3972
7.5971
2.5136
-2.4257
-0.0225
0.8467
-1.7630
0.6433
4.7069
3.8472
-2.7609
-8.1788
-12.6681
-13.7265
-14.7316
-15.2164
-13.2694
-10.5913
-13.2637
-12.9938
-9.9053
-19.4652
-11.9298
-15.7028
-15.6988
-16.1908
-23.7190
-27.0455
-19.9914
-10.9965
-7.8268
-7.6043
-12.3205
-14.2792
-15.9251
-19.9271
-12.6723
-9.6063
-8.8549
-7.2414
6.3797
14.2610
2.2942
-1.3362
-3.5992
-8.6331
-4.9368
-3.9888
7.7770
7.6820
4.1218
-6.9396
-8.8429
-1.5652
0.3832
0.5470
3.3204
-5.3920
-6.2650
-8.9718
-10.0571
-4.7690
-0.4536
3.3597
12.8242
3.4385
-10.3030
-10.4834
-1.5288
2.2901
2.2806
4.9061
9.4451
13.5486
15.5756
7.3726
2.6277
-2.9478
1.2989
3.4046
5.7604
4.3875
2.4944
3.5850
5.4429
8.4338
9.2250
7.3397
8.5744
7.1946
2.4061
-5.6349
-9.6023
-7.5205
-10.0961
-11.5012
-10.4738
-9.7883
-5.9140
-10.7166
-14.3149
-14.2330
-12.6286
-8.8090
-3.6236
-15.3040
-21.4839
-17.8544
-12.7344
-14.6211
-10.8665
-7.5355
-5.1117
-12.7818
-12.8104
-9.7062
-4.8442
-4.6360
-5.4705
1.6572
0.3536
-8.2969
-5.2788
-2.5683
-1.9778
-1.3617
4.6274
3.5215
3.8044
5.4056
2.6958
-2.4040
-6.5798
-6.5107
-7.1072
-9.9012
-17.5405
-19.1747
-13.5879
-8.7266
2.1459
2.1500
2.3363
-3.8111
-3.9427
-5.6574
-5.2178
-6.3900
-11.8258
-7.2805
-3.9383
-7.6889
-1.3178
6.0966
7.3995
3.4785
-3.7356
-5.3007
-10.5373
-10.2190
1.6638
3.3501
-5.5783
-7.1422
-3.9788
1.2680
-8.8045
-18.9787
-17.3633
-7.0671
0.7685
-4.3881
-5.0318
-12.0230
-8.1729
-9.8264
-9.7578
-2.4616
2.4140
-3.1625
-3.8514
-7.1235
-17.2642
-23.7140
-23.0974
-16.0827
-3.5011
-3.3238
5.8449
5.4512
0.5491
-0.7447
-9.1763
-13.6503
-5.9512
4.7345
7.2175
5.9077
7.8670
-1.1830
-8.0583
1.5420
6.7708
0.2729
-4.7199
-11.2535
-20.5588
-19.1291
-14.6572
-13.7004
-23.0423
-29.5107
-35.0391
-26.4953
-18.2150
-14.9163
-5.4439
-5.2462
-2.0415
-0.6849
-5.0390
-7.6380
-6.8584
-4.4116
-0.3745
2.7696
-4.8308
-6.9091
-10.8515
-9.6939
-0.0379
6.3481
2.0646
-4.6964
1.7552
-3.4248
-3.1995
0.1986
3.0462
6.7386
-3.2822
-3.9126
-17.2554
-25.4561
-24.7477
-26.5054
-23.3320
-18.2184
-16.1020
-15.5306
-13.8036
-8.4841
-11.1714
-11.3596
-20.2686
-20.3833
-9.7287
-6.5434
-3.7391
-4.2326
-2.8602
-2.2937
-2.3404
-0.5208
2.9225
4.5269
7.3666
11.6615
13.1783
11.9703
12.4242
12.6222
12.7929
12.3055
10.4527
9.0716
9.8718
9.3169
9.1736
6.9138
5.0012
0.6993
-1.9504
-1.8583
-4.7377
-7.8783
3.8563
6.2601
8.2091
9.5187
8.2394
8.2030
9.6663
8.1810
6.0458
5.3312
9.2316
11.2987
8.0059
1.6919
-0.3353
-2.6090
-4.9343
-4.1318
-6.3056
-12.9606
-14.7297
10.6308
13.8485
10.0178
4.4010
-0.5830
0.9522
0.1452
-9.9064
-12.7198
-5.7634
3.9039
-1.6564
-9.5910
-7.3983
-0.7656
6.0366
9.3959
13.2458
13.6224
12.2942
10.3478
12.0281
-2.1093
-1.4488
-0.3851
-2.3482
-3.9285
-3.2765
1.2646
6.8847
16.4016
7.1644
-1.0210
-0.4986
0.2276
-2.2230
5.2697
6.3430
8.2603
5.0506
3.5894
-5.1484
-3.0891
2.7949
2.9334
-0.7837
-3.4793
-3.8480
-4.4947
-3.3338
-1.7080
-6.9704
-11.5354
-11.7668
-11.9862
-12.0235
-8.9305
-21.7093
-11.9302
-6.8882
-2.7327
4.3717
-2.0579
-1.3019
-7.2351
-13.8388
-16.9668
-17.8903
-15.1742
-12.9392
-9.1323
-3.2680
-6.7091
-15.4657
-14.2029
-15.8250
-9.8196
-4.2723
-2.8493
-5.6288
-1.0529
15.1038
12.2271
4.5015
-1.0804
-3.8583
-7.4330
5.1071
4.5776
5.6060
2.8401
4.0511
9.5564
7.4090
5.7303
5.0849
6.1648
10.4167
7.8101
3.5758
-3.6423
-8.6747
-9.8193
4.4594
10.2873
6.8433
11.1039
16.9109
15.9072
15.9696
6.9767
-15.2716
-18.2729
-17.5247
-17.2353
-6.7534
1.7936
-0.7458
2.0069
-8.7471
-13.3217
-17.2226
-7.1352
-2.9957
-3.7463
0.8660
2.4100
-1.2517
-8.1391
-4.6398
-8.9940
-12.5629
-9.4663
-4.9258
1.5260
0.0922
-4.7675
-0.2792
-1.0564
-3.5935
-5.2754
-6.3342
-11.7523
-32.5165
-33.5496
-25.0713
-16.3185
-8.8170
-8.8833
-6.8462
-7.6115
-14.2443
-20.2772
-22.8469
-20.0319
-14.2222
-10.9703
-11.2613
-11.9625
-6.2759
-1.0162
-0.9387
-0.1496
-1.9002
-3.4457
0.3408
4.2596
8.1501
5.2780
-1.7999
-7.1970
-6.6736
0.5459
-1.2385
-1.6937
-0.9773
-1.2935
-4.7936
-5.3181
-7.1634
-5.8130
-12.0275
-6.6721
1.9210
1.1772
-5.4750
-12.5551
-14.0707
-8.9230
3.7312
12.9209
-0.7152
-11.5650
-4.7669
-2.0549
-0.1097
0.9624
-2.0629
-2.0849
-0.6818
3.3715
0.6901
-4.4880
-9.6705
-8.2624
-5.7915
-4.1387
0.7219
0.5822
-2.0304
-9.8204
-15.6999
-12.4195
-6.3651
-2.1716
-2.6172
-2.6909
-0.6225
0.8376
-0.9069
3.8137
6.6508
2.9936
-1.3309
-2.0708
-1.2746
-7.1318
-10.3485
-13.6094
-9.4276
-14.3027
-16.0771
-9.9924
-2.9243
-1.6294
-2.1335
0.1752
-5.6806
-6.4333
-4.5114
-4.7351
-14.1819
-2.9737
2.8510
-4.1377
-6.6198
-14.5196
-11.4462
-1.1352
13.5879
12.1491
12.4125
11.5109
10.0035
10.8647
8.8866
5.6569
-2.3712
-7.2810
-16.2006
-17.6062
-9.7186
-4.5868
-4.4388
1.1760
1.9432
2.9838
7.2661
5.1824
9.8610
9.2077
14.9207
20.3356
22.7689
17.1088
12.1126
10.4130
9.1272
2.1549
-1.0339
-2.3771
-2.5049
12.5890
-7.7804
-17.5468
-14.7878
-9.9092
-1.1558
-2.6141
-6.9697
-19.5466
-20.7935
-13.9110
-8.5351
-6.2107
-8.8208
3.3527
-0.3312
-9.7667
-17.6003
-12.2217
-6.9744
-7.4713
-6.6995
-7.0611
-12.5649
-17.0028
-9.1383
-12.6552
-17.1787
-12.9951
-5.9397
-0.3985
1.4019
6.2818
2.9604
-1.0905
-2.6847
-2.7040
-2.6000
-6.8468
-13.8272
-15.8503
-15.0991
5.7410
7.3969
0.3555
-3.1922
-8.4603
-15.2584
-19.7978
-19.3166
-15.6305
-6.2434
-9.5486
-10.7977
-4.9226
-1.9433
5.2518
10.7793
7.9653
0.5032
-2.1597
-8.9105
-11.0272
-7.7827
-2.6641
-0.7476
4.2050
15.8016
8.7751
1.4156
3.4233
6.0395
1.2014
-3.2102
-7.8805
-9.1844
-9.8207
-7.9593
-5.7577
-3.4440
-1.5278
-3.1117
-2.9417
-1.7546
-0.5988
-0.5271
-1.0121
-2.2562
-0.7532
-0.0395
-1.3524
-1.6998
-2.1340
-1.7260
-0.6577
-2.3533
-2.6247
-3.9489
-6.0367
-4.4204
-0.2533
-1.6436
-0.4216
-0.6891
-1.5963
-0.8233
-0.5072
0.2202
0.0872
1.7523
1.6116
0.3203
-1.9311
-3.7500
-2.5289
0.5897
1.7044
0.1361
-2.3931
-0.7026
-1.4856
-0.5558
1.4398
0.9343
-0.6419
-0.1066
-0.2095
-8.3096
-13.8437
-10.2132
-7.7388

Coefficient 17:
0.0000
-4.1257
-5.2168
-4.2456
-5.0017
-10.0971
-7.6765
-1.1409
4.1690
0.6819
-5.1233
-3.1062
2.5111
4.8584
4.7572
-0.0215
-1.5348
-2.0061
-4.4500
-10.4132
-11.7045
-6.7935
-3.0303
-0.2963
-4.2503
-8.5188
-15.7625
-18.1489
-21.3195
-21.6822
-17.6245
-7.2282
-1.1376
-3.1838
-3.6450
-4.7709
-5.4803
4.0145
2.8641
0.9980
-5.1483
-6.0067
1.5260
0.1769
0.1615
-0.8813
1.0788
0.8114
-6.3884
-10.6164
-12.3012
-7.0942
-0.1793
0.6737
0.8789
-2.9474
-5.5289
-8.3669
-8.9645
-11.2163
-8.3813
-2.4675
-4.8339
-3.7677
-0.4733
2.9664
7.9667
12.0291
10.3309
5.5873
-3.5669
-10.0767
-12.3728
-10.2195
-6.3986
2.4317
1.9206
2.0884
-4.2130
-14.5361
-9.6166
-7.8344
-3.6175
-10.7261
-4.0932
0.3189
-2.2333
-4.1988
6.4575
5.3911
2.1550
1.8471
-1.4518
-2.4258
-9.4996
-10.4375
-3.8226
0.0057
7.2185
16.6551
13.1668
9.9021
8.8754
5.1998
1.3362
-0.4265
-5.9164
-10.4491
-11.7483
-4.5195
-3.0390
-5.0883
-3.7741
0.1764
-1.4148
2.6788
-0.6804
-3.6284
-4.7707
-6.2952
-1.3666
-4.4609
-9.8272
-7.5396
-7.9871
-9.5168
-9.6753
-8.0066
-7.7885
-2.9475
-7.7893
-8.0082
-2.3651
-0.2630
-1.3296
-5.9190
-15.7526
-7.0824
-1.6224
-0.9576
3.9162
8.2351
8.5220
0.6630
-12.5776
-20.5164
-17.8018
-14.7514
-10.6647
-8.2910
-6.3548
-2.4603
-4.5148
-1.7598
0.5201
0.1455
8.3408
7.0934
4.1904
1.5117
-4.0732
-3.6282
-0.0202
3.0903
-3.0707
-10.4058
-7.7124
-0.4029
-0.3367
-0.1301
3.1002
12.5811
1.9320
-5.3511
-8.4261
-6.5546
-8.7483
-10.0306
-7.7061
-5.4275
-2.1683
-0.3304
2.1809
8.5800
9.3424
8.8290
12.8874
12.0806
10.8660
9.8957
8.4118
7.0339
-1.1325
-1.9148
-0.2071
0.3579
11.1948
2.2403
3.9970
4.5839
-5.0149
-5.9487
-5.9023
-6.8517
-2.0669
1.7748
4.9032
8.1457
5.2570
1.9412
-1.3875
0.5321
-5.8371
1.2955
-2.6258
-6.4747
-2.2651
-4.7651
-10.9693
-18.4822
-14.8035
-14.2841
-14.2835
-22.1796
-15.3952
-1.4148
6.9170
7.5202
5.9505
1.6811
-6.6330
-0.4250
7.7929
0.2496
-0.4345
3.5064
2.9809
-3.0528
-6.2589
-13.3217
-15.7697
-14.1623
-16.4729
-6.1310
-1.6021
-1.4440
-3.0636
-7.5727
-6.8081
-9.1168
-15.7277
-21.1389
-19.3876
-16.0481
-9.7223
-3.8034
-4.5087
4.3890
-11.9918
-14.0653
-10.2746
-5.4212
-12.4643
-10.4522
-2.7309
3.4356
5.1263
5.1698
-4.7554
-10.2787
-10.4834
-5.7430
0.0895
-4.1795
-11.3129
-8.3938
-0.6720
6.1848
5.1316
-0.1136
-12.4259
-15.1206
-10.9948
-0.6438
3.8302
9.9325
7.3909
-0.1535
1.6800
6.1919
8.2578
3.6614
-7.9052
-7.4419
-2.9621
-1.7071
-5.2896
-10.6364
-12.2731
-13.9280
-15.1376
-11.4023
-5.8500
-8.1680
-11.6822
-13.5154
-17.6003
-13.6535
-14.0845
-4.9928
-2.8577
-1.4708
-1.7571
-4.2835
-8.8274
2.1749
0.1853
-5.4933
-4.4841
1.3776
1.8689
5.2829
1.9861
4.4493
5.6502
4.2719
1.4853
4.4982
-5.5705
-4.9836
0.5745
4.3580
4.2459
-3.2643
-9.8177
-13.7852
-10.7577
-8.2197
-1.6537
1.8818
4.1172
11.5166
15.1553
10.1912
1.0910
-6.3700
4.3989
21.0552
4.6281
2.0699
6.8200
9.4558
9.7083
6.3077
3.9818
-3.0382
8.4839
7.6445
7.0032
9.1575
10.6979
13.4398
13.2677
2.3274
-3.5608
-2.9217
-5.0656
-8.5671
-8.1535
-9.5085
-1.6369
1.7051
-0.4111
-0.9671
5.7314
13.7565
8.0938
4.1053
5.0495
6.4553
4.7039
8.3308
13.3813
12.7943
13.4549
12.1871
7.7984
-0.9578
-1.4921
3.8559
4.6079
1.9674
6.8643
11.1830
4.0299
-5.2344
-2.9146
5.3676
1.1283
-6.7916
-8.0412
-9.4739
-5.7183
-5.4514
-1.0659
-10.3296
-14.6447
-16.4996
-19.6596
-14.3925
-11.2663
-15.0140
-17.4516
-6.0677
-1.6777
-5.3404
-6.7017
-7.8821
-6.3351
-8.8395
-22.5310
-20.8455
-4.4188
8.8203
18.5089
19.4779
15.3174
10.6759
9.1729
4.2971
1.0693
2.8488
0.2645
-4.9150
-9.3101
-15.7612
-15.9691
-13.5595
-1.2543
0.0339
0.7445
2.3016
10.8206
11.1410
3.3698
-2.2953
-2.0584
-1.9787
-3.8612
-7.2049
-9.6446
-6.4443
-7.7124
-8.1973
-3.2765
-2.7952
-2.4843
-1.9159
-3.1917
-3.4901
-3.1917
-2.4297
-0.7492
-1.5240
-1.4246
0.6132
0.4291
-1.9163
-3.3862
-3.2971
-2.8342
-2.1393
-1.9549
-3.1090
-3.7844
-3.7479
-1.0329
3.9133
2.0063
-6.0480
-7.9455
-13.8280
-21.1009
-15.9273
-11.0371
-11.2269
-15.2940
-13.4637
-13.0826
-16.2931
-11.5531
-4.4414
-3.3928
0.2828
5.5345
4.5036
-2.1662
-2.5220
-2.3231
-1.7085
-2.8088
-4.0687
-3.0372
-0.5353
5.4409
3.9649
0.5216
0.7996
0.0720
3.0700
0.6924
-0.3534
-8.0918
-0.0640
5.0505
4.3270
5.0324
0.6355
-5.6625
-4.9875
-4.1129
-12.1960
-12.3507
-8.5152
-4.7317
-7.7796
-3.0578
0.7059
11.8295
3.3206
1.8564
-3.6169
-7.4258
-7.3579
-6.4264
-4.3550
-6.3566
-8.2343
-5.3260
-3.5616
-2.0266
-8.4289
-11.8106
-9.6797
-3.0360
-1.4779
-2.0580
-4.0634
-6.1184
-4.0536
0.1044
11.1182
4.6289
0.5044
1.0774
4.8004
15.6572
7.3347
4.7889
-12.1160
-10.2031
-9.4509
-9.4181
-7.8617
-7.7916
-4.2492
3.1171
0.4358
-4.6650
-2.3767
-5.2690
-2.3655
2.2464
-5.0657
-9.4879
-7.4815
-3.6632
2.1114
-1.9695
3.3470
2.0231
1.1585
0.8199
-1.1083
2.2031
5.1949
3.0746
4.0072
2.1920
-0.2673
-2.5143
-8.0990
-14.7332
-12.4757
-2.3472
-0.3741
3.6260
2.1778
-4.4606
-8.7051
-6.8341
-6.3206
-4.9229
-5.2153
-7.6142
-7.9221
-4.0657
-1.7626
-1.3786
-0.5381
1.0719
0.1110
0.2966
0.1957
-2.6478
-2.3678
-2.4391
-3.8340
-3.4741
-1.4337
-1.9668
-2.8344
-3.2563
-3.1504
-4.5953
-4.3700
-2.6298
-3.4791
-3.1068
-3.0703
-2.5093
-2.5997
-3.2033
-4.9575
-3.5284
-3.4180
-2.2690
-1.9170
-2.8203
-2.0231
-0.5553
1.3799
-12.1653
-15.5084
-10.7995
-10.5349
-7.4107
-8.1117
-11.1002
-8.5955
-10.3288
-4.9075
3.0606
-7.6465
-18.3926
-15.3576
-11.6021
-10.8979
-14.6729
-9.8623
-5.0581
5.3369
5.7901
-5.2782
-5.3748
-2.1236
-1.4267
-2.1344
-0.2457
4.1302
4.4749
2.1139
-10.3218
-4.6990
1.1260
3.8103
4.9616
-0.4551
-2.9542
0.0912
0.6103
7.0142
8.4144
4.8165
3.7965
6.6303
10.2415
10.3954
6.5127
-3.3454
0.0071
5.4512
4.2460
6.8552
10.6211
15.2270
14.1288
2.8961
-8.9220
-7.2620
-2.5405
-4.1971
-3.8468
-4.4270
-7.6563
-2.5638
9.8586
10.6966
7.8990
2.5997
-1.1012
0.1430
-2.5464
-6.1223
-13.9488
-12.2299
-7.5666
-3.2012
6.3764
2.8351
4.7275
-1.3008
-9.5320
-11.5479
-8.6532
-6.6626
-6.5501
-5.3156
-4.7742
-9.2023
-10.4748
-17.7508
-19.9872
-16.1166
-13.7504
-6.7278
-6.9639
-11.1961
-15.6729
-19.9393
-21.6464
-20.3001
-7.8320
-4.7175
-0.3362
4.0197
10.1968
11.0280
11.9223
12.1553
-0.5342
-2.5057
-8.9507
-7.3865
-0.9848
3.8495
13.0750
13.6669
7.0284
-2.1827
-1.7373
1.9579
7.5695
2.4528
7.9134
9.0139
7.3058
3.1112
-0.0341
-3.6365
-4.1028
-3.2632
-2.0563
-1.8939
-4.3394
-4.2461
-3.9897
-3.4510
-3.5404
-5.8433
-4.4824
-3.3898
-2.6435
-1.3486
-2.7820
-1.4943
-2.7355
-3.1857
-1.5692
-2.9508
-3.1998
-2.8537
4.4573
14.1952
18.9935
25.5664
28.2397
22.0111
8.3697
3.6773
-0.9613
-2.6573
-1.9750
-7.5305
-11.7546
-6.2875
4.3189
13.9917
21.8020
11.5831
7.3870
6.6484
7.4408
13.2347
15.1865
12.3160
7.0928
5.9409
11.4718
5.7683
-3.1054
-7.4894
-5.2545
-0.9823
2.4312
0.9210
-1.6518
-0.7890
-1.3680
-2.1183
-1.6310
0.6979
-0.7801
-2.8642
-1.9049
-1.3438
-2.3230
-1.5682
-0.1387
2.1015
-1.3444
-4.0200
-4.1834
-3.4400
-1.4333
-1.3030
0.2735
7.9583
9.4545
11.9321
12.3092
8.8152
6.9219
3.4733
-2.4545
-3.1351
-1.7714
0.2307
1.7550
-1.0046
-3.4205
-3.7174
-4.0231
0.3429
9.4078
6.5392
14.0439
20.1267
19.5959
17.6855
18.6769
14.4265
7.9219
1.9230
2.1153
5.1053
-0.9219
-9.9239
-12.2941
-15.2163
-7.3324
-0.2291
4.3702
-0.2891
-3.2162
-7.0342
-7.2860
-8.0275
-12.8791
-17.8290
-16.4205
-8.6166
-3.6116
-5.8102
-8.6692
-6.5778
-4.3952
-3.6491
-3.8767
-5.7061
-5.4568
-6.8357
-13.3881
-14.1518
-6.5532
-5.8575
-8.6549
-11.3052
-9.4524
-8.0706
-8.2488
-8.8488
-2.2908
0.2589
-6.0021
-15.6428
-12.4814
-7.5690
-13.4868
-11.0167
-6.6561
-5.1363
-0.7746
7.3847
8.1179
5.6217
-7.5198
-12.1100
-7.8881
-1.9181
-5.1213
-12.1172
-10.1998
-11.1876
-12.9120
-11.1439
-4.6628
-6.1622
-8.0131
-6.5815
-3.5762
-3.3847
-6.4050
-10.1426
-11.3937
-9.0599
-10.3995
-7.6699
-3.8409
-12.4196
-10.4243
-2.0671
-3.0628
-6.7816
-9.0392
-10.9548
-9.2271
-12.8511
-19.5054
-20.8181
-16.1118
-19.1753
-16.7310
-10.6055
-12.1756
-15.4075
-7.0251
-4.4372
-2.2954
3.6522
2.9849
-3.9800
-6.5751
-5.3940
5.0694
5.0408
1.6473
3.7325
3.8671
3.3055
1.1143
-1.3056
-3.5243
-4.4060
-3.8584
-6.8386
-4.2762
0.9823
2.0836
1.4845
2.9842
3.2061
-4.8733
-10.0296
-7.3682
-1.9164
9.3894
11.4096
9.1977
4.2427
3.0764
-4.4625
-2.5993
0.2169
-4.6742
-8.1805
-6.4781
0.2781
-7.6717
-14.6340
-15.3093
-17.7475
-17.6624
-18.2367
-19.2142
-19.7852
-15.8124
-14.5705
-11.9682
-8.7913
-7.9560
-7.3888
-11.3524
-13.5938
-11.3134
-7.0341
-5.4953
-6.1096
-6.0430
-8.3530
-6.4501
-6.4118
-5.5971
-2.7885
-1.2791
-1.8910
-0.4231
0.2566
-9.5016
0.2348
-6.5573
-1.7912
-0.1216
0.6153
2.7051
6.5248
6.7295
1.5562
-1.7929
12.0859
17.0107
9.5650
3.6390
-2.4518
-6.8382
-3.0377
-5.1871
-7.1165
-8.1914
-9.0801
-5.1661
-4.4514
-10.9543
-15.8368
-8.6172
-7.7490
-10.9373
5.5073
3.3320
-1.4433
-5.2774
-5.1569
1.4755
-0.3879
-6.5483
-9.6605
-11.9734
-9.8482
-10.2419
-16.3650
-14.2027
-13.5881
-14.1888
-13.0290
-12.2771
-10.6832
-10.1257
6.8084
10.0281
2.8876
-5.9440
-17.0785
-19.1870
-10.2162
-5.6223
-0.1134
1.9834
-2.1146
-8.0715
-1.3228
-0.2731
-6.1606
-3.1620
-1.7276
-6.9579
-7.8223
-3.5620
-1.8959
1.1408
1.6500
-2.9341
-8.2671
-0.8518
0.4905
-0.0852
-2.0809
-5.7683
-5.1853
2.8377
-1.6847
-4.7813
-5.6238
-6.1816
-7.5631
-13.3902
-17.6402
-12.9873
-23.7337
-25.4677
-24.8056
-16.4585
-10.0706
-4.7199
-3.6254
-6.1389
-6.0074
2.8809
0.8061
-7.0172
-8.8630
-6.9250
0.8182
-4.7371
-9.1399
-4.7350
-4.1966
-4.0063
-1.9946
-4.1051
-4.1949
-1.9183
-4.1717
-5.8262
-12.6571
-9.7538
-2.2660
8.8832
7.2048
-2.4649
-8.0304
-9.0793
-9.4912
-8.3915
-4.3689
-2.9995
-4.8969
-0.6887
1.2603
-0.0978
3.6994
6.4763
6.8586
5.3144
-0.8380
6.1083
0.6220
-5.8891
-21.9889
-15.7113
-7.7193
-3.1640
-7.1381
-2.3826
0.1795
-7.1832
-10.0114
-14.4436
-18.7301
-11.8523
-7.7333
-7.4556
-12.5454
-6.3273
2.6543
3.2357
7.6841
13.4073
12.3229
7.2135
8.1682
11.1588
5.3248
-0.7117
4.4394
9.3792
12.8867
11.5047
8.6373
7.1634
4.1764
3.3013
6.2265
-2.6677
-1.8936
0.9758
5.7156
5.6935
7.5572
4.7132
-5.3163
-8.9914
-9.0608
-6.5020
3.3478
4.3434
9.8822
15.3889
16.9940
17.5121
18.4941
14.3872
4.1273
7.1001
14.7359
14.5920
11.8311
9.8857
8.4208
7.1607
9.5043
9.9895
10.0857
8.5476
6.2357
4.6881
2.5277
3.9260
-2.2176
-5.3435
-7.4093
-10.9895
-13.2193
-12.4663
-11.3781
-7.0548
-11.5894
-9.1390
2.2388
-3.3846
-9.3145
-11.8311
-7.5509
-4.6755
-1.7091
5.5248
4.8156
4.1874
7.7631
6.5371
7.6789
18.5476
17.7374
16.6003
14.8815
17.4113
17.0555
13.9690
0.2765
-1.9055
-0.3939
4.0993
0.1796
-15.1859
-17.1501
-18.7103
-15.6303
-6.9403
-7.7549
-4.1666
-1.4039
-4.5306
-4.9287
-14.7535
-17.0398
-7.3404
-4.9057
-2.6604
-0.6017
2.4202
2.5984
-3.2341
-3.4314
2.7148
4.5336
-11.9181
-8.0499
4.8239
3.3196
2.1358
3.2694
8.0358
10.5074
8.3140
7.0409
7.2680
0.9716
9.0731
6.4092
2.4950
0.9128
1.2133
7.2265
-3.0840
10.5524
14.3380
13.8387
15.8588
10.8138
4.9389
-4.0612
-9.1838
-9.6921
-7.6774
-6.3397
-5.5169
-5.2806
-0.6781
12.9279
21.7030
21.6750
16.6283
11.8883
-0.8139
-3.5015
-6.1739
-7.2277
-15.6228
-14.9703
-10.6086
-8.1267
2.1869
2.0916
5.3044
7.5000
7.5567
9.5107
6.7932
4.8643
1.4508
-4.0975
-2.4054
3.9049
4.0127
-2.8998
-9.4912
-16.5637
-7.7851
4.1120
11.8723
17.5800
16.2146
9.7428
14.4158
18.7915
17.9822
12.1611
15.9964
19.0738
11.2087
-2.2120
-5.5531
-3.9303
1.4594
2.8386
0.6059
1.0133
-7.8078
-9.3041
-13.4253
-17.0030
-13.1996
-12.3351
-14.7392
-20.1101
-16.9923
-8.1271
1.1230
14.3482
9.5231
4.2365
-1.8178
-3.2585
-7.3674
-10.6518
-15.0987
-18.5233
-18.4440
-15.2255
-15.4392
-13.9264
-10.5823
-10.6355
-7.7848
-11.3447
-8.3100
-6.8828
-3.7457
-3.1374
-3.0844
-1.4737
-2.8465
-5.8169
-10.4948
-12.2291
-13.2286
-13.0330
-11.2829
-10.4904
-13.3345
-14.2319
-15.1869
-14.8686
-10.1771
-4.5293
-3.3755
-6.3258
-5.8578
-3.8279
-2.4466
-2.1694
-3.8939
-11.6725
-6.7488
-7.9257
-12.0597
-17.9777
-19.7488
-14.5975
-14.9802
-13.3256
-13.3171
-13.9952
-17.1362
-15.1594
-7.0424
1.4652
6.1044
5.4050
4.2991
6.0334
4.6898
3.1028
0.2925
-4.5947
-5.7633
-10.9366
-9.7642
-2.4956
-2.3132
-0.8213
-4.2722
-15.8539
-13.5342
-2.9815
-6.9851
-7.9008
-7.1517
-4.6779
-8.0378
-5.8780
0.3842
-0.4172
-6.9193
-6.9157
-2.7189
-3.9288
-2.5289
-3.4768
-0.9700
-3.4779
-11.6566
-13.1286
-4.5644
-0.9181
2.8349
6.9153
6.2182
-1.2886
-8.1304
-4.7612
0.9700
8.0724
6.0473
0.6243
-7.8429
-9.1709
-0.5993
9.2963
9.9382
8.2634
5.6174
11.9135
8.1897
2.4967
-4.1703
-9.9532
-9.4050
-8.9239
-8.2600
4.1266
8.8100
8.4096
3.9069
6.6572
1.8088
1.6709
2.9213
6.3665
6.2422
1.7984
-0.2634
-6.3629
0.5150
0.2971
-2.0401
-0.5811
6.3472
2.9952
-2.1314
-1.9665
7.3857
6.5784
2.5211
-2.5013
-2.1675
3.4275
5.9441
7.9555
3.4227
-3.5591
-13.6016
-5.8654
1.6724
10.0433
8.5234
4.2450
3.4905
5.6797
9.4957
5.5111
0.8550
-4.7613
-0.8831
3.0552
-1.6446
-0.0544
8.7720
6.2713
2.3042
-0.8762
-1.6695
-2.4992
2.0869
3.9984
2.9884
17.5602
18.4181
10.9281
6.9311
3.3815
-14.2269
-7.0018
-4.0104
-1.8282
2.8249
11.7360
8.7647
3.6123
-1.1595
4.0201
0.0408
-2.7820
9.1592
14.8180
16.9110
15.1743
7.9565
6.3115
8.5912
7.8141
4.7161
2.5621
2.4606
-2.1934
-4.1101
-5.0451
-6.7343
-5.4315
-3.0706
-1.9571
-5.6414
-8.1984
-8.1045
-5.7689
-16.0905
-19.6979
-19.5812
-16.5240
-11.1057
-10.0116
-6.9549
-3.6373
-3.7239
-1.2656
-1.1096
-0.4558
-1.2199
-1.3359
0.9191
3.3915
8.2048
11.3043
12.8598
9.6329
4.6403
0.4232
-1.5803
-2.1494
-1.3591
1.9785
3.2493
-1.1179
-8.1442
-10.6279
0.3285
3.2156
5.4017
0.6418
-0.1923
-6.3424
-10.0542
-10.7658
-6.4409
3.0574
-2.0441
-4.2376
-3.9576
-2.5410
-1.3183
3.8359
4.2825
-0.8783
-4.3064
-2.0249
3.0294
2.5461
-1.6965
-0.5042
-7.2132
-16.1309
-15.8927
-9.0013
-8.4085
-10.0094
-0.8250
4.4055
3.1936
0.7404
-2.4300
3.3246
7.7335
5.3710
7.2942
6.5796
8.1365
3.9093
-1.4283
-2.1840
-1.6351
-5.2606
-8.7012
-12.1899
-3.9146
-5.4815
-6.4180
-5.9066
-16.0031
-17.9967
-14.9989
-8.8311
-15.3374
-14.5090
-9.9496
-2.0313
1.7034
-4.4411
-13.4466
-12.8383
-8.2159
-9.4071
-12.5545
-12.9813
-6.5803
-6.3900
-11.8971
-13.4400
-11.4867
-13.9749
-10.3095
-5.6139
-3.4306
-0.3674
0.7440
4.3173
1.3732
1.3772
-0.2516
0.6691
0.6453
1.5573
-7.3896
-10.4217
-6.9681
1.2329
0.5235
-4.1582
-3.1068
1.8816
-3.3836
0.4815
-1.6497
-0.5362
-1.7060
-2.9528
-2.4481
1.1222
-4.0605
-9.3549
-9.5309
-8.7132
4.1069
4.4449
3.8673
14.3885
10.7004
7.3197
5.2249
0.4839
0.4862
8.3975
8.9516
6.6338
0.9286
-1.7677
-2.6093
2.4567
5.6741
3.2727
-0.6977
-1.3998
-5.7817
-7.7776
-5.3403
-4.8236
-9.7859
-9.7287
-3.8083
6.5049
-1.8391
-5.9869
-9.5394
-9.7950
-10.6916
-12.1519
-15.1932
-15.7350
-14.1231
6.5163
28.3213
21.5024
8.0287
-5.1797
-15.3079
-15.5940
-7.7400
-4.5471
3.2556
0.9135
-2.9679
-7.8214
-7.9772
-7.2485
-10.0431
-11.3192
0.4659
12.1576
14.7503
11.1292
8.5124
9.5655
7.9429
2.4614
-2.3076
-11.2202
-13.3309
-14.2100
-9.2263
-7.3238
-4.8505
-3.6147
-10.1294
-11.9233
-8.1770
-5.5881
-3.5483
-1.8381
-1.9451
-1.6738
-1.9434
-2.1395
-1.2940
-1.7634
-2.8230
-1.2361
-0.5358
-1.9782
-2.2910
-2.5747
-2.1653
-1.3800
-3.1244
-3.2101
-4.4239
-6.5490
-4.9890
-0.7386
-2.3412
-1.2747
-1.5329
-2.2596
-1.3088
-1.0384
-0.4557
-0.6093
1.0145
0.4256
-1.0063
-2.9293
-4.6972
-3.2647
-0.1639
0.7144
-0.5751
-3.0048
-1.4677
-2.2125
-2.7486
-0.5463
0.5442
-1.6662
-2.2379
0.6399
-4.3000
-8.9614
-9.4078
-8.0892

Coefficient 18:
0.0000
-4.5896
-5.3300
-5.8940
-6.3818
-8.5642
-7.6684
-2.2272
3.4247
-0.0286
-6.1852
-4.2300
1.9967
6.6241
8.1070
5.5027
7.9667
8.7363
5.1052
-5.8342
-10.5156
-11.4198
-7.7618
-0.4200
3.5789
6.0197
7.2685
6.2474
0.5829
-4.2065
-7.7610
-4.5159
-1.4014
-3.6410
-4.5272
-1.1487
5.7732
12.4791
17.4008
14.8332
10.1806
4.0402
-3.4999
-0.8048
0.1714
-0.9956
-3.6974
-8.5551
-9.0612
-1.8828
-3.9896
-2.1579
-5.7041
-15.5017
-19.6308
-22.5301
-17.9677
-18.9957
-18.3297
-15.1949
-14.0866
-10.8830
-9.9066
-6.8021
-8.7672
-6.3216
-5.0430
-6.8976
2.4853
1.6320
-3.6002
-3.9591
-6.2302
-7.5517
-10.0165
-11.0769
-18.2393
-17.3484
-9.9137
4.3378
7.6802
3.8927
0.3089
-8.0744
-8.7817
-4.7243
-4.2055
-3.1536
11.0898
12.2932
7.9850
1.3267
1.4676
2.5881
1.8175
1.4827
1.2368
-1.7459
-2.8320
-1.4192
-4.4332
-1.9648
1.1062
-1.4669
-2.4112
-11.4482
-7.0095
-5.2757
-4.0895
-5.3212
-7.7719
-8.1924
-6.8802
-7.9506
-3.0232
5.3165
2.4804
-2.5208
-0.0569
-0.8784
-4.9422
-11.3862
-14.1153
-7.9786
-2.6496
-2.1708
1.0380
1.3166
-5.9298
-8.4515
-4.5264
-3.2093
1.0529
2.0462
3.4116
1.4970
-12.3783
-7.9569
-9.1621
-8.5841
-8.6016
-7.5851
-7.2328
-15.0220
-19.0503
-19.2203
-19.4184
-14.0835
-13.1649
-14.2179
-14.9046
-14.1288
-10.9214
-5.8655
-4.8448
-7.1164
-9.2255
-13.9979
-14.0181
-15.6751
-15.1696
-7.5230
-9.7777
-14.6431
-6.3427
3.1561
0.8741
-4.1571
-8.9831
-11.5843
-10.5219
1.5634
3.1651
0.2197
-2.2500
2.9643
7.5998
4.5819
6.2105
0.7503
-4.1742
-10.4025
-12.0853
-9.2849
-1.0974
-3.0484
-9.8212
-6.6765
-5.7072
-5.9980
-4.7082
-5.4811
-7.1606
-1.6920
-1.1374
-6.2318
0.7046
1.7218
0.4953
-2.2095
-12.5201
-10.4873
-9.7353
-11.2568
-5.9464
-17.6184
-27.1557
-28.3759
-26.2569
-21.7242
-7.8069
-2.8185
5.7979
8.1408
2.0906
1.2916
2.5761
1.3464
-3.8421
-6.1060
-4.7783
-7.7347
-17.6549
-11.7574
-3.4841
0.8600
0.1512
-3.1318
-0.4959
-0.4903
-2.0038
-0.4048
1.3620
-10.1337
-19.3553
-20.4931
-19.0317
-13.4033
-7.9829
-3.8036
0.0171
-2.7582
-2.0328
-0.3849
3.7277
-0.1383
0.3511
1.3110
3.9930
0.8729
4.3770
0.1810
-4.0882
-2.9253
-4.6350
-1.7994
0.9764
3.0963
9.3785
9.8230
1.9451
-6.6804
-1.1895
2.8252
2.9931
-1.0144
-1.2820
-0.3798
-3.7589
-6.8735
-5.9459
-5.2273
-0.5323
-0.7373
-1.8795
-2.0917
-2.3486
1.1411
3.9323
1.9416
-1.3405
7.1009
10.6532
12.0969
5.1333
-8.4736
-2.3851
-4.2266
-4.6258
-3.2541
0.1110
2.5475
-2.4716
-7.3670
-8.2442
-13.7201
-16.2078
-15.9091
-15.0177
-13.7081
-11.4561
-8.4530
-13.0513
-16.0073
-10.9809
-1.8515
-0.6755
-3.1832
-13.4596
-13.1855
-11.9846
-8.5107
-8.4641
-5.4493
-4.3979
-5.5793
-2.7251
-0.6435
2.2081
5.6211
4.4430
1.9853
0.8224
2.0276
4.7498
7.6834
9.4272
13.0298
11.3127
1.7490
-4.4915
-1.5665
10.2475
6.1475
-1.8167
-3.2555
1.2409
-2.1879
-8.1351
-14.1706
-15.7931
-22.0803
-30.4809
-33.7005
-32.8582
-19.9924
-8.6538
3.8198
-11.0176
-16.5224
-11.3138
-6.9832
-6.8980
-7.9469
-9.6522
-22.3871
-8.8727
-6.1792
-6.9172
-7.4252
-7.9239
-14.3285
-13.8181
-14.2523
-5.9182
-3.3274
-7.8584
-9.9867
-10.2223
-10.4110
-6.7650
-4.1858
-1.8326
-1.3653
-11.1705
-9.1393
-9.8070
-10.8857
-12.6272
-8.3507
-9.5161
-12.9047
-4.6166
-7.9155
-5.6321
-4.3562
-5.2423
-5.9874
-6.9131
-8.7296
-7.2515
-7.7883
-16.2611
-15.9031
-12.5506
-10.0836
-12.3673
-18.8883
-16.2532
-15.8003
-17.3258
-19.5229
-14.2161
-11.8691
-8.1186
-5.5153
-5.8334
-5.9086
-2.0503
-1.4763
-5.8713
-12.0408
-8.1312
-2.4817
-5.1602
-5.3695
-4.9376
-7.7579
-10.2742
-9.6761
-16.1796
-15.5537
-21.7799
-23.1946
-20.0753
-16.2854
-12.7899
-7.4167
-6.4216
-10.7115
-16.3960
-18.8171
-20.1056
-16.8447
-12.6081
-11.5213
-8.7472
-2.2530
3.1309
-1.4262
-4.5202
-3.1717
3.1257
0.9524
1.4079
-1.0833
-2.3686
1.3242
3.7025
2.4438
-0.8669
-5.1176
-8.9712
-9.6425
-3.5359
-3.3105
-3.1792
-4.1588
-7.2338
-7.3525
-4.6181
-2.6491
-1.2571
-2.1823
-1.8908
0.1221
-0.3152
-2.7217
-3.6908
-3.6462
-3.3305
-2.5357
-2.4415
-3.6324
-4.3536
-1.2963
0.4637
6.3140
9.1524
8.4742
3.9421
-1.3194
-3.5562
-6.4932
-8.9587
-3.5438
-5.4965
-2.2812
0.1477
6.2746
-3.4299
-2.7066
-2.6343
1.4099
-2.6041
-4.3987
-1.0290
2.9836
1.4966
2.5726
-7.5767
-14.4162
-14.9996
-15.1586
-18.0793
-18.3467
-5.3256
-0.0336
3.4311
2.1628
1.4771
0.7166
-1.8900
-10.8235
-10.6331
-9.9948
-10.7968
-6.0956
-2.0495
-0.8968
-1.6254
-10.4044
-15.0855
-16.0780
-12.3546
-9.5943
-10.3372
-10.4956
3.4573
3.6484
-4.1580
-11.3661
-8.9760
-5.3439
-8.3639
-13.0736
-17.0142
-16.8482
-18.5059
-13.5671
-3.1708
-3.1331
-4.1697
-2.7119
-1.2482
4.1106
6.5355
-4.5780
-14.5142
-10.6980
-4.8265
2.2213
-1.2092
1.3482
-1.8969
-8.3951
0.7521
1.6082
-0.1646
-9.0206
0.7260
6.7960
0.3826
-2.1580
-4.0619
-4.5398
-3.2156
-1.2877
-9.7312
-12.6682
-7.2942
-7.4408
-9.2476
-7.7117
-0.9825
5.8767
0.8429
-4.1138
-3.4495
-8.9597
-7.1349
-8.9448
-8.7895
-9.0180
-2.6443
-7.9849
-17.1422
-16.1181
-14.1348
-17.8049
-9.3454
-9.0456
-2.5210
0.7823
-7.5183
-11.6207
-11.0448
-14.5378
-10.5801
-7.8718
-6.9462
-5.8338
-6.2053
-7.4451
-6.9677
-8.7925
-5.5681
-2.4207
-2.1597
-1.7236
-2.3312
-6.9732
-7.7181
-6.7162
-6.7689
-3.8192
-3.3002
-5.4529
-4.2527
-1.9811
-2.7536
-3.7474
-4.1499
-4.1529
-5.9700
-5.2867
-3.1201
-3.9424
-3.5536
-4.2853
-3.6975
-3.5177
-4.5135
-5.6033
-3.9127
-3.7951
-2.7010
-2.5824
-3.9779
-2.7164
-1.1651
-1.3973
-9.7064
-4.4719
-1.9407
-8.8358
-12.3750
-16.0176
-19.2261
-21.1182
-27.0589
-25.0817
-18.5574
-12.2528
-7.9208
-0.5028
0.6260
2.3450
0.7145
1.5559
-0.7242
-1.8166
-1.5318
-1.0104
3.2223
0.4021
-7.5504
-12.5127
-10.3281
-2.2421
1.2681
0.7774
-5.8785
-5.5039
-6.0726
-4.5562
-4.3961
0.4111
-3.0682
-7.6328
-11.8511
-16.7929
-20.1048
-22.9449
-17.2341
-11.7721
-14.3821
-13.8829
-10.0545
-7.5298
-4.6864
2.4112
4.0604
3.3536
-3.6710
-9.9821
-11.9374
-10.5351
-6.6589
-7.5318
-3.2099
1.2867
-0.5667
-4.7539
-5.4460
-5.3603
-4.2500
2.3494
3.1743
2.8320
-0.8841
1.8468
-4.8186
-10.1205
-13.5643
-10.7734
-3.1528
3.3345
0.4760
-6.5234
0.5787
0.6539
-1.6710
3.2621
3.9258
-3.3699
0.0950
0.9175
-0.0841
1.5450
-3.1266
-8.0653
-9.4906
-2.3408
-0.6417
1.7380
-2.2803
-7.2754
-11.2821
-12.8163
-10.7493
-3.9241
-2.4297
-2.8743
-7.9391
-9.1231
-8.4349
-6.4604
-5.0626
-9.0093
-14.3958
-14.8103
-13.0358
-14.2743
-11.3673
-10.4786
-10.7794
-7.2472
0.9483
0.6397
2.9755
-1.4446
-3.3731
1.7912
10.8096
12.1561
5.5328
1.1385
1.9622
-2.7237
-4.4233
-3.9015
-3.1466
-2.3895
-4.7165
-4.8391
-4.5613
-4.0966
-4.1682
-6.4722
-5.0660
-4.0339
-3.4500
-1.9943
-3.5953
-2.3664
-3.1159
-3.2550
-2.0577
-3.6927
-3.9286
-3.3568
1.1653
7.6660
12.2369
13.7855
12.7125
7.9905
2.7591
2.2124
-1.8563
-3.2144
-2.6412
-6.9111
-11.3748
-6.5030
1.2556
8.1686
6.2080
-6.8329
-12.5426
-13.8902
-7.4917
-1.2822
-1.2561
-6.8281
-4.1110
0.7310
6.6231
6.1709
1.6217
-4.1366
-3.7606
-1.7626
1.6229
0.2048
-2.2970
-1.2179
-1.9152
-2.6440
-2.1603
-0.2562
-1.7263
-3.0679
-2.2976
-2.4749
-3.4433
-2.5638
-1.2464
0.9738
-2.1514
-4.6557
-4.1371
-3.0774
-1.4998
-1.7425
-0.8316
2.8567
3.1071
6.3789
7.8288
4.6913
4.4107
2.1659
-2.8190
-3.2047
-1.6865
-0.6140
1.6790
-0.7730
-3.8507
-5.0963
-4.7591
-2.9596
-5.9120
-7.5287
-16.4059
-23.6318
-23.9942
-21.4297
-16.1641
-9.3656
-6.9781
-7.4046
-13.1692
-25.0589
-19.3226
-8.2939
-0.8978
1.9847
-0.3126
1.4292
-1.4818
-4.4305
-5.7234
-9.2256
-10.7837
-11.2161
-8.4274
-11.3803
-7.3034
-4.3660
1.7260
8.3520
-0.7215
-6.0814
-7.1989
-3.3072
-0.9867
1.5634
4.7781
4.2563
4.0419
-4.7008
-6.2439
2.6790
5.8349
2.8003
-0.6351
-3.2189
-4.4704
-11.3092
-9.7449
-12.3212
-7.0133
-5.1133
-4.7925
6.2782
3.7657
2.3370
0.1602
-3.5791
-8.5114
-6.2993
-4.5925
-4.6286
-6.2128
-5.2345
-3.1165
-7.6870
-14.8996
-6.7756
-1.0750
-1.9915
-7.3433
-0.6651
-3.7213
-3.8772
-1.0896
0.3192
-3.7454
-1.6782
-1.0917
0.9305
1.0336
-5.6646
-4.3941
1.3625
0.6143
-7.1570
-4.5120
-2.4892
-5.7947
-5.1030
-6.8440
-9.5334
-4.7194
-5.4283
-5.4700
-2.3193
0.3397
0.2716
1.4131
4.7768
9.3635
9.7727
3.4255
-2.8117
0.6886
-1.1163
-3.9385
-7.9687
-13.5442
-12.1764
-3.7404
-3.8506
-3.4337
-4.3863
-3.7679
-3.0135
-3.9254
-0.4108
2.8502
3.7309
0.0673
-2.1783
-4.8070
-5.7760
-5.5171
-4.6279
-8.1436
-1.8865
1.3043
-0.2047
-3.5566
0.3552
-6.0234
-7.0088
-4.7666
-5.5013
-4.7886
-3.2347
-2.0463
-7.8697
-11.8724
-12.0948
-8.2708
-7.8102
-15.6922
-17.3128
-10.1482
-8.7685
-9.1284
-5.5764
-4.4900
-5.4266
-6.8925
-10.1215
-13.2274
-9.5876
-10.7654
-9.8622
-10.1052
-12.8308
-12.5969
-10.0981
-8.0157
-7.3564
-6.2637
-6.0061
-3.6844
-5.3459
-5.5143
-3.1408
-1.6208
-2.4199
-0.9675
-0.5774
-11.6704
3.8308
-18.7542
-21.3331
-22.1874
-21.0014
-19.1548
-16.2217
-15.1112
-11.0526
-17.5722
-13.5614
-11.2366
-7.5280
-8.4318
-11.3336
-17.0615
-14.5591
-12.5092
-14.5705
-18.7443
-21.8988
-22.6822
-24.6647
-25.3988
-20.3662
-9.2775
-1.0945
-3.2303
3.0123
-1.1791
-3.9249
-8.6316
-8.8026
-7.0293
-11.2218
-11.3139
-4.1347
0.2220
1.0580
1.3351
-0.3986
-5.9410
-6.7745
-7.6270
-8.4954
-5.6465
-5.0441
-5.0825
-8.1662
-5.8195
-6.0996
-4.5769
-2.5104
0.8759
3.3671
0.1827
-3.5703
-7.4094
-12.2148
-22.9458
-23.3860
-20.6033
-15.4078
-10.6398
-9.2193
-7.8780
-4.8881
9.3767
12.3282
8.8495
10.2467
0.2750
-0.7679
-4.4804
-5.6548
-5.0119
-3.3504
2.7750
1.9940
3.8847
-0.7980
6.0752
6.4539
9.5840
7.2117
0.3477
-5.5837
-4.5549
7.5028
2.4665
-5.7522
-5.9187
3.9352
7.7881
7.9345
8.2731
4.7954
3.1591
6.6664
7.7255
10.5481
9.8681
4.2744
2.2059
-1.7598
-4.2769
-2.0913
2.1915
-0.9671
-4.4829
-10.6867
-9.1693
-13.0634
-7.4800
-4.3512
-7.3508
-0.3683
10.9791
7.8203
0.2769
-1.8104
-6.3752
-8.7826
-9.5624
-5.4882
-6.6165
-8.9851
-9.7732
-2.5480
-4.3748
1.8066
7.6836
7.5197
2.1441
-3.5757
-6.7115
-8.0395
-3.9624
-11.4651
-14.0501
-16.9648
-17.5099
-17.5304
-16.4754
-14.6407
-5.0515
0.7097
-1.2814
-8.1027
-9.2288
-0.7771
-0.6050
-9.7021
-6.6490
0.8328
-3.2179
-3.0025
-14.2623
-13.5489
-7.8857
-3.5089
-6.2126
-9.4439
-10.0648
-4.1426
-11.4801
-16.5909
-16.5207
-19.4116
-14.7015
-11.1276
-11.1920
-4.3148
-0.7422
-10.1742
-10.0562
-7.4785
-10.1902
-12.6507
-9.2810
-9.8645
-9.3824
-2.8458
-5.3021
-6.7320
-4.4329
-10.8948
-15.9007
-16.0170
-13.3587
-12.8979
-11.6956
-12.4635
-9.3024
-10.8115
-11.6168
-12.2307
-10.6828
-11.6722
-11.3158
-9.7589
-10.8051
-13.8888
-18.1793
-18.7175
-19.9911
-17.5869
-12.3132
-14.7381
-13.6567
-13.3510
-12.6698
-14.6762
-13.9677
-12.5118
-7.9168
-10.7112
-7.2140
-12.3568
-3.6368
-5.6047
-11.1303
-13.0974
-14.6751
-9.4900
-4.6842
-4.6994
-4.1814
-0.3595
1.6260
4.0826
-7.8902
-14.9701
-16.4807
-11.8044
0.2702
5.2396
6.6657
-5.5534
-8.9243
-8.6971
-4.9316
-5.2417
-18.5061
-22.6416
-21.3002
-21.8071
-14.6380
-8.9957
-10.5116
-16.4955
-15.5573
-8.1512
-2.1166
4.1655
-1.7720
-7.5073
-16.8157
-16.7037
-12.0654
-8.0744
-11.7030
-11.9151
-4.1088
0.3807
0.3617
-9.5494
-17.2113
-13.6967
-18.6472
-32.5520
-28.6292
-20.8568
-17.0374
-15.2185
-8.1555
-0.7431
-19.1836
-21.8539
-15.0060
-10.0208
-5.4313
-4.0870
-4.2372
-19.6674
-34.4724
-31.7944
-28.8062
-20.2677
-1.2522
-2.4035
-6.9126
-15.0765
-21.8791
-15.4081
-7.8742
-1.2020
-9.4842
-5.6908
-4.1760
-4.7164
-7.4724
-7.6878
-13.4727
-14.9823
-16.5354
-27.4005
-31.5347
-24.5435
-17.4751
-17.8266
-20.9109
-28.0086
-28.1624
-32.3644
-29.7007
-23.0704
-12.4314
-4.0251
-2.6707
-2.6324
2.6931
12.0870
14.1512
9.5301
3.4668
-0.7557
-3.4256
-5.6006
-6.3307
-7.8457
-11.3283
-14.5789
-7.0385
-14.2443
-17.7358
-14.6423
-9.3498
-7.9824
-4.2413
-6.4326
-10.5713
-10.2311
-12.5630
-11.6498
-9.4260
-6.0565
-7.8867
-6.2964
-3.6368
-3.8726
-5.6744
-5.6677
-10.6077
-13.7646
-12.3007
-12.3364
-19.1743
-8.0038
-10.2412
-14.1853
-13.8997
-14.1484
-11.3809
-7.8649
-9.7720
-6.6494
-8.1716
-14.0052
-12.5183
-13.6012
-8.2396
-8.1356
-6.5989
-11.9496
-8.7765
-5.1077
-4.1080
-3.9391
-3.6788
-2.2728
-2.1811
-4.6159
-4.4536
-2.1482
-1.8482
-3.6200
-6.6017
-5.6416
-1.6401
-0.3765
0.0136
-0.6224
-3.4845
-4.0747
-2.1096
-2.0988
-1.6561
-2.1359
-2.8256
-2.4160
-2.3710
-9.7421
-11.7885
-8.3907
-3.3150
-5.5547
-9.1933
-5.2603
-8.4857
-7.2304
-7.2983
-6.8851
-5.2780
-7.2600
-9.8055
-8.5150
-12.2426
-12.6884
-12.6432
-13.0204
-12.2565
-9.8450
-10.6317
-17.2710
-15.4908
-11.6314
-6.3736
-4.0384
-8.2993
-10.8954
-6.5763
-11.6634
-11.1690
-7.2824
-11.7230
-6.5753
-7.3858
-12.2522
-15.5902
-14.7532
-16.5989
-10.9843
-4.4921
-0.2629
-2.6170
2.8102
0.2400
0.4035
-2.0487
-4.6323
-1.0770
-1.0214
-5.4232
-7.8675
-16.7431
-17.2690
-12.5130
-15.4112
-12.8106
-11.7097
-15.1353
-19.8857
-22.3602
-24.3749
-14.1390
-13.3843
-15.7774
-11.7502
-8.6134
-4.2749
-7.5157
-4.5271
-3.7434
-2.9654
-0.6697
-4.8210
-3.8334
-5.2026
-5.2574
-6.5442
8.8964
13.4112
7.1448
-6.9895
-10.9116
-9.0366
-4.0393
2.6553
3.4777
2.9587
1.7526
0.9923
2.9749
-0.3209
-4.2027
-1.8088
9.2105
11.4740
9.4120
-0.3334
-12.0906
-12.7183
-8.5032
-3.2586
-5.5051
-10.8164
-16.0230
-17.3268
-15.0698
-13.4023
-16.0172
-5.0452
-8.1683
-8.0674
-9.2307
-9.8391
-10.0455
-13.6171
-17.2550
-14.4305
-12.4758
-16.7198
-15.5199
-12.7140
-4.6415
-11.3634
-23.9698
-27.6834
-28.4042
-32.5092
-30.6410
-23.0738
-14.0946
0.0313
0.8180
-7.8860
-15.3840
-14.6326
-11.2648
-14.2263
-11.5940
-8.0918
-10.7065
-10.3436
-11.4236
-17.1784
-17.1650
-17.1808
-13.3924
-13.2053
-11.1721
-12.5811
-8.8113
-8.1608
-8.6311
-7.0728
-9.7639
-12.2975
-13.6153
-7.2331
-0.6339
1.2463
-3.1827
-4.6935
-10.0170
-3.7949
6.5628
2.1804
-7.3147
-4.9177
-2.1394
-2.2937
-6.0405
-3.6583
0.8852
8.5516
9.8819
4.3685
-6.3270
-12.2756
-12.8694
-8.8614
-5.5587
-2.4386
-2.4052
-1.0734
-1.6228
-1.8332
-7.6027
-11.7470
-12.6032
-10.5759
-5.2157
-1.1897
3.3226
0.1170
-1.8482
-2.5104
-1.6758
1.2581
2.9853
6.5041
6.8828
-1.8310
-7.2055
-6.0240
-2.1733
-4.5588
4.1071
7.7506
5.1308
1.2658
-6.0641
0.0469
2.9642
10.6906
2.5266
-4.7553
2.1901
3.7318
-1.9764
-2.9951
-4.9386
-6.5135
9.2554
10.8871
2.0378
-5.1818
3.7155
10.2832
10.1002
8.1472
7.1027
5.7426
0.2697
-2.4842
-1.7927
3.3675
0.3518
2.7108
7.4046
4.7555
1.1899
5.3492
8.2077
3.9348
-1.9660
-2.3486
-2.2261
-3.5296
-8.3891
-2.3994
3.9232
2.6820
-5.4240
0.4854
6.3806
6.0042
-0.2215
-3.4361
3.1522
9.3280
7.8791
3.2950
1.4844
5.4836
7.1311
5.9918
3.5679
3.1816
-3.3248
-11.1251
-15.9605
-13.3581
-10.2171
-11.1281
-8.5274
-2.1168
-6.2357
-15.7991
-17.8464
-15.7221
-9.0664
-3.1429
-5.7215
-2.4333
-6.9374
-4.2575
-3.5553
-4.7209
-0.3563
6.6709
-1.9108
-6.8024
-4.4750
-4.1061
-0.9849
0.4464
0.3161
7.2984
5.4239
-0.0048
-2.4358
-3.3674
-8.9718
-19.1541
-26.3467
-28.3255
-21.8121
-23.0139
-15.7896
-17.0530
-14.7681
-12.0860
-10.1045
-10.3451
-9.9376
-6.7965
-21.9386
-9.2079
-1.8707
-6.1587
4.3194
6.8145
-10.1860
-9.6516
-9.0105
-11.6765
-14.3062
-12.8276
-20.8473
-20.2431
-10.0345
-6.3539
-8.4078
-12.0729
-9.7720
-6.4062
-13.8575
-10.1168
-8.4061
-9.6504
-13.1730
-16.8934
-16.1602
-11.9084
-10.4207
-16.9735
1.5376
1.2451
-5.0519
1.9933
7.0948
-0.3462
-9.7296
-8.6480
-2.0306
-4.2014
-5.7957
-4.8038
-7.8466
-11.2892
-16.2179
-12.4598
-11.4578
-8.6471
-14.5201
-19.0710
-19.4466
-18.6542
-16.4609
-13.3997
-18.4517
-6.1422
-0.0405
-3.8313
-10.6299
-15.2523
-11.6044
-6.1893
-10.7038
-11.7753
-7.8248
-5.1992
-3.4953
-2.0963
-0.9368
-1.1182
-3.3563
-4.1912
-1.9532
-2.4298
-3.2767
-1.6475
-1.0297
-2.5729
-2.8094
-2.9064
-2.5146
-2.1157
-3.7704
-3.6429
-4.6680
-6.7404
-5.3544
-1.2908
-2.9090
-2.0416
-2.2794
-2.8079
-1.7338
-1.5741
-1.2067
-1.2945
0.2819
-0.7674
-2.2663
-3.8167
-5.4184
-3.7754
-0.9607
-0.2815
-1.1857
-3.4974
-2.1272
-2.4597
-1.4897
-0.1148
0.6594
-2.4848
-6.0833
-7.5032
-11.6262
-7.3924
-3.3466
-5.1572

Coefficient 19:
0.0000
-3.6129
-4.5821
-6.6520
-6.6468
-5.9190
-7.2014
-3.6293
1.5810
-1.9878
-7.2677
-5.3899
0.9285
5.4020
5.4114
3.1354
0.7746
-4.4116
-11.8332
-15.6466
-14.3988
-8.2624
-4.5469
-2.4550
2.6870
5.4890
2.5408
-1.9353
-10.8785
-11.2052
-13.4564
-8.2966
-2.3523
-3.9140
-4.7383
-8.4824
-1.3619
21.1436
30.2567
27.1973
18.2349
8.2596
-3.0204
-2.2851
-0.3482
-1.4334
-6.7007
-17.6861
-10.3987
2.8777
2.8013
2.3481
-0.1388
-0.9346
-5.7333
-12.5640
-12.0235
-9.9606
-10.7459
-8.9704
-9.0999
-8.2844
-6.6092
0.5594
-1.4756
-0.2102
-2.5676
-9.6230
-3.7486
-0.4751
0.6276
-2.3316
-3.6171
-5.0746
-4.0604
-3.7857
-8.2515
-8.1786
-5.5789
17.4868
20.5031
11.5764
2.2728
-2.0493
-1.5714
-0.2878
2.9695
-0.3729
13.7030
19.3681
14.1371
6.3940
0.7219
-5.6070
-7.0646
-3.1642
3.3122
-1.6170
-6.8494
-7.8956
-7.5408
-4.4590
-1.3258
-2.1571
-1.5942
-4.2841
-7.8767
-10.5944
-5.4439
1.5828
1.3545
4.2955
6.0512
0.7406
-7.6500
-2.7837
-3.7988
-10.6183
-14.2658
-16.6257
-14.0377
-7.2284
-5.2417
-2.0615
-7.0281
-12.2831
-12.2834
-8.0887
-6.2657
-7.6936
-14.0917
-11.4153
-6.9496
-9.4856
-8.5808
0.5514
-2.1421
-4.2008
-8.7271
-9.2091
-9.6106
-9.9521
-9.9941
-13.8823
-14.7057
-6.3363
-3.1675
-1.9434
-7.7698
-9.6203
-4.0702
-5.5923
-4.6170
-6.0829
-5.2849
-11.2249
-6.1201
-4.1585
-8.2398
-12.2614
-9.0073
-4.4320
-6.8024
-10.8952
-15.2123
-15.4281
-14.3470
-16.0572
-19.0739
-15.6454
-12.8953
-25.3845
-25.1654
-24.0102
-16.5924
-11.0997
-13.8032
-18.6298
-22.8990
-18.0052
-9.5956
-10.0537
-13.0211
-19.6069
-24.8307
-16.0905
-11.3168
-16.0108
-16.7023
-23.1878
-24.2845
-18.4336
-13.5121
-6.8434
-5.7125
-10.3666
-9.9298
-8.5168
-2.3010
-1.1352
-4.2751
-4.1685
-5.8553
-13.3546
-16.1410
-22.8347
-16.1200
-9.3682
-14.6732
-21.2702
-12.2983
-5.6738
-6.0641
-6.0439
-7.8683
-7.4313
-11.2116
-8.1219
-4.4785
-1.7465
-9.3745
-11.8478
-13.6298
-15.7958
-15.8510
-18.5425
-13.5882
-12.6934
-15.7722
-14.3954
-14.0761
-9.2223
-3.2771
-5.2375
-12.3927
-12.7220
-12.4128
-10.1252
-7.1616
-8.2569
0.4707
3.7882
0.9060
-13.9422
-17.6402
-16.5548
-10.4772
-9.4911
-13.5782
-16.4419
-14.3271
-14.9864
-14.4235
-12.1378
-16.2430
-19.3188
-12.6967
-12.5301
-12.7253
-8.8882
-9.4725
-13.0276
-14.7310
-14.0365
-13.3076
-11.2388
-5.5768
1.2739
-0.6744
-5.7749
-11.3774
-16.0718
-20.5398
-20.7311
-16.9096
-10.7792
-11.3688
-10.5227
-4.9190
-0.1869
-1.0977
-5.6370
-5.9610
-3.2489
0.7078
9.2409
0.6884
-10.0653
-11.7895
-10.9624
-8.6822
-5.5353
-3.3377
3.9118
7.7273
10.3388
9.0219
5.6849
1.1378
7.4335
12.8331
10.2779
2.8302
0.9343
4.6343
9.2967
7.9181
-1.1724
0.9493
-0.4689
1.5892
2.1048
1.9198
-1.7509
-5.9602
-4.8944
-3.3125
-3.8013
-6.2968
-9.2810
-14.0318
-19.0547
-15.1762
-16.1629
-23.3102
-23.8431
-21.0478
-18.6404
-7.4149
-16.6637
-24.2812
-23.8579
-28.1327
-24.8286
-14.2999
-12.8872
-12.9475
-9.4364
-10.7861
-11.8046
-13.1472
-12.1025
-6.9804
-10.1658
-10.3310
-9.0629
-2.9129
-2.9061
-18.2511
-15.9629
-14.7001
-15.4093
-20.8447
-21.0138
-16.8196
-5.0716
-18.6763
-25.4054
-24.8121
-22.9151
-26.6181
-28.2964
-23.9899
-18.4834
-14.9955
-15.5596
-16.7401
-12.1296
-10.3896
-7.6982
-6.1894
-5.4881
-3.8473
-1.7101
-6.1543
-12.6379
-16.6643
-12.1453
-13.3771
-12.1273
-8.0247
-7.3726
-19.0232
-22.6738
-21.0223
-22.4032
-20.3863
-20.3823
-17.7504
-4.4756
-9.8679
-11.2209
-12.7080
-15.6792
-14.4179
-12.0080
-7.9980
-5.8381
-9.1621
-9.4879
-19.2790
-26.3692
-19.8811
-14.9492
-16.0503
-12.1041
-6.6849
-4.1737
-3.9262
-2.2827
-1.1476
-3.4986
-6.6770
-7.2880
-7.2810
-4.5206
-3.9708
-2.9799
-3.0626
-2.1518
-7.6640
-9.9796
-11.4336
-11.7195
-8.3477
-11.9795
-16.6746
-19.8673
-16.8721
-11.6546
-14.9825
-11.6895
-10.7650
-18.1956
-10.4723
1.1002
2.6642
-7.9895
-13.1161
-14.4802
-18.5603
-20.2094
-15.0126
-14.7761
-8.9672
-4.0278
-4.5388
-4.2400
-6.9783
-11.3479
-7.2194
-5.1278
-9.4192
-10.1819
-3.7035
-3.7525
-3.8051
-2.6979
-0.4650
0.9446
0.9117
-0.4276
-1.4357
-2.7463
-2.2599
-0.3700
-1.1632
-3.4935
-3.8810
-3.8334
-3.6892
-2.8330
-2.8494
-4.0246
-4.7764
-6.6750
-11.2086
-12.3070
-2.2888
1.5722
-5.0486
-6.4173
-6.6982
-12.5858
-13.1033
-12.2113
-11.4191
-10.8688
-7.2219
-10.1539
-17.8877
-17.5031
-16.4630
-9.9214
-9.1575
-9.2055
-9.5021
-2.4403
-0.4790
-2.9567
-15.0900
-16.8636
-16.7531
-16.2025
-13.2778
-18.3364
-19.5032
-22.2384
-20.5322
-15.8432
-13.7632
-21.5006
-21.2918
-21.0672
-23.0195
-22.3471
-15.1839
-10.4045
-13.7225
-17.2525
-18.4966
-5.4124
-0.8043
3.4441
4.5051
3.2550
1.2224
0.6846
-10.6107
-13.5230
-19.1708
-20.2093
-21.2275
-23.2814
-19.2645
-18.9927
-20.1857
-20.0107
-19.3991
-17.9414
-18.3670
-14.8703
-6.8652
-0.7159
-2.1437
-1.1565
-0.8973
-6.7991
-7.7387
-11.4047
-11.4425
-2.1695
-1.0845
-4.2615
-5.7679
-7.4089
-18.0638
-17.3541
-12.9725
-4.9421
4.0723
4.0500
3.5419
5.5331
2.0626
-8.0154
-13.9992
-6.3354
-13.2457
-18.2226
-13.0350
-13.4872
-14.3148
-4.4117
2.5169
3.4369
-0.9667
-16.7409
-15.7393
-13.4419
-11.8412
-7.0668
-4.4516
-7.1717
-5.2390
-7.8357
-7.3342
-9.7242
-7.6885
-5.7467
-3.3470
-6.8600
-8.5713
-8.7057
-14.3390
-15.9697
-10.8098
-8.6137
-16.2201
-10.3799
-5.3576
-3.2252
-6.3337
-7.9476
-9.7045
-9.3694
-4.7958
-2.9649
-2.8621
-2.2332
-1.8231
-0.2238
2.3138
2.7764
-1.3385
-2.9625
-3.8147
-4.6654
-4.2245
-2.4521
-3.4384
-4.5016
-4.8777
-4.9354
-6.9489
-6.0060
-3.5139
-4.2543
-3.8791
-5.4307
-4.9291
-4.3797
-5.6661
-6.0239
-4.1605
-4.0398
-3.0305
-3.1770
-4.2973
-3.3202
-1.7336
-6.3979
-5.2339
-2.8566
-5.1181
-8.9608
-11.5448
-13.2922
-8.1274
-5.3857
-9.9867
-14.3382
-16.0926
-18.8510
-15.9620
-5.6149
-8.7063
-13.4455
-11.1191
-7.4019
-10.1787
-11.1261
-11.7656
-16.7610
-21.6704
-16.8867
-11.3338
-9.8125
-8.1665
-7.1413
-7.5036
-3.8824
-2.1443
-4.8837
-10.9951
-14.2994
-20.6501
-25.3195
-21.8337
-14.8278
-11.3786
-10.1707
-7.3686
-5.6454
-2.8504
-4.3642
-9.8258
-10.3959
-4.0159
-1.5592
-6.7726
-1.4353
4.8858
11.3300
2.7130
-3.3576
-9.6159
-10.1120
-6.8222
-9.4634
-3.1134
0.6168
-5.6001
-11.0726
-7.2046
-12.0702
-15.0451
-13.7135
-16.6976
-13.8866
-17.6954
-19.7950
-20.2664
-15.5619
-14.5256
-15.4021
-9.7983
-4.0205
-6.0812
-15.5307
-23.9297
-24.3649
-27.0702
-25.4232
-22.4187
-19.2947
-20.1664
-22.5601
-21.9207
-13.0786
-7.9611
1.5563
5.5282
-2.8190
-5.1738
-5.7672
-8.8352
-6.5065
-2.4709
-6.2439
-7.5596
-3.8198
-8.0753
-12.0249
-15.7955
-15.8610
-16.8009
-9.2712
-9.6175
-13.5530
-6.3516
-6.2364
-9.7744
-12.3437
-8.7122
-8.1086
-10.8212
-14.4159
-18.2374
-22.5653
-18.7811
-14.6519
-5.1983
-5.1187
-6.1521
-5.8567
-3.1357
-4.7097
-4.6823
-5.5335
-4.6919
-4.3946
-4.1914
-2.8347
-4.9421
-5.2867
-4.9923
-4.6294
-4.6557
-6.8996
-5.4863
-4.5481
-4.0980
-2.5217
-4.3426
-3.2126
-3.3663
-3.2097
-2.4668
-4.3100
-4.4998
-3.7298
-2.4682
2.1736
3.2011
6.3474
4.4120
0.2606
-1.9498
0.0246
-2.9545
-3.7117
-3.2129
-4.7800
-8.2209
-7.2818
-2.2864
2.5779
-4.1701
-5.2965
-3.6441
-6.1964
-7.2143
-8.1330
-9.5939
-10.3718
-9.2266
-6.4710
-1.3045
4.7111
4.7095
-1.0165
-2.5634
-2.4317
0.8757
-0.3890
-2.8032
-1.7312
-2.4685
-3.0519
-2.5912
-1.2568
-2.6224
-3.1281
-2.7026
-3.5106
-4.4493
-3.6211
-2.6348
-0.5186
-2.9790
-5.0978
-3.8991
-2.6529
-1.6530
-2.1346
-2.3937
-3.3144
-3.4601
0.0512
2.1426
0.6053
1.4440
0.3827
-3.2687
-3.4411
-1.7312
-1.9611
0.1136
-1.2932
-4.1593
-6.3028
-5.3770
-5.8188
-16.0510
-6.4690
-9.9661
-9.8048
-6.8944
-4.6586
-9.5095
-10.0297
-7.3132
-10.9975
-17.2362
-15.7542
-20.5782
-18.7706
-13.2500
-12.4425
-14.2400
-8.8593
-6.1518
-7.0950
-8.4708
-7.6579
-6.7056
-10.4818
-15.9444
-17.2317
-12.3493
-9.2056
-7.6665
-9.6591
-15.3103
-15.6310
-16.8740
-23.9295
-22.9828
-22.2116
-20.4166
-14.1960
-8.5760
-7.7886
0.8394
4.8775
2.6686
0.7229
-6.2853
-4.6528
-3.4232
-10.8341
-3.7181
-3.3479
-6.4419
-6.9055
-2.9313
-4.2762
-7.4796
-3.7528
-7.6181
-11.1952
-14.2728
-16.4977
-18.3517
-22.4863
-16.5058
-11.5683
-8.8176
-8.5904
-7.9706
-13.2802
-12.7444
-21.0237
-19.5885
-13.6377
-7.8396
-5.4378
-4.8551
-3.3950
-6.2067
-9.2390
-9.1554
-9.9915
-6.7464
-9.8494
-17.3486
-20.3113
-12.0432
-12.0954
-8.2693
-14.7364
-15.7145
-13.6894
-9.5839
-9.2076
-12.5787
-20.2573
-17.3586
-12.1820
-13.3997
-16.4194
-20.6975
-24.7858
-24.8578
-22.6786
-25.6855
-27.7692
-27.4448
-21.6003
-20.3335
-15.9857
-7.6398
-4.2044
-7.4889
-15.0998
-14.0324
-15.0446
-14.0843
-18.6115
-20.8664
-14.9045
-12.9879
-7.6416
0.0807
-0.3448
-5.6319
-8.2913
-9.8212
-10.9979
-10.8824
-11.7669
-10.3978
-14.1275
-14.1970
-18.2916
-23.9194
-23.3301
-21.7248
-21.1301
-18.6852
-13.5903
-9.2967
-12.7259
-14.2450
-12.4299
-8.7240
-9.4341
-1.5639
6.8183
10.3537
11.9993
13.0537
16.7237
21.2673
21.5809
19.0819
15.4827
13.9723
17.6035
16.1055
13.6597
9.3980
6.5571
8.8266
8.9112
6.3224
5.8141
4.8059
2.6918
2.0959
-4.8294
-5.2591
-3.3974
-1.8727
-2.8258
-1.4218
-1.4822
-10.7629
4.6522
-6.6104
-8.7928
-11.9276
-12.5836
-7.3307
0.2383
1.6118
1.7801
-7.3723
-12.5310
-7.4088
-2.0545
-3.9443
-9.7256
-10.4367
-10.2776
-7.3720
-9.5889
-7.5571
-6.6748
-11.5333
-20.7486
-20.8124
-12.2194
-5.6609
-4.8241
-7.0630
-11.0659
-9.2698
-2.8219
0.7136
1.7889
-7.7985
-10.6242
-12.8672
-13.2874
-16.7646
-14.0259
-9.2296
-8.0632
-11.8373
-13.9038
-14.1544
-12.1850
-7.3073
-4.5867
-1.2091
-8.5107
-23.2541
-21.6900
-22.9130
-20.6638
-14.6374
-11.9396
-8.7565
-8.0318
-0.8105
4.8131
-2.0869
-2.5490
-4.5109
4.4580
4.9244
2.3325
-5.1221
-1.2294
-13.8950
-20.5971
-20.9928
-18.7460
-16.8605
-20.5222
-17.1000
-20.1410
-17.2767
-16.2757
-12.0571
-8.5831
-1.1913
-12.8082
-17.3006
-16.4594
-13.5126
-13.9082
-8.2513
-8.4149
-10.6086
-21.2662
-18.6233
-23.3039
-28.0115
-21.6281
-15.7485
-11.0901
-6.0461
-1.6829
-7.2458
-11.2444
-9.9775
-3.9532
-0.9674
-4.7693
-4.9666
-7.1323
-6.1831
-5.3970
-8.8200
-14.1890
-9.8009
-11.4130
-8.5668
-8.7251
-8.3807
-9.2081
-12.9600
-13.1827
-11.3488
-11.2178
-11.5743
-7.4385
-6.7778
-5.2944
-3.7352
-8.6770
-11.5380
-9.0307
-10.9528
-16.7588
-16.4081
-12.5424
-11.5655
-13.0045
-11.9760
-4.3791
-8.6236
-6.9359
-1.7408
-7.7797
-5.6533
-5.6406
-3.9809
-3.8006
-6.3171
-9.5553
-12.0448
-11.3599
-8.4603
-0.9967
2.6881
5.3157
4.1351
-0.8763
-7.9491
-8.0263
-1.6872
-2.1978
-10.2869
-11.0812
-8.8499
-10.8592
-11.9687
-7.7130
-6.3697
-7.9330
-11.7007
-11.5499
-8.5741
-12.3490
-13.4943
-13.7854
-14.3555
-15.8591
-18.9379
-10.6178
-9.3293
-10.0077
-7.9572
-4.7674
2.0200
1.1954
-4.0989
-5.3667
-9.9845
-14.3556
-17.0741
-13.6044
-16.0611
-20.6602
-21.7976
-22.1768
-17.2609
-10.6444
-12.8333
-11.6196
-10.6318
-11.6496
-8.1306
-10.0572
-11.7497
-10.3447
-9.7363
-10.2246
-11.4399
-12.5280
-11.7501
-12.0374
-16.1086
-20.6490
-19.6758
-15.2477
-14.1160
-15.7808
-14.9669
-13.2058
-8.5078
-8.5104
-7.4201
-23.6549
-25.1046
-23.1243
-18.3984
-13.5797
-13.2119
-6.1984
-3.2643
-8.1803
-10.6102
-11.0726
-11.6109
-9.7251
-15.3387
-13.8807
-17.0087
-10.8801
-6.7458
-8.2334
-6.7557
-8.8335
-2.9419
3.0306
6.5037
-1.5173
2.4506
2.8975
9.9569
5.9825
-5.4063
-2.0770
1.2112
-10.0321
-15.3760
-13.0745
-12.4398
-15.6234
-5.7924
-5.2976
-8.7381
-7.6631
-8.2719
-4.6135
-6.9947
-10.8670
-8.2553
-10.9239
-14.9115
-13.1611
-7.5718
-1.6747
-13.3607
-4.9593
1.3592
0.0487
-4.9412
-7.2500
-2.0929
-5.3276
-15.9999
-12.3506
-8.3656
-9.0270
-9.9125
-10.1684
-9.6309
-12.7771
-12.2057
-11.4294
-11.1734
-4.8962
4.9650
-5.9320
-8.9522
-8.7949
-3.9805
10.1398
13.9691
7.9857
-11.4472
-15.2703
-18.3660
-28.8311
-30.6255
-25.3252
-12.6104
-9.9794
-1.9349
10.0464
4.9083
1.4579
0.2515
1.2949
2.2565
-2.9305
-2.6358
-7.9703
-14.2128
-20.7062
-19.5212
-7.8742
-3.4865
-5.0366
-7.4622
-9.0950
-7.1517
-2.9227
0.0516
1.1558
2.0908
-6.2114
-17.2925
-19.8138
-16.7506
-17.4040
-14.5048
-20.9871
-25.5252
-20.7213
-16.9587
-13.3509
-6.0381
-2.3714
-4.8238
-1.9866
-3.9505
-12.2524
-11.8638
-8.3172
-7.5554
-1.0232
-2.8848
-7.9814
-5.1834
-10.9781
-7.0476
-0.3196
0.3289
-5.8159
-7.3737
-9.2785
-16.0572
-13.2745
-10.1488
-12.1865
-8.1174
-12.2053
-16.5164
-18.9044
-19.4515
-24.9921
-24.7561
-19.5904
-18.8792
-17.4618
-12.4506
-7.8596
-5.0197
-5.1292
-4.3812
-4.6467
-4.1102
-2.3358
1.2100
1.6487
4.4854
8.1009
9.7149
9.6154
9.8110
10.1715
12.1034
11.9657
11.5901
11.5711
9.1968
7.4708
7.6040
5.4357
3.7392
0.0368
-3.0894
-2.6103
-0.7474
0.7299
4.1089
4.3794
0.2579
-1.2582
-4.9217
-7.2543
-6.6317
-8.4708
-6.5679
-5.6118
-3.9623
-3.8354
-3.5876
-0.7346
-3.1016
-7.0926
-9.9078
-13.1718
-10.9932
-10.0207
-11.9550
-9.5167
-15.6313
-14.8345
-12.8671
-14.5659
-10.0014
-9.3013
-10.2751
-11.0440
-8.3729
-8.6026
-9.8933
-9.6936
-7.3128
-12.6389
-11.6342
-0.5026
-3.1874
-9.9823
-14.1361
-12.3363
-13.1641
-7.7895
-8.1683
-10.2102
-11.0371
-16.3458
-18.8105
-20.1198
-6.5483
-0.9520
-0.2232
-4.9387
-10.4704
-0.7494
-3.9149
0.1324
2.5887
-1.3119
-5.8348
-5.6462
-10.1165
-1.9161
-4.3435
-13.2009
-14.3372
-10.2270
-10.2394
-13.5185
-6.0417
2.6117
4.9021
-2.3892
0.0882
-3.3340
-5.9299
-17.8017
-30.7788
-26.8006
-21.2294
-19.3261
-16.1578
-17.9341
-15.9074
-6.3328
-4.8649
-7.6642
-9.3354
-12.6751
-20.9279
-23.0452
-22.8049
-26.0337
-31.3294
-31.6019
-26.3584
-16.9481
-18.8416
-20.5362
-21.8220
-14.8829
-4.8321
-5.7084
-7.4595
-4.9409
0.2265
-3.0931
10.6699
12.8972
10.1804
7.8394
6.6337
3.6233
3.8494
9.6845
10.9683
14.2634
4.1369
-2.4610
-7.0272
-14.0594
-5.4566
-1.9534
-7.8228
-11.0088
-13.8851
-15.4769
-14.9359
-20.5232
-20.7804
-11.2844
-17.8266
-25.9748
-20.6188
-11.4962
-7.2559
-7.4610
-0.8739
-0.3526
-5.2976
-9.7713
-12.1793
-11.1129
-8.5285
-8.3093
-5.5030
-2.0760
-1.1092
-0.9708
-10.8377
-20.5202
-20.9611
-17.6829
-9.1780
-6.7386
-13.7310
-18.5757
-16.4595
-12.7136
-18.0292
-23.4657
-26.1888
-17.1257
-16.2206
-23.1685
-18.9721
-9.6558
-4.5005
-9.5144
-22.9766
-25.9237
-14.1910
-12.9132
-9.6686
-14.2071
-17.5133
-17.9729
-18.3286
-19.0003
-8.8008
-3.4365
-3.5088
-1.6890
-2.7708
-3.9570
-7.8661
-10.2630
-11.3248
-13.5307
-12.3483
-8.9764
-5.1630
-0.6286
-2.0455
-2.7783
-1.9417
-3.1957
-7.3327
-11.8744
-8.1732
-1.3659
-9.0199
-15.0447
-17.9360
-18.6920
-8.8679
-2.5276
-4.5252
-2.7724
-1.9138
-1.6122
-2.6670
-0.1580
-5.5377
-2.5341
-0.0815
-0.9961
-1.8949
-0.4531
-2.9634
-12.8504
-13.7029
-14.6976
-23.3416
-22.9017
-25.6994
-23.7600
-15.1596
-9.5218
-7.9489
-11.4846
-14.1297
-15.2405
-16.9084
-16.9669
-19.5301
-21.1979
-24.4834
-22.0365
-12.2376
3.4513
6.9266
3.0132
-2.6694
-2.6009
-2.9253
-2.0700
-16.8490
-19.6206
-21.3420
-17.3394
-16.4331
-17.7955
-22.3511
-26.7138
-27.5772
-26.5421
-20.4430
-18.0379
-12.5706
-7.5331
-7.1461
-13.5178
-15.1935
-13.3753
-7.6415
-6.1114
-10.4691
-8.5352
-1.5572
2.6319
3.8840
0.9010
2.4225
-1.1908
-0.8207
-13.9725
-9.6219
-11.6964
-10.9425
-10.4043
-9.3824
-8.5371
-8.6905
-10.4130
-5.8023
1.8554
-4.0289
-3.8761
-9.6564
-16.9093
-14.0951
-11.3680
-10.4935
-17.8254
-18.6096
-6.8857
-5.1963
-3.0951
-3.1779
-3.6219
5.4920
14.7846
2.4003
-2.3890
-0.4017
6.5115
0.6693
-0.7151
-0.7818
-8.9323
-16.5955
-15.5701
-9.2206
-5.9559
-1.8564
1.2884
-4.2197
-15.3928
-15.0995
-8.7144
-5.7948
-6.0240
-4.8043
-1.8231
5.5767
19.2976
3.6592
-1.1133
1.0255
-0.5079
-5.9016
-8.8940
-10.5082
-14.0076
-17.2563
-13.8518
-15.1017
-16.1541
-12.2856
-11.8532
-9.7164
-5.2213
-4.4382
14.0296
6.8210
-1.1859
-7.6931
-0.1768
1.7636
3.3495
-2.1758
-2.9427
-6.9433
-12.6222
-11.4482
-7.7825
-9.0299
-10.5008
-6.8235
4.2270
1.3368
-7.7499
-3.9844
-3.1451
-2.6761
-5.5438
-1.9591
5.8448
1.7056
11.6563
15.5479
11.4185
-0.1780
-8.8758
-7.1187
-4.0129
-8.5528
-8.6819
-6.7531
-4.6641
-3.3169
-2.3445
-1.5559
-1.6995
-3.3832
-3.9331
-2.5026
-3.0099
-3.6103
-1.9813
-1.5111
-3.1275
-3.2536
-3.1335
-2.7720
-2.8250
-4.2879
-3.9411
-4.7052
-6.6330
-5.5175
-1.8987
-3.3520
-2.7196
-2.9194
-3.2368
-2.0942
-2.1036
-2.0021
-1.9526
-0.4175
-1.8944
-3.4309
-4.6335
-5.9075
-4.0668
-1.7644
-1.2776
-1.7031
-3.8687
-2.6762
-3.0306
-2.8505
-0.4976
1.0168
-2.5775
-11.6967
-13.3944
-13.8670
-7.5082
-3.5012
-5.4935

Coefficient 20:
0.0000
-2.1660
-1.8489
-7.3928
-6.3424
-3.9401
-6.5320
-5.0333
-0.8845
-4.5462
-8.2626
-6.5313
-0.5925
4.2718
-1.5988
-7.7986
-4.1796
-3.3897
-6.0842
-0.2655
6.6689
9.6170
9.7109
7.6553
8.5430
14.0714
5.4935
-2.6454
-3.6373
-0.1266
-5.2835
-5.3126
-3.7288
-4.0622
-4.3139
-5.6130
-6.1478
24.5389
28.6109
24.6176
16.5664
6.1551
0.7726
-3.3162
-1.2431
-2.1190
-6.0301
-18.7943
-10.6731
-3.2921
-4.0685
-2.8667
-3.1825
-4.8500
-3.4644
-2.1837
-1.8902
0.6162
1.2813
0.1888
1.7830
5.7580
5.0477
5.3970
1.6964
-0.4399
-7.0115
0.6468
2.6349
4.6725
1.6782
-0.0629
-5.0800
-7.1777
-1.0784
-1.8248
3.8891
6.7640
2.2309
4.6933
5.3228
4.5221
5.0410
3.6921
7.8855
9.8610
7.0940
0.5874
-4.2805
-5.0395
1.0324
6.0716
5.1279
2.3425
-1.7413
0.7090
-2.1569
-7.0603
-5.6673
-0.8615
0.7277
-0.7627
-0.9800
0.1629
2.2078
0.6567
-12.0812
-11.0818
-13.3707
-19.7670
-19.3117
-16.4904
-14.4250
-6.0985
-2.5324
1.1247
-5.5065
-10.0407
-2.0937
1.9000
-7.2193
-9.3880
-10.6020
-4.0262
-8.5217
-18.3779
-26.4422
-25.5613
-18.6833
-11.8947
-8.7729
-11.1015
-10.7880
-8.9024
-9.1832
-7.1097
-3.0178
-6.5805
-2.9953
-5.7978
-3.4163
-3.5284
-6.3569
-9.2687
-12.6697
-15.6716
-12.2366
-6.0298
8.0274
2.5767
4.8112
-1.8467
-3.6956
-4.0977
-1.4353
-12.1192
-13.5608
-6.7136
-4.2403
-2.0541
-1.3628
-1.9992
-2.2757
-2.8890
-10.5256
-21.7142
-20.7106
-20.0884
-20.1772
-13.6055
-12.8464
-7.8307
-8.5392
-8.2310
-11.1781
-8.2146
-3.5610
-2.4131
-6.5495
-3.8435
-3.4659
-7.0105
-7.9586
-7.5142
-17.7700
-17.9181
-11.2530
-4.1257
-10.5553
-16.5512
-20.3977
-19.7292
-18.5612
-13.3389
-5.2787
-3.0958
-4.7364
-8.3770
-4.2036
-1.5250
-4.6271
-6.1957
-7.8166
-16.4818
-9.3084
-10.0775
-12.6076
-11.2659
-8.6892
-9.5544
-12.6399
-7.3586
-1.0443
-5.6954
-18.1515
-25.9638
-25.3617
-22.6142
-19.2264
-13.4792
-7.1251
-8.3655
-11.2519
1.0144
-1.4333
-13.5618
-15.4509
-11.3514
-9.5620
-6.5030
-3.2728
-1.9793
-3.0079
-4.8998
-3.1290
-3.2787
-1.4995
-1.3927
-0.6591
-4.2683
-5.4862
-10.0737
-4.4027
1.4214
4.3589
0.6548
-3.5076
-2.8943
-7.4253
-9.2898
-11.3547
-22.2446
-28.2005
-23.1697
-14.4410
-15.1520
-9.6567
-17.1885
-22.8517
-21.8980
-22.7549
-24.3990
-21.3582
-12.7729
-13.3789
-11.9062
-7.8014
-9.4855
-6.3497
-10.2055
-9.0172
-5.9525
-7.5077
-11.5649
-9.8534
-7.3993
-6.0115
-3.9592
-0.1503
0.3355
-3.9548
-12.9661
-14.8781
-8.3410
0.7738
5.3981
2.3046
-5.2132
-6.1978
-8.7517
-11.3158
-9.7626
-7.5901
-1.6993
-3.5888
-5.5771
-4.6145
-11.1815
-14.3967
-11.9595
-7.8073
-8.2343
-10.2383
-11.7445
-14.3058
-16.7429
-18.3306
-16.4241
-16.7334
-20.4718
-19.8522
-11.9124
-15.6721
-16.5964
-8.6085
-8.5663
-11.0683
-6.3547
1.9119
1.2830
-4.4793
-9.3115
-11.2596
-4.4416
2.3141
-2.2033
-1.2831
-5.0544
-11.3448
-16.7414
-15.0153
-9.0173
-15.0144
-17.4139
-16.0190
-12.9351
-12.1782
-17.3555
-18.8000
-14.5716
-15.3052
-9.5145
3.2443
5.3552
6.4996
2.4943
4.0386
3.6313
-5.7173
-6.0423
-6.1046
-0.4574
-2.4564
-2.1939
-5.1053
-0.5115
-3.8310
-2.0343
2.2854
10.4449
11.8945
10.4161
2.4667
-6.1168
-16.0463
-19.6263
-18.2750
-13.5132
-10.3437
-4.3586
-3.9026
-5.3822
-5.4255
-2.0028
10.0372
4.0670
-0.2426
1.6725
-2.5111
-0.9272
2.4452
2.0259
-8.0789
-6.6858
-8.2606
-8.9957
-11.9175
-11.6128
-10.2659
-9.9809
-9.4603
-8.6634
-2.2835
-0.1454
-4.2386
-12.8384
-13.1722
-11.4975
-12.5627
-15.4184
-17.2578
-13.8738
-8.5561
-9.9805
-18.1114
-16.6596
-17.7004
-20.8112
-21.4362
-12.7346
-6.4870
-6.6919
-10.1294
-11.1402
-9.6967
-4.9734
-0.2150
3.7898
0.7368
1.4871
-0.6496
-6.1751
-5.9941
-3.5042
-2.8685
-4.7157
-7.2097
-9.6783
-9.1803
0.0901
-3.5344
-10.0632
-8.7987
-7.1600
-0.7255
0.1199
-1.2404
-0.9060
-4.6071
-6.3366
-7.0157
-7.2513
-4.1559
-5.2317
-10.5700
-4.1239
-2.9349
-2.6137
-5.0441
-4.7914
-6.1454
-9.7928
-9.0789
-9.8069
-3.7830
-4.0957
-4.3357
-2.7143
-3.2446
-2.9548
-3.2311
-3.1577
-2.1576
-3.2169
-2.5400
-0.8699
-2.1001
-4.2161
-3.9751
-3.8816
-3.9194
-3.0364
-3.1787
-4.2871
-5.0525
-0.1392
2.4551
-1.9679
-3.2261
-2.1951
-11.4986
-11.0652
-13.0404
-8.7057
-5.7870
-5.0384
-7.5220
-4.5784
-3.5030
-13.2009
-15.4046
-6.4702
1.3976
5.3935
4.8105
-3.5320
-6.5043
-2.9653
-0.5943
-5.3993
-14.8503
-20.6648
-18.5814
-17.2793
-9.9011
-11.7024
-12.8646
-8.1081
-4.3138
1.2587
5.8850
1.8343
-15.4218
-9.5846
-3.5733
-2.9158
-3.6719
-5.1952
-1.5506
1.3977
-2.9801
-18.0226
-18.0532
-15.5857
-9.7540
-11.6017
-15.7652
-12.8130
-7.2110
-6.3826
-18.4854
-20.4443
-25.2993
-18.0377
-7.6124
-6.8277
1.0810
3.2996
-5.0884
-11.3163
-18.0450
-16.2037
-12.4985
-9.0735
-10.7449
-9.1211
-11.7679
-6.0002
-1.4065
-5.9862
-6.7466
-5.2680
-5.4474
-2.5553
-3.4603
-1.5693
1.0627
3.1122
-3.2888
-14.6682
-13.7907
-13.8579
-18.4141
-18.9677
-15.0734
-7.6530
-9.6209
1.5113
-4.0391
-7.8265
-14.0245
-11.7921
-7.0309
-7.2968
-10.8382
-12.6384
-9.8283
-8.3694
-8.1191
-12.1302
-12.7056
-9.5510
-11.1899
-13.5175
-10.5169
-8.4676
-7.2441
-11.3357
-12.3112
-7.7014
-11.0750
-10.8788
-13.6879
-13.4958
-1.5840
4.1813
4.1295
4.1247
7.4957
9.2737
6.9679
7.2522
2.3622
-0.6924
3.6222
4.0335
-5.3182
-3.3918
-3.4720
-2.3240
-0.5510
-0.8570
-1.8002
-2.3833
-4.0370
-3.9571
-4.3496
-5.7407
-4.6978
-2.8450
-3.9958
-5.0794
-5.4334
-5.4851
-7.5072
-6.5222
-3.8196
-4.4248
-4.0873
-6.3812
-6.0808
-5.1299
-6.5437
-6.2136
-4.2846
-4.1583
-3.2550
-3.6647
-4.0919
-3.8320
-2.2525
-9.9759
-9.5967
-14.6097
-13.8484
-14.6548
-8.1618
-4.7095
-2.7265
-7.1502
-9.5375
-9.8802
-7.0743
-4.2135
-7.3433
-1.9577
1.3013
1.4511
3.3911
2.9041
-3.4553
-1.8711
-1.8534
-10.3450
-8.2158
-10.7913
-13.9474
-8.8675
-6.3285
-1.2249
-2.3400
-4.0957
-6.0889
-13.7049
-6.6281
-1.7922
1.7624
-0.5778
-4.8181
-5.5224
-7.6179
-8.5517
-9.9939
-4.8889
-2.5136
-6.6235
-8.0918
-2.2296
2.2969
-4.0721
-9.7656
-5.9023
-3.5177
0.5419
-11.4843
-11.2149
-11.6853
-9.6857
-8.9804
-10.4708
-9.3208
-7.3633
-6.4492
-5.2004
-2.7486
-1.9435
-3.1730
-2.9051
-3.7456
1.1974
9.6082
5.3396
4.2106
-0.8008
-5.2255
-4.9671
-4.8501
-4.7109
-6.0175
-1.7007
0.3065
4.5415
-4.0171
-5.6359
-6.8118
-8.9231
-15.2917
-11.7295
-10.7264
-8.3464
-6.8113
-7.1963
-5.2685
-3.1854
3.5859
1.4375
-2.9604
1.4431
5.7281
-2.2616
-6.3478
-5.9505
-4.1103
-4.2086
-1.2608
3.8843
-1.6829
-8.2442
-4.8882
2.6771
-0.1296
-5.5986
-3.8526
-3.2603
-0.2074
0.8342
1.1267
-0.9827
-0.5441
-5.5412
-16.7144
-19.3506
-8.3777
-10.5878
-11.3352
-10.5917
-6.1296
-3.2088
-0.4982
-3.8745
-4.9312
-4.7303
-5.0848
-3.2130
-5.0316
-5.5901
-5.2855
-5.0360
-5.0008
-7.1306
-5.7501
-4.9273
-4.5894
-2.9380
-4.9691
-3.9675
-3.5013
-3.0713
-2.7945
-4.7824
-4.9109
-3.9674
-5.8064
-7.8032
-13.7633
-12.9707
-12.0919
-9.3341
-3.5329
-2.5467
-4.1397
-4.1273
-3.6869
-2.1343
-3.9587
-5.7620
-7.7145
-6.9258
-8.2988
-4.6750
-0.6912
0.2938
-4.5692
-7.3134
-9.5717
-9.5778
-4.0173
-5.5477
0.5965
5.9254
5.3007
0.4559
-2.4755
-2.9903
0.1811
-0.8867
-3.1981
-2.3646
-3.0449
-3.3464
-2.9205
-2.2088
-3.4157
-3.0811
-3.0169
-4.4185
-5.3326
-4.6748
-4.1357
-2.2196
-3.7674
-5.3539
-3.5249
-2.2328
-1.8916
-2.4860
-4.1385
-9.3723
-9.3598
-5.9604
-3.7666
-3.0885
-1.5754
-1.6277
-3.7938
-3.8329
-1.9246
-3.4502
-2.2847
-2.1678
-4.3069
-7.1643
-5.7995
-7.6507
-18.4106
-9.1859
-2.4247
-5.8793
-6.3819
-1.2190
2.9414
5.2071
1.6202
-6.6707
-13.9027
-10.8676
-12.7545
-6.8437
-3.1616
0.7339
-1.2484
-5.2332
-15.2597
-16.7523
-10.5600
-9.7394
-13.2399
-18.0091
-13.7203
-9.5841
-3.9927
-4.2227
-2.9460
1.4058
3.0707
-0.6685
-9.2410
-8.5225
-0.5001
3.9694
2.1929
-0.9319
-4.4890
-6.1826
-3.3933
-7.6371
-13.1419
-11.5420
-12.7687
-12.8626
-9.6764
-10.7183
-10.4111
-9.9139
-4.0611
-3.0152
-1.4072
-1.8011
-6.3227
-2.5482
-5.7186
-11.5609
-14.3251
-8.0635
-4.5348
-5.0657
-8.6566
-6.0600
-5.7758
-5.6316
-3.3228
4.9228
2.3234
-4.1355
-4.2407
-8.5629
-13.1069
-10.7122
-6.9920
-2.3060
-2.1646
-12.5109
-18.4537
-14.6442
-6.8513
-3.4823
4.5086
5.3976
3.7569
13.2918
8.7693
-1.5400
-6.2941
-6.9228
-3.9323
1.0855
5.8434
6.4532
0.7479
-1.1882
-5.2357
-2.7866
-6.4485
-8.3372
-8.4253
-5.0557
-0.5731
3.4703
3.5580
3.0864
-0.0897
-1.4559
-4.7699
-1.5388
-4.5716
-6.2294
-4.1253
-5.4585
-5.9662
-9.0240
-10.3332
-8.2929
-11.0089
-6.3056
-1.9151
-3.8454
-2.0845
5.6434
6.0478
1.0685
-5.7141
-8.4988
1.4321
2.7592
2.5785
-2.7530
0.8730
2.9783
1.4248
-1.8728
-2.7027
-2.3335
-3.0692
-6.4647
-10.7068
-9.6310
-9.3259
-2.2259
-0.6891
-3.6204
-8.1229
-9.4426
-13.0058
-15.1375
-16.1181
-13.0593
-9.5336
-8.5079
-5.3537
-2.2921
-1.1966
-2.4635
-6.5250
-6.6660
-4.3330
-3.8385
-4.0622
-4.2399
-4.8398
-6.0957
-5.1722
-5.8560
-4.8951
-3.5781
-2.0529
-3.1181
-1.7865
-2.3939
-7.6041
-0.5756
-16.7034
-16.2935
-9.8711
-2.5429
2.8819
4.2697
1.8254
-5.9880
-3.7731
-5.8832
-9.4672
-4.5091
-2.9601
-2.7841
-0.8222
1.0115
3.7958
-1.5841
-1.9124
1.6181
6.7440
3.8220
-4.4027
-7.8034
-5.5170
-11.0215
-12.0241
-11.3537
-15.8712
-12.5304
-9.8426
-14.1457
-17.2842
-18.9930
-11.2272
-5.6153
-3.6943
-2.4840
-4.3974
-5.8313
-3.7635
-5.4932
-5.6481
-1.6376
-1.7474
-2.8568
-5.5573
4.7681
4.9480
6.7047
4.1796
-1.4841
-2.5280
-2.6551
-3.5510
-5.3778
-7.6700
-8.7283
-15.2439
-9.0127
-7.3087
-12.0822
-21.0158
-19.8697
-19.2526
-20.8881
-16.1926
-12.2098
-8.2972
-10.8809
-12.5408
2.2739
2.5314
-1.3200
-6.9153
-16.3370
-14.7696
-10.9778
-1.4676
-7.7376
-16.7740
-17.6881
-13.2698
-8.2797
-4.9841
-4.3933
-4.6485
-4.6074
-9.1364
-15.0523
-16.0943
-12.3983
-7.5395
-4.6813
-7.5776
-9.3097
-0.9922
-0.0727
-9.1332
-7.2971
-1.7319
-4.4150
-7.8489
-8.6627
-11.3272
-12.5058
-14.7404
-12.6053
-8.7159
-8.1312
-8.0780
-4.4659
-3.4793
-2.1711
0.5322
-5.2313
-5.9665
-1.1555
-4.7240
-8.3076
-8.6633
-6.6365
-2.7139
1.4818
3.1937
3.3672
1.1535
-2.8517
-2.4920
-2.5849
-6.1565
-12.3445
-7.7140
-7.1333
-6.9108
-5.8311
-2.0857
-12.0313
-21.5888
-24.9365
-20.8874
-10.1434
-3.8317
-3.5466
-4.1911
2.4473
6.7972
-0.6442
-6.0108
-12.9353
-10.1357
-10.6627
-17.4139
-22.1492
-16.2903
-10.3334
-5.4399
-10.3785
-13.7991
-17.1270
-18.7725
-11.6238
-5.4588
-11.4444
-14.1516
-10.7566
-8.2304
0.8039
4.5763
-1.5606
-7.6602
-6.6624
-15.5621
-6.2662
-1.0575
1.9541
0.2549
-3.7065
-10.6018
-11.3473
-13.3245
-20.0753
-15.7880
-11.1069
-3.3572
3.3519
1.7988
-6.5951
-10.1646
-8.9996
-5.0637
-0.1536
-1.1013
-0.4995
5.9181
6.9668
8.5413
6.2583
3.4902
4.4863
5.1039
4.7640
2.5156
-1.3899
-4.1832
-9.0178
-13.8534
-14.7772
-14.0951
-12.2423
-14.6854
-16.3850
-15.4672
-13.4888
-8.8422
-5.8468
-7.8983
-1.9890
-9.6640
-13.2463
-13.2423
-11.5052
-4.3172
6.1068
3.3903
-2.8541
2.6896
-1.7434
-14.5821
-3.2317
9.8469
2.2239
-7.5376
-8.4603
-16.3453
-13.7658
-7.8892
-2.8800
-13.7152
-15.0978
-15.7402
-15.8054
-22.6961
-22.4221
-12.6171
-8.2316
-11.1443
-5.8029
-3.4092
-7.6724
-10.5606
-14.4431
-12.0582
-9.1595
-10.8338
-7.0036
-5.7706
-5.5236
-9.2285
-13.8639
-8.9587
-5.7530
-1.5511
3.8978
-3.9556
-10.7785
-9.8654
-6.3155
-9.4405
-6.4404
-7.6736
-4.4736
-3.7427
-0.0577
4.1335
0.1293
1.7766
1.7981
-1.5254
-2.4685
-5.7112
-6.2900
-6.3548
-6.8340
-5.6563
-2.9351
-2.8217
1.7190
-1.0089
-8.5992
-10.3141
-11.9692
-12.7141
-13.6016
-9.2746
-11.6305
-3.8798
0.9537
6.0206
8.4934
8.4325
2.7911
-8.2249
-7.5295
-13.4810
-15.4169
-15.0729
-9.8486
-10.0312
-5.6156
-1.0923
-0.9517
0.6268
-6.7972
-8.3268
-8.8922
-11.7435
-12.7668
-13.6402
-16.8458
-19.3618
-22.9172
-22.0343
-20.8722
-20.9716
-15.0353
-0.9712
5.0756
2.4531
3.4619
3.5186
1.7126
-3.8841
0.0947
0.4486
-4.8952
-3.7561
-8.9982
-16.3929
-18.7414
-19.0451
-18.7890
-19.4426
-16.8465
-18.0228
-15.9150
-16.2034
-19.6266
-23.3097
-22.8977
-14.3880
-13.8382
-12.3754
-7.9388
-8.5563
-8.9648
-3.3606
0.3182
-5.5872
-6.4030
-7.7156
-6.8106
-3.3514
-2.3452
-2.8226
-6.6694
-7.2821
-9.4575
-14.3049
-11.9529
-9.2244
-0.4291
1.5980
-1.2863
-6.9333
-7.2977
-4.9922
-5.2051
-4.3712
-2.9157
-3.8215
-6.1295
-9.4036
-10.3003
-10.6667
-11.4866
-8.7856
-8.1487
-10.3465
-11.7960
-13.9596
-12.6708
-9.3947
-4.4077
-3.4697
-6.6166
-6.9430
-4.4313
-3.2445
-2.7622
0.3704
-2.3772
-9.4711
-9.1004
-4.6400
-2.3996
0.5296
-1.3163
-1.2132
-0.9494
-1.1530
1.2710
-2.7357
-5.3713
-4.6834
5.0756
6.9648
4.4347
0.7897
-0.2353
0.6917
-0.5471
-1.9281
-8.9564
-13.1381
-13.0568
-7.0969
-8.0744
-7.8612
-9.2422
-8.3241
-4.1099
3.3560
-7.2414
-10.6386
-9.8064
-6.9610
-2.5721
-2.0186
-6.4857
-11.5115
-8.0114
-8.2274
-8.2142
-14.8940
-16.9488
-17.0238
-12.1188
-4.0496
4.4258
5.0738
1.0111
5.6566
-1.3561
-3.8405
-2.3437
-1.6530
-0.7873
-10.1814
-12.1644
-10.9166
-11.7077
-6.8920
-5.0164
-11.3958
-7.7924
-2.6008
-9.7419
-12.7383
-7.2100
-2.8734
-0.9231
0.6374
3.0634
-0.5966
-5.5007
-1.1334
-4.5047
-9.9982
-6.8898
-10.0779
-8.1330
-7.2156
-5.5816
-7.9855
-3.9635
-8.6209
-9.3918
-6.8449
-2.5348
-3.2969
-1.7588
-1.8814
-2.0610
-11.0111
-15.1096
-16.6453
-17.7291
-16.1015
-8.3449
-4.3442
-7.1754
-10.1406
-8.2872
-22.7093
-17.5652
-12.2276
-12.8402
-5.0350
6.4083
-7.6293
-12.2103
-8.6134
-4.2643
-8.5952
-11.2411
-10.3423
-11.6304
-13.7572
-7.0871
-12.0299
-7.3468
-5.0728
-2.9884
-8.6094
-2.7198
8.4006
9.2771
8.4187
1.4054
-1.2528
-0.3101
3.4643
-4.7934
-5.6553
-2.8598
-2.2942
-2.3112
-4.9781
-8.1405
-15.1870
-13.9890
-13.6990
-12.5365
-12.4646
-3.1823
1.9809
1.0846
0.4343
-3.4229
-1.9013
0.0101
-15.2390
-14.1803
-7.7672
-4.5293
-4.0395
-7.1608
-5.2528
-3.4402
-3.1158
-5.7741
-13.8070
-13.9584
-14.5003
1.3530
7.6921
2.0152
-2.3316
-10.8637
-11.8410
-18.0559
-18.3297
-14.0670
-16.9395
-27.0233
-30.6074
-27.0193
-26.6735
-23.7156
-17.8627
-17.0989
-7.2829
-3.5155
-3.5190
-1.9790
-2.8967
-3.6978
-0.5845
1.1742
-0.8623
-4.1597
-5.3148
-6.0302
-6.7038
-1.2760
-2.1767
-2.9583
-2.1688
-9.0781
-18.0382
-23.4297
-22.4409
-18.1338
-14.7918
-12.9079
-12.8670
-12.5956
-10.2953
-10.2495
-7.4613
-2.5852
0.8417
-0.9825
-5.2059
-12.6882
-13.5076
-11.2865
-12.3648
-8.5435
-6.1706
-8.1963
-5.6247
-1.9674
-2.8380
-5.7737
-15.7807
-17.4353
-15.2075
-12.6570
-9.9884
-8.0285
-10.6335
-18.6020
-13.1512
-11.1501
-9.5660
-7.2115
-5.2040
-2.5732
-3.6118
-1.7297
0.5876
2.1035
4.5404
1.3173
-3.2339
-2.9572
-3.5641
-0.9460
-13.4054
-9.9855
-14.4189
-16.0258
-6.0002
-5.1204
-4.0229
-3.1145
-1.3481
-2.1037
-2.5209
-3.9612
0.7130
4.1246
7.1006
2.7970
-0.3728
2.5283
2.7252
-6.4250
-10.6382
-16.2957
-16.8717
-15.7157
-11.0466
-9.1354
-11.6641
3.0826
4.8649
-9.1290
-4.8112
-2.9856
-1.8148
1.0940
5.6493
9.3497
11.4011
-2.5681
-7.1592
-8.1417
-4.0691
-1.7983
-5.1461
-10.0760
-8.3962
-4.2005
-3.7696
-0.7598
-1.7932
1.1285
-0.5712
-3.6741
-3.8658
-3.7223
-6.1856
-4.9677
-14.5189
-16.6165
-11.9853
-9.6003
-4.7007
-0.1540
0.3613
9.5289
6.4348
-0.0762
-0.9769
-3.7307
-2.6633
-1.4027
-10.7197
-8.8344
-10.5756
-10.0323
1.5703
6.1444
4.7662
4.0225
5.1868
-0.6405
-3.3141
-0.6357
4.4336
8.0479
7.6986
5.9490
6.7651
0.7576
-5.9622
-13.6227
-16.5048
-16.1749
-13.5729
-6.5656
-4.2853
1.2871
1.9507
3.8908
-0.9068
-4.1047
-4.8495
-5.1635
-4.5849
-3.6306
-0.8260
0.4202
-2.7038
-4.8508
-5.5465
-8.3769
-9.9001
-8.5152
-5.3255
-5.6158
-10.2622
-14.0819
-7.9397
-2.0559
-0.2022
-0.8369
-1.8843
-5.5567
3.9276
4.2397
-1.2098
-9.2358
-10.5910
-7.2015
-3.4992
-1.0104
-5.1667
-4.3802
-4.9708
-4.0540
-3.0501
-2.5657
-3.4811
-3.9795
-4.0756
-3.3898
-2.9418
-3.5019
-3.8200
-2.2327
-1.9631
-3.6284
-3.6228
-3.2637
-2.9372
-3.4580
-4.6750
-4.1224
-4.5668
-6.2608
-5.4841
-2.5302
-3.6785
-3.3057
-3.4451
-3.5462
-2.3880
-2.6100
-2.7928
-2.5572
-1.0483
-2.8757
-4.4623
-5.3991
-6.1593
-4.1530
-2.5216
-2.2649
-2.1399
-4.1207
-3.1136
-2.7870
-2.1216
-1.0903
0.1688
-3.1956
-16.7762
-18.0765
-12.2026
-5.4811
-1.1753
-1.5555

Coefficient 21:
0.0000
-1.5641
-0.9750
-5.7799
-5.1432
-2.4178
-5.8814
-6.1030
-3.2680
-6.7727
-8.9874
-7.5693
-2.3811
2.2368
4.5427
3.4579
4.4694
2.0387
-1.7956
-0.1667
-0.7972
-6.0629
-8.6435
-8.0868
-3.0376
-2.7650
-12.4911
-13.2085
-9.1631
-9.1149
-11.0176
-8.8414
-5.0558
-4.1194
-3.5292
-9.8524
-20.8637
-3.5592
5.0272
5.0631
0.9618
-2.4384
-3.8194
-5.2453
-2.2981
-2.9396
-4.7578
-13.7013
-10.8640
-7.3773
-8.6973
-9.3363
-11.1258
-13.6250
-12.1435
-10.7170
-5.0590
-3.2769
-2.2056
-3.3876
-3.5911
-4.5603
-7.5731
-8.5763
-4.4427
2.6526
0.5104
3.9930
-4.6314
-6.6707
-8.9283
-8.6712
-11.3350
-12.3414
-1.2070
3.7205
9.7492
14.1309
9.3091
-0.6400
-2.0921
-3.4628
-1.2990
1.6846
5.9295
8.9111
6.8118
-0.0384
-6.7841
-3.5535
-2.0235
-0.5711
1.2413
0.5928
-7.1134
-6.5126
-8.7555
-12.7258
-6.9856
-0.0991
0.5421
-3.9035
-7.5228
-4.8857
-0.5347
-5.7835
-13.0083
-20.1996
-20.3429
-15.0606
-9.3204
-6.8103
-11.5880
-16.4292
-14.1848
-10.9426
-10.9964
-6.4670
-4.9588
-9.2219
-12.2569
-15.3656
-17.4417
-18.2932
-20.4119
-23.5413
-26.4674
-21.2970
-15.7115
-16.8952
-27.4393
-28.3391
-26.1153
-22.8632
-21.3081
-20.2779
-19.0690
-27.0309
-24.7106
-17.4312
-14.3562
-14.5297
-15.5617
-17.1199
-20.3965
-21.7862
-16.5822
-14.8334
-25.7269
-24.0736
-17.7834
-16.7243
-15.5939
-12.5454
-17.3280
-21.1104
-18.7687
-15.7828
-11.9796
-8.9844
-12.7919
-11.1230
-7.3713
-5.6917
-4.5416
-14.0519
-16.7002
-18.0663
-22.0098
-17.8277
-17.0685
-16.5007
-24.8626
-27.6375
-25.5135
-23.3759
-22.3922
-19.0305
-21.1976
-20.6841
-15.1027
-10.6311
-15.2661
-14.4815
-8.1630
-11.6724
-19.4491
-24.9358
-15.0308
-9.8012
-13.4173
-15.7908
-15.2946
-14.1716
-9.1228
-3.3116
-9.6635
-8.8252
-5.3436
-3.4004
-4.4679
-9.0533
-11.3125
-17.2904
-11.1410
-10.3200
-12.2966
-13.4690
-10.5060
-9.7162
-10.9565
-7.6125
-14.6774
-8.2467
-19.0766
-27.6733
-26.0020
-23.7016
-17.2468
-16.5310
-7.3904
-0.9414
-2.1897
-5.5977
-10.8063
-18.8874
-15.4622
-10.6732
-10.3571
-9.5078
-14.1730
-13.6804
-17.4972
-25.4792
-23.9009
-19.7893
-11.5253
-8.3452
-9.3510
-12.2399
-14.7520
-18.9457
-21.9000
-17.0497
-13.3782
-13.5960
-16.8273
-14.0712
-12.2065
-11.4403
-3.8297
-4.3527
-13.3845
-20.7366
-21.1557
-27.2215
-22.5982
-22.8539
-23.5092
-23.5940
-17.8717
-15.1495
-9.0476
-5.9912
-10.6846
-11.0979
-8.6876
-12.4045
-10.3359
-6.0358
-2.5770
-2.6639
-3.1058
-11.5015
-13.7428
-10.6006
-8.0706
-6.2743
-13.5423
-11.1666
-4.3557
7.8793
12.6877
11.2982
8.9173
2.7200
-3.8651
-4.0533
-3.9052
-3.7073
-4.2658
-4.2820
-1.7556
-1.0866
-0.7427
-5.3248
-5.9316
-9.6688
-9.0428
-5.7234
-1.7965
0.1183
-6.1425
-11.6664
-11.0814
-6.5515
-5.4953
-7.3397
-27.0540
-28.9267
-26.5019
-24.0760
-19.5297
-16.4844
-10.2919
-10.2121
-12.6354
-13.6105
-10.8631
-14.9245
-21.3814
-16.1820
-19.1757
-22.2440
-24.8859
-25.2576
-21.5495
-20.4345
-16.3431
-13.0281
-14.2677
-11.9493
-8.9055
-6.5184
-9.5750
-6.9996
-8.3218
-15.8429
-17.8818
-16.2766
-14.1575
-17.4086
-26.6676
-22.8059
-18.7743
-17.3756
-14.1282
-14.8556
-17.0531
-19.2172
-19.4133
-16.7377
-18.0855
-18.1465
-23.3960
-16.5421
-10.0689
-14.2549
-23.0253
-26.4326
-21.6713
-19.7712
-20.0115
-16.7745
-9.5747
-8.0842
-7.6466
-9.3447
-8.6044
-2.5592
-3.9236
-6.4184
-5.7375
-2.2456
-12.2426
-5.2026
-4.3994
-5.4082
-14.4834
-18.0079
-15.3273
-16.0701
-10.9447
-9.2231
-7.3392
-5.5719
-2.9632
0.8696
1.1713
-12.3375
-14.9497
-21.9294
-26.0165
-26.5384
-22.4069
-23.1712
-24.3500
-26.9279
-28.1780
-23.5745
-22.0636
-15.4910
-6.6263
-4.3991
-9.0406
-6.7817
-5.4810
-5.7579
-3.4638
-1.5125
-2.4697
-6.0482
-8.5676
-10.3839
-11.7184
-8.1829
-7.9674
-6.0427
-8.2019
-1.3742
2.8834
-3.7983
-18.3499
-10.8815
-7.2910
-18.0587
-23.5930
-11.7940
-11.0274
-11.6648
-13.0260
-14.2630
-9.2991
-7.9732
-15.3083
-22.1008
-22.7655
-23.5365
-19.1096
-12.5429
-12.0416
-11.8406
-10.6678
-5.0467
-4.4431
-10.8960
-13.2604
-12.3379
-10.0932
-7.7658
-9.3277
-9.1351
-8.1823
-8.7299
-3.7747
-4.3139
-4.7415
-5.0608
-9.7711
-9.7796
-8.1198
-5.6125
-2.8720
-3.5953
-2.7415
-1.3759
-3.0882
-4.8687
-3.9930
-3.8196
-4.0339
-3.1541
-3.4293
-4.4249
-5.1862
-8.5792
-3.6042
-2.6873
-10.8835
-13.3046
-17.8787
-17.6150
-13.3543
-13.4738
-14.5396
-9.0965
-9.6495
-6.7699
-11.1040
-14.0371
-12.1941
-14.8810
-7.2027
-6.7845
-10.2818
-10.2436
-5.4598
-7.6321
-4.6736
-5.4217
-8.8537
-15.3872
-13.1722
-7.4050
-5.0117
-3.0629
-1.7458
-4.6505
-5.3939
-3.8702
-5.0763
-6.7843
-9.6534
-9.2395
-5.5527
-4.6035
-6.5586
-8.6549
-10.5334
-16.3308
-12.5959
-9.3826
-12.9504
-15.8103
-13.2393
-8.9443
-5.6178
-7.3239
-10.2950
-8.3199
-19.1584
-13.7963
-11.0081
-15.2602
-17.7889
-21.1913
-15.4523
-3.2553
1.5700
-3.2356
-3.6088
-0.4397
-2.5780
-4.5234
-3.0568
-6.0209
-6.9048
-18.9150
-18.7413
-16.8000
-18.0820
-22.6235
-17.2151
-11.4997
-16.0145
-19.5653
-6.4332
1.1766
-0.7441
-7.2243
2.2550
-3.1206
-7.4078
-12.8845
-15.3236
-18.3390
-15.2032
-7.4906
-11.1752
-8.2775
-6.2233
-7.5603
-9.5618
-15.9227
-19.8218
-15.1888
-11.0682
2.2501
-3.2812
-14.2045
-15.3529
-11.2467
-14.5234
-9.7625
-10.3141
-13.6247
-14.3033
-16.1584
-16.4281
-11.5257
-6.4214
-5.0361
-1.4704
1.2343
-4.7243
-10.2312
-13.0802
-9.8498
-2.4328
0.2643
0.9825
1.4878
-5.2618
-10.8204
-5.2931
-6.0989
-7.0362
-3.7019
-3.9750
-2.8600
-2.1709
-5.6860
-9.0359
-9.7955
-8.1665
-5.0429
-4.8042
-6.9596
-5.0275
-3.1543
-4.4003
-5.4682
-5.8157
-5.8070
-7.6814
-6.8325
-4.0437
-4.4676
-4.1861
-7.0241
-7.0254
-5.7158
-7.0565
-6.1793
-4.3011
-4.1603
-3.3742
-4.0119
-4.2393
-4.2515
-2.7131
-9.9970
-9.0822
-11.4409
-5.6099
-2.1483
-4.1246
-8.5492
-14.3877
-16.3870
-12.3197
-12.3271
-8.9110
-14.5362
-12.0903
-10.6217
-6.0890
-5.7684
-3.2344
-4.9141
-13.5882
-14.3724
-16.1384
-14.3252
-12.3273
-18.1705
-18.2262
-13.6877
-16.7094
-17.5621
-16.0751
-11.8562
-7.6395
-13.8357
-15.2714
-15.1084
-12.4556
-12.3411
-11.1506
-14.7497
-17.0113
-18.2404
-22.6522
-21.9080
-20.3650
-24.3706
-22.5370
-13.5173
-11.2438
-12.7569
-12.8777
-9.5083
-10.7018
-10.9937
-16.2626
-14.3111
-10.2636
-11.7916
-10.1272
-9.7758
-20.2540
-22.4783
-21.0422
-18.2001
-14.9492
-14.8620
-11.8790
-7.2573
-3.0965
-2.7616
-0.0711
-1.5014
-6.7559
-9.0903
-9.6979
-4.8017
0.3631
4.0066
0.5431
0.9732
-4.1158
-2.7483
0.8079
8.7292
7.1396
1.4069
1.1372
6.3694
1.1739
-1.9220
-0.2386
-10.7485
-9.5915
-3.9212
-4.8255
-6.0082
-10.9712
-10.7442
-15.2478
-13.1521
-11.5321
-14.6797
-18.3585
-11.8710
-9.8099
-5.9084
-4.7294
-5.2455
-4.0369
0.6760
-5.5062
-17.5171
-11.7267
-12.4349
-20.5866
-31.1311
-25.2667
-18.3828
-16.6776
-12.9389
-10.8805
-12.6983
-16.9061
-11.6551
-10.1377
-9.9239
-2.8850
-4.2014
-4.3183
-6.2771
-5.1113
-4.9032
-5.7304
-3.5089
-5.0035
-5.7547
-5.4480
-5.3032
-5.2035
-7.1767
-5.8691
-5.1688
-4.9308
-3.2536
-5.4223
-4.5672
-3.5393
-2.8641
-3.0412
-5.0931
-5.1643
-4.0686
-8.3211
-15.7091
-21.9693
-23.2854
-19.2506
-13.3726
-5.7266
-5.1115
-5.2740
-4.4379
-4.0621
-0.0863
-0.4512
-1.3309
-4.4326
-4.9649
-8.3640
-16.1324
-15.8904
-15.2957
-11.6036
-9.4658
-10.8720
-10.6257
-5.1911
-2.8084
4.4914
5.6813
3.5561
-0.3360
-3.7614
-3.4406
-0.4679
-1.3152
-3.5087
-3.1274
-3.6453
-3.5343
-3.1476
-3.0185
-4.0594
-2.9650
-3.1489
-5.1636
-6.0768
-5.6316
-5.5455
-3.9293
-4.4465
-5.4364
-3.0719
-1.8710
-2.1945
-2.8004
-5.4388
-13.7795
-13.8145
-10.7652
-8.9604
-6.4705
-4.4332
-3.5903
-4.3330
-4.3339
-2.2513
-4.5959
-4.4078
-2.7822
-4.2658
-7.5616
-5.9766
-8.2716
-13.5531
-11.4766
-20.8290
-22.0886
-20.4053
-14.4790
-10.3585
-13.5668
-15.8920
-10.7574
-11.9833
-21.7585
-19.5263
-16.4017
-12.4036
-15.0549
-17.9190
-18.3680
-15.6297
-15.5882
-12.1006
-13.5960
-8.9531
-11.0397
-14.6496
-11.5089
-10.2291
-14.0219
-17.1387
-15.1108
-17.6862
-18.8437
-13.0768
-11.1702
-13.4293
-11.6955
-3.1520
-3.3995
-6.8307
-10.4507
-11.4855
-8.8687
-6.8723
-6.9126
-9.9715
-12.9273
-15.9454
-22.1182
-27.6462
-26.4659
-23.6599
-21.8933
-18.5541
-17.6791
-24.7148
-27.6214
-23.7459
-18.4247
-15.4630
-13.5765
-12.7962
-10.6331
-12.8050
-19.1940
-21.5038
-13.7093
-7.6637
-18.2239
-20.0550
-14.4599
-10.0472
-7.2022
-7.0245
-11.7771
-16.1465
-13.4402
-10.3510
-5.6457
-2.0215
-9.7665
-15.1119
-15.0948
-21.6598
-19.6350
-12.0137
-6.4781
-11.5257
-17.5688
-17.6381
-19.7569
-18.0320
-14.0252
-13.8355
-13.5896
-14.0482
-12.8276
-8.3482
-5.6589
-11.1083
-18.3212
-18.6349
-20.7445
-22.6539
-19.8845
-17.2547
-15.4561
-10.9499
-10.3761
-6.8171
-8.3815
-8.6851
-4.4387
-1.7346
-3.1057
-2.3539
-6.8630
-13.2911
-9.0249
-11.0983
-14.2978
-11.9231
-10.4444
-15.6468
-11.9025
-13.0049
-13.8778
-14.0213
-7.9075
-1.8352
-4.5384
-3.4815
-14.4464
-20.0486
-17.1695
-13.2653
-13.6351
-14.9098
-16.3549
-15.0152
-14.3302
-11.5669
-8.0969
-10.6905
1.5359
-1.6608
-12.7983
-16.5899
-12.6131
-12.6021
-12.1509
-11.9808
-11.2678
-14.9100
-19.1098
-19.6985
-16.1897
-13.9270
-13.3103
-17.0668
-17.4042
-17.7735
-17.2368
-15.1788
-13.5528
-13.0608
-10.6031
-7.7099
-5.1562
-4.4796
-3.6997
-2.1783
-3.3087
-2.0650
-3.2386
-3.6164
-2.0023
-15.1237
-25.6887
-28.0510
-23.6159
-27.8486
-30.8025
-27.7267
-24.9338
-18.0257
-17.2600
-22.2516
-20.3690
-17.1283
-16.1229
-15.9727
-13.0090
-10.9254
-7.6485
-6.6996
-9.5500
-7.6250
-5.8040
-4.7924
2.5936
5.1767
-1.5983
-5.5398
5.8007
0.0912
-3.0601
-2.0442
-6.8156
-7.6252
2.0093
-0.8935
-8.4886
-12.1606
-8.2815
-8.5759
-11.3409
-9.8913
-14.2517
-20.0187
-22.5007
-21.3729
-15.4186
-14.4398
-14.2851
-7.0879
-8.5533
-17.0425
-19.1426
-18.4741
-14.6102
-13.6288
-9.4675
-4.3052
-4.8080
-14.2223
-12.6062
-6.9612
-16.2193
-22.5569
-16.1313
-9.3479
-10.3208
-0.3759
2.5921
1.8828
0.7259
-2.6091
-8.3184
-14.0299
-19.7132
-23.4812
-24.0527
-22.5254
-16.5895
-10.5943
-11.9272
-13.4544
-12.3827
-10.6873
-16.2180
-19.1620
-15.0652
-10.0095
-14.4943
-13.8111
-14.5172
-12.5949
-13.3790
-10.9382
-14.9323
-20.4049
-16.3664
-15.7994
-19.9849
-18.0102
-12.4340
-6.1277
-3.1490
-5.1399
-7.9728
-9.2355
-10.9714
-12.7656
-14.2993
-11.8793
-9.5323
-10.1836
-10.6656
-8.8190
-3.2758
-2.4414
-1.5351
0.2816
3.0073
-2.1490
-4.0413
-6.4992
-4.8780
-2.6736
-3.1804
-8.9110
-14.2208
-15.5212
-10.9540
-9.4424
-7.2345
-8.6547
-16.2704
-18.2466
-15.6718
-11.8347
-10.0721
-7.8499
-15.2068
-15.4784
-13.6761
-13.6603
-12.0393
-9.3641
-11.6497
-15.9425
-13.7725
-9.2418
-6.6154
-9.4140
-6.9352
-4.4624
-11.3759
-18.6896
-22.0527
-18.0410
-12.9415
-11.0310
-5.1872
-2.0950
-8.5411
-12.1197
-12.0406
-10.3928
-13.9177
-14.1585
-12.0247
-8.0889
-7.9347
-7.4668
-4.9500
-9.5227
-5.2822
-2.0466
-7.7287
-13.1282
-20.1428
-19.1654
-11.4519
-3.1415
5.3440
2.5868
-1.8193
-8.0256
-9.6335
-10.3240
-15.2476
-18.5786
-21.8983
-16.9186
-12.2442
-12.0755
-4.3677
-3.1723
-1.2441
-2.4648
-0.9576
-0.9340
-1.5901
-0.9941
-0.0283
-0.9867
-0.7487
-1.7653
-1.7686
-5.4300
-6.9305
-8.4352
-9.7253
-13.1093
-14.1714
-14.6700
-16.3737
-15.4887
-13.3992
-8.9395
-3.6067
-8.3172
0.2148
3.7342
4.9565
3.7320
3.0901
5.1687
9.3745
-2.8038
-14.1084
-7.9377
-5.6319
-15.3946
-14.6912
-12.4631
-11.0914
-9.7804
-3.3719
-5.2301
-3.7523
-1.2856
-5.4486
-18.0819
-11.1955
-3.9985
0.1045
-5.1543
-9.4269
-11.6257
-7.1140
0.9821
-8.5353
-17.7854
-22.2131
-17.8311
-14.0395
-10.9209
-3.7962
-4.7589
-6.1602
-8.1269
-2.2399
-0.5765
-6.6991
-13.7056
-13.8595
-12.2038
-7.6866
-6.0361
2.6134
4.8184
2.3602
-2.1030
-10.5607
-9.6046
-2.1855
1.4769
0.7323
-3.1387
5.6890
-4.9850
-6.3599
-3.1508
1.8104
-0.8752
-7.9144
-6.8247
-1.5505
-6.0824
-7.8301
-6.6287
-5.9620
-7.7320
-10.4416
-13.8664
-12.1472
-16.5519
-21.0674
-23.2078
-18.7447
-1.8810
2.5126
-0.9904
-5.5851
-6.4581
-2.0821
11.3838
7.2699
-4.6838
-10.5523
-15.2086
-9.8938
-7.7976
-8.8592
-7.9267
-8.1401
-6.6540
-13.1268
-17.0229
-14.1012
-11.4567
-12.4587
-11.1084
-10.2840
-12.4691
-11.5924
-12.7491
-11.5487
-14.3450
-5.9715
-2.0990
-8.8803
-9.7402
-7.5222
-8.3445
-8.7125
-8.2505
-5.2685
-2.2625
-0.5141
-7.2724
-10.5617
-8.4412
-16.1551
-23.2749
-23.5157
-16.0195
-5.4289
-7.9220
-9.2162
-10.2291
-3.9196
-4.0130
-0.1013
0.7078
-1.4149
-10.0786
-12.5499
-14.4276
-13.9720
-11.6392
-12.5124
-11.9702
-5.2285
-7.3998
-10.4878
-5.0269
-3.9836
-2.3113
-1.7094
-0.4745
1.6923
2.1693
0.3851
4.8764
4.5279
4.2379
5.4383
-3.6570
-5.3734
-4.7603
-5.5669
-4.4621
-3.3663
-2.9323
-4.4736
-4.2108
-3.3221
-3.7035
-6.4079
-8.3592
-7.7990
-7.4638
-6.6931
-5.6535
-7.0162
-8.7864
-6.3128
-4.8503
-4.6618
-4.9473
-3.6611
-3.3004
-2.8777
0.5724
-8.2737
-19.2007
-17.2713
-18.1494
-15.9242
-16.6248
-13.8655
-10.3227
-11.9476
-14.1299
-14.3365
-16.7884
-18.5835
-19.0838
-16.5572
-13.1518
-11.6569
-13.3536
-10.7188
-9.9316
-9.9962
-9.0134
-15.2063
-22.9853
-24.5469
-19.1903
-14.3115
-15.3217
-15.7454
-6.4694
-1.1950
-2.1251
-10.8510
-12.6491
-14.8457
-9.5937
-3.7193
-8.4536
-16.3248
-18.9599
-17.4698
-18.2310
-16.4460
-9.9774
-9.9113
-11.9190
-14.9372
-15.7032
-10.7800
-11.4994
-11.2827
-17.6681
-18.5715
-28.1240
-34.2945
-26.6406
-21.3815
-18.2795
-20.8729
-20.6644
-19.5480
-17.1532
-18.1270
-14.9150
-18.5427
-16.3297
-14.6878
-11.5440
-13.9097
-9.4747
-7.9269
-13.3940
-15.4994
-15.8429
-9.8636
-6.2610
-7.3583
-13.6973
-13.3944
-2.9820
2.0586
5.1918
-2.5797
-18.0247
-11.8842
-11.0189
-13.1801
-17.5607
-13.7735
-5.5456
-7.4071
-9.9037
-5.8164
4.2268
10.6742
8.1913
5.9117
-2.2119
-14.3439
-20.4621
-17.9689
-13.1063
-5.2465
-4.3887
-11.5225
-11.9531
-16.4129
-13.9502
-6.1491
-15.8872
-25.6511
-31.6949
-38.0864
-36.3883
-31.5215
-24.6858
-21.6786
-23.9245
-21.1033
-20.0688
-22.6908
-23.1625
-13.9299
-14.2041
-21.3018
-22.1360
-19.7432
-21.0104
-10.0901
-1.3237
1.8853
5.0996
-3.2004
-11.0774
-10.5784
-14.1257
-20.2360
-21.8153
-17.8149
-20.8961
-18.9232
-16.0696
-15.2278
-15.1525
-11.0500
-11.6432
-16.3339
-15.3158
-10.3857
-16.8576
-16.4382
-22.4545
-22.3337
-20.4580
-15.1941
-14.5349
-16.2470
-12.8383
-15.9415
-12.7509
-10.4252
-7.5045
-1.5058
5.4527
-2.9522
-9.3424
-13.1705
-12.1910
-10.5801
-10.3638
-5.3796
4.2501
9.2826
-2.3550
-9.7840
-8.8527
-6.1657
-11.8192
-16.1252
-10.7138
-5.0880
-4.1608
-3.6675
-3.6549
-2.1896
-2.1168
-1.6007
-1.3412
0.2368
0.3852
-0.8504
-1.2773
-4.0168
-1.9789
-1.4520
-2.2474
-3.0579
-2.3662
-13.4414
-20.0637
-11.8327
-10.6478
-12.2776
-19.3810
-20.7329
-19.7195
-14.7134
-17.6506
-16.8911
-11.4976
-14.4675
-13.8938
-5.9300
-2.5068
-9.8082
-12.4486
-11.3136
-10.3032
-10.4125
-12.2497
-12.3070
-4.9170
-4.4505
-7.4839
-6.8915
-9.8336
-18.8413
-18.8251
-10.2800
-19.7820
-23.4608
-20.7176
-20.1407
-10.7444
-0.9215
-1.7152
-3.5884
-4.6708
-4.4211
-3.5946
-5.3921
-5.7734
-1.9309
1.4298
-0.7928
-3.5244
-3.4129
-4.0360
-0.1622
-5.5825
0.3296
-7.9889
-16.2034
-6.8895
-1.2720
-1.2583
0.0514
-0.0991
-3.4922
-4.0564
-1.1743
-4.4798
-15.7793
-20.0079
-16.9505
-8.0809
-10.5959
-11.7004
-15.9729
-16.1866
-15.0230
-19.7523
-18.1252
-9.8882
-8.4467
-13.0822
-19.3392
-25.0776
-30.3550
-19.2717
-8.9621
-6.0833
-7.8411
-15.4610
-13.2932
-12.4120
-35.2963
-37.7822
-30.8769
-25.3347
-19.4432
-20.5890
-24.1106
-25.2141
-23.6888
-21.3664
-19.0454
-14.6953
-9.0508
-7.8496
-6.0098
-4.4245
-3.6797
-6.2281
-24.8719
-23.2214
-19.4441
-16.8761
-16.7778
-19.0872
-21.9634
-27.7853
-25.5399
-20.1550
-17.0259
-14.1967
-11.1193
-5.5522
-12.6228
-18.9422
-13.6552
-18.3044
-24.8883
-27.2107
-31.8089
-31.0719
-18.9195
-15.1996
-23.6488
-8.3692
-5.2426
-10.9197
-5.1692
0.2176
-2.4133
0.5682
-1.5525
-6.6373
-11.7688
-12.4300
-9.6948
-4.8161
0.9897
-0.7206
7.0483
6.8070
-9.5501
-15.6358
-12.0240
-9.4362
-7.4219
2.1943
-3.1972
-11.8253
-11.3163
-11.3538
-8.0113
-10.6022
-19.4940
-24.7320
-19.8187
-11.2696
-10.3120
-10.3285
-11.5218
-13.6444
-18.1115
-17.8377
-16.1144
-15.9502
-17.5537
-11.9022
-12.6082
-8.9969
-8.0947
-10.9193
-7.4629
-4.1699
-0.4433
0.4074
0.1751
-2.6681
-3.4336
-2.7334
-2.7008
-4.9492
-6.6908
-6.8880
-4.9824
-3.2721
-3.9036
-3.9064
-2.3991
-2.3645
-4.0592
-3.9161
-3.3074
-3.0123
-3.9636
-4.9316
-4.2028
-4.2886
-5.6670
-5.2661
-3.1379
-3.8990
-3.7969
-3.8509
-3.7398
-2.6150
-3.0726
-3.5194
-3.0773
-1.5754
-3.6383
-5.3159
-6.0895
-6.1709
-4.0552
-3.1715
-3.2156
-2.5085
-4.2595
-3.4416
-3.2951
-2.5670
-1.5598
-2.3300
-4.2379
-18.9044
-16.1254
-9.6993
-2.6216
-0.0610
-2.0348

Coefficient 22:
0.0000
-2.3667
-3.0322
-4.4994
-2.6850
-0.3983
-5.3616
-6.6005
-4.9408
-7.9306
-9.2969
-8.4053
-4.2032
1.8721
2.3348
-0.6321
-0.9461
-5.0423
-5.4112
-1.4408
0.3711
-0.2493
-1.3487
-1.8807
1.6024
1.8847
5.3983
4.9842
5.8626
2.7885
-4.3960
-5.4929
-5.8010
-4.1023
-2.6153
-6.2521
-12.3712
-6.3115
-1.8477
-2.8887
-4.1920
-5.1337
-6.8702
-7.0296
-3.2889
-3.7758
-5.8707
-8.7615
-12.2315
-9.7157
-7.4487
-7.6592
-10.6321
-3.0537
-7.6293
-12.2268
-10.0635
-6.7450
-6.0410
-9.2307
-12.9429
-17.6220
-19.9741
-15.8909
-15.1024
-8.4186
-4.4452
0.6160
4.9955
4.0681
1.5692
4.0295
7.3780
1.8530
3.1932
1.1471
0.2941
0.2658
-0.1951
-1.4603
-0.4039
0.6980
-2.3368
-2.2078
-0.2374
3.8686
1.4973
-1.6036
5.1915
7.2387
6.5053
10.4732
7.2512
1.8948
-4.5226
-6.5433
-3.8993
-9.1027
-7.6927
-6.3970
-5.6507
-9.4147
-13.5969
-10.3745
-4.5454
-4.2655
-6.4716
-3.6201
-4.2195
1.7423
2.0916
0.3979
1.6155
3.4972
2.7166
-2.4380
-4.2259
-9.4618
-8.9288
0.7116
6.9668
9.8929
16.6152
16.1484
8.0891
-0.7203
-9.8158
-15.8825
-11.8260
-15.4106
-6.8931
-3.7745
-3.0917
-6.6886
-0.1412
0.8734
-3.3400
-12.5425
-12.3319
-3.8783
-0.7861
0.4682
-0.1456
-0.3972
-0.7440
-2.7785
-2.4882
-4.7624
-3.3464
-2.4742
0.6206
-0.9475
-4.9122
-9.4400
-10.9628
-0.2178
0.4955
-4.8555
-7.1563
-5.1322
-4.0384
-3.7752
-3.4475
-6.2509
-7.6567
-10.8086
-10.4086
-4.3001
-1.3815
-6.5717
-12.8530
-8.8159
-3.1203
-6.1122
-3.6150
-3.7843
-4.3029
-9.6150
-13.0468
-12.5530
-12.1932
-9.4810
-14.7498
-20.2516
-9.7812
-7.5288
2.3695
4.3726
1.1644
0.7078
-2.1656
-5.0132
-7.3240
-7.6124
-11.1669
-9.0668
-14.8344
-9.6416
-4.8402
-2.2104
-0.5266
-6.7971
-9.1545
-14.3677
-16.6662
-17.8083
-14.3549
-16.7505
-20.2868
-14.4551
-7.6748
-6.6349
6.4609
8.9339
2.7265
-2.7528
-5.7052
-4.7370
-0.8531
-7.8103
-15.2348
-12.3990
-10.3715
-11.5288
-11.2555
-11.5679
-12.8999
-9.3359
-11.9541
-12.9688
-4.5260
-0.6366
1.9012
-0.4085
-2.0257
-5.8646
-3.0539
-3.2238
-2.1924
2.7395
1.5592
0.9662
2.9070
-0.8178
-0.5586
3.9037
2.8901
-0.6028
-1.3762
0.2526
1.2562
6.0931
7.3010
6.4358
1.6048
-2.7237
-2.0511
-0.5271
-0.7702
-2.8400
-6.5178
-7.7411
-5.2691
-1.6413
-3.6004
-4.5458
-6.4763
-4.7793
-6.9939
1.4925
-1.2721
-5.1391
-16.1166
-6.7968
-8.2950
-7.0856
-6.0678
-3.1007
-4.9320
-0.6177
6.7798
6.2850
3.7095
9.6333
11.9741
9.3296
5.1455
-0.8281
-6.6667
-1.6751
0.9660
-0.5598
5.3989
2.9921
0.9072
-1.7417
1.3350
1.6194
2.3147
6.2230
11.9351
14.9312
7.6000
3.9994
4.8469
3.7549
3.2932
0.0165
-5.6472
-5.3047
-0.2675
-5.7519
-5.8858
-4.0857
-4.3053
-12.2795
-13.2711
-12.6164
-15.6474
-18.5914
-12.8442
-10.8672
-10.1393
-8.1196
-4.6169
-5.9975
-8.5648
-4.8513
-9.9803
-13.1639
-13.5915
-12.4309
-10.4585
-16.1001
-14.5463
-8.1694
-6.3612
-3.9157
-1.8657
-2.8926
-3.1021
-6.9017
-9.2053
-4.4075
-4.2845
-7.9712
-12.0617
-10.9479
-4.4198
-6.0333
-12.2771
-15.7098
-18.9191
-18.5828
-15.7998
-10.5551
-13.8772
-15.4547
-13.3459
-11.6738
-12.0832
-13.5825
-15.6858
-11.2059
-0.8858
2.5275
2.3170
-1.3357
-5.0178
-1.7596
0.2872
-1.5464
-4.6769
-2.4409
-1.2555
-1.8556
-1.0150
-0.9667
-7.1820
-13.6021
-6.2367
-3.5940
-6.5677
-12.5742
-10.3367
-4.5008
0.2443
-5.8677
-5.2191
-0.1151
0.6520
3.2793
2.9635
-0.7286
-2.4823
-6.4536
-4.8290
8.0089
7.2729
-1.0119
-4.6012
2.2154
9.1312
7.2336
2.9809
0.0426
1.1315
-3.2674
-4.9045
-1.9784
-3.0034
-8.0167
-6.5054
-5.7035
-8.8460
-7.1514
-8.6306
-12.8101
-8.0548
-0.4086
2.9224
-2.9108
-6.8198
-3.8831
-5.2177
-4.9908
-1.5955
-2.7150
-9.6593
-4.7220
-1.3169
-3.8414
2.2116
0.1340
-1.6137
-3.1034
-5.8579
-12.5373
-9.6062
-4.1006
-2.7468
-2.4573
-4.5112
-6.1959
-4.3038
-5.2521
-5.0848
-2.1661
-7.7985
-15.8178
-14.0064
-7.8809
-7.0830
-7.3117
-3.6781
-4.3862
-4.9957
-3.6612
-2.3540
-0.8176
-1.1968
-2.4791
-2.8671
-3.8832
-2.8758
-1.8773
-4.0717
-5.4279
-3.9548
-3.6793
-4.0484
-3.1958
-3.6019
-4.4459
-5.1861
0.6740
2.5152
0.4636
1.4126
-3.4167
-3.8476
-5.6878
-7.6700
-5.5567
-3.2047
-1.2717
-1.2907
2.9301
0.6281
-7.9437
-6.4705
-12.2532
-10.8668
-11.1954
-12.2157
-7.9313
-7.3191
-7.8940
-5.8438
-5.3970
-2.5598
-2.8045
-2.2864
-6.6956
-13.0412
-12.9691
-17.2035
-14.7412
-14.8836
-14.2155
-13.4194
-16.8514
-14.0746
-11.3256
-12.5544
-13.5028
-9.9711
-4.7180
-2.8103
-4.7361
-3.4989
10.8258
7.3642
-0.9092
-9.0979
-6.7563
1.3649
-0.0386
-3.6122
2.5707
-5.1555
-5.4549
-1.3636
-3.1575
-5.5996
-6.4651
-7.3737
-6.1663
-3.1868
-1.6780
-4.0435
-4.1406
-3.8456
-1.2722
-3.7148
-11.1815
-9.4751
-0.8070
2.1936
1.4509
-1.0176
-2.8794
-1.2857
-0.9107
0.3363
-3.0643
-7.8983
-6.9263
-7.7905
-3.1260
-2.4583
-3.1176
0.0522
6.2663
0.9709
-2.7859
5.0933
7.2956
-2.3484
-5.7264
-2.3502
0.2454
0.7184
-1.8048
-7.0355
-5.9149
-8.6191
-0.1230
-4.4003
-4.7247
-3.7192
-3.3962
-8.8687
-5.2318
-9.6998
-6.6989
-3.0424
-1.3563
-2.2216
-3.0387
-5.2789
-10.4069
-6.4838
0.4150
-2.9850
-8.2019
-8.4575
-5.4617
-9.4974
-8.3058
-3.4611
-1.2853
-3.1845
-5.8600
-6.1857
-7.9459
-4.8902
-3.8990
-4.3584
-3.4768
-3.5716
-1.7493
-0.7701
-0.6868
-2.5666
-3.7683
-4.8619
-5.6455
-4.6252
-3.3732
-4.6326
-5.6639
-6.0295
-5.9242
-7.5570
-6.9377
-4.1905
-4.3987
-4.1875
-7.2834
-7.6564
-6.0976
-7.1606
-5.9415
-4.2283
-4.0585
-3.3913
-4.1945
-4.9196
-4.5802
-3.1082
-7.0105
-9.0646
-7.8984
-3.5616
4.9024
4.0116
0.7437
-5.1233
1.7479
5.7934
-0.1081
-6.5639
-7.8921
-2.0481
-4.7387
-10.5755
-13.2009
-11.1560
-11.0781
-12.2388
-12.9287
-12.3910
-9.1081
-5.0514
0.2950
2.1260
2.4336
-0.1918
2.0478
-1.4020
-6.2632
-0.5243
4.9100
0.8745
-4.7502
-2.8376
-5.7233
-5.0802
-3.2695
-4.8059
-4.4919
-4.0983
-6.0173
-5.7409
-7.3723
-6.0025
-3.5338
-7.0824
-9.8144
-11.6260
-11.4786
-8.5755
-4.0188
0.0906
-4.7416
-7.8333
-7.4196
-8.7157
-9.8685
-8.2029
-12.7183
-15.1805
-11.0983
-10.2622
-16.3863
-11.5309
-8.9922
-4.5434
-6.5461
-16.5564
-15.8860
-7.7303
-7.8038
-10.2511
-7.3894
0.2382
4.6640
2.2083
-22.9557
-29.8510
-21.1046
-18.6133
-18.8013
-11.9858
-10.0189
-15.1820
-17.2291
-16.2352
-18.5792
-13.2558
-6.6430
-2.5188
-4.9895
0.2907
8.0082
0.5808
-3.8874
-5.8780
-3.0829
-5.3566
-5.2952
-2.6195
-6.0671
-11.0848
-8.7350
-7.8234
-10.9264
-4.9258
-8.5324
-11.4123
-7.1363
-4.2510
0.5240
-1.7762
-5.8418
-1.1632
-0.3025
-1.1959
-9.3506
-11.2447
-6.6705
-7.7560
-5.6358
-0.6027
0.6245
2.6034
-0.1377
1.5890
-4.2334
-5.1680
-4.9179
-6.0621
-3.7133
-4.8784
-5.7896
-5.4907
-5.4215
-5.2673
-7.0550
-5.8588
-5.2738
-5.1324
-3.4807
-5.6616
-4.9602
-3.5013
-2.6135
-3.2092
-5.2324
-5.2674
-4.0377
-9.6847
-14.0026
-12.9213
-8.0413
-6.8770
-8.2395
-9.4055
-7.2991
-6.2217
-4.6240
-4.3398
0.5236
0.9346
0.5612
1.0104
4.7348
1.6846
-2.6841
-2.5897
-4.5876
-4.6158
-7.0926
-6.5185
-8.2760
-6.2001
-3.9107
0.6088
1.3970
0.3301
-3.0472
-6.0358
-3.7865
-1.0758
-1.6998
-3.7590
-4.0013
-4.2548
-3.6246
-3.2748
-3.6109
-4.5215
-2.8169
-3.1287
-5.7136
-6.6600
-6.3877
-6.6634
-5.4365
-4.9479
-5.3627
-2.5954
-1.6060
-2.5303
-3.0814
-5.8367
-15.4804
-16.1444
-13.7681
-12.7124
-9.5358
-6.9470
-5.2519
-4.8051
-4.8806
-2.6705
-5.0157
-5.2709
-2.6504
-4.0280
-7.4479
-5.8954
-7.8886
-7.9055
-1.6308
3.9970
10.6593
10.2186
7.1333
6.1370
-4.6403
-9.4445
-8.2500
-0.9824
-4.8731
-4.3730
-10.2627
-13.7186
-5.9356
-4.6095
-8.3684
-9.3919
-5.0384
-4.1042
-9.3215
-8.0065
-6.5487
-4.9074
-6.0761
-12.2552
-12.8640
-12.3242
-12.2536
-13.2954
-8.8234
-8.3498
-9.7331
-11.5430
-18.1451
-13.3802
-5.4771
-8.0510
-5.2899
0.6008
1.3231
-0.5926
-1.2652
1.8488
1.4971
-2.6920
-0.6386
-1.5819
-0.8906
-4.7821
-4.2580
-2.2420
-2.3809
-0.8909
-11.7305
-14.5857
-10.0599
-4.2062
-5.4390
-11.1061
-11.8920
-3.9816
-2.0881
-5.4983
-6.9796
-9.8712
-2.9642
-0.7596
-3.6575
-3.4459
0.7029
-0.1508
0.4581
-3.0003
-8.1512
-7.0593
-4.2065
-0.9780
4.8023
-1.1328
-4.9372
-5.7576
-8.7305
-10.7745
-11.2031
1.1405
-1.1067
-3.3955
-3.0835
-4.3218
-5.6709
-5.7388
-7.0953
-7.6790
-7.9759
-5.5276
-4.6925
-2.4262
-4.6544
-3.0850
-2.1478
-0.8946
-3.4657
-7.8150
-11.6891
-8.8207
-3.9279
-11.1518
-11.3364
-14.9648
-15.5410
-14.1081
-14.3010
-15.8515
-16.8694
-15.8435
-7.8025
-5.9218
-10.5464
-9.7452
-4.8659
-4.9606
-9.7690
-13.0620
-4.9495
-0.0959
-7.7429
-4.7257
-6.0256
-2.1028
-6.8603
-3.9007
-1.4616
-2.8667
-6.0284
-6.2569
-7.2279
-12.0450
-12.0908
-12.3886
-11.9563
-11.4609
-3.4144
5.7601
3.6607
-0.1840
1.2981
2.8758
4.0373
7.4639
12.2913
11.1353
9.1007
9.3193
9.5264
12.1678
13.4484
9.6899
11.6529
11.5102
6.9755
4.6195
4.6309
2.8842
3.2467
2.0664
-3.3058
-4.0603
-3.7749
-2.2633
-3.4105
-2.2635
-3.9455
-0.2924
3.0489
5.8680
6.1865
10.3816
11.0652
6.8550
4.5671
1.8637
-3.4495
-8.1819
-3.8568
5.3287
6.4804
2.7455
1.4344
5.0345
3.8883
-2.9633
0.1509
5.9301
2.5536
-1.3105
-3.4853
-4.6645
-1.8392
-1.2366
3.8266
5.3244
13.2316
11.7168
8.0614
4.8925
2.4231
-0.0877
6.0568
4.5732
0.1286
-3.2654
-8.2683
-10.2211
-12.8688
-7.7254
-0.9938
0.9856
-3.3892
-9.7291
-13.4406
-12.3325
-17.2481
-24.9930
-24.6166
-22.8504
-16.1795
-10.3221
-6.4455
-6.8953
-8.1769
7.8093
13.8620
9.9452
7.6275
5.3291
3.9802
8.2004
7.5861
2.1065
1.1098
-11.0514
-11.5641
-11.8228
-14.1585
-9.0193
-5.2536
-11.0354
-11.1189
-10.4519
-4.9372
-2.0211
2.7645
2.0270
-4.7891
-5.1470
-4.7774
-1.0173
-3.4233
-0.9371
2.6308
-0.2272
-0.3978
-2.5867
-5.8424
-3.9343
-0.4718
2.9963
-0.8368
-5.1909
-9.5755
-9.6456
-5.8610
-1.2347
4.0113
6.5422
5.3962
-1.6672
-5.7507
-2.1902
2.3152
3.0494
3.3492
5.1466
5.9267
4.5591
3.4216
0.4758
-2.3696
-7.0642
-3.1021
1.5023
6.4731
-1.3871
-1.9890
-1.0832
-4.5652
-6.3108
-7.5597
-5.7838
-2.7971
-6.4763
-8.3904
-12.6328
-10.6944
-5.9238
-6.8453
-8.9907
-12.3860
7.0497
5.7264
2.3265
-1.9551
2.1277
2.0894
4.0003
2.7727
1.2164
3.9725
4.6392
-5.1074
-12.2614
-13.9730
-10.6409
2.1405
7.5951
2.6286
-1.9196
-4.3437
-0.0905
-1.0015
-7.4744
-1.9055
-2.6675
-9.6930
-9.7586
-12.8666
-15.5911
-9.2683
-0.9252
-0.9116
-1.3419
0.8343
-4.0186
-9.1756
-9.6453
-9.5724
-4.2343
-7.1081
-4.3801
0.1126
1.3534
-0.9979
0.3243
1.3448
-3.6726
-0.3099
-1.1242
-3.1682
-1.2756
-3.9683
-5.3156
-8.4123
-17.4442
-19.3778
-15.9352
-5.1094
-1.4872
-0.8403
-5.3936
-10.2494
-11.4932
-12.8289
-12.0228
-10.3254
-11.0131
-9.9108
-8.5516
-6.3950
-6.8672
-7.2969
-10.9975
-15.3785
-19.1214
-18.2540
-14.1111
-15.7450
-15.0697
-12.9825
-8.8234
-2.3726
-9.0754
-11.2374
-11.2009
-5.3355
-0.9422
1.3769
4.6423
7.1781
-1.5542
-8.7603
-10.2223
-8.3404
-4.7294
-12.6639
-11.1325
-13.1335
-12.1281
-14.2909
-12.2643
-11.7030
-10.8172
-12.1213
-8.7033
0.3157
7.3470
6.1293
8.8109
10.0732
9.0305
3.1373
-0.8020
1.1271
-3.3990
-9.2234
-13.2472
-7.5441
-6.4330
-8.8092
-5.6151
-6.1154
-9.4004
-10.2889
-10.8977
-6.3623
-5.8351
-4.7602
-5.2758
-5.7410
-6.4419
-12.0497
-10.2497
-10.7330
-14.2693
-17.3238
-13.6834
-10.7246
-11.2330
-9.0061
-6.0820
-0.1311
-10.2149
-11.6650
-13.3839
-10.3036
-5.7726
-7.0687
-12.1947
-18.5510
-18.4967
-14.0646
-11.0648
-9.1713
-6.0949
-12.8876
-12.2356
-12.7214
-9.1520
4.8963
9.7584
6.2158
-8.0459
-17.6384
-22.5961
-23.7144
-21.9034
-16.2309
-18.6563
-21.9618
-16.6102
-8.4599
-8.7516
-6.8904
-7.3671
-4.9998
-11.6770
-12.6891
-8.1553
-4.6481
-3.5982
-4.8512
1.3543
-4.7329
-13.4705
-9.0044
-6.5491
-3.1896
4.4041
8.1049
5.8803
11.3547
4.0516
-3.0187
3.8530
0.1239
-2.3622
-6.1350
-13.7423
-13.5227
-12.1157
1.7657
10.1258
7.1889
3.6220
-1.7608
-4.9672
-4.9961
0.8672
10.7088
5.4599
4.8237
1.9794
0.8683
3.1067
-2.7422
-5.5448
-6.7091
-4.2172
-3.0785
-2.3413
-7.7175
-4.9170
2.8720
-3.9036
-4.9340
-4.7546
-5.6310
-9.1868
-12.4099
-11.5384
-13.5024
-14.7232
-14.7181
-14.8045
-11.4090
-11.6918
-12.4616
-13.5554
-8.5393
-8.8268
-6.3237
-5.0676
-5.7017
-4.3913
-3.0571
-0.1139
-0.3682
1.9974
4.2638
5.1467
5.0859
4.3727
4.3028
5.1425
6.3111
8.6774
8.9165
5.6552
4.1997
3.6721
2.4321
1.2634
-0.7145
-3.2697
-2.9589
-0.2107
2.8535
3.5292
6.8535
7.1002
5.6066
3.4414
-0.7759
0.8463
2.4093
4.3603
4.7114
-0.1322
-4.7130
-9.4962
-11.5688
-14.0223
-13.3869
-13.0455
-11.3041
-10.3633
-11.1151
-12.7472
5.6855
8.7811
2.6467
3.9552
5.1771
1.0827
-0.6398
-1.6202
-4.2200
-7.1345
-9.1787
-6.3235
-4.2110
-4.7094
-7.3517
-4.2936
1.5924
2.9027
2.6543
-2.2579
-5.0814
-1.5659
2.6385
4.9457
3.8985
0.7761
-1.6822
-8.0787
-11.2137
-2.8949
9.3302
10.9252
5.5624
-2.3377
-9.0662
1.2648
7.0438
9.2226
9.4184
0.5119
-6.6137
-9.2719
-2.0651
-3.8078
1.6793
-0.6800
-3.7581
-7.3595
-15.7263
-18.6268
-18.0592
-15.4895
-10.0867
-10.8538
-9.3671
-13.1891
-17.5337
-20.4212
-19.1698
-13.8773
-10.7643
-10.1487
-12.3757
-9.6903
-9.0965
-9.8635
-10.2788
-7.7040
-8.2518
-8.4223
-9.3518
-15.3028
-14.9170
-15.8661
-17.6777
-19.9952
-15.9238
-13.3304
-12.9845
-10.2647
-12.2011
-1.8214
-0.6073
-2.3021
-8.2619
-11.1819
-11.7120
3.0622
-0.2556
-1.2601
-0.6437
2.2955
5.2183
6.8550
7.5095
-0.0273
2.1490
8.0225
6.1536
2.7379
-3.8734
-9.4053
-2.1939
1.4897
-1.2148
-3.7971
-6.2034
-9.7404
-12.9142
-14.5817
-10.1690
-12.0979
-15.4634
-13.6478
-11.6427
-12.7702
-14.0078
2.1208
10.0613
9.3594
7.6814
6.1622
0.7509
0.4840
2.4429
-0.3148
-2.4885
1.0582
2.6776
-0.9580
-8.3841
-9.0497
-11.3928
-11.7565
-11.4012
-7.6380
-14.5697
-12.5095
-14.9680
-18.9190
-18.5888
-12.5889
2.9947
8.1871
5.2361
1.1836
-1.4683
-5.4050
-8.8416
-10.6650
-9.8840
0.5442
3.8320
0.4808
-3.6327
0.3579
-3.7935
-3.0676
1.2047
-5.6657
-4.4793
-4.6266
-2.5633
-2.0915
-1.1462
-7.3889
-9.9252
-8.3053
-6.8955
-1.5693
1.0351
2.0094
-1.5769
-2.2639
-3.0869
-2.5392
-14.3621
-14.5131
-7.2874
-3.1858
-3.5779
-0.7537
-2.4470
-5.1550
-3.0569
-8.3357
-10.2117
-6.8297
-1.7468
-5.5385
-5.5294
-5.4325
-9.3315
-7.9252
-3.1915
1.0487
5.8602
5.5643
1.3895
-9.8104
-15.0112
-6.7661
-8.0931
-7.8579
-6.7889
-9.3326
-2.3177
1.4751
-0.1118
-5.3662
-9.6755
-3.5716
5.4750
3.1033
-2.1963
-7.0636
-7.1435
-10.0827
-10.5164
-13.8756
-6.2422
-1.9548
-2.8764
-3.6427
-3.9443
-4.3553
0.3230
-13.2622
-5.6368
2.4116
7.9931
4.7244
2.6526
1.0997
-0.4764
3.3124
4.8509
-3.2560
5.0241
10.3609
8.3286
10.8626
1.2499
-4.9913
-5.7802
-6.2931
-11.2390
-14.9524
-8.3684
-1.9585
-6.0078
-5.8196
-1.8483
-0.2094
0.2852
-2.2195
-1.2950
-4.2796
-6.9822
-13.1536
-15.0542
-7.5829
-1.7232
2.6315
-5.6000
-15.2878
-17.7976
-20.7458
-12.1232
-7.2122
-11.2054
-11.4165
-6.5726
-4.2498
-8.7047
-8.6472
-3.1468
-4.6225
-6.9661
-4.7854
-3.5093
1.5672
-6.4124
1.5279
3.1683
-1.2067
-8.4221
2.7866
10.2259
7.5516
-3.2403
-3.5969
-1.9560
-3.4030
-8.3023
-5.2570
-0.0792
-5.4903
-8.0554
-4.9708
5.9543
8.9076
4.9619
-1.2859
-3.4225
-5.6707
4.8957
12.3898
7.9538
2.5495
3.9946
7.5639
-0.1951
-1.1497
0.1547
1.4454
7.0605
7.7603
10.6420
13.3602
9.6619
5.6641
10.7352
9.2717
6.9897
6.1091
5.4206
1.0253
9.0640
6.1850
2.5994
1.1156
-4.0097
-4.5142
-4.9159
-11.5313
-15.1728
-11.1590
-8.6485
-0.0769
4.7216
2.2308
-2.4443
-2.2561
-0.2206
0.4669
-1.0337
-0.0887
5.4550
6.2412
14.6355
18.8633
18.0252
9.8997
1.5197
-0.3535
2.9245
8.6584
5.2295
-0.1862
-2.8582
-2.4049
-2.7123
-4.6368
-6.5451
-7.5554
-6.2291
-3.4971
-4.2126
-3.8756
-2.4817
-2.6923
-4.4023
-4.1324
-3.2768
-3.0022
-4.2978
-5.0598
-4.1959
-3.9085
-4.9016
-4.8823
-3.6677
-4.0258
-4.1913
-4.1343
-3.8249
-2.7772
-3.4697
-4.1216
-3.4819
-1.9702
-4.1303
-5.9457
-6.6325
-5.9441
-3.8000
-3.6581
-4.0737
-2.8161
-4.2944
-3.6656
-2.7016
-2.4278
-1.4158
-0.6990
-2.9459
-16.9040
-14.9239
-6.7677
-1.5820
-0.7491
1.4285

Coefficient 23:
0.0000
-3.9421
-7.9375
-6.3464
-0.0226
1.4462
-4.9497
-6.4642
-5.6050
-7.8257
-9.1704
-8.9454
-5.8172
-1.7789
-3.3867
-8.4582
-10.1859
-10.2893
-5.6579
-2.9475
2.7403
7.6279
4.4624
-4.3179
-6.0686
-12.2430
-11.1921
-4.0136
0.0632
-0.8165
-5.4463
-7.7012
-5.7599
-4.0278
-1.9755
-7.3648
-10.0248
-6.5657
-5.0903
-3.5952
-5.0961
-5.3352
-7.1049
-8.2467
-4.0284
-4.5275
-7.9252
-5.2820
-8.0244
-9.1585
-8.0778
-6.1515
-6.2316
-4.8011
-7.9704
-10.7429
-9.9888
0.3737
1.3504
-3.5863
-3.0853
-0.8513
1.1710
3.3289
-0.8191
-0.8751
2.1288
-9.7018
-10.7698
-10.0838
-8.5490
-4.9960
-5.1480
-6.4565
-3.4343
-7.7984
-8.3781
-10.5399
-14.7045
-13.7426
-11.4030
-10.8403
-14.5050
-13.0348
-12.3481
-9.3673
-8.0054
-4.3815
-2.4323
0.4465
1.9252
3.7387
6.7886
5.2384
0.9551
0.8639
-0.3103
-2.6885
-3.0657
-3.9043
-3.3661
-7.1395
-8.4902
-5.8709
-0.4228
-0.8763
-10.0360
-4.1467
-7.5882
-12.6549
-17.1667
-18.5666
-15.4751
-8.5555
-5.4513
-7.2256
-7.6426
-11.9125
-15.3256
-18.0983
-17.4374
-13.1288
-15.4361
-17.8559
-29.7837
-33.0468
-27.0278
-20.4893
-23.5568
-21.4664
-24.2108
-17.9726
-12.7048
-12.6015
-10.2537
-11.3401
-14.5725
-11.2329
-6.7264
-5.9388
-3.8242
-1.1326
-0.0340
-4.6082
-2.1316
-7.2318
-8.6431
-2.8631
-5.0038
-16.2979
-17.5545
-20.7726
-28.5207
-28.2296
-24.2039
-14.8606
-7.8171
-5.7523
-2.5633
-5.7657
-8.7204
-7.9072
-3.5574
-3.4920
-4.1749
-4.0908
-4.0184
2.7682
2.7032
-3.3964
-2.3830
-0.4181
-1.8636
-10.0966
-8.7064
-1.3736
8.0877
7.2146
0.9335
-2.3856
-7.2201
-6.9426
-5.2617
-6.7286
-4.8500
-10.1327
-17.6165
-17.4101
-21.6419
-19.9411
-16.6907
-21.2556
-20.0409
-11.7859
-14.8287
-20.2664
-24.9786
-15.5238
-7.4833
-4.4483
-7.3948
-11.7438
-13.1240
-11.6839
-6.7000
-8.6379
-11.3514
-11.8339
-7.0317
-3.1951
-3.4841
-4.9849
-15.0793
-26.0903
-27.8479
-28.4074
-16.0296
-12.4096
-15.6874
-16.2610
-14.7039
-15.7495
-17.0325
-20.1576
-16.4158
-6.2151
-5.4934
-4.1670
-4.7129
-11.2955
-19.2844
-14.9518
-10.7118
-12.5278
-12.8940
-7.0375
-7.7526
-14.6095
-8.5541
-10.0332
-14.7723
-21.8249
-22.1142
-12.3106
-8.0111
-10.4714
-15.3064
-17.3132
-21.9208
-20.2475
-23.0048
-19.7519
-19.1571
-18.8473
-13.7615
-13.2006
-10.6781
-5.1373
-5.2083
-9.3800
-11.6808
-13.0089
-16.8963
-11.4370
-8.2490
-7.2294
-9.4275
-12.5553
-15.7123
-13.1454
-13.6808
-9.1063
-3.3013
-7.2010
-7.9268
-11.1977
-11.8296
-9.0193
-7.1419
-8.3494
-12.6446
-18.6804
-17.9090
-15.4302
-14.3578
-10.8693
-1.2311
-9.1120
-10.9422
-6.5642
-3.8683
-4.5705
-4.7327
-1.5457
-1.2681
-1.7700
-4.8762
-10.2906
-11.3754
-16.3034
-14.7976
-17.1429
-25.5968
-30.7594
-27.5057
-20.6530
-14.8257
-12.6611
-1.8721
-2.3604
-2.1899
-1.9522
-5.8913
-11.5716
-12.9070
-6.7561
-4.6800
-4.0152
-14.2333
-20.1881
-11.9023
-13.4885
-2.8893
-3.6162
-11.1391
-12.5590
-15.5394
-13.4020
-8.3874
-11.2842
-4.6020
3.2938
3.9458
-3.1087
-6.0912
-9.0400
-14.3612
-17.1558
-21.6708
-22.4321
-27.8628
-20.4737
-12.9046
-14.1561
-15.1088
-9.6255
-12.0377
-10.3660
-2.8894
-0.3576
-1.3494
1.3212
-1.0407
-0.5950
3.2130
-4.1788
-5.1019
-0.8744
2.9645
7.1464
6.7877
10.8470
7.6912
-0.3313
-0.5892
1.4374
2.3080
2.3145
-4.1523
-1.4469
4.1914
3.4370
-2.9769
-2.5914
-4.4382
-12.9253
-11.2822
-6.0563
-4.2586
-5.3365
-5.4900
0.6239
-2.7999
-4.0761
-3.4323
-5.0959
-7.3631
-11.1029
-14.0016
-8.9098
-10.2886
-11.2982
-8.8388
-6.0972
-6.4398
-5.2058
-7.7593
-9.9330
-8.9225
-11.9820
-8.9455
-9.3880
-8.7849
-10.9253
-12.5718
-13.9101
-17.5364
-22.4296
-19.1420
-15.3959
-15.3442
-9.8738
-3.5989
-8.8979
-12.7151
-5.1643
-0.4018
-2.0471
-1.7391
-3.5469
-0.0248
-4.6292
-4.6259
-8.4429
-8.6706
-11.5133
-18.2358
-19.7630
-25.3938
-14.7964
-10.4876
-13.8878
-11.3888
-7.1396
-6.7077
-10.8578
-10.1691
-10.6676
-12.2867
-14.8680
-15.7710
-14.4272
-16.9778
-24.4734
-22.9903
-18.6777
-20.1896
-16.7133
-16.1402
-12.2104
-8.8447
-8.7928
-6.1374
-5.9487
-3.4951
-4.3022
-5.0801
-3.0295
-1.6026
-0.6370
-1.3007
-2.6040
-2.9099
-4.0831
-2.9547
-2.3564
-4.9846
-5.8717
-3.8788
-3.4923
-3.9800
-3.1725
-3.6971
-4.3604
-5.0641
-9.0016
-7.7202
-7.0669
-2.9800
-10.4941
-12.7343
-15.9346
-17.2899
-15.9594
-13.1265
-7.9441
-10.1132
-10.6439
-6.9971
-7.9359
-10.5154
-6.3690
4.2333
4.8638
1.3742
-7.0071
-11.8345
-11.3891
-11.8966
-13.0414
-10.1410
-4.3837
3.8933
4.2840
-1.1487
-4.3766
-8.0169
-8.5971
-8.0133
-9.2485
-4.6293
-0.5185
-0.0537
4.3482
2.2713
-1.4632
-1.1381
-5.2426
-7.9642
-9.3885
-11.6993
-21.2078
-27.9382
-32.5917
-31.9048
-26.9923
-20.1069
-13.6261
-10.9060
-11.9309
-18.4078
-23.2236
-23.1944
-17.7439
-15.6145
-15.7049
-17.0960
-15.6537
-10.9380
-6.5934
-9.2853
-9.0590
-9.5898
-5.4910
-0.4875
-3.1867
-4.4317
-5.6200
-5.3187
-7.3402
-7.2465
-13.2505
-16.0777
-12.1156
-10.4421
-6.9223
-12.4662
-7.4947
-5.2573
-11.3806
-19.4197
-26.5271
-23.6094
-19.7553
-17.5468
-12.6715
-8.0868
-5.7734
-6.2527
-6.7871
-6.6170
-2.7294
-3.4921
-5.5347
-5.5031
-3.1935
-8.5911
-11.7726
-10.7917
-15.2414
-19.5957
-14.1219
-10.4709
-5.9957
-4.9965
2.6406
1.1981
-6.8531
-7.4372
-4.3199
-7.9920
-13.8336
-13.6939
-5.8918
0.5571
-1.2941
0.2151
1.2553
-3.0207
0.2354
-0.9354
-5.5275
-4.7758
-4.7123
-7.7699
-9.9769
-7.6479
-3.9899
-4.6132
-3.3618
-3.0504
-3.4990
-4.2452
-4.1095
-4.2476
-4.2417
-4.8857
-5.9918
-4.7664
-3.4984
-4.6845
-5.6735
-6.0875
-5.8740
-7.2441
-6.8431
-4.2620
-4.2354
-4.1071
-7.1363
-7.9074
-6.2558
-6.8677
-5.5342
-4.0858
-3.8701
-3.3142
-4.2039
-5.3614
-4.8212
-3.4337
-3.4584
-12.2368
-10.6732
-9.1116
-6.8139
-6.6880
-7.6450
-8.0582
-2.0456
-1.3018
-4.1509
-6.9656
-8.6247
-10.6599
-6.2616
-8.7404
-12.9584
-15.5219
-17.6316
-17.9956
-17.1920
-12.3931
-12.2276
-18.3086
-10.1699
-10.1050
-9.5790
-7.1973
-5.9962
-13.5290
-22.9160
-10.7151
-1.5227
-1.5394
-1.8026
-3.3109
-3.6447
-3.9249
-1.0524
-1.8343
4.4875
2.3757
-2.3308
1.0509
3.6184
4.7838
8.4915
8.0046
-2.0566
-7.8326
-12.4979
-9.3556
-5.9382
-0.5831
0.6851
-0.8829
-5.8729
-6.9887
-8.9410
-0.9891
0.8884
-4.4661
-6.0288
-9.8224
-14.8413
-11.6780
-6.4810
-3.4986
-3.0675
-9.9774
-16.9085
-9.5974
-7.6263
-15.4686
-15.6972
-12.0458
-9.5929
-7.9430
-18.9265
-19.3624
-14.2179
-9.3672
-15.6588
-17.4150
-16.3246
-15.0680
-12.4933
-8.5751
-15.3030
-18.6660
-11.7203
-7.9437
-1.5632
-3.0198
0.9949
-10.6610
-18.7868
-16.4460
-14.2550
-17.0661
-19.3114
-12.2518
-8.5122
-13.1288
-10.1624
-5.1371
-3.8910
-3.1439
-1.1490
1.6827
3.6481
0.3990
-2.7750
-3.7038
-8.4699
-9.7057
-9.1772
-7.5637
-5.2678
-1.5514
-4.3322
-4.7782
-5.5545
-11.3177
-7.2513
-1.0765
-3.9826
-4.4495
-6.7896
-5.0410
-4.7896
-6.0575
-3.8269
-4.6778
-5.7067
-5.4273
-5.3889
-5.1986
-6.7866
-5.7375
-5.2478
-5.2077
-3.6323
-5.6670
-5.1180
-3.4095
-2.3439
-3.3028
-5.2005
-5.2316
-3.8854
-9.8128
-10.7173
-9.2778
-5.2494
-9.0895
-11.5785
-10.0987
-8.8177
-6.8733
-4.6758
-4.5233
-0.5941
-0.2140
-3.2418
-8.4399
-7.1796
-0.4322
-3.3932
-5.4167
-2.8640
-1.6085
-0.9613
-1.0781
-6.7603
-3.9727
-5.0429
-3.8844
-2.0281
-3.2666
-6.5893
-8.4406
-4.0327
-1.6441
-2.0616
-3.9680
-4.9429
-4.8445
-3.6275
-3.3070
-3.9430
-4.7904
-2.6700
-3.0750
-6.0444
-7.0584
-6.8484
-7.3238
-6.5533
-5.2166
-5.1545
-2.1445
-1.4590
-2.8669
-3.3345
-5.4312
-14.5095
-15.9680
-14.7139
-14.6182
-11.8707
-8.8327
-6.4205
-5.1594
-5.4089
-3.1290
-4.6112
-4.5145
-1.6839
-3.6100
-6.8544
-5.5797
-6.9303
-6.5864
-6.6671
-8.2580
-12.0591
-12.8210
-7.0056
-1.6772
-2.7487
-6.1812
-10.6812
-2.9427
7.9068
6.2974
0.7175
-2.5530
-6.3303
-11.0535
-8.4925
-2.7003
-2.2858
-7.3632
-6.0491
-5.2174
0.3218
-0.2006
-3.3848
-5.3254
-6.7653
-3.6635
-6.7197
-12.2416
-12.1863
-7.7554
-4.1064
-0.2098
-2.1310
-11.4513
-14.2021
-13.1606
-13.3630
-12.9806
-13.8084
-14.8192
-5.7404
-1.5090
-0.3481
-6.9077
-8.6280
-8.0913
-5.9263
-4.4800
-6.1815
-5.4535
2.0787
-3.2221
-11.2376
-16.4721
-9.4792
-3.6392
-4.7311
-6.7380
-9.8570
-4.5043
-3.0112
-4.7015
-3.7769
-5.8030
-17.3943
-18.2309
-11.8569
-8.2838
-12.2488
-12.5536
-7.7145
-4.4538
-5.3195
-7.5979
-8.6344
-11.1480
-11.4956
-13.7073
-12.4099
-6.8408
-5.6752
-9.6932
-10.3115
-2.6796
-5.4217
-9.4086
-8.0458
-2.1036
-3.2555
-4.7149
-2.7621
-2.7358
-2.9046
-2.8393
6.2034
8.9188
5.9471
-1.5008
0.7670
-0.6214
-5.2870
-9.5305
-7.4099
-7.9222
-5.8660
-1.8745
3.5862
-0.1379
-8.1948
-11.1128
-10.9303
-16.3397
-18.1130
-14.3781
-0.3118
4.3981
-1.4047
-3.5185
-5.4959
-1.5259
-6.7699
-13.4313
-15.6160
-10.9273
-12.0300
-10.9505
-11.1492
-6.6697
-5.9475
-2.7188
3.9227
8.5700
14.1032
12.2959
8.8173
-0.9967
-5.1137
-6.6294
-13.3685
-10.4429
-8.2146
-2.3945
1.1895
1.2679
-0.6139
-2.6007
-4.3463
-5.3559
-0.7818
0.6747
1.7439
4.7551
1.0842
-0.9732
-0.1576
-1.2322
1.6028
4.6530
4.6309
2.0024
1.3707
1.0242
0.5700
-1.2595
-3.5968
-3.6727
-3.8120
-2.3189
-3.4365
-2.3903
-4.4589
1.3026
3.6617
0.9610
-4.5462
-9.2766
-9.1072
-5.1538
2.0195
4.7602
1.0931
-0.8427
-1.5937
0.0858
-2.7732
-1.8922
-0.9641
-1.3481
-0.1014
-1.9441
-3.0870
-3.8212
-5.2481
-10.1260
-11.6517
-16.4037
-15.0496
-9.2846
2.3303
6.7180
4.6500
3.2153
-6.5629
-11.0564
-13.5994
-14.4843
-15.9977
-9.3866
-3.4758
2.9532
3.3805
2.6821
-3.1817
-10.6170
-14.8121
-14.5237
-8.3072
-8.3783
-9.1962
-12.0740
0.0311
0.3826
0.3140
-0.3910
-0.3037
-9.5902
-18.9330
-22.0752
-17.1127
-24.1388
-26.5689
-22.4568
-14.7239
-14.1583
-20.8935
-16.4739
-13.1089
-10.9093
-14.3456
-12.4673
-4.8696
-1.9132
-4.7439
-6.5547
-11.2134
-5.8843
-6.1663
-5.4971
-7.3363
-10.1929
-4.8288
-2.6762
-7.3830
-10.5441
-11.3109
-5.8864
-9.5608
-14.9989
-10.6347
-6.7226
-9.0398
-11.3240
-12.9547
-13.5740
-9.4597
-1.8100
-5.2519
-11.1554
-14.1909
-11.0239
-15.7340
-22.3718
-25.0127
-15.6735
-14.9311
-19.8241
-14.7239
-10.1233
-9.6447
-8.0242
-9.9421
-14.6496
-16.7470
-14.5378
-13.0876
-14.1196
-16.1627
-14.8057
-8.3817
-7.0845
-3.0794
-3.0359
-3.4023
-5.4184
-7.5127
-8.1609
-7.2938
-4.6836
-0.5128
2.7564
-3.4363
-7.2017
-10.3044
-3.2920
0.7533
3.1921
-7.4195
-16.7764
-12.6072
-11.4441
-22.0244
-19.1255
-13.0553
-10.6623
-12.9920
-12.0693
-7.9620
-6.2123
-7.0405
-6.7403
-10.3147
-8.2593
-13.7767
-17.5331
-22.6718
-25.1108
-17.6535
-15.2683
-10.5874
-6.9365
0.0343
-0.1686
-2.8345
-2.9393
-11.6938
-18.7793
-8.6652
-9.2984
-10.9422
-8.2821
-4.0829
-4.6092
-3.3212
-5.7759
-11.6534
-5.9025
0.4948
1.5081
-1.1839
-3.8525
-9.6786
-16.1771
-14.1015
-12.7078
-17.1213
-18.7249
-19.3483
-12.6370
-8.7320
-0.9238
-4.1630
-11.7136
-11.6964
-10.1087
-6.3467
-4.6768
-5.1706
-2.1512
-0.9177
-1.3363
-4.9451
-7.2856
-6.7879
-6.7086
-8.3353
-10.2805
-12.1872
-13.6702
-15.9980
-20.0680
-19.3874
-16.5958
-14.6775
-12.6567
-14.6360
-14.2666
-12.2885
-8.5207
-2.2744
-9.4953
-7.5751
-7.5160
-6.0127
-8.1488
-6.3052
-4.3597
-4.6552
-12.5106
-14.2861
-15.6834
-16.0241
-7.2346
-10.9378
-21.1414
-16.7134
-15.9058
-21.3612
-15.9277
-9.9793
-3.0555
5.0713
5.1268
-6.2682
-12.7499
-7.9369
-12.2190
-13.0756
-10.4230
-11.9630
-14.4837
-16.3849
-13.8906
-12.3124
-14.3774
-16.0196
-11.3931
-4.0215
-16.4964
-17.5677
-13.8907
-7.5670
-8.7703
-8.7245
-8.1140
-8.4459
-9.6903
-7.6138
-7.9914
-9.7807
-11.6124
-10.7612
-9.4637
-1.6284
-3.7923
-7.2274
-8.1457
-7.5366
-3.9640
-8.6226
-7.2699
-9.3139
-8.3917
-5.7127
-0.7642
-1.4415
-9.6738
-12.5881
-10.7386
-12.9007
-12.9903
-11.0313
-5.6382
-9.1979
-13.0528
-11.6622
-2.2299
0.5883
-4.2778
-9.7907
-13.3075
-8.0004
-4.2899
0.9138
1.5656
-3.3325
-8.2748
-4.9931
-8.0085
-11.7797
-11.4235
-11.0307
-6.3122
-11.5113
-11.0213
-3.2075
-4.8545
-11.2169
-17.4344
-19.6149
-15.5908
-7.5855
0.5081
0.9936
-4.7158
-3.7604
-4.0221
-8.1366
-9.3954
-12.8094
-17.0691
-18.5159
-18.5691
-15.6405
-15.4386
-13.5222
-18.4535
-12.4630
-10.3399
-14.4883
-21.5892
-25.4222
-28.3858
-25.1442
-19.1914
-13.3722
-19.8476
-17.3610
-17.0096
-17.7638
-16.2029
-17.1772
-18.3338
-21.6001
-15.3208
-11.5406
-8.1282
-6.7948
-2.6444
-3.8596
-18.3796
-21.1547
-23.5079
-21.7696
-18.4293
-17.6632
-17.5396
-16.7606
-13.9864
-10.1424
-11.6473
-14.6731
-18.7870
-18.8679
-19.9233
-23.5254
-26.2806
-24.8386
-19.1108
-8.5153
-4.8261
-5.6019
-4.1758
-3.1917
-4.2595
-5.5497
-6.9027
-5.9429
-5.0799
-6.6488
-4.0838
-3.7250
-4.1111
-4.7769
-7.1068
-4.7299
-4.6570
-3.4129
-3.7275
-6.1383
-6.4119
-3.8123
-3.1669
-3.0048
-1.6954
10.1523
9.7691
-0.9508
-7.6004
-11.9903
-10.3658
-11.3562
-7.4483
-7.6968
-11.6558
-10.0702
-7.9462
-5.8621
-5.4374
-1.3526
-1.3513
2.2526
3.2667
2.7959
0.7170
-2.6930
-4.7534
-16.0640
-17.1127
-13.0896
-8.5435
-9.1714
-14.3733
-18.5105
-18.1794
-18.0147
-11.1969
-12.8698
-18.9114
-18.7704
-22.6184
-24.4964
-27.0121
-22.4191
-19.1810
-20.9485
-20.9571
-23.0170
-25.3794
-19.9917
-13.9521
-13.2447
-10.7507
-5.1037
0.0111
-0.5935
-3.9010
-3.4077
-9.0116
-7.7051
-4.7526
-0.8101
-6.5204
-4.9236
-8.4339
-7.3259
-1.3248
-4.0823
-10.6596
-10.0471
-13.2989
-7.4109
-2.4689
-3.5362
-5.5767
-5.4247
-5.5338
-4.8587
-3.5295
-6.9450
-11.7501
-9.3043
-8.4100
1.1705
0.9613
-1.8815
-7.1226
-11.2665
-17.0814
-16.6121
-14.5274
-14.3010
-15.4112
-11.8745
-5.7873
-4.9961
-2.4757
-9.1935
-10.3100
-6.4181
-7.6207
-3.5680
-2.9980
0.8095
8.6991
10.5529
7.3377
-6.9414
-24.6270
-25.0769
-23.5882
-23.9042
-21.9072
-14.8088
-31.0533
-27.7453
-24.7131
-19.8367
-16.4670
-16.4245
-15.1593
-16.2889
-18.3118
-16.5152
-14.2901
-18.3290
-16.5458
-7.8272
-2.0833
2.2446
0.8173
-0.1876
-3.5353
-11.3560
-24.7802
-30.8880
-29.0419
-14.9538
-10.9464
-2.9728
-1.3528
-7.7726
-16.0378
-17.0899
-19.9626
-16.8614
-17.7503
-17.9133
-12.2337
-9.2892
-9.3519
-3.2077
-0.9125
-6.0211
-0.4071
-3.8665
-6.6377
-9.6545
-6.6202
-12.2421
-18.6246
-18.3334
-14.2845
-6.9203
-8.0830
-5.1111
-3.5055
-10.8618
-15.7215
-14.1270
-19.9581
-21.1148
-19.9272
-14.6997
-16.9063
-23.8726
-27.3568
-25.0076
-14.7122
-12.4520
-12.6467
-11.7003
-8.2330
-8.4954
-6.0972
-3.9415
-9.1942
-4.8253
-5.0396
-2.8076
-2.8749
-2.4115
-5.2089
-8.9837
-12.0521
-11.6913
-6.6783
-1.7873
-2.0978
-2.0245
-2.2325
-3.0565
-2.6891
-11.8744
-8.4238
-15.4556
-11.4896
-13.0462
-18.5031
-13.9290
-7.7149
-4.8644
-14.7614
-16.8212
-17.9138
-17.3447
-19.6089
-12.5341
-9.9269
-11.8850
-8.9420
-9.9621
-12.8873
-12.2476
-12.7435
-11.9853
-11.4564
-10.2858
-5.0681
-6.5696
-11.4475
-5.4518
-6.4095
-14.6442
-13.1331
-6.5756
-4.6876
-6.0014
-12.4934
-19.7606
-20.6064
-15.8280
-17.2138
-20.5556
-24.8530
-22.4123
-16.5351
-8.3544
-5.1597
-4.5430
-3.8263
-4.5102
-4.6292
0.5774
-10.4506
-18.8327
-22.9668
-13.1266
-8.7352
-1.4996
0.1151
-3.8873
-4.1048
-1.3003
-10.9597
-20.9942
-26.6398
-32.3530
-30.9875
-21.2623
-18.5053
-21.2998
-21.5011
-19.5021
-19.8554
-26.4151
-32.0668
-35.5449
-26.6018
-22.9417
-16.6993
-14.2469
-12.0936
-3.4240
-5.6498
-4.8340
-1.7556
-3.8508
-8.8271
-9.4455
-10.5225
-2.8341
-1.0611
-2.1371
2.7132
-18.8483
-11.9091
-14.0531
-16.0787
-17.1687
-16.6894
-19.3254
-13.2118
-4.9267
-7.2096
-7.5559
-4.8988
-3.2299
-4.8879
-5.0822
-2.5135
-6.4583
-5.5620
-8.9699
-15.0747
-14.2989
-11.0385
-10.3182
-6.1977
-9.7686
-17.4696
-15.7384
-10.5742
-9.1221
-9.0266
-4.5641
-6.1827
-7.2585
-15.9651
-18.7294
-16.4187
-12.6176
-15.3989
-20.8303
-15.0502
-11.0091
-8.5477
-9.9467
-11.2445
-11.9931
-9.4788
-6.5117
-0.9794
7.4011
14.0282
15.6476
11.3919
3.5010
6.2347
9.1906
9.0423
-12.4640
-8.0978
-5.9325
-7.2960
-12.4824
-15.7386
-16.3057
-22.2561
-20.1445
-10.2478
-7.1865
-9.4465
-3.7083
3.3239
10.4927
7.0961
0.1883
-4.0054
2.4895
3.9586
0.1621
-4.5053
-3.8512
-7.2992
-9.5064
-13.6177
-5.4703
6.4956
10.5514
8.6256
3.7064
0.3976
5.2015
12.7322
9.4332
2.0591
-2.3714
-2.0988
-2.6264
-3.0573
-3.3536
-4.3244
-5.0716
-3.6222
-4.4263
-3.7395
-2.4854
-2.9264
-4.6411
-4.2710
-3.1856
-2.9154
-4.4329
-5.0650
-4.1128
-3.4647
-4.0183
-4.3594
-4.0685
-4.0726
-4.4897
-4.2967
-3.8121
-2.8781
-3.7823
-4.5488
-3.7471
-2.2167
-4.3305
-6.3129
-6.9241
-5.4888
-3.4184
-3.9406
-4.7599
-3.0629
-4.2375
-3.7936
-3.2518
-2.3865
-2.5626
-3.9624
-4.9911
-14.0633
-12.7069
-4.9112
1.2993
1.7974
0.0187

Coefficient 24:
0.0000
-5.0350
-10.0301
-7.5811
1.0360
1.4252
-4.5192
-5.8079
-5.3795
-6.8523
-8.7168
-9.1187
-7.0144
-2.8182
-4.4620
0.3156
-0.6392
-3.3274
0.9547
-3.9222
-10.4866
-7.9364
-6.2345
-6.1645
-2.6028
-5.3401
-9.2474
-6.2885
-3.8358
-1.0294
0.7947
-3.6836
-4.8219
-3.9267
-1.8493
-5.7209
-3.1419
-1.9625
-6.9116
-9.3327
-10.3005
-9.7225
-10.8274
-8.3359
-4.4005
-5.1308
-8.0038
-1.2225
2.4203
0.3490
-0.9692
-2.0527
0.7911
-3.6973
-4.7006
-4.8951
-5.4897
2.6130
0.9854
-2.4656
2.3306
3.0678
0.2298
-1.8972
-1.9096
1.0385
8.4364
1.4632
-0.3628
0.8730
-0.4107
-3.4845
-1.8800
2.6198
4.6641
2.6129
3.6881
1.7178
-9.6569
-15.3861
-9.4264
-7.0361
-10.8192
-11.9030
-9.9823
-15.2929
-11.9901
-5.6947
-10.6954
-5.6226
-5.9022
-4.2160
-1.9903
-1.5890
-7.5143
-6.9745
-4.7099
-2.4305
0.8565
2.4747
0.5031
-2.6203
-0.7049
-0.2374
3.8008
-1.3464
-8.4763
-1.9371
-6.5697
-5.5213
-7.6319
-5.4981
-4.1843
-1.6728
5.7033
1.0657
-2.1958
-4.7415
-13.7228
-16.5297
-19.4126
-15.4741
-6.5392
-2.1778
-6.9683
-14.3253
-19.8374
-18.3091
-21.4133
-23.5644
-14.1603
-9.5409
-7.1610
-10.4940
-14.3702
-14.9772
-16.0213
-14.0127
-14.0798
-12.4097
-19.1333
-18.2179
-14.5561
-19.4711
-16.2187
-10.0032
-8.6627
-6.6299
0.8330
-4.5670
-5.9903
-8.7210
-15.3356
-13.5532
-2.0372
2.1888
-1.2574
-8.1677
-12.5788
-12.8231
-11.1797
-10.4600
-4.1478
4.9464
-1.9408
-10.0945
-12.4021
-9.6297
-10.9667
-10.1120
-1.0336
-4.2359
11.5447
3.0026
-11.5383
-15.5355
-14.4164
-15.0294
-18.3144
-14.8782
-14.3590
-14.1096
-12.5006
-9.4677
-7.6755
-9.3860
-6.8977
-6.0992
-4.3886
-2.6732
0.1091
-1.2368
-4.1598
-1.5775
-1.2495
4.4336
0.5156
-3.3600
-6.6912
-4.3291
-2.7150
-4.4484
-5.8163
-5.2115
-4.6679
-4.9787
-5.7464
-6.0522
-5.6618
-3.2555
-2.0740
-3.3703
-3.8341
-9.2051
-9.4027
-18.3208
-23.5133
-19.3980
-16.1524
-12.9042
-8.8971
-12.2455
-12.6997
-9.2470
-9.9052
-11.2927
-11.6870
-12.5911
-13.7829
-5.7883
-0.4060
-2.3567
-7.2000
-10.7090
-18.9243
-20.7656
-16.0598
-22.2393
-22.7852
-13.4774
-9.6547
-12.5859
-15.4070
-8.7513
-14.0969
-14.6310
-10.8461
-10.2312
-9.9349
-4.0943
0.6471
-3.5592
-12.8047
-12.3797
-7.4495
-9.2814
-13.8346
-15.4936
-13.4129
-16.3882
-17.5549
-16.0640
-1.0011
-9.7940
-12.1750
-10.8979
-15.1784
-21.9007
-26.5155
-29.8669
-24.0606
-18.1868
-10.9597
-8.4565
-7.6212
-11.6111
-18.0639
-19.3763
-16.1175
-10.9382
-13.4715
-13.6208
-9.8327
-9.2491
-15.0756
-15.7073
-11.7976
-11.7761
-13.9138
-11.8695
-10.5397
-12.5624
-4.4158
2.5525
0.4931
-3.3952
-3.4922
-1.7350
2.8389
6.3750
7.0673
4.8903
2.6920
1.3024
1.7908
-2.5846
-8.3601
-10.0706
-11.3255
-7.2316
-7.8742
-13.2811
-5.0282
-0.2436
-1.4790
-6.2504
-6.5157
-10.2253
-12.8808
-20.2854
-18.1395
-14.3628
-8.1593
-5.0099
-2.0980
1.2453
-0.5525
-6.6515
-10.4423
-9.5467
-4.5945
-5.3956
-3.3838
-1.1393
0.9174
-4.8476
1.3347
5.3370
0.4839
-5.7402
-10.6961
-4.7464
0.4834
-4.3243
-7.1705
-9.3663
-9.4199
-11.9238
-12.0531
-10.7649
-8.9456
-9.7426
-10.2116
-11.7293
-11.3557
-10.4791
-8.5660
-16.4286
-18.5512
-13.7496
-10.7719
-7.5034
-11.9967
-11.9046
-5.6365
-2.6723
-0.6018
-1.0791
-8.3732
-2.3972
1.4896
1.5385
-1.6806
-2.6993
-3.7989
-0.6290
-2.9863
-3.7295
-5.9962
-12.2631
-17.0211
-16.5863
-8.2231
-4.8065
-1.6890
-4.4127
-8.6335
-8.5628
-10.2084
-9.3785
-13.6707
-14.6291
-15.9865
-16.0273
-15.4554
-15.8736
-18.3218
-14.6181
-9.8349
-0.3194
5.0664
2.1059
1.0322
3.9932
-0.9790
-4.3168
-4.7879
-4.7229
-6.6284
-9.6554
-11.9606
-10.8984
-10.5455
-13.6115
-14.3841
-7.2218
-2.8796
0.0401
-4.7564
-10.9782
-3.9616
-8.3886
-13.0746
-10.3227
-7.6251
-3.3620
-2.3214
-4.1261
2.4515
-0.9534
-6.5616
-6.3400
-2.9962
-9.2334
-18.3217
-21.0661
-19.7070
-4.6102
-2.4061
-1.6056
-3.4873
-7.2950
-10.3750
-16.8919
-17.9534
-15.6126
-14.5179
-8.8998
-13.8748
-16.9189
-14.0095
-9.3973
-5.5968
-4.9550
-3.2325
-4.0650
-4.9894
-5.4328
-9.5542
-9.1097
-8.4276
-6.2991
-3.4655
-4.1990
-2.9895
-2.7902
-5.7598
-6.1832
-3.7810
-3.2861
-3.8465
-3.0957
-3.7166
-4.1809
-4.8353
0.9310
11.8949
10.5527
4.5234
-3.0503
-4.0587
-3.1760
-9.8960
-17.9292
-19.1473
-14.2396
-10.0970
-12.3583
-9.8322
-8.0641
-6.1376
-13.8452
-16.5761
-19.9920
-17.0078
-9.8199
-5.9433
-6.2591
-9.9770
-10.7664
-8.7036
-12.0827
-14.3886
-11.4380
-7.1077
-6.5818
-4.2639
-5.6696
-5.1510
-8.5845
-5.4038
-5.6985
-6.0717
-9.3300
-6.9946
-6.6898
-9.2243
-5.6231
-2.7856
-3.9781
-6.2793
2.0082
0.9523
-5.3251
-6.4596
-3.9127
-2.3449
-1.5515
-5.3135
2.1644
-1.7984
-11.8228
-15.6062
-10.2389
-7.2246
-10.0550
-11.6255
-11.9608
-14.4941
-10.5352
-5.6350
-2.2302
-1.0616
1.6658
8.8954
8.7102
3.9044
2.0458
-1.8553
-5.9037
-2.9554
-9.9880
-17.2006
-17.2372
-14.4802
-15.8868
-10.3703
-13.0312
-14.4314
-10.8472
-13.7406
-12.0489
-9.9577
-11.2240
-12.5942
-6.0819
-0.7962
-2.2622
-8.3156
-5.4312
-6.7396
-8.1453
-10.4922
-9.0238
-5.8455
-5.8932
-7.2648
-7.9655
-10.6484
-10.7457
-12.4902
-11.7526
-10.3761
-6.4452
0.8212
1.9483
1.9225
-0.7127
-5.1162
-9.1591
-3.2231
2.7770
6.9421
-1.0375
-12.8719
-11.5488
-12.0587
-13.8999
-7.8215
-4.2876
-2.4021
0.5874
-0.8513
-3.0202
-0.8194
-0.5419
-5.0969
-3.9844
-4.7357
-2.9934
-1.9486
-5.5879
-9.9647
-11.2009
-8.4029
-5.1071
-4.8523
-6.7426
-4.8815
-3.5327
-4.5634
-5.5163
-6.0099
-5.7023
-6.8480
-6.5594
-4.2586
-3.9957
-3.9632
-6.6200
-7.7647
-6.1943
-6.2444
-5.0009
-3.8934
-3.6156
-3.1557
-4.0497
-4.9510
-4.9789
-3.6902
-1.7143
-11.1888
-14.8395
-12.9625
-11.8322
-12.6976
-15.9242
-16.6147
-18.5614
-15.3492
-12.3882
-3.7139
-8.9368
-11.6058
-13.8459
-11.0659
-13.6171
-16.2358
-15.1996
-14.4307
-14.5156
-7.5544
-9.9648
-12.9952
-7.2983
-8.4301
-10.2663
-9.8646
-7.3695
-13.9031
-20.2768
-7.3387
-5.6906
-9.4692
-14.5573
-14.1271
-10.1188
-11.9039
-15.8628
-11.0576
-11.7108
-16.9753
-16.0445
-11.1558
-13.0685
-11.0356
-4.0448
1.7576
-4.6956
-6.2188
-12.4849
-16.5911
-10.6098
-13.3679
-16.8365
-14.3786
-7.2780
-3.2688
-4.1168
-3.6858
1.6306
-1.2008
-4.0161
-9.9819
-16.8283
-16.1177
-12.6027
-11.0302
-8.4797
-7.4882
-7.8220
-12.1805
-11.7040
-9.5518
-6.9536
-4.0270
1.8661
2.6380
0.9095
1.8128
-0.8493
-0.2803
0.5396
4.5062
1.4641
3.8562
5.7657
5.4266
2.5635
0.9754
-4.0631
-5.5767
-7.0043
-1.3082
-0.5977
-12.8311
-15.3841
-8.1286
-5.4717
-5.5596
-8.3599
-9.9008
-22.7467
-28.9688
-25.7087
-17.6476
-10.6131
-10.2722
-10.7487
-11.8448
-8.9347
-8.7583
-12.4977
-15.3017
-17.1984
-21.6768
-25.1536
-24.0759
-24.5939
-21.6194
-13.4265
-18.6707
-11.9478
-12.3751
-10.6180
-7.7365
-3.8880
-2.3203
-5.0195
-4.7097
-4.5437
-5.7440
-3.8615
-4.4227
-5.5204
-5.2739
-5.2133
-5.0080
-6.3962
-5.5255
-5.1012
-5.1723
-3.7214
-5.4433
-5.0409
-3.2855
-2.0776
-3.3278
-5.0088
-5.0722
-3.6290
-8.8507
-12.5858
-16.9926
-17.8317
-14.6454
-10.8748
-7.1851
-9.4975
-7.1627
-4.5968
-4.6177
-3.0997
-3.2804
-7.5304
-17.6756
-22.3764
-13.2443
-9.7185
-9.9797
-12.4228
-14.9486
-14.7601
-13.8567
-12.5985
-10.3103
-5.7711
-1.4168
-1.9814
-6.2192
-9.6055
-10.0189
-4.1846
-2.1714
-2.4164
-4.1491
-5.8892
-5.3757
-3.5551
-3.2519
-4.0106
-4.8772
-2.5518
-3.0621
-6.1448
-7.2512
-6.9455
-7.4228
-7.1453
-5.2213
-4.8371
-1.7592
-1.4346
-3.1792
-3.5685
-4.7382
-11.8025
-13.4730
-13.7011
-14.6322
-12.8182
-9.7401
-6.9913
-5.4040
-5.8678
-3.5741
-3.6112
-2.5716
-0.2374
-3.0527
-5.8821
-5.0823
-5.8160
-6.3430
-12.7683
-19.1225
-21.0810
-16.8357
-16.0640
-18.7451
-17.8679
-14.9366
-11.8444
-5.8573
-6.3967
-3.7642
-3.1619
-7.5950
-8.1420
-3.2616
-9.0724
-10.0007
-10.8251
-10.9439
-9.7533
-11.7952
-8.1476
-8.7052
-5.4716
-1.1310
-4.2702
-4.4683
-0.9705
2.8126
0.7517
-5.4820
-7.6054
-6.6096
-6.1877
-13.3011
-14.7331
-10.5766
-9.5041
-13.8632
-14.3197
-12.6734
-5.5079
-3.1943
-4.4218
-6.6459
-10.6131
-11.0468
-16.4858
-14.1816
-11.2128
-10.2947
-10.2603
-13.5856
-13.0738
-15.2505
-18.5576
-13.3367
-12.5840
-13.8680
-9.9778
-9.3434
-8.0424
-10.2882
-10.7747
-7.4609
-8.7579
-8.4922
-7.0622
-4.8496
-9.5415
-8.9480
-13.7429
-14.7561
-19.7501
-16.1214
-9.3373
-4.5928
-6.0702
-3.5984
-6.1012
-11.8054
-11.4993
-9.7598
-10.3953
-2.7794
-7.8063
-18.4352
-22.6780
-23.0920
-20.0234
-17.0061
-16.4199
-16.1793
-11.1802
-8.0327
-4.4982
2.9498
4.9896
2.0539
-0.9208
-6.1146
-6.5248
-5.5407
-1.0342
-4.2219
-2.4725
-1.2865
0.4610
-0.9308
-8.5976
-14.2963
-9.2825
-6.5232
-3.6032
-3.2559
3.4170
2.8571
-6.3668
-7.9330
-8.2779
-9.6486
-16.5781
-22.5953
-19.5461
-14.6568
-9.4518
-14.7726
-19.0723
-13.5321
-6.1583
-3.6518
-3.8679
-9.1236
-11.5479
-10.9642
-15.6404
-17.2838
-19.1351
-17.6490
-13.0647
-8.6095
-7.9005
-7.5974
-10.7874
-9.0825
-7.1393
-5.6979
-7.1944
-8.1210
-8.2888
-14.3999
-18.5026
-17.8189
-18.4828
-16.3141
-16.0537
-16.2718
-13.8153
-16.6920
-17.5065
-17.7584
-15.8347
-13.6660
-11.4257
-9.6616
-3.9077
-3.3391
-3.8147
-2.3525
-3.3998
-2.4555
-4.7470
0.8349
2.0075
-4.1576
-9.4589
-14.7106
-14.6361
-17.0116
-20.7516
-20.6958
-16.3029
-14.0539
-14.9429
-15.1468
-10.5687
-17.4252
-16.5421
-23.1204
-18.5982
-9.3906
-6.6522
-7.0256
-5.4524
-5.9914
-7.2302
-11.3242
-5.8452
6.5711
5.9805
0.0213
4.0551
11.7492
9.3752
7.2878
4.2305
-5.9030
-12.5184
-17.8081
-22.7063
-25.7101
-23.9679
-20.6380
-19.9136
-7.8611
-8.3405
-14.4553
-16.8324
-17.0759
-17.7261
-17.4706
-16.6036
-11.4599
-13.1402
-20.4167
-21.2665
-16.5407
-15.6363
-17.0859
-12.7509
-14.1569
-17.9866
-13.1822
-9.4176
-7.5321
-8.2782
-6.3977
-3.9170
-2.0063
-12.7814
-11.9615
-11.0202
-6.1970
-4.5401
-7.3932
-2.7763
-7.4114
-10.6413
-9.0800
-2.2231
-0.9804
-0.8117
-2.8545
-7.3749
-12.2763
-10.7775
-10.7064
-12.4368
-9.4276
-9.6052
-8.0525
-6.6795
-6.3058
-5.5076
-10.1955
-12.9850
-10.5133
-15.7618
-20.5520
-20.0947
-13.5012
-8.1767
-6.8693
-4.7633
-5.2765
-2.6810
-6.3965
-1.9339
-6.9874
-8.2724
-10.5685
-11.7121
-10.3133
-13.1615
-11.6673
-11.7322
-13.0881
-8.5087
-6.7450
-2.3441
2.3990
2.1781
3.0281
-3.3113
-9.4592
-10.6712
-13.2237
-11.7830
-11.9592
-17.3592
-16.3349
-13.9817
-11.8100
-8.4395
-2.8505
-1.5318
-8.9970
-11.6820
-18.9804
-9.0678
-2.6370
-11.1993
-10.1720
-15.5181
-16.3092
-18.5984
-15.1093
-10.9305
-15.2665
-13.7694
-10.3254
-4.9480
0.2985
0.2889
-6.8487
-9.9026
-12.5790
-10.4614
-11.0599
-4.7252
-5.2612
-8.2900
-8.4572
-6.1973
-3.7733
-4.3317
-11.9089
-9.0691
-8.2106
-10.1616
-15.2316
-14.1250
-13.0201
-7.8164
-6.7944
-10.0379
-11.2612
-12.6384
-13.6813
-13.5952
-12.0254
-6.6948
-0.0262
2.9252
6.4674
3.1068
-5.1920
-11.6001
-19.0186
-21.3729
-13.0029
-7.2752
4.1863
8.8176
7.8540
5.7824
1.2941
0.6277
-1.9722
-0.4573
1.6496
-0.2220
-1.0983
-1.7968
-1.3728
-0.9721
-2.3244
-3.3527
-6.9635
-10.0179
-11.9175
-10.2694
-9.1134
-8.0774
-10.7354
-13.2762
-13.1508
-11.3698
-8.0604
-3.0302
-8.2339
-11.4190
-9.8066
-9.4252
-10.5635
-16.3232
-12.7808
-13.9132
-20.2339
-20.3465
-20.4362
-15.1918
-11.9451
-13.4208
-5.1610
-5.1299
-1.3197
-1.7337
2.7347
4.9268
7.0214
0.4154
-6.7778
-6.1274
-7.4981
-9.6176
-6.2476
-4.1585
-4.2088
-8.3261
-12.0367
-19.6859
-20.3585
-15.1448
-4.2187
-1.0886
-5.6763
-11.6778
-12.6862
-12.3894
-11.5269
-8.1909
-5.6453
-3.3454
-10.4698
-9.8274
-9.3622
-8.1416
-8.9044
0.6311
3.3497
4.8241
3.8874
0.7321
5.7902
1.0854
-5.6007
-10.6510
-12.9794
-9.2870
-10.4751
-9.2515
-5.7091
-5.1404
-4.3934
-8.3665
-5.3001
2.9226
-3.1767
-7.4468
-4.6515
-1.7586
1.2369
1.0984
-1.8315
-6.3654
-8.6414
-13.8545
-19.1027
-17.8328
-8.3610
-2.8866
-1.4764
-0.7953
-0.1723
1.2344
-4.2986
-5.8769
-7.3401
-12.2125
-8.1810
-8.1372
-13.3512
-10.2073
-4.7294
-3.5657
-6.7393
-9.5405
-10.4275
-7.2470
-10.3737
-0.0183
2.4155
0.9023
0.2048
1.0180
-2.7685
-8.6232
-8.8335
-14.4983
-15.1713
-18.4566
-16.4948
-13.2764
-7.8911
-4.4653
-4.7961
-1.7189
-5.9511
-8.1173
-11.9354
-7.6829
-0.3827
5.7736
4.4352
3.4735
6.5239
1.5416
-2.7014
-4.2815
-3.4231
-2.9864
-0.7584
0.6199
0.3037
-3.1228
-11.1383
-17.8303
-16.5399
-9.3410
7.7362
6.7142
2.4640
-5.2856
-11.1382
-17.2336
-15.3085
-12.5717
-10.9136
-9.2135
-10.4553
-12.7249
-11.1095
-14.9984
-15.7643
-14.8778
-13.2199
-12.4378
-7.8213
-5.8052
-4.3554
-5.2845
-3.8396
-3.3012
-3.1616
-3.6017
-3.1541
-3.2990
-3.6494
-6.8614
-7.2039
-7.7254
-9.6916
-9.1939
-9.0234
-9.6493
-10.9746
-6.9523
-6.0931
-5.3248
-5.8112
-3.7182
-3.0077
-3.0122
-3.3669
5.4213
6.1137
1.1767
-0.1114
-2.7594
-6.7381
-5.0821
-4.6566
-5.2324
-7.1571
-7.9609
-10.8276
-10.7934
-9.1183
-6.8172
-6.1311
-2.7323
-5.5050
-6.9632
-10.6368
-12.0905
-10.8377
-5.5717
-4.4517
-4.3404
-4.7548
-6.4646
-13.1176
-10.0569
-4.0874
-2.7095
0.4412
2.3013
-6.9653
-17.5916
-20.3977
-17.3098
-7.3134
-1.5392
-4.6643
-4.1837
-3.7993
0.5664
-0.5063
-1.3508
-5.8529
-10.0157
-10.7912
-11.0611
-8.1543
-5.0506
-5.2341
-8.8822
-5.0009
-4.6855
-8.2063
-5.7879
-1.0731
-3.7993
-8.4760
-13.1077
-12.8749
-2.9639
-6.0607
-17.1524
-17.5290
-19.2078
-14.0599
-10.3570
-11.4329
-11.7938
-9.2567
-7.4283
-3.5281
-5.6980
-9.8004
-8.2179
-3.3862
-1.6487
-3.4766
-6.2612
-5.4786
-5.6586
-6.0333
-9.8071
-13.5851
-11.7945
-11.7716
-12.5540
-8.8527
-6.9466
-5.5477
-5.2253
-5.9910
-8.1779
-4.9001
-8.4329
-10.9215
-17.4164
-17.9134
-11.5834
-11.4059
-13.1710
-6.8844
-5.9540
-10.1286
-14.7153
-16.7588
-20.2188
-16.7982
-10.7881
-8.1550
0.6672
3.8390
5.2334
4.9807
2.2328
3.6243
3.3947
-1.9706
-11.6113
-13.8212
-12.2482
-7.9686
-9.0828
-10.2428
-13.7851
-15.9087
-15.1552
-16.4223
-12.4320
-6.9023
-4.5932
-15.4026
-17.4657
-14.8313
-9.3888
-8.9983
-3.5623
-4.4962
-8.4529
-9.3486
-11.1070
-14.0837
-14.2937
-18.4653
-18.5499
-15.5122
-2.3505
-1.8627
-12.1665
-13.1315
-10.7370
-10.2978
-11.1710
-7.6867
-1.7920
-8.1324
-15.6942
-20.9099
-14.7022
-10.6966
-5.7392
-0.4115
-13.8653
-7.8295
-8.0501
-11.8884
-9.3384
-6.3919
-6.5195
-7.5562
-10.3509
-12.5010
-8.2477
-9.7046
-9.5008
-14.9385
-18.6285
-14.5310
-10.6650
-8.7883
-4.0570
-4.1130
-2.6711
-2.8879
-2.4273
0.5456
1.7814
-1.8824
-6.0480
-9.5424
-11.9614
-8.8655
-2.3920
-2.1592
-2.9782
-2.8145
-7.7114
-6.5140
-8.2608
-12.0378
-10.4694
4.2882
1.5317
7.0586
7.2538
-2.1710
-8.9985
-9.1288
-2.6232
-4.5058
-2.0852
0.9698
2.7957
-9.4882
-13.0247
-13.6670
-16.6488
-19.5099
-21.6890
-14.8041
-0.4017
1.4457
0.6093
-8.6155
-11.9376
-6.6509
-5.6343
-0.7347
2.8382
-0.0527
1.3724
-2.4825
-6.4874
-4.1926
-1.0578
-3.4886
0.6111
3.5465
0.3372
-6.6214
-10.9944
-7.7872
-5.5545
-4.2515
-5.0567
-4.9684
0.6751
2.9659
2.2475
4.9345
8.0327
0.9734
-5.1290
-6.9802
-5.9418
-10.5509
-9.2971
-6.7145
-5.5015
-4.8185
-4.3788
-1.2672
-11.8810
-11.9350
-9.3281
-11.9977
-12.2636
-4.4576
-2.1089
4.4696
3.4173
1.2586
-2.3172
-7.2931
-11.2920
-9.3292
-12.0460
-22.2728
-21.3598
-12.7744
-10.9757
-8.9542
-9.7877
-7.9985
1.3740
-5.4385
-8.3937
-9.4636
2.5862
7.4598
0.4560
-3.8651
-5.3874
-5.1550
-7.4495
-0.2334
-3.1983
-5.1777
-8.3178
-4.7448
-2.8633
0.8765
8.0748
8.1780
0.7148
-1.8410
-2.1656
-8.1570
-13.0222
-19.7100
-15.0886
-12.6798
-10.7275
-13.5241
-14.2422
-5.6886
5.3272
7.5493
5.4052
-4.1971
-4.5191
-2.6411
-5.7732
-9.2895
-9.6466
-3.0482
-5.2790
-10.0226
-6.5285
-2.2704
-3.7532
-8.2112
-12.4940
-6.9783
-2.5527
-7.6722
-10.1490
-12.8847
-12.3793
-9.6674
-10.9956
-2.1650
4.2477
6.1144
14.9056
-3.1288
-13.9970
-20.0652
-27.9361
-29.4391
-20.8527
-7.5350
-11.2803
-9.6154
-6.6592
-2.5055
-5.2476
-9.0020
-11.9573
-16.0392
-16.5473
-0.9576
-4.9342
-14.0984
-16.9392
-16.0204
-15.8405
-13.2490
-9.7549
-4.7698
-6.7986
-10.6617
-8.4244
-8.0437
-6.5976
-6.8805
1.7182
9.7183
10.7578
3.6765
-2.0041
-1.8437
-2.5073
-1.9887
-1.4540
-2.7448
-4.2895
-3.6552
-4.5429
-3.5157
-2.4201
-3.0526
-4.7626
-4.3319
-3.0478
-2.7639
-4.3625
-4.9560
-3.9623
-2.9930
-3.0717
-3.7311
-4.3007
-4.0538
-4.6957
-4.3441
-3.7142
-2.9228
-3.9963
-4.7687
-3.8606
-2.3154
-4.2529
-6.3963
-6.8635
-4.8276
-2.9432
-4.0023
-5.1886
-3.2430
-4.1032
-3.8355
-2.4586
-2.4300
-0.5755
1.2358
-1.8978
-7.2890
-2.7071
2.4321
6.1102
1.1369
1.4356

Coefficient 25:
0.0000
-4.8302
-8.1757
-4.3360
0.1192
-0.4802
-3.9143
-4.8495
-4.6838
-5.7327
-8.1046
-8.8914
-7.6518
-6.0175
-3.3141
-0.8312
-5.6028
-11.1349
-5.5737
-5.2228
-7.3411
-6.3368
-8.2449
-12.7898
-7.1376
-12.7984
-19.3166
-18.1265
-14.9275
-9.0991
-1.8244
-4.5353
-3.4784
-3.8413
-2.1156
-6.1984
-3.7678
-1.2757
-3.8625
-2.4385
-5.8236
-8.9655
-10.9873
-8.4320
-4.3752
-5.5630
-6.3875
1.6553
4.3487
5.9107
4.4642
-1.0300
-3.6251
-0.4065
0.6031
-1.1186
-4.6537
-6.5531
-8.9778
-9.1869
-6.9627
-10.2650
-17.6360
-14.8521
-12.0735
-12.2057
-6.7166
-14.3237
-11.5200
-8.0123
-9.9974
-13.7576
-8.4715
-2.0294
-3.7760
-0.3501
0.6745
-3.1399
-7.4861
-11.0316
-2.9070
-0.1836
-4.0105
-4.5498
-4.4507
-8.5365
-8.4750
-6.4488
-6.9728
-1.6893
2.7902
4.5674
0.6437
3.1651
1.6917
-1.0700
-3.6360
-4.8406
-1.4217
-1.9063
-4.8121
-2.9129
-1.4288
-3.4561
-1.0798
-1.0435
-7.3607
-5.7055
-9.2222
-10.4750
-10.7477
-7.1735
-7.1392
-8.3222
-2.6737
-4.5566
-1.6346
-0.3169
-3.8194
4.4392
-0.7197
-12.6201
-15.9558
-15.3463
-12.9154
-10.1518
-7.3149
-8.7067
-7.4462
-10.8687
-13.3739
-12.2925
-12.0592
-13.5850
-8.9043
-0.7720
0.7353
-5.5401
-13.2962
-10.7274
-11.6088
-13.1167
-11.9718
-4.3807
-4.4676
-2.1150
-4.4780
-10.0161
-14.5582
-5.1728
-9.0894
-11.8492
-4.2579
-3.0221
-5.3921
-4.5983
-11.1127
-11.6307
-9.1719
-7.8313
-4.6145
-4.8064
3.8782
4.1931
-0.0347
-1.1995
-5.0657
-10.1038
-12.6541
-11.4690
-4.3909
4.7421
-0.0886
-10.5591
-12.7651
-8.6808
-7.3012
-4.4480
-3.0101
-3.7466
-7.8590
-13.5713
-19.5442
-20.5663
-14.0221
-6.7432
-1.6130
-5.5891
-9.9154
-13.0911
-14.6576
-7.0839
-6.8018
-5.4795
-7.2152
-7.4084
-10.8850
-7.2302
-7.5290
-5.1691
-8.9329
-6.7668
-7.1037
-2.7582
-14.0334
-16.5439
-13.4181
-5.3447
-7.9859
-12.4082
-3.5581
-2.3995
-5.0875
-4.8922
1.1895
-3.7096
-12.7672
-11.4894
-6.6168
-15.7346
-20.8102
-22.8205
-17.9519
-14.3883
-13.4251
-20.0082
-20.7154
-22.5164
-26.2330
-20.8030
-14.1113
-15.7469
-12.5544
-10.3777
-13.1655
-19.0909
-18.6571
-20.2413
-19.9138
2.4138
1.5852
-9.2089
-8.1470
-6.7260
-14.8911
-18.6516
-20.5789
-19.6978
-18.8397
-16.3704
-6.8385
-4.0266
2.2316
0.6655
-6.8197
-14.0792
-20.3184
-16.3443
-7.3905
-5.5791
-7.1915
-6.8678
2.5646
-11.4103
-13.1324
-11.5326
-8.2646
-4.7784
-4.9911
-10.1807
-8.5096
-6.9510
-7.3444
-9.4209
-12.1226
-14.1455
-10.9091
-6.4898
-6.2016
-2.9960
-10.6427
-14.1850
-12.3428
-8.1615
-6.5159
-9.3752
-9.5456
-2.3493
1.1850
2.3224
-0.3665
-3.0255
-3.0312
-9.6422
-11.2904
-9.2535
-6.9430
-8.5814
-7.3113
-5.2696
-6.7015
-9.5660
-9.8416
-7.4042
-7.0653
-9.6090
-7.8369
-0.3887
-4.0214
-2.1120
-4.1689
-9.5124
-11.1394
-14.7263
-13.9486
-10.2428
-11.9293
-16.7654
-15.9681
-18.4500
-14.0787
-14.5897
-15.1418
-10.5657
-7.1564
-7.1128
-7.6709
-12.7782
-6.8306
-17.4412
-27.1060
-23.1131
-17.1337
-17.8933
-17.6225
-11.8315
-10.4018
-9.0066
-8.9243
-9.1607
-9.2496
-11.1939
-16.2401
-16.1700
-14.0441
-17.2795
-16.8587
-9.0824
-2.6425
-2.0148
-8.4109
-12.6669
-5.4633
-1.4835
-4.3263
-14.4102
-11.6164
-9.4812
-7.8605
-5.8480
-3.5345
-4.1714
-6.9974
-3.9702
-3.4073
-2.3572
0.8601
-5.1336
-12.0329
-4.2118
-1.5509
-0.8121
-1.5070
-2.7672
-0.2926
-4.1878
-0.2940
-0.7942
-1.6525
-3.8177
-10.8925
-18.2190
-8.6292
-12.3162
-9.8379
-8.4454
-8.7593
-12.8661
-6.7601
3.4814
2.2177
-4.1209
-10.1426
-11.6822
-5.9654
-0.8533
3.1604
-2.1748
-5.1427
-5.3685
-7.2687
-11.3616
-13.2775
-11.6392
-9.0631
-4.7341
-8.0856
-12.0394
-10.1500
-8.9693
-11.9840
-15.9721
-12.7450
-10.8375
-10.2771
-13.3629
-13.1930
-8.8619
-6.0219
-9.5709
-6.4430
-11.0761
-18.2638
-23.0899
-17.3474
-8.5667
-9.9032
-8.8629
-6.6878
-14.0194
-16.1742
-10.2477
-3.6863
-3.8466
-14.9269
-10.4138
-6.4165
-15.7576
-20.2190
-17.2255
-12.9933
-11.0839
-8.2624
-5.3127
-9.3575
-13.7213
-14.1586
-7.7521
-8.0373
-7.1010
-3.8088
-3.8536
-5.5422
-4.4759
-2.9029
-3.6928
-4.7342
-4.3149
-3.9469
-2.5308
-3.6359
-4.5314
-3.6245
-4.2370
-2.9900
-3.1538
-6.3380
-6.3535
-3.6736
-3.0825
-3.6656
-2.9768
-3.6633
-3.9213
-4.5171
-8.2744
-2.9462
-3.7785
-14.2030
-16.5170
-12.5384
-11.3670
-16.1742
-17.6600
-15.8399
-17.6002
-18.3337
-19.6853
-17.4453
-15.1048
-15.4356
-15.4496
-12.7097
-7.8663
-5.1801
-8.5370
-8.2409
-6.1847
-6.8651
-5.3270
-7.8707
-13.0730
-11.3173
-8.5582
-6.0224
-1.5095
-1.9608
-1.9614
1.7049
-5.5145
-10.2374
-12.2850
-12.1366
-17.0338
-24.5348
-22.9445
-16.6850
-14.0707
-14.1165
-19.3626
-17.7968
-14.2809
-13.3069
-16.1843
-17.6476
-21.6967
-18.4090
-17.7114
-16.8252
-15.3589
-14.2539
-16.0314
-15.8970
-14.2684
-15.0970
-16.8520
-21.4352
-19.0140
-13.6024
-12.4014
-8.3295
-7.3020
-8.3704
-10.1734
-9.7724
-8.7841
-8.7082
-8.9590
-11.8047
-10.9011
-0.7146
0.1098
-3.6768
-7.2434
-10.5336
-13.7764
-10.9803
-0.5125
2.5143
5.5660
0.9532
-6.4496
-17.8231
-17.6191
-10.5678
-13.8438
-5.6437
-3.4900
-7.5576
-13.3153
-8.6070
-5.7917
-5.2370
-11.9780
-11.1763
-6.9151
-1.0424
-0.7656
-2.7184
-0.1284
0.8536
-7.4661
-10.2437
-11.4993
-5.9552
-11.5742
-10.8143
-3.9537
-3.8855
-10.2944
-11.8300
-11.9222
-8.2427
-7.5026
-4.0126
-1.8057
-4.7993
-6.0830
-3.8184
-3.8610
-2.6869
-6.6052
-11.3681
-9.4786
-4.8323
-5.6200
-6.3093
-3.8943
-4.7289
-3.1465
-1.9734
-0.0461
-1.1891
-2.1047
-2.8278
-3.6258
-4.4457
-4.9587
-4.3404
-3.4869
-4.2927
-5.2236
-5.8239
-5.4559
-6.4430
-6.1037
-4.1800
-3.6973
-3.7755
-5.8268
-7.2687
-5.9393
-5.3996
-4.3912
-3.6703
-3.3184
-2.9338
-3.7595
-4.1226
-5.0585
-3.8830
-2.4401
-9.8167
-15.6832
-9.8242
-3.7709
-2.6083
-2.6193
-5.0104
-3.9160
-2.3107
-1.7951
1.9645
7.7655
3.1219
1.6843
2.6117
1.0625
2.7191
2.8119
-0.9290
-0.6200
-1.5323
-6.1641
-3.7232
-1.6092
-1.2166
-5.3762
-8.2938
-12.4060
-14.6896
-13.4002
-7.4981
-8.3227
-3.9054
-6.7603
-6.2754
-3.7181
-3.7252
-2.3854
-3.7132
-6.2675
-7.7167
-7.2398
-6.0482
-8.5587
-7.5331
-5.6875
-5.4292
-8.9996
-4.9470
-10.6291
-16.0509
-2.8683
-5.9411
-7.7262
-3.7916
-1.7360
-2.2029
-1.5684
1.7074
4.1854
1.7064
-2.8782
-4.9222
-11.3410
-13.8736
-16.4799
-18.3767
-19.8272
-16.9219
-12.6443
-2.8706
-2.0942
0.8687
2.6701
1.3118
1.4341
2.2591
-4.6458
-10.7787
-14.7802
-12.6403
-8.0987
-6.7492
-10.6134
-14.0218
-13.0555
-9.6709
-3.0020
3.8117
6.1792
3.0389
-3.8466
1.6726
4.2573
-5.6846
-9.1453
-9.1178
-4.0104
-3.4646
-3.9533
-4.0540
-2.8948
-7.2273
-6.7581
-10.2250
-15.2792
-16.0940
-16.5667
-17.7850
-20.5009
-21.7708
-20.8959
-22.2892
-18.3017
-11.1973
-8.5337
-14.3429
-21.0211
-17.4410
-16.0627
-16.9181
-12.0911
-14.6303
-16.8302
-10.6527
-7.3128
-8.2383
-6.8223
-4.2121
-4.2135
-5.1944
-3.8395
-4.1331
-5.2469
-5.0477
-4.9137
-4.7100
-5.9102
-5.2436
-4.8495
-5.0433
-3.7603
-5.0207
-4.7585
-3.1495
-1.8331
-3.2910
-4.6802
-4.8074
-3.2916
-7.1152
-11.8175
-13.4430
-11.7198
-2.4831
1.4189
-5.6984
-9.3077
-7.0768
-4.4048
-4.6299
-6.1663
-6.9265
-7.7887
-10.9353
-12.6750
-8.2347
-4.6620
-8.7375
-8.6226
-7.5131
-6.5986
-6.4035
-7.3825
-8.5577
-2.0451
0.3673
-2.7373
-7.8212
-10.9979
-10.1201
-4.2485
-2.6542
-2.7733
-4.3095
-6.7657
-5.8044
-3.4202
-3.1194
-3.8491
-4.8140
-2.4821
-3.0428
-6.0197
-7.2255
-6.6511
-6.9336
-7.1517
-4.9605
-4.4381
-1.4690
-1.5219
-3.4539
-3.7954
-4.1797
-8.4093
-9.4797
-11.1535
-13.0343
-11.9877
-9.4516
-6.9542
-5.5885
-6.2279
-3.9633
-2.4552
-0.4192
1.0873
-2.4167
-4.6824
-4.4727
-4.7867
-6.8646
-3.4940
-9.6672
-11.8681
-7.6798
-0.5670
-1.9066
-3.3305
-5.1607
-3.3105
-7.3211
-16.2103
-15.2680
-10.0233
-8.9521
-6.0478
-13.0189
-17.9568
-15.6292
-16.4298
-13.3046
-10.4603
-10.1067
-9.7318
-14.0298
-13.6218
-8.3764
-11.7556
-14.3998
-14.6734
-17.6995
-20.0301
-19.8190
-20.6689
-16.9809
-10.0353
0.2528
-1.0033
-1.9662
-0.2870
-12.2594
-11.8450
-8.9181
-11.6437
-14.9946
-11.2765
-10.1049
-12.7827
-10.1101
-14.1706
-12.3553
-11.1803
-12.0788
-9.7259
-4.3894
-4.5597
-12.4189
-15.5876
-13.6753
-15.0119
-19.2839
-19.6683
-9.6102
-4.8486
-7.6733
-6.4758
-3.9028
0.4080
-1.3237
-8.2435
-7.9359
-6.1362
-7.4505
-5.9554
-5.9593
-7.1001
-5.7138
-3.3675
-9.3581
-9.7027
-6.0516
-7.7651
-11.0173
-10.6267
-10.6645
-7.5897
-7.9824
-12.1577
-15.5387
-12.6739
-14.3022
-14.0622
-12.1205
-15.0756
-13.9466
-4.7226
-7.8080
-9.4575
-2.4196
-5.5121
-9.8283
-13.5684
-12.6254
-4.2873
-3.4610
-16.7318
-23.0807
-16.0781
-18.2388
-19.8097
-17.0883
-19.2755
-17.6929
-19.5098
-21.3037
-17.1553
-14.0405
-13.0632
-15.4830
-14.8557
-10.0820
-13.4231
-13.5497
-14.1990
-13.4103
-7.5917
-6.2090
-8.2998
-6.5776
-5.9438
-7.0212
-4.2932
-3.6666
-6.4033
-7.5660
-9.4929
-8.5869
-6.7380
-4.0401
-8.5164
-14.0828
-9.8919
-7.6127
-7.8994
-6.3325
-9.0312
-8.1773
-9.5826
-9.2446
-9.8122
-8.5843
-5.1599
-3.8831
-3.1813
-2.1017
-4.2950
-0.8723
2.2048
1.5928
2.0321
0.3503
-2.3660
-1.7349
-0.7625
-1.1571
-0.9858
-1.5843
-1.9921
-3.0695
-3.7833
-2.3678
-3.3123
-2.4704
-4.8057
-1.2698
4.5280
6.0247
4.9673
2.1762
0.5472
2.2997
0.9284
-1.6956
-6.9266
-12.0799
-5.9933
-0.6176
1.7442
-0.0897
-0.0986
-4.8280
-3.0146
0.6295
0.0635
-0.9925
0.7943
-1.0900
-4.7508
-3.0057
3.4145
7.4683
1.3111
-3.5300
9.6577
16.3218
16.6103
14.1000
13.0836
3.7625
-8.8087
-4.9567
-5.7005
-6.1272
-6.4366
-6.2514
-10.5065
-12.0958
-19.5388
-18.1929
-16.6183
-14.7404
-13.7260
-14.1034
-19.5556
-19.6287
-15.5225
-9.7485
-6.4560
-5.6328
-10.8508
-13.6775
-10.5667
-2.7392
-5.7983
-6.3419
-8.9705
-7.7752
-1.6652
-1.1044
-5.4636
-8.7691
-8.9943
-17.2956
-17.3941
-12.2644
-11.4746
-9.3737
-12.5314
-12.9320
-13.0154
-10.1793
-7.4101
-9.0629
-10.9887
-12.1933
-0.3519
-5.0955
-13.2040
-15.1576
-14.1947
-13.2885
-15.5548
-14.3626
-17.4338
-13.5196
-7.7520
-8.4047
-8.8402
-5.3154
-8.2397
-8.1814
-7.1175
-3.5764
-4.2944
-6.4080
-11.1067
-16.2934
-15.3404
-18.5976
-13.7681
-12.8038
-7.3798
-4.8237
-7.1642
-3.8598
-4.4002
-2.3880
-6.1894
-8.9878
-6.4543
-5.7506
-6.9530
-5.4279
-5.0467
-6.1778
-7.9187
-10.4584
-13.1974
-16.5498
-16.1565
-10.6418
-10.9366
-14.6917
-13.7622
-6.7740
-6.4842
-7.4983
-10.8561
-13.8773
-12.2267
9.9604
8.3090
6.2819
-5.2720
-6.2089
0.3916
7.7103
1.2064
-3.8900
-0.5001
-4.2410
-4.9938
-5.3415
-5.9709
-3.1175
1.8648
3.1313
5.0877
1.2944
-5.1757
-10.5855
-11.9003
-16.5635
-17.1411
-11.0386
-9.2726
-10.2342
-7.4813
-7.8795
-10.7176
-6.0759
-4.0823
-4.0445
-7.0576
-8.2783
-10.0720
-5.5177
-1.1510
-11.9639
-8.9104
-4.1421
-1.3049
-0.6979
-5.6250
-15.5804
-17.2554
-5.4146
2.7505
6.1926
11.4475
16.5106
11.7732
7.7205
5.7241
5.3726
4.9904
2.6004
0.0113
1.3701
-1.6867
-6.4632
-5.7113
-5.2726
-4.9804
-3.2119
-2.8253
-2.6185
1.5992
3.3548
4.7647
1.7832
-2.4154
-4.5724
-8.6378
-8.8493
-7.3528
-9.3266
-11.8935
-11.8045
-10.2791
-7.4729
-4.1170
-5.5528
-12.0294
-18.6842
-20.3994
-19.7940
-8.6749
-5.4733
-4.3329
-8.3034
-10.2677
-9.3348
-7.9449
-8.1737
-11.3386
-8.7361
-4.9742
-4.5386
-6.8959
-10.5361
-8.6581
-4.3266
-12.0363
-15.7934
-13.9145
-15.7027
-17.9132
-17.6058
-12.9449
-9.9646
-7.3840
-11.4458
-6.3781
-4.1373
-0.5967
-1.4060
-0.5471
0.1442
-4.9941
-6.3213
-2.5628
-10.2966
-14.1128
-10.6531
-5.5991
-2.2245
-4.7404
-5.8153
-5.0547
-0.4518
-1.0830
-2.7259
-5.1227
-6.2763
-15.6983
-12.9664
-11.5284
-9.2913
-8.5159
-14.8608
-7.4045
-10.4094
-11.2243
-14.4337
-16.9103
-17.7975
-13.6116
-3.8645
-9.4364
-8.9982
-10.8037
-8.4328
-5.1222
-0.9717
-3.6326
-5.2939
-9.5986
-12.2035
-4.1225
7.3459
7.1030
0.1118
-6.7280
-8.4417
-9.2030
-8.1174
-4.5898
-5.2532
-2.4807
2.0188
-1.1498
-1.3863
-3.4206
-10.6347
-12.7434
-7.9238
-11.6513
-10.8534
-2.1750
2.4987
4.8889
3.4114
3.3154
2.4929
0.5174
-0.7786
-1.7110
4.6530
7.9981
7.2455
4.5523
1.9659
2.5997
2.7375
-0.2983
2.1101
-2.8157
-7.9833
-15.1770
-18.0898
-3.6437
4.0731
3.9022
0.9548
-0.1773
-2.5668
-1.7112
9.1964
5.3068
2.6432
1.4492
0.7832
-2.5521
-2.5454
-5.7434
-8.3771
-4.3675
-3.2986
-6.8763
-11.2898
-8.4320
-7.2053
-4.9636
-2.4911
-11.1700
-9.4796
-11.0066
-12.9356
-11.7963
-12.6178
-11.9581
-11.5114
-14.6111
-20.2370
-21.1489
-14.4999
-4.2085
-1.7732
-9.1719
-9.1302
-5.9688
-4.2335
-4.7883
-3.4118
-2.7215
-0.9197
-1.5865
-0.2765
-0.4543
-1.0036
-1.5079
-2.7411
-3.9876
-5.7377
-3.0401
0.7066
0.5223
-0.6987
0.2387
-0.7154
-0.6569
-0.9825
-1.3603
-2.8080
-2.9770
-4.6799
9.1559
6.0735
-3.5417
-10.4328
-15.2095
-18.1230
-21.9359
-24.3995
-24.3714
-24.7433
-22.2096
-20.8224
-16.2622
-14.4529
-18.3834
-15.4891
-12.5971
-17.6499
-19.0611
-19.3717
-17.4546
-18.9364
-14.7006
-20.2899
-20.6044
-21.7933
-19.3405
-16.1998
-14.4189
-15.0605
-12.8840
-9.7789
-5.1875
-9.1603
-15.8539
-13.5713
-5.3774
-5.1881
-5.8067
-7.6290
-8.9326
-12.0619
-12.2220
-12.2286
-10.7557
-9.3321
-10.7055
-10.8103
-10.2830
-7.8347
-6.1917
-10.5645
-13.5583
-12.9703
-11.7589
-11.9136
-13.5104
-5.0754
-10.6857
-11.6045
-13.1307
-11.3885
-10.8986
-11.5930
-11.1131
-11.5611
-13.9304
-12.9984
-6.7491
-8.2146
-16.6920
-15.4027
-12.6407
-10.6828
-8.4469
-8.3306
-7.9959
-2.4926
-8.0991
-9.4934
-11.0482
-9.7157
-6.6068
-5.3815
1.4559
1.2435
2.1537
-3.8285
-11.3256
-10.5462
-11.3354
-10.8326
-6.8363
-6.7358
-10.1933
-10.8813
-12.2171
-12.7006
-16.4570
-25.2366
-23.1286
-19.3436
-19.8074
-17.1416
-16.0697
-17.0078
-17.7232
-16.6285
-17.0377
-8.9634
-2.4888
-0.1972
1.1620
-2.6284
-6.8258
2.0225
5.3803
-1.5338
-2.6101
4.6368
8.4860
5.5824
-4.7589
-13.9191
-19.1119
-25.7856
-20.6004
-6.3026
-1.2536
2.0334
8.0407
12.4599
3.9065
-8.8692
-16.4657
-16.3193
-5.7888
2.5368
1.3406
-3.6590
-7.9946
-8.9083
-9.2040
-10.2422
-13.3101
-15.0509
-16.5078
-11.1612
-7.9919
-3.5844
-8.1025
-5.0958
-8.9483
-5.9029
-3.3692
-1.3173
0.7608
-7.8551
-8.2734
-2.2253
3.0290
-1.9759
-6.9856
-6.5943
3.1225
5.5907
-2.3453
-2.9981
-2.8449
-2.4907
-7.6379
-13.7588
-15.0255
-10.2698
-7.9016
-10.2397
-11.5567
-9.6950
-11.1124
-11.6039
-10.9519
-6.1664
-3.2720
-3.2453
-2.4475
-1.8932
-0.4020
-1.5573
-0.5381
-1.1158
-3.2418
-3.7286
-5.9993
-4.2780
-2.2262
-2.0498
-2.8639
-2.9115
-4.1394
-8.2230
-1.5938
-4.5732
-3.4444
-12.5377
-14.6218
-8.4769
-10.3476
-12.2281
-9.5198
-13.1109
-13.0012
-18.0522
-20.6625
-14.6169
-7.7267
-9.1511
-5.9588
-2.1012
2.6062
3.3045
3.0903
3.1572
-3.8298
-6.9868
-4.1549
-9.7282
-10.4729
-15.9228
-12.1351
-11.1984
-5.3478
-6.7006
-18.0452
-17.5542
-12.9609
-15.3908
-17.1452
-14.6752
-10.7614
-5.3012
-4.6364
-13.5125
-13.2700
-9.5425
-5.8638
-4.8793
-5.5233
-5.3966
0.6799
-5.0849
-17.1925
-12.9741
-11.2620
-10.7011
-6.8620
-6.5771
-6.5376
-12.5398
-15.0702
-10.9738
-8.2021
-10.0261
-4.4576
-8.2091
-15.4804
-19.4339
-16.4570
-13.1595
-14.4395
-8.2286
-9.4760
-18.4714
-16.9056
-12.0080
-8.0358
-7.6254
-2.4526
-2.3819
-10.0606
-15.7190
-16.4809
-16.8035
-19.3565
-15.8988
-19.5643
-16.9730
-9.1009
-9.1490
-7.8334
-3.5564
-4.8669
-0.5405
1.8019
1.9789
-3.6795
-8.5721
-6.5381
-0.8461
0.4906
-4.1224
-6.9149
-4.3372
-2.4336
-7.9545
-8.7248
-13.9628
-21.9445
-21.8425
-19.1119
-13.1639
-11.1765
-5.1031
0.3768
2.8045
1.8558
2.4923
0.5479
-14.4629
-18.8291
-12.5461
-16.5596
-14.5888
-17.8648
-25.3699
-19.1308
-15.8658
-17.5529
-17.7923
-15.1626
-17.9253
-16.8057
-14.0534
-10.4001
-11.7603
-15.8841
-17.9384
-12.5730
-15.2694
-20.5194
-20.5272
-19.7936
-14.3134
-9.8078
-4.9621
0.8218
1.5926
-19.6643
-25.1295
-25.2413
-24.1869
-23.2519
-19.3298
-15.0652
-21.9086
-24.2243
-19.7115
-16.1449
-9.2003
-5.9357
-10.4395
-19.0724
-19.9609
-13.1905
-5.3154
-4.4261
0.5878
3.0266
1.8859
2.9531
5.5750
7.5830
-0.6427
-6.0125
-9.7231
-5.6591
-5.7260
-7.7960
-7.5714
1.7585
7.9123
9.6209
4.3950
-1.7745
-1.6607
-2.3928
-2.5571
-3.2105
-5.5162
-5.4665
-3.6061
-4.5621
-3.2268
-2.2995
-3.0651
-4.7590
-4.3163
-2.8772
-2.5630
-4.1038
-4.7453
-3.7523
-2.5259
-2.1141
-3.0377
-4.3431
-3.9839
-4.8170
-4.2875
-3.5461
-2.9173
-4.1055
-4.7729
-3.8253
-2.2835
-3.9450
-6.2007
-6.3928
-3.9982
-2.4082
-3.8541
-5.2972
-3.3492
-3.9069
-3.8030
-3.1319
-2.5882
-3.2404
-3.9466
-4.7298
-4.6494
-5.7989
-2.5358
1.1344
-0.0437
-1.2443

Coefficient 26:
0.0000
-3.6208
-1.7977
-0.4141
-1.2408
-2.2706
-3.0363
-3.8096
-3.9905
-5.1088
-7.4734
-8.2747
-7.6720
-4.4883
-6.2222
-8.0395
-7.1441
-10.6114
-5.1096
-2.3603
-7.9947
-5.1122
-1.9281
-2.0116
-2.5538
-4.8080
-10.9308
-11.4360
-6.5229
-0.4921
2.4682
-0.7401
-2.0122
-3.8057
-2.9738
-5.2578
-5.1794
-9.7329
-8.7586
-7.3044
-7.3266
-3.2141
-8.2335
-8.0696
-4.0055
-5.8373
-5.6474
-0.4694
-4.6354
-7.6727
-6.9923
-5.7368
0.2276
0.5332
2.8144
3.3609
0.1174
-10.6784
-13.2409
-11.2802
-9.4791
-8.1615
-7.9878
-4.5683
-2.2720
0.6935
7.1137
6.2029
1.4738
-0.1941
-3.8381
-7.5271
-5.0337
-1.6587
0.6750
2.1013
-0.2399
-7.2314
-5.3320
-8.8554
-4.6280
0.3724
-0.4443
1.2357
-3.1786
-6.6441
-5.6278
-7.4843
-3.5403
-0.9651
3.8773
4.7727
-1.6136
-2.4812
-2.6083
-3.4797
-2.5644
-6.5584
-5.3474
-7.6044
-7.0137
-1.9105
-3.7946
-5.9710
-4.9950
-4.1472
-10.7053
-12.4039
-16.1009
-16.2716
-15.2692
-9.7362
-5.6647
-4.7060
-7.7271
-7.2188
-4.4878
-1.6830
-1.7523
-1.0999
-7.9646
-9.8177
-11.3159
-9.5322
-7.1427
-5.5580
-5.2824
-4.3330
-6.6600
-5.6690
-11.4992
-10.3243
-10.1424
-12.9902
-10.4775
-5.3500
-1.3248
-2.8284
-9.8833
-10.6137
-11.0138
-10.0393
-8.0233
-5.3679
-11.0609
-16.2956
-13.8239
-11.2293
-5.4540
-4.1736
-2.9869
-3.9858
-2.9670
-8.6302
-8.0810
-6.0224
-16.0166
-16.2480
-14.5009
-17.4631
-19.6257
-15.6935
-5.9416
-7.8411
-8.3126
-8.2511
-8.2473
-9.5374
-13.7320
-11.8997
-1.7145
-2.3505
-8.9655
-14.5215
-17.7726
-18.3647
-15.8392
-12.3293
-6.9765
-5.4634
0.5977
0.6891
-5.1149
-8.4282
-4.9284
-7.2786
-3.2310
-3.4299
-0.2956
-2.8243
-11.6749
-11.1496
-8.0048
-5.7510
-11.9562
-13.5791
-15.2086
-13.3843
-8.1879
-4.8061
-5.0739
-2.4180
-3.1685
1.0973
-8.7407
-19.4156
-23.5877
-17.3293
-13.8853
-12.7547
-4.9231
-2.3823
-4.2353
-10.9618
-6.0276
-8.5303
-9.1632
-7.7328
-6.3873
-18.0934
-21.0690
-25.9097
-23.4045
-14.8941
-8.7855
-8.4936
-11.4489
-8.1289
-5.3830
-2.3616
-5.8944
-10.5525
-7.2996
-5.4143
-6.0180
-7.0926
-8.0471
-9.9380
-13.9783
-12.6360
-10.8515
-17.8659
-16.0704
-17.0757
-18.2230
-24.0216
-24.9271
-21.2427
-12.6795
-4.2789
2.9722
1.7791
-4.4428
-4.3659
-1.3011
-1.9464
-7.9783
-10.0924
-5.5705
-1.2928
0.4788
0.2151
-11.8366
-10.2149
-11.4403
-10.9766
-3.3144
1.4477
7.3085
3.6036
0.5896
-0.3866
-3.3144
-3.9862
-4.2477
-0.8131
4.0164
9.2105
7.3824
1.3213
1.1042
-7.1510
-13.6550
-17.0783
-14.3997
-9.8473
-10.7588
-11.9915
-9.6899
-1.8854
-2.9006
-3.7857
-3.4317
-4.9738
-2.0147
0.5357
-4.5533
-5.0905
-1.1728
-3.0571
-4.4090
-11.2152
-14.6778
-18.4674
-17.4263
-13.8225
-9.3815
-3.7058
-0.8624
-5.0062
-7.5328
-3.9228
-14.9097
-14.4898
-7.2117
-2.7693
-8.3970
-4.7828
0.1878
-0.6936
-5.2019
-10.5398
-12.9211
-7.1643
-0.1027
-0.5480
1.6175
2.1700
5.6531
2.5601
1.0825
5.7497
0.6853
-9.6205
-14.9199
-19.5925
-8.7890
-7.9389
-9.9111
-15.2428
-14.8616
-6.7556
-5.5596
-5.9983
-7.0313
-8.9807
-4.6882
-2.4189
-0.7187
-6.3345
-9.4275
-15.5673
-14.1060
-16.2598
-12.9697
-6.1609
-5.1089
-8.2544
-10.1131
-13.8540
-11.7306
-8.0804
-3.7144
-5.3848
-6.3551
-1.9681
1.5845
-5.1991
-9.0789
-4.8264
-4.1967
-3.6756
-2.4875
-2.7975
-4.1023
0.2130
3.4836
3.1938
5.0939
4.4959
0.0589
-6.1162
-3.5880
-7.5242
-10.9789
-17.6804
-20.8252
-14.4337
-8.7491
-11.1478
-13.8441
-11.9098
-8.6300
-6.7850
-9.0791
-14.8739
-17.9985
-12.6778
-13.2516
-8.3896
2.5452
3.7075
4.5372
4.2349
-4.3763
-10.2177
-12.5621
-15.6844
-19.7673
-19.8738
-13.7095
-12.6913
-17.1979
-15.6205
-11.2077
-9.3097
-8.6581
-6.9333
-1.4340
-6.5816
-6.8193
-10.3631
-10.3559
-8.6992
-5.7815
-3.8722
-5.8065
-7.0238
-7.6242
-2.0112
-3.9147
-12.7035
-14.3372
-9.4722
-12.6026
-11.3657
-10.2072
0.7708
1.2414
-0.6019
-6.3432
-2.8374
-1.8274
-7.8563
-14.8186
-16.9061
-16.4637
-12.1651
-15.4758
-16.4265
-9.4470
-6.0854
-5.8779
-4.4585
-2.5240
-3.2168
-4.3407
-2.9945
0.3113
1.3718
0.3198
-2.1793
-3.2259
-4.2052
-2.9645
-3.4233
-6.6759
-6.3841
-3.5652
-2.8957
-3.4533
-2.8265
-3.5418
-3.5972
-4.1285
1.0364
1.7913
-2.5617
-5.7840
-2.7785
-0.3975
-10.6347
-10.3070
-15.4531
-11.1172
-14.4235
-18.9556
-19.0020
-10.1991
-9.9620
-11.5513
-6.6100
-7.4989
0.9071
6.1033
8.8942
2.6456
4.4414
2.1822
-0.1970
-7.3277
-10.1154
-6.4797
-5.4682
-4.9747
-8.0300
-12.2473
-9.1454
-5.9651
-1.7299
-2.5128
-6.5905
-12.7770
-6.5691
-7.1599
-6.1815
-11.0136
-10.6960
-7.0130
-7.2188
-5.7247
-3.8540
-10.6492
-20.2273
-21.0253
-19.9105
-17.7612
-12.2960
-9.3571
-8.3340
-10.8914
-13.4375
-17.7654
-18.0241
-17.5755
-11.2378
-5.1368
-6.0065
-7.2174
-12.5632
-16.9637
-12.2974
-13.6574
-19.1140
-19.7329
-16.7069
-12.9402
-2.5297
-2.3346
-2.8665
1.5692
-0.1240
-1.7800
-3.4930
-6.1570
-4.0179
-8.8955
-9.0633
-10.1485
-10.4968
-13.0506
-9.2200
-5.7712
-4.0355
-4.8430
6.7727
6.8469
5.2264
-5.1889
-13.1047
-18.9601
-16.1956
-9.7978
-11.3337
-13.1133
-10.2670
-1.7531
-11.9819
-11.0938
-6.8325
-3.8026
-1.8635
1.8586
-7.9231
-12.6233
-15.2097
-13.6348
-9.1453
-7.7512
-9.2337
-11.3624
-16.2323
-19.3359
-13.6577
-0.7946
1.2557
-0.5118
1.9414
6.7462
1.7833
0.7011
2.1347
-0.6468
-4.3967
-4.6748
-1.9851
-4.4850
-3.7334
-4.6019
-3.2743
-3.4138
-3.7386
-4.2719
-3.5434
-3.6264
-3.7750
-4.0399
-4.7271
-4.4066
-3.3805
-3.9111
-4.8364
-5.5617
-5.1753
-6.0569
-5.4998
-4.0267
-3.3576
-3.5634
-4.8889
-6.5059
-5.5338
-4.4655
-3.7545
-3.4335
-3.0032
-2.6702
-3.3754
-3.7649
-5.0659
-4.0216
-4.3547
-13.5807
-16.8316
-8.2995
-6.1083
-5.2726
-5.2257
-6.6423
-5.7797
-6.5630
-4.5658
-7.8710
-13.9452
-11.9554
-5.7089
-2.9884
-3.4484
-3.1839
-1.6713
-4.7614
-7.7544
-13.6404
-13.7516
-9.8774
-10.8120
-12.5509
-8.6666
-12.0182
-19.9510
-13.5015
-10.8631
-9.1855
-11.5009
-10.5985
-7.2919
-7.4730
-13.1488
-14.8510
-13.4025
-8.8005
-6.4423
-5.5480
-4.5482
-3.6700
0.7928
0.2426
-0.2464
-3.1008
-4.3491
-0.9751
-7.5416
-8.3423
-3.8630
-5.9342
-10.5498
-7.5687
-2.1430
-3.2001
-2.3915
-3.5940
-6.0073
-4.7292
-3.3243
-5.8546
-3.9204
-4.9275
-7.5815
-11.4249
-10.3064
-8.7164
-5.1585
-7.2971
-7.9054
-5.0823
-5.4341
-3.0401
-1.7031
-15.9220
-17.4321
-10.8905
-10.5964
-11.7651
-20.6737
-19.5051
-17.9212
-20.6336
-22.3998
-20.3978
-13.8802
-11.4741
-11.3760
-12.4517
-8.7255
-11.0127
-8.7424
-14.7741
-11.5842
-10.8701
-8.0787
-6.6376
-8.8317
-4.1243
6.1913
5.1534
5.7963
2.4200
-1.4697
-4.4818
-3.5150
-0.2533
-0.9279
1.5195
3.9867
0.0859
-7.4882
-9.2170
-9.6794
-7.1913
-8.0714
-11.0254
-11.5901
-9.7142
-10.1643
-1.4032
-5.0901
-5.6073
-2.8323
-3.7541
-4.0342
-3.6360
-3.8368
-4.5136
-3.7897
-3.8265
-4.9032
-4.7665
-4.5195
-4.3225
-5.3559
-4.9125
-4.5129
-4.8384
-3.7595
-4.4512
-4.3258
-3.0189
-1.6245
-3.2002
-4.2470
-4.4577
-2.9009
-5.0078
-6.0624
-1.2773
-0.4233
-2.1874
-1.0928
-6.6008
-8.3497
-6.6540
-4.1307
-4.5682
-8.7828
-9.6428
-7.7363
-4.3777
-2.3031
-0.0644
-4.7616
-14.4863
-19.9432
-18.8362
-20.4676
-19.7538
-8.0339
-6.0439
-3.6421
-5.2293
-5.8383
-7.7915
-10.3117
-8.6651
-4.2314
-3.0874
-3.1343
-4.4506
-7.4951
-6.0884
-3.2365
-2.9214
-3.5260
-4.6477
-2.4726
-2.9201
-5.6902
-6.9797
-5.9846
-5.9133
-6.5942
-4.4645
-3.9867
-1.2910
-1.6978
-3.6904
-4.0274
-3.7400
-4.8767
-5.1579
-7.7273
-10.3379
-9.6715
-8.0842
-6.3853
-5.7592
-6.4822
-4.2714
-1.5814
0.9433
1.7665
-1.7737
-3.4311
-3.8238
-3.8744
-10.4360
-11.1504
-16.8771
-20.3102
-24.6267
-23.2621
-17.9888
-16.3037
-13.3301
-9.4062
-11.8657
-5.3640
-4.6879
-5.2193
-12.1570
-13.6049
-11.9396
-13.3584
-12.2773
-8.0456
-10.5369
-10.0903
-10.2220
-11.5153
-12.6524
-14.2209
-12.0346
-9.6324
-7.4704
-7.1508
-9.9532
-13.1085
-14.3896
-8.0109
-2.0045
-3.0327
-3.2249
-6.5725
-9.5478
-7.7545
-8.9221
-9.1798
-14.0641
-21.3323
-18.9558
-17.2873
-16.0702
-13.2808
-9.8630
-10.9009
-10.3223
-14.4639
-17.1628
-13.5989
-2.3879
-5.7783
-9.1788
-11.2973
-11.1520
-10.2000
-7.8612
-10.7793
-10.0824
-7.4482
-7.6377
-7.5376
-11.2891
-11.0387
-13.6836
-14.0504
-14.3630
-9.5523
-11.5371
-12.2305
-12.2928
-14.5963
-16.0171
-8.5442
-5.8845
-5.4911
-7.0806
-5.8310
-6.4819
-7.9920
-7.5658
-2.0288
-2.1122
-7.8749
-14.3894
-18.4414
-20.3639
-17.8987
-15.4853
-17.1084
-15.2335
-10.1574
-9.3848
-9.1813
-5.8401
-4.2995
-2.7526
-4.6875
-3.0314
-1.2194
-5.1419
-1.4871
-1.1592
-5.3231
-5.8725
-0.2622
5.4402
8.0624
9.1845
11.4281
12.7300
11.5081
10.4709
2.5070
-7.3980
-10.6560
-7.5508
-3.3841
-5.9451
0.2859
3.3192
1.7263
4.7398
2.7284
3.7042
5.7990
-3.8171
-5.0762
-6.2451
-9.8731
-9.1570
-7.8937
-3.8213
1.1022
2.6870
3.5533
0.3573
-3.8386
-7.1715
-9.4371
-4.9512
1.9301
-0.8617
-1.3193
-0.6226
1.9821
2.5344
3.5110
4.3873
6.0640
7.6625
3.6525
2.2653
2.8976
1.0950
1.4999
4.6091
8.3435
7.1007
5.7788
6.0474
4.1200
1.3753
-1.1954
-2.8633
-3.7161
-2.3657
-3.1852
-2.4466
-4.6582
-4.0578
1.8053
-7.9070
-16.3229
-17.4496
-15.3274
-8.1599
-7.6986
-7.7081
-2.6466
-3.6199
-3.7287
-10.5188
-11.8813
-13.1463
-9.5030
-7.1572
-11.8943
-12.4741
-13.3520
-12.8835
-8.7877
-10.5073
-11.7503
-11.6443
-6.2154
-2.5067
-4.1585
-1.9911
4.2386
-3.8565
-10.6407
-14.8154
-13.9508
-11.6826
-15.6574
-18.2580
-20.7632
-17.0767
-11.0748
-9.1094
-12.4078
-12.2747
-18.8502
-18.4943
-20.3372
-19.8444
-17.2258
-15.7362
-3.5449
-3.3568
-0.2460
-3.2654
-4.9531
-9.0908
-16.9600
-16.9136
-8.5448
-14.6872
-15.4524
-16.2725
-14.9595
-12.5599
-9.7838
-7.1973
-7.1639
-8.6079
-14.0937
-11.8983
-10.6399
-5.5865
-7.1439
-11.1493
-3.2963
5.5129
2.8283
-0.7489
-1.2705
-0.1496
-2.5007
-9.7945
-7.0052
-8.1135
-9.6799
-5.6326
-3.8744
-3.2103
-8.4833
-13.5250
-5.3840
-3.4274
-1.0899
5.6902
10.7962
7.8359
-5.0058
-7.7804
-7.7835
-2.2362
2.9726
2.8614
3.1942
0.3485
-4.0712
-7.5911
-3.5957
-5.9748
-5.4463
-6.5814
-11.4436
-8.9007
-7.4287
-4.0328
-3.1437
-6.2961
-9.7035
-6.8921
-5.9986
-5.7373
-5.9606
-4.4483
-4.4786
-8.3302
-9.5437
-5.9500
-7.8332
-12.5873
-11.6853
-11.5560
-7.4108
-6.9084
-8.3912
-11.9341
-14.1143
-8.3795
-6.2183
-12.3192
-11.4283
-8.1688
-10.7054
-18.0528
-17.6882
-13.5151
-14.5036
-19.6135
-15.2521
-12.5956
-8.8911
-4.8553
-5.3309
-2.6336
-2.7099
-7.1871
-9.5988
-12.5293
-12.4625
-12.5309
-17.8507
-17.4464
-16.9490
-13.0797
-12.0016
-10.8172
-3.3840
4.1651
-0.3798
-9.8012
-18.6987
-17.4917
-16.7809
-11.3787
-7.5375
-5.0932
-0.7716
-12.5472
-18.7375
-23.7485
-24.2772
-19.0624
-12.7775
-12.7845
-12.6826
-13.4094
-16.5645
-15.3337
-10.2730
-10.6786
-3.1412
-4.5904
-3.5340
-11.5007
-13.0276
-12.3743
-16.2987
-12.6332
-5.3094
-1.7751
-1.4119
-4.3313
-6.7224
-6.8945
-6.2725
-6.6816
-6.5953
-6.3478
-5.9047
-7.5625
-9.3117
-11.1207
-13.6301
-10.1613
-9.3647
-8.4720
-10.6229
-10.3138
-9.0684
-6.7899
-4.9777
-3.9762
-4.1099
-6.6249
-10.6884
-17.2271
-23.5268
-18.3667
-11.4585
-8.3346
-13.1670
-9.4694
-6.4215
-6.3275
-7.0630
-13.5294
-13.6501
-10.9415
-8.3329
-4.7961
1.0258
3.5779
-3.0045
-8.2051
-5.8698
-2.8096
-8.2667
-14.2389
-12.2617
-13.5072
-8.2101
-6.0106
-12.4820
-12.4000
-11.5837
-12.4103
-11.1355
-8.2773
-2.0168
-0.7435
-4.2407
-3.9974
0.7812
2.1628
-3.2153
-8.6231
-12.9985
-10.3542
-11.2204
-11.0144
-12.0762
-11.5215
-12.1787
-11.0224
-0.9452
-0.8184
-0.5047
0.0101
-4.1453
-12.2974
-9.0325
-11.5007
-11.4592
-10.4367
-9.9208
-9.4146
-2.9751
-0.5681
-4.4108
-9.4616
-7.6860
-2.4409
-1.7111
-5.9069
-6.3986
-13.5214
-14.1673
-8.6951
-8.1000
-7.3400
-7.4307
-8.1742
-7.3697
-0.8980
-0.5706
-3.5031
-3.1061
1.6381
-1.1417
-6.6284
-11.3962
-9.1269
-6.3877
-2.6241
-7.1642
-11.5329
-9.1505
-10.5989
-8.9702
-12.4673
-12.4552
-10.6470
-9.6243
-14.5178
-17.2952
-17.4090
-19.5521
-19.0579
-12.1275
-14.6887
-13.7983
-14.0253
-12.9165
-12.4982
-14.4099
-8.5533
-4.0765
0.5203
-0.6502
-3.6394
-1.3840
-5.2932
-13.3307
-14.2021
-7.3007
-10.2436
-13.2700
-17.0125
-15.1495
-13.9245
-15.5174
-9.8302
-11.0059
-12.2905
-12.5651
-8.3085
-3.9739
1.0331
7.3871
2.6964
-1.9308
-0.0215
4.6801
1.6020
-8.9906
-11.9575
-11.2395
-8.5970
-7.7962
-12.3752
-17.1423
-10.6171
-4.0536
-12.6486
-15.9059
-14.0489
-8.6371
-11.1071
-20.3305
-13.3933
-6.1831
-3.2686
-4.1667
-2.9241
-2.5732
-4.0511
-4.3399
-4.1092
-1.8521
-0.2123
-2.0965
-0.8657
-0.8104
0.6634
1.8121
0.3202
1.6045
0.0281
-2.7915
-4.5227
-5.6932
-5.0655
-2.8930
-2.5838
-2.8959
-5.2589
13.4792
-0.9113
-6.3551
-6.1714
-3.0296
-3.4916
-3.2010
-1.4368
-2.3687
-4.1614
-3.2587
-1.1991
0.5159
-2.3452
-8.2480
-7.9931
-7.2888
-9.3496
-8.2084
-4.3766
-3.3639
-7.0104
-4.0281
-2.7215
-5.7345
-7.7204
-5.0118
-3.5501
-5.2669
-9.0185
-16.0739
-20.1392
-12.0418
-15.5904
-21.5403
-18.2857
-10.9567
-11.4841
-5.4199
-9.8196
-10.0565
-7.1014
-4.3608
-2.6174
-9.5200
-14.6443
-16.2186
-12.2976
-11.9510
-9.2286
-7.1148
-14.0960
-17.4387
-12.6195
-11.2387
-5.3360
0.8619
-5.7027
-11.1684
-14.1710
-13.2269
-10.3420
-15.0159
-12.7071
-6.7994
-8.2949
-13.6780
-9.9371
-6.0711
-5.9164
-8.2348
-6.6782
-10.0733
-14.5270
-11.7401
-9.3433
-9.1822
-6.2344
0.0767
-1.0229
-5.5735
-8.2429
-8.7799
-0.0978
8.0117
9.1054
4.4723
-1.2244
-9.0527
-4.8486
-1.7816
3.5560
6.0303
4.3959
4.0792
-5.8309
-7.3107
-7.0562
-8.3582
-7.5618
-3.3629
-4.8508
-10.7963
-25.3842
-29.0840
-27.8684
-24.7378
-15.7135
-7.8236
-9.5447
-8.8467
-12.1991
-11.3553
-14.1108
-15.9720
-17.2970
-12.0216
3.3129
1.1452
-9.0457
-10.2092
-6.5484
-1.8425
-3.9696
-2.4732
3.0316
3.7135
-8.7122
-7.4725
-4.7707
-9.3548
-8.4233
-11.0129
-9.3116
-8.5944
-7.5859
-5.5844
-3.1512
-1.0788
-3.5454
-5.7699
-10.3367
-10.1274
-7.0552
-4.1396
-0.3747
3.2562
8.0743
2.8305
4.7208
-1.3772
-6.9280
-12.8573
-11.9850
-9.8532
-11.5568
-2.7260
-3.0412
-7.8903
-9.3343
-8.2633
-8.8748
-8.1843
-9.3628
-14.5849
-5.1557
-11.8067
-11.3912
-12.8322
-16.1422
-21.8136
-14.4715
-12.5000
-7.0770
-6.6932
-12.1846
-10.8453
-5.9121
-0.9298
-2.8652
-9.1920
-6.1873
-3.1038
-3.2665
-2.4046
-1.3969
0.9837
-5.3541
-10.3630
-10.3773
-5.8436
0.6972
4.4645
3.3629
-1.8471
-1.9100
-2.7246
-2.9757
-2.6536
-9.5129
-8.8927
-2.9811
-1.9103
-0.4300
1.5634
6.3289
0.2417
0.6456
-3.3283
-7.1670
-4.1306
-2.9114
-2.8713
-2.3289
-1.2994
-7.3549
-10.7411
-10.6221
-13.4296
-13.9444
-8.2695
-4.4843
-7.2272
-0.1318
5.7163
-2.5203
-6.5884
-8.6219
-6.7721
-9.2084
-7.1102
-6.2889
-10.4876
-3.7754
-6.4928
-10.6856
-16.6323
-19.8356
-13.6507
-4.6492
-8.3846
-12.4514
-12.6748
-10.2642
-5.5793
-5.4486
-5.8514
-5.8205
0.6337
-9.3354
-21.5912
-17.4287
-16.6609
-10.3926
-1.0083
-0.0750
-8.6764
-10.4031
-10.6006
-7.6524
-6.2053
-1.2962
-3.3088
-10.8762
-17.1708
-14.2338
-8.7422
-3.2055
0.3960
-1.7937
-11.9731
-22.0665
-18.9342
-14.0983
-10.7885
-7.0430
-4.8322
-4.2406
-10.8333
-10.9325
-11.4072
-8.1396
-7.8401
-3.7644
-1.1227
4.6948
4.5399
4.2102
0.8448
-5.5228
-13.0459
-16.3853
-13.9835
-12.2977
-14.9511
-15.0015
-8.9177
-5.9182
-0.7460
-3.7927
-7.4191
-3.7233
-1.9661
2.6669
-4.6155
-15.4984
-21.7609
-22.6125
-21.2339
-8.9622
-1.8943
0.2459
-4.0448
-2.2018
-3.0224
-4.2817
-5.6470
3.1244
10.7316
11.9439
2.3340
-0.1388
0.7175
-1.0369
-5.5819
-11.1592
-14.7214
-12.1973
-10.5193
-19.9503
-20.3301
-16.3591
-13.6753
-10.6736
-2.3126
1.0373
3.1491
-3.3218
-3.3739
-0.0544
-4.3483
-4.1089
0.0393
-0.4419
-1.8881
-2.5640
-3.4980
3.3912
2.1871
-0.0497
2.6511
1.9554
-4.3676
-6.2000
-3.5958
1.0236
-0.5090
0.7884
-0.7701
3.1764
1.5903
0.9244
1.1820
-7.9007
-8.4022
-9.3989
-10.1039
-13.5374
-13.8579
-10.9490
-7.2784
-1.6942
2.4810
1.4017
0.4944
2.4339
1.5653
-0.1869
7.6024
9.5444
7.5462
4.1298
-1.6883
-1.5622
-2.2594
-4.0321
-5.5588
-7.3495
-5.5911
-3.4873
-4.4860
-2.8986
-2.1408
-2.9686
-4.6300
-4.2273
-2.6871
-2.3298
-3.6954
-4.4491
-3.4910
-2.0909
-1.1937
-2.3225
-4.1959
-3.8773
-4.8651
-4.1423
-3.3240
-2.8688
-4.1120
-4.5788
-3.6599
-2.1534
-3.4800
-5.7612
-5.5291
-3.0538
-1.8461
-3.5352
-5.0728
-3.3779
-3.6647
-3.7084
-2.2647
-2.1936
-0.1642
0.3452
-1.8368
0.9381
1.2411
0.4248
3.1933
-0.3623
-1.8089

Coefficient 27:
0.0000
-2.5462
2.3127
0.8120
-1.6415
-2.6124
-1.9059
-2.8326
-3.5815
-5.2121
-6.8843
-7.3256
-7.1081
-5.4081
-6.7309
-10.5288
-13.2885
-12.6865
-12.3208
-6.2421
-8.5308
-12.1564
-10.9223
-10.1458
-18.0389
-13.3391
-10.1344
-11.1959
-5.9143
2.6483
3.0047
-1.5236
-1.0764
-3.8210
-3.8970
-2.9990
-9.0101
-13.2700
-1.6913
3.6131
0.6470
-5.6227
-8.3617
-6.8047
-3.4069
-5.9892
-6.7147
-6.4459
-11.1001
-12.9540
-12.4676
-7.7777
-0.4848
5.0713
5.1839
0.2342
0.5112
-3.8549
-7.9665
-7.2690
-2.2438
0.2850
-0.8506
-4.7354
-9.5677
-12.6985
-13.9807
-7.1713
-9.4422
-10.6433
-6.4075
-7.5904
-9.1624
-9.8854
-12.5093
-5.1788
-5.6229
-7.7070
-0.4925
-5.7263
-7.1449
-7.5075
-10.2228
-6.6103
-7.3102
-8.7437
-7.5267
-8.6150
-8.2421
-3.7770
-0.5613
-0.8166
-7.6756
-10.4718
-7.3014
-6.2830
-3.7452
-9.6947
-6.9841
-2.9840
0.7788
2.0391
-0.2369
-0.1125
0.3974
-3.1686
1.9002
3.3520
-1.9775
-6.2503
-8.1927
-4.5446
-5.3379
-8.1404
-5.5452
-10.4567
-4.8220
1.5853
7.0692
0.7818
-7.1382
-9.6303
-16.7187
-14.4124
-5.6683
1.6814
8.5479
-0.6547
-8.4242
-11.4765
-13.3846
-17.3993
-14.4814
-11.4064
-6.2575
-4.2361
-1.0624
0.7862
-6.7187
-6.7156
-12.9935
-16.4568
-13.3216
-7.5375
-6.8731
-7.6751
-2.7344
-2.2310
-10.2394
-10.1502
-4.3062
-1.7824
-0.8056
-0.6006
1.1055
-3.9437
-12.0962
-12.6372
-9.1422
-4.4725
1.0669
1.3705
-2.2025
-3.9785
-8.1230
-8.7913
-4.8789
-3.6702
-3.9199
-5.0949
-0.2792
5.6929
-0.1042
-6.7649
-8.4081
-7.1946
-13.8999
-14.9542
-4.4124
3.9405
3.9798
2.1064
2.4945
2.9797
-0.9353
-6.3999
-4.3888
-4.1611
-5.6311
-4.7511
-1.3291
-2.6238
-0.4473
1.3663
-0.9775
-3.6747
-0.3061
-1.5736
-5.0906
-3.8593
-4.0274
-3.7709
-5.1279
1.1229
1.7201
-4.6231
-3.0304
0.6417
-3.6276
-5.9251
-6.2519
-3.2492
-7.1662
-6.9772
2.4080
4.9997
-0.5987
-3.3963
-2.3716
-4.1253
-10.5105
-17.6392
-16.4664
-10.5204
-8.4425
-8.7571
-8.5516
-8.2726
-9.7649
-9.9488
-6.8112
-10.0880
-4.2163
2.2592
-0.1242
-7.4951
-6.7297
-6.7426
-13.2261
-7.2265
-2.3803
-8.3544
-14.4775
-17.3194
-17.7030
-23.2237
-19.0379
-13.4303
-12.9013
-12.5706
-10.5703
-9.2493
-16.4564
-24.0977
-17.1941
-10.2397
-12.4612
-7.1822
-12.2300
-9.5863
-11.4015
-12.8919
-3.0785
1.9190
-1.5564
-3.9126
-9.4076
-14.5015
-6.0743
-7.3824
-8.1152
-7.9284
-4.7909
-10.9938
-10.3600
-9.4998
-8.0540
-9.3907
-11.1357
-8.9631
-3.4718
0.0372
-0.1742
2.7729
3.1221
-5.3185
-8.5056
-7.2191
-6.0412
0.6536
-1.4456
-7.7260
-5.9874
-1.3685
-0.4301
-0.9563
-3.6525
-2.1739
0.5594
0.7437
-2.8716
-3.2904
-1.2109
-2.7958
-0.0591
-0.7649
-6.3843
-5.9805
-10.1291
-9.0179
-5.5703
-5.7729
-4.6217
0.1931
-4.0644
-18.6014
-17.4988
-11.4737
-8.0433
-12.0314
-16.7054
-14.6286
-13.9716
-13.8744
-9.0324
-6.3990
-4.1483
-2.5042
-7.8024
-6.3206
-14.2239
-18.9462
-24.8449
-22.8469
-14.8596
-10.8084
-22.0707
-13.8700
-7.7734
-10.1144
-15.7991
-13.4093
-13.5490
-11.8146
-9.7174
-12.7921
-18.0123
-17.0793
-11.8275
-7.5259
-4.9374
-13.3023
-12.4389
-9.1478
-5.9182
-3.9206
-10.3526
-15.2083
-13.2926
-12.7290
-11.9021
-14.1435
-16.8302
-17.3170
-9.9413
-3.8617
-3.4437
-4.7176
-3.1498
-3.9895
-8.3410
-9.1393
-3.8979
-2.7926
-12.3838
-16.3068
-14.3832
-10.5525
-6.6383
-6.2190
-7.6499
-8.6972
-18.1211
-18.8015
-17.4344
-15.0213
-12.3814
-4.6323
-6.3127
-11.9313
-16.3857
-17.6949
-17.0240
-16.3422
-12.9807
-6.4636
-5.4706
-11.1331
-12.2511
-6.9487
1.7315
3.3164
9.7923
12.3996
3.0267
-3.8575
-5.8845
-0.7870
-6.7484
-13.1951
-12.1570
-8.7154
-4.1845
-2.9990
-6.0095
-6.4776
-5.4223
-2.7736
-1.8503
-8.4235
-5.0230
-7.2526
-11.0212
-9.9557
-7.4226
-4.6360
-10.4857
-12.6416
-4.0495
2.8066
5.6671
0.1675
-5.5998
-10.1309
-13.0091
-12.3196
-13.4572
-17.3021
-11.5524
-5.2482
-12.1641
-14.6020
-15.7384
-16.4384
-18.0394
-15.0707
-16.7187
-14.2984
-10.3040
-7.5178
-3.8658
-5.9125
-6.3796
-4.6844
-2.1170
-2.6777
-3.8478
-5.2214
-6.7852
-5.9479
-5.7859
-4.8675
-3.2539
-4.1142
-2.9194
-3.5795
-6.7520
-6.2868
-3.4604
-2.7332
-3.2239
-2.6546
-3.3587
-3.2246
-3.6891
-7.2061
3.5500
5.5553
-0.0405
-2.4408
4.3837
-8.2931
-7.5506
-16.4048
-17.6620
-22.6360
-20.0402
-19.5047
-11.3938
-5.5591
-4.7918
-11.3419
-20.0313
-16.0516
-9.4881
-9.7289
-7.4937
-7.3158
-5.2345
-3.0343
-9.9189
-9.6121
-11.7308
-10.8147
-5.6111
-10.8713
-13.3081
-12.7961
-16.3805
-13.3085
-14.1373
-18.5169
-20.8370
-19.8785
-15.0514
-16.9708
-19.2603
-15.3309
-10.9066
-12.5340
-15.4551
-15.0329
-7.2203
-8.1624
-3.3526
-9.9272
-11.1424
-12.0559
-12.8591
-19.9016
-18.9265
-12.5655
-15.2820
-22.7854
-27.4539
-26.9351
-21.1793
-12.9269
-5.3134
-11.9789
-16.3346
-10.6895
-8.0797
-6.2411
-8.1567
-7.6763
-6.1877
-11.0215
-13.7542
-16.6143
-14.4897
-15.2083
-13.1736
-13.7453
-14.1726
-9.8356
-10.2102
-11.8494
-9.2827
-10.1503
-11.3172
-8.2357
-0.1189
5.5525
4.8137
-4.5681
-10.0927
-8.3542
-10.7442
-12.0893
-17.8223
-18.0833
-16.3549
-20.0373
-15.6664
-5.2964
-7.0899
-15.4268
-13.2640
-17.5084
-13.3605
-5.2668
1.6422
-4.0201
-14.6940
-9.6166
-3.9581
-0.6430
-0.6713
-5.6405
-8.7891
-10.4345
-10.6106
-13.8535
-15.3300
-12.5163
-14.6621
-13.2475
-10.3789
-11.0278
-10.7661
-9.5156
-6.6684
-4.5355
-5.9784
-9.0998
-6.2636
-3.5164
-4.3698
-2.7002
-2.7857
-7.3957
-10.2797
-10.0657
-7.8502
-4.5808
-3.6976
-5.2631
-4.5395
-3.2392
-3.4679
-4.4016
-5.2575
-4.8895
-5.6701
-4.7774
-3.8008
-2.9930
-3.3441
-3.9553
-5.5919
-5.0301
-3.5731
-3.1350
-3.1975
-2.6938
-2.3891
-2.9484
-3.9935
-5.0075
-4.1178
-5.4088
-14.4599
-18.1616
-11.6271
-13.2716
-16.3400
-19.3862
-17.9364
-20.3499
-18.4273
-12.9093
-10.0996
-5.2655
2.3334
2.4331
-0.2086
-3.4761
-5.8912
-2.2890
-5.9070
-11.2196
-12.8550
-10.4104
-10.8931
-9.1479
-6.4286
1.1202
1.1294
2.4392
0.8287
-4.4722
-8.4114
-13.6167
-13.6170
-15.8630
-13.2428
-12.4835
-9.9849
-5.5292
-5.2480
-8.5118
-9.3905
-10.9927
-7.6007
-4.7220
-6.3114
-9.3696
-7.7233
-0.0333
2.2412
-4.3658
-7.6468
-8.7458
-5.3432
-8.0415
-9.3217
-10.6575
-5.1433
1.8077
-1.9521
-4.3829
-1.8055
-0.1171
-4.5013
-7.6563
-11.6784
-10.6206
-10.6538
-10.6125
-12.1400
-10.6447
-5.3068
-4.2428
-1.1768
-0.2279
2.4057
-0.2661
-12.3973
-13.8366
-18.5807
-21.0386
-24.1930
-26.8725
-18.1520
-15.7138
-15.0761
-13.0442
-13.3962
-11.5133
-13.1908
-16.0745
-15.2182
-14.0079
-7.5174
-5.8309
-14.0632
-11.5239
-11.6845
-11.3823
-8.6151
-9.9299
-12.4002
-21.5948
-24.2373
-20.3867
-15.0967
-17.7355
-21.6028
-17.6795
-14.9571
-15.7895
-20.3125
-20.1733
-19.6424
-15.4040
-13.8640
-15.5391
-16.6614
-18.0726
-9.7317
-7.2474
-13.0697
-5.0344
-0.4067
-1.9188
-0.4006
-2.1483
-5.9645
-4.2161
-3.0863
-3.4507
-3.8197
-3.7427
-3.5181
-4.5067
-4.4476
-4.0681
-3.8670
-4.7602
-4.5516
-4.1152
-4.5753
-3.7279
-3.8007
-3.8139
-2.9073
-1.4605
-3.0636
-3.7482
-4.0448
-2.4868
-2.9235
-5.1804
-4.7191
-6.1583
-12.4599
-10.6605
-5.5062
-6.8283
-5.9755
-3.8144
-4.4422
-10.1078
-10.3232
-10.1590
-7.2689
-5.5501
-7.8254
-8.4966
-7.4079
-9.4030
-7.4424
-9.1132
-11.0017
-13.7649
-7.5909
-7.3937
-9.8552
-6.3989
-6.3312
-7.8517
-6.1626
-4.1410
-3.4654
-3.4948
-4.5691
-8.0071
-6.1924
-3.0184
-2.6718
-3.1283
-4.4321
-2.5262
-2.6821
-5.1924
-6.5270
-5.0126
-4.4969
-5.5723
-3.7914
-3.5114
-1.2302
-1.9302
-3.8972
-4.2744
-3.1339
-1.3326
-1.5377
-4.1514
-7.1668
-6.8019
-6.1163
-5.4253
-5.9263
-6.6426
-4.4918
-1.2298
1.0052
1.6257
-1.1959
-2.2995
-3.2015
-3.0001
-12.8705
-18.9595
-18.2433
-16.4436
-13.7267
-14.6334
-13.4416
-16.7521
-17.7854
-15.0764
-16.8074
-19.8379
-22.7211
-16.6170
-9.8642
-8.3019
-12.5297
-12.9517
-11.6175
-9.4528
-5.2949
-3.3022
-5.0910
-9.9187
-5.6261
-3.9159
-3.9370
-3.5234
-4.4713
-3.6377
-0.8283
-6.0248
-7.4637
-6.1899
-13.3790
-16.9323
-13.2487
-8.2641
-6.8842
-7.8106
-10.2337
-11.2983
-10.7046
-8.9817
-11.2027
-13.0728
-14.1562
-10.0346
-8.2666
-11.9204
-12.9778
-14.0440
-16.0737
-17.5335
-2.7283
-5.5074
-7.6716
-13.0018
-14.9018
-11.9724
-6.3159
-5.5404
-4.9768
-4.2266
-4.1650
-10.0436
-10.8423
-8.7877
-8.7821
-5.5857
-3.1565
-4.6775
-8.2940
-10.7483
-13.9782
-12.9014
-11.4448
-8.2854
-3.0975
-1.0507
-2.2059
-4.4157
-2.8256
2.3394
2.8578
6.7086
7.9993
4.0062
-6.3182
-14.4689
-12.8657
-12.7829
-11.1772
-10.6920
-6.5278
-0.5919
-0.1909
0.7805
-0.3274
0.1703
-2.7274
-6.5717
-7.4210
-9.9273
-11.4364
-12.1056
-11.0191
-12.8881
-10.7166
-6.7265
-7.5259
-4.8565
0.7050
-2.5957
-5.1987
-10.2953
-10.5312
-16.7507
-24.1458
-25.5064
-20.1919
-16.5149
-16.5022
-11.2640
-10.6925
-8.5628
-10.0160
-13.0937
-9.1717
-2.4206
-5.6058
-9.7883
-7.9757
-8.2293
-4.5102
-6.7543
-8.3967
-10.1109
-13.2899
-9.6219
-5.8704
-2.5574
-5.8206
-6.5874
-3.7326
-1.7631
-5.3291
-3.2142
-0.7193
0.0678
0.8245
-0.7852
-5.7928
-9.1351
-9.7781
-10.9527
-10.3989
-9.6952
-7.2233
-8.1252
-11.8160
-12.0169
-13.6796
-12.5873
-8.6184
-9.0173
-7.9381
-2.1326
-2.7121
-3.6106
-2.3450
-3.0284
-2.3958
-4.3491
-6.4340
-6.7351
-16.8136
-15.6935
-13.2712
-12.3925
-13.3515
-16.5386
-13.4775
-10.7231
-9.0768
-13.9057
-21.0931
-14.6487
-12.7295
-12.1007
-10.3946
-18.7946
-20.9653
-17.9875
-13.6149
-16.1128
-14.1168
-12.0916
-10.3731
-10.5891
-5.7894
-4.1785
-2.4976
-4.6569
-5.0474
-6.5336
-7.4356
-6.4435
-7.0598
-7.5475
-11.3377
-13.6645
-14.4692
-17.5087
-15.7397
-14.7767
-14.8664
-21.9015
-21.8026
-24.8862
-25.9374
-26.4744
-20.2157
-18.9987
-23.0170
-20.6655
-24.6906
-26.9045
-22.6869
-17.8258
-13.4211
-13.5562
-13.0828
-6.8224
-7.8031
-8.8648
-10.4302
-12.7650
-15.1583
-13.8032
-13.3926
-25.8693
-25.4067
-22.6224
-15.7457
-12.3391
-11.6885
-21.3272
-19.7803
-19.0908
-20.2162
-14.6477
-10.6702
-10.7203
-12.9632
-8.5373
-11.2884
-14.0223
-12.7170
-11.6508
-9.5952
-11.1482
-8.2059
-13.7626
-11.4242
-5.3116
-2.8403
-6.5075
-10.2834
-15.6638
-19.6261
-15.2223
-7.7589
-9.1234
-10.7809
-7.9404
-12.2464
-11.0415
-2.9104
-5.5411
-8.7264
-13.6678
-13.7645
-14.5416
-17.4768
-22.4253
-27.8523
-29.1770
-23.7515
-18.3785
-9.9947
-7.7959
-9.5134
-9.3009
-2.2819
-4.2942
-8.0066
-10.5273
-13.5020
-12.1056
-9.8326
-10.3788
-11.8277
-8.3097
-13.5466
-15.6651
-20.9422
-16.8053
-13.7348
-7.6827
-9.1134
-9.7353
-8.8211
-0.7459
-6.0991
-8.4282
-9.3653
-10.5660
-12.1833
-9.6825
-12.7813
-14.2257
-9.5462
-1.5466
-14.0548
-16.0449
-12.3293
-10.7032
-15.1105
-24.1904
-26.1146
-24.7669
-17.8030
-18.2887
-15.8100
-13.9799
-14.3681
-16.3749
-9.2748
-12.1792
-18.5425
-17.1834
-11.0066
-10.3417
-12.0866
-11.7096
-10.4185
-8.0404
-6.9904
-10.3137
-11.0343
-8.1843
-11.1438
-11.1753
-8.0202
-4.4261
-2.6498
0.0102
-2.7790
-10.5824
-15.4790
-20.2486
-13.3145
-6.9604
-8.0944
-6.9950
-2.9401
2.4237
5.3725
7.3443
0.2186
-1.5659
-2.1534
-5.9529
-7.5902
-7.9519
-7.0719
-8.4415
-8.1568
-7.0910
-7.7143
-8.3520
-9.1779
-6.9279
-6.1318
-6.9117
-7.4312
-9.4675
-8.7612
-7.7874
-6.0432
-5.1898
-5.7299
-7.2485
-3.5549
-2.1487
-4.6982
-2.2518
-6.0703
-3.9801
-2.4445
-11.8414
-18.0404
-15.5596
-18.2176
-14.4609
-4.7544
-4.4056
-5.1363
-4.2526
-1.7314
1.3227
0.4971
-5.3188
-15.4457
-11.3884
-10.2372
-11.8103
-11.6327
-11.7877
-12.3327
-8.2362
-8.6391
-7.0460
-2.9741
-5.5577
-9.1834
-11.0870
-12.0447
-12.7025
-14.5845
-9.5313
-5.9324
-3.3098
-0.1672
-8.0066
-13.5815
-13.4789
-10.3990
-11.5640
-14.3519
-15.0694
-12.1362
-15.1802
-14.9444
-14.3319
-13.0283
-8.4518
-6.6086
-3.9933
-8.6471
-8.8674
-16.5916
-11.4751
-5.7899
-4.1086
-4.8356
-2.7514
-3.8130
-10.0986
-5.7704
-1.9672
6.5780
5.4734
-0.8716
-2.6789
-5.0043
-11.4269
-15.8770
-20.0890
-18.6019
-14.6932
-10.9170
-5.3397
-7.6606
-9.0541
-10.9823
-3.8416
2.5481
2.6179
-14.1513
-22.6374
-21.3042
-14.7637
-7.7682
-6.7960
-5.0908
1.7648
-0.0729
-7.5378
-12.3874
-10.0770
-12.0015
-14.1543
-11.9610
-17.9359
-19.8267
-21.8438
-17.7210
-14.0008
-15.2093
-13.3447
-7.3611
-4.9186
-9.1535
-16.4306
-13.4577
-8.9904
-7.7299
-6.9607
-8.3581
-12.7695
-15.2575
-13.8677
-11.7537
-10.7964
-4.6594
-2.5232
4.6882
0.8688
-7.7788
-10.3552
-5.8647
-4.6238
-3.8288
-3.1494
-1.4538
-5.9986
-7.6221
-3.8408
-5.8797
-7.0757
-10.0240
-23.6602
-23.9669
-21.9097
-15.4957
-13.9336
-17.0187
-15.3204
-15.6760
-18.5948
-14.6471
-4.2018
-1.6305
-4.9406
-8.1164
-6.8636
-3.1902
-1.3680
1.8886
-2.3024
-2.8740
-3.4796
-2.4074
-2.5449
-2.7372
-2.2290
-1.3520
-1.8256
-1.3335
-3.5148
-2.2918
-3.6974
-4.9652
-5.3326
-6.5754
-6.5402
-8.4469
-5.6025
-5.0529
-3.6870
-3.6772
-2.4091
-2.3497
-2.7679
-5.0208
4.8926
-5.0530
-10.2282
-18.2344
-19.0478
-19.5797
-22.1012
-24.2825
-25.8067
-25.7367
-23.4566
-22.6375
-17.8373
-17.9300
-11.7079
-7.6498
-5.9319
-3.4408
-0.7591
3.2740
1.6779
3.9427
-7.4349
-10.8424
-14.8319
-16.4249
-7.9274
-8.7309
-9.9148
-9.0141
-11.0262
-16.1538
-3.7016
-4.2901
-8.8895
-14.1024
-19.1931
-20.4436
-14.2721
-12.1390
-12.9801
-3.5327
5.3104
3.1944
-2.9919
-10.4301
-16.3410
-15.0216
-10.6943
-1.8037
-3.5942
-6.7073
-1.6884
2.4796
1.0888
2.1326
5.9509
-3.4077
-4.5545
-3.5031
-3.4667
-5.7508
-5.3162
-10.2189
-16.5796
-9.6677
-5.6643
-3.9854
-5.2924
-6.7416
-9.0852
-10.9741
-15.5031
-16.5140
-12.0707
-11.5941
-10.4063
-10.6849
-7.1263
-9.9322
-11.1676
-8.6343
-1.4869
2.3249
-4.4212
-5.2991
-9.7951
-10.4034
-12.5459
-13.3663
-17.2283
-16.9874
-16.3164
-19.7665
-18.0376
-22.8227
-25.8633
-20.3341
-13.3729
-11.1486
-14.6900
-17.6712
-11.4818
-9.6560
-11.0107
-10.0445
-7.4973
-3.0699
-5.0122
-17.2388
-15.9320
-15.5889
-13.0461
-14.1820
-14.6727
-16.9379
-15.8313
-10.4935
-9.3242
-8.5043
-5.3528
-4.1827
-1.0020
5.6550
-2.3151
-11.0361
-12.3718
-8.4597
-7.7166
-6.0669
-7.4983
-7.4657
-4.8032
-8.2353
-9.4097
-12.6448
-14.5286
-13.0751
-9.8770
1.2736
4.1091
-4.0123
-7.3952
-6.6368
-13.2788
-10.9579
-10.0002
-11.2289
-9.7726
-5.0684
-4.4812
-9.9825
-11.4333
-17.2565
-11.3142
-10.7730
-5.9251
-1.2333
-2.2335
-7.6935
-11.9630
-16.2959
-12.3286
-7.2021
-12.6139
-17.5540
-26.3867
-30.5536
-32.5041
-30.9425
-28.4048
-17.6750
-17.9928
-24.6219
-23.7049
-19.0591
-11.9021
-10.5381
-9.6727
-7.0962
-10.4465
-7.3204
-2.5129
-2.9190
-2.3149
-1.8792
0.1075
-1.6884
-4.3762
-5.9067
-4.8056
-3.7460
-2.9981
-1.6002
-1.7564
-1.7451
-2.5702
-3.0027
-3.2844
-7.9389
-12.6374
-4.8373
-5.3336
-13.1200
-7.1854
-3.8279
-10.6705
-8.6228
-14.2956
-20.7118
-18.8690
-6.5301
0.6772
4.6985
1.3352
-11.3986
-16.0351
-11.5837
-13.2892
-12.0624
-11.4234
-5.8208
-5.0609
-0.6144
2.8039
-4.5972
-13.2505
-18.4761
-21.2175
-15.5542
-10.3916
-11.7631
-18.0801
-22.1464
-20.1921
-19.6720
-22.3932
-23.7636
-16.8706
-15.3248
-17.1430
-12.7161
-11.5408
-9.9355
-4.8817
-5.6257
-5.9936
-6.0770
0.5524
5.4623
5.5704
-0.3663
-1.9110
-8.1757
-13.4465
-12.4472
-9.1816
-4.7817
1.9627
6.3910
1.5261
-6.9597
-11.2705
-12.4436
-11.0757
-9.6382
-6.4871
-4.2780
0.8227
-6.4629
-10.9070
-13.4324
-9.2380
-2.9943
2.4140
3.1668
2.0243
-2.2811
-9.1230
-8.2203
-9.2967
-11.6782
-9.9332
-7.4699
-1.3973
-0.3464
-3.8193
-6.7912
-7.0811
-8.1141
-0.5376
-5.7190
-7.1770
-6.2729
-2.8998
-4.0596
-5.4240
-0.2101
2.2748
-1.4433
-4.6119
-2.9768
-1.4863
-1.9639
3.2232
-8.1569
-7.3724
-1.5155
0.7406
-5.6889
-10.3885
-16.0696
-12.7347
-8.1302
-4.8544
-5.1290
-8.1944
-4.3809
-3.2997
0.8514
-1.6009
-4.9977
-3.5593
-7.1712
-6.8128
-5.7382
-4.8620
-1.9308
-7.3398
-11.3431
-13.2546
-9.9715
-6.4427
-4.6337
-7.6263
-12.0899
-7.2596
-9.5043
-7.4818
-10.2661
-11.4818
-7.6599
-2.9895
-3.7693
-6.0603
-5.0969
4.1037
8.5616
6.2376
0.3447
-3.3669
-3.1356
-8.9062
-22.8309
-14.9539
-11.9731
-9.6674
-7.0807
-3.7057
-7.5590
-6.8255
-1.0586
4.9125
5.8732
-7.8277
-6.2181
-5.9476
-12.6341
-17.2872
-15.0070
-12.2529
-3.4744
1.5878
3.9770
1.4590
0.7441
2.7782
-0.9701
5.4297
5.0950
4.4261
3.0004
-1.7398
-1.5517
-2.0555
-4.6162
-5.3384
-5.2367
-3.6349
-3.3127
-4.3200
-2.5578
-1.9627
-2.7777
-4.3826
-4.0702
-2.4893
-2.0824
-3.1924
-4.0866
-3.1877
-1.7096
-0.3516
-1.6298
-3.8813
-3.7472
-4.8543
-3.9278
-3.0644
-2.7845
-4.0260
-4.2268
-3.3973
-1.9668
-2.9445
-5.1409
-4.3732
-2.0602
-1.2869
-3.1064
-4.5696
-3.3340
-3.3925
-3.5642
-3.0935
-3.1944
-4.1263
-5.6412
-4.2757
2.1387
4.9650
3.8852
2.6442
-2.0578
-4.2536

Coefficient 28:
0.0000
-2.6445
0.9654
1.0160
-1.3598
-2.3624
-0.6752
-1.9666
-3.4353
-5.7823
-6.3278
-6.1397
-6.0737
-1.7594
4.9776
1.0846
-2.5936
-4.2825
-10.1821
-14.0222
-12.0765
-12.9374
-12.7077
-12.5869
-11.3826
-3.9123
-3.7715
-5.7685
-8.3672
-2.3127
3.3561
0.9587
-0.5254
-3.8406
-4.7847
-0.4937
-4.9061
-10.9344
-12.8473
-14.9468
-16.8521
-9.5033
-5.7151
-5.1495
-2.7268
-6.0595
-8.0979
-10.7728
-9.0640
-9.5940
-6.1526
0.5513
4.4578
9.4369
2.7716
-2.5202
0.2280
-0.1970
-1.2059
-2.6101
0.7884
1.6563
-6.3615
-6.6096
-2.4483
-5.6830
-9.1855
-1.0936
-3.2613
-5.4165
-4.8721
-2.9290
3.2022
0.4214
-3.5572
-3.1423
-9.3511
-10.3055
-1.1589
-7.7232
-10.3972
-7.8204
-8.3171
-8.2590
-9.8766
-7.1103
-8.2039
-10.2370
-11.8876
-7.6658
-4.6869
-7.8947
-7.8399
-6.6009
-8.1225
-8.5989
-5.9018
-11.7008
-8.7033
-1.9178
0.2568
-1.3240
0.9291
2.3572
2.7588
3.3754
-1.9155
-0.9109
-2.2235
-9.7022
-14.3902
-12.6099
-10.2966
-10.0222
-6.5967
-7.8482
-0.8893
3.3621
2.7706
-2.0446
-8.4381
-15.6713
-14.1900
-12.6742
3.8961
9.2305
10.1957
3.4211
0.6308
-10.3257
-25.6835
-19.3758
-8.5705
-4.4417
-2.8622
-0.7161
1.3346
-1.8890
-6.9004
-3.5519
-1.6675
-4.6280
-7.0484
-5.6939
-3.2798
-5.9212
-4.7806
-2.1038
-4.4825
-3.8685
1.2314
1.5619
3.3873
4.2098
0.9981
-5.0790
-11.2548
-16.7208
-11.8734
-9.0574
-9.0973
-4.2463
-2.7144
0.5668
-1.9626
-3.2072
-4.0007
-2.9595
-4.1816
-5.7255
-4.0695
-4.4670
-4.8578
0.6548
-8.7341
-17.4860
-18.3401
-13.9411
-15.2333
-17.5693
-16.0941
-9.0890
-8.4553
-10.8246
-11.1099
-7.9858
-4.6388
-8.3155
-8.9147
-6.8686
-1.9932
-0.0217
2.7927
-1.7807
-1.8421
1.5102
-0.1212
-4.6913
-4.1516
-2.1731
-1.6366
-5.0850
-7.3832
1.5429
2.7568
2.4356
-5.4427
-6.8181
-7.9401
-7.7755
-7.2559
-4.6064
-7.6354
-2.9089
7.2743
11.4018
4.5242
-3.4160
-5.3087
11.3542
1.2200
-14.3643
-16.5173
-15.0592
-10.7316
-14.3284
-15.8407
-10.6304
-11.3002
-16.5657
-13.6845
-12.4438
-11.0454
-4.8080
-7.0343
-10.7748
-10.6290
-5.5453
-7.1811
8.3286
1.6239
-5.6908
-5.4464
-6.9194
-6.8214
-5.1823
3.1192
3.4356
3.3076
-0.8957
-11.3471
-11.7578
0.0674
3.6466
1.8979
8.6331
2.8872
2.3578
0.7893
-2.8001
-0.8203
-4.7360
2.8944
5.1971
2.8085
-3.5438
-12.4378
-10.2675
-9.4882
-9.2180
-9.6586
-6.9575
-2.6111
3.3899
4.7964
4.4761
9.3689
7.4190
-4.7537
-6.4445
-9.7112
-4.8964
-1.8208
-0.8355
3.2051
9.0738
5.5457
8.6736
12.6732
9.1429
3.6754
-1.9017
-9.4318
-14.3846
-16.0280
-9.5851
-8.9622
-12.7245
-12.8020
-14.1826
-17.3775
-15.3107
-16.9218
-21.2682
-21.4641
-17.8895
-13.5748
0.7827
-11.4103
-7.1475
-5.2035
-8.1052
-9.7912
-19.7055
-21.5395
-2.7462
-3.2696
-4.6577
-2.0895
-1.2988
-1.7494
-1.8842
-1.4978
-5.1477
-8.7014
-8.0190
-7.4430
-8.4088
-10.6598
-15.7360
-20.1622
-17.5987
-18.0197
-21.5844
-21.7239
-18.0685
-14.5230
-14.1872
-9.8721
-13.8118
-20.8905
-17.7925
-17.7447
-15.3993
-9.1197
-2.3225
-2.5272
1.6826
2.1630
-6.3016
-12.8867
-17.3946
-15.9771
-8.0590
-7.4367
-7.4765
-8.0539
-8.8083
-8.1334
-10.2488
-11.1537
-12.4658
-8.6609
-2.9940
-0.5595
-3.8765
-8.1771
-7.1844
-2.5472
-3.9737
-7.0977
-8.8769
-4.7160
-2.7552
8.4181
10.7647
10.3770
9.7685
6.7114
2.7313
1.1262
0.4058
-3.4281
-2.7037
-4.7996
-6.9015
-4.0141
-0.6724
-2.9125
4.2919
4.8406
1.8418
0.9812
-2.9411
-11.6731
-11.4451
-7.9136
-1.9107
-0.0176
-1.3770
-3.1093
-5.4847
-7.1122
-5.0284
0.3971
-0.5810
-4.7242
-3.3746
-3.1037
-4.6537
-2.3679
-9.2804
-14.4755
-11.5466
-15.3490
-15.8360
-10.1976
-6.9775
-5.5522
-6.8251
-1.3219
-3.9185
-1.0511
0.9403
-3.6971
-6.4925
-4.2818
0.4054
2.5392
1.3731
5.7394
2.1066
-3.0403
-1.4395
-7.9670
-6.2584
-3.3942
-3.5018
-6.8690
-1.6391
1.2561
2.3573
1.0210
4.6292
0.8567
-3.3208
-7.2966
-7.9016
-2.4480
0.7743
0.3495
0.0242
-6.7760
-4.8524
-1.7041
-2.1202
-3.3025
-4.5578
-4.3962
-3.0545
-4.7188
-5.2634
-3.5881
-3.9765
-2.8590
-3.6100
-6.5692
-6.0833
-3.3601
-2.5963
-2.9894
-2.4697
-3.1231
-2.8202
-3.2189
1.5171
-3.3967
1.8609
1.7989
-0.3672
9.7197
-0.1771
-8.2755
-9.2899
-8.9845
-14.6288
-16.2739
-18.8231
-13.6661
-9.0465
-13.4182
-10.9923
-10.9715
-3.0945
-1.8022
0.4561
2.8353
0.3476
0.6982
1.4616
-8.9325
-15.8408
-15.1457
-10.0244
-6.0805
-4.5967
-3.1614
-0.0902
0.2054
-3.3495
-13.1991
-16.9685
-10.8324
-12.5613
-8.9346
-9.1248
-6.5867
-6.2382
-4.3683
-3.1222
-2.9274
-5.4912
-4.0570
-13.7615
-17.1101
-18.8266
-18.4136
-12.1811
-3.5982
-7.5940
-4.6399
-8.1266
-10.9000
-10.3059
-13.0551
-15.7119
-13.5709
-9.3311
-7.2499
-8.8245
-11.2631
-13.7409
-18.1075
-18.4931
-20.1309
-22.0705
-19.3808
-9.6874
-4.1855
-0.2592
-3.7905
-3.6312
-1.5582
-6.9676
-7.0952
-5.2658
-4.1324
2.0726
-1.6272
-2.9085
-0.4558
-0.7943
4.5586
11.0844
9.5168
11.6045
6.4942
3.9288
-3.2383
-8.3572
-3.2143
0.3928
-0.3667
2.3859
0.8434
-2.1178
-6.5745
-4.6834
-2.9980
3.8065
8.6948
10.0946
9.4237
5.2335
-2.2851
-3.9538
-5.7966
-6.8368
-4.5133
-2.3709
-6.1665
-6.4015
-3.7111
-7.0887
-4.5997
-3.2218
-2.3237
-3.7065
-0.6103
1.0923
3.2894
0.3419
5.2758
11.0567
7.8593
2.4820
-3.6909
-3.2586
-4.0517
-2.0882
-0.1031
0.7625
-0.6961
-1.3242
-2.4904
-3.0376
-3.1023
-3.3873
-4.0100
-3.0922
-3.0173
-3.9666
-4.9448
-4.6132
-5.2301
-3.9715
-3.5077
-2.6185
-3.1316
-3.1653
-4.6513
-4.4812
-2.8294
-2.5675
-2.9731
-2.4110
-2.1145
-2.5303
-4.0308
-4.8897
-4.1836
-4.3812
-6.5356
-6.4948
-1.2032
0.0853
-1.7812
-1.7000
-4.8227
-2.2494
-2.6466
-1.2753
3.3525
6.0480
-5.1365
-12.2074
-5.1127
-3.2118
-5.8001
-0.7095
-1.6929
-2.4921
-2.1597
-3.7491
-9.9355
-3.1670
-4.5976
-4.2055
-3.7537
-4.2325
-6.3261
-2.1139
-9.2896
-13.7074
-11.3377
-7.4637
-7.3196
-5.8439
-3.5263
-1.0000
-3.8087
-9.5296
-10.2422
-7.5459
-1.8376
-2.3087
-4.2670
-10.8218
-10.0476
-2.0625
2.0394
-0.8901
-8.7746
-4.5212
-1.3348
2.3617
0.0413
-0.6757
-1.4318
2.7944
1.8687
-0.3574
0.8759
-0.5237
0.1131
-2.9639
-9.4111
-12.7565
-11.6409
-9.0949
-9.1378
-1.1751
-1.0618
-6.8083
-9.4746
-8.3136
-6.7897
-1.9520
10.4268
6.1483
-0.8826
-2.0031
-1.8559
-1.7696
-3.0707
-8.5154
-8.4810
-5.7544
-5.4739
-7.8433
-9.2995
-5.6611
-3.2772
-7.0094
-1.5742
-2.7422
-6.8946
-9.4592
-10.8255
-9.4580
-5.2824
1.8170
-0.6676
-3.1992
-3.7575
-6.5646
-10.8856
-15.1334
-13.5463
-12.0869
-12.0824
-3.5871
-4.4398
-4.8044
1.1164
2.7129
-2.8748
-0.6621
1.9212
0.2224
-0.5869
-5.6984
-5.3096
6.7127
10.7359
9.7969
4.0083
2.8031
-0.5359
-1.1610
-2.6444
-3.0879
-3.2218
-3.7245
-3.2199
-4.0747
-4.1071
-3.6008
-3.3670
-4.1483
-4.1784
-3.6820
-4.2708
-3.6720
-3.1394
-3.2988
-2.8240
-1.3445
-2.8894
-3.2247
-3.5909
-2.0792
-1.1749
-8.4891
-16.1987
-15.3097
-11.5484
-7.1401
-2.3939
-5.0087
-5.1482
-3.4993
-4.2622
-9.7477
-8.6524
-9.5655
-9.2580
-6.6217
-11.6318
-10.0384
-15.7357
-17.9531
-17.5242
-18.6722
-14.7513
-13.1080
-8.3254
-8.3118
-5.7708
-2.7616
-4.0928
-4.5137
-3.4794
-3.9863
-3.7831
-3.8445
-4.6582
-8.2467
-6.0938
-2.7806
-2.3854
-2.7465
-4.2180
-2.6378
-2.4417
-4.5731
-5.8953
-3.8405
-2.8802
-4.2462
-3.0195
-3.0389
-1.2805
-2.1821
-4.0866
-4.5402
-2.2742
1.9642
0.8675
-1.0459
-4.1267
-4.4485
-4.1881
-4.2495
-6.0694
-6.7302
-4.6343
-1.3597
-0.0234
0.9082
-0.7446
-1.4268
-2.6567
-2.1157
-10.7696
-3.4512
-1.9367
-5.0242
-5.3337
-8.5699
-8.0528
-6.0294
-9.1534
-8.2618
-6.0365
-6.0762
-6.7040
-7.9229
-7.0324
-5.9233
-11.4698
-16.5706
-18.2633
-9.5672
-3.5696
0.7099
3.4742
-4.2438
-8.3582
-9.3310
-10.0182
-8.3181
-9.8664
-11.5269
-11.2334
-13.5102
-15.0944
-10.2875
-8.8027
-14.6212
-9.0168
-5.9149
-11.0659
-11.1666
-11.7412
-10.0273
-12.5733
-10.5569
-5.4382
-3.9451
-4.2248
2.1367
-1.9022
-6.1887
-12.2945
-9.7988
-7.1728
-6.9472
8.9797
1.1090
-4.8753
-13.0633
-18.7382
-17.3656
-18.2594
-20.9449
-11.7971
-7.8771
-5.6748
-12.4769
-1.9216
-3.8394
-4.3183
-0.4886
5.8431
-0.2948
-11.0156
-12.6987
-7.5744
-5.7576
-7.8306
-3.8751
-1.6066
0.7302
-6.3471
-9.1136
-4.8821
-2.4189
-7.2264
-6.2399
-7.3241
-4.2282
-5.6858
-7.6064
-6.0038
-9.2365
-13.9769
-14.2760
-14.5521
-13.7738
-11.8262
-11.8591
-7.1260
-8.9828
-11.5062
-12.4734
-14.2990
-14.0412
-5.3129
-9.8411
-9.8666
-8.8247
-4.3635
-0.4418
-0.6083
-4.9384
-9.3496
-14.2041
-17.3463
-13.1840
-4.8553
-2.9727
-2.3315
-8.8924
-8.4848
-6.6284
-5.5278
-6.6227
-6.8014
-6.5455
-1.9894
1.7121
5.0108
5.8064
0.6012
-5.5485
-6.6455
-4.8033
-3.0748
-3.4219
-7.1958
-10.2827
-7.3970
-8.1541
-1.2317
-1.9793
-3.9272
-0.2628
1.3651
-5.8924
-11.2166
-10.7545
-12.8356
-13.3590
-13.5481
-14.9591
-12.5060
-10.6583
-8.7207
-8.4378
-8.5162
-8.5741
-7.7193
-11.4203
-10.9927
-10.8994
-8.1438
-5.9531
-4.4640
-5.9076
-4.7791
-1.2602
-2.6027
-3.4655
-2.3035
-2.8506
-2.3290
-3.9359
-7.5549
-8.1478
2.7224
-0.7067
-6.0428
-9.2101
-8.6108
-5.2626
-5.3206
-11.7141
-15.3586
-15.6338
-9.4641
-11.2406
-8.6051
-1.6811
6.7985
5.2625
1.5047
1.2086
-0.3490
-4.4371
-2.9068
-3.0603
-0.0143
-4.3335
-6.5924
-6.1193
-5.9784
-7.9493
0.8776
3.0586
6.1762
8.4211
4.1678
2.3418
2.8220
1.2919
2.3356
3.9555
5.1246
-4.2041
-7.6058
-7.6854
-14.0577
-21.9774
-19.5817
-17.9816
-14.9666
-26.2152
-20.1708
-10.5962
-8.1359
-7.5910
-8.6498
-6.7552
-7.7332
-11.7463
-7.7933
-1.5381
-8.9378
-14.9979
-14.1081
-15.4966
-14.2716
-9.0510
-6.4982
-14.9741
-13.7121
-14.6850
-12.7583
-10.0232
-4.8249
-4.1865
-3.3658
-0.7351
0.3920
-1.4014
-4.8337
-7.9883
-4.5394
2.0904
0.1640
-5.1690
-9.7064
-8.8111
-9.2991
-10.7723
-11.3403
-2.7832
-2.8415
4.1463
2.1387
-0.0192
0.2112
2.5610
-4.2817
-4.1914
-3.1201
-2.1749
-2.4477
-2.7175
-6.4704
-6.8903
7.1883
0.0182
-5.2741
-3.7425
2.4682
2.9033
5.6011
8.5902
6.2131
4.8163
1.2770
-1.3096
6.4170
-1.3822
-2.1131
-3.1993
2.7507
-2.2393
-3.7802
-2.5592
-5.7082
-10.3407
-11.8547
-11.8327
-13.3203
-5.8172
5.0306
7.1365
-3.6793
-6.5914
-4.2678
-4.0442
1.6808
-0.3224
-5.8486
-0.1224
-12.3336
-15.5709
-12.1687
-6.5403
-8.9307
-7.6038
-7.8428
-7.5073
-4.1017
-4.9417
7.3332
2.4752
4.0391
4.1828
-5.3984
-20.4991
-22.3236
-11.1958
-5.5510
2.1493
6.3799
-1.4595
-2.0979
4.8934
2.7445
-3.6057
-3.4508
-3.6186
-1.8152
-4.5467
-6.1289
-8.9557
-9.3733
-15.7714
-10.2793
-11.3743
-14.2719
-9.6295
-9.5171
-13.9101
-13.6797
-9.6391
-9.2620
-8.7623
-4.4315
-0.9689
3.5000
13.5709
9.9110
8.2330
11.9846
8.3803
2.5764
-0.2834
-3.0669
-11.2095
-10.5222
-5.2549
-1.6388
-1.8936
-2.1033
-2.8511
-0.8893
2.9582
3.2723
2.8941
1.1989
-3.0609
-5.5979
-5.2462
-4.5874
-3.0998
-6.1752
-8.3309
-7.2192
-6.4829
-5.2641
-4.5577
-9.8053
-8.3512
-8.2152
-1.6735
0.4063
0.2473
0.1022
-2.0564
2.2490
0.8574
-4.2749
-9.5879
-11.1004
-10.6565
-11.3950
-11.3757
-10.6015
-7.6296
-6.5473
-2.2921
-1.7966
-0.6550
2.6995
-4.2280
-11.1079
-8.5301
-12.3020
-10.8977
-7.8100
-11.5716
-10.5124
-5.1142
-2.8731
-13.4873
-15.2376
-11.6545
-5.8084
-9.4143
-5.2728
-3.4041
2.5400
-4.8194
-1.6558
-1.4397
-3.0511
-4.9825
-8.3096
-11.1783
-10.4118
-5.1703
-5.5777
-8.2058
-3.0837
-3.0255
-8.3808
-5.5980
-5.5040
-8.1043
-5.6561
-3.5176
-9.4661
-12.0416
-10.6731
-15.4737
-15.4018
-10.0751
-12.8317
-10.9908
-9.5349
-8.3092
-4.1236
-4.2782
2.6581
-0.4043
-4.0972
-0.8187
1.3691
2.9290
2.0482
-1.2716
-8.5928
-11.7483
-6.4208
-0.4730
0.7202
0.0679
1.4744
-4.5965
-1.9357
0.7351
-3.2615
-6.9881
-11.0225
-0.6530
4.5211
-0.2323
-3.3921
-6.1517
-8.1074
-4.0068
-4.4179
-6.4537
-8.2446
-9.3665
-8.2252
-9.3261
-7.5487
-4.8099
1.6060
1.1308
4.5095
9.0998
2.4242
0.9034
0.9600
-1.8216
-2.1564
-4.2494
-10.8906
-5.6407
4.0392
-0.1231
-6.9772
-8.4501
-6.1378
-6.7792
-11.6353
-12.3129
-13.8675
-12.1538
-15.7769
-18.3223
-15.2159
-17.8544
-20.3177
-14.2431
-12.3072
-15.7610
-18.4606
-16.8470
-13.7300
0.0660
3.9809
-3.6938
-5.7691
-1.3537
-0.8226
-3.5663
-8.3247
-9.7382
-10.6046
-11.8683
-11.1484
-10.8018
-1.6157
4.9460
1.1810
-8.2647
-5.7154
-2.7996
-2.1131
-2.7837
-1.8895
-1.9222
-1.1008
-2.1725
-1.9879
-4.8194
-6.8540
-7.2471
-7.5839
-10.1408
-13.5497
-11.2307
-8.8568
-8.3435
-6.7663
-2.6672
-2.9230
-1.9152
-1.6674
-1.5436
-2.1186
-2.5947
-4.1777
-0.5456
1.9538
-1.8267
-1.9272
-0.7274
2.7507
6.3883
1.5384
0.1959
4.2291
3.6321
2.0838
4.2808
-0.7411
-2.5653
-5.6398
-9.0231
-7.5136
-7.4679
-8.8843
-13.3876
-7.7078
-9.6098
-8.3601
-12.5308
-12.4262
-7.9813
-9.9456
-20.2516
-13.2954
-5.2658
-5.7449
6.4190
7.6069
5.2947
-4.4712
-10.0691
-10.1029
-11.9857
-11.8594
-14.9887
-13.1910
-10.1669
-9.9131
-7.0097
-8.6001
-8.4959
-5.0111
-9.2082
-6.7820
-5.7224
-18.4251
-19.6467
-10.6892
-8.1880
-7.7775
-3.2046
-7.5631
-2.6840
-3.5770
-4.6545
-3.0671
-9.6874
-10.7347
-8.3689
0.1523
-2.6459
-7.6644
-14.2542
-16.1423
-19.9321
-21.7209
-17.6425
-12.2612
-10.4034
-12.4020
-9.9605
-11.1557
-12.6571
-11.8835
-7.5750
-5.5583
-0.1592
7.0634
1.3541
1.7996
2.1345
0.7138
0.2277
-3.0917
-5.0803
-8.3874
-7.2133
-4.8847
-9.5514
-9.0426
-8.4768
-4.3302
0.9014
-5.3674
-12.1569
-12.0536
-10.0389
-12.0163
-12.2662
-14.8332
-14.1132
-8.1730
-7.3702
-6.7897
-12.0650
-14.4497
-16.5144
-13.5719
-10.5511
-9.3852
-9.1687
0.6652
3.9855
-2.0905
-9.4584
-10.5148
-12.5397
-4.2717
6.0847
4.2149
-2.9215
-12.1082
-15.6808
-11.2850
-6.8276
-5.6394
3.8538
-5.0678
-5.0740
-3.7922
-9.5470
-9.0155
-7.2525
-6.3994
-6.2922
-13.9854
-14.9329
-14.8843
-12.3054
-7.9784
-6.8302
-9.3935
-3.7531
-1.1462
9.0321
3.7745
-4.9899
-9.2620
-6.1161
-6.0667
-7.9019
-4.9838
-10.1448
-13.8978
-11.3235
-11.8961
-14.6334
-11.4842
-7.1152
2.0827
0.7290
-3.0947
-9.2316
-10.6924
-11.8396
-7.0189
-7.6051
-15.0998
-23.6354
-25.5297
-19.8916
-17.0026
-21.0831
-17.1362
-10.0852
-5.7031
-1.0248
-1.5994
-2.0152
-2.0174
-0.6192
1.9718
3.7407
-1.2954
-5.5717
-7.9430
-9.9916
-7.4155
-1.7483
-1.5604
-2.4094
-2.9899
-4.8100
-5.9211
-3.5999
-2.0666
-4.4525
-0.9141
1.0357
0.7334
-3.7175
-0.6852
-5.3069
-8.2207
-7.4464
-2.5278
-3.5243
-0.3153
-9.5664
-11.4160
-10.8802
-12.2359
-13.3971
-10.9295
-9.5522
-14.6137
-17.2566
-1.4766
-3.0296
-13.5188
-18.6187
-21.1301
-23.8424
-17.5367
-6.9696
-4.8635
-12.3750
-11.4163
-6.0632
-10.6591
-14.2797
-12.8170
-7.9602
-3.1053
-4.8737
-7.2895
-10.3950
-8.6772
-3.9363
-5.2123
-5.9212
-6.0277
0.4289
2.2809
-4.3630
-9.5951
-4.4745
-6.2079
-5.4101
-3.9728
-7.5631
-11.6541
-11.6240
-15.1746
-10.3590
-4.0122
-3.0309
-0.6896
-2.5900
-3.7624
-5.9642
-4.0442
-1.0912
-5.3888
0.0578
-19.6382
-23.0402
-17.8303
-17.7092
-11.5017
-5.2785
0.8690
-3.2042
-2.3754
-4.6892
-7.8608
-11.3356
-10.4398
-6.3221
-6.0229
-9.7931
-8.3573
-8.0117
-2.3977
4.8178
-4.2090
-7.8429
-11.1048
-8.6913
-5.4346
-5.8144
-2.0755
0.4245
-2.9423
-5.1813
-2.1866
-1.0190
-2.5686
1.8329
-12.9524
-12.5903
-9.6935
-6.8678
-13.6700
-9.6591
-13.0445
-19.4679
-20.1294
-15.0698
-13.7458
-7.7133
-7.9638
-1.4697
-1.4773
-12.6603
-20.7360
-21.8147
-9.8734
-6.0426
-4.2816
-3.8665
-6.9212
-4.1381
-1.4897
-4.7630
-15.5697
-15.3873
-7.7855
-1.2209
-5.2597
-6.0117
-11.2399
-11.0266
-7.9556
-7.4064
-7.5197
-8.5792
-11.2407
-7.4477
-5.8326
-2.0215
1.2570
0.3503
-6.3784
-8.3669
-8.8612
-11.2616
-5.3650
-3.0330
-0.4546
-3.9714
-11.6369
-12.1050
-9.8522
-9.1765
-4.3472
0.0413
-2.6150
-4.3369
0.9376
2.9744
3.5707
2.2546
2.2021
6.1447
10.2029
5.2621
1.6365
0.1590
1.2261
-0.2176
-6.7472
-4.9471
-5.0245
0.2697
1.2982
-1.9135
-1.6235
-1.7661
-3.3731
-3.3324
-3.2296
-2.8449
-3.0970
-4.0729
-2.2300
-1.7838
-2.5155
-4.0317
-3.8531
-2.2943
-1.8374
-2.6570
-3.6789
-2.8537
-1.3976
0.3791
-1.0002
-3.4396
-3.6048
-4.8008
-3.6658
-2.7837
-2.6723
-3.8646
-3.7743
-3.0805
-1.7689
-2.4241
-4.4214
-3.0923
-1.0896
-0.7571
-2.6420
-3.9055
-3.2321
-3.1051
-3.3828
-2.2323
-1.8169
-0.2701
-1.9181
-2.4601
5.9275
8.3868
3.9860
-1.8564
-4.6894
-4.8502

Coefficient 29:
0.0000
-4.0076
-3.4473
0.7324
-1.3112
-2.6717
0.4144
-1.2026
-3.2941
-6.2611
-5.7629
-4.8390
-4.7395
-2.9983
-0.0720
-2.0967
-3.6223
-9.3695
-11.8458
-10.7814
-8.5310
-9.3651
-5.3662
-3.4385
-4.5369
-6.8780
-4.4429
-0.5206
0.2703
-0.0331
0.6945
-0.5369
-0.4462
-3.7799
-5.1891
0.9820
2.3569
-8.8124
-9.8596
-8.6386
-6.4598
-2.0311
-1.2761
-3.9603
-2.1099
-6.0791
-8.0543
-10.3071
-8.6955
-5.2122
-2.2339
-0.7096
-5.8722
-4.9201
-7.1627
-8.6987
-3.3896
-3.6665
-3.5139
-4.8310
-6.1958
-5.3407
-7.4603
-6.9316
-5.5745
-5.8525
-7.9887
0.2664
-1.0739
-3.8768
-4.6900
-5.0759
-0.4001
-3.7748
-9.2936
-0.8442
-3.8071
-8.3667
-5.4317
-6.3210
-11.7791
-10.1539
-6.2969
-5.8012
-10.3484
-14.8394
-14.9441
-9.9906
-0.0663
-3.5614
-2.4127
0.2882
-1.9607
-6.1720
-8.4049
-8.1154
-4.9794
-8.8288
-9.3657
-11.0494
-12.3221
-10.8095
-5.2907
-4.9225
-5.4302
-0.9247
1.3555
7.3120
11.4067
0.4875
-6.0229
-11.4279
-9.0730
-2.0009
6.5421
0.7270
-3.9399
-4.6151
-11.6424
-26.2257
-21.5329
-18.4320
-19.4249
-14.8615
1.7882
14.0008
15.3147
15.1772
10.2567
0.7928
-11.4837
-11.2321
-3.0453
4.2555
0.9765
-2.5137
-5.1801
-14.4850
-14.1149
-10.6986
-4.8141
-4.7352
-2.0514
-4.3499
-6.9408
-13.1872
-12.7511
-4.8579
-5.1057
-3.7293
-5.4111
-7.1653
-11.9015
-14.2809
-13.4770
-9.1760
-6.5393
-7.6606
-4.0044
-4.6412
-7.7029
-5.3473
-2.7691
1.2867
-6.5232
-15.7053
-19.9646
-10.4903
-2.6113
0.4390
-2.6190
-4.9688
-8.0246
-0.9960
-2.7312
-13.5731
-25.6142
-23.5586
-24.2987
-23.9168
-16.1866
-9.8589
-12.8919
-16.0695
-13.6985
-11.7129
-9.8591
-5.8199
-7.8324
-14.4126
-11.1992
-5.5144
-2.5350
-6.5669
-7.8081
-3.5576
-0.9584
-2.5386
-2.3090
-0.3296
5.4909
-1.5059
-4.8660
1.8887
5.1356
-3.0547
-9.9943
-9.6843
-3.7723
-2.7555
-5.8309
-5.8973
-1.8141
-4.9394
3.3017
11.1443
6.2333
-4.9123
-9.2377
20.7158
21.4585
2.6937
-15.4299
-12.9078
-1.0244
-8.3671
-18.4056
-22.3338
-11.9604
-6.5231
-1.4105
-2.4949
-6.0437
-2.2570
-9.3890
-11.4937
-8.6905
-1.6088
-1.4639
-3.6355
-9.6544
-9.6684
-10.5651
-13.0457
-12.0792
-17.0735
-20.7303
-17.8913
-12.7657
-11.9056
-17.0386
-23.4542
-24.1620
-17.9612
-6.4890
-3.9240
-12.2913
-9.5433
-6.9344
-5.2436
-9.3855
-9.3823
-7.2451
-11.1773
-16.4545
-15.9066
-8.9045
-5.0928
-11.1492
-8.7190
-13.3741
-13.5383
-18.6688
-21.5828
-19.5865
-18.5808
-12.1917
-6.0027
-4.9709
-8.5206
-7.7204
-5.6599
-8.4646
-10.4071
-9.2835
-8.5831
-10.7920
-6.8400
-6.5430
-11.6729
-10.3193
-7.7321
-4.0541
-5.0556
-5.7006
-2.2559
1.9787
6.4517
14.0986
13.5752
12.1583
14.2220
13.1419
10.9196
8.8416
4.3993
-1.4140
7.4200
-5.3589
-5.1793
-7.2500
-10.6137
-17.9023
-14.6849
-13.4857
-23.4336
-17.2438
-6.6216
0.2472
1.0026
0.2721
-4.4456
-3.8307
-8.0268
-3.2618
-0.5666
-3.4134
-6.5753
-4.4564
-7.2392
-10.0956
-10.4606
-12.4533
-16.0885
-17.0253
-16.0375
-12.7413
-9.6888
3.3139
5.5259
-3.2996
-9.4784
-10.0841
-12.3525
-10.0499
-7.9831
-10.0408
-7.7341
1.6704
-5.5874
-15.6744
-19.3066
-20.1969
-15.0376
-15.9280
-5.8285
-1.1310
-6.1986
-8.7475
-9.2171
-6.7510
-7.1782
-9.2318
-4.6370
-0.7361
-2.5832
-6.3380
-8.8245
-6.6930
-4.9665
-1.7214
-3.6893
-4.3300
-2.6884
-4.9198
-5.5184
-1.0955
0.1289
-1.6527
-2.9252
-3.3119
-5.9841
-12.0659
-16.3001
-19.3675
-19.7029
-16.2985
-8.3654
-7.0766
-2.1551
-1.7172
-5.8233
-6.0097
-4.7201
-10.3328
-15.8507
-18.1972
-15.0060
-10.2315
-5.5943
-1.8341
-5.4536
-10.4658
-6.4724
-1.9228
-3.6348
-8.6035
-8.2172
-13.5438
-15.7641
-11.1197
-12.1200
-18.3562
-20.4611
-20.0285
-16.6684
-8.8341
-6.7391
-8.4671
-6.4297
2.5279
-0.6307
-7.8224
-7.9620
-8.3367
-5.2538
-6.0162
-1.5357
-3.5816
-5.7863
-0.0073
-4.1036
-12.1636
-9.6768
-6.3001
-8.3279
-10.5763
-8.3629
-6.3463
-5.6175
-6.9278
-3.9152
-3.5919
-1.5771
-6.5178
-12.5663
-14.8862
-15.1332
-12.9528
-14.3811
-13.9219
-5.7113
-6.8341
-4.6828
-1.3056
-1.5867
-2.7529
-2.7064
0.9470
1.6419
0.2952
-2.5110
-3.3181
-3.8059
-2.7859
-3.5113
-6.1543
-5.8018
-3.2619
-2.4828
-2.7590
-2.2789
-2.8461
-2.4007
-2.7370
-6.4589
-5.0637
-9.8473
-6.4730
-5.6896
4.8065
1.2887
-8.1246
-13.2413
-13.7585
-10.7053
-13.7840
-11.2945
-7.1966
-11.7482
-16.8020
-11.9293
-9.1528
-6.7596
-3.8679
-2.6452
-2.8494
-5.0764
-2.0702
1.4122
-2.7113
-6.2700
-5.5142
-4.3021
-3.0632
-7.1493
-8.9955
-4.3660
-0.2302
2.4583
0.0417
-3.3803
-5.8174
-3.5259
-6.4459
-8.2227
-12.1816
-16.5835
-12.6052
-4.3020
-1.3739
-6.0971
-4.1554
-6.1169
-9.6598
-11.7470
-10.1293
-6.4775
-4.5835
-11.4872
-4.1895
-12.3781
-18.3590
-23.8839
-23.3425
-22.2420
-20.0155
-11.4816
-8.6026
-6.6098
-12.4220
-13.9674
-16.0538
-19.7298
-21.8990
-23.9510
-20.2596
-11.4315
-11.5840
-10.0580
-11.1110
-7.5278
-4.8969
-7.5405
-11.0405
-11.8837
-15.9319
-14.7572
-18.6531
-10.5685
-9.5313
-20.7740
-24.7191
-17.7133
-11.7150
-8.5016
-5.8012
-6.0962
-8.5923
-14.1485
-16.6620
-16.0703
-14.3419
-10.1588
-9.2816
-7.2069
-4.0385
-4.2841
-6.4004
-19.5226
-17.5438
-13.0990
-12.0098
-7.8739
-2.3642
0.5291
-4.6614
-7.9350
-6.6525
-9.1061
-16.2935
-13.9833
-12.1774
-5.3457
3.0334
1.3293
0.5593
-0.3406
-9.0423
-11.2871
-9.0825
-14.2270
-13.7606
-10.6044
-12.2986
-7.6596
-4.1702
-2.9751
-3.6693
-2.0697
-0.8088
-0.8141
-1.8189
-1.3659
-2.5466
-2.9514
-2.6099
-2.9965
-4.0803
-2.9674
-2.6104
-3.5747
-4.6523
-4.3480
-4.6754
-3.1206
-3.1564
-2.2479
-2.9349
-2.6238
-3.7954
-3.9322
-2.2996
-2.0745
-2.7671
-2.1704
-1.8681
-2.1658
-3.3510
-4.7193
-4.2285
-1.7183
-3.2891
-1.7187
-0.7248
-0.2226
1.1041
4.1948
-3.2323
1.6782
1.7686
2.3078
1.6962
-1.8225
-8.2455
-12.0608
-4.7338
-1.0870
-3.8383
-4.7928
-8.7280
-8.8704
-6.3348
-5.9635
-5.8187
-8.3378
-5.4775
-4.8410
-8.4043
-0.3697
1.3455
-1.8886
-11.6474
-8.0972
-10.4300
-9.6932
-9.8831
-11.6569
-12.7816
-11.1097
-6.1653
-0.8507
-3.0395
-3.8913
-3.5336
-2.2350
-2.3596
-3.7427
-4.2287
-1.3670
2.1647
2.9415
0.1327
-4.7376
-4.6985
-2.6672
-2.4545
-5.3895
-5.3517
-3.5832
-0.8569
2.1167
0.7421
1.1377
5.9676
0.8170
-5.7442
-9.9827
-5.2887
-4.4210
-0.5372
-6.5911
-4.8099
-2.8901
-7.7964
-8.3568
-10.6191
-5.2660
-1.6429
-18.0870
-13.5562
-4.2744
-0.9300
1.2705
-0.5783
1.7419
0.7870
-1.9736
-5.3133
-7.3671
-9.6496
-4.2149
0.0540
-4.1031
-7.0219
-9.6466
-8.1785
-5.6643
-9.6599
-6.0180
-5.6373
-8.3505
-6.4996
-4.7669
-2.4291
-8.3155
-12.2434
-10.8244
-6.2060
-5.1228
-7.1397
-12.3015
-10.8399
-12.4432
-12.6056
-11.2876
-13.9154
-9.9673
-3.9465
-3.9085
-4.4507
-3.1678
3.4810
5.3592
2.5941
4.1015
5.3930
0.9256
-2.1481
-1.6611
-2.3387
-2.7722
-2.8012
-3.7516
-2.9404
-3.6235
-3.7595
-3.1585
-2.8469
-3.5431
-3.8081
-3.2397
-3.9403
-3.5964
-2.5310
-2.8487
-2.7737
-1.2744
-2.6861
-2.7151
-3.1179
-1.7051
0.0531
-4.8106
-10.5462
-14.5557
-13.1078
-7.1721
-1.8297
-3.1675
-4.2851
-3.2250
-4.0392
-7.8695
-5.1803
-2.6067
-4.4073
-4.4776
-5.2760
2.0093
0.7206
-0.7412
-0.6057
-3.4860
-5.2569
-1.6893
1.5028
0.5974
-0.0352
-0.1413
-2.0048
-1.4156
-1.4711
-3.7776
-4.0371
-4.1686
-4.7092
-8.1815
-5.7862
-2.5376
-2.0776
-2.4581
-4.0447
-2.7955
-2.3293
-3.8850
-5.1265
-2.5983
-1.2901
-2.8107
-2.2357
-2.5923
-1.4262
-2.4156
-4.2674
-4.8193
-1.5080
4.3254
2.0924
1.2114
-1.6977
-3.2206
-2.7961
-3.0363
-6.1679
-6.7663
-4.7186
-1.7159
-1.3722
0.1140
-0.4609
-0.8985
-2.2233
-1.2917
-4.1043
-6.1333
-2.7528
-0.0985
-0.6537
-4.2459
-2.8456
-0.4208
0.0602
-3.4419
-6.3065
-14.6114
-18.3182
-23.7442
-24.3801
-15.5182
-10.5468
-15.4069
-17.1768
-15.2487
-15.0015
-17.3712
-12.1883
-7.1635
-5.9036
-6.4851
-7.1818
-6.6543
-5.0848
-5.6249
-7.4238
-9.8086
-16.6011
-14.4366
-14.1919
-18.0808
-9.2554
-6.7616
-7.3198
-11.5447
-18.0147
-14.7795
-14.1385
-11.2262
-6.8800
-7.2489
-11.6356
-6.5431
-15.0271
-17.0591
-15.2402
-7.1675
-3.7440
-8.3773
6.5602
-0.8757
-8.9075
-13.2151
-11.1920
-10.0330
-15.2023
-16.6441
-20.6998
-21.2318
-16.5972
-14.8869
-14.2458
-16.0095
-11.5313
-7.4091
-7.0440
-9.1552
-12.9542
-18.0063
-17.9300
-18.5574
-16.1480
-14.2479
-9.2550
-5.1537
-11.8290
-15.2970
-16.9064
-17.9258
-14.9331
-16.5848
-16.7485
-8.8175
-8.9331
-11.6278
-12.7985
-10.6089
-10.8753
-9.9471
-13.0011
-17.2297
-14.5829
-12.2280
-3.9678
-6.3235
-7.5894
-7.9640
-9.8348
-8.9331
-6.4837
-7.5014
-7.1006
-3.6338
1.1806
1.5926
2.0256
-1.7103
-3.6594
-7.9762
-9.9019
-8.7791
-6.3768
4.2465
8.6051
0.9859
-4.0242
-5.7321
-9.0870
-13.9525
-15.0752
-11.2868
-11.6829
-10.8927
-7.3408
-3.4966
-4.7685
-0.3673
-6.8507
-15.9295
-19.7951
-15.3534
-12.4034
-7.5779
-3.1157
-6.8778
-4.9472
-4.7958
-3.7375
2.0457
-3.4740
-4.8576
-5.3880
-2.1904
-2.8599
0.5486
1.9257
-0.6295
0.7943
2.5718
4.2028
5.2168
7.3882
7.4801
5.0908
2.4279
4.2260
6.4234
7.4171
6.3978
6.0546
3.7034
1.8936
0.2441
-2.5209
-3.2813
-2.2394
-2.6599
-2.2562
-3.4788
-7.0922
-5.1970
5.3396
2.7396
-2.3453
-11.7640
-18.6727
-14.5730
-13.4763
-14.7742
-14.0826
-14.0605
-11.2411
-6.5914
-4.3299
-4.3884
-6.0736
-5.8253
-5.8228
-2.8100
-5.5153
-4.0889
-2.6571
-3.5635
-5.9017
-7.9163
-3.8274
-6.2317
-5.1487
-6.7742
-10.0384
-8.2314
-8.5992
-4.2441
-7.4324
-7.6879
-11.3663
-9.2654
-9.1195
-10.9014
-10.8941
-12.0513
-4.1743
1.6561
7.0382
5.7892
-1.8893
-14.5797
-13.0576
-14.1603
-17.9486
-22.2908
-28.4340
-27.1570
-21.4909
-20.4538
-16.3530
-9.6681
-11.3286
-9.6215
-8.9696
-9.0129
-12.8396
-17.6184
-15.6673
-15.0144
-12.9509
-11.4892
-5.5595
-4.6878
-5.2115
-5.6634
-6.9737
-6.2193
-10.7040
-10.2218
-8.5600
-8.2618
-8.7567
-8.1535
-6.9754
-8.7117
-12.9803
-14.8591
-12.2751
-13.0218
-15.1453
-11.3483
-14.9592
-14.4694
-12.6738
-10.6213
-10.5963
-7.4920
-9.4588
-9.0698
-18.1604
-19.0137
-13.2007
-10.8731
-11.2619
-4.0610
-3.3026
-12.3414
0.8369
-0.4480
-2.5392
-7.6692
-10.9404
-11.5073
-11.1033
-7.6431
-8.9852
-11.9299
-10.3804
-4.2312
0.1604
-3.7621
-3.6747
-2.3887
3.1488
-2.4831
-6.6437
-7.3521
-6.7091
-6.0024
-8.9740
-9.3758
-5.1253
-8.0434
-10.0884
-4.1937
-8.4980
-10.6132
-7.6764
-0.2577
-7.0577
-6.8973
-8.3676
8.6005
-1.9470
-10.7867
-16.3900
-13.3825
-18.6889
-21.4646
-20.7167
-19.0099
-7.0972
-4.8632
-12.5374
-18.0293
-14.2786
-7.6586
-5.2137
-6.0974
-9.2428
-6.4752
-12.0003
-11.7641
-5.1524
-5.7567
-6.8237
-9.0326
-10.3817
-6.5052
-3.4315
-9.5954
-10.2593
-7.8716
-10.4380
-9.9079
-6.1018
-9.1564
-5.2670
-5.9848
-9.2238
-6.5490
-6.6585
-5.0539
1.5359
2.8960
-5.1254
-17.5276
-15.9521
-12.5641
-14.1416
-17.1014
-15.8996
-13.9012
-14.0844
-14.5438
-11.7806
-16.6083
-15.3961
-7.4111
-5.0528
-1.9699
0.2739
1.1797
1.4592
0.4077
0.3582
3.2785
2.5921
0.9751
-2.1010
-5.4143
-6.6663
-7.8883
-8.1267
-5.4525
-5.2610
-7.0984
-5.7444
-5.1973
-4.4827
-3.1319
-12.4412
-11.5535
-11.1402
-4.1012
-2.5359
-0.0575
5.2426
1.0350
5.1131
0.2640
-2.6346
-8.1053
-6.9235
-3.3157
-7.0108
-8.3662
-8.5667
-6.7920
-8.8953
-6.9330
-4.3050
-2.5546
0.0108
-6.7326
-12.0482
-9.7762
-3.7353
0.1700
-0.5661
-6.2085
-3.0350
-4.6723
-14.3004
-28.2858
-22.0145
-12.1982
-3.5867
-4.4935
-20.1764
-18.4813
-9.0630
-7.3162
-3.0224
-6.2300
-8.8118
-11.4922
-14.6674
-13.7721
-15.2421
-16.1012
-13.1322
-11.1111
-7.5530
-6.7589
-6.7444
-0.2882
0.6350
-1.9765
-2.6786
0.8178
-2.4918
-8.4516
-7.3358
-7.6876
-4.2812
-1.3982
-9.9121
-12.7561
-10.9413
-11.8452
-10.1557
-8.0433
1.7108
3.6034
0.1528
-4.8977
-5.7802
-7.7054
-9.5068
-7.5920
-5.1084
-11.9554
-14.0745
-12.0950
-7.0203
-7.2643
-11.3133
-12.7628
-1.1940
4.6548
-0.5419
-1.0474
-1.4293
-7.3236
-11.8662
-12.4246
-11.1453
-6.5262
-6.7949
-7.8489
-6.5115
-7.0756
-5.3619
-5.9659
-5.2934
-7.8208
-20.1744
-17.1233
-7.7100
-4.2164
-7.3496
-7.7071
-7.6436
-6.6147
-4.9932
-1.5409
-1.1969
-0.5906
-0.8186
2.4480
6.1351
0.0805
-9.0770
-12.6930
-5.9543
-3.1322
-5.3523
-7.5261
-11.1417
-8.3242
-6.1958
-5.0319
-6.6971
-4.6570
-5.2971
-3.1862
-4.1736
-5.5665
-9.2361
-13.4891
-5.9324
-0.1616
-1.0139
-15.4082
-19.6023
-19.7379
-17.7926
-15.4633
-19.3324
-20.1052
-16.9491
-16.6092
-12.0078
-8.0822
-17.5796
-28.7428
-27.0446
-19.0048
-8.1118
-2.8703
-1.2195
-2.1254
-1.3932
-1.6933
-3.2059
-2.8704
-1.9477
0.5410
1.7264
-0.6256
-0.9223
-1.0853
1.1207
3.8415
2.7904
2.0614
1.5866
-3.0174
-5.3998
-5.5847
-4.3343
-2.6323
-1.9015
-2.3820
-3.1262
1.5022
3.4878
-6.5284
-15.6339
-19.1755
-20.4950
-18.3141
-16.4789
-18.2746
-18.9628
-19.3280
-19.2019
-15.0437
-12.9829
-14.0367
-13.0727
-15.0846
-14.5566
-15.8839
-22.3917
-28.6086
-25.6214
-11.3018
-10.7812
-16.8784
-20.9528
-17.9421
-20.6003
-18.1788
-15.9866
-9.3400
-5.3961
3.5029
3.1136
-3.1414
-8.0967
-5.9736
-4.8224
-9.1986
-7.1413
-4.4359
-1.9916
-8.7422
-11.7281
-3.8939
-2.3799
-9.1528
-9.9684
-13.1955
-12.8672
-13.5967
-8.3384
-11.8884
-10.9802
-9.5445
-3.1928
-8.0549
-2.4318
8.0670
3.9955
-4.5558
-8.4470
-5.8280
-12.0503
-9.1867
-5.3669
-9.5789
-16.4799
-22.2884
-24.3535
-20.0630
-16.9302
-11.7733
-7.7255
-9.6897
-10.9613
-7.7394
-6.5666
-3.7701
-8.1813
-6.4566
-3.2340
-3.2368
0.5414
-4.8137
-4.1591
-1.8381
-3.6842
-3.7260
-8.6663
-5.6831
-9.5529
-9.2245
-5.1095
-7.0632
-6.1395
-11.1452
-9.7580
-8.5207
-3.6286
0.8095
-1.2462
-7.8594
-10.3619
-13.1814
-16.3440
-12.8962
-7.2905
-2.3057
-11.9512
-18.1123
-20.5314
-25.8760
-29.7624
-30.3109
-25.2885
-15.5779
-5.9301
-2.3560
-6.7408
-10.9808
-11.6014
-15.4036
-19.0714
-9.6320
-6.8180
-6.9669
-8.2757
-8.0370
-4.1445
-7.0701
-12.9071
-10.1666
-10.8450
-4.3124
-3.3004
-10.2766
-16.4053
-17.5100
-9.8499
-6.5758
-5.8570
-6.2276
-4.4466
-4.0760
-6.2282
-6.2317
-4.4488
-14.9846
-12.0211
0.6463
-8.4591
-12.5950
-17.2070
-12.1909
-10.7890
-8.0149
5.0183
-1.9697
-13.7524
-19.1480
-16.5433
-11.3190
-3.6033
-7.9753
-3.6387
0.3876
-3.3565
-6.9656
-8.3320
-10.2340
-11.6378
-7.8183
-8.8353
-15.9090
-17.2086
-15.6955
-15.9302
-16.0077
-13.6302
-4.3880
-2.9493
0.1262
-0.7632
-1.8203
-1.2134
0.9606
-1.3215
-3.2358
-6.4511
-4.8851
-3.3659
-3.1680
-2.0249
-1.3584
-1.3613
-2.2487
-2.9370
-5.6190
-6.4138
-4.6630
-5.9557
-7.2853
-11.8876
-8.6456
-10.7191
-8.7513
-2.5366
-2.3296
-5.6164
-6.2995
-6.0787
-12.6831
-1.4017
-2.7846
-5.2044
-11.6714
-12.0624
-12.6161
-11.2091
-9.9636
-11.4088
-5.0893
7.9664
5.6501
-1.6554
-5.3204
-12.7519
-13.1112
-13.3634
-6.7716
-6.6898
-6.4391
-5.7060
-4.8554
-6.7223
-5.2382
-7.3192
-8.4954
-8.0423
-6.2617
-6.6638
-7.2932
-6.7234
-2.8436
-4.2771
-5.6288
-5.6373
0.2419
-6.7944
0.1528
-3.1518
-9.3743
-13.0570
-18.9886
-16.2756
-13.1287
-12.9313
-8.7949
-5.9410
-5.2795
-7.3393
-8.6593
-8.3489
-0.4720
5.2604
5.6839
0.8504
1.9694
3.8242
7.3510
-3.2972
-9.1678
-12.2598
-11.6752
-10.6026
-9.3220
-1.8088
-6.5383
-12.8575
-16.8123
-12.0728
-8.5203
-4.2886
0.4933
0.5565
-5.4746
-6.5714
-3.3679
-3.6418
-11.1676
-10.7222
-10.1494
-7.1035
-2.6631
1.1770
0.3823
-0.6091
-0.2767
-1.2652
-1.9978
-1.4437
-0.5872
-3.7042
-5.7760
-15.4624
-14.1346
-11.3839
-8.8213
-13.7725
-7.0091
-4.7736
-15.1638
-15.3096
-8.5526
-9.8732
-10.7761
0.1096
-5.2594
-0.9993
-5.3296
-17.6296
-27.2904
-22.9852
-23.5208
-25.3793
-23.2921
-14.6851
-6.4014
-0.6769
-2.4612
-10.2683
-9.1507
-6.0524
-0.8705
-2.4325
-7.1073
-14.6755
-13.3671
-5.2342
1.5239
1.4498
-0.4042
-6.5877
-3.5746
-4.8064
-5.4594
-8.9331
-8.1414
-15.5884
-10.0517
-9.8157
-7.1167
-8.6838
-7.0888
-5.4531
-4.9338
-8.1965
-13.3856
-8.5761
1.9482
6.3912
-1.5615
-11.1703
-2.9327
-2.5123
-8.5681
-6.5332
-5.8120
-0.6136
2.0033
-5.4572
-7.8654
-6.2780
1.5169
6.9932
3.8854
-2.4344
-7.2747
-7.8779
-2.9733
-0.5881
-2.1853
-1.7644
-1.4394
-1.2303
-1.3493
-3.3191
-3.7976
-2.8554
-3.7575
-1.9371
-1.6205
-2.2109
-3.5982
-3.5864
-2.1106
-1.6088
-2.1498
-3.2474
-2.5030
-1.1639
0.9749
-0.4676
-2.9229
-3.4596
-4.7205
-3.3789
-2.4974
-2.5397
-3.6489
-3.2865
-2.7564
-1.6010
-1.9893
-3.6890
-1.8793
-0.2114
-0.2785
-2.2181
-3.2385
-3.0942
-2.8161
-3.1759
-3.1903
-4.0175
-4.0000
-4.0099
-3.1064
8.6203
7.5640
2.1888
-6.4639
-6.1655
-5.0968

Coefficient 30:
0.0000
-5.7094
-4.4015
-0.8045
-1.3795
-2.9368
1.1150
-0.5401
-2.8611
-6.1386
-5.1573
-3.5540
-3.3033
-1.0121
-1.7068
1.4199
2.5052
-3.8909
-3.1685
5.2502
8.5410
3.4711
4.8046
1.9389
-0.4390
-0.6948
-0.7972
4.0169
7.0150
5.6416
3.6337
0.9079
-0.0839
-3.5502
-5.1499
1.2269
6.0733
0.7487
5.4358
3.0352
-1.6355
-1.3719
-1.7101
-3.3534
-1.6681
-6.0590
-6.1356
-6.2880
-4.7893
-2.2874
-3.2755
-3.6206
0.5621
-1.7713
1.0773
-0.1609
0.4458
-3.5650
-6.1055
-7.5060
-8.5121
-7.8005
-5.9899
-10.6049
-14.5343
-12.7308
-13.9039
-0.0350
3.3831
-0.4172
-1.2124
-0.5489
-1.3901
-2.7397
-9.0912
-8.7672
-2.5378
-1.7127
-1.8538
-0.8623
-3.3956
-0.9625
3.3000
0.7588
-8.6764
-16.3220
-16.9374
-8.1375
3.6419
7.1015
5.3619
0.9840
-2.3835
-5.5709
-1.9940
1.6310
-1.3200
-4.6008
-4.1950
-11.2152
-13.6933
-11.1007
-8.0602
-8.1537
-9.2157
-6.9522
3.6907
8.3695
16.2146
4.4889
-2.2522
-10.9940
-14.4896
-9.4951
-5.7354
-3.5705
-3.7470
-7.5149
-15.2411
-15.2101
-14.5966
-9.6662
-8.4970
-8.7692
6.6509
18.7770
16.2057
14.3293
14.9878
17.5793
5.0555
-1.2373
-0.0305
9.3301
9.0196
5.5679
9.2598
2.4640
2.5796
-3.2333
-3.0528
-0.2301
2.9793
3.3834
2.2061
-3.3923
-4.7990
-2.1821
1.7188
2.6122
0.6063
1.7269
-9.4830
-9.4948
-7.2733
-11.9550
-7.9484
-6.4186
-6.8873
-5.3052
-0.2950
5.8560
6.6608
4.5818
2.3312
-5.2246
-11.4507
-7.1181
-2.1768
3.7683
1.8135
4.0146
-0.3715
9.2556
12.0165
0.2637
-10.0171
-13.4796
-9.2502
-3.2175
-4.4873
-7.1096
-9.9529
-10.9623
-12.8949
-12.0284
-9.6334
-10.7002
-13.9352
-16.3571
-9.3662
-3.9336
-3.7370
-6.5512
-6.7061
-4.7701
-4.4968
-2.1542
3.1477
0.8471
5.3763
-0.5653
-3.6507
1.6667
4.2128
-9.6609
-12.1394
-11.0625
-4.2196
-0.0373
-3.8285
-6.6024
-7.9681
-8.5492
5.4852
21.4762
22.0655
13.2762
9.8111
27.3090
30.6523
19.3356
0.8614
-1.3620
9.1171
2.6255
-9.1186
-16.2277
-17.4403
-14.0020
-10.2341
-6.6663
-6.8682
-0.3095
-9.4143
-16.8386
-14.1150
-2.2812
2.8929
12.4905
8.0513
-4.7706
-11.3475
-4.6180
0.5784
0.5325
-0.5309
0.9141
-0.8759
-4.7875
-7.4044
-10.7142
-10.0495
-3.4295
1.5999
-0.8578
-4.3347
-7.6871
-17.5572
-18.0570
-10.9377
-10.2368
1.9053
2.9205
-3.8587
-7.8263
-10.5691
-9.3862
-17.2102
-14.5435
-15.8873
-12.9101
-3.3585
3.1880
3.1522
-4.0856
-2.0058
4.2300
-1.4318
-4.7922
-7.7208
-11.2120
-4.3773
0.0439
-2.5200
-1.1840
1.0281
4.7864
7.0318
0.9601
-4.2264
-2.5321
-1.3385
6.5308
8.6933
7.4257
1.3221
-2.8761
-2.6074
-0.8284
-4.9382
-8.4125
-9.3045
-8.1453
-6.5752
-3.7640
-1.8856
3.8224
-3.5403
-8.4387
-7.4646
-12.2141
-13.3887
-10.0676
-11.1187
-1.2455
-0.5822
-1.7232
-6.4124
-1.7007
-2.9173
-4.5565
-6.2046
-4.9710
-9.2522
-8.1970
-7.9072
-8.7608
-3.9038
-2.3055
-0.9573
-7.7831
-8.7990
-7.2786
-2.7574
-2.3023
-7.5442
-6.7931
3.3979
4.5436
-0.5949
-9.9243
-14.7522
-16.2911
-8.4873
-5.2319
-1.4372
-3.7746
12.8785
12.6082
0.2131
-8.1733
-15.4603
-10.6947
-8.0948
-4.1165
-0.9802
-2.5019
-3.9801
-1.9348
-4.2914
-10.1401
-17.1706
-12.4084
-7.4119
-4.8105
-2.2701
-4.7372
-6.1712
-3.3969
1.4800
-0.7785
-2.8537
-2.5954
-8.1269
-3.7783
0.6353
-1.1445
-3.6441
-5.1425
-3.7987
-8.0032
-7.9977
-12.2478
-11.4192
-10.8409
-11.6329
-12.7694
-12.4743
-2.7176
-2.5727
-5.8665
-9.9601
-6.5250
-3.5586
-2.0348
-3.1202
0.2157
0.5512
0.6358
-1.5283
-0.1772
-6.1995
-2.2150
-5.1245
-3.7729
-6.1717
-9.7007
-14.2003
-15.1759
-11.2601
-10.9914
-9.7811
-10.8035
-7.8762
-4.1156
-1.2312
-1.1385
-8.1333
-8.7025
5.2264
3.2841
-8.9588
-5.0350
-5.3150
-4.1479
-3.3284
-1.0362
-0.8756
1.1078
0.7762
-7.2911
-15.9364
-18.6990
-15.5670
-15.6868
-15.3455
-7.9350
-7.0020
-9.9161
-7.2128
-4.7280
-6.0996
-11.1023
-11.4138
-12.6596
-9.9809
-10.0491
-8.1237
-3.6555
-2.6962
-3.8512
-6.4204
-4.0113
-0.9379
-1.1118
-2.2420
-4.5227
-3.8460
-2.8718
-2.5756
-2.8768
-2.8901
-3.6165
-2.7013
-3.2896
-5.5544
-5.4738
-3.1613
-2.3884
-2.5392
-2.0881
-2.5410
-1.9821
-2.2615
2.4997
1.5116
0.9294
2.4510
-1.7019
1.9302
9.7479
2.5380
-10.5935
-16.3172
-16.5153
-16.2902
-10.0115
-11.8595
-6.4461
-6.9415
-11.1363
-14.8060
-15.3722
-13.5987
-12.1052
-5.6300
-3.7487
-6.3329
-5.0095
-4.3282
-10.2839
-14.7283
-12.3956
-9.4609
-15.2079
-11.4647
-8.5192
-9.1646
-15.6051
-16.3146
-14.4156
-10.7284
-5.9838
-2.4874
-2.2309
-0.7108
-1.4499
-2.8189
1.8475
1.3071
-1.3677
-1.7000
-0.8893
-7.8029
-11.3191
-8.5757
-7.2008
-14.0925
-8.9400
13.4019
9.1193
-3.5078
-14.9930
-13.0157
-13.5409
-17.4052
-13.1270
-9.8403
-7.3887
-13.7718
-13.3300
-8.5188
-5.9540
-4.0701
-2.0349
-3.0120
-1.9622
-0.0931
0.8351
1.3115
2.4415
-2.8164
-5.1797
-5.1386
-5.8860
-4.7577
-5.2627
-5.9680
-5.0451
-3.9156
-4.4009
-1.4526
3.2451
5.9739
-0.6720
0.8527
-0.6338
-5.3028
-2.8208
-4.2299
-3.0676
-6.1915
0.2818
2.0270
0.2628
-2.5895
-2.4046
-6.4420
-0.6498
5.2167
3.0151
3.0300
8.6948
7.2011
1.7562
-3.0683
-5.7334
-12.6536
-9.1575
-2.5918
-5.3388
-11.0210
-6.6126
-6.8220
-8.0362
-4.9399
-4.5965
5.5272
5.0970
4.8239
2.8990
3.0627
2.6019
-1.5655
-1.8213
-3.7450
-2.6806
-3.2441
-1.9398
-2.7458
-7.5763
-9.0143
-7.8010
-6.8624
-3.7472
-2.3340
-3.7306
-4.2764
-2.8873
-2.2893
-3.2597
-4.4017
-4.0859
-3.9628
-2.2646
-2.7599
-1.8934
-2.7580
-2.3836
-3.1052
-3.4156
-1.9986
-1.6659
-2.5822
-1.9807
-1.6670
-1.8862
-2.4531
-4.5030
-4.2579
0.9095
-5.2888
-7.5985
-15.2037
-20.4318
-18.3677
-15.2496
-16.5738
-9.0064
-6.2152
-5.1491
-5.0945
0.5595
1.5134
1.4359
6.6764
8.7596
5.0103
3.8687
4.5390
4.5553
-1.7766
-5.6906
4.2966
-6.7833
-9.8135
-7.8886
-2.3754
-0.0104
-5.9207
-6.9124
-12.4140
-5.8892
-4.5307
-8.3030
-8.3785
-4.5206
-3.9461
-5.8869
-3.8727
-2.2733
-4.5718
-3.1595
-5.0402
-3.1946
-2.6941
-0.4375
0.2990
4.6091
4.0510
5.7903
8.2252
-3.6351
-3.9916
-8.9144
-11.5156
-9.4520
-5.0279
-4.5093
-0.8581
1.1139
-2.3319
-6.2686
-3.8912
-7.1412
-4.7628
-8.0791
-9.1369
-11.7220
-10.6617
-11.0838
-9.7555
-7.3824
-5.2454
-5.1979
-8.3615
-6.3722
-6.1858
3.1091
-2.1454
-5.8335
-7.1753
-7.4017
-6.0177
-2.2252
-5.6411
-10.1722
-11.3033
-12.6331
-9.8014
-10.0876
-6.5980
-6.2629
-3.8665
1.9849
4.9400
-1.9509
-0.1328
6.4340
1.8194
0.3335
-0.3834
-6.5617
-4.2344
-6.0806
-6.7537
-8.5980
-8.0743
-4.4750
-1.0765
-9.6636
-12.2268
-13.9870
-9.7527
-7.2437
-12.1453
-7.6373
-3.8055
-2.6752
0.6438
-1.5529
-3.2526
-7.3567
3.3644
8.5896
5.8294
1.1653
1.1564
-0.4845
-2.1388
-2.5164
-2.5970
-3.8267
-2.6849
-3.1683
-3.4168
-2.7759
-2.3305
-2.9644
-3.4528
-2.8123
-3.5976
-3.5038
-2.0232
-2.5133
-2.7565
-1.2437
-2.4615
-2.2514
-2.6465
-1.3865
0.7119
3.0985
5.2787
-1.7384
-9.8931
-9.1659
-3.2871
-1.5478
-3.4860
-3.0214
-3.7844
-5.1166
-1.0781
4.2405
4.1233
0.6434
-1.9306
4.0098
-1.4637
-5.5000
-4.3301
0.0345
-0.0633
3.8211
2.3541
3.6272
-1.2485
-1.6209
-0.9414
0.5277
-0.6356
-3.5261
-4.2257
-4.4502
-4.7129
-7.8054
-5.2813
-2.3031
-1.7638
-2.3145
-3.9333
-2.9819
-2.3621
-3.1803
-4.2732
-1.4231
0.0524
-1.4652
-1.5240
-2.1897
-1.6439
-2.5957
-4.4394
-5.0960
-1.3422
4.9957
2.4454
2.5130
-0.1657
-3.0028
-2.0859
-1.9400
-6.2199
-6.7624
-4.7664
-2.0005
-2.1633
-0.2943
-0.3605
-0.7341
-1.9177
-0.6984
6.1608
-11.1259
-8.0795
-10.2526
-11.7774
-14.1862
-11.9038
-8.6833
-7.1247
-10.0200
-4.2857
1.7476
-5.7307
-9.6793
-11.6253
-10.4422
-10.1844
-9.4705
-8.2101
-5.1620
-3.1608
-2.6736
-2.8914
2.7529
0.3259
-5.5367
-6.0101
-4.7779
-8.8829
-8.0414
-2.5509
-3.4953
-7.1278
-12.9470
-12.2271
-8.1221
-7.9240
-11.0715
-8.5830
-4.5644
0.2554
-2.5129
-8.1935
-6.0775
-2.2604
1.1571
2.4694
13.0833
1.2900
-6.6792
-8.0477
-0.4337
-3.2323
-1.1277
21.0934
24.7790
11.7061
-0.7739
-0.7020
1.4901
-3.5311
-10.5968
-13.6924
-9.1320
-7.3536
-9.4465
-11.7564
-7.7768
-6.7860
-3.5674
-1.5182
5.9552
3.6253
-2.1268
0.0865
0.2791
-3.2575
-3.4099
0.8371
0.6793
-5.2645
-1.8269
-1.6686
-0.9320
-3.3125
0.8954
6.5222
12.0296
-1.6157
-5.8037
-9.4061
-12.7916
-14.8372
-13.4741
-8.5348
-4.6847
-8.1373
-7.9330
3.4750
5.2603
1.7535
-2.4657
-3.3575
-8.1446
-7.1104
-4.6115
-4.1609
-3.9303
-7.1848
-3.4129
-0.7293
-9.0028
-11.9685
-7.7617
-3.7474
-6.5018
-10.1826
5.1975
8.7445
2.5461
-2.3364
1.4749
5.0819
-3.2846
-12.2332
-16.0260
-9.0604
-8.4903
-9.7911
-5.3946
-5.7596
1.8615
-2.4339
-5.5936
-6.3505
-2.3340
-0.5987
-2.9399
-8.7506
-10.6895
-12.9630
-9.9991
-5.8016
0.1439
3.3902
2.5959
-1.4739
-0.1580
0.2171
1.2525
3.8608
5.3347
3.6960
0.9363
-0.9922
-3.3046
-5.3114
-2.4779
0.0551
-2.9820
-4.4226
-4.0144
-6.0362
-6.3515
-3.3772
-3.9916
-4.1315
-0.4256
-2.4535
-3.0620
-2.1515
-2.4632
-2.1854
-3.0310
-5.2895
-5.2837
-2.3734
-0.2135
-1.6089
-0.2074
-0.7941
-0.8484
-5.2850
-11.6807
-9.1151
-10.8763
-15.3248
-15.4829
-12.8003
-12.6469
-17.0423
-17.5437
-16.7402
-7.4979
-2.2117
-1.1937
-7.6172
-16.0541
-17.1181
-10.7117
-5.8744
-4.6936
1.8510
-1.2633
-2.9742
-4.0930
-4.6265
-0.9907
-7.1670
-11.9183
-9.6865
-3.9124
-4.7663
-7.0033
-7.2771
-11.5304
-19.8404
-8.0134
2.0714
-0.1332
-8.0960
-11.7720
-14.8881
-16.8335
-22.9536
-23.2741
-20.5152
-24.6275
-20.1089
-15.8732
-12.0705
-5.6811
-7.7220
-9.9910
-7.2147
-9.2280
-13.6288
-12.3237
-12.0713
-7.9499
-5.7846
-11.6559
-13.0486
-11.7390
-11.7256
-12.0897
-11.0182
-7.4768
-11.1137
-10.1078
-7.7604
-5.7972
-5.9449
-1.8508
-2.9753
-0.5384
-3.6960
-6.9219
-7.2330
-8.2434
-7.7286
-9.1921
-9.9759
-16.0582
-11.9672
-5.7990
-6.1796
-5.7557
-9.9747
-3.4541
-13.0951
-18.2960
-11.5606
-11.3407
-15.0469
-6.8305
-4.2503
-6.8899
3.6667
-1.6313
-6.2090
-11.4359
-11.1294
-9.6172
-9.5151
-8.6118
-9.8324
-9.3496
-6.2447
1.9142
4.5365
6.9585
2.5288
-0.1415
1.3252
0.5295
-6.0202
-12.0264
-14.5025
-13.5998
-10.7900
-12.7823
-10.2719
-6.5334
2.3943
5.3581
3.9484
-1.3020
-1.5338
-0.6862
-7.5148
-4.5325
-5.3805
16.3637
10.0099
-0.1165
-4.5153
-0.1155
-0.8491
0.0151
2.4612
4.1838
3.0272
0.7498
12.0407
9.7248
6.6543
12.6449
12.7967
8.1173
3.4301
1.2635
10.6354
10.3379
6.9401
-0.1819
1.3286
3.3826
-0.2638
1.1253
3.9889
0.2506
-4.0751
-5.9327
-9.4574
-8.9691
-9.9183
-4.2040
-0.8230
2.1805
-2.4876
-3.3174
-3.5961
-7.4040
-6.7049
-6.0652
-3.7355
-2.6269
-0.6207
-3.4415
-9.2903
0.7526
-1.6688
-2.3989
-5.7112
-5.0135
-2.2650
1.4941
4.2651
4.7614
0.3806
-1.5605
-2.8053
-4.8759
-5.3148
-5.8898
-6.5241
-7.2306
-4.2414
-1.4240
-2.0425
-3.6072
-5.3186
-4.9274
-8.3608
-8.7423
-4.4898
-5.7216
-4.3748
-3.9688
-3.7267
-1.1727
-10.7450
-18.9970
-19.7919
-14.6623
-10.7947
-4.1990
-1.5276
-4.5317
0.6012
-9.9112
-8.7958
-4.3266
-4.7911
-9.2199
-11.7678
-10.3874
-7.7187
-8.0318
-11.0198
-13.8312
-10.5565
0.4715
-7.6900
-10.2855
-8.7032
-5.2654
2.0181
6.1765
-1.4251
-4.8742
-0.7121
-0.4851
-4.1467
-6.5648
-6.5792
-7.0958
-8.8106
-10.7216
-10.4788
-7.7578
0.8238
4.6467
1.0782
-2.4909
-3.4005
-1.5879
-4.0526
-4.0200
-0.9268
-3.1299
-3.7514
0.3455
5.1599
1.7679
-0.2865
-3.9169
-3.2751
-1.5417
-1.2350
0.6168
-7.1312
-3.4501
0.3083
-0.0766
0.4348
1.5798
-1.4698
-5.0650
-9.1280
-3.1841
-5.2526
-3.3199
-0.8132
-4.9755
-7.5428
-12.1657
-10.4036
-9.2421
-5.8251
-4.3858
-7.4286
-3.6365
-5.2096
-5.1243
-5.1220
-3.5598
-4.4261
-1.7587
-3.9831
-2.4708
-7.0579
-7.8439
-5.0911
-3.2005
-6.2641
2.8635
7.0121
-4.6300
-14.7742
-12.2301
-10.4874
-6.6793
-0.0425
-5.3156
-5.9902
-4.6861
-2.7017
0.0538
2.5826
1.0101
-2.9044
-2.4722
-2.7536
-3.8046
-5.4012
-1.9169
0.3154
0.9328
-4.2017
-8.6659
-12.7758
-10.5308
-8.5743
-8.3348
-4.1210
-4.3778
-2.2820
-9.9765
-11.9510
-5.2770
0.3871
1.3190
-1.9748
5.2457
6.7472
3.5118
-1.5356
0.0030
-1.0985
-5.9195
7.0144
1.0675
5.5162
-5.9765
-11.2800
-13.1913
-16.7239
-20.2104
-22.9031
-25.8489
-23.8981
-21.1559
-10.3765
-1.2465
-2.6954
3.5167
9.3488
10.7391
6.6016
0.3916
-0.9116
-1.5356
-0.9349
-1.6804
-1.7189
-0.6707
0.5603
0.8952
2.4334
1.7644
3.6678
2.1748
3.1977
1.9716
0.4125
-0.8529
-3.2205
-3.3130
-2.9516
-1.3181
-0.7589
-0.9019
-1.7067
-2.1387
-2.2745
-0.4283
5.8731
3.6567
4.4359
1.4135
-3.8741
-4.6248
-6.8187
-6.7854
-4.6441
-7.5181
-11.0581
-7.1103
-6.7836
-6.7411
-12.0950
-16.8576
-18.9549
-18.0684
-21.1530
-23.4673
-22.0286
-9.9696
-11.4681
-12.2865
-13.8684
-11.1728
-7.1990
-11.2286
-8.9231
-10.1596
-10.1747
-2.2010
5.9722
0.8426
-3.3783
-4.2764
-0.0896
-3.9388
-5.1902
-12.7673
-11.0201
-10.7562
-7.4165
-0.7136
0.9994
-5.1446
-7.5541
-9.7275
-9.4984
-7.1266
-5.3684
-8.2218
-13.5495
-13.0708
-6.8766
-9.6383
-0.2706
5.0697
-5.6425
-7.3130
-9.2018
-2.4671
-2.9468
-6.1377
-9.0096
-6.5495
-9.2565
-11.3960
-12.6657
-11.9288
-16.2635
-17.6199
-14.7971
-10.5135
-9.3486
-5.4064
-0.3922
-2.8306
-6.0418
-3.4994
0.5274
0.2274
2.2464
0.9184
-0.2440
3.0988
-3.6954
-6.6393
-7.7372
-6.6446
-10.7783
-13.2038
-16.9464
-23.1074
-27.1996
-24.7278
-18.6210
-16.6073
-13.6199
-16.1732
-22.5193
-22.1445
-14.0792
-6.8860
-4.3555
-4.0810
-6.8387
-7.5903
2.3653
-2.5239
-4.5000
-12.8348
-12.5329
-10.0851
-8.5905
-10.6268
-8.6643
-3.4030
-3.3571
-8.4495
-10.4659
-11.3162
-14.4811
-23.9842
-20.6393
-15.1287
-9.8455
-6.3722
1.1563
7.6888
4.8795
2.2778
0.0819
-1.3165
-8.2552
-8.1228
-5.9872
-4.2325
0.0293
0.7050
-3.7192
-7.4156
-10.9253
-19.8370
-14.4261
-9.3874
-6.3158
-3.4866
-1.3391
16.1190
4.9137
-4.7843
-8.9222
-5.6838
-3.6785
0.8005
15.8169
10.0795
2.3274
-5.6787
-4.8580
-7.3235
-2.0386
-4.4937
-7.8039
5.3482
-1.8536
-15.4946
-19.5270
-17.0530
-17.6040
-14.1493
-12.3090
-12.4491
-8.2406
-7.3317
-9.5433
-6.0922
-3.1288
0.2999
-1.9522
0.2843
-1.1122
-1.9466
-0.7178
2.4798
-3.1720
-6.5051
-4.8651
-0.3160
1.5302
1.0985
2.3507
-0.7861
-1.1533
-2.0933
-2.8466
-4.6429
-7.9739
-11.3502
-12.2883
-14.7851
-9.3736
-6.3291
-6.5226
-3.8108
0.8493
-0.2275
-2.7057
-1.8555
-3.2413
-7.3091
-0.9061
-1.4937
-4.7036
-6.1856
-2.9743
-3.4873
-1.4120
0.7432
2.6876
-4.3250
4.1169
5.5699
5.2513
0.5002
-3.6824
-11.1338
-16.5240
-9.8946
-3.5991
-5.5830
-12.0244
-10.4374
-13.6593
-12.3465
-11.6059
-16.1015
-17.3426
-13.6380
-6.4156
-4.0275
-4.3841
-1.6454
-3.1248
-5.1347
-4.9894
-0.0326
4.3310
5.3317
-3.8253
-7.8260
-11.8901
-15.5292
-11.8042
-11.5258
-6.9971
-5.2320
-11.5223
-8.7531
-1.0906
-0.7424
-1.8012
-8.5169
-10.7705
-6.4820
-1.1959
5.5961
5.0421
-3.0294
0.1823
-0.2368
2.2167
2.1949
-0.4478
-2.0455
2.0839
-1.0081
-1.9959
-7.2679
-4.4336
-1.6490
-2.1546
-0.6815
0.1363
-4.7764
-6.3815
-3.7636
-2.2449
-4.0391
-0.8631
-4.0596
-7.1427
-5.9616
-7.9163
-9.0102
-7.5720
-1.9470
-3.5803
-2.9279
-0.8274
-0.2111
3.1692
8.6082
4.0893
-1.0831
1.0160
4.5649
-3.3011
-1.4920
-4.4412
-7.1392
-12.8887
-8.5611
-3.5476
-0.9176
2.6809
-0.0771
3.5909
6.4686
0.6727
-9.3177
-6.9009
-1.4105
-3.3620
-11.6361
-14.5436
-12.1813
-5.8112
-5.8133
-9.1838
-2.9525
-2.9490
-3.1187
-2.6593
-6.4810
-9.8358
-6.6665
-7.1557
-4.8719
3.5831
7.3688
2.4997
-0.3050
-2.3501
3.8203
3.4949
1.3290
-6.5864
0.4520
-5.4822
-8.5322
-1.7986
0.4470
-5.1821
-1.5084
-0.6025
-2.2850
-6.2674
-4.6318
-0.1636
-3.8941
-10.9936
-7.6150
-3.6236
-1.9647
-3.2590
-4.4805
-3.5867
-3.0872
-0.5830
4.0920
6.2547
8.6434
8.3864
5.0313
4.6141
-2.5153
-3.1585
-4.1096
-2.2677
-2.5244
-1.9544
-1.1452
0.0051
-0.0269
-2.5699
-3.2538
-2.6016
-3.3896
-1.6957
-1.4854
-1.8949
-3.1077
-3.2830
-1.9444
-1.4064
-1.7200
-2.8131
-2.1513
-1.0114
1.4220
-0.0558
-2.3879
-3.3177
-4.6274
-3.0885
-2.2197
-2.3938
-3.4010
-2.8262
-2.4693
-1.4944
-1.6847
-3.0185
-0.9045
0.5167
0.1325
-1.9007
-2.7276
-2.9454
-2.5368
-2.9537
-2.3650
-1.4104
0.0257
-1.1223
-2.5809
10.7496
15.4816
14.2083
4.7735
-2.1630
-4.5154

Coefficient 31:
0.0000
-6.5276
-3.5779
-1.6002
-0.8422
-1.9654
1.2615
-0.0322
-2.0112
-5.2564
-4.5142
-2.4066
-1.9553
-3.6049
-0.6006
5.0006
3.4587
0.9272
-0.6917
1.6518
1.4786
-5.3825
-7.6146
-5.1659
-4.0530
-3.1653
-2.5556
-0.7484
0.4224
-0.6964
-0.9219
-0.8713
0.5312
-3.1037
-4.3204
-1.2867
-3.5196
-8.2329
1.2446
1.8550
-1.1951
-5.8165
-3.2855
-2.3567
-1.4589
-5.9873
-3.4642
-1.3587
3.2925
8.5512
5.0170
-0.0327
-2.1527
-4.2605
-0.8778
0.6895
-0.1162
-0.5159
0.6713
-1.5703
0.1621
1.7597
-0.0950
-0.3149
2.2285
4.9619
4.0577
1.5662
0.4805
-4.1230
-5.1300
-2.3164
-2.8206
-8.8180
-10.1997
-6.4818
0.2226
2.3114
3.8199
2.9735
2.9153
3.2491
5.5469
3.5699
-6.0867
-5.1003
-3.4272
-5.2863
-7.3815
-7.7874
-5.2123
-1.5818
-2.0056
-1.8627
-6.0408
-5.3067
-3.5714
-2.8396
2.4959
0.2894
-1.4593
-2.2085
-2.3397
-1.2252
-0.7299
0.2773
2.5308
8.1897
19.2053
10.6864
-4.5986
-13.2399
-10.8325
-7.2902
-2.9686
0.6322
-2.0513
0.0941
-4.3795
-1.3155
-9.2557
-5.4231
-6.7437
-13.2010
-0.9862
6.4079
3.2252
7.9057
18.5494
32.0369
30.9164
13.7222
7.6062
10.2949
7.5004
3.1518
8.9066
6.0793
1.7265
-2.1334
-2.1863
-3.4065
-2.5449
2.1137
2.7735
-3.3267
-7.5832
-6.3047
-7.5075
-8.1620
-6.1306
3.3271
-3.9072
-7.6168
-8.6572
-16.4084
-12.0204
-7.8694
-8.9947
-8.7672
-13.4143
-12.4647
-5.2024
0.6269
10.2770
0.2584
-11.7707
-10.6343
-9.3256
-4.5026
-3.9526
-6.3661
-2.1016
12.7161
23.5522
20.1363
6.8838
-3.1455
-7.3724
-9.1092
-8.5145
-8.5487
-8.9205
-14.8521
-12.8499
-9.7517
-12.0154
-8.0541
-3.1863
3.6381
5.1727
8.3889
3.5917
0.5781
0.2668
1.7049
5.4157
1.3431
-0.8164
2.3748
11.0949
8.2334
6.1108
3.5634
-4.1940
-6.1620
-12.7810
-11.2882
-4.3580
-4.9635
-3.8033
-6.4044
-6.4865
-8.2420
0.9486
15.9257
22.2963
16.9354
10.6747
18.7011
30.6826
32.1699
16.0860
6.1946
14.7136
16.2681
2.0587
-13.9281
-16.6638
-11.9539
-7.2806
-2.9090
2.0855
12.0795
5.9774
1.3722
-5.0943
-0.0094
0.6805
6.3753
12.7125
7.8426
-8.1052
-4.8700
1.1357
-6.7904
-17.7247
-19.8894
-22.4241
-16.4337
-16.5250
-17.1439
-13.3417
-7.6229
-5.5733
-9.8362
-6.5766
-10.7797
-20.5782
-22.8647
-18.4281
-16.6298
0.4992
-0.0974
-3.9912
-7.2628
-7.4691
-7.0909
-12.8258
-11.0357
-9.1639
-3.3222
-5.5083
-7.1672
-0.8506
-5.7266
-4.6938
4.4792
0.0541
-5.9839
-12.3012
-8.2288
-11.1745
-13.1150
-11.1128
-14.2742
-11.5038
-10.2578
-8.0502
-12.7418
-9.1685
-2.4610
-4.5543
-11.6464
-14.4022
-9.6025
-6.1823
-12.7275
-10.8702
-1.7891
0.1349
-3.4390
-3.7501
-5.8727
-9.9777
-12.5141
-10.4196
2.2917
-0.5616
-12.5458
-12.5021
-12.3454
-12.9666
-15.7333
-12.9906
-10.0816
-6.5188
-9.3820
-6.5290
4.7033
-3.4693
-14.2544
-17.8709
-12.8606
-5.7530
-2.4846
-0.3659
-1.3589
7.6624
-1.5988
-2.2449
-3.6863
1.4530
10.6268
14.8444
4.8524
3.2992
5.1532
9.9756
12.3083
7.9005
0.1121
-8.4870
-19.7204
-15.8968
-3.4006
-11.6741
-4.1163
15.4303
23.0031
10.4222
-4.1007
-16.8190
-13.7278
-7.9942
8.0698
8.0981
0.4564
-3.4407
-1.9859
-4.6388
-5.4396
-2.3347
0.0345
-4.5357
-8.4100
-2.6445
2.1842
2.3479
2.2588
6.0990
3.2934
-1.0380
-2.4802
0.0615
1.8266
4.6490
1.7172
-0.4434
-2.1416
-5.6126
-12.8428
-9.0679
-15.6840
-16.2651
-11.2788
-7.0769
-11.6758
-11.5106
5.4556
1.9646
-4.0787
-8.3367
-7.9878
-10.6729
-17.8129
-19.7442
-19.2221
-17.3823
-9.3910
-12.6246
-10.5474
-7.3529
3.8032
2.6672
-0.5576
-7.2214
-14.0053
-13.5220
-10.8519
-11.8832
-15.2128
-16.6906
-22.2138
-13.7986
-7.8224
-3.8681
-0.3797
-1.3843
-3.5025
6.6721
6.7138
-1.4007
-3.9816
-8.1636
-7.5921
-5.0366
-4.7666
-8.5434
-1.3352
8.0514
4.1179
-8.6515
-15.8247
-11.2819
-10.2336
-12.4010
-8.2805
-6.3256
-9.6823
-3.0518
0.7836
3.5554
-3.9071
-7.0143
-10.8351
-8.6527
-6.0964
-7.0708
-9.9370
-9.9799
-1.9386
-5.5244
-2.8420
-0.6121
-0.7184
-1.8018
-4.3602
-3.8778
-2.2111
-3.6414
-4.1255
-3.1063
-3.4219
-2.6050
-2.9606
-4.8312
-5.1298
-3.0522
-2.3089
-2.3341
-1.9020
-2.2222
-1.5797
-1.8085
-6.1537
-16.7760
-10.9230
-3.1020
-4.1307
1.4659
19.6232
14.7880
5.4061
-7.9164
-7.1270
-6.9827
-6.6792
-14.9446
-13.1004
-15.9602
-14.7074
-15.6153
-15.8591
-12.9445
-8.1039
-5.1360
-2.8951
-8.5031
-5.1517
-6.9175
-11.1749
-12.3858
-11.5984
-10.8870
-8.7487
-5.5261
-6.3537
-7.8234
-9.0220
-10.3257
-9.2909
-6.4200
-12.2469
-11.5538
-12.4716
-16.8137
-20.9659
-27.2824
-27.8125
-20.4784
-14.7673
-13.1894
-4.8367
-5.1270
-10.9774
-10.5244
-4.1699
-4.9929
-5.7968
9.5316
11.1990
-0.7175
-9.9546
-12.5168
-15.9957
-22.5200
-24.0510
-12.7048
-9.5987
-8.6608
-12.4466
-11.6297
-8.7272
-6.7115
-2.7606
-1.3401
-10.2529
-9.9815
-4.9033
-2.3293
1.0902
-3.2129
0.3241
-3.5257
-12.3415
-12.8728
-13.0859
-8.1006
-6.3827
-19.4651
-23.5052
-21.5694
-18.1058
-12.1796
-10.2222
-9.5476
-5.7414
-7.4674
-7.4888
-9.5746
-7.1111
-12.4896
-20.3962
-12.1687
-3.0831
-6.4036
-12.6643
-13.8757
-15.4232
-10.6485
-11.8592
-8.7663
-0.1781
-2.3308
-1.9604
-4.6064
-6.5553
-11.5098
-11.6807
-12.3642
-11.8229
-10.1841
-1.5825
0.9287
4.0551
4.2675
0.6602
-8.3142
-8.2345
-8.0793
-5.6288
-2.4823
-4.0405
-2.0883
-2.8219
-1.9131
-2.3885
-2.7964
-1.1896
-0.4055
-1.0007
-1.0042
-0.2475
-1.8805
-2.2149
-1.9223
-2.1659
-3.7428
-2.8647
-2.0802
-3.0426
-4.2051
-3.8153
-3.0890
-1.4422
-2.3350
-1.5657
-2.5997
-2.4370
-2.6199
-2.9489
-1.8926
-1.3408
-2.4170
-1.8429
-1.5214
-1.7046
-2.1652
-4.2478
-4.2711
1.8969
-0.6755
-1.0946
-8.1357
-11.3182
-4.4015
1.5312
1.5192
7.1986
2.2980
-0.0609
0.7782
-3.7807
-10.6597
-5.0356
1.2447
2.9338
1.4459
5.2075
9.9143
1.0592
-11.2533
-10.9018
-3.0899
-6.4471
-7.2480
-6.7845
-7.7443
-12.1655
-8.1901
-4.4896
-7.8817
-1.0339
-6.1853
-10.3379
-8.3584
-6.7662
-11.3764
-11.8491
-4.6560
-6.0709
-3.2969
0.3223
2.8997
6.2118
6.6512
7.3236
5.8776
6.5350
3.5362
7.0208
5.6590
2.4892
1.7274
-3.6079
-7.3467
-5.6912
-7.6483
-9.2526
-5.0825
-5.3833
-6.5400
-9.2364
-6.6723
-9.2805
-6.6420
-7.1389
-9.9933
-10.5272
-14.9801
-10.2191
-8.9553
-9.9142
-6.2294
-5.6857
-7.9185
-7.6057
-4.0239
-4.3431
-18.8475
-22.9154
-19.4577
-15.3152
-15.0957
-13.9760
-14.7994
-12.7826
-14.4708
-19.3705
-9.0419
-9.7434
-9.8292
-8.1932
-1.1120
1.2617
1.2434
-10.6335
-10.1826
-5.6709
-10.3382
-11.2988
-7.1599
-4.5016
-4.6383
-0.6933
2.0336
-1.9028
-8.2718
-12.7167
-10.8676
-11.7155
-8.8661
-5.9179
-10.7419
-13.9805
-15.0666
-16.6861
-19.6748
-16.3994
-12.6453
-3.8868
-3.0426
-6.0337
-4.5721
-2.9949
-1.5682
-6.4119
-4.0999
-2.6235
-1.9774
-2.3220
-2.6009
-3.9380
-2.4556
-2.7229
-3.0888
-2.4777
-1.8394
-2.4281
-3.1220
-2.4204
-3.2543
-3.3953
-1.6417
-2.3166
-2.7681
-1.2420
-2.2231
-1.8558
-2.1956
-1.1380
0.8664
4.1400
8.3623
9.7025
5.8029
0.0997
-2.0994
-0.3242
-2.8221
-2.9040
-3.5087
-2.3674
2.3110
5.7039
6.7894
7.7913
-1.4591
0.1042
-3.6647
-8.3299
-8.7986
-2.7999
-1.2014
0.1805
-0.4444
-1.9408
-5.7354
-4.1832
-1.3440
0.9270
-0.9355
-3.2445
-4.3499
-4.6715
-4.6618
-7.1402
-4.6091
-2.0897
-1.4585
-2.3324
-3.8845
-3.1764
-2.4364
-2.5055
-3.3944
-0.4401
0.9695
-0.3834
-0.9526
-1.8441
-1.9057
-2.6940
-4.5889
-5.3445
-1.9387
3.8297
2.1886
2.9496
0.3994
-3.1896
-1.8773
-1.0711
-6.2283
-6.7153
-4.7938
-2.0483
-1.9015
-0.1488
-0.4323
-0.8864
-1.7410
-0.5057
12.2975
1.3414
1.5349
-2.2713
-8.2767
-8.5451
-4.1987
-1.2436
0.8669
-4.3388
-6.0716
-13.9905
-14.0745
-14.6832
-13.1694
-10.3184
-3.9888
-0.9245
-5.8176
-4.8859
-1.7995
-3.3355
-5.1549
-1.7014
-6.0771
-11.4333
-8.9968
-4.8118
-3.1992
-3.7663
-5.7641
-6.8897
-11.4855
-15.4057
-11.9947
-8.5830
-12.1797
-12.0827
-12.0831
-14.9989
-3.6605
-3.9379
-6.0931
-6.4906
-7.8794
-6.6622
-5.5441
10.5254
7.2284
-0.7443
-3.8407
6.2553
7.4304
1.1045
14.3404
29.7962
30.0617
9.4997
0.4191
-0.6547
-7.0215
-6.3140
-1.0509
2.2434
-1.2565
-5.8700
-7.1612
-1.7886
-6.0487
-11.1598
-13.0242
-5.2779
-6.0979
-12.1270
-12.4821
-13.8685
-18.3630
-17.7293
-19.2450
-12.9337
-9.9831
-7.4719
-5.6881
-2.9856
-2.4009
-8.6093
-6.8377
2.3657
-4.5745
-8.8587
-9.8478
-10.1444
-13.0404
-10.6671
-13.0599
-13.7479
-8.5919
-10.6520
-6.9126
-0.5109
-5.1698
-6.7508
-2.3148
0.6123
-2.5311
-5.2495
-3.8880
-0.3122
-0.3848
-1.5498
1.4957
-8.7326
-12.9045
-10.9459
-6.1737
-7.9042
-6.9496
2.9446
7.0275
2.0813
-0.7969
0.4133
-0.7417
-3.8881
-9.8035
-10.1762
-3.6209
-7.3710
-8.9864
1.6465
4.6298
-1.7068
-9.2128
-11.8966
-11.5213
-13.8796
-13.2866
-9.2007
-7.4583
-3.3367
-3.8070
-9.4027
-7.3242
-0.1633
2.7750
-3.0599
-1.3307
-2.4198
-5.2093
-5.8529
-6.8764
-9.7593
-9.6090
-8.4140
-4.7760
-5.0346
-8.5963
-9.7402
-7.4207
-7.3983
-6.9798
-9.9975
-10.1417
-7.1348
-5.3477
-6.2720
-5.7265
-0.8647
-2.3909
-2.8149
-2.0404
-2.2667
-2.1230
-2.6315
-2.8140
-2.1864
3.0282
-7.3093
-15.9441
-13.1901
-12.7926
-10.9696
-8.5877
-3.6739
-6.8040
-13.0624
-11.3991
-10.6010
-3.9663
-2.1066
-3.1232
1.3823
3.3969
9.9323
15.5910
13.5695
7.6067
3.0675
2.1708
0.4962
-2.4725
-0.1445
6.5440
0.0490
5.2389
4.1066
5.7851
9.8456
6.5650
-2.9319
-8.9439
-14.5708
-19.2156
-11.0811
-12.5876
-16.1465
-13.9084
2.8277
16.2235
11.5326
2.4742
-2.2345
-13.6714
-14.2415
-7.9379
-11.9123
-15.5918
-23.6489
-30.0850
-28.8494
-22.7696
-15.4184
-15.5913
-8.2001
-2.1495
-11.6021
-17.1881
-8.5623
-8.5934
-11.5627
-6.7449
-3.9057
-5.7333
-5.7796
-9.8068
-13.1475
-9.6412
-12.8670
-12.3952
-10.6405
-10.2567
-8.7350
-8.1210
-5.3439
-3.9205
6.5495
4.6344
-2.8477
-13.5940
-12.8994
-9.8514
-10.9217
-11.4947
-12.8963
-10.5856
-3.8665
-3.5776
-2.1824
-2.6258
10.0131
6.9158
-1.7231
-8.2303
-11.7098
-11.8209
-5.4663
-5.3468
-3.4827
10.1928
3.0608
-0.8156
-0.0030
2.3587
3.1053
-0.7291
-0.6116
-3.2930
-2.3841
-1.7599
-2.7453
-2.2889
-2.7133
-5.6716
-5.6275
1.3378
5.2085
1.0230
-2.3153
-5.7920
-9.7178
-9.5596
-5.2356
-7.8367
-7.2372
-9.8808
-6.8101
-3.7925
-8.8382
-12.1849
-10.2837
-6.5646
-8.6660
-8.3367
10.4551
7.2216
-5.0035
-18.5363
-19.6823
-20.1869
-19.6747
-15.6490
-13.8732
-11.4754
-5.2511
-7.7089
-9.4052
-9.3071
1.4393
8.7584
1.7573
-7.7417
-9.7055
-6.2654
-6.1699
-11.9948
-10.5800
-9.5909
-3.7832
-2.3582
-0.2191
-3.3579
-7.2551
-10.8844
-5.9794
-1.9655
-7.0186
-12.4821
-13.5309
-4.1366
0.2727
-3.1748
-5.8887
-3.9991
-3.8975
-2.8034
-7.0115
-12.2647
-13.9796
-16.0664
-8.8346
-14.5486
-20.1609
-12.0754
-11.1961
-6.3780
-7.1581
-5.3829
2.0340
0.7794
-2.9556
-4.1409
-3.7679
-3.0390
-5.1486
-6.6483
-7.0973
-5.8300
-3.9020
-1.0378
0.6627
2.1573
-0.4369
-3.2282
-2.5118
-2.5633
-4.7346
-3.2089
-4.2552
-3.1292
-2.8300
-3.0202
0.9211
-5.2893
-10.8576
-18.6621
-17.8559
-16.9240
-12.8823
-11.9494
-19.0409
-6.0917
-3.9238
-2.4250
-3.1616
-5.7258
-18.2867
-12.1924
-8.3312
-2.1233
-7.3661
-9.5732
-12.6615
-11.9432
-7.8131
-21.2373
-16.4780
-13.5058
-9.1775
-7.7716
-0.5723
-6.6761
-7.7538
-7.9995
-12.6943
-12.3054
-8.4958
-9.4162
-13.5712
-16.2929
-13.8074
-6.5310
-5.2411
-4.0009
-1.9428
-2.1872
-0.6905
-2.6076
-4.0915
-4.9381
-9.6058
-5.6097
-2.3792
-2.6733
-5.6010
0.1142
0.3808
-2.9487
-7.6503
-5.4828
-1.3480
-0.5195
0.1687
-1.5421
-1.7593
-8.4638
-9.8378
-10.9413
-6.7096
-3.1344
-3.9709
-1.7992
3.3706
-2.3137
-2.7930
-9.3200
-3.9091
-9.4529
-3.1863
2.4544
1.0494
-0.0880
-4.6312
-11.4999
-9.8017
-8.2253
-7.2617
-3.6076
0.7045
0.3677
-0.5107
-5.9472
-5.7979
-6.5863
-6.4456
-4.9183
-2.5084
-1.3917
-1.4832
4.9083
-1.1552
-2.5144
-2.6212
-8.3111
-6.0207
-1.0367
-5.0753
-1.3205
2.2224
4.3423
-0.0465
-0.6594
-1.0114
-0.9357
-4.6034
-8.4683
-7.0409
-6.8997
-10.8101
-7.3345
-7.7283
-11.4823
-11.0228
-13.9071
-9.7735
-8.5814
-15.9091
-15.1155
-10.7346
-14.9647
-13.1983
-13.3781
-11.1785
-14.1122
-13.4520
-15.2056
-17.3148
-14.4416
-8.3468
-8.4496
-11.4344
-10.3341
-7.2280
-10.9210
-13.6430
-2.9133
-1.4348
-5.7014
-11.6229
-12.8792
-10.3792
-7.1410
-11.4070
-8.2008
-11.0984
-9.9182
-1.5003
9.4097
3.0223
-3.3147
-7.3970
-3.1725
-0.6906
0.0386
-1.0291
-0.5252
-1.1217
-0.7696
-2.3045
-2.7309
-6.6767
-9.4054
-9.0407
-7.2200
-10.4974
-13.5526
-13.9447
-13.8684
-12.0680
-9.2769
-3.3814
-2.2198
-0.9180
-0.8869
-1.1802
-1.5402
-1.8767
-1.8800
-2.1812
8.7177
-0.5035
-12.2252
-18.1441
-18.4705
-18.6480
-16.8888
-17.2681
-17.1361
-19.2193
-16.3124
-10.6597
-8.1802
-6.4702
-8.3364
-10.1692
-11.9314
-9.8508
-8.0428
-5.9550
-4.5203
-3.1440
-8.6850
-12.6521
-12.4585
-3.4884
1.8024
-2.7663
-0.4291
3.6685
-0.2772
7.1968
19.6978
12.4906
3.1081
0.3268
6.9154
0.8830
-4.2237
-5.9616
-4.4195
-4.9102
0.9160
1.6544
1.9701
-1.9285
-4.4511
-3.4902
-5.3927
-4.7951
-5.7232
-11.7950
-15.2536
-13.5937
-10.3699
-10.1277
-5.6997
0.3262
-8.1875
-8.3216
-7.3431
-1.4739
-6.9916
-10.3510
-19.2197
-19.2375
-18.6662
-19.3204
-18.5896
-19.3460
-20.8698
-21.8669
-19.5409
-11.4909
-9.9789
-4.5855
2.5605
-4.7676
-6.3544
-4.6231
-2.9226
-0.0360
2.6218
1.2404
2.4238
8.1731
-2.5636
-8.8956
-7.5287
-6.6749
-12.5944
-20.3703
-19.2486
-18.0345
-15.3723
-13.2523
-9.7659
-4.8554
-8.3138
-13.4561
-21.7367
-24.6004
-18.6272
-9.3880
-2.7273
-2.5664
-10.9173
-16.5505
-16.6465
-12.0103
-12.3570
-15.2135
-15.7652
-16.4111
-16.2872
-8.6263
0.5513
2.3808
3.6070
-0.4606
-3.6548
-0.1956
-0.0620
2.1672
4.9922
6.5851
-2.3064
-2.9241
-5.8981
-6.6325
-8.2735
-6.0090
-4.3420
-12.4562
-15.4503
-11.9860
-4.0907
-1.5418
0.8437
5.6996
-0.2611
-3.9276
-7.4170
-13.2700
-13.6767
-10.0987
-7.5912
-9.9760
-5.0374
15.9168
14.2701
4.0238
-5.5497
-3.7378
3.8972
2.6293
15.5934
10.2470
4.8197
-9.6304
-14.5522
-13.4257
-10.7356
-9.5866
2.0102
26.8900
23.5969
10.0621
1.4605
-0.5080
1.0561
-0.2919
-1.5227
-2.9328
-2.6493
-0.4983
-1.4353
-1.4036
-0.1784
-0.0130
-0.6234
0.4884
-1.2453
-2.1257
-1.3450
1.3406
1.1611
0.9679
-1.8421
-2.4080
-1.6397
-1.5771
-0.6340
-0.5755
-0.9425
-1.9463
-2.7237
-1.8450
-8.0342
-10.2490
-11.9787
-13.8401
-9.7088
-6.0697
-8.4904
-7.7077
0.0109
-0.4095
-4.8716
-8.3327
-3.4909
-4.1010
3.6131
1.7850
-4.6561
-7.1494
-5.7066
0.0574
3.8516
8.5386
7.2554
1.3028
5.5913
7.3701
12.7391
5.7391
-9.7594
-20.5076
-24.7573
-21.4431
-14.6598
-11.8941
-14.7232
-14.0126
-17.2031
-22.4474
-21.3100
-22.8886
-17.0659
-11.1072
-5.8292
-1.7692
-1.9996
-0.3745
-2.1241
-4.4765
-4.2313
-0.4091
7.7434
4.5418
-3.4324
-14.3832
-12.4868
-12.3914
-7.6053
-4.6974
-6.0746
-9.9037
-18.2786
-18.5508
-18.2053
-16.0413
-20.2482
-14.7886
-6.0943
-1.0718
-0.1755
6.3501
1.8307
0.3914
-0.4415
-7.4651
-14.8077
-12.0684
-8.4809
-4.0532
7.5204
11.3669
5.6270
-8.1655
-7.8081
-2.0155
0.2664
0.1550
-1.9434
-9.5684
-12.5387
-7.6071
-6.3803
-4.9491
-4.7552
-9.5262
-10.6247
-5.7410
-4.0054
-2.7054
-3.6961
-4.5271
-3.2353
-0.2787
-0.3941
0.0931
-2.5610
-2.3270
-1.3312
-8.1899
-10.0936
-6.8128
2.1521
0.0420
-6.0660
-4.2891
-4.1114
-7.1261
-5.7075
-1.3513
-12.7825
-11.7317
1.1232
7.6533
1.8357
-0.7534
-8.2747
-10.0361
-7.3782
-9.2747
-10.2417
-14.6363
-16.5745
-16.5173
-16.2283
-11.8115
-9.6278
-5.4806
-5.0625
-3.5046
-4.6879
-5.1604
-7.6215
-6.6326
-0.2098
2.0176
0.0741
-0.7186
0.2685
4.8814
7.9054
10.0476
0.0267
-9.9395
-8.2512
-4.2810
-9.6721
-8.4496
-5.7211
1.5648
-0.7165
-3.1126
-3.5208
-8.2253
-12.1730
-10.5310
-18.6126
-14.8239
-7.7614
-8.3320
-11.4261
-3.8881
1.8019
2.5589
1.6610
3.7710
4.0599
7.2056
3.9016
-0.6361
1.8276
-5.4058
-3.1485
-4.2547
-3.4393
-2.8959
-2.1688
-0.9111
-0.4465
-0.2955
-1.1569
-1.2576
-2.3481
-2.9878
-1.5156
-1.3861
-1.5961
-2.5876
-2.9571
-1.8001
-1.2348
-1.3987
-2.3943
-1.8161
-0.9376
1.7164
0.2237
-1.8870
-3.1827
-4.5313
-2.8132
-1.9627
-2.2410
-3.1406
-2.4437
-2.2543
-1.4661
-1.5231
-2.4611
-0.2725
1.0563
0.4651
-1.7360
-2.4897
-2.8067
-2.2763
-2.7253
-3.3752
-4.7698
-3.2914
-1.3088
-2.2237
13.4688
12.3474
7.4892
0.9487
-3.9741
-2.8002

Coefficient 32:
0.0000
-5.8567
-3.7894
-0.5862
-0.0093
-0.3289
0.8347
0.2214
-0.8931
-3.9039
-3.8851
-1.4933
-0.8491
-1.1501
4.0781
6.0296
4.3969
6.3577
6.2435
6.4985
8.3389
3.9268
0.7501
1.1518
2.8580
2.9135
6.2445
8.6897
6.9140
4.6548
0.2830
0.5171
1.7681
-2.4688
-3.1675
-0.3974
0.1650
-11.4236
-3.9783
-0.8947
0.5343
-2.4166
-3.0100
-1.9176
-1.4782
-5.8346
-2.1143
1.9342
5.8800
12.7010
9.3674
2.8334
2.4091
4.5065
10.2722
6.0444
-3.3685
-4.0802
1.8356
1.6125
1.4127
1.2628
0.4496
0.4046
1.0577
-4.2395
-7.5778
-7.8214
-0.3202
-3.2094
-0.3812
6.9722
4.4005
1.2730
0.6532
5.1703
4.5981
1.1337
0.7236
2.9284
2.3420
3.1413
5.3661
6.7148
0.9625
2.1643
5.2751
-2.0454
-0.9714
-6.1505
-4.3926
3.1044
3.7634
2.1881
-4.2351
-6.4354
-3.2545
-1.9416
0.5244
0.4041
-0.0015
-0.9890
0.9720
1.4915
3.7660
4.4187
6.8240
6.7682
22.3941
23.5836
12.0064
1.0147
3.9088
5.2267
0.3336
5.5605
0.4471
3.9609
4.6685
-8.1897
-6.5430
5.6291
14.4262
10.2036
13.7524
14.5533
9.8247
12.7247
16.1294
31.4554
26.4566
17.9242
17.1253
21.8359
15.8137
8.8118
16.0519
15.3257
4.6136
-6.8340
-10.7169
-12.1735
-6.8975
-2.1765
-4.8305
-12.2907
-14.5468
-18.7575
-17.6396
-8.1178
-5.1480
3.5827
0.3297
-5.4696
-2.2192
-7.3231
-9.1736
-8.6392
-9.9944
-4.1283
-5.1174
-7.9203
-2.6788
3.8945
12.0434
4.6701
-11.8668
-12.8214
-10.1463
-9.5865
-13.5882
-6.4061
-1.8855
9.1940
26.1385
29.8173
22.7345
15.3811
10.6517
4.0742
3.5846
0.2846
-1.2386
-8.3539
-7.2835
-7.6336
-8.0545
-4.4597
3.7851
5.7295
4.8399
5.2956
1.5044
4.7830
3.4839
1.8606
2.9952
6.3156
5.6823
0.9075
8.4828
10.4777
9.7482
2.7289
0.7724
2.6244
-3.0395
-8.0475
-6.9962
-7.7007
-4.1678
-5.2694
-4.6595
-7.0530
-1.9036
9.0049
15.8563
10.4840
0.7880
5.5672
28.1252
38.2149
23.8787
13.1985
11.4363
19.6327
15.5829
4.2128
-5.1199
-5.9632
-2.3363
-0.1806
5.5044
21.1725
25.5208
12.2746
0.3048
6.1041
7.6698
12.5374
29.1682
24.1953
6.3225
5.1993
5.9391
-3.7623
-11.6985
-3.5252
-6.7223
-4.5087
-2.6432
-6.0960
-14.3401
-12.5320
-8.4102
-10.8751
-5.4385
-8.7837
-10.0514
-11.5637
-7.8959
-4.4439
3.7417
4.9274
3.2607
1.1487
1.0939
6.3824
9.7902
1.8941
-7.0288
-6.7610
-6.2658
-3.0273
-5.7253
-6.4046
1.4783
10.2755
6.5330
-0.1509
0.4750
-5.7740
-9.4050
-8.6668
-5.9410
4.9101
9.4350
5.2276
2.9043
0.8682
3.3999
1.2750
2.2368
4.5850
2.6270
3.2616
6.5645
10.3665
16.3583
18.6968
16.2071
13.3156
15.8378
18.5600
17.4150
9.9928
4.0324
11.7868
10.8625
-2.9147
-9.0607
-9.2664
-10.9214
-9.8411
-9.6380
-7.5222
-3.4157
-7.9071
-11.1472
4.2004
-2.5241
-5.3402
-5.8087
-7.7705
-7.0466
-3.5887
-4.0690
-6.1107
22.2658
18.8697
8.6330
-3.8807
2.0064
27.7018
32.4473
23.6888
13.5637
14.3679
17.5963
23.3350
23.3958
16.9910
13.3480
0.6495
-3.2321
3.1110
4.9128
9.4607
17.4068
25.5669
33.3142
24.1749
0.2007
-11.4496
-7.7229
2.1749
-3.9495
-6.1195
-12.3276
-13.2796
-9.6489
-1.4787
5.0384
-2.5517
-7.7351
-7.4762
-5.9055
4.3421
9.4870
7.2437
9.7830
6.8250
0.1175
-2.3466
-0.1635
1.9025
1.4962
-1.5236
-0.3532
-0.2693
-8.0330
-16.8589
-19.0334
-21.7513
-17.3100
-13.4012
-15.7363
-9.3655
-7.2716
-3.1021
-6.1193
-10.5360
-11.4903
-12.0058
-10.7102
-9.3495
-8.2225
-7.8357
-8.7310
-4.2711
-4.8286
-4.5567
-5.6774
-4.4205
11.2155
3.3409
-6.1063
-18.2821
-24.0052
-25.0718
-23.7268
-15.7899
-11.4844
-12.3104
-12.0621
-12.6667
-5.9872
-3.4640
0.7150
0.3143
6.3999
7.5218
7.5196
3.9779
-0.2518
-0.1290
-1.2645
-2.6627
-4.6446
-3.0710
10.0417
8.6683
-2.4094
-5.1177
0.3643
-2.6539
-5.9367
-8.5477
-3.9908
-3.0295
0.0145
3.5219
11.6335
-1.8587
-9.5302
-12.9039
-16.7200
-21.1108
-23.6831
-18.6712
-14.3101
-6.9945
-4.2402
-1.3462
-0.3337
-0.4153
-1.4487
-2.2833
-0.0106
0.5106
-0.7445
-2.9651
-3.2928
-3.2338
-2.4968
-2.5481
-4.0527
-4.7955
-2.9280
-2.2407
-2.1452
-1.7240
-1.9050
-1.2071
-1.3920
3.5945
4.6412
1.7877
3.5748
9.7660
14.2285
29.0131
23.9714
10.5992
1.7896
3.7845
8.3067
8.5373
-2.6149
-4.8540
2.7400
-0.5897
-11.4486
-19.2856
-16.4319
-10.9442
-3.3510
1.5213
1.8305
9.6935
5.2009
-3.3658
-9.7359
-10.2305
-10.2275
-8.4005
-10.4914
-10.0148
-9.7277
-13.2179
-13.1227
-10.1176
-13.1610
-13.2852
-11.6090
-5.6807
4.9823
3.7870
-8.6838
-10.3269
-5.3414
-8.8137
-4.6178
6.5377
1.9539
-7.4326
-6.6519
-6.4616
-6.7085
-1.4423
10.8005
30.9506
34.7180
20.7792
9.4634
5.9544
7.1320
-7.6821
-7.2505
-7.3542
-5.1011
-6.6172
-8.7836
-7.1407
-5.4406
0.6924
0.8473
5.0176
3.1229
1.6168
4.4260
15.9645
4.5952
-1.4421
-7.5683
-9.6713
-14.1008
-8.3732
-7.0105
-6.2022
-7.2937
-2.2759
0.6196
6.9978
5.2377
-0.4386
-2.9896
0.4762
1.0402
-10.0837
-13.7638
-11.1969
-15.1482
-17.7842
-14.8150
-12.0611
-6.5863
3.9296
4.7100
3.5993
4.1700
6.1716
4.1660
8.6714
8.9202
7.7803
5.9836
0.8590
-1.5585
-5.7462
-2.8660
0.1208
-0.9209
-0.9702
1.7777
-1.7431
-6.1200
-5.2128
-0.3169
-1.9902
0.2270
3.8251
5.9977
7.1646
4.9374
-0.6984
-3.4183
-2.1108
-2.3438
-0.6202
1.4006
1.1944
0.0930
0.2436
-1.3350
-1.9701
-1.6654
-1.9220
-3.7114
-2.9002
-1.9912
-2.9300
-4.0647
-3.5269
-2.1007
-0.6891
-1.9011
-1.2737
-2.4550
-2.7192
-2.3354
-2.5358
-1.9106
-1.0903
-2.2668
-1.7503
-1.4345
-1.6150
-2.4785
-3.9607
-4.2613
0.8419
-0.5870
-4.8232
-2.6889
-1.2332
-5.7535
-5.9820
-1.9323
8.2696
5.3884
4.0304
2.7299
3.3718
6.5007
5.1523
8.3419
6.2956
8.2367
12.6454
14.8477
7.1532
-5.0554
-3.2203
2.6021
0.8469
-1.8469
-1.5737
-6.0422
-7.9977
3.4643
6.2504
-2.1154
-1.2247
-0.2911
-2.3768
-1.5468
2.6090
-2.1963
-4.8681
-1.8249
-7.0090
-8.6172
-6.5770
-1.5600
3.0727
6.3091
7.5296
6.9988
2.1828
0.3745
7.3332
5.4396
0.0553
-6.1721
-12.2137
-14.2963
-9.9608
-5.9604
-2.4401
0.6520
1.4938
1.6302
1.4901
8.2134
4.7157
-3.7331
-8.5097
-9.9903
-12.5525
-20.2443
-15.6181
-7.7535
-3.3311
0.2909
1.4343
2.5554
-0.1905
-3.5341
7.7003
7.1286
1.6932
1.0899
-1.4681
-13.2633
-15.4519
-10.2511
-8.8248
-13.9700
-15.3200
-7.2192
-2.1013
-1.2740
-2.1653
-0.5888
1.4493
3.0433
-2.2894
-1.0613
-1.9846
-2.7376
-0.5788
3.1909
2.6912
-2.2544
-1.0152
2.0685
2.9332
-4.8101
-9.7049
-6.3875
-4.9685
-7.4417
-10.5798
-14.7347
-13.7553
-14.0973
-16.7425
-22.4448
-15.2218
-4.5691
1.4884
1.0208
-1.6998
-0.7268
-1.0230
-9.0286
-8.4754
-4.3992
-2.5914
-1.7877
-2.1804
-2.7610
-4.0604
-2.2516
-2.2990
-2.7823
-2.2755
-1.3918
-1.9463
-2.8218
-2.0792
-2.9201
-3.2712
-1.3873
-2.2542
-2.8005
-1.2560
-1.9778
-1.5390
-1.7816
-0.9668
0.6506
2.0879
3.8802
3.9268
4.4482
2.1080
0.9434
0.4164
-2.3266
-2.8711
-3.2221
-0.4280
3.9510
5.8226
3.1403
5.1796
-0.0739
-2.3803
0.2601
-2.6864
-6.8134
-2.2103
-0.1898
-2.1013
-2.9546
-9.6838
-6.9843
-5.6736
-2.9818
0.0260
-1.8566
-2.9462
-4.4134
-4.8165
-4.5502
-6.2331
-3.8154
-1.9082
-1.1748
-2.4926
-3.8793
-3.3569
-2.4512
-1.8967
-2.5493
0.2544
1.3553
0.3114
-0.5657
-1.5620
-2.1813
-2.6909
-4.6891
-5.5316
-2.9151
1.5499
1.4210
2.6940
0.1203
-3.2082
-1.8821
-0.4872
-6.1685
-6.6058
-4.8052
-1.9093
-0.7367
0.3454
-0.6419
-1.2529
-1.6802
-0.7768
8.5985
-0.2668
-5.1110
-13.8552
-17.8741
-14.3954
-9.0752
-3.7840
2.2215
-3.8107
-12.9559
-10.9491
-7.7903
-5.8769
-4.0593
-8.2293
-9.1191
-10.1591
-13.5940
-7.9510
-3.2744
-4.9978
-2.7300
-1.8073
-3.5656
-6.7871
-4.7559
-0.4216
4.0030
2.7738
7.9353
9.0331
2.3877
-9.2115
-13.7023
-14.4066
-13.7252
-6.3326
-4.6045
-11.6799
-8.2449
-10.4697
-11.0334
-7.0705
-3.9949
-6.1015
-7.2927
13.9103
22.1158
12.2582
0.2980
4.6096
3.8724
3.4511
7.5711
23.1567
37.2091
26.0785
11.3629
6.5891
7.0717
10.6330
0.5583
-7.2076
-8.8168
-8.0553
-10.8185
-8.5332
-3.5020
-4.9997
-8.7048
-7.2960
1.2613
-1.1603
0.5520
5.9335
1.0923
-2.6330
-2.4184
1.2588
0.7466
-7.7742
-12.4838
-8.4734
-5.0713
-7.3713
-7.6855
9.4330
7.8311
-2.2705
-9.6258
-8.4817
-6.3915
-8.1967
-6.6156
-8.0552
-9.6979
-7.6734
-4.2413
0.5906
-1.7881
-5.4138
-3.4161
-5.2670
-5.3535
-2.6272
-1.3908
0.1581
-2.4286
-3.4073
4.9023
2.9960
0.5037
0.3990
2.4446
1.7929
-0.8158
6.4871
13.9865
8.8970
0.5716
4.7723
4.5149
3.9858
0.7827
-1.4706
4.6112
2.2152
-8.4109
0.9413
9.7906
-0.2059
-5.5099
-3.0076
0.1557
3.6450
1.4893
-3.5320
-7.1331
-5.7669
-6.0298
-6.0996
-5.6896
1.9062
-0.9659
-0.3708
1.4364
-0.7324
-2.4601
-2.2176
-3.0435
-5.9741
-5.4181
-3.6543
-0.4384
1.9511
3.6407
4.1843
3.6668
4.1610
4.9851
2.6826
3.5731
4.3349
2.3838
1.6999
-0.1573
0.3964
-2.3280
-2.5502
-1.9087
-2.0760
-2.0733
-2.3008
-0.4772
3.5366
5.1996
-3.9473
-7.1806
-4.6166
-4.8551
-1.5329
-1.3033
-2.5592
-7.6748
-15.8298
-15.3171
-13.7797
-9.1544
-10.8142
-13.1090
-9.1172
-7.6998
-3.3581
-4.5697
-8.5297
-7.3870
0.2184
2.9559
2.6472
3.7325
2.8335
2.5534
-5.4712
-11.2655
-12.6251
-7.4476
4.4005
9.4472
-0.6889
-8.2247
-15.7635
-21.3406
-15.1908
-18.3186
-17.9141
-12.1307
6.8100
23.0649
23.2596
14.0585
5.2217
-1.5703
5.5313
10.6552
3.4198
3.7071
4.2730
4.0861
4.5410
0.7273
-4.7528
-4.2681
2.8029
11.6639
5.3264
-5.8059
-1.9546
-1.3731
-7.2359
-13.5570
-11.2417
-8.4347
-7.6511
-13.4628
-14.7244
-13.5661
-14.2710
-15.4939
-11.9070
-8.1859
-5.7398
-8.2159
-3.3583
1.4882
14.4349
6.5418
0.6512
-7.7821
-10.6696
-14.0155
-17.0932
-19.2716
-14.6730
-9.1084
-4.5892
-4.7750
-5.4025
-5.0985
5.8518
4.7527
0.1308
-4.8400
-8.5912
-5.1829
-2.3755
-5.8433
-8.0098
6.4511
11.5970
7.7288
0.7512
-5.7226
-7.6716
-11.5074
-11.6567
-11.5796
-8.9412
-5.0319
1.0509
4.5252
2.5720
2.4711
3.7660
17.2914
12.6885
6.8381
0.4287
-9.6529
-15.8429
-17.0241
-17.2167
-20.3916
-15.7962
-6.8351
2.6261
5.6114
-10.3156
-17.2353
-11.7657
4.4849
9.6383
8.7262
20.7594
27.3477
16.4516
1.0330
-3.1632
3.2828
4.1276
-0.1480
-2.1766
-3.6585
-6.1398
-3.2482
2.0315
9.4152
22.4603
22.9338
13.9515
7.4991
-3.9752
-2.6159
2.5632
0.7715
-1.2343
-2.0908
1.4133
0.0671
5.0628
-1.7546
-7.8126
-12.5089
-7.8972
-8.4682
-13.4001
-14.1580
-13.6779
2.9532
9.4689
4.9565
-6.2679
-11.4737
-12.5488
-5.4581
-1.8570
-4.2124
-9.3223
-15.9057
-17.9577
-15.3380
-2.3036
2.5547
3.7840
6.2010
3.8478
2.8929
-5.2199
-5.8879
-4.0402
-5.0537
-1.7405
3.6892
4.9911
3.1215
0.5705
0.9972
4.4767
2.5622
-0.7456
-1.6295
-2.8625
-0.9068
-0.5266
0.1088
0.0059
-1.6550
-2.8307
-2.0104
-1.8074
-2.3831
2.7050
1.1246
-3.4472
-14.7448
-16.8428
-16.6073
-11.4661
-6.4216
-11.2945
2.7028
9.5892
-1.9761
-7.3242
-8.6618
-8.5605
-4.4093
-1.8130
0.5382
-6.8548
-4.9441
-8.9271
-8.5013
0.4077
-6.8868
-3.5556
-8.1080
-14.8146
-5.2125
1.5351
-4.3252
-7.4393
-11.4074
-4.5540
1.5800
7.0581
-1.3619
-4.8731
-0.4932
-1.9563
-11.5972
-6.9515
-7.7493
-8.2970
-4.7114
2.6252
1.6890
-5.9107
-6.1422
-7.7907
-5.7412
-6.3268
-6.3989
-10.7222
-4.1939
-0.0396
2.3658
-1.4967
-1.2134
-1.0852
-2.5138
1.7421
9.0881
4.0500
-2.8973
-0.6350
-0.6246
-0.7671
-3.2937
-2.9037
-5.8379
-6.2997
-7.3931
-2.5293
-3.6484
7.1517
-3.0273
-13.4287
-12.2509
-13.9021
-10.6854
-7.3719
-7.6001
-13.2176
-15.6481
-14.4601
-10.8402
-4.0619
1.8068
-4.2177
-11.3374
-13.5897
-13.8085
-16.2115
-11.6521
-7.7659
-4.6188
-8.3274
-2.1438
0.4818
-0.8695
-2.8524
-1.8831
-2.2551
-4.8760
-3.8210
-7.8027
-10.3240
-16.2059
-15.9891
-8.7783
-3.0206
-2.4555
-4.9758
-6.1602
-2.1973
-0.7656
-2.0811
2.4002
3.4796
3.2936
4.4625
1.5346
0.4166
-4.3176
-8.8016
-6.6319
-2.6309
-5.2204
2.4169
-3.3007
-6.5828
-11.1239
-7.0768
-5.1006
-9.8049
-7.5911
-5.7638
-7.6240
-12.1223
-11.5319
-6.7583
-10.6731
-8.9573
6.3814
16.0181
4.3725
-8.9491
-14.6814
-7.3998
1.1322
5.9202
13.1747
15.6698
16.6733
19.3602
9.3978
-3.0832
-4.3668
-2.9456
-2.5527
-0.1724
0.2661
-0.6063
-0.1690
-0.8555
-1.9939
-1.4713
-0.6919
1.2177
0.9116
-2.1208
-2.7709
-3.1709
-1.7313
0.6683
-1.0737
-1.6484
0.0952
-3.4765
-5.4838
-5.4093
-4.8991
-3.2019
-1.4049
-1.6093
-1.9589
-0.2228
10.6447
10.5170
6.4646
-2.9098
-9.1137
-9.7540
-13.6649
-14.3599
-13.1902
-14.3329
-15.2758
-11.9823
-9.8766
-9.7166
-8.3429
-7.4610
-7.7491
-6.6969
-7.5928
-7.4302
-6.7048
-5.7485
-2.7339
2.3347
6.9017
13.0522
18.3767
9.0436
-3.8205
4.1968
8.8332
11.4451
18.8013
15.4335
0.6216
-7.0748
3.6422
1.0391
-6.4111
-10.8362
-6.0288
-4.4892
1.7376
6.5613
6.2319
-1.5222
-9.7220
-7.9451
-5.5962
-5.0589
-5.9517
-6.3709
-10.7644
-7.2579
-5.4258
-11.7705
-10.4227
0.8291
2.5220
1.2349
-1.4046
-0.3671
-2.6446
-2.1763
-5.9016
-7.7099
-13.5686
-16.5828
-13.1169
-14.1826
-12.1585
-10.5977
-12.1340
-11.9432
-12.2238
-4.9977
0.3708
-3.4735
-7.4842
-6.5931
-5.2722
-2.7752
-1.1014
7.3604
6.5360
13.1323
4.7927
-5.3106
-3.9548
-1.3208
-5.1907
-8.6496
-14.7373
-21.2396
-22.6349
-19.1215
-11.8416
-2.1195
0.6384
-1.6703
-8.7262
-11.9457
-0.0119
7.7204
13.9310
13.9343
0.4586
-13.4287
3.4450
6.2742
1.0202
0.4315
6.6352
3.3489
0.4127
-3.3627
4.4250
4.4111
6.2975
7.0173
-1.3560
-1.2145
-1.3889
-0.7233
-4.3289
-3.3499
-6.3812
-4.0854
-8.2399
-8.6226
-8.0517
-7.0151
-1.7872
-5.1994
-9.1255
-7.6069
-5.8946
-8.6975
-4.3861
8.0441
7.2735
-2.8941
-2.8527
-3.6470
-1.1172
0.1729
1.0142
-7.7236
-7.7736
10.6139
20.8118
12.4857
-1.7715
-8.7391
-2.9593
-4.7642
9.0030
16.5837
22.1239
7.2488
-5.1329
-7.4943
-7.7014
4.0298
10.0436
31.4865
35.0156
21.5133
7.3969
4.5061
12.4765
14.6540
9.9540
8.2186
15.7533
20.9660
15.6239
8.0553
3.2743
1.6381
3.1876
1.1921
-0.5111
-2.1771
-1.9964
-0.2748
2.6137
2.2232
-3.2087
-3.2842
-3.5889
-3.1766
-2.5860
-0.6634
-0.7349
-1.8091
-2.5758
1.9089
-7.0686
-6.9828
-13.9277
-15.8495
-12.6901
-9.3536
-16.2223
-15.7398
-2.8487
-1.8552
-6.1348
-0.8321
11.2467
5.7240
12.6571
18.2044
9.7214
-1.8961
-7.1833
-4.1413
-2.0142
-1.7633
-2.5318
6.4095
2.7104
3.3618
13.3172
12.5983
0.1730
-8.9951
-7.2483
-1.5822
3.7020
11.6312
7.9300
6.5896
6.4106
4.9112
1.6410
-5.0046
-2.9325
0.7162
2.0003
0.9646
0.1087
0.8868
-1.5039
-3.7057
-3.4891
-0.8833
0.3900
-5.0281
-6.7529
-4.2553
2.3840
-0.8133
-5.0353
-6.8519
-11.2108
-11.1574
-10.6808
-11.1399
-16.0401
-17.5040
-15.8055
-19.6387
-12.5583
-10.3693
-13.8982
-7.4982
-7.6508
-8.4809
-10.8257
-13.9898
-14.5662
-9.6580
-5.1965
-13.2455
-2.9999
4.3591
-2.4334
-4.8142
-4.8407
-8.1093
-5.8331
-4.8528
-2.6932
-3.0323
-4.7657
-1.2242
0.4024
-9.4083
-2.8015
-3.7899
-5.1932
1.0836
2.1997
1.0233
-2.1652
-6.4441
-4.5954
-1.4941
-0.1703
0.3135
-2.6616
-5.1672
5.3767
-0.9968
-4.8718
-4.1251
8.7197
9.3272
5.4649
1.9043
2.7740
0.4500
-2.3334
-4.4472
0.2848
3.3447
9.8488
13.3447
5.1150
0.1789
-0.5362
-3.2790
-6.2158
-7.9191
-8.6615
-10.5321
-15.3478
-12.9531
-7.7249
-2.3861
6.5397
1.9606
-5.5988
-1.9246
-0.1611
-4.2289
-3.6120
-3.2545
-0.4965
-2.6099
-4.9110
-0.3395
1.6654
9.8971
3.6538
1.8367
-4.1212
-6.8280
-7.7599
-6.8756
-6.2801
-5.8477
-6.8394
-5.9121
-4.0639
-4.3955
-1.8467
-3.9102
-5.8822
-6.2104
-6.7963
-11.1633
-12.3660
-14.8378
-16.3674
-8.9962
1.4877
4.8617
5.7236
2.7516
-1.3785
0.4698
2.0270
0.8187
-1.9269
-11.7129
-6.9482
-3.9867
-3.9545
-3.2624
-2.3805
-0.7027
-1.5468
-2.3337
-2.1361
-1.0902
-2.1040
-2.5722
-1.3994
-1.3246
-1.3378
-2.0652
-2.6240
-1.6798
-1.0933
-1.1944
-2.0061
-1.5144
-0.9347
1.8632
0.3721
-1.4623
-3.0552
-4.4369
-2.5674
-1.7365
-2.0869
-2.8826
-2.1698
-2.1325
-1.5171
-1.4860
-2.0374
-0.0028
1.3923
0.7141
-1.7435
-2.5675
-2.6902
-2.0412
-2.4978
-2.5764
-1.0691
-0.1996
-1.9247
-2.6111
10.9358
6.3267
0.3622
-1.6071
0.5661
-2.0668

Coefficient 33:
0.0000
-4.1026
-4.4069
-1.0775
-0.1694
0.1107
-0.0262
0.1314
0.1325
-2.6647
-3.3657
-0.8726
-0.0793
-2.9588
-4.5101
0.0786
0.2550
-3.7784
-2.0275
1.6084
3.1604
-1.6544
-2.9132
2.6037
1.1089
-3.7111
-3.2770
-0.4696
-2.7763
-3.8014
-2.3550
-1.2425
2.7902
-1.7542
-1.7119
-2.1120
-0.9839
-7.4023
-6.4645
-5.1089
-4.6694
-1.2318
-2.6928
-1.9731
-1.6653
-5.5652
-3.0192
1.8319
-2.9276
-11.8597
-12.8693
-4.5401
-7.3573
-10.6746
-5.7961
-5.5641
-8.5041
-8.8131
-4.7868
-2.6580
-5.4936
-8.0293
-5.4879
-5.5986
-3.2921
-7.2245
-5.1113
-3.2983
-2.1417
-5.9826
-2.1845
0.5467
0.3948
-1.8033
-4.0878
-4.8518
-0.5951
1.3043
-2.1208
-3.3253
-0.4954
0.9501
1.2223
2.2706
-2.4461
-4.0974
2.7438
-1.2464
3.6966
4.2381
-0.6079
-2.6139
-3.5358
-1.2574
-1.2021
-0.2626
1.8575
-1.0561
-7.8727
-12.0506
-10.6515
-8.5458
-2.7372
-5.4973
-3.8918
-2.1071
-9.9499
-10.3392
4.4417
13.5947
4.7439
-8.5987
-9.7439
-6.3931
-1.3296
4.5414
-1.1490
0.3301
-0.9005
-13.0555
-5.2250
9.6419
14.9536
10.3334
4.8894
-0.8961
-8.1591
0.2954
7.8635
16.4245
23.7832
16.8296
15.5405
20.9385
15.3040
8.4404
9.8047
14.7138
8.2620
-2.9397
-10.0932
-13.1080
-10.5349
-10.9834
-8.1466
-11.5639
-12.6522
-17.3104
-8.6918
-0.1792
1.4584
11.6929
8.5694
3.5207
0.0240
-0.3165
-4.4955
-10.1406
-19.1047
-21.0969
-25.2419
-25.1459
-13.0051
1.3085
3.4135
0.7713
-5.0899
-12.9239
-13.7332
-10.4379
-12.2157
-4.8189
3.0391
9.9948
28.8045
40.3282
40.6248
35.3010
24.1714
15.7584
12.0087
12.2036
7.4924
4.8909
-2.6377
-7.8943
-11.0442
-2.7052
-3.3219
-4.3691
-2.5196
-2.8187
-5.1479
-4.6028
-2.5618
0.7404
1.4383
0.4660
-0.4920
1.5091
7.3435
12.4730
13.5910
3.6024
16.2074
8.8357
-3.2766
-10.6766
-6.9562
-4.5912
-4.4300
-3.4304
1.5495
3.7096
3.0505
1.2020
7.0871
6.1933
-0.4903
-11.3294
-2.2794
13.1792
16.0941
10.9088
9.2850
19.0974
20.9018
12.2441
0.6239
-6.5112
-3.3398
3.5845
2.4613
15.4047
21.4063
14.1862
8.8004
13.6437
11.2243
2.6222
18.7009
18.6921
6.4974
6.1960
0.2860
-6.2582
-18.8753
-15.0451
-13.6635
-14.4667
-10.6250
-10.4745
-13.8000
-14.0198
-12.4177
-8.9942
-3.2118
-3.5551
-6.9714
-7.7902
-4.0897
0.3583
2.6288
3.8103
3.7716
-0.5511
-1.1446
2.8191
7.1699
-0.7900
-10.8742
-11.2202
-1.9785
-2.2059
-5.3726
-7.8153
-1.2277
5.4186
4.0742
0.6258
-0.0959
3.0256
5.1380
4.7024
-0.4723
-8.7157
-9.9630
-5.6333
-4.2018
-7.5630
-4.8620
-5.6840
-2.6576
3.6033
2.0487
0.4782
0.0866
-0.2175
-0.2207
-3.4723
-2.4326
-3.4678
-1.0706
-0.2174
-1.0576
-4.3611
0.3110
8.3551
19.3328
10.2356
0.0995
-3.4998
-8.3621
-22.3425
-27.6940
-24.4347
-17.3474
-12.8076
-11.2658
5.1405
-3.3897
-9.8285
-12.8202
-11.4763
-6.0062
-2.1922
-6.4054
-10.7063
16.6127
14.7101
0.5892
-11.9688
0.8240
32.2056
31.8382
25.8956
13.8514
8.0633
5.3046
9.0273
11.7767
3.2064
0.7394
-7.5124
-13.1366
-6.4511
3.4346
2.1212
11.8982
29.2877
46.3319
43.5909
24.6779
15.3748
14.6869
6.2117
2.0032
-2.6127
-8.5572
-5.8097
-5.7657
-6.1322
-3.7005
-10.5200
-8.9033
-4.0474
-6.9476
-0.4320
5.9373
5.7720
4.9857
2.8734
0.0278
-2.1991
2.8737
3.4834
2.8273
-2.1886
-4.1372
0.0853
-7.3778
-10.8865
-14.3577
-14.9403
-4.1761
-2.1068
-5.7184
-2.2338
-2.3754
-1.0856
-7.5531
-14.6971
-16.4690
-20.0792
-24.8226
-23.1420
-23.4502
-21.8440
-18.6578
-14.3299
-10.6811
-11.8774
-14.2356
-14.7634
11.0338
8.1038
-4.5770
-14.2937
-12.4233
-15.6977
-23.7682
-18.4503
-13.8293
-12.7821
-9.0885
-6.0636
-1.9539
-4.9957
-5.4845
-3.8734
4.6962
5.7507
0.8232
-5.5459
-14.4810
-21.8884
-18.5609
-10.3439
-5.8462
-1.6488
8.5105
7.7807
-1.8268
-11.9203
-10.0751
-17.6106
-21.4221
-7.5315
0.2484
-2.1081
-1.4836
0.6334
10.1312
0.8946
-8.6209
-14.9352
-13.6040
-8.4719
-10.0250
-12.7677
-6.2946
-4.5681
-2.7215
0.1913
-0.1039
-0.1978
-1.1825
-3.5808
-2.9040
-2.0293
-1.1245
-1.8188
-2.8794
-3.0613
-2.3759
-2.0820
-3.2857
-4.4880
-2.7825
-2.1811
-1.9725
-1.5569
-1.6041
-0.8761
-1.0232
-5.9578
-13.2447
-11.9225
-10.9709
-5.3442
-6.5006
7.7474
19.8095
17.2544
8.2136
10.2027
18.4416
21.5589
9.0612
5.1740
17.6320
16.3699
1.1081
-8.2152
-9.5226
-9.1795
-8.7129
-10.5906
-9.1639
4.4653
4.3357
-5.7551
-15.1940
-13.7304
-14.7775
-16.4858
-12.9770
-10.1968
-9.3425
-7.6213
-13.0849
-15.4152
-11.9674
-12.4464
-12.0525
-5.4203
-4.4937
-9.1023
-15.5780
-15.0416
-16.9066
-11.7446
-12.9290
-2.3005
-5.5808
-14.1316
-12.5057
-3.7394
-6.3448
-8.5869
-1.9208
25.3602
37.9435
35.2997
26.3270
25.5964
25.4949
12.4065
6.7094
-1.3194
-6.8717
-5.9645
-4.9320
-2.0997
-1.9055
-0.4525
1.1561
-11.2646
-7.7939
-8.5099
-5.5175
5.2127
-5.9177
-8.1511
-7.6104
-3.0992
-4.5137
-9.3663
-8.2339
-5.8843
-15.4735
-13.2673
-15.3635
-11.9238
-6.9840
-3.8504
-3.1880
2.0570
10.8072
-0.4171
-7.3819
-3.0099
-3.8791
-7.0471
-10.5466
-4.6805
-3.5271
1.2508
0.6024
-4.8426
-10.6682
-5.8519
-8.3013
-8.8456
-6.7128
-6.1012
-3.9217
-3.4412
-6.0405
-9.5868
-8.8674
-8.3385
-9.2847
-12.1314
-7.3247
-8.6247
-7.5742
-5.3344
-4.6146
-9.9618
-6.1082
0.7606
-2.7850
-1.9880
-0.3277
-2.1445
-1.0568
-1.8574
-1.9003
-0.6735
-0.8865
-4.9420
-6.7584
-6.5339
-5.7593
-2.8425
-1.6910
-3.0275
-3.8405
-2.9816
-2.0108
-2.9145
-3.9733
-3.2185
-1.0897
-0.0353
-1.4794
-1.0245
-2.3161
-3.1220
-2.2105
-2.1706
-1.9628
-0.9022
-2.1246
-1.6900
-1.4015
-1.5949
-2.5686
-3.6486
-4.2166
-1.2687
-2.2245
-9.0381
-0.3020
0.2117
-8.3649
-11.2987
-5.4024
0.4372
2.8184
-0.4757
-0.7952
4.4249
7.9370
2.8385
6.2376
5.8393
1.7945
0.7087
7.4363
4.3148
-2.2796
-1.0260
8.3846
3.8229
-0.2522
-0.7953
-0.0865
-3.4367
5.3748
3.6129
-3.3632
-5.7120
-4.3703
-7.9011
-6.5403
-0.7799
-3.8688
-6.3491
-4.6821
-6.7149
-11.6407
-8.7362
-6.6867
-5.8498
-2.7938
-2.8606
-0.3959
-0.8203
-0.9004
6.5977
11.5849
1.0981
-6.2237
-9.3579
-11.7127
-8.0576
-5.3628
-7.2895
-4.9868
2.2402
2.1363
-0.1348
6.2529
7.7286
2.2456
-8.3808
-11.0094
-15.8027
-16.7187
-18.5272
-13.4150
-10.1946
-13.6258
-9.9622
-3.2164
-4.4157
-7.4386
3.1677
-5.4722
-13.1349
-14.8164
-9.7565
-14.2421
-19.2689
-16.0793
-15.0583
-14.3117
-10.6389
-10.2514
-8.1977
-4.5652
-9.3400
-11.4048
-11.1652
-6.3269
-5.4049
-4.8092
-4.2659
-0.1404
4.2563
-2.2890
-5.6421
-14.2968
-14.2066
-14.5112
-12.9676
-14.9468
-15.5372
-5.9769
-8.5889
-5.7087
-12.2910
-22.1598
-23.6741
-27.6311
-25.8649
-24.5173
-20.1082
-14.5391
-9.8138
-8.8177
-10.3339
-13.1434
-13.6519
-13.3341
-11.8204
-8.7424
-4.0162
-1.5389
-2.0763
-2.9947
-4.1598
-2.0695
-1.9062
-2.5014
-2.1667
-1.0010
-1.5268
-2.5556
-1.7975
-2.6023
-3.1312
-1.2382
-2.2958
-2.8430
-1.2713
-1.7316
-1.3004
-1.4181
-0.8717
0.2168
5.0924
8.7966
1.8667
-2.0081
-2.1474
1.4123
0.6769
-1.9944
-2.9045
-2.9337
0.2309
3.4493
7.7902
5.5077
2.0065
3.5281
2.8774
2.3244
-3.1714
-8.9232
-7.6923
-9.1366
-7.6053
-8.0735
-11.6122
-6.8934
-7.6094
-5.0138
-1.4435
-2.6670
-2.6454
-4.4218
-4.8727
-4.3763
-5.1526
-2.9573
-1.7668
-0.9239
-2.7452
-3.8846
-3.5021
-2.4167
-1.3769
-1.7924
0.6054
1.1893
0.5620
-0.3780
-1.3447
-2.4410
-2.5773
-4.7032
-5.6218
-3.6701
-0.7389
0.2023
1.9149
-0.7434
-2.9220
-1.9374
-0.1936
-5.9762
-6.4029
-4.7908
-1.7957
0.6366
0.7430
-0.9391
-1.6983
-1.7093
-1.4307
1.5495
3.7177
1.6748
1.3101
-2.2200
-4.9594
-6.1796
-9.0349
-9.0020
-11.3487
-19.3154
-24.1078
-22.6186
-24.3856
-21.1645
-11.7044
0.2253
-5.7997
-12.8984
-10.0323
-1.9856
-2.2024
-2.8479
-6.8996
-10.0639
-11.9877
-10.6181
-6.1434
-2.0487
-2.5946
2.0392
1.9449
-8.5046
-18.1853
-12.1465
-17.2948
-18.5468
-12.8436
-10.6986
-8.9902
-1.2015
-9.0567
-15.7924
-14.1010
-8.2522
-0.9267
1.4149
17.6510
29.6780
23.3899
11.7967
13.4567
11.5799
8.8383
-7.6757
3.2312
28.0737
38.7046
21.9040
4.7145
-3.3969
-10.8813
-9.8146
-10.3107
-8.0299
-4.5661
-9.2998
-15.3666
-15.2991
-7.4401
0.2280
1.4562
-1.8583
-9.0020
-8.1613
-0.4709
-5.1984
-11.5771
-9.2278
-2.0965
0.6352
-6.8434
-13.1497
-9.0992
-4.7555
-0.9571
-0.0441
19.8163
14.2947
-3.1265
-12.5119
-9.7837
-14.0175
-15.3108
-10.6410
-10.8414
-11.3678
-7.4195
-4.4432
-3.4110
-4.8962
-9.8574
-6.2737
-5.2538
-0.4970
4.7037
2.7661
3.0419
-3.0273
-5.4809
2.6970
4.1364
0.3282
-5.0393
-5.4129
-3.0370
-5.9616
1.3058
4.8308
0.7526
-4.1703
-2.0236
1.9599
0.9662
-1.1595
-3.9925
0.4064
4.7301
0.0194
6.3050
6.1079
-8.1597
-7.5435
-10.8852
-10.9581
-7.0495
-9.4823
-12.7081
-12.7560
-8.1644
-2.0576
-0.3216
-2.6169
3.2123
2.0370
5.6780
3.5938
-1.9545
-1.6445
-2.6446
-0.7672
5.5380
6.0130
3.8754
1.2235
-1.8557
-3.1517
-2.1537
-1.4358
-0.8417
-1.0270
0.7647
-0.0422
-1.2193
-1.5927
-0.3786
-1.6352
0.5300
-2.2646
-2.2807
-1.7609
-1.8957
-2.0382
-2.0413
1.0625
3.2845
0.1829
-7.6666
-15.6080
-15.9892
-15.6273
-7.2876
-1.0510
-7.4425
-11.8506
-10.2647
-9.7908
-9.9227
-10.4761
-11.7508
-6.8947
-4.6063
-9.2564
-6.8713
-4.9780
1.2042
0.0027
1.3888
-2.1039
-2.7524
-1.7965
-1.5594
-4.7720
-5.6764
-11.9728
-9.5673
-2.9471
3.7598
9.5502
4.8830
-5.1756
-13.8512
-13.4945
3.7396
3.5755
-10.2586
-13.6220
1.1874
16.1259
25.5572
26.7473
26.6328
24.5024
28.3367
24.6469
24.6804
24.0164
18.7146
10.0343
8.5479
3.8564
2.8599
13.4779
12.1761
19.0208
9.0572
-2.4900
-3.6582
-11.9478
-17.4490
-16.6532
-1.7206
2.6557
-1.6391
-10.7800
-14.7678
-12.9522
-3.8561
-4.5614
-10.3585
-15.9222
-11.6428
-10.1614
-4.7538
-3.4532
13.0836
5.2024
-4.9837
-12.7065
-14.4213
-11.6500
-15.4166
-14.8656
-11.9621
-10.0910
-4.6413
-9.3039
-12.6399
-7.9092
9.3645
14.1373
8.7716
-1.0012
-3.2919
-0.0002
8.4994
4.5571
2.3977
1.0252
9.4432
2.9581
-4.0549
-8.8141
-12.9037
-16.8865
-14.5921
-13.9900
-15.1497
-16.0318
-10.5017
-4.3257
-6.5618
-7.6860
-7.5370
10.3720
9.6635
0.0142
-10.1615
-15.2287
-14.3285
-11.9091
-9.6730
-17.5424
-21.6519
-16.6214
-8.5239
2.8170
-5.4982
-10.0800
-8.3064
-9.8148
-6.7428
-3.6938
5.6250
20.1208
14.8555
-3.6569
-18.2416
-16.4624
-15.0051
-11.9869
-8.7913
-6.5777
-0.3150
0.4670
-3.3939
6.7848
19.3039
19.4810
12.3418
4.3552
-1.8289
0.9886
4.6863
-1.5052
-8.0535
-12.7001
-3.1514
-8.6608
-3.0276
-5.3596
-7.5252
-15.5675
-15.0396
-15.6466
-19.2731
-17.3063
-8.6836
-4.9655
-10.6011
-11.6014
-10.5295
-6.1744
-4.8349
-3.2203
-4.7178
-1.9185
-0.4721
-1.4539
-3.8941
-8.0677
-13.3060
-11.8202
-5.9161
-12.7944
-9.9645
-5.2988
-5.8334
-6.3748
-7.3506
-6.4025
-3.4446
0.7770
2.8693
2.9827
0.1366
-1.7281
-0.7783
0.3662
1.0927
-1.3578
-4.4373
-2.7266
-3.1009
-3.2663
-0.9034
-0.5622
-1.5831
-1.0098
-0.9214
-1.8296
3.7954
6.5557
0.0258
-10.3091
-14.6959
-12.8738
-14.2297
-12.2057
-12.5887
-0.7285
9.0994
-2.3479
-9.4294
-12.4988
-10.3614
-8.3071
-5.2513
-2.8525
-5.1732
1.9794
1.8042
-1.1502
13.5675
7.1665
-0.6044
-12.0685
-13.1448
-2.8178
6.1126
1.2889
-14.8740
-8.2469
4.1654
5.6718
7.7536
-0.8203
-2.9923
-7.3681
-12.1323
-3.0125
-1.2608
-6.2248
-10.0165
-8.9894
-7.0294
-6.3536
-9.5326
-5.6620
-3.7570
-0.2542
5.1458
-1.0526
-8.1045
-7.9427
-12.5182
-10.7094
-10.8324
-7.4764
-2.0329
-1.0101
2.9954
4.3387
3.4645
-3.7589
0.5034
3.0995
4.7064
2.3988
-2.4121
-8.1536
-6.0793
-3.4912
-0.4224
0.5773
8.8351
-0.2891
0.4555
3.3181
-0.8916
-3.3981
-3.4163
-5.3253
-3.2927
2.4825
-4.5450
-11.5155
-11.1337
-10.4672
-9.7790
-11.1332
-0.7116
1.5984
-7.2670
-10.4277
-6.6698
-7.2464
-12.7684
-10.3708
-8.7009
-20.8979
-23.0809
-15.3489
-14.4060
-15.0894
-18.2795
-24.0320
-26.1383
-13.5770
-5.8933
0.2391
4.4019
0.7352
-4.8351
-14.3939
-16.1098
-11.9553
-9.8189
1.6723
1.4019
-3.6146
-6.9648
-12.1466
-15.1010
-18.1453
-12.1383
-9.8399
-8.9093
-8.0492
-4.7225
-11.5462
-11.1905
-9.4319
-10.1252
-5.4529
-4.7944
-1.4593
-0.0101
-1.5307
0.5193
1.3211
1.1757
5.4926
1.2733
7.7756
24.9583
26.2343
19.1318
24.8421
36.3786
41.3775
44.4141
44.7747
45.9271
43.6929
41.1131
30.4454
24.7329
22.4714
15.7305
9.5192
2.4261
0.6292
-0.2582
0.1322
-0.8494
-0.4595
0.7600
1.7509
3.1682
5.2322
5.4457
6.9177
5.8500
8.0156
6.6936
5.8182
2.7488
1.0968
-1.6022
-1.6146
-0.1414
0.2866
-0.3484
-1.3016
-1.3500
-2.3017
-0.3052
11.3169
18.7182
9.9835
0.2385
-5.2677
-5.8216
-11.3873
-13.1857
-13.0378
-18.4174
-23.6777
-23.3789
-16.9302
-18.0113
-19.7337
-16.3641
-15.9586
-16.1246
-17.6866
-18.8516
-20.5588
-3.6935
8.4239
17.0029
23.0310
22.1753
23.5941
17.9235
14.3491
10.6185
12.7691
14.5837
20.3931
21.2010
10.0433
4.5199
-0.2883
-2.3066
-7.9971
-12.6578
-5.1450
-1.1498
-4.5191
1.6040
-4.9052
-7.6461
-9.6140
-9.3050
-11.8233
-8.5448
-8.8719
-11.2006
-15.8975
-13.0245
-8.7611
-8.8548
-8.6441
-3.1143
-1.8112
-8.6540
-8.4920
-4.6364
-6.2869
-6.2338
-8.8327
-14.0110
-13.5228
-9.2762
-3.9055
-2.8321
-4.5372
-5.7859
-7.9365
-11.0361
-12.0578
-4.5557
-4.6377
-6.1756
-9.9225
-7.4044
-6.2883
-1.9834
1.3173
0.0348
-4.6896
1.1885
-0.9851
-7.9192
-12.1678
-9.7761
-10.2431
-5.7339
-11.8470
-21.6004
-17.6089
-1.7071
10.7579
15.9425
17.1938
11.9011
4.0318
4.1705
15.1890
22.1321
27.1761
25.2458
10.3259
-5.7582
-2.1947
2.1835
0.9692
2.6277
7.4323
8.7524
4.5527
3.9354
3.1061
-1.1612
-5.2059
-7.5088
-15.7687
-17.7668
-12.7343
-18.1054
-9.2696
-6.7506
-9.4945
-11.3696
-17.7535
-14.2811
-10.4091
-3.9932
8.7633
1.2682
-8.5467
-14.9262
-17.3451
-14.6160
-12.2732
-3.6664
-6.6296
-17.0590
-20.0217
-14.4660
-17.0519
-18.1074
-15.2847
-6.2436
4.4467
15.3941
34.0383
27.0914
9.9273
0.3539
6.4758
6.8647
12.9719
23.2229
27.5714
16.6931
8.5095
0.2239
-0.9343
-2.1496
-1.0531
14.2115
35.1347
32.8251
23.5712
26.9538
29.2480
30.3842
27.8568
32.0175
40.3355
42.6662
35.2107
23.0707
14.4734
8.3937
6.2322
1.2351
-0.3055
-2.3492
-1.6734
0.4529
-1.5260
-2.6616
-2.4439
0.3737
-1.1162
-3.7697
-1.5275
-0.5544
-0.5371
-1.6819
-2.4115
5.3993
-5.8679
-12.1735
-19.4774
-16.9278
-10.9109
-7.9879
-12.5449
-8.5594
-0.0624
-2.9529
-10.8847
-12.0613
-1.5712
-6.3612
-1.4026
14.9207
5.4331
1.8757
-2.1916
-2.9833
-3.0440
-3.1769
-4.8076
-1.6752
-4.2774
-4.6383
6.4141
12.6601
8.2450
-2.8296
-0.0155
5.0226
6.6650
7.3928
-0.6401
0.7541
5.0182
12.5207
14.1121
4.0122
-0.8713
4.0202
6.2145
3.1082
1.6818
1.9804
-1.2458
-2.8810
-2.8085
-1.4264
5.2384
-6.3929
-4.9215
-4.1496
-2.4367
-0.6461
1.1826
5.8205
5.3054
2.2436
-1.1740
-5.0813
-12.3205
-15.9091
-18.0289
-14.9020
-13.7404
-10.8727
-12.0403
-11.2869
-6.9798
-8.5121
0.2425
-0.3364
-10.9079
-13.3523
-8.7051
-5.4907
2.6753
11.6340
-1.3110
-6.8626
-10.7784
-11.3612
-4.8953
-3.6623
-1.1844
1.1182
-3.1981
-0.3524
-2.9414
-0.5335
5.6942
-3.6379
-5.3242
-3.5789
-7.3708
-10.2306
-5.3498
-7.7387
-5.2360
0.1786
-0.1507
0.4433
-0.3596
-5.2972
8.1047
-0.1431
-6.3829
-12.8790
-7.1630
-5.0126
-2.7419
-2.6207
-0.0267
1.3083
2.7473
2.9226
0.3532
-3.3198
4.4900
12.4312
2.4374
-10.9703
-19.4144
-18.6530
-15.6078
-10.9023
-6.3924
-10.0344
-16.0763
-16.0013
-12.2176
-6.5978
-1.7518
-5.8298
-11.1135
-5.7203
-2.7308
-4.6655
-9.4348
-7.3194
0.4365
1.7819
-0.9006
0.9641
1.5783
-4.2730
-1.3267
1.7399
1.1884
-7.7093
-12.8700
-13.4371
-10.4089
-8.5981
-7.0254
-5.9201
-2.4257
-3.6468
-7.8462
-3.5839
3.7683
6.4662
1.9294
-5.3590
-4.4148
-4.9260
-2.8438
0.7086
1.1449
-1.0760
-0.7557
-2.7049
1.1467
3.1425
4.5059
6.9688
0.9681
-7.9899
-3.7290
-2.4898
-3.8391
-3.5873
-2.5620
-0.4706
-1.5946
-3.3376
-3.4047
-2.1980
-1.8758
-2.1628
-1.3433
-1.2973
-1.1345
-1.5649
-2.2985
-1.5833
-0.9767
-1.0939
-1.6592
-1.2618
-0.9912
1.8752
0.4025
-1.1400
-2.9330
-4.3431
-2.3600
-1.5483
-1.9362
-2.6348
-2.0111
-2.1084
-1.6334
-1.5298
-1.7388
-0.0351
1.5336
0.8796
-1.9139
-2.9168
-2.5966
-1.8352
-2.2768
-3.5317
-5.1873
-3.1968
-2.0847
-2.4241
9.6839
5.3996
2.0858
-1.5597
-0.9815
-0.2700

Coefficient 34:
0.0000
-2.3049
-3.8184
-2.9351
-1.7484
-1.1328
-1.0680
-0.3084
0.6823
-2.1038
-3.0635
-0.5593
0.3288
-0.6055
-5.2473
-4.3598
0.7237
3.0365
2.7045
-2.8223
-8.0909
-12.2788
-8.5529
-1.8155
2.5533
-1.2001
1.4890
0.0547
-1.5864
-0.4510
1.0633
0.2984
3.3929
-1.1172
-0.3242
2.2016
7.3761
4.7889
0.2933
-0.5978
-2.0538
-4.2628
-2.9542
-2.5352
-1.9206
-5.1504
-4.4070
-0.3454
-4.2190
-4.2816
-4.8575
-4.0668
1.6677
1.9557
3.5085
1.8525
0.4901
-3.5911
-3.6830
-3.0874
-4.3204
-5.8028
-2.9331
0.6949
3.6741
4.8078
2.0408
2.3883
-2.5957
-3.0865
-0.8871
-1.1501
1.5642
-1.9245
-6.3593
-3.9712
1.3889
5.2380
1.9524
-2.2882
-3.1172
-1.2358
1.0769
-2.5503
-6.2648
-5.2221
-2.7840
-1.2575
-6.9816
-14.3722
-14.3072
-9.0899
-9.4739
-5.0194
-3.8114
-3.1021
1.2039
-1.4513
-9.7849
-13.7700
-11.3095
-8.7656
-4.0869
-8.0844
-7.3823
-4.7501
-4.7535
-5.2282
4.8345
19.0595
20.6834
5.7340
1.1777
6.4521
2.1284
3.6353
5.2926
-0.2788
-7.7131
-7.4155
3.7244
23.4006
30.7817
31.3003
18.3263
10.8029
3.2803
3.3505
3.8144
2.4669
5.1256
7.2696
3.5885
2.6403
2.5405
2.1682
4.7958
21.7546
20.8178
11.6130
-1.7139
-10.3044
-8.7869
-6.6509
3.0249
1.6235
-1.2164
-7.8362
-8.4102
-11.8932
-12.3151
2.4220
7.1453
1.3438
-4.1709
0.8143
1.0370
-5.6369
-14.9230
-16.0665
-24.1710
-26.0609
-19.5126
-7.8185
-8.5936
-7.7178
4.5809
-3.2675
-6.6721
-3.3477
-5.2317
0.2060
-5.5744
-7.2150
-0.2786
21.1512
35.8348
36.3161
28.3374
20.1158
12.2860
9.2315
7.6993
5.3687
-0.2725
-4.4529
-8.4635
-12.6308
-14.5450
-12.7924
-14.2157
-13.9703
-7.8559
-2.8223
-0.9829
-1.5783
3.3260
3.0727
1.5390
-1.4142
5.1000
9.3254
10.1544
1.2563
16.0736
12.3740
-1.9054
-13.0955
-8.9300
-7.7147
-5.4556
-1.2958
-7.5744
-7.5737
-3.2456
-5.1597
-3.3039
2.2034
1.4238
-4.9411
-1.5736
7.5640
14.1347
3.9048
-1.4107
11.4428
21.3998
18.8189
15.2941
7.1079
0.2296
-2.8149
-9.1033
2.2406
18.6786
20.8872
10.3576
7.1826
9.2756
3.0685
18.5584
32.9010
23.4120
17.2395
10.6580
1.8438
-6.5701
-11.9022
-16.7599
-18.0934
-16.5194
-12.5492
-23.4774
-26.7597
-20.4018
-10.1733
-4.1291
-4.8152
-11.5889
-13.8870
-16.5184
-11.9026
2.2493
7.4714
5.7389
-2.8135
-7.8839
-6.6570
-5.2208
-11.3758
-15.9635
-18.6765
-24.1141
-14.7552
-6.5535
-6.3440
-2.5489
4.6620
4.3420
0.6739
-11.2455
-13.3987
-10.9245
-14.5370
-18.3145
-14.4080
-11.3646
-9.4054
-7.4327
-4.9506
0.7304
3.7518
1.3217
0.8924
1.5732
2.4778
-1.0455
-6.1438
-3.4162
-2.4904
-3.8780
-4.1633
1.4515
1.8689
0.0384
-3.7498
-5.9808
-2.2548
17.0800
11.0606
3.5547
-3.3359
-13.3174
-17.3954
-15.9592
-13.1358
-9.9164
-5.0111
-5.6150
4.8282
2.4053
0.0004
-8.5134
-11.1954
-13.3992
-6.8598
-1.2864
-2.5535
9.4585
20.1278
15.9237
13.3676
23.7879
25.2244
16.9776
12.6004
12.3772
8.2657
5.4640
8.9377
13.1447
11.1118
21.0230
13.5385
1.8823
5.5460
-0.3012
-3.0239
3.2070
20.6970
38.1715
48.5342
42.8289
30.5047
20.3487
6.8990
2.8453
-0.6098
-5.9991
-1.7123
-2.6213
-8.2002
-9.2055
-8.4349
-3.7476
-3.9613
-5.5324
-6.7283
-4.4369
-1.5945
-1.8297
-2.0378
-1.1031
-2.0419
-9.0231
-7.5454
-1.2532
-1.8944
-0.2390
9.2175
3.3213
-3.5045
-9.5929
-9.2697
7.8671
16.4742
10.6989
5.5638
5.4079
5.2403
8.2346
8.2164
6.4455
0.8521
-6.3757
-9.8983
-10.2756
-12.4170
-14.6584
-9.6513
-4.5226
-5.3843
-3.9924
-0.3786
16.0919
16.5299
10.5451
1.9377
1.4586
0.8140
-6.0090
-14.5736
-19.4204
-16.7931
-5.0193
2.3117
4.0507
0.4236
-3.4719
-2.1788
2.8867
3.7245
11.4307
13.9163
2.7762
-9.2226
-14.1781
-7.2818
-4.4809
3.0293
15.8323
25.8834
18.9908
4.6942
7.3290
4.5949
-9.3781
-12.2708
-9.9766
-10.3641
-8.1325
-5.3075
10.1602
12.8627
1.9412
-6.9485
-5.2442
-5.0653
-9.7457
-11.3954
-7.5633
-3.7012
-1.1287
1.4595
0.0789
-0.0503
-0.9873
-3.7874
-3.1447
-0.9424
-1.2923
-1.9281
-2.7291
-2.9100
-2.2425
-1.5954
-2.5877
-4.2141
-2.6106
-2.1273
-1.8145
-1.4027
-1.3331
-0.5959
-0.7108
4.2085
-2.2292
1.0632
-2.5969
-1.0704
-2.9785
2.5369
19.1763
29.2029
28.4470
30.9854
35.5761
39.4464
28.8229
12.4816
18.6578
29.6163
25.5628
11.0204
4.4986
2.0319
11.1977
12.5674
6.6857
10.7158
12.5582
-2.1612
-12.0962
-9.8493
-12.8937
-15.8547
-12.2929
-6.2047
-1.6582
-2.5247
-2.7688
-2.3069
6.6808
11.7849
19.7159
23.6156
28.1518
23.3701
8.6178
1.4853
-4.6490
1.7580
0.9003
12.3328
12.7281
1.0921
-5.9885
-2.9334
5.1338
8.4828
1.7552
9.5326
28.6604
47.6281
46.7589
42.6398
37.3942
27.1700
16.9218
2.8361
-7.3897
-7.4227
-7.0866
-6.1683
-9.5367
-8.5817
-4.9519
-1.3144
0.7502
-2.3834
-5.0425
7.5680
2.9624
-6.2207
-6.7664
-4.3803
-6.2229
-7.1516
-8.6332
-3.9914
4.1714
4.6623
-0.3441
-0.1943
-0.1015
-5.0907
-3.4374
1.0952
16.6005
2.2477
-10.2541
-9.3909
-10.6976
-14.3464
-12.4272
-6.8676
-4.4072
3.9304
1.0704
-4.6533
-6.0644
-2.5257
-1.2123
-0.0978
-4.3067
-9.6867
-5.8380
-1.6603
-1.9166
-4.7418
-4.9797
-11.0780
-5.0417
-2.4410
-5.9447
-0.0077
3.0359
2.2543
-2.3032
-6.7129
-10.8782
-5.3226
-5.3449
-4.8066
-4.6753
-2.5639
-1.9224
-1.6363
-1.4771
-0.5214
-1.4559
-2.2538
-1.6026
-0.5948
-1.2992
-1.4533
-1.5948
-1.8509
-3.2126
-3.0851
-2.1115
-2.9766
-3.9157
-2.8975
-0.1739
0.4962
-1.0905
-0.8232
-2.1744
-3.5158
-2.1797
-1.8434
-1.9623
-0.7643
-1.9822
-1.6445
-1.4114
-1.6096
-1.9663
-3.3186
-4.1215
-2.8744
6.5957
12.6335
21.9458
16.2130
7.9171
7.3734
10.5440
6.4179
3.7424
-2.9614
-3.6559
3.7605
-0.8030
-4.1368
-3.1347
-3.2033
-4.8987
-3.4031
2.4647
3.3745
-3.0881
-2.9803
13.9168
15.9961
10.4254
1.0720
1.0332
2.1567
5.2810
2.6734
6.2601
1.5835
-3.1498
-10.5319
-8.8589
-3.2298
-5.5824
-6.8146
-6.1251
-0.3841
1.9856
0.4357
-2.6582
-2.5337
-0.9456
-1.6683
-1.5514
-0.6494
-0.5856
4.1347
8.9764
6.0016
2.5004
-0.1562
-2.4392
-0.6246
3.8807
-4.7576
-5.5057
0.9093
4.8152
3.6673
11.4038
19.1793
15.1702
2.8961
-0.0769
-1.4225
-4.3475
-8.5480
-6.7483
-7.8991
-7.8099
-3.2338
-1.6676
-6.8690
-10.4050
12.0819
8.7833
5.0174
-1.0547
-1.7327
-4.2638
-14.4437
-14.2839
-13.8817
-14.1923
-12.8520
-13.1050
-8.9969
-3.6778
1.4251
0.7905
-2.1947
-0.0255
-6.2087
-12.3073
-10.7509
-5.2763
-3.9318
-5.9265
-13.8068
-22.7320
-21.7237
-22.3583
-19.7025
-18.6068
-12.0312
-2.8916
-11.6563
-13.3249
-19.5540
-19.0784
-17.3792
-17.9867
-15.3909
-12.9997
-13.5513
-14.3487
-12.3991
-10.6028
-11.9400
-9.8081
-4.9589
-4.1862
-4.1133
-3.5886
-2.1755
-1.2526
-1.9909
-3.2061
-4.1990
-1.9042
-1.5521
-2.2476
-2.1349
-0.6752
-1.1735
-2.3244
-1.5776
-2.3069
-2.9749
-1.1557
-2.3925
-2.8829
-1.2733
-1.4899
-1.1299
-1.1151
-0.8452
-0.3061
6.5733
13.3751
12.6372
10.2540
4.5052
0.2938
0.5372
-1.7877
-2.9731
-2.6511
-0.3932
1.1441
6.9569
7.9096
5.9211
5.6164
9.9874
8.9215
-0.7385
-17.0978
-24.8556
-21.9263
-13.1525
-9.6355
-8.3543
-8.7350
-9.6514
-6.3695
-2.5963
-2.7544
-2.3564
-4.3828
-4.8323
-4.1418
-3.9809
-2.0981
-1.6709
-0.7143
-3.0205
-3.8605
-3.5933
-2.4230
-0.9557
-1.1676
0.6045
0.5333
0.3819
-0.3743
-1.1885
-2.6581
-2.3560
-4.5914
-5.5827
-3.9051
-2.3386
-1.2662
0.7601
-1.8703
-2.6344
-2.0834
-0.1518
-5.5750
-6.0717
-4.7277
-1.9292
1.3785
0.6218
-1.2672
-2.0822
-1.7906
-2.2892
-2.4716
18.7487
12.9472
5.0914
-6.2896
-9.6400
-5.9886
-4.7416
-8.5124
-9.4393
-11.0940
-8.9550
-7.4957
-8.6359
-4.0131
-0.7628
4.2610
7.6271
0.9100
-6.4066
-3.3161
-2.5222
-2.1921
-4.7814
-6.0746
-10.9593
-15.3552
-12.6157
-7.5698
0.5410
0.6608
3.6028
3.1048
-4.3856
-9.2931
-10.9911
-16.1481
-12.4871
-8.2222
-7.2353
-10.5163
-10.1597
-7.1891
-10.1861
-11.5228
-5.0002
-3.5759
1.2561
16.8419
23.0316
14.6764
11.7784
15.3422
11.9480
-2.8062
-2.1257
12.7732
32.7464
26.3726
9.1351
2.8587
-0.3437
-4.4961
-11.1240
-15.8827
-13.1117
-15.8931
-17.8221
-12.9254
-6.0704
-5.6758
-0.8864
-5.6415
-5.9224
-5.8987
-5.5907
-8.5791
-9.9439
-12.1097
-8.6533
-5.1851
-8.0585
-13.5528
-12.3547
-8.7558
-10.0995
-9.9233
9.4189
17.4476
9.5114
-9.0240
-11.8154
-15.3969
-18.0547
-20.4523
-21.2067
-15.7561
-7.9313
-2.1678
-4.0344
-9.9448
-12.0373
-6.5560
-4.1742
-4.9013
-5.2169
-5.7862
-0.6049
-1.0320
-0.5195
5.5821
4.1012
1.2296
-9.7941
-14.7882
-11.8754
-14.6004
-5.1813
1.4222
5.0743
1.5033
0.3879
1.9001
-0.9180
-4.1720
-9.4699
-10.3473
-10.1375
-7.5136
1.3515
8.8935
-11.8955
-16.5360
-16.1360
-13.9076
-8.7503
-3.1672
-4.4431
-6.3901
-1.4871
1.2086
1.2752
-2.7021
1.9742
8.6796
8.0157
3.6474
-0.1804
1.0825
1.8633
1.3386
0.4957
-2.3376
-1.5861
1.9651
1.2724
-0.3209
-1.6669
0.9904
4.7978
1.9559
-3.2911
-7.1946
-4.4401
-3.7764
-3.8139
-3.8207
-0.6090
-2.2043
-2.0204
-1.6031
-1.7297
-2.0178
-1.8405
1.5081
-0.1304
7.1934
7.1915
-2.3680
-7.1597
-9.0796
-7.0214
-6.3102
-15.1340
-19.0254
-12.5804
-1.6160
-3.9764
-5.4370
-1.2603
3.8589
5.1001
1.2631
3.4614
6.0255
9.8499
6.1950
5.6848
3.7133
-3.8067
-8.7592
-8.2986
-6.6671
-1.4451
0.3821
5.9522
7.8081
6.9580
7.5904
3.6569
-4.6995
-5.2689
1.1297
11.1921
9.4052
4.3775
-2.4963
8.7783
19.2538
33.2351
44.6238
39.3909
36.0581
37.8869
44.1074
47.1180
44.3904
43.5329
40.8226
38.9043
29.9663
20.8433
19.7354
9.2415
15.8784
16.0588
10.7124
8.3647
-0.1028
-5.0491
-9.6658
8.3195
26.2982
22.3118
10.5528
3.8371
1.7582
3.3704
2.1335
-6.0508
-12.9196
-5.3600
-1.4374
0.1810
-0.0678
19.0644
24.9990
19.1595
6.6259
1.5517
5.2343
4.4421
3.2800
-3.1159
-6.2314
-3.2355
-2.5823
-0.1955
2.1793
13.0837
23.5509
24.0827
13.5640
3.8611
0.6599
4.9511
0.4679
1.4486
-3.9270
9.1886
8.5550
5.5848
-1.4095
-8.3170
-9.5521
-10.7241
-13.7476
-12.2525
-12.2144
-8.8771
-7.5186
-10.2425
-12.6828
-5.9901
8.6628
15.0349
10.2972
2.3518
2.3198
6.4462
8.6287
7.5239
-0.8003
-1.3055
-2.5543
3.3604
21.1477
15.3242
3.4520
-1.2404
8.3321
11.5203
9.2738
7.3021
15.2986
25.0268
15.9797
0.7252
-1.7919
-3.9543
-8.5912
-15.6319
-15.2905
-9.2306
-6.7446
-4.1674
-7.8706
0.2191
7.8837
11.1755
6.7838
4.5668
9.7738
15.1534
7.6248
0.6128
-0.8800
2.2491
-0.4977
11.1702
10.6492
1.9074
-6.6333
-8.3345
-8.6510
-10.0925
-12.2996
-8.8200
14.6434
4.5078
2.4815
-6.2792
-7.0441
-4.7056
-11.2320
-16.4993
-14.6229
-15.0153
-18.3383
-15.1336
-13.4539
-11.1408
-10.3704
-9.2355
-10.4541
-8.9740
-6.7247
3.6294
6.0838
6.0038
0.8396
-4.5425
-4.8080
-5.1494
-4.8337
-5.7565
-7.3202
-6.1561
-1.1182
2.3929
2.6759
-1.7308
-5.1121
-6.3332
-2.6536
-1.4177
0.1461
-0.5771
-0.1141
-0.1852
-1.3683
3.9711
10.8952
10.4828
1.8734
-5.6968
-8.4445
-2.8181
-2.5492
-1.0442
8.1908
15.1644
7.1977
-3.5842
-4.7367
-8.5093
-9.5424
-12.6235
-11.3037
-9.6956
-4.9632
-4.9292
-3.3069
14.3657
18.1100
18.2576
10.0369
1.8181
-0.6870
7.0736
10.4687
-4.4882
-8.3340
-6.0601
0.8915
17.0269
7.5147
-3.8266
-10.7480
-14.5556
-12.2803
-9.6804
-14.3549
-13.8154
-6.9572
-11.9924
-9.3689
-8.2338
-8.3893
-11.4051
-7.5018
-6.0300
-1.8860
-2.2774
0.2132
3.5237
2.9437
-2.3173
-1.6178
-0.5118
3.4929
3.4441
2.2636
-5.6206
-11.5490
-7.6035
-8.3083
-3.0375
-1.4572
-8.9308
-10.9712
-11.4141
-12.4894
-10.7865
-5.3684
5.3589
1.2220
-6.1946
-16.1336
-22.3515
-18.6682
-15.5444
-10.9701
-10.1403
-7.7935
-5.1072
-5.7488
-11.3605
-10.2922
-8.8560
-3.3805
5.2964
6.6547
-2.8546
-3.6288
-6.2753
-5.0137
-1.8925
5.4721
6.6404
-1.2886
-6.1993
-4.6456
-8.9330
-12.3315
-14.9311
-19.1233
-19.0113
-14.0381
-9.6349
-7.7295
-7.2016
-5.8753
-14.0719
-16.3168
-17.2218
-12.3533
-10.5338
-0.9659
1.4730
0.7308
-3.3593
-13.7730
-13.0871
-13.8842
-14.3809
-10.9311
-7.8596
-4.3062
-0.9327
-1.5745
-2.7470
-1.0236
-3.1850
-2.1704
-6.0084
-6.0624
-2.1917
-2.3766
-0.2641
2.0158
2.5354
-8.3651
-8.3760
-5.7414
16.3507
27.7562
25.9337
35.5296
48.9074
51.7346
57.6903
58.8939
49.8981
38.7492
33.1794
30.3946
19.2806
13.8183
10.8366
3.8921
0.1616
1.0679
0.0275
0.3792
-0.3324
-0.2920
-2.1329
-2.5217
-5.8609
-7.8452
-6.3365
-2.5219
-5.7460
-7.3143
-10.3776
-11.0432
-9.5135
-7.5085
-2.3815
-0.2455
0.9973
0.3267
-0.4949
-1.2283
-1.1110
-2.5778
-2.3544
7.2111
22.1185
20.2074
13.6599
10.8496
7.2978
2.6502
1.9151
3.0658
4.6400
0.0952
-3.9687
-4.5656
-6.7675
-7.9400
-7.4075
-11.9265
-12.2682
-6.4997
-4.0387
-10.5664
11.4347
29.0088
39.6814
41.3291
33.1498
34.1462
28.1897
13.4573
6.6131
5.8044
3.8316
4.6322
17.8524
17.7210
8.0504
5.8569
19.6871
16.2414
6.4950
3.9706
7.0490
0.8482
13.7904
4.8603
-3.7086
-11.9719
-13.0241
-16.7630
-12.2772
-1.0570
-1.0121
-12.5820
-13.2760
-15.7675
-14.0371
-6.0938
4.8876
12.5737
5.7919
6.2365
2.7675
-6.8628
-3.8341
-7.8917
-12.1816
-14.4686
-10.5879
-5.5430
-1.3484
0.0937
-3.4594
-4.9010
-5.4717
-5.6122
-1.4213
-8.2951
-9.5746
-11.5042
-10.1574
-9.2676
-5.6923
-8.3259
-6.4059
-9.3396
-4.8289
-0.9155
-3.2285
-9.5911
-12.7875
-14.4283
-16.6134
-14.0511
-3.6309
13.0882
31.8223
37.8722
36.6210
32.1378
34.5674
31.8485
27.5092
33.9843
38.0718
38.0537
32.3734
21.2395
5.7219
13.3764
24.8679
30.2050
35.6285
37.8637
38.9268
25.9195
13.2576
5.8241
6.0432
6.2031
-4.4669
-13.9210
-13.5423
-13.0568
-6.0475
-1.9245
-1.3419
-1.5740
-6.1257
-5.0436
0.8816
2.1852
-3.5367
5.0311
-1.4976
-6.2746
-13.1658
-13.6639
-4.2634
0.3581
6.9719
2.5549
-8.0634
-11.3390
-8.1650
-14.5355
-21.9178
-20.8705
-4.0574
0.6711
1.3451
28.1153
35.3692
22.2189
9.6046
11.0742
10.1120
8.2356
23.4400
34.3296
33.9248
29.2382
20.9317
15.1149
3.6274
9.3434
13.5034
31.9814
46.0283
45.3628
48.8788
49.7805
49.2708
43.8542
40.9000
43.5067
44.4396
38.9567
28.7517
18.7083
11.2511
5.3858
0.1733
-1.2049
-2.7397
-1.2830
1.7218
-1.8908
-2.9697
-3.0024
-1.7023
-1.4161
-1.6851
0.2578
-0.2648
-0.3552
-1.5637
-2.2398
7.6412
-2.8614
-11.6575
-16.5357
-13.6073
-12.3794
-8.7597
-9.0407
-1.7586
8.5288
5.3634
1.3508
-6.7891
-4.0268
-4.0907
-2.7413
14.3540
7.4660
-0.1850
-5.2996
-4.2054
0.6070
2.1940
-2.9545
-9.4911
-11.8000
-7.9865
6.2071
21.0395
28.4869
25.8732
29.5133
25.6429
24.4654
25.3908
11.8530
14.1188
21.6422
26.9598
20.3008
6.5109
-2.9659
-1.5705
1.4892
3.6879
2.5578
2.6986
-1.1364
-2.0621
-2.1572
-1.9867
9.7344
-2.0420
-13.9206
-11.8599
-2.4081
-4.4383
-9.7539
-9.4311
-9.4848
-15.8668
-22.5607
-24.6609
-22.6408
-13.2831
-1.5646
-0.1364
-5.3052
-9.6324
-11.9420
-7.0700
-3.8081
-2.9127
8.8779
2.3955
-11.1036
-16.6923
-9.4474
-2.8835
7.1385
15.8293
3.7763
-6.0668
-11.2388
-10.9787
-7.7592
-8.2699
-3.3731
0.2735
-5.3635
-9.0206
-12.8870
-16.8981
0.8269
-0.2094
-8.8740
-11.1623
-15.3676
-10.8622
-8.2085
-9.1911
-4.2827
-0.8603
-0.3008
0.4813
2.6169
-5.6721
2.5481
-3.3712
-3.2584
-5.1939
-4.2703
-0.3303
0.8800
0.9164
2.2033
1.8615
-1.0710
2.6199
-4.3405
-3.9157
6.8944
20.1825
15.6955
0.5753
-12.4188
-16.8230
-17.7570
-16.8074
-16.6862
-11.7810
-13.7212
-15.4571
-19.4539
-12.0926
-3.6483
-4.1920
-6.6837
-6.6061
-0.6767
3.4344
1.4508
4.4944
4.7690
3.3400
0.6178
-1.9503
0.4436
-4.6395
-2.2519
-2.4592
0.4551
-12.7378
-13.3867
-14.7278
-16.5534
-14.8853
-9.4099
0.2371
-0.8478
-2.3796
-3.6332
-3.1589
0.1005
3.7593
-5.9647
-9.6107
-9.2060
-6.0902
-3.5132
-1.8093
-1.1464
3.4402
2.1838
2.3062
1.5179
2.1693
0.7773
3.2071
1.2261
-0.6744
3.0471
-0.3639
-3.2687
-3.8369
-2.6880
-0.2110
-0.0756
-0.9985
-0.9009
-1.4115
-1.6664
-1.7781
-1.3383
-1.2967
-0.9905
-1.1065
-1.9941
-1.5089
-0.8763
-1.0652
-1.3598
-1.0700
-1.0925
1.7718
0.3377
-0.9283
-2.8121
-4.2429
-2.1943
-1.4026
-1.7924
-2.3976
-1.9503
-2.1694
-1.7902
-1.5960
-1.5351
-0.2600
1.5082
0.9666
-2.2107
-3.4208
-2.5167
-1.6596
-2.0660
-2.7320
-0.8478
-0.4741
-2.6337
-1.7457
3.2252
3.0179
2.5332
-2.0226
-0.6554
-0.4767

Coefficient 35:
0.0000
-1.3454
-2.5157
-3.1591
-3.5836
-2.5640
-2.0050
-0.9793
0.5622
-2.4645
-3.0380
-0.5245
0.4168
-2.9617
-3.1245
-2.1261
-5.8178
-6.7030
-4.8126
-4.4192
-5.9542
-9.0321
-4.2778
-0.9143
0.0871
-5.3644
-3.7827
-2.1305
0.3477
1.4308
-0.6599
-1.8777
2.6669
-0.7047
0.6913
-0.3655
-2.4899
-10.6750
-7.3700
-10.0246
-10.0468
-6.7868
-5.3202
-2.0214
-2.1304
-4.5812
-4.0299
-1.0665
0.3013
-5.2768
-6.7122
-5.3942
-3.3161
1.8239
6.5092
5.1680
4.7158
3.7749
3.5671
2.7836
2.5715
1.0652
2.3276
1.6898
0.7773
4.1817
0.7971
0.6767
-3.8895
-5.0775
-5.0216
-4.2296
2.7105
6.0047
1.1528
-2.2595
-1.2625
-3.3048
-3.7500
2.7534
-0.9956
-2.8856
0.1802
-2.1075
-7.0636
-5.1572
-4.9236
-1.7032
0.1412
-4.5040
-5.6431
-2.8577
-1.9647
-1.1950
-4.1333
-6.3812
-4.0714
-2.8274
-3.5315
-2.9854
-1.6504
-1.1865
-1.0401
-2.2304
0.5808
-0.2289
-2.2324
-3.5790
1.1434
11.1349
20.8861
14.0438
5.1978
7.0955
4.7827
-0.2424
-1.0048
2.3029
2.5966
20.5000
35.7617
36.4992
31.9612
30.3634
19.9163
13.4261
9.8790
9.7650
4.9449
0.0091
3.5091
5.5458
2.8088
0.1346
-2.5840
-4.6468
-5.0787
12.6384
23.3331
22.3463
11.5015
2.0457
0.3554
-0.4277
7.1245
2.9529
-2.2825
-5.2297
-6.8652
-6.7528
-5.7240
7.8337
9.2937
-2.6040
-0.7789
10.4997
16.7175
9.4437
1.8866
3.3870
0.2373
-1.6455
-0.4230
-5.3509
-2.1623
8.4513
21.1127
9.6271
-4.4038
-5.2685
-2.4522
-5.6306
2.5149
5.6846
2.3293
9.1974
18.9555
24.5919
15.5923
7.9706
0.2950
1.4782
8.7696
-1.2142
-7.3917
-4.9159
-7.6709
-5.5688
-1.9991
2.1473
-1.3027
1.1658
3.3409
6.2903
5.9406
3.5106
7.2637
5.1899
-0.9547
-1.8383
-0.7635
2.0099
3.2685
0.2632
4.5545
12.0382
8.8682
0.3134
-0.4176
-5.4005
-4.8292
0.6761
3.3282
-2.4344
0.6837
2.8829
1.7057
3.1923
4.1906
2.5311
1.9145
6.3018
12.6384
12.9201
3.0990
9.0557
18.3843
20.2928
17.3806
8.5622
2.9903
4.7712
-3.3749
-3.8815
10.2163
12.9477
9.9825
2.1603
2.0845
0.1553
3.5860
21.4846
30.1323
31.0295
31.7777
25.7598
12.8843
-0.4558
-14.1769
-11.5807
1.5934
1.3861
-7.5538
-6.8735
-6.3218
-1.0792
-0.1720
-7.5365
-11.9250
-9.0812
-6.0376
-7.2026
-9.1658
0.2558
-3.9405
-8.5402
-5.9234
-2.0330
-2.2805
-8.2804
-15.4045
-19.3651
-18.8664
-18.2694
-16.4682
-12.4025
-13.6259
-4.8253
-5.4461
-9.9480
-16.9869
-16.4256
-16.5977
-13.5926
-9.4321
-8.9733
-1.8446
-4.9210
-14.0313
-11.2879
-5.5691
-0.1792
-2.6822
-5.4754
-3.0319
-0.5791
-0.0556
3.2397
7.9441
4.7075
-0.1250
-6.1830
-5.9444
-3.5289
-0.1477
0.5514
3.3315
3.8030
14.3557
9.8119
2.9934
-7.0692
-10.0547
-1.5780
3.8966
-7.3401
-12.6609
-6.5100
-2.1926
8.5434
14.2614
3.3705
-6.8056
-8.2651
-8.3468
-6.0502
-6.0373
-2.8222
18.7089
34.6587
29.9107
21.0082
26.6726
20.2116
7.1431
5.5032
2.3766
-2.4310
-3.5341
3.8401
10.7930
15.6024
24.5605
19.9510
5.4240
9.9767
3.5995
-1.9851
-5.7554
-7.3064
4.1929
24.4427
33.9509
28.7348
19.0330
4.9569
-4.7297
-11.0678
-16.2523
-20.0723
-26.6160
-28.6523
-20.6685
-13.6782
-8.5117
-5.5634
-4.5858
-9.2794
-10.6572
-9.1332
-5.2490
-3.2172
-2.4925
-1.8793
-2.1781
4.3715
2.3928
-1.0295
2.8775
12.2291
13.1854
3.4304
-10.8988
-1.3879
18.2225
24.2385
14.6027
10.0162
14.0659
4.3935
-1.1523
-3.1441
-7.4541
-10.5408
-7.6549
-1.6089
3.8823
4.4555
-1.9010
-4.3685
-6.9184
-5.6210
1.6914
2.6603
6.9079
17.2928
20.3572
16.7450
16.5024
17.2533
8.9371
3.8052
7.8101
14.0364
20.2147
17.0845
12.1691
10.1337
4.1419
2.4793
1.2770
2.6939
16.8711
16.0016
7.9045
-5.8458
-4.8859
-1.7990
-0.5593
-7.1816
2.7894
20.8280
23.8726
20.1675
24.7314
25.3207
6.1567
-1.5954
3.1694
4.3960
2.2257
1.2251
16.9650
23.7317
22.1507
13.3457
8.0636
5.8390
-1.5972
-4.5863
-3.0088
-3.8922
0.4127
2.2140
0.2166
0.0498
-0.8354
-1.7275
-1.1864
-0.3613
-1.0523
-2.4605
-3.1350
-2.7820
-2.0971
-1.1218
-2.0015
-3.9701
-2.4093
-2.0760
-1.6687
-1.2628
-1.1033
-0.3734
-0.4603
-5.4736
-3.3550
-6.2386
-8.7293
-5.7091
-9.8588
-12.6755
3.7741
17.8366
27.5774
34.2799
33.3589
30.0298
29.6353
17.5466
21.8917
36.7664
40.8385
29.7979
18.8204
12.3759
20.4891
15.1652
8.7502
7.0651
16.1915
9.5582
-4.0673
-8.5733
-13.5379
-15.3448
-16.1599
-14.9056
-10.9952
-14.9206
-6.5533
6.7914
12.0382
17.5715
18.3060
20.7692
24.2726
23.8734
13.6969
0.4832
-3.8190
-0.4925
-3.1248
8.1140
16.8304
12.1204
-0.1773
-1.1583
4.3419
0.1630
-8.3677
-10.5319
2.8549
25.7318
35.6876
32.9346
33.1787
28.4290
15.3285
1.0169
-8.3541
-8.2308
-10.6801
-11.1964
-12.2306
-9.2685
-7.3019
-5.8204
-6.9377
-12.4009
-16.4499
-1.2031
5.1535
-2.8621
-8.0650
-12.0063
-16.9859
-16.0249
-16.0564
-12.2624
-7.1005
-10.3929
-12.4124
-10.9582
-3.5014
-7.6362
-10.0585
-11.9151
7.9468
10.1218
-0.4291
-6.5235
-5.4666
-10.0201
-12.7285
-5.6987
-8.1816
-0.4517
-0.4850
-10.7375
-8.2329
-5.0528
-7.9244
-6.8011
-6.0042
-4.3882
-0.8464
-0.5568
-7.6909
-7.9673
-12.9842
-16.4954
-9.2110
-5.8879
-11.3547
-7.4165
-6.2606
-10.4278
-5.8341
-1.8509
-5.0505
-1.7851
0.5392
-0.3012
-2.2651
0.4060
-0.2819
-1.4528
-1.0826
0.1539
0.5147
0.1153
-0.1598
0.1534
-0.2948
-1.1735
-1.5891
-1.7027
-3.0026
-3.1790
-2.2541
-3.0892
-3.8724
-2.5804
0.5299
0.8906
-0.7535
-0.6726
-2.0226
-3.7753
-2.1706
-1.5463
-1.8446
-0.6682
-1.8318
-1.5950
-1.4484
-1.6202
-1.2102
-2.9779
-3.9606
-2.9822
9.1902
18.4272
21.3061
13.3899
-0.5669
-6.3881
-2.4494
-2.0929
-5.9406
-6.9563
-8.4457
-4.8963
0.0789
-5.6346
-9.2654
-12.5146
-7.7135
-2.3576
3.4784
6.2914
6.9859
6.5538
2.5897
8.3636
7.8911
1.6197
-0.3876
0.0466
0.6131
-3.3642
5.3063
0.3108
-6.8120
-15.9779
-16.1285
-9.2289
-9.4446
-14.1229
-11.6577
-10.0520
-6.7646
-6.8649
-7.5397
-4.1688
-0.6901
0.4299
-0.6154
-2.2121
-2.3697
0.8153
-0.5341
-2.6122
3.2056
-1.5236
-8.2299
-7.8412
-7.0104
-10.8017
-8.3169
-2.8443
-2.7316
-1.5622
8.3518
15.3638
18.2061
12.5478
16.7256
25.3679
3.7527
-9.4367
-13.6129
-11.7990
-5.8534
-5.6900
-5.4305
-5.4859
-9.9392
11.1469
5.0658
0.6178
-4.8034
-3.6772
0.0252
-1.0282
-1.4008
-5.3274
-9.7627
-11.4403
-10.2428
-5.6036
-0.6898
-5.9588
0.9609
1.3480
5.6075
-1.3873
-8.9040
-5.9513
-1.7427
3.0811
2.6579
-1.2526
-11.6944
-11.1294
-7.5595
-6.2212
-2.6905
1.7660
3.6042
-2.4991
-8.5097
-11.8316
-7.2459
3.2643
7.9042
9.8711
12.4085
8.2208
7.0282
7.3398
5.2932
0.1558
-6.2537
-2.7912
3.9102
-0.7465
-3.3648
-1.9078
-0.9927
-1.9071
-3.3065
-4.1441
-1.7493
-1.2418
-2.0203
-2.1533
-0.4170
-0.8866
-2.1267
-1.4154
-2.0378
-2.8025
-1.0927
-2.4873
-2.9066
-1.2485
-1.2571
-1.0109
-0.8793
-0.8742
-0.8368
0.8361
2.9441
3.4084
7.4417
4.8195
1.3870
0.1296
-1.6484
-3.0377
-2.3800
-1.8690
-2.0659
0.6547
-1.2442
-0.7196
-0.1633
2.1155
6.9707
6.2243
-3.7221
-15.2984
-19.2991
-13.9408
-6.8388
-5.3604
-8.8981
-8.6551
-6.2803
-2.7837
-1.8941
-2.0926
-4.3048
-4.6937
-3.8527
-2.8057
-1.3012
-1.6224
-0.5520
-3.2432
-3.7694
-3.6161
-2.5085
-0.6304
-0.7043
0.2896
-0.4873
-0.1513
-0.5140
-1.0859
-2.8107
-2.0407
-4.3197
-5.3910
-3.8090
-3.2976
-2.6138
-0.6119
-2.9502
-2.7338
-2.4426
-0.2935
-4.9259
-5.5830
-4.5850
-2.3786
0.9774
-0.1746
-1.5733
-2.2888
-1.8760
-3.1687
-2.8509
10.2703
-4.0897
-7.3231
-12.9358
-15.2842
-15.1247
-17.8272
-18.0453
-16.5547
-11.2645
-6.3992
2.1976
0.0474
-1.5905
-0.8441
8.4789
21.2332
13.2674
-5.0804
-8.5238
-5.5752
-2.9693
-5.5436
-7.8810
-12.3531
-16.5321
-9.4994
-5.6142
-0.9354
0.8233
5.7425
7.0804
-4.9499
-9.1200
-1.0832
-11.3265
-10.3523
-5.4202
-9.8832
-2.9985
5.0791
6.9194
-0.9830
-5.0048
-9.3307
-6.8548
-6.4959
6.5638
15.6273
15.2510
10.1817
12.2668
8.6571
-5.7856
-8.9244
-4.8381
12.4249
21.1917
18.1113
12.0334
11.9028
0.9192
-1.9723
-7.6991
-11.4097
-9.3030
-12.2068
-10.8304
-8.3904
-2.7489
4.0044
-4.2740
-12.0582
-16.7133
-15.4773
-11.7917
-11.0367
-15.2092
-17.4213
-7.0364
-8.7451
-14.2652
-12.9970
-13.0273
-13.9987
-8.8233
5.5502
16.0205
16.7560
5.6766
-6.5025
-13.5557
-12.9070
-10.7411
-8.2769
-5.9411
-4.3997
-1.6918
-4.5921
-8.5648
-12.4589
-17.7970
-17.9561
-16.8225
-9.4971
-4.9343
-9.9416
-11.9603
-13.4956
-4.2729
0.8917
-5.1777
-12.6036
-16.2528
-13.9921
-12.1131
-4.9642
4.3448
6.0251
-2.8951
-3.8142
1.4619
4.6801
-2.3484
-11.7398
-14.6575
-12.4770
-9.4053
-2.6645
8.1199
2.8739
-12.0802
-16.5498
-14.4485
-15.8770
-11.8480
-12.4084
-10.0068
-8.8062
-8.4341
-5.3727
-7.5516
-3.1977
-5.6320
-3.5037
-0.0400
-3.0547
-2.4886
-1.7532
-5.1028
-7.9460
-8.4847
-6.5891
-3.4369
-0.4157
-2.0954
-4.0894
-4.8843
-2.2775
0.5408
-1.1909
-0.7982
2.2678
-0.0484
-0.8333
-1.4563
-0.4369
-2.1536
-1.7828
-1.4421
-1.5807
-2.0102
-1.6774
0.9784
-1.5201
7.1922
7.2103
0.0243
-13.2958
-20.8253
-20.4282
-12.5762
-13.5146
-18.0280
-13.1547
-8.0611
-7.2362
-8.5387
-8.6823
-8.1727
-13.7661
-15.3049
-9.4808
-7.3945
-8.2751
-5.2415
-7.8484
-6.2328
-6.7375
-10.1775
-10.4796
-3.4910
-0.4865
-1.0348
-1.0660
-0.3024
3.4151
5.3010
5.9675
7.8311
17.4367
29.1095
30.4225
27.7969
23.2698
13.5294
10.0446
-0.2295
5.9636
21.9016
29.0379
25.2865
26.0641
23.2509
25.7987
28.0234
28.3410
34.7962
36.1342
27.6513
25.9692
28.4709
13.8017
15.8519
22.0836
15.8169
11.2379
15.4349
9.1253
2.5206
19.3106
31.9087
27.1753
20.9829
21.3819
16.8249
19.5217
15.6402
4.3044
2.3080
8.2101
9.3765
7.7558
2.5442
9.1824
25.1693
27.2163
24.2852
20.6374
21.7411
27.7350
19.7886
10.6557
9.4712
3.3556
3.8180
13.0469
9.3224
6.3143
16.0863
23.0081
15.5423
10.2307
2.5404
1.0041
-1.5474
-2.3454
-3.8431
13.5278
14.7758
5.2741
-7.2373
-13.3746
-15.9832
-14.7022
-12.8391
-14.4520
-22.3313
-18.6908
-12.2834
-8.0197
-12.9612
-11.0511
-7.5104
3.9414
7.8977
5.8364
8.6016
16.4757
24.1587
22.9197
17.7932
10.8825
8.8034
8.9188
19.5723
14.6066
5.4017
2.0171
5.4780
-3.0429
-1.1504
-0.5721
2.1884
14.0758
18.8278
13.1284
-1.7592
-10.9325
-19.9829
-18.4179
-14.2878
-15.5422
-13.1432
-4.0120
-7.3689
0.6056
8.1436
21.8269
29.6398
16.2079
5.0934
5.7788
3.2269
-1.2584
-4.3877
-3.4241
-0.2245
9.7811
12.4155
3.9042
-6.5304
-8.5254
-9.8182
-2.3312
-2.1925
-11.9715
0.2785
-3.1435
-8.8588
-18.8750
-22.1676
-25.3199
-25.9520
-24.6970
-21.0275
-18.3471
-24.7037
-30.3288
-25.6750
-22.2070
-16.9468
-15.4671
-7.7917
-6.2257
-6.6053
-2.6326
-0.6218
2.1919
1.4562
1.2868
2.5273
1.7291
-0.9953
-2.9937
-3.4349
-0.8419
0.3664
-0.4717
1.4558
1.9300
-0.3718
-0.6213
2.4667
2.0166
0.8998
0.2224
0.6887
0.3949
-1.0010
3.2437
14.0140
13.0837
7.6556
-1.1825
-4.8430
-8.6667
-7.7176
0.9740
6.3003
9.7345
9.1684
1.3932
-3.1403
-3.2171
-10.9881
-13.4084
-9.2781
-8.3135
-10.4918
-8.3124
-2.2496
18.3471
33.9339
40.6920
37.3140
24.5811
14.0432
16.3191
19.7079
8.6965
6.4598
5.7683
6.8106
20.2187
7.0236
-1.2558
-2.3867
-6.3487
-4.9695
-3.8565
-7.9593
-8.7233
-0.5111
-4.7531
-9.3888
-11.4439
-11.5609
-7.8380
-4.4220
-3.8383
-1.9560
-2.7828
5.5351
5.1896
3.1543
-1.6306
-0.3708
-0.4853
2.9693
3.5188
10.4712
-1.2059
-8.2127
-5.7748
-3.5903
-4.6598
-7.2983
-9.2059
-7.9034
-5.6474
-5.7415
-4.8676
-8.1767
9.0919
6.8298
-0.7357
-9.1579
-13.6290
-14.3824
-12.7682
-8.3799
-13.1450
-20.4057
-25.6211
-23.5273
-16.3522
-11.7847
-19.9643
-19.1747
-8.6009
1.0703
-6.9101
-8.5416
-7.2532
-8.4864
-6.2906
3.5247
2.6617
-7.2802
-13.3170
-12.9360
-14.4398
-12.3709
-11.1006
-9.0416
-6.9251
-12.3695
-10.4928
-9.4889
-9.1939
-1.1843
0.0146
-2.9248
-6.1099
-2.9972
-4.9810
4.6277
13.2580
7.5281
1.5622
-0.0243
-3.7355
-7.7689
-15.1166
-17.4973
-14.5508
-11.3661
-3.9239
-5.6908
-8.0236
-3.3135
-2.4686
-6.3024
-2.1413
0.3440
2.5545
-4.2236
-10.1146
-7.9672
-3.9548
-1.5220
1.5415
2.1175
21.0633
32.6472
42.0281
48.1515
42.9656
33.2251
30.0735
28.9940
19.1505
18.2625
18.3092
19.4151
15.7112
12.3100
15.1549
3.5785
-0.2840
0.8107
0.2615
0.5732
-0.0048
-0.8670
-0.3389
-0.0243
0.4280
-1.1476
-4.0686
-3.4657
-4.3012
-4.3389
-3.9553
-6.1348
-4.6214
-1.9659
-3.2053
-4.2097
-4.4480
-5.7438
-3.8104
-1.1815
-0.9012
-2.4836
-5.4222
0.4776
13.5593
19.8720
19.2039
19.0509
19.1315
11.7265
6.4733
9.9808
9.6823
5.4686
4.2499
4.1767
4.7837
8.4982
11.4782
6.7102
6.3536
15.6336
19.1444
8.7005
6.4476
23.7421
32.9559
32.3297
23.1924
13.2895
17.7854
11.0650
8.7311
5.4371
5.5687
2.0613
10.3527
19.2324
7.4140
0.6159
17.0182
12.1481
2.3252
1.6404
5.4682
-0.8388
13.9113
8.3871
-1.1868
-11.0483
-9.5608
-12.2311
-9.1780
-5.0006
1.3902
-8.4907
-15.3240
-13.6304
-8.9532
-7.0136
1.1202
12.2432
6.1824
-0.9877
-3.9945
0.0315
6.1290
7.1841
1.9238
0.5931
8.9442
19.4825
22.5315
20.9844
16.5831
11.0715
7.6113
6.6112
3.9929
-8.1442
-15.7587
-18.9647
-16.2633
-13.7328
-13.2356
-9.7713
-9.1417
-8.5913
0.1160
6.6728
1.7610
-5.0814
-9.4058
-9.7297
-17.3452
-12.8335
4.5696
25.1951
38.3349
35.7800
29.9249
20.9082
25.8624
34.9158
34.6387
34.7483
35.9181
30.7989
24.5769
22.2150
9.4457
11.9200
28.7530
36.5004
39.2672
38.3809
40.8827
34.2797
26.2328
12.1031
3.9255
-3.7561
-6.1032
-5.1174
-5.0315
-7.0519
-0.4590
4.3108
-4.4134
-10.5892
-12.1359
-1.2681
1.7320
1.2142
-0.7668
9.8783
-2.4735
-11.5400
-15.7079
-13.4837
-8.8002
-8.2047
1.1380
3.7578
-3.4279
-10.6197
-3.2465
-7.0001
-9.6333
-6.3320
-4.6300
-2.9886
-4.3082
7.9642
25.3187
25.6840
15.0366
13.4544
10.0026
-0.1354
10.6908
26.2555
38.3184
38.9069
31.7479
17.9539
7.5000
4.5105
0.3271
7.7174
22.5807
32.7642
31.3042
20.0321
15.5395
15.7604
25.1044
29.6259
30.4012
27.3421
20.1089
8.4009
5.6257
2.9937
-0.7418
-1.7462
-3.0066
-1.9142
0.6489
2.3324
1.0942
-0.1571
1.1422
0.9634
3.0412
1.7574
-0.2760
-0.1952
-1.4528
-2.0688
8.2133
3.5056
1.3863
-6.0208
-6.3763
-4.0991
-4.5547
-5.5807
-4.7322
4.8415
8.2456
5.1508
1.5510
0.7304
2.5223
-3.7478
9.2401
8.0317
-0.1649
-13.7162
-17.0576
-10.7526
-3.2790
-4.7413
-3.6131
-7.2612
-3.9607
8.6067
16.2840
28.4637
42.6518
46.5682
34.7719
32.1297
30.1684
23.9528
25.2137
27.4334
24.0477
24.0767
17.0820
8.8009
4.3820
5.0932
4.0692
2.6887
2.8568
-0.9357
-1.3050
-1.4805
-2.4956
6.1297
9.2605
3.3748
-0.4412
-4.6717
-12.6903
-13.3391
-0.9030
7.5891
7.5407
0.4788
-5.8606
-4.8875
-0.5781
6.5322
6.3524
-1.3714
2.6051
5.9030
6.1308
-1.9053
-8.2673
20.4218
19.5248
2.9194
-9.6878
-7.1449
-7.6690
-1.5368
10.4420
8.8094
4.9103
-3.1189
-6.4989
-4.7969
-6.2546
-1.3970
-0.9589
-10.1605
-12.3863
-10.5738
-9.6519
4.1591
2.0054
-0.7561
1.9507
0.8775
0.9477
-5.2514
-8.7713
-5.4636
-0.1524
-0.5656
0.4312
-3.1744
0.0341
6.8834
-0.3908
-3.1284
-7.1389
-14.7120
-9.9425
-12.7342
-14.6456
-8.8777
-4.7433
-5.9437
-2.5060
-1.1727
0.3252
3.2653
12.4749
23.3777
17.6083
10.9536
8.9703
3.8180
-4.8999
-14.6611
-3.5667
-5.1349
-9.7767
-16.3035
-14.0148
-13.3912
-8.2297
-0.6966
-4.5592
-9.4575
-11.2906
-8.2081
-3.1321
-2.0726
-3.2935
-8.3116
-7.1259
-1.4649
9.9987
7.1187
1.9546
7.2200
-0.0668
-4.8933
-10.0364
-11.8291
-8.4760
-4.0814
6.4522
0.0669
-7.5455
-11.5525
-11.6784
-11.5462
-10.4744
-5.5162
-7.3084
-9.8922
-8.1287
-10.6939
-8.0752
-3.2693
-2.4361
-8.8261
-9.8043
-8.6074
-4.9535
-7.2819
-3.5554
-3.0379
-1.6303
2.5332
0.5647
-2.5085
-3.9829
-2.7369
0.0238
1.7757
2.0560
2.4055
0.2112
-1.4753
-1.4339
-1.3719
-1.3121
-0.9006
-0.7039
-1.7218
-1.4531
-0.7817
-1.0656
-1.1096
-0.9457
-1.2219
1.5771
0.2068
-0.8186
-2.6870
-4.1248
-2.0681
-1.3015
-1.6577
-2.1646
-1.9500
-2.2884
-1.9568
-1.6251
-1.3865
-0.5589
1.3568
0.9837
-2.5777
-3.9248
-2.4354
-1.5131
-1.8675
-3.5232
-5.1224
-2.7696
-1.5943
-2.3146
-0.4618
-5.4410
-6.2556
-8.5004
-3.5330
0.6996

Coefficient 36:
0.0000
-1.3776
-1.9341
-2.3351
-4.5052
-3.0861
-2.6104
-1.6581
-0.1173
-3.5356
-3.2446
-0.7028
0.2794
-0.7401
1.9419
5.0302
3.1864
2.4691
-1.3174
-2.5210
1.7662
1.9794
2.4353
0.8652
-4.9928
-8.3413
-5.2406
-1.9550
3.1893
3.0972
0.8965
-0.4659
1.0775
-0.5934
1.1932
2.2779
1.6825
-6.2888
-4.2744
-1.7814
-3.1775
-7.2287
-5.4009
-1.5492
-2.1929
-3.8763
-2.6847
0.0206
1.1777
-0.8233
-4.4374
-8.3084
-4.4879
-2.7276
-0.1028
-0.3654
1.9846
0.4686
5.3477
4.1155
1.3987
-0.8842
0.7543
0.8941
-0.2065
-2.9395
-5.7821
-9.8401
-8.6656
-8.9007
-6.1117
-0.1056
1.9986
-2.5154
-1.8008
1.1413
-3.2681
-2.5610
-1.3626
0.7208
1.4976
0.9681
2.4365
2.5309
-2.8199
-2.8303
-1.8000
-3.2483
6.1692
3.9828
2.2667
1.8697
0.6797
2.3615
5.4218
1.9558
-3.7307
-4.9989
-0.5512
1.5327
0.5100
-1.7119
-2.8985
-2.0146
3.2142
3.3827
-10.1604
-14.6472
-11.4096
-2.2299
9.7976
11.1241
8.1567
3.9929
2.0663
-3.0359
-7.6352
3.2508
10.3833
29.4610
36.4566
25.0666
25.7411
29.1453
9.5185
-1.7407
-2.7579
-4.1877
3.6599
1.1355
-7.5787
-6.1054
-1.7654
-3.3671
-4.8553
-5.3296
-6.6604
-4.2439
15.7655
24.3475
20.7678
9.7594
-1.4104
-5.4463
2.2850
6.0789
-2.2467
-8.0542
-5.4869
1.8697
1.0730
1.3779
3.5951
2.2736
-3.0363
9.0644
22.1860
22.7537
20.7895
16.1598
10.7138
4.0186
2.7232
0.4744
-0.7517
11.6903
20.7918
9.7122
-1.7780
-3.2414
2.4357
-1.5259
-2.9063
-5.8499
-11.9394
-9.4809
1.3647
9.8387
0.8079
-1.7500
-7.1841
-2.2720
7.8732
-1.4739
-15.3782
-15.5360
-11.2443
-17.4439
-17.8128
-15.5744
-11.5001
-5.3920
-7.5369
-8.0267
-1.8185
-0.8485
3.3538
1.5991
-2.8312
-2.6958
0.6489
-0.7647
-1.3652
-1.5115
-1.3610
5.9624
3.6575
-1.8914
0.0431
0.1303
-1.6383
2.0949
1.8882
-5.5851
-11.3811
-10.8490
-0.6990
4.7239
-0.6188
-6.9125
-9.3417
-3.7979
0.7323
1.1319
-3.1714
1.1364
11.9712
18.0902
18.9821
4.8405
-4.6973
1.0395
-0.1874
-10.8481
-6.7571
7.6532
8.2682
4.3057
3.9563
-8.4259
-17.1760
-3.2488
11.2892
19.2413
35.1225
42.5042
36.5032
24.5434
14.0141
7.9553
23.2665
28.2538
9.2188
-1.9516
-3.2952
3.4084
6.7846
0.7196
-2.0125
3.9601
2.0722
-1.5919
5.4750
18.7598
16.1966
9.4560
-2.8616
2.1589
0.1748
-4.1438
-8.4892
-4.3401
-2.7464
-8.6553
-14.4782
-13.4692
-12.5602
-2.1351
0.2358
-2.4278
-3.0058
0.2270
-0.9457
-3.0996
-2.3847
-0.1106
1.6500
4.3086
-2.0396
-1.8768
3.0390
3.3339
0.5000
1.3773
1.1343
-0.5522
-1.9076
-2.4684
-0.2598
0.8001
3.3871
2.6174
5.2562
7.5390
5.4568
-0.7623
0.7424
2.9272
10.5694
10.8949
4.6525
-2.3653
6.2928
16.6277
19.1176
11.8228
-0.0685
5.1021
6.4364
6.4114
15.3083
10.4663
-2.1404
-9.9399
-12.7469
-10.0363
-9.2735
-3.3135
-1.0631
15.8432
35.5518
40.8355
27.7436
15.9539
9.2744
10.3436
9.4189
-1.0819
-3.6376
1.8334
7.5161
9.9959
16.8200
9.2848
-1.9176
-0.7986
5.6079
5.9752
5.0197
-12.0655
-14.1399
-4.5444
6.7055
10.9939
5.3658
8.5103
12.6888
5.0012
-4.3218
-10.9412
-17.0779
-20.9473
-16.9751
-12.4217
-7.2758
-4.4006
-5.3639
-8.8174
-9.7734
-12.6839
-9.4601
-5.7434
-3.2141
-1.7153
12.2725
7.6442
1.7211
-1.4645
-1.5454
8.9050
14.7332
9.2381
5.7508
22.3331
36.8527
30.7360
14.2658
12.9855
16.1219
19.9751
30.8076
35.8398
31.2138
31.7611
31.2644
24.7208
27.2044
16.7735
7.5575
4.1614
2.7710
-0.3280
2.9413
0.9213
1.8526
14.7775
27.2532
35.3431
39.2358
38.5110
37.0616
31.2392
27.2795
28.9765
33.9543
34.6235
19.9479
10.6539
3.6630
0.3476
-0.0067
1.5505
14.9393
26.2821
28.9522
16.0125
1.2133
-1.2497
6.2932
-0.4359
-1.3263
7.8607
14.3284
10.1443
11.0030
17.5399
4.6742
-5.4373
0.1544
-0.0360
0.4024
0.0352
13.5493
24.2159
27.5667
25.2961
21.6549
20.9103
15.1071
4.3356
-1.6014
-1.8711
1.8280
2.3459
0.3099
0.1265
-0.6933
-2.5327
-3.7424
-3.1776
-1.7176
-1.8586
-3.1297
-2.6760
-1.9417
-0.6921
-1.5515
-3.7426
-2.1773
-2.0225
-1.5324
-1.1383
-0.9231
-0.2121
-0.2742
3.9606
-0.5458
-3.6132
1.5582
6.9438
-1.9977
-10.0042
-6.4885
12.1917
26.1116
25.5438
22.0088
20.0615
25.8935
12.1446
12.0975
20.9089
37.6448
39.4629
32.6215
33.3533
24.1527
16.1823
13.3546
5.5237
14.7105
19.6146
15.9787
0.6360
-3.0543
4.1843
5.0666
-2.8221
-11.0428
-12.1693
1.9079
20.7355
24.4709
30.3821
27.4826
22.4237
23.6564
36.0567
38.6373
25.9834
16.6808
20.4195
11.3256
14.7243
16.6906
14.1049
5.3800
6.0291
3.7486
6.5514
-1.9681
-10.4891
-3.8972
11.4709
18.1150
15.1197
15.9599
14.5368
5.1592
-2.9738
-11.1080
-14.5547
-14.9868
-14.9367
-18.6335
-17.3401
-16.0304
-11.2016
-9.7868
-9.2262
-9.8103
1.4436
10.8912
6.6548
-3.3213
-7.7102
-4.3339
-5.7900
-7.1100
-4.7999
2.5846
-4.1461
-8.6518
-10.3618
-4.7507
-1.3153
-3.7418
-5.5996
10.5319
16.4402
4.9349
-4.9513
-0.5556
-2.9516
-5.9738
-1.2137
-7.4615
-1.1102
5.1659
4.6649
-3.5837
-0.8333
-2.7883
-3.4137
-1.0158
-0.5875
0.8005
-0.5264
-7.8317
-6.8467
-6.9408
-10.5961
-14.5169
-15.0251
-8.2453
-1.8168
0.6528
-6.3256
-12.1610
-11.2307
-11.5458
-6.7103
-4.9262
-8.2349
-7.5525
-4.9141
-1.0331
-1.3101
-0.7238
0.4674
0.4072
-2.8734
-5.3610
-6.6714
-4.8270
-2.2021
-1.8220
-3.0131
-2.9977
-3.2286
-2.3950
-3.2223
-3.8222
-2.2889
0.9350
1.1417
-0.4834
-0.5735
-1.8554
-3.8032
-2.1203
-1.2773
-1.5820
-0.6102
-1.6668
-1.5239
-1.4943
-1.5908
-1.0654
-2.6336
-3.7210
-1.7859
12.1471
12.1468
7.2746
7.0906
6.3398
2.8302
1.1905
-4.8745
-9.0175
-9.9131
-8.6504
-10.9736
-7.7033
-5.8502
-5.8445
-7.8435
-8.2518
-5.0040
5.8835
15.7522
18.8801
13.1698
4.0026
11.2222
9.6067
4.0397
1.9130
3.9529
5.0745
1.9150
10.3126
6.9155
2.4448
-3.2853
-11.2835
-10.2295
-9.8526
-11.4886
-14.0693
-9.8952
-9.4938
-6.7816
-6.1684
-7.9692
-6.6503
-7.7441
-7.4552
-4.6171
-4.4938
-2.0596
-1.5117
-5.2442
9.2104
7.9790
-7.6050
-15.7314
-13.7515
-6.8857
-6.9061
-2.7231
-0.5308
1.0441
2.9657
8.6025
13.9288
18.2632
24.5167
29.5355
19.2582
-1.0092
-10.9926
-13.8539
-12.1869
-14.1615
-12.7248
-7.9383
0.4884
15.3101
9.0566
-2.9330
-12.7493
-14.3686
-5.8312
3.0417
7.2043
6.5070
4.3211
-1.8370
-7.8016
-7.4476
-5.0073
-0.7675
2.3468
0.3470
3.0165
-2.6732
-7.9653
-9.9591
-7.0380
-8.9679
-11.8741
-3.4097
-8.1660
-9.9657
-7.2555
-4.8108
1.8599
5.8617
6.4064
8.9041
5.7226
9.3889
18.9570
26.0238
33.2999
36.8295
40.8275
36.7202
27.8211
18.6885
17.4588
10.2734
10.8957
13.2774
9.9160
6.8386
2.7243
0.4046
-0.8337
-1.8125
-3.2326
-3.9707
-1.5976
-0.9781
-1.8166
-2.1888
-0.2237
-0.6629
-1.9593
-1.3017
-1.7980
-2.6153
-1.0042
-2.5258
-2.9012
-1.1860
-1.0372
-0.9245
-0.7139
-0.9432
-1.3439
-2.7916
-7.3247
-15.7918
-11.7840
-5.5850
3.0699
-0.3913
-1.5130
-3.0586
-2.1244
-3.5110
-5.0660
-5.5745
-6.3812
-9.5858
-2.7272
5.8084
8.7476
10.5476
4.7828
-5.8680
-5.1936
-4.5972
-4.6721
-2.3134
-3.6593
-4.4741
-4.6862
-1.8752
-0.3330
-1.8664
-4.1963
-4.4615
-3.5181
-1.7113
-0.6229
-1.6198
-0.4399
-3.3474
-3.5845
-3.5612
-2.5859
-0.3892
-0.4152
-0.2636
-1.7085
-0.9120
-0.7387
-1.0274
-2.8827
-1.6550
-3.8693
-5.0377
-3.7391
-4.0196
-3.4735
-2.0039
-3.7438
-3.2944
-3.0222
-0.5365
-4.0585
-4.9233
-4.3305
-2.9867
-0.4614
-1.4469
-1.8164
-2.2496
-1.9116
-3.9429
-0.3639
3.8992
16.5347
15.1685
3.1200
-6.8552
-16.7050
-22.0672
-23.9273
-17.0088
3.0901
16.9093
20.6094
15.5870
13.7647
7.1462
8.9899
28.6339
26.2603
8.7887
1.6577
1.3287
2.7010
2.8613
-5.4970
-12.5930
-12.1127
-6.4801
-3.4875
-0.3332
4.5125
11.2611
12.0139
3.6046
5.8696
20.1743
5.0761
-6.8529
-5.9606
-7.7501
0.7941
14.0857
17.8013
4.2317
0.0032
-1.6921
-1.6213
-5.4544
-0.6659
8.2356
8.8747
3.2699
2.2865
0.5965
-5.2105
-6.6370
-6.5303
3.9174
18.4118
24.4091
23.0800
13.2837
14.9456
16.7325
8.5733
2.9552
5.5890
-2.1086
-10.9118
-10.7423
-0.7960
14.5026
3.3475
-8.5687
-15.1305
-18.5373
-16.3106
-9.8533
-16.0442
-17.3065
-3.8183
-0.4714
-11.6063
-16.3364
-13.0660
-13.0083
-7.9283
3.4713
12.7505
19.6377
16.4373
1.1883
4.1210
6.6575
7.9895
11.2716
12.7917
7.0887
2.5173
-1.5162
-5.1943
-7.1411
-13.2392
-12.6741
-11.0407
-5.9339
-4.8702
-15.6154
-15.0010
-19.4638
-10.7122
3.0066
-2.2430
-10.1935
-13.9189
-9.5189
-3.3234
-3.0228
2.1965
10.0267
5.3763
-3.5468
2.3456
16.9813
5.7061
-6.2076
-12.0503
-6.5583
-7.8286
-6.7614
1.1008
8.1209
0.6558
-5.6068
-10.6390
-13.8450
-14.9396
-19.9791
-21.3838
-15.9214
-9.8555
-13.2342
-13.1609
-11.1978
-8.6512
-4.1299
-4.8732
-5.5610
-4.8257
-6.0217
-5.5892
1.1850
2.3130
0.0995
-3.2841
-2.5813
-0.6030
-3.2840
-4.5166
-3.2389
-3.9677
-1.0009
1.3335
0.5390
-2.1347
-1.2608
-0.9416
0.2322
-2.1195
-1.5797
-1.2849
-1.4502
-2.0120
-1.5295
-0.0933
-2.8933
1.5245
10.1956
8.3228
-2.0841
-8.7660
-15.7231
-13.9797
-9.2738
-12.4371
-5.5236
-7.1985
-5.4868
-10.0491
-4.4076
-0.9855
-11.8188
-15.6171
-7.9480
-2.9960
-2.4599
5.0567
-0.3997
-2.0725
-4.1149
-5.3874
-4.1775
-1.9942
-0.3883
3.3502
2.7392
1.7937
5.7442
11.6212
21.8453
26.0875
31.8004
37.3677
37.7066
33.4534
24.1881
23.2465
19.0366
7.1685
-3.0503
1.7791
12.9012
13.4572
13.6504
14.1038
24.2175
28.2047
27.2725
25.2889
22.2626
14.3739
7.1097
9.7589
4.1672
4.0259
13.5656
19.8898
15.7031
21.8201
17.7059
11.3819
18.3876
22.5480
26.6230
28.4670
29.0641
25.3239
14.7533
15.8469
10.8827
7.9764
4.7778
5.0020
5.3312
4.2869
-6.3138
9.9232
23.3592
30.5700
34.5798
35.6252
36.4062
32.8289
22.9631
12.6299
2.9225
1.4454
9.0445
12.6877
10.1920
16.5616
19.2316
13.4288
3.9568
-0.7517
0.3458
-3.7186
-6.2061
-5.9047
2.5820
8.6212
10.9480
9.7895
8.5927
8.9269
7.4194
3.2377
-3.6048
-11.2807
-8.2786
-7.1526
-9.5473
-5.5572
-3.7540
-8.5306
3.0472
8.7467
12.2568
28.6341
41.6753
44.6990
41.0453
31.7755
19.4891
14.4958
13.5979
21.7319
22.6510
19.9789
9.2775
3.0759
-4.2767
-6.1115
-6.1968
-1.0157
15.3154
29.4251
27.2676
11.3051
-2.9825
-13.6203
-17.1207
-16.1849
-11.4305
-10.6161
-6.6584
-10.2956
-5.0341
0.5149
14.8291
28.9909
23.4457
9.9546
1.6842
-0.6620
-7.1128
-7.7757
-8.8861
-6.3468
-2.3044
14.5487
15.8194
8.4073
6.4423
15.5025
11.6285
3.4206
-4.7068
5.9117
12.1878
6.9443
-3.5042
-8.2878
-11.3110
-10.3295
-13.7619
-15.9760
-15.5206
-14.4418
-21.1263
-24.5375
-17.7669
-10.7666
-6.7717
-5.8230
-5.8919
-6.3346
-9.0348
-7.1162
-8.7379
-6.7108
-1.0695
4.0806
6.3650
4.9163
1.4900
0.5575
1.3656
0.0307
-0.5530
-1.2737
-2.0684
0.4189
2.7245
2.1642
3.6186
1.3138
0.9204
1.4041
0.8198
-0.7236
1.8651
14.3235
18.4648
18.9799
8.8174
2.2455
3.8325
2.4513
4.3674
4.3044
7.7573
14.5774
9.1381
7.4705
17.3472
6.6245
-8.8392
-7.6117
-3.6552
-8.9519
-5.7004
-1.6142
11.6104
26.9784
35.9247
33.5917
21.5988
3.9264
1.2514
8.2357
3.5044
-4.4061
-12.0308
-11.1723
6.4784
8.0868
-5.4773
-15.3122
-19.3902
-22.9948
-17.2587
-13.0580
-13.8190
-1.9288
4.6061
2.4807
-2.2287
-5.7335
-3.7320
-0.0501
0.9155
-3.6891
-6.5071
6.9632
-2.7585
-7.6546
-13.4045
-11.5518
-9.7149
-0.0144
1.1150
9.2757
8.2844
-0.5202
-2.1478
-1.2441
-2.1957
0.4450
-3.5365
-7.9370
-7.7404
-0.9279
1.3875
-5.3784
6.8148
7.1642
7.6163
4.2153
5.1100
-0.4595
-3.9440
0.3898
2.1183
-2.6747
-8.3547
-11.1756
-8.4997
-2.1757
-6.0316
-13.9829
-6.3648
-0.4054
-6.2114
-8.6558
-1.2405
3.5833
4.7365
8.7873
10.5938
3.0900
-8.7155
-9.7330
-10.1356
-10.5096
-12.3832
-12.8930
-10.8473
-2.0601
-3.6262
-3.7588
0.0435
2.9966
-4.2677
-9.6233
-7.1414
-4.8267
-5.2177
-0.2378
11.6111
10.6725
1.5262
-6.9155
-15.9816
-20.3277
-20.1125
-18.2635
-16.6808
-4.3708
-2.4946
-0.0758
-1.1229
-0.2292
-9.6540
-16.7158
-14.9061
-8.6555
-2.9765
-2.4376
-6.7851
-6.3463
-5.1415
-7.3377
-3.2951
4.1619
12.2271
16.6131
28.5601
28.9576
21.0025
13.0322
8.5301
2.6328
-4.4264
-2.7556
0.1768
-0.9604
-2.5425
-3.3362
4.2531
2.4615
0.6007
1.1683
0.4490
0.7149
0.0008
0.5574
1.8303
1.7948
2.6392
4.3591
5.2791
5.8652
4.9199
5.8835
4.9642
4.7849
2.3361
2.3008
-1.1512
-1.5446
-0.5359
-0.8918
-0.8273
-1.1560
-0.7258
-1.8713
-7.3689
-3.3531
6.0531
21.5988
31.2024
40.5957
47.9387
46.6966
39.7516
37.9757
40.0891
40.7679
34.9646
30.0580
28.4974
27.0123
24.1582
18.9565
16.1824
21.0330
21.8724
10.0236
10.8582
18.7724
16.2784
14.0666
9.2416
5.4596
5.8256
1.6937
2.3243
0.4842
-2.9428
-4.6318
3.4121
12.7836
7.4031
-3.7281
9.5391
12.5468
5.4110
2.8890
3.9538
-0.7801
10.2929
17.8222
13.5621
2.1186
9.4561
12.7142
9.3359
9.6475
13.4784
7.3109
-6.9422
-5.3379
2.2028
-1.6308
-5.5384
7.2386
10.2510
2.2743
-4.6954
-6.2504
-12.2577
1.9803
7.4862
18.6504
29.8129
40.1581
42.2030
41.3995
35.9797
29.3288
24.2231
19.1070
9.0711
-4.8823
-16.8990
-23.6412
-22.3591
-19.2285
-12.7953
-8.6267
-4.6853
-5.3332
2.7989
10.6197
4.8029
0.1582
-5.0238
-5.8979
-5.3452
7.9959
25.5232
36.7993
29.3257
16.6016
11.0828
8.7017
13.1261
21.2060
23.0250
16.9546
12.4650
9.1152
9.4237
13.7604
8.0903
6.8382
20.4641
32.1347
36.9943
29.2329
25.2571
18.5840
11.3710
-2.9367
-6.7165
-11.7090
-12.3989
-8.8870
-8.6129
-6.2387
-0.7875
7.9643
5.7099
-3.6757
-3.8142
4.8382
-3.1556
-8.5853
-2.6264
22.0921
16.2779
8.7652
4.7067
1.4427
-4.2499
-8.2861
-0.0502
10.8169
10.7673
0.9881
4.8550
0.1229
-8.0784
-4.7370
-0.7256
4.6475
3.4243
-8.7253
7.2955
22.3228
21.8244
12.6775
11.7504
1.7453
2.4291
9.1879
14.6314
13.1169
9.9573
-1.0881
-1.5817
-0.9007
-3.5622
-11.0349
-4.7516
10.1670
10.8643
-4.4959
-5.6051
6.2421
8.1942
6.7486
7.6690
8.7794
5.7741
-1.8726
-0.3263
1.7718
-0.9267
-1.3198
-2.9752
-2.7359
-1.4047
1.7391
2.4802
3.1577
5.0045
2.9913
0.9868
-0.0823
-0.6125
-0.0623
-1.3471
-1.9048
7.2507
12.2075
15.1766
8.1685
1.8162
-0.6357
-1.1026
1.9241
0.4726
4.2154
11.6135
9.1403
1.7402
-0.6511
-1.6510
-2.8646
5.8702
11.1334
8.8965
-5.6397
-14.8934
-15.3894
-8.5435
-2.4005
-6.3043
-16.0691
-11.9250
-1.8377
2.6954
12.7692
28.9115
36.1416
25.0804
20.5299
21.9094
14.4686
11.6538
12.8524
13.5658
17.4799
16.7295
12.5914
9.3256
7.9574
3.7789
2.1411
2.3776
-0.5476
-0.6565
-0.7685
-2.8783
5.1308
9.5204
3.4516
0.9826
-12.4337
-19.4522
-22.7172
-20.8428
-17.9100
-15.2047
-19.6625
-13.6952
2.0550
22.0582
31.7096
23.7927
10.9508
9.3588
12.2266
12.0325
11.1388
2.5561
21.9470
29.5594
19.7515
3.9286
3.8257
10.2945
7.8099
23.3350
25.6877
16.7463
12.3425
7.5684
2.0002
3.0364
6.7242
1.2595
-6.1178
-10.3726
-9.5607
-7.8818
-3.3339
-6.9023
-10.5153
-8.4473
-5.4174
-4.3601
-4.4973
-7.4454
-2.1534
-0.4578
-0.8792
0.3019
-1.8957
1.4627
8.7100
4.1093
-1.3992
-7.4616
-14.8159
-17.1244
-17.3787
-17.0925
-12.2641
-11.3843
-12.6562
-12.3024
-13.8087
-10.9850
-5.1446
0.5588
12.5710
16.5876
12.4257
13.6842
12.3553
8.2228
-0.0265
-2.0930
-8.5908
-13.7208
-18.1745
-21.0750
-19.8187
-10.4806
-1.6857
-1.3496
-4.5525
-7.7716
-13.2037
-15.4806
-13.2819
-10.3047
-15.1584
-8.4862
-3.5875
-11.7785
-10.1609
-7.5123
7.5293
0.8709
-11.4338
-15.5890
-17.6491
-9.5330
-7.1438
2.4231
-1.6018
-12.1001
-17.3405
-12.9702
-13.8998
-13.6651
-8.5166
-8.8147
-13.0772
-12.0506
-10.1135
-3.0498
-4.6679
-13.7723
-11.8337
-3.5812
-0.3240
-2.5590
-5.9161
-0.9273
-2.2098
-4.5526
-1.8289
0.3249
-1.8345
-4.0049
-2.6929
0.1784
2.2885
1.9247
1.4372
-0.2725
-1.2999
-1.1420
-1.4299
-1.3320
-0.8509
-0.3647
-1.4898
-1.4112
-0.6831
-1.0499
-0.9065
-0.8894
-1.3620
1.3176
0.0412
-0.7881
-2.5519
-3.9744
-1.9745
-1.2440
-1.5335
-1.9248
-1.9601
-2.4290
-2.1033
-1.5685
-1.2554
-0.8411
1.1252
0.9427
-2.9473
-4.2805
-2.3387
-1.3926
-1.6820
-2.7011
-0.7465
0.1050
-0.1454
0.3028
-4.2063
-4.5164
-3.7388
-5.6417
-3.4684
0.2279

Coefficient 37:
0.0000
-1.8672
-2.2659
-3.7071
-4.7764
-3.4940
-2.7826
-2.0968
-0.9847
-4.7492
-3.5269
-1.0036
0.0423
-1.5828
-1.3279
-3.1043
0.1023
4.6640
0.4824
-2.0876
1.4544
1.6467
2.3085
2.6740
-5.1110
-5.5097
-6.5902
-5.2996
-6.3674
-7.0258
-3.8888
-3.1547
-1.2998
-0.7548
1.1742
-2.9306
-7.0588
-3.1719
-2.2904
-2.9743
-3.4272
-0.8197
1.0319
-0.8369
-2.0412
-3.0830
-3.0133
-0.6201
-2.8925
-8.8195
-10.4050
-8.6037
-5.9851
-2.5477
-3.7771
-8.1452
-5.9048
-5.5988
-0.4531
-2.4490
-5.9135
-8.3205
-4.3988
0.6506
2.6133
1.2075
-1.2722
-6.7328
-9.0073
-10.2184
-4.2001
-2.7798
-4.9649
-1.8036
1.6401
0.4677
-1.0293
2.8249
5.8984
-1.2411
-1.7907
3.0872
8.6942
3.5160
3.9289
3.4908
1.6014
-3.6805
-4.0392
-7.5432
-6.4742
-5.6511
-5.6034
-2.3846
3.4431
3.6050
-1.2734
-6.6263
-3.7735
-2.4744
-5.0154
-10.3185
-9.2630
-9.8716
-5.9754
-0.0592
-0.4013
-4.0617
-6.7938
-1.2849
8.7330
17.5819
23.2686
14.1114
6.2736
-2.8283
-5.0888
0.2412
15.2662
30.3143
23.4612
9.0367
9.7912
15.8992
5.5883
0.9818
-0.3185
-6.6428
-5.7193
-3.6231
4.0274
4.5670
2.1772
-2.3008
-1.3530
0.3413
-1.9213
-9.2830
6.6894
24.5640
30.0756
24.2884
13.3010
7.8662
14.5350
19.3088
14.9143
1.9688
0.1175
6.3376
6.6351
5.3252
7.8430
0.9962
-6.5866
2.7660
15.1553
25.8928
33.8846
38.9804
38.2976
28.5664
12.4117
6.7237
1.1855
10.8272
25.3159
19.8770
5.3749
2.3821
11.4868
10.9305
3.3774
-1.9717
-5.9388
-14.3932
-13.1882
-4.8442
-2.4902
-4.2602
-8.1449
-7.5100
-0.9632
2.4063
-3.3605
-6.2658
-10.3465
-13.4806
-12.2011
-12.0748
-9.8218
-4.6466
-6.3631
-4.5020
0.8264
0.6873
3.6458
-1.1062
-1.9710
-4.0656
-3.8904
-5.4205
-6.1844
-2.2562
-4.0273
3.1932
8.4106
6.8239
1.7571
3.0600
1.2092
2.7205
3.7231
1.2410
-6.6773
-9.9430
-4.5204
1.1140
0.1426
0.3604
0.1831
4.0200
5.9192
8.0175
2.2736
-2.1499
-2.7830
4.5634
8.4370
10.1702
3.6069
5.0018
3.7841
-3.5898
-4.7657
1.9189
8.1769
4.7965
1.8750
1.4325
-3.8810
-7.7197
0.7301
-2.3201
12.6164
22.1837
27.3378
26.6408
22.6754
20.1371
26.6657
27.1777
20.3877
8.0084
2.5699
3.5778
6.1135
-0.5044
-1.1806
10.1357
17.5924
12.5687
-4.5062
1.2343
1.5797
-0.9620
-4.4927
8.0094
12.2400
6.0395
3.1509
11.5189
7.4531
0.2835
0.0859
4.3393
-1.3190
3.1109
6.3917
4.1308
2.4591
0.2277
-2.4417
-5.0184
-8.1939
-5.1869
-8.1704
-7.6403
-3.0951
-0.2510
-0.0708
-1.6142
-4.4087
-1.1596
-0.2546
3.2139
1.1205
-0.3538
0.6059
1.3520
-2.0955
-4.5576
3.1263
5.2928
1.0239
-2.3678
-4.2615
-9.8169
1.2355
10.6185
13.4047
10.4381
17.4935
29.9239
35.5314
23.4197
11.2012
11.2051
11.5444
8.8730
14.0884
10.6406
2.9421
-2.3738
-10.7676
-11.3582
-5.8463
-2.1359
-14.1987
-8.7250
16.0363
31.9986
12.1636
6.4956
6.0353
11.4573
13.0588
3.7712
1.8862
2.4314
2.6872
5.2885
9.6024
15.1604
16.1013
5.5096
6.3382
-1.1939
1.1069
-8.3679
-19.0269
-16.4423
-4.7054
1.1067
-4.5761
-2.5208
14.2264
11.9104
-2.2157
-12.8727
-11.8175
-13.2062
-11.6727
-8.2901
-2.1495
-3.1841
-7.5499
-8.7766
-8.1195
-11.8780
-9.9788
-6.1513
-2.7227
-1.5534
-7.4925
-5.9709
-7.5395
-3.6602
1.3897
8.9276
15.2897
18.6771
24.1955
27.6526
25.6997
16.2160
12.0724
9.7468
9.2021
17.0430
26.1656
30.0959
24.3831
27.8690
32.5325
33.9448
36.6781
32.7888
22.1420
7.9365
12.5472
11.2941
5.4980
-1.3307
-2.6503
10.8445
25.2737
34.2338
37.5951
41.1533
47.9433
42.5740
38.6426
40.6445
36.0361
29.1635
15.1431
5.7093
4.6581
1.1448
-0.2901
-0.4694
7.9852
27.9709
30.6269
25.8798
21.7860
15.7638
11.1039
7.7295
-0.2732
-3.6296
3.7612
6.6941
6.8357
16.6741
10.2077
-1.0915
4.7591
5.1667
0.1040
-4.4236
3.0027
14.0240
22.7255
27.0301
32.1262
32.3239
25.2983
15.8624
7.8798
2.6396
3.0847
1.9075
0.3572
0.2012
-0.5281
-2.8774
-2.6512
-0.3929
0.5185
-0.1532
-2.7095
-2.5879
-1.7792
-0.3322
-1.2426
-3.5114
-1.9162
-1.9608
-1.4032
-1.0303
-0.7971
-0.1130
-0.1521
-4.5564
-4.2698
0.4539
0.3405
0.4766
-5.2356
-4.3064
-11.5844
-9.5670
2.5263
3.9011
1.0568
1.8537
9.8700
3.9787
-7.2929
-2.9252
14.9834
27.1519
25.3847
12.2916
5.6167
4.9751
7.8695
4.4178
10.8283
20.3407
23.1453
11.4135
10.1017
17.1184
11.7726
-4.9597
-12.4302
-7.9665
11.1257
27.2054
25.1365
16.9384
13.4058
9.4812
13.9620
26.6181
34.6645
30.0014
20.4442
11.1454
4.3546
10.7433
20.0547
24.2848
12.9460
7.6343
4.4201
-2.3873
-7.2410
-14.6376
-21.2725
-20.2637
-17.4944
-15.9359
-9.5841
-1.5133
-3.3192
-2.5523
-8.2096
-14.1023
-18.8632
-22.6103
-22.6375
-18.7213
-17.3747
-11.5047
-11.2521
-12.6785
-8.3944
1.7002
11.2724
11.4871
-0.1785
2.3956
14.8077
13.6465
5.6257
-2.8578
0.3041
-4.9737
-12.5986
-12.7025
-7.5809
-5.1357
-5.8910
-4.9724
2.9041
12.2403
1.0232
-14.5411
-15.5128
-19.1077
-25.0929
-16.5918
-5.5763
2.0864
9.8146
-6.8331
-8.7484
-1.6958
-0.5425
-5.5186
0.0296
3.5679
1.9285
2.7968
1.1040
-1.6492
-9.2913
-12.3348
-13.0787
-9.4947
-4.4662
-4.7793
-3.8226
-6.1404
-1.4212
-4.7495
-7.6199
-3.6595
-2.6200
-1.5022
2.5239
-0.0978
-0.0904
-1.2092
-0.4069
0.1977
-1.1167
-0.9260
-1.4196
-1.9732
-0.9861
-1.0113
-1.8672
-2.0287
-2.2868
-3.2019
-2.4935
-3.3472
-3.7460
-2.0451
1.0065
1.2511
-0.2901
-0.5242
-1.6713
-3.5486
-1.9894
-1.0419
-1.1893
-0.5913
-1.4836
-1.4181
-1.5314
-1.4957
-1.4325
-2.2926
-3.3961
-0.3680
25.1997
20.5457
13.2222
18.7443
22.7018
21.4967
13.9128
1.8850
-0.7042
-6.1290
-6.9568
-3.2731
-5.1944
-5.7658
-3.5739
-0.3901
-3.1498
0.2435
10.8989
19.3295
24.2304
12.7267
2.1392
8.6536
10.4252
5.4010
-0.9940
-0.1127
1.3304
2.9424
16.6391
18.7250
11.4434
6.9283
3.5492
-1.0409
-5.5557
-11.0500
-13.0535
-8.7548
-10.9144
-1.1905
1.1011
-3.1713
-4.7103
-5.8810
-5.9315
-2.9136
-3.5745
-4.6235
-0.0447
2.9646
12.6303
10.0820
-3.4170
-9.0146
-3.7496
1.8053
1.7562
-0.1500
0.6987
4.1095
3.7805
9.2149
13.6280
20.7523
23.1229
16.6255
26.0564
10.1257
-9.8135
-15.3849
-11.4902
-6.0224
-3.3437
-2.1802
5.7764
14.7968
19.7753
8.9518
-2.8720
-0.2428
14.8377
29.5804
30.8330
30.4449
25.5383
17.3796
2.7279
-1.9380
-2.8540
6.5920
8.6840
5.0723
6.7820
4.0013
-3.9634
-10.3594
-7.8483
-4.6611
-2.8044
-6.2703
-5.5304
-12.2371
-13.6911
-7.1007
2.9223
4.5390
3.8139
24.7793
22.9186
25.7694
34.4024
38.1645
42.1080
45.2582
50.6354
41.5966
30.1643
22.0723
18.9392
14.1918
11.0938
7.9101
5.3190
3.9152
-0.2555
-0.6822
-0.8232
-1.7015
-2.9590
-3.6687
-1.4427
-0.7617
-1.6324
-2.2067
-0.0886
-0.4964
-1.8177
-1.2240
-1.5894
-2.4154
-0.8555
-2.4677
-2.8549
-1.0779
-0.8331
-0.8529
-0.6184
-1.0357
-1.8293
0.4046
-2.9221
-9.2431
-9.1595
-5.0211
1.6565
-0.8784
-1.3275
-3.0022
-1.8862
-4.6318
-6.9077
-7.2102
-1.2023
-2.6467
4.0205
5.3180
8.5680
12.9360
17.6084
14.1833
11.7970
2.7881
-2.8798
0.4011
3.0729
-0.7861
-2.2886
-0.3104
1.3375
-1.6881
-4.0654
-4.1471
-3.1508
-0.7704
-0.1079
-1.6580
-0.3781
-3.2894
-3.2954
-3.4256
-2.5177
-0.2153
-0.2958
-0.9540
-2.9556
-1.7495
-0.9834
-1.0023
-2.8655
-1.2298
-3.2437
-4.5312
-3.7649
-4.6139
-3.7041
-3.1991
-4.1171
-3.9510
-3.6136
-0.7991
-3.0574
-4.1012
-3.9396
-3.4305
-2.2643
-2.7424
-1.9729
-1.9558
-1.8445
-4.5364
0.0563
-0.0498
-1.4767
3.1723
8.2011
3.1674
-12.5901
-19.2198
-22.0413
-11.6427
11.9842
22.3696
25.7904
32.5664
29.6053
17.0175
6.0571
10.0419
18.7827
10.1362
0.9625
1.4033
2.6205
11.4762
12.7080
2.1864
-0.6730
-2.4863
-6.0521
-5.6224
0.4003
8.3403
17.4348
18.2923
21.2725
31.0369
19.4990
1.5030
-7.9295
-4.0174
12.9578
23.7144
27.3269
15.7132
6.8389
0.4470
-4.3536
-10.8534
-9.4536
-3.3337
0.4580
-5.9529
-6.5982
-4.0636
-3.5210
-2.8132
-9.4835
-8.7167
6.7358
18.2335
24.7202
27.3986
30.4005
36.2206
32.4331
21.9742
19.9045
12.5782
1.5005
-5.1023
-4.2193
10.7462
12.0365
-0.2039
-12.6618
-15.8576
-7.9579
3.1445
-6.9454
-11.7571
2.0383
14.9152
9.1170
-6.8841
-12.5350
-8.4050
-2.7825
-1.8378
5.1175
20.5103
23.6021
11.2334
18.6266
21.2654
22.1608
24.1645
21.6386
9.1306
-0.0570
-0.7743
0.1388
-6.0351
-18.2741
-21.3339
-19.0754
-13.4973
-9.0888
-10.8000
-11.1526
-13.2212
-6.6685
8.1581
3.4736
-5.8856
-6.5217
2.3487
2.0935
1.1646
6.6721
10.1120
6.6382
4.2438
0.9123
16.9089
10.2631
-0.6675
-5.0943
-5.0599
0.5749
1.8537
4.5712
7.7878
-1.1758
-6.0010
-11.6356
-18.4638
-16.3065
-14.2723
-20.2797
-16.9758
-15.1176
-18.6305
-14.1245
-14.9139
-9.0179
-7.2125
-3.7033
-1.4931
-0.8582
1.2884
2.3991
3.9066
1.9936
2.5552
3.7581
4.7281
5.7569
5.5756
7.6671
6.5406
2.1100
0.3548
-2.5082
-1.0746
-1.3274
-2.1188
-1.0775
-0.6466
-2.1076
-1.4194
-1.1379
-1.3382
-2.0187
-1.3797
-1.1622
-4.1526
-2.3344
2.2120
4.8201
-1.9294
-5.2783
-14.3747
-15.9639
-11.2919
-12.0802
-8.3720
-7.6955
-12.0908
-14.9169
-9.9133
-9.3777
-15.9792
-14.8574
-4.7342
-1.6271
-1.1842
0.1564
-3.5744
-2.3322
-2.6102
-5.3477
-3.0121
-3.3938
-2.2053
4.1453
0.9469
-0.6832
3.6076
8.8668
17.3014
29.3735
35.4150
32.2192
20.0947
15.5383
15.2935
12.1602
6.3509
2.2782
-3.3110
-8.9807
-4.4228
5.0843
5.5620
2.1779
3.5612
8.3252
10.7605
15.7924
18.2078
15.0736
10.6128
4.3319
3.2257
6.5937
9.9870
14.9534
15.7053
23.3326
17.3607
9.3295
11.7974
13.2304
19.9503
25.9851
27.4610
22.2957
23.7501
24.6209
20.0509
11.7841
5.1967
3.0737
-2.6669
1.8452
-7.2619
7.8607
19.8152
33.0685
43.6607
38.8618
34.0995
40.9547
40.2354
28.6433
14.7554
8.8689
11.0831
13.8103
7.6942
7.0942
6.8271
12.0828
13.7490
14.4743
11.2120
5.9382
5.3179
3.1899
5.5601
13.3642
20.4411
21.5132
25.8289
31.7011
27.9806
21.2598
12.0298
6.5831
3.2158
1.7325
-2.8307
-2.3069
1.5276
-2.0634
2.2293
8.8577
14.9291
21.8795
27.1955
29.6377
26.5353
23.3409
19.9885
8.2274
6.7778
10.9705
10.4132
6.8057
5.2169
5.8723
-3.8871
-6.2898
-8.2071
-5.1212
1.6053
12.8022
23.1755
22.6627
5.3219
-11.1648
-17.8043
-14.9443
-10.7248
-9.3552
-11.0403
-15.3059
-9.6699
-5.7238
-4.0576
4.7325
12.1947
3.2034
-3.0867
1.8246
1.2775
-3.5522
-3.5798
0.6899
-2.6907
11.6779
18.8488
17.7543
7.2181
13.3292
17.1719
10.5604
5.2407
12.4027
18.7965
11.7898
0.7814
-3.6658
2.4058
4.9414
-1.9495
-8.2908
-11.0147
-14.8060
-15.3943
-11.6397
-12.9411
-8.3457
-3.9494
-5.3211
-6.6476
-4.2855
0.4820
0.6754
1.5685
-3.3413
-7.8368
-4.8179
-1.2955
1.1243
-0.7014
-3.0376
-3.2688
-2.7512
-1.1234
-3.0724
-7.1809
-8.0652
-7.0328
-4.6116
-0.3421
0.8876
1.6195
2.0278
1.0970
-0.5263
0.2575
10.2947
26.0474
32.6483
24.2850
12.1326
6.0864
2.7568
1.5249
1.7313
3.5825
11.0118
4.9554
4.1607
19.8127
16.5978
8.2926
1.0684
5.4696
-0.2515
-0.5083
0.4745
0.3670
4.6738
16.4750
22.7066
14.6530
4.9066
4.4757
9.6168
7.4008
-5.1663
-1.2065
0.2319
7.6091
9.8952
-0.4193
-6.6982
-14.0381
-18.6089
-12.8309
-4.1744
-6.2223
2.7116
18.4999
8.9828
-2.2204
-13.3914
-16.0228
-12.9474
-7.9187
-11.0277
-13.4811
-5.4754
8.3070
0.1331
-8.3562
-9.8984
-8.3063
-5.0767
-3.1139
7.9290
12.6225
2.8673
-3.3392
-6.2556
0.2799
9.9041
3.7519
-10.2378
-10.5507
-5.2506
-5.8838
-0.6721
5.4252
5.6145
-2.8320
-4.4188
-2.4420
-6.6249
-6.3115
1.4311
11.6523
5.7247
-5.7995
-9.1111
-6.5069
-4.1603
-3.9059
1.0746
-4.6280
4.1760
1.9484
-6.0230
-7.9876
-8.2731
-6.8859
-3.4467
11.0904
10.9723
6.8606
-3.8085
-10.9725
-13.5006
-17.2261
-13.3114
-13.8712
-16.1953
-15.9679
-10.7355
-4.5375
-0.4191
-1.4857
-1.5084
-2.0076
-5.0252
-4.3265
-2.8231
2.1618
2.1688
-2.0517
-2.1968
-3.6178
-9.0140
-10.8262
-12.9265
-8.5188
-0.8470
-0.7609
-0.0615
-11.3675
-16.7162
-20.9307
-17.2217
-15.4286
-12.8284
-11.0893
-2.4890
0.1945
-1.4934
-4.8194
-10.3815
-3.0515
0.3069
-0.8310
0.2304
4.8841
-1.8703
-12.7952
-15.6251
-16.4843
-14.4518
-14.1979
-15.3888
-16.6388
-13.8577
-4.6832
-1.8604
-2.2499
-4.3431
-2.1787
0.8747
0.5882
0.8042
0.4315
-0.0790
-1.7864
-1.8379
-4.1599
-4.4031
-1.5536
2.5603
-0.2217
-0.6603
-3.9607
-3.9258
-4.1189
-3.5529
-1.2301
0.7207
2.0749
1.1861
0.1626
-1.1459
-0.5855
-0.8068
-4.9050
-8.4937
-11.9325
-1.5037
12.3015
23.9028
35.6679
41.2562
39.6535
37.6134
40.7520
43.2998
37.9812
31.6313
35.3397
35.9126
32.3975
28.8708
24.2667
24.6234
24.1903
13.2243
4.5224
-1.0968
-0.2961
2.6832
4.5592
-0.8202
1.3059
3.3242
-3.3335
-4.3238
-5.7412
-2.5449
-0.2983
4.9171
4.2179
5.2186
14.9248
17.6979
14.1580
5.3803
8.0147
6.6411
2.3488
16.7177
17.6656
10.8875
23.3039
28.7283
19.7789
21.2111
31.3045
25.1547
11.0018
7.4793
15.5502
7.5713
6.5189
15.6847
15.2930
9.8283
2.3319
0.1343
12.1279
26.0380
27.9944
35.0919
41.2814
41.5887
41.5032
40.0948
38.1203
36.3659
33.6907
25.2671
11.0904
-0.8556
-8.9884
-6.8769
-9.2758
-9.0910
-8.7013
-1.9218
-3.7234
-6.4417
-2.3435
9.2284
8.5857
0.7785
-7.1876
-7.2126
3.2198
22.0572
36.4842
28.6439
7.9770
-7.0022
-4.6056
-0.1151
3.8101
9.1364
11.9806
8.8433
6.7414
4.2412
5.5704
11.0961
7.9413
2.9444
8.8396
16.3284
15.1698
11.5980
12.9002
7.2126
3.3044
1.7259
6.6190
4.4725
4.8761
2.5669
-3.3250
-5.6489
0.0051
13.6575
12.5277
-1.7595
-4.0839
-0.0672
-2.6697
0.4103
0.1430
14.9223
23.9539
26.7504
26.3839
25.3844
18.7011
15.8147
16.8407
22.2099
20.1798
13.1233
17.1926
15.4028
6.7964
2.4732
4.5649
7.0491
5.2746
-11.7686
-11.6246
5.1584
8.0394
1.1086
3.1402
-6.6107
-15.8600
-13.1546
-2.7895
0.6141
1.5359
-1.0567
-0.0711
0.2735
1.2854
-6.2738
-8.9135
-6.4350
-8.5855
-13.4020
-9.1747
5.6434
-2.5862
-10.6041
-11.6458
-9.9432
-5.4727
-3.5887
-1.4557
0.3328
-1.4160
-1.3136
-2.9035
-2.4409
-1.2814
-2.8035
-2.1958
-4.4052
-4.1427
-4.5830
-5.0166
-2.4618
-0.7717
0.0397
-1.2443
-1.7514
5.2314
18.9544
21.0922
18.9884
14.9163
14.3481
7.8254
6.6223
3.3757
7.2638
12.3711
11.4341
8.8290
8.6656
2.6366
0.6679
1.6383
15.0885
18.2207
3.8035
-8.4099
-11.5370
-11.9129
-10.3556
-0.4078
-5.2191
-4.6395
0.3044
-0.8785
7.5350
19.7566
18.5804
9.6082
7.4489
12.9307
27.4916
27.8840
24.9789
26.8723
29.0879
23.2957
11.3171
9.0260
6.3275
2.3396
1.0771
1.3450
-0.0801
-0.1496
-0.0852
-3.0672
3.9833
12.0002
24.9553
20.4396
-0.0031
-5.1543
-7.2807
-4.7334
-2.1944
-7.9335
-8.5386
10.7761
31.5360
40.6240
37.6040
31.9911
22.1291
14.0984
17.1494
14.3121
16.3052
15.5373
18.5070
31.6955
30.1391
17.5482
13.9869
16.6601
1.5560
8.0190
15.9925
15.2698
16.6061
12.6145
7.2246
10.8699
13.9977
1.7967
-10.3356
-13.2932
-2.5131
2.1899
6.2617
-3.5384
-11.7775
-12.2190
-8.2124
-6.7053
-7.5052
-7.5695
-3.8826
-0.5068
-1.1774
0.1061
4.5437
2.3829
8.3584
0.8379
-4.6469
-7.9194
-2.6028
3.9847
-4.9547
-17.2194
-19.6169
-22.6350
-23.5880
-17.0685
-13.0795
-7.9740
0.5192
5.1568
16.1988
34.3182
38.9225
37.0921
31.2415
26.0925
7.4626
-3.5327
-4.4184
-5.0281
-3.8511
-9.3953
-4.5877
-1.7103
-4.3336
-3.2299
-0.6231
-0.9366
-5.6019
-16.3887
-16.0283
-13.2748
-13.5702
-7.8016
-4.7780
-9.5354
-8.4098
-5.3761
11.6979
3.7812
-3.5466
-12.1296
-7.3930
-1.6160
1.5273
9.7218
6.5672
-1.8414
-9.0030
-9.2637
-9.4144
-9.9385
-10.3667
-6.5003
-9.8488
-7.8481
-5.2498
-3.5579
-5.8863
-6.4198
-2.9737
5.2408
6.2941
1.4101
-0.7495
2.2914
1.9307
-1.4121
-1.6028
0.1102
-1.4580
-3.8916
-2.5469
0.2525
1.1283
-0.5246
-1.1834
-1.2749
-1.1357
-0.9090
-1.4988
-1.3460
-0.8219
-0.0905
-1.3020
-1.3777
-0.5730
-0.9800
-0.7452
-0.8944
-1.4957
1.0208
-0.1293
-0.8055
-2.4015
-3.7774
-1.9038
-1.2270
-1.4200
-1.6648
-1.9278
-2.5511
-2.2057
-1.3993
-1.1157
-1.0628
0.8570
0.8574
-3.2521
-4.3875
-2.2184
-1.2931
-1.5090
-3.2430
-4.5776
-2.3301
-1.1687
-1.9991
-6.1954
-2.6294
-7.1359
-10.3665
-5.7888
1.3898

Coefficient 38:
0.0000
-2.1211
-3.9515
-4.6881
-5.2582
-4.7585
-2.5646
-2.1243
-1.5863
-5.4548
-3.6794
-1.3268
-0.1643
2.0063
1.4476
0.1941
-4.8322
-2.6402
-0.4775
1.6568
3.9163
2.3838
2.2702
0.2618
-2.4285
0.7369
2.3078
3.7419
1.9978
0.0845
0.5524
-1.5922
-3.1829
-1.0639
0.7541
-0.6207
-3.1878
0.5145
0.7046
2.3184
3.5125
8.5161
3.4238
-0.1806
-1.6586
-2.2714
-4.9194
-3.4467
1.0018
1.4550
-0.3059
-0.3674
1.0029
6.0126
-0.7683
-6.0325
-3.8460
-1.9625
-2.3794
-2.3528
-2.9654
-5.0055
-2.0095
-0.8987
-2.4767
-1.2700
-0.1292
-2.9592
-3.8497
-2.1905
-1.2966
-2.1686
-2.8506
-2.8065
1.6604
-1.0651
-2.5115
-5.2547
-1.6300
-1.7700
0.3011
3.2285
5.3166
1.6480
0.5308
-0.3218
-1.3030
-4.5674
-6.2669
-1.8420
-3.2846
-3.7131
-6.1275
-8.1575
-10.2849
-7.4735
-2.1908
-3.3117
-4.1925
-3.5254
-5.8959
-10.7114
-9.3653
-10.9785
-9.5071
-5.7043
-0.5785
-4.1812
-9.2833
-2.0526
6.2721
16.2162
14.3589
7.2999
2.4984
-5.9348
-6.2176
-1.2239
9.7285
13.9078
1.1681
-11.1792
-10.6024
-2.3255
-6.3822
-6.9758
-8.6661
-9.1341
-12.5880
-7.9406
-0.1497
4.3008
2.0444
-4.2258
-3.3522
-0.4018
-6.5468
-13.0015
-1.7205
13.8492
27.3421
34.5277
26.8434
15.3531
18.2700
20.7923
23.1216
17.5747
6.1776
1.0554
3.9802
7.3311
10.8175
3.8943
-7.6870
-5.7653
8.9400
20.7090
35.1405
42.7297
39.6820
23.6225
7.2376
2.4049
5.9742
5.0981
17.1111
21.2793
8.2786
2.3180
12.5919
8.1361
4.2916
-1.8969
-1.7874
-1.4179
-6.2026
-9.6572
-7.0510
-9.3021
-10.1947
-5.5777
0.9866
13.0985
17.2250
20.1692
21.1165
6.9310
-2.2243
0.1359
1.4531
1.1114
-1.5703
-2.2541
-3.5011
0.5490
5.7006
1.0838
-2.8865
-1.6498
0.0808
-2.3234
-3.7205
-1.5363
-5.6451
3.8116
15.3837
17.0317
5.8615
5.6783
3.2531
2.4991
-0.9018
-0.5679
-2.3927
-9.5345
-2.5894
2.7618
3.9620
-3.7384
-11.8121
-7.9567
-2.6295
-3.6519
-9.1018
-14.0248
-10.9723
-2.7322
3.0430
5.1215
7.2296
0.1832
-4.7229
-7.5290
-7.3009
-3.7675
1.7296
-7.4179
-8.2906
-5.9500
-2.4540
-9.9070
-3.4634
-10.7983
-5.3087
10.7282
23.2543
32.3868
40.5353
34.3996
28.3152
29.3585
28.0305
16.1740
8.8662
9.7703
17.2473
23.5999
27.5159
31.2841
26.6692
16.6161
3.7647
6.1926
8.5914
6.8525
-0.3887
7.3973
19.6637
26.0065
25.8291
32.9546
29.6178
13.3649
6.0362
6.9665
-2.1294
-2.0833
3.3948
1.7788
-3.3394
0.8727
1.3706
4.2940
3.3335
2.3910
-2.4403
-7.4529
-3.2486
0.7079
1.2689
-1.8694
-7.2029
-9.7060
-4.8067
-2.6205
-2.3840
-1.0052
-1.1215
-4.0087
-3.9171
-4.4455
-4.4692
-5.5676
-7.1137
-5.0753
0.8283
-6.7994
-1.1758
13.6159
18.6793
20.4581
27.7530
34.0354
31.8344
24.5147
12.7541
6.7535
4.7645
4.2687
8.9638
8.6037
10.5772
13.4783
3.0014
-3.0033
2.3798
5.6751
-6.0846
-15.8352
-5.6541
3.8755
-1.1244
-5.8078
-8.2800
-2.9985
-3.4751
-5.3134
-3.7625
-1.4187
-1.8686
1.1466
4.0074
6.4183
8.9879
3.6906
-1.7632
-6.4780
-5.1693
-1.7722
-3.5863
-12.0002
-10.3132
-4.5017
-4.2223
-0.8697
13.0669
14.8754
9.4433
1.3474
-1.5494
-9.5996
-12.2091
-10.0750
-7.0913
-5.2124
-9.1607
-8.5934
-8.5372
-7.2900
-2.8253
-1.3988
-1.2517
-1.3965
-8.0935
-6.0636
-3.9508
-2.5687
1.0544
7.1273
17.5139
23.7865
32.9465
32.3036
22.1654
6.9618
6.9648
1.4549
1.2587
1.0246
7.8821
16.7056
22.1527
27.7625
29.1918
30.2851
33.9967
23.2394
19.1692
13.9813
14.3534
10.9606
8.8851
-0.8937
-12.1541
-2.9542
10.9489
20.6818
20.7094
21.0180
36.6159
42.5566
42.4891
35.6971
25.3927
14.2468
6.2763
7.4119
9.3220
3.3894
-0.0529
-1.9713
1.4655
12.9747
19.7197
18.7432
10.3526
6.8239
4.0869
-0.9215
-4.9295
-9.7054
-4.9150
3.3172
6.4056
16.1227
17.6095
5.8492
-0.1413
-0.0499
-2.6617
-1.0913
-1.0693
11.2352
23.0258
25.4578
22.3911
17.8575
19.9669
16.3756
6.4674
3.6318
4.1661
1.0875
0.3547
0.2882
-0.3144
-0.8849
-0.8949
0.2510
0.3290
-0.7181
-2.8227
-2.5114
-1.6136
-0.0608
-1.0618
-3.2533
-1.6297
-1.8840
-1.2787
-0.9392
-0.7266
-0.0737
-0.0909
2.8692
3.9276
3.0213
-5.7419
-6.1210
-5.3745
0.2220
-6.5167
-13.5908
-16.1322
-13.8032
-12.7056
-13.9227
-7.3604
-6.1409
-13.9977
-19.5733
-11.0099
-0.3275
1.0236
0.6594
-8.0848
-8.4556
-2.1968
2.7970
6.5360
16.8038
31.0156
28.5143
29.5576
35.2675
28.9634
13.5246
3.9027
7.9817
23.6086
23.2059
13.6297
3.7713
-0.6823
-6.6355
-6.3336
6.5019
11.5097
14.4492
13.0386
6.5063
-0.2936
1.3605
4.7034
13.6019
9.9864
-0.1785
5.0567
5.1033
5.8043
4.3468
-1.7341
-11.8755
-16.1656
-15.8539
-9.9440
-1.7639
-1.8409
4.3712
1.0173
-4.2793
-8.8279
-12.0545
-8.8136
-6.5608
-6.7810
-3.6946
-0.5893
-2.3960
-3.9156
-0.2834
10.3665
10.1366
3.2147
15.8420
27.0317
18.7374
7.4964
2.7655
12.3178
10.8497
-5.8181
-10.0305
-2.2894
2.1248
0.5012
0.7625
-0.5338
12.7217
15.1660
3.6397
0.7703
5.4695
-8.2329
-13.1659
-1.1834
0.8709
7.4619
11.5636
3.5101
5.8521
7.6218
1.9667
7.4615
13.4996
14.9546
11.5410
10.6240
9.0383
8.1187
4.0621
-1.3447
-2.0899
-3.1019
-1.8735
1.1201
-0.7346
-4.2955
-6.6383
-7.7254
-7.8757
-11.9026
-9.0843
0.2665
1.7765
0.0322
-1.1485
-0.1386
0.2496
-1.5968
-1.0952
-0.7511
-0.5962
0.3731
-0.6852
-1.8877
-1.7580
-2.0018
-3.0747
-2.5181
-3.4414
-3.6297
-1.8650
0.7702
1.2278
-0.1775
-0.5206
-1.4725
-3.0163
-1.7686
-0.8525
-0.7194
-0.6151
-1.2817
-1.2705
-1.5449
-1.3244
-1.4983
-1.9615
-2.9873
0.2081
18.7175
11.7053
5.9999
14.0114
17.2962
17.2106
8.4020
-2.7366
-2.1069
-1.8353
-5.7158
-6.6405
-3.8826
-5.1977
-3.3012
-1.4187
-1.8047
-1.2899
4.9613
11.1428
17.4687
11.9738
1.5934
3.2600
8.5075
7.9867
3.1131
5.3982
4.1985
0.0035
11.4455
17.5257
18.1597
20.3201
19.8661
12.8233
6.6890
-0.3967
-3.0366
-0.6062
-8.5050
-4.7311
-2.2362
-1.7838
-1.7574
1.9040
3.3512
1.2310
-2.2821
-6.8840
-7.5162
-3.6851
2.7675
7.4891
4.1524
-5.6638
-7.2991
2.8075
0.6294
-2.4689
-3.5914
1.6476
2.8039
3.1082
8.0222
15.4125
18.3674
16.7782
31.1972
33.6674
14.0399
0.5014
0.9982
0.1211
-2.4815
-1.4178
0.2304
-3.4333
16.8578
16.9879
12.5916
13.8305
25.5332
33.3148
38.3592
40.9313
38.6674
31.3007
15.9429
4.2187
-0.0135
3.0027
5.3825
2.1467
7.2940
9.9706
1.2517
-1.8783
-1.1453
-3.5607
-6.2681
-3.3975
4.6281
0.8023
-0.6685
7.7506
17.1912
15.9164
12.1001
26.6546
34.5870
39.6430
46.1519
45.2150
46.5533
38.5351
30.5801
20.7271
17.1768
16.2745
9.0652
8.6386
6.5393
6.3285
4.5699
5.1502
2.8514
-0.1838
-0.9558
-1.5765
-2.5030
-3.2440
-1.2786
-0.5910
-1.4625
-2.1763
-0.0018
-0.3790
-1.6965
-1.1680
-1.4129
-2.2066
-0.6299
-2.2938
-2.7586
-0.9205
-0.6473
-0.7833
-0.5891
-1.1369
-2.3027
1.2692
1.0451
0.1772
-0.4775
-0.1989
-1.0525
-1.2174
-1.0590
-2.8471
-1.6656
-4.7763
-7.0966
-7.0183
-3.0729
0.3344
3.9160
1.5642
7.0527
15.2377
27.5537
24.1126
16.7705
11.1903
9.6089
7.0686
5.2165
0.3792
-0.2034
1.1089
2.4554
-1.5654
-3.9186
-3.7674
-2.7653
-0.0375
0.2159
-1.7289
-0.3641
-3.0558
-2.9109
-3.2119
-2.2584
-0.0913
-0.3261
-1.6713
-4.0666
-2.5137
-1.1868
-1.0006
-2.7569
-0.8003
-2.4725
-3.8976
-3.5751
-4.7004
-3.4581
-4.0193
-4.0481
-4.1390
-3.8835
-1.0121
-2.0186
-3.1504
-3.4030
-3.3872
-3.5437
-3.5881
-2.0379
-1.4569
-1.6321
-4.8622
-3.6758
-8.5198
1.8552
13.8408
24.2912
19.5987
5.2769
-7.4853
-16.4929
-9.9252
13.5377
27.9215
25.9231
26.4646
26.8091
21.0550
14.2838
13.2695
17.3699
18.0168
9.1610
6.9267
0.1003
12.3963
22.3480
20.6508
14.5687
7.1379
-0.4977
-0.7457
6.5796
5.8648
12.7024
23.8390
27.2530
33.6020
32.7311
24.0863
13.0644
4.4643
12.3605
19.3457
22.5585
19.8067
13.1902
2.2236
-0.3968
-6.1206
-6.2210
-2.5780
0.4483
-7.0441
-8.9500
-4.5543
-5.8133
-6.3439
-7.8266
-7.7889
-4.0526
6.9921
14.7199
19.9210
16.1997
22.6868
26.1695
21.9915
27.1658
24.2489
12.7314
4.9919
2.9819
7.3676
16.6529
15.2367
5.4896
2.6079
7.2872
15.6676
5.4859
-1.1691
9.2077
25.6601
21.8224
-0.8288
-6.9734
-1.6128
3.7659
-2.5615
-4.5242
10.9944
28.3857
29.2648
35.8782
40.6958
41.7645
36.6984
25.8091
11.4836
6.2484
11.6471
14.1567
12.4781
2.9797
-0.8067
-8.5867
-7.8012
-4.4190
-2.8817
-3.8538
-4.9042
-0.1340
12.5866
13.7048
9.7419
4.1870
5.8180
-1.2309
-3.9706
5.0687
8.5816
6.8727
1.8328
1.5530
14.2366
23.6031
16.9347
8.1256
2.6697
6.5247
5.6660
5.9771
11.4666
6.8127
-0.3165
-7.1153
-15.9916
-13.8953
-10.0092
-15.1595
-15.6793
-15.0006
-14.7267
-8.9225
-8.8639
-6.0441
-7.0848
-5.0921
-4.1708
-3.5311
0.3664
-2.2565
-5.2504
-5.1107
-4.2015
-2.4116
0.2145
-4.1352
-7.7034
-8.3932
-7.4171
-3.0668
-2.8348
-2.6049
1.6222
1.1667
-1.5028
-1.4107
-1.6246
-2.1205
-1.3061
-1.0056
-1.2434
-2.0248
-1.2212
-1.7896
-3.4441
1.5180
7.3114
16.7768
18.8245
15.5672
2.4084
-5.8876
-0.5864
-3.6104
-0.7840
-5.3667
-9.1391
-15.8962
-19.3891
-18.3063
-18.1377
-9.8691
-2.9347
-3.4982
-2.9134
-2.3145
-3.2101
-5.1382
-2.0819
-4.3993
-4.7275
-2.6872
-3.9544
-8.9816
-9.8635
-8.8900
-6.5844
-2.1026
12.8124
21.4755
21.0726
12.5112
5.8260
2.6698
4.8435
2.5246
-4.0043
0.1909
-4.3930
-12.3335
-8.6360
2.2252
-2.5822
-8.2403
-7.5531
-5.6073
-6.8600
-11.4528
-12.0745
-11.1426
-3.9582
-2.9416
-5.3991
-5.8318
-0.7374
6.5266
0.5401
14.2164
22.1273
17.7439
2.6986
-9.7542
-6.7669
1.1628
6.0278
6.7446
4.1962
12.5293
16.9546
10.9246
1.7077
-5.6787
-8.4131
-5.1108
-6.7499
-7.0524
1.1815
14.9839
19.1457
12.5103
12.1128
15.9515
17.1160
13.3125
5.4499
0.9756
0.7186
-1.1204
-4.8137
-2.5161
2.2335
6.6100
7.1868
7.5096
2.4652
1.3717
-0.6611
-7.7647
-5.7967
3.9628
12.2900
17.1718
21.0987
28.3490
29.8708
26.2930
17.0595
10.4131
5.7619
6.6708
9.7816
6.3883
4.3964
-2.3230
-0.3862
9.8423
19.2932
21.2074
19.4441
15.9555
8.5786
7.7840
7.2606
5.6918
-0.1881
0.6685
6.0220
11.1405
1.8049
-0.6986
-4.9364
-2.3083
0.4577
1.3240
5.9121
14.6381
24.4832
31.9543
20.2856
6.6087
0.4133
-0.0454
-1.9218
0.5850
4.5818
-2.6043
0.2144
1.5965
-3.3296
-1.5419
2.0305
1.3864
3.9606
9.9024
9.1450
3.7551
0.3813
1.6657
-10.1582
-2.2611
13.9789
25.7646
21.2980
27.7591
28.5475
22.5770
10.4000
-7.3684
11.6639
17.0111
20.3790
22.0562
27.0272
28.5129
19.5411
11.5780
21.3029
14.1572
8.1384
4.9407
3.8757
5.8190
8.1222
3.9736
-3.4710
-4.3403
0.1111
1.7796
2.1268
2.4766
-0.5682
-1.4158
-1.1490
-1.0257
-2.2983
-4.2595
-2.8732
-0.4087
0.3342
0.9896
0.4591
-5.3833
-6.7402
-4.5482
-3.5387
0.2385
2.3515
2.5459
1.2399
-0.3950
-1.1222
3.1292
12.8417
26.8058
27.2810
19.4680
12.6185
6.1288
1.7606
0.0409
5.2489
12.3426
12.3854
11.0242
26.2207
24.2806
7.8053
-0.5130
3.8810
-0.2793
-2.1642
-1.5324
-4.9222
-6.7729
0.9812
11.6418
13.6433
11.0175
6.9014
10.6761
15.3092
6.5689
0.6288
2.3787
3.8782
15.4924
16.6702
9.9503
6.3544
-2.8009
-6.3318
-4.2788
-0.5544
-1.7278
17.7832
22.9470
16.4317
0.0642
-14.1595
-21.7208
-20.3595
-13.2527
-11.9323
-3.8833
8.4433
4.3955
-0.6418
1.0636
3.3835
-5.5668
-3.7893
17.8306
24.6259
22.6241
14.1729
6.2204
8.3345
11.4049
9.3750
3.1594
-0.1517
1.8654
-1.8786
6.5051
4.1441
7.4949
15.2028
16.5255
13.8650
12.7900
5.2310
8.2372
18.0371
11.5864
3.7545
6.0508
9.8558
1.6002
-3.1108
2.2775
7.2714
15.8830
11.2852
0.1458
-3.4694
-7.0421
-4.4347
-3.4432
10.6727
19.3470
15.0849
5.4312
3.0523
1.8719
4.7988
9.6457
5.1985
-11.8957
-13.1668
-8.2260
-1.0868
9.3404
10.6681
8.3110
7.7744
0.6713
-4.9794
-2.9548
1.0343
0.8121
1.6569
13.0433
15.2716
5.2128
-4.7309
-10.0351
-7.6501
0.4669
-2.3991
-3.8766
-7.3126
-12.3004
-15.6211
-11.1306
-3.0385
1.2807
1.2284
-3.8944
-5.0116
-9.3077
-12.1686
-14.8580
-8.4917
-6.2070
-8.4035
-12.2551
-10.1876
-13.0579
-19.2849
-19.5231
-26.8588
-25.8263
-18.5758
-10.5956
-8.7039
-10.4557
-13.4295
-12.1947
-5.9027
-2.6849
-1.8469
0.7118
0.6722
0.8406
0.7339
-0.1888
0.4714
0.5099
-0.5992
-2.2365
-3.9886
-1.5800
-2.9469
-3.8755
-4.9429
-6.0399
-3.7817
-2.2993
-1.8822
-1.9959
-2.5317
-5.1326
-3.5224
-1.1447
-0.4760
0.4606
-4.2813
-7.9697
-11.8638
-6.3818
6.1972
13.2694
22.1854
29.4379
29.3537
31.5534
32.5902
36.7141
32.7208
27.9539
31.4936
34.8601
35.3924
35.9017
34.5225
32.1954
30.5551
25.6383
-1.1483
-12.5728
-14.7582
-13.6467
-9.4995
-5.2982
-3.6010
1.6034
-0.8731
-0.7582
-1.9796
1.9297
-1.1739
2.1046
7.7215
2.1516
3.1167
10.5254
11.5237
4.7686
4.5080
5.9945
-7.8591
7.6226
16.8784
24.2077
38.5809
38.4431
26.9655
18.5450
25.0756
32.5333
26.3943
13.9467
6.4199
-7.2825
-3.1815
5.8008
10.8739
8.4179
0.2470
1.3703
-0.9805
16.2410
29.1945
41.0220
33.9626
23.6251
24.9590
24.8495
27.3407
30.4222
28.5388
22.4194
9.4032
2.3695
-1.9082
-0.3750
-3.6439
-2.5593
-4.9531
-8.0792
-13.8235
-13.6150
-2.4317
13.1964
16.2905
12.3346
4.8645
8.0199
23.8392
36.2032
31.0562
9.0834
-10.2433
-18.8624
-11.9478
-5.8573
-10.0573
-6.6598
0.0664
-7.1669
-13.1304
-14.0475
-9.2668
0.8737
9.4428
-12.3105
-18.8962
-16.9409
-11.9682
-8.9774
-5.8855
-9.0108
-6.9024
-8.7323
-6.6270
-2.7609
10.5065
10.3343
3.2250
-4.0667
-1.4156
1.4972
6.2371
1.4950
-4.7341
1.4816
-0.6475
-0.4667
-4.3915
8.2997
23.8330
31.7935
34.2158
31.6335
22.7579
8.7608
3.2562
7.2367
12.8099
7.8710
17.2860
23.8414
13.1343
4.0963
-2.8335
-4.0654
-8.7914
-14.8005
-21.3976
-8.3950
-1.5589
-4.8500
-8.5231
-6.3539
-12.4045
-22.9608
-14.9877
-7.3810
-0.7110
-0.0094
-7.7056
-10.6719
-6.9525
-8.8988
-14.8576
-16.0260
-15.6589
-12.9035
-9.4586
-8.8545
-15.7533
-15.0390
-13.8635
-12.8366
-6.7866
-2.9945
-1.8984
-2.1156
-2.5181
-2.1914
-2.8746
-1.6419
0.3566
-2.0747
-3.2223
-2.8540
-2.3296
-3.5891
-1.0584
0.1100
-0.6177
0.1082
-1.1426
-1.6096
2.7419
17.8252
23.1484
24.3670
25.9527
19.3494
11.3119
8.8172
1.0384
-0.8221
8.4086
4.1031
1.0227
1.6712
2.6428
-2.3536
-7.4146
9.3337
21.4395
14.1191
1.2901
-4.2065
-1.6553
-0.2699
-1.2302
-6.8413
-4.4352
2.8961
-0.0123
-2.8056
-3.8707
-10.7227
-18.6371
-15.5591
-8.8137
2.3408
2.8874
-1.0749
-6.1515
-9.0864
-0.9547
1.6204
-0.3117
-2.5948
1.1717
-0.2790
-0.0035
0.2403
0.2006
0.4615
-3.0145
2.1640
14.4281
22.3665
22.2231
18.0763
10.6662
-2.5969
-11.6188
-8.9058
-9.0340
7.7089
25.5774
37.1783
36.9896
27.5004
21.2485
15.9926
8.7714
9.4326
7.7085
12.5746
5.5070
4.5070
26.2642
35.8237
27.4772
14.0213
15.9044
1.4853
-8.8039
8.8414
22.2828
26.9392
21.6062
11.7924
15.8371
12.3043
3.3509
-4.1909
-5.1798
3.9653
-0.7764
10.4744
9.3821
0.2098
-3.7432
3.7737
3.5253
-3.6597
-2.2197
0.6238
0.2138
-1.4076
-0.1398
-3.9042
-8.9425
-1.9857
2.3406
2.4705
-5.8070
-1.8808
2.8580
1.3991
-6.4358
-15.4264
-20.2124
-17.8350
-11.8342
-5.9638
-7.4451
-4.3320
-3.1157
-0.8152
16.1268
29.3111
33.9816
33.6186
32.2665
25.5312
18.6467
17.5392
11.3078
4.1448
-4.6080
-3.7627
-0.2782
2.0461
-2.1090
-2.0571
-7.9203
-11.2430
-14.3708
-12.8614
-12.5115
-11.4477
-8.8084
-4.4053
-3.1061
-1.4331
-0.4981
13.2309
18.3571
17.1360
7.0965
-1.1479
1.8091
1.3033
1.2340
9.0179
3.6074
-7.6207
-16.5285
-15.3257
-16.0801
-8.6171
-1.1566
-2.2090
-2.1385
-2.5492
-3.9744
-5.7805
-2.6427
-6.8454
-6.7319
-4.1123
-1.4535
-1.7015
-0.9253
1.1045
1.2195
-0.5340
-0.4869
-1.4741
-3.6420
-2.2976
0.3016
-0.3631
-1.7412
-0.4232
-0.0885
-0.9776
-0.7363
-1.5669
-1.3458
-0.7922
0.1220
-1.1589
-1.3470
-0.4477
-0.8323
-0.6183
-0.9476
-1.6070
0.7130
-0.2803
-0.8365
-2.2316
-3.5214
-1.8443
-1.2451
-1.3166
-1.3727
-1.8070
-2.6182
-2.2502
-1.1177
-0.9564
-1.2255
0.5883
0.7422
-3.4353
-4.2169
-2.0752
-1.2085
-1.3472
-2.4022
-0.7138
0.1738
0.1494
1.6111
-3.9190
-7.4495
-9.7994
-9.8955
-3.8625
1.4334

Coefficient 39:
0.0000
-1.8298
-3.6050
-3.4869
-5.8289
-6.0618
-2.1131
-1.7183
-1.6069
-5.2254
-3.5496
-1.5772
-0.2311
0.9121
-0.5286
-3.8865
-5.9616
-3.9969
-1.6040
3.1033
1.2821
-4.3677
-4.6180
-4.5811
-2.5833
1.3775
0.0721
-0.1786
1.8057
-4.4768
-5.3840
-4.0715
-4.3779
-1.3485
0.0114
-3.3475
-5.8106
-2.3715
2.1903
3.2521
0.8234
0.4773
-1.0427
1.3943
-1.0821
-1.5222
-5.3561
-3.5753
2.5625
-3.3589
-4.9089
-2.5986
-1.1324
0.3210
-4.2497
-3.8805
-5.8222
3.2003
2.8532
2.9989
3.5582
2.9431
5.0997
3.5728
2.8952
3.4032
1.8076
-3.7640
-2.8727
0.3956
-1.5328
-0.7726
-0.7057
-2.4241
2.5788
2.7591
0.4558
-2.9133
-0.9071
-2.4592
0.7628
1.8509
-2.3826
2.8189
1.0636
0.6269
-4.3207
-5.4957
-7.4823
-5.2247
-1.1492
0.3945
-4.8020
-4.8440
-4.8990
-3.7262
-1.0293
3.1558
-0.3639
-0.4667
-1.1642
-1.2836
-3.2725
-2.8244
-0.5377
-1.4854
3.7945
3.8369
-0.2934
2.8842
5.6660
12.2203
12.5155
7.2001
6.3848
3.4988
0.4502
3.2751
13.4045
10.5029
-4.7100
-8.0613
-3.2665
-0.3889
-4.8620
-0.8613
4.2707
0.8276
-6.4028
-9.7478
-1.4862
3.4053
2.3501
-3.3373
-2.2732
0.8591
-3.8721
-9.6559
-13.8612
-6.6282
5.2599
19.4396
23.3115
8.4427
1.9711
10.3392
20.4562
17.3745
6.1559
0.8442
-1.9232
-1.0500
5.6870
6.7092
0.2758
-2.6767
-1.7582
8.2816
18.8810
23.5992
25.3090
16.2525
2.1439
0.2139
4.2019
-4.0986
-0.4097
12.2643
14.7830
5.3188
4.6678
2.4146
0.3660
-1.7749
-4.2176
0.8047
1.7952
-2.4816
6.9597
12.4445
8.3564
6.1463
13.5201
27.2495
29.5280
30.1834
20.5470
5.5051
-0.8221
5.7213
8.4037
3.3126
3.1657
0.0991
-2.8278
-2.6646
-0.5473
-2.7933
-2.8068
-3.1620
-0.3017
-1.1785
-2.7001
-1.5416
-3.0671
4.4641
9.9197
15.8132
7.5930
8.6033
5.0441
1.5562
5.6766
0.0398
-2.8664
-9.3839
-5.9614
-1.6717
2.3502
-1.5776
-11.0620
-12.1513
-5.8178
-0.1052
-2.9409
-6.2109
-3.3103
0.0326
4.9230
3.9850
2.1292
-2.2177
-1.5809
-1.5427
-0.1350
1.1477
0.6173
-5.1065
-2.6815
-1.7065
7.1758
2.9917
-1.0555
-13.7548
-19.9859
-11.5596
0.6974
15.9452
29.3245
30.7776
23.6504
23.9942
23.6702
10.9173
4.1109
5.8217
12.9514
28.2191
42.8256
40.8373
31.6409
22.0435
12.7864
6.6902
7.0280
6.0296
2.9177
5.6867
21.3315
37.1719
44.7953
46.7389
39.4685
26.6550
16.2298
13.0117
5.4290
2.6696
5.8979
4.0708
-0.8761
5.2970
9.6709
9.1624
8.0283
8.1245
6.0216
6.4942
-0.4747
-3.1587
0.6785
3.1859
0.1119
-1.1751
2.4650
3.8049
1.3599
-2.0994
-4.0925
-2.3811
-1.3446
-1.0551
-2.6508
-4.0849
-3.1070
0.9444
2.4328
-2.5192
2.9229
15.1158
16.9239
22.9950
35.4466
28.0176
23.3832
20.6387
12.1788
4.9432
3.5551
-1.9573
-0.1175
12.6164
25.9699
27.6902
11.1914
4.7194
6.0353
5.6026
-6.7846
-18.2783
-22.7796
-18.3187
-8.7051
-8.5542
-4.9706
2.6447
3.2913
1.3530
-2.9050
-5.1529
-4.2561
-1.8295
-2.2652
4.8481
7.0640
-0.6351
-0.6166
0.3179
-2.5339
2.7881
5.5409
1.1354
1.5366
-1.6454
-2.3110
2.5422
13.2811
27.4556
34.5669
31.1006
26.5155
16.1833
9.3138
8.5928
0.5930
-4.4949
-5.2803
-3.4483
-5.0386
0.5497
3.6963
1.2703
0.3780
-1.2467
11.0840
12.3673
6.3692
2.7328
2.1232
2.1740
8.2670
20.7697
30.9547
20.6884
8.0294
0.3375
3.1615
-1.3499
-0.3205
2.5504
6.1297
10.0774
13.3435
16.4613
19.4296
21.8843
16.1707
14.1546
10.8324
9.0543
7.3563
6.7068
6.5944
-0.3567
-8.1195
-5.4289
-0.4802
0.0984
-3.6764
-1.3014
8.4419
12.6071
14.7884
7.9934
3.7323
1.5192
-3.4651
1.9893
2.4615
-1.7587
0.0686
-1.6375
-8.7848
-8.0089
-0.7046
9.8878
11.6234
4.7190
2.8012
-1.3731
-3.2426
-3.4688
-5.3578
-0.7172
-7.0402
-2.9345
10.8479
12.4298
-0.1061
1.6090
2.2330
1.1559
-1.9958
-1.7203
5.7061
13.3378
15.4865
17.2570
21.4122
17.6513
5.6541
4.2559
5.0416
0.1472
0.2976
0.3930
-0.0389
-1.3170
-4.3060
-4.2577
-2.7431
-1.9777
-3.1520
-2.4400
-1.4499
0.1117
-0.9827
-2.9465
-1.3236
-1.7861
-1.1576
-0.8656
-0.7085
-0.0896
-0.0852
-3.3502
-5.2816
-6.0012
-3.0756
-2.1581
-0.7923
1.3300
1.0565
-4.7553
-8.4960
-7.3516
-7.2488
-7.9219
-0.1450
-2.2727
-12.5512
-17.4800
-18.1897
-14.1128
-12.0334
-10.9428
-13.9608
-13.0031
-11.1596
-7.8812
-4.0863
6.5946
27.2475
32.1581
38.9711
45.6624
42.1274
31.4637
21.1878
21.3398
21.8295
7.7490
3.1565
1.8202
-4.9535
-8.2751
-15.0937
-15.5274
-9.3340
-5.1425
-2.4672
-5.6646
-7.5309
-8.1911
-6.1098
3.0942
9.5214
1.2626
-6.3727
-9.3601
-5.8564
-1.4571
-1.3324
-6.7246
-9.3208
1.5238
6.4208
10.3836
8.2587
14.0735
14.8416
11.1340
12.3376
13.4126
12.6115
10.4213
6.4595
0.7184
-1.6670
-0.3070
1.4205
-0.8573
10.5617
15.8257
10.5463
21.6280
30.1193
27.7386
16.9912
5.8995
14.7097
23.5026
9.0965
1.0337
1.8239
6.5398
11.9292
10.7619
-0.1847
5.9049
15.7911
10.9682
6.4054
17.2356
14.5478
6.1443
5.3411
1.3843
9.6084
7.6539
7.6141
5.2862
4.7515
-1.3467
6.9254
13.5675
9.8545
5.3687
6.4446
12.0020
14.8297
12.0107
10.8745
12.4621
10.4078
6.3992
6.2601
4.7008
-1.7829
0.4201
-2.1033
-3.7175
-7.0135
-5.1035
-3.2146
-2.5555
-0.5016
-1.1248
0.0746
0.7317
-0.9252
-3.6079
-5.1709
-6.7450
-4.2110
-1.7841
-2.0866
-3.0521
-1.9958
-2.8354
-2.4521
-3.4911
-3.4657
-1.7544
0.3063
1.0867
-0.1425
-0.5564
-1.2644
-2.2647
-1.4788
-0.7245
-0.2514
-0.6855
-1.0645
-1.0818
-1.5244
-1.0835
-0.9019
-1.6466
-2.5057
-0.3109
0.3044
-1.1655
-2.1314
4.7419
13.8584
19.1146
8.5934
-2.8213
-3.0892
0.7947
2.5775
4.2360
1.1620
1.0868
1.0965
-0.7234
-1.0738
1.3380
5.2456
3.2715
8.0259
6.1402
-0.4975
1.9263
8.1163
9.5697
5.2825
8.3556
6.0183
2.6079
4.0061
17.1177
29.7558
34.9360
36.5989
25.9979
14.1306
10.6488
10.6397
7.4879
-1.2456
-1.4642
-2.5789
-2.0485
-1.8082
1.0993
2.3067
2.6369
-3.4831
-7.6814
-12.3235
-9.1157
2.0212
17.7158
22.4098
14.2417
9.6323
10.0253
6.7235
7.8161
4.7022
2.9360
-3.5910
-6.6274
-0.0053
5.0893
5.7913
7.5763
23.9727
37.1492
26.7605
11.3724
3.1367
4.1915
3.3289
1.3943
3.3628
-7.6452
12.1114
22.8261
24.4463
26.6429
31.9772
23.7075
20.5466
30.9858
36.0354
27.5212
20.0940
12.4424
7.7001
5.5201
5.8926
1.2969
7.1029
11.5905
14.7716
7.1442
-3.2524
-7.2707
-10.6595
-2.4847
12.3691
16.2180
15.2066
21.6774
26.2237
23.6358
9.7064
17.7840
28.8370
31.0753
26.8630
14.9207
8.3030
-2.9761
-9.7378
-11.0845
-10.3492
-6.7816
-8.8713
-4.7234
-5.5372
-3.5317
0.1517
-2.5113
-3.4481
-3.0734
-1.1731
-1.4458
-1.9204
-2.7182
-1.1012
-0.4628
-1.3013
-2.0748
0.0482
-0.3013
-1.5898
-1.1198
-1.2693
-1.9933
-0.3312
-2.0095
-2.6062
-0.7141
-0.4815
-0.7098
-0.6195
-1.2350
-2.7560
-2.5211
-4.4075
-6.7213
-4.8381
-2.3379
-1.4650
-1.3428
-0.7023
-2.5876
-1.4611
-3.8584
-5.6975
-7.9241
-9.1873
-7.5578
-1.8517
4.5489
10.3633
22.0443
34.8189
33.7841
24.0811
13.2783
12.4669
7.5763
2.8000
0.2349
0.6077
1.6000
2.5835
-1.5028
-3.7608
-3.3438
-2.3775
0.4560
0.3394
-1.8220
-0.3932
-2.6653
-2.4579
-2.9288
-1.9001
-0.0026
-0.4739
-2.3121
-4.9118
-3.0780
-1.3020
-1.0133
-2.5618
-0.4024
-1.6114
-3.1789
-2.8472
-3.8617
-3.0309
-4.3804
-3.6091
-3.5025
-3.5904
-1.1261
-1.0147
-2.1274
-2.7316
-2.7160
-3.6611
-3.7232
-2.0228
-0.8458
-1.2531
-4.7700
-5.7674
-1.0744
3.4916
7.9655
24.4510
36.0306
38.7505
25.7873
11.0901
7.3239
21.1947
25.5206
27.3052
34.9819
30.8662
22.2948
8.6429
6.8922
12.4613
16.3268
12.4347
8.1067
-1.7932
5.6683
17.6070
26.2256
23.4375
15.0385
5.6542
0.0016
-1.9898
-0.8508
8.4461
23.5973
28.9823
25.9948
26.8739
23.2893
16.5423
8.5733
11.0803
11.3890
15.1561
17.0090
6.8133
2.0651
4.6450
-2.1026
-0.2460
3.3539
0.8351
1.3571
2.9297
-2.1797
-6.3103
-4.5771
0.3831
0.9316
-3.1613
-2.2634
7.7927
13.6898
18.0459
22.9652
28.0849
22.8213
20.7619
26.4978
22.5572
6.3893
-1.7117
-4.8264
12.6799
22.8410
23.3149
18.2595
13.8028
22.4207
14.4484
2.8149
7.1556
20.3976
30.1030
17.8832
3.6412
8.6844
5.2779
-2.8331
-8.1748
2.4651
24.4662
33.7467
37.2620
33.5935
30.1515
28.4640
22.7641
5.0906
-3.8825
1.6328
13.9728
19.7973
13.2398
6.8917
-3.2098
-13.9682
-13.8762
-4.5980
-2.1644
-2.6025
-0.5075
9.3479
16.1503
12.9643
3.1237
2.1233
2.4470
-3.7406
-0.4384
3.0828
9.6340
2.7608
1.9781
7.0554
26.5593
26.7816
14.5393
4.4743
8.2816
6.5125
3.9231
13.6031
18.9225
12.7390
5.8428
-2.5594
-3.3468
7.0130
13.4544
6.3932
0.0162
-2.2055
0.2666
1.4272
0.3415
-3.5999
-5.7707
-3.9768
-3.7832
-4.3118
-4.6365
-0.9060
0.0252
-3.5772
-5.6297
-3.5565
-2.2265
-2.8689
-3.0807
-3.8556
-5.5936
-4.5638
-0.8376
-0.3845
-2.3187
-3.0669
-2.4129
-1.1647
-2.1565
-1.2393
-0.8907
-1.1628
-2.0246
-1.0597
-1.7945
-1.4273
4.7924
14.6593
29.6249
35.9890
32.6630
26.7804
19.0575
17.9803
16.5231
21.7427
19.5192
11.2084
-1.1474
-10.1212
-8.0857
-2.0811
9.4051
8.2982
2.4308
-2.2028
-0.7592
2.3732
2.3219
4.5180
4.3109
3.0743
0.8412
0.2988
-4.8609
-3.2972
0.4853
0.3665
0.6765
10.1373
12.4845
3.4699
-5.5615
-6.9626
-7.9743
-1.9385
0.8911
-2.1439
7.0195
8.9463
3.5554
-1.9796
-0.3847
-0.9438
-5.8650
-6.3299
-3.7265
-1.9742
-5.4751
-5.7660
-1.2903
0.5064
-4.7632
0.9247
1.3278
0.1569
1.5652
-1.1458
9.0016
21.7345
22.0481
-1.8462
-11.8218
-12.6383
-6.3265
-1.3038
0.9838
-1.2105
3.7369
9.1959
3.6413
-3.7499
0.3455
3.0345
0.4480
-0.7374
-9.0413
-9.5468
-4.8855
0.8151
-1.1376
-2.7578
-1.6436
5.3428
7.7114
6.7881
3.7044
-2.0437
1.4175
1.1541
-2.6495
-4.4763
-0.1656
5.1566
7.9493
3.8754
2.7182
2.7740
0.6186
-4.6815
-8.1141
2.6739
17.7022
27.9339
31.8611
34.9625
38.6682
33.8774
27.7836
24.8198
21.1291
22.7557
17.1545
14.8309
7.9895
0.7373
1.0404
8.2359
10.8991
4.7121
0.5106
-3.3833
-3.5648
5.6241
1.9426
-4.7111
-2.7313
2.8310
3.8117
-0.3542
3.0475
1.6089
3.2279
3.4966
4.8288
4.0670
5.0061
13.5148
31.7069
31.6195
25.6954
23.9836
23.3077
13.4137
10.5928
16.0123
6.5922
6.4890
7.8830
0.4159
-0.1506
8.9169
8.8089
7.8339
8.4393
13.0364
12.4702
6.8814
7.5290
-2.5371
-4.1520
8.9547
22.3379
30.3528
34.1110
32.2142
25.6899
20.3045
16.5289
22.6925
32.3733
35.2041
36.9054
45.0538
49.8061
43.9499
37.6575
42.2100
42.2273
42.1064
38.1649
29.3832
21.9326
16.0870
10.7261
6.5081
3.4746
-0.7654
-1.9160
-1.2554
0.7890
4.8204
4.5884
3.6776
1.4682
0.0025
0.4490
0.7911
1.7508
2.9212
4.4443
4.1052
3.4151
5.0871
3.2511
-0.6665
0.2802
3.0521
2.9372
1.2670
-0.3126
-1.9358
-3.2455
-1.0570
17.7436
25.1621
22.4519
11.0259
6.8635
7.2228
3.2615
5.1891
12.0545
15.3990
11.0947
14.2312
22.8281
20.8263
10.5235
8.5618
13.0626
13.7130
8.2747
-1.7422
-9.0193
-11.2201
-5.8708
-0.1387
-1.6445
-1.0152
4.4003
9.9605
8.0008
4.0573
6.7119
7.0704
15.4273
25.5685
24.1033
22.9811
13.5585
9.6227
10.4404
15.1769
10.1188
17.0175
29.4226
32.4466
15.0002
2.3638
-13.6087
-9.8331
-2.0242
-0.2472
-2.3773
10.9537
15.4604
10.9000
4.1191
2.4957
0.4915
-0.0178
15.3095
26.5388
27.4149
15.8035
7.3953
6.7384
11.7134
18.4882
16.1226
10.0098
14.6427
13.4340
8.0423
2.5071
8.3350
13.2806
14.9657
20.0841
19.7043
12.9317
11.1968
26.1484
37.0025
36.1742
33.9986
27.1782
18.5446
13.8271
7.3760
1.5102
12.1793
12.4123
0.1433
-0.5969
8.5640
5.9399
3.8994
10.2598
15.1612
17.7100
19.5321
23.6070
24.2079
27.1983
29.0286
26.5010
20.2048
16.7108
12.0329
7.9591
12.3571
13.1531
22.9498
28.4585
17.8128
11.0548
-0.3020
1.1656
2.0941
2.5307
16.7385
23.5686
26.1900
18.6549
7.2455
1.2744
9.8344
15.4769
11.4299
-2.3519
-12.9470
-3.5573
2.2251
10.9909
10.5200
6.4419
-2.2922
-8.8546
-14.6166
-15.2560
-2.2082
1.3570
3.1953
5.0969
0.4563
-8.6644
-10.8954
-7.2945
-4.3192
-4.6304
-5.5582
-2.6420
-1.8133
2.6256
3.5546
8.0333
8.8960
2.4830
0.1679
-0.4026
0.7766
0.6922
0.8241
0.6255
1.0273
2.4327
0.9647
-0.3386
0.1948
1.9489
2.1297
0.5731
-0.6641
-1.1786
-0.6663
-0.3913
0.9124
-1.3659
-1.6902
-1.2503
-2.2844
-1.4295
-1.1464
-0.3895
1.5997
-5.5419
1.7475
2.0084
-4.8011
-7.5472
-5.9938
-0.5690
5.7857
8.3417
13.6951
18.5406
20.5160
11.0585
8.0750
9.6524
11.3818
16.6114
23.7647
25.4598
21.1620
17.7662
21.2579
2.9275
-3.5969
-1.7242
-1.3342
1.8992
5.9788
-1.1445
-3.2609
-2.0494
-0.9878
-4.0817
-2.5344
-2.4455
0.1659
9.0220
-0.2900
-5.4930
2.4438
10.1672
8.2976
5.5391
7.3538
-4.7762
1.9235
16.5830
27.9193
34.3169
27.3184
23.0635
19.2742
21.2960
21.7403
16.1526
4.6334
16.9943
10.7353
6.1211
5.8390
7.8513
11.8857
4.2805
-0.9998
-4.8159
11.6427
21.2403
19.3856
5.3421
-4.4231
-4.2950
1.0793
2.3299
10.0383
13.0524
13.5370
5.7419
4.8665
15.4710
18.7281
17.8834
14.1161
10.1096
17.1846
9.3465
4.7881
8.4889
10.6250
12.8445
16.1384
14.7808
16.5185
34.9014
40.0742
23.1731
4.9845
-2.8733
-3.5576
-1.9188
3.9974
0.3068
-4.6765
-4.2130
-6.6338
-9.7463
-9.3504
-5.3172
4.3947
14.4561
3.5492
-10.3608
-19.1909
-24.6647
-23.6495
-19.8932
-15.8173
-11.1649
-12.3608
-7.4381
4.5228
11.1924
9.1888
3.1276
-3.9145
-11.8745
-3.8061
9.3532
10.3661
2.5854
5.9045
5.6472
3.1790
-0.3622
2.6799
21.2604
30.6740
34.6159
26.0587
23.2260
19.1664
7.7943
7.5344
4.8368
6.6525
16.1377
22.7953
13.4730
0.2783
5.8339
0.6248
-4.3217
-1.4624
-9.4707
-4.1421
3.4196
-3.2166
-9.3148
-0.3594
3.3179
-2.6939
-5.9322
-5.0335
-1.6289
-2.2447
-2.2986
-3.5615
-0.3729
5.8678
7.9872
3.6698
-2.4210
-0.9046
2.4021
-2.5686
-4.1395
-3.1620
-0.4432
1.0162
2.2219
-0.7515
-2.1204
-2.9540
-2.9693
-2.4383
-2.5840
-1.7339
0.0811
1.7178
3.3177
7.9895
8.9115
7.1026
6.0510
2.6050
-0.5724
0.1425
-1.0405
-1.4775
0.3327
7.6079
21.5289
30.4824
27.9761
28.1251
19.3593
14.3817
9.8839
0.0672
5.9875
10.9719
10.5321
10.2621
7.0558
-2.4941
-7.4243
-1.9916
20.1275
31.9544
20.7489
8.9775
8.0455
8.3850
-0.7896
-7.2677
-3.8020
3.7185
4.7608
-0.8503
-2.1730
-10.1282
-13.3777
-8.4383
-11.8551
-11.4323
-2.4474
3.2972
5.5975
8.3747
12.9149
13.4234
4.5406
0.0948
-0.0989
-1.6818
-1.3475
0.2380
0.3982
0.7856
-2.7023
1.7283
14.6111
22.7296
25.9975
25.4856
17.6544
3.9492
-9.7610
-18.3387
-13.7983
14.5159
28.0107
26.5976
14.8186
2.8755
8.6516
11.5521
4.7323
5.1154
4.1158
7.0084
5.4301
-8.3885
-1.2016
8.0215
9.1567
-0.9002
-1.2855
-0.9232
-12.1068
3.4486
24.0172
29.5626
19.2412
12.8545
16.4447
13.4929
11.6562
8.1416
3.2979
2.8834
2.8479
2.5996
8.2848
5.7296
-2.1108
5.9542
5.3097
-2.7834
-4.4891
-1.9097
-0.4325
-1.5367
-0.4179
2.4295
8.4172
7.9224
7.1433
1.7960
-3.8511
3.9316
18.2104
21.5699
12.3828
-2.0871
-12.1979
-13.4106
-10.9958
-6.9781
-4.3770
-2.6825
-5.0512
-5.7143
10.4779
22.9715
21.5310
16.4952
17.6381
12.2974
12.0581
14.9654
14.0093
12.5582
6.5573
4.1029
7.8698
10.9880
6.9588
6.9048
2.7668
-4.8664
-10.4546
-9.9641
-8.7351
-9.4910
-7.8278
-2.9437
0.2002
3.4861
0.1366
8.7580
27.1544
25.1486
19.1414
12.4478
6.0644
2.0601
-2.1264
8.2877
5.0874
-2.5279
-12.8725
-18.5581
-19.0419
-3.7766
-3.2906
-6.4219
-8.4892
-2.5819
0.4283
2.4484
-1.5099
-0.6819
0.5264
-1.1628
-0.9650
0.6887
-0.9267
-1.1656
-1.3601
-3.6180
-2.1481
-1.8443
-3.2653
-1.9512
0.3793
-0.6062
-0.9822
1.7786
1.2852
-0.8212
-0.6204
-1.6254
-1.3272
-0.7427
0.2795
-1.0569
-1.3133
-0.3082
-0.6030
-0.5174
-1.0302
-1.6824
0.4180
-0.3947
-0.8496
-2.0400
-3.1987
-1.7848
-1.2914
-1.2218
-1.0409
-1.5680
-2.6031
-2.2353
-0.7509
-0.7804
-1.3555
0.3454
0.6116
-3.4584
-3.8126
-1.9180
-1.1320
-1.1949
-2.6516
-3.6797
-2.6531
-2.9891
-1.9106
-5.1601
-3.3581
-0.9437
-1.9086
-0.3454
2.2677

Coefficient 40:
0.0000
-1.2104
-2.1965
-2.2071
-5.6472
-5.8889
-1.6305
-1.0106
-1.0145
-4.0447
-3.1123
-1.6793
-0.0901
1.6668
4.7509
0.3947
-1.6420
0.9854
1.7453
4.3831
1.7725
-0.7722
0.9707
2.1747
0.8253
-1.2667
-2.6285
-3.2874
-2.0842
-1.9541
-3.2344
-1.9009
-4.2307
-1.4595
-0.5167
0.5960
2.9039
7.2075
6.5580
5.5947
-1.3614
-8.0835
1.1058
2.3932
-0.3959
-0.9120
-3.2064
0.7953
1.8670
-2.8252
-3.6346
-5.4002
-6.5911
-4.9854
-0.5698
-0.5731
-4.2764
-1.0589
0.0714
-0.8916
-1.4603
-3.5679
-0.7874
2.8692
4.3350
5.2694
2.6156
0.5547
0.7613
1.5014
-4.0205
-7.1280
-4.3956
-4.3321
-2.6066
2.5898
4.7232
6.6158
1.9485
-6.7625
-5.5956
-4.3261
-4.4236
1.6138
2.6096
2.1384
-2.0551
-4.8792
-5.0619
-4.3230
-1.3039
-3.1999
-8.7618
-5.7045
-5.7213
-4.2420
-1.2166
3.7725
0.1618
1.2094
2.5483
3.5221
-1.0067
0.6311
4.3139
4.8655
3.8210
0.0046
-5.4531
-2.0733
2.2156
5.9817
7.9012
7.3608
4.0336
4.1248
3.5732
3.1814
5.5894
1.0091
-5.4158
-2.7990
-1.8650
-0.2082
2.2393
0.4309
1.5851
5.0362
-3.5889
-12.8448
-7.1231
-1.4186
-3.4720
-3.1744
-0.7062
0.1306
4.0186
6.3353
-9.6583
-15.8181
-11.0188
2.0307
7.5456
-0.1765
-5.1181
1.3959
13.6325
16.4154
7.7105
3.2821
1.3946
-1.0330
5.0358
6.8804
3.0599
0.4717
-8.6522
-11.5691
-2.8277
1.5388
6.8927
5.3651
3.9624
0.6122
-0.8894
-0.9539
-3.1684
5.6367
9.2750
3.6130
0.3582
-1.1886
2.3859
0.1135
-3.1936
2.6227
4.9356
5.2329
11.8453
15.7710
11.1252
8.4755
10.4869
18.7398
28.1292
28.8426
30.8610
25.1676
14.5485
14.7827
11.9620
5.9140
3.2680
6.3488
3.9987
-0.6510
-0.2718
-2.0993
-1.6314
-0.5944
1.1342
0.7489
0.0115
0.0853
-0.5003
5.5905
14.1255
17.2711
6.2263
3.1482
4.5012
0.1542
4.7973
4.7756
0.8548
-1.0923
-1.8485
3.7814
-0.1890
2.0146
-1.7345
-1.6164
3.1960
1.6433
-0.1767
-2.2553
-1.0343
-6.2234
-8.7055
-2.1710
2.5725
0.3861
5.3496
2.9440
-0.7732
-3.4761
-3.4515
-3.3424
1.6662
2.1676
3.6589
6.1847
8.2389
5.6001
-8.7166
-13.6625
-10.9950
-4.4938
6.1255
12.5316
5.5048
-1.4364
11.9645
11.6476
5.0600
7.9547
7.5056
18.3531
31.7081
26.8198
17.8690
13.4142
9.5033
6.1421
7.2375
10.3401
3.4341
-1.1845
8.6359
28.0099
38.2386
33.0135
25.4176
23.5239
15.3488
9.7591
9.3587
5.6065
1.9005
0.7401
9.5087
11.8406
13.9733
13.1850
11.0684
2.8092
9.4229
14.7618
3.2381
-1.7096
2.6105
4.3740
0.6064
-2.4545
-7.0405
-4.5890
1.3685
2.1848
3.7783
6.0297
5.1063
3.4186
3.6821
0.1377
-2.4874
-1.8419
-2.8802
-10.0151
0.3763
7.6192
11.2762
17.0770
12.6042
-1.5829
0.2726
9.5614
9.1263
-0.3728
-0.1363
-3.1288
4.6391
15.2015
28.0670
33.6671
22.9385
10.1740
7.7405
6.8630
0.0557
0.0759
-11.1399
-9.2402
-4.5252
-7.0863
-2.8948
1.3648
-3.2779
0.2781
-2.5560
-2.8865
-0.0667
0.7473
3.1615
6.7262
6.0105
1.8371
5.5625
4.1820
1.1252
0.3662
1.3214
4.4093
7.0911
4.5855
6.9231
-2.8065
-3.4427
8.3266
26.4793
32.9939
30.6303
26.2335
25.9677
26.9502
16.0114
5.0107
6.5042
8.1829
6.3247
9.0137
6.7348
1.6195
1.3033
-1.1057
0.1885
-3.2703
-5.3269
-4.5728
-1.1541
-4.4652
-1.8988
9.0188
14.3347
3.9023
-3.8659
-1.1229
2.0667
0.9314
0.8059
-3.5787
-10.9241
-14.9469
-10.3488
-4.3194
2.3192
4.0595
1.7351
-0.6773
3.4378
-0.8852
-6.2405
-3.1085
-3.1058
-3.9897
8.2831
-2.3138
-11.7037
-17.1442
-19.8194
-16.0211
-11.6439
-4.0926
-1.2306
-4.6503
-8.6212
-12.8170
-14.7759
-14.1331
-8.6708
-2.7399
0.4261
-0.5415
-7.5255
-9.8031
-5.4445
2.2064
5.7870
1.8709
-0.0173
1.5374
3.7377
8.0201
6.7372
8.6984
5.9647
4.8660
13.9114
18.5505
12.6397
9.4754
3.6830
3.4052
-3.3965
-7.6791
-2.5712
7.4172
9.1277
9.3452
14.7111
17.7004
14.1720
9.4913
5.6508
-0.6619
0.1827
0.5121
0.2956
-1.6754
-2.4198
-1.0176
0.5465
0.2931
-2.8346
-2.3671
-1.2932
0.1830
-0.9700
-2.5746
-1.0056
-1.6632
-1.0393
-0.8094
-0.7368
-0.1533
-0.1271
1.2552
5.3830
4.4775
1.6202
-0.8994
-2.8012
-2.9473
3.3382
2.2653
-1.1488
-0.8326
0.5418
0.6890
3.6705
6.1608
5.6251
-0.5131
-14.9313
-12.2963
-13.0645
-8.2507
-6.5234
-4.4609
-3.7444
-4.0743
-2.2533
-0.2402
14.9245
30.9248
37.9262
29.9683
25.2375
26.0175
22.9445
26.1967
18.3969
-2.5836
-1.0890
5.6425
6.9528
9.1158
5.6357
-8.5779
-9.4758
-3.9554
-2.5968
1.8838
1.6133
1.9354
4.3502
10.5645
13.8761
5.1622
1.8968
-0.8512
0.4208
0.6052
11.7843
13.8219
9.2896
10.9198
4.0459
7.0866
12.8963
19.4121
29.0828
33.4516
34.0852
31.5346
31.3778
31.8009
25.1915
21.1630
13.5408
10.6189
9.2773
-0.0757
7.0136
11.0162
13.7236
21.2842
24.1763
16.6916
12.4126
1.2442
16.2293
34.2128
26.4050
15.3807
7.2468
4.2517
3.1969
1.0747
-4.8509
-2.9242
13.7716
19.8074
19.1595
27.9437
25.7085
16.5806
6.5948
5.6797
13.2048
16.5465
17.9238
10.8924
11.4998
10.1695
14.9783
10.5384
7.4881
9.0403
12.9995
20.2254
25.3803
27.0328
25.7398
21.5998
7.5446
0.7618
1.3900
3.7195
6.2226
5.1970
7.7820
8.5145
2.4976
0.6802
-2.5205
-1.0425
1.2903
-1.1331
0.2259
0.7285
-0.3057
0.5124
-0.8129
-2.6945
-1.0061
-0.7008
-2.0586
-2.1150
-1.3390
-2.4874
-2.2952
-3.4920
-3.2541
-1.7060
-0.2702
0.8468
-0.1760
-0.6235
-1.0549
-1.3937
-1.1642
-0.6709
0.1274
-0.8028
-0.8388
-0.8600
-1.4657
-0.7953
-0.2525
-1.3534
-1.9716
-1.2730
-4.2075
-0.3495
1.9121
5.9297
13.3728
16.8014
5.6109
-0.7540
-0.5347
-0.2991
3.0296
1.8660
0.2760
1.9292
4.1694
1.5558
-1.5752
-2.6495
-1.2507
1.6356
5.8515
6.5379
-2.5785
0.0562
4.0311
2.8897
-1.4934
-2.1238
-1.3243
-0.7344
-8.0896
4.2132
21.8557
32.0087
35.3352
27.4028
17.7289
14.7795
12.7725
12.9860
9.7102
2.8241
-0.7863
-0.2139
1.7322
0.7468
-0.7828
1.4965
-4.0284
-6.8302
-6.6874
-0.1972
6.0155
19.7625
31.4445
23.1459
15.6313
9.7842
7.2161
10.0367
7.2572
0.4339
-6.6850
-7.6791
-5.0364
-0.9066
-1.0427
-3.8831
2.5256
23.0948
24.2955
15.1888
6.6861
11.7887
10.6838
7.5718
7.5709
-1.0717
6.2004
26.6892
35.9336
29.8649
21.5772
8.3927
6.0637
17.9373
21.8481
19.3443
23.2212
12.8099
6.2105
12.6601
6.5659
2.3285
6.8602
16.5382
25.2460
20.5729
10.4696
5.9735
-1.1065
-1.8614
16.0604
26.4255
23.9921
26.5604
21.6834
13.7151
1.0155
-3.1136
5.3349
11.0526
6.8497
1.4679
-0.6531
-8.4158
-17.4556
-16.8635
-10.5622
-12.8562
-15.7020
-9.6469
-6.0863
-3.8178
-1.6817
-2.5026
-1.5648
-2.5534
-1.3867
-1.3217
-1.2936
-2.1254
-0.9082
-0.3720
-1.1432
-1.8907
0.0733
-0.2530
-1.4919
-1.0678
-1.1583
-1.7815
0.0165
-1.6430
-2.3953
-0.4637
-0.3371
-0.6336
-0.7006
-1.3217
-3.1484
-3.0774
-6.2277
-7.1365
-4.9149
-2.7240
-1.0766
-1.2426
-0.2803
-2.2353
-1.2700
-2.1622
-3.2463
-7.5602
-7.7138
-8.0571
-2.8523
0.4880
1.7937
10.9069
23.3480
23.2180
14.2649
5.0722
5.8208
5.3136
0.1419
-0.2226
-0.1703
0.7847
1.6964
-1.5011
-3.5948
-2.9006
-2.0035
0.7034
0.2728
-1.9248
-0.4588
-2.1653
-1.9761
-2.5895
-1.5718
0.0597
-0.6991
-2.7946
-5.4073
-3.3586
-1.3028
-1.0329
-2.2906
-0.0683
-0.7359
-2.4275
-1.6726
-2.2246
-2.6185
-4.3012
-2.9334
-2.1588
-2.7593
-1.1152
-0.0957
-1.1040
-1.9580
-1.5544
-2.5528
-3.2114
-1.9501
-0.2349
-0.7157
-4.0672
-5.1275
3.3958
4.1139
7.9507
19.8541
29.9524
36.8430
30.0943
25.7855
23.6663
27.1406
17.0665
9.0060
9.8882
7.6702
11.7682
8.2527
1.2410
-0.7826
7.4631
5.1549
3.4059
-1.0815
2.9545
14.0787
27.2100
29.5356
24.0157
13.8073
7.3324
6.5311
4.2659
6.1412
18.3690
16.7631
2.6331
7.4357
9.5456
3.7957
-0.4633
6.4587
3.8988
5.8602
14.4856
11.6385
-1.6112
-2.0651
-4.1273
-4.4268
2.9999
3.8227
0.7389
-1.4026
2.3145
0.5139
-0.6195
-4.1584
2.3500
1.9701
-2.0949
0.1411
3.6162
5.7410
3.1751
11.8432
14.6922
13.6154
21.0380
20.0381
11.8637
12.2861
-1.6232
8.1342
23.1740
36.3017
40.3583
31.8307
29.6906
20.2682
9.0236
10.3263
11.2185
20.7546
16.2426
4.4979
9.3431
15.8461
9.6669
1.5803
-2.1141
12.6324
25.6687
19.9487
19.7276
25.3667
21.8832
12.9482
3.5339
-0.8194
3.6823
15.5424
32.1772
31.6881
24.1103
20.1079
17.2234
11.7851
13.3867
11.1736
7.8766
4.7242
7.3521
17.9042
23.6889
15.4136
7.3520
5.5857
-6.0530
-7.0480
-3.7163
4.2587
5.6931
2.7222
-4.7919
11.0529
25.4486
23.1734
9.9020
6.2398
4.1912
0.0426
8.5330
25.1577
36.2909
35.2231
28.1560
29.0198
34.2353
33.7732
22.6254
14.2513
12.9350
10.7321
6.9952
10.4137
5.4353
-0.9412
-1.4774
-3.7085
-4.3754
-2.6204
0.5119
1.8821
1.8612
1.9179
1.2999
1.6278
3.4890
5.3353
1.9134
-1.5598
-0.2309
0.3006
0.1503
-0.3356
-0.9259
-0.1538
-1.1377
-2.2086
-1.2134
-0.7932
-1.0922
-2.0127
-0.9117
-1.2881
0.5072
3.1722
5.0117
14.7653
26.8027
34.5541
34.8921
28.2137
23.5675
28.7737
29.7085
33.5048
28.5392
16.7812
3.9850
0.1625
11.4642
20.9220
11.5924
5.5504
4.4001
4.8488
3.1080
1.9946
-1.0665
-0.6813
3.7717
1.6275
1.6846
3.0862
4.4856
8.5920
6.2049
2.1670
-10.0438
-15.1457
-20.6589
-17.5101
-12.7290
-7.9843
-3.2015
0.9238
-0.9255
-6.3870
-12.5902
-8.4205
-4.4465
-6.8229
-2.9831
0.6111
-2.9489
0.3555
2.1996
1.4078
-0.1957
2.4183
-0.0087
4.0578
7.8442
9.7851
11.0460
9.4138
5.8543
3.3549
15.6124
20.1188
2.9750
1.6876
-3.7177
-0.4345
3.6036
0.9881
0.1752
3.0617
9.8419
9.1356
1.8339
4.5006
6.7271
3.0716
3.8788
-4.6425
-13.2927
-13.5253
-13.1655
-15.6404
-19.1624
-13.5469
-3.6046
0.3010
0.9476
4.7738
2.1761
1.5239
0.1976
-3.8537
-5.9440
-1.1828
1.9059
6.7931
4.8999
0.2405
-1.1783
-0.8358
-0.8396
-1.9978
1.0205
5.6752
7.3941
4.8579
6.5366
12.6363
18.3334
23.8200
21.0250
13.8517
13.7798
10.0079
10.3103
9.1974
4.9925
-2.0165
-2.1180
-6.9483
-10.0853
-7.1340
-3.4679
0.9769
6.2652
-4.4368
-9.1422
-4.5984
4.3978
8.1805
6.0836
2.5930
4.3965
0.6033
-2.6219
-3.0585
3.2676
-2.3603
-2.3237
14.4957
34.3166
39.3164
39.0697
31.3412
18.4388
15.2603
13.3442
4.9621
3.0970
4.6801
3.2345
-0.9334
4.0011
4.3044
5.4932
7.2636
9.7296
11.1439
7.0269
5.9661
0.8271
-4.8485
5.0708
19.1973
27.3771
21.6135
18.9479
14.1760
11.9145
-0.6284
-4.9280
7.2812
24.0555
30.6507
37.6082
42.2113
37.7392
32.2891
32.6577
37.1541
44.9299
45.1395
38.4789
29.4207
22.0749
13.8313
7.3166
4.3105
2.9277
1.5771
-0.0490
-4.0553
-4.6679
-3.1200
-0.2215
1.7226
1.3166
1.6777
-0.5812
-4.5892
-4.4483
-4.2472
-4.6091
-0.1276
1.6568
2.7060
1.6460
0.8469
3.5955
3.1783
1.2006
-0.2609
-2.0754
-5.4994
-5.9568
4.4993
13.0106
15.6972
10.7686
5.6493
7.7624
1.4875
-2.2653
3.5763
13.1801
9.7521
-0.3540
14.8867
17.9069
9.9992
8.0966
6.0781
4.0925
1.7031
-2.5128
-7.4373
-8.9372
-5.0129
-1.3655
-5.9789
-11.9668
-4.6976
3.5648
-1.6674
-2.6718
-2.1494
-3.0348
10.3267
22.5065
35.4915
39.1542
26.2002
13.6465
8.6714
8.3312
1.0984
-2.9505
11.9316
24.9668
20.0651
10.3651
-9.0608
-15.1409
-7.7126
0.5504
-0.6252
9.1024
19.2881
18.8266
10.0465
2.7095
4.9716
2.3630
-3.2122
3.2264
10.0914
5.1782
-4.0740
-3.6487
7.6676
15.3054
13.9218
4.5952
5.4513
6.1837
-0.5468
-4.8025
2.2686
4.7808
9.6326
16.8282
15.4080
15.7728
9.8178
23.1726
34.9115
42.2685
40.3746
24.5397
12.4338
12.4456
8.6325
-4.4182
1.6712
7.2092
2.9166
-1.2997
3.4746
-4.3410
-5.9572
1.3073
9.9709
19.3446
27.1553
32.4277
31.0238
31.8275
33.7112
31.3795
29.7732
29.8637
18.2282
8.0306
5.6205
14.8567
17.9737
17.0012
7.7683
3.9489
-5.6769
-4.5770
-5.2601
-2.6292
12.3034
29.6985
39.8109
42.5589
30.9885
19.6159
10.5291
17.0687
9.4893
3.3533
-0.3795
16.7503
27.7708
31.6212
13.3773
-0.1657
2.7532
-0.4560
-5.6124
-5.4871
-0.6253
-0.2157
2.8582
4.5706
2.9846
-3.2061
0.6189
7.9261
12.4346
11.1603
11.8978
6.2220
-2.5246
-2.1130
-0.0480
0.9967
3.1775
3.6014
1.5855
-2.3583
0.2191
0.6419
0.7568
0.8319
-0.3100
-1.3898
-1.2328
-2.6734
-1.7754
1.9576
4.4453
1.9909
1.7514
0.3914
0.8459
-0.1792
-0.2721
-1.1073
-0.2388
1.5880
1.5093
0.4700
-1.1453
-0.3153
2.3258
-0.3138
3.8647
7.1198
1.2187
-8.8954
-14.1497
-14.4330
-10.4497
-9.5998
-10.6868
-10.0876
-7.7641
-8.6764
-5.1472
0.7414
-0.6800
-2.3846
1.7657
3.0351
-0.2412
-1.7930
5.8051
-7.9568
-3.6812
3.5184
8.1260
9.3093
7.9335
7.9458
4.4163
1.4974
0.8858
-1.9345
-4.8421
-3.9965
2.6788
8.3272
4.4714
-3.2739
4.0259
6.7779
3.8290
1.7089
-3.3622
-9.2710
-8.1158
4.5398
18.4953
14.9352
4.5584
5.1871
3.5493
5.0998
11.3005
15.2295
9.0069
3.1857
2.9982
1.1525
2.2540
4.2584
8.7892
7.2423
5.1726
7.3139
10.4014
13.4875
7.6772
-3.4102
-7.9582
-13.1008
-17.2666
-17.5708
-8.7239
-0.7323
4.3698
2.5334
7.1883
27.0848
41.9197
41.8846
30.9751
20.7583
17.3999
12.9956
4.8885
0.3311
1.4399
11.3579
19.3876
21.6619
24.7481
25.8234
12.6512
-3.6817
-4.5657
0.9587
4.8279
0.4892
-1.3636
3.8123
1.0672
-2.1108
-1.0821
0.9219
3.0756
4.6506
8.1144
13.1821
5.9929
-0.2095
-1.3910
-0.2129
-2.7796
-1.1038
2.1324
3.7897
8.0397
6.4540
6.5075
10.3439
12.7782
8.4584
2.8338
1.8609
-0.0054
12.2470
19.0349
11.5710
5.3471
7.9325
7.4717
8.5830
-2.2427
-2.5860
8.8469
18.6813
9.4405
2.5605
2.4355
-0.4373
2.5216
0.5632
3.7446
5.5457
16.8531
19.1735
8.2892
4.7488
9.2736
10.4071
10.6246
5.3570
7.2232
9.1942
8.4114
4.1672
4.7970
7.9584
8.2615
5.3007
7.7928
7.7323
7.4763
1.8790
2.2834
-1.0542
4.3072
11.9343
12.1727
8.1494
4.7584
4.4201
7.6660
11.3015
8.6903
8.7147
8.0534
8.6719
5.2163
1.2607
-1.5735
-2.3425
-1.5357
-1.9727
-2.2503
-1.9985
-0.1281
2.5385
-0.1897
-0.6479
1.1534
1.5809
0.2170
-0.7799
0.1438
-0.9372
-1.3510
-1.5459
-4.0397
10.1535
25.2897
27.9361
18.3608
10.1052
4.9024
3.2386
-5.7726
-2.1450
5.7522
7.2102
1.6039
-1.8702
-2.2642
-2.4421
-5.5523
7.9966
31.4988
31.6297
21.6949
15.2974
13.9629
19.5067
3.1737
0.6996
-0.8732
-1.0595
-3.1596
-5.5225
-4.8153
-0.0048
3.2811
2.7018
2.0589
4.6185
1.5683
-4.0675
-2.6723
4.1459
12.4120
2.6369
-2.1601
-1.7917
-2.9070
-2.3889
-0.0759
0.4664
0.8813
-2.1479
-1.2387
4.2471
16.0401
22.2887
27.4694
23.6686
6.7249
-8.9187
-12.5552
-5.0222
15.9796
19.9499
13.0675
-0.9552
-4.4913
4.6766
9.1620
6.0271
0.9188
-2.5459
2.3115
5.2572
-6.3790
-10.7491
-2.8510
6.4087
1.7740
-3.1063
-4.0723
-6.9553
-8.7298
4.6983
10.9983
7.1539
4.1183
9.0422
5.9610
16.3972
10.1185
0.0544
1.6201
10.5239
8.1969
17.3413
10.6591
2.0671
2.0497
3.9379
4.8036
2.6612
2.3531
1.1709
-1.5552
-0.7092
-2.7810
-0.2436
1.3107
5.1759
2.0953
-0.3687
8.4859
21.0892
29.2315
28.6266
10.7078
1.7600
0.3406
-3.1239
-1.2085
1.2012
3.6638
8.1700
9.2450
6.9442
6.7657
3.2036
1.7971
7.8353
9.2440
13.9446
25.7710
31.2293
31.7317
25.9847
17.2470
11.1864
10.4957
5.8560
8.4106
8.3834
4.6925
-0.7550
-5.3161
-5.7190
-3.5119
-2.7219
-1.0020
-7.0170
-6.0045
-7.6039
-4.7546
9.3772
23.9971
29.7778
15.6046
8.0437
4.1023
2.1442
13.9932
18.2152
11.5283
0.0442
-7.3153
-5.8659
10.0077
7.6460
5.3715
-0.5226
3.7646
6.9009
8.4652
7.1992
3.3123
4.8747
4.4323
3.9612
6.6806
2.8451
0.1320
-3.1396
-5.8078
-3.5921
-2.4170
-2.7798
-1.5211
0.4823
0.5483
0.3154
1.6907
0.4931
-0.6634
-0.5530
-1.6685
-1.2896
-0.6593
0.3907
-0.9897
-1.2718
-0.1605
-0.3089
-0.4342
-1.1195
-1.7111
0.1553
-0.4644
-0.8213
-1.8267
-2.8081
-1.7158
-1.3576
-1.1336
-0.6683
-1.2032
-2.4927
-2.1709
-0.3474
-0.6001
-1.4780
0.1441
0.4790
-3.3068
-3.2704
-1.7600
-1.0565
-1.0498
-1.8299
-0.6691
-0.1928
-0.0093
1.9246
-0.6529
0.2723
3.7484
5.2770
2.2086
2.1592
