MFCC Analysis for recordings\EloraCampbell.wav
==================================================
Shape: (40, 1229)
Number of coefficients: 40
Number of frames: 1229
==================================================

Statistical Summary:
--------------------
Mean: -14.0917
Std: 98.8706
Min: -774.8594
Max: 225.9609

Coefficient Values:

Coefficient 1:
-774.8594
-584.3383
-507.0882
-536.0150
-643.6892
-727.0414
-736.4540
-726.4800
-733.5521
-738.9916
-743.4732
-747.6079
-748.6365
-747.7818
-747.6425
-748.0618
-741.6052
-685.3384
-652.4803
-638.5406
-646.7883
-644.4008
-601.4276
-559.5224
-571.1281
-637.7834
-686.6622
-720.0989
-742.0906
-752.8385
-754.3549
-754.8672
-733.3033
-677.4167
-666.2758
-686.0359
-713.7232
-731.5924
-741.5460
-733.2157
-729.3749
-694.7439
-651.8906
-645.8713
-666.5221
-682.1669
-677.3831
-676.0466
-675.2840
-647.7625
-620.1855
-598.7852
-591.1655
-606.2524
-635.9659
-675.0410
-700.3794
-711.3207
-712.4496
-715.8702
-716.8973
-714.6063
-717.6667
-725.3860
-731.0525
-731.0643
-724.8890
-714.0924
-681.1235
-636.0090
-617.1915
-547.2541
-414.9226
-347.8229
-332.7430
-338.1783
-354.5746
-381.9743
-399.9068
-406.3306
-423.7688
-459.2857
-493.2171
-488.0609
-468.4665
-459.7622
-477.5818
-511.6375
-503.8523
-462.7794
-452.7359
-487.8615
-523.5259
-505.2567
-480.6203
-475.0182
-461.9387
-454.4963
-470.9041
-490.8930
-525.4329
-563.8232
-560.8442
-573.7225
-613.0367
-655.0296
-650.6070
-590.8338
-552.2522
-536.1411
-527.8342
-532.2971
-567.1979
-606.9053
-599.2939
-542.5193
-499.5701
-485.8411
-510.6996
-546.0790
-518.8625
-517.7498
-554.9863
-607.0346
-633.8276
-624.8916
-595.9407
-575.0953
-565.9403
-556.8050
-517.8830
-443.9921
-414.5303
-406.7906
-415.6993
-418.4586
-436.8197
-432.8516
-414.4934
-414.7126
-426.8682
-435.6554
-461.4730
-523.1524
-608.5203
-563.5188
-470.3634
-436.2104
-439.6886
-453.2473
-474.0093
-484.5600
-483.1367
-465.1091
-440.8682
-427.2744
-427.6734
-433.8454
-438.5707
-449.7906
-465.1334
-486.4277
-513.9664
-540.2961
-576.2512
-623.1381
-672.3275
-717.5599
-744.2496
-753.0642
-752.8217
-752.1976
-755.9523
-757.8814
-755.9962
-757.4008
-757.8558
-757.9302
-758.0942
-756.6039
-754.5479
-755.1417
-754.8722
-754.8990
-756.8135
-758.7225
-759.4543
-759.5635
-750.7950
-745.2278
-744.9064
-743.1656
-749.5159
-757.6181
-759.0832
-757.8251
-753.7417
-745.3441
-746.7939
-750.0402
-750.8777
-747.0312
-740.2455
-734.5201
-737.4083
-741.5508
-747.9249
-749.6982
-751.1906
-752.9489
-746.9286
-746.2609
-749.0599
-742.3821
-735.7377
-741.6150
-746.8929
-747.2958
-753.2269
-751.9639
-745.4600
-733.5183
-680.0646
-601.7180
-521.1885
-498.4847
-522.4349
-556.8791
-584.8476
-604.2374
-626.6784
-551.2751
-462.6731
-421.2111
-433.1712
-493.4834
-548.8334
-512.8593
-473.7035
-474.3764
-500.4402
-521.5851
-488.9029
-444.7754
-423.4978
-423.7969
-389.7484
-375.1297
-374.3759
-392.8508
-417.0615
-447.2777
-433.3297
-399.3986
-386.7998
-393.1404
-432.2505
-501.6892
-554.0619
-435.0594
-367.9189
-355.4983
-361.7110
-377.0779
-395.9606
-416.0263
-439.3481
-441.2911
-437.1678
-441.8145
-410.8692
-376.9232
-365.3751
-355.0998
-359.8431
-377.5089
-405.0934
-469.5744
-556.2028
-629.6980
-688.4261
-722.1813
-744.2396
-753.9640
-747.3373
-690.5263
-657.2780
-659.2366
-684.8161
-693.8798
-657.2197
-632.6470
-636.1484
-665.6323
-695.9984
-727.5601
-749.1418
-755.8107
-752.9471
-749.5258
-749.6812
-751.0591
-751.5296
-752.6599
-751.9651
-751.9326
-751.9091
-751.8441
-753.8373
-755.2070
-759.2091
-758.4666
-750.7421
-745.2367
-740.4868
-736.7999
-739.4780
-741.7150
-740.0145
-740.4131
-738.5341
-729.7115
-727.0090
-728.2622
-727.2630
-735.7300
-747.2175
-753.0254
-750.4419
-746.3248
-742.3004
-733.6290
-729.5389
-726.3954
-731.0358
-737.9551
-744.9769
-752.1003
-751.8666
-753.6535
-752.1879
-749.8917
-751.6947
-754.7015
-758.2753
-755.8870
-750.8058
-749.8481
-751.0947
-751.3429
-745.2205
-735.1846
-730.4487
-734.3210
-739.8831
-742.5623
-743.4340
-728.5871
-705.8962
-680.5175
-537.9517
-429.0748
-379.1773
-370.9814
-368.7724
-386.9580
-408.8860
-431.6949
-451.2280
-448.1364
-433.4264
-437.4758
-450.3999
-442.4433
-436.8119
-439.8183
-419.3563
-395.5402
-400.3225
-393.7437
-365.9864
-336.8962
-319.0903
-308.4859
-294.0328
-292.3961
-290.8585
-301.3264
-317.8215
-349.6081
-387.5071
-408.1790
-425.4280
-445.5480
-450.8417
-470.4783
-534.5955
-614.1672
-677.9617
-711.8758
-726.1066
-727.3972
-730.5668
-742.2218
-744.4238
-747.2365
-750.4825
-744.1396
-742.0378
-747.6375
-752.9049
-754.7452
-753.4036
-751.3219
-745.1822
-742.4562
-746.4744
-748.7961
-745.9573
-745.6550
-749.5085
-741.6951
-739.0544
-744.1656
-746.7242
-747.5123
-747.9199
-746.6721
-752.1436
-754.4280
-753.1042
-755.7996
-755.2658
-754.1891
-751.5263
-749.9325
-747.0289
-749.4395
-752.8885
-744.7996
-740.2004
-744.2253
-746.7393
-747.1914
-744.0229
-742.2161
-742.5131
-741.0947
-741.2309
-741.2690
-732.7729
-721.5037
-716.2958
-710.4335
-711.1135
-710.3472
-704.3753
-704.1409
-718.1484
-734.3922
-740.2175
-743.0635
-740.7780
-734.5198
-714.0746
-703.1509
-691.7974
-676.2593
-683.8005
-679.6833
-544.1060
-470.6980
-406.2792
-355.2941
-319.3520
-303.0333
-317.4278
-362.7043
-398.4694
-421.5218
-452.7539
-455.9804
-424.0324
-421.4700
-444.5127
-453.5341
-459.3331
-428.5275
-403.4526
-383.3842
-379.2961
-382.7472
-384.4284
-373.2662
-371.7320
-411.1109
-479.2496
-456.2748
-368.2027
-313.5479
-293.8052
-300.1154
-308.0472
-303.6909
-312.1550
-334.7588
-353.0612
-353.6421
-353.6535
-373.3563
-405.9000
-434.8105
-469.2899
-531.1413
-618.0219
-671.9452
-703.3475
-724.8077
-742.6777
-752.4904
-754.0732
-755.9366
-759.9566
-758.4670
-756.6138
-754.0563
-752.1874
-751.6452
-751.8655
-750.6855
-748.3116
-750.0163
-753.4928
-755.3815
-750.3632
-736.0598
-732.7418
-729.2603
-690.9985
-659.3273
-649.5242
-642.5834
-642.3619
-651.2254
-665.5580
-688.7663
-616.4662
-482.2530
-408.8721
-387.7188
-410.9443
-432.4660
-445.9138
-440.5921
-407.6338
-365.7313
-353.3904
-351.5310
-356.1361
-378.8718
-405.6136
-406.3616
-383.6487
-348.3980
-325.4783
-312.5889
-306.0920
-320.6717
-353.4259
-379.6058
-393.0215
-406.8877
-421.1693
-436.8898
-458.5688
-509.9336
-585.2372
-649.9196
-688.6672
-706.8552
-715.2990
-717.5247
-719.4028
-729.3233
-738.3318
-737.2134
-732.7371
-743.3705
-751.5425
-752.7003
-744.3057
-743.9268
-750.3670
-748.3658
-744.8549
-739.3490
-725.3035
-723.3028
-732.7812
-738.6199
-743.6146
-746.2578
-747.4969
-746.4056
-744.5242
-749.2961
-756.0133
-757.7821
-755.9949
-752.9273
-750.3104
-741.0980
-735.5107
-739.3133
-745.1455
-748.9310
-754.9130
-758.6423
-755.9313
-747.5287
-749.9252
-756.7693
-756.1039
-746.8351
-743.2295
-744.7728
-748.3769
-744.6154
-738.6817
-731.2801
-728.3145
-736.7477
-743.8629
-743.8778
-738.8443
-740.4072
-743.0629
-736.9993
-727.7159
-724.8174
-719.0776
-714.1456
-716.5285
-729.2049
-740.2246
-735.3658
-718.9083
-710.2027
-709.7259
-717.4805
-730.2449
-732.9367
-731.9772
-733.7744
-732.5251
-733.5732
-736.9506
-742.8807
-748.7701
-744.9030
-738.0607
-734.9324
-729.4912
-725.9266
-653.1884
-565.0754
-497.5280
-463.6975
-459.1553
-455.0887
-419.3870
-399.4849
-389.5709
-390.3591
-411.4355
-422.1660
-425.2030
-415.6046
-395.7470
-362.6643
-343.9805
-347.5068
-368.0114
-416.1435
-486.8978
-470.7148
-381.3318
-348.7509
-316.1606
-297.2929
-304.4993
-315.8286
-340.2001
-376.4668
-425.5883
-461.0125
-492.2983
-553.1638
-605.9127
-553.0367
-464.4793
-430.0047
-416.1397
-409.7630
-417.7131
-433.3554
-445.3695
-456.7664
-473.4547
-488.4516
-494.6513
-505.3350
-510.7480
-505.9344
-498.3018
-495.3760
-482.8442
-481.8279
-504.7513
-522.7997
-483.5337
-436.8450
-420.0875
-424.6952
-455.9997
-490.8826
-521.8424
-482.2391
-433.3785
-418.0930
-420.9059
-445.9202
-467.9553
-467.7901
-486.4769
-556.7621
-654.7524
-728.3185
-747.5222
-747.6611
-749.1302
-750.0053
-746.7794
-748.8721
-758.0214
-755.7582
-749.1689
-722.5634
-637.7317
-523.7156
-441.4202
-396.9139
-401.3894
-417.1299
-417.6564
-402.7483
-371.4689
-365.2898
-378.4909
-429.2494
-486.6972
-432.9736
-340.5578
-316.2079
-300.1678
-290.4873
-297.6316
-316.0975
-330.5804
-353.3378
-382.8861
-431.5489
-486.9712
-482.6915
-415.9674
-397.8781
-427.2202
-478.3625
-527.3015
-534.6870
-413.5339
-339.2563
-320.7344
-315.6357
-307.9615
-300.6163
-306.0313
-323.7234
-351.0304
-372.0998
-404.5055
-440.5485
-467.7216
-469.7997
-484.4283
-530.8312
-583.7234
-633.0966
-631.1799
-636.8477
-668.7797
-712.3367
-740.9277
-753.3602
-757.8983
-759.0583
-753.6985
-752.1475
-753.4003
-755.1372
-758.5247
-757.6255
-755.1104
-752.7412
-739.6120
-731.0605
-728.7079
-735.7061
-745.5046
-747.6099
-750.4950
-753.9271
-754.5256
-752.1936
-747.0383
-748.9291
-754.7378
-752.1542
-749.3612
-752.7728
-753.6213
-750.0640
-750.0894
-753.1782
-751.1917
-750.4248
-744.0146
-748.8292
-755.5071
-752.1343
-742.8660
-741.5895
-743.7723
-747.8907
-746.8033
-740.4361
-736.7039
-740.7287
-743.4011
-746.1927
-748.2578
-743.8435
-743.3406
-747.4350
-749.4297
-749.6851
-753.5287
-746.2747
-727.4581
-657.0239
-569.2155
-486.3884
-441.6387
-432.1554
-463.1421
-537.5410
-629.6801
-692.4143
-711.3169
-579.4168
-438.6885
-371.2804
-347.1058
-343.6096
-341.1125
-355.2675
-361.4901
-373.7793
-382.2364
-379.9863
-379.4840
-383.1652
-394.4440
-405.5298
-445.0748
-507.9641
-565.8541
-624.5262
-608.8102
-512.9899
-443.3998
-412.2237
-406.6248
-407.2865
-407.3988
-421.7564
-437.0408
-465.5549
-508.3696
-551.0640
-594.0244
-627.1874
-661.8223
-688.9420
-701.3404
-659.9410
-522.4037
-468.9270
-461.4823
-443.8034
-431.2974
-415.4205
-400.8349
-404.0946
-419.7450
-417.4950
-404.3312
-405.8120
-416.8483
-417.1635
-412.7519
-408.8379
-398.6863
-387.0819
-388.4543
-392.3119
-369.5308
-338.2152
-329.0779
-328.9610
-337.3720
-341.4997
-344.4417
-361.9782
-376.9032
-395.7560
-415.5255
-446.1375
-488.5544
-534.4816
-583.0212
-617.0549
-639.4882
-662.2795
-691.5700
-716.0338
-727.0875
-739.1157
-751.1423
-756.9521
-755.1784
-755.5586
-759.6238
-760.0735
-755.6415
-754.9553
-757.0251
-754.2653
-750.9738
-752.7751
-752.6009
-754.2449
-759.6692
-758.2047
-746.2580
-745.4366
-750.7867
-749.6366
-753.6814
-752.8991
-749.8641
-747.2311
-742.9972
-742.6412
-734.0245
-729.1813
-728.5411
-725.1660
-724.8581
-730.2892
-739.4486
-743.0830
-734.6381
-730.2897
-742.9729
-747.7924
-749.7229
-757.1296
-756.6251
-748.0229
-744.7124
-741.7292
-745.6234
-740.9090
-724.8483
-712.0676
-700.1065
-692.3984
-687.4664
-693.7947
-697.1732
-693.3109
-693.6667
-691.4579
-696.7781
-700.7826
-713.1713
-731.3176
-739.9341
-741.3128
-741.2765
-748.0549
-746.1090
-740.8518
-742.4950
-738.5644
-736.2415
-744.7654
-745.4592
-736.1400
-733.1153
-738.0789
-741.0096
-739.6863
-733.2547
-726.0266
-720.6804
-723.9893
-733.0340
-739.5497
-735.2239
-703.8673
-688.3957
-685.0169
-689.3482
-699.3274
-703.3369
-710.1058
-718.9249
-728.9760
-725.8209
-716.6542
-719.5883
-717.5657
-714.3455
-720.3640
-728.3765
-736.2938
-736.5600
-733.4528
-734.7544
-730.2651
-726.8270
-739.7820
-746.9597
-746.9836
-747.6199
-744.3420
-748.8309
-750.2299
-748.9637
-748.9617
-751.6733
-749.1169
-730.4896
-697.2274
-667.3160
-635.7652
-605.0043
-566.3171
-549.4645
-548.2463
-575.1975
-607.1077
-624.2780
-640.4412
-658.9022
-677.4747
-693.4565
-694.4767
-695.8293
-695.7333
-686.0674
-681.1703
-695.5140
-702.7773
-684.3965
-662.6042
-653.0900
-637.1049
-624.3481
-622.1262
-618.8530
-627.8521
-647.9366
-662.1879
-662.4504
-652.6849
-648.4009
-659.6608
-674.4420
-675.1957
-673.6072
-690.2716
-709.6949
-718.9126
-724.7038
-736.0693
-740.5882
-738.2065
-736.0141
-733.7838
-734.1399
-734.9296
-739.4367
-744.4539
-744.4988
-739.7192
-733.2603
-728.3956
-726.2373
-722.9324
-724.4149
-729.3256
-734.8333
-735.8218
-733.4458
-729.1362
-714.7340
-708.8278
-701.4210
-684.9864
-673.9813
-668.7464
-667.2692
-665.3699
-663.1550
-666.2435
-676.2089
-692.0378
-700.2509
-702.5847
-705.0928
-707.4883
-705.8825
-710.8872
-722.2861
-725.0394
-727.2402
-728.2815
-730.3986
-728.3759
-724.9062
-725.6473
-731.7645
-740.0681
-738.9481
-740.9094
-744.0613
-733.2436
-703.1976
-659.6862
-599.0854
-557.6586
-525.1703
-474.0674
-426.5090
-416.0113
-445.1538
-488.0880
-522.4363
-539.3882
-502.8236
-499.2515
-544.0919
-589.3855
-615.2623
-623.8833
-624.5527
-596.6367
-566.9579
-559.7473
-521.9631
-464.7227
-442.9909
-469.6451
-521.1037
-547.6008
-511.9214
-446.8998
-377.3728
-315.8286
-320.2859
-349.8106
-346.0171
-343.9927
-354.8575
-368.3608
-386.9315
-375.3282
-329.5631
-329.5891
-371.8086
-407.4601
-465.1164
-520.5944
-549.9412
-564.5056
-429.2169
-316.1486
-260.9658
-264.8128
-299.5962
-268.2850
-269.7192
-342.1282
-353.3392
-348.3955
-363.0658
-369.8169
-405.8896
-437.3359
-451.4853
-467.7169
-495.9614
-534.5292
-559.6950
-557.4716
-527.0593

Coefficient 2:
4.7387
108.8960
108.2760
101.1107
81.2782
56.8249
54.1269
66.3020
58.8027
51.7358
45.7978
40.8889
38.0927
38.6967
38.3956
38.9669
39.3415
89.6426
120.7089
108.5772
103.5770
104.1436
82.6169
101.0556
115.2430
115.2461
93.2728
62.1459
44.1888
33.2404
32.1898
31.5208
50.1520
90.0805
95.9328
82.8920
65.2515
41.4140
30.5287
46.6059
52.2759
67.8187
68.3523
62.1859
51.3335
42.8735
46.6628
45.7073
31.5373
-10.0845
-33.4271
-36.5776
-30.2503
-18.1968
0.3830
23.0155
46.3122
62.2770
61.8385
56.5911
60.6456
72.7836
78.0945
70.8423
63.2860
55.1077
50.9785
49.3803
41.8969
38.0933
38.8655
46.8198
74.3628
96.8135
105.3787
100.8766
105.4524
117.8845
121.1728
122.3489
129.0453
137.6044
142.5459
156.7115
156.2235
161.0128
168.6682
171.5487
197.9540
197.7632
190.3670
186.7202
180.9161
161.9865
137.3513
123.3316
118.4447
119.7027
126.9104
138.1649
144.1877
151.5237
154.7259
150.7057
144.0306
129.0645
142.0833
176.6519
188.0195
182.0042
173.1533
160.8969
146.6507
140.8176
108.6333
40.6305
43.5311
71.6762
82.4811
90.6399
112.0367
129.3748
147.4736
154.4786
142.8400
157.7468
185.1421
194.3858
192.4978
186.7507
153.8757
60.1889
0.0328
-30.5671
-45.7628
-18.1448
24.1616
8.2516
-27.3644
-44.4948
-59.7192
-70.0377
-74.0231
-68.1343
-45.8255
41.7365
105.0462
133.8468
148.3306
152.5746
156.6535
170.9388
178.2856
180.8100
193.9917
213.2186
224.1189
225.9609
223.6219
212.6369
192.9050
179.2085
171.3808
163.3208
151.0271
126.0471
94.7352
62.8472
41.5577
33.5694
33.9690
34.5519
29.8039
27.3641
29.8066
28.2230
27.5960
27.2402
27.3239
29.5620
32.3665
31.0764
31.5860
31.4542
28.7371
26.4039
25.7864
25.2493
36.6564
43.7350
43.9216
45.3815
37.6917
27.9297
25.9257
27.5986
33.4617
43.4724
41.9864
37.4195
36.1887
42.0163
50.1004
56.5895
52.6043
48.4189
40.7435
37.9681
35.5871
32.8810
41.6420
42.4045
39.6962
48.3371
56.1639
49.1710
41.7064
39.2680
32.5940
35.1669
43.5346
57.9012
72.9402
88.4660
94.0909
98.0178
114.4442
124.9504
115.1632
100.0235
71.7637
57.4538
58.3890
67.5399
79.9581
91.8007
71.2143
39.7370
59.5618
92.9262
113.3385
119.5069
69.9160
21.1821
-3.6356
-12.3801
22.9750
67.6059
104.7113
124.1554
130.5995
133.9887
86.9645
19.3717
-21.6991
-37.1729
-41.1329
-28.7284
0.1831
78.3031
110.3714
135.2226
157.8439
166.2497
129.8596
97.0060
67.0968
37.7382
58.2800
100.5838
145.8245
157.7665
144.8558
134.7126
126.9663
120.4281
110.1632
107.9208
109.7892
107.9898
88.5675
63.9902
42.1947
31.5219
30.4808
38.3979
43.4266
45.1646
32.7775
33.4243
57.9545
66.6674
72.0845
68.6352
59.0604
45.4535
34.9850
30.4201
34.1213
38.4619
35.8153
33.1428
34.9403
33.6664
35.4260
35.7622
35.7929
35.7279
32.8550
30.9138
25.9901
26.9920
37.0118
44.2645
50.2926
55.3489
51.6237
41.8769
40.5248
39.5861
41.0025
49.9655
53.7702
53.9412
55.6120
50.5236
39.3326
31.5759
33.1036
34.8556
33.3241
36.6087
38.1693
41.9196
43.4324
45.2107
40.1755
34.6815
35.0932
33.0886
30.5461
34.3650
34.6293
30.7332
26.6374
30.0530
36.5306
37.2664
35.5698
35.0649
42.0969
52.4056
58.0738
54.7894
49.3207
45.6732
44.7308
58.6696
75.1338
67.2172
-47.3667
-59.7466
-41.6216
-28.5581
-2.9139
43.3032
71.4756
83.3362
93.5712
101.1741
79.8077
61.0101
53.0839
78.4012
129.1992
139.7294
83.1259
43.8890
27.2702
59.9117
102.1251
112.6477
107.9331
106.5676
110.1265
107.1794
112.7789
121.7512
129.4664
135.8540
139.2657
129.9462
107.4252
77.4748
57.3610
60.8645
74.4581
80.3290
74.5990
62.2128
55.5360
48.6313
46.8459
43.7746
43.7109
40.4783
37.4336
45.4416
47.7890
40.6891
33.7194
31.2002
32.8484
30.8385
35.9366
40.5387
39.6683
37.9876
40.0567
41.3143
37.6004
47.3040
50.6768
44.5874
41.4621
40.4679
39.6067
40.4480
33.9012
31.2696
32.7168
29.8503
30.4643
31.7456
35.6597
35.7945
38.4079
36.2629
34.0991
44.0323
49.3566
44.6878
41.4342
41.2495
43.4540
44.5519
45.7116
47.8737
48.1236
44.4419
50.6033
54.9850
54.7877
60.5460
62.5812
68.7483
80.0558
83.1065
72.4639
56.9320
48.9742
43.9284
47.4047
43.3060
29.8923
26.7097
43.7012
39.1199
29.5739
18.1032
8.4019
31.9891
80.9442
95.5059
102.9116
111.2464
121.7920
131.6263
130.3864
131.3654
131.8506
139.3840
125.4740
109.1528
79.8042
57.3102
31.9714
70.6899
128.8667
155.0443
169.9365
182.6339
180.2543
163.3183
158.5900
165.1758
167.6842
160.5296
138.3016
121.4560
114.5527
107.8078
107.4454
116.4216
124.0174
132.6315
147.3515
152.5774
143.5840
144.0620
143.2577
147.6297
145.1176
144.3196
130.0173
106.1302
82.5155
63.0993
44.5582
34.3909
33.0049
30.4104
24.7208
26.7613
29.5280
32.7155
34.7436
35.7519
35.7204
37.1313
39.0680
36.2897
33.4356
31.0119
37.4852
55.5076
59.7914
51.9075
17.3338
-18.4802
-38.4404
-47.4658
-49.0042
-38.3200
-20.6001
-3.9395
-51.4694
-84.7384
-52.1755
-0.5380
35.4073
50.4073
65.9290
47.5860
13.7841
39.5315
91.7153
135.6439
160.9594
164.6941
153.9734
152.3137
145.1666
130.0264
116.2108
107.8375
106.0508
110.6863
120.9373
115.7595
95.6657
97.0895
104.1181
91.0605
80.7973
76.1124
60.5240
37.8262
29.7500
16.0022
5.0082
4.0437
10.9969
8.9140
7.7071
8.2398
12.5335
13.9690
19.0730
19.3752
18.5246
28.1758
29.7490
30.0378
34.9352
42.5815
58.3757
62.5968
54.4533
49.5168
43.8567
39.8275
39.4378
42.2856
44.3937
38.5499
29.9962
27.7090
30.1984
34.4016
36.8194
48.4851
56.0937
51.6337
43.7448
38.2414
31.3405
26.8246
30.1886
39.9753
36.4266
28.3885
29.4540
40.8089
44.7360
43.3917
38.3877
35.1959
37.0068
44.2369
52.0733
49.1333
42.5934
40.8308
42.4773
38.7983
39.7182
50.2589
61.6731
64.1752
68.9432
71.5050
67.1536
54.3538
40.6353
18.5206
11.9351
16.9278
21.8897
28.2178
40.6974
50.3801
53.9953
51.7395
53.6037
50.8036
48.1663
44.2104
38.8376
44.4727
52.8598
55.7556
63.4186
68.5445
103.6179
116.6272
115.8962
108.1922
104.2183
82.9968
8.3911
-29.7411
-42.6091
-14.2432
41.3387
76.7795
103.7495
123.3642
133.1168
92.5222
44.3280
7.0981
-9.1431
-1.4446
12.1764
-28.0522
21.0815
76.8813
100.4612
102.9756
100.4748
103.0240
101.6690
106.4335
107.6131
98.1667
101.4212
108.1108
77.2934
3.3915
33.7473
71.5507
97.3295
112.9427
126.7834
132.1307
139.6499
148.9524
152.2136
155.4928
158.0921
150.6419
149.5314
149.4124
150.0396
148.6180
155.9061
168.0316
161.6917
151.5821
140.3146
117.3644
103.4808
106.3307
116.7125
124.5537
138.9381
146.4174
127.4200
116.6671
118.2794
120.5894
85.6726
24.2968
2.2449
7.5041
11.5896
23.0909
31.3767
28.7057
28.0609
34.3985
41.8816
38.1152
27.4728
30.3168
36.3370
26.6134
-39.9727
-89.4356
-89.9384
-41.2738
24.0197
65.4803
94.8138
104.4496
54.7208
10.1876
-1.7042
2.2387
-14.8938
-49.2223
20.6255
85.8095
107.6966
100.0898
92.5394
86.6034
84.7855
92.1884
105.4132
103.3156
93.4528
56.5205
86.9552
126.9658
140.6721
135.8782
126.7394
143.6809
160.8690
136.2827
109.7868
97.7797
99.3377
109.0122
109.7991
115.1502
118.8553
115.0484
107.1689
108.3286
102.9439
58.9308
43.9984
40.3079
29.7769
11.2162
-11.8739
-18.1636
-16.3849
-0.8389
20.6690
30.3946
27.5187
26.0840
27.4464
28.8140
32.7925
31.1804
26.9621
28.1102
31.6009
32.0919
29.8786
30.8091
39.8331
43.9235
39.4041
40.1824
36.9213
33.1393
31.9291
33.6107
39.6962
37.8662
31.5022
35.0450
38.5068
34.4930
33.2447
36.9207
37.0954
34.2108
36.5218
37.4417
45.7588
39.7702
31.0061
21.7794
18.3143
25.1095
35.3622
39.2582
39.9969
48.3887
53.7623
49.4577
47.2477
43.6760
39.0666
43.8159
45.5997
40.9673
38.0854
37.5391
33.4548
43.2211
43.6147
-27.6064
-62.9811
-62.2371
-58.8959
-50.8272
-42.2571
-27.9826
-26.3892
-34.3450
-26.7652
66.8659
98.2064
107.9018
111.7636
109.1048
115.7560
122.9998
128.5648
128.3246
127.3265
127.2573
128.2934
136.6688
142.3130
151.0993
151.9304
145.9026
136.0115
115.4482
128.8339
173.9189
194.5500
202.2201
199.1798
194.9885
192.6392
190.4809
184.1448
174.1845
168.1238
155.7679
133.9119
112.1629
87.3927
74.1712
70.8178
47.5760
32.1140
31.2860
54.6534
75.4702
83.9937
82.6904
76.5201
78.1239
82.0394
82.4766
79.4962
77.2384
78.2290
75.9793
72.0146
60.1109
64.7621
86.0030
102.1471
104.8029
125.9852
141.8561
140.5172
140.4535
144.5809
151.0144
154.4633
155.2873
154.0983
151.2678
160.5663
168.0379
170.7489
164.0894
144.3012
123.1893
100.6268
80.4412
60.2797
42.9264
40.3593
39.1201
32.1841
28.8820
31.5219
30.8945
25.5345
24.9719
30.6830
31.1416
28.2848
32.5379
36.8915
34.1932
34.7049
32.8236
25.1982
27.3638
42.2416
43.2086
36.2602
36.8265
32.1161
33.8433
37.0325
39.2896
41.8790
40.1942
51.2990
58.0649
59.3563
60.9719
56.4279
45.7812
34.7907
32.5365
46.4149
53.0938
41.7104
38.7473
37.9721
28.6107
28.7442
39.6380
44.1929
47.5968
43.0229
44.4452
52.6556
51.9214
55.1172
53.2859
54.8039
50.3698
51.7622
54.4247
55.0471
55.7060
51.2048
51.7624
47.1817
41.4299
45.6311
47.1124
42.1603
37.1695
42.7685
47.7346
44.9695
46.8051
45.7832
33.4090
33.0920
48.6473
55.1847
51.8704
48.0572
49.6594
51.2439
48.8215
44.9773
37.2779
32.6847
33.7000
37.7873
57.1742
64.6407
61.8682
59.0216
53.0643
54.9187
55.7725
50.2738
43.8464
45.2091
49.9196
43.7590
39.3409
42.3716
45.3402
45.7969
44.5698
49.6326
55.4001
54.1592
56.8343
59.8294
47.5477
41.4585
41.0028
38.6756
40.9425
36.0888
35.0039
36.5589
36.5262
34.2365
36.6149
47.0931
57.7830
58.3467
67.8026
80.3026
96.0559
99.1766
91.2921
75.8483
60.8158
66.8661
75.8062
77.1232
72.3249
67.1649
70.7031
70.4038
62.4939
59.9388
60.5022
53.6976
49.5202
57.0869
62.6927
59.9971
64.4443
65.4861
66.5733
75.4135
76.0318
66.9734
62.3568
64.7730
67.6525
62.2543
59.4773
67.1591
89.9582
105.0544
99.3764
83.4985
73.8196
67.8252
55.0020
48.8859
50.8378
54.6258
57.4272
57.8171
54.7356
46.6146
41.6263
43.3555
49.8871
56.6074
60.2204
55.5276
56.9046
56.1760
55.6414
54.9396
52.4858
56.2236
61.1996
76.1719
82.0902
86.3560
94.0510
88.8101
69.4742
52.3934
51.1631
64.0654
63.8907
50.2741
31.5672
27.9197
36.6073
44.3818
49.9862
56.6228
61.7600
65.3316
64.1378
62.0275
61.4053
60.1910
61.8208
64.5937
62.5359
56.7491
48.2067
49.7473
47.0168
39.4912
36.1422
36.1742
36.2157
40.1776
44.4622
51.1669
73.2566
89.5959
91.0889
83.0758
71.5267
65.7976
79.4288
117.4592
124.7507
114.5272
103.2498
92.0687
78.1400
76.2422
87.9005
99.5556
102.8886
135.0615
154.9112
150.6627
136.2502
123.3973
88.1907
22.9101
16.0699
49.0413
81.7322
84.7013
69.5950
65.5265
57.5776
48.4739
44.1793
38.8574
64.7992
89.4742
87.9454
69.9225
64.5236
61.7993
58.3126
52.0517
60.6075
92.1472
114.0909
122.4663
118.5034
98.2051
45.5177
40.3153
70.9404
92.8126
95.1581
109.0147
119.4054
108.2461
93.9256
77.9586
66.5103
56.4203
57.0841
63.0369
59.2280
61.2053

Coefficient 3:
4.7020
2.0524
-4.4055
-6.9228
3.4518
32.9723
42.0207
49.9644
47.5188
42.5732
38.0773
34.7302
32.2479
33.9322
36.3132
35.3768
30.0423
28.2804
24.4978
17.7164
26.0783
44.5552
35.0510
25.6567
19.4808
20.7930
27.7932
21.8773
28.0638
26.4631
28.0539
27.4800
22.5552
-3.0461
-13.4321
-4.8020
14.8014
31.3927
39.4840
41.4382
36.1865
35.0994
41.4381
46.8877
46.1095
28.4911
11.4148
5.7931
13.9039
42.4859
52.9512
53.1188
52.8294
45.8977
42.4233
47.4565
42.3037
34.8653
24.4174
20.3099
28.9796
48.0519
62.0064
60.6289
54.2793
43.1999
32.6285
30.3354
14.2735
1.9128
0.0484
-18.1280
-37.8089
-26.9918
-10.9708
1.6826
8.1520
13.8520
15.8885
12.4855
14.8410
25.9844
38.4389
40.9507
25.6768
14.0858
21.6621
28.1597
24.9368
5.8745
0.8433
4.8504
9.9582
17.8441
34.8099
44.8324
48.0495
51.1603
53.8864
52.1234
46.0232
53.2751
67.4860
75.7835
78.2716
84.8203
88.4095
90.4408
82.1040
76.9215
71.2855
69.2004
68.3932
73.9468
102.0734
113.5414
100.2034
85.5183
81.9399
73.3568
65.8414
54.5345
51.7574
52.4039
59.8670
71.4498
70.4840
73.5386
83.6889
99.5130
104.4845
101.8845
100.7635
101.2028
102.3210
109.9581
103.8063
119.8582
123.4088
117.5064
110.5472
97.8442
97.2309
102.3175
99.9413
109.6940
86.4877
69.6846
61.9119
64.6642
73.0994
75.1281
57.4996
28.5066
2.9396
-5.8572
-10.2794
-10.3167
-10.5835
-7.6611
-4.0269
5.2536
9.8133
8.3072
8.9342
13.8374
17.3926
23.5839
28.3123
28.2399
28.6212
28.4891
25.2992
23.6119
25.4885
24.8079
24.2877
23.4330
24.1339
26.6857
29.1945
26.7391
27.6270
27.3938
24.6730
23.2851
23.6868
22.4334
31.0152
35.9917
35.3571
34.6109
30.1979
24.7080
22.7298
24.1893
30.2692
36.2976
36.1299
31.7589
30.2709
36.3782
40.5865
43.1588
40.6988
39.1180
34.9060
31.9876
30.0407
27.7576
35.5590
35.7140
35.5363
42.1556
46.3671
42.3702
35.0730
29.3265
26.1218
29.9374
35.9925
44.7582
46.6182
34.0807
31.4228
40.0637
53.9051
72.1990
93.5657
99.4821
96.0799
87.1229
64.5589
57.4903
58.0101
53.5948
71.2841
98.0875
101.1801
93.9279
97.1619
104.1660
130.0726
135.9906
128.6171
123.3902
113.4345
73.7583
53.9560
57.9449
58.2868
63.3416
87.3612
101.7406
91.9340
86.3252
92.3577
96.9610
92.7392
49.0383
25.3519
15.2560
12.9124
19.6649
42.8229
44.4288
32.5104
18.2056
35.0762
34.7288
12.1160
-16.7712
-37.4850
-42.1741
-31.1886
-15.4298
-8.1082
-0.9626
7.7234
21.4772
32.4722
33.3381
27.3692
24.3480
11.8472
6.0238
3.3658
9.4536
15.6646
17.7076
9.1449
-2.7157
3.1871
12.1567
20.7030
25.2384
25.1196
27.0536
29.6627
32.7152
32.7820
31.7281
30.3385
27.8642
30.8871
31.7622
31.8038
31.4139
28.5957
26.7241
23.4858
24.3209
32.1416
37.9775
42.4678
46.8200
43.7026
29.0565
23.3086
22.0073
21.8381
23.2782
25.0916
25.4426
25.4267
30.3818
28.6342
24.7435
27.5067
29.4080
29.0497
31.7756
32.5799
33.5218
35.8719
39.6846
35.3053
29.2653
29.6223
29.2715
25.8947
28.0093
29.2174
25.2805
22.8877
26.1890
30.8982
30.1063
28.4184
27.5595
30.5631
34.3448
38.1978
38.0609
37.3593
34.1028
33.3388
39.8398
38.1444
25.6225
13.4214
-2.3739
-4.0304
-4.7619
5.0265
13.1077
14.5332
22.9400
28.4284
34.9848
43.8645
43.4919
44.6177
48.5741
48.3311
42.4887
35.3329
29.8072
26.6688
30.4789
10.1448
-18.5245
-39.0325
-47.9447
-57.4209
-58.3636
-57.6637
-51.3455
-35.9229
-25.9217
-20.8306
-3.2704
17.6498
29.8100
27.6949
19.2934
10.9603
3.1574
6.1371
21.1030
34.6497
40.7250
38.0498
33.1587
33.8729
32.3665
32.6817
38.7164
39.6529
34.0762
28.3190
25.7966
27.0124
25.9566
32.3982
34.6552
33.8410
30.1169
28.5014
30.8386
30.5069
37.2832
40.0312
35.8713
34.0049
33.8313
32.2207
31.0471
26.6447
25.2725
25.6903
24.9347
25.5608
27.3282
30.8464
26.5202
26.3419
27.1468
30.0491
36.3030
38.5140
35.7459
33.3451
34.3094
31.7226
29.6475
33.8796
36.5772
39.2345
38.6428
42.8659
39.5914
27.5501
22.2036
19.2739
27.3554
38.3658
46.3975
48.3559
44.0855
37.2020
30.5140
34.6233
37.9678
46.9577
55.8887
63.7799
78.8261
74.8218
45.4054
12.0294
17.1624
17.8288
3.8285
-15.2080
-23.7021
-20.9011
-12.8504
1.1743
11.0424
14.8659
20.7306
24.3293
37.5843
59.3031
68.9107
62.9322
53.2733
27.7038
6.0320
-5.3178
-5.4989
-10.2461
-18.2596
-16.1262
-12.9464
-8.8916
7.6261
4.0702
-16.0151
-29.9901
-33.2313
-33.4551
-28.9590
-17.7825
-16.2641
-17.1723
-10.6035
-5.8981
-2.3887
4.3981
6.2058
1.6804
-2.3037
10.3185
26.2840
34.4785
35.5619
30.5399
29.1413
29.8723
27.2926
21.6881
23.5405
26.6408
29.0564
29.9010
31.1611
31.7436
32.7716
34.0603
32.2816
30.2293
27.6606
32.2555
44.9073
48.7296
39.1667
24.7545
16.2713
8.7071
4.0827
4.8049
17.2815
32.8998
41.5103
29.5362
14.6328
27.7014
42.8770
45.5137
47.8374
51.7102
55.7577
42.4478
29.0932
23.6422
16.7507
28.6519
40.3738
49.7151
58.2790
44.7478
15.0687
0.5112
-9.7741
-15.5212
-19.0488
-14.0933
4.4282
31.7498
39.3745
34.7549
29.9013
30.3393
37.7003
42.6424
33.9065
36.6974
35.5351
41.4447
50.0691
60.7711
54.2423
42.6172
41.9815
42.5399
29.5226
23.8648
23.6704
33.3630
32.6891
23.3106
14.1368
12.9284
17.4973
25.4663
32.3984
33.0329
34.3377
32.1926
27.9760
29.8319
35.7791
36.4456
32.3765
26.1715
24.5761
26.9219
30.9291
31.1123
38.1396
44.6641
43.0749
37.0399
31.6277
27.4048
24.4797
26.8044
31.9504
28.1517
23.5408
24.8110
32.1733
33.1529
33.3624
29.3803
18.7562
15.1730
16.2482
25.3231
32.1519
30.5997
27.7239
23.7076
19.9378
24.5734
34.5076
42.0987
41.4045
38.9643
33.9810
32.6727
29.9585
28.9634
32.2496
43.6714
42.1460
35.7446
24.3856
19.7981
29.9368
34.9058
31.7133
32.2010
28.8028
28.9109
31.4489
31.7360
37.4599
43.9202
45.1033
51.1391
55.8564
8.1580
-5.3694
10.8945
22.6837
31.4694
51.6232
77.1197
83.1947
69.3994
76.2612
77.1359
72.4428
68.5071
60.1028
55.3042
74.6343
86.1757
89.1260
88.7210
89.4214
79.9806
62.9396
55.0580
20.8376
-8.0137
-19.3669
-22.0271
-22.0891
-10.6349
-5.7973
0.3861
17.1593
32.6004
30.8081
45.3454
84.9815
90.1648
64.0954
43.8980
39.1053
35.7856
37.9471
40.4206
39.2494
43.3984
50.1393
52.6354
54.2236
59.5132
61.6643
59.2813
38.2692
18.1674
11.9742
17.4535
24.9804
19.6085
14.6016
9.5552
13.2147
18.1752
30.3177
41.6957
30.8911
23.6433
25.0842
24.6776
21.0242
40.7587
57.4861
55.9506
46.7450
31.6557
23.8998
25.0044
28.2649
28.4744
32.0492
35.3726
31.4358
24.5285
26.3160
30.2059
49.3664
98.4469
94.1153
80.8413
79.1231
72.6974
69.2206
61.3315
61.0350
83.5374
83.9475
82.5629
76.2847
51.1439
35.5341
24.3942
-4.1914
-20.9700
-27.9975
-28.2379
-19.9766
-17.9407
-8.1541
0.7123
3.5344
4.2374
35.6648
44.8615
35.4607
32.3478
35.5993
43.1023
40.5578
-2.8560
-19.5455
-27.0114
-30.9571
-39.5639
-45.0515
-44.7382
-33.2908
-20.3674
-14.4596
-7.0627
14.5689
34.9332
63.9034
67.4533
71.5764
77.7638
71.1227
54.0759
44.0443
39.5454
39.8989
40.5795
29.5260
24.0899
23.2074
28.7215
30.6208
28.9771
27.1863
24.4567
25.3283
28.5517
26.5104
24.2943
26.6279
31.9445
30.0907
29.0705
32.2516
31.0216
29.7936
27.9549
26.4278
29.7759
29.6086
26.9616
30.0516
32.5745
30.5113
29.2511
30.0448
30.6998
30.9683
32.2229
32.8050
39.0997
35.0828
28.0010
24.6318
25.7787
27.3375
31.0452
31.0435
29.6592
36.2780
41.5396
40.5472
41.7102
39.2199
34.6100
33.7297
36.4121
34.2676
30.9847
30.0894
29.3812
37.7587
52.7088
103.2942
113.6182
100.9792
88.3817
88.5693
92.5059
89.6096
88.9644
83.3864
69.4062
67.1676
32.3670
-3.9519
-27.5453
-31.7059
-39.1023
-38.8618
-38.6026
-44.6662
-50.6569
-53.6736
-59.0118
-51.4231
-41.7418
-37.5869
-29.3236
-25.2486
-20.0329
-13.3658
8.4080
-14.5698
-47.6878
-64.4233
-64.2366
-49.3283
-41.1406
-34.7863
-34.2687
-33.1417
-31.6711
-33.6653
-34.3213
-23.4568
-17.0215
-6.5413
5.5172
-1.0991
-2.5498
-1.8419
18.7183
35.2808
34.5708
24.1696
18.7751
18.3372
22.8239
33.0668
34.7865
30.9657
35.3636
40.9396
42.3525
41.2385
38.5765
27.3873
20.4445
11.4637
1.7056
-8.0446
-15.4406
-22.0555
-24.7218
-29.5117
-39.2981
-38.6325
-33.2553
-27.6030
-16.0491
-3.6697
-2.2182
-0.3357
3.2442
-6.4735
-17.7067
-19.9026
-17.3934
-12.9534
-1.3736
15.1042
21.6194
25.6825
28.5003
27.6358
23.3691
23.0037
27.2236
26.5618
23.9603
28.7442
32.3265
29.5106
30.6838
29.8590
22.7021
24.8360
34.5626
35.0100
29.7659
28.0290
26.0615
28.9476
29.6687
28.9652
25.1708
20.2577
30.0856
35.8412
39.5247
42.7069
38.1428
30.2951
23.7359
22.1695
34.5968
38.1975
32.9233
31.1812
31.9528
25.2745
24.1013
31.7949
35.7221
37.0754
34.8282
31.3750
27.3999
14.7910
10.8857
8.6465
14.6469
16.1112
13.0003
4.8262
4.6255
7.5868
8.4503
12.1150
19.1470
22.6190
33.0930
40.3186
41.1161
35.2319
36.4930
39.2230
35.0165
35.7462
34.0219
25.0815
25.7681
38.5901
44.4612
41.0710
37.1204
39.5284
36.4978
31.8290
30.6540
23.6218
20.7357
21.8014
21.8597
16.6836
10.2361
2.5441
1.6359
-0.4159
5.9803
14.6239
14.2963
15.9326
21.1724
24.6789
20.7069
13.4679
12.4896
21.3473
27.9952
28.6405
36.4516
40.3158
38.3667
33.9547
33.9279
32.8712
34.4235
33.3042
28.2987
25.9338
24.5761
25.4176
25.7482
25.9983
26.7388
27.6889
15.9076
-10.5437
-35.6247
-47.2715
-51.4714
-48.5739
-51.6456
-54.1949
-56.3406
-55.6360
-47.8777
-34.8096
-26.7310
-19.6113
-5.7744
8.6383
19.1625
24.5465
36.9445
50.3918
47.0345
37.6045
19.5372
6.4570
-3.3790
-20.0423
-37.6363
-41.3688
-29.4184
-25.5965
-23.0264
-17.5822
-19.4721
-20.8006
-15.0898
0.2509
18.7848
40.4642
52.5763
57.4693
52.7276
49.9241
48.5109
42.8808
37.7128
36.6562
41.4465
43.4801
45.7936
45.4366
39.9192
31.8383
33.0878
38.8973
40.9223
37.9252
28.8111
30.7632
36.1348
39.5973
40.6362
35.0939
38.8979
41.8507
50.4171
51.8177
52.6096
57.0163
58.0376
57.4059
55.3191
52.9574
55.4033
57.5021
55.3136
48.2949
47.6367
51.7235
60.6260
72.1293
75.0069
72.1975
62.0048
51.2641
41.6208
42.2795
43.6798
42.5349
41.2904
38.4693
37.2772
34.9291
35.8675
33.4452
24.3794
9.4490
-3.8528
-22.5034
-34.4932
-39.9391
-46.7040
-42.1987
-35.3181
-27.0149
-18.2941
-20.8951
-37.4757
-35.4097
-18.5345
-15.2091
-15.5031
-12.6254
-14.9015
-28.8506
-34.3262
-35.8731
-37.1558
-35.5806
-21.8375
-14.8931
-10.6987
-12.8577
-14.5748
-11.9353
11.3142
21.6625
24.5330
19.9416
10.2991
4.8193
-0.9123
-9.9441
-14.2651
-22.6131
-33.3893
-26.5625
-23.9617
-28.3922
-24.2479
-14.8371
-7.5277
11.2172
30.6974
22.0744
-40.0291
-59.1776
-72.8344
-81.1570
-62.2224
-29.1871
-27.3304
-27.0302
-34.0731
-26.7913
10.3246
22.7833
26.2529
21.1353
17.4837
10.5768
3.6217
3.2512
15.8467
11.9399
1.2460

Coefficient 4:
4.6414
43.7113
44.7706
43.5746
36.0616
21.8902
28.5667
32.8594
33.4972
31.8372
29.5604
27.0749
24.9513
25.6762
27.0433
27.6076
22.8665
-3.6153
-18.0916
-7.0854
1.9331
-7.5967
-14.5415
-14.1574
-17.9894
-14.7216
-6.8996
-3.5266
12.6699
18.3899
22.6163
22.0524
3.1946
-36.2497
-50.4915
-42.3333
-18.2614
0.3777
16.4437
19.2464
18.6877
17.3554
14.5411
20.2094
28.6101
36.1452
33.7197
37.4204
43.2114
49.5954
48.6093
41.6785
35.7732
33.5960
39.8951
41.5266
43.5872
36.2434
22.4547
18.3537
28.3611
40.8499
46.8691
47.0986
42.2815
35.9054
32.2211
39.5806
45.8834
43.9666
40.6088
15.9950
-2.4649
-9.1062
-9.8750
-4.7345
0.8948
4.6784
7.5888
19.0197
26.9788
22.0861
17.3822
16.0014
19.3284
11.3955
4.6090
-5.3083
-15.2463
-13.6047
0.7288
16.5071
19.9687
19.9175
23.3339
26.5974
23.5408
25.9563
36.0549
47.1779
51.2618
49.6375
64.3859
71.6327
68.5228
63.5741
39.9608
11.8762
2.6078
0.0614
8.9457
27.9080
41.9672
46.7514
32.3270
19.6659
26.8307
40.0662
46.4317
46.2265
41.8324
37.7641
36.1095
37.9484
43.4573
40.9320
19.9213
-2.6697
-14.4373
-13.3240
-21.5699
-14.9399
3.5376
13.8710
26.1285
36.2793
40.1168
31.7685
25.1601
17.0139
9.4335
-2.8222
-5.9710
-3.2722
-4.0567
-7.8459
-34.8555
-44.1005
-44.3857
-33.2722
-24.2845
-26.5188
-23.0123
-31.0501
-48.8759
-66.1457
-70.8590
-65.3034
-61.6820
-56.0636
-56.1193
-55.1674
-45.1025
-38.3168
-29.1678
-13.7314
-3.0774
9.4763
18.2451
21.1973
21.1844
20.3747
19.3642
18.6066
19.7827
19.8148
19.6032
18.5343
19.4812
22.3386
24.3983
20.5421
22.0060
22.0023
19.3402
19.1087
20.6139
18.9897
23.6505
25.9098
23.9272
21.4813
20.9506
20.2574
18.0628
19.4442
25.7339
28.8885
29.9409
26.1529
24.0044
28.6931
28.3688
26.6715
27.2382
26.5593
26.5722
24.8176
24.4183
23.4977
28.1561
27.9323
29.8328
34.1756
34.9621
33.6163
26.9273
20.4707
19.4431
23.0050
25.7220
27.0136
3.4156
-15.2440
-8.5363
-1.6272
13.2295
21.5560
22.4922
29.1251
38.8334
66.7721
78.7493
71.5579
64.0330
58.7750
35.3371
16.6777
26.5524
36.8912
40.8991
35.1432
17.3772
7.5252
-2.8397
-11.2786
-22.5411
-33.6060
-40.2187
-38.3826
-37.2014
-36.6103
-26.9244
-16.1639
-14.1545
-19.4148
-20.0341
-8.3964
4.8960
-21.8105
-35.2627
-44.7247
-41.3636
-38.3127
-52.0572
-56.7094
-57.1927
-46.0704
-16.0312
6.5138
-2.7416
-19.2514
-21.8738
-14.9012
-2.9041
3.2039
7.1751
14.9693
15.6158
16.2917
10.9577
7.6068
10.1620
15.6071
11.4554
-1.9894
-13.6054
-17.5272
-12.9109
-25.1180
-58.6319
-70.1144
-57.6113
-35.6133
-12.7137
10.3527
22.1130
22.5155
23.3854
24.8716
24.8211
24.3682
24.3181
22.1585
24.8304
25.8266
25.9359
25.3895
23.1115
21.5444
19.8292
20.3418
25.7744
29.8097
33.0604
35.8300
33.5794
21.8278
17.0970
17.5121
18.1430
14.7641
13.0905
11.3039
7.7610
14.0628
17.7943
18.6066
24.3342
26.9170
31.1852
39.8084
42.0921
39.3515
36.4113
34.7124
30.1141
22.4687
23.1691
24.1012
16.5068
18.3707
22.4903
19.2795
18.4954
21.5562
24.2411
21.7076
19.7686
18.7282
17.3682
17.5153
20.2266
21.1501
24.0949
21.0675
19.6288
27.0527
29.1973
11.2754
20.5341
28.8317
29.2625
28.1084
34.1638
37.4382
36.6730
41.1223
46.1568
49.7935
39.4955
28.5569
19.1925
-2.1349
-13.9892
-12.8071
-7.6250
-2.5701
-0.6614
-13.5714
-28.4752
-27.2956
-21.4254
-9.7191
-1.3870
5.6409
15.4618
24.3433
25.5887
29.2236
31.0151
20.7573
-0.4641
-9.7309
-7.8538
-7.1543
-4.3503
-2.8853
-0.6756
11.6122
24.9192
30.6990
27.8211
24.5854
23.3974
23.5105
26.3891
31.1432
30.8518
25.8564
21.5237
18.4766
19.6586
24.7503
33.8330
32.1819
27.3195
22.2229
18.8926
21.3822
23.1700
27.5093
29.9562
26.1147
25.4000
26.9323
24.7992
21.5698
18.2771
18.1438
17.4554
18.5931
19.8343
22.8532
24.8613
18.4507
17.0427
20.5322
25.6175
27.5843
26.0438
24.1196
23.0049
25.2621
19.2739
14.5806
20.3567
23.8219
28.2327
27.4701
24.2164
17.4078
10.3580
11.5598
14.2110
15.9328
19.2930
26.0807
29.9070
28.9059
24.0941
17.6266
22.2795
21.7382
16.3193
17.6216
11.1378
-13.5679
-20.3105
1.5546
21.4109
22.4592
17.5245
7.5514
-3.9989
-5.0288
4.0615
8.2878
9.3261
9.7255
15.9533
37.7328
46.6527
46.9422
30.4634
18.6975
18.1483
-1.9431
-20.4703
-34.5390
-42.5827
-44.5946
-42.4567
-25.5541
1.5655
19.8310
16.8036
10.9779
4.5142
-7.2569
-8.7433
-8.7458
-16.6135
-21.3606
-11.7433
6.2579
11.9129
-2.9997
-15.2323
-15.6157
-5.9078
-2.3714
-1.1864
-3.0905
-12.5730
-15.9002
0.2068
11.6962
15.1590
22.4736
25.4975
22.6697
17.4381
19.0247
22.3932
24.3206
24.3907
25.4437
26.7095
27.7124
28.3814
27.0837
25.6607
23.3334
25.0064
31.5917
35.2363
38.9577
40.3448
38.4293
31.4338
25.8756
24.2299
23.9582
18.7034
10.4533
25.0186
20.9608
32.8332
45.5946
52.7574
61.6759
70.3812
63.4963
48.7816
14.9152
-10.4070
-23.9525
-26.1534
-26.1711
-23.8959
-33.4650
-52.8441
-47.4777
-42.8928
-38.0918
-28.4651
-21.5560
-10.9013
-7.5772
-8.9999
-10.7183
-4.0530
-4.9015
-4.8832
0.0362
-2.0893
-12.9311
-6.4575
-0.2946
2.3530
2.4473
5.2201
6.9465
6.1581
7.6457
14.0503
15.3027
18.3644
18.6115
18.0809
24.4180
26.1428
13.0497
3.8073
2.5144
4.0525
10.6910
15.5912
19.2456
20.0594
16.7993
19.6600
28.3169
27.6653
24.5408
20.9290
20.4556
22.5613
26.4983
25.6469
25.2549
29.8704
32.7573
30.7337
26.3694
22.8142
21.2070
22.6597
24.0323
20.3358
17.9436
19.0889
22.9743
20.6880
21.3394
20.0018
19.1979
21.8285
16.2496
17.5343
20.0948
19.6883
19.6216
19.0624
18.8280
19.9338
23.7790
28.0322
24.8575
17.6546
8.6336
8.7605
12.8202
17.0314
14.0000
14.7236
15.3913
19.3168
20.5749
19.0079
22.3334
24.8155
19.9834
18.6116
18.6464
16.9795
19.4354
22.7856
28.3985
33.7005
34.0517
36.9245
40.2821
2.5155
-16.9700
-20.0151
-21.4391
-15.6852
0.2994
16.6677
34.2332
42.3453
51.9602
46.6254
33.6565
20.8895
6.9844
-8.9124
-23.7007
-24.1140
-16.6413
-12.7385
-5.7614
6.6113
23.8984
13.9447
-2.4616
-8.9629
-9.5428
-5.3421
5.4095
20.4400
21.8529
17.6928
13.8578
10.7297
12.6889
1.0122
-10.0888
5.0369
9.5992
10.3916
6.9773
2.8945
5.5348
8.9220
-2.4738
-11.0858
-7.0953
-2.4975
5.0384
3.4762
2.4487
0.1064
-12.8514
-18.6472
-13.9597
-11.3182
-5.5995
12.0549
23.1797
30.0612
40.8356
40.6953
39.0823
34.9708
22.8244
17.0936
21.8796
24.7756
27.1093
15.7743
23.1800
32.0009
36.4020
31.4313
25.0378
19.9836
18.0827
18.9703
24.1994
27.2827
25.7372
20.4275
20.6666
25.6988
20.5265
15.0665
33.2903
44.1866
48.7890
39.4673
19.2946
-4.2354
-22.0402
-28.1873
-22.8144
-18.2464
-4.6386
20.5493
21.0064
-9.2120
-26.8792
-28.7180
-22.5934
-6.3749
15.5422
22.7713
26.4885
24.0739
21.2832
23.3215
19.7820
8.0016
1.1906
0.9471
5.8983
22.2123
2.8632
-24.2504
-21.4811
-16.2976
-10.0275
-10.0405
-11.0389
-7.8115
1.4961
14.4812
18.5095
18.0716
25.6682
29.4370
36.3409
42.0877
44.9355
40.2702
27.2643
24.7486
21.7972
17.8526
12.9089
13.5644
20.4802
19.0697
18.9219
17.5875
18.4610
22.3217
21.6695
20.7767
21.4110
24.0461
18.1205
6.9289
8.8853
15.6869
16.8636
18.9441
22.7599
23.7134
25.0485
23.1194
19.9077
20.9198
21.5329
20.9139
23.0707
25.1910
25.1766
24.2362
23.0866
24.1826
26.5212
26.9266
27.3410
31.0102
29.0766
23.8649
24.2113
31.0569
33.4540
29.5487
21.6299
19.5213
23.6841
27.7351
29.9282
33.7932
32.9340
27.5558
23.7198
26.1440
25.7373
21.3795
20.3328
23.5348
29.8742
25.5726
-13.6047
-19.2755
-18.3812
-18.6052
-20.5973
-20.5403
-15.6963
-15.2152
-9.8289
-10.1294
-16.0842
-25.6713
-20.8886
-12.0128
-10.9245
-18.0303
-13.1136
-3.9281
5.6834
5.1249
-0.5044
-2.4016
3.6154
8.9722
4.9071
4.0051
-3.5871
-25.0782
-39.5014
-61.1774
-50.0253
-30.7171
-20.3262
-14.5197
-6.5032
-9.8380
-18.5065
-30.2480
-35.3089
-43.9124
-49.8343
-51.5099
-47.0255
-37.5479
-26.2400
-22.1450
2.7074
3.2547
3.1834
18.3215
42.7156
59.7529
69.9207
71.0009
72.6648
77.5832
80.2840
73.1489
70.6096
76.5916
81.8007
79.7487
71.6474
65.0784
55.1940
46.4737
42.7836
21.0979
-8.8313
-26.5617
-23.1070
-14.6091
-20.5809
-28.2130
-33.8451
-42.2323
-44.8638
-48.4566
-48.3751
-46.1629
-47.8285
-46.1143
-38.9319
-26.7038
-17.3651
-4.3906
3.6002
7.4295
12.9079
16.9555
21.2515
23.9710
22.8107
20.1363
20.0300
22.2788
20.8001
18.6382
23.0981
25.7589
23.5662
25.5065
25.6975
19.8546
21.3631
25.0273
24.7844
21.9496
18.5653
19.9280
23.2639
22.0405
19.7481
12.6357
7.6154
17.9166
21.7720
26.9943
37.2888
40.5677
41.8628
38.7859
32.9360
38.4202
36.5230
30.8590
24.3176
24.3862
20.6129
18.3748
22.2780
24.6296
23.6575
24.0587
22.3876
23.2258
26.4235
30.8211
41.7370
58.9492
60.5303
48.4752
35.0926
28.0276
32.6413
36.6193
37.5472
37.8664
24.7655
22.5708
28.4398
27.3100
26.6393
28.5590
29.7729
27.2431
32.9077
34.3481
28.2614
31.3427
38.4603
38.7236
29.0215
25.5044
29.5598
30.5132
32.4931
38.3731
34.7609
28.1197
25.1664
29.1712
31.2871
33.4755
37.3135
33.6879
27.4452
29.0898
30.2281
24.4851
23.3571
33.2675
41.6328
44.7052
43.1608
37.0875
35.6132
32.0445
25.5698
29.6212
30.0097
25.8343
17.3353
16.3854
20.3564
25.7820
25.0447
19.0288
14.0270
15.7750
17.9625
15.8147
16.9671
19.2546
22.0784
12.3135
-9.1627
-18.4123
-16.9877
-10.8644
-4.6029
-4.2146
-0.7178
-1.2345
-7.0611
-13.5115
-12.1908
-14.7948
-21.4083
-14.2114
0.7869
14.4919
25.5489
32.4773
37.0870
36.5208
37.1704
38.4306
40.9166
44.0082
39.1206
33.5297
36.2760
45.3086
46.8260
42.4615
35.7162
26.2116
23.0890
22.4904
27.1616
38.5804
50.0156
38.1865
26.6763
23.1059
25.1358
26.9298
27.4265
24.1504
20.7840
25.0950
26.4721
30.1863
31.9403
28.3042
20.8790
22.5692
27.0225
26.5798
20.0800
20.7980
25.3003
25.7973
24.5576
24.9759
18.0519
20.1340
20.9514
25.9700
26.6719
21.6126
12.9584
12.5632
12.9348
12.0553
15.6398
20.8895
20.5504
14.9319
6.8979
3.4364
4.8801
12.9924
24.0743
26.2056
30.4417
39.0638
33.0762
25.6594
26.9491
29.0709
25.5597
22.4903
22.0077
21.3287
22.3439
21.6024
19.9184
16.9047
15.8806
15.3099
13.0995
21.8848
30.7238
27.3113
27.9474
31.9089
31.0746
26.5480
19.1264
19.6264
34.0732
35.6675
40.7959
34.6940
20.4730
18.3342
20.7587
20.6301
30.6007
37.6287
37.2638
35.9371
32.1351
32.1120
32.3787
32.3654
37.4888
29.5362
18.4700
4.0401
2.3824
8.0091
16.2567
19.9786
23.7698
28.0171
25.1739
27.9247
28.6705
24.9607
22.1861
15.9986
7.3532
1.3516
6.6216
12.7883
-8.4522
-26.8138
-14.5199
-1.2646
2.7363
-1.6107
-5.3277
-6.0836
7.4868
24.1460
26.9044
16.1066
8.1123
1.8903
-1.0467
-2.6071
-8.8207
-11.5517
-14.4620
-28.0347
-35.9500
-39.5726

Coefficient 5:
4.5579
16.8284
16.4642
18.4494
19.9052
12.9331
18.2084
20.6053
20.6684
21.8323
21.3430
19.8735
20.8950
21.4842
22.5705
22.3652
22.0615
10.3861
6.5131
11.4728
9.9292
1.2422
13.3477
17.3548
4.7631
-7.5202
-5.1830
-3.1200
5.3803
11.8394
17.1319
16.4851
2.2196
-3.8577
-11.4498
-15.2825
-12.7224
3.6934
19.7771
15.4382
9.0174
11.2418
17.2426
14.4601
8.1637
-1.2769
-4.5407
0.4843
5.7018
11.8129
16.4509
14.5018
8.4354
7.5069
12.6989
14.7967
10.1973
12.5117
17.4877
21.0741
28.0607
33.3499
32.6106
32.7693
29.4551
25.2521
22.3722
19.8563
25.3123
33.1737
27.6880
1.4933
0.0255
3.1766
5.6758
4.2256
6.5902
7.1603
6.0207
15.2988
22.6861
21.4272
19.0493
32.4743
45.8264
43.0186
38.9181
39.0992
22.6546
23.1990
24.3110
26.6250
33.5936
50.9647
55.1616
51.2257
49.7251
47.2538
42.2629
36.1366
31.7695
28.8696
33.1697
29.2665
24.6138
25.5626
11.9567
-8.8241
-18.6101
-16.7687
6.6969
19.7845
14.6976
11.0282
16.4376
27.6022
31.0485
31.9865
35.1506
39.7969
41.3013
45.0998
43.4774
35.6722
28.1580
15.3901
-2.2115
-11.4552
-20.9693
-28.4357
-9.9076
15.1367
18.3484
5.9081
0.4139
-3.6881
-4.7621
7.4194
8.2836
6.9213
14.0269
19.1946
19.9435
20.1845
18.3693
1.3538
-4.4703
-12.2441
-21.9059
-39.7354
-53.2708
-56.2144
-47.4727
-23.8452
-2.8161
4.9118
8.4990
18.7021
25.8996
31.8252
31.4831
25.3287
21.5988
22.7861
20.8185
19.0020
16.5504
14.9572
12.6981
14.0434
13.3269
12.3502
13.5700
13.5877
14.0374
14.0216
14.3517
13.6941
14.1557
17.1018
18.6184
13.6998
15.7940
16.4428
13.9539
14.7232
16.9908
15.3589
16.4548
16.1329
12.5046
10.0533
12.7048
15.1745
12.7517
14.4001
20.6999
23.7671
25.2326
22.4172
19.2326
20.4995
16.9636
12.3603
14.0316
13.8841
17.4160
18.3338
18.3163
17.6239
19.5651
20.3391
23.6344
26.4637
25.4141
24.9684
19.3857
15.7348
14.5565
15.9442
14.9075
10.2426
35.4182
56.3041
46.7116
33.3248
27.7546
20.1903
22.8353
29.6174
38.5177
28.7084
10.8357
15.2754
20.2701
12.3475
18.3257
5.8685
9.9912
8.8887
5.1353
13.2877
35.2733
39.7966
36.9155
31.0182
20.0752
11.6485
3.6599
3.2756
11.3536
19.5444
18.6446
15.9527
16.0533
10.9046
8.9099
12.2446
9.2221
0.6400
-6.8996
-15.9281
-21.0964
-22.8080
-0.6275
7.2357
-0.4018
8.7972
26.0880
24.1240
11.0937
0.5572
-7.5661
-12.9086
-14.4733
-9.9212
-8.9348
-12.4390
-16.8873
-15.1932
-12.5063
-11.3777
-2.6685
8.2417
21.1925
43.4444
52.5043
58.1626
62.6442
45.5622
22.0193
23.4273
28.1690
27.6732
29.1757
29.2235
23.5339
17.5288
16.5336
16.7442
17.3597
17.6041
19.6898
18.7215
18.5176
18.8725
19.1404
18.8999
17.6564
16.6850
15.5893
15.6315
19.2966
21.7927
24.9153
25.4658
23.4879
12.3342
10.0161
12.9043
16.1185
14.7171
11.8549
10.5815
5.9092
8.2574
11.7242
11.7234
14.4493
10.7407
6.6074
4.3494
2.5965
0.7992
5.1982
14.6140
16.2963
15.9387
17.5463
18.9034
11.3507
12.7582
16.7291
13.4679
13.8745
17.3370
18.4531
14.5162
12.3993
11.9565
7.9990
5.1988
6.6414
9.1777
14.1501
10.5008
8.0918
14.7984
24.1626
38.2131
35.3968
28.7559
31.1514
41.2492
43.2362
36.8543
28.1034
21.0446
17.2662
19.3057
34.8513
43.7192
43.9672
23.7832
-3.6747
-3.2635
23.0983
29.3173
28.3408
6.5919
-19.7668
-29.6543
-31.4574
-25.7623
-17.2750
-11.3652
-17.3386
-17.9170
-22.7809
-28.2273
-32.3953
-17.6149
-0.7689
9.7625
18.2621
15.4150
8.7619
4.8020
6.0630
15.1245
18.8247
24.1622
22.9417
16.7420
15.8402
16.6901
19.8351
24.6104
23.9209
18.2709
15.0963
11.0006
12.6977
14.6846
18.5516
19.4074
16.2380
14.3352
12.2260
15.5684
17.8787
21.0661
23.1759
18.0178
17.3335
20.9381
19.1005
13.9475
10.8144
12.0315
10.8137
12.6730
14.8116
17.3718
17.6962
14.0849
13.5424
17.8889
21.3424
19.6549
15.4179
12.8658
13.1785
16.2474
9.9883
4.5232
9.2009
12.9951
16.2304
16.3389
11.5410
12.2913
19.8278
26.6138
24.5489
16.6152
14.1736
15.2616
17.7965
16.7787
14.3814
10.4087
14.6216
13.2139
1.8113
1.5495
-3.5836
1.1921
6.8160
11.4429
-10.6282
-12.3608
-13.3780
-6.0995
-2.3071
-8.0378
-7.7312
-3.5985
5.6227
9.9120
12.0218
16.5824
17.9005
20.3641
27.1470
31.3417
30.9448
4.5621
-3.5462
-3.2100
1.4675
5.3582
17.2522
16.7668
8.6304
4.6730
3.6349
7.7291
5.1847
-8.0905
-14.8511
-21.7949
-25.6996
-24.7887
-31.7154
-33.0614
-34.4244
-40.0703
-29.1884
-20.2483
-15.7284
-13.5222
-7.4666
-5.9254
-10.0148
-15.4374
-8.5326
1.0810
4.4655
16.4364
20.7572
17.2484
12.7815
14.1111
17.4211
18.9926
18.8635
19.4351
21.5436
22.9921
20.7472
17.6621
19.7470
18.8906
17.3714
18.9878
21.7254
29.3215
37.5021
35.5349
32.6808
34.0866
33.4196
22.5126
8.5823
8.0167
42.8685
53.7040
58.0636
48.3133
36.0698
33.2829
37.4625
62.2727
78.6852
44.3593
4.6963
-27.9162
-38.7725
-33.8090
-28.2499
-32.2734
-31.0098
-19.1779
-4.4471
10.2627
16.3374
13.0941
4.1020
-1.7664
2.7275
2.2189
1.6741
6.9214
7.5260
7.0571
2.9567
10.0030
22.4450
28.3351
34.4296
31.2113
30.5465
32.3135
29.8880
34.1221
35.4593
26.3478
19.5697
19.3669
25.4559
22.1075
17.8674
14.8769
9.8849
6.4581
5.7044
7.5550
9.6388
9.7374
10.5354
9.4625
12.7150
21.3618
20.7934
17.3059
15.4098
16.0738
18.0179
21.6913
20.5992
13.4956
16.0737
23.3026
25.7899
23.0607
18.2020
17.5517
18.7042
19.2423
16.1938
13.2581
13.6093
16.4767
12.3101
11.6387
13.2727
20.9404
26.0576
19.5833
15.1104
10.4544
9.3892
11.5835
13.6856
14.6698
16.0567
18.5557
21.5695
18.1277
12.8377
8.5041
9.8785
12.4966
12.7714
10.3686
11.0815
11.3636
15.1371
15.5957
14.5082
16.1037
16.4019
13.3172
13.9135
18.9561
12.8372
11.2451
13.9924
19.9546
23.8890
22.9109
23.2176
24.7737
22.2069
29.1549
38.0213
36.7923
33.6800
29.5660
23.4291
13.0497
13.1801
14.6697
3.0312
-11.4343
-19.0930
-23.8124
-17.3879
3.0472
16.7847
16.5204
11.1005
3.3619
0.6635
25.1085
22.3955
11.6880
2.9540
3.5190
2.6941
-1.5758
-1.6701
3.6497
5.5952
5.2200
11.4817
10.1403
15.5449
29.8179
36.5303
28.5463
21.4583
18.6249
14.7562
11.2054
6.5953
-0.2198
-0.6940
0.2821
-9.9483
-10.6776
-14.6563
-14.4226
-3.8360
23.2872
39.6727
37.7252
35.1459
37.4367
32.4864
19.3991
17.5536
23.0158
27.2454
27.3847
23.7090
30.7910
23.0820
22.6866
24.3279
24.9464
25.7989
20.8371
13.6398
3.8233
-3.6247
8.9141
10.6610
9.4419
11.3197
16.3883
19.1106
19.8281
15.7716
14.5346
15.3914
28.4319
18.4571
13.2628
18.4084
27.1426
19.3138
-0.9794
-20.8166
-13.6196
3.6055
8.4102
4.1544
3.7657
8.9503
33.9329
12.6281
0.8665
3.7765
4.8917
0.9684
-0.6239
-3.6791
-0.8550
-0.7333
3.2937
12.0433
8.9334
5.6130
0.8483
2.5671
8.3035
14.0286
-6.9497
-18.2979
-17.4116
-14.7346
-13.8353
-13.3273
-16.0550
-18.5728
-21.3924
-22.5225
-21.1562
-18.3029
-11.8263
-7.9695
2.9216
4.7135
0.3761
-2.4279
5.1782
11.6793
16.8905
18.1466
21.3293
21.8198
16.5313
13.3000
13.8801
16.1393
17.3001
16.6316
15.8527
16.5107
17.0616
18.7802
12.9595
4.5680
4.6500
6.8324
10.5911
13.0810
14.8497
16.9982
19.7147
18.3709
16.2524
16.7747
16.4895
14.6477
15.5998
18.1909
19.5376
19.4402
18.7996
20.1168
21.6627
21.6941
22.3291
23.6638
23.1463
19.3024
14.2821
10.9993
9.9164
13.0633
13.6607
13.5413
15.5476
16.7703
20.1494
25.0061
26.0474
24.0029
18.6026
18.2822
17.5090
11.5277
10.6359
17.0203
21.0240
22.6470
29.6961
35.9742
33.7583
31.7769
31.4156
29.2976
28.8550
28.1348
23.6072
22.4133
4.4822
-6.0708
-18.9244
-30.3895
-39.5292
-43.1133
-41.1727
-43.5916
-41.7531
-44.8309
-46.5470
-44.0552
-41.7380
-42.4173
-43.9604
-35.8607
-24.7766
-23.7626
-17.4526
-19.4654
-12.0680
-23.9768
-34.3642
-31.9246
-28.1959
-25.4161
-19.6386
-13.8757
-12.3069
-6.5104
2.4359
-0.5750
-6.7325
-5.5423
-5.3230
-11.1531
-6.0471
-9.9466
-18.9884
-22.1517
-31.9069
-30.1801
-28.2633
-30.9449
-31.5170
-24.8198
-20.7250
-19.6403
-22.2295
-18.8801
-11.8320
-10.7707
-3.8311
-0.6547
-0.1177
-2.5119
-3.9493
-24.2190
-34.7923
-32.6266
-23.9074
-13.0660
-14.2396
-15.8520
-18.7871
-21.6884
-11.1202
1.3920
6.2642
10.2720
12.1682
5.1152
6.0502
11.2367
17.0667
24.1371
29.2037
26.4263
17.9637
15.2080
16.2208
18.5612
17.1671
16.2972
16.4263
16.7552
15.4457
13.6690
16.4514
18.3608
17.9650
20.5669
21.1195
17.0889
17.4936
16.5330
15.6060
15.3882
12.3583
15.7698
18.4815
17.2396
16.1306
10.0052
6.5409
17.0579
20.3521
21.8331
26.6400
26.6749
26.3011
23.4371
18.7763
21.1315
20.0906
19.8082
15.4224
17.2464
15.6149
13.3282
13.9099
13.6813
11.1278
13.5652
10.2180
2.7637
1.8731
-2.8063
-2.4104
8.0475
10.9672
11.0938
10.5208
4.8234
4.9173
8.2199
13.1669
10.3740
2.1808
8.8394
16.2245
18.6284
19.2652
20.7344
20.5624
19.1598
23.4331
21.8776
14.3896
19.6905
26.1082
24.8347
17.1608
17.0818
21.6179
18.8956
12.1219
7.6456
4.0724
9.0206
15.1758
19.7062
19.6219
19.9503
22.7878
20.2812
17.6408
19.6457
22.4802
18.3257
16.9777
21.5342
26.8346
30.7658
27.1169
21.4087
19.1532
14.8965
16.2729
23.9912
26.8156
21.5330
13.3281
12.5765
13.4699
17.8383
19.2335
14.8540
10.2289
12.5307
14.2278
9.8025
11.6747
13.0237
20.5192
29.9639
24.9410
19.9057
19.7705
22.3706
12.8096
5.4620
7.1604
14.7174
7.0074
-1.0753
8.8727
17.1314
11.6928
10.1015
10.4459
10.6599
6.8150
8.4067
9.6363
10.2068
7.3562
6.7944
6.0693
0.3038
-8.9248
-11.7418
-2.6836
12.5867
20.6650
15.5724
6.8397
1.6024
-2.1870
-5.7331
-1.1345
9.5455
21.5463
13.0386
5.2168
5.6482
8.3202
10.3255
13.2095
12.8676
9.1456
10.9484
11.9077
15.5960
18.8446
18.0350
13.4580
15.5337
17.8833
18.4023
14.8333
17.8865
19.7648
20.5062
16.3379
12.4377
8.1203
7.3342
7.6805
13.6262
16.7972
15.7621
12.2491
4.1944
-0.1943
-1.0461
-7.5862
-8.5144
3.3554
11.2649
14.4093
19.9559
22.8497
27.9807
35.3579
38.8547
38.0264
34.3676
28.5417
21.7212
22.4824
22.6814
17.4064
15.2222
18.5650
15.4299
15.8465
13.0934
12.1467
15.7438
17.5792
16.9271
10.6216
20.9313
29.0154
27.7280
14.5357
3.7401
-0.8419
-5.3123
-13.2011
-19.1752
-19.1395
-31.6966
-33.1678
-24.4248
-22.7993
-12.4249
-2.2053
1.3277
7.5224
6.4714
2.6159
-0.6615
-0.0388
11.2325
20.1649
24.8601
30.8663
31.1581
23.0482
6.2995
11.0892
9.1766
0.4615
-1.2522
-5.1386
-2.3374
0.8833
-1.0188
-11.1733
-12.3609
-7.8759
9.0908
12.2263
9.2518
17.7604
22.3616
29.5535
-22.7226
-39.6748
-32.9516
-16.0044
0.5919
-13.9964
-18.2141
-8.1685
-15.5713
-13.6662
-19.7690
-22.3993
-19.7802
-16.7208
-18.2166
-23.1363
-20.1225
-15.1482
-3.9475
-2.8925
-13.5780

Coefficient 6:
4.4527
-13.9709
-14.7275
-13.1185
-3.2602
4.8712
11.6909
12.9686
10.9446
13.3233
13.8319
14.1689
15.6262
14.5783
14.5278
15.0931
18.8559
29.6527
35.4818
27.5587
19.8180
26.4923
26.4092
17.9313
9.1845
-1.3862
1.6593
6.7999
5.9994
8.1224
12.2762
11.6046
12.0449
26.8670
23.9951
20.1510
9.8834
2.7632
8.0741
8.8225
1.5147
-8.9706
1.5925
9.9584
13.4212
9.4891
14.2693
22.1052
20.1516
12.3209
12.3913
18.5295
17.8284
14.3661
8.9805
2.0095
-12.1047
-11.6514
-5.0236
-1.5980
6.2471
13.2585
15.5599
18.9984
17.1166
14.3796
13.7543
13.8699
14.1122
12.7157
10.6872
4.7511
-15.3638
-20.7039
-22.7637
-18.9643
-11.5408
-5.3610
-2.0672
-7.9689
-7.4953
-6.2371
-7.4810
-19.0799
-39.6847
-40.4433
-27.7561
-16.9549
-33.8758
-46.3604
-43.5783
-32.3377
-22.8188
-32.7183
-47.5066
-59.7016
-73.7966
-83.6217
-82.3623
-78.2823
-69.3109
-52.0938
-61.3071
-59.8971
-43.9111
-17.5959
-2.9243
-22.3755
-30.6810
-27.6945
-24.8040
-26.9064
-24.1802
-17.6465
-4.2784
-12.9237
-21.7084
-21.5724
-11.9914
-27.3446
-51.3807
-44.0218
-27.6115
-19.3646
-19.7181
-26.6115
-21.9247
-20.2824
-21.9518
-28.6516
-26.1956
-16.8113
-7.2136
-6.4583
-7.8294
-15.1755
-15.6455
-20.0096
-29.3957
-29.7694
-28.7487
-21.0536
-11.0576
-0.5756
9.8486
-26.4521
-26.2755
-24.2096
-27.9007
-32.2962
-38.0742
-42.8612
-50.9566
-48.2633
-36.3984
-28.7519
-19.3715
-11.3259
-7.5529
-9.1316
-4.6182
-1.7318
-1.0979
3.3094
5.2182
5.7464
6.6074
8.1097
6.7269
7.7072
6.5298
6.1211
8.9909
9.4055
9.0399
8.1743
9.1349
9.3611
8.9453
11.6311
12.5823
7.3815
9.9332
11.3217
9.1468
10.5610
13.1508
11.4032
10.6401
8.3587
3.2894
2.2930
6.7876
9.8660
7.6729
9.9421
15.8765
20.3349
21.3527
19.5598
15.2849
12.7832
8.5859
3.3177
2.6277
3.6403
9.0841
12.8835
11.8552
10.1004
10.9029
13.4371
17.5574
20.1106
18.5242
17.3063
13.2709
13.0487
10.9849
9.6808
5.2098
-2.4689
3.9427
5.8607
-9.3046
-22.9513
-16.8039
-7.3786
-1.6385
3.5769
-5.9751
-59.5716
-84.6195
-76.2000
-60.0117
-46.3694
-55.0940
-55.3470
-50.2865
-51.4973
-51.9732
-48.5923
-37.6205
-33.0802
-26.7449
-20.8531
-31.8092
-31.3511
-26.2607
-18.6907
-7.0998
1.0152
-1.7349
-1.7787
-1.1395
-2.4908
0.5385
6.0804
-15.3319
-42.0386
-30.0021
-12.4186
-7.1617
-1.9777
-9.0303
-15.7514
-27.7926
-41.6049
-37.1466
-42.9570
-57.0656
-55.3747
-53.3948
-48.2502
-50.3290
-59.5165
-63.1521
-53.5419
-48.5807
-50.7427
-41.7922
-23.0515
-7.3703
3.9010
16.1417
24.8468
23.4012
23.5235
27.6542
22.1561
14.7174
22.6898
30.3546
33.5537
31.8334
23.1288
18.2681
12.4670
10.1639
9.7628
12.7625
13.6924
16.6899
16.8031
12.6240
11.8773
12.3893
12.9601
12.6934
12.4389
11.2779
10.7872
13.3043
15.0131
18.9538
17.6556
15.6909
9.4721
7.8795
9.0692
14.6229
19.3788
18.3177
16.0924
12.8670
11.7609
11.3996
8.5385
10.4667
7.4611
5.8344
3.9635
3.4891
4.1294
5.8917
11.5527
11.6701
10.7719
12.9636
13.9434
10.0329
10.7416
11.7094
7.3942
8.9233
13.6339
13.8997
9.1498
7.6324
9.0327
5.1928
-0.6223
-1.2038
3.7349
9.1372
4.2106
1.2793
6.7354
14.0770
12.5913
-10.7870
-27.8504
-39.9670
-33.5642
-28.6501
-28.7141
-27.3245
-30.3776
-30.4354
-32.0386
-34.5869
-29.1069
-26.8386
-37.6207
-41.8663
-35.1393
-30.5135
-32.1052
-32.3106
-38.3509
-28.3554
-10.0383
-3.2024
1.2049
1.3130
-2.8600
-17.0804
-25.5437
-24.6576
-20.5954
-22.5666
-21.9163
-21.0158
-25.0698
-31.3910
-38.0575
-35.3900
-37.1272
-24.7257
-6.2169
-0.1007
1.8146
4.6727
7.6795
10.8676
11.5994
13.5616
18.6484
18.3092
12.2613
9.7945
4.7606
6.9775
11.4221
16.5264
19.3850
11.5452
5.7250
5.7544
11.2102
14.0702
16.3975
17.2897
11.5213
10.0921
15.9183
14.6953
8.1805
5.0755
7.8786
7.3182
8.4295
11.2512
11.8089
10.5991
10.6057
11.1893
14.7736
16.4012
12.8848
7.9639
4.2798
5.4999
8.5184
3.4750
-1.0263
1.4084
4.5065
7.4428
10.0378
5.9071
9.2656
19.5468
23.4968
17.9461
9.2145
4.9380
5.7324
8.9265
10.2167
9.1077
7.6218
9.8160
17.7258
31.2909
35.4014
17.7147
-12.9124
-24.5811
-34.5815
-60.7743
-54.9068
-52.0108
-34.1345
-19.5607
-17.4359
-14.2136
-7.5423
-4.6495
-6.1831
1.3220
-9.8723
-28.0313
-39.0607
-34.8320
-31.4008
-37.8418
-51.3092
-39.5251
-28.8809
-15.9810
-9.8798
-20.0101
-35.7280
-33.4746
-26.1316
-11.3278
-40.0482
-57.0567
-45.2158
-35.1728
-31.4111
-27.8480
-27.2743
-30.7845
-33.3041
-31.2029
-35.0473
-29.6330
-22.3248
-15.7706
-11.7888
-6.0530
-4.1665
-5.5085
-4.0388
-7.1207
-0.1965
0.5832
12.3598
16.3175
11.7630
8.3614
9.5338
12.3118
13.4118
13.3974
13.2971
16.3724
18.6745
15.1093
11.9766
14.3988
14.5710
10.7783
9.3808
10.5578
12.5840
15.3975
14.2707
14.4102
13.4376
15.8448
11.4376
9.7029
17.9887
-17.9222
-18.5769
-22.6919
-32.5506
-32.5202
-22.0716
-15.1334
-15.9630
-17.3681
-27.4177
-30.9714
-29.4555
-28.9641
-22.8263
-18.3118
-23.6822
-18.0097
-12.9786
-19.4048
-26.1970
-28.2143
-28.1382
-21.2557
-7.5934
-0.0774
3.9850
-5.6019
-7.9105
2.7229
11.5357
13.1549
17.1499
22.3902
23.8329
22.5605
13.1332
5.5544
1.7765
-1.7119
-1.4951
-4.1865
-5.1841
0.4899
2.7953
0.4768
2.2285
8.0077
14.8812
17.2514
16.5447
18.4474
15.1773
9.0922
4.6258
4.6448
6.3467
9.9130
15.1699
15.9166
11.9421
10.4248
11.6211
13.7413
16.6051
14.8342
5.2517
6.5008
15.5011
20.1118
18.5293
13.1295
13.8231
15.0370
16.7732
14.6654
9.7063
8.6859
12.5392
9.0255
6.6466
9.3927
10.9794
8.8743
6.8174
4.3481
1.1219
1.2254
2.7228
1.8945
0.2503
4.9124
11.7522
15.4735
15.4332
16.2947
19.1077
23.2755
21.3077
15.1390
13.4365
9.1018
7.1947
4.9028
4.2333
3.1057
3.7867
4.1113
4.0384
6.8047
14.3927
9.1104
5.8674
7.2329
13.9881
16.9073
15.9172
13.8806
13.8897
14.2631
1.3743
-6.6417
-13.1622
-14.9106
1.5383
5.3108
3.8403
4.7702
-1.7046
-16.1602
-14.3627
-11.5740
-11.6200
-13.2679
-5.9422
4.2774
8.6849
8.7949
4.1061
-2.5561
-31.6789
-35.1177
-29.4583
-29.7247
-27.7176
-24.4735
-27.0085
-30.5861
-22.1267
-18.0450
-27.8154
-31.2795
-23.7334
-27.2113
-27.4030
-28.0235
-24.1567
-18.2104
-15.4731
-14.1360
-13.7723
-16.2558
-20.5199
-19.1435
-20.6705
-21.6325
-23.1505
-30.1451
-28.8039
-17.9027
-5.4121
-6.4833
-13.9600
-12.6862
-10.3055
-37.8826
-49.9997
-49.0603
-46.0656
-38.1875
-29.4975
-29.1461
-50.5057
-52.6937
-46.8573
-47.6263
-42.9901
-38.1434
-47.3289
-41.5735
-29.7192
-21.0501
-3.4062
7.2189
9.9567
10.6692
12.0826
11.5449
12.3251
10.9475
8.9816
5.7471
-8.1652
-0.6763
-24.8269
-31.7920
-25.3519
-23.3484
-18.1037
-16.4356
-10.3094
-1.4730
2.1842
1.1513
-0.9254
-28.1496
-37.8636
-43.5527
-38.8015
-32.2906
-23.7302
-23.9817
-25.9424
-29.6208
-25.3446
-18.1936
-15.4531
-17.3072
-15.7019
-24.3340
-25.8140
-19.1482
-5.2299
4.5884
-4.6701
-21.3087
-22.7838
-21.7057
-29.3221
-37.7361
-40.2577
-46.3407
-49.8949
-47.0367
-40.8872
-38.3462
-36.1194
-43.7169
-44.6251
-38.1173
-32.1676
-28.4524
-27.2852
-35.2112
-33.6771
-22.4991
-6.7595
4.3166
7.3817
7.6402
8.8010
6.3333
6.6394
10.7252
10.7360
12.2350
12.7976
13.4537
9.1896
-0.5116
1.8366
6.5927
9.8530
11.5947
9.8751
11.6193
14.3927
13.6424
13.6922
15.4159
13.3648
8.9502
8.9673
12.1848
14.1341
15.2286
16.7711
18.1641
16.8184
16.7460
17.8594
17.6778
17.7707
14.6882
9.0863
6.7291
7.7045
8.0648
7.4995
11.1080
11.8408
9.3710
11.7320
16.7391
19.5768
19.5953
15.9398
13.3590
10.5924
3.1461
2.5760
10.9005
12.6502
9.6541
4.3331
-5.3437
-4.0207
0.3673
8.6418
14.3843
21.9740
30.4684
19.5108
11.8329
-32.6057
-23.9643
-7.4046
8.2695
10.1374
8.7996
14.4062
17.2895
20.6154
16.4207
12.7170
11.4309
13.1158
15.0952
13.9746
11.1818
12.9783
10.4085
5.5473
-18.3736
-33.3409
-23.6870
-19.4870
-13.4680
-12.4809
-10.9290
-13.2706
-19.9323
-24.6611
-23.1365
-17.6414
-16.1169
-17.4731
-7.6545
5.8985
9.2290
-31.3053
-46.9705
-41.1910
-36.7337
-48.8888
-44.7418
-35.9569
-39.0221
-41.8858
-44.2171
-44.4071
-43.2591
-44.5811
-44.1543
-48.2524
-51.5796
-53.8974
-63.0306
-69.2035
-63.5126
-54.8526
-51.1159
-44.6499
-42.0699
-39.7901
-33.7943
-33.0877
-34.7226
-35.2723
-39.0591
-43.3041
-38.3871
-36.4145
-37.3012
-31.1603
-25.2178
-23.0237
-25.6373
-20.0212
-11.2647
-2.7079
4.7204
6.2340
8.6002
11.1006
12.9391
11.4843
12.3280
12.5832
11.4443
11.2155
9.3883
9.7213
11.2018
13.4621
16.6405
16.7338
14.0662
13.5057
10.5984
9.1642
11.2103
10.2443
13.3431
15.0609
15.3378
16.7065
13.7283
10.6392
18.9196
23.5684
21.6887
15.5000
11.3206
6.7047
2.2228
0.7211
1.1729
3.0573
7.6005
7.5110
11.5185
11.1282
9.8388
7.8181
4.6379
1.8402
5.3891
0.5209
-15.9788
-30.7059
-42.0935
-47.9021
-42.5012
-36.4314
-27.7220
-18.2570
-15.9991
-14.9429
-17.7226
-12.4372
-11.4999
-12.9106
-3.5344
6.9101
9.7514
12.4939
14.2095
14.4366
11.6422
12.0009
10.0409
4.5242
9.4876
12.0619
11.0693
8.4578
11.9556
17.5050
15.2390
9.5566
6.6219
1.4091
7.7804
13.2626
7.5488
-11.1627
-23.7719
-30.4230
-31.8592
-32.4389
-29.1280
-17.9784
-13.3015
-11.9470
-7.0934
0.2406
4.4832
4.3170
3.8542
4.5294
3.4512
8.8045
22.3077
26.2817
19.5280
13.5286
12.4924
9.2208
11.4821
15.8840
14.2106
10.6788
10.8727
10.0337
5.2925
6.7123
6.4762
17.3504
37.6081
53.1610
60.4006
67.9276
74.3263
70.9951
63.0376
60.6212
61.6187
51.9211
37.1624
32.1656
29.9218
28.6891
28.3951
22.9792
16.4111
13.2137
21.7126
26.0164
21.5525
2.7582
-18.8756
-27.5287
-36.5567
-51.8673
-58.2983
-58.6592
-46.1800
-40.9036
-47.6511
-55.3991
-57.8427
-60.4047
-60.6234
-50.3775
-39.2876
-24.2382
-17.4218
-8.0625
-0.6014
-0.1800
0.5680
3.2683
6.4337
4.3293
2.3972
2.7231
5.4629
9.1680
9.3398
7.5927
11.3513
11.1920
13.2758
15.9659
12.4489
4.2044
4.4718
2.8790
3.1115
5.2240
2.6908
4.2002
10.5133
15.0189
16.6808
12.0532
-0.0814
-4.1060
-0.9133
-6.0738
-9.3750
-9.4666
-18.1604
-21.7386
-11.0498
-12.0930
-15.8112
-11.6494
-3.3136
5.4977
14.9681
20.4143
22.3361
25.4277
21.8143
14.3185
12.6183
17.5938
14.9580
14.5900
10.9820
9.9999
14.2120
19.4042
18.8098
13.6013
21.1570
30.5847
27.4610
0.2115
-13.8745
-17.7492
-20.5786
-19.5779
-16.2507
-13.6312
-13.6559
-11.4346
-9.0937
-11.3448
-10.1549
-11.9204
-20.2487
-21.0495
-23.8267
-29.1692
-41.8682
-47.0384
-40.3057
-34.8162
-32.0019
-22.5867
-5.6553
-11.8449
-29.5154
-30.7982
-27.1026
-15.6357
-13.1225
-16.2958
-12.8455
-9.3348
-9.2347
-26.9970
-35.8391
-34.9121
-26.6246
-20.0288
-21.6502
-17.2746
-9.1889
11.0924
23.1611
12.2850
2.7484
-6.4687
-15.5421
-20.5632
-23.9076
-20.5447
-23.6653
-31.8595
-43.3013
-43.7206
-30.8803
-22.3168
-21.1514
-24.8305
-25.4147
-26.7818
-23.9665
-19.8273
-19.0442

Coefficient 7:
4.3276
-0.4485
-1.5792
0.2123
7.6673
4.7941
7.3729
7.3836
4.3347
6.9383
8.5778
10.2797
11.5955
10.4504
11.1105
10.1369
4.3300
18.1406
24.5689
8.5131
3.0864
11.6156
-14.9439
-43.4949
-46.7373
-31.7969
-5.9659
10.6646
8.6697
6.6485
8.1371
7.6617
18.5141
25.0993
22.6106
26.4257
21.9968
12.3061
8.7323
13.6708
12.2150
7.6813
3.4867
0.2637
2.5823
1.2901
7.3130
15.3137
19.2882
14.4190
6.8566
10.2398
13.2720
11.8868
1.2384
-10.1511
-9.6704
-11.0894
-21.0985
-27.4409
-18.6081
-7.0936
-0.1959
6.8281
6.2060
3.4514
8.2815
15.9247
22.3048
27.1217
24.4276
9.9679
-12.7315
-11.8544
-8.7810
-10.6521
-16.4356
-23.2424
-27.6504
-28.6004
-26.2488
-21.4062
-24.3816
-41.4263
-45.5925
-44.0663
-37.7979
-28.6569
-41.7629
-49.2281
-47.3098
-41.0053
-42.1022
-40.8076
-27.7227
-20.7899
-18.4562
-17.5958
-12.7601
-13.0097
-9.4160
-7.2428
-12.2233
-20.8542
-25.3597
-22.1293
-13.6243
-10.1298
0.7169
3.8350
-5.1020
-7.7625
-5.9777
-7.4241
-15.5469
-37.8338
-54.3167
-60.6126
-57.7826
-51.1438
-54.2135
-53.6046
-45.8357
-34.0395
-23.3022
-22.4549
-12.7851
-2.8720
0.2950
-1.9448
-7.1821
-21.3895
-19.3006
-10.7519
-9.6205
-22.9957
-36.0368
-52.0270
-59.3706
-57.5086
-53.4005
-44.5431
-38.7195
-29.3237
-29.2571
-59.3258
-56.9033
-37.2989
-21.7168
-10.6670
-0.8266
9.4801
9.3326
3.2365
-11.1275
-24.1776
-32.8269
-45.1565
-47.9848
-41.5845
-37.3615
-35.8047
-38.7721
-32.9728
-27.0840
-16.6882
-14.8352
-11.1425
-0.2230
2.4984
1.6728
2.3941
5.8569
6.2730
4.9185
2.9096
4.3087
5.3722
4.4815
6.5423
6.9784
2.4308
5.0539
6.7568
5.0341
6.7134
9.3244
7.3389
6.5554
3.0905
-2.6001
-1.9779
2.9950
4.9531
3.5603
6.5533
11.6874
16.4080
16.7207
15.5087
10.4478
5.9890
3.4330
-0.3961
-3.9469
-2.8947
2.7791
7.9643
7.1082
5.3966
4.7976
7.8740
11.8749
15.0245
13.0830
10.4885
8.5673
9.6661
7.6693
4.4791
-2.2695
-8.3865
-6.5509
7.7174
1.9083
-8.4919
-6.1944
-11.3039
-26.5494
-33.1569
-21.8116
-32.7257
-47.1807
-42.5031
-38.9352
-33.6384
-25.6382
-20.5134
-23.5953
-24.2848
-21.1632
-21.2475
-39.9934
-47.5951
-42.0826
-35.4061
-50.6866
-43.2777
-30.6092
-24.7433
-23.7408
-23.6521
-20.0907
-25.9144
-26.4570
-24.1428
-21.0466
-19.2572
-43.2721
-72.5471
-61.1199
-37.7548
-22.6978
-18.2116
-9.7339
-8.0602
-2.2105
-12.3899
-27.1250
-26.6036
-30.9801
-26.5640
-27.2500
-30.2498
-27.3144
-26.1433
-21.4133
-16.1034
-22.1321
-33.0157
-32.2850
-18.5531
-4.5062
2.4986
-2.9995
-24.9927
-25.5509
-17.7402
-3.3837
17.7355
24.3670
21.3194
22.8797
28.7835
25.5005
13.2163
7.2213
7.7018
4.9278
4.6368
5.9680
5.5860
12.4805
13.9299
7.3450
5.6784
6.4657
8.0984
8.0450
8.2994
7.2667
6.3133
7.7863
9.4972
14.2273
12.6019
10.4263
10.2703
7.9351
4.7773
11.4442
20.6684
23.0169
20.1877
19.6719
17.7031
13.4102
8.9159
11.3563
7.6424
7.8092
11.0510
10.8641
11.1796
7.4358
6.1635
6.7666
6.1474
8.4996
8.8636
6.2203
6.9723
6.6331
2.4652
4.4403
9.8964
9.8544
4.9924
5.0996
9.3877
7.7011
2.4110
0.9879
4.9685
7.8550
2.4644
-0.5241
5.1791
4.1389
6.4214
18.6767
21.4529
13.2590
7.2012
-5.4831
-15.4078
-19.1010
-13.7593
-5.2794
1.5341
1.3766
-0.7546
2.1832
-6.6445
-8.8528
-9.2393
-12.7841
-11.6204
-7.1659
-9.6720
-14.1685
-15.0694
-12.0271
-8.6830
-5.4178
-6.1677
-14.6235
-24.1713
-30.3920
-30.9272
-31.5997
-25.7598
-20.3993
-20.2286
-29.0565
-40.0998
-41.7392
-36.7082
-33.8029
-20.5232
-11.3762
-7.1432
-3.2536
1.9470
5.8981
6.1914
7.5762
12.0315
12.2797
7.5907
5.5182
0.4480
2.4465
10.8911
16.5605
16.6657
7.1828
-0.6616
0.3629
6.1662
10.1081
10.7505
9.6072
5.5128
4.1064
11.2358
10.9053
4.9429
1.6803
5.6384
6.6926
6.0907
9.0630
8.2551
5.3111
4.8407
5.6315
8.5273
10.6223
7.7570
3.8280
-0.5496
0.4106
2.5860
-2.1035
-4.6725
-3.5032
-1.8084
1.0635
0.9420
-4.5216
-7.2434
-0.3735
4.2622
6.6091
5.6540
3.2816
4.4861
6.7286
8.2327
6.2317
4.8982
4.0683
0.8453
-1.7636
-3.0801
-5.6328
0.6019
5.5767
16.4246
-7.8834
-11.0714
-24.1169
-20.1327
-10.3684
-10.0698
-10.9870
-8.1905
-4.1425
-2.3978
1.2187
-16.4992
-23.5034
-19.0395
-9.6812
-14.4488
-17.8827
-16.9003
-13.9790
-17.4563
-24.4393
-26.3315
-32.6503
-34.9020
-27.6916
-21.8996
-14.3017
-27.2117
-29.5659
-16.5029
-10.2348
-9.4566
-1.3036
3.7732
3.0278
4.7308
7.8426
7.2055
4.4960
2.1985
-5.0881
-5.2440
1.5198
7.5487
0.9748
-3.0888
-6.2780
1.0845
2.0394
10.3737
12.4561
6.8215
4.5801
5.7092
7.4980
8.0969
8.2189
7.5410
11.1199
14.2653
9.8063
6.4894
9.3038
10.3250
6.0756
3.8990
3.7889
3.5698
-6.2722
-4.9460
-7.0732
-10.4353
-9.2021
-11.7429
-6.7205
6.6400
0.5707
-9.5962
-22.5208
-27.0930
-22.2765
-16.3486
-10.0070
-27.1557
-43.5796
-42.7659
-35.6192
-23.1261
-17.4653
-12.1139
-10.2667
-11.9891
1.0665
13.5095
6.9076
2.4749
7.3737
11.0078
7.5752
-0.6125
-7.1051
-7.8846
-9.5172
-10.1058
-3.5550
3.9080
-0.6153
-0.3402
-1.9425
-3.4687
0.6383
1.5201
6.3983
5.9372
8.7740
13.8575
15.6433
12.3967
11.1300
12.0260
13.9296
10.1048
10.1999
14.3320
13.8829
15.3888
19.7608
14.4381
4.2386
-0.0544
2.3867
6.6818
9.7136
9.7307
11.6577
8.3401
6.2291
7.1133
9.8270
11.6827
9.2072
1.3478
2.3048
9.4024
12.7643
11.4010
7.5916
10.1324
11.2767
13.7314
12.4090
6.5583
4.0957
8.7381
8.3159
5.9949
7.5189
5.3018
0.7882
-0.9717
-3.7647
-2.8310
-0.4172
0.9429
0.9163
-2.5793
-2.2487
3.1429
7.8446
12.9630
17.4330
19.7290
22.3489
16.9174
5.7253
-7.2543
-12.3782
-10.7736
-6.8676
-2.9251
0.6298
-2.5603
-2.4369
-2.8673
-3.9577
2.6143
4.6868
2.1690
3.6103
10.8812
13.5266
13.3186
9.2856
8.4589
2.0746
-1.5845
1.0973
3.3889
-1.2566
-22.3254
-18.3217
-13.1503
-14.3918
-25.0025
-34.7991
-33.4070
-27.2160
-18.2237
-12.1783
-24.3538
-27.3508
-23.5231
-18.1174
-11.8254
-12.6518
-26.1732
-43.0107
-34.7102
-22.0179
-19.8850
-16.8047
-13.7106
-13.9951
-10.8900
-0.9635
-2.1573
-1.1376
-0.9972
-8.7552
-40.3906
-59.7768
-54.4547
-41.8889
-30.3073
-20.5321
-12.6129
-8.2863
-5.0437
-1.7178
4.9817
12.9832
12.9434
11.6629
4.4248
-5.7913
-26.1346
-43.4681
-43.3716
-33.9933
-34.8147
-49.0402
-41.4689
-28.4938
-29.9403
-28.0895
-23.1708
-30.3953
-53.8295
-55.6161
-46.8768
-43.1408
-44.3734
-45.8150
-36.9960
-26.2984
-16.5328
-4.7027
3.0470
0.1280
-3.7282
-2.4299
3.3446
5.4238
6.2255
6.2661
4.6803
2.9979
1.0525
-27.3557
-37.5933
-42.5034
-43.5499
-44.1635
-37.4898
-36.1736
-41.8545
-39.6957
-27.5974
-18.0511
-17.9562
-18.3373
-27.9251
-33.7442
-30.9788
-26.6481
-22.4180
-21.1297
-20.1370
-17.3515
-18.5509
-15.3013
-3.7960
-6.0026
-39.2014
-57.8359
-50.0585
-37.7941
-29.1273
-31.6292
-27.9638
-21.7515
-11.0133
-4.9630
-8.2726
-12.7789
-13.7729
-17.0557
-16.5554
-15.6856
-16.5863
-17.4275
-16.9626
-16.9052
-12.3038
-9.7992
-7.6491
-0.5336
9.7647
15.5288
18.8025
21.9041
19.6503
12.8846
4.1518
2.7945
4.3318
5.6421
6.3899
6.9697
6.8328
8.3806
8.8872
8.6156
8.0590
8.6006
14.5228
19.6293
21.3356
14.0691
7.1615
7.1694
9.4250
8.6921
9.5394
12.6802
9.4444
4.2367
4.0001
6.9764
9.1658
11.2366
14.3392
15.8310
12.0804
12.0457
13.5915
12.5083
12.6618
10.1877
12.3410
15.0056
12.3059
6.2354
2.7699
9.1919
8.8007
3.6817
4.4516
9.9041
14.0675
16.8781
13.3521
9.6626
5.0233
-2.9521
-3.0563
5.9568
5.8581
0.2783
-27.8058
-45.3802
-39.6168
-35.8130
-28.8174
-20.1861
-12.8583
-12.8011
-9.2179
-6.7902
-37.5618
-44.8981
-38.0132
-27.7086
-20.8442
-18.9129
-16.0062
-11.1589
-11.8762
-12.0951
-9.3935
-10.4465
-10.1914
-9.9147
-12.0163
-9.0570
-4.2115
-1.2278
-2.1659
-7.3939
-4.4807
-3.0786
-4.3040
-0.6998
4.3739
7.4857
4.4240
-5.2617
-17.5728
-19.1013
-21.6571
-27.7070
-23.8667
-13.1910
2.1203
15.4259
12.1082
1.1296
-0.0819
-6.2868
-14.5415
-17.0526
-20.6746
-27.0061
-27.0807
-19.7797
-10.0455
-9.1281
-7.1729
-1.9018
-5.7131
-11.4971
-8.4120
-13.7307
-32.6260
-36.7340
-15.0761
11.6809
10.4178
8.5500
12.6383
12.9055
13.2302
14.5040
10.8410
3.9665
-2.3300
-1.4850
-8.5968
-19.5562
-23.4047
-30.8384
-40.0595
-44.3678
-39.4373
-34.3779
-30.6366
-19.0763
-7.7633
0.8226
6.5102
7.7006
6.4128
8.6214
8.8338
6.8430
7.8627
5.4249
3.7171
5.0271
9.8419
13.6817
12.8761
10.6309
9.5910
7.0512
5.4237
8.8088
9.9838
11.4665
12.6146
14.0184
16.2941
17.0258
13.9921
18.9779
24.0638
23.7109
18.1206
20.5691
20.0817
15.8241
10.4006
5.3617
5.7621
8.2305
4.3598
7.1022
7.6401
7.7138
3.5815
-1.8946
-3.6874
0.2291
2.9104
-1.7854
-5.9397
-7.9069
-7.9489
-2.6434
-0.5524
5.8459
8.8805
-0.2935
-2.9312
-10.3801
-9.9804
-6.5991
-9.4597
-10.5144
-1.1952
1.2244
4.7834
8.7078
10.0218
9.9848
12.4422
10.3892
5.9587
11.7001
11.7766
8.2746
4.1173
8.2419
15.1397
22.2975
20.9260
19.3936
18.9230
19.3218
19.2680
14.5063
3.1412
-5.1237
-6.9409
-8.3680
-15.4618
-17.3816
-11.3951
-5.9590
-9.6917
-8.4278
-5.0970
1.5021
9.9258
10.6655
7.3940
3.8202
5.2106
17.9869
19.8247
11.3732
8.2955
8.3046
5.1208
6.4019
12.7166
13.0391
9.8390
7.4346
2.9361
-0.5924
-0.2740
-0.4972
10.1075
21.3354
27.6593
23.9972
24.7172
28.0725
26.9447
26.6599
27.4182
29.4955
25.7210
23.3445
22.6554
18.2617
18.2845
20.7709
19.8435
17.5508
11.0124
13.6833
9.8240
5.3932
-1.1792
-8.8014
-13.1059
-12.3644
-14.5389
-9.6087
-6.9576
-1.2272
-0.6010
-10.4687
-21.9362
-23.0872
-16.3462
-13.6009
-6.9056
-9.0759
-8.2030
-6.9401
-3.1146
-1.9322
-4.4279
-3.9797
-1.6614
4.4462
5.2656
-0.1636
-1.1747
0.9535
3.5206
3.5807
3.1999
7.1012
5.0884
6.6450
12.7547
12.4182
0.5470
-2.7796
-3.4837
-0.8952
5.8739
3.8660
6.1716
9.0278
11.4981
11.4581
15.2264
19.9807
17.1642
20.0579
19.2608
18.0951
19.1178
14.6510
16.3269
24.5827
17.6325
7.9850
9.4518
12.8624
15.6077
13.4077
17.8143
19.7408
23.4539
18.3529
9.1186
6.2439
10.5816
13.1110
14.1374
11.0055
9.2432
8.4317
15.9722
28.0009
28.0393
22.9843
24.7492
19.0917
-0.6783
-9.8842
-10.3790
-8.6388
-9.9033
-9.1045
-9.0479
-3.9866
1.7406
9.7439
14.5334
19.1826
16.4032
7.3695
7.6385
12.3899
8.5764
-14.7109
-23.4431
-13.2613
3.0839
9.0736
6.1368
-6.8598
-25.9980
-37.6210
-41.3706
-34.2034
-20.9431
-12.6321
-11.7986
-15.8904
-18.1849
-18.7634
-35.6150
-42.1167
-39.9045
-25.0058
-19.0513
-20.5604
-13.8634
-4.1711
7.2505
13.0988
-7.4948
-15.5267
-15.3883
-8.9233
-3.5748
-2.9768
3.7430
-8.0342
-16.2122
-26.7882
-28.5018
-21.3355
-17.6779
-18.5783
-21.1762
-23.6960
-25.3088
-28.7603
-14.4658
4.1279

Coefficient 8:
4.1844
17.4937
18.1315
19.0858
19.2020
5.3140
3.7514
2.9334
0.0993
2.7970
5.7796
7.8474
6.9274
5.2330
5.9396
5.6689
3.0845
12.0320
12.4388
22.8501
18.7415
16.5425
23.6522
-3.8305
-18.1158
-22.1464
-8.6423
8.6124
8.0741
5.7732
4.6064
4.5325
17.1085
16.0061
14.7662
17.1607
16.6188
10.5851
5.0842
9.6037
9.9223
12.2064
17.4162
10.1705
4.2068
-0.8531
-9.8454
-19.1828
-25.0842
-23.3865
-21.7412
-17.9315
-8.4681
-0.9395
-0.0728
-7.8495
-8.2221
-14.8357
-23.5526
-30.6388
-27.5344
-15.5557
-7.7517
-2.4583
-2.4587
-1.0994
7.8548
10.9199
5.8800
-0.2920
-0.3821
28.5861
30.2958
26.9952
27.4008
23.0370
12.8197
3.3323
-0.9747
-1.8102
-2.3277
-3.1461
-9.0190
-14.1076
-2.2186
-0.5240
-7.0126
-11.1392
-20.0951
-6.4341
-5.0456
-10.9616
-14.1622
-11.5738
-2.1960
-2.8600
1.0672
11.8434
22.2540
22.7012
21.4097
20.8507
23.7940
26.1573
19.6711
2.4483
-14.4405
-11.4989
-12.7742
-15.1194
-14.2150
-12.9640
-9.8031
-17.9548
-15.1151
7.0658
-3.9871
-12.3965
-13.1236
0.0556
-2.2287
-5.4871
-2.7185
0.8193
8.6385
3.6191
1.0495
-1.9328
2.6908
7.5488
13.7283
12.5282
5.0973
5.9002
4.3313
-13.7185
-32.5277
-21.8115
1.1973
9.5965
9.3975
8.9136
5.2807
-1.1497
0.2358
-4.0529
-7.0247
-2.5332
6.8969
9.2582
12.3487
13.5298
22.0983
18.3358
2.9217
-13.0439
-23.0743
-22.5599
-11.3097
0.8486
3.2298
-2.8946
-7.1100
-9.1455
-10.8565
-8.5764
-11.9833
-16.0857
-3.4823
-1.3946
-1.0998
0.7935
3.6864
3.8908
1.4872
-1.2584
0.1418
1.5373
1.1593
2.3113
2.3446
-0.7679
1.4696
2.8398
1.6675
3.2742
5.7144
4.0073
3.9950
0.1528
-4.9750
-3.7702
0.4940
1.2448
0.8574
4.2616
8.2871
11.1578
11.2436
9.8648
4.4072
0.3847
0.1767
-1.2483
-5.9415
-5.7357
-0.9909
3.5639
4.0822
3.5954
1.5460
3.6559
6.8347
10.5290
7.7747
4.2381
5.1346
6.0073
4.7560
0.3624
-6.8169
-7.8447
-12.5146
-3.9582
2.6702
1.4870
-0.2140
10.3848
21.1642
21.3005
21.5698
19.1032
10.8671
10.2721
6.9637
4.9499
8.7813
12.4570
3.1165
5.8341
18.9686
25.3393
39.7477
35.9521
32.1588
29.1195
8.5747
-0.9779
-1.3755
-3.1986
-0.5756
1.7871
15.1909
33.9264
37.9340
32.4148
22.0213
16.5913
9.5873
-6.6459
-4.7677
3.0013
8.9103
12.2469
8.7139
10.7287
7.6857
8.2393
-9.3045
-11.9955
-8.2631
-10.9342
-5.9317
-0.6464
0.1844
-12.3828
-20.1413
-15.9646
-6.8168
3.4542
3.5013
-0.4183
1.9107
2.8070
-7.5293
-13.1045
-14.0698
-21.0874
-27.9186
-16.1034
-10.7878
-10.7867
-9.6060
-1.4655
0.0742
-2.4043
0.9853
3.7446
1.0942
1.4291
5.9160
5.9454
8.5647
8.6858
2.8447
0.8293
1.8403
4.3701
3.5663
3.8662
3.7996
2.5593
2.8001
4.8210
9.3170
9.2576
6.4285
4.3054
2.6694
-1.2215
5.0186
13.3943
16.5935
17.3946
19.4852
18.3752
12.9287
6.5861
6.4060
-0.4979
-6.9921
-13.2413
-18.3933
-16.4168
-13.1200
-5.9937
-1.7691
1.9884
3.5576
4.1395
7.3829
6.4433
3.0908
0.4639
1.5352
5.9300
5.7156
1.3804
3.4415
10.6630
11.3918
8.5931
8.6937
8.8542
7.1702
3.2885
1.1376
3.7116
-1.9628
-6.3318
21.3176
32.6922
25.6421
16.4566
3.1896
-6.9175
-11.9160
-4.8613
1.7807
-0.7654
3.3624
6.9893
4.6961
1.8022
2.8503
9.9474
13.3989
5.7863
2.6487
2.5252
1.5677
1.5055
3.0136
8.2546
8.1496
6.4372
3.4950
-2.6337
-5.7352
-11.4887
-15.8959
-13.6514
-8.4311
-0.8095
3.9332
6.4943
-0.9345
-9.7262
-10.4590
-7.4390
-3.8316
-2.9318
-3.3832
-1.7188
-0.2873
-0.3754
2.0211
5.0336
5.6938
3.7296
2.0469
-1.9114
-1.0311
0.9885
3.1379
4.4860
1.4976
-2.1380
-1.7312
1.0240
5.4970
3.9883
1.1687
-0.0074
-0.2183
5.3852
6.8337
3.7011
0.5021
4.6425
6.9820
4.9637
7.3110
5.2537
1.2213
-1.9978
-0.9780
2.3952
5.3560
4.0907
1.9006
-2.0044
-2.2605
-1.2484
-6.4871
-6.8712
-5.5271
-4.9970
-3.7466
-1.7277
0.9114
3.1157
8.6488
9.5606
11.0715
12.3332
14.6387
12.3764
9.9187
7.8589
3.4413
0.2428
-3.1157
2.2317
18.1221
21.6229
17.8800
9.8459
10.1269
20.7324
12.2595
4.5682
13.0009
16.2948
13.3300
4.0805
-4.6193
-11.0007
-9.5230
-5.7507
-2.3143
-2.8957
6.7275
9.1478
9.4700
2.5660
0.4464
2.0561
-2.9077
-13.6789
-22.0439
-21.3078
-18.5774
-17.8862
-19.3974
-20.4870
-21.6782
-14.4314
-3.1849
1.9749
1.0167
-2.7445
-8.1832
-12.5207
-23.8682
-33.6456
-38.4176
-38.0271
-28.2779
-26.1005
-24.4270
-19.4202
-17.7617
-12.8318
-8.9231
-4.5527
-0.7424
3.2821
5.7335
9.5824
9.1105
2.8077
1.6732
2.7560
3.2536
3.2592
3.1287
2.9187
6.0509
9.6163
5.4950
0.9455
4.7954
6.3599
3.4478
1.9798
0.5389
3.5627
20.3061
26.6577
25.0317
17.4921
10.0802
6.2278
2.0799
3.2353
31.4580
36.3980
15.7739
-1.6513
-6.7781
-7.0275
-12.2091
-10.3059
-11.8607
-8.3796
-14.8566
-14.4085
-14.1908
-14.7311
-10.5073
1.0987
7.4254
10.0569
7.1685
5.2828
1.9567
-8.7436
-19.9541
-24.8861
-22.7025
-16.3583
-12.3610
-10.4555
-8.8895
-10.9083
-16.4368
-20.4822
-18.5040
-13.4533
-5.4192
-0.7134
5.2988
2.0397
0.9578
2.5837
1.5193
0.1233
2.0067
3.4854
3.5173
2.2898
4.2810
3.5780
-0.1563
1.6190
6.1074
2.4911
-5.3692
-5.0742
1.4112
7.2141
9.4529
4.8749
7.2311
5.4759
2.6374
2.8912
6.3801
7.7174
5.3530
1.0413
2.6971
5.5301
6.0044
4.3696
2.6987
6.5937
7.2698
8.6663
7.7312
3.3167
-0.1773
3.4138
6.9924
7.2714
6.8105
10.5135
11.6330
4.7836
-3.3123
-1.6003
0.8678
2.9721
7.1556
3.5656
-0.5463
-1.5865
1.8686
8.5314
11.5375
10.1726
11.4168
6.0478
0.6843
0.3900
-0.5857
-0.7931
5.1733
14.4634
8.7413
-3.0122
-3.4325
-2.5897
-6.8633
-4.1466
1.8210
-0.0480
2.5102
9.6406
11.0290
10.6787
6.6629
5.6599
-3.6559
-8.9480
-8.3914
0.1222
5.3350
13.2922
20.1181
27.4340
32.7924
23.8166
16.2082
11.9252
10.7190
11.6568
7.6962
11.7512
16.2425
16.7002
8.2126
0.1061
0.3387
6.2329
-13.2795
-18.7733
-11.6320
-5.5460
-1.1637
0.9204
-0.7270
-6.0625
-9.7153
-9.3645
-11.3537
-10.6903
-1.0018
29.7008
9.4580
-3.8539
-12.0438
-15.8300
-15.0523
-10.8989
-11.2232
-14.4468
-13.9205
-16.8475
-17.9232
-14.7091
-8.3824
-5.2880
-7.7624
-22.3755
-29.7910
-28.2722
-25.5700
-25.1737
-18.4297
-15.4942
-10.0525
-12.5337
-14.7992
-16.2489
-19.2476
-18.8496
-13.6709
-6.4225
-3.1894
-2.8396
6.3374
12.8966
11.4182
5.7203
-0.3604
-4.5981
4.3857
7.8429
6.3785
3.3530
1.4053
3.1576
2.0402
1.8062
-0.6690
1.1262
13.4611
34.1196
35.7291
17.5610
-1.6187
-2.6272
-7.6913
-7.3192
9.0573
10.7746
2.9831
-2.3518
21.6023
25.6383
8.2206
-4.6672
-1.2476
0.3495
-1.4363
-2.2243
-3.8957
-11.6257
-18.6186
-19.1634
-13.7905
14.2541
5.6137
-8.1755
-12.6784
-7.6292
-4.0631
3.3226
-6.2682
-11.5769
-10.8430
-9.5737
-5.8440
-3.2102
0.5944
2.4135
-6.3972
-5.0997
-7.3913
-6.7064
-1.5038
1.5863
1.7048
5.1478
11.7250
11.1834
4.7799
8.7849
11.1781
1.7003
-1.0411
-1.6022
-0.7840
0.9332
-0.1788
0.3449
3.6607
4.1578
5.1696
5.4355
4.5805
6.5722
11.7100
16.8200
17.9245
17.4661
10.8926
5.1147
3.0776
5.0386
3.9945
3.8345
7.2347
4.0398
0.8534
0.9151
2.5371
4.8930
7.1102
9.4653
11.0788
7.4607
7.6051
9.4444
7.5902
7.5338
6.0208
1.9652
-1.0729
-2.2591
-0.9758
1.1949
5.8669
3.1878
-1.9658
-1.5241
4.8032
9.5878
10.7078
8.3557
5.6044
0.6126
-6.7256
-5.9965
2.5863
1.2461
0.2043
15.0646
26.4592
26.3920
20.1830
19.5181
14.7146
13.6641
17.9950
18.1920
18.4934
26.5139
20.9577
18.7011
16.6527
14.6140
16.2911
16.6703
12.3174
8.8148
10.4266
11.7738
7.5795
4.0454
4.7699
0.1034
-10.9024
-14.8858
-16.2499
-21.2551
-17.4475
-2.0200
0.8798
-1.6032
-1.3461
1.8576
3.3008
1.9913
-3.9984
-10.6200
-10.2380
-7.2493
-2.0445
-1.0358
-2.3321
1.0382
7.1328
10.2012
11.4214
4.9502
-6.6250
1.6102
8.9411
10.4471
0.3789
-5.9803
-9.8165
-0.1285
-1.1575
-6.1743
-7.4307
-8.3592
-5.8854
-2.6256
1.9127
-2.2221
-15.5761
-26.9666
-25.2802
-30.3538
-29.4883
-26.5227
-25.4933
-21.6628
-19.4197
-17.2867
-12.6095
-8.8394
-13.4167
-22.0462
-22.5808
-16.0583
-18.0363
-10.7201
-2.5480
4.5708
8.6891
3.4392
1.6067
0.0418
0.9664
2.9573
3.2976
2.3724
5.4298
5.4165
3.1482
4.7767
1.5917
-0.9816
0.2236
6.4987
11.1463
9.6200
7.3346
6.0498
4.7971
3.3099
6.7210
8.5344
9.3065
10.5446
11.0901
11.3452
14.6386
12.4666
15.0599
18.0095
18.0988
14.9338
16.1803
15.6681
14.9138
7.5711
1.3988
1.3974
6.3998
1.1897
3.4526
5.2395
6.2035
0.3968
-5.9469
-6.2272
-2.4707
6.4425
10.9593
16.4059
15.9891
12.6773
7.7801
4.5399
10.2851
5.4570
-11.9514
-16.7178
-18.5032
-19.9787
-17.6387
-12.1675
-9.3084
-5.5378
-3.2717
0.0749
4.0792
8.1450
10.6619
13.9619
9.8322
5.1741
10.0068
9.4136
5.2855
1.6655
4.4939
10.2957
17.4920
15.6160
12.5158
6.4480
1.7408
0.1091
4.8819
12.1762
20.0752
27.2464
31.4103
28.0463
22.4877
18.5533
19.3743
11.6252
4.5892
3.9952
5.9044
7.9550
9.3257
4.2655
0.2582
-1.0912
5.9356
5.7665
-3.0207
-2.7367
0.5701
1.0505
1.8721
7.7783
9.3015
6.7448
3.6336
-3.7725
-6.6134
-6.3696
-4.9737
3.7313
4.6449
-7.8473
-18.5706
-26.1538
-22.0755
-14.5715
-8.8942
1.5125
2.8360
-8.5902
-15.1278
-7.3434
-2.9490
-1.9852
0.0658
-8.7815
-13.9085
-25.9717
-22.2090
-15.4762
-15.9587
-16.0382
-6.6456
-1.6646
2.6920
5.4081
11.4229
15.6492
16.5019
16.8857
12.5290
7.3959
10.7664
14.2568
12.0312
14.7010
8.8886
8.5128
7.8857
2.6083
-3.7215
-7.1204
-5.2577
-2.7489
4.4581
8.1045
1.3245
-1.5211
0.9752
3.5918
2.0347
-1.3440
1.4756
-0.5579
-0.9429
3.0444
10.0610
4.4262
0.4402
0.3750
0.4900
7.1260
6.8651
8.3047
9.5332
7.9139
3.0030
3.1454
5.6088
2.2667
1.8685
3.9044
-1.7390
-6.6764
-6.2562
-6.7990
-0.0442
-7.4847
-19.2490
-17.4955
-14.4314
-6.3057
-0.5444
6.3903
10.4115
12.2044
8.8802
0.0881
-2.6976
1.7728
9.1575
11.2426
8.1763
6.0837
1.9834
-5.2359
-17.3477
-32.2382
-47.2898
-47.0260
-43.7325
-41.4895
-35.1993
-28.0031
-20.8517
-21.2011
-18.3815
-22.1440
-17.6671
-10.8781
-5.2595
-6.5857
-3.7656
0.5633
0.1372
-0.4880
-1.1467
-2.4386
-13.7487
-11.9299
-1.3932
13.3674
16.6253
4.0395
-8.9182
-20.2771
-17.7858
-16.0251
-11.7932
1.0853
10.4452
13.6508
13.2793
14.4295
12.0890
-9.0103
-15.5387
-16.6228
-14.5788
-15.0769
-18.7998
-9.3122
-3.7720
-12.4162
-43.8353
-56.2172
-42.6534
-22.7676
-14.9865
-6.0365
-2.7782
-0.0097
2.5523
0.9219
-7.8906
-13.3022
-15.9470
-16.8826
-21.0854
-24.6943
-24.8771
-24.0269
-14.8228
1.4637
19.1045

Coefficient 9:
4.0252
4.8863
3.5598
0.8648
2.5490
2.5043
0.4488
0.1550
-2.4149
-0.0630
3.3473
5.9497
5.9005
4.7745
3.5754
3.4240
5.2292
12.5303
10.2416
-1.2503
-7.1723
-3.5401
13.2406
16.5089
14.2992
7.1709
3.4204
5.5370
3.8264
4.1728
1.7358
2.0357
12.2655
15.6237
15.5282
11.2307
3.9674
3.5622
0.7754
4.1123
4.4231
9.4114
10.4164
10.9070
9.0218
0.5809
-4.4735
-10.0371
-13.3986
-16.3344
-12.3065
-14.2180
-9.5490
-4.8804
-1.8765
-11.7346
-20.3075
-14.4580
-10.6385
-15.1715
-17.5270
-11.7017
-8.8920
-7.8558
-8.0870
-10.2165
-8.0931
-5.4406
-2.2528
-6.5236
-1.3797
25.1307
20.9405
16.6591
17.9164
13.8736
9.3338
7.6895
4.0108
0.3548
0.8524
-0.7968
4.1579
10.2484
11.8533
7.0485
2.0237
-1.7460
-2.4087
-0.7879
-2.9900
-3.6340
-6.0229
-12.9686
-27.9131
-35.3724
-34.4154
-32.4130
-28.9423
-33.9717
-32.3607
-21.6835
-29.3055
-24.5411
-15.8758
-15.2276
-31.0081
-36.9134
-42.3638
-43.2615
-32.7734
-30.2370
-26.8453
-21.4051
-15.8287
-12.6937
-17.0979
-16.5148
-16.0855
-21.4095
-20.8812
-19.4507
-13.1512
0.0107
2.9352
-9.2957
-22.1182
-19.2838
-11.9616
-9.9843
-19.7176
-21.9563
-8.2882
10.3698
20.7470
10.4611
7.3589
13.7922
21.0758
19.1609
11.0877
-1.3324
-7.0245
-6.7184
-0.3002
-2.5762
-12.8702
-19.5791
-17.3505
-14.0916
-15.2179
-9.5759
1.6519
14.0398
25.8001
33.9680
30.7604
22.0560
8.0520
-5.3530
-14.5110
-23.2850
-18.5106
-7.2600
0.8445
8.4497
5.9417
-1.4223
-1.6201
-3.6125
-2.2200
0.2545
1.7653
1.8115
-1.3522
-3.9815
-3.0478
-1.8821
-0.8805
-0.7895
-1.0057
-2.2637
-0.7337
-0.0415
-0.6664
0.5368
2.5505
1.9966
2.5978
-0.6880
-4.2808
-3.7695
-1.2294
-0.8362
-0.3506
2.7768
5.6755
6.2809
6.8462
4.6279
-1.0354
-3.7390
-2.7682
-2.1906
-6.9605
-5.7358
-2.4294
0.5531
1.3650
1.1628
-0.4929
0.5376
2.7744
6.1916
2.4247
-1.1773
2.7877
4.1429
3.0315
-2.5694
-8.2370
-3.0477
7.3195
10.0123
9.9055
6.6047
3.4523
-6.2123
-24.1750
-28.5238
-34.3045
-51.9657
-31.3129
-21.3476
-17.7255
-16.8430
-17.3986
-22.2466
-28.3274
-24.7006
-13.3257
-4.6716
-4.0092
-5.9133
-6.7138
-0.5465
0.0003
-8.4017
-11.0449
-19.1610
-27.2112
-29.9778
-31.5579
-17.3700
-4.0463
0.4463
4.6398
12.4003
8.7005
-4.0412
-3.0459
-1.8676
-6.5251
-8.1524
-7.9635
-10.3700
-9.4201
-7.6918
-22.1849
-26.6965
-1.3055
20.0302
32.2532
36.2325
30.8045
15.4723
1.7574
-3.3820
6.5936
10.5954
14.4998
11.9281
7.0600
3.4661
6.0772
21.4703
25.6820
23.4500
17.6081
27.9700
29.8329
27.6781
27.6817
27.6923
20.0377
11.1247
3.6006
0.9408
-1.3010
-0.1328
1.8865
0.5433
2.8333
2.3079
-0.5338
-2.4565
-1.3476
1.5630
-0.3763
-0.4517
1.0396
-0.2923
-1.1401
0.7977
3.7653
6.3806
3.4271
2.5044
5.4335
4.3772
7.9609
10.9059
9.9842
11.8363
13.8747
11.8198
8.0393
3.6546
4.5364
2.6138
0.1939
-2.6490
-8.5464
-8.5475
-6.4604
-2.6168
-0.5127
-1.3192
-1.1802
-0.2060
1.3567
1.1287
-0.3155
0.1465
0.0777
2.3966
1.7347
-1.9488
1.2628
10.2031
11.9382
9.0381
10.4496
8.5048
4.2336
3.2110
3.7607
6.3766
9.4830
8.1910
-21.9396
-18.9879
-18.5507
-18.8779
-26.2608
-26.8501
-20.2838
-18.9859
-18.8680
-32.6761
-30.2596
-13.2675
1.6039
3.1712
-3.3780
-3.9529
-5.3226
-4.4658
-2.3309
-0.8088
-2.2016
6.3128
12.8496
20.5731
26.6305
29.4889
26.9129
19.7234
5.4202
-1.9813
-2.7089
-2.2268
2.7184
8.3403
5.2179
8.8369
8.7184
10.5361
10.0057
9.2867
0.2497
-9.9753
-13.1640
-9.6365
-5.8239
-6.3107
-2.4465
-0.3667
0.3982
0.5110
-0.4993
-2.7161
-3.1628
-1.9615
4.0829
6.1393
2.8838
-0.9979
-2.2008
-2.6878
1.0914
-1.6612
-4.8074
-3.8134
-3.0880
-1.0985
1.6287
1.7879
0.0920
3.7747
6.1573
3.9544
5.2685
1.5111
-2.2909
-5.7713
-3.4208
0.5685
1.9559
0.3909
-0.0141
-1.5690
-2.8920
-2.7663
-7.5098
-5.9605
-4.4141
-4.3290
-4.3269
-6.9511
-5.8813
0.2008
11.7155
16.7104
17.2230
12.6704
14.7141
11.3041
7.8139
6.3845
0.2606
-4.3175
-8.7113
-14.1788
-9.7854
-7.0320
-0.0425
5.8574
9.0124
-2.3338
-13.9612
-10.5463
7.9191
11.4356
8.0625
7.7120
6.7289
4.1507
6.6570
4.0439
0.3289
-16.4392
-28.9860
-27.7291
-24.1016
-17.3995
-10.4305
-8.3423
-3.0171
5.4610
13.8357
17.2058
12.1908
3.5971
-6.3538
-7.5537
-1.4493
-6.1183
0.9198
4.4981
3.5382
8.9046
13.8286
14.6715
9.7032
0.8886
-8.8336
-4.5730
0.3434
0.5056
-4.6333
-0.1665
6.0265
8.1604
6.0142
9.2420
10.8996
6.2564
8.5106
8.7304
6.0824
-0.1428
-0.2327
0.6008
-0.2488
-0.9189
-1.6206
-0.5010
1.5894
5.1543
4.2080
0.4120
2.1786
3.2110
2.5820
1.5777
-1.6277
-5.4121
-12.3855
-5.3418
3.5220
6.4127
2.9769
4.5097
2.7937
-0.0867
-21.1996
-9.3712
-15.8732
-17.7691
-8.9344
-6.7514
-18.4104
-17.4054
-15.0106
-6.2851
-10.5518
-7.5342
-4.7847
-5.4356
-9.8069
-4.2915
-10.2498
-27.9400
-32.6470
-28.5231
-21.9329
-14.1422
-12.1180
-11.5504
-11.5878
-13.2570
-11.0254
-8.8267
-7.3510
-8.8104
-7.4526
-10.5504
-7.4439
2.0439
5.2083
4.0888
-2.0234
-5.5139
-0.9729
2.1831
1.3783
0.5974
-0.6639
-1.5534
-2.2802
-4.6260
-6.5096
-9.5173
-12.0668
-9.7672
-5.2794
-5.6567
-10.3728
-7.0457
-0.3303
5.1528
7.3834
0.8651
3.0359
2.3388
-0.6289
-0.4006
3.6923
4.9414
3.1335
2.8194
5.8002
4.4999
2.5407
0.4735
-0.4976
3.4450
3.4335
3.1254
2.2701
0.3052
-3.6595
-2.4651
3.7306
7.6420
6.1349
9.2864
12.0944
5.1078
-1.4824
-1.4062
-1.5829
-0.4929
1.7234
-1.8480
-0.5661
-2.3650
-3.3657
1.0290
2.9673
0.4371
-2.6189
-5.0921
-6.6254
-4.3242
-3.9800
-8.3604
-10.5465
-9.4228
-9.9747
-11.5305
-8.4537
0.1674
1.5260
-1.9595
-0.1714
-0.7892
2.7259
8.6499
7.3974
6.2467
4.4202
3.9615
4.3122
-4.4546
-3.4444
3.3325
5.2098
1.2852
-5.6737
-10.5100
-10.1758
-15.5370
-5.0691
-1.6237
2.7310
-0.4028
-7.6435
-15.1815
-13.0346
-6.2705
-2.1193
2.3214
-1.9717
-18.5941
-17.9053
-6.5772
6.2534
8.9416
10.0775
8.9716
5.6497
6.6524
10.5501
5.7454
2.1783
9.7845
6.7193
6.8874
-4.3612
-5.6898
-5.9258
-11.7605
-15.9016
-11.6551
-10.5815
-6.7236
0.3020
-2.8111
-3.5993
-2.3377
0.7948
-1.5059
-1.9997
2.7282
2.9569
-2.9109
-4.1245
1.5549
3.3134
9.1141
14.0573
14.2695
13.7273
16.3980
12.6351
8.4885
11.5999
21.2823
26.4789
28.2592
16.3716
2.9305
2.4567
9.5391
13.1010
9.8482
7.7769
1.6553
0.1603
-1.7481
-0.8568
0.1444
-1.4070
0.1200
-3.6589
-12.1111
-11.7062
-7.8413
2.5715
-2.8862
-0.2442
2.2230
-0.9941
-4.0432
-13.6181
-8.2276
-2.2375
-0.0076
-13.6718
-19.7428
-14.4051
-0.3094
6.9153
13.1483
13.6606
11.0868
6.5174
-3.7018
-3.2986
5.2182
10.6166
7.8792
3.3024
-7.7162
-15.3182
-12.2428
-3.5365
8.4754
6.3727
16.6260
29.5512
32.9751
37.7168
33.4207
27.7534
29.4394
23.1082
8.8806
2.2536
-5.9716
-5.8473
-5.4942
1.0399
11.8282
12.1339
9.4555
13.6324
15.7971
12.0781
13.0836
6.8689
-2.2298
-2.9092
-1.1876
-0.1198
1.0315
1.8104
2.4054
2.6328
2.4817
1.4330
3.3489
5.0763
6.8887
6.3190
3.4519
3.0382
2.6328
-0.5350
1.4710
0.4922
-0.7859
1.6614
-0.7603
-0.9471
-0.5891
-0.6584
1.7205
3.1001
2.8416
4.3780
3.1511
3.3953
5.5011
3.0175
2.7018
2.5196
-0.7540
-6.9291
-6.6081
-2.1915
2.4088
1.5780
-4.4867
-7.3526
-5.7611
1.2430
5.9150
5.9047
3.5942
1.3667
-2.5595
-8.5243
-6.4877
0.8330
-1.0962
-9.6603
-16.5704
-8.7064
-11.7773
-15.3618
-13.9758
-6.6569
1.7354
1.7013
-8.6124
-9.6098
12.9629
7.2538
2.2875
0.4158
-4.3481
-6.2114
-10.5532
-15.8930
-12.4468
-9.3961
-10.3152
-9.6800
-7.3494
-7.5130
-8.3074
-8.8495
-6.8907
-5.3576
-7.7111
-3.6498
2.1648
3.9078
0.8036
1.1043
-0.1989
-0.0644
4.4360
10.2976
11.0689
9.0228
12.1302
24.3655
28.4055
21.9010
14.9718
8.1898
-18.4022
-17.0673
-14.3676
-23.6512
-27.6669
-18.6140
-14.7667
-13.9742
-10.8474
-6.7771
-2.7595
-9.2043
-13.5602
-14.1369
-13.0978
-9.0006
-7.6536
-1.8335
13.6400
15.0825
2.9225
2.1170
1.5130
2.9125
5.2542
4.2532
5.7429
11.5684
12.1128
13.4161
18.8614
18.0530
13.0513
9.8113
12.5478
15.8239
28.6656
38.5718
45.7010
47.3227
41.2158
29.7984
16.3288
6.2745
0.4612
0.0038
-0.4719
2.8594
2.4779
0.3782
1.7249
-1.6015
-4.0769
-3.0815
3.1969
8.5395
6.8355
4.7741
3.2109
2.8958
1.7135
3.9220
4.6289
6.4533
8.3633
6.4863
3.3232
6.1724
4.3100
5.2805
5.6423
5.1030
0.6227
-6.0823
-9.7222
-6.6674
-9.1179
-11.8685
-10.0529
-1.8088
-2.8098
0.5274
3.7296
4.7101
-2.0020
-7.7234
-7.0503
-3.9443
3.8780
7.6953
6.6610
0.7617
-4.9727
-12.4931
-14.2986
-10.8227
-11.0238
-10.6621
-6.0710
-1.6391
-4.7078
-8.8972
-6.7628
-6.5006
-6.9561
-7.6553
-4.2090
-0.5626
2.8868
5.7390
7.0971
6.8848
4.4237
5.7637
2.5640
0.5716
0.8250
0.4627
4.5920
10.0933
12.3753
7.9487
1.8455
-7.0764
-12.1899
-9.6946
3.6875
10.7680
10.5316
10.6489
13.2803
11.5152
6.0223
5.2066
1.6745
-0.7194
2.8955
1.1077
-5.0799
-2.2347
-1.7882
-0.4494
-0.1892
0.2732
-5.4382
-14.5778
-12.5267
-7.7880
-3.2119
-2.4708
1.5104
4.2347
3.3711
1.6656
-5.8754
-9.0095
-7.3201
-4.6632
3.4718
7.3518
4.8003
7.3934
7.3269
14.7049
15.7441
9.9243
10.0215
8.3725
2.4765
0.3909
5.6239
5.6457
3.4659
0.6812
-11.3839
-18.6873
-24.7557
-32.3961
-36.4510
-32.5194
-22.0056
-10.0835
-0.7465
4.5094
8.9706
16.5325
21.6770
21.0495
15.5790
14.6767
12.1611
10.3293
7.3051
9.4771
11.9689
5.3552
-5.1623
-6.3717
-4.8913
-7.5171
-8.0257
-4.6293
-2.0989
3.9077
8.7714
4.1321
-0.0693
3.1041
3.9149
-1.5867
-6.3427
-3.6043
-3.7728
-5.0069
-5.5225
1.8169
4.2528
2.4614
4.8001
3.9436
7.2449
8.3354
6.6380
4.6166
0.9914
-6.0061
-6.7542
-5.8458
-9.9394
-21.1730
-23.4008
-20.7555
-23.6043
-25.6342
-15.6094
-8.3096
-6.2549
-8.9659
-3.0526
2.9454
5.8777
2.6186
0.4716
-0.6793
-1.0491
-2.0144
-6.9714
-6.2305
-0.1706
6.4929
6.0455
1.1762
0.0653
1.6145
-2.4864
-6.8559
-7.0616
-6.7808
-0.5688
5.7257
3.7503
5.5886
7.4471
6.1078
4.4599
6.1670
-3.6545
-13.1920
-9.9998
-1.5966
-9.3281
-12.5972
-1.5928
2.5745
3.1198
-4.0519
-5.2544
-12.3973
-9.4358
0.4900
7.8522
8.8897
13.5760
23.5269
10.6897
3.0404
6.3632
6.5049
9.0461
11.2068
15.2388
14.0173
16.4094
20.7466
13.2676
9.0909
10.1240
17.3673
13.3359
11.4099
20.0860
27.3267
16.8206
6.0903
-7.5358
-9.0322
-6.7428
-5.4119
-4.5586
-0.5732
0.8979
-3.3109
-7.0230
-9.1987
-6.7216
-8.6141
-1.7651
3.0551
10.1985
17.2100
21.6131
39.2896
47.3422
42.1286

Coefficient 10:
3.8524
-6.5675
-9.3855
-12.4240
-3.0166
-0.8041
-2.3714
-1.2916
-3.6670
-2.4770
0.2972
3.8596
4.2699
3.0952
0.4003
1.9965
6.6126
13.7226
11.4067
-4.3915
-9.2987
-9.3088
-2.7319
11.8700
13.1816
16.1847
7.8414
1.4314
-0.4906
1.7462
-0.2367
0.1211
5.9156
9.4850
7.4253
3.9852
-3.4199
-0.7414
0.9353
-3.7407
-3.4386
10.6997
20.3330
17.0373
6.9225
1.6948
-0.5793
-7.5584
-14.4747
-10.7306
-1.4487
-1.1809
2.0560
7.6809
4.0220
3.6467
6.2359
4.8318
3.5834
-4.7463
-9.6344
-10.6914
-10.2681
-9.3159
-10.1372
-13.9387
-13.8904
-10.3065
-13.4220
-20.2005
-16.4685
1.1872
5.8665
2.1385
-0.5384
-6.5697
-6.3807
-6.5692
-8.7979
-15.1454
-11.3703
-6.6840
-4.5202
-1.5870
-1.7222
-6.3981
-7.2465
-11.8277
-3.9263
3.1709
3.6562
4.1394
-3.9145
-8.3610
-3.5126
0.5207
-3.4625
-11.8048
-13.2084
-19.3737
-18.1059
-25.7869
-34.2116
-28.4648
-21.8581
-18.1287
-23.0454
-22.5169
-17.3548
-8.3166
2.2225
3.8962
0.5273
2.1067
2.6763
-6.3275
-15.0576
-20.7941
-20.3380
-32.3849
-31.2113
-25.4229
-19.9427
-16.1506
-21.0172
-30.1658
-33.1948
-31.9905
-30.9670
-29.8543
-20.1788
-25.7474
-24.1446
-12.3000
-9.2217
-19.6690
-15.9452
-9.3838
-8.7626
-12.5648
-9.6490
-12.6095
-19.8053
-29.3296
-33.7138
-23.6747
-20.6448
-24.9748
-26.4968
-29.0628
-30.4288
-28.2793
-41.4917
-56.1455
-58.1934
-49.6336
-34.5217
-21.0340
-11.8745
-3.9145
5.2041
6.5618
10.6031
18.1892
19.9416
19.8493
17.1959
10.6456
1.3875
-3.8805
-2.3584
-0.3315
-0.3407
-0.2078
-3.4851
-5.1681
-4.9497
-4.2562
-1.7341
-2.7095
-3.0099
-2.4039
-1.6259
-1.3762
-1.6239
-1.1745
0.0507
0.9378
2.0650
0.4233
-1.4363
-2.2621
-2.1154
-1.5575
-0.3137
1.7203
3.7982
4.2422
5.5159
2.1650
-3.6860
-6.2312
-6.0569
-4.3586
-7.5780
-4.0288
-2.2562
-0.2939
0.1633
-0.5767
-1.2361
-0.9399
-0.0713
2.2293
-2.0816
-5.0213
1.1207
4.0480
2.3227
-4.2053
-7.1556
2.9735
17.6560
12.4267
-11.2956
-23.7651
-20.7943
-6.3283
4.9247
9.1943
9.5506
-17.0497
-16.9375
-20.1900
-22.1671
-21.8212
-20.0277
-15.1151
-19.1360
-19.9269
-18.3611
-15.1336
-5.3677
-6.4459
-8.8659
-3.6953
4.0220
2.9356
0.3294
-5.9422
-6.9524
-5.0082
4.7162
-1.5559
-2.2406
-3.7569
-6.4983
-4.4296
-6.1598
8.7657
10.7701
8.9855
-0.2094
-7.2676
-3.8946
-3.4702
-0.7897
-3.4862
-14.7730
-20.5613
-9.3176
-9.5063
-15.7028
-15.1684
-12.7526
-20.4893
-30.4888
-31.2874
-16.6640
-7.7665
1.6815
8.7254
8.1567
3.6594
14.7092
32.1007
27.7464
20.6098
12.7576
14.9210
12.5100
5.3207
8.7014
16.2617
15.1046
11.7325
5.6221
-0.7601
-2.3373
-0.3831
2.7069
1.9322
-0.5255
-2.3942
-2.5221
-4.2696
-3.2188
-0.5629
-3.0851
-3.6021
-0.9139
-2.2041
-3.3815
-2.3248
-1.5756
3.4040
1.1729
1.2394
6.1094
7.3775
5.8009
2.8419
-1.0861
0.5037
2.3672
0.6692
0.8067
2.0567
4.9300
4.1175
2.5331
4.7801
-1.4920
-6.1123
-7.3598
-8.2261
-3.5445
-3.3536
-4.2383
-2.9478
1.5649
1.0248
-1.4285
-0.3424
-0.9236
0.2805
-1.2761
-5.0522
-2.1039
6.6219
7.4517
3.9224
4.3109
2.2114
-0.8534
0.6310
5.0987
11.4748
18.8673
9.4925
-14.4618
-18.7428
-15.4576
-7.6866
-12.3225
-23.2901
-27.4823
-27.6280
-31.5332
-23.5665
-20.5414
-10.9871
0.7067
-0.2453
-10.1961
-11.6642
-6.1542
-2.2347
-1.4021
-0.0396
4.5352
5.7898
4.0916
1.7232
-4.1481
-11.0768
-15.2225
-10.3663
-17.0732
-23.5927
-24.4674
-18.0530
-14.2900
-4.0060
-0.7252
-0.4773
-0.2340
2.8889
4.9160
2.2521
-5.7190
-14.3643
-17.8997
-12.7912
-7.6541
-8.7636
-4.9844
-2.5482
-2.0082
-1.9175
-1.8872
-2.5351
-3.5142
-0.7329
3.8967
3.2642
1.6466
-0.5363
-3.1176
-4.4161
-2.2022
-4.6893
-6.9029
-4.9809
-4.4633
-5.2421
-3.6445
-1.6560
-0.9127
1.9974
3.6411
2.1966
3.0000
-0.7587
-4.0355
-4.8308
-0.9173
2.0154
0.1947
-3.9371
-2.9855
-0.7275
-2.0992
-2.1756
-4.4101
-1.8416
-1.1914
-1.1521
-3.1810
-4.1676
0.6361
12.4478
19.7602
17.6226
7.0530
-4.6364
-6.7072
-7.5665
-1.2269
2.7924
-2.2947
-5.9808
-10.4279
-11.8424
-9.7975
-7.0466
-6.2307
-3.0314
10.4278
8.9422
-0.5124
-3.3915
-12.4451
-10.8548
-7.3058
-7.3382
-10.4558
-13.0565
-13.0276
-9.1578
-5.2493
-20.2745
-23.5740
-18.9555
-19.7717
-22.4311
-15.8521
-8.3496
-6.0178
-5.0405
-3.6970
1.0040
-1.1657
-2.7143
-0.6290
2.2628
6.2102
18.2700
20.8644
15.2707
8.6979
2.5715
-1.3581
3.2633
13.2043
13.2787
5.3209
7.6193
10.5786
7.3133
1.7864
1.0446
9.5816
11.8660
19.6049
20.5700
15.4081
6.4112
8.1963
6.9456
3.2495
-2.0996
-1.1606
-0.9182
-2.8918
-3.7966
-4.5676
-3.1979
-2.1023
1.2327
0.9254
-1.4203
0.3224
1.2790
2.9399
0.9865
-3.7445
-4.0079
-5.6089
-8.8875
-8.5569
-1.5828
-1.5333
1.7445
-2.4852
-4.1480
-10.7803
-13.5219
-25.5722
-27.8930
-32.0936
-30.7383
-26.4394
-20.3111
-8.8529
-3.1990
-5.8526
-6.3267
-7.5758
-4.0407
-3.8645
-2.2973
3.7522
13.6690
20.7796
27.3787
28.7363
26.6028
18.5983
11.2610
10.9917
6.0127
4.3440
2.1423
5.3345
2.1809
-1.0050
-5.6071
-5.7217
3.1160
6.8243
7.3891
0.7685
-2.3271
-4.5649
-4.3948
-5.3873
-6.4246
-3.2250
-2.1889
-1.8162
-2.0758
-2.9071
-6.8119
-9.8867
-6.2981
-1.6523
-0.7942
-3.5976
-3.2501
-1.2440
2.1588
3.8360
-1.3864
-0.3247
-1.2964
-3.6095
-2.3521
2.0362
2.7380
1.3366
5.5101
9.6002
5.8196
2.2560
-0.6223
-2.2514
0.9565
0.4984
-0.2278
-1.0936
-1.8010
-5.6865
-6.3566
-0.5592
5.4149
4.4461
-1.0983
-1.5213
-1.1149
-0.1610
-3.6676
-5.8611
-5.1903
-7.8398
-11.7154
-5.5204
-4.8356
-10.4861
-6.5717
-0.1054
2.3416
0.5338
-3.3520
-7.1087
-8.2485
-13.2714
-24.0140
-24.2280
-21.5185
-22.4093
-18.3940
-11.8648
1.4810
8.4932
-0.0792
-3.1407
-0.8965
3.2445
6.6217
3.3717
0.9843
2.0600
1.9585
14.3277
13.0404
11.9241
13.9367
8.0368
2.9514
-6.8093
-17.1365
-23.1898
-34.0802
-33.4594
-23.7717
-13.5664
-13.5554
-16.7136
-7.2132
-12.3155
-18.9179
-17.0614
-10.6252
-13.7445
-4.6719
3.3818
4.1126
8.1253
11.0576
13.6132
11.3132
3.2054
-3.7327
-7.2372
-2.3321
1.4495
5.3926
13.3961
-7.1337
-17.2644
-16.6073
-15.9989
-14.8480
-16.2095
-15.7376
-17.1434
-18.8190
-20.8346
-18.1505
-22.0137
-25.5416
-24.6408
-28.0719
-22.4059
-11.9180
-2.2666
1.8485
-0.5112
3.8258
-2.7336
-11.3315
-14.3594
-14.0404
-8.2865
-4.2834
-1.0596
-9.5776
-17.7045
-17.8907
-21.3340
-20.8204
-4.2145
5.1943
4.6199
3.2889
3.7302
0.1273
3.6708
3.4336
1.8562
-1.3393
-2.1717
-3.7528
-3.7788
-0.8275
0.0843
1.1279
-14.0722
-28.7299
-27.2341
-37.9033
-35.6980
-33.6857
-34.9404
-28.2803
-20.3417
-23.3869
-18.9370
-14.0584
-21.3453
-4.4422
4.0955
4.8687
6.6590
8.3058
4.5778
-1.7958
-4.7953
-5.0467
-4.5333
-2.6862
7.2841
6.9187
-1.6306
-9.3888
-14.4508
-11.7121
-12.5118
-8.1323
-4.3547
-2.6766
1.3306
3.5958
3.5606
-3.3584
-12.4599
-15.8356
-16.6925
-16.4222
-8.0278
-12.0388
-12.1583
-2.2225
4.6386
12.8414
17.1171
16.6634
6.8740
-3.5512
-9.9487
-6.1289
-2.3597
-3.8837
-3.6285
-2.0847
-2.5705
-1.3562
0.2906
1.1784
0.6839
0.0274
-0.8976
-0.8370
-1.8177
-0.8089
1.4996
-2.4003
-2.7978
-0.2614
-2.9158
-1.0689
-1.4553
-2.5221
-1.1543
-2.7703
-1.3111
-1.1112
-2.2311
-0.1386
-0.0405
-2.6708
-1.6030
-0.3936
-0.4322
1.7955
-0.6631
-1.0385
-0.0632
4.6584
8.5543
8.3004
6.4291
5.0298
-2.0441
-10.5068
-10.7281
-7.9290
-1.1990
2.7733
0.2405
0.3860
-1.4891
-4.2195
-8.7316
-5.2839
0.4926
-1.4732
-1.2333
13.7959
7.4187
-0.2070
-7.7513
-7.5464
-0.5345
4.0450
5.3918
5.8812
10.3985
6.7399
4.6625
1.3818
5.5111
9.3716
8.3120
6.8861
5.3672
5.7366
5.8183
2.2579
-5.8222
-8.4732
-3.7646
-5.1722
-5.3731
-2.1477
3.5045
7.9985
7.7092
12.0614
10.9469
8.4980
10.5571
12.3294
16.3033
18.9177
18.0305
12.4578
4.4153
3.1929
11.9781
16.8371
19.4388
22.7492
15.8900
4.4243
2.6840
2.1699
-14.1410
-25.2793
-25.5704
-32.5392
-34.2897
-36.0168
-36.9019
-35.7644
-35.3765
-32.2195
-25.3193
-22.9731
-24.6590
-27.5658
-28.5191
-18.2086
-11.9869
-12.4449
-6.9281
9.1674
14.7977
11.0326
7.3112
8.5551
10.3908
8.4387
5.6209
13.5504
16.5511
18.4958
21.1279
17.5995
9.4019
4.0312
11.2612
17.9770
19.7727
23.3454
17.5955
13.4772
5.5462
-1.2694
-2.0942
-2.1682
0.9049
0.1005
-1.4855
-0.8620
-3.3017
-5.5387
-4.9042
0.3847
5.7800
4.3020
2.7834
1.2026
1.1239
0.1435
0.5663
-0.3617
2.9429
5.9445
2.0642
-3.0343
-2.2598
-4.0044
-3.5171
-4.2875
-1.2054
-0.0951
-3.0168
-2.7431
0.5663
-0.1944
-2.7824
-1.7130
0.5288
-2.0962
-1.1023
2.7962
3.1422
-3.3443
-7.5398
-7.2728
-5.2578
3.6045
12.6141
9.5489
3.0832
-0.2610
-0.7270
-1.1964
-2.7601
2.9645
9.9274
13.5007
17.1460
15.6425
9.4415
1.2990
-5.6048
-9.1406
-11.3147
-7.8315
-4.3937
-2.6534
-1.3099
1.0047
3.5931
1.1263
2.3617
2.7189
1.7178
1.5106
-3.3030
0.3158
9.6688
15.3200
11.0343
8.3288
1.0371
-6.1069
-7.9064
-1.1605
0.3361
-4.6946
-10.4429
-10.2187
-8.6272
-10.6314
-11.9686
-15.2252
-16.6653
-15.1034
-15.4922
-16.8854
-13.5338
-11.2819
-8.4027
-2.2634
0.6272
-7.4940
-15.0310
-14.2339
-13.4820
-7.4662
-6.1837
-3.5545
0.2590
0.2880
0.2387
-4.1402
-6.5383
-3.5080
-1.3495
7.2663
13.1541
8.3130
1.9431
-6.5639
-4.1549
-1.3960
0.0715
0.9782
2.9290
3.0153
2.6884
6.5537
9.5415
7.9427
-0.5943
1.7805
2.0769
-1.4487
-2.9893
-3.7792
-4.9115
3.8392
12.4687
15.7652
16.9986
13.6161
21.6027
32.8192
34.7203
30.8610
33.0547
26.3562
21.0951
17.5087
9.5955
5.3980
4.0540
-5.2011
-11.4829
-10.4517
-10.1260
-6.2610
-3.6262
-1.7416
1.7195
6.0670
6.0979
1.9634
4.8331
4.4341
0.2110
-5.1089
-5.0488
-3.0383
-3.4667
-6.0619
0.3692
5.3132
5.2211
4.9493
4.7340
5.2969
6.7239
2.5704
-1.5876
-5.0819
-5.7314
-11.7809
-8.9333
-6.6322
-15.5151
-19.8904
-16.5380
-16.4606
-11.5746
-4.4831
-7.5444
-5.7436
-4.9050
-6.1915
-3.6646
-4.4288
-5.7052
-9.6885
-8.1956
-7.8996
-7.6297
-5.7435
-0.6724
5.4161
6.1875
1.0113
-6.5969
-6.4311
3.1056
14.6493
14.2823
16.0356
16.5345
21.2514
28.2809
33.7847
25.5231
20.8213
20.6990
14.1996
13.0757
9.6728
3.1464
-1.6926
-6.8859
-12.4317
-9.3542
1.4540
9.3944
24.1145
30.7854
30.3987
20.1277
26.1908
29.9137
30.8401
25.2611
17.9153
15.1102
9.2641
2.3327
-1.2429
-3.3370
0.9417
1.1564
3.3664
4.8144
0.2614
0.4528
-0.8800
-7.8070
-8.5094
-2.2683
-4.4631
-3.8427
5.0549
21.0736
26.9381
9.9306
-9.4416
-16.3474
-19.0433
-23.4078
-42.3059
-40.2147
-15.9193
-13.7515
-16.5126
-13.9825
-15.6024
-15.9852
-0.0433
10.7618
17.3169
25.8574
35.6460
47.2983
47.1045
33.1924

Coefficient 11:
3.6685
7.2063
4.8123
2.6678
1.9800
-5.3149
-4.4972
-2.7272
-4.0309
-4.1506
-2.1561
1.7535
3.2512
2.0080
-1.6863
0.0731
1.9900
1.3232
-0.2082
4.2984
4.3186
2.7575
8.2642
16.5426
12.6140
3.7184
-1.1956
-2.9772
-1.6883
-0.5227
-1.1354
-1.1439
-2.2950
-8.7245
-11.4100
-9.6407
-8.1902
-6.7194
-4.4732
-9.4089
-8.1721
0.1524
4.5846
1.6837
-6.8490
-1.0900
3.6575
-1.3208
-7.4130
-8.4622
-2.4182
-3.2819
-0.0995
8.5785
3.2833
0.6978
8.5650
5.5418
-5.0048
-18.8811
-21.1563
-18.8638
-11.3921
-7.7791
-9.0994
-8.1763
-2.8984
-3.6176
-11.6454
-19.7600
-13.5730
-5.7816
-7.3343
-11.3529
-10.5663
-0.9666
2.3646
-4.3102
-6.5855
-8.1812
-7.1635
-6.9970
-6.3046
-8.5751
-9.2789
-9.5022
-6.6736
-0.4516
7.2029
6.4151
2.4348
-4.6001
-4.0401
-4.9180
-8.2571
-5.7048
-2.1031
0.8725
-0.4678
-4.2141
-5.9209
-5.7309
-2.1156
2.5761
-1.0123
-1.8734
-5.8045
-2.7566
2.3685
8.9029
5.0616
5.5964
5.5028
6.4610
13.2205
8.0531
-5.4517
-11.3807
-10.5993
-0.4181
0.1407
-5.0182
-6.7207
-7.8358
-14.2749
-16.6247
-5.5704
1.3212
0.5241
-2.4413
-11.7906
-12.1947
-8.8674
-6.5479
-12.1307
-25.5236
-30.3264
-22.1578
-8.8858
-1.1169
7.2139
9.7586
5.7907
-0.6547
-6.0563
3.1260
13.8282
16.7138
12.7406
11.0082
11.2162
7.4768
12.4174
18.8190
17.2768
12.4754
7.5772
1.4578
-2.7537
-5.3668
-12.3248
-21.4490
-23.2586
-20.3256
-11.6005
-0.7174
7.3821
8.4363
2.7706
-2.5030
-2.0869
-1.5475
-2.5330
-2.0651
-4.7528
-5.0347
-5.4787
-5.1314
-1.6934
-3.5913
-3.8310
-1.6703
-1.4201
-1.0338
-1.2411
-1.8490
-1.6790
0.0783
2.2001
3.1031
2.2904
0.2663
-1.9176
-1.4466
0.4855
0.8203
2.5729
5.5571
7.0406
2.7041
-3.1909
-7.3224
-9.0412
-6.6294
-5.3483
-1.6526
-1.3833
0.5436
1.7067
0.9033
-0.2654
-0.7748
-1.7846
-0.7362
-4.6664
-6.7305
-0.1975
3.4984
1.5050
-4.6575
-4.9308
7.1840
2.1714
-10.2850
-16.3647
-19.9013
-18.7397
-24.3421
-27.3229
-26.6865
-12.3093
13.0699
14.2874
10.2479
3.3947
2.7923
8.3319
8.6743
-1.4635
-0.6370
1.5089
-7.3926
-19.0656
-12.7821
-12.7855
-11.5340
-6.6294
2.8945
7.5749
4.2678
7.0202
7.8647
8.8899
6.5296
3.3721
-5.6735
-12.3387
-10.2323
1.6431
15.7680
21.1375
27.1746
27.4200
26.9537
19.6491
18.3921
22.2490
12.9350
-3.9320
4.2664
3.7125
-8.2816
-8.9088
-1.6428
5.4590
7.1975
4.7648
0.1519
-4.7330
-5.5677
-4.4936
2.3383
5.4808
3.1641
3.5809
20.3847
29.0634
28.0419
17.5808
13.3498
18.8457
18.2730
19.8854
18.6707
13.7704
6.8791
1.2105
-1.5734
-2.2067
0.3568
1.9350
0.6981
-1.9601
-3.6363
-3.2997
-4.9019
-4.0404
-2.1360
-4.1523
-4.7598
-2.0552
-3.2506
-3.8045
-4.1812
-5.3236
0.6002
-0.5394
-8.4335
-8.0966
-6.8346
-13.4158
-19.0967
-22.3506
-17.9586
-13.3081
-9.2597
-4.8140
-1.6415
0.0787
-1.5550
-7.3391
-12.4404
-19.0949
-22.8707
-19.7464
-15.2813
-7.8283
-3.1428
-4.7792
-4.4848
-2.1666
-0.7858
-1.4818
-1.3363
-1.6298
-0.1114
-2.7316
-7.7324
-6.1733
0.6027
-0.4767
-2.3209
-3.0434
-4.7260
-5.2723
-2.8351
4.0752
7.5147
4.8577
-1.5208
8.3378
1.3034
4.6258
16.6798
14.0207
0.1711
-2.7055
-1.4297
-6.8821
-9.3998
-9.8400
-7.5021
-2.3580
4.5343
8.5877
9.4377
1.6164
2.8416
6.2135
8.6125
12.9711
7.0624
-2.4666
-5.9930
-8.1274
-5.2484
4.9088
12.1385
10.4182
9.2890
4.5074
-6.0161
-8.5634
-6.2991
-3.4837
-4.6791
-5.2368
-0.0386
-0.5256
-10.0978
-7.0750
-3.5245
-9.5469
-8.8442
-4.9176
-6.7534
-5.2861
-2.1182
-2.1511
-3.4742
-2.2703
-1.9317
-2.1803
-4.4811
-4.8731
-2.6888
-0.3828
0.1828
-2.0781
-4.2250
-4.2220
-5.8681
-6.4527
-3.9328
-3.7836
-5.9915
-6.4080
-4.0706
-2.3609
-0.7673
0.1268
-0.5121
0.5148
-1.2127
-4.1067
-2.2016
1.7233
2.1554
-1.0942
-6.9945
-5.4718
-0.2008
-0.7978
-0.3307
0.2767
2.2505
1.6955
1.7814
-1.8760
-4.6030
-3.9645
-2.8967
-6.9825
-11.9769
-14.9142
-19.2493
-22.8246
-20.2053
-7.0110
-2.1641
-3.5745
-4.8335
-9.5799
-8.2324
-5.7339
-2.1635
-2.2183
0.2186
6.0736
15.3337
29.2806
24.6532
10.6986
-1.4468
-13.5962
-17.3084
-20.2183
-19.4545
-13.4964
-13.9684
-11.3089
-7.5596
-4.2471
-3.0296
-5.1486
-4.4866
-0.1741
14.8430
17.8291
18.6534
16.3296
13.9045
11.4192
18.7624
17.4787
13.9921
9.6508
2.9576
-1.9366
-0.6686
3.4199
6.7164
4.5525
7.9429
11.6031
12.2322
14.5789
7.8901
0.6947
0.4947
-2.5219
-0.6031
2.5151
-0.6773
2.3063
6.2401
4.0296
0.7845
4.5919
4.1557
0.6597
-3.2586
-1.3488
-1.9805
-4.6156
-5.1013
-5.1228
-5.1415
-5.0518
-1.8686
-2.3208
-2.0986
-0.4896
0.4204
3.9744
0.1480
-5.6548
-4.3691
3.8773
5.8534
5.9284
5.4110
1.2043
1.8089
-1.3954
-1.4823
11.1368
0.4146
-19.2090
-22.7911
-25.1696
-15.8912
-4.8903
-8.6303
-8.2582
-8.5512
-7.2479
-5.2184
-9.7926
-9.8538
-4.4242
-9.0381
-15.1221
-9.3983
-2.1950
-2.4575
-12.2153
-19.2668
-22.3385
-15.6105
-11.4400
-8.8564
-11.3828
-16.4580
-13.7581
-15.3073
-20.0328
-19.4117
-9.2853
-4.1464
-1.9774
-0.1271
-5.4955
-7.5273
-3.3551
-2.5484
-1.4865
1.7503
3.7699
4.2881
3.0490
2.4278
-0.4791
1.0845
1.6190
7.0614
13.5081
14.2806
10.0875
3.8497
0.2954
0.7178
0.1224
-1.8676
-2.8267
-4.7155
-6.0024
-3.1998
1.3306
0.5723
-0.4613
8.2770
12.5549
7.8178
2.7821
-1.2971
-3.5636
-0.7726
-1.0870
-0.6684
-1.5178
-2.7692
-5.9998
-6.8680
-4.1978
0.7673
1.8472
-2.5351
-4.7436
-3.5452
-1.9958
-6.5747
-7.8046
-4.0182
-5.3874
-10.2230
-8.1761
-9.7048
-15.5520
-10.3318
2.1801
10.7397
10.7050
6.6984
1.2390
1.1549
-3.1593
-15.6968
-11.8587
-8.8426
-10.7253
-10.5325
-5.7997
1.1208
3.7322
-4.6326
-6.8522
-2.0091
2.6992
3.2356
-0.2518
-2.7594
0.2854
-0.5812
1.0376
-8.1340
-16.6006
-13.5510
-11.5871
-3.6534
11.7171
13.0085
10.3380
0.7882
-11.1882
-4.0136
-0.3497
-0.3238
6.5150
10.1283
12.4653
9.4963
5.5124
4.4188
14.0519
16.2137
17.8307
5.9092
-4.1066
-10.4529
-12.8537
-13.7209
-19.4219
-21.5840
-15.2364
-10.3566
-12.4114
-14.2471
-22.0511
-13.2861
-16.7315
-12.3351
-3.1730
2.9394
0.9034
-7.3089
-8.2494
-8.9576
-11.9528
-10.3816
-12.4782
-16.1158
-16.3203
-11.9158
-15.6172
-25.1128
-30.2839
-30.6415
-24.6711
-21.2686
-8.4036
-12.5786
-17.7847
-19.6104
-17.9632
-15.4298
-10.3888
-7.1243
-8.4418
-15.0220
-22.2404
-24.9392
-22.9342
-22.2050
-19.5951
-15.9770
-9.0847
-7.5459
-1.5920
1.3135
1.1648
-1.4746
-2.7906
-5.0200
-4.9958
-1.4731
2.7611
1.6066
16.5717
14.8981
2.6313
-14.5376
-12.6377
-9.5335
-2.5711
6.8248
15.3006
12.2669
5.3924
2.6368
9.1663
20.8747
11.6290
-3.8381
-7.1715
-16.0665
-21.6004
-17.0189
-9.2821
-3.4408
-2.9829
-8.1267
-5.1817
1.1557
0.0730
-4.5070
-6.3798
-2.3116
3.3286
5.8430
10.6229
5.5963
-2.2868
-11.4349
-12.8624
-9.0872
-1.9682
3.5145
7.9011
4.9646
-0.7001
-4.2662
-8.2092
-11.8363
-10.4076
-4.1168
5.5205
4.4336
-7.3397
-15.0603
-15.9550
-10.7975
-3.3025
-2.5559
-3.1743
-2.0268
-3.2018
-1.8632
-0.5999
0.1566
-0.7903
-1.9648
-2.5391
-5.0572
-9.5623
-6.6927
-3.4187
-10.3662
-8.1544
-2.8260
-3.5147
-2.5627
-2.5317
-2.6674
-1.6136
-2.4024
-0.8842
-1.2728
-2.5768
-0.9775
-1.7203
-4.6477
-4.2933
-2.6597
-3.2177
-1.4532
-3.0695
-3.0779
-1.7252
-4.6957
-8.2128
-5.8113
1.5658
5.8150
-3.7151
-11.4435
-10.4613
-7.7897
-2.8977
-0.0015
-1.1228
0.5836
-1.7445
-4.2560
-7.6061
-3.2900
1.2202
-0.4264
-0.2124
9.8280
16.2738
16.1324
7.7897
2.3735
1.2048
0.7383
-1.6577
-0.9328
-2.5511
-18.3914
-8.4292
0.1055
6.3963
4.0024
1.1132
2.3952
6.3143
7.9428
11.2087
14.5098
13.2767
10.2902
6.1306
4.7883
2.6403
9.3747
8.3103
2.8731
6.3632
12.7440
20.7670
19.7757
18.2516
12.8637
8.9834
4.3072
0.9831
1.6130
-0.1878
-6.3727
-7.5377
-3.5091
-0.0708
4.5929
3.7867
23.9157
32.4396
25.8420
7.3911
4.2259
7.9817
14.0260
20.1816
21.0610
22.5615
26.8822
28.0605
26.0596
28.8110
25.9163
16.7697
12.5309
14.1189
17.7080
9.8607
4.8640
5.6850
1.6964
-2.0380
2.5566
2.6612
2.0489
7.0358
15.3251
14.7878
15.4094
18.1756
18.1673
8.8370
-0.1930
-9.0248
-20.7519
-24.3781
-23.5917
-21.0240
-9.9859
-9.9739
-3.6012
-2.1067
-2.3389
-3.0875
-2.9002
-0.4967
-1.6666
-2.4390
-2.2387
-3.1118
-5.5498
-5.3517
-1.1724
3.1693
1.8808
0.7457
-0.1075
-0.2080
-1.2171
-2.2713
-3.7765
-0.2044
3.7972
-0.3080
-4.5307
-3.7969
-2.7565
-0.1469
-1.3836
2.6689
7.2390
8.4853
9.2520
9.3952
9.1043
7.8205
8.0541
5.6201
1.0138
-1.0661
2.1418
1.7482
-3.3701
-5.9126
-7.3644
-6.6398
2.8521
16.0825
18.7503
18.0532
18.6315
18.1156
14.6809
4.9275
4.2162
0.5127
-1.1112
3.2085
7.8654
8.6309
2.5496
-1.0425
-7.2017
-10.5030
-7.6463
-6.0527
-4.4959
-4.1533
-0.5258
2.5064
2.1739
2.5229
4.5128
3.1448
1.1090
-6.0007
-3.4595
0.0706
4.9340
5.8075
3.3462
-1.0424
-5.5271
-2.5350
-4.6433
-5.1304
-1.3970
1.4761
3.3879
8.2538
8.8494
6.2341
-2.2907
-11.9643
-10.9725
-12.6041
-9.6820
-3.9592
-9.4720
-15.6982
-11.9325
-0.9918
-3.9478
-6.1451
-7.1718
-12.3736
-9.6582
-8.3111
-5.0577
-1.2497
-3.0490
-2.7453
-2.6622
-2.1275
0.5295
1.1073
8.6624
7.6602
-4.1142
-14.7271
-21.7893
-20.7860
-18.5152
-17.1292
-19.8317
-20.9300
-21.5504
-20.1868
-17.4098
-5.5081
-3.6745
-14.6618
-8.8766
-7.5019
-12.6102
-17.7338
-13.0509
-10.1817
-8.7985
0.2260
12.3848
11.5728
5.3881
5.9606
9.2304
5.6629
6.9877
13.4708
11.0964
9.9739
5.9570
-5.4806
-7.4984
-1.2371
2.9662
-1.6174
-6.0010
-7.4549
-2.8454
-3.8438
-2.8204
-1.3691
1.9581
6.1928
3.4798
4.5454
5.1793
2.7420
-1.6490
-1.9967
0.5368
0.2194
-1.0055
3.5774
3.7727
-1.9704
-2.0212
2.6912
1.8700
2.6489
-2.2227
-11.5531
-14.3667
-7.0047
-10.2866
-14.6333
-7.7593
-9.4346
-10.4763
-4.0269
2.7746
4.1789
7.9467
1.9337
3.2702
4.5790
3.8177
6.7561
5.6335
-1.2445
-9.5659
-7.2408
-4.3050
-5.5741
2.2039
8.2343
10.9163
6.1359
-1.1803
-10.2110
-10.4376
0.0503
2.4594
5.4192
10.1005
14.3907
15.6677
16.6603
23.3784
15.3059
9.4000
1.7839
-7.3599
-3.6952
-6.6459
-7.9037
-5.8528
-10.3895
-16.5696
-13.9330
-10.7688
-7.0075
-6.4848
-6.7978
-4.9512
-16.7012
-21.9291
-12.7293
-4.8149
-7.0219
-8.8930
2.6809
8.4078
1.4841
-5.8196
-9.2666
-5.0077
-0.9015
-1.6167
2.3982
3.4274
1.1068
4.5897
2.1285
0.8798
1.0191
-8.8625
-11.7830
-7.5703
8.6629
23.5738
13.2191
0.3335
-3.7489
-3.2447
-2.9146
-2.2475
-5.7862
-6.8301
-4.3763
-3.3369
-7.3764
-10.6103
-10.9839
-1.6386
4.6939
2.6751
3.7460
8.9698
1.9515
-8.8196
-15.1920

Coefficient 12:
3.4759
0.9365
4.2944
2.5783
-6.4735
-7.6468
-5.4988
-4.3457
-3.7322
-4.5138
-3.6124
0.3143
0.0475
-1.9389
-3.4271
-0.5098
-9.1394
-21.4682
-14.6481
-9.3863
-6.3381
-7.6850
-13.9774
-24.5167
-31.3817
-26.1782
-8.6532
-2.9425
0.0117
-1.5083
-1.1005
-1.7083
-10.0140
-22.4299
-21.7820
-19.1681
-9.8651
-3.2378
0.0774
-7.7075
-13.8018
-14.4354
-12.0658
-6.8245
-3.2674
1.9935
1.9347
3.9362
1.4518
1.4779
2.3174
-1.6581
-2.8763
2.4781
3.2524
-0.7543
-4.7715
-2.4214
-5.9679
-10.9091
-16.2677
-14.1973
-6.9125
-4.7797
-6.7015
-5.2548
-0.5671
5.2372
12.8536
12.3168
9.6598
-10.1833
-18.7678
-16.9888
-15.0444
-8.7299
-5.6644
-7.3193
-4.0508
0.3200
2.3200
-2.6264
-8.2602
-6.1263
-2.6141
-5.7482
-10.9748
-10.1552
-13.7800
-13.6527
-11.3836
-12.7696
-8.2849
-9.2411
-16.9326
-22.0154
-12.9540
-7.9535
-12.9625
-14.4864
-11.1568
3.3279
12.3618
7.6335
2.5215
2.3967
4.8870
4.0391
9.6090
8.0976
2.8562
10.9414
13.9143
10.9861
-0.3995
-8.5677
-16.8067
-13.8412
-7.2513
-0.2901
-6.7233
-9.9549
-2.3001
6.0103
-1.3830
-3.4242
3.5012
3.7003
-0.8368
-5.7795
-11.5267
-18.0848
-9.5535
-3.3401
-8.3566
-14.9779
-18.7521
-12.6882
-10.8831
-6.1734
2.8315
8.9792
13.5500
15.3006
11.3863
1.9706
-8.6445
-9.4992
-14.0199
-13.1844
-7.5357
-10.8742
-5.1309
9.4075
22.5528
23.2720
17.2428
8.1855
0.0085
-3.9287
-8.6972
-11.7968
-0.0420
7.4993
11.6559
8.1194
4.3713
4.3225
3.5649
-0.4834
-1.6938
-3.2258
-4.2966
-3.4289
-5.1582
-4.0335
-4.9394
-4.6954
-1.1732
-3.7084
-3.7900
-0.5523
-0.4749
0.4245
-0.1235
-1.9167
-2.7039
-0.6909
2.8659
6.4244
5.5901
2.8924
-0.6488
-0.7561
1.4818
-0.0168
1.8570
8.0088
8.9541
4.0680
-1.4008
-7.5639
-10.3662
-7.1199
-1.0493
0.5869
-0.5879
1.4434
3.3492
2.2340
0.4201
-0.6527
-2.7048
-2.2545
-4.9646
-6.5020
-0.9224
1.6534
0.1816
-4.2840
-2.9635
8.7618
16.9154
24.2826
27.2218
24.3567
19.4961
17.4014
12.0439
4.2828
-6.1623
-7.7115
-16.1466
-15.3056
-10.0091
-1.1367
-0.7173
-2.6039
-12.7070
-13.2656
-8.5147
-11.4992
-11.2288
-10.3776
-8.0765
-5.1169
-10.2890
-13.8921
-11.0647
-8.7476
-15.4409
-18.3724
-23.5005
-12.7606
-7.0516
-8.6544
-8.3108
-4.9927
1.1211
-18.1470
-15.9096
-7.8988
-1.5894
-2.8401
1.9309
8.8188
6.0055
5.9387
-4.7305
-3.9981
-14.5830
-10.5375
-7.2212
-1.8681
7.3688
9.2999
2.0607
0.1884
0.0280
-2.2584
-2.7222
1.3508
1.2624
2.0417
-9.1658
-18.8625
-16.8394
-10.9540
-16.5062
-30.1090
-31.5392
-34.8609
-30.8713
-25.3038
-19.4020
-12.3009
-3.4801
-1.5489
-1.2730
1.6987
1.2080
-0.7496
-1.4073
-2.2087
-3.4792
-4.7171
-4.1130
-3.1685
-3.8726
-4.0848
-2.5077
-3.5843
-3.1038
-4.6855
-6.6383
-1.4259
-0.8658
-8.9074
-10.8614
-11.2743
-18.5105
-23.3244
-26.4718
-22.3327
-16.2043
-9.7785
-5.7274
-3.7769
-2.4383
-0.1928
-2.0072
-2.3303
-4.6102
-9.4845
-10.4497
-10.0800
-4.0085
-1.5764
-3.5466
-5.0446
-2.8907
-0.2419
0.2392
-0.7949
-1.3730
0.4448
-2.7303
-9.1831
-9.3939
-5.4851
-7.8534
-9.7190
-9.5896
-7.8815
-6.6798
-5.1411
0.8784
1.2441
-0.5304
4.9558
-1.1731
-7.4650
-0.2569
6.8781
2.4814
-0.5668
0.9540
-2.1844
-6.7475
-10.8510
-12.1561
-13.2021
-13.8001
-4.9739
2.0206
7.5822
5.0331
3.3909
4.9149
1.0848
-1.2628
-11.6394
-16.3999
-18.7972
-16.9978
-11.1978
-1.9238
2.9591
-6.1261
-13.0380
-12.5245
-4.7844
-3.9877
-4.2388
-11.6635
-16.8139
-18.3356
-14.4367
-9.3541
-7.0358
0.3191
2.3854
-2.9763
-2.1916
-0.1856
-2.4127
-3.9636
-1.3614
-2.1833
-4.2574
-2.2618
-1.3363
-0.0187
-1.5049
-0.8923
1.2365
1.5089
2.8662
3.0094
-2.3121
-5.2339
-6.7736
-5.2800
-2.0661
-1.6468
-5.0614
-6.0698
-4.0014
-3.3788
-3.4283
-3.2285
-3.6341
-2.3747
-2.2272
-3.9005
-1.7841
0.4207
-0.5104
-2.2533
-6.8672
-5.4996
-0.2090
0.0686
1.5884
2.8412
2.8461
2.1960
2.6629
0.0964
-2.7123
-6.6063
-11.8284
-17.1882
-18.4497
-15.0133
-10.9147
-15.5274
-13.5774
-6.3600
-6.8135
-4.3259
-3.6428
-9.1296
-11.2380
-9.9211
-6.0427
-13.4186
-13.8138
-7.3635
-5.2540
-7.0871
-9.3189
-12.8960
-13.3178
-14.8085
-12.0411
-9.2470
-13.2225
-16.3087
-14.0512
-11.4493
-10.8050
-17.5837
-16.1805
-10.7481
-6.1199
-11.4924
-2.7505
3.4389
0.7383
-1.9478
-1.9005
-1.2804
-5.9784
-7.5290
-5.9424
-8.3119
-6.0807
-10.5370
-20.4062
-24.2473
-26.4056
-28.3448
-24.7349
-10.8393
-6.0699
-3.2159
-2.7296
-9.3481
-18.0027
-22.1340
-17.2843
-12.6665
-11.4576
-12.9122
-11.7592
-10.4740
-6.5367
-0.2803
1.0083
-1.5248
-3.8580
-1.2045
-2.7344
-5.4585
-5.5157
-4.8200
-5.7578
-7.0796
-4.0926
-3.0873
-0.2377
-0.1698
0.0933
5.2104
-0.1838
-6.7910
-10.2214
-12.7529
-6.3118
-5.9482
-3.9275
-3.1434
-1.8451
-1.8596
-1.2585
5.7559
-4.5861
-14.7842
-11.1390
-11.4907
-6.9691
-4.0189
-6.3852
-10.1817
-9.6395
-3.6837
1.3699
4.7477
1.3344
3.0401
6.3636
7.6203
4.4684
-2.0971
-9.3142
-9.4180
-9.2998
-11.6347
-13.2022
-15.5140
-19.7981
-18.4141
-16.4561
-13.6560
-16.3586
-20.1271
-16.7280
-9.6933
-9.2763
-8.3248
-2.6725
0.2288
0.8186
3.4579
5.1205
2.2703
-2.3695
-4.2010
-5.8406
-4.3990
-4.3033
-7.6622
-1.5424
7.3397
14.2384
22.6935
24.0032
17.9380
8.0728
1.9565
-0.2290
-2.8762
-2.0149
-4.5563
-6.7812
-7.3502
-3.5943
1.0965
-1.2514
-1.8324
9.9816
13.7926
9.0197
2.6501
-2.2721
-4.6532
-1.9004
-1.5946
-0.2180
-0.9732
-2.9633
-5.1205
-5.2810
-6.3653
-4.6377
-0.5692
6.7481
3.4655
-2.2738
-6.2584
-9.2897
-8.7890
-2.3117
-0.2574
-4.9800
-7.3262
-10.8118
-12.4409
-10.0296
1.5376
12.1421
10.1270
6.6313
0.7430
-6.4274
-3.9304
-2.4407
0.6347
-0.4685
-3.2014
-3.9235
-2.9026
-2.7122
-5.4354
-9.3526
-8.9351
-4.5620
0.3564
-0.8356
-3.7293
-5.4093
-1.0517
-2.3391
-6.5256
4.3156
10.3381
7.1400
3.3072
-8.9170
-10.7170
-9.4879
-6.7362
-1.9941
-2.9496
-7.0136
-8.1190
2.8548
12.0654
9.6127
1.4956
-3.4405
-4.7127
-2.5579
0.5506
-11.8772
-6.6023
-0.1967
0.2282
0.2328
5.4527
17.2708
16.6963
12.8324
8.0982
9.7006
9.3400
9.7260
10.8541
-2.2814
-12.8041
-11.5681
-7.0249
-3.8904
0.6918
-2.0838
-5.6879
-9.6184
-8.0599
-2.9909
4.4685
0.5368
-1.1541
9.2510
12.8913
4.6843
4.5836
2.2615
2.5192
6.5800
15.9825
22.2370
20.6868
19.1090
11.0043
4.2053
7.7643
13.7081
14.9914
20.0025
19.1185
12.9163
0.5234
-8.0788
-4.2734
-0.2963
2.3119
6.5885
-0.3119
-5.7589
-4.1388
-3.1783
-2.7756
-3.1547
-5.3670
-2.0934
2.2603
13.9028
16.5740
8.0496
-0.7799
-13.8754
-18.0964
-12.8151
1.0764
-1.1055
-5.7810
-2.2039
3.5150
8.1529
5.1216
-7.7684
-10.9065
-10.7619
-5.7781
-3.5454
-2.6105
3.0535
5.8145
3.7509
-0.4772
-10.6491
-10.3255
-8.3869
-11.5061
-13.4653
-9.7862
-6.3279
-7.2530
-9.6197
-16.1013
-19.9756
-19.9539
-14.8410
-9.3888
-4.5415
5.5835
6.1447
3.3689
-8.2297
-18.9356
-20.2320
-25.5489
-26.6922
-25.8294
-19.4692
-9.9712
-4.9738
-2.3812
-6.3649
-3.8222
-0.4027
0.6200
-1.5778
-1.9189
-1.4105
-3.1284
-1.9828
-1.0967
-0.8299
-1.8657
-3.5301
-3.5967
-6.1187
-6.5906
-7.4621
-10.6918
-11.3036
-9.0203
-4.4366
-2.7125
-3.2746
-3.6787
-3.8683
-2.6369
-2.1459
-0.4392
-1.4769
-2.6811
-1.4377
-2.0739
-3.2652
-3.3728
-3.4414
-4.2465
-3.7057
-4.3299
-3.5216
-2.6403
-4.0096
-8.3997
-4.8368
2.0573
3.7850
-3.1921
-7.2903
-6.6703
-5.4977
-4.0251
-2.4135
-2.7631
1.9011
0.1884
-2.9694
-5.3729
-1.0669
2.6029
1.4072
1.8664
4.8164
2.3629
1.5876
-1.9473
-2.8271
-2.8674
-6.2773
-3.0384
-0.5986
0.8544
-4.3354
-20.4608
-26.7634
-28.4593
-27.5503
-23.8456
-21.7877
-22.3793
-22.8232
-21.0227
-21.1335
-21.1046
-21.2646
-26.5177
-18.3594
-12.6118
-7.3005
-5.3395
-5.6464
2.9695
0.6956
-9.4530
-18.1259
-16.8246
-9.7188
-11.8391
-13.4728
-13.6098
-12.1511
-14.2254
-9.8837
-4.3375
-3.0420
-6.0904
-12.3706
-14.9344
-11.1622
-2.5737
3.8135
-0.3662
-11.1873
-15.4409
-24.8491
-29.2373
-30.0665
-27.5208
-31.9456
-38.3578
-38.7924
-37.3992
-40.2709
-39.1969
-26.5038
-8.9973
1.7768
6.1324
16.8205
19.9224
13.1633
6.5868
-0.9796
-9.3156
-12.0461
-11.2195
-9.1735
-7.0119
-2.4603
3.0312
5.0241
1.7155
-2.8275
-7.4594
-11.6956
-18.7943
-20.8711
-17.4375
-9.2563
-11.8907
-10.2791
-6.2046
-2.6622
-3.2116
-2.9100
-1.4216
-2.7951
-2.5033
-1.9921
-1.4976
-4.4357
-4.6383
-1.1086
1.0706
-0.3529
-1.3755
-0.9403
-0.7853
-1.8948
-3.5214
-3.9268
-1.2722
2.8331
-0.3860
-2.4749
0.2297
5.8762
11.8919
10.4832
7.7041
2.8332
-0.0958
-4.7296
-7.7410
-3.2646
0.9943
2.3938
1.2265
1.9470
0.2307
1.5524
0.7101
-2.1905
-3.4574
-6.9516
-7.4767
-5.2566
4.0614
10.6923
16.4838
19.0319
15.7387
12.4690
0.9958
-2.4905
-6.1735
-2.2213
3.7945
10.1483
14.0561
10.0897
3.5198
-8.0469
-12.3639
-9.4649
-5.8938
-6.1801
-5.8016
-3.2518
2.1727
4.6910
3.6952
3.3162
1.9649
-0.2000
-7.2252
-5.2764
-8.2588
-7.6092
-10.4214
-9.9037
-3.6984
-3.9863
0.1222
-2.3009
-2.9131
5.6500
14.2251
15.7804
20.3910
20.0133
16.7457
8.9215
2.5189
4.5800
4.9494
7.8973
11.8220
2.1120
-9.4898
-9.7356
0.5309
-0.4071
2.1906
1.8571
-5.3393
-8.7385
-8.3317
-2.9221
-0.4488
-5.1961
-5.4583
-2.7072
0.6640
1.9434
1.4329
5.6367
-2.5914
-2.8249
-3.8489
-0.3128
6.6378
4.6568
1.5565
-3.4164
-7.0496
-4.7959
-0.0886
-3.4702
0.2143
3.8215
-4.0768
-2.7413
-1.7171
-3.5742
-3.0037
-3.2668
-6.3504
-12.7262
-14.1975
-9.6028
-10.5866
-6.9750
-3.1482
-0.7021
-1.6869
0.0820
6.3916
6.9938
2.7073
2.3118
8.8329
12.2369
7.2552
4.4491
1.1508
-1.5931
-1.0247
-0.7427
-5.7951
-5.1481
-3.7446
-1.2008
4.3953
3.2169
1.9065
3.7093
5.7218
5.0394
2.9300
3.9212
0.8773
1.4416
1.9995
0.7968
0.6640
0.6391
0.7236
-0.8809
-1.7864
-5.7356
-17.2198
-20.2048
-10.8196
-10.7703
-15.3036
-24.0290
-30.8195
-30.4151
-19.6522
-10.7364
-10.0361
-10.1448
-10.9637
-6.8047
-1.2932
-2.6847
0.1635
-3.5239
-7.4242
-9.3616
-1.1031
2.5714
-0.7856
8.3325
11.2526
9.9112
5.4540
0.6725
-7.5897
-10.2046
-3.0509
-8.3981
-4.6148
0.7839
13.4878
14.0955
12.2058
14.0906
10.2189
5.4875
1.9599
3.2785
3.6703
1.3313
1.2492
2.7070
1.8029
-0.5678
-7.3263
-10.5860
-9.2018
-11.8418
-13.4441
-12.4094
-15.0339
-17.3339
-9.0655
2.0255
3.9988
-2.8414
0.9145
16.4489
8.2947
-0.2047
-1.5586
-5.0001
0.2965
1.9891
-0.9531
3.0169
5.8622
6.3200
3.4984
2.1302
-1.6440
-5.9816
-4.6299
6.5925
15.1956
17.8225
3.4120
-19.8271
-31.5397
-34.3847
-30.5115
-19.6123
-18.6647
-21.0927
-18.2646
-8.1628
-0.2740
-4.1968
-9.3360
-10.3440
-8.6632
-15.6830
-20.7666
-21.0287
-33.7812
-42.0004
-34.2859

Coefficient 13:
3.2774
-5.4871
-3.2190
-0.5119
-0.5508
-6.8398
-4.8354
-4.6125
-2.8029
-3.5740
-4.8438
-0.2177
-0.3197
-3.3793
-4.4001
-1.0240
-0.8587
-12.1386
-6.9333
-1.2851
1.3007
7.7940
11.1456
-0.2758
-4.9713
-6.6266
-2.4361
1.6714
1.8557
-0.9117
-0.6137
-1.6603
-11.4270
-18.5678
-16.6956
-16.6611
-10.9356
-3.2399
-2.2483
-2.3513
-6.2261
-13.4585
-11.9114
-4.6153
4.3300
12.6470
4.9131
-0.6277
-3.5088
-13.1897
-12.2220
-5.9180
-4.2597
2.4518
10.7799
16.1013
11.9938
12.8886
14.1287
14.1549
9.9927
5.9201
1.2017
-1.9261
-4.6579
-4.4037
0.4967
3.2958
8.7605
13.8602
10.3427
-3.0499
-12.8902
-11.8297
-9.6110
-4.8164
0.7702
-2.1548
-0.5487
-0.0960
-1.6027
-1.7782
0.4093
3.3020
-1.8974
-6.1029
-4.7308
-5.8807
-0.9752
4.6215
7.3167
8.8234
12.4107
9.3278
-1.1412
-9.6207
-12.6638
-11.5094
-11.4147
-16.3288
-19.6084
-10.0045
-8.8323
-10.3919
-11.4192
-5.1231
7.1512
7.8245
3.9491
-3.0786
0.2758
-2.2974
0.8184
4.6690
11.6458
19.2548
19.3632
19.4897
19.3506
8.9979
4.2256
-2.6373
-1.1755
0.6918
-3.9384
-4.3000
-6.5244
-3.8905
3.3519
5.0802
2.3803
5.9558
2.6509
6.9503
7.5482
9.3254
6.1000
9.3796
8.4759
4.5892
5.4619
5.3109
7.6292
11.9575
3.7152
3.7506
-3.9900
-1.0844
0.0792
-1.9773
-4.7871
-6.0551
-10.3297
-20.5907
-17.1093
-10.7951
-6.8147
-3.8147
3.0212
8.4267
6.0227
2.1289
2.1226
-1.1976
-1.8455
-0.1093
2.6259
5.8092
3.7141
0.9872
-1.2090
-4.6455
-5.0628
-3.9947
-4.8834
-2.6745
-3.9471
-3.7017
-0.6004
-3.3843
-3.2764
0.5218
0.7508
1.9867
0.8774
-1.9755
-3.2154
-0.8699
3.8922
9.0888
7.5787
4.7652
1.3380
0.4331
2.1822
-0.7673
1.4254
8.6037
8.7874
3.8605
-0.5616
-7.4560
-9.0642
-4.7802
1.9956
2.1359
-0.2907
1.0582
2.7324
0.6753
-0.6723
-1.7730
-3.1523
-2.4204
-3.7316
-5.2931
-0.4276
0.7611
-0.4847
-3.4196
-1.9352
6.4582
0.0181
-8.9522
-3.6374
3.4475
8.3470
17.0783
19.7073
13.7947
7.3781
-5.1944
-18.5952
-13.7863
-9.5862
-8.1025
-4.3159
0.0739
-2.7624
-3.7278
-4.2360
1.7491
0.9247
-8.2345
-8.3522
-4.8516
-4.1095
-13.5218
-11.4267
-12.8068
-15.2137
-13.8212
-11.7922
-4.5114
-4.1715
-5.2487
-5.5502
-5.3011
4.3949
-10.9220
-16.1785
-17.5387
-16.1716
-18.4536
-19.0552
-12.8175
-14.2582
-9.8600
-18.2846
-21.1546
-39.1788
-45.4541
-33.0472
-24.7690
-20.4259
-19.3480
-24.5414
-26.0685
-29.1981
-15.4807
-3.0225
-0.8357
-2.0974
0.4260
-2.7445
7.4849
10.9724
13.2555
10.8422
-1.8166
-0.6026
5.1964
6.3464
-1.3898
-6.5892
-6.5299
-0.9710
-0.6512
-0.0733
3.1250
3.5883
1.4554
0.3784
-0.5731
-3.6300
-4.0400
-3.6951
-3.6327
-3.0253
-2.6621
-2.5099
-3.4020
-2.3242
-4.1013
-5.7302
-2.4186
-0.0917
0.2453
1.8764
0.7727
-3.0345
-4.7817
-6.9316
-4.2846
-0.4888
-0.5280
-2.1842
-1.8419
-1.4813
-1.2384
-2.8828
-0.3165
1.4387
-3.2097
-9.1819
-13.2099
-5.8439
0.0534
-2.3576
-5.4390
-3.2133
0.2389
1.8087
0.8063
-0.2445
0.7329
-1.8727
-8.2238
-9.9367
-8.9367
-10.7489
-15.8068
-15.1353
-7.5784
-5.1356
-5.9829
-3.3624
0.6877
9.0393
17.9353
3.2066
-6.0732
-3.9605
-5.6708
-10.3174
-9.8712
-6.5449
-11.8751
-13.5065
-12.9231
-2.1794
-1.0680
-6.4557
-3.0831
-4.0772
-1.3007
-0.0193
1.9689
3.0601
-3.3277
-10.0750
-13.1910
-11.4374
-8.0555
-9.3173
-10.1076
-6.4119
-5.4992
1.7229
0.4930
-2.8977
-2.5620
1.9932
4.7933
0.0475
1.1433
2.4842
11.5229
14.4878
7.6604
7.1122
3.6274
-1.7555
-0.1951
2.8117
0.7797
-2.1895
-1.8563
-3.3033
-4.3215
-2.4153
-0.9446
1.8827
1.9464
-1.3665
-5.0536
-2.0662
4.8986
7.9067
0.3019
-5.5483
-7.8441
-4.1399
-0.7928
-0.3076
-3.7185
-4.9359
-3.4641
-3.6448
-4.7112
-5.2139
-6.1740
-5.1134
-3.2408
-3.0133
-3.5806
-3.1464
-2.6827
-2.5660
-4.4794
-3.6045
-0.9320
-0.0154
2.6694
2.0605
0.0348
0.3427
1.6432
-0.5240
-1.0062
-6.6448
-12.5654
-12.3804
-7.1420
-2.5704
2.3565
-1.2300
-5.2572
-5.8196
-9.6120
-5.7708
-4.4702
-9.8332
-5.0864
-4.0746
-3.7203
-1.9518
3.5385
6.7710
5.8576
10.9708
5.7192
-9.6973
-2.7193
4.6835
4.4143
4.9016
8.7782
10.6350
16.1592
12.6113
3.3187
5.5731
4.1337
0.7835
-2.2949
-2.8138
-1.8160
0.2082
2.3686
3.6904
4.9934
-4.4776
-11.0109
-7.5092
-3.8528
1.3601
4.8739
-4.2329
-16.6594
-20.3705
-23.5638
-25.0191
-22.9676
-17.1971
-11.2519
-14.1726
-22.5521
-22.1365
-22.4364
-19.4333
-13.1648
-10.9451
-10.6686
-9.8389
-9.0207
-10.2058
-7.9167
-3.6990
-1.5852
-3.1608
-4.1178
-1.1186
-3.2635
-5.5792
-5.6089
-4.9735
-5.0898
-7.8189
-5.7691
-4.8039
-1.8568
-0.2568
-0.1241
6.2185
0.3341
-6.2623
-5.6163
-5.5057
-4.5243
-5.9864
-5.4480
-11.5931
-8.0085
-3.8478
-6.5687
-9.6890
-14.5495
-23.0339
-18.5295
-14.6898
-15.8828
-21.1260
-14.3132
1.1504
2.3040
-0.9759
3.3717
6.1314
4.6472
3.4139
-2.5247
-4.3770
-7.9683
-6.4314
-6.0457
-3.7284
-4.8602
-3.2559
-0.8804
-5.1428
-8.4459
-4.0408
-2.6740
3.0678
5.1689
10.2351
8.8428
-5.1336
-9.4555
-6.0437
-1.4020
-1.1868
-4.3150
-5.1437
-6.4196
-5.9000
-4.0883
-1.3483
-3.2307
-4.8689
-4.4047
-7.2816
-7.0315
1.1002
7.1624
14.2984
16.4560
12.7906
5.5589
1.0796
-1.9107
-4.5515
-2.5812
-4.9685
-6.7651
-7.3782
-3.9598
0.8141
-2.1632
-2.2830
9.6055
13.0866
9.2459
2.5866
-2.0772
-4.7503
-2.7040
-1.8749
-1.3445
-1.7493
-2.7583
-3.9999
-4.3323
-7.5384
-8.8010
-2.0035
9.7630
6.1466
-1.0013
-5.4067
-9.3229
-8.5584
-4.0002
-3.0404
-4.6433
-5.4430
-5.1938
-3.7788
-7.6908
-4.9378
1.5097
-0.4366
-0.5038
3.7145
3.0410
2.1645
3.0463
-1.2979
-4.6717
-8.0046
-11.5383
-11.9571
-8.1922
-6.3029
-5.2843
-7.2145
-6.8239
-2.7290
-4.4447
-6.0197
-7.0437
-1.4152
-2.7479
17.8307
9.0144
-6.5717
-7.9949
-7.4126
-2.7680
-8.8062
-3.3789
-0.8033
2.2982
3.7144
-3.6634
-7.3346
2.2591
-3.0377
-1.0638
5.0651
4.1459
0.8739
-3.1059
-9.1656
-14.2388
-13.6018
-7.5368
-9.9154
-7.8240
-4.8226
-5.1974
-6.9131
-4.4255
3.2273
4.5485
1.9585
-2.2959
-11.1793
-4.4245
-2.6970
-6.3802
-15.4593
-17.2987
-12.0000
-10.7475
-7.4373
-9.4471
-14.4179
-14.9280
-10.5986
-10.2760
-11.5163
-10.5865
-8.7814
-9.2448
-4.5712
-4.8854
-3.4907
-1.2932
-9.8382
-16.9594
-24.3616
-21.1387
-14.1993
-14.4503
-15.7613
-22.1208
-19.8148
-16.7804
-17.7190
-18.3493
-6.5527
2.8774
5.9414
10.9933
11.3298
-0.4188
-1.3174
2.7921
4.8365
-0.0375
-2.8640
-2.6367
-5.3739
-2.7706
4.8777
-0.4673
-8.7344
-3.4760
-2.6636
-12.9616
-17.0673
-9.1529
-9.3200
-14.0187
-12.9164
-9.7917
-9.4531
-13.3417
-25.7828
-30.9607
-24.1092
-20.0222
-17.2925
-14.1471
-15.7363
-15.9614
-9.7722
-9.4768
-9.7690
-12.5727
-8.0695
2.3167
3.6701
-2.5313
-4.7187
-6.0949
-7.6397
-17.9389
-27.2022
-24.6061
-24.8867
-23.5878
-24.7047
-29.0792
-25.9009
-23.7506
-13.0662
-11.9726
-20.1153
-18.4336
-18.4510
-21.8080
-23.6866
-22.0344
-19.1606
-11.2892
-12.0399
-17.1734
-17.7928
-16.1792
-6.4759
-0.0895
-0.3271
-0.6581
-4.8561
-4.1726
-1.7912
-1.7913
-2.5642
-4.6256
-4.1257
-6.4826
-9.0824
-7.5811
-5.7632
-3.9989
-6.1330
-5.0477
-1.6945
-3.6386
-5.0010
-6.6323
-5.6543
-3.5353
-0.3554
-1.7898
-3.1796
-1.9675
-1.8776
-1.0462
-0.9061
-3.0233
-3.6932
-4.6095
-4.8784
-3.0762
-2.9470
0.5631
7.0828
11.1928
9.4836
1.0626
-1.4610
-1.5556
-1.6233
-2.2144
-4.5668
-4.3510
-2.4009
3.1114
2.5467
-1.0674
-2.4513
1.2040
4.1997
3.4002
7.4138
17.6932
10.6236
1.5816
-5.2434
-8.5136
-10.9567
-10.9173
-5.1138
-5.0961
-2.0578
-16.9163
-18.5953
-14.7874
-11.1498
-11.0967
-14.8678
-13.8955
-10.2592
-5.4318
-2.6536
-5.2784
-9.4467
-5.1152
-6.9032
-4.5785
-4.1343
-2.0025
-2.8657
-7.4801
-15.7003
-8.7073
-3.6350
-5.0886
-7.4263
-11.7094
-17.5293
-21.7142
-26.4423
-20.9499
-12.5455
-5.8232
-0.5106
1.6161
-2.7559
-10.1329
-13.5820
-2.6719
8.8244
9.4810
0.9928
-7.3773
-4.4929
-10.7073
-14.3387
-13.8071
-6.7755
6.7371
10.6414
9.3515
13.3816
8.1340
3.2859
3.3016
-1.3636
-5.2081
-10.2869
-18.3599
-28.2031
-35.9924
-33.1913
-26.5773
-24.1732
-27.2098
-31.5876
-31.0889
-28.5238
-20.4547
-14.9132
-15.1841
-10.8923
-0.5226
1.7356
2.4787
3.3987
1.8135
-0.0448
1.8255
-0.9155
-4.0781
-3.0682
-2.3988
-2.7847
-2.4458
-1.9370
-3.2881
-1.8223
-0.4542
0.5677
-2.5989
-3.1088
0.0866
-0.3994
-2.1484
-2.8076
-1.4398
-0.6068
-1.5897
-2.9352
-1.3923
0.4160
3.4781
0.5659
-0.9556
1.8668
9.0039
15.8890
15.7361
9.6215
-0.2437
-0.7439
-4.1662
-7.2220
-2.6352
3.2774
4.6270
1.8237
3.5489
1.7282
0.9172
-0.0799
-0.2368
-0.6553
-5.2256
-6.9890
-10.6010
-6.4176
-2.1953
2.1282
0.4552
-3.3861
-1.9244
-3.6099
0.7364
2.8769
10.8734
15.9243
17.0510
15.5158
12.4873
4.7855
-6.3272
-7.5750
-6.5600
-4.2645
-4.8091
-7.4854
-6.8193
-3.5170
-3.1730
-1.0656
2.1460
1.8446
-0.9190
-7.4206
-4.6660
-2.3777
-2.1940
-6.8860
-4.6294
3.5748
4.6090
5.2421
8.4673
7.3286
11.3493
8.6399
5.5978
4.2751
2.7404
1.5701
-1.8801
-2.3398
-3.1438
0.5849
5.8831
5.3959
-2.7866
-9.6932
-6.9660
-0.8623
-2.3358
2.5999
4.3704
-0.6147
-7.0426
-6.7695
0.5442
1.4384
-3.5073
-3.9838
-1.5442
1.4235
2.3804
1.6952
2.5590
-5.7025
-6.8082
-3.8550
-2.6823
9.7423
15.9769
18.0945
18.8873
12.3850
9.4672
7.6404
3.8299
4.9850
9.7195
8.3792
13.7696
14.9615
4.3020
2.3038
2.1605
0.6134
-3.7084
-12.0429
-19.4977
-18.9102
-4.2618
3.5875
12.5509
21.7976
18.1600
19.0175
20.0321
20.6456
25.3682
23.6196
17.1004
8.3123
7.0324
6.8502
2.9826
2.5187
-2.2082
-8.4555
-7.3871
-4.2788
-2.6979
1.3230
0.3284
-2.3086
1.3707
6.1820
8.4499
5.7688
4.7971
-2.3293
-2.3464
0.9825
3.5332
5.8520
2.2725
-0.8678
-1.3728
-4.6582
-8.0703
-16.3838
-17.6071
-12.0814
-4.6394
7.3250
11.6961
12.2577
12.2580
12.8118
13.2418
7.0230
-0.4924
-3.0173
-2.5750
-0.2242
1.2621
2.7134
-1.3787
-2.8285
-2.5336
2.7937
2.4529
-0.0074
6.4895
5.2226
3.7020
5.8217
5.2086
-1.1148
-5.9712
-3.0992
-0.8309
0.2175
7.5594
11.0299
9.2683
13.3285
18.2874
11.2556
6.8403
4.8639
6.8627
1.9429
-2.3335
4.0720
3.3479
2.0186
5.7665
0.8494
-6.0147
-9.3734
-8.9895
-2.4700
-3.4964
-0.2062
-0.2758
-1.0897
-2.9791
0.0512
-3.6698
-10.5786
-1.1137
2.6878
1.2145
0.0991
-6.4892
-6.5413
-0.6881
-2.0758
-1.1405
2.7241
13.2311
2.8910
3.2175
10.9943
9.1249
7.0487
10.8542
8.9071
1.1829
-7.5361
-4.6630
0.5617
1.8775
-7.9120
-4.7800
-3.5003
-8.3207
-14.9399
-17.0283
-17.9179
-19.4016
-22.6605
-27.2575
-25.8460
-26.8121
-30.5565
-32.8261
-34.3082
-24.2230
-4.7994

Coefficient 14:
3.0755
-4.2092
-5.8243
-8.2773
-12.6684
-6.7954
-2.6389
-2.4676
-1.2870
-1.5995
-5.0237
-0.1730
-0.1341
-3.6142
-3.7353
0.6443
2.4235
1.1053
2.8605
-0.8703
2.9962
13.5295
16.3176
17.1749
15.2763
11.1347
8.4062
3.1181
1.6273
0.4638
-0.2647
-1.2558
-2.6284
-2.4803
-5.1099
-8.0724
-5.6915
1.8181
3.1612
5.2316
-0.0028
-5.7591
-7.2249
-10.1246
-6.9978
0.5002
-1.0836
-3.3615
-6.0978
-4.6631
-1.0207
3.7542
5.7501
2.9539
1.7624
7.7908
15.0545
16.2311
14.1748
16.2739
14.7198
10.3794
4.5977
-0.2252
-3.4314
-8.9111
-8.2873
-10.5318
-5.3179
-3.1181
-2.8876
4.1075
13.7212
8.9626
0.6417
1.9231
6.7133
6.8280
3.7081
0.2132
-6.2240
-10.4970
-9.7167
4.7766
16.6243
16.8242
9.7943
3.0199
3.9851
11.6537
14.4098
13.1236
3.6179
10.4270
13.8166
14.9864
15.0003
12.4886
13.1631
14.9850
8.9495
-2.0378
-3.5463
-3.1189
-5.9333
-4.4413
3.2055
7.4677
4.7215
3.1238
6.2411
0.1867
-6.3633
-11.2740
-8.5035
-2.4377
3.8595
7.4961
6.8599
7.3652
1.7339
-1.4160
0.4616
1.4364
0.9584
6.2456
-0.0954
-9.5883
-8.5892
-1.8287
10.9206
21.0865
19.8667
17.7383
19.1154
28.0074
27.7159
18.1007
9.5811
4.4369
3.1450
-2.4046
-7.8570
-2.7797
-4.2887
-0.1013
-1.4536
3.7406
3.3116
-0.9080
-6.8407
-1.1996
11.8756
11.5759
0.3384
-10.4985
-15.5904
-18.6491
-24.6516
-24.2653
-20.0267
-19.5321
-22.4042
-18.1236
-9.4406
0.0947
3.0427
3.8341
0.6837
1.2762
-0.5777
-5.0194
-4.5734
-3.7099
-4.1400
-1.3624
-3.1182
-2.9049
-0.2885
-2.9156
-2.6550
1.2133
1.8047
2.8276
1.2390
-2.3467
-3.4147
-0.3585
4.9500
10.0358
8.0844
5.7284
3.5490
1.7600
2.2837
-1.4127
1.0063
6.2426
6.2534
1.7233
-1.2841
-7.1372
-5.3874
-0.1088
3.5538
2.7233
-0.5022
-0.4187
1.6419
-0.3157
-2.1413
-3.2648
-3.2536
-1.7660
-2.3714
-4.1708
1.3721
3.1203
0.8159
-2.1342
-1.6604
1.9495
11.5696
10.2971
13.8711
11.8283
3.7233
-9.6055
-14.0551
-13.2800
-7.0572
14.9756
18.7214
17.7058
11.9168
8.4653
6.3687
1.5004
1.2859
0.5906
-4.4373
-9.7221
-3.1502
0.9528
-0.5324
-2.9971
4.0779
3.0631
0.9418
2.0283
3.0555
6.6733
6.7190
2.8807
-2.4679
-8.1739
-6.6944
-7.1753
8.5355
9.2359
6.3709
2.4264
0.0402
0.5256
3.4055
-3.3814
-8.9327
-4.8981
-5.6419
-1.3891
10.3514
17.3596
13.2136
12.4396
14.0958
17.9859
17.1833
13.2889
2.3440
-1.3025
-5.1900
-3.7742
-3.2679
-1.4162
8.8730
14.2782
6.3794
3.4842
6.2688
8.4815
10.4934
9.2200
5.6753
0.1180
1.0404
0.7716
4.2352
0.8867
0.8087
4.0705
1.7282
-1.9548
0.0617
-0.5407
-3.8013
-3.0960
-2.9742
-3.5391
-2.2377
-1.6771
-2.3365
-2.9095
-2.0620
-2.7966
-3.6122
-2.7815
0.3888
3.7303
8.2876
7.6328
6.5039
8.1882
8.8807
12.4101
13.2536
8.0187
2.3073
-1.0352
-3.0036
-5.1525
-10.0166
-13.9888
-11.0909
-11.0695
-13.8681
-12.0999
-5.6745
0.9604
-2.5826
-5.9663
-6.0639
-2.1869
1.4525
1.6697
0.7129
0.1668
-0.7718
-4.4528
-6.9374
-8.2641
-7.6475
-12.8766
-13.7181
-4.4821
-2.0739
-5.5889
-6.9025
-3.1376
1.5843
10.6768
11.9394
5.2470
9.7119
5.3636
4.8802
1.7814
-1.5668
2.9435
5.1796
7.7054
5.9773
1.8241
-1.3686
-0.8482
-5.3090
-6.7488
-1.7659
0.4937
1.5688
-3.3984
-12.0643
-19.6137
-18.4873
-7.2460
-3.8301
-7.6239
-8.6295
-6.7151
-0.8262
-1.3258
-4.8044
-2.3065
-3.5200
7.3147
9.8999
16.5898
18.3389
22.4775
24.5387
13.5456
4.8672
2.2683
0.5381
2.0362
2.6299
1.0429
-0.9041
-2.9645
-4.4890
-3.5530
-2.6797
-0.6859
2.9914
-1.2705
-5.4480
-7.6481
-3.5105
2.9877
7.1030
1.6223
-5.6760
-8.4403
-3.3688
-0.9039
-1.1111
-2.6192
-4.6997
-3.7700
-3.0651
-4.2905
-5.2419
-7.1792
-6.6189
-2.6246
-0.9688
-4.0625
-4.1477
-1.5798
-1.7323
-2.2681
-2.1460
-2.3643
-0.9401
2.5825
0.0905
-2.9046
-2.0599
-0.2022
-2.4962
-5.4578
-13.2434
-15.0389
-6.0671
0.4022
-2.6314
1.9741
4.9338
-1.1381
-5.7430
-9.8942
-7.9229
-6.3467
-9.5298
-15.1424
-12.3437
-7.6724
-4.9123
-8.6161
-7.7878
-2.4237
-1.2381
1.3633
-0.4348
-0.3103
6.3337
11.2517
11.0173
4.7896
-2.9901
-5.5296
-2.8284
0.1779
5.7443
8.9858
6.9809
6.1401
3.6162
-7.8221
-14.9340
-13.7713
-9.5681
-1.7998
5.2703
14.0162
16.0309
8.7757
3.4039
4.1440
15.6576
19.8253
19.1014
10.0299
8.8308
10.0419
11.2521
15.0003
18.0617
16.7446
13.0500
4.9382
-1.1253
-1.8596
-1.0121
4.9354
-0.7417
2.3958
1.3705
-2.4966
-4.6031
-2.9767
-4.2294
-4.2103
-1.2712
-3.5878
-5.2200
-5.2186
-5.1689
-4.1033
-7.2372
-6.6942
-4.8095
-1.2817
0.0519
-0.2642
6.5792
1.7385
-3.8815
0.4000
3.4331
7.8082
7.7388
9.7932
3.0257
0.0263
-3.1799
-4.3339
3.5179
9.2467
1.2925
-2.7969
-8.0235
-8.2413
-7.3489
-7.2012
4.1667
5.2158
-1.5153
-1.8188
1.5101
4.2016
3.0607
6.5522
10.6678
6.5976
4.0272
1.7574
6.8638
11.1800
5.3967
-8.0489
-8.9518
-2.2448
6.3899
8.3729
11.2761
16.6996
19.5659
15.6634
8.9960
9.5844
10.7948
3.7824
-2.1764
-0.1273
1.2811
4.0507
4.7571
0.6606
1.7924
1.0884
4.1482
3.7292
-1.2921
-10.5393
-9.1440
-5.3807
-1.5143
1.0313
0.3527
-1.3579
-1.6464
-2.9115
-4.3113
-2.6126
-3.3310
-4.9363
-6.2540
-4.1551
0.3507
-2.2831
-1.8957
7.2762
10.7709
9.0841
3.5893
-0.0869
-3.5096
-3.3358
-2.6583
-4.1362
-3.6248
-2.0209
-3.1467
-5.5203
-8.6489
-10.5359
-2.3468
3.3169
1.7082
4.9402
5.3395
-2.7983
-3.7286
-2.7515
-3.2237
-2.1337
-0.6470
1.6806
1.5107
-5.2490
-11.1446
-13.3865
-16.7439
-10.9122
-0.2711
-1.1966
-1.9776
1.8541
4.2824
1.1739
-9.7623
-17.1648
-16.6931
-8.5495
-0.5684
3.6926
-2.7022
-6.9059
-5.2243
-6.6794
-6.1940
-5.2653
1.0753
-0.8737
27.7603
37.4788
29.4686
23.2000
23.2563
19.5552
25.2996
27.9687
26.4382
28.0717
21.4939
9.6433
8.8744
17.9896
15.1259
8.0804
12.1455
12.7502
12.8950
12.2606
11.7037
18.2830
13.6479
6.3683
-2.2393
-3.5211
-1.1905
-3.0897
-0.2319
0.2997
-3.3725
-11.3541
-15.5882
-18.2598
-9.1470
0.0181
14.4560
20.1044
17.1607
18.9482
25.3169
24.4863
22.8783
23.2648
24.1423
21.6687
20.6483
20.6116
22.0331
15.2445
9.4970
10.1836
10.6344
11.4918
4.2840
-0.2930
19.1374
29.4443
31.0293
32.3737
22.6049
13.1965
12.7062
31.1428
32.2148
26.8918
28.4888
27.9969
21.8757
19.0333
15.8599
9.8472
7.3326
0.6410
-8.6951
-9.2161
-5.1172
-4.0780
-3.8175
-4.8342
-5.2269
-3.4496
5.2789
18.2066
26.3184
27.0414
22.9959
16.1593
10.5495
12.8171
8.0963
6.6568
15.9497
21.2340
17.9732
11.9523
17.3256
23.8550
16.7175
8.2187
5.6129
-1.9756
-10.3868
-10.3044
-5.1625
-4.1470
-8.0126
-9.8535
-11.0663
-7.2444
5.2825
4.9364
3.8846
-0.0363
-5.3370
-5.6249
17.4810
19.9134
21.6195
21.2485
14.6287
8.8673
10.3712
11.6985
10.4874
3.5167
0.8125
4.0842
5.8397
5.1709
3.7684
-2.9461
-8.7924
-4.7728
-2.5996
-0.0718
5.0922
5.4715
3.3791
1.4676
1.1128
-0.1237
-2.4044
-1.7048
-2.0294
-2.5978
-2.8812
-5.1148
-4.1562
-3.6702
2.8222
6.4120
9.2513
6.6897
-2.2446
-5.0068
-1.5552
-3.9981
-5.7090
-8.4907
-8.3925
-5.2888
-0.4843
-2.0025
-3.7140
-2.4505
-1.8960
-0.5270
0.5227
-1.9883
-2.6607
-4.5301
-4.9548
-2.4472
-2.6782
-4.8393
-7.8093
-6.6213
-2.0627
-1.0741
-0.4439
1.5859
1.6575
0.2804
-4.4677
-5.6718
-4.9386
1.7165
3.6774
0.5728
0.4333
3.2614
5.5801
5.0149
3.8553
9.1174
17.8853
9.5865
3.7583
1.3209
-0.3917
-0.7333
-1.4794
-0.5453
0.2318
6.4409
7.9222
2.5343
-3.0112
-10.9366
-22.1355
-27.2243
-28.6016
-26.4466
-25.7617
-22.8257
-22.4083
-20.0486
-16.3096
-19.5976
-24.0507
-23.7266
-19.9847
-12.8989
-5.7245
0.4293
3.5912
0.6447
-1.1143
-1.3273
-2.2418
0.1875
0.8421
-1.0119
-6.8901
-10.3899
-9.8502
-10.6097
-10.1646
-6.9945
-3.5751
14.0224
24.3040
22.4874
18.1129
17.3672
16.9655
14.3156
11.5360
9.1389
10.5494
13.0346
10.9816
4.4732
3.5597
8.5827
15.3110
20.0402
17.7385
20.8947
26.4684
22.1944
19.5977
18.5582
13.6488
11.1682
9.3451
5.1115
8.5848
10.0096
14.2948
21.8756
23.7012
17.1804
11.9111
11.9454
5.1106
2.7073
7.4262
0.7890
-6.2722
-6.5176
-3.4598
-1.9064
-0.9657
-1.9934
-2.1287
-1.7383
-2.1054
-3.2047
-0.7172
1.4223
2.3089
-0.4620
-1.2058
1.2765
-1.4242
-3.2732
-2.9621
-1.6834
0.1107
-0.3892
-1.2018
1.5595
3.2895
5.0331
1.2563
-2.4163
-2.2384
2.2875
6.8098
8.4958
6.5658
4.1968
7.9706
7.3883
8.1859
8.7650
13.0179
13.5255
8.4649
5.1103
2.2494
0.2353
-0.8771
1.8856
2.1705
-1.8902
-5.0016
-7.8763
-7.8673
-6.7294
-2.8351
-4.3979
-8.1687
-7.2440
-2.8980
2.7479
6.2465
11.0626
12.6306
11.4281
5.1047
2.7628
0.8856
-5.2169
-7.1787
-6.1654
-2.5268
-2.5105
-4.3790
-5.0603
-4.8014
-4.9238
-2.3366
0.3028
0.6590
-2.0699
-7.2825
-4.4371
-0.6748
4.6478
6.2851
3.8292
0.3407
-3.7960
-3.3918
-0.4683
1.1409
5.2771
0.8471
0.4841
-3.3912
-4.2891
-0.3667
-2.6105
-9.8564
-16.1698
-14.7322
-11.0575
-13.3559
-17.3609
-17.7128
-13.5930
-7.6818
-7.5914
-2.4760
-0.1181
-2.6597
-6.4091
-4.7168
2.5221
2.6232
1.4252
1.2993
2.3104
2.3002
4.3738
3.4324
3.2219
3.5642
1.1536
0.9923
2.3289
1.8783
-1.3331
-2.6308
-4.0486
-11.9265
-17.3906
-18.8005
-18.9478
-13.9194
-8.9608
-8.6156
-5.9934
-6.1621
-10.0149
-7.0943
-3.4744
-2.8390
-0.0667
-4.9489
-4.2071
-6.1955
-4.8229
-2.9487
-1.3910
-5.0838
-15.8940
-19.5316
-11.8550
1.2869
8.9607
10.8359
9.9205
6.6251
5.2485
6.7412
4.0167
-0.2970
-6.2206
-10.1182
-7.9155
-3.1252
-2.9813
-2.0845
-4.6470
-6.7378
-0.1818
8.7105
9.7868
4.6532
3.2788
-4.9822
-7.3782
-0.4988
6.1485
8.5331
1.7328
-2.7401
-0.3249
-5.4299
-9.5678
-13.5272
-10.4522
-12.1040
-12.1207
-12.0991
-16.7845
-15.2558
-8.6579
-0.9802
-0.2758
4.8275
-0.6885
-5.6622
-2.3007
4.5866
3.7820
1.2189
-4.7977
-6.7884
-3.8614
-1.8323
-4.6715
-4.1590
-1.1666
-4.0384
-1.4914
7.5097
8.7163
4.4951
-0.0015
-1.9631
-1.9722
-11.8861
-13.1337
-7.5022
-12.5860
-13.3262
-15.8551
-21.3687
-20.3255
-17.0400
-16.5949
-11.9628
-5.7598
-1.8105
-0.6924
-4.5899
-4.7666
3.0490
-2.4378
-9.9757
-18.8170
-15.8379
-14.8908
-9.4840
-11.2893
-13.5217
-23.0439
-26.8196
-17.9186
-13.4361
-8.4058
5.8765
10.2459
6.7144
-5.1444
-7.0954
-5.7063
-3.9772
-1.8908
-6.4344
3.1128
5.8111
4.6242
4.9319
6.5085
2.7171
6.5669
5.5042
-4.6573
-7.4368
-10.7764
-15.2149
-13.6560
-10.0105
-10.9896
-12.2592
-11.5288
-19.4650
-20.4298
-11.6347
-10.8441
-13.7035
-21.1648
-15.8689
-14.0473
-17.1982
-20.9789
-19.3713
-5.0771
5.4105

Coefficient 15:
2.8728
-7.9610
-12.5427
-16.2395
-17.5069
-3.1995
-0.0969
0.8054
0.5199
0.9607
-2.6715
0.1512
1.6554
-1.8815
-2.9715
0.7115
7.0897
16.2231
10.9763
16.4071
18.1614
9.0055
-14.0691
-23.3547
-18.1921
-4.5696
3.2761
-2.6040
-0.5551
1.2717
-0.4243
-0.8368
9.6705
13.0908
6.1977
0.0955
1.6501
3.8401
1.7254
4.5081
1.5710
-9.2784
-8.9584
-7.5072
-4.5641
-6.8952
-15.5154
-14.7799
-6.5989
-0.4681
1.6748
-0.5018
-0.4321
-3.5873
-3.6439
-1.7533
0.4565
-0.0471
-5.1668
-1.8703
-2.3651
-1.8774
1.5410
0.3746
-2.5489
-3.4431
-1.3567
-3.6272
-9.6536
-14.1035
-9.9894
6.2958
-0.1069
-5.6355
-10.8836
-7.6076
3.3134
3.2135
3.0015
5.1842
6.5276
6.7901
1.1836
-5.9723
-9.9012
-12.9594
-11.6496
-5.8216
-9.0001
-19.1610
-26.9707
-25.9019
-21.9266
-22.1950
-30.7722
-34.6084
-30.6237
-30.1437
-25.8530
-18.7457
-10.7500
-1.1610
1.6355
2.7607
6.8697
10.6374
6.0230
0.3598
0.2897
-6.7818
-14.2317
-16.7431
-18.1456
-16.5098
-13.3072
-14.2063
-18.4942
-26.5350
-30.4211
-15.4500
-8.6371
-6.0647
-0.0349
4.7144
7.6194
15.8455
10.1783
6.5544
10.1229
11.9089
-0.6784
-8.0078
-5.2158
-3.9510
-5.3721
-1.6340
-2.5663
-6.3843
-12.3124
-10.0386
-4.9146
-8.4137
-12.9407
-9.3688
-11.2552
-8.4899
-13.5827
-13.6735
-11.1306
-10.8437
-13.9232
-14.7981
-16.6892
-16.5616
-19.9610
-19.4378
-11.8253
-5.5875
-4.3958
-5.2769
-8.9006
-19.4650
-25.8675
-28.0302
-25.8469
-17.2673
-14.2879
-6.5221
-4.9732
0.6190
0.1478
-3.9934
-3.0363
-2.8402
-3.0639
-0.3455
-2.7516
-2.5146
-0.3481
-2.5135
-2.1918
1.2945
2.3586
2.8003
1.0608
-2.8720
-3.4239
0.1279
5.5089
8.9952
7.4753
6.2295
5.4922
2.6197
1.7273
-2.0261
0.3685
2.4651
3.1397
-0.6423
-2.3257
-6.4539
-0.8351
4.8410
4.9651
2.4120
-0.9317
-1.5192
1.6845
0.7391
-3.1431
-4.2860
-3.0394
-0.8421
-1.7288
-3.5002
3.5066
7.4236
3.6723
-0.3423
-1.6015
-3.8475
-22.7468
-33.5158
-32.7571
-29.2968
-22.4620
-12.3627
-9.0067
-10.6801
-5.1516
1.2157
-5.0981
-10.5131
-13.9454
-13.1498
-12.7182
2.6966
3.4454
5.2559
9.2178
8.8142
-0.4652
-0.7963
0.0653
-2.8119
-5.0936
-10.6798
-12.9874
-12.9999
-11.0725
-14.9685
-25.0836
-20.8513
-17.3894
-18.8775
-16.7975
-20.0571
-2.8350
-10.0454
-5.8938
-7.1542
-5.8391
-5.5301
-11.2306
-11.9836
-9.7188
-7.3753
-7.1999
-6.6929
-2.9614
-14.5872
-18.3817
-17.9713
-21.0971
-19.4491
-17.2233
-19.1874
-19.0439
-6.0918
-2.0762
0.7428
-2.5141
-2.9726
6.4568
16.6684
12.8666
5.7045
4.6158
15.6269
29.9395
28.3319
18.2270
8.8624
9.4391
5.6279
3.9642
2.4792
0.9538
4.1235
5.0222
2.2499
0.2134
-1.8296
-3.5563
-2.0086
-2.0754
-2.9715
-1.5612
-1.5714
-2.1978
-2.2874
-2.1015
-1.0335
-1.4900
-3.3123
0.1148
6.9265
10.4431
8.3578
6.7670
9.9329
11.8126
12.8951
12.2007
8.4942
4.2404
-0.4276
-3.7012
-2.8334
-4.9160
-4.9480
-0.4825
0.0120
-3.9225
-2.5963
0.0667
0.4541
-4.0348
-5.8519
-2.6456
-1.0900
0.3772
1.0691
1.0674
-0.7802
0.2494
0.8060
-1.3444
-4.0423
-0.3114
-1.0545
-3.1442
1.4526
0.9278
-3.8199
-8.0611
-8.4922
-9.4578
-9.0154
-14.9774
-14.4856
-7.7161
-1.2447
5.2422
3.9253
2.3922
-0.8658
-3.2244
-1.8999
-1.6775
-3.8639
-9.6768
-13.1970
-9.8572
-5.7656
-8.1988
-11.1856
-10.2707
-11.1567
-1.0215
8.3002
8.9463
7.5125
1.2495
-7.4842
-16.9946
-13.4907
-2.1560
3.3947
-2.6656
-11.3767
-5.7631
-1.5455
0.5797
1.1068
1.1619
7.3975
13.0504
6.0282
5.4957
9.6245
7.1433
4.2401
1.1699
-0.4055
-0.2964
-2.8624
-3.9190
-1.9376
-2.4850
-0.3301
3.5741
-0.0106
0.7196
0.6255
-1.2107
-1.0789
1.8287
0.0866
-6.3126
-8.1313
-3.3804
-2.2731
-2.6706
-2.5506
-4.4809
-3.1278
-1.3201
-2.7810
-3.8726
-6.2399
-6.3636
-2.0682
0.6121
-1.0898
-0.9651
0.8945
-0.6676
-1.3299
-2.4658
-4.0934
-2.1890
1.4567
-0.3012
-3.0088
-3.2328
-2.0398
-3.1702
-1.7548
-6.6139
-6.7685
-5.4707
-6.7527
-9.6345
-1.1340
7.6478
4.7506
-2.7262
-8.1429
-9.2295
-6.5567
-6.2561
-6.7163
-8.2550
-8.3524
2.1339
8.3149
10.1590
3.9631
-9.3577
-8.6723
-8.8828
-11.2774
-14.6546
-17.6740
-14.2559
-12.3747
-11.5247
-13.7586
-9.0089
1.8500
-3.1662
-6.7820
-5.2494
-4.3611
-4.3669
-7.9325
-14.4951
-20.1659
-20.6589
-28.1331
-31.4695
-33.0826
-33.3925
-29.7977
-20.6213
-25.0230
-28.1862
-22.8517
-14.6842
-13.8709
-14.2073
-15.9998
-17.7267
-16.4939
-10.0760
-13.5158
-12.5332
-13.9680
-14.9287
-16.1230
-15.7524
-7.8246
-1.3177
5.5975
4.8993
1.6645
-4.3031
-3.0948
-4.8423
-4.2568
-1.5999
-3.7063
-4.6184
-4.3841
-4.8123
-3.4885
-5.9068
-6.1506
-3.4855
-0.2871
0.4769
-0.2390
5.9223
3.9509
-0.4025
0.0407
-3.1982
-5.4320
-6.7216
-1.9666
-3.8903
-6.5173
-9.9808
-8.4266
-0.9658
11.9001
9.1327
0.9609
-1.0915
0.8245
-0.2262
0.1128
-3.4486
-5.6182
-13.4565
-11.2690
-10.2211
-10.7447
-10.1569
-7.0413
-12.9652
-13.5399
-15.3105
-14.0110
-8.8025
-6.8095
-7.4442
-7.8546
-3.3809
-1.5155
-3.8555
-13.1999
-17.1907
-12.7675
-10.6804
-3.1261
-5.7020
-8.3412
-7.1748
-6.7875
-5.7218
-0.1762
-0.6714
-3.3412
-3.3505
-3.3852
-1.5853
-3.0158
-2.5672
-3.1077
-4.8089
-13.2814
-11.4428
-9.0883
-9.8975
-8.9770
-7.6563
-6.7027
-4.6529
-2.6485
-2.2367
-1.3658
-0.0604
-2.4968
-4.5877
-3.7942
0.0247
-2.2364
-1.7296
4.1782
7.6067
8.5955
4.9218
1.7278
-1.8884
-3.7071
-3.9054
-6.1211
-3.9997
-0.3575
-2.2239
-7.6769
-9.9243
-9.9234
-1.5049
-0.2416
0.2051
8.5677
10.0878
3.9593
2.8727
2.8427
3.9266
4.1248
4.9255
3.4430
0.4658
-3.9618
-11.3413
-15.0333
-15.4419
-9.8140
0.4757
4.3286
5.8457
7.5336
10.6660
4.7618
-4.7180
-8.1824
-7.0655
-4.4293
0.3891
5.5791
0.4292
-4.9182
-6.7291
-7.3420
-6.3123
-4.0673
3.7024
2.3426
-1.8459
-7.6008
-9.4569
-16.1446
-17.7863
-10.5931
-9.8608
-3.5261
0.0721
4.2210
-0.2464
-6.6870
1.7190
4.0358
5.4893
4.8281
8.0504
4.3425
-2.5443
-6.8747
-5.3420
4.3972
5.7907
0.9420
-8.5025
-9.4621
-9.8743
-8.4571
-2.9176
-0.2481
-0.3735
3.0613
8.6481
8.1747
-1.9201
-9.9960
-12.8940
-7.7146
-3.2756
-4.1955
-10.6368
-17.1600
-17.3756
-11.7970
-8.8417
-6.3144
-3.3107
-1.4621
-3.4336
1.6158
3.9647
-1.1037
-4.7274
-9.7609
-11.9574
-2.9347
-8.7874
-16.6770
-15.8816
-12.1370
-4.5005
1.5306
5.3540
-6.1698
-20.4119
-23.6166
-18.5232
-13.3887
-3.8110
-2.3185
-2.3889
-4.3351
-9.3963
-8.5081
-6.4388
-2.0145
0.6241
-1.7110
-5.0980
-5.8792
-4.7879
-4.0283
0.7444
0.3239
1.3903
10.1560
3.8878
-1.0367
-1.2480
-7.4365
-9.7231
-4.0241
-6.6256
-6.5574
-7.8974
-9.9732
-2.0282
7.8483
0.3297
-8.2493
-9.0204
-8.3946
-7.5523
-9.4583
-11.7749
-5.3908
-1.1863
1.3170
-0.7265
2.8816
-0.3745
-5.6126
-10.6791
-15.5879
-16.9596
-16.9004
-23.1613
-21.4170
-22.7038
-25.8493
-25.2420
-26.5350
-26.9076
-24.1343
-19.9248
-14.0262
-12.5694
-11.2780
-8.6196
-4.4576
-0.3917
2.0021
-1.3078
-4.7291
-5.6404
-5.4734
-0.3102
-3.0099
0.1358
1.5705
1.9839
-0.0279
-5.0775
-4.6389
-2.9070
-3.0280
-2.8325
-4.8759
-3.7459
-2.8000
-5.7024
-8.7382
-6.2384
-1.7432
-3.6915
-4.6077
-2.4629
-4.4120
-5.1724
-6.9201
-7.3241
-4.8815
-0.5162
-1.8339
-3.3619
-2.4109
-2.2775
-2.0850
-0.0994
-0.8665
-2.0618
-4.2096
-4.3570
-1.8636
-1.9232
-4.3283
-3.3477
0.0904
-0.2209
-1.9233
-1.6410
0.5675
1.7211
1.1669
-3.8023
-6.2950
-5.9653
-0.7202
3.2495
1.2786
2.4462
4.5065
6.3833
5.8698
8.6521
1.6046
-5.3174
-10.5357
-15.5574
-17.4438
-19.0464
-18.0719
-11.3270
-8.3380
-3.3598
-8.0600
-16.2471
-13.8694
-4.0257
1.5018
0.3423
2.3672
0.9063
-3.4420
-7.6868
-10.6853
-14.8890
-13.7976
-11.9480
-11.6461
-13.0003
-8.3667
-5.8857
-3.3154
-6.5374
-16.4934
-21.3302
-20.9853
-17.5151
-16.4953
-17.7224
-22.1467
-20.1103
-19.1840
-20.6016
-14.4255
-8.1398
-9.1772
-9.1639
-4.5477
0.3463
-0.3884
-18.2869
-19.8722
-20.8871
-15.9489
-16.2899
-12.7981
-13.4744
-18.7796
-20.5956
-16.2443
-13.4733
-11.4160
-10.6001
-10.8920
-7.5200
-12.0014
-17.9390
-25.1140
-21.4441
-22.0299
-23.3485
-19.9472
-19.1277
-19.5626
-20.0056
-20.7950
-20.8257
-22.4885
-22.3931
-24.4150
-23.3049
-27.1470
-24.9241
-19.3515
-9.2533
1.0492
-0.3022
-9.8574
-12.7616
-13.9997
-10.4618
-7.5746
-4.1574
-1.7129
-1.4981
-0.9976
-2.0017
-2.6789
0.3663
2.6053
3.5063
1.5809
0.6247
1.4144
-2.2819
-3.6893
-2.3016
-1.7621
1.1985
1.3740
0.6068
2.7568
4.8141
6.1642
1.5493
-5.1794
-6.8739
-4.4675
-2.3559
-1.0290
-2.0960
0.1046
-2.2992
-5.1908
0.3216
2.2907
7.4540
8.3381
4.8536
1.9912
1.3209
-0.3801
-1.7600
3.4087
4.5763
2.0885
-2.1885
-6.8283
-9.5877
-2.9829
3.4589
4.7419
2.4634
-0.3268
3.6239
8.7142
9.8735
5.7372
0.7570
4.1599
1.5231
-1.9841
-3.0629
-4.7510
-2.3624
-3.0420
-1.5337
0.0807
1.7043
1.5237
1.1309
0.4078
1.9440
0.5096
-0.6165
-2.8357
-6.6096
-3.9668
-3.0089
0.7343
2.1525
-4.3324
-8.1106
-10.4988
-8.4012
-4.9592
-1.0240
7.0681
11.5298
13.1936
6.5891
3.2429
10.0165
10.2425
0.8409
-9.3206
-7.8228
-8.6184
-13.8476
-13.0221
-10.2035
-8.1446
-6.3767
-6.9772
-4.6699
-2.7722
-4.0914
-4.6129
-2.9108
1.8230
1.6849
4.9450
4.8339
5.8280
4.5215
7.1405
5.0613
5.5924
11.8655
14.0784
11.9054
12.8660
8.5170
1.9728
-2.4272
-2.9852
-3.7769
-5.8689
-7.3611
-12.5113
-17.3614
-17.3827
-20.2433
-20.8666
-18.6321
-13.8052
-5.4747
-0.0346
0.8972
-6.4002
-14.4446
-19.4441
-22.9410
-23.6412
-19.6855
-22.0031
-32.2107
-37.1777
-41.8112
-33.1227
-27.4567
-28.1032
-23.4797
-14.5655
-9.4313
-9.7226
-6.6675
-5.0369
-5.8986
-9.2158
-9.4866
-5.9409
-1.4960
-2.8380
-4.8446
-9.6163
-10.0493
-2.8180
5.1861
5.4522
1.1662
1.1962
-2.9982
-6.8523
-8.7387
-5.9702
-4.8133
-5.7219
-4.2923
0.6073
-4.5552
-9.1747
-7.5394
-2.0673
-2.7832
-3.1014
-6.2521
-6.4820
-2.6903
-4.8524
-6.7113
-9.3942
-9.5074
-9.8445
-10.0277
-10.2239
-7.5910
-5.9989
-2.6597
-5.2217
-3.4234
-5.2164
-10.1320
-12.8223
-8.8521
-7.5714
-8.1925
-2.0268
7.1306
7.5478
5.7448
4.3317
1.0728
-3.2336
-6.9484
-10.2386
-9.9325
-7.2349
-2.8787
-7.0883
-4.0157
0.0224
-1.2241
-9.1212
-5.5627
2.9031
0.6501
-0.1407
-2.6317
-2.4068
-2.2734
-3.3777
-4.1464
-4.2053
-2.6313
-2.3335
-2.5617
-2.4371
0.0021
-9.4690
-15.8212
-7.3604
-11.3803
-3.2543
9.0847
4.4790
-0.6761
-4.5606
-2.0965
-1.8242
-2.4985
-5.0935
-10.4594
-7.8506
-8.3536
-10.9860
-10.5236
-9.9154
-8.7350
-4.1960
-3.0445
-5.8772
-2.8967
-6.5696
-15.6814
-21.5870
-19.5263
-3.9291
-8.3875
-11.1852
-18.7936
-22.5870
-9.1957
-0.4543
-1.5109
-1.9859
-0.3636
1.3425
0.5977
0.0085
0.2249
-1.9967
-3.7253

Coefficient 16:
2.6715
-7.2457
-8.6609
-7.0279
1.0833
2.5119
1.4537
2.8303
2.1641
3.1955
0.8301
0.6035
0.4665
-2.0328
-1.6318
0.8414
2.2186
10.7174
9.3686
13.1362
14.5578
22.0306
24.3172
2.4743
-12.3016
-15.4277
-6.9121
-8.1315
-3.1325
0.5387
-1.0668
-0.6783
13.9269
18.6094
13.8904
7.7286
8.0083
5.1504
1.8412
2.9465
0.5500
-11.2161
-13.5310
-8.6856
-0.3735
-3.7758
-10.2406
-9.8338
-7.8073
-1.6545
-3.6419
-6.7589
-6.6970
-7.0879
-6.5843
-1.9813
4.9894
5.9576
0.7536
3.3115
-1.5400
-3.7749
-1.1387
0.5630
-1.6279
1.6913
6.9316
0.1067
-4.5002
-3.8787
0.0442
5.7258
6.8498
4.2602
0.9736
-1.5732
2.3664
-2.1864
-4.4915
0.9104
0.9483
0.4930
2.5125
7.2923
14.9557
10.0491
0.8087
0.8838
-3.4197
3.0242
8.6442
3.8476
4.4287
21.5194
23.4709
24.6423
28.7406
29.0414
22.7404
18.3110
19.4650
23.7069
21.6753
16.0526
8.9793
1.6347
-2.1412
-2.5575
3.1207
0.2080
-1.4562
-6.8914
-13.8993
-13.4769
3.5094
19.2033
15.0350
2.5632
-6.0076
-3.7482
0.6102
0.4244
1.6851
-1.2798
1.1955
7.1819
3.4894
5.6687
9.8643
8.1221
6.0824
-3.9519
-7.6146
-7.3270
-6.7481
-4.7356
-7.4851
1.0085
3.4952
7.1205
7.8970
7.5389
6.4720
7.8990
0.7387
4.3849
7.8027
-2.4520
-2.5465
2.9966
8.7057
6.0226
0.0440
2.8090
4.8203
-1.4869
-9.5784
-11.2784
-20.3038
-25.4130
-25.6031
-26.2750
-22.6394
-16.0639
-12.9009
-13.0814
-18.4730
-12.9569
-8.1967
-0.2861
0.7253
-1.8946
-1.0172
-1.8597
-1.7935
0.2390
-2.7401
-2.1566
-0.6807
-2.2770
-2.0134
0.6828
2.2710
2.3618
0.8049
-3.1388
-3.2893
-0.0928
5.0136
6.5193
6.1533
6.5342
6.6456
2.7176
0.6798
-2.7563
-0.5908
-0.3234
1.1959
-1.5008
-2.2064
-5.3061
2.6296
7.4232
4.7377
1.5751
-1.1928
-1.0716
1.5910
0.1220
-4.8354
-5.4314
-2.6468
0.0961
-1.2185
-2.7010
4.6581
9.7457
6.1153
1.8182
-1.4184
-7.6090
-2.2294
13.6657
22.7419
21.8128
19.9945
9.4917
-6.4979
-15.4714
-16.0503
4.7670
17.8134
16.4164
12.4161
4.7479
3.6895
13.2795
11.4009
9.8250
18.3103
23.9400
24.0602
16.9092
15.0480
10.4827
-0.3646
-5.3192
-5.7840
-4.9719
-9.8773
-16.3471
-7.3401
3.4096
-0.4402
-4.5916
-5.7733
-12.6397
-7.8420
-2.6414
-3.2055
-5.6374
-11.0385
-10.8724
-6.4857
-4.2856
4.0947
7.1143
9.4321
3.6181
1.4072
2.5055
13.7290
22.7895
18.4010
14.7621
20.7444
20.2243
11.9229
6.6946
7.0147
7.8575
-1.3574
-3.6384
-6.8509
-6.0770
-0.3874
-3.0389
-5.6277
2.6436
16.3734
15.4439
7.6308
0.9607
1.0422
-1.9711
-0.2494
3.5161
0.2720
3.1964
3.2072
0.1504
-0.8618
-2.7469
-2.5114
-0.8439
-1.0884
-2.0787
-0.6652
-1.9128
-2.1820
-1.6685
-1.8404
0.9469
-0.2609
-4.6060
-1.4165
7.1608
6.8104
3.0728
0.0946
1.5994
3.9650
3.9161
4.5369
3.3373
2.6374
1.7293
-1.2499
-1.3483
-3.7726
-3.1627
1.7356
3.8478
-1.0295
-2.8580
-1.6082
-0.3959
-5.3053
-5.1896
-3.6185
-3.4225
-2.0736
0.2466
1.4146
-1.2066
1.0713
5.0916
4.4240
1.4496
7.2857
9.5212
7.5569
6.9165
2.3176
-1.4828
-6.3178
-5.1180
-3.6442
-6.6207
-11.1181
-12.5701
-15.0534
-15.4236
-11.3670
-5.1944
-0.7587
-8.2195
-13.8132
-9.3897
-0.8033
0.1082
-0.4939
-0.7916
-4.9597
-2.5446
-3.7758
-7.3869
-5.9585
-3.6121
-2.5865
-3.3267
-0.6367
3.4145
7.1061
14.0466
8.6713
-0.7955
-0.3724
5.9864
-0.9319
-1.2379
-0.8989
1.9505
2.5329
-1.9007
-6.6296
-9.5179
-4.7639
-1.1973
3.7213
6.1539
4.6838
2.8933
1.2981
-1.0213
0.0191
-0.8574
-1.3212
0.0761
-1.4434
0.2838
4.1611
2.5717
1.3724
0.4464
-3.6386
-3.4742
-2.7644
-3.8933
-7.6207
-7.0884
-3.7437
-3.8508
-2.9025
-2.6285
-3.2458
-0.5566
1.2567
-0.8700
-2.1020
-3.7542
-4.5557
-2.4657
1.0321
2.9900
2.8385
1.0585
-0.4161
-1.5698
-4.2301
-5.5789
-3.2171
-0.3838
1.1836
-0.2909
-2.8036
-3.3853
-4.5337
-4.6833
-8.4331
-11.6607
-14.3160
-13.3312
-9.5944
-0.3172
9.2535
6.8363
-1.5527
-5.7099
-8.1413
-3.7620
-1.0664
-4.3498
-5.2454
-4.2259
1.7152
-7.3078
-10.5286
-8.0503
25.7007
24.2184
19.6006
19.7176
19.5748
17.5010
16.1459
13.1996
10.0095
-1.5265
-8.2982
14.0826
27.0739
25.9175
16.5254
10.2480
8.8095
11.3166
6.7218
9.0907
16.3884
16.0594
20.3031
20.3010
23.3051
27.0651
21.4736
15.3285
11.8668
10.8677
11.7296
13.1372
18.0322
23.4630
23.7225
24.7781
24.0113
20.7706
14.6170
9.2818
5.9202
-2.9751
-4.2277
-7.2627
-6.6458
-1.9455
-5.7812
-2.2139
-4.6457
-2.4204
-5.1614
-4.3378
-1.9545
-3.6505
-3.9201
-3.6132
-3.8585
-2.9483
-4.5588
-4.1367
-2.7640
-2.5197
0.0490
-0.2571
4.0548
6.0527
3.1358
-3.9453
-16.2143
-12.2454
-9.7423
-7.9168
-8.9404
-5.2920
2.1806
3.8992
5.8383
13.4574
13.0955
7.6889
8.1452
8.6715
2.6231
3.4019
-5.0190
-6.7688
-7.7580
-6.7650
-4.6366
-1.9592
0.4973
8.7881
14.4499
20.0539
22.0469
16.5251
7.9222
7.7067
11.5332
9.6294
10.9209
6.9052
-2.1634
-13.1698
-20.4470
-18.0130
-16.5060
-8.9139
-11.4612
-10.2957
-7.9153
-9.0274
-5.3050
2.1164
3.9252
5.8577
8.6147
2.6047
-2.6447
-8.1123
-6.5242
-5.9377
-5.5177
-6.6054
-3.1553
-1.3419
-7.0826
-8.8990
-6.1478
-6.8732
-6.9326
-2.1011
0.8766
0.5596
2.8816
-0.8827
-3.1604
-2.8297
0.2241
-2.1915
-2.6736
1.6416
4.5301
7.0864
5.0032
1.2775
-1.0952
-3.6122
-4.8850
-5.0112
-0.9675
2.1118
-0.6990
-8.2230
-10.5279
-7.9391
0.5962
2.1942
3.1416
5.3106
3.3798
3.6204
4.7668
5.9489
6.9692
5.8199
4.6598
0.8393
-2.2553
-3.6068
-5.5749
-3.5594
-2.0254
1.7744
3.1726
3.6817
5.3329
6.7412
9.9194
3.9839
-1.2754
-0.5649
1.7419
-3.1064
-4.9350
-1.9062
-0.3111
-2.6473
-6.8635
-6.9586
-7.1144
-5.6616
3.8963
3.9906
-18.3987
-19.4735
-23.1478
-19.6208
-9.6568
-0.7937
-1.7207
-4.2955
-3.0068
1.2053
4.5342
2.3049
2.4706
0.7213
-1.0983
-3.3899
-1.4219
0.1221
-1.1070
-1.9890
-5.1719
-4.3729
0.2610
1.4449
0.2019
0.4380
5.8804
10.8818
13.8915
6.6294
-2.7223
-8.6022
-4.5458
2.3058
17.1068
18.9566
8.2265
-3.5354
-2.8638
4.1053
7.8622
6.5224
5.6608
7.4253
9.8734
15.6129
14.8996
10.8413
4.2900
1.6033
0.8165
1.6737
9.9069
6.6893
-1.6425
-3.0180
-4.1103
4.9760
9.9709
6.4792
1.7729
-3.4183
-7.5629
-3.8219
2.7262
4.1529
2.4257
-1.2303
-5.2128
-1.0791
2.3360
8.6046
7.6976
0.5964
-6.3073
-4.0174
-1.9823
-3.8242
-5.2865
-4.3572
-3.9355
-4.4233
-1.0260
8.9596
6.1423
18.7597
17.6110
12.4596
7.9328
1.0881
0.0439
-6.6838
-10.4324
-6.1756
-4.8893
-4.1091
-7.2636
-7.3099
-9.4851
-8.7122
-2.4016
2.0501
-2.3436
-1.7317
-4.7445
-3.4970
-4.8091
-6.4293
-4.7099
6.2731
-1.1263
-5.5829
-8.1549
-5.7264
-6.0524
2.3706
21.4964
21.2749
18.5576
18.1886
17.5663
17.2792
13.0238
8.2905
9.4703
14.2421
10.1049
11.0736
7.5929
4.4667
4.1975
8.5486
6.7812
5.7414
4.7675
5.3539
6.9197
3.9434
3.2367
2.2372
2.0444
-0.4309
-0.8542
0.4041
-2.5515
-2.8640
-2.4898
-3.9704
-3.0227
-1.2378
4.4831
6.6803
6.1586
1.6811
-2.2132
-3.9222
-3.6500
-4.6940
-3.7979
-2.5411
-2.0587
-1.7604
-0.4176
-1.1512
-1.7241
-1.5928
-2.5602
-3.9097
-1.7110
0.0475
-1.8501
-3.9314
-2.8164
-1.1747
-0.9900
2.8591
8.3385
7.5293
1.3197
-3.1694
-4.3546
-2.5614
-0.1584
1.3121
-2.8594
-6.2752
-7.7870
-2.7751
2.1016
0.8670
3.0624
4.4262
6.3904
5.7902
4.7213
0.6012
-6.8311
-4.9332
-6.2417
-5.4955
-2.7424
-4.4304
-0.3535
0.0870
4.6627
-9.2717
-8.4188
1.1726
6.3915
6.8930
8.5899
12.6368
11.7224
11.3011
14.6987
17.8265
18.1167
23.6524
20.3395
14.6906
13.9186
21.7279
23.1810
10.2267
14.7110
24.4259
21.8805
16.0411
9.0836
11.7737
14.6722
16.3846
14.4866
9.7033
7.5004
8.1485
7.5712
6.6423
4.2337
1.9046
-0.4866
9.6890
10.6864
9.5238
4.8879
-3.8325
-6.7677
-3.7773
1.8530
2.0242
6.7335
5.7424
7.5341
8.4365
7.9207
8.5196
6.8594
6.0939
7.6279
5.2330
3.7987
9.6205
19.1624
20.9380
21.8331
22.3979
18.0243
14.0982
13.6690
15.4064
19.4578
21.7238
21.5937
18.0617
11.2114
5.2584
10.9823
9.6332
4.2059
0.3239
-0.1237
-4.4579
-6.0970
-8.6422
-5.3981
-1.4747
-1.0457
-0.4100
-1.7269
-1.9152
1.0068
2.5430
4.2693
3.2116
2.0419
0.2470
-3.0850
-3.5586
-1.8503
-1.7586
2.6194
3.4026
1.7390
1.5842
3.9556
6.0399
2.1929
-5.4508
-6.4236
-3.4387
-2.1586
-3.2857
-6.8014
-3.6922
-9.5654
-11.9511
-5.4647
-3.5236
0.9661
2.0371
-0.3052
-1.7714
-0.3731
-0.7256
-2.4586
3.5018
5.7885
4.7608
0.2777
-6.9781
-13.4153
-7.3135
-7.9713
-10.4251
-10.3727
-11.2691
-7.4110
0.8722
0.3873
-5.3968
-8.8754
-2.5360
0.1346
-0.9856
-0.8034
-2.9539
-2.8024
-1.9459
-1.8774
0.0112
2.5587
3.9267
0.9712
-1.2811
1.8375
1.3408
-0.3922
-1.6086
-4.5223
-2.2939
1.7558
2.6806
2.4000
1.2876
0.1027
-3.4795
-0.0495
5.7909
8.5102
13.5765
16.6918
12.0008
2.9520
-2.4521
2.1911
6.6806
5.9365
3.4265
5.5616
4.6828
0.6740
-0.1526
1.2831
1.9461
-1.6219
-0.3722
0.1937
2.7389
2.4366
0.2027
-1.4915
-0.4838
-1.0626
3.6508
2.7934
5.3361
6.7636
7.7064
4.2194
5.3839
8.0454
2.0801
1.4048
0.1102
4.3552
2.9778
0.2403
2.7425
7.7680
6.5498
9.3294
7.5333
0.2600
-7.8609
-11.6445
-8.3399
-0.0360
11.7228
19.9205
23.5170
24.8574
14.7169
5.2787
-7.4516
-16.6157
-13.5027
-11.7819
-11.7558
-14.9986
-16.2461
-14.3656
-11.2434
-15.9777
-18.7284
-12.5155
-0.7697
0.1696
-12.0858
-15.2453
-14.6345
-9.2618
-8.5930
-6.2575
-2.1066
-0.7318
-3.2743
-6.2610
-12.1216
-11.4425
-1.6748
5.2702
2.4042
-1.6304
0.0433
1.8964
-0.8404
-10.1182
-8.8373
-3.4867
-1.5595
-2.5903
1.1952
-2.4718
-7.1201
-3.3997
0.0061
-5.0932
-6.0888
-5.1160
0.5136
4.2144
-0.3708
-1.3783
-6.6276
-8.6934
-3.0635
-1.5634
-4.8160
-3.2859
-0.5636
2.2757
-1.9353
-6.9304
-9.2779
-13.2340
-14.4754
-9.0318
-7.8079
-4.9996
-0.2760
1.7541
1.4462
2.6422
4.6426
3.9855
1.9179
-8.2055
-10.3717
-1.1153
9.8529
16.0386
2.3605
3.7165
6.1811
8.8854
12.9777
12.1178
14.0349
3.6185
1.8293
4.1700
10.1737
4.1070
3.7393
-1.8807
-8.9427
-10.8611
-16.9011
-20.9369
-19.2728
-16.5004
-13.1267
-11.8377
-20.0517
-14.0168
-2.2333
6.5828
4.3169
2.2547
4.4066
6.3315
10.2686
10.9153
5.6687
8.4779
10.5539
2.1393
-2.8613
0.2782
2.3313
-3.1785
-5.1043
-8.9785
-5.2956
1.0701
2.3238
-0.3440
1.1524
2.7337
-0.9407
-5.6339
8.9415
14.2883
7.3226
3.9684
-0.2502
-2.2734
4.1956
9.5175
12.7788
14.2656
15.3392
14.9910
7.4555
4.8887

Coefficient 17:
2.4739
-0.7347
-4.9421
-8.4931
-7.6239
0.2999
1.7930
2.8468
3.4019
4.4468
2.6126
0.7354
-0.0942
-2.6273
-1.8130
-0.5767
-0.0480
0.5607
5.8851
3.6036
3.2382
-3.8961
-12.7432
-17.8833
-12.8263
-0.6546
-3.7106
-5.6523
-5.0571
-1.7396
-1.8821
-0.8530
7.5490
11.5372
11.8826
11.7630
8.2907
4.8286
-1.1212
-4.1531
-1.8070
-9.5935
-16.0515
-17.4740
-14.9179
-7.5772
0.0817
7.0982
3.3986
-9.9498
-21.4557
-18.6904
-12.8087
-10.2063
-12.6434
-12.1863
2.8463
15.3426
16.8887
18.4132
9.4628
2.8996
-0.1209
0.6666
-0.7767
-2.6973
-1.3175
-6.6180
-6.7593
-4.0621
0.5136
6.8971
10.9546
7.8378
-0.6068
-9.8034
-10.2861
-4.7617
-9.8690
-8.4095
-6.2872
-7.2530
-10.6318
-11.0144
-10.2072
-6.0392
-3.1048
3.2527
1.1552
-3.2052
-1.5928
0.8596
-5.1697
-8.6661
-5.4930
-4.5222
-10.1410
-14.6657
-17.7088
-17.2214
-11.4021
-8.4048
-3.8564
-0.9712
-0.8510
-9.3152
3.4612
3.2900
-0.5268
-7.5490
1.4687
12.6642
10.0864
-0.6743
-14.1283
-8.1209
-2.0842
8.3361
10.5897
6.8718
4.5243
-1.4497
-1.4273
-1.0513
-1.6290
-0.4805
-3.1331
0.7342
5.7864
1.9044
-11.0567
-3.0202
2.6898
0.5529
-1.3064
4.5203
5.2751
5.4735
8.3882
9.4404
11.5464
13.6835
16.6328
19.0610
13.8047
-8.5571
-6.3837
-8.5731
-6.4816
2.0231
6.4852
3.0832
-4.6276
-14.8862
-14.3326
-8.9808
-5.5571
-3.3374
2.7275
9.0861
12.7239
8.9030
2.4447
-4.4516
-7.3133
-12.4233
-9.9945
-8.1887
-6.5664
-0.9958
0.8015
0.3960
0.8262
-1.2374
-0.6296
0.3224
-2.7674
-1.3588
-1.0616
-2.1986
-2.1043
-0.5253
1.5775
2.0247
0.7547
-2.9038
-3.0483
-0.7981
3.2326
3.4849
4.1893
6.1391
6.4576
2.3085
-0.5450
-3.7162
-1.8071
-1.2226
0.3694
-0.8776
-0.8349
-3.8629
3.6633
6.2160
1.7237
0.7249
-1.0126
0.5531
1.1231
-2.1645
-6.8615
-6.9898
-2.3357
1.0391
0.5519
-0.9061
4.3495
8.0610
6.5803
3.7720
-1.0175
-9.0076
-20.7764
-23.5594
-21.3044
-11.8161
-0.4792
8.0879
14.1644
11.4581
8.5649
-3.0637
-14.1660
-15.3735
-9.9274
-6.1772
-10.7958
-19.4439
-19.2070
-15.1770
-7.9083
-1.7253
-3.9382
-5.6248
-4.4795
-3.7373
-9.4359
-3.5850
2.2867
5.2221
4.7468
5.2648
4.9920
6.4531
-1.6872
-3.8568
-1.9524
-2.0941
-4.7269
-5.6473
-0.6434
2.0191
1.3794
1.4250
4.2171
4.6825
2.8098
-3.5284
1.1162
3.4185
3.7622
-1.0571
-7.4424
-11.1871
-15.6307
-12.0600
-5.2324
-0.5198
4.4849
10.1027
5.1356
5.7909
-1.3513
-3.1514
-8.7754
-29.4665
-27.8991
-23.0434
-18.3572
-9.7891
-6.0552
-8.7889
-11.3455
-9.1888
-5.7698
-3.2636
-0.4682
3.7063
-0.9904
1.5349
4.0391
2.6794
-0.1126
-2.0897
-0.8442
0.3292
-0.0943
-1.0507
0.5665
-2.0301
-2.2712
-1.1355
-1.0708
2.6731
-0.2875
-6.5954
-4.3015
-0.3344
-3.2780
-5.3362
-8.3154
-10.3901
-9.0916
-4.4567
-0.1405
-1.5235
-0.8517
0.5439
-0.8811
-0.9344
-5.7365
-9.8536
-6.4335
-2.0806
-2.1537
-0.1673
-1.0875
-0.9736
-5.2013
-3.6129
2.4266
-0.4274
-3.7599
-0.3447
1.8786
-0.8174
1.4987
6.6264
7.9030
5.5450
11.2587
13.0762
10.3678
7.1446
1.3192
-0.3546
-2.8148
2.6672
4.5780
1.4279
8.9889
4.3493
-1.6855
-11.2899
-12.4318
-6.5946
-7.2674
-10.8308
-7.4427
-5.0104
-7.0782
-7.6988
-9.2348
-2.5713
-2.6344
-0.9146
0.9166
-5.8655
-6.4135
-2.0130
-6.2604
-14.8828
-17.6302
-20.8220
-24.9284
-21.3186
-21.9079
-19.7595
-14.7420
-3.8862
-7.3721
-13.9827
-18.4129
-14.7797
-12.1434
-5.9755
-1.0302
-3.3479
-4.8856
-3.0014
-0.4130
-0.3351
1.2578
2.6912
3.5588
0.1977
0.3784
1.6976
1.5531
1.6499
0.0518
1.0453
4.7974
1.3534
1.0492
4.6135
-2.5762
-4.3482
-5.1938
-7.8572
-8.6762
-5.4517
-3.0266
-4.3522
-1.6670
-1.2523
-1.6148
1.8346
3.3192
1.0768
-0.5169
-0.8075
-2.1034
-2.0067
1.3294
4.0512
2.9508
-1.2839
-0.8911
-3.1385
-6.7118
-6.4223
-3.6943
-2.5495
2.3667
2.5649
-1.7129
-3.9753
-5.2554
-1.2651
1.0809
2.8899
1.2277
2.6236
0.7047
0.9648
6.2450
0.9466
-4.7304
-4.0546
-5.0013
0.5581
2.8429
1.8943
3.8281
6.0954
9.3626
11.6344
11.2266
1.4891
-11.4908
-14.6499
-15.0857
-16.8781
-17.7727
-17.5851
-19.6935
-12.1271
-4.7915
-5.9382
-5.1883
-4.0967
-12.7552
-12.7560
-4.0902
-4.2715
-7.8302
-3.1875
-1.8650
-4.3359
-2.8347
-4.6549
-15.3973
-17.4133
-12.5546
-0.2129
4.8930
-9.7317
-9.5701
-9.1241
-9.6310
-13.5430
-15.0998
-15.5117
-17.4018
-16.5597
-19.6333
-23.4119
-27.2708
-27.5502
-24.1197
-30.1544
-28.5270
-23.9716
-13.0547
-12.0574
-16.2972
-10.8188
-5.8294
-1.6989
-5.3010
-4.4998
-2.2921
-3.4976
-3.1532
-3.0266
-2.1454
-2.1412
-3.4838
-1.6841
-0.0513
-1.0089
-0.0892
-0.8036
1.1059
6.3232
4.9954
0.7276
2.4270
0.6095
0.2329
-4.3010
-3.4259
-2.4575
1.2164
2.7206
-8.6074
-9.8941
-5.1034
-2.6332
1.6370
3.5886
1.4637
-1.0809
-3.3547
-4.8600
-4.4345
-3.5554
0.8918
0.4563
0.2963
1.5912
0.9573
-6.7452
-14.7275
-16.1423
-17.5763
-15.2246
-11.4152
-4.6827
-0.6206
0.5887
-5.2727
-10.7766
-14.0879
-7.1062
1.3272
0.2074
1.4822
-3.3071
-7.9698
-11.3553
-5.6879
-2.1404
-5.4656
-4.9426
-3.0536
-2.7589
-0.1655
-0.2765
0.5416
1.4427
1.4919
4.3190
4.7196
6.3832
-1.0830
-3.3236
-0.7214
-3.5322
-6.4016
-0.3568
4.1786
2.3155
3.4757
-0.8911
-2.5437
-1.7189
0.9534
-1.7320
-3.5969
0.6771
2.2938
4.2314
3.7717
-0.3962
-1.0853
-2.9712
-4.9263
-1.4196
4.0505
4.3784
1.2194
-5.8290
-9.3712
-5.7091
3.1450
3.1621
4.3808
2.0079
-1.0473
0.2472
2.1349
5.1080
4.5675
3.9007
1.3511
-1.1468
-3.9259
-4.4952
1.1680
8.9204
13.4602
10.5575
2.1104
0.7343
-0.1157
0.5496
2.9164
-0.6104
-3.1494
-2.4582
0.6429
-3.3068
-6.5702
-7.0472
-1.3644
-1.1584
-5.4186
-6.3763
-6.5866
-4.5925
3.3499
4.2141
-15.6469
-12.4321
-6.9130
-3.2162
-2.0450
-7.1250
-3.8055
-6.6381
-8.9819
-4.3594
0.1158
3.2136
-0.8567
-8.4899
-10.2997
-9.0703
-3.8969
-2.4035
-7.4226
-7.8869
-3.0215
-2.3099
-2.4773
-7.1804
-13.8666
-15.4176
-16.8968
-23.4848
-19.7205
-13.2643
-11.1982
-0.8356
3.7752
3.3976
-5.7734
0.1185
3.2253
-3.5847
-8.5436
-10.6255
-8.0178
-5.3791
-2.7723
-4.3565
-8.2083
-10.4352
-4.9417
-0.4175
-5.1198
-9.2893
-5.8249
-4.1286
-9.9666
-11.5430
-10.1590
-2.8024
-1.1133
-7.1011
-4.4798
-0.7597
3.3998
3.5098
3.0456
-10.7091
-18.2103
-22.5386
-22.3760
-17.6238
-13.3969
-16.5643
-16.6803
-10.0073
-5.7254
-3.8394
-0.9091
-1.4293
-2.3055
-3.1788
-3.8844
-3.1503
-2.8225
-4.5869
-2.5556
-8.8998
-6.8239
-3.8664
0.6118
7.3855
10.1216
5.6098
-3.7496
-5.3882
1.3319
9.0025
10.6923
11.1261
5.8272
-13.8355
-12.5058
-10.9154
-16.6645
-22.2778
-22.7870
-19.0451
-11.8565
-2.9416
-1.3963
-1.8221
-1.0393
-5.9920
-5.4366
-6.8459
-3.6932
-5.1528
-11.1510
-14.4844
-25.8043
-26.6111
-25.5832
-18.8869
-18.4528
-25.4145
-28.9078
-30.1822
-23.9133
-15.0887
-5.7706
6.1670
6.9625
4.9722
0.2769
-4.1945
-7.5484
-4.4282
-4.8109
-1.4976
8.4727
9.2878
3.2907
0.5304
1.2971
-1.2444
-4.8478
-3.4451
-2.4658
-2.0260
-1.9863
-2.7217
-2.1887
-2.6361
-3.5010
-3.2262
1.0514
-0.5168
-2.5381
-3.0310
-4.2124
-4.6471
-2.6711
1.2028
3.4500
1.5450
-0.4772
-0.0724
0.5033
-0.3160
-2.2653
-4.0123
-2.5054
0.6560
-1.5651
-3.4042
-0.7024
-0.3472
-0.3107
-4.2369
-4.5935
-4.8765
-6.5970
-4.3170
-5.7212
-4.1126
-1.3138
1.8109
-2.0872
-5.8350
-5.9594
-1.6649
0.9887
-0.4083
2.3610
3.2091
5.5762
4.8236
3.5677
-3.9076
4.7165
4.0240
-0.7865
-6.7558
-8.9289
-2.4384
0.7790
-3.5619
-4.7777
-6.9498
-6.1048
-11.2666
-16.1832
-18.3521
-16.6020
-14.6622
-14.0504
-16.8723
-19.7793
-20.9430
-22.4270
-17.1746
-14.7401
-16.1610
-13.0579
-7.4872
-2.5529
-4.6492
-13.1892
-13.9592
-9.6501
-11.4931
-14.0330
-12.2849
-13.9604
-10.3390
-10.0611
-10.4340
-8.2578
-4.9492
-7.8528
-4.6177
-3.7166
-2.8192
-6.1374
-13.8060
-11.9675
-7.6676
-8.0527
-11.2419
-7.8850
-5.9527
-0.7406
2.0906
3.9988
4.7316
4.8606
4.6314
-2.8744
-8.3847
-13.4870
-17.0615
-22.0174
-25.9212
-23.9395
-26.4846
-27.2296
-24.5399
-24.6368
-23.7988
-24.0971
-21.2018
-22.8593
-19.2918
-17.4746
-16.6990
-15.4394
-12.8414
-6.2235
-0.8072
4.3575
-1.7866
-4.6163
-1.3089
3.6927
4.4385
2.6243
-0.3054
-0.1127
-1.2236
-0.8308
-0.1235
-1.4046
-1.1528
0.9711
1.3904
4.6297
4.2278
2.8680
-1.5574
-3.6936
-3.1170
-1.9899
-1.6741
4.2783
5.5170
2.0721
-0.9315
1.7791
4.8436
3.5724
-1.6610
-1.4756
2.0424
2.7884
0.4562
-1.1888
5.7878
4.9880
3.7474
7.0417
3.9180
5.4105
5.4518
3.4197
-1.6995
-1.6097
-0.5854
-2.5079
1.7250
4.9784
4.4655
1.3023
-1.5225
-13.7212
-21.9598
-26.5150
-28.4650
-25.5309
-25.2075
-24.3159
-21.1366
-18.0088
-15.4055
-11.8359
-7.5965
-6.5726
-5.8190
-2.5485
-2.2852
-0.3951
-0.0215
-3.5289
-3.8212
-1.1317
0.5232
-3.1785
-2.9934
-2.2991
-4.8975
-3.7412
-0.4317
-1.3017
-1.7850
1.6682
5.4944
8.9282
7.7679
5.6060
2.7163
1.3619
-3.7463
-5.4560
-6.8587
-8.4164
-7.1562
-11.8472
-13.4237
-11.4587
-7.2229
-7.1901
-6.8393
-6.7561
-7.8557
-7.3654
-4.6125
-0.8316
1.6738
-1.1619
5.0380
7.4145
10.3264
10.1488
4.3218
-0.4392
-2.3003
-3.4246
-0.2387
-1.8884
1.6981
6.9747
5.0864
1.2912
2.3350
0.2272
-2.2020
-4.6313
-6.5441
-4.7097
3.0719
10.6658
11.6903
13.6472
14.1450
14.2194
11.9991
8.1340
4.4057
2.1728
-0.1538
4.9910
18.0228
18.4998
13.3112
11.7989
12.5249
20.2101
14.9008
3.0736
-11.2180
-16.6189
-12.5049
-10.3566
-12.5516
-10.3882
-11.1793
-13.2064
-20.1851
-19.9333
-7.7910
-3.7357
-11.1887
-12.2980
-13.1296
-9.0094
-5.0337
-1.4677
1.8606
-1.4137
-4.7623
-6.2124
-11.0838
-10.8777
-3.3186
3.0918
1.8184
-2.3010
-0.2359
3.8265
3.8543
1.9226
4.0347
6.0603
4.7828
0.2874
2.2049
0.3176
-3.6666
2.2139
0.3360
-6.3447
-3.6369
-0.5445
-0.6352
3.5324
-0.4580
-1.5754
-2.9031
-2.9241
2.5340
2.8573
-6.2565
-9.0596
-8.1762
-6.8674
-6.5592
-4.5615
-5.2972
-7.7988
-8.1336
-4.4354
-2.9579
0.2675
-0.6336
-6.1786
-5.6042
-1.6899
1.5628
3.9824
3.0831
9.3610
11.7632
15.3584
20.2087
15.5229
4.6534
5.4365
11.7659
18.5267
21.8864
24.3110
26.0517
13.8485
8.9169
9.8300
10.9859
13.2000
16.9828
19.6268
17.0878
10.8460
3.3407
-8.0940
-11.7961
-6.0425
0.3542
1.6079
5.3962
8.2799
1.8216
-1.3337
-5.9334
-6.0738
-1.3675
0.2050
1.7846
2.1313
-1.9663
1.3113
-1.2424
-10.9316
-11.5052
-2.1923
5.4413
3.0766
1.4120
-4.4551
-7.6243
-20.3280
-17.4651
-13.1968
-1.5038
13.0719
1.1250
-2.8810
8.7149
9.6891
6.9506
4.9705
0.2857
-1.1043
-0.8736
-0.5383
-1.5069
1.6282
11.7392
9.6031
10.9642
7.4160

Coefficient 18:
2.2821
1.2403
-1.1026
-4.9707
-9.5408
-2.8200
1.7984
2.2504
4.3662
5.0151
2.4839
-0.0690
-0.8645
-3.2609
-2.5639
-1.7609
6.4708
2.9464
5.4916
5.9189
3.8209
4.9995
19.4087
19.6139
16.0817
11.0523
3.8332
0.6606
-6.4812
-4.6944
-2.5797
-1.2156
-2.2364
-0.7931
1.3278
6.8276
3.6619
1.1618
-3.1250
-6.8072
-1.7452
-4.0161
-7.8481
-5.9569
-3.2125
-0.3382
1.5664
10.5388
11.9585
0.2365
-11.3667
-3.1241
6.9505
9.2533
1.0609
-2.9793
1.3429
6.5228
11.8961
14.1166
6.5016
1.9616
0.0147
0.3055
-0.4204
0.3432
6.7269
4.8999
6.1275
6.4835
3.7234
-1.2787
2.4254
4.9833
1.3339
-1.1391
2.6947
3.0005
-1.8370
-3.8665
2.1090
7.4433
2.3648
-0.9877
1.7235
6.9951
6.2030
4.9509
-1.1357
-4.4279
-7.1581
-8.2613
-9.0338
-5.9966
-8.3932
-8.2067
-9.1656
-7.5899
-2.7162
-3.1218
-4.9572
-11.4931
-11.3541
-7.3613
-8.6208
-6.9798
6.3745
5.2985
6.1444
11.9316
12.7878
13.5905
9.6956
2.2713
2.7625
-7.1328
-7.5370
-7.8441
-10.7198
-5.1493
-0.4953
0.2056
4.7026
7.1100
2.8861
-0.3630
0.7945
0.7915
-2.1839
-4.3583
7.8169
-5.1416
-0.8155
4.1714
0.9372
-0.4909
-2.9612
-1.4550
-0.0852
-2.3239
-0.0295
1.6134
-0.8141
-3.0652
0.2870
-23.8497
-22.4016
-12.6716
-7.5733
-2.3190
-3.6872
-9.3746
-5.1086
0.2964
-1.4642
-2.1187
-1.8986
-1.9335
-2.0462
-13.3559
-26.2881
-27.0006
-29.9511
-28.5424
-17.5422
-6.2107
-2.2667
-2.7037
-4.1924
-1.6673
0.1069
1.8720
1.9978
-1.2358
-0.0342
-0.0720
-2.6104
-0.0988
-1.2665
-2.1956
-2.3401
-2.0531
0.4428
1.8538
0.7317
-2.3055
-2.7729
-1.2523
0.5063
0.5133
1.4518
4.1432
4.5888
1.7467
-1.5968
-4.8507
-3.0734
-1.4525
-0.8004
-0.3100
0.4974
-2.4174
2.2554
2.0634
-1.1491
0.2445
-0.3601
1.8107
1.4932
-2.0810
-7.3918
-8.1868
-2.2847
1.9266
3.9860
1.9861
3.2190
4.3075
5.1518
4.7703
-0.2655
-6.9538
0.1776
-3.3572
3.7771
6.2164
4.8648
-4.9443
-11.2747
-12.5215
-10.2166
-3.6199
-4.8850
-3.4685
-2.6677
-5.2368
-2.4540
0.4966
1.5763
0.7520
-2.3379
-8.1906
-6.0116
-12.8715
-13.4714
-7.7365
-9.7934
-14.3064
-15.3666
-11.0091
-6.0626
-4.9457
-2.6739
-5.9786
-5.0367
-0.5454
-0.0980
0.7942
-3.1120
-13.6239
-11.2269
-2.1216
2.4940
2.0855
1.5336
1.7800
-2.5280
-7.8279
-7.6191
-6.1287
1.2786
3.5980
14.4225
24.7894
19.5824
16.8574
20.2305
19.0309
13.7775
0.2050
-9.7417
-4.0604
-2.9349
-1.9459
3.3379
8.6857
14.5659
15.3398
14.8354
12.4015
1.7081
0.0506
-0.2407
2.7985
5.5626
2.8212
3.7617
3.1208
-2.4008
-0.4378
3.1834
3.0894
1.0646
-0.2957
0.7465
1.3949
0.8225
-0.0900
1.6645
-1.7614
-2.4040
-0.7371
-0.3240
3.4123
-1.3771
-8.5587
-6.9087
-0.9827
-2.1186
-1.8218
-3.7141
-8.3093
-10.4809
-4.0443
2.3095
-1.5268
-3.1499
-2.0214
-2.4014
1.9043
0.3293
-0.3478
4.0292
6.5098
6.5721
5.3073
1.0338
-1.5361
-3.9048
-2.4582
2.4739
-0.6622
-6.4066
-2.2916
1.5381
-0.2950
1.1664
5.5619
8.0275
6.6340
9.9587
11.0301
7.1226
2.4619
-1.1136
-0.9547
0.4658
8.1984
10.3325
9.8262
2.6302
1.1494
-4.0754
-0.8923
3.7480
0.8245
-6.6879
-5.3615
-1.6897
-3.5295
-4.2069
-0.1789
0.5126
1.8852
1.1685
-2.6715
-4.8716
-1.9775
2.0722
3.9871
3.0378
5.7781
6.0128
12.9103
20.3611
22.1060
17.8194
10.2879
4.3893
2.5716
4.1124
1.8342
0.4608
-0.8233
-1.5120
3.0923
6.5161
5.7285
3.5406
-2.4431
-4.5410
3.6639
8.5924
5.0027
5.4395
1.5952
0.6371
2.8836
2.8321
2.1427
1.0028
1.5643
4.8623
2.0652
3.7223
7.2237
-1.6174
-5.7206
-6.6745
-8.9725
-8.1703
-3.2270
-0.8360
-3.4991
-0.1973
0.7019
-0.3869
2.4214
3.9222
2.6017
0.4699
1.3138
-0.7053
-1.4929
1.1838
1.3208
-0.6145
-2.9318
-1.3093
-5.6214
-8.8885
-6.2376
-3.5877
-4.6473
1.2651
2.9120
-1.1382
-4.0537
-5.0117
-0.5529
2.5063
7.0049
8.4196
8.3235
8.5606
4.9153
2.3984
-4.4994
-5.9422
-3.8704
-2.1281
3.5742
3.3504
4.0399
5.0141
3.0035
0.1289
-8.2014
-14.2673
-11.5040
4.5907
1.5911
-1.9239
4.7364
11.5588
5.7445
2.1265
6.0381
11.4596
6.2624
1.7614
3.5136
0.8313
-4.2057
-9.7070
-9.3339
-8.9519
-9.4451
-11.3336
-6.5813
-9.2336
-10.5241
-6.2247
-2.5068
-2.0977
-2.7018
-7.0231
-5.2784
1.2374
5.6243
8.9015
11.5448
13.3917
12.0098
1.5462
-5.0796
-2.2990
7.4841
15.9994
14.7457
13.6273
9.5462
1.8314
-6.5991
-10.1349
-12.7249
-14.8172
-15.2414
-6.5063
-1.5710
-5.2834
-4.7562
-2.7208
-3.3287
-2.2818
-2.3965
-0.1717
-1.5637
-2.5542
-0.2553
0.5441
-0.6837
-0.6814
-2.1426
-2.4121
3.9101
3.7696
-0.1949
5.0438
4.4062
0.5887
-5.9464
-6.5257
-3.7395
2.7599
6.0186
-1.3019
-7.0646
0.5927
2.7787
1.2443
2.6133
4.5267
5.3585
2.2717
-6.5294
-3.5798
-3.2197
-1.9423
-2.6456
-4.5919
-6.6379
-5.6096
-5.4509
-4.5154
-0.2109
0.1737
-3.7929
-1.0492
-0.5993
-5.9680
-5.3924
-5.5246
-7.4840
-10.9217
-8.0835
0.9353
4.4083
5.4259
5.4075
0.6775
-3.8893
-1.9552
0.9855
2.1936
4.6704
6.5223
4.1074
-0.4941
-5.5921
-3.9241
-1.3731
0.4088
1.1818
1.5425
3.1098
-3.5027
-3.7309
0.5157
-0.7168
-2.1218
3.5046
6.6197
3.3518
1.5933
-2.2325
-2.8382
-1.0036
1.7615
-0.7718
-2.5649
1.6541
1.1676
0.9499
2.7872
-0.2913
-0.8019
-1.9614
-4.0437
1.4653
7.1716
5.1372
2.5555
-1.8354
-6.3675
-3.9771
4.5075
1.1453
2.1586
1.1766
0.5180
-1.3089
-1.3114
3.5021
5.4826
5.3810
2.3596
-0.8422
-6.3980
-8.5489
2.4132
10.7005
17.0126
11.5669
5.0085
6.4687
2.5125
0.7746
5.8370
8.5608
1.2891
-1.4325
-0.5594
0.4364
-0.7925
-1.1756
2.1419
0.3831
-3.2768
-6.2408
-5.2117
-1.8260
1.1235
2.9470
-17.8915
-28.0107
-22.4008
-18.3047
-20.7912
-10.9188
2.2606
1.3756
-4.1694
-3.6087
-4.2073
0.7572
1.3583
-4.3864
-2.3316
1.0488
-1.5445
0.2845
0.5026
2.5995
0.1361
4.8225
-5.1241
-11.8709
-6.3274
1.1238
7.6691
7.3016
9.4042
10.2023
4.9849
3.3167
-0.2763
0.3038
7.5480
0.9467
-4.3868
-9.0295
-6.8088
-3.8882
-1.0116
1.1868
-0.6771
-6.1971
-2.7186
-4.3040
-1.3941
0.5182
4.3235
8.7938
8.1072
5.0229
0.0162
-0.1857
-1.7389
-2.4054
-11.5142
-14.5454
-8.2715
-8.1019
-8.8962
-4.4792
-2.7283
3.6604
3.9913
4.9391
7.5329
3.7017
0.9024
0.1262
-5.5711
-10.9389
-10.1349
-6.7760
-2.4908
2.5780
0.6382
-1.1209
-1.8360
-2.7725
-1.7575
-4.4861
-7.3943
0.8862
-3.9697
-14.3152
-9.8671
0.7799
0.0764
-0.8341
-2.6862
-3.2975
-3.8734
0.8596
6.2421
4.5514
10.5884
-5.5929
-3.9834
-2.6708
4.4697
7.2773
11.7634
15.7956
16.5767
16.7150
13.1250
4.8855
2.2847
-0.3973
1.6488
6.0967
1.3248
-2.0925
2.0551
1.9407
10.8176
13.4094
10.4793
8.0671
4.6458
4.1826
3.3007
3.5198
5.7421
2.0872
-0.7165
0.1214
-1.3620
2.2272
-0.8325
-8.8382
-12.0749
-7.6309
-7.2203
-7.7404
-10.1369
-5.9944
1.0743
0.1500
-0.0143
-2.2739
-0.2560
2.3899
-0.4374
-0.6815
-1.4878
-1.6041
-1.4751
-2.2530
-4.9133
-6.3710
-2.1152
-3.1729
-3.0951
-2.2758
-3.9429
-4.2800
-2.4215
1.4867
4.4749
1.7963
-0.9693
1.0904
2.1018
0.7468
-1.4994
-2.2734
-1.7022
0.9563
-1.1870
-2.5259
0.7867
0.2212
-0.1368
0.9254
2.7439
1.7992
-4.4699
-4.1589
-3.4775
-1.9956
-0.2902
2.2129
-1.9229
-5.3252
-5.0007
0.5981
-0.3537
-2.2056
0.9185
1.6893
4.1068
3.2019
3.4140
6.9801
0.6306
-5.0944
-7.3046
-7.0747
-5.6653
-0.1773
-4.4769
-1.4183
1.5619
-8.3367
-0.9342
-1.3455
-1.6611
-1.7573
-1.0609
0.4305
3.1464
4.8524
10.7909
8.7884
6.9433
11.2311
5.8410
-5.5243
-8.7250
-3.5489
-2.4253
-7.3841
-6.4992
-19.2381
-21.0641
-19.8958
-16.0383
-10.0237
-6.4917
-4.4726
-5.4854
-11.3460
-16.0462
-12.3854
-15.1916
-11.8682
-9.2147
-7.6081
-6.6522
-13.9586
-21.3513
-12.3765
-7.1612
-5.2205
-0.1003
2.4690
2.5260
-1.3754
-0.6936
-0.1896
3.6521
0.2868
-3.1486
-3.1723
-7.3383
-3.0431
-7.1518
-12.9695
-12.6836
-9.5898
-4.5078
-2.7847
2.3353
5.5909
2.1433
4.3239
1.5024
7.7778
9.0692
13.3665
10.4075
7.0219
-0.2009
-5.9518
-7.1650
-5.4766
-1.5396
-0.9614
0.1034
4.5690
5.6727
6.7662
4.1098
-1.1338
-0.8550
-0.2221
-1.1580
-0.6087
0.3010
-0.1828
4.4699
4.5686
3.0729
-2.9515
-3.8698
-2.5730
-2.1658
-1.4741
5.8005
7.4526
1.8941
-3.2189
-0.2742
3.2937
4.9827
3.4340
3.4298
6.1539
6.6052
5.5865
4.7940
9.1305
10.1363
4.9598
4.1202
1.2617
3.5250
2.6740
2.0741
-1.9418
-1.6222
0.1469
-1.5998
-1.4296
1.9135
1.0637
0.3594
2.8295
-7.2694
-16.6435
-15.6403
-13.5283
-10.8855
-12.6160
-16.5800
-19.1750
-15.4024
-14.6605
-15.0945
-16.3945
-16.5678
-12.7328
-6.1361
-1.6041
-2.1930
-0.1071
-4.8222
-5.4116
-2.7239
0.1322
-2.2655
-1.3507
-3.6058
-9.2551
-7.3007
-0.7118
0.7655
-1.6531
-1.5747
-2.5574
0.3346
2.1515
4.5415
3.2451
0.4877
-14.8536
-19.8062
-23.2333
-22.7598
-15.7175
-12.9783
-11.1341
-9.9153
-7.8379
-10.7222
-13.2457
-10.2597
-8.6736
-7.9964
1.1573
6.6442
4.4087
1.8584
6.2979
9.0951
8.8789
7.0295
2.8193
0.1425
-2.3766
-3.4906
-1.9634
-3.7093
-0.9862
4.7395
1.2729
-1.1350
0.0394
-4.8466
-1.5795
-2.3282
-1.5392
4.4327
9.4276
10.9121
7.1222
6.9129
11.1920
14.6219
11.0016
11.7791
15.2155
13.7864
8.6225
8.3809
7.1509
-2.6371
-13.1484
-10.7410
-0.6312
12.6328
16.9985
10.3851
-6.1488
-11.7134
-12.8944
-15.9845
-14.2470
-14.1924
-19.2766
-22.3753
-24.9931
-17.8021
-8.3943
-6.2574
-10.9952
-7.6640
-4.7963
-5.9156
-1.4613
2.5282
4.1830
-3.1097
-6.3535
-5.1604
-7.5985
-8.9650
-3.1367
0.8416
0.1426
-2.0487
-0.6659
-0.0439
2.0146
6.2779
5.9918
3.1529
4.1472
1.3529
3.0270
2.4837
-1.9752
0.7848
-3.9045
-14.8024
-11.5126
-8.0765
-13.0310
-8.1118
-3.5521
-2.5463
-0.1054
0.0391
4.2332
3.8011
-2.6654
-2.4394
-3.6765
-1.9180
-1.8366
-6.2982
-1.5608
-0.8930
-2.3734
-0.4167
1.5155
1.6051
-3.7262
-10.6728
-8.5812
-3.6916
-1.4924
2.8921
8.6133
21.8369
26.6642
28.9967
27.6607
14.6668
4.5046
-0.0673
-0.7600
0.7782
2.1069
9.3924
5.0791
-0.6385
1.4881
0.5981
4.3875
13.1809
21.6267
38.6459
49.4012
49.8906
48.6121
29.4181
20.4508
23.5326
25.4440
27.6759
27.7028
26.3138
12.7276
-0.7251
-6.3961
-5.0800
0.8888
1.2688
1.8946
3.5458
5.4386
11.2883
4.6094
-0.4463
-1.2016
0.8611
0.4612
3.8238
4.8956
3.5189
4.0011
5.6007
12.2566
13.8919
20.9807
25.1567
22.5494
23.1363
30.5835
32.9426
24.4469
5.3925
-3.1453
-5.0484
-12.2796
-9.0167
-1.7848
2.2808
11.5361
14.3469
11.4297
9.4756

Coefficient 19:
2.0977
-5.2388
-6.8269
-6.9137
-3.4204
1.5095
2.1242
2.4592
5.2488
5.1313
2.0005
-1.8077
0.6438
-2.5696
-3.7833
-3.2981
2.2500
0.7951
-2.1019
-9.4169
-11.0236
-19.6006
-20.2534
-12.8099
-10.5684
-0.5700
4.4309
1.1970
-7.8251
-7.2097
-3.1082
-1.5458
-6.2385
-6.9780
-4.9347
-2.3361
-0.7496
-0.8575
-4.8477
-8.6671
-1.0782
-6.1959
-12.3806
-11.3548
-3.0018
1.7809
6.5399
11.5469
1.8205
-4.9613
-8.8882
-0.9312
7.1016
6.2760
-5.7144
-13.5474
-5.2444
0.8845
0.4214
2.1308
-3.5720
-5.4867
-3.3939
-0.8745
-0.8255
0.7103
5.8895
3.1320
-2.0908
-7.7202
-9.7412
-17.5768
-21.9020
-16.2114
-11.0190
-12.6294
-11.9640
-9.7734
-9.5408
-10.5321
-10.3588
-13.7504
-19.8981
-22.6408
-26.6201
-27.8146
-27.6429
-17.7578
-18.7283
-18.6230
-15.8822
-16.6135
-13.0893
-14.1726
-14.8441
-7.9585
0.5857
1.9255
2.0541
4.3802
6.8127
0.6677
0.7247
2.4275
1.4255
0.0448
-0.2838
-7.6952
-16.2496
-17.9527
-18.4813
-11.6158
-4.3816
-0.0546
-5.1061
-14.7926
-10.6199
-3.5334
-4.0459
-7.2786
-8.8375
-5.6524
-0.7440
4.6370
-2.7957
-8.3257
-7.9288
-7.4955
-8.3804
-8.1517
-9.8088
-19.1098
-18.7265
-17.9773
-16.5108
-17.4070
-24.6618
-21.5542
-16.8064
-21.0696
-18.3469
-15.3522
-16.1732
-14.6431
-6.5425
-5.9555
-14.8057
-17.8779
-20.1874
-22.0280
-22.5457
-27.7297
-27.3954
-16.9987
-11.3533
-9.6704
-10.7031
-13.1516
-16.5075
-17.5887
-14.3768
-10.6810
-11.3953
-11.6187
-13.4369
-11.9804
-11.8794
-6.7894
-5.0788
-2.7326
-1.3522
1.9005
2.2840
-1.8167
-0.3675
-0.7823
-2.2935
1.0958
-1.1729
-2.1563
-2.5445
-3.5054
-0.8813
1.4653
0.3451
-1.6788
-2.5406
-1.2607
-2.3578
-2.2186
-1.9154
0.3043
1.2729
1.0346
-2.1973
-5.8806
-4.1070
-2.7673
-3.2542
-1.0440
0.5735
-1.0828
-0.3470
-2.7465
-1.5754
0.1809
0.5496
1.5520
1.5474
-0.5356
-6.8017
-8.5882
-2.4255
2.4549
7.4574
4.8770
2.1532
1.4954
2.8056
4.4449
1.0601
-2.8722
-20.5571
-26.3230
-21.0142
-16.3245
-10.5466
-10.8531
-13.1574
-14.8310
-21.5764
-9.5147
-12.1199
-8.6033
-6.2541
-0.9187
-0.3013
-8.1073
-9.0814
-2.1550
-0.1552
-5.1645
-12.3049
-16.6614
-14.2371
-10.6005
-11.0508
-14.1082
-14.5192
-13.9435
-14.0408
-16.1619
-14.1131
-10.9117
-9.3628
-6.5028
-4.5631
-1.8177
-3.7533
-12.7060
-17.7610
-20.7866
-25.3453
-24.7306
-17.0548
-13.6534
-10.3467
-9.1272
-13.8474
-10.4271
-9.0506
-14.7135
-21.0886
-19.7833
-25.1072
-24.0250
-24.7529
-23.4332
-21.5647
-20.5058
-15.7791
-10.7503
-5.3789
-1.0185
8.0804
-0.6477
-3.2587
-5.9320
-1.6566
-2.9097
-23.5851
-29.3027
-18.6935
-2.0835
1.9265
1.4992
4.7302
2.0334
-3.5460
-2.3156
0.4012
1.3701
1.4235
1.1564
1.5893
2.1853
1.5805
0.6237
1.8406
-1.5963
-2.5298
-0.5088
-0.4156
2.5586
-2.9143
-9.5732
-8.1617
0.5356
0.4380
0.3849
-0.5305
-3.7686
-4.9068
0.8454
7.1116
2.8162
-2.3223
-1.6546
0.0113
2.6918
1.1995
0.8383
5.4310
7.6279
7.1247
-0.2150
-4.5325
-2.1690
-2.7558
-2.0268
3.2401
0.0417
-7.9400
-5.2360
0.0002
-0.6169
-0.1736
3.4266
5.5420
4.8785
4.7296
3.6282
1.2194
-2.8904
-3.2947
-2.0786
2.0494
9.4556
8.9567
2.6508
-4.2352
-3.9278
-9.1627
-5.6397
-3.0433
-10.1477
-14.4893
-7.3950
-1.0506
0.7058
-5.1591
-5.8710
-11.1879
-16.3021
-16.0958
-15.2753
-17.0144
-18.1406
-14.7175
-8.9636
-12.0785
-15.2035
-17.3281
-18.3570
-20.5625
-24.4829
-26.2042
-20.9674
-16.6919
-11.8503
-9.9357
-13.8833
-16.6958
-13.5846
-3.3606
-0.1499
0.4434
0.1864
-2.5723
-9.2229
-8.0826
0.8972
8.0540
5.7488
3.9771
0.6123
0.3350
2.2968
2.4992
1.6442
0.6467
1.3979
3.6579
1.8440
0.1907
-0.9149
-4.8789
-6.2316
-6.1279
-6.5305
-5.8606
-1.0629
0.6908
-2.5082
0.7639
1.4667
0.3133
2.0445
3.3938
2.9563
0.4359
1.7499
-1.6253
-3.1873
-0.0268
-1.5267
-3.6832
-2.0643
-1.4987
-7.0563
-8.9515
-4.7444
-3.1823
-6.4162
-1.8068
0.5124
-1.5182
-4.3182
-6.2089
-2.0825
5.0305
9.9617
11.7406
9.0976
9.2626
5.9567
1.5435
-1.6437
-2.0387
-4.6957
-1.7706
3.5802
1.0939
-4.6844
-1.4517
4.2253
3.8939
3.9954
-1.7637
-5.2702
-10.9417
-14.2979
-10.9700
-14.6262
-22.2759
-26.7709
-25.9891
-23.8080
-17.9198
-16.3955
-16.5157
-3.6486
2.0871
0.2183
-1.9588
-0.5002
-1.6916
-9.1186
-15.0977
-21.2371
-20.6693
-18.7830
-19.0961
-17.9410
-8.3610
-6.8193
-6.5016
-12.0053
-15.0902
-17.4844
-19.6167
-22.7386
-24.5335
-20.6813
-20.3266
-16.5729
-10.0101
-12.1265
-20.1730
-26.5845
-33.7774
-27.7947
-27.5520
-21.1873
-8.4156
-7.8044
-7.3797
-12.0421
-5.8309
-2.3022
-5.0716
-5.0811
-3.3570
-3.1749
-1.2971
-1.7602
0.5246
-1.7901
-1.7295
-0.4756
-1.4197
-2.3856
-1.8444
-3.9142
-5.7019
-0.1039
0.8265
-2.3165
1.7311
0.8140
-3.5694
-3.0732
-1.1810
-4.9354
-8.6028
-8.7797
-7.9164
-16.0552
-15.7965
-16.9287
-14.7568
-7.0521
-0.6499
-3.5486
3.4877
-8.6662
-16.4104
-14.7916
-9.9083
-3.0911
-3.6394
-8.3468
-8.7525
-10.1007
-13.8955
-20.6681
-18.8934
-16.5469
-15.0744
-11.1766
-9.8208
-6.3544
-9.9400
-14.5126
-14.5440
-12.4953
-11.5176
-2.0790
5.9114
4.5498
3.0772
-1.9737
-3.1233
-1.4625
-1.3540
-1.0522
0.3498
-2.2112
-5.3437
-9.9017
-9.6659
-5.6538
-4.8517
-8.6610
-8.1484
-8.1250
-11.4231
-9.1515
-3.1541
-0.0754
2.6086
6.3948
6.8693
3.2087
-0.8379
-3.8096
-3.6847
-0.8139
2.1214
0.0305
-0.1359
3.7368
0.8823
-1.2517
2.7366
2.0358
0.1715
-0.9184
-2.8124
1.0543
5.7686
3.8881
2.4831
0.9341
-2.8648
-2.9964
3.5997
0.5879
-0.2270
0.0338
0.5593
-3.7712
-5.3262
-0.0240
5.3885
5.6321
3.0985
-0.4615
-9.0359
-13.3746
-1.9877
3.1755
5.5087
2.3549
2.2849
6.1299
3.2440
4.0219
7.1856
9.8561
6.3465
1.7365
0.3020
2.6439
2.8964
6.1649
6.5522
2.0935
-1.4695
-6.6820
-4.2625
0.1018
-2.7232
-0.8435
-10.0718
-13.3780
-10.5074
-14.5029
-14.3896
-12.4207
-11.6690
-12.9400
-12.4409
-10.9970
-7.2358
-6.5189
-8.6128
-11.8124
-12.0795
-10.7522
-13.5311
-15.7560
-17.9187
-10.8712
-13.4316
-15.0022
-19.6689
-10.1109
-6.5816
-10.4128
-10.7038
-12.7696
-8.9917
-5.8756
-4.3787
4.8611
4.4003
3.2664
-7.3271
-7.4740
-10.5030
-7.3330
-8.4206
-14.4286
-15.0031
-11.3253
-16.7476
-22.0882
-18.7563
-20.0212
-22.0112
-22.7213
-24.2241
-17.8207
-13.2593
-18.6626
-14.9335
-10.1768
-11.1364
-6.1211
-17.1167
-23.2816
-21.1568
-19.8347
-12.7518
-11.4944
-16.6641
-27.1339
-27.4470
-27.2693
-26.2382
-24.5040
-20.6213
-18.5835
-17.7848
-15.0709
-19.7232
-17.3195
-6.6473
-7.3049
-9.9078
-3.0418
-0.2082
-0.8783
-0.9895
-4.0807
-7.8662
-13.9383
-17.6635
-28.2200
-27.8194
-14.6316
-10.4111
-7.0132
-14.7282
-19.2022
-15.7432
-14.4895
-7.5737
-6.2492
-5.0379
-5.7365
-11.7214
-5.3869
-6.2036
-17.0591
-26.8238
-29.8900
-20.5314
-7.8562
-2.1338
-5.6969
-10.4142
-11.3811
-13.1425
-15.4002
-13.7185
-12.7394
-4.0988
-5.1967
-9.1478
-15.7781
-20.6938
-17.0754
-16.4625
-17.6029
-20.4221
-19.2066
-13.9629
-10.7833
-9.4467
-1.5021
2.1876
9.0397
3.2743
-2.5153
-3.7949
-3.6762
-1.0484
-5.6933
-5.0015
-0.4871
-1.4396
-2.3361
-1.4922
-3.2784
-5.9651
-3.3266
0.8024
0.7542
-1.1455
-1.0038
-1.0675
-1.6153
-2.4634
-3.6465
-3.2862
-2.7611
-3.1112
-2.1233
-3.4231
-3.8101
-2.6710
-1.2701
0.1091
-1.6357
-1.8449
1.9768
2.4269
1.1107
-0.9818
-0.5804
-0.1443
0.9635
-1.0595
-1.8351
0.4392
-0.0400
-0.3538
-0.1024
2.3458
1.9231
-2.5852
-2.7652
1.1445
2.5078
1.9234
1.0502
-2.5967
-5.1007
-3.0426
1.5068
-2.7396
-4.3363
-0.6160
0.5652
2.2755
1.2529
-9.4199
-18.1545
-17.4069
-21.2904
-19.1404
-14.0033
-8.9384
-4.9507
-7.4767
-3.6469
-7.2280
-18.5458
-7.9764
-2.1362
-2.8711
-5.0358
-10.4865
-13.6806
-11.5219
-10.4925
-13.1741
-16.2462
-20.1682
-17.7938
-5.9235
-3.8164
-9.4915
-10.8172
-3.5945
-3.3486
-9.1680
0.5908
4.4406
4.2424
-1.2162
-2.3342
-0.4595
-0.1664
-4.6776
-5.8465
-3.9757
-1.8186
2.3487
2.6680
-0.6396
1.1171
3.7764
-2.2998
-4.6777
-6.9578
-11.9556
-12.8615
-8.0425
-12.6832
-18.6817
-23.6663
-19.3077
-10.3198
-6.4590
-9.4549
-7.2244
-5.3129
-7.0207
-7.3650
-9.3757
-8.5326
-11.8362
-15.6564
-8.7454
-4.4767
-12.3217
-18.3147
-19.4429
-16.9060
-14.1477
-12.5715
-14.3831
-14.2869
-9.4385
-8.3992
-16.2540
-17.9137
-13.3673
-5.0813
5.0165
4.6717
2.9997
3.1431
3.2832
2.8352
0.2587
-1.2795
-1.0960
-0.7009
-1.0769
-0.4199
-0.7274
-1.4216
3.8200
4.3109
2.7171
-3.2956
-3.5334
-2.1016
-1.8262
-1.2348
6.5687
8.6623
1.4713
-4.3709
-1.8124
2.0210
5.2727
5.2005
3.8361
6.4360
8.3778
8.9812
4.1078
0.3981
1.2008
-4.6875
-7.6978
-8.0099
-4.0247
-3.5176
-3.7932
-3.1170
-0.4656
1.3617
0.1546
-4.5799
-2.6230
-3.9249
-2.2211
1.1971
-0.5000
2.6392
2.1892
0.4563
-0.1570
-2.3722
-6.8299
-7.9447
-8.9226
-10.7266
-11.7739
-15.9695
-14.0558
-9.6154
-2.9356
0.2845
-1.1615
0.5501
-5.6880
-7.9379
-3.7432
1.3808
0.5070
2.3652
0.8143
-5.2182
-5.7893
-2.1363
-0.6110
-0.4154
2.5665
-3.0097
-4.8382
0.9791
4.7806
3.0276
4.8017
-3.0165
-6.6082
-8.6181
-11.7907
-14.2541
-10.0339
-7.6319
-6.5889
-2.9292
-4.7202
-4.0730
1.0866
8.0517
8.9680
12.2930
12.7712
5.3873
2.6629
3.2780
3.1933
-2.4509
-5.3122
-2.7348
0.1326
-1.2502
-2.0993
-0.6434
-1.9259
-1.1792
1.2991
-1.8250
-1.8862
0.4604
-5.0000
-13.0034
-13.8924
-1.0487
10.9179
10.6436
6.5272
6.5919
6.0888
11.5355
15.2229
11.1299
11.1594
7.9822
5.4736
5.9564
8.6826
9.4952
6.4053
0.6590
1.0911
8.6027
17.9883
21.4497
20.8612
19.5111
17.7772
8.2331
-2.2190
-2.5684
-2.4164
-4.9654
-5.4655
-5.6464
-11.0912
-13.3518
-12.1765
-3.0836
0.0230
0.2734
-1.2612
-0.5128
3.2599
3.9884
-4.8155
-6.6314
-3.7841
-4.0177
-6.5745
-3.0985
-1.6893
-2.5709
-2.8735
-1.8415
-5.7522
-3.9703
-3.2922
-7.7502
-5.7649
-1.2150
-0.8244
1.7370
2.4190
-3.1597
-4.5412
-7.1637
-11.8853
-10.4496
-4.5675
-8.6699
-2.9472
1.3110
-2.9396
-1.2348
-1.1965
-5.6456
-4.1404
0.1259
-2.1027
-11.5151
-10.2250
-9.2407
-4.9187
1.7018
0.5370
-2.7262
-1.1470
1.4278
-1.2841
-6.2331
-8.7778
-5.7990
-2.1587
-1.3064
1.0379
9.5191
16.0462
14.2889
10.5896
8.7310
-1.8393
-6.3162
-13.9022
-19.3832
-17.2812
-10.1898
-2.1624
-7.9863
-15.8770
-13.4526
-8.6739
-5.4179
0.2777
2.7928
10.0430
11.2520
18.7459
20.1606
-1.0895
-10.3989
-3.3870
2.1948
2.9385
10.2759
18.1425
12.1318
-2.6230
-6.8061
-7.1258
-8.5739
-5.5721
-2.9641
0.3987
4.4405
3.6413
-3.0687
-7.5811
-8.6305
-6.4754
-5.2635
-5.7280
-6.6793
-4.3107
-3.7644
3.5476
1.8099
1.4148
7.2426
4.3491
-0.0216
2.1356
10.6372
24.5766
29.9314
9.3838
-9.3232
-14.0237
-12.8100
-5.3504
-1.6346
1.3727
0.5722
-8.5631
-12.8945
-11.9386

Coefficient 20:
1.9224
-1.0036
-3.0561
-1.2758
2.4848
2.8505
2.3432
3.0979
5.8038
4.0304
0.8840
-3.6634
-0.2709
-2.6039
-5.0228
-5.5566
-2.0328
4.9132
-0.4743
-3.2375
-4.5623
-7.0236
-2.3768
1.7270
0.3412
-0.0016
-4.0582
-4.3398
-8.8159
-8.5756
-3.5872
-1.7569
-2.7999
-4.5254
-1.3677
-4.5589
-4.0229
-2.9216
-2.0589
-1.8292
0.4251
-1.3556
-0.3211
0.7596
1.7938
-0.9282
-2.5406
-0.9853
-6.8150
-6.0670
-7.1436
-5.2403
-4.3547
-7.7791
-14.2782
-12.3087
-4.1792
-4.0737
-8.2473
-10.6584
-13.7964
-12.3890
-6.0441
-2.4870
-1.4924
-1.9585
-6.8486
-9.3472
-3.0503
2.8113
0.5298
-5.5180
4.8527
3.2637
-2.9234
-3.5435
-4.6870
-5.4965
-6.2808
-2.7520
-0.3481
-2.3669
1.6871
-4.2585
-7.8093
-4.8773
-5.9756
-6.0961
-7.6181
2.4445
1.6318
-4.2085
0.4231
2.6951
-0.9364
-7.5335
-17.5091
-22.2044
-15.2353
-8.3394
-3.6958
-3.4912
-5.4136
-5.8449
-4.2974
-5.7613
-10.5069
-2.9333
-3.3318
-9.8507
-9.7357
-8.7117
-10.9390
-12.8271
-10.8590
-12.4159
-8.8211
-5.8385
-6.6581
-14.1499
-14.3073
-14.4609
-11.0343
-9.2877
-9.3453
-10.7999
-16.7560
-16.0175
-14.8924
-15.7838
-19.6731
-6.9794
1.5538
3.6745
5.4479
5.1541
0.6140
4.6550
10.5279
9.0388
7.7212
5.1052
0.2581
1.9155
6.2371
4.1996
-8.2659
-13.9140
-15.8211
-14.9421
-12.8032
-12.7258
-7.2541
-1.2912
3.9569
3.8848
5.8123
3.7578
1.5284
0.3580
-1.6436
-0.9289
-3.7705
-12.2906
-22.4824
-22.8717
-18.2522
-12.6896
-6.9367
-4.2762
-3.2244
0.5323
1.7306
-2.6907
-1.5506
-1.5328
-1.9886
1.5894
-0.7879
-1.9860
-2.5523
-4.4872
-2.0891
0.4966
-0.4988
-1.1964
-2.3665
-1.3235
-4.4975
-4.6927
-5.1901
-4.2984
-2.5693
0.0377
-2.2153
-6.3810
-4.6299
-5.4265
-6.1637
-2.7177
-0.4813
0.2771
-2.4210
-6.0200
-1.5857
0.2481
1.3648
0.1222
-0.2810
-1.0107
-6.5394
-8.1775
-2.5461
2.2243
8.4527
6.1791
1.4535
0.1342
0.1361
3.1174
2.8988
2.5465
-4.9182
-7.7774
-3.5342
-0.5622
4.0806
7.8528
5.2757
8.9967
10.7259
8.8156
0.8086
-2.3079
-4.8016
-3.0019
2.9240
-5.5646
-6.5636
-9.9412
-11.1093
-1.4220
-0.4711
3.3545
5.2578
6.6453
8.7959
8.1438
3.2206
1.3706
1.0007
0.4111
-3.9210
5.7411
10.4380
10.8857
5.3309
6.9050
0.3983
1.7763
7.4538
6.8504
6.8938
9.7646
11.0121
9.6186
10.8482
6.3279
-2.6283
-3.0399
-5.3875
-4.2863
-2.4042
4.5876
5.6989
2.2101
-1.3853
-1.9126
-5.6844
-11.4614
-10.3986
-11.6516
-7.5033
-1.2800
-0.6178
6.0029
4.7164
4.2042
5.6793
1.9445
-10.6216
-12.9673
-5.2842
0.9893
-1.5783
-4.4798
0.2869
0.7693
-4.1664
-3.8064
0.8652
3.3932
1.4078
1.2680
1.5400
2.5181
2.1187
0.9798
0.6805
-2.1011
-2.6143
-0.4799
-1.6280
0.1839
-4.1621
-9.0837
-8.0326
-5.3428
-7.3418
-9.3833
-8.9622
-7.6865
-5.2191
-0.0787
5.5347
6.5202
0.4944
-1.9801
1.8017
2.9994
-0.1922
-2.5017
0.2141
1.6367
4.7911
-0.2633
-5.4502
-3.7174
-2.9021
-2.4659
1.5929
-0.7003
-7.8670
-7.3112
-1.6345
-2.0069
-2.2182
1.5647
2.2460
1.8668
-1.0996
-6.9866
-6.7150
-7.2996
-4.6408
-2.9107
1.6289
4.3334
-3.7959
-12.4926
-7.7469
0.2549
-5.1389
-7.3904
-6.1486
-5.1367
-0.7800
3.1113
0.8152
2.9638
11.9185
10.7299
3.3111
-1.0529
-6.1612
-3.1005
0.7065
-2.3524
-2.0045
2.7932
-3.4970
-7.1035
-6.1347
-3.6435
0.9705
1.6610
4.5642
4.0309
-0.1244
-3.7478
-5.4753
-1.1137
0.4874
-0.9915
0.8989
4.0810
3.7426
2.7325
-9.0802
-11.5458
-8.3494
-2.3355
2.2278
0.0191
-0.9947
-3.4075
-0.7543
1.3098
2.1359
0.8501
-0.8547
0.3650
1.1834
-2.0275
-0.3236
0.6807
-2.2451
-3.5584
-2.5848
-2.9594
-3.0365
-0.3622
-0.9561
-2.8441
0.9790
1.3060
-0.1271
1.0146
2.2132
1.7122
-0.5786
0.5017
-4.2370
-5.3916
-0.9156
-0.7783
-2.7573
-0.4177
-2.0068
-5.9811
-5.8641
-2.3273
-2.9985
-7.8203
-4.8215
-2.7312
-2.3790
-5.1342
-6.3568
-0.6222
7.7446
5.5951
1.2110
-1.6062
0.6058
-1.3343
-0.2116
1.8477
-0.3320
-5.3682
-3.8846
1.0691
-1.8203
-5.4460
-1.7714
-0.9030
-6.1965
-7.0957
-6.5897
-8.8703
-9.5722
-8.4651
-5.5098
0.4606
1.9951
1.2251
1.0174
-0.7064
4.1496
8.6477
7.1704
-3.4679
-5.8706
-8.1209
-6.3566
4.0736
7.4970
4.6238
-0.4468
3.6465
5.1236
4.2426
6.0927
5.0286
0.0446
-4.3675
-5.6595
-4.7570
-2.1076
0.3009
1.0515
7.2949
6.6343
6.5530
0.0184
-7.3591
-7.1067
-3.4739
5.0969
8.6379
5.0218
5.2482
1.4562
-6.2539
-9.7748
-7.7714
-4.6688
-5.9147
-4.6508
-3.7032
-4.6437
-5.4069
-4.1465
-3.0091
-0.2776
-1.0479
-0.4690
-2.4249
-1.2347
-1.4097
-1.4633
-0.3155
-2.1987
-5.3412
-7.9247
-3.7506
-1.2938
-1.6745
-5.0631
-5.2485
-6.7302
0.7257
6.1877
1.2355
-3.4316
-5.3966
-1.9323
-8.1189
-6.2362
-11.0896
-9.2550
-0.5489
2.8115
10.3088
19.5568
12.5336
0.7386
1.0101
1.9336
1.8895
-1.1755
-2.7212
-4.7447
-5.4788
-5.2470
-6.8905
-9.6961
-7.8234
-8.7130
-9.9320
-6.0110
-3.2324
-4.2969
-8.5172
-12.5302
-13.3836
-12.0541
-5.9586
-3.8207
-9.9957
-11.1415
-8.8467
0.4132
-1.0736
-1.9707
1.2401
5.4507
6.4422
0.4727
-5.7622
-7.1309
-1.5074
-0.0844
-8.2728
-12.7365
-13.8750
-12.2155
-9.2083
-5.0551
0.2245
4.0833
5.0534
4.6538
2.1487
-1.7822
-4.5083
-4.5281
-0.8607
1.8827
0.1071
1.2193
5.2350
0.8667
-1.7377
2.2308
3.2967
0.9486
-0.1060
-1.7514
-1.8947
1.2404
1.4832
1.0916
0.7584
-0.6627
-2.6648
0.7922
1.3036
-0.7586
-4.3271
-6.4562
-9.2857
-9.0588
-5.9935
-3.4838
-2.4506
-3.0009
-1.1440
-7.7374
-11.8622
-4.4542
-2.4680
-1.8729
-4.2662
-0.8238
4.6687
2.0922
1.7011
2.0666
2.1866
-1.0938
-2.6674
-3.3920
-2.7103
-2.2317
2.5390
3.2870
1.6547
-0.4660
-7.3686
-2.9210
3.7041
-4.4778
-4.0571
3.6103
9.8379
9.6324
3.8239
-0.9375
2.8074
3.1860
3.3221
10.1208
7.0363
0.7139
-2.3792
-5.3818
-10.9868
-8.8989
-7.5559
-6.4885
-2.8259
0.9447
4.4457
-1.1173
-9.7278
-5.1551
0.7257
-0.4456
2.0894
1.7878
1.0638
0.0011
-6.4103
-7.7651
-8.8955
-8.1229
-2.5438
5.5622
11.2908
9.2444
8.1235
0.6241
-6.3897
-8.4668
-12.8284
-13.0038
-9.5746
-6.1252
-2.9211
3.9753
8.7471
5.9722
-2.7387
-4.5821
-4.3213
-6.4975
-3.5684
1.5958
0.4037
-5.3888
-5.5784
-5.2604
-8.0198
-5.9181
-1.2962
-2.7070
-8.4701
-8.1958
-8.8015
-12.4909
-10.1971
-1.8981
-2.0970
-2.2425
2.6607
1.1710
1.3602
1.8687
2.9532
-0.7862
0.9702
0.7967
1.5184
-0.5912
-3.3290
-5.4233
-2.3781
-5.7139
-2.9406
-1.8999
2.4753
0.5800
2.2141
-3.7817
-6.9550
-2.5757
3.3558
4.7694
1.4153
-6.3088
-1.9539
-8.9467
-10.1176
-4.6756
4.3105
7.6675
3.7195
2.4229
3.3957
1.1325
-3.9932
-7.6026
-4.7450
-7.6970
-9.0716
-10.6379
-9.5228
-11.4868
-9.9575
11.1636
13.4641
8.2531
2.1373
0.1453
-0.3510
-0.5402
0.1253
-5.4671
-8.1575
-9.5285
-5.2235
-5.2254
-2.1821
-5.0983
-6.8368
-6.7568
-6.3793
2.0570
2.5451
3.1660
4.2573
1.0365
-2.6944
-2.7287
-4.0306
-1.8289
1.7889
3.0130
1.7650
-1.0517
-1.0218
-1.0346
0.1950
2.0696
-0.5644
2.5818
3.7079
-1.9555
-2.6836
-3.3241
-3.4575
-2.6583
-4.3447
-5.9846
-6.0834
-2.7643
2.3056
1.8606
0.7814
-1.4508
-0.9841
0.6530
0.6580
-1.3115
-1.9168
-1.7806
-1.2750
-0.6321
0.5996
1.2105
-0.7756
-2.6196
-1.1583
4.0434
5.9196
3.1818
-1.9636
-4.0117
-5.3555
-4.5008
-1.8304
-6.1558
-6.5891
-1.8986
-0.2106
0.4065
-0.7031
1.4675
3.8094
15.8773
13.2917
9.9294
9.1498
8.8083
5.0917
-2.9870
-2.8266
-2.3010
12.7251
8.0424
4.6537
4.5496
3.1903
1.5326
2.4201
3.3059
4.5117
4.3841
8.2062
6.7853
5.7161
5.2037
0.8705
-8.6410
-13.6453
-8.2279
-3.8128
3.5969
13.6533
5.3999
1.8529
0.4787
-4.1170
-3.8814
-4.3454
-0.2643
1.8689
6.8880
7.2235
9.6217
7.6950
4.2556
4.8347
7.0656
12.9003
6.9225
3.1586
-3.8856
-7.0915
-5.3626
1.5797
-0.3189
-0.4967
0.4220
0.9933
1.1506
0.0357
-1.6576
-6.2054
-4.8502
-1.9725
-0.2336
4.3907
7.7960
1.1099
2.9995
4.2568
8.4752
9.8709
11.4131
13.0905
13.2746
8.7051
10.1562
10.1412
14.2101
13.1713
9.3088
8.2718
11.5943
5.7516
11.1558
9.5298
0.9436
-4.1715
-3.9046
-7.1846
-5.8945
-1.4319
-1.5173
-1.4572
-1.1894
-0.6083
-1.7412
-1.8796
3.0679
3.6326
1.9099
-2.7801
-2.9009
-1.8597
-1.2114
-1.1635
6.0566
8.4746
0.8226
-4.5233
-2.9693
1.4322
4.1601
1.7639
-2.3796
0.8232
5.3382
6.4021
1.8750
-0.0164
1.8705
-0.6175
-1.8263
-3.9608
-0.9159
2.2346
-0.2234
-1.5817
1.1324
2.7175
2.2360
-6.3402
-7.1278
-8.3265
-5.3035
0.6490
0.5740
2.5337
1.1009
-1.7647
-2.9730
-5.8084
-7.6367
-10.0706
-13.2958
-11.1027
-3.2285
-0.5181
1.8748
-1.0362
0.4525
-0.4953
-1.2201
-0.3031
-6.0566
-9.0035
-6.3221
-3.8721
-2.9291
1.2770
-1.3266
-8.0401
-7.3043
-5.5661
-5.0151
-0.5257
2.5679
0.7783
0.3505
0.4696
-1.9049
-3.4986
-1.3342
-0.7715
-3.8018
-6.5817
-10.3248
-13.6349
-10.9786
-8.8984
-8.6942
-4.2635
-6.2825
-8.8043
-7.7130
-6.3225
-4.6383
-2.0770
-0.6805
-0.1304
-0.2799
-0.1992
-4.3923
-12.8097
-13.5692
-6.1611
-0.5322
-0.6128
-2.2842
-0.0218
-0.6072
-1.6338
-2.1351
-4.4697
-2.4806
1.5664
-1.7486
-8.1908
-7.4246
9.6268
16.2369
11.6598
6.5651
1.4454
-4.8758
-4.2852
-8.3326
-9.8429
-9.1838
-10.2025
-10.9090
-16.1315
-16.7810
-16.3805
-15.9544
-16.3668
-15.0746
-11.4496
-11.1938
-9.7294
-6.2112
7.0181
16.3995
16.5612
10.2110
5.0076
1.0008
5.3259
11.3728
14.0467
15.6195
16.7279
9.4874
11.8071
15.6584
9.8330
1.8769
-2.8950
0.1830
1.6100
-5.6623
-5.4216
-2.4891
-2.0863
-4.3777
-3.5592
-5.3875
-6.6133
-5.1809
-3.3329
-7.1902
-7.3904
-8.0243
-11.0724
-5.9010
-1.3649
-2.2142
-1.7786
0.1865
-6.4956
-10.0907
-7.4177
-7.0872
-6.3936
-3.7636
-5.1400
-5.7557
-5.7480
-9.2611
-6.9243
0.6146
-1.0025
-5.7999
-1.0905
1.3357
-4.0793
-3.3856
-2.9827
-6.2955
-0.7427
-3.3382
-7.9574
-5.6438
-2.0424
-4.1711
-5.6118
-3.3095
-0.0394
1.2258
2.0226
0.1642
-4.7611
-14.5980
-26.5176
-29.6212
-30.2047
-30.0297
-22.3209
-29.7487
-39.3472
-37.9066
-32.8771
-36.6195
-41.6150
-39.3017
-35.0197
-28.8791
-27.0456
-35.1953
-33.3278
-27.8158
-29.9282
-25.8455
-18.6678
-22.0690
-13.2664
-9.2649
-12.2616
-13.0388
-5.7139
-1.3046
-2.9085
-7.8184
-8.9835
-7.4799
-8.0604
-8.3145
-7.1445
-2.8700
1.8431
0.4917
-1.2188
-2.9291
-4.3572
-4.4472
-1.3295
-4.0457
-6.6998
-8.0898
-6.7803
-4.9717
-2.5533
-0.4863
-1.8322
-8.5417
-10.6651
-10.5283
-11.9711
-6.4925
-4.4344
-14.6892
-17.7880
-16.5762
-10.1695
-5.3362
-5.1227
-3.0525
-6.1948
-14.5837
-10.1924
-13.3098

Coefficient 21:
1.7574
-5.2147
-4.6122
-1.0911
0.4730
-0.3040
1.6724
2.6683
5.2683
1.3506
-1.7842
-4.7751
-1.8147
-3.4766
-4.5108
-6.2547
-8.4444
1.7200
1.0230
-7.3205
-9.0587
-8.6148
-13.1000
-10.4222
-6.5768
-3.4107
-10.2078
-7.6122
-8.8050
-8.7382
-4.0463
-1.9924
0.8789
-1.0945
2.7242
-0.0997
-4.3647
-2.7765
-4.2765
-5.7536
-2.6696
-0.4144
6.2274
9.8113
5.1704
-3.0870
-1.9040
-1.8412
-9.7130
-12.5719
-5.7308
-4.8572
-9.1155
-5.3213
-3.2243
-6.1974
-9.8838
-9.9760
-9.5949
-5.9413
-12.2613
-12.0411
-4.9550
-3.6855
-1.3718
-4.2274
-12.2182
-11.5151
-7.7299
-10.8930
-18.1902
-14.5875
-2.5338
-2.2753
-2.0623
-4.5967
-8.1523
-6.9506
-9.4916
-7.6708
-7.3543
-10.5413
-9.3383
-8.1693
-6.0319
-3.2490
-0.2866
1.7876
2.4697
-0.5808
-4.5056
-12.1592
-15.2293
-11.4886
-6.2116
-0.1999
-6.4698
-14.2982
-11.6081
-11.0690
-16.0328
-20.2842
-17.8666
-14.9423
-10.0157
-9.6582
-16.0500
-25.0231
-17.0072
-8.6065
-9.2240
-15.6862
-14.7908
-14.7916
-4.4664
4.2445
-5.8026
-11.8576
-9.5849
-8.8019
-9.5962
-10.9509
-12.3875
-12.5517
-6.3618
-4.0820
-10.2457
-7.7100
-1.7315
7.3075
2.2241
-10.7165
-8.3044
-6.9193
-2.4472
-6.4031
-11.4904
-8.3641
-6.2615
-2.5474
-0.2746
2.4800
-1.1226
-4.4856
-6.0276
-11.9165
-13.7431
-11.2675
-6.1570
-4.1767
0.7309
-1.0587
-0.2456
-5.8345
-11.2956
-14.6749
-13.6163
-16.3344
-15.8582
-15.6220
-13.8922
-12.3903
-9.6749
-6.9490
-7.2158
-6.8293
-5.3980
-8.9027
-5.7824
-5.7742
-4.9214
-1.5330
0.5505
-3.4783
-2.9899
-2.0555
-1.7851
1.2174
-0.2074
-1.6401
-2.2646
-4.7425
-2.8809
-0.9264
-1.3702
-0.7270
-2.1830
-1.7243
-5.3970
-6.6451
-7.3220
-7.7498
-5.6724
-1.0322
-1.6918
-5.9743
-4.4465
-7.8046
-7.6957
-3.8409
-1.4044
1.7722
-2.7624
-6.5630
-2.6187
0.0476
1.7626
-1.1262
-1.9609
-1.6376
-5.9129
-6.6691
-2.5647
1.1120
5.9350
5.0973
0.9637
-1.2247
-2.6040
1.5339
4.5858
6.7947
-7.9138
-16.9825
-10.6511
-5.2897
-5.4990
-16.7920
-16.7633
-6.3719
-6.6240
-12.6910
-21.5746
-23.9244
-22.1107
-16.0475
-19.6175
-15.6327
-10.4438
-6.7134
-8.2600
-8.0313
-13.7551
-16.3072
-8.2776
-1.3059
-8.4303
-5.2813
-6.3324
-13.3440
-17.8874
-12.5125
-4.6067
-1.7722
1.3623
-2.1064
-7.4822
-8.9328
-8.4634
-7.7440
-7.4627
-5.8395
-3.0855
-1.9115
-4.1911
-7.1094
-7.0722
-6.7731
-6.6857
-5.5642
-11.2637
-11.2381
-9.9794
-6.5971
-6.7554
-10.4747
-9.4301
-5.3027
-0.1406
-2.6336
-8.4037
-12.4220
-8.3002
-2.8534
-9.3896
-10.9416
-11.8432
-19.5053
-24.0991
-18.7142
-13.1745
-10.1895
-5.9494
-5.7301
-9.7712
-8.5268
-3.1478
-0.4075
-4.1706
-4.7056
-3.3576
-1.6944
-1.1533
0.3482
0.9519
2.2625
2.4171
0.9757
-1.3843
-3.2160
-2.6131
-0.6587
-3.3373
-2.7700
-4.6555
-7.2178
-6.2473
-3.8272
-4.1251
-7.4386
-4.4943
-0.2646
0.1480
-0.0595
2.7458
7.2820
2.4338
-2.4505
-0.2130
3.0158
1.7604
2.7890
5.3062
4.1986
8.1439
2.1757
-4.9501
-5.5798
-4.1391
-3.0940
-2.5104
-3.6833
-6.4585
-6.7387
-2.2198
-3.5917
-4.0492
0.3017
-0.1685
-0.4650
-4.2986
-12.5797
-12.9309
-11.2171
-5.4533
-3.6723
-0.0975
-0.4921
-5.0255
-10.0880
-16.0597
-9.9391
-11.8318
-13.2901
-15.9025
-14.5111
-10.9840
-11.4259
-9.0701
-3.9359
1.6927
0.3069
-7.1869
-8.3587
-7.5486
-11.1230
-13.8086
-8.5598
-10.5712
-7.4212
-3.4138
-6.6499
-11.4457
-14.0617
-16.1260
-17.0611
-13.9317
-13.6367
-13.0517
-9.9380
-10.8946
-7.6525
-10.5597
-11.7153
-9.0627
-7.1298
-6.4506
-5.0123
-10.1733
-7.4735
-9.7383
-9.1227
-5.8852
-4.1157
-6.3430
-8.2476
-2.2715
1.2808
2.8318
0.3445
-2.5659
-1.2847
-1.6694
-4.2781
-0.4100
1.1802
-0.4620
0.2707
0.4629
-1.4167
-1.2723
-1.8708
-4.9608
-4.3853
0.1834
0.8494
-2.3088
-1.6881
0.2679
-0.6524
-2.1129
-1.5846
-6.7508
-5.9089
-0.8665
2.7594
1.1208
-0.1164
-2.9467
-3.6448
-1.3418
-0.1327
-3.4891
-8.8859
-6.1937
-4.6906
-2.9767
-6.1561
-5.5411
-3.1281
1.9680
-0.2347
1.0601
-0.0128
-2.3831
-5.9772
-3.9633
-3.3625
-4.5359
-5.0128
-6.0153
-2.0579
-3.9066
-10.1878
-10.1879
-5.4601
-5.7583
-3.3940
-3.1965
-6.2272
-9.0551
-9.7945
-12.3782
-14.9841
-15.5283
-11.2401
-11.4686
-15.1290
-19.7601
-12.2683
-5.7643
-8.2369
-11.8882
-13.6092
-14.9750
-13.8765
-13.1771
-6.6912
-7.9825
-9.8781
-6.0737
-0.9712
-4.0830
-5.7980
-4.8309
-1.9994
-1.2666
-11.6059
-18.2994
-18.9877
-18.3076
-17.5823
-20.3190
-21.4507
-21.0927
-16.6663
-14.5638
-11.5222
-14.9556
-22.3819
-24.4934
-22.3159
-19.1529
-15.6315
-9.9411
-5.5550
-5.2718
-2.0402
-4.3645
-5.2427
-4.0469
-5.6312
-4.8372
-2.7910
0.6293
0.1096
-1.6318
-2.6678
-1.1768
-1.8767
-2.6086
-1.1217
-2.7444
-5.8726
-8.5002
-5.5409
-2.1234
-3.9926
-1.9956
-8.3629
-10.2838
-5.4870
-7.2360
-12.1566
-7.3633
-4.4336
-18.8051
-22.1740
-11.7677
-7.9327
-5.1813
-2.1328
1.2383
0.3447
-4.7390
-3.2738
-0.5713
-3.3204
-6.2596
-5.0548
-7.2825
-3.6117
-4.2350
-1.7594
-0.5170
-3.8241
-7.7236
-4.7599
-5.1651
-8.5119
-8.6104
-8.8669
-10.3391
-10.2224
-14.5559
-15.2651
-11.5439
-10.8396
-8.2276
-8.7672
-6.0596
-4.4147
-3.1309
-5.0933
-6.3744
-4.1272
-0.8825
-1.3040
-2.1569
-2.1328
-1.4326
3.4938
3.5862
-4.7733
-8.3066
-6.2490
-2.4233
-1.7518
-0.2147
2.1883
2.7825
1.2165
1.5349
1.0820
-1.0655
-3.9374
-4.9606
-0.8816
1.3510
-0.2321
1.1091
5.0985
0.6195
-1.2567
0.0300
1.0484
0.6239
0.4306
-0.9370
-3.8811
-2.1320
-0.4729
-0.7335
-1.4980
-0.4370
-2.6766
-2.5676
-0.2691
-2.8928
-10.2177
-14.3360
-11.6578
-8.8269
-9.4223
-11.4494
-9.2932
-7.6352
-2.0418
-3.1516
-4.3611
-1.9056
-4.7074
-6.7474
-4.5524
-3.2792
-4.6073
-8.6721
-10.1174
-8.4830
-6.3389
-6.1135
-7.5274
-5.3628
-6.7381
-8.4728
-7.0257
-5.6356
-1.8650
-0.9120
-7.8472
-2.1207
6.1913
-4.0367
-4.9471
4.6221
-7.7717
-15.2913
-15.3443
-8.7131
-11.0078
-11.8741
-9.4640
-9.9966
-12.7392
-10.6567
-4.6613
-1.3297
-5.4233
-11.5283
-3.3691
-4.2341
-3.7462
-4.3276
-7.4492
-8.7861
-4.9816
-0.1556
-6.7608
-7.3243
-7.6215
-12.5177
-10.1154
-7.3619
-7.6102
-4.3377
-8.7149
-10.0397
-4.7626
-3.3769
-8.4000
-13.8710
-14.1019
-8.2331
-1.1039
-3.2728
-11.2494
-11.8457
-12.5308
-10.7106
-10.5812
-6.4062
-2.6793
-4.6759
-10.6183
-9.9283
-4.5535
-5.2893
-4.6191
-11.2722
-16.7042
-11.3167
-8.7217
-6.6039
-3.2617
-1.5012
-4.9104
-0.4302
7.7764
5.8361
1.8751
-1.1259
-0.1377
-5.3274
-9.1514
-9.2949
-2.9339
-0.9487
-0.0863
-0.8128
-3.5715
-6.5275
-1.6176
1.3816
1.2317
-0.4078
-2.2259
-6.3030
-13.6621
-21.5019
-15.3271
-6.8834
-3.5209
-5.3001
-7.2351
-10.2668
-10.0098
-10.9753
-14.3908
-14.2396
-13.6707
-9.2787
-8.1310
-2.2411
-7.3197
-11.8040
-16.2259
-17.0805
-18.5942
-21.0379
-20.8172
-16.6533
-14.9901
-10.3794
-6.7947
-11.5413
-12.8653
-12.0011
-9.0378
-9.4524
-4.1520
-24.0352
-27.5699
-27.5828
-25.1491
-18.9300
-10.9809
-1.7331
-2.5281
-10.9346
-14.1388
-9.0172
-4.1084
-6.5589
-13.9513
-17.1943
-13.7538
-11.8486
-8.5983
-8.3554
-8.0119
-8.2068
-6.1274
-4.7792
-4.2926
-3.4439
-4.3663
-8.1337
-5.1012
2.9368
1.9720
-1.2179
-1.4525
-1.2971
1.3440
-1.1559
-4.3298
-2.2703
-1.9920
-3.8820
-3.3831
-3.6336
-3.2309
-2.1964
-5.7643
-9.2921
-8.1964
-3.3796
1.9314
1.1924
0.0699
-2.9845
-3.6760
-0.0606
0.0036
-1.8403
-2.6332
-4.4401
-2.8905
-0.7646
-4.0380
-5.4336
-3.9445
-2.3756
-1.5763
2.3204
5.6664
2.4382
-5.1533
-5.7659
-6.0047
-5.1868
-6.4847
-9.1383
-8.4062
-2.9390
-1.1705
-1.2295
-2.4315
-14.4522
-9.9874
-5.6180
-8.9713
-12.0199
-11.7512
-7.9636
-7.9739
-10.3152
-8.1180
-6.2902
-3.2254
-12.4831
-10.8724
-7.8695
-3.9084
-4.4730
-7.1794
-6.5704
-7.4189
-12.1528
-11.6741
-16.2698
-18.5963
-13.6602
-4.3392
-0.0768
-2.7691
-1.1522
-3.1475
-11.0153
-13.2515
-4.0570
4.1836
6.0898
4.5880
6.6862
10.2787
10.2940
4.9856
-1.7127
-9.5492
-12.1052
-8.0924
-1.2758
-1.6822
-0.4707
-6.4232
-11.0602
-9.4179
-11.1785
-11.9788
-12.0537
-13.5531
-16.5526
-13.8446
-12.1945
-17.7065
-17.5996
-16.2129
-16.2790
-10.4544
-7.8537
-9.6987
-5.8247
-3.6862
-2.5201
-1.4181
-3.8132
-10.7034
-11.4359
-14.7659
-16.4080
-14.8069
-12.8473
-14.8586
-14.3847
-12.0717
-9.3767
-10.6003
-10.1086
-9.0910
-2.0803
-5.5796
-11.5353
-13.2526
-13.5205
-15.3347
-11.5156
-10.4523
-5.7645
-1.4226
-2.0595
-2.3117
-1.4537
-1.0822
-2.4283
-1.5809
2.7191
2.7489
0.8091
-2.1741
-2.3827
-1.9457
-0.9119
-1.3945
4.2028
6.5685
-0.1521
-4.3392
-3.4549
1.6815
2.7172
-3.8560
-11.8228
-9.3539
-3.7660
-2.7085
-0.8681
3.8174
1.9956
-0.6343
2.0274
1.0810
5.0319
7.9329
2.5823
-0.6100
2.2104
3.7492
3.9593
-6.3937
-10.2036
-10.5424
-7.4537
1.4151
1.9549
0.5184
3.8050
4.1926
2.7136
0.1296
0.9708
-3.0546
-3.6918
-6.3005
-2.9772
0.6158
3.2886
0.6519
0.4513
0.6550
-1.3418
-0.2857
-5.7685
-7.1065
-5.4860
-7.4881
-8.7500
-5.7852
-8.4594
-12.9456
-11.0398
-9.0285
-9.3964
-1.8375
-2.2531
-4.9231
-1.7075
-1.4605
-2.5432
-3.8872
-10.0246
-8.3242
-7.3778
-7.0515
-7.9515
-3.3123
0.5704
-0.2817
-2.1790
-3.2931
-3.1639
-4.0722
-5.2499
-11.0350
-10.1459
-1.5367
1.7188
1.7025
1.7952
0.8397
-6.5895
-13.3357
-11.4693
-5.0447
-1.8440
-1.7894
-5.6909
-2.7180
-2.0803
-4.7646
-5.2987
-7.4389
-4.3789
0.8672
-1.0143
-3.7872
-0.1739
9.5341
12.5863
4.4682
-2.5976
-11.5894
-21.8973
-28.0883
-26.4623
-23.2895
-19.3842
-11.6550
-4.1008
-9.3333
-12.7897
-14.4932
-11.6387
-11.0024
-13.2338
-14.0520
-9.9740
-5.9212
-3.2242
6.9145
14.3208
17.9062
14.3289
13.3633
10.2203
11.0790
10.3631
3.6545
-1.2601
1.0765
2.0235
7.9520
14.8095
12.5342
0.4277
-6.9516
-4.5056
-1.7794
-5.3757
-3.5647
-1.2204
-1.7644
-2.5860
-2.6770
-4.4845
-7.1585
-7.3806
-4.3687
-3.3555
-5.1884
-5.4833
-5.4321
-0.4144
1.2097
-2.0824
-4.3656
-1.7802
-8.9213
-13.2475
-8.0861
-4.3516
-5.9077
-9.5656
-11.3715
-6.4315
-1.7329
-0.0430
2.9868
5.6189
7.3878
0.5637
0.6070
-6.4674
-13.0923
-10.5157
-10.5858
-5.5933
-2.8821
-6.9952
-12.7646
-9.1147
-4.7507
-4.2198
-2.7679
1.1738
4.3793
3.7184
5.1189
3.8006
-9.3950
-16.1056
-8.8474
0.5121
5.7731
4.9572
8.4058
7.1169
2.0087
-4.5916
-10.5967
-20.6030
-28.3473
-26.0987
-24.5571
-21.5127
-16.0992
-20.5149
-21.4933
-20.7427
-26.6827
-27.9394
-27.2708
-23.5613
-20.0073
-19.0059
-13.6641
-7.9860
-6.6426
-8.9323
-14.9183
-10.2060
-7.3475
-9.5992
-13.4760
-10.5829
-6.0462
-6.0640
-0.9381
0.0495
-1.5195
-6.4269
-10.1280
-6.1033
-2.1539
-5.0903
-8.9584
-11.9182
-2.3854
9.7034
-0.3411
-9.5388
-19.3660
-26.4810
-16.5851
-18.9184
-23.2751
-16.8552
-13.9241
-20.5420
-19.1887
-17.7937
-15.1259
-15.6825
-20.6907
-18.7341
-16.3121
-10.6181
-3.2281
-9.3473

Coefficient 22:
1.6035
-18.5050
-14.8885
-9.0657
-1.3771
0.2910
0.1971
0.4600
2.9333
-1.5662
-4.5753
-4.8494
-4.2584
-4.6026
-4.6572
-6.8337
-6.9646
-2.0039
1.5314
-1.3694
-3.4871
-6.7864
-4.0162
2.0820
3.3365
2.7960
-3.8919
-5.2623
-7.8085
-8.0857
-4.2859
-2.4990
0.0076
-2.1366
0.2823
0.0202
-6.2200
-0.6738
0.3289
-0.3164
-2.2101
-3.7038
0.8779
-1.1328
-9.9667
-6.4010
3.2560
2.3953
2.8703
4.7665
9.8454
5.8915
2.1580
6.0424
3.8585
-0.4952
-4.3241
-7.8291
-4.4418
0.4457
-3.5119
-6.1365
-3.7542
-3.9565
-0.1361
-0.9065
-4.1142
-8.2993
-8.4404
-6.0128
-13.1611
-3.8632
6.9317
5.2825
-0.5276
-6.6657
-5.8470
-7.2766
-4.2642
1.6828
2.4979
-3.4714
-9.4679
-13.0856
-17.0424
-15.0958
-15.6717
-12.8451
-3.3330
-3.9605
-4.0676
-6.6114
-10.3999
-8.2194
-6.0876
0.0225
-2.7341
-9.5569
-8.1829
-8.1293
-3.0810
1.2181
5.0982
-1.4843
-4.6605
-2.3402
-5.2016
-8.0449
-4.7992
-5.9946
-10.7908
-10.9412
-5.1156
-1.8799
-0.7908
5.9062
5.9849
1.8725
-0.0018
0.9924
-4.1118
-9.5411
-13.7947
-15.0855
-7.1274
-4.8322
-7.5679
-2.4936
3.8489
5.3150
2.5541
-8.5164
-12.0033
-7.3280
-3.9398
-8.3536
-9.3891
-10.5814
-6.9620
-0.2616
5.4790
4.7650
0.0599
-5.0235
-6.4514
-3.7200
2.9930
3.0314
3.6283
4.0626
8.9086
12.7899
22.2073
24.9450
18.8643
10.3899
7.2731
7.4971
3.9903
-1.9553
-8.3799
-10.8456
-13.4235
-11.6205
-10.3511
-2.2668
4.5033
0.4917
-2.9320
-6.4747
-5.8607
-3.3030
-0.9578
-3.8939
-3.9125
-2.2277
-1.5639
0.4753
0.4478
-1.1374
-1.6795
-4.2501
-3.0695
-2.1923
-1.6424
-0.0635
-1.9042
-1.9998
-4.9993
-7.4801
-7.5770
-8.5690
-7.0311
-1.6907
-0.8108
-4.5443
-3.5135
-7.9765
-6.8822
-3.3819
-1.1345
3.1831
-1.3035
-4.5776
-2.6843
-0.6365
1.5965
-1.3032
-1.4796
-0.0984
-4.2712
-4.6598
-2.6566
-0.4900
1.4490
2.3028
0.6543
-2.7358
-4.6642
0.2628
5.1082
7.9733
15.5879
13.4988
3.0826
-4.7082
-4.2960
1.0901
5.7099
10.0361
8.1594
4.1258
8.6434
6.1038
4.9171
3.2460
7.4463
17.4050
15.1562
7.6713
2.4562
-6.1532
-12.0217
-9.8122
-6.9006
-3.3420
-2.4748
-0.0523
3.3976
3.7628
-3.7929
-4.6148
-3.9219
0.7788
1.5393
1.3493
0.0292
-5.6703
-8.6252
-0.5555
1.7002
-1.2852
-3.2812
-3.8930
-5.6612
-4.8150
0.3491
1.8920
-1.5362
-6.6253
0.8159
1.8235
1.0296
-1.3619
-0.7436
-2.7904
-9.5945
-11.7668
-5.8456
-8.6827
-8.3001
-11.9371
-7.3911
-4.9036
-4.0687
8.4634
9.5533
1.6032
-2.9769
6.9750
18.6834
13.1399
8.2439
2.6516
-0.3935
1.7107
-1.1688
-1.3718
-3.5797
-4.8413
-2.2026
-0.5306
-2.4434
-0.5469
0.2057
1.4043
2.5056
0.7198
-3.2938
-4.1398
-2.4588
-1.0058
-4.4675
-4.9420
-4.4388
-4.6798
-3.7077
1.9007
5.7406
3.7974
8.0984
10.4068
8.5229
5.6873
4.9697
5.0887
1.3816
-0.5225
1.8242
1.8805
-1.1939
0.8755
0.9721
-1.7565
2.4427
-4.4133
-9.1339
-6.4374
-5.0717
-2.8998
-0.9764
-2.7413
-4.1830
-5.0223
-1.9878
-4.1352
-4.6949
-0.5912
-0.8937
-0.9546
-3.6045
-9.6959
-12.5836
-12.5552
-5.5893
-4.1056
-1.9143
1.1630
5.1925
4.7685
-6.3624
-9.9299
-11.8780
-7.7382
-6.3155
-7.5286
-9.2890
-9.6596
-7.6372
-3.7515
-8.0820
-7.8879
-6.8077
-1.0407
0.6897
-2.5476
-2.9440
3.6379
0.2397
-3.2102
1.2147
2.1448
5.4553
6.7372
11.0031
13.0517
11.3569
0.1592
-7.4595
-9.0545
-7.4500
-6.0086
-4.6146
-3.9508
-3.9907
-8.3427
-13.9094
-9.8129
-7.0990
-0.4544
-4.1778
-4.6874
-2.3298
-4.3544
-8.4459
-10.7002
-3.4930
1.8830
3.7859
0.0175
-3.6136
-2.9707
-3.7055
-3.3888
-1.9518
-2.5856
-0.6129
1.5568
-0.3688
-2.0675
-0.8039
-4.3298
-7.2400
-5.3127
-1.1223
-0.0533
-4.8256
-5.0070
-2.0512
-3.0946
-3.7164
-3.2893
-7.8465
-5.9529
-1.2124
4.6476
3.6793
-0.4647
-3.5424
-2.3281
1.4792
0.7575
-4.6377
-9.3919
-5.9692
-4.4304
-3.1149
-7.0858
-6.1555
-0.8542
3.5603
2.4686
2.3882
1.0468
-0.0249
-2.7168
-4.9974
-8.5629
-6.8417
-3.7481
-5.5510
-3.9617
-4.8059
-4.1620
2.8661
5.9077
2.4624
1.5709
2.8093
6.6305
9.2891
6.6626
3.7251
10.8723
7.8624
2.9229
0.5899
-0.1555
-3.7672
-1.7310
-0.1108
-3.8068
-5.0527
-6.2052
0.9623
3.2254
-3.4749
4.7794
1.7729
-3.4836
-8.5626
-8.7991
-2.0540
-3.8163
-8.8737
-5.9959
-2.5883
-0.6724
6.3916
6.7213
5.6284
4.3136
7.2679
7.9635
6.5487
2.4453
6.1843
7.0687
3.7372
6.3519
4.5805
2.2006
2.0666
-1.4459
2.4292
2.7237
-1.2615
-0.2170
-5.1295
-6.2820
-3.3966
-5.6386
-5.1410
-2.5135
1.2898
1.4758
-1.9010
-2.5733
-1.2777
-1.5009
-3.8181
-2.4106
-3.1751
-5.5867
-7.3312
-4.6305
-1.7547
-0.5615
-2.5709
-6.3948
-3.5121
-5.0559
-8.3649
-6.3410
3.2873
5.3732
1.6611
-0.4240
1.8347
3.0426
8.2082
8.9156
5.8757
1.3823
-1.6797
5.6009
10.1732
8.7090
8.2781
5.9803
3.3428
4.4864
9.5550
2.8208
-3.9795
-1.7959
0.2253
-0.5007
0.5320
1.3140
5.4335
4.1415
1.3585
2.1246
0.7130
-2.6591
1.8166
7.2603
4.0279
2.5860
-1.6770
-4.8406
-2.4733
-1.1050
-0.4225
1.0777
1.1936
2.6816
-3.6087
-10.4168
-12.2633
-6.1106
-2.1772
-3.3734
1.4901
7.7020
10.8452
8.9261
7.8876
4.7919
0.7885
-1.5875
-0.6092
0.0246
-0.2629
-2.6322
-4.9324
-0.9798
0.9397
-0.3140
1.3554
3.6709
-0.0213
-1.0024
-2.6577
-2.4312
-0.3838
0.8144
-0.1426
-2.0977
-1.2246
-0.8880
-2.0157
-3.3338
-1.1402
-2.6641
-4.9873
-3.2680
-7.0230
-13.8677
-14.3702
-6.1353
-4.7028
-8.0215
-8.3502
-4.4699
-3.3432
-3.5843
-2.0346
-0.6865
-0.5106
-3.5030
-2.8182
-1.9691
-3.7152
-1.7904
-5.0922
-5.2306
-2.1635
-3.4578
-7.1245
-2.1893
1.1814
-1.7009
-6.0949
-9.0268
-8.9802
-5.4975
-3.0051
-7.9049
-3.8303
3.9683
-2.9204
-5.2016
5.2410
6.0587
6.3176
6.4158
5.4859
-3.0300
-4.4681
-0.8812
-1.7417
-0.9775
-3.1359
-5.3786
-2.6126
2.6659
8.2404
2.5438
3.5503
6.0094
4.9597
1.0456
-2.9740
8.3946
9.9577
6.6471
3.0323
4.2453
-2.1843
-5.2319
-11.2427
-13.7754
-10.1962
-9.7984
-7.0342
-1.4894
3.1376
-2.5124
-3.6527
-11.3553
-10.4467
-3.5022
-1.7511
-1.3061
4.4691
4.3559
8.2340
11.3755
5.7351
3.7874
-3.4970
-6.0601
-6.3830
-6.5906
-8.1623
-9.6167
-7.1043
-2.8418
-4.7468
-10.4114
-8.9383
-7.2988
-9.4712
-10.5791
-6.0363
0.9372
0.0742
-3.1707
-0.0422
0.0893
-2.8788
-5.5539
-7.5202
-2.6729
-1.1462
-2.9927
-1.4342
1.0008
-1.4505
0.6883
1.5885
-0.3633
-0.1699
-0.8521
-4.1838
-3.1111
2.6187
-2.1929
-2.2677
-4.2517
-4.0081
-8.0357
-2.9684
-4.4336
-6.3012
-7.5264
-5.1647
-3.1662
-3.5677
-10.8266
-4.6406
-0.9639
6.5659
12.3898
9.8616
3.7329
-5.4482
-8.7272
-8.4408
-13.1554
-14.4346
-6.6798
-4.0002
-7.4336
-11.5748
-13.2401
-12.9477
-1.7609
13.8157
13.2507
11.0005
8.8432
9.3847
7.4012
4.5579
-0.6531
-5.8132
-7.3648
-0.5189
4.6032
6.3883
2.7965
-1.0217
-6.6918
-6.5123
-0.2756
8.0442
7.1540
6.3917
4.4634
-1.8611
-3.6322
-3.5627
-4.2154
-3.5945
-0.2508
2.9332
1.3264
-1.5803
-1.9299
-1.6548
0.8594
-1.2889
-5.4921
-5.5893
-4.9060
-3.5921
-3.2412
-3.5920
-2.9106
-1.7936
-5.8894
-8.5619
-7.0193
-3.5536
0.8564
0.6878
-0.7877
-4.8513
-6.7135
-1.7084
-0.9563
-2.6585
-3.2927
-5.7251
-3.9207
-0.8282
1.6039
3.4817
3.8605
2.7277
-2.7022
-2.5733
2.3593
0.6386
-6.5735
-7.3076
-6.7022
-6.7475
-8.9786
-9.8542
-8.9950
-3.8621
-2.5729
-2.4516
-3.8036
-0.0645
4.6767
4.5868
10.8362
8.9784
5.0315
1.8825
-2.5536
-4.7553
-2.2015
-1.3693
11.0064
4.1873
3.1126
4.7466
6.6979
5.4462
7.0434
5.7679
5.5162
8.3271
7.7192
2.1932
-0.8683
-5.0774
-1.7539
-2.0557
-10.2316
-9.3241
-1.8304
8.8832
11.7799
4.3258
-2.8230
-8.4554
-15.7810
-18.1161
-14.7036
-13.0782
-10.3388
-6.4992
-5.2529
-6.1592
-1.7627
5.8107
-2.1068
-3.3976
6.0232
14.5382
9.6377
-2.1117
-8.1423
-7.5162
-6.6216
-2.9152
0.4847
2.6470
-0.7431
-1.8997
-5.9421
-4.3354
-1.4372
-5.7097
-4.6081
2.7484
6.2368
0.7310
0.0195
4.7318
2.7375
-2.6231
-1.1504
-1.5320
-6.8337
-6.5093
-7.6915
-13.2961
-12.1210
-3.7412
-0.1663
-3.1107
-8.8905
-6.3846
1.4863
-3.3303
-7.0776
-9.6866
-13.0873
-9.3167
-3.9504
-2.0669
-1.4495
-2.6324
-3.0549
-1.7738
-1.6745
-2.6313
-0.9085
2.8997
1.8444
-0.3624
-2.1274
-2.3083
-2.3419
-0.9376
-1.7932
1.5100
3.3234
-1.4021
-4.2753
-3.0178
2.3533
2.3672
-6.4087
-15.8792
-14.6877
-9.9938
-9.1780
-4.4326
-1.4613
-6.9552
-9.3509
-6.2842
-4.5612
1.2431
1.8245
-3.5335
-2.3550
2.2548
4.0632
4.7549
-5.7082
-11.2394
-10.1239
-7.6941
-1.8374
4.6028
13.9467
14.1170
11.5294
10.0083
8.0292
9.6097
7.9082
12.1666
8.3603
3.8703
-2.3381
-2.5668
0.1817
-0.6906
-0.6518
0.9056
-0.4569
-5.0840
-4.6286
-0.4334
-1.6899
-4.7162
-0.5130
-0.8622
-3.8766
-6.4534
-9.0319
-10.8760
-2.3584
-1.4116
-6.1153
-8.0529
-6.1659
-1.6448
-1.7693
-3.0666
7.7904
16.3035
20.8330
16.7645
13.0262
14.6102
13.1367
9.7904
1.8509
-0.4035
1.7312
-0.0537
-1.7330
-0.4867
5.3549
5.1834
0.1543
1.8499
2.9078
-2.7089
-6.3114
-5.1586
-2.2040
-3.4788
-4.6226
-10.1321
-6.4516
-3.9419
-8.7593
-8.2205
-9.8830
-6.4865
-1.0763
1.2382
-2.1923
-2.0828
2.3007
5.8317
5.2454
1.1692
-3.5445
-8.7817
-6.6499
-1.5750
-6.7385
-12.2858
-8.7565
2.7943
11.5548
12.5787
8.4067
4.9772
2.9704
-0.6969
-4.7396
-4.3376
-2.0905
-3.2535
1.4902
6.5024
7.3462
9.0030
11.8849
11.6161
9.9282
7.7284
2.5848
-0.2420
1.1221
1.3322
1.9986
4.0186
4.0215
-3.9933
-9.4270
-7.5646
-4.8050
-4.2562
-1.5514
0.2238
-1.7135
-1.0395
-2.9806
-6.7336
-7.1168
-7.5630
-4.7582
0.8796
-0.8533
-6.7300
-6.1541
-3.9914
-2.7167
-1.3990
-2.7864
-0.8977
-7.4625
-10.1662
-7.7771
-5.6723
-1.7143
3.1315
9.8424
12.4610
6.8737
0.8688
1.3048
5.9236
7.0529
-3.1810
-1.2673
-5.7266
-6.3112
-3.1755
-4.1824
-4.4409
-3.7529
-6.9538
-10.3399
-7.2418
-4.8425
-2.7101
-0.2189
2.8680
5.1502
3.6492
4.6704
6.4859
3.2293
1.2936
8.1781
10.8229
10.5453
2.4882
-0.9900
3.8618
5.4123
2.0106
0.6248
2.0307
6.0751
4.8826
5.1857
8.6964
14.3487
15.4225
3.9989
-6.1094
-16.7381
-16.9171
-13.4130
-14.2200
-16.2543
-16.4483
-11.2296
-5.8172
-7.2155
-2.4036
-6.0646
-8.7472
-11.1945
-10.2117
-12.6940
-11.5396
-7.6438
-10.3649
-12.4152
-8.4008
-8.4717
-4.9945
-3.8460
-3.1463
0.0322
0.5425
-1.8988
-6.8470
-6.5650
-1.3878
-5.2172
-9.6084
-15.2758
-18.3741
-12.3380
-17.5566
-16.5538
-7.3537
-11.6519
-13.6374
-16.1310
-11.0001
-11.3591
-15.7131
-14.7883
-12.0058
-3.7388
4.1861
0.6037
0.3249

Coefficient 23:
1.4614
-16.9264
-11.5470
-4.8271
1.2253
0.2174
-1.1705
-2.7390
-1.0729
-3.2933
-5.5919
-3.9953
-3.0033
-3.7858
-2.2502
-4.3326
0.9861
-1.9302
-3.4073
2.7269
3.4897
2.7196
2.3114
1.0694
-1.6325
4.4960
1.9468
-2.9621
-6.7330
-7.0461
-4.0542
-3.3637
-3.5555
-4.7785
-4.0908
-6.2430
-5.2804
-1.1632
-6.0282
-8.7000
-10.1020
-13.2264
-18.1826
-17.2099
-11.8946
0.7712
0.3819
-6.5294
-8.3093
-5.2515
-1.6124
0.2835
0.5343
-0.7442
0.4914
-1.0769
-6.5169
-7.2840
-7.0838
-4.3541
-5.8267
-7.8488
-5.3401
-3.4451
1.2688
3.3903
2.3759
1.5359
-4.7203
0.4219
-0.6061
2.1887
7.9287
4.2506
1.7799
2.6618
2.8509
-4.1114
-2.5973
-6.1261
-5.2779
-7.9334
-14.8807
-5.1960
4.3596
9.3516
3.8127
2.1186
5.8449
15.4256
14.4061
10.4262
12.5330
4.8571
1.2548
-1.3599
-2.9953
-6.9338
-6.4041
-7.8026
-9.8070
-2.9619
-2.4341
-0.1045
-2.0688
-7.0722
-4.1169
-5.0641
-7.0870
-3.9282
-6.7972
-6.6349
-3.4129
-3.7862
1.3657
-2.1488
7.3847
9.3422
4.1734
-0.7454
-5.4653
-9.5595
-12.5167
-14.5262
-13.1168
-12.3519
-6.3048
-4.8618
-8.4579
-10.9748
-2.9350
1.7371
1.7793
3.0750
1.9118
-1.8125
-0.0350
8.6924
6.9469
1.0306
2.2255
3.7387
1.8945
-4.7618
-3.3720
3.9413
6.3211
1.1905
-3.9551
-9.3420
-13.5461
-8.3489
-16.7143
-18.7452
-18.7062
-14.7276
-12.5084
-17.3113
-14.1228
-6.3845
1.0440
4.6412
2.4546
4.1674
4.4639
8.5365
9.6394
3.4175
-2.2947
-6.0485
-5.7257
-3.9827
-2.4535
-3.8575
-3.8958
-2.1133
-1.1031
0.1408
1.0722
-0.5528
-0.8959
-3.2308
-2.6917
-2.6895
-1.0784
0.7250
-1.5237
-1.6261
-3.5471
-6.6220
-6.0251
-6.6492
-6.3469
-1.7460
0.1668
-2.3547
-1.9860
-5.6422
-4.5698
-1.7331
0.1737
4.0188
0.9760
-1.6268
-1.3269
-1.6658
0.9623
-0.8118
-0.8224
0.4165
-3.3077
-3.9222
-3.0701
-1.8437
-2.2040
-0.6121
0.6450
-2.5530
-4.9944
-0.6699
3.8222
5.4438
17.9027
15.8478
11.5586
7.5793
4.8554
-7.3659
-13.4642
-12.6128
-11.7266
-15.0932
-12.6819
-5.8437
-0.2582
-1.6358
-6.3592
-8.3626
-12.5376
-14.7137
-9.8454
-10.1977
-8.6268
-8.2661
-3.7863
-3.2059
0.4670
0.6221
7.7358
8.8160
2.9755
0.4648
1.1122
3.5956
6.3782
5.6438
1.0241
-2.9554
-2.8491
5.7187
5.8805
7.2171
5.1568
3.6282
4.9335
4.3063
9.0900
9.0518
1.3840
-0.3621
2.5941
-3.6746
-7.6207
-4.3231
0.8458
-2.0324
-5.0711
-4.5757
-4.7885
-1.2625
-3.1015
-5.9144
-5.3832
-6.1941
4.9011
22.2488
20.4893
11.6404
3.0970
5.9357
12.0564
10.2360
8.8826
7.2329
2.4618
4.4460
0.6979
-2.0969
-2.4894
-4.1073
-4.5550
-5.0703
-3.9652
-0.7656
-0.6604
0.0810
2.4550
0.3805
-4.1073
-3.9582
-2.0950
-1.4190
-4.3541
-5.3735
-3.9263
-2.3437
-1.8423
-0.8160
2.2461
2.9554
4.6684
2.2269
1.7155
3.2455
2.1095
-1.3313
-2.7033
-1.3981
2.4739
2.0942
-2.1992
-0.2324
-1.7332
-5.9462
-0.1638
-1.2789
-5.9293
-5.8902
-4.4455
-2.2810
-3.4774
-4.5122
-3.3044
-3.3778
-1.6232
-3.1468
-3.9134
-1.1737
-0.1736
0.2292
-0.2747
-4.7559
-7.5037
-9.3589
-4.8187
-3.4921
-2.7603
2.0520
3.5437
3.1062
12.8061
5.4282
1.9764
9.2016
10.6072
3.2297
0.3551
0.2651
-1.0226
-2.7604
-11.3745
-11.1542
-4.0648
6.5812
7.3238
6.3680
9.4159
6.1281
2.6742
6.3098
4.0330
1.7565
0.9623
-1.2029
-2.3265
-6.6624
-7.9538
-6.4845
-1.8903
-5.8945
-6.1227
-7.1478
-6.9011
-3.0845
-1.4083
-3.6698
-1.0404
5.9623
3.8816
2.0898
-1.3771
-4.9001
-3.2644
-3.8136
-6.5025
-9.4511
-3.9257
1.5317
3.2244
-0.7563
-3.8734
-4.0791
-4.2673
-2.8394
1.4226
2.5090
3.9827
0.9737
-2.1100
-2.0263
-0.3618
-5.2182
-5.0619
-4.1592
-1.5395
-0.6609
-5.3851
-5.9697
-3.4278
-4.8086
-4.7447
-3.6816
-7.0306
-5.6380
-1.8541
2.1236
2.3147
0.5584
-3.1841
-2.3678
1.3692
0.0946
-5.8427
-8.8499
-5.0893
-2.6445
-3.2473
-8.2428
-6.0648
-3.3581
-2.9508
-3.5672
-3.6547
-2.5872
-0.5667
-1.2963
-4.6375
-7.1625
-5.4228
-2.5009
-2.2402
-3.8995
-4.5193
-2.4645
0.0127
1.5790
2.1435
2.0459
2.1373
3.0557
3.3231
-0.7288
-1.3769
-3.6328
-3.3533
0.8471
1.4263
-2.4776
-6.9806
-9.2581
-6.6831
-0.6901
0.0137
-2.3746
-1.2432
-0.5582
-4.6154
0.4012
7.1543
11.0249
8.4551
9.8236
10.1525
8.6261
5.3556
-0.0868
-2.0312
-1.3744
-1.8987
-1.9475
-0.4927
0.5861
1.7038
1.6506
0.9437
-3.2160
-3.6442
-5.7354
-10.0996
-12.0266
-8.4804
-10.2350
-14.2670
-10.6570
-1.1988
5.7679
6.0465
1.9301
-5.7726
-6.3435
-2.8230
-5.3323
-4.9385
-2.1979
1.6675
2.2210
-1.6838
-2.8547
-1.2361
-0.3939
-3.0349
-0.8960
-2.9122
-4.9512
-4.8494
-0.9982
0.6888
5.9133
4.7963
-3.2798
-5.9094
-2.6374
-0.5527
-2.0609
2.9148
6.2005
6.2648
4.8743
4.5629
6.3561
5.8626
4.3373
-3.1538
-10.8109
-12.0919
-9.1809
-6.6994
1.0310
-1.6627
-6.9568
-3.3303
-1.0622
3.2833
12.7311
12.1135
11.9442
10.0635
5.5283
6.6295
3.2118
0.1796
0.8344
4.3255
3.5238
2.5366
2.8481
2.7646
3.1685
0.3743
3.2540
2.3872
-0.5811
-5.5857
-4.8432
-3.1452
-1.3812
-1.8100
-2.5676
-3.8795
-4.9946
-5.1117
-0.8956
0.6327
2.8006
8.8304
13.7127
14.7322
12.3421
10.9574
4.9255
-1.2744
-2.3235
-1.2260
-1.8190
-0.8053
-1.6383
-4.7093
-1.4564
0.7651
-0.0904
2.0910
1.9119
-0.8544
-1.4495
-3.6223
-3.0565
-0.8817
1.1715
0.8048
2.7587
3.0052
0.0067
-2.3153
-2.9411
-1.0629
-2.3733
-5.3880
-3.5109
-5.4430
-6.7795
-4.0034
2.0622
-1.0329
-5.7908
-3.6719
0.3364
0.0460
-6.8841
-6.8450
-3.9152
-2.8308
-1.7789
1.5569
0.9447
0.0202
-1.8607
-5.9367
-9.2672
-10.1593
-10.8873
-2.8013
3.1407
4.6038
2.5561
0.8286
-2.9376
-4.8589
-6.6052
-5.5339
-7.7060
-6.9671
-0.9959
-1.4402
-4.1320
1.1341
3.5752
4.8862
1.5603
-6.3954
-12.4684
-13.5043
-6.1820
-1.8862
-0.0754
-1.3138
-6.5883
-10.4122
-8.0533
-4.1031
2.4710
7.1138
3.2253
-1.0996
-6.8934
-7.1653
-4.4763
-4.8290
0.9725
0.4918
-2.0333
-2.6190
1.6466
2.8513
3.1949
-1.7997
-2.1309
-2.9072
-0.5847
4.0075
7.2835
6.4214
-1.0023
-9.1827
-8.7489
-5.9182
-8.6559
-18.5262
-22.5803
-21.3330
-19.2258
-13.5506
-15.1054
-18.6531
-11.7076
-4.3336
-1.9055
4.1017
4.6741
-4.9273
-10.9836
-13.2932
-6.4127
-0.3409
-1.7767
-6.0688
-13.1467
-17.9121
-11.2948
-9.0371
-7.3795
-7.9674
-8.7036
-3.2289
-2.5264
-3.8730
-3.5654
-3.9039
-2.2592
-2.1671
0.1228
-1.3924
0.3165
1.5641
0.6041
0.1931
0.6020
1.0002
-2.7120
-3.0856
-0.7384
-1.5788
-2.7177
1.6043
2.6644
0.1628
2.8085
9.8794
10.2110
7.8819
5.1106
7.0739
9.5206
-0.2564
-1.8275
-4.1632
-3.4140
2.5986
9.6417
7.9520
2.5701
-0.7341
-3.9573
-5.9366
0.0851
3.0233
-0.6317
-3.4076
-2.0561
-5.7793
-8.7538
0.7128
3.2841
4.7376
4.2853
1.6948
-1.1223
4.7133
11.9011
11.2150
1.4257
-1.7853
4.2640
7.0606
6.3146
6.0666
-2.6903
-1.6802
-3.7849
1.9511
9.5550
6.4333
2.3976
-2.1081
-3.6312
-3.2009
-3.6090
-8.2072
-6.1586
0.8424
0.1356
-2.0288
-2.1225
-1.8634
-0.9500
1.2734
2.1640
-0.6762
0.0842
-0.2418
-1.6502
-2.4267
-2.2546
-1.8826
-6.1052
-6.1831
-4.4160
-3.3442
-0.7601
-0.0967
-1.7509
-6.0317
-7.7355
-3.0823
-2.0591
-3.7516
-3.4442
-4.9178
-3.7964
-1.0193
-3.5740
-3.7994
-2.5239
-0.2568
-3.0585
-6.2484
-0.8201
-0.3801
-5.8623
-8.1508
-7.0061
-4.8887
-6.6444
-7.9126
-7.9788
-4.6413
-4.0602
-3.1574
-4.7638
-11.6087
-9.1258
-12.9996
-10.6748
-7.5639
-3.4791
-3.4787
-4.3684
-1.8253
-7.9237
-4.6402
-9.4449
-8.8443
-5.2531
0.8205
0.6824
-2.3830
0.3501
-1.3154
-4.0903
-1.9944
-5.0780
-4.1421
-1.8917
2.9106
6.5384
0.4679
-0.6192
-0.9952
-1.2163
4.5010
3.8857
2.8748
4.2035
3.0672
1.6697
-0.5906
-3.9973
-3.7371
-2.0670
-2.1849
4.2595
5.4121
4.2103
2.3034
-4.4599
-4.8012
3.1462
2.8481
0.6948
-7.2598
-8.3528
-6.9380
-3.0645
3.0482
3.7239
1.9065
-5.1729
-12.3302
-13.7486
-13.1904
-10.2674
-10.8809
-18.5560
-11.5813
-2.1049
-3.3283
-8.6801
-12.4924
-11.9818
-8.1709
-3.1811
0.8240
-0.3556
1.2180
5.9985
6.0974
5.5736
4.3657
3.1090
6.2428
3.3980
1.9831
5.4650
7.2395
8.2081
2.4631
-1.6079
-0.2074
1.4157
-2.5138
-1.7604
-3.1274
-3.5072
-2.0350
-2.2001
-2.3484
-0.3098
3.1695
1.0241
-1.3360
-2.6034
-2.6864
-2.9279
-0.7303
-2.0485
-1.2190
-0.3216
-2.6392
-4.3129
-2.3867
2.3940
3.3416
-3.4075
-9.4854
-7.8101
-4.5617
-4.4426
-1.2648
-2.1364
-5.1623
-4.7140
-4.5857
-5.7457
-1.0567
-0.9956
-4.1088
-1.7686
1.4478
3.5169
4.3404
-5.5878
-10.4625
-7.6123
-5.9749
-4.4816
0.8462
13.8252
11.7718
9.3470
8.5814
5.0443
4.5562
5.2595
9.5667
9.5679
9.5895
5.7614
2.9779
4.2824
1.1813
-1.8573
-1.2341
-1.0731
-3.9179
-1.5827
1.9144
0.7465
-0.5602
3.9713
3.8016
0.8771
-1.8716
-7.1187
-8.9293
-3.1168
-1.8739
-4.3442
-7.2640
-10.6827
-6.4715
-0.2854
4.7898
14.6461
21.1462
25.6013
22.3037
12.0557
12.8024
12.9663
9.7803
1.5081
-2.1131
-5.3148
-10.1094
-10.4520
-8.0190
-5.7905
-6.3667
-5.8093
-1.7672
1.4340
1.4989
0.1997
-0.8796
0.1354
-4.6320
-7.5959
-11.6342
-7.4849
-3.6350
-10.0380
-10.3235
-10.2454
-6.5524
-1.9777
5.3075
12.1428
11.7714
8.4522
5.1395
-3.1049
-4.7173
-3.4302
-2.6513
-1.1451
0.2757
-3.3864
-9.7927
-13.1809
-9.6969
-2.7257
0.5761
-7.8298
-15.8102
-17.9276
-19.1663
-19.8848
-27.6708
-33.1690
-40.7098
-36.8022
-25.6306
-21.4378
-13.2733
-12.0502
-11.3684
-5.7581
3.2699
4.2884
-0.3713
-3.7254
0.9432
-1.0898
-5.3109
-7.7696
-6.2217
-7.7479
-7.3274
-6.4262
-2.8423
0.3771
1.6556
-0.8738
0.4406
0.6342
-1.0734
-1.5049
-5.2956
-4.8995
0.9217
0.5453
-8.5618
-7.0997
-2.9328
-6.0372
-1.8057
2.2445
2.6789
-3.2017
-7.9791
-8.9555
-12.4096
-16.0564
-16.0649
-12.4867
-8.7239
-6.6052
-7.1488
-8.9629
-3.6940
5.2317
8.0571
7.9566
-3.6858
-9.9796
-11.0730
-8.5531
-2.8438
-2.7597
-3.9751
-2.7340
-1.5439
-3.8792
-2.4279
0.1268
2.2692
2.8756
1.2681
0.6043
2.9670
11.5101
23.0646
31.7455
24.1671
21.0734
20.6864
12.1793
6.3634
5.2118
1.3077
-3.3707
-5.6779
-6.2617
-10.3178
-8.3642
-3.8316
-1.4441
-4.0846
-4.7917
-3.9206
-1.4831
-0.5817
3.3365
-0.0937
-12.2060
-12.8347
-11.4995
-11.1303
-5.4316
-6.2294
-6.0086
-6.1333
-10.7755
-14.4379
-13.0917
-18.7522
-22.1977
-19.9519
-21.9590
-17.1940
-15.8139
-16.9957
-15.9824
-11.7973
-9.3998
-5.8337
-4.1673
-2.9090
-10.1647
-3.3106
-8.1277
-9.3678
-1.9361
2.5701
-5.5242
-6.8640
1.9663
1.0092
-3.0491
-0.7162
-5.2669
-5.6488
-8.6370
-15.5662
-13.6775
-10.6201
-4.3910
4.0189
5.7103
8.2010

Coefficient 24:
1.3314
-1.7133
-3.5907
-6.8361
-6.4814
-0.6321
-1.9391
-5.5697
-5.5523
-4.2287
-5.4577
-2.5426
-1.1869
-2.3728
-2.4306
-3.9228
-4.0301
-11.3200
-11.6208
-8.9327
-5.5959
-1.6586
-5.0396
-1.1012
2.4961
1.6658
0.9828
-5.0544
-6.3336
-5.8430
-3.3718
-4.3496
-6.4254
-4.5643
-3.7698
-8.6092
-4.0485
-0.5019
-2.7741
-6.5140
-11.6516
-0.3028
4.3836
6.6910
4.7672
5.0633
4.2050
-0.8806
-1.6086
-2.5981
-0.2710
7.6445
10.0417
10.6101
7.7190
4.7842
-1.5898
-10.0889
-15.6277
-12.2492
-12.5049
-12.0858
-6.2121
-2.7146
1.7688
-1.1162
-6.5563
-0.6928
3.5443
2.2748
5.7287
2.8542
4.3265
5.7135
4.8478
5.5762
3.7491
1.6581
-2.7075
-4.2644
1.3609
-0.8709
-2.5623
3.1483
6.3473
5.1559
3.0320
4.0162
-5.6471
-12.3157
-8.1399
-0.8928
2.4808
2.7412
8.1276
3.9803
2.5813
2.8221
0.6837
-4.8634
-9.7025
-4.4019
-5.8874
-5.2443
-6.5565
-11.6723
-1.3252
11.7609
18.0548
18.8159
14.6710
10.9663
5.1304
-1.2562
-5.4548
-0.6247
-1.1038
-4.6135
-8.0609
-3.4700
0.1875
2.0408
5.8250
-2.4340
-9.0506
-8.3586
-3.7672
2.9784
5.9594
6.1594
1.0984
0.5015
4.6917
5.3684
3.3463
-0.9091
-2.9073
-5.5780
-4.4202
-0.3752
3.2649
2.3394
1.5313
1.4223
1.8204
-4.8867
-9.3158
-5.1299
3.4855
10.8851
12.4629
14.0181
14.4087
17.7321
18.0032
14.3392
13.2619
11.2796
11.3009
12.2943
10.0857
7.5922
4.4527
0.5830
-0.6509
0.0954
1.8884
-2.0777
-3.3800
-4.8693
-4.6082
-3.3494
-3.5911
-3.4786
-3.1663
-1.8805
-0.3181
0.6530
1.5795
0.0069
-0.0872
-2.0573
-2.0338
-2.3277
-0.1075
1.2129
-1.1476
-0.8708
-1.3885
-4.0136
-3.4595
-3.1329
-4.0690
-1.4910
0.9864
0.0054
-0.2119
-2.4753
-2.5280
-0.1830
1.4442
3.9330
2.7361
0.3965
-1.0028
-2.6092
0.1580
-0.6831
-1.7000
-1.5972
-3.7573
-4.8210
-3.8247
-2.3600
-3.3021
-2.3532
0.7042
0.0862
-3.5967
-1.5763
0.9528
-0.0858
6.3349
6.5387
-3.4524
-10.3057
-5.8866
2.2533
5.0003
8.3686
5.3613
4.3538
5.3932
3.0776
2.9756
4.6315
5.4737
-5.4504
-11.1259
-9.5571
-2.4920
10.3285
7.4140
-1.2040
-3.8005
-5.2746
-1.9930
-6.2931
-9.7875
-8.9838
-4.1833
-2.1365
-5.3413
-4.3843
-6.2304
-6.6171
-6.2207
-6.9212
-0.5286
-5.0150
-10.3172
-10.0527
-3.8061
3.0537
-0.4983
-7.4312
-3.2391
-5.8707
-8.6761
-4.7206
-2.2792
-2.7745
-1.0532
-0.7357
-2.3294
-2.4563
-3.1109
-1.3310
4.0469
-0.3197
-1.0690
-0.2593
-3.5656
-5.9659
2.9289
3.4667
1.7720
6.1105
9.1735
12.2580
8.6763
6.0510
3.6644
4.5507
1.8507
-0.0104
-2.1915
-2.5205
-1.0896
-2.5985
-4.0537
-5.4430
-3.7170
-0.5355
-1.8182
-1.4338
2.3477
0.1012
-3.6471
-2.4565
-1.5381
-1.7489
-3.2124
-4.0743
-3.4689
-0.8278
-0.6537
-2.1847
-4.5831
-3.6818
-5.8409
-10.9108
-11.4604
-8.6202
-8.0110
-8.8961
-7.3922
-4.9304
-2.6697
-0.3545
-3.2663
0.4403
0.0720
-4.8968
-0.3931
0.6518
-3.3747
-3.6711
-2.3723
-1.2151
0.8474
-1.0743
-1.6896
-1.5010
-0.8919
-1.2926
-2.4221
-1.3802
0.9545
1.8271
2.9206
-1.7057
-3.0274
-4.7070
-3.8669
-2.3295
-2.4017
-1.2355
1.1678
5.9436
7.9817
-3.0833
-3.1792
1.9932
-1.2518
-2.0310
2.4583
3.6897
-2.2586
-5.2790
-9.4783
-12.9081
-6.0656
0.7707
-0.8007
0.3170
-1.5735
-5.8931
-6.0199
-0.9156
-4.8109
-6.5133
-8.8339
-5.3799
-3.7460
-5.8919
-2.7807
1.6454
-3.1980
-7.3917
-9.7485
-10.2129
-8.1948
-11.0508
-2.3679
2.6320
4.2273
4.4773
-1.2511
2.0393
-0.2306
-5.2398
-3.3897
-3.2895
-3.0425
-6.1384
-3.7135
-0.6245
0.5119
-2.3339
-3.8497
-4.2520
-3.5996
-2.9515
-0.1573
0.2816
4.0477
1.5541
-0.1727
0.4409
1.3514
-3.1085
-0.5204
-1.6267
-0.6638
-0.4938
-4.1655
-4.4913
-3.3115
-5.4474
-4.3819
-2.5956
-4.6081
-3.3275
-1.6389
-2.5682
-0.9496
2.8456
-2.3625
-2.5842
-0.3947
-1.6181
-6.3057
-6.9639
-4.0252
-0.9219
-3.6800
-9.6325
-5.8766
-0.7732
-0.2786
-4.5675
-9.8166
-5.3803
-0.2909
-5.1290
-8.2790
-8.0981
-6.9665
-2.1295
1.4664
-2.5266
-3.1509
-1.1121
3.3433
7.6737
11.7725
9.8173
7.3074
8.3179
3.4447
-5.2745
-1.8760
1.8509
7.2146
6.6556
1.0841
1.2011
3.7483
-1.7303
4.1692
4.5270
-4.3808
-8.5619
-6.0598
0.4713
3.0585
-3.1446
-3.3285
2.3840
5.4744
4.1040
2.7071
-2.2033
-3.5843
-0.8078
0.4325
-1.6923
-0.5344
-1.9892
-3.5007
-0.8101
2.4446
0.2537
-2.4702
-5.3776
-5.7003
-6.1875
-3.5139
-4.0064
-3.7061
0.1249
-1.7550
-4.5675
-4.1043
2.6755
7.0198
3.6415
-5.2591
-5.3143
-2.4100
-4.6693
-4.3398
-1.8483
1.8405
2.2399
-1.3127
-3.6073
-1.2082
0.8631
-2.7635
-2.6527
-3.2536
-4.2701
-1.8568
3.7847
4.1480
6.5539
0.4530
-3.1763
-7.0106
-6.2691
0.1688
1.0114
-0.6768
0.3069
2.2264
2.1141
-5.7359
-6.5805
-5.4061
-4.4878
-3.4122
-3.6618
-7.2902
-11.1046
-14.2200
-12.3924
-14.3664
-15.0606
-11.8653
-16.1634
-15.2503
-4.9166
2.5193
4.1298
6.5627
-0.5250
-5.5468
-8.1465
-8.6223
-7.8712
-5.3662
1.0168
0.9167
1.9234
3.5074
0.4535
-4.6581
-3.5933
-3.7339
-1.3373
-2.5280
-2.1223
-3.6556
-0.3366
1.5980
3.9558
0.9057
-0.7991
-1.6966
2.5140
5.8230
4.1263
5.0211
5.8739
4.6590
3.2586
5.3140
1.2538
-2.4816
-0.9955
-0.9314
-4.0874
-2.5350
-1.7985
-4.6268
-2.3637
0.5967
-0.0344
1.4837
0.5865
-1.4979
-2.2215
-2.8406
-0.6379
-0.5200
1.5226
1.8252
7.1266
6.5871
0.9949
-1.9078
-0.6582
0.4745
-1.8077
-3.8372
-0.2885
1.6216
2.8952
3.6030
4.5889
0.3650
-5.3126
-6.3660
-5.7252
-4.4237
-9.8990
-10.7592
-5.7153
-3.1277
1.3178
3.6610
0.8858
2.0369
2.0353
-3.5725
-9.2495
-12.5588
-5.6993
0.1495
-1.4112
-2.3380
-2.6018
0.7632
-0.4715
-1.6133
-5.9197
-7.3324
-7.6216
-9.2648
-5.9060
-0.7270
-2.2783
-8.8269
-8.5507
-6.7144
-6.7982
-7.3744
-13.3603
-6.3363
0.6565
5.0212
3.7932
0.9591
0.9984
-2.0524
-8.0548
-4.1128
-3.1254
-2.8433
-0.7884
1.4075
1.3049
1.4531
-10.6827
-12.3811
-11.6980
-14.0080
-10.8006
-5.7276
-7.5145
-11.1577
-12.3186
-8.3712
-7.2088
-5.1801
-4.8175
-4.5899
0.4105
-3.0008
2.7458
1.5809
-8.8400
-9.7882
0.2724
3.0213
3.4215
-0.3285
-6.4076
-0.6865
7.1524
5.6775
3.8669
7.0919
8.8506
2.8385
1.4983
7.0900
4.8856
2.4241
3.5866
7.4052
8.3928
7.9258
10.1898
9.5810
0.8910
8.9745
20.2630
23.0894
17.8203
6.7307
4.4905
5.7382
7.2329
11.8121
8.4661
-0.0592
-1.5759
-2.2353
0.1867
1.6894
3.1161
0.4214
1.8625
0.8956
-0.8044
0.6502
-3.9710
-5.0835
-11.9084
-6.6580
-0.2142
-6.4865
-6.0012
-8.7175
-5.5995
-2.0343
1.1507
2.5380
-2.6699
-16.4690
-6.8155
-1.4345
-5.0873
-9.2037
-9.8147
-12.3135
-13.9750
-17.0288
-13.8051
-10.7435
-1.7602
-3.4402
2.1583
3.0539
3.3207
1.6322
-5.7185
-24.3212
-21.9154
-17.2618
-14.4662
-14.5030
-13.1410
-11.1760
-9.7975
-6.4156
-9.3862
-11.8753
-5.3201
-3.7655
-7.0575
-5.7315
-5.2965
-0.4216
-2.4936
-10.4512
-2.2276
2.0107
-5.4870
-6.0198
-2.2481
-2.5777
-2.6676
-2.5368
-0.8936
-0.1951
-1.1044
-2.4447
-1.8643
-1.7329
-4.3998
-4.1413
-0.5753
-3.9661
-3.5611
0.3530
0.9871
-0.1880
-1.2407
-2.1961
-6.6868
-4.9980
-2.7459
-2.8608
-2.5962
-1.5914
-2.7509
-5.9577
-6.0518
-3.4765
-3.1211
-4.7110
-3.1481
-2.8425
-2.8181
-1.3810
-2.3023
-3.9092
-2.9079
-0.4399
-1.8971
-5.7783
-1.0918
0.3185
-4.1408
-8.0531
-6.6099
-3.3417
-2.7785
-4.9497
-5.9173
-5.0140
-5.0052
-3.2954
-5.2809
1.9199
8.4828
2.6326
-1.8712
0.7310
4.2540
3.1767
1.0995
2.7515
-1.5834
-0.7325
-12.2557
-4.7416
-5.0662
-5.5210
-11.0973
-13.7020
-8.7695
-8.4982
-9.6099
-5.5832
-7.5523
-8.5609
-7.9768
-5.5777
-4.4350
-7.4212
-6.9600
-2.1668
1.3371
0.5200
-11.7387
-10.4870
-4.8951
-0.2497
-0.0308
-0.2597
2.5531
3.2839
-0.3926
1.4801
6.3968
1.2602
-3.6562
-7.7442
-10.2531
-8.4914
-3.7166
0.1551
-1.3205
-11.1267
-10.5899
-7.2838
-11.6423
-11.0804
-10.1949
-7.3274
-2.0133
0.7146
2.4823
4.2178
4.2912
1.8416
-1.1136
-1.0049
-4.5389
-4.5023
-3.4138
-5.8668
-4.0505
-1.7073
0.5784
-0.6046
-2.6029
-4.8756
-7.6430
-9.8064
-11.7024
-5.6776
1.0248
5.7728
8.4650
11.5999
10.1717
8.0793
6.6148
-1.4439
-2.1334
0.7768
-1.2943
-5.5885
-2.2449
-3.4495
-3.5687
-2.1443
-2.5122
-1.6699
0.0064
2.9322
0.3032
-1.8788
-2.9046
-3.1849
-3.5578
-0.1143
-1.9824
-3.3103
-3.3963
-3.5383
-4.2387
-2.7058
0.9068
4.2349
2.3967
1.6623
4.1070
5.5184
5.7801
7.3891
5.3159
3.6783
3.5892
2.4673
0.4052
4.5727
3.7490
-0.2422
0.5959
0.2252
2.2812
2.7675
-6.4224
-8.5069
-4.1153
-3.0365
-2.3972
-5.6870
-4.3273
-1.7684
-0.1139
-3.0994
-5.5454
-2.8994
2.2304
3.7845
0.3586
0.5333
5.5841
8.5577
8.6213
2.3722
-1.9638
0.7631
-0.8239
-3.0569
-1.8014
-0.0033
-3.8858
-6.1940
-6.2140
-6.3705
-6.1781
-4.2535
-5.1476
-5.0085
-3.0273
-3.5457
-6.5029
-1.4274
2.1450
2.5141
2.1454
2.6909
1.1158
-0.4068
-1.1886
2.5449
5.2579
7.9871
3.8626
-0.1278
-3.8324
4.6730
9.1162
4.3401
-0.4735
1.4489
3.9046
2.7421
0.2899
-0.7386
-2.0572
0.6817
1.4198
1.4627
2.3141
-4.5182
-9.0101
-8.8868
-5.9034
-2.7946
-8.0642
-10.4850
-8.4972
-4.2574
-1.1187
0.9765
1.5410
-4.4092
-8.0490
-10.1785
-10.7333
-4.0458
1.1655
0.3831
-0.2218
1.1453
-1.0675
-2.8208
-7.2170
-14.2484
-17.9414
-17.8155
-20.7978
-28.6016
-29.6167
-27.4535
-24.7363
-24.9901
-28.6046
-29.0449
-25.0299
-22.9037
-23.0062
-19.1235
-20.8807
-19.3357
-11.4699
-2.8393
2.4824
-1.0481
-4.0678
-1.6000
-3.7788
-7.4681
-8.2976
-4.1910
-2.3690
-4.5649
-6.2340
-1.5839
1.3825
2.2901
0.4175
1.7267
2.8086
3.0166
2.4675
-1.9068
-5.0604
-2.6456
-1.6848
-5.9251
-3.0914
-2.1760
-5.0534
-1.2926
6.6258
6.0502
1.3630
-4.0466
-6.1954
-10.6605
-13.1497
-8.1064
-2.7930
2.3863
7.2933
8.3257
7.4287
7.2406
5.5299
2.0914
3.4197
1.0431
-1.6847
-2.5857
1.0640
-0.4639
-1.2736
-0.3406
3.3171
2.5641
-4.0745
-4.3372
-2.5997
-0.3895
-0.3897
-1.7615
-4.1767
-1.3200
7.0073
8.9269
7.9938
3.6946
-1.6701
1.8635
-3.2657
-9.2322
-10.3939
-15.5004
-19.1516
-18.4561
-19.7252
-21.0318
-18.1926
-13.3604
-15.5734
-12.9093
-3.7127
1.1596
4.8204
6.6910
12.2102
13.8044
0.0423
4.0184
10.5364
6.0392
2.0554
-1.4143
-3.0900
-4.9310
-9.7864
-11.2142
-4.1618
-1.5609
-6.2052
-7.7623
-11.6738
-6.2676
-2.5012
-8.6279
-9.9926
-1.7255
-0.5473
-5.9702
-14.4942
-11.3066
-8.5737
4.3496
-4.9310
-6.4764
-8.3936
-9.8507
-10.2842
-7.9996
0.0011
-2.5489
-7.1084
-7.3487
-7.7378
-9.0520
-5.0226
-9.0965
-12.2442
-14.2939
-8.4570
-1.2073
0.9065
-0.0694

Coefficient 25:
1.2136
-11.6320
-13.2369
-11.1960
0.3103
3.2271
-2.6865
-7.2147
-8.9097
-5.4158
-5.4800
-1.2342
0.5112
-1.5141
-0.4434
-1.9065
-2.0544
-5.4330
-7.3008
-4.6522
-4.6244
-6.4484
-9.3680
-9.4436
-9.2438
-4.1049
-0.5679
-7.9040
-6.1674
-4.5373
-2.6348
-5.0065
-6.7618
-1.9855
-0.4595
-3.4950
-2.0390
-4.9911
-7.8331
-9.8418
-10.1562
-1.4658
-1.7247
-1.3279
-1.0640
-3.4260
-0.1296
-1.3420
-2.5189
-2.4873
8.4958
17.1976
18.6041
17.1310
12.0878
6.4176
0.7611
-7.2127
-6.9564
0.8004
-0.0474
-3.2438
-3.0550
-2.3703
1.2832
0.5742
-0.8662
-1.8598
4.6670
1.1633
-2.5421
-14.1383
-14.4395
-7.0259
-4.0630
-2.3802
-3.5846
-6.9442
-12.8270
-10.3166
-6.8578
-11.2792
-10.1362
-10.6487
-9.5838
-9.6843
-8.2896
-8.5007
-16.5068
-10.8229
-4.5207
1.2244
-3.0572
-14.1654
-15.7654
-18.2433
-14.9852
-8.9870
-6.7499
-11.0311
-16.0519
-13.8183
-18.9743
-19.1788
-13.2719
-7.1015
-10.6963
-18.9578
-19.5188
-13.6309
-8.2545
-9.4105
-8.3633
-3.4201
-3.0594
-6.0063
-10.4727
-8.6734
-9.2152
-13.1065
-6.1535
-3.6059
-0.6882
-0.6109
-7.4182
-7.0154
-7.2385
-5.3073
-7.7956
-10.4547
-8.7550
-1.3534
-3.1223
-0.3944
4.1753
-2.5931
-11.6887
-17.9329
-17.6529
-11.5519
-6.9365
-2.3927
-1.2960
1.7094
1.0590
-20.9289
-28.7464
-23.4046
-19.9715
-16.6555
-19.2991
-25.5742
-25.7975
-25.0312
-23.3437
-24.2808
-19.5909
-18.1560
-17.6054
-20.7184
-19.2514
-13.5717
-16.2104
-14.9616
-5.6835
0.9088
-4.2789
-6.2001
-2.6680
-3.6513
-2.9606
-1.8281
-4.0899
-2.9348
-2.4010
-1.6779
0.5930
1.7758
1.8928
0.4343
0.5428
-1.1079
-1.5138
-1.6126
0.4999
0.9415
-0.9216
-0.4883
1.0829
-0.3270
-0.8553
0.4793
-1.1232
-1.2296
1.4701
1.8398
1.3527
-0.5915
-1.7656
0.3625
1.8422
3.0840
3.1089
0.6910
-1.7704
-2.9869
-0.4428
-1.2398
-2.3886
-2.2861
-3.8312
-5.4481
-4.6213
-2.0339
-2.2864
-2.7275
0.2278
2.6853
-2.0057
-2.5920
-2.5881
-6.1645
-12.4076
-9.6051
-7.5459
-7.1684
-8.3452
-15.6791
-15.9823
-14.7174
-8.0931
-4.5892
-4.9296
1.5978
3.9678
0.2931
6.6892
4.8744
-0.1011
-2.5976
-0.4586
1.8873
-0.2778
1.5736
0.7378
-1.7079
-7.4520
-13.8225
-15.7496
-12.1911
-10.6226
-12.6291
-8.4172
-7.4469
-10.6011
-12.3944
-14.5939
-10.1202
-4.9933
-16.2374
-17.8342
-14.4181
-10.0291
-7.1274
-5.8260
-9.9364
-12.8101
-13.9438
-14.4024
-14.1860
-18.8200
-16.8558
-12.1744
-4.3293
-2.8369
-4.3521
-8.3456
-12.7372
-11.5010
-7.8410
-3.9766
-0.9635
-2.8805
-4.4501
-3.8353
-4.6098
-6.5631
-10.0468
-11.9508
-18.9980
-18.6518
-12.3610
-13.1425
-13.8429
-14.1113
-13.2497
-6.2279
-2.5240
0.3071
-0.7231
-3.0682
-5.1148
-2.9030
-0.4115
-3.1940
-2.7956
2.2413
-0.0704
-2.5042
-0.3654
-0.9082
-1.8485
-1.8054
-1.8954
-3.0185
-0.2888
-0.2418
-2.8751
-10.8209
-11.0245
-13.2816
-16.0960
-16.4596
-13.3753
-11.4583
-10.6928
-9.3991
-5.8250
-1.6296
-1.5884
-5.2003
-1.6588
-3.0766
-7.5446
-5.7365
-5.6494
-5.0499
-1.2363
-0.2758
-0.8005
-0.1653
-0.8378
-0.6365
0.9309
0.6222
0.2659
-1.2638
-1.4918
1.2017
2.3322
3.5500
1.8283
-0.6314
-2.8771
-3.6241
-1.9777
-1.4555
-2.1062
5.7799
12.8730
-2.3171
-14.3354
-6.9907
-3.2077
-2.3114
-5.4348
-9.5674
-4.2106
-0.4134
-0.6837
-2.6093
0.5751
0.3576
-5.6558
-8.6141
-7.1972
-6.9487
-9.5664
-7.4583
-7.5883
-3.9112
-0.6142
-0.3870
-1.3882
-2.8771
-3.6949
-1.7891
-2.9741
-3.8340
-1.4442
-9.8923
-13.4667
-7.1212
-6.0095
-5.5185
-5.0506
-0.9858
-0.9576
-2.5491
1.3286
0.0820
-4.1291
-2.1041
-1.3571
-1.2214
-3.6170
-3.4629
-3.5256
-2.9948
-4.2163
-3.9460
-3.5026
-2.4921
-0.8793
-0.0704
-1.0284
3.1360
2.5908
3.4045
3.3410
4.1455
0.9578
1.8865
0.1693
0.0854
-1.0235
-3.5372
-3.8552
-2.8539
-4.8162
-2.5735
-0.6630
-1.7557
-0.6528
-1.2250
-4.7986
-1.8861
4.1831
-1.9758
-2.5621
-2.3318
-3.5236
-5.6206
-4.1355
-2.4379
0.0239
-3.8771
-9.8632
-5.9512
-2.2013
1.1471
-3.4097
-8.7737
-2.1584
2.3745
-6.1930
-10.7541
-11.7737
-10.8275
-2.6888
2.6033
-1.4436
-1.4595
-1.5473
-0.9767
3.7636
8.1216
0.7019
-6.9983
-2.0410
-4.1847
-11.0289
-14.3957
-14.1462
-8.3630
-5.9037
-6.5337
-4.3540
-5.6377
-14.3450
-13.5626
-10.2196
-10.6055
-11.8197
-7.8845
-7.2881
-6.0001
-16.5866
-21.6336
-20.0807
-15.5030
-16.0038
-15.1196
-12.7757
-9.1803
-7.5088
-11.2133
-12.0326
-11.5637
-13.9530
-16.7749
-14.3070
-5.9293
-1.3449
-2.1065
-4.8739
-2.5267
-2.4217
-5.2525
-8.3587
-6.8615
-3.6927
-4.6043
-2.4697
-3.0469
-1.0885
-0.2211
2.4684
-3.6253
-3.5097
-2.1658
-3.6857
-3.5646
-1.4340
1.9348
2.2223
-0.8495
-4.1562
-1.6154
1.5589
-0.4991
-2.6922
-3.2805
-3.4676
0.7725
7.0449
5.5585
-1.5926
-5.8526
-2.8841
-1.2497
-2.9554
-2.2471
-0.6089
-11.0055
-15.4795
1.2170
4.7944
-6.3683
-10.8271
-13.1026
-12.1252
-8.2745
-2.9377
-3.6135
-6.1484
-11.0297
-8.9650
-8.5571
-9.9316
-8.2457
-3.9674
-4.1536
-6.8321
-14.7631
-17.0529
-12.9874
-12.9574
-10.8068
-11.0065
-7.1224
-9.9503
-14.8663
-11.3764
-10.5326
-10.4214
-3.2290
0.2075
-8.0057
-9.9749
-8.7368
-6.8194
-6.2885
-5.8650
-3.4369
-2.3797
-5.0942
-7.1325
-6.2224
-5.4602
-5.1638
-2.7205
-0.5931
-6.0812
-7.2399
-7.4345
-7.7666
-7.7178
-4.0529
-3.8047
-1.8092
1.7403
-0.7367
-5.3581
-4.1942
-3.2086
-4.8152
-3.3374
0.1849
-0.1840
-0.4209
0.1409
-1.6266
-2.7984
-2.4548
1.0505
-0.1228
1.8192
2.6229
7.9636
6.4206
1.0010
-1.4281
1.6757
2.5145
-1.1992
-1.9163
2.7572
4.3426
3.5820
2.2913
3.1669
0.5518
-4.9568
-7.4066
-8.6492
-6.6363
-8.9578
-7.6110
-1.7763
0.6784
5.4883
6.4891
1.2670
2.0060
-5.9696
-9.4537
-8.4300
-9.2014
-4.9288
-1.1770
-3.1038
-6.0491
-8.2160
-6.7672
-4.1014
-1.3470
-4.8795
-8.3026
-7.8878
-10.2542
-8.7176
-1.7491
-2.2923
-8.2341
-9.9094
-5.6624
-3.3588
-5.7229
-2.1476
0.1229
-0.3432
0.9380
0.1680
-4.5047
-5.5997
-5.9332
-8.2304
-9.3116
-2.7977
-4.7292
-3.6153
0.3211
0.5176
-4.1116
0.3801
-1.7271
-9.2240
-15.6421
-5.5895
2.9670
2.5489
4.6311
-0.2245
-7.8459
-14.4422
-13.0364
-9.6860
-8.0484
-9.3989
-8.8958
-4.3447
-6.0577
-8.7898
-3.3358
0.5811
-3.3976
-3.3899
-4.0323
-6.3285
-12.2890
-14.8313
-15.9072
-18.6909
-20.0429
-18.1448
-14.4536
-14.3271
-15.1684
-11.4494
-9.6330
-12.7760
-14.1721
-15.5777
-13.8863
-9.0968
-4.3113
1.6869
-0.0185
-8.5153
-12.1087
-10.7326
2.3998
5.5269
4.9791
3.3706
2.5667
1.4062
3.4741
7.1401
5.8767
3.0991
1.9522
3.2058
0.2461
2.6463
0.6008
-2.5793
7.0280
3.1903
1.0176
-9.5040
-10.9303
-5.2006
-6.3166
-8.4383
-6.3117
-4.3885
3.2825
5.9043
8.0437
6.0142
-9.5758
-12.9282
-13.2066
-6.3812
-3.0717
-1.0055
2.0312
8.5170
4.7618
-0.0660
-5.1020
0.8017
-2.5025
-4.5618
-3.8872
0.3416
2.2793
8.1726
16.7892
16.3442
15.9068
12.3711
5.4270
-0.7178
-5.9522
-5.7526
-2.3984
-5.3003
-7.9830
-8.7026
-9.3144
-10.9429
-11.3585
-8.5859
-3.3392
-2.1444
-11.6599
-7.2608
3.4990
1.5328
-2.3162
-1.4004
-1.9081
-1.5725
-4.8868
-4.8413
-1.7499
-1.9677
-2.7332
-1.1859
-1.2036
-5.7239
-7.1240
-6.9264
-6.8851
-2.9395
1.5162
3.3817
2.1341
-0.1260
-2.0820
-6.5387
-5.3846
-2.5343
-2.1737
-4.2105
-3.4694
-3.4752
-4.8476
-3.1837
-3.1600
-4.0456
-5.0704
-2.5654
-0.9602
-1.8720
-1.7452
-0.6346
2.7113
3.5090
3.1106
-0.3624
-2.2367
1.3494
1.9367
-2.7137
-7.0778
-5.4994
-0.5584
-0.5292
-3.2220
-3.9965
-4.6170
-4.9787
-2.8568
-5.3228
-3.7148
-0.9526
-1.4832
0.8077
-0.7253
0.6506
2.6103
3.2046
2.9888
-1.5153
-1.8331
4.5372
-1.2267
1.3418
3.0063
1.5058
0.0991
1.4049
-1.3939
-1.0761
-3.2476
-4.0464
-8.7844
-8.4275
-6.4800
-13.6441
-16.2527
-8.5684
-4.3616
1.1558
-2.0969
-10.9618
-12.2878
-10.2613
-7.7406
-6.6388
-5.5042
-3.4575
-4.9469
-9.5429
-8.7739
-4.5766
-6.0845
-7.8042
-8.2721
-5.3543
-4.3141
-5.8805
1.9945
0.7506
-3.5892
-6.5645
-6.1524
-4.8094
-3.9469
0.5140
3.3424
5.7471
2.4543
-3.1329
-2.1599
-0.1721
-4.5247
-8.1165
-4.9117
-8.9974
-12.1304
-11.9048
-10.7593
-9.5973
-11.0894
-7.7097
-5.3673
-8.5169
-5.3525
-4.1465
-5.4174
-7.7234
-5.1135
-6.4551
-6.9288
-9.9427
-10.6185
-9.3302
-10.8971
-11.9470
-11.8314
-9.5512
-4.3673
-2.8505
-4.1064
-2.6266
-3.5481
-3.2427
-2.0603
-2.5358
-0.7133
0.1998
2.0734
-0.3628
-1.9048
-2.2749
-3.3598
-4.0987
0.2560
-1.7058
-4.4997
-5.3613
-4.0165
-4.0152
-3.9588
-1.8108
3.2724
5.5273
7.3643
8.1329
7.0124
9.1068
8.7573
2.5154
-0.3263
-1.0011
-1.5470
-0.5959
3.9946
1.3811
-4.0675
-0.0994
-1.0576
0.7507
0.4031
-7.3458
-6.0089
-0.9189
0.1024
-0.8521
-7.1629
-12.8168
-11.5621
-9.9231
-11.2591
-10.8135
-4.7963
0.9373
1.6888
0.1301
-2.7930
2.1574
8.2728
7.4638
-1.9290
-3.0799
-1.1301
-1.7714
-2.1203
-1.2005
-0.2213
-1.6191
-2.9776
-3.8085
-3.5854
-2.0098
-1.2369
-1.8461
-1.0368
-0.4847
0.7085
-5.5867
-8.1451
-3.3343
-1.5911
1.1255
1.4391
-4.9769
-6.8922
-7.0844
-2.3725
3.0767
4.9150
-1.0598
-5.3887
-6.7667
1.1606
9.3647
8.3388
5.9537
5.1072
7.7954
6.5726
0.6717
-2.6940
-6.2599
-4.3817
-2.0564
2.1814
3.8084
-3.1778
-8.2605
-4.8034
-5.0373
-4.3613
-5.4170
-7.8649
-5.9121
-1.5301
0.3223
-9.0948
-17.0190
-16.8320
-12.2839
-9.2360
-6.7628
-5.3347
-4.5381
-3.9367
0.1867
1.9687
-2.4621
-0.0914
1.5556
-8.2545
-11.7604
-10.6694
-3.6363
-1.6550
-3.5509
-2.2188
0.1446
1.4700
-0.3613
-0.8643
0.2059
-5.8339
-13.2820
-22.6295
-20.6066
-12.5047
-7.6078
-5.7250
-1.7813
-4.4111
-6.3867
-3.1923
1.0919
-1.2182
-3.4994
-0.5475
3.4770
-1.1665
-4.5053
-0.7324
0.6278
1.1834
0.8130
2.3673
2.8839
3.7651
4.8671
0.6853
-5.0876
-5.9801
-4.1356
-3.3368
-0.3134
-1.3164
-1.6993
-0.0566
7.3536
6.5526
2.1976
-4.7876
-5.9358
-8.2112
-13.4961
-11.0715
-12.6844
-15.9180
-15.4326
-15.7812
-14.8200
-8.2772
-6.3066
-3.0357
1.5799
1.8309
-3.6382
-4.2515
-1.2933
-0.3372
-1.3429
1.4350
4.8817
1.5871
-6.1042
-7.1002
-7.3838
-4.6861
-2.6996
-3.6859
-6.8983
-2.3159
-2.8652
-9.9771
-21.6545
-28.3644
-24.9389
-12.9573
-6.0003
-6.1169
-4.0169
-2.8177
-1.3734
0.8317
-1.8581
2.1726
6.8840
3.3704
-0.5659
0.6764
-2.8990
-13.8351
-25.1896
-20.3166
-12.1881
-10.4416
-12.2938
-5.9578
-3.5232
-6.5418
-0.1287
6.2014
7.4152
-1.5049
-7.7884
-5.5642
-2.1562
-0.7472
-6.6423
-7.0165
-9.3591
-8.8170
-10.9537
-14.7923
-14.7604
-11.9931
-10.2115
-7.8571
-8.5604
-6.4336
-1.8260
-4.7528
-8.1557
-5.4841
-10.1892
-22.7477
-16.9590
-16.7273
-12.0524
-15.2385
-13.4952
-4.7910
-9.7413
-9.2327
-4.3236
-11.0135
-13.7842
-13.0009
-4.8155
1.4934
-0.9750
-5.2507

Coefficient 26:
1.1076
-5.3175
-3.5550
-1.1063
5.9699
2.4220
-4.1226
-7.6614
-10.2417
-6.5881
-5.2384
-0.9881
-1.0694
-3.1509
-2.7324
-2.8191
-4.9564
-7.0456
-6.2511
-5.6670
-9.8351
-9.5926
-4.3233
-6.6919
-7.8400
-3.6256
-0.0503
-6.4978
-4.9662
-3.2189
-2.3363
-4.9931
-6.2881
-0.9673
-0.0213
-0.3191
-4.4456
-5.4445
-3.2706
-2.9484
-3.9489
-3.4519
-2.5570
3.9822
7.0859
-0.8473
-2.7447
-5.5643
-4.8804
4.1779
14.3396
8.8233
3.1168
1.0218
2.3696
2.6585
3.6516
0.6132
3.1006
9.0392
10.4001
6.1073
0.8799
-2.6477
0.4342
0.5606
-1.4092
-2.2090
-1.0500
0.0129
-0.1597
-2.1275
-3.7704
-1.3666
-5.3164
-9.8539
-9.0967
-5.8821
-4.1146
-7.4177
-9.3280
-7.0745
-2.2946
-6.8069
-7.8293
-6.5634
-5.6037
-9.6400
-14.0490
-9.0171
-8.1613
-7.3250
-4.6148
-1.0106
5.1498
5.9484
10.4445
13.6711
14.1253
4.6812
0.2335
-2.7809
-0.2335
1.4632
-1.1626
-1.6668
-11.0219
-7.1647
-4.2562
-3.5155
-3.7434
-5.0753
-8.2340
-8.3617
-7.2095
-17.7217
-15.4726
-11.8298
-12.8926
-13.2426
-17.7847
-16.2068
-5.8947
-3.0638
-8.3881
-8.6862
-9.9831
-4.3796
6.1474
5.8819
-0.0717
-5.8840
-6.9242
-3.1027
3.0622
3.6955
-1.2733
-2.6854
-1.8878
-0.1427
0.2369
3.1097
2.4204
-4.0875
-8.5894
-14.5921
-9.3053
-6.3026
-3.7617
-4.1449
-4.7828
-3.0836
-4.7252
-3.2520
-4.3507
-8.2939
-11.6762
-11.2707
-10.9328
-11.1213
-9.8708
-8.7211
-12.5871
-10.5550
-11.8285
-13.2874
-13.3086
-3.8986
-0.4859
-2.8074
-1.3777
-0.2416
-3.8342
-2.3364
-2.1837
-1.5719
1.2512
2.8167
1.9530
0.6498
0.8125
-0.6312
-1.4586
-1.2078
0.2750
-0.1336
-0.9103
-0.6856
3.4020
3.3063
1.1446
3.0972
1.4347
-0.8787
1.5568
2.6290
2.2896
-0.6753
-1.8111
0.0577
1.5281
2.0441
2.1688
-0.1712
-1.1510
-2.5351
-0.5487
-1.6372
-1.9803
-1.0770
-2.9868
-4.5206
-5.0526
-1.4568
-0.9216
-2.4515
-0.9656
2.0107
-1.7491
-3.4143
-5.8109
-11.5672
-18.0540
-17.9384
-17.1906
-12.3602
-5.1838
-4.7051
-7.2975
-8.0481
-4.5435
-5.4132
-9.7990
-7.0798
-6.6920
-6.7008
-4.9078
-9.3753
-12.4686
-10.2469
-8.5106
-16.1620
-13.2825
-8.7951
-6.9210
-3.7300
-4.0549
-5.6950
-9.3076
-8.5986
-11.4289
-16.9866
-15.6288
-15.1611
-17.3527
-13.6290
-10.0746
-1.4946
-3.5007
-6.6092
-4.2276
-6.7057
-8.0461
-7.2084
-4.6912
-5.9490
-11.3846
-10.0931
-12.8562
-13.9730
-10.7293
-10.0270
-10.7105
-15.0081
-12.7050
-6.3735
-2.3992
-2.5827
0.2389
-1.8632
-2.2670
-3.0637
-3.2210
-2.6147
-4.0082
-18.2604
-21.9905
-16.5990
-10.3514
-8.3150
-4.6312
-3.3323
-1.7180
-0.5827
-1.6100
-5.3948
-4.5090
-2.0873
1.3113
0.8656
-4.1180
-6.4111
-2.8903
-0.5097
-4.2460
-3.6866
2.1399
-0.1939
-1.4571
1.2034
-0.3866
-1.6353
-0.6877
0.1522
-2.2264
-0.4961
-0.7792
-6.5618
-15.4375
-15.1444
-13.6202
-11.7847
-12.0755
-6.3472
-4.9378
-5.9473
-7.4873
-6.2319
0.3029
0.1329
-2.3469
-0.0479
0.1175
-1.8079
-1.6117
0.2588
-0.0194
-0.0120
0.3927
-0.5913
1.7367
1.3609
1.0833
2.6911
2.1579
0.9235
-0.8920
-2.0278
-0.2281
0.9414
1.0191
4.2202
0.1083
-3.3712
-3.8304
-2.5686
-0.6129
0.2225
1.9587
-1.5515
-7.3652
-9.6019
-2.4419
0.1321
-0.9453
-5.2404
-4.8768
-3.7585
-2.7088
-3.8864
-4.6095
-1.4355
4.1861
-3.2805
-7.9243
-11.8224
-8.3025
-8.6168
-11.4921
-9.2291
-11.6900
-13.7265
-14.1488
-19.0040
-17.5953
-15.1098
-9.7942
-5.2357
-4.8371
-4.5723
-7.8186
-7.3959
-6.1377
-7.1891
-9.0538
-9.1674
-2.2687
-2.0291
-0.1652
-0.4217
1.0135
-3.6291
-1.9732
-0.3787
-1.7277
-3.2344
-3.6498
-5.2433
-5.2608
-5.2819
-3.9397
-2.1411
-1.6045
-0.4006
4.2812
6.2921
5.0188
1.1632
3.2814
3.8425
6.3637
4.5411
0.6300
0.1784
-0.3401
-2.8584
-4.4548
-5.4919
-3.1839
-2.9361
-0.3450
1.0774
0.4213
0.0422
-1.1356
-2.8667
0.8398
3.4972
-2.0159
-2.5318
-3.8556
-4.6132
-4.0020
-1.3661
-0.0300
1.0565
-2.9778
-7.2405
-3.3649
-1.5202
2.4363
4.0233
3.2004
7.8336
7.9259
-1.3568
-4.8870
-7.7259
-8.9847
-3.4963
0.3415
-2.0024
-0.8025
-3.2087
-7.9510
-4.0648
2.7913
5.0308
5.1089
5.2863
-6.8075
-14.4144
-14.0480
-15.9970
-15.8388
-11.7183
-8.1736
-8.3626
-8.9081
-6.1952
-5.0617
-3.5163
-3.2317
0.1948
-0.5199
-3.8163
-9.2263
-15.2130
-9.7758
-5.7080
-2.7575
-7.0148
-8.6702
-10.9686
-11.6849
-8.5759
-6.9832
-6.4058
-10.3958
-7.8729
-4.5074
-6.4949
-8.5766
-14.5107
-10.2885
-2.8970
0.7740
-0.9080
-13.1343
-18.4603
-16.8525
-13.8155
-6.0769
-3.4641
-6.6954
-5.2025
-5.3600
-0.4988
-1.4383
-1.5575
-2.0398
-2.5031
-2.7782
-0.9445
2.0203
2.4141
-0.8522
-4.2010
-2.4524
1.5089
1.6493
-1.3160
-2.8533
-2.4107
2.4028
7.1624
4.1295
1.5252
4.2715
0.7986
2.2116
1.6620
1.5822
-0.4415
-5.3864
-9.9738
-11.3618
-4.8684
-12.1356
-15.9632
-16.2972
-12.3231
-6.4562
-5.7782
-1.9172
-1.2967
-4.8521
-3.1419
-3.1141
-4.6515
-4.4853
-1.3080
0.2787
2.5627
1.5983
1.8678
-0.4127
-1.0238
-3.9761
-5.2780
-11.7561
-16.3873
-20.0777
-15.7011
-10.6911
-11.5586
-9.4600
-1.8851
-0.3358
1.7260
-0.5250
-2.5566
-2.6058
1.2368
1.1402
0.3569
-0.9565
-2.4620
-3.3843
-4.5431
-6.5248
-5.0158
-3.5411
-8.7079
-12.8302
-13.1600
-11.9792
-11.8486
-9.1797
-6.4451
-0.9932
2.8087
-1.4583
-5.2528
-4.9767
-5.1525
-5.0837
-3.9140
-0.4034
0.0362
-1.3527
0.4559
-1.1348
-2.9795
-3.4863
-0.1906
-0.3212
2.0477
2.8752
5.4405
3.0306
-0.0403
-1.2263
2.5895
3.5006
-0.8106
-1.4024
2.7685
0.9631
-2.5393
-1.9996
1.4136
-0.4797
-3.9373
-1.5298
-0.7438
-2.1036
-4.5069
-0.9411
2.7737
3.9366
6.4178
3.8605
2.1121
2.0852
2.2819
0.4189
2.6045
4.7304
6.4875
4.1939
3.4789
-0.4368
-6.0764
-10.8974
-5.0321
0.2753
-3.8721
-8.2001
-8.3480
-10.0093
-9.5422
-4.9330
-3.6692
-2.8766
0.7395
1.4582
0.3485
1.8639
-0.2982
-2.1919
3.2823
3.8650
-3.8317
-2.4636
-2.9153
-6.5712
-2.4715
-2.4511
-9.7584
-7.1022
-4.9416
-4.9426
0.8624
-0.3580
-1.1437
-4.1933
-5.7808
-4.3232
-5.7359
-6.2836
-8.8979
-12.8011
-11.7055
-9.2295
-5.5268
-4.2454
-2.7831
-7.2989
-5.6832
-1.5445
-2.9814
-3.5883
-7.6908
-11.7240
-13.6950
-11.6787
-5.7434
-3.7515
-0.0355
2.4289
2.7706
0.3152
-4.6289
-11.1754
-12.7350
-7.0998
-5.9718
-3.7182
1.2758
5.0181
9.6939
6.2649
-0.5212
-0.0454
6.3658
1.9223
-0.9728
-4.3608
-8.3990
-6.0918
-4.7159
-9.6102
-4.4441
-3.6585
-5.8239
-9.6011
-8.8176
-2.7423
-3.2954
-2.4960
0.2887
1.7081
1.1499
-0.2589
2.7584
3.7642
2.7557
2.4602
8.0581
8.0844
-2.8133
-1.3701
-2.9130
-3.4615
-8.2040
-8.0741
-4.4935
-4.5160
-4.1680
-3.7916
-10.5827
-21.9404
-18.2546
-10.5388
-10.4613
-17.8408
-24.8160
-21.4344
-18.4339
-14.3879
-10.9769
-15.0482
-14.7901
-15.3372
-13.0039
-10.1988
-5.2113
-5.6093
-3.4231
-11.2071
-12.9680
-8.6312
-10.2005
-11.5612
-14.7279
-19.1785
-20.6014
-16.4748
-8.9827
-9.2427
-3.9138
-1.3138
-5.9726
-8.9903
-9.9373
-7.9753
-5.3071
-4.0395
-2.6570
3.6290
0.7150
-3.6457
-0.4022
-1.3278
-0.5284
0.1960
-0.2211
-1.6261
-2.2943
-2.8442
-0.2793
-0.3712
-5.4037
-5.7641
-1.3349
-0.4460
0.0593
1.4181
4.2462
3.3708
0.7316
-1.3290
-4.8927
-5.6011
-2.5158
-1.3334
-5.1574
-4.7776
-3.5033
-3.4012
-1.4149
-2.8731
-4.7946
-5.0426
-1.7716
-0.1363
-1.6328
-1.9346
-1.4103
-3.3504
-5.8013
-4.4875
-0.2713
0.9754
3.5901
2.6852
-2.3022
-5.5243
-3.9386
-0.5885
-1.5483
-3.5404
-3.0634
-3.2535
-3.8418
-1.9000
-4.8745
2.3159
4.5263
-3.1017
0.3838
-1.1909
-1.2875
1.6889
5.7367
2.0026
-3.4266
-2.0060
1.4433
-6.8923
-10.2316
-10.1998
-9.5837
-11.2739
-14.1349
-11.7990
-9.2102
-7.3034
-6.2445
-11.1783
-12.7823
-7.8740
-4.1989
-3.0953
0.6117
-0.7320
-1.2109
1.5985
7.6471
5.4496
0.5921
0.0628
-1.5307
-2.9424
-6.8200
-3.9447
-2.9179
-1.7744
1.8411
1.1206
-0.0619
-0.1457
4.7878
3.2997
3.1082
-0.1278
0.9017
-2.6044
-9.1939
-9.2317
-6.9713
-8.1509
-7.3643
-3.5235
-0.4231
-1.1510
-3.3351
-3.7616
1.6644
-1.8042
-4.1444
-4.7584
-5.7614
-2.0949
-4.6273
-4.0340
0.5855
-2.8664
-5.2244
-7.5849
-3.3828
-1.5362
-2.0237
-11.0588
-17.6114
-15.8176
-10.1128
-12.3773
-13.4281
-9.2464
-5.0172
0.0362
-1.2607
-4.6824
-4.7686
0.5473
5.1117
0.8222
-2.8767
-3.4282
-2.6235
-1.8017
-2.2727
0.3985
0.6555
1.1498
-1.0242
-1.5358
-0.5915
-2.9753
-4.3929
-0.2882
-1.4298
-4.8976
-6.1870
-4.2827
-3.7965
-4.7750
-4.2855
0.1496
2.9128
4.4669
3.1078
0.3051
3.6225
2.4702
-5.8709
-7.9043
-5.2453
-4.9100
-4.4004
-2.1718
-3.1846
-5.5408
-1.2551
-2.1101
-0.6442
-2.1407
-7.1179
-3.5109
0.9443
2.5790
-0.3363
-5.6248
-8.4605
-8.9687
-6.7695
-5.6179
-5.9248
-6.1127
-4.8040
-6.5039
-3.7079
-4.5085
-1.7695
0.7478
-0.9795
-4.7786
-1.3562
-0.7428
-1.7340
-1.2639
-0.6315
1.0774
3.3665
6.0299
4.3292
3.5297
5.3636
4.2556
1.2490
1.4614
1.1396
2.4047
-4.5863
-11.0904
-8.0236
-6.6542
-1.3264
5.2465
3.4731
1.9711
-0.7512
-3.6217
-4.9228
-3.0951
-3.3237
-4.4826
-5.9872
-8.6190
-7.8879
-8.0923
-6.9811
-8.5072
-7.6429
-6.5355
-8.4303
-7.3456
-8.3377
-8.1820
-6.5619
-0.0769
3.0641
-1.5676
-6.2463
-3.2970
-6.2765
-7.1770
-3.5955
-2.7320
-2.9418
0.0611
1.4240
-13.0525
-11.3643
3.4945
5.8727
-0.4182
-3.2095
-2.8945
0.4086
1.0720
-1.0544
-4.0502
-1.5878
1.4854
2.8456
-2.3220
-7.6295
-8.8604
-6.9581
-7.3514
-10.6911
-11.5238
-5.2554
2.5195
-3.6042
-0.6096
2.3663
-1.2259
-9.6211
-13.7386
-13.2496
-10.0289
-6.5538
-4.6690
-2.5112
-5.7654
-6.5800
-1.6729
3.5588
3.6693
0.2952
2.3129
6.6401
1.4078
-2.0209
-0.4004
-1.6805
-1.9453
-0.5875
1.9235
4.1377
5.0999
3.9561
1.4165
-4.9553
-7.1259
-4.5256
-2.0530
-1.0947
-2.6836
-3.1880
0.2041
5.1592
4.2314
-0.2572
-7.9383
-8.2557
-2.8814
-1.5286
0.8383
-1.8024
-8.7075
-8.1172
-5.3987
-9.0912
-10.9498
-10.7526
-6.4157
-5.4980
-1.0908
2.0334
2.1018
5.0836
1.3168
-0.9338
0.6845
1.6375
-3.5166
-8.5991
-8.5831
-10.5025
-7.9741
-2.9892
-3.9762
-7.2539
-1.1034
-3.5786
-17.4179
-25.3667
-19.2608
-10.5377
-5.4571
5.1797
7.0291
3.9158
6.1032
11.1321
7.3067
5.8460
3.2890
3.8246
6.2835
7.5627
6.6223
0.5007
-11.9884
-18.0237
-14.9005
-15.1157
-20.5911
-14.2318
-8.1829
-6.5330
-8.7866
-15.6711
-5.9582
4.0672
1.0653
-4.8929
-5.1225
-1.3143
-2.1881
-2.6841
-1.3804
-1.2474
-3.5725
-6.6387
-8.7037
-9.7585
-5.5168
-5.6302
-6.7830
-6.5531
-7.4475
-0.0908
-8.8054
-13.6598
-17.7254
-22.1811
-14.0437
-10.9458
-15.1486
-17.5158
-16.1986
-12.3758
-8.5077
-12.3006
-11.4593
-1.8659
-3.9243
-1.5921
0.9595
3.4054
5.5861
4.9687
1.1755

Coefficient 27:
1.0132
1.7759
1.5554
1.0623
-3.3408
-5.3829
-5.8517
-7.3829
-9.8709
-6.8933
-4.4382
-1.9915
-2.0574
-4.5292
-2.9805
-1.4623
1.0535
-2.8277
-4.7363
7.0487
3.9832
-3.5477
3.0914
10.1708
9.1853
9.4901
4.0581
-2.0233
-2.1945
-2.1107
-2.6541
-4.3540
-6.7123
-3.4880
-2.7134
-3.7609
-7.1174
-6.1727
-2.8637
-1.7117
-3.0988
-3.9955
-0.0919
2.9537
1.1075
-4.3717
-9.0654
-8.4897
-8.7314
-6.3388
1.2737
-3.6926
-6.7180
-4.9877
1.1775
1.0059
1.8374
-1.2862
-3.5346
-0.0257
0.9058
2.1754
1.2558
-3.0945
-0.1820
-0.7960
-9.0784
-9.2030
-1.3618
4.4227
7.6475
12.9439
7.5471
-0.7783
-5.2681
-8.4035
-3.6000
1.2688
0.7588
-3.7140
-5.3583
-1.9692
-6.1207
-7.9908
-9.2912
-13.0568
-12.5955
-8.0760
-1.1756
-4.2233
-11.9639
-16.5769
-10.4461
-13.5456
-13.8165
-17.2211
-20.4705
-24.8768
-24.0237
-25.2210
-24.2381
-17.8545
-22.5594
-20.2248
-11.8012
-6.5015
-5.8583
-6.1281
-7.3668
-8.0674
-8.0371
-12.0871
-13.7741
-11.2916
-10.8347
-15.0186
-13.3694
-10.1436
-8.2776
-9.4133
-11.7412
-13.3316
-11.5417
-4.9994
0.2734
-0.8414
-1.2978
-9.0270
-12.0687
-6.5951
5.3686
-4.0196
-10.5087
-10.4307
-6.5452
-2.3593
1.0191
0.4473
0.7144
2.4715
0.7594
-0.4124
-3.4737
-10.2408
-8.7959
-11.3320
-10.3369
-13.4967
-12.7421
-12.4310
-12.6547
-11.7100
-10.4169
-8.9335
-15.0079
-21.6094
-20.7410
-18.7154
-13.7509
-7.0063
-0.8955
-0.7373
-5.7840
-4.6490
-3.3737
1.5450
-1.6092
-0.2489
-0.5955
-2.1561
-0.3200
0.6265
-2.9442
-1.6705
-2.5599
-1.5680
1.3736
3.1921
1.7496
0.6207
0.6090
-0.6795
-1.9106
-1.3885
-0.5815
-1.5058
-1.0394
-0.9002
5.0689
5.8585
2.3484
4.1901
2.7353
-0.2526
1.3026
2.2468
2.3695
-1.5800
-1.5433
-0.3207
1.2970
1.3284
0.7816
-1.0908
0.4455
-1.3362
-0.0740
-0.8307
-1.8609
-1.8219
-2.5661
-2.8070
-4.8877
-1.3766
-0.7250
-2.3149
-2.0457
-1.6206
-2.5291
-3.5740
-8.0626
-13.7928
1.2617
2.4456
-8.3223
-13.1109
-10.5904
-7.3043
-1.4928
-0.5214
-3.5056
1.7659
1.6707
-0.8220
-1.7097
-3.7529
-7.0117
-6.6486
-5.4473
-6.8131
-7.5847
-11.1538
-10.7310
-12.6120
-16.7283
-15.9175
-9.4922
-4.7573
-4.1044
-4.3456
-4.6658
-9.8532
-12.9456
-9.2148
-6.2498
-3.5954
-5.0924
0.5057
-1.6111
-7.5649
-10.4480
-10.1287
-7.6990
-10.6469
-8.5511
-6.5784
-5.2207
-3.8969
-4.8375
-4.9357
-4.5862
-3.8134
-3.5583
3.4335
6.4224
2.6079
3.2438
4.5954
3.5072
2.5248
-0.3692
-1.6832
-3.7238
-1.3814
4.2763
-5.6948
-13.6868
-14.7077
-15.0111
-16.2295
-12.2566
-14.2003
-11.9563
-9.4955
-5.2350
-0.6922
0.5070
-1.3723
1.6086
1.5531
-1.1179
-2.0573
-2.0133
-0.4577
-4.2951
-3.9125
1.9899
-0.3814
-0.8543
1.6373
-0.1128
-1.1319
0.2158
1.5451
-0.9011
-1.0684
-1.2905
-1.7589
-6.2203
-5.7428
-0.8653
2.8459
0.0198
3.9334
3.0680
0.1674
-3.1364
-5.9559
-2.5190
-2.5371
-5.1763
-4.3292
-3.5714
-4.1285
-3.7634
-0.2443
0.6159
0.0789
-0.5474
-0.4292
2.2452
2.5569
2.2088
2.1539
2.5431
1.0420
-0.8921
-3.0042
-3.0165
-1.9363
-3.1815
1.3643
-1.6636
-3.7245
-3.6529
-3.0068
-0.0166
0.9986
-3.3373
-13.2469
-13.7860
-10.0303
-7.7173
-5.2404
-5.3569
-10.3058
-12.4817
-9.6206
-8.3993
-9.4967
-5.8482
0.6747
5.7158
-1.7356
-4.3740
-9.2819
-10.7569
-10.9284
-11.3608
-3.3161
-4.5711
-11.5012
-14.2788
-11.6788
-7.3524
-4.1443
-0.2758
-0.9860
-4.0360
-6.5428
-8.9444
-6.0313
-4.5844
-2.1698
-1.0755
-8.7011
-10.7895
-2.3257
2.4832
0.0274
2.0098
-2.4482
-4.1185
-2.7007
-2.4271
-3.8161
-4.1557
-5.0334
-5.4894
-4.6615
-3.2335
-0.6171
-1.0751
-2.2486
0.0447
2.6004
0.7877
-1.8687
-0.0223
2.1703
6.3933
5.9599
-1.4128
-0.4665
-0.9137
-4.2722
-5.6481
-7.3613
-3.8327
-0.5294
1.0746
1.7378
1.7278
0.2532
-0.2460
0.4109
4.0199
2.2575
-1.6190
-1.9676
-4.3469
-4.1453
-1.9618
0.4818
2.6010
3.0300
-1.0823
-2.2847
-0.6126
1.3991
3.7722
7.6504
5.4109
4.6815
3.9541
-0.9954
0.1234
0.9056
-2.3409
-3.8454
-3.3632
-3.9951
-1.8625
-0.7933
-3.8629
-2.4760
0.5184
-4.2141
-3.8580
-2.8260
6.9654
-1.2919
-7.4519
-1.7539
-1.3223
-2.5437
-4.7246
-5.2021
0.4041
5.1523
3.1313
-5.8061
-10.8724
-9.8202
-7.6367
-9.5292
-12.2736
-5.7494
-2.1086
-3.1045
-4.2780
-1.0723
-2.5267
-5.1534
-4.5643
-1.9233
-1.6667
-0.0952
-5.4060
-9.9358
-8.6968
-5.7816
-7.5794
-8.5202
-5.4809
-8.9581
-10.9081
-11.4354
-7.8609
-6.2998
-4.3317
-6.7909
-11.0077
-8.4963
-5.8653
-3.5003
-1.2460
-0.8297
0.9424
-0.1383
-1.9668
-1.3114
-2.0442
-0.4765
2.0464
2.5111
-1.3173
-4.1889
-3.0871
0.9132
0.5182
-2.5709
-2.9721
-1.3057
2.8291
4.7039
1.4783
4.3183
4.0783
-7.4204
-10.0005
-2.9862
-2.0240
-6.0003
-6.1025
-1.8874
-4.8062
-4.8129
-8.5448
-9.7913
-7.2498
-6.8090
-9.2439
-10.4422
-7.9045
-8.7753
-6.0394
-0.8490
-2.8310
-2.0556
-3.2002
-3.2356
-2.2766
-5.0620
-17.7235
-21.4408
-19.0666
-16.4725
-15.8446
-15.5230
-18.6049
-20.4840
-14.2106
-9.6416
-9.6762
-9.7835
-13.2438
-11.0238
-2.6176
2.1668
-1.5840
-3.6722
-8.5147
-5.7254
-4.1555
-3.7278
-1.5196
-3.0145
-1.7746
1.5285
1.1579
2.0323
3.8936
1.4420
-5.1780
-7.4189
-7.4355
-8.4478
-7.5328
-5.4204
-2.2493
0.2057
-2.9229
-4.6413
-5.2105
-6.5268
-5.0371
-3.9577
-0.8109
0.8760
-0.6401
0.7029
-0.1858
-2.7037
-4.3067
-2.1577
-0.5788
2.2604
2.4668
2.3514
-0.4133
-1.3083
-1.0771
2.1561
2.7850
-0.7497
-2.2118
0.6139
-1.9770
-5.5177
-5.0002
-1.7558
-2.2830
-3.3797
0.7843
0.4966
-1.2129
-0.7538
2.2499
4.3899
4.6398
5.2854
3.1499
2.0150
-0.4850
-5.0176
-6.3617
-4.8075
-4.4605
-4.8206
1.3213
4.1376
0.8768
-2.9345
-7.1622
-1.2383
2.1581
-3.0078
-6.5957
-8.4753
-7.8685
-7.9039
-8.2689
-5.4102
-4.6638
-9.5701
-4.0713
-0.5278
0.6564
2.8116
2.5340
-2.0825
-7.0887
-9.4721
-5.7523
-8.1282
-3.6838
0.2967
-4.1952
-8.5125
-7.4189
-6.5556
-8.3325
-2.4652
-0.0730
-10.3411
-10.5411
-6.7157
-6.9619
-4.6440
-6.1378
-8.1742
-12.3941
-11.9771
-11.0155
-11.0266
-7.7656
-3.8620
6.6203
4.3186
4.7131
0.7829
4.0592
6.5824
5.1891
0.8857
-0.8106
-3.3886
-5.9183
-9.1724
-10.5376
-12.6085
-15.9378
-14.7565
-8.6910
-4.3077
-9.7957
-11.9927
-11.6563
-10.4748
-4.2430
-9.1741
-14.9030
-16.6355
-13.5776
-7.7225
-8.3183
-6.8664
-9.7985
-15.1249
-16.9463
-19.8444
-15.2519
-15.9610
-12.5322
-11.4678
-6.5089
-5.3711
-1.1272
1.0761
1.3230
2.6549
0.5875
-0.1162
-0.7877
2.1685
1.9936
0.6842
-2.8190
-7.9683
-15.1610
-23.8844
-19.2889
-16.8943
-20.3356
-20.4429
-13.6770
-14.6197
-12.9171
-5.9037
-5.5347
-14.2438
-15.6808
-9.2249
-7.2854
-7.6531
-6.6533
-7.9966
-7.1070
-10.1035
-11.1202
-7.2548
-7.0287
-11.8243
-11.2705
-8.5138
-10.1673
-11.1013
-10.1259
-5.5217
-16.4389
-10.5668
-4.6297
-7.2845
-8.2954
-6.1763
-6.7298
-7.1281
-10.7473
-7.0646
-8.9818
-5.7765
-3.0944
-8.4763
-11.4761
-14.6081
-15.9899
-14.0845
-14.2159
-15.3349
-8.5259
-7.2664
-3.7850
0.2706
-0.8813
0.2757
-1.5901
-2.9581
-1.7419
-2.2100
-2.7775
0.5685
0.5511
-1.4447
1.1799
2.4165
2.7779
1.7577
0.0276
3.2650
3.1430
1.1288
-0.4514
-2.6275
-4.4363
-1.5892
-0.4279
-5.1341
-4.8270
-2.7048
-2.1855
-1.7396
-3.0037
-5.3061
-5.3784
-1.1087
-0.2124
-1.9872
-1.9619
-1.4625
0.2349
-0.4755
-2.0229
-0.3799
1.5496
2.8441
1.4609
-2.9234
-3.7737
-2.2975
-0.2400
-2.6031
-4.5925
-2.9590
-1.1438
-1.6724
-0.5890
-3.9830
1.5356
-4.0322
-5.9545
-3.7885
0.4855
1.6832
3.5918
5.1364
1.3328
-1.2515
0.1119
-5.2844
-2.7918
-5.1656
-7.3850
-8.3384
-5.2936
-2.8000
-4.1750
-1.7760
-1.1949
-1.0444
-3.7722
-3.5010
-7.3451
-11.3429
-10.4398
-6.0025
-7.9380
-9.2541
-5.6949
-1.3168
-1.8040
-0.9677
-0.0336
2.3941
4.1815
6.6351
6.7428
2.6687
1.7841
2.4819
1.0516
4.2732
5.0906
8.5821
5.2893
-2.2681
-7.9773
-5.8584
-9.9133
-13.5078
-13.7382
-9.3913
-8.1565
-9.8334
-11.2982
-7.5801
-6.6328
-7.2228
-6.6847
-2.2549
-1.7874
-2.9325
-4.8889
-3.2521
-8.4544
-9.9411
-9.9722
-10.3081
-8.5464
-8.4844
-13.6927
-9.1623
-5.4650
-4.6310
-5.5630
-9.2127
-9.4007
-5.7303
-4.1421
1.1704
0.0843
-4.3095
3.1992
6.7177
3.5883
5.3814
11.5803
12.1618
1.2612
-3.1081
-3.1328
-1.8580
-1.4329
-1.7817
1.5171
1.6421
0.8737
-1.6875
-1.0534
1.4150
-2.1858
-4.2404
-1.4406
-1.1815
-4.7200
-6.1141
-4.5762
-3.6186
-4.0784
-5.1125
-3.3909
-3.2591
-2.0078
-2.3423
-4.6765
-3.0840
-1.6280
-4.3784
-6.4301
-3.0333
-0.6557
-0.0735
0.1527
0.9320
1.0199
-0.6728
-2.7827
-1.6138
-4.1689
-5.3289
-1.5076
1.1803
3.8813
3.7284
-3.6937
-6.3222
-3.9070
-2.8240
-7.7748
-7.9439
-8.6091
-7.3562
-5.2294
-2.8241
-5.2999
-4.6670
-3.8543
-5.0885
-4.8381
0.0558
0.4323
-1.7262
-1.1839
-1.2275
0.0993
-1.0168
0.0416
-3.7182
-4.5894
-1.3811
0.0833
2.0729
1.8265
0.4333
0.6593
-3.7001
0.7827
0.7048
-5.1802
-1.0512
2.1147
1.7166
-5.2567
-12.6822
-10.5027
-8.2508
-6.1352
-6.2286
-4.2125
-3.8920
-2.1590
-1.4384
-1.7431
-5.2541
-5.5455
-7.4728
-5.6333
-5.9686
-5.4151
-5.2885
-6.8055
-7.6623
-2.7357
1.0164
-0.7624
-4.6275
-5.1512
-7.1331
-6.9545
-1.3150
3.2157
0.9329
0.8905
2.2830
-4.3545
-2.2000
6.5351
4.9399
0.2816
6.8934
9.4854
10.5936
10.1799
8.4640
8.6150
9.8847
7.8564
5.4010
5.0737
-1.0694
-6.1116
-7.8211
-6.5405
-6.6081
-6.3525
-1.7820
-0.4644
-3.9545
-0.5494
7.7181
6.8249
2.1148
10.2143
7.9830
0.7286
0.6414
1.3177
0.7612
-2.4221
-7.6532
-5.6290
-0.2514
1.1486
2.3812
4.2778
6.4237
2.5102
0.3079
-0.6071
-4.7353
-6.1827
-3.1568
0.4083
2.5920
3.8006
2.4686
0.6636
-5.1695
-7.6091
-4.5141
-1.2089
-2.6437
-6.7800
-8.8578
-1.2821
2.5646
1.2907
-3.2127
-12.4037
-11.7968
-3.8719
-1.1582
-0.1456
-3.0222
-9.9935
-12.3397
-10.3949
-10.0075
-9.7743
-4.6422
-2.8073
-7.7496
-3.4183
-0.3207
-4.4943
-2.4246
-1.5035
-3.4213
-1.9018
-1.4579
-7.5478
-9.1113
-7.6006
-8.4200
-6.9609
-1.5958
-3.5038
-6.6933
0.0790
5.8973
6.0250
-0.5438
-2.4926
-1.3359
-2.0276
3.0070
3.8524
0.9315
6.3712
12.3512
6.5020
10.6417
2.8672
-0.5382
2.6984
9.8524
14.7387
18.1946
16.1460
12.0192
5.9914
2.0713
-1.6181
-8.7849
-9.6544
-9.7433
-9.8976
-15.6107
-17.8724
-8.7270
-3.0732
-4.6986
-9.4127
-9.1379
-0.3349
3.5081
6.3508
9.0454
4.3925
3.2599
-4.2144
-9.8834
-8.8464
-3.1593
-5.2017
-8.5747
-7.5628
-2.8567
-1.1649
4.4258
3.1165
3.5515
3.2754
-12.2929
-15.4039
-10.7839
-3.7071
-0.0654
-1.1885
-3.8700
-7.8821
-5.6537
-0.2654
6.3699
7.0244
5.5807
-1.5423
-8.6844
-9.4675

Coefficient 28:
0.9294
2.1818
4.1265
3.3029
-1.3395
-6.1937
-6.6274
-6.9446
-8.8209
-6.4750
-4.2510
-3.3590
-2.5095
-5.7698
-6.5348
-2.6456
1.2619
-5.3568
-6.5347
-6.3472
-8.3000
-6.2439
-9.6817
-3.5544
3.5081
10.9454
3.7117
0.8391
0.9588
-1.4727
-3.3086
-3.5183
-6.2856
-6.6267
-4.1007
-5.1241
-4.8291
-1.5154
1.4897
2.4162
4.7077
7.5406
9.0826
10.0832
9.5551
2.9153
-8.0586
-8.6584
-4.6437
-3.4402
-2.6320
-0.5752
2.3459
-0.1563
3.0969
3.0122
-0.9128
-4.2804
-2.7264
1.2890
-2.3695
-0.5908
-0.2684
-2.9204
-0.2910
0.3737
-3.6005
-5.7292
-2.7192
-1.2166
0.6235
4.7210
4.5848
0.9788
-0.8232
3.3455
3.2510
0.6579
0.8383
1.3039
-2.6493
-5.7890
-2.4196
3.1943
2.0894
0.3845
-2.6437
-0.0389
4.0476
9.2450
9.9256
-0.7604
-2.4759
6.9658
13.2852
11.5558
4.7600
4.0308
7.9896
8.4593
9.3107
8.3219
12.5887
11.9689
3.6275
-5.1668
0.9689
2.5394
2.4540
4.5650
7.1232
-0.7282
-5.6552
-8.8735
-1.7357
9.2140
8.0107
1.4711
-0.0981
-1.7469
-0.0233
0.1041
1.2211
8.4494
12.7099
7.3726
6.3466
5.0610
6.3404
8.3983
6.5670
3.6042
5.2452
7.6939
5.9018
-1.6878
-2.9835
3.3640
5.9368
11.3698
12.8638
14.5115
13.2016
6.9490
4.9173
0.9528
4.6043
-0.5171
-1.1224
-0.0158
-1.8964
1.8728
7.6053
8.5794
11.8494
15.2921
13.1454
2.6440
-2.9905
-0.5585
2.2077
0.5430
-5.7693
-3.3101
1.3047
5.0509
3.8975
-1.6402
-3.0979
-1.2404
0.0847
0.4267
-1.7526
-0.8618
-3.0460
-1.6555
0.9921
2.8552
1.3479
0.3640
-0.0840
-1.1317
-2.5989
-1.8769
-1.4349
-2.4464
-1.1565
-0.7120
5.6914
6.8638
2.8053
3.6118
2.4100
0.4516
0.8450
1.0012
1.6284
-1.7053
-0.5234
-0.2521
1.6327
1.0066
-0.0322
-1.1331
0.7079
0.2356
0.8211
1.0998
-1.7487
-3.7851
-2.2154
-1.1754
-4.1610
-2.1426
-2.0254
-2.4920
-1.8030
-4.2020
-2.5992
-2.9492
-9.0025
-13.1332
-0.3881
13.2721
16.7601
11.6826
4.9431
-2.3268
-2.3532
-4.0751
-7.3958
-9.3884
-3.3526
-4.0166
-7.2756
-6.3232
-2.2221
-6.5896
-5.6752
-4.0592
-3.5168
-0.6199
-1.6085
-1.5616
1.5394
-0.4544
0.7023
3.9537
8.3214
7.1065
5.0963
2.8138
5.5772
4.7260
3.1122
1.0930
-0.0712
-2.2586
-0.4033
7.7114
5.8629
4.6965
6.8327
8.0909
6.8974
10.1198
12.6416
12.0783
9.1307
8.2910
5.0637
1.9254
-2.9246
-4.5305
-7.7227
-13.5016
-11.3454
-6.2889
-8.5364
-5.8597
0.1069
0.9497
-3.4737
-0.9732
7.0331
5.4165
8.2594
11.9695
12.1650
17.4772
21.4518
19.8595
19.3175
14.3190
11.1472
7.6227
2.2751
-0.5654
1.1386
1.1182
-2.9878
-3.8509
-2.5393
-0.0434
-3.1280
-3.4652
1.7047
-0.7131
-0.4941
1.2413
-0.0916
-0.4628
1.3130
2.3682
0.6299
-1.6965
-1.5601
2.6811
0.8446
0.0893
5.0341
6.1188
5.1590
7.4731
6.1423
3.2121
0.9047
-1.5417
1.8396
-1.1738
-4.1965
-4.8261
-6.2828
-7.1308
-6.2050
-3.9882
-1.3867
-0.6885
-1.9036
-0.0094
1.2233
1.6513
2.4851
0.6352
1.9437
1.3708
-0.5832
-3.6298
-5.7678
-4.9232
-6.5483
-3.1253
-4.8184
-4.1869
-2.8028
-2.7862
0.4554
-1.0479
-4.6779
-6.3902
1.3343
3.0051
-1.9807
-6.3410
-5.5085
-5.0064
-5.8586
-6.0484
-5.2595
-3.0559
2.1276
3.6122
5.8533
2.3588
2.7766
4.9621
2.4082
2.1571
1.2067
2.7912
8.8464
9.8905
5.0316
7.1909
10.9740
10.8599
5.1920
-3.1300
-3.6896
-3.7104
-7.2400
-1.6676
1.9059
-1.7119
-2.4254
-2.1554
-6.0081
3.5533
8.9985
-1.0050
-1.1518
-0.8487
-3.2730
-2.9821
-0.9723
-3.2430
-4.3651
-4.0111
-4.5407
-2.4613
-1.6091
0.6158
-0.6615
0.5920
1.2151
0.4311
-2.0553
-3.0748
-1.4915
0.7301
4.1859
5.2640
-1.0420
-0.0551
-0.2579
-4.2978
-6.1232
-7.9929
-3.7583
1.0941
0.8939
0.9969
2.1384
0.9195
1.1656
1.5028
3.9289
2.1385
-0.4012
-0.4166
-3.2727
-2.3151
0.1489
1.3395
4.1563
5.1498
0.4400
1.9019
0.3992
-2.5820
-1.4023
1.5421
2.1325
2.1465
-4.6005
-9.4408
-5.0525
1.1376
0.5568
-3.6038
-5.6219
-5.5134
-3.6518
-2.4019
-6.1693
-7.5970
-6.6449
2.3533
3.6368
3.2725
9.0484
1.6075
0.3638
4.1781
1.2130
-0.9253
-1.3722
-1.1360
-3.8911
-3.8111
-7.4446
-6.1038
-0.9961
0.4136
0.4305
1.8357
3.1369
8.5176
1.3639
0.9154
1.0108
0.0950
1.6412
0.2198
3.2644
2.7825
-3.2897
4.0483
9.9262
8.0762
5.3718
2.6931
5.7205
6.3994
4.0831
5.6287
5.4220
8.5965
5.9846
0.0655
1.6259
-0.0684
-1.9322
0.4811
4.3232
2.3862
5.4501
3.0812
3.0991
0.3100
-1.9078
-0.3277
-1.4174
-0.2542
1.8694
2.3683
-1.1923
-4.3248
-2.9343
0.1900
0.7607
-0.7449
-2.5397
-0.6194
2.2782
1.2119
-1.4858
-2.3772
-0.3205
-2.9520
-4.4618
-1.3026
-0.9756
-6.2137
-5.2209
-0.5443
9.7597
13.5939
4.7750
-0.0679
-2.0153
-6.9458
-8.7654
-5.8207
-1.9914
-1.3257
-0.8562
4.1221
5.4756
2.4440
2.5764
5.0736
3.2875
-1.6232
-1.4657
1.2172
0.3212
0.3612
-1.6119
-4.4235
-6.1761
-2.5105
0.3196
-0.4919
-5.9475
-7.7804
-6.1008
-8.1091
-7.0961
0.2201
-3.2499
-3.6982
-2.3454
-0.7110
-1.6510
-2.4533
-0.0344
-3.0377
-3.4378
-1.7069
0.2046
-1.1459
0.2873
6.0525
4.9754
1.5798
-1.0952
-2.3291
-3.5358
-2.9808
-4.0424
-2.9844
-4.0461
-4.2250
-5.5612
-6.4900
-4.3456
-3.7080
-0.7518
1.7281
-0.0088
0.1699
0.8300
-1.8483
-3.1355
-1.9002
-0.0667
2.4925
1.5938
1.0854
-1.5125
-1.9753
-0.6368
1.4837
1.0608
-0.9431
-2.5138
-1.1588
-3.0237
-4.4668
-7.1448
-4.2899
-2.0915
-2.8957
-2.7861
-7.5855
-5.3004
0.5733
1.6713
4.1767
4.2510
1.2936
-3.1700
0.1122
-0.9270
1.6861
-2.0279
-6.9923
-3.5026
-4.7629
-4.2833
-4.1741
-5.6984
-4.7691
-3.7291
-0.3342
0.5073
-1.7913
-3.9893
-7.6855
-4.9053
-3.8372
-9.1597
-7.1760
-4.8969
3.4210
2.7695
1.1616
1.1909
0.5515
-0.5574
-1.9667
-2.8386
-6.3455
-8.2934
-10.7954
-1.4691
4.6319
4.0697
-2.5030
-5.1939
-3.1687
-5.1164
-3.5519
1.2621
-1.9541
-2.9135
-2.0682
-3.1744
-2.0116
-0.3840
-2.1407
-7.9385
-2.9373
-5.2516
-8.2872
-6.6505
-0.8681
0.4752
0.3737
-1.2398
-4.4446
0.5974
7.2224
2.4236
-0.5028
4.1485
5.8684
1.7384
-4.2734
-8.4493
-5.4835
-6.3843
-4.6018
0.9397
5.3016
2.1361
-3.2811
-6.6768
-11.3240
-7.0793
-6.4835
-9.3376
-7.1045
-6.8294
-7.3402
-4.1257
-0.2351
5.9372
5.6509
5.4897
1.3859
-0.6118
-0.4280
-1.7837
-3.0692
-0.0045
2.4789
0.4409
-4.0923
-2.9795
-0.3672
-0.7693
-0.9670
-1.1566
1.0360
-1.5561
-4.5519
-0.7115
5.2468
0.8657
-4.7949
-2.9066
-2.3977
2.4999
3.9342
-2.0287
-4.5355
-1.3285
3.9225
6.4454
3.5222
4.5090
1.4286
-3.6263
-0.7751
6.3456
0.7616
-3.6149
-2.9602
2.2188
2.4056
3.8179
1.5400
4.0012
6.5662
1.8864
-1.8687
-3.4798
-3.4604
12.1485
10.1295
5.7596
3.8930
5.5990
6.5285
-1.9636
-3.0590
0.7359
4.5891
-1.0538
-3.7648
-0.8152
0.1389
-1.7575
-2.4301
0.1857
-1.9879
-7.2652
-10.8264
-5.2692
2.7540
2.3021
0.3871
-0.5609
0.7022
0.6794
-0.5000
-1.1817
-1.9853
-2.5761
1.0679
1.3134
1.4240
-2.8298
-5.1871
-5.5562
-5.0759
-2.7097
1.3422
2.1522
1.1268
-0.0791
-1.4900
-2.7777
-0.2146
0.4048
-4.0836
-3.8546
-1.4651
-1.2735
-3.0842
-3.2968
-5.5134
-6.3229
-1.2254
-0.5159
-2.2126
-1.9904
-0.8962
-0.5078
-1.8893
-1.7403
-0.1452
-0.2371
-0.8295
-0.9504
-3.7505
-2.1306
-0.8439
-1.1423
-1.6511
-4.2934
-2.8177
1.0269
1.0834
0.7993
-2.7852
-3.2198
-3.7510
-7.5151
-4.7946
0.7824
5.2295
9.7862
9.1349
-0.7946
-2.0537
-3.8509
-6.3115
-3.0865
-0.9539
-2.6910
-4.4415
-3.4963
-1.8936
-2.7483
-6.4860
-9.4509
-10.4374
-10.6673
-9.0916
-3.3016
-1.1865
-1.4009
-6.3505
-8.2085
-6.6069
-3.7644
-7.0590
-4.3146
-3.9729
-6.4409
-7.4767
-5.1870
-2.5682
-3.4933
-3.7098
-1.0771
-1.7629
-3.1152
1.2836
2.8733
6.0922
4.8544
-4.2681
1.3651
4.6661
4.4489
-3.7779
-2.7016
-3.1958
-6.0452
-5.4688
-0.7973
6.3522
7.8109
7.0513
4.1265
1.9471
8.3593
9.1464
6.1960
8.4667
6.6489
3.1598
3.9705
3.0761
2.8969
-0.0453
-3.5258
-3.3859
-2.9229
0.5480
2.7294
0.7563
1.2841
5.0962
7.5605
9.0069
7.5805
1.2616
1.0598
3.2784
1.0033
3.6282
9.9791
5.9733
-3.4390
-3.1947
-2.7165
-1.0955
-1.0355
-1.1486
2.4484
3.0048
1.3769
-2.2948
-0.7496
2.6132
-1.4414
-3.4965
-2.1740
-0.7871
-4.0351
-5.3774
-4.8376
-3.1912
-2.2694
-4.0996
-4.9511
-7.6400
-6.2452
-4.0144
-5.3585
-6.6435
-3.4501
-2.4272
-4.4855
-3.4590
-0.5549
2.2790
2.0912
1.0360
1.6576
-1.9033
-3.0655
-2.0813
-5.1653
-2.7577
-0.3604
0.4169
3.9342
7.1706
-0.5518
-7.8590
-9.0125
-9.3529
-14.0350
-9.7705
-5.5045
-7.2337
-0.9280
2.7029
-0.6932
0.2579
0.5284
-1.6873
-3.4464
1.4101
-0.5259
-1.8764
-1.1140
1.0112
0.2761
-3.5261
-4.5106
-7.3423
-7.4242
-4.0786
-3.0770
2.3488
0.8262
-0.3626
1.3266
-0.6484
0.3398
-1.5068
-4.8925
1.4953
1.5187
1.9924
-6.1914
-13.7692
-9.2970
-4.9881
-4.5984
-5.7496
-3.6198
-1.9821
-0.7750
-2.7970
-0.3989
-5.2605
-5.1398
-8.0990
-7.0864
-4.0929
-5.1895
-1.5647
-1.9499
-3.7005
-1.1108
0.1903
-1.1664
-4.5080
-7.6946
-5.1924
-2.6369
2.3200
7.4259
4.9051
1.8356
2.7723
9.2984
10.2150
9.5144
5.8356
4.0461
6.2209
4.9271
4.5393
2.6580
-1.4488
-0.6247
-3.3978
-5.4241
-2.9547
-2.9627
-0.8519
-0.8289
1.0029
7.5357
8.5917
8.0764
4.6861
2.9243
0.4780
-0.0422
-0.9179
-3.3507
-5.0260
1.0460
6.6104
3.7454
3.8991
3.7392
-0.9543
-6.7431
-9.5006
-4.4032
1.4078
1.8899
3.2779
4.7216
4.3923
2.1138
1.8440
-1.2122
-7.8397
-9.7033
-5.0999
-1.5395
0.6659
2.6396
0.8490
-0.3720
-6.1444
-9.2818
-6.5437
-2.8694
-4.3483
-7.2314
-8.1773
-2.4439
0.8477
-0.2308
-3.1860
-12.8348
-11.9454
-8.0212
-4.3066
1.0379
3.4292
-2.5786
-5.7421
-0.7619
3.3921
1.4706
1.1192
-1.3321
0.0837
2.7303
4.4534
0.0580
0.5742
-1.9759
-4.1073
-3.3391
-0.7120
-6.3823
-6.6355
-5.0519
-2.6767
-2.1996
-0.3253
-3.4015
-6.1321
-2.9701
5.1484
18.5267
19.9753
4.3100
2.9133
4.4542
5.4967
-2.6074
-5.8724
-6.9396
-9.3028
-11.7303
-11.2668
-13.1484
-10.4416
-6.4271
-6.5464
-0.1253
8.0170
13.5858
15.5002
12.3234
10.6213
13.6933
4.2144
0.4839
-2.9520
4.2549
13.6515
7.3109
5.0460
5.2742
-2.8200
-5.8887
-3.7550
-0.9144
-0.8783
-1.9082
1.1107
-2.3059
-1.6334
-7.3324
-9.1768
-6.9741
-2.8227
-1.3093
-3.6736
0.8297
3.8904
6.2873
7.1370
1.5236
-0.0020
0.9374
-5.1748
-4.0109
-0.3652
2.1995
8.0643
10.2100
7.0326
2.6648
-2.2232
-3.1292
-2.9053
-5.8445
-5.6529
-8.2312
-10.8619
-1.8011

Coefficient 29:
0.8555
3.4089
2.5776
0.7898
-2.7600
-1.0551
-5.8744
-6.6184
-7.7957
-5.9408
-4.7765
-4.0578
-1.2632
-5.3425
-6.6549
-2.3109
-4.6750
-11.8032
-9.0177
-8.2875
-6.7341
-6.7204
-1.6085
-0.9208
-3.9053
-4.2208
-2.2380
0.5344
2.4251
-1.4024
-3.8302
-3.0238
-4.6204
-6.2601
-1.8125
0.9673
1.6604
1.6118
2.6483
1.9792
1.3250
-6.6765
-7.0820
-1.6070
-2.6818
-2.1738
-0.2608
1.7553
7.6670
8.0645
1.1328
-2.0573
-2.6151
-4.5427
1.4509
2.4832
1.9654
3.1318
6.8278
6.5929
5.5895
4.4044
0.1883
-2.0100
-0.1627
-0.6496
-1.2419
-0.4758
-2.1268
-2.6804
-1.8016
1.6311
3.1675
1.1447
-2.5489
-1.8977
-3.4420
-8.3162
-6.3281
-7.5291
-11.5138
-11.0641
-11.6704
-8.2447
-6.4765
-13.2656
-16.1091
-14.7831
-7.8438
-7.5565
-7.1098
-7.0829
-7.5124
-5.1184
-8.9415
-9.2926
-4.9122
-3.3949
-6.6196
-7.7197
-1.4800
1.0283
1.8788
-0.6663
1.0924
-2.2365
3.7708
1.0888
-0.9706
-7.8774
-2.1265
5.9923
4.6410
-3.8853
-12.8945
-2.1148
2.7052
0.7409
-1.3815
1.2321
3.8244
-0.5399
-5.2649
-0.0564
4.7929
-1.6336
-4.8969
-9.2969
-7.4417
-8.7050
-13.2954
-18.8525
-9.1125
0.1086
2.2593
-5.0520
-8.8540
-4.6750
-4.5421
-1.4021
-0.0681
0.9559
0.9826
1.4864
1.5987
-6.9111
-7.8854
-3.5155
-1.1524
-0.8584
-0.3099
-2.6303
-5.7580
-7.9628
-5.9591
-2.3095
-0.9546
1.5397
-0.2970
0.1899
6.3367
5.1499
2.0571
-4.1740
-4.5162
-3.8159
-3.1927
-4.5791
-3.6020
0.0852
0.0607
-0.5994
-0.6695
0.1059
-3.0568
-1.8137
0.4248
2.2504
0.8780
-0.0627
-1.1809
-1.7804
-3.1039
-2.1789
-1.8069
-2.5218
-1.1542
-0.5049
5.1302
6.4857
2.6085
1.6243
0.8344
0.7715
0.3470
-0.5177
0.3296
-0.6932
0.5766
0.1399
2.2504
0.7624
0.2050
0.1364
0.6392
1.6847
1.7883
2.7755
-0.4689
-3.2106
-0.6113
0.2944
-3.0584
-3.4654
-3.9895
-2.5118
0.0328
-2.7060
-1.0306
-1.9732
-8.4609
-9.3115
-2.7333
-3.2479
-7.1285
-7.7294
-5.7071
7.6753
7.4294
0.8851
-1.0179
9.7364
7.6133
-1.7705
-5.2641
0.1310
-2.4687
-2.2017
-3.8995
-0.8953
1.0532
-0.1908
-3.4510
-3.5754
2.9369
3.9865
0.9154
-0.2016
2.5245
-1.0891
-7.2955
-5.3098
-6.3596
-5.6275
0.5101
4.9331
3.8223
-5.1776
0.3687
5.3403
3.8793
1.0598
-1.4748
-3.2487
-4.7456
-4.5378
-2.2621
-2.2621
-5.4119
-2.8964
-0.3248
-3.0982
-8.8034
-4.8718
-1.6950
0.9667
2.9582
6.1640
6.9233
7.6241
5.6158
2.1011
-2.0366
-0.9160
1.0805
-2.6051
0.5134
-1.9983
-6.6507
-6.7066
-10.7818
-15.6392
-13.3814
-10.5147
-9.1880
-6.3905
-0.5791
0.2730
0.1700
-0.0943
-0.4482
0.3478
-1.4416
0.3228
-1.2674
-2.5284
1.2101
-1.1811
-0.0335
0.8438
-0.1840
0.1953
2.6891
2.9220
1.6408
-2.2304
-2.0054
-2.1291
-4.9269
-6.2610
-3.3479
-6.3929
-3.4224
0.2929
1.5063
1.6268
2.1960
1.9078
5.1971
1.6256
-0.8985
-2.5672
-1.9567
-1.8666
0.5883
4.9680
3.1221
-0.9200
-2.2700
0.6456
3.5198
2.4599
2.0246
-0.4931
1.5275
2.1364
0.1927
-3.0823
-6.8852
-6.5225
-7.1928
-3.2901
-5.6793
-4.8454
-1.1942
-2.1533
0.6172
-3.5038
-10.7812
-2.9565
1.1622
0.6639
-1.0206
-4.6277
-4.5231
-1.5959
-5.2013
-4.7786
-8.9577
-10.4760
-8.4992
-6.7749
-3.1726
2.1047
-1.1497
-1.4699
1.9590
3.2540
-1.1854
-7.0455
-7.6228
-6.0731
-4.1367
1.1698
4.2153
2.6524
-4.2447
-6.8861
-2.8152
-6.8157
-9.8347
-10.1589
-8.3359
-6.9775
-6.0264
-0.9377
0.7111
2.7537
1.8023
-7.3026
-2.0193
2.5404
1.5182
0.2881
2.4386
-0.8764
-3.7347
-3.6940
-3.6102
0.2910
0.3358
1.1901
-0.1481
2.2156
4.0960
1.1654
-2.2766
-2.4071
-0.3131
0.4522
1.3546
3.5284
1.2800
1.4668
1.2161
-3.4237
-5.8675
-7.8604
-2.8518
1.1043
-1.0250
-0.8077
1.3212
0.1107
1.5349
0.3691
1.1207
2.7602
0.9371
0.9861
-1.5392
-0.2401
2.2019
1.7945
3.7217
5.5257
0.3519
2.6629
1.0290
0.5293
0.4621
-3.3936
-6.8425
-5.8445
-6.7353
-11.2694
-9.4819
-3.7865
0.3861
-3.1366
-5.1137
-4.5839
-4.3651
-1.7649
-3.2079
-8.1651
-8.0639
-5.8805
-2.5850
-0.3895
8.1182
2.3696
-3.6464
-4.5414
-0.2594
1.9727
3.0569
0.9130
1.7296
4.5951
1.5735
6.1949
3.2475
-0.6168
-1.6333
0.1623
1.6173
-1.9283
0.1418
-2.9688
-7.4555
-9.2646
-3.6076
-1.1880
0.8472
2.3659
1.7015
-1.0823
0.4735
2.6126
3.2772
7.6349
9.7412
4.1541
2.0064
2.9331
3.8458
-2.3363
-8.4017
-7.7084
-3.8027
-1.9382
0.5460
1.6232
0.9479
0.8005
5.0243
7.0158
4.0740
-0.2203
-1.8643
0.2573
-1.0385
-0.5242
1.3558
1.8187
-0.3161
-4.0971
-2.1492
-0.3890
0.8756
0.1242
-2.1759
-0.5858
1.2361
-2.1031
-4.0764
-4.8984
-0.8191
-4.0617
-13.0145
-10.9733
0.2490
-2.3891
-3.6192
0.1325
-4.0034
-5.1624
-11.5151
-13.0862
-10.0037
-11.0733
-10.9397
-9.1235
-9.0670
-5.8688
-3.8238
-3.7883
-0.2982
-0.6244
-0.7834
-0.6198
-3.4723
-8.9748
-8.2532
-7.0710
-1.6611
-1.6155
-6.3903
-11.5566
-10.6631
-8.3101
-12.2545
-9.2762
-9.1608
-12.9915
-9.5726
-10.3092
-9.1417
-7.6739
-8.8986
-8.2207
-8.9036
-4.4526
-1.2427
-2.8433
-6.1942
-8.6225
-7.5254
-6.7100
-6.8886
-8.7298
-5.7708
3.2539
6.4385
3.7681
-1.8239
-2.5326
-2.2990
-1.8930
-3.6272
-3.1213
-4.3210
-4.3256
-6.0106
-4.9519
-2.9863
-3.4269
-0.3281
1.9089
-0.3866
-0.9231
1.4208
-0.5124
-0.7374
0.0802
0.9444
2.6604
0.6004
1.4033
-0.8197
-1.9258
-0.0850
1.3113
-0.5231
-1.2349
-1.2648
-1.0690
-4.2092
-5.5746
-6.9806
-2.6462
1.2408
-1.0764
-1.1129
-4.5420
-3.8656
1.3518
1.3663
2.1631
2.7011
-1.3552
-6.2394
-2.5047
-0.2131
-1.6749
-4.7228
-5.8540
-4.4442
-4.8292
-5.3495
-7.8308
-7.3017
-6.5485
-7.0770
-6.1179
-2.7152
0.4335
-1.1511
-5.7471
-3.6305
-2.5377
-8.8106
-7.6078
-5.2594
-10.8519
-8.0904
-3.4983
-3.2921
-4.9679
-6.1790
-2.7108
4.1199
5.3689
0.3825
-4.1076
-0.6799
0.7330
-4.5053
-9.8163
-9.2337
-5.3566
-3.9929
0.9072
3.4096
-4.7223
-10.2450
-9.5039
-3.3130
-1.0396
-1.3783
-3.7704
-8.6480
-5.8373
-3.5804
-7.8202
-7.9429
-0.5110
4.0138
4.2600
-1.9289
-3.5424
-1.6663
3.9717
10.0446
10.3975
6.1700
-0.3839
-1.9729
-0.7686
1.4877
5.6209
4.5037
5.6764
6.1962
4.6380
0.7100
0.3919
-0.2755
-0.9560
-5.0970
-8.1195
-11.8529
-9.3529
-6.3349
-7.7684
-12.5123
-16.3458
-16.8801
-16.4272
-14.2723
-13.0449
-12.1859
-7.2878
-7.1585
-7.0833
-7.7242
-4.4907
1.7891
-2.2025
-1.8808
-0.1439
-1.4743
-3.0369
-1.4018
-0.3307
0.1317
-3.5624
-9.6306
-2.2239
2.7721
2.1083
5.1941
1.5249
2.9568
-1.8135
-0.4674
-0.0325
-0.8107
0.2554
-0.5957
-2.7571
-4.8638
-6.7022
-5.6053
-2.2852
-4.4457
-3.9202
-2.3496
-2.5168
-4.4048
-8.6430
-5.3510
-10.9885
-11.5860
-10.8409
-9.4221
-5.0055
-6.3937
-6.0974
-7.1184
-7.6666
-5.4270
-4.0734
-4.7629
-8.6139
-8.7156
-1.9208
4.1139
2.7745
-4.4659
-3.2685
-1.0474
-0.8583
-2.3358
1.5434
2.3105
-0.6523
0.5406
-1.6018
2.2578
2.8174
-2.4770
0.6697
-0.3581
0.6891
-1.1327
-2.3046
-1.1873
-1.8454
-2.3112
1.0332
1.7208
4.6295
6.9799
8.7862
8.9112
4.7263
0.2556
-0.1024
1.5184
0.9337
-0.2097
-2.1365
-2.3508
0.2790
1.0274
-2.2106
-2.7305
-0.4553
-0.4099
-3.4363
-3.2815
-5.4223
-7.1764
-2.3360
-0.6028
-1.7325
-2.1275
-0.0917
-0.8358
-2.5479
-3.3486
0.8076
-2.6006
-4.5116
-2.3620
-3.4055
-0.7367
0.3631
0.1803
1.7349
-1.8291
-1.9793
2.3875
3.4382
1.9269
-1.4866
-2.0713
-7.0557
-10.6232
-8.0341
-2.1025
0.3635
1.6817
5.0985
1.4520
1.5372
-0.1438
2.8299
-2.9362
-3.0393
-0.0910
0.0278
0.4159
3.3503
5.1367
0.1439
1.6875
0.4244
-3.0485
-2.3054
0.7228
-2.1065
-7.2051
-5.8109
0.2533
2.9986
3.1126
-0.3692
-0.8781
-0.8428
0.0579
2.0505
2.0970
2.7506
2.0229
0.5421
-1.4690
-4.9758
-9.2667
-5.2466
-6.8486
-4.3973
-0.6592
-4.6093
-8.6653
-6.8236
-8.8364
-14.4771
-15.2644
-19.4212
-14.4168
-10.8284
-13.4738
-12.2977
-4.7418
-2.2261
-3.4537
-5.2798
-0.1640
4.3022
0.9011
-4.3319
-5.2590
-3.0549
-0.0071
-1.9201
-1.6722
5.1574
10.1386
8.2736
1.2805
-4.2515
-5.0027
-8.2564
-9.9619
-7.6009
-1.6421
-2.4333
-7.2652
-11.6422
-10.3086
-7.5702
-5.9435
-4.4638
-0.7651
-3.9906
-5.4254
-2.8741
-2.2283
-0.4484
-0.6781
-0.4623
2.9760
4.1515
2.0107
-2.7424
-0.7670
2.2627
-1.1753
-2.2244
-1.9547
-0.1362
-2.7354
-4.0868
-4.6658
-2.1208
-0.4200
-2.1912
-3.6281
-6.6872
-5.6673
-3.4345
-5.3008
-7.3733
-5.3562
-6.2902
-4.2053
-3.3399
-3.3435
-2.3456
-4.8776
-5.4189
-1.6614
-3.2116
-2.8932
-2.1312
-5.0339
-0.6400
-0.1041
-0.2550
3.0987
4.6585
2.4573
-2.1354
-7.7872
-7.4246
-5.7027
-1.2749
0.9283
-5.4373
-9.1136
-8.9879
-10.4955
-8.2143
-6.3582
-6.6566
-2.8665
3.2473
1.5607
-1.1527
-0.8697
2.9789
4.0899
2.5753
3.6522
-0.6857
-0.8046
2.1808
0.6579
2.4741
0.3693
-1.4126
-1.8386
-3.4806
-0.7486
-4.5628
-8.7974
1.4857
4.9063
6.1838
3.6037
0.8182
1.2075
-1.4224
-4.0393
0.2329
1.2156
0.1312
-5.7758
-8.1603
-3.4903
-1.9972
-1.1321
-5.6945
-6.9186
-7.7979
-7.0476
-0.7119
1.4253
1.4616
3.0223
0.1890
-2.3522
-5.5663
-8.0965
-1.8521
1.4266
5.1970
8.0804
6.2702
2.4090
2.1480
8.9232
9.9181
2.7054
-3.1036
-8.4607
-6.0723
-3.9201
-4.7008
-7.9143
-13.0643
-17.5568
-17.5401
-15.1410
-14.6799
-15.8677
-13.6378
-12.4392
-10.9405
-10.3484
-7.6265
-5.6088
-6.5671
0.9800
5.2052
9.2422
4.1958
2.3392
-4.0399
-9.0007
-8.6806
-7.8395
-2.4070
-0.8218
-1.3690
0.5234
5.3652
6.1309
4.3074
4.0472
-0.6186
2.5900
2.6102
0.8462
2.4410
-1.8346
-9.8806
-10.7684
-4.9300
-2.9394
-1.2172
-0.2679
-0.0937
-0.8604
-7.2983
-11.1380
-9.3650
-4.8638
-2.8009
-2.6554
-3.6068
-2.2857
-0.1505
0.1059
0.4055
-4.0721
-3.6167
-6.1439
-9.8323
-3.2393
3.5462
-0.4432
-3.8348
-3.9071
-4.5184
-6.0711
-6.5345
-4.8358
-0.8213
-0.6178
-1.4478
-4.8385
-6.5486
-7.2731
-6.8541
-3.3174
1.0777
-1.2091
-2.8361
-3.1561
0.7849
1.3697
-1.0799
-3.9214
-5.0912
-7.4083
-6.2182
0.4647
-4.8210
-14.4618
-12.0493
-13.4992
-10.4338
-11.8351
-14.9195
-15.1376
-12.8361
-9.8922
-6.6315
-3.5493
-1.1610
-0.4292
-5.0703
-10.4104
-13.2812
-10.6303
-5.5183
-0.8701
5.5814
21.5162
20.9494
18.9276
14.6263
15.6737
17.4182
10.2746
3.8045
7.2883
4.9347
1.5887
-0.3908
-2.0532
-0.7959
-0.7817
2.5870
-2.2436
6.9780
6.5737
1.7679
-3.1279
-2.5283
0.2032
1.4711
-0.7502
-6.1809
-5.5351
-1.6679
-2.5524
-9.1214
-16.4037
-14.3451
-12.0523
-12.2003
-4.5774
2.7732
11.1620
4.8183
-1.0530
-2.9429
-0.7526
-2.7828
-12.0818
-8.7628
-2.1800
-2.8617
-1.2487

Coefficient 30:
0.7904
3.6614
4.3033
2.2641
0.3292
-0.2568
-4.4700
-6.1684
-6.7347
-5.2866
-4.3873
-3.8962
-1.7869
-6.5751
-7.9071
-3.5008
-2.6553
-8.2196
-8.4137
-0.5104
3.3141
-5.0588
-2.6054
5.4117
5.7336
-1.7599
-4.4158
-0.9568
1.2097
-1.7294
-3.9783
-3.1815
-3.3194
-3.8377
0.5230
5.2228
5.4032
2.9985
3.2387
0.6210
0.1593
-1.3588
-4.4543
-7.5172
-8.5928
-6.7662
-1.6157
2.1999
6.4539
1.5160
-3.4249
-3.5917
-8.7010
-12.3928
-6.6762
-3.4117
-2.3420
-0.2798
4.0544
7.4459
10.0304
6.8590
1.7590
-1.3445
-0.4978
4.2211
3.9474
0.6464
-4.0376
-4.1843
-3.0934
-2.7336
-11.2324
-7.4028
-6.4474
-6.2557
-5.8366
-3.0278
-2.2797
-6.8374
-7.4264
-1.0800
0.7838
3.0927
0.0611
-7.3564
-8.8763
-5.7721
-7.9495
-12.8916
-12.7128
-10.4295
-10.5094
-13.3728
-11.9541
-12.0136
-6.0479
-6.2308
-8.0817
-10.5987
-10.1437
-9.6315
-5.9327
-6.4016
-7.4462
-10.6193
-6.7981
-4.8778
-5.2939
-5.7602
-2.1606
-1.1455
-7.6259
-12.4664
-13.0605
-13.9687
-8.1764
-4.0700
-5.0385
-4.1724
-5.8255
-5.7503
-6.8834
-5.5977
-4.3353
-4.5065
-6.6446
-9.3618
-9.0393
-8.8188
-13.4097
-3.4197
-4.9686
-10.4586
-9.3986
-11.4891
-14.4965
-9.3673
-7.1090
-0.7098
-1.0479
-2.0915
0.5554
1.3168
-1.9041
-11.1307
-19.0209
-13.9050
-4.4409
-1.6314
-1.6066
-3.7720
-6.8391
-1.3403
2.2358
-6.4722
-12.2557
-12.2869
-7.7510
-5.2407
1.0478
3.9199
5.7204
6.5010
3.3513
-6.4882
-9.1910
-2.9713
-0.6019
1.3999
0.0230
-1.7721
0.0010
1.1086
-2.3666
-1.9858
0.0225
1.8782
0.4786
-0.5810
-2.5124
-2.4303
-3.1112
-2.0750
-1.7505
-1.8464
-1.0446
-0.8805
3.5395
5.2195
1.9123
-0.8829
-0.9480
0.5450
-0.0587
-1.7088
-1.1659
0.2705
0.7543
0.4078
2.5334
0.2959
1.1182
2.2127
2.3778
2.5696
2.4213
2.7660
0.2461
-1.8059
1.2330
1.3849
-1.8040
-4.6617
-5.2914
-1.8172
2.3389
1.2700
1.0351
-1.3111
-6.5463
-5.1960
-13.4998
-10.0567
-8.8758
-10.9159
-14.6888
-17.4390
-14.8981
-12.0017
-8.1040
-11.9626
-15.7574
-15.7622
-15.3515
-11.2352
-9.0638
-14.0596
-15.8625
-11.6789
-8.9970
-9.4303
-5.6462
-9.4827
-7.7990
-3.7970
-6.0372
-9.8627
-10.8353
-11.2728
-10.6135
-9.5321
-12.8718
-9.3789
-3.2849
-3.8745
-9.3135
-14.1911
-8.8519
-11.8658
-15.8193
-12.8462
-9.4212
-5.6707
-3.8412
-8.7905
-9.0242
-6.8417
-7.3493
-6.1140
-11.2530
-6.8064
-0.9775
-1.1237
-2.3065
0.1946
-3.7556
-1.5859
3.4519
2.3050
7.4516
2.5477
0.1597
-0.6319
-3.3997
0.9995
1.9341
5.9335
5.2497
7.1819
-0.0561
-5.2862
-2.9281
3.9824
2.7906
-2.2986
-1.5563
1.0634
-0.8168
-1.3357
-1.2447
-0.5114
-1.1035
-0.0254
0.3839
-1.4219
0.4872
-1.6934
0.5269
0.9747
-0.1981
0.6824
3.8103
3.2826
1.5470
-2.6292
-2.1086
-1.0805
-1.8553
-2.5139
-1.5694
-6.7082
-6.6494
-6.2035
-3.9574
-1.8097
0.3731
1.8480
1.2238
-1.8029
-6.7825
-9.6901
-9.4828
-10.9562
-6.0085
1.9603
1.3231
-0.1636
-1.3268
0.5957
0.1281
-1.2313
-0.5873
-0.8681
1.5960
2.7608
0.9322
-1.5286
-5.7037
-6.0298
-4.9742
-0.5646
-2.6855
-2.9856
1.3538
-1.0139
0.0805
-3.8519
-11.4711
-5.3158
-3.7007
-6.6115
-4.3376
-6.8698
-4.4133
-0.2471
-1.4233
-0.4083
0.6357
-1.0183
-4.4569
-9.4994
-9.7793
-0.4721
-1.5175
-5.6457
-6.1003
-3.4031
-4.8536
-8.1972
-10.4565
-9.3812
-12.1938
-16.0684
-14.9613
-12.0356
-9.0368
-7.8232
-5.6993
-10.9639
-10.6824
-9.5968
-6.3786
-5.2924
-8.4139
-6.8537
-3.2045
-0.7079
-4.4664
-9.6499
-1.5635
2.3781
1.6484
2.5844
5.0566
1.6889
-2.3145
-4.1574
-2.8757
2.3735
1.5601
0.9062
0.4085
-0.2604
-2.9156
-6.3784
-5.2073
-2.4042
0.1146
0.2562
-0.2233
1.7562
2.5260
2.4301
2.1575
-1.7486
-4.5039
-6.5109
-1.5448
-0.0072
-3.7008
-2.8937
-0.4541
-1.6970
1.2103
-0.1413
-0.2624
2.7955
1.6128
0.8371
-0.8844
0.9905
3.9643
2.3188
1.6619
3.2706
-0.9570
0.6589
-0.4747
-3.3602
-3.0571
-3.7882
-5.3260
-6.5673
-0.3730
-1.5631
-3.8655
-1.5441
2.5329
-2.7570
-2.9281
-1.2712
-3.3090
-6.4928
-7.3047
-7.6877
-5.1139
2.4733
1.3719
-2.0682
-8.6238
-11.4569
-7.4029
-8.8831
-8.1317
-8.9375
-11.0909
-6.3504
0.2558
-1.6723
-2.7746
1.0490
-0.6083
-6.8469
-7.0318
-1.1981
2.8066
-9.1762
-3.4343
-0.1553
-4.5486
-6.7190
-1.2941
1.9739
1.3392
-0.6161
-0.2054
-1.5271
-9.1327
-10.4294
-9.8946
-8.1545
-7.8204
-9.8006
-7.7459
-8.2553
-7.0443
-4.8004
-3.1958
-3.2159
-3.1064
-0.5876
-0.9884
4.3344
2.6195
-2.5526
-1.1804
6.0205
3.0267
-1.3281
-1.8647
0.3327
-1.0944
-1.3818
0.4933
0.5849
0.1118
-3.2233
-1.4134
-1.0423
-0.5096
-0.9364
-2.3309
-0.8949
0.1998
-4.2397
-4.8059
-4.2809
3.9469
4.1956
-3.6164
-11.7749
-3.9808
-1.1026
0.1267
5.3130
-4.9246
-4.6495
-8.9953
-12.7604
-9.8075
-9.8489
-5.2875
-0.5639
1.5781
-2.5572
-6.5041
-6.8782
-9.5897
-7.3064
-8.2421
-11.7087
-12.0562
-3.8710
3.1615
1.6831
-2.1065
-9.4401
-9.2754
-9.0579
-10.3869
-8.5161
-9.6032
-4.7635
-5.7454
-5.5679
-1.0694
-1.7328
-2.3293
-0.8204
-2.6749
-4.0807
-3.7114
-0.9621
1.6768
1.6029
1.7801
0.9095
0.6217
2.6052
5.1900
1.4813
-0.6032
0.6057
-0.3606
-1.6857
-6.7494
-6.5789
-3.6231
-2.2515
-1.3037
-1.2741
-4.3712
-5.0133
-5.9450
-2.6115
-1.2962
-3.0957
0.0391
1.5516
-0.8126
-1.9672
1.2033
0.6582
0.5698
1.0569
1.3005
2.5719
-0.3025
1.2023
-0.6700
-1.6568
-0.0362
1.2827
-1.4185
-1.4871
0.3873
0.9016
-2.3562
-2.8014
-0.7226
1.6508
4.8966
0.9899
4.4118
6.8269
1.6898
2.1983
1.4265
-1.2060
0.6485
-1.6557
-4.7297
-3.4906
-0.6376
1.5554
4.6781
2.4754
3.5346
4.0687
0.2314
-3.3523
-2.1848
-4.0656
-10.8687
-11.3519
-3.5029
2.6281
1.5345
-3.0199
-3.3836
-3.7849
-7.0979
-6.5271
-3.4536
3.1501
-1.7307
-1.8825
-1.5308
-3.3965
-1.7599
5.9225
8.6872
10.1090
7.2536
7.3387
6.6051
3.2606
-0.6390
0.9578
1.5083
4.8341
7.7095
7.0410
5.9770
0.3780
-7.4612
-7.1947
-4.4707
-1.0051
1.7295
4.7505
6.1032
7.8550
1.9357
-5.9373
-1.7454
-1.9942
-8.7549
-3.8299
-1.7994
-2.1539
-5.8398
-5.3810
-5.3597
-6.2234
-4.6216
-3.5734
-7.1582
-6.4980
-4.7106
-4.5511
-4.8686
-4.0467
-1.6399
-2.7642
-6.0026
-8.3100
-11.1217
-6.3354
-3.5479
-1.1658
-5.1576
-3.9547
-2.4150
-3.5800
-7.2037
-9.1882
-3.8810
-3.4240
-4.0046
-1.6821
-5.4912
-4.2175
-4.4671
1.3868
-2.0074
-1.2629
-1.0261
-0.1864
0.2681
-0.6515
-1.5905
-4.5398
-1.6315
-1.5662
-0.3987
0.1765
-0.8831
2.2693
2.7876
-0.7350
-5.5549
-9.8455
-14.3864
-15.6008
-11.0001
-13.5337
-15.5912
-12.7619
-9.1561
-10.7415
-11.4984
-13.6374
-13.9713
-9.5365
-2.4859
4.3218
3.2971
2.6474
-0.1109
-3.2730
-2.9202
-5.4773
-4.4231
-2.6235
-5.7898
-6.7876
0.6279
-6.2432
-19.3349
-12.8208
-10.1539
-6.6854
-6.7798
-3.0295
3.2726
6.9147
5.7682
2.9568
2.5307
5.3441
5.2021
6.0998
3.1849
2.4001
-1.0999
-5.6539
-2.2998
-2.9359
-3.8537
2.0036
2.7529
0.3314
-0.2889
0.2608
-1.2880
-1.8909
-1.1692
-1.8599
-2.0625
0.4660
1.6945
4.1609
6.6381
5.9365
4.9432
4.1529
0.5578
-0.2336
1.7581
0.6886
-0.2244
-3.3114
-3.3605
-0.5420
1.3872
0.0761
-2.0565
-0.1429
0.5324
-1.7561
-2.8436
-5.1046
-7.1444
-3.6643
-0.5721
-0.7245
-2.3260
-2.9922
-1.9402
-0.6911
-1.0953
0.8842
-3.8522
-5.0812
-1.1726
-1.2708
0.4147
1.4147
0.8038
4.3551
1.5090
-0.5842
2.3833
4.2301
2.4999
-0.2884
-3.8810
0.4448
-5.2242
-0.4902
-5.4437
-5.2860
0.0240
2.4328
3.7301
5.7019
0.6198
3.6948
5.0048
5.9532
4.6495
2.4317
0.0081
-2.2364
-2.1408
-8.1581
-5.8251
-2.9555
-3.0021
0.5818
3.6327
1.8649
7.0293
11.7962
9.0823
2.6682
-2.0244
-6.1152
-7.3625
-3.7594
0.5253
3.0223
3.7896
2.7357
1.2565
-2.2005
-2.7110
-2.8882
-10.4989
-11.8888
-12.4254
-12.3397
-9.6229
-3.1189
1.5724
0.1673
1.0972
-1.0213
-8.5055
-16.3861
-14.3459
-12.9622
-13.9446
-11.5222
-6.5313
-8.2453
-6.6122
2.4956
1.9603
-6.7157
-10.9895
-9.2339
-9.2425
-7.0385
-1.7669
-6.7184
-9.2299
-10.5379
-4.9825
-7.2094
-7.0070
-1.0570
-3.8589
-5.7145
-0.9552
-0.8826
-1.0693
-0.6428
-4.2910
-5.4855
-7.3213
-5.2043
-5.9369
-3.7698
-1.5663
-1.8340
-1.9094
-2.1942
-1.7155
0.0273
-0.3975
0.1974
2.9353
4.3998
1.9261
-2.9294
-1.0314
0.5472
-1.4915
-0.7352
-1.2901
0.6223
-0.7557
-2.2921
-3.6755
-0.4156
1.0160
-0.5657
-0.9014
-1.7557
-0.8367
-0.7788
-3.8759
-4.8064
-3.7009
-4.2219
0.7231
0.9452
-0.4851
-0.8715
-4.3674
-2.1016
1.6696
-0.7750
-2.2344
-1.8951
-4.1330
0.3294
-0.4203
-0.1311
1.9697
1.2139
3.1397
7.5742
7.3081
6.0991
4.6510
4.1724
3.8403
1.7031
-3.4104
-5.9869
-10.0638
-10.9787
-9.0889
-9.7648
-3.5968
2.4475
0.1893
-1.5501
-0.2016
5.2338
6.0591
3.3670
3.0509
-1.1157
-1.0707
0.0054
-0.0443
1.8043
1.7971
-1.6916
-5.3601
-5.0540
6.7014
7.9100
0.8643
4.1243
8.3301
12.0301
11.9257
6.5375
3.1181
4.6382
3.2819
4.9394
4.9980
2.8778
-1.7056
-3.2402
1.6612
3.9297
2.8536
0.0575
1.3255
-3.3080
-2.7274
-0.6684
0.6786
2.4743
3.4541
-1.3808
-3.3285
-6.3372
-6.0333
-0.4074
1.0586
4.6629
5.6703
3.5966
1.3761
0.3414
-2.9555
-5.6819
-5.6572
-3.9974
-4.0416
-1.1573
2.3318
1.9102
-0.2083
-6.5915
-13.1469
-7.8818
-0.7052
-2.8587
-4.2112
-6.6839
-7.4636
-1.3251
3.3405
6.6133
7.3188
5.3370
8.2905
9.1269
9.9470
9.5884
15.3679
11.2928
5.2752
-2.1493
-5.9154
-2.1711
-3.1371
-0.9528
-2.5203
-2.8155
-4.3331
-4.1629
-2.0808
-4.4431
-0.4091
2.0628
-0.2147
2.3638
-1.9384
-9.2532
-8.7713
-2.7065
-3.0579
-1.0716
0.6056
1.5264
-0.9844
-7.3827
-10.2147
-8.7157
-4.1448
0.2620
2.1180
-0.9578
-2.9577
-0.4453
1.3390
3.7270
1.8212
1.4322
-3.8056
-6.2816
-3.6654
0.5385
-4.2165
-4.7571
-6.7236
-3.5758
1.4489
3.9578
5.6373
4.8359
2.8466
1.6369
1.0057
-3.4304
-6.8893
-4.9587
-2.8338
2.1037
3.8908
0.1287
-2.6773
-1.0466
0.1739
-3.6890
-4.3885
-3.0085
-4.8441
-10.6245
-18.9207
-25.1104
-19.4696
-11.8812
-10.3550
-7.7215
-8.4343
-9.0175
-8.5400
-3.6470
-0.0323
5.8844
6.4648
5.4422
4.9431
7.9522
0.2968
-13.4966
-15.2258
-25.7344
-34.3326
-36.2625
-31.1616
-25.8984
-20.1021
-18.9351
-17.1114
-18.3692
-12.4303
-10.3029
-0.1755
5.2760
5.9304
-0.7822
-6.5473
-5.5401
1.4369
3.0699
-1.2556
10.0179
7.3758
3.6540
-0.0799
2.7659
7.6129
5.9923
7.2921
0.1362
-0.0915
10.8580
8.3890
1.0446
-1.6422
-3.4375
-6.1531
-10.8464
-11.8349
-8.6694
4.7852
11.3777
6.4668
5.0988
3.5156
-3.4871
-8.3951
2.1932
9.8832
5.0794
-0.2589

Coefficient 31:
0.7330
7.6085
9.3294
10.0600
2.2470
-1.3365
-3.7257
-5.1957
-5.3300
-4.4903
-3.0910
-3.3248
-2.5100
-6.9327
-6.1384
-2.7515
-2.4889
-9.8237
-13.5599
-12.4726
-6.8345
-4.5609
-10.9204
-15.5302
-16.9679
-13.8651
-5.2652
-1.9983
-1.5533
-2.1159
-3.9292
-3.9172
-3.3243
-4.6697
-2.6396
-0.7740
-0.9683
1.1216
2.7580
-0.8907
-0.7925
4.0893
3.1885
-0.1392
0.9663
3.9730
0.1811
-2.6109
0.7169
2.2027
0.8157
0.0636
-5.7671
-9.4994
-5.5079
-4.8663
-4.5585
-9.0306
-5.3205
0.2533
7.2980
5.9964
1.0907
-1.9475
-1.5311
1.9600
-0.1805
-2.8659
-4.0762
-2.9295
-0.9804
-2.2943
-7.7494
-5.5442
-5.5935
-3.4012
-1.3985
-0.4324
-3.0943
-8.9858
-11.6142
-8.3698
-6.5295
-8.4454
-7.5389
-2.6047
-3.0201
-5.9795
-10.1564
-10.2744
-9.6339
-7.3832
-0.1604
1.7897
4.3632
8.9286
7.9121
11.1121
12.7216
8.6911
2.4742
-0.8258
-0.1241
-3.9937
-7.6503
-6.5536
-7.2807
-6.0330
-6.9512
-15.1344
-17.6659
-11.2387
-9.6811
-4.9306
0.9948
3.1737
2.6258
-0.6138
-2.9290
-4.0206
-3.7186
-0.5564
-0.7391
-4.2937
-3.5980
2.3145
6.0187
-0.7742
-6.3319
-4.7321
-1.4692
1.2531
0.6252
-7.8387
-10.7996
-7.7356
-7.5533
-7.3770
-0.0077
2.8128
-3.1182
-6.2007
-2.7228
0.9945
-2.6942
-14.3990
-23.9374
-20.2397
-12.3571
-8.2774
-10.1763
-8.9247
-5.6880
-2.9714
-1.3460
-7.0183
-11.6073
-10.1302
-0.4772
3.2885
7.2866
10.3275
6.3485
5.0463
10.0099
6.7612
1.4510
1.4247
1.6795
2.0471
0.3225
-2.3438
0.1902
1.9152
-1.2308
-2.0812
-0.0922
1.8696
0.2286
-1.1133
-3.8632
-2.9568
-2.5848
-1.7948
-1.6730
-0.8783
-0.9193
-1.7155
1.2962
3.5038
1.0231
-2.5258
-1.7916
0.0543
-0.3094
-2.2152
-2.5439
-0.2129
-0.2836
0.2794
2.2474
-0.3745
1.7476
3.7133
4.1941
2.6051
2.4062
0.9807
-1.2707
-2.6889
1.8849
2.1414
-0.6728
-5.1708
-5.0684
-0.4131
3.5860
3.5047
1.7988
-1.3282
-3.8722
-1.3783
1.4409
-2.6384
3.4028
5.9473
3.3939
3.3984
2.0866
1.2521
0.5942
-2.0469
-4.9846
-3.3825
-2.4063
-4.1284
-5.8128
-13.8463
-13.4920
-12.0421
-8.4569
-5.0360
-5.8150
-11.4081
-9.6680
-5.4511
-9.3244
-15.5872
-17.9587
-15.2379
-11.5484
-8.9765
-7.1859
-10.9003
-9.9251
-8.8244
-10.3509
-12.7092
-8.6216
-7.0839
-6.9295
-5.8293
-8.5206
-8.7792
-0.8157
2.0427
-0.9705
2.5957
-0.4874
-4.6857
-6.2598
-6.0096
-6.7333
-4.9703
-3.2938
-4.4379
-9.7706
-5.0256
5.3934
5.6653
2.8905
3.0777
1.8771
-0.0499
-1.5094
-2.5040
-2.2584
-6.9876
-13.8658
-13.6240
-19.4752
-20.2417
-15.2388
-3.7277
-1.6915
-1.9651
1.1196
1.4859
-1.3911
-1.8825
-0.9230
0.0991
-0.6021
-1.1994
1.1977
-0.5025
-0.4062
-2.1325
0.7706
1.3738
-0.0204
0.9090
3.9226
3.2407
0.3853
-2.8584
-1.9774
2.0616
5.2539
6.1732
4.5697
0.5038
-0.9626
-2.2083
-2.0739
-3.3202
-2.4783
2.4446
2.9283
0.3535
-2.7039
-4.3276
-4.2034
-5.9977
-2.5009
0.7851
0.0089
0.5568
-0.0607
0.1850
1.8699
-0.8367
-2.4921
-1.7292
1.4095
2.4885
1.0504
-0.0821
-2.9593
-3.9161
-1.4714
2.2822
2.5775
1.9421
4.0964
0.6127
-1.1578
-3.3757
-5.7746
1.7229
-1.9052
-2.1482
-3.3055
-8.9597
-9.6122
-7.3465
-9.5974
-6.6050
-5.5059
-8.4378
-11.4023
-16.4475
-15.5287
-10.5660
-11.0157
-11.7024
-11.2254
-1.7107
1.3787
-4.6525
-9.6429
-6.8680
-7.5732
-5.6444
-1.2880
3.5529
-0.9007
-9.7577
-13.1197
-13.3899
-13.2661
-14.8006
-15.7970
-10.0830
-12.5525
-14.8476
-6.5794
-5.3187
-6.7517
-1.3353
1.7346
2.3434
0.5460
1.8967
4.3327
2.2728
-0.7418
-3.9859
-1.6467
3.1176
1.4227
-0.1827
0.7766
2.6948
0.7508
-2.3890
-2.0658
-2.6273
-0.4206
-0.3183
0.0288
0.4638
1.2112
1.4890
2.0729
-0.0638
-1.8983
-2.8034
0.0281
-0.9341
-5.3176
-4.4045
-2.1339
-2.2293
0.9277
1.4143
2.0019
2.2957
1.8154
-0.2591
-1.4703
1.0777
4.9054
2.7303
-0.5915
-0.1034
-1.9136
-1.1947
-2.4400
-3.0623
-2.1868
-2.4363
-7.2752
-9.6402
-0.6899
1.2765
0.6763
3.7051
5.0771
-2.3904
-1.1937
2.0257
-1.5734
-6.3826
-6.4472
-8.0241
-7.5745
-10.3918
-13.1486
-9.4629
-6.4273
-9.3523
-10.2859
-11.5564
-11.9226
-9.9795
-9.7974
-7.9703
-11.0964
-11.9113
-4.8497
-8.8769
-7.0656
-4.0629
-3.8178
-2.1532
1.9183
-9.7815
-9.7897
-1.8451
-0.8127
-1.3626
-3.5017
-3.2830
-3.7952
-7.1031
-4.0972
-0.4793
-3.9808
-11.2527
-14.8592
-11.6352
-10.9064
-7.5964
-2.5603
-4.9069
-8.7692
-7.8230
-5.6050
-3.6973
-1.6005
-2.5826
-0.6082
7.2590
8.3245
-0.1732
-4.6267
0.8337
0.5061
-2.4273
-1.9359
-0.0964
-1.6576
-2.6596
-0.5705
-0.9481
-0.3494
-2.2988
-1.1195
-1.6826
-0.2893
0.9801
-1.8241
-0.9840
-0.5225
-4.4093
-3.3952
-0.9117
-1.5301
-1.1723
-0.0942
-3.3345
-2.4593
-1.8167
-3.5062
-4.4947
0.5318
-1.6086
-5.7311
-9.5510
-9.4317
-14.1504
-15.9437
-10.3491
-1.6795
-3.1401
-7.7515
-6.9085
-7.9351
-7.9846
-5.5461
-5.5190
-7.4668
-6.7371
-3.7723
-3.6972
-0.6031
1.7351
2.0739
-2.5416
-7.7610
-9.2181
-4.5126
1.2381
1.1421
-1.4250
-0.3925
2.7899
3.5847
2.9054
0.7530
-2.7906
-4.8174
-4.3922
-4.4402
-5.8867
-4.1901
-3.1350
-2.6585
-0.8848
-0.9169
-4.2593
-2.9877
-4.9122
-7.4072
-6.7018
-6.7205
-5.7521
-3.2278
-1.8517
1.3181
0.1229
-4.5780
-5.4820
-5.1048
-0.5220
0.2006
-2.5186
-0.0023
1.2369
-0.5724
-2.8240
0.1413
0.8076
-0.0688
0.1874
0.5328
2.0627
-1.1024
-0.8021
-2.2178
-1.5930
-0.7839
0.5755
-1.8309
-1.6402
0.8526
3.8012
2.3152
1.0552
2.1985
3.6486
6.2606
1.1592
1.7451
4.8908
1.3491
1.8133
-0.5886
-2.6322
0.1725
-0.7935
-4.0494
-2.2634
-1.4107
-1.1855
-0.3465
0.0470
2.2796
8.8942
5.9719
-1.2460
0.6170
0.4840
-6.4835
-8.6379
-1.5043
2.9704
3.2957
-0.3451
-2.4722
-3.0720
-3.2681
-4.0550
1.6940
3.3145
1.5065
-3.3281
-3.4523
-5.0064
-3.1316
0.1518
-4.3654
-7.0629
-5.0207
-6.8011
-5.1586
-5.1134
-1.0318
-3.7477
-5.5287
-3.4584
-3.9776
-6.4051
-1.5286
-4.5182
-4.7646
-5.2835
-4.0607
-5.9166
-9.8513
-7.2497
-1.6042
0.2481
-0.5568
2.4191
2.4711
-0.7485
-1.0371
-1.9382
-5.0270
-7.3634
-7.2278
-6.0541
-3.1567
-2.2896
-4.0805
-3.8691
0.6581
3.1405
3.7407
5.9773
7.4940
-0.2406
-3.2002
-0.3536
-0.4721
0.0227
-4.7076
-5.6031
1.1617
0.8977
-5.2191
-3.9785
-1.1694
0.5561
-0.0148
-1.6146
-1.1241
-1.0817
-0.4038
0.9949
-0.8581
0.8457
-1.4051
0.0809
1.2246
3.4679
-2.5055
-6.1222
-5.7048
-3.0132
-1.9033
-3.5937
-1.9032
-2.3584
-3.7830
-8.7830
-8.0342
-3.3634
-3.2822
-1.7757
-5.8183
-7.3381
-10.3913
-7.2739
-7.9499
-8.4799
-7.0129
-6.3533
-4.7527
-3.5833
-4.9511
-3.7983
-6.3684
-11.6343
-9.6161
-8.8806
-13.4972
-11.2430
-6.5262
-2.9746
-5.0887
-10.2952
-6.9104
-3.7200
-5.2218
-8.3674
-6.5170
-5.0734
5.6404
6.0295
6.8524
6.8972
5.2083
4.1396
5.2534
3.7470
-1.6770
-3.6993
2.3401
8.0061
10.1774
11.0599
5.7673
-2.3904
-6.7564
-3.0866
-2.6623
-1.0838
-1.7623
1.2504
0.0251
0.4340
-0.3765
-0.4780
-1.5929
-1.7722
-1.0875
-1.9619
-1.8945
-0.4380
1.2828
2.5731
3.1890
3.0987
3.8362
3.2281
0.7855
0.5850
2.3296
0.3588
0.3674
-3.1157
-4.0034
-1.5792
1.5684
2.2561
-1.6679
-0.5085
1.2915
1.0944
-2.3020
-4.6292
-6.2371
-4.1200
-0.8398
0.0034
-2.5069
-1.5416
-2.7729
-2.8875
-1.1055
-0.4423
-3.1236
-2.0186
1.9563
1.4426
1.3877
2.3920
2.1996
4.3713
3.3978
0.6306
1.1512
2.9838
2.3817
0.6952
-1.2811
-2.7546
0.0844
0.0246
-8.6589
-11.9229
-6.1575
-1.5789
-1.2594
1.3976
-0.6658
-2.1077
-3.8542
-2.0280
0.0043
-1.4086
-5.9709
-2.9908
-1.7855
-5.5246
-2.9338
-0.8896
-2.3439
0.5066
-0.0887
-9.6723
-12.5988
-5.6568
-2.7086
-4.6213
-3.9321
0.7668
-0.8485
-4.7347
-6.6903
-5.8241
-1.7572
3.0515
2.1165
0.5575
8.1234
3.3848
-4.9535
-2.5931
-0.7811
-3.9998
-7.1758
-5.8846
3.3636
-3.7983
-4.0937
-6.9560
-11.2475
-16.9106
-13.2076
-7.6543
-9.1917
-12.0402
-11.3172
-12.4337
-8.7432
-5.5289
-10.8302
-9.8856
-7.5135
-6.4595
-8.3711
-11.6706
-3.9435
0.9566
0.4346
-0.2285
5.1184
4.7450
2.8535
2.1671
-4.5416
-7.4630
0.3740
5.3825
6.6075
3.2878
-4.6696
-6.0510
-5.5837
-2.2257
-0.5710
2.8194
5.4559
6.4177
0.7865
-1.5087
-1.2360
0.3267
-0.1960
0.7592
2.2979
3.4637
0.8883
-2.8094
-1.3270
-1.5563
-2.0834
0.5546
-0.9266
1.1928
1.6499
-0.1658
-1.9775
1.2432
2.0542
0.0414
0.6365
2.4770
4.1689
3.0430
-0.3004
-0.2967
-0.9270
0.8372
4.0258
1.9378
2.7191
4.2832
2.8800
2.8640
2.4575
1.3928
-1.2951
-1.4669
-3.0228
0.3233
-0.8942
0.6096
1.0302
0.5500
2.1666
4.7694
7.7129
9.1923
8.9207
8.8420
3.0490
0.7287
6.4225
8.8896
7.9907
9.0785
5.9858
1.1619
1.1901
2.1003
-0.4338
-1.5234
0.2313
4.9269
3.1070
-1.1637
-4.4683
-5.5233
-5.2956
-4.6253
-2.2238
2.2156
4.4524
0.9261
-2.2971
-2.1458
2.5022
3.7316
1.1740
3.3043
2.4769
3.9650
5.7582
-1.2422
-2.4577
4.0652
4.8651
0.8170
1.2333
3.3332
-0.6761
-5.3522
-3.7626
-4.1167
-5.5886
-5.9453
-2.0374
0.3827
-0.0256
-1.3360
-1.9894
-0.0425
0.7173
-3.5205
-3.0510
-5.4604
-3.0982
-1.5317
-2.3443
1.5227
2.7443
-0.6044
-1.2137
-1.5380
-6.2669
-2.2760
5.9819
11.0361
10.8973
14.8807
17.2766
12.7532
12.0044
6.6354
2.5694
7.2159
7.4573
8.5473
7.1200
7.1869
7.0967
7.8886
10.5584
15.3109
14.2027
10.0387
-1.4205
-6.1662
-5.2781
-3.3312
5.2994
5.4662
4.3193
3.0862
4.0135
4.1032
-0.8216
3.1407
5.6528
5.3158
2.2250
-1.1494
-6.4008
-4.7405
-1.1298
2.1005
-0.4365
2.0053
-1.1474
-5.4779
-4.6064
0.0562
-1.8968
1.0065
0.2412
-1.1511
-1.4468
-6.0001
-5.4840
-2.8021
-1.9061
-2.2851
-5.5812
-6.0856
-4.6744
0.1363
1.9525
3.9167
2.4057
0.0683
3.1034
4.3098
2.4316
3.1210
3.5971
8.6904
8.4113
8.6307
9.7613
4.6906
2.0364
1.5109
0.8236
0.4542
-2.0007
-8.9266
-11.2147
-6.1635
-4.1340
0.8426
5.1976
1.6648
-1.6280
-3.9989
-3.1707
-5.5353
-3.9252
-0.5957
2.1995
-7.2337
-12.3070
1.5161
10.1212
18.7080
12.8367
6.2415
3.8269
1.9257
0.1758
-1.9366
2.2482
3.3848
-2.9989
-10.1077
-12.0059
-9.4953
-1.6951
1.4067
6.9317
3.4963
-3.3925
-5.8508
-8.0033
-10.8926
-12.1394
-16.5154
-14.4624
-15.9690
-17.5118
-10.4102
-0.6859
2.4515
2.3529
-7.3972
-9.5226
-6.2818
-4.3292
-6.3191
-8.4716
2.3342
6.9706
3.6012
-2.8230
-2.5513
-0.3787
-3.0321
-1.8236
-3.6360
-14.7201
-2.8154
-3.7952
-6.3506
-0.9809
5.5025
0.7684
0.3124
2.2465
-3.5647
2.2213
9.7017
10.6211
5.9446
3.3773
-0.0738
0.7308
5.9991
10.5438
8.9007
4.6632

Coefficient 32:
0.6822
10.4814
13.0398
12.1109
-3.4053
-1.9186
-3.9148
-3.8481
-3.7513
-4.0968
-2.9858
-2.6853
-3.4087
-7.7103
-5.6241
-2.2493
2.2434
-4.2239
-9.4987
-8.5683
-4.3685
-6.3390
-9.5650
-13.5258
-14.8588
-12.0042
-4.4857
-2.4516
-3.5615
-2.2914
-4.0898
-4.8597
-4.8127
-8.0179
-8.0635
-9.0714
-7.9129
-0.7898
1.3525
-0.6145
2.9403
8.5690
11.5140
10.5295
10.5349
4.6611
-3.8999
-4.7350
1.5830
1.1337
3.6823
2.8979
1.6997
4.0944
5.0744
1.3694
0.0356
-1.3106
-4.0320
-2.9989
2.4874
3.3315
-1.3737
-3.5593
-2.5701
-1.4754
-3.9727
-4.9275
-3.1710
-3.7232
-1.0588
-0.6198
-9.3137
-9.5659
-5.3958
-4.1855
-2.1752
0.8485
-3.5638
2.2139
7.3764
5.4366
1.7986
-2.6326
-2.1192
0.2690
-1.7772
-2.9170
-4.1070
-0.9529
-0.3110
0.4955
-1.5661
-2.6682
-2.3746
-6.3507
-13.0225
-8.2596
-1.4348
1.9395
4.4792
1.6361
6.8576
4.5981
-1.8877
-1.7705
-6.9121
-10.3075
-5.1709
-3.4561
3.7111
8.2449
3.2045
1.5342
-0.9343
5.3055
7.1055
7.6360
7.3546
1.8064
-0.1781
-1.6822
-2.4970
-2.7465
-5.8005
-3.6305
-2.0018
0.4265
-1.6200
3.8128
1.7260
-7.5019
-6.2581
-0.7742
5.6862
7.4059
7.6538
7.4377
8.4530
6.7850
4.6668
7.2616
11.9576
13.2912
1.8426
1.6428
2.8234
3.4671
3.4074
1.7315
2.4222
2.8620
5.3643
4.2827
2.7830
4.2292
4.2303
8.2673
14.3989
16.1190
16.9440
20.2476
14.0038
9.6402
14.0211
12.5738
6.1528
1.7428
0.0342
1.7200
1.0366
-1.8919
0.0596
2.3175
-0.1191
-2.0290
-0.0758
1.9259
0.1131
-1.6002
-5.0172
-3.3083
-1.7558
-1.7287
-1.8262
0.0100
-0.8419
-2.2799
-1.1130
1.5288
0.3043
-2.2291
-1.2424
-0.4608
-0.4224
-2.0451
-3.6197
-2.2242
-1.8802
-0.1866
1.6883
-0.9939
1.2121
3.4327
3.5080
1.6943
1.6358
-1.2593
-2.7258
-3.3747
2.2706
3.3058
-0.0138
-4.9314
-3.6554
0.9577
3.1307
2.1199
0.9994
-1.8696
-1.4649
0.5981
0.6785
-3.2155
-0.6167
-4.0088
-1.6155
-1.7620
1.9184
-1.1453
4.1703
5.9724
1.8892
-0.1987
-4.4402
-5.9499
-2.6670
1.1769
-1.5346
-1.4733
-1.0341
-6.0662
0.6452
5.8009
6.7719
7.0604
5.9193
4.4295
2.7066
1.3196
2.3054
7.0432
3.9962
3.5955
3.2397
5.0712
8.3008
9.5325
4.9135
2.9144
3.9426
3.2500
-1.1874
-2.3670
4.1069
5.1539
2.7621
6.8617
9.0743
4.9700
5.0572
1.6550
-1.8654
3.0123
3.8800
6.1201
6.4006
1.2469
2.7893
4.0223
1.1631
1.0557
1.9667
0.3246
3.0334
8.3207
7.6961
5.7667
3.2744
4.0260
10.9113
12.5813
11.2010
10.6827
10.7300
9.3643
3.1407
1.1450
-1.4152
-1.4597
0.2067
0.8090
-0.2849
-2.4906
1.1603
-0.0536
-1.3498
-2.4263
0.2648
1.2619
0.3057
0.8712
2.7635
2.6163
-1.1896
-2.8366
-2.0532
-2.4474
1.4438
3.4995
-1.7971
-2.9396
-0.0253
2.0869
-0.2437
-3.8971
-3.9576
1.5598
2.9346
0.8877
-0.9048
-0.3902
3.2440
3.4563
4.6698
6.7796
3.4957
0.6931
0.2603
-0.7434
-1.6360
-3.1007
-3.7372
-2.5038
0.8276
1.2443
0.4858
0.3314
-0.2237
-1.4653
1.1019
6.4331
7.7082
5.6739
5.2763
1.6619
-2.5587
-4.2984
-6.3327
-3.6106
0.5548
2.0938
0.0377
-1.6054
-7.3418
-6.7996
-6.8971
-10.1957
-12.3663
-4.5951
-2.7430
-2.2779
-3.4922
-4.1545
-5.1064
-0.0057
1.9471
1.0872
3.5836
-5.0141
-6.4666
-6.0024
-8.7634
-8.7952
-6.7820
-5.2452
-10.1705
-12.1626
-10.6323
-7.2593
-6.0246
-7.7624
-8.4967
-5.8812
-4.1812
-2.0701
5.6002
4.6324
3.4134
5.2865
5.2617
4.8946
4.1930
1.2180
0.5763
0.4180
0.2859
-2.0785
0.3560
2.6193
0.1743
-1.7391
0.8125
3.5526
4.0270
3.7688
1.9594
-0.6009
1.0350
-0.2618
1.1279
-0.2166
-1.0914
-0.8267
1.1078
-0.1436
0.3707
1.6849
1.5825
-0.8150
-4.7175
-4.7633
-2.8583
-2.4153
-0.2716
2.9092
5.1014
2.4319
2.2469
-0.5594
-1.6615
0.3686
4.5170
2.4694
-1.7424
-1.9369
-1.7246
-1.3227
-2.3590
-2.1274
-2.0342
-2.4487
-7.0554
-11.5445
-9.4778
-6.9349
-3.7004
2.8672
3.7484
-1.8368
-1.0535
2.7432
-0.6329
-4.7111
-7.2989
-6.1189
-3.6412
-2.1600
-4.0208
-3.7472
4.6772
2.8442
-1.7009
0.6451
1.4295
4.2865
2.8918
-1.2539
-5.8316
-10.2257
-8.7710
-0.5350
10.1648
11.3883
4.8298
6.8940
10.9753
6.4081
-2.0265
-3.2352
-3.9077
-4.2218
-4.4502
-1.9319
0.5849
0.1405
-1.8207
-0.2435
2.4800
0.7900
-1.6150
-3.2869
-6.2502
-7.4689
-6.5815
-3.0980
-3.5728
-2.8805
0.3602
2.7670
4.0598
2.3372
0.7534
0.1404
0.9708
0.5075
-2.3986
-3.0251
-1.5991
-3.0485
-2.0757
-0.9047
-2.5660
-3.9763
-1.5877
-1.9328
-0.9899
-1.9150
-1.0620
-1.8341
-0.8605
-0.3181
-1.7715
-0.6321
-0.8728
-2.9878
-1.2998
-1.4349
-0.9690
0.5232
-0.8438
4.4544
8.1170
6.0868
-1.2589
-3.5716
2.0242
0.9219
6.7167
4.2169
-1.9682
-5.8847
-7.6181
-2.8229
0.3674
-5.4641
-9.5740
-2.7736
-2.4874
-4.6643
-5.1870
-5.1735
-7.7479
-4.7249
2.1952
-0.6285
-5.3671
-5.3024
-3.5890
-1.8697
-3.1885
-4.2851
-2.9651
4.7678
9.7609
5.4314
-2.2115
-1.9450
1.1449
2.5500
1.7255
1.2891
-1.9937
-2.4078
0.9711
0.1533
-3.1190
-3.8258
-3.7308
-2.9855
-0.6848
-6.7956
-10.3188
-6.7106
-6.7382
-4.5725
0.0276
0.6343
0.9757
0.5290
3.4672
0.9939
-4.3973
-4.7230
-4.0326
0.5336
1.0819
-1.6695
-0.4240
1.0219
-0.1868
-3.5529
-1.3351
-0.3069
-1.2822
-0.6915
-0.4999
1.1411
-1.7848
-3.4983
-4.0565
-1.6365
-1.8958
-0.9455
-2.0916
-1.7590
0.2013
5.7488
3.7007
0.1926
0.7667
3.9964
5.8677
0.8210
-4.7118
-4.3671
-2.0889
1.0890
-2.7327
-1.1014
-0.1617
-0.0285
-0.7689
-1.9635
-3.5108
-3.5927
-3.9154
-3.5512
-5.7148
-1.4912
2.1203
-0.3161
3.0456
4.8285
2.4751
-0.4353
1.6230
1.4275
3.5043
1.3718
-1.9853
-3.1021
-0.6627
-0.8204
5.7667
2.4868
-0.1384
-1.6916
-4.3247
-6.7237
-0.4695
-0.1193
-0.5609
-2.7307
-1.5768
1.0809
-1.7536
-2.8999
-1.5194
-4.3699
-7.8979
-6.1228
-4.5240
-5.6820
-1.3943
-8.3866
-4.3489
-3.0526
-5.1311
-5.0765
-7.1970
-7.6480
-6.6375
-0.3485
2.8155
-0.8644
-3.5198
-6.3966
-11.1950
-3.9421
-17.1966
-16.6182
-10.1414
-5.3184
-6.9778
-6.1388
-0.3040
0.3152
-0.8335
-2.7174
-4.2763
-4.2560
-3.6413
-7.8498
-6.2070
-1.5726
0.4061
3.1406
-1.2767
-7.9355
-5.6081
-1.5342
-5.8405
-11.5829
-16.2570
-13.8671
-4.9524
-9.9918
-13.9531
-12.3169
-11.9180
-7.0058
0.6112
2.4559
3.3395
3.9243
3.9953
2.7791
1.6740
2.9697
2.2056
-0.9631
-2.6408
-2.5218
-2.1461
-2.5404
-1.8749
-3.0357
-2.1744
-2.9722
-4.3532
-1.8715
-6.0083
-3.3646
-0.3477
-4.7366
-5.4198
-4.8894
-3.3116
-1.6670
5.4995
4.2973
3.3985
5.2329
3.1433
3.0040
0.8724
0.0784
0.7610
2.5599
2.0667
0.6642
0.5582
0.2894
-5.3940
-3.0801
-1.2534
-2.9832
-3.8815
-5.6744
-10.1703
-11.0399
-9.7406
-8.8778
-5.5423
-6.3479
-5.9364
-4.5998
-0.8614
-0.9241
2.6427
3.4674
2.5470
0.3148
-0.7197
-1.5696
-1.0012
1.4907
-2.4498
-0.6696
3.3826
3.7151
-0.5445
0.1457
-0.6119
-1.3648
-2.6853
-2.4179
-1.0655
-2.0459
-1.8376
-1.3761
0.6206
-0.2780
-0.2679
1.4219
5.4662
3.0462
0.3210
1.1363
2.1524
-0.1612
1.3418
-0.9626
-2.5230
-1.4646
1.7396
3.8102
-1.0579
-1.1969
1.4144
3.1755
-1.9658
-4.0486
-5.0454
-3.5514
-1.6600
-0.2465
-2.7207
-1.6143
-1.1384
1.5996
1.7104
-1.2069
-0.6381
2.1803
4.5133
2.6654
2.2003
3.2330
1.3791
1.0388
2.4736
0.9927
-0.5578
0.4069
1.6511
1.4774
-0.9779
0.6651
4.5311
-2.5859
-5.5380
-3.7691
0.7287
3.0625
3.7797
5.0131
5.5994
0.2621
-4.1309
-1.9094
-0.4296
-1.9204
-2.1303
0.0032
-1.5545
-7.9650
-11.1264
-10.1286
-11.4194
-6.7918
-2.6585
1.8290
0.2847
-0.5989
2.2826
3.4443
1.2032
4.0531
-0.2989
-1.7633
-0.4519
-1.4020
-3.7939
-1.9836
-1.5623
-2.8232
3.8938
1.3780
-2.2540
-0.6010
0.6078
4.4797
3.2679
-0.3363
0.3021
-3.9379
1.4863
1.4231
-2.9345
-14.0288
-21.0335
-17.9248
-16.6770
-12.3306
-12.2337
-12.3719
-9.6057
-5.8722
-9.5573
-11.9768
-7.8652
-5.5616
-7.0156
-7.9992
-5.1220
-2.9579
-4.3499
-6.6105
-1.0037
-3.7497
-8.3049
-7.0408
-8.4911
-14.2496
-8.6723
-3.4704
-0.7256
4.2440
3.8469
2.1941
0.4444
0.5033
0.9079
2.8825
3.8625
4.7121
-0.9565
-1.0165
-0.8594
0.4757
-0.0556
1.1564
1.2075
1.7029
-0.4767
-2.4203
-1.4622
-2.9711
-2.4515
1.3304
-0.8790
1.3998
3.8252
1.8334
-0.3235
1.8357
2.3177
-0.4978
-0.4275
2.5140
4.2161
3.1711
0.2108
0.7234
-2.5415
-1.7736
-0.4901
-1.7943
1.1978
1.1322
-0.2168
-3.5445
-2.9357
0.9458
-0.3381
-0.8994
-2.0793
-0.0685
-1.3104
1.2139
0.4569
-1.1477
2.1408
-2.1899
-4.2145
-0.8850
5.8923
6.9400
-1.8681
-8.8806
-6.2685
-5.6628
0.4000
4.5496
2.8948
3.8606
4.0504
1.1865
0.1314
-1.5315
-0.0563
2.7359
0.4956
0.1776
-1.4136
-2.7291
-3.7221
-1.7185
0.4462
3.3635
6.4367
3.5630
-1.1025
-3.5731
-4.2967
-3.5865
-2.5939
-2.0205
-3.2490
-1.8080
-0.7946
-6.0670
-6.1019
-4.7027
-5.9617
-3.4519
-2.6651
1.0723
0.4170
3.9776
1.0340
0.9432
2.2372
0.5507
1.1263
2.2802
0.1142
-1.6667
-2.4748
-0.1541
1.7666
-2.4157
-1.2074
-2.9036
-0.7128
-2.7066
-4.1673
-0.6770
1.4836
-2.3099
-3.7176
-2.6233
-0.1798
4.6198
-2.2052
-4.9856
-3.1004
1.4372
4.0271
3.0587
3.7112
8.2326
5.7379
2.1780
1.1335
2.6985
2.1657
-1.6046
-0.7157
0.4095
1.0320
5.2866
4.0941
-1.1722
-4.5653
-6.7035
-8.3639
-9.5012
-4.1434
-2.7650
-1.6145
0.2899
4.6769
8.3308
3.9016
5.0256
3.0846
0.2117
2.5406
7.6893
7.0730
1.6118
0.2665
1.3169
-0.2542
1.5994
0.3944
-0.1568
-0.1429
1.6471
-0.2253
1.1325
-2.1323
-3.7523
-2.4941
-4.3655
-0.0019
4.3558
2.3732
-2.9620
-4.1830
-5.3436
-5.6459
0.6608
0.8134
-0.2290
-4.1912
-6.0788
1.0861
7.7138
5.6691
4.5111
1.0733
1.1450
-3.1055
-4.8742
-1.0452
2.4069
2.4144
0.7323
2.7836
1.0403
-0.3452
-7.1437
-8.2082
-3.8738
-5.3693
-2.1660
2.6803
1.9266
1.7342
-2.3500
-3.0904
-4.1490
-2.2196
0.6910
5.4919
1.3634
0.0107
8.4181
5.1713
6.3838
1.5455
-2.2819
1.6280
3.0446
-0.4456
1.3238
9.2257
7.0216
0.8495
1.7245
2.1447
-1.6508
3.2069
11.8780
11.3926
15.2806
20.6619
26.7317
30.5484
23.5293
20.6091
16.0830
7.7563
4.1065
-0.4908
-7.1549
-3.2533
-0.3935
-3.1688
-7.7770
-2.5262
-2.2709
-8.7470
-7.8871
-9.5097
-1.4371
7.4976
6.6512
7.0961
7.6698
6.8302
5.0012
2.2006
1.2098
-8.8959
2.5335
4.8719
3.9162
8.0075
13.0905
12.5697
13.8620
16.6025
13.0981
7.0811
8.2061
9.3060
5.2437
4.7123
7.4977
8.4587
7.2538
5.7694
6.3908
4.3392

Coefficient 33:
0.6365
3.6019
5.8683
6.6412
0.6227
-3.0029
-4.2527
-2.9597
-2.6209
-4.2773
-4.3295
-2.1002
-2.5792
-5.6782
-4.2164
-1.8662
-0.5589
-3.8436
-5.6333
-6.3772
-5.6710
-2.0483
-7.8567
-3.3513
-1.2149
1.1789
-1.4456
-2.2068
-3.3597
-2.2320
-4.7281
-5.5690
-5.4740
-6.5600
-6.4699
-7.2865
-8.2873
-0.9569
0.8789
-0.4666
-2.8504
1.7709
1.8052
1.0259
1.1005
-4.3129
-7.9478
-4.0708
-0.4513
2.2355
-1.7298
-5.7972
-2.1227
4.0165
1.6268
-0.3405
4.2729
5.6838
-0.5103
-5.2084
-2.6290
-1.3039
-2.7276
-4.9111
-2.9543
0.7958
-0.1674
-1.1969
1.7294
5.4242
3.8022
-3.0874
0.8198
1.6588
-0.6460
-4.8918
-4.0822
-0.6386
-1.5534
-4.8566
-0.2664
1.8984
-3.1628
-10.7793
-5.7515
0.3518
-0.7370
-3.2738
-5.9389
-3.3873
1.0380
3.3348
0.1495
-1.7956
-1.6671
-1.2276
-2.8474
-4.5769
-4.5409
-1.9857
0.8636
-5.0590
-7.4326
-7.8057
-6.7293
-2.1122
-0.6972
1.5284
3.7048
4.5893
1.3595
-0.5530
-0.1204
0.9934
3.6234
1.7960
4.7223
2.8565
3.6656
3.3626
8.7148
8.1586
5.8271
-1.4554
-11.2126
-15.3185
-15.8871
-11.0779
-7.3667
-7.0316
-4.7256
6.1716
3.7531
5.3088
4.5789
4.8204
3.8525
-0.5362
-3.6361
-1.5678
0.4826
-0.5945
-1.6149
0.4110
-2.3167
3.9175
3.4852
-4.2271
-4.6287
-2.2248
-2.9921
-3.9205
-0.2992
-5.6374
-10.4939
-15.3932
-22.0680
-11.2636
4.8222
11.6344
10.1226
9.6832
5.3926
-0.3420
-4.1550
-8.4101
-5.0621
-1.5470
-2.7583
0.7297
1.9141
-0.5330
-0.1306
2.2617
0.6509
-1.8404
-0.1746
1.6379
0.0492
-2.0083
-5.8007
-3.4712
-0.9556
-1.9808
-2.0038
0.7670
-0.7818
-2.2311
-3.1966
-0.6629
-0.1128
-0.1753
0.0630
-1.1432
-0.4763
-1.5085
-4.3338
-4.3945
-3.0975
-0.7889
1.1773
-1.3845
-0.6646
1.2611
1.4268
-0.0692
0.2453
-2.5366
-2.1015
-1.8952
2.9736
4.6441
-0.1179
-4.3507
-2.3856
1.3335
1.4579
-0.7654
0.0019
-2.5242
-0.2272
1.3075
0.5998
-6.2103
-5.5341
-8.9229
-3.3547
-0.1996
-5.0154
-8.1340
-4.2781
-3.4328
-1.4885
-4.8080
-4.7335
-1.7175
-4.5013
3.3646
-2.7313
-6.5698
-8.7130
-9.9908
-4.2449
-0.6110
-0.5176
-0.7706
-4.0341
2.4504
7.4113
6.4044
5.7036
7.7248
10.2392
8.4944
3.5879
6.0218
7.7994
5.1229
-9.2281
-8.3175
-7.7358
-5.8081
-1.3516
2.4702
-1.8078
-5.2316
-6.7307
-4.7088
0.1073
-1.5000
0.8423
0.8304
-0.2711
-1.0490
-0.3768
0.8573
1.9403
-3.3787
0.9195
-0.6067
-0.0218
-3.8231
0.4169
-0.0642
0.8517
2.1279
3.1649
0.0986
-4.1288
-7.9204
3.8783
8.2833
6.4991
-4.4220
-3.8988
-1.9368
0.4349
0.0317
-1.1054
-0.3788
-1.8200
-2.3122
-1.3729
-3.0667
0.6340
-0.1998
-2.2033
-2.5857
-0.9666
0.1081
0.6082
0.6266
0.8695
1.5511
-2.3809
-2.4814
-1.6643
-3.3920
-1.0468
-0.1047
-6.5679
-5.0080
-0.8898
-0.2231
-3.7375
-4.5420
-3.0636
-1.4658
-3.1138
-3.8137
-6.0341
-5.2809
-3.9575
-5.5173
-4.9819
-1.7310
-0.7395
-0.5717
-0.6605
-0.9993
-1.2148
-2.2875
-2.4922
-2.0628
0.6676
-0.1916
-0.2809
-0.1551
1.1520
0.0422
1.2914
9.4762
9.9881
5.3898
4.0860
1.1594
-3.5167
-5.0280
-3.6812
-1.6419
0.8735
1.3225
-2.1003
-2.1371
-8.6726
-12.9316
-11.6596
-11.3497
-8.8272
-2.2511
0.6620
7.7329
4.5694
2.6608
4.4619
1.8833
-3.4067
0.9712
7.9846
0.1928
-8.8260
-11.6531
-12.3065
-6.4115
-1.9581
-6.9855
-7.3872
-2.5422
-2.7288
-6.2476
0.3888
1.5898
-0.2843
0.9279
-0.2869
2.1085
2.5248
3.2505
4.4738
2.6156
4.7711
3.2860
1.7570
0.4130
-3.2075
-2.0247
0.5831
0.8251
2.2630
1.4092
-1.3490
-3.2357
0.5975
-0.1313
-2.6634
0.3184
1.9101
2.5176
3.7490
0.8705
1.7259
-0.4335
-2.2066
-2.7809
-0.7069
-1.6250
0.6588
3.7238
2.3260
0.2276
-2.2443
-3.8869
-2.2988
-3.3387
-2.2850
1.4783
4.7796
3.2166
2.9184
0.2655
-0.5215
-0.5327
2.8801
1.3308
-1.7273
-1.5248
-1.2989
-0.8564
-2.8544
-2.5494
-3.6074
-7.4010
-9.6584
-10.3290
-9.5287
-9.2001
-6.2482
0.1702
1.3239
-1.2824
-1.9526
0.6933
-0.7006
-0.5557
1.4550
-0.6505
-3.8882
-3.6798
-3.7385
1.5104
-6.3813
-8.4180
-12.6417
-7.9593
-2.1539
-0.6773
-1.9876
-0.6455
-1.3381
-4.4852
-10.8193
-9.1253
-12.0604
-8.3413
-8.9042
-6.1312
-3.0270
-0.0177
-0.9631
1.4860
0.1405
4.7252
9.1893
3.7026
-0.2931
-0.1966
0.0546
-6.9054
-9.7240
-11.3478
-10.0789
-4.8413
-2.6376
-11.1654
-16.7071
-10.5818
-6.3905
-9.9740
-13.5684
-9.5921
-6.0193
-4.9507
-0.7854
-0.1968
-0.0659
0.7600
1.0027
-2.0164
-1.8641
-3.0487
-2.2362
-1.8775
-3.4831
-4.9145
-2.3305
-2.2912
-1.4758
-1.7623
-0.9654
-1.6318
-1.0491
-2.0934
-2.1062
-0.1773
-0.9627
-1.5330
0.1682
-0.9132
-3.8232
-6.2256
-6.1319
1.9424
3.0064
2.6525
-0.0577
-0.0106
-8.8299
-5.0324
4.2869
-0.3979
-5.8420
-6.7637
-6.7088
-9.4282
-10.2827
-7.4134
-6.4506
-3.0071
-1.4920
-2.7913
-7.0205
-3.5186
-2.9741
-3.5309
-6.5162
-7.0825
-7.0385
-5.3636
-4.1979
-3.0847
-6.1584
0.2012
6.8674
6.9877
3.2398
3.1689
-1.3782
-5.7057
-11.0951
-9.4089
-5.8348
-4.1438
-0.9232
-1.2465
-0.4782
-1.9189
-3.4264
-1.4554
-0.1399
-1.7675
-4.3401
-7.3527
-4.4379
2.4244
1.2205
2.3409
9.2658
9.3749
5.6034
3.1104
3.6238
1.1818
-3.4141
-3.1548
-3.4108
0.4443
1.2529
-0.8277
-0.8931
0.4510
-0.3622
-3.8770
-2.4822
-1.9695
-1.6780
-0.1920
-0.8343
0.0066
-2.2042
-4.5822
-3.9039
-1.4423
-2.6846
-2.3879
-2.1711
-2.0229
-0.4520
5.0317
2.1080
-0.7579
2.7424
4.3497
4.4436
2.3228
-2.4430
-2.5801
-0.8552
2.3366
-0.8473
0.4629
-2.8602
-2.7977
-2.9119
-3.0917
-4.9835
-5.6626
-0.0654
1.2489
-0.2188
0.3654
-0.5038
5.5495
9.0118
6.5428
5.5001
5.7345
3.9237
-0.5350
2.7690
1.6528
-1.8037
-3.6087
0.5045
1.2066
0.7755
-1.0470
-7.3955
-9.9611
-12.7156
-10.1261
-1.9993
-4.9742
-6.5574
-4.0710
0.6374
7.3346
0.4899
-5.3709
-2.7485
2.5089
4.9833
7.0528
9.3382
4.8954
1.1893
-4.8066
-4.4660
-7.6345
-7.2134
-3.9714
-1.0001
-1.8363
-3.0872
-1.3874
0.5445
-2.2959
-1.3242
-0.2321
-0.5897
6.0646
-1.3812
-2.8000
-1.7855
1.7097
-0.6403
-2.2649
-1.1058
2.2088
3.2235
0.3081
-2.7172
-1.0617
-2.2071
0.5451
0.0281
-3.5817
-5.1838
-2.9375
0.4904
2.3229
1.2007
5.4341
10.1800
10.5446
7.3929
4.8881
4.2536
4.6277
11.2628
16.0432
14.3133
7.4936
1.6640
4.3229
6.7175
4.3401
1.1711
1.3548
-0.3711
-1.3051
-1.5544
-3.8017
-3.1663
-3.5641
-2.1379
-2.1348
-0.1582
-5.6536
-4.2615
-1.3341
-1.7963
1.7332
-2.7472
-5.3434
-7.6333
-11.0136
-8.7382
-7.7199
-5.1143
-4.1151
-3.3910
-2.9424
-2.9108
-7.5696
-11.3091
-11.3697
-5.6096
-5.9020
-8.9646
-4.3265
-4.9325
-5.5353
-0.4102
3.1872
-6.8361
-6.8940
-5.6887
-6.5045
-7.6395
-7.0276
-5.7727
-5.5041
-2.8680
-0.4394
1.4301
-0.6104
-1.4874
-0.8614
-5.3457
-12.9028
-12.5269
-12.1271
-8.2779
-2.8955
-3.7118
-4.5354
-6.5885
-4.6138
-11.1912
-12.3934
-7.0617
0.2664
-0.4381
-0.0062
-0.9267
-2.2127
-0.8830
-0.0162
-0.5174
-2.0479
-1.8763
-2.0753
-0.1381
-1.5954
-6.5398
-7.1857
1.7733
2.9636
-0.9539
0.3512
0.6316
-0.8596
1.9806
1.8403
0.5653
-0.2329
1.9905
4.3613
-0.1758
-1.8796
0.7170
3.1922
-1.7410
-3.4287
-4.0061
-2.9336
-2.8054
-1.4015
-3.1029
-2.8325
-3.5780
-2.2775
-0.0826
-0.6888
2.1072
4.1965
4.3532
1.7151
2.7719
3.7310
0.9355
-3.3007
-0.4671
0.3808
-1.8815
-2.1299
0.5722
2.1614
1.0562
3.3204
6.4800
8.5327
9.8876
7.5200
0.8907
-2.6806
-5.3114
-0.9906
-5.5751
3.2513
2.6223
-6.8467
-12.3179
-12.7928
-10.2675
-6.8971
-5.4261
-3.5927
-1.7968
2.3384
3.7660
5.3286
9.8657
12.9729
10.0003
9.6960
9.6218
4.6908
3.8592
-2.7252
-4.2794
-0.5795
-1.3548
-0.7991
1.6092
3.6398
4.6426
6.2078
5.3531
-0.7616
-5.3003
1.4180
0.9537
1.7794
5.6164
1.6671
-5.8276
-7.9261
4.4132
8.8541
9.7417
-0.9727
-14.0715
-17.2841
-19.2221
-12.5667
-7.7177
-9.9773
-12.5336
-16.2231
-15.2546
-10.5156
-9.8314
-10.1225
-5.9526
-1.2406
-3.3361
-1.3340
-3.8631
-7.7022
-6.1760
-2.7967
-0.4856
3.3679
2.1832
-3.5121
-5.0049
-2.8257
-0.6789
-2.9062
-3.6353
-0.5329
2.1857
0.3886
-3.1217
-2.2459
-4.0030
-3.1319
-2.2549
-0.6471
-0.6466
0.5076
0.0430
1.3288
-0.0691
-0.0986
-1.2469
-1.8742
-1.4083
-3.2497
-2.2701
1.4910
-0.6271
1.2952
4.9644
3.0173
0.3098
0.7706
1.3664
-1.6778
-3.1187
-0.9294
-0.5542
-1.3872
-4.3116
-3.0943
-4.4227
-4.1122
-4.4311
-4.0058
-0.2572
-2.1729
-3.1035
-4.9253
-2.1428
1.7631
0.4716
-0.2636
-1.2774
-0.4093
-1.6719
1.1112
0.2173
-2.4803
2.9209
2.6955
1.2053
1.7603
5.9888
3.7169
1.4208
-1.5273
-4.3795
-9.9247
-7.7516
-9.0867
-7.8884
-2.3646
1.1660
-0.1247
-2.4313
-2.3377
-0.6313
1.5017
0.3149
2.2208
3.0953
2.3317
-0.1030
-0.8728
0.8093
3.0334
6.6435
4.0894
-0.7877
1.2118
2.3846
2.1169
3.3933
-0.6182
-0.3906
5.1317
6.5063
2.2197
0.1940
0.7632
-0.6809
4.1364
2.4547
1.5781
5.1246
10.7583
7.3008
3.8214
2.9210
5.3766
8.3084
5.3615
2.1155
0.5005
0.5317
4.3406
7.3824
2.0123
1.2493
-0.1185
0.5784
-2.0242
-2.8722
-0.3868
1.4963
-0.9506
-4.7458
-3.2927
3.1256
0.9561
-6.6412
-10.8226
-8.1805
-8.9148
-3.6932
1.7934
0.5994
1.9002
-1.8523
-6.2201
-5.6278
0.8746
3.3742
-3.5618
-4.0478
-3.4724
-1.4379
1.2302
-0.4171
-4.4145
1.4706
-1.3195
1.1835
-1.8198
-4.9968
-3.4550
-1.4391
-1.4492
0.0287
4.8098
4.1675
5.8271
8.6960
8.0006
4.4639
6.9079
8.8592
4.2199
0.6932
-0.6791
-0.4728
1.0968
1.9250
4.3830
2.7925
1.4047
0.8848
2.2205
-3.2329
-6.7435
-3.5958
-4.0089
1.7387
6.4613
6.7665
1.8936
0.7183
-2.2222
-3.9189
-0.4933
-1.8124
-4.7303
-6.3724
-4.5805
2.1194
6.8455
9.0338
1.8858
-1.3733
-1.1099
-1.6142
-4.5534
-8.3997
-4.7052
2.6123
-1.5628
-3.8761
-2.4770
-5.4969
-8.7831
-10.4639
-6.1052
-5.3441
-3.0138
0.0012
1.0301
5.3916
3.1080
1.4734
-0.1324
0.0243
0.3081
3.1912
6.9852
5.7726
-0.2905
-3.8539
-3.7762
-3.1734
-2.6946
-0.4203
-2.8605
-3.2207
3.6840
10.4699
8.3769
0.2971
2.0026
3.1006
1.3955
1.2564
-2.6936
-7.7729
-4.4250
0.2353
2.2556
9.7547
7.9706
5.6525
5.5479
-0.5166
3.6780
0.7341
-8.7020
-3.0694
1.6716
0.2848
-3.1569
-1.2268
-1.6511
-5.6673
-8.7357
-7.9151
0.3133
8.2131
8.8951
7.7813
4.0685
3.4832
-0.6266
-2.5662
-1.2617
-0.3852
-1.0737
-4.0353
-2.2789
2.4172
5.6035
6.0272
8.4864
3.4019
-2.6208
-2.5324
0.8319
-0.3297
0.5253
0.7807
-0.0347
2.1107
-3.4415
-8.0398
-9.2785
-6.0118

Coefficient 34:
0.5950
5.6346
9.2174
7.3619
-0.7812
-1.5607
-4.1908
-3.1829
-2.2785
-4.3524
-4.9413
-1.7499
-2.6245
-5.0979
-4.1752
-2.0100
-5.9590
-6.1941
-3.5324
0.2364
-0.2193
-0.4902
-1.3563
0.3422
0.8213
-0.0639
-1.3869
-1.0840
-1.4459
-2.1429
-5.7304
-5.7537
-3.6751
1.2231
2.3131
2.1523
0.8823
0.6705
-0.3283
-0.9141
1.5384
1.5357
-1.6506
-1.8580
1.1531
0.0812
-1.3417
3.3673
2.4582
-0.6551
-2.6030
-3.4872
0.0219
2.2016
0.0546
1.0596
0.4640
1.1228
3.3386
3.6620
2.6343
-1.5969
-3.1126
-5.2910
-2.9536
0.9219
-1.6873
-4.5340
-5.8277
3.7005
7.4793
-0.2223
-3.6259
-6.5639
-5.4877
-4.0224
-1.9436
-0.1863
-4.2090
-3.5554
0.9130
-2.6001
-4.3568
-4.7449
-3.3450
-4.2164
-5.9782
-7.1410
-12.8425
-13.0467
-7.1228
-4.4990
-3.9435
-5.8523
0.7036
4.9134
2.3108
-4.2937
-12.5496
-11.7154
-5.0006
-6.7280
-7.6042
-8.5207
-4.5517
1.7567
-1.5543
-5.7085
-11.4966
-7.7304
-8.6952
-8.9952
-5.8708
-2.6851
-11.3363
-22.2523
-21.1601
-15.9302
-13.0326
-14.0705
-10.4324
-4.8355
0.4449
-0.2941
-3.7594
-7.2876
-8.1547
-4.8361
0.6194
4.6768
-4.9826
-8.0924
-6.4629
-3.0007
-3.4319
-5.1676
-8.1954
-14.1699
-16.0747
-8.3713
-4.9013
-10.2235
-10.3011
-5.5475
-3.5368
-10.7299
-11.4883
-12.7166
-9.8999
-8.5239
-7.1632
-6.0729
-6.6555
-8.6448
-6.5276
-5.8957
-4.9522
6.0998
11.1278
-0.5291
-6.8930
-4.6443
-4.9593
-1.4217
-1.2697
-4.3099
-3.8948
-2.0007
-2.7135
-0.2894
2.5063
1.1419
-0.1922
1.8818
1.0529
-1.6098
-0.4776
0.8764
-0.0489
-2.3290
-6.1140
-3.4364
-0.4254
-2.2179
-1.7601
1.5162
-0.6555
-1.9965
-4.5537
-2.9255
-0.5077
2.0807
0.8436
-2.1777
-0.5725
-1.0175
-4.6934
-5.2689
-3.5190
-1.3736
0.5993
-1.6081
-3.1770
-1.9998
-0.5951
-2.3973
-1.4383
-2.6536
-1.2920
-1.5419
2.5214
4.5792
-0.9766
-3.9355
-2.3524
0.3753
-0.5603
-2.2696
-0.2062
-3.0461
-0.3970
0.3274
-4.8342
-6.8382
-7.0134
-3.6116
3.5359
6.4289
2.8215
1.1886
-1.7314
-4.1138
-8.6247
-8.4547
-8.7242
-8.0613
-2.2857
0.6314
-3.7980
-3.6654
-1.3870
1.6458
-3.1386
-9.6334
-9.2308
-6.7935
-8.9849
-8.0649
-1.6689
2.6902
1.6821
2.4435
-0.3442
-1.5014
-2.6484
-1.9099
-0.9294
-2.6556
-12.8572
-5.1468
-3.2434
-3.1487
-5.8698
-6.1560
-3.6199
1.8175
-3.0240
-6.7407
-7.7622
-7.5444
-5.0561
-6.9924
-10.5439
-6.5897
-6.6682
-4.1138
-2.4749
-4.4182
-1.7012
-1.6926
-4.0948
-6.2946
-1.6603
-1.2007
-3.9517
-6.6748
-4.4506
-4.0635
-2.0251
-4.9373
-1.2372
-2.2054
-3.0569
-8.7364
-5.7353
-4.4611
-2.8922
-1.3597
-0.8661
0.6964
0.2606
-0.0190
-1.4815
-2.9171
-0.1297
-0.8745
-2.8551
-2.6901
-2.3637
-1.8167
0.6992
0.2516
-0.8420
0.4303
-2.7891
-1.8211
-0.8399
-2.6632
-2.1607
-2.4166
-4.6535
-1.4190
1.2523
-0.2891
-3.3390
-2.5363
-0.2964
-1.3955
-2.4485
-2.1874
1.6883
5.0723
5.1939
3.5919
1.6122
-1.8254
-1.5733
-2.6537
-1.8664
-0.5880
-2.2193
-2.3299
-1.2351
-0.7873
1.1345
-0.8976
-0.7048
-0.7334
0.7264
0.0485
-0.7660
6.0688
7.8343
3.4469
1.6912
-0.3122
-3.8310
-3.6799
3.3409
-5.2167
-12.8710
-15.7992
-13.6327
-10.9942
-17.0819
-24.8045
-18.2426
-10.1580
-8.2639
-9.4650
-10.6591
-5.4057
-6.2599
-1.1394
-2.4942
-5.5550
-2.7302
-5.0200
-4.0711
-7.7376
-10.1440
-8.5338
-5.4601
-6.3275
-4.7082
-9.2490
-9.1884
-6.4260
-7.7485
-8.0139
1.1013
9.7944
8.3546
0.4100
-2.4775
-0.2775
-4.2139
-7.0982
-4.7920
1.8775
4.5493
2.9610
-1.2376
-2.1328
-4.1380
-2.6358
0.5752
2.7249
2.7929
-0.0009
-2.4769
-4.1713
0.3360
2.9914
2.9364
4.2265
4.8229
2.9513
3.6750
1.9265
1.4162
-0.4962
-1.8578
-3.2363
-2.7723
-2.3444
-0.2468
3.0150
1.8643
1.5784
0.8255
-2.2000
-0.6774
-3.1262
-3.4666
-2.4429
0.9557
3.0291
3.0711
1.2260
1.1196
-0.8854
0.8356
-0.1978
-1.6188
-1.0182
-1.8333
-1.2822
-3.3236
-0.7049
0.2432
-2.9004
-6.8776
-7.7606
-4.9420
-1.9024
-0.5374
1.1024
0.7926
-1.3788
-2.6698
-1.7850
-0.8584
4.9134
1.7471
-1.6299
-3.6126
1.0907
1.1640
2.6812
-3.8824
-4.8825
-12.7954
-11.6254
-3.8226
-0.9874
-4.2994
-1.3756
2.0911
-0.0590
-9.9354
-4.7419
-1.7139
-2.4844
-3.4661
-4.1141
-5.7325
-9.9992
-15.3061
-14.5860
-8.9997
-4.3857
-5.7569
-9.1052
-7.6770
-4.6939
-1.5441
-6.6790
-6.3817
-7.8487
-7.2282
-6.5335
-6.9328
-8.6530
-9.6154
-9.9594
-12.7505
-14.2812
-9.2794
-0.5601
5.8856
8.8786
8.4444
6.5704
5.6358
3.4099
2.2292
1.7686
-0.8141
-2.6170
-2.3261
-2.7715
-4.1066
-5.2065
-2.6924
-2.5644
-1.6884
-1.3040
-0.9812
-1.6435
-0.2558
-1.2393
-2.0224
-0.0895
-0.9232
-1.2035
0.3956
-4.1020
-4.4205
-3.6757
-4.0511
-1.4814
0.4263
3.0808
5.0627
3.6189
-5.7526
-8.3153
-0.3445
2.6363
6.9417
2.5116
-3.3410
-4.5047
-7.9665
-1.1914
-2.1380
-8.8603
-11.5725
-4.1442
-6.2482
-2.0105
-5.4375
-10.7343
-13.8089
-9.8269
-9.2176
-10.8082
-11.2450
-9.1250
-7.6230
-1.1216
7.2884
11.3187
7.1468
4.0788
1.0833
0.4461
-1.6078
-0.4826
-1.7241
-4.5990
-1.7958
-0.6569
0.8943
0.4805
0.3673
2.0960
3.0712
3.2714
5.5229
1.0028
-0.3574
6.8226
6.4207
5.9826
12.1362
11.9319
5.4812
2.9368
0.6363
-0.1214
-1.9135
-1.9734
-3.1925
-0.2931
0.9693
-0.3212
-1.1412
-0.5206
-1.2297
-3.5178
-2.6655
-3.1517
-1.6910
0.5334
-0.7193
-1.0678
-2.2417
-3.1433
-1.3927
-1.0440
-2.9071
-2.6906
-1.8319
-2.5767
-0.7657
2.2741
0.6995
1.3222
4.6960
2.0579
1.1915
2.9310
2.9149
2.5117
0.8714
4.2658
3.5002
0.3453
-5.3842
-4.0574
-1.6752
-3.2012
-3.0543
0.2838
1.8755
3.0581
2.1532
-0.9755
2.1630
8.0297
9.3972
2.8959
0.7527
5.1325
3.2093
-2.0961
1.7907
0.7188
-0.6911
-1.1569
2.4156
2.5407
-6.9650
-9.2621
-10.3003
-8.2979
-3.8116
-5.8044
-2.5432
-5.2213
-9.0675
-5.9536
-8.5211
-8.4140
-6.8319
-7.0804
-6.3560
-0.2692
0.4365
1.1978
5.6235
2.3021
-5.0992
-4.3328
-5.9678
-5.2627
-5.8819
0.4958
4.9435
-1.6454
-3.6040
-3.2221
-4.3186
-3.0258
-5.8094
-3.1167
-2.5635
-7.7877
-10.5126
-11.6062
-12.1858
-9.0543
-3.8466
-3.7998
-6.2820
-8.2130
-2.4316
-0.3146
-3.5499
-3.4178
1.7053
3.6025
2.6854
1.2115
-1.6493
1.2048
-2.5379
-9.5554
-18.1431
-20.7843
-15.8076
-14.7329
-17.4417
-22.3632
-22.3370
-5.5560
-1.5680
-1.4498
2.1371
2.5831
-0.8616
1.7929
6.7082
3.1886
-2.5983
-4.4217
-1.7859
2.2846
1.6581
-1.7290
-3.0065
-4.4515
-1.7052
-1.3376
-2.7614
-1.4672
-1.2157
2.3908
2.0919
5.5513
1.2158
-3.0747
-2.8797
-3.9208
-4.1997
-5.1398
-4.8145
-5.3835
-9.3210
-3.1803
-6.7626
-9.3184
-8.0482
-4.9336
-2.9240
-5.5388
-10.4251
-7.4552
-4.1055
-4.8760
-2.5695
1.4804
-4.8713
-9.3461
-9.1197
-10.1679
-8.2940
-5.3903
-6.3495
-5.3251
-4.3743
-7.9782
-6.8270
-5.2739
-10.3254
-11.1157
-12.3765
-9.7537
-5.5274
-3.6102
1.6167
-1.5461
-2.8112
-4.3658
-7.9408
-2.5705
-2.7864
-5.2624
-1.6175
3.3453
1.6734
-0.0307
-1.2053
-2.8506
-3.0245
-1.8367
-0.6907
-1.9512
-1.9539
-2.4046
-0.8809
-0.6482
-3.9781
-4.9634
-3.6965
-5.2197
-3.9484
-1.8353
-1.7342
-1.5293
1.7909
3.3737
2.7161
0.5736
2.1924
3.8210
0.3666
-2.4355
-0.4490
1.5204
-1.2736
-2.8371
-3.2566
-3.1845
-3.7035
-2.6578
-3.6501
-3.9193
-4.0191
0.1553
2.9324
1.1095
3.0476
2.6013
1.5218
-0.0311
2.9535
3.6617
-0.4482
-6.3870
-3.0644
-0.7496
-2.3856
-3.6638
-0.5165
2.8419
2.1153
5.8817
5.5691
6.7102
7.9926
11.7502
5.7084
-2.3418
-1.2013
4.7616
3.3743
-6.6247
-7.7794
-10.5248
-18.3606
-24.5948
-26.7366
-25.4743
-24.5923
-24.9368
-25.3712
-24.6178
-23.2786
-21.3070
-20.6186
-16.1976
-10.8149
-12.0435
-11.0896
-9.1616
0.4055
-0.9020
0.1205
-3.6491
-5.8522
-0.2277
1.0483
-0.4742
-1.5582
-2.7827
-0.8143
-3.7836
-4.5583
-1.3329
-0.6010
-1.1961
1.9561
1.9657
-2.9777
-3.6588
8.0855
14.7644
20.4533
18.8959
4.6293
-5.5108
-7.4243
-2.7325
-3.7995
-7.4777
-5.5949
-2.0454
3.3520
-6.8362
-14.0968
-8.4119
-5.8250
-6.5430
-12.7220
-11.9451
-6.4981
-2.1267
-1.8705
-3.9483
-6.0785
-2.9228
-0.4594
-0.8803
3.0201
8.8663
12.5856
6.9094
-0.3568
2.6999
-0.1206
-1.6554
-4.3357
-2.9934
-4.4241
-2.2414
0.3025
-0.4352
-0.6197
0.4479
0.1032
1.2337
-1.2552
-1.2871
-1.0297
-1.3118
-1.3110
-2.7990
-1.6321
1.1324
-0.0772
1.0359
4.5849
2.8480
-0.5514
-1.5277
-0.1439
-2.4965
-5.0433
-4.0915
-4.1546
-3.5930
-6.2951
-5.2062
-2.8140
-0.7884
-1.6263
-2.4487
-0.1889
0.6466
3.3443
2.0503
1.6536
2.8789
0.9147
0.3009
-0.3379
-0.5496
-1.9620
0.3475
0.2338
1.2457
3.4359
5.3598
6.7371
11.0221
15.2498
14.6843
13.2723
13.9290
14.1099
11.3091
8.6255
5.2818
3.7904
1.9882
1.3193
0.8064
1.3938
-1.3958
-1.9734
-1.9826
-1.4794
-1.0567
0.0536
-0.3499
-2.9715
-4.4963
-1.4595
2.2742
5.5004
4.2133
2.8154
5.9935
5.3776
4.5544
8.2113
2.2783
5.9695
12.6335
11.7431
9.8609
8.7308
12.0552
12.3010
10.0248
6.6984
3.7335
2.3484
-2.8301
-6.3126
-9.8876
-9.3133
-5.2160
-1.6255
-2.0968
-0.5901
2.6618
4.3119
8.3593
9.8936
5.0979
2.6587
1.0673
0.4050
-0.6290
-1.1790
-0.0156
0.5470
-0.0162
-4.4978
-4.0458
-1.3722
-1.0106
1.9529
4.3748
3.2101
4.2298
5.2664
3.1283
2.8181
1.4764
1.9003
3.2421
-3.0019
0.4843
4.7035
8.3529
9.6373
9.1966
4.7258
-0.4576
-0.3956
1.1021
6.3796
10.3911
10.6444
10.5626
6.5278
5.0695
5.1853
-0.0284
-5.0782
-3.1442
-2.8446
-8.7671
-14.0235
-9.1121
-5.2986
-3.3725
-4.2471
-0.9769
-1.1210
-2.7025
-1.1129
0.2602
2.4115
6.5947
3.2617
-0.0837
0.7105
2.0299
-2.6667
-5.7443
-4.0452
-4.8252
-1.2074
1.7056
3.9500
1.1083
-2.7415
-4.3283
-2.4880
-3.2764
-3.9903
-5.9744
-3.1740
2.0423
2.0096
5.9895
9.0863
10.1724
11.0421
8.5177
7.7667
6.9174
2.3151
3.7351
5.2064
4.9589
3.4832
2.0895
1.0141
-2.1128
-3.2612
-2.3158
-2.9177
-2.2907
-0.3597
-0.1488
5.5291
6.1397
5.4792
3.2047
1.4091
-0.8181
-2.5888
-2.2505
-0.7221
5.3794
10.2547
11.4910
13.3003
8.9564
7.9807
7.9432
8.2550
7.7184
7.8269
7.9897
4.9356
1.3885
-3.7926
-4.9413
1.9465
1.8037
0.8543
-5.0327
-10.5619
-16.3806
-11.3354
-8.9260
-9.4568
-9.9686
-8.5666
-5.6401
-10.4358
-9.9156
-0.2925
2.4685
2.9566
4.9323
1.6445
1.1115
0.6356
-1.0531
-1.0779
-1.1842
-3.0163
-1.5079
-0.5722
-3.2708
-0.2719
-4.6995
-3.5328
-3.6872
2.8232
8.1176
4.1071
6.8305
9.4985
7.9131
6.1741
11.1888
3.4257
-3.6070
-1.2836
4.6771
3.8559
3.0050
0.0466
-2.4682
-1.1963
-0.6022
0.2627
1.7905
1.4756

Coefficient 35:
0.5562
0.1187
2.3293
6.2642
5.6200
0.0314
-4.1045
-4.0594
-2.3132
-3.8666
-4.1493
-1.6884
-3.1701
-3.9975
-3.9624
-2.7217
-1.9981
-0.9760
-2.5343
-10.9088
-11.6875
-6.8264
-13.7083
-14.8333
-11.7509
-5.4522
-0.2194
0.1953
0.4488
-2.2642
-6.6644
-5.3854
-1.6235
7.1874
8.5175
6.8904
5.9872
0.4865
-1.6830
-1.1367
0.3569
-1.0238
-5.2706
-5.9043
-4.0886
-1.9412
-0.1125
0.4796
-3.8988
-6.9692
-6.1625
-1.3149
5.6492
2.9491
0.8512
-2.6960
2.8961
1.9907
4.3371
4.8924
6.3531
-0.2885
-4.7821
-5.2177
-3.1818
0.9117
0.8373
-1.5184
-6.2545
-3.7463
-1.1295
-1.5911
3.5463
1.3769
0.1963
-0.0669
2.5916
-1.9545
-8.3908
-2.9768
-1.6166
-1.2044
0.3684
1.1223
-0.2380
-4.9362
-7.5930
-4.3724
-2.2491
1.7247
5.1547
6.6696
0.3212
-2.8036
-4.0206
-2.2528
-6.6137
-5.1118
-5.2274
-5.5839
-1.9518
1.0223
5.7283
7.6163
8.4795
4.3710
-6.3356
-5.1911
-2.7784
-5.1360
-5.7621
-4.8477
-3.8307
-1.0854
5.3240
0.8570
-1.5583
2.2645
6.9337
3.0128
-4.6727
-2.0538
1.1597
3.9367
2.1480
1.1688
5.3451
2.4208
-3.8436
-7.6533
-5.7496
-10.5294
-10.1975
-3.9058
-0.7024
-2.5453
-3.1267
-3.5218
-6.7447
1.7093
4.3063
1.5770
1.3141
-0.5036
0.3228
-7.8288
-6.1311
-5.1605
-7.5607
-15.2241
-14.0190
-12.9763
-11.0755
-10.9503
-14.3163
-16.1588
-10.3843
-0.5832
4.7091
1.2944
0.6624
5.2336
3.6204
5.0851
6.4712
2.9409
1.1485
0.7647
-0.6693
-0.9249
2.4119
2.3670
-0.1076
1.4122
1.1957
-1.4483
-0.8372
-0.0917
-0.2130
-2.5678
-5.9447
-3.1969
-0.2288
-1.9735
-0.9255
2.2362
-0.4312
-2.0157
-4.9567
-4.8546
-1.3535
2.7066
0.2093
-3.3284
-0.7905
-0.8627
-4.7173
-4.7029
-3.4324
-1.8554
-0.4307
-1.8208
-5.1286
-5.1897
-3.9002
-4.8187
-3.0094
-2.6061
-1.7303
-3.1618
0.8514
2.7709
-2.1950
-3.9085
-3.2571
-1.2275
-2.2744
-2.1292
-0.2784
-3.4864
-1.5181
-1.4398
0.1382
-4.3142
-8.2630
-7.9083
-7.7705
-6.9844
-1.9215
-3.0389
0.1423
0.3979
-1.2221
0.5600
-0.9858
-1.7059
-2.9609
-4.5126
-8.6106
-11.4641
-9.9415
-5.6185
-1.9325
-7.2488
-8.6245
-4.5417
-2.2548
-5.0628
-7.7090
-5.4260
-3.2389
-4.5552
-8.7280
-4.0082
-2.8390
-6.4597
-8.6194
-11.2439
-10.5442
-9.8366
-9.1145
-1.0645
-0.3328
-3.4820
-5.0575
-5.8818
-8.4338
-0.6061
-2.5755
-0.1455
4.2864
2.4221
-1.0924
-6.1433
-9.1065
-8.8807
-5.0856
0.2994
3.4914
2.0817
-5.6557
-4.7349
-3.0056
-2.3727
-5.0530
-4.3523
-1.2549
-2.1949
-3.2790
-7.1217
-8.8032
-6.2800
-7.3138
-13.8334
-13.0787
-9.5702
-2.8806
-2.5143
-1.0141
1.1812
-2.1405
-3.2140
-3.2337
-2.9430
-1.1745
-1.8495
-3.2558
-2.8315
-3.2319
-3.5903
0.4875
-0.1935
-1.8236
-0.4939
-2.6013
-1.0804
-0.1884
-4.4986
-4.6083
-3.9827
-0.3177
3.6520
3.7929
3.2696
1.4236
1.4878
2.5821
-0.4116
-2.1740
-3.5838
1.0792
5.4362
5.9684
4.7865
2.5257
0.8081
-0.0622
-4.1147
-2.0775
0.2564
-3.9605
-3.7426
-0.8210
0.0343
1.2673
-0.6952
-0.6134
-0.9380
-1.0468
-1.0721
-3.5325
-0.9645
3.1061
2.0625
-0.3280
-1.5542
-3.7092
-0.6194
1.6275
-0.3752
-7.7713
-10.7987
-4.8040
-6.0869
-9.1785
-16.1029
-17.4208
-13.5188
-12.9534
-9.2697
-5.8410
-3.4089
-4.7677
-3.6255
-3.7069
-0.3431
6.3835
0.9459
-3.6248
-7.8893
-7.5522
-8.9050
-5.3357
-2.0690
1.4708
0.8675
-3.6953
-3.8427
-0.3264
2.8646
9.5046
7.1138
3.0053
-0.0223
3.7305
5.8035
6.2587
7.2810
4.6561
7.3656
2.7453
-1.5012
-5.9180
-3.8320
-2.1005
-0.7415
0.8419
2.4401
1.6115
-1.3176
-3.1411
-4.3007
0.1444
2.5311
3.4515
3.1402
3.8430
0.5965
0.7313
1.7640
0.8066
-0.5885
-1.1326
-2.4719
-3.7133
-1.9140
-0.5420
1.8677
0.7374
2.6526
2.9511
-0.4440
0.8487
-1.8228
-3.8904
-5.2811
-2.1888
0.8820
2.3298
2.0172
2.4406
-0.1289
-0.5102
-1.3391
-2.3793
-2.4272
-2.9425
-2.0403
-2.9044
-2.3588
-0.4631
2.8719
-1.2018
-2.6735
-1.0550
1.8871
2.6875
1.5961
-1.1033
-2.6536
-2.7464
-2.3160
-0.5294
2.4617
2.9579
1.7794
3.0470
6.4927
4.6292
5.0818
-9.8712
-9.9375
-6.6908
-4.6766
-2.5022
-3.8990
-4.4052
-4.3924
-6.2255
-7.4897
-9.9986
-9.8741
-10.1567
-11.2171
-9.7743
-6.9579
-1.6407
-11.0076
-12.1914
-3.4187
-3.0953
-2.8159
-3.7101
-5.6313
-1.4660
2.6495
1.0315
-7.3937
-16.4267
-15.6148
-15.3384
-13.5144
-12.9061
-10.4580
-10.3999
-9.7128
-9.7236
-10.0305
-12.1545
-8.1470
2.0279
8.6024
9.8049
7.9256
4.0593
2.4559
2.9361
4.0031
-0.1792
-2.0952
-2.2364
-3.3846
-4.3460
-4.8141
-2.7100
-2.7543
-1.0896
-0.8050
-1.3889
-2.2360
-2.5514
-4.0014
-2.6210
-0.3787
-0.7904
-1.8571
-0.6366
-4.7041
-9.1939
-6.9174
-4.8763
-5.5649
-3.8575
-4.2583
-3.9051
-7.3597
-7.4428
-13.1305
-2.0961
5.9608
8.7196
3.4143
-1.9344
-1.8627
-1.6168
6.7741
9.7348
-0.6396
-7.9139
-7.1561
-7.7218
-8.3893
-4.5536
1.5246
-0.0032
0.5040
-0.1729
-2.9566
-1.4866
2.2486
4.0753
6.9768
13.2911
17.8111
12.6294
7.8946
2.1449
-1.2295
-0.4800
1.4765
1.6993
-1.5524
-0.1089
-1.8552
-3.0523
-2.6549
-6.0676
-7.1731
-5.9722
-6.6627
-8.1546
-10.8264
-8.3456
-1.1856
2.4459
2.1663
4.7279
3.9015
-0.2697
-0.5564
-2.9048
-1.3722
-0.3804
-1.2769
-2.7027
-1.0060
0.6543
-0.1939
-1.2310
-1.2735
-2.1757
-2.5576
-1.8161
-3.4801
-2.6151
-0.3083
-1.1377
-1.8780
-1.9880
-0.7581
1.2235
-1.0159
-2.8927
-1.7454
-1.0545
-3.3014
-1.1146
-0.1199
-1.6777
-2.1407
-1.6313
-2.5179
-2.8003
-0.6114
0.3568
-1.1134
-2.3082
3.0488
4.2519
-0.7962
-4.2628
-2.5639
-0.6239
-2.6015
-4.8502
-8.6885
-7.0153
-5.4503
-3.0174
-1.0063
-0.7930
2.9686
0.7490
-2.2067
-3.4782
0.5807
-0.5710
-3.6531
0.5390
-0.6260
-0.2840
0.4668
3.4376
3.7102
-6.4684
-5.6508
-3.9355
-3.9160
-3.2133
-5.1734
-3.8677
-3.5198
-0.6925
5.7104
-1.0984
-7.2828
-1.9346
-5.0828
-1.6572
1.0502
-1.1097
-3.4619
-2.8905
-1.8183
2.6206
2.3215
-4.8140
-8.0982
-12.3582
-5.6350
-0.1457
-1.0552
0.6794
-1.1252
-6.7082
-2.8635
-2.2722
-3.8281
-3.1338
-9.3060
-12.5194
-14.8735
-17.5901
-16.2156
-12.0145
-13.4061
-11.1053
-10.3750
-8.1533
-2.3552
-3.5565
-1.1265
1.7580
-6.2863
-6.1681
-5.2682
-9.1650
-5.5291
7.9606
12.4591
-1.9129
-5.4575
-3.0589
-2.9566
0.5075
0.9937
-4.5477
-18.4003
-20.5498
-14.1100
-5.0489
-4.0375
-2.9293
-0.2747
3.4696
1.6515
-2.0939
-4.2944
-3.7901
-1.2926
-0.7065
-2.9592
-2.4764
-2.9306
-1.0113
-0.4489
-1.8787
-5.1838
-6.2684
0.5285
1.0234
5.8870
0.9949
-9.1360
-10.7808
-7.3566
-0.5351
-1.7010
-5.7481
-11.4040
-7.6297
5.4491
4.3645
-5.2105
-10.2418
-9.6364
-3.4457
-6.2070
-7.9543
-5.5658
-1.1650
0.6366
3.0673
6.7312
6.8839
-0.9117
-6.2686
-6.4154
-5.0884
-1.0139
4.1584
1.1710
1.3823
-2.2638
-2.9662
-3.3350
-9.4442
-13.7365
-14.0838
-9.6621
-8.0984
-7.3886
-10.1129
-13.2344
-8.6923
-6.3845
-4.9673
1.1927
-7.1928
-12.3931
-9.3109
-3.6911
-0.8605
-0.6041
-1.3362
-3.1588
-0.2353
1.6352
-0.3099
-1.7410
-1.9941
-2.4109
-1.5641
0.4322
-4.0998
-5.9375
-3.1385
-2.9943
-3.0186
-4.4118
-3.6923
-1.8941
0.9049
2.8353
1.9295
-0.4439
2.0637
2.4663
-0.0485
-2.8345
-1.3944
-0.2991
-0.4770
-2.3204
-2.8578
-4.1153
-3.9540
-3.1753
-4.1053
0.5583
-0.6562
0.4948
1.9604
1.6571
1.3808
-1.2081
-2.0109
-0.9440
2.6218
2.9447
-0.3233
-5.9700
-3.2988
-1.6842
-2.2351
-4.1682
-1.3364
3.5032
2.1030
-5.7846
-2.0332
-6.9100
-9.3066
-3.1746
-1.2068
-3.1721
0.3298
-4.2877
-8.7718
-16.4047
-15.3785
-14.3983
-13.8211
-15.3298
-15.0407
-11.7421
-10.0453
-9.1989
-6.6483
-8.6451
-8.5506
-7.8230
-10.1235
-6.5589
-2.9937
-4.9605
-7.1760
-10.0511
-7.2295
-7.3030
-5.5326
-2.3486
-0.8177
3.9270
1.8158
-2.5213
-2.3529
2.1035
-1.2363
-3.4042
-2.1096
0.6027
-0.8514
-2.1956
-0.7024
-9.0203
-11.1626
-8.9943
4.8659
14.1782
21.5197
27.6352
14.6588
-1.3638
-10.1318
-14.9573
-16.9085
-15.7634
-14.0469
-15.8375
-17.4661
-20.9061
-21.2110
-17.5266
-14.6283
-13.1221
-17.1707
-15.8180
-15.0433
-18.8931
-19.8057
-16.7959
-18.0379
-14.0940
-12.8191
-12.7445
-12.9611
-9.9286
-2.6825
-1.7944
-5.5716
-4.0052
-1.3036
-0.5115
-1.0195
-0.4762
0.2755
4.0611
1.9355
-0.6247
-0.7477
0.3115
0.1080
0.8620
-2.1782
-1.7955
-0.2582
-0.8449
-1.3663
-2.4616
-0.9781
0.4891
0.2006
0.7323
2.9035
1.4200
-2.4084
-3.7514
-0.6490
-2.1148
-4.5901
-4.0648
-2.9798
0.4331
-1.1987
-1.7657
-1.7373
-1.0526
1.2526
0.0455
-2.1139
-0.3716
2.9903
0.1310
-1.1059
1.4575
0.7718
0.6064
0.8754
-0.4333
-1.9973
-0.6304
0.3784
5.0648
4.3494
-0.8755
-5.3148
-0.2627
8.5869
10.7968
7.2022
7.1192
6.9731
10.6793
11.0874
8.9632
10.4027
9.0568
2.4197
0.2084
-1.1010
-2.7592
-3.0700
-3.4307
-3.0747
-2.9663
-2.3899
-3.0390
-5.3332
-5.0837
-2.2715
1.5213
3.8873
3.0696
0.0047
0.3016
-1.6096
-1.7989
3.4330
0.5195
-0.8594
-0.5280
-3.1308
-0.6863
-0.1133
-0.7172
-0.2206
-0.3576
-1.1843
0.5788
0.7007
-5.9434
-7.9031
-5.0329
-0.1878
-1.9112
-5.5684
-6.4818
-2.3338
3.7888
5.3081
7.0880
5.8047
4.0977
2.0370
-0.0626
-1.5201
-0.6449
-1.2722
-2.2454
-2.3986
-2.0612
-3.9277
-4.2850
-6.0577
-3.5724
1.4444
2.1814
-0.6850
-1.6315
0.5191
0.6001
4.5986
9.3500
7.6928
7.7998
6.2817
-1.1618
1.1969
7.2088
5.1769
7.5091
6.2116
0.3240
1.5678
7.1064
1.1199
1.5783
-0.2896
3.3267
10.4730
11.2897
2.6317
-1.6701
-3.1044
2.2238
-1.0200
-4.0624
-1.8029
2.2892
2.4214
-5.2516
-8.2966
-7.1184
-3.8429
-3.6818
-1.5318
-1.0746
1.1963
5.7399
1.4692
-1.8073
-0.7156
-1.1260
-5.2783
-5.8880
-3.6689
-5.0206
-4.8108
-5.1012
-3.8563
-4.7236
-10.3084
-8.4453
-2.3173
-5.2802
-3.6075
-2.5565
0.1781
3.1994
2.9359
-1.3038
-3.7165
-6.0683
-9.9139
-10.9933
-6.9748
-5.6871
-8.5359
-4.3533
-4.0600
-4.7177
-6.1237
-2.8990
0.0955
-0.8280
-3.8766
-2.4948
-0.6927
-1.3233
1.3237
-0.2361
2.0938
3.7429
4.3277
3.3010
1.0252
-1.4907
-5.6821
-6.7097
-1.4574
1.4158
1.9693
2.7544
1.6589
-8.9490
-16.5763
-16.4899
-17.1700
-20.6047
-20.8595
-15.1613
-10.5079
-8.8604
-2.7740
-1.5096
5.3072
12.4794
13.3869
12.5384
11.5415
6.4514
12.4440
14.0995
11.4414
8.7080
5.8128
-0.3839
2.9438
-0.8496
1.6404
1.7232
3.2658
7.0679
5.8213
3.5612
3.9515
4.0278
1.3486
-0.7052
-3.1166
-3.0725
0.5247
1.7034
1.2476
-4.0539
2.1817
-3.7703
-5.8519
5.4286
7.5723
11.8786
12.1529
8.8954
14.3507
20.0219
11.2735
1.4739
-1.2024
2.1813
2.3217
0.6271
-4.5048
-1.2299
2.9172
4.0590
3.5661
-3.1969
-9.1912

Coefficient 36:
0.5193
6.0233
5.8533
5.0095
3.2309
-1.2424
-4.4078
-4.2739
-1.9999
-3.0878
-3.5032
-1.5698
-3.9608
-4.7943
-4.2058
-2.0327
-4.5029
-3.8294
-2.6120
-4.6943
-5.8650
-6.4294
-7.9533
-8.6431
-7.2586
-4.6210
0.9625
0.4249
0.9723
-2.6558
-7.0842
-4.6955
-1.1014
5.9184
6.8010
3.3416
3.3635
-0.1849
-1.3695
-1.3141
-0.4699
-0.4361
3.5150
3.4548
-2.1798
-3.7358
-4.9494
-10.8431
-6.8570
-0.5629
0.7170
2.8619
6.4823
4.4772
1.4275
0.4951
3.5501
3.0409
-2.6265
-5.8467
-2.9292
-4.2051
-7.0420
-5.3889
-3.6585
-2.1291
-1.0532
5.4594
1.1696
-3.0839
-5.1304
3.2736
5.5974
3.8579
1.5631
-1.3644
0.8861
-1.9714
-5.3558
1.9747
1.7545
-3.7802
-9.0266
-1.7325
0.4337
5.6318
5.3737
-1.6339
-0.6766
4.9530
7.7455
4.3252
-10.8555
-9.4938
-7.3020
-6.8197
0.1295
4.2429
1.2820
-1.6194
-2.4434
-4.7498
-6.8232
-6.1137
-2.0666
-0.1915
-5.5705
-4.3738
-2.5921
1.5648
10.1658
12.5181
9.6167
6.0475
2.7013
7.5227
3.9676
9.1917
12.3364
9.1061
2.1680
-1.1156
-3.4521
-1.9655
-5.5792
-5.7137
-0.1377
6.6219
9.3518
4.7960
5.0135
8.8751
6.2378
5.2733
1.4354
-0.6936
-1.6352
-1.1730
-1.7973
-2.5389
-0.3111
5.3729
4.8560
0.0802
0.6701
0.4599
-7.8231
-7.3684
-1.7514
-1.3145
-2.1965
-1.9081
-2.4298
-1.1555
-4.9713
-0.9080
7.7791
16.1476
11.7142
1.0385
-1.4001
5.2703
7.9671
10.8664
13.1437
10.8074
5.0755
1.8371
0.0037
-1.2474
1.5068
2.5768
-0.0009
1.0418
1.0976
-1.4101
-1.0217
-0.8429
-0.4131
-2.7322
-5.3620
-2.7781
-0.2974
-1.1242
0.1159
2.6392
-0.1894
-2.0439
-4.3953
-5.8877
-2.8096
1.0836
-1.5706
-4.1124
-1.1544
-1.0804
-4.4216
-3.8324
-3.3637
-2.1884
-2.0008
-2.0402
-5.5469
-7.0750
-8.3722
-6.7516
-4.1151
-3.3377
-2.0470
-3.0180
-0.0242
0.8112
-3.2172
-4.1014
-3.7034
-2.2596
-3.2197
-1.9711
-1.3182
-3.9466
-2.9068
-2.9907
-2.2801
3.0293
3.6072
3.2796
2.2039
5.5173
5.7940
6.2310
2.2543
-1.7463
-3.9055
-0.9236
1.1792
0.9044
-1.0700
-3.7380
-7.3081
-8.8577
-7.8200
-3.3426
-2.5611
-1.4995
0.4894
0.5617
-7.0563
-10.7940
-6.1195
1.4791
-0.0503
-3.3097
-1.6651
-0.3799
6.3179
5.9229
1.8322
-2.4358
-4.8193
-3.3660
-5.3990
-3.4106
-2.3271
1.2230
3.1229
-1.9494
-2.3719
3.8250
-3.3033
-2.0356
-3.8647
-7.4541
-4.5952
-1.7692
-0.8612
-0.6102
0.9922
2.5609
4.2380
4.4055
-3.3033
-2.3651
-3.0288
-2.6917
-2.5386
-6.7242
-3.2675
-4.6603
-2.4127
-0.7031
-4.7106
-3.6446
-2.7153
-1.7710
0.1536
3.3378
-0.9091
-3.3695
-1.5840
0.8946
-0.4359
-0.7891
-3.9645
-3.9648
-2.5547
-2.8155
-3.4203
-3.0510
-3.2663
-4.3465
0.0136
-0.6766
-2.2634
-1.3602
-2.3565
-0.6419
0.5456
0.1415
0.6385
1.9571
7.6843
11.3022
6.2080
2.7070
1.7669
3.3653
3.8171
-1.0024
-6.0594
-5.9683
-1.9352
-0.2260
-3.1020
-6.1950
-7.0646
-6.2105
-5.0028
-4.7061
-0.9134
1.0336
-2.7683
-2.9574
-0.5425
-0.2385
0.5072
-0.3015
-0.2495
-0.9660
-3.2224
-2.3497
-5.0851
-4.0791
-1.2404
0.2200
-1.3997
-2.2948
-3.4395
1.4276
-0.3097
-0.1141
1.5929
-0.5374
3.1872
0.7518
-1.0761
-6.7537
-12.3944
-11.3172
-8.6486
-9.1469
-6.8203
-5.6202
-8.1776
-11.6124
-13.0139
-7.0950
-0.8008
-2.0940
-5.4900
-11.4000
-15.4170
-14.0532
-15.7046
-17.0546
-11.5885
-6.6482
-3.1018
-7.0013
-3.5736
2.6165
5.0694
2.8312
4.2630
6.8623
9.0963
4.3332
2.8175
4.3617
6.5777
3.5175
1.5068
1.9713
1.1764
-1.7984
0.3739
1.9889
1.5321
0.8437
-0.2437
-2.3897
-3.6365
-3.7396
-0.0611
-2.9436
-4.2335
-2.5519
0.2660
-1.1558
-0.9790
0.6564
0.5292
-0.6191
-0.5901
-1.4960
-3.0951
-1.1500
-0.2884
0.8670
-0.4270
2.9024
2.9246
0.6559
0.9479
-1.8543
-4.4079
-4.6011
-1.7760
-1.9742
1.3240
3.0365
3.6886
1.5453
-0.5393
-1.6791
-3.7513
-4.8239
-2.9470
-1.4309
-3.3753
0.5573
3.4360
5.3097
-2.9323
-2.6564
-0.0310
-1.5204
-2.1259
-2.7188
-4.3900
-4.7838
-2.7517
-0.9109
-0.1498
2.0070
0.5952
0.9257
4.3878
3.6420
2.3312
2.5295
0.5713
2.7648
-0.4231
-5.7552
-2.2466
-2.1442
-5.9619
-6.1047
-7.2930
-6.1104
-7.9662
-5.5478
0.0406
-2.1597
-0.4334
0.8394
3.7522
-2.2020
-3.4749
1.2191
2.5472
1.6567
1.3512
1.4612
-2.1707
-6.1560
-7.7633
-2.3727
-0.0604
3.8379
5.7216
9.3634
8.5143
5.8847
0.8755
-2.7047
-6.9729
-9.7823
-6.6540
2.1099
7.3913
6.7807
6.3038
4.7393
3.2329
2.3500
4.4507
3.1802
-0.8392
-1.7441
-1.8884
-3.6134
-4.3128
-3.8884
-2.5027
-2.5459
0.0389
-0.8347
-1.9745
-3.3805
-4.2752
-4.8283
-2.8696
-0.5281
-0.4983
-2.9093
-2.1922
1.2407
3.5485
0.9711
2.9585
-1.2823
-1.2413
1.5699
-0.6018
-3.7532
2.3392
-1.7854
4.4899
12.7945
16.2430
11.8580
6.8961
2.3610
2.4185
12.6164
22.5469
11.9932
-5.3488
-8.2989
-8.2043
-4.5846
-2.6959
2.1600
4.8993
5.2248
5.4233
4.7465
1.7700
0.9158
9.6919
11.5513
8.5529
7.7191
7.2055
7.1812
6.9284
12.5313
15.1460
9.9110
6.7053
4.3292
2.5056
1.4572
2.5874
2.5283
0.5012
-0.3689
-0.0196
-1.1674
-1.4948
-3.0257
-5.8790
-6.5180
-5.0349
-5.0893
-5.1506
-5.8747
-6.9923
-4.5047
-3.3161
-0.5528
0.5988
-0.5408
-1.6059
-1.2997
0.6305
-0.2032
-1.4420
-1.4022
-2.1539
-1.1928
-0.5726
-3.4513
-4.3789
-2.1850
-2.2865
-2.3381
-1.6307
0.1198
1.3387
-1.8789
-3.1185
-0.5643
-0.1597
-3.7536
-1.3387
-1.3129
-5.0921
-7.6370
-5.2543
-1.9601
-4.1193
-4.6346
-4.3957
-4.8799
-5.3467
-1.3714
-0.2222
-2.4022
-1.1209
0.9743
1.7993
0.1075
-0.7064
0.6409
-3.6199
-6.8808
-6.1228
-6.2483
-3.5398
-0.0975
-4.0071
-2.3371
-2.6046
-1.9517
-4.0887
-5.3589
-0.4789
-1.4405
-1.4685
-0.3389
3.3025
3.3215
-0.2159
-0.0777
-1.4433
-4.8747
-8.5003
-6.6487
0.4256
-0.7394
-3.2682
-3.3473
-3.8413
-11.8860
-7.4113
-6.1172
-5.6172
-2.7316
-3.7265
-8.5341
-7.6934
-4.4896
-1.2000
0.9103
-9.6995
-12.3238
-7.9407
-1.2648
-1.4882
-4.2111
-3.0434
-4.0904
-3.0825
-3.1819
-1.2592
-3.8489
-0.9778
3.1856
1.3012
-8.0802
-11.2891
-16.3622
-17.4486
-18.5820
-11.2329
-9.0753
-15.4576
-16.7760
-16.4857
-17.4426
-16.1689
-16.4938
-12.5273
-9.4891
-12.2030
-12.9267
-11.4084
-9.0034
-10.3335
-4.5613
-2.6158
-3.5227
-1.5535
-0.5346
-6.3667
-1.6936
-0.3951
0.0635
-1.1315
-0.6080
-0.6880
1.3282
2.2330
0.9823
2.7878
2.1446
0.8067
-2.2344
-2.8788
-2.3801
-2.0824
-1.1930
-0.4752
0.2275
0.1487
-2.3390
-1.0027
-4.2065
-0.4170
8.3027
5.3487
-2.8446
-12.7348
-13.0655
-9.5223
-8.4363
-11.2693
-10.9742
-8.2966
-9.6037
1.6888
-5.7450
-13.2124
-15.5515
-12.5744
-10.1534
-9.3427
-9.8547
-10.3321
-14.2986
-15.9687
-4.5170
6.5911
-0.6547
-6.6810
-2.9547
-1.9679
-1.9993
-4.5423
-0.4951
1.2621
-2.2241
-10.1848
-17.6358
-21.4944
-16.1521
-9.6473
-4.1721
-2.4587
-2.2629
-6.7001
-9.5066
-5.2373
-6.7326
-6.6484
-5.0011
-7.2162
-8.4226
-6.2298
-0.0637
4.7694
-0.0763
-1.2720
-3.0942
-3.8518
-2.0665
-1.0031
-1.3780
-1.9342
-2.2724
-2.1971
2.3757
3.4124
3.2998
2.0892
2.1398
-1.3386
-5.9949
-4.2132
-1.8312
-0.1957
1.0364
-1.1163
-2.9411
1.4522
0.8630
-1.2645
-2.9730
-1.5997
-0.9920
0.1833
-1.9341
-2.6377
-4.7524
-3.7144
-2.7757
-4.1444
-5.8722
-6.5320
-3.5382
-0.8647
0.7194
-1.2656
-4.3874
-4.1722
-0.9699
1.7822
1.7258
-0.9510
-2.8166
-1.1023
-1.8778
-1.9335
-4.1370
-1.7614
3.9832
4.6661
-1.6898
-5.9832
-6.9402
-2.1671
1.8428
1.9132
0.0118
6.0210
2.1630
1.0305
7.8528
0.2851
-10.0705
-7.6818
-10.1993
-18.6275
-23.6885
-28.6394
-25.8530
-22.7432
-29.0658
-30.4078
-28.0618
-29.9949
-25.9466
-19.4459
-12.8774
-9.1208
-9.8908
-7.7160
-8.2366
-7.7630
-7.6688
-7.6023
-6.7602
-7.3956
-4.1283
-1.6685
2.5912
0.6297
1.0699
-4.0764
-7.8952
-8.0183
-4.4178
-2.0124
-0.9976
-0.0590
-2.3402
8.5550
13.8977
16.0637
22.8021
20.3733
11.0968
2.9714
-5.2469
-8.1028
-7.9367
-9.8740
-11.8296
-12.5344
-13.4860
-7.8822
-4.8536
-6.6139
-8.2167
-8.5957
-7.2327
-3.0568
-1.9936
1.4714
2.7497
3.1810
2.2731
-0.6274
-0.2463
2.2481
2.6418
2.1000
1.7414
-1.5442
-5.9832
-7.3998
-5.7598
-2.2458
-0.1213
-0.0503
1.3579
-1.5638
-1.2517
-0.9612
0.1082
0.0287
0.2509
-2.8136
-2.1175
0.2831
-0.5139
-1.6530
-2.8022
-0.7524
-0.1241
-0.1636
0.4251
0.7994
-0.4193
-4.0107
-4.5366
0.5284
-0.6889
-2.3099
-1.4534
-0.2983
4.3352
3.9040
1.8873
-1.5131
-4.0896
-0.5205
-0.0401
-5.1352
-4.0888
-1.8631
-2.9385
-2.6165
0.8143
0.0359
0.5116
2.0675
-0.0292
-1.5959
-1.4419
0.4080
3.4956
2.4574
-1.3052
-7.5049
-7.1236
-1.8410
-2.7791
-5.6035
-5.3697
-5.6075
-2.1933
1.9806
-0.9339
0.8531
5.8948
1.1239
0.8982
3.1615
-1.5321
-3.0580
-3.3001
-0.4256
-0.9205
-2.2759
-0.2890
-1.6451
-3.3216
-3.4524
-0.7137
2.1386
0.4644
-4.1416
-2.1839
0.3261
-2.0035
-0.6924
-1.2774
-3.6599
-0.2071
-3.7592
-4.8537
-5.4306
-7.6998
-11.0239
-8.7501
-8.1374
-3.2131
5.3350
5.0849
7.9309
10.9787
10.6734
7.9683
3.9668
2.0440
1.9598
4.5952
2.8622
2.4203
0.9902
1.3180
-0.1322
-2.5152
-4.4633
-2.1033
-1.7910
-5.9953
-5.5408
-4.9567
-3.3037
-3.3283
-1.3917
-0.4091
-1.1486
-6.6745
-13.6373
-14.3268
-9.9565
-11.3974
-9.0236
-3.2527
-4.3239
-4.7897
-1.4568
-2.6173
0.2778
0.8993
-4.5745
-4.7502
-3.8883
-9.0374
-7.5382
1.1844
3.1428
-3.1094
-11.2941
-10.2170
-5.6331
-2.7939
-6.1622
-0.8660
0.7358
9.6406
7.0919
6.9329
6.7563
2.0359
-2.0955
-5.1485
-5.5003
-8.7737
-6.4367
-4.2105
-1.6376
-2.7392
-1.4767
2.0000
-1.5395
-3.2397
-2.6831
-3.6542
-5.5152
-4.2498
-2.8897
-3.2553
-4.5278
-7.6419
-6.0673
-3.6286
-6.6699
-6.5448
-2.4512
-4.4356
-0.6364
3.1134
2.0857
-0.3649
2.8695
2.1159
2.8021
1.1328
-3.8244
-4.4193
-5.9048
-5.5449
-1.7664
2.7223
2.4879
1.2015
-3.0950
-3.6530
0.9528
1.9663
2.2509
1.3636
0.7538
-0.2469
2.8069
1.1283
-0.4114
-0.1416
-0.4180
0.8442
-0.6225
-1.5285
-2.4190
2.9740
5.9132
6.2199
-4.6706
-10.1241
-13.0631
-15.7540
-15.1937
-14.2463
-13.3426
-12.2849
-11.3532
-8.4899
-9.7197
-12.9468
-12.4005
-9.3173
-10.8785
-9.2691
-4.3586
5.9308
9.4413
9.0191
21.7361
21.1292
23.2710
26.8052
24.1980
15.8342
12.7554
6.6749
7.1846
7.0139
9.8785
10.7313
6.9348
6.5611
10.0550
8.1873
0.4182
-2.2920
2.3382
2.1810
1.5872
3.3222
5.9374
3.8471
0.8947
-0.4697
-5.7188
-1.3658
6.9773
6.5990
-2.7029
-5.9830
1.6366
7.1969
6.5060
8.7147
7.0093
2.3210
-0.9867
-1.5830
0.8425
3.0560
-0.4696
-6.1159
-7.9476
-8.3072
-5.3375

Coefficient 37:
0.4831
-4.6365
-5.9955
-3.8893
-0.1808
-1.1344
-4.4686
-2.9404
-1.1205
-2.2368
-3.3772
-1.0835
-2.4430
-3.0213
-4.1971
-2.1575
-0.6932
4.4496
4.8548
8.4282
6.0387
-2.0526
0.7692
1.0236
-2.3069
-4.0945
-0.8603
-0.9119
0.0594
-3.1292
-6.8460
-4.0618
-2.4093
1.5892
2.6862
-1.2477
-3.4936
-3.1141
-3.4432
-2.8652
-2.9726
2.0728
8.1070
6.5354
4.2911
1.7757
1.3181
-2.5528
-2.5871
-5.9530
-5.7870
-2.7690
-2.7399
0.3269
5.8068
7.5998
2.0183
-2.0875
-5.3347
-5.9228
-6.6508
-5.5112
-6.9863
-5.5826
-3.8572
-1.0237
-1.5805
0.0001
-0.0248
-2.6629
-4.0906
-2.2480
-2.2535
-2.4584
-0.3258
-6.3777
-5.9521
-6.3746
-9.0549
-4.7427
-3.0085
-3.1714
-4.3546
-1.3827
-3.1646
-4.6318
-5.4419
-6.5565
-8.6512
-15.4714
-12.9018
-6.1621
-10.5675
-16.4078
-20.9968
-19.9729
-12.5528
-11.3456
-13.0147
-11.9635
-6.9633
1.7330
-3.7064
-8.9792
-12.6124
-10.2119
-9.0728
-5.8467
-6.6468
-8.3366
-11.6806
-7.0966
-3.3353
-6.2263
-8.7017
-5.8974
-10.9078
-10.8502
-12.2211
-8.6950
-6.3929
-3.2690
-0.8169
-0.8721
-5.8839
-6.5644
-9.0954
-12.3077
-16.6936
-19.7532
-11.0155
-7.1322
-1.8654
3.5898
-1.9578
-6.7095
-10.9775
-7.6874
-4.1548
-11.2177
-14.3148
-6.1858
-6.7537
-7.6730
-6.1337
0.8907
-11.9078
-16.8065
-12.3434
-8.5231
-8.7278
-9.9784
-15.1587
-17.2525
-14.5967
-4.5873
4.3524
12.5206
5.0984
1.4541
-0.3551
3.9529
5.5856
3.9938
-1.0731
-0.6569
-1.0964
0.2246
-1.0454
-1.5612
0.0366
1.6660
-0.0169
0.8160
0.6501
-1.4819
-0.9524
-1.1626
-0.5946
-2.8202
-4.4941
-2.2694
-0.5390
-0.0834
0.6885
2.3940
-0.0752
-1.5909
-3.0677
-5.6172
-4.3844
-1.6445
-3.2661
-4.3663
-1.6208
-1.4727
-3.8408
-3.7113
-3.5130
-2.4043
-3.6467
-2.1350
-4.2662
-6.8908
-10.5495
-7.6564
-4.5570
-4.6814
-2.1272
-1.2624
0.1149
-0.3480
-3.6932
-4.1581
-2.7693
-2.0092
-3.0355
-2.2434
-2.9869
-4.2961
-4.0972
-3.8648
-9.2807
-13.7619
-10.3799
-10.2771
-13.1424
-13.0905
-13.9738
-13.4598
-13.3044
-7.4274
-11.5175
-6.9299
2.3317
4.7712
-4.0950
-3.8616
-7.1132
-10.9541
-7.8523
-2.0876
-2.6730
-5.0092
-1.5340
-0.0870
-11.4956
-20.0542
-20.8318
-11.9735
-11.2156
-15.6875
-10.5145
-4.7605
-0.7687
-4.5179
-8.9876
-5.5033
-7.0281
-5.8736
-8.5087
-7.5253
-6.4834
-4.8882
-3.7893
-3.8736
-3.4125
-1.6118
-12.3835
-9.7292
-4.2415
-3.8703
-5.1438
-5.3951
-6.7798
-7.6071
-6.2934
-4.4074
-0.3085
-1.7894
-2.3708
0.2968
-2.0161
-1.8255
-0.0381
4.6704
4.2715
-3.5445
-4.9235
-1.4031
-2.0853
-2.4476
-4.3296
-8.4860
-5.8860
0.4124
-1.9680
-4.1521
-2.3435
0.0693
-0.6892
-1.6421
-5.3502
-5.6523
-3.9649
-3.4840
-3.4048
-3.3012
-2.7316
-3.9069
-0.6045
-1.1857
-2.7367
-2.5136
-2.5324
-0.8604
0.8955
1.3973
-0.4944
0.7455
4.3681
6.8872
2.5113
-2.2239
-1.4023
2.3609
3.1891
0.8791
-3.7656
-2.7800
4.6755
7.0403
5.5809
4.3486
3.3381
-0.7843
-3.4888
-4.1700
0.7613
1.0466
-5.4778
-4.9051
-0.8094
-0.1879
-0.3776
-0.5849
-0.0164
-1.0427
-4.7646
-2.8363
-4.2918
-3.5041
-4.2833
-1.9156
-1.5414
-2.6946
-3.0644
-0.6272
1.1728
6.6706
6.7066
2.9741
1.9897
1.1276
4.9374
2.7545
-2.1945
-3.4483
-0.6358
-1.9565
-0.2260
1.6152
5.4204
2.0219
-0.7417
-5.5237
-1.6003
-4.0574
-5.8156
-8.0055
-13.7533
-16.7447
-23.9659
-23.5580
-18.3973
-13.7912
-11.8904
-12.2646
-2.9621
4.1647
3.9955
-1.2464
-3.9595
-4.0644
-4.1002
-10.4259
-10.7260
-12.2259
-6.2174
-5.3599
-4.1800
-4.9491
-2.5452
-0.8832
0.7394
3.2034
2.1985
-0.1288
-1.3448
-3.0871
-4.0738
-2.8782
-0.4861
-0.2114
2.5321
2.7134
0.5728
-1.5332
-0.4475
-0.3982
0.5396
-0.5111
-0.0486
-1.0443
-2.2429
-0.0552
-0.5701
-1.0235
-1.4413
1.9022
0.8535
0.7314
-0.2995
-2.4476
-4.2016
-2.0202
0.1348
-3.5686
0.8384
3.9070
4.8815
3.2284
0.5249
-1.3794
-4.5323
-5.5561
-1.0888
0.7691
-2.3958
-1.1468
2.2222
2.3949
-1.1949
2.1204
2.6097
-2.3043
-3.7943
-4.5712
-4.6125
-6.5150
-3.2551
0.3238
-0.2308
-2.2579
-3.4068
-0.4502
4.2820
3.4614
0.4379
-1.3683
-9.5987
-7.1218
-0.7512
-4.1272
-5.5542
-4.1620
-5.8482
-5.8524
-2.2525
-2.2953
-3.4355
-1.2306
-1.4721
-2.4639
-2.2557
-3.3887
-7.1083
-7.3913
-7.0595
-1.6736
-2.5253
-6.8188
-7.8787
-8.1875
-4.4659
-2.0201
1.4552
-0.0277
-7.2052
-7.3826
-8.5413
-11.7515
-13.1499
-8.6748
-4.6387
-2.0349
-4.4782
-8.4659
-2.6188
6.9494
8.0336
4.4197
6.8529
9.0699
7.8093
4.3820
3.8735
1.0971
-2.0336
-1.6128
-1.2897
-3.4772
-4.1509
-2.6740
-2.1838
-2.1162
0.3940
-1.0921
-2.0857
-4.5519
-4.5363
-3.5203
-2.3241
-0.0481
0.0287
-4.0128
-3.7021
-1.8538
-2.8797
-1.2588
1.5295
0.0175
1.0471
-0.8425
-0.9107
1.7561
-1.3941
-2.9833
6.2321
15.3793
13.9868
9.5441
4.9560
2.1529
4.4487
11.2434
23.2755
20.0716
1.8488
-6.3870
-4.9640
-5.4529
-9.2303
-12.6864
-13.3481
-12.3360
-13.3004
-15.3373
-9.3471
1.1867
9.0839
7.4650
2.0651
5.0157
10.8695
12.3414
4.7869
5.1726
1.3252
-1.1950
-1.6064
-3.1216
-3.8651
-2.2113
-1.0286
1.6831
-0.4769
-1.9222
-0.6068
-0.2127
-0.5475
-0.5494
0.0714
-5.7369
-7.6576
-8.7857
-10.6280
-10.7696
-9.4016
-5.4578
-0.9988
0.8728
0.4507
-0.0109
-0.4900
-1.2251
0.9400
-0.1407
-1.9066
-1.2935
-1.1430
0.2322
0.0725
-3.7085
-5.2943
-2.6568
-3.2496
-2.4330
-1.1942
-1.2518
-1.1723
-3.3727
-3.7369
-0.2976
0.4417
-3.4445
-0.9883
-2.0908
-5.8812
-4.6240
0.7805
3.0693
-2.4211
-5.3335
-4.2098
-2.8337
-4.0965
-4.8983
-5.3857
-4.0361
0.5474
2.1376
3.9020
0.0177
-1.4202
-1.2844
0.2861
2.0828
7.2979
6.7098
1.7960
2.9661
-0.3174
-0.8210
-1.6409
-1.4811
-4.4006
-5.9681
-0.3210
-1.1674
-2.2410
-0.7764
3.6214
3.0920
8.2904
6.1842
-1.1395
-6.7904
-10.2870
-7.7027
-9.6792
-13.0077
-14.8966
-15.3469
-10.4773
-9.7368
-8.9949
-9.5013
-5.3562
-1.4071
-3.3507
-7.3286
-7.2575
-2.5949
-2.6227
-3.7561
-15.2179
-13.0743
-10.6366
-3.7204
-0.4186
1.2058
-2.0669
-6.2634
-7.3705
-5.1649
-5.3694
-5.7388
2.5620
10.0466
9.4242
-0.3290
-7.5597
-11.7834
-11.0154
-10.2694
-5.7333
-0.4366
2.2295
2.9806
2.0228
-2.5862
-5.6828
-9.2870
-11.6932
-11.9365
-8.8728
-1.7747
2.3987
6.0362
4.3864
0.0894
-6.0302
-8.6619
-6.4799
-4.0690
-3.6705
-7.4246
-4.1510
-2.0707
-6.3152
-5.2766
-5.0260
-6.6384
-5.6286
-2.4904
-0.4471
-4.3444
0.6424
3.0243
2.1327
-0.8393
-1.9687
-1.6443
-0.3297
0.4840
-2.4415
-0.0348
-2.4966
-4.5572
-3.6752
4.7065
3.5061
-1.4154
-12.8284
-12.6168
-3.3157
1.2346
0.0674
-1.5077
-2.5074
-2.8781
11.8745
3.6468
-6.5116
-15.3615
-15.6760
-19.1548
-24.7688
-24.2485
-16.2130
-13.1351
-13.7416
-3.3269
11.8588
5.5728
-3.4405
-5.5453
-6.7961
-1.4040
0.5534
-2.5929
-1.7372
0.1145
-0.3377
0.4056
-3.8368
-1.6373
-1.0811
0.9874
7.3843
8.0521
6.2369
2.7408
2.8145
1.4169
3.1916
-2.7991
-2.6463
1.5919
2.1754
0.9071
-0.8069
-0.9814
-1.0576
-2.6960
-0.5299
1.4631
-0.5516
-0.8369
-1.7552
-2.1988
-2.7967
2.0671
0.0488
-2.3202
-1.3976
-1.2535
-2.5478
-5.7411
-3.2529
-1.4787
-1.1937
-0.6043
-3.7005
-5.0494
0.5720
-0.3658
-2.3573
-2.7292
-1.0924
-0.5361
0.0494
-1.7576
-2.0219
-4.4196
-3.4847
-2.0096
-3.6983
-1.5961
-3.1936
-1.9968
0.6097
-0.1376
-2.2027
-4.9529
-4.3068
-1.1873
0.6181
0.3295
-1.1256
0.7810
1.7217
-1.2783
-1.8964
-3.9077
-1.8269
4.0365
4.8735
-0.6222
-4.3245
-4.3867
-3.4707
-4.8256
-8.6502
-12.1973
-9.2666
-7.9400
-6.3631
-0.5209
6.0087
9.5434
16.0791
15.5287
1.2020
-8.3407
-7.5025
-4.1666
-1.7323
-8.9215
-11.9078
-10.0822
-7.3861
-7.2064
-13.0268
-11.7718
-14.1440
-11.3889
-5.1280
-4.1446
-3.4935
-6.7164
-5.2349
-4.6928
-9.2377
-10.1814
-11.4717
-7.8955
-2.8815
1.9082
-0.7888
0.9880
1.5554
-0.0879
0.1206
7.3606
13.3412
7.7277
10.5644
16.3853
19.1740
33.2564
41.0901
36.6338
30.4747
19.5833
9.5976
3.6652
-2.0002
-4.4252
-12.6224
-13.3007
-15.7317
-13.3117
-8.9452
-7.2498
-1.1340
-6.1078
-12.9442
-16.9084
-15.1726
-14.6049
-13.3402
-14.0917
-14.9618
-10.9707
-9.5259
-11.1109
-9.6297
-3.6523
-4.0652
-4.3483
-3.4888
-0.5726
-0.4949
0.6919
-2.7263
-7.6114
-5.8913
-1.9492
-1.1926
-0.1478
-0.1578
-0.5161
-3.2374
-2.8030
0.1942
-0.2820
-2.0460
-3.6640
-1.0419
-0.4117
-0.6729
0.1244
-0.6897
-1.5602
-4.1746
-3.3888
2.2414
0.6385
-0.2574
0.6831
-0.2573
2.4853
2.6817
0.8718
-0.0431
-2.6927
-2.4601
-1.8511
-5.5113
-2.6266
1.5066
1.4032
-0.1006
1.4552
-1.1273
0.0243
2.6338
0.5111
-0.8517
-1.9371
0.0825
0.9148
-3.0720
1.2674
2.4523
4.2216
6.0880
4.5082
1.2717
0.9885
-0.1301
-3.6023
1.2932
1.7451
-1.9201
-0.1168
-2.8380
0.2214
0.0389
-3.1387
-2.1411
-2.3610
2.5067
0.6384
-1.5894
-0.5496
-0.3123
-1.8327
-3.0267
-3.1005
0.2873
-0.7042
-1.0541
1.6557
3.7618
3.2445
2.1193
1.3823
1.1648
8.7173
9.7326
7.2703
5.7765
7.7508
3.3192
-1.3787
-1.6726
-0.4085
1.9047
1.9804
3.5985
5.2609
3.0599
1.1797
1.1553
1.4744
0.6481
2.4365
-0.4697
-1.0391
0.1066
-0.5541
-2.4724
-4.4190
-6.5589
-3.2056
-0.7215
-7.7460
-6.2573
-4.8171
-2.2833
-2.0694
3.2648
3.5611
-7.2737
-8.9604
-11.4239
-9.3667
-10.9038
-15.6286
-16.4989
-12.3013
-13.6744
-14.0233
-15.3429
-9.7394
-5.2776
-3.3156
-3.4574
-0.2760
3.6028
-1.3648
0.1721
0.2398
8.4360
8.1646
1.0117
-4.5021
-8.0862
-6.2494
-6.1342
-3.0993
-3.7150
-0.2619
0.2027
2.5812
3.5496
0.2798
-2.7804
-6.3791
-6.4315
-5.7812
-8.1640
-5.3800
-2.1814
-4.1881
-4.4611
-2.7961
-4.4183
-4.4820
-4.2687
-6.6116
-5.0431
-3.2916
-2.2588
-0.3975
-0.6239
-4.6387
-2.7227
1.8325
1.7716
1.9196
-0.1255
-1.6198
2.4792
6.3107
-0.2644
-5.6701
-1.4974
-0.5609
-4.4486
-8.5501
-9.0200
-0.3658
1.0102
2.2220
3.4928
-0.5940
-4.0322
-1.2786
0.2902
-1.8050
-4.2407
-2.9955
-3.4273
-3.3888
-0.0116
-0.6938
1.7106
2.9535
1.1348
-0.8867
-3.6530
-1.4584
-2.0745
-1.5407
-0.1274
0.0656
-8.3337
-17.6190
-21.0982
-17.2629
-9.0955
-7.8528
-7.3547
-3.9713
0.9424
3.6067
-2.4033
-0.5473
0.6723
0.1914
-0.3454
-1.4501
-7.2749
-12.2460
-14.5142
-18.0953
-21.4305
-21.4469
-8.0240
5.1648
7.6431
9.7962
5.4079
-4.3665
-3.9608
-2.0103
2.9729
7.8418
7.5594
1.4628
1.8759
3.7868
3.4678
2.7015
-2.0846
-1.4452
3.4290
1.3014
0.5498
-2.3705
0.1527
-1.4660
-2.9869
-5.2949
-2.7052
1.6616
6.4983
6.2909
3.3221
0.5109
-3.6872
-8.5413
-8.2178
1.0230
3.6245
0.2364
-2.7256
3.1760
4.1201
-2.0272
-7.5563
-10.6454
-8.5936
-1.5695
6.1246

Coefficient 38:
0.4468
-2.4952
-1.2049
1.9834
3.9557
-0.7286
-3.0852
-0.5046
-0.1934
-1.4416
-2.6708
-0.5345
-0.2736
-1.8244
-3.7131
-1.3096
-6.4195
0.5744
3.4105
-2.8330
-5.6585
-3.9445
-4.7038
0.2127
-0.2466
-1.3692
-2.0507
-3.3339
-1.4450
-3.3716
-6.1953
-3.8167
-4.4940
-1.0069
1.4770
-2.2476
-5.9344
-3.6739
-0.4474
1.3706
0.1402
-3.7857
-3.3382
-5.5543
-2.8247
0.1524
3.7134
0.6101
-1.9645
0.1831
-2.1028
-4.2556
-6.4130
-10.2159
-10.0576
-8.9235
-8.1110
-3.6294
-1.1164
-1.2078
-2.1261
-2.3078
-4.6279
-5.0430
-3.2447
-3.4290
-5.1876
-3.5278
0.7368
7.1153
7.4946
-4.6180
-12.5875
-12.5891
-8.6744
-11.4764
-11.0276
-9.8595
-7.0585
-6.0147
-1.5953
-1.3373
-4.1548
-2.4875
-4.3057
-6.3186
-7.1330
-6.2217
-5.2178
-3.5336
-3.7689
-0.2630
2.3001
3.7320
5.2771
3.5651
0.4049
-1.1534
-7.8189
-10.0817
-10.2796
-4.6656
-4.3193
-9.4035
-10.8986
-4.3067
-4.5756
-11.6644
-14.5881
-9.6543
-10.3365
-9.0700
-7.1526
-10.9410
-10.5240
-11.7284
-12.7386
-9.7207
-9.5640
-3.9975
3.9421
3.6130
1.7924
-4.7382
0.1836
-1.0838
-5.0741
-3.2421
-0.2994
2.0648
-7.2718
-13.0395
-10.4430
-7.1610
-4.8663
-7.6757
-3.3662
-2.1404
-5.6881
-10.3972
-11.8635
-9.6634
-10.2719
-8.4095
-3.3296
5.4329
1.3161
-3.3894
-5.8187
-7.2380
-11.5897
-12.9723
-14.8126
-20.3238
-18.8057
-9.8712
2.4824
5.7364
0.0273
0.2318
-5.8015
-4.4085
0.5745
-1.8004
-1.1346
2.3193
2.8978
0.0274
-1.6101
-1.9453
-1.4817
0.0136
-0.2028
0.6465
-0.1962
-1.6307
-0.7989
-1.2065
-0.7243
-2.8157
-3.4970
-1.8224
-0.9110
0.4851
0.3952
1.4701
-0.1830
-0.8072
-1.3357
-4.0937
-5.1456
-3.5201
-3.7115
-4.3414
-2.0913
-1.7522
-3.0522
-4.1239
-3.5999
-2.6159
-4.7262
-2.0461
-2.0092
-5.0033
-9.1246
-7.2290
-4.3312
-5.6170
-3.2813
-1.3619
-0.1045
-1.1529
-3.6404
-3.8334
-1.0872
-0.8668
-1.8417
-1.5273
-3.6385
-4.2128
-4.8709
-3.7743
-8.8772
-11.3684
-5.4691
-5.2474
-3.4547
3.8498
-3.7892
-6.2303
-1.6663
-2.4723
-1.9593
-3.8321
-1.7850
4.2968
9.2519
6.3431
1.9155
-3.9709
-4.8645
-6.7357
-9.5105
-4.3567
-2.6790
-1.1149
-1.0112
-7.8893
-13.2307
-12.1103
-12.5487
-11.7585
-12.3794
-7.9279
-8.6912
-8.0198
-7.3791
-5.4629
-5.8732
-14.2011
-13.6742
-5.7724
-3.4261
0.6107
-0.9831
-0.9902
-4.3052
-3.9854
-7.5732
-2.7137
-8.9295
-10.2697
-7.1666
-0.7654
0.8082
2.1038
2.5640
2.5184
5.3320
-0.4175
-1.1405
3.1480
-0.9346
-0.3064
-1.9699
2.1871
3.0259
-0.2842
-4.9223
0.2894
-0.4070
-3.3924
-0.2667
6.1125
5.6651
2.5323
-5.1393
-4.8630
-2.9882
-0.9170
-0.5444
-1.7042
-6.1224
-6.6023
-4.7759
-3.6769
-3.2731
-3.4558
-2.1523
-2.8130
-1.2584
-1.7140
-3.5230
-4.0148
-3.2412
-1.8154
0.1518
-5.8927
-11.4788
-9.5613
-7.9914
-6.3963
-5.4167
-6.4245
-3.7208
0.3325
1.5531
2.8211
-1.7415
-2.7580
0.3132
1.0942
1.4793
1.1743
1.1949
1.3221
-2.1554
-3.3305
1.6717
1.0390
-2.0870
-2.3048
-0.0962
0.1593
-0.6201
-1.6694
-0.1914
-0.9015
-4.8988
-2.1453
-1.4421
-3.4060
-5.2954
-1.9339
-1.0364
-2.4497
-2.3059
-2.7960
-1.3232
-3.1382
-4.9895
-3.7991
-4.6420
-1.5632
5.9335
6.7816
8.5037
10.2524
8.1117
3.4161
0.2245
3.6393
6.7996
-1.4468
4.4101
5.2311
-0.0757
-5.2794
-3.5586
-3.1613
-8.3119
-10.8883
-15.3471
-19.2206
-23.1988
-20.3750
-16.9675
-12.1084
-2.1083
5.1331
0.8238
-2.3202
-1.9039
-7.9304
-8.1215
-8.1379
-7.5844
-10.3642
-6.8617
-4.3295
-6.0342
-6.0348
-5.5389
-2.3394
-1.1386
2.0945
2.2102
0.4452
-1.1750
-3.3105
-4.1771
-2.1652
-1.2648
-1.0886
1.5396
0.8531
-2.7060
-2.8178
-0.8457
-0.9044
0.4375
-0.5565
0.2367
-1.2303
-2.2626
0.8016
-1.0256
-2.8343
-1.9562
-0.1157
-1.7516
-0.0548
-1.6041
-1.5681
-3.0697
-1.0435
-0.2972
-3.6532
0.7565
3.8886
5.2018
4.1015
1.9043
-0.8378
-3.9848
-3.6362
1.2073
2.8163
-0.1126
1.8724
1.7859
-3.8669
-6.5059
-3.0770
0.2821
1.3853
1.9582
1.1223
-1.7999
-6.4571
-3.8225
-0.2452
-0.3741
-0.5217
1.1430
3.4763
3.8918
-4.5092
-10.5068
-8.7720
-7.8119
-3.1729
-4.3166
-6.5926
-9.0236
-6.0166
-3.8903
-4.3928
-1.6724
-3.3771
-3.8768
-5.8726
-5.3636
-4.4653
-3.6832
-10.5114
-8.4189
-9.4328
-13.6817
-10.3175
-3.7518
-1.9852
-4.3452
-4.3964
-2.6628
-1.3886
1.4864
0.1360
3.3100
4.1661
1.6159
-1.5598
-4.3075
-1.3927
3.7294
2.9386
1.6265
1.0317
3.4174
6.0012
1.9239
-2.5072
-3.1581
-1.0769
-1.6775
-0.6651
-0.8759
-0.3698
-2.6259
-1.5784
-0.5685
-3.0980
-3.8851
-1.4293
-1.8072
-1.6838
-0.2296
-0.7064
-1.4063
-5.2872
-6.3055
-5.0244
-2.1370
0.9609
0.7594
-4.5893
-4.9371
-4.6801
-2.4735
-2.3636
-6.1949
-5.0732
-0.3649
-2.3223
-2.1090
-3.2416
-7.0543
-7.9877
4.2257
14.2530
14.3661
11.2494
3.8717
-0.2685
0.6236
4.1038
18.0243
24.5231
9.2100
-1.3905
-1.2421
-8.5279
-7.9573
-3.7231
5.8204
8.6052
4.9505
1.3559
1.7869
6.9836
13.2661
8.4368
6.6733
7.4789
12.4078
11.2988
0.9142
-2.3264
-4.3222
-5.9035
-0.1563
0.9380
1.2916
0.1725
-3.2975
-4.0264
-4.0805
-6.3284
-4.8570
-3.1853
-2.0521
-1.3498
-3.6363
-5.1559
-4.1804
-6.8333
-9.9217
-9.2199
-6.8362
-2.9402
1.1998
0.6688
-0.4641
-0.0258
-0.2769
-1.1068
1.3561
-0.0718
-2.3931
-1.4338
-0.7074
0.8970
-0.5533
-4.2537
-4.2343
-0.8514
-3.2944
-2.1729
-0.5427
-3.1199
-3.6582
-4.4776
-4.3869
-1.1133
0.5235
-2.2833
-0.5386
-2.0762
-3.2186
1.3310
3.7239
4.3035
-1.0083
-6.0008
-4.8159
-2.2821
-2.2299
-5.3412
-7.4126
-5.5298
-0.5275
-1.1393
-1.3479
-2.1317
-1.7766
-1.2778
-0.7859
-0.9652
0.4173
1.9469
2.9296
1.7787
0.4783
-3.8903
-4.6598
-1.3155
-2.8059
-4.3662
0.9040
0.0734
-1.8111
-0.5870
4.3207
3.9507
6.6664
3.6789
1.5811
-0.2882
-2.7078
-0.4698
-4.5947
-4.2493
-2.2222
1.1024
4.6581
4.1813
-2.0161
-8.3824
-7.5979
-0.7147
0.9631
-3.1945
-0.9797
0.5722
5.2357
6.1807
2.5339
-1.6950
-8.6015
-6.8996
-8.6910
-7.7219
-7.9998
-7.6303
-8.7249
-8.5820
-5.8986
-1.2359
-2.4618
-4.2374
3.8983
7.9700
8.3895
5.4186
2.5391
-2.9865
-8.6734
-10.5679
-10.5933
-9.0266
-4.5285
-3.0513
-3.3934
0.4669
0.3574
-7.3845
-10.8445
-9.1624
-6.8551
-6.4040
-2.2431
0.7962
-0.7148
2.4074
1.9432
-4.9231
-5.9269
3.8473
10.4142
7.6653
4.0704
-1.0105
-3.0492
-3.2159
-3.7491
1.6610
5.0289
-0.5344
-2.9210
-3.1501
-4.6886
-2.7817
-2.2150
-2.8549
-0.4120
0.2749
-3.0669
-3.5501
0.8891
-0.2135
2.7869
9.6570
14.9190
17.5069
6.5766
-1.6955
-1.7267
1.9379
0.7224
-0.1800
4.8912
2.8291
19.3855
29.1865
17.7767
3.6472
0.5055
-1.8855
-6.7759
-9.1821
-5.0357
-0.3356
-3.7563
0.0703
11.0852
6.2154
1.9727
0.0703
0.9810
2.3170
3.5743
3.5236
2.2869
8.2248
12.6058
8.7375
2.8726
3.5044
9.6500
13.0847
13.5619
11.5077
13.8224
13.5957
9.8041
7.9117
10.7822
6.3645
2.1061
1.1571
2.1798
3.2439
2.6606
0.3964
-0.8052
-2.0726
-4.5829
-3.4695
-1.0016
-0.1811
-1.4961
-2.3186
-3.3410
1.7088
5.2580
4.3976
1.0453
-0.0929
-1.8198
-3.8244
-1.6831
-1.1193
-2.0705
-1.3744
-3.7698
-5.1879
-0.0947
-0.8142
-2.4827
-2.1832
-0.3814
0.1062
-1.0342
-1.8148
-0.6317
-3.2197
-3.4851
-1.5709
-3.0506
-2.8430
-3.8377
-3.6007
-2.1978
-0.0038
-0.5360
-3.1327
-3.3049
-2.1125
-0.5476
-0.8768
-2.5472
1.8511
3.1765
-0.3209
-2.1751
-3.5152
-1.6647
3.4713
1.4499
0.8758
6.6971
6.3204
0.8784
-1.0138
0.4218
-0.2643
-1.5763
0.3981
0.4220
7.5182
15.2554
23.7386
31.7946
32.4274
23.4184
13.2506
15.8733
20.0236
21.8878
15.5015
7.1453
3.3303
4.8612
-1.0569
-6.7005
3.7073
1.3761
-3.7605
-1.9013
-3.3852
-2.9640
3.2611
4.9073
6.5130
4.2368
8.1897
6.3898
3.3963
2.1732
3.4754
3.1131
-1.8389
-1.6012
2.0755
0.9433
0.2662
-5.2730
-6.0483
0.1835
-0.5942
-2.4728
0.1121
12.3913
22.9040
24.5478
21.5610
18.5921
12.4869
9.1129
11.3768
1.8912
-4.3399
-2.6183
-4.7728
-6.5196
-11.2339
-7.0170
-2.3742
4.3294
6.6401
5.9907
10.1180
10.4563
9.2264
10.7434
7.5257
7.2690
9.4185
8.5202
6.5189
-0.6373
0.7146
0.6662
2.7839
1.6248
2.7412
-1.5745
-8.4104
-5.4899
-2.3760
-1.4130
-0.4333
-0.4508
-1.3259
-3.5228
-3.8951
-0.2558
-0.0690
-2.2805
-4.3240
-1.4866
-0.2506
-0.5531
-0.1986
-1.0309
-1.4151
-2.6143
-1.0107
2.9253
0.8302
-0.0226
0.2438
-2.2712
-1.2047
-0.6128
-1.6966
-0.6043
-1.8936
-3.0734
-2.5099
-3.8132
-1.4086
1.7239
-1.5141
-2.5419
-0.7587
-2.3849
-0.6663
2.1450
0.8348
-0.1091
-2.0191
-0.5961
-1.4357
-6.4512
-2.0523
1.3477
4.8432
6.4220
7.2979
6.5650
6.4348
1.8607
-2.4007
-0.1358
1.7305
1.5203
1.2250
-4.6072
-1.0033
1.6399
-2.0318
-0.9410
-0.9683
1.1465
0.1002
-1.0087
-1.9407
-0.2832
-1.0065
-1.7612
-4.4193
-1.4341
-1.1087
-2.3399
-0.0668
0.8137
2.4405
1.5427
1.4741
-1.1762
-5.6000
-2.4542
4.7384
5.9768
5.1854
4.8833
2.1179
3.1307
0.7388
-6.6209
-13.9466
-15.9908
-11.9605
-10.4064
-11.1262
-8.8514
-4.3740
-3.0021
-1.2249
-1.8998
-2.2413
0.1599
-1.6620
-3.8407
-4.5748
-6.4457
-2.8930
1.0536
-6.2090
-4.3664
-1.6077
-1.0465
-2.2252
-2.2334
-1.7498
-2.2821
-0.8837
-1.1733
0.5786
-1.3927
-2.1147
0.1665
5.5314
2.6903
1.1288
-2.9575
-1.4068
-1.9014
-7.9109
-7.6442
-6.8198
-4.3712
-2.7593
-3.0176
-4.1948
-6.1179
-3.2210
-0.2115
-0.7794
1.9109
6.5835
3.3716
0.5369
-4.1876
-6.7147
-8.3952
-8.8137
-9.3765
-8.6985
-9.1065
-8.3356
-9.3250
-5.5846
-7.1425
-6.5848
-3.4626
-4.7793
-6.3114
-5.9266
-6.0222
-5.6747
-4.8516
-7.3243
-5.7665
-3.2909
-2.0157
1.3475
2.3292
-0.5003
-0.9030
0.5862
-2.2744
0.8997
2.1405
0.5510
3.1666
5.4357
1.0094
-3.2291
-0.5413
3.5622
2.3141
-1.9482
-2.7893
5.9169
3.3028
4.0959
4.8371
4.1320
3.8338
3.9179
1.4022
-2.4990
-1.8032
-0.8239
0.6072
-3.6469
-1.3502
-0.9371
-1.3054
3.6035
4.1748
0.3643
-3.4293
-1.9333
-2.2277
-1.7660
-2.7423
-7.3629
-14.4616
-11.9117
1.4403
6.1268
6.8059
9.5430
8.6873
6.4793
6.8231
7.8206
2.7299
5.9890
3.3343
-0.0703
-2.6089
-1.9661
-1.6778
-3.0678
-8.6543
-10.9314
-10.6896
-13.7513
-15.3963
-11.2030
-11.0590
-14.6334
-12.4999
-13.3446
-11.6031
-6.1388
-0.5094
6.9671
0.5058
-7.2618
-3.9830
-3.6427
-2.7493
-3.4964
-8.4315
-5.7419
2.6908
3.4911
2.0791
-1.8219
-1.6098
-4.4517
-2.2261
-1.6740
-2.7570
-0.3096
-0.6447
-1.6935
4.6308
7.4616
1.9701
-1.7460
-3.1462
-1.7279
-0.6918
0.1204
-2.5417
0.8829
0.1180
-2.6957
-5.2327
-3.9808
2.3024
3.4505
5.1450

Coefficient 39:
0.4097
4.9387
2.3663
-0.5058
-3.9167
-2.5598
-0.1175
1.6511
0.0843
-1.3564
-1.6811
-0.4837
0.8170
0.0480
-2.9098
-1.7391
-4.9968
-0.9276
0.3088
-4.8222
-7.5461
-1.7717
-2.6170
-1.9967
-4.7126
-8.7856
-4.6548
-5.4789
-2.6769
-3.1691
-5.5480
-4.0605
-4.6517
-2.4499
0.4721
-2.1566
-4.2551
-4.0666
-1.4377
0.8468
-3.3945
-5.3235
-2.1911
-1.4380
-3.4246
-2.4838
-0.2177
-6.4974
-11.9017
-16.8740
-9.0699
-10.5354
-11.7596
-7.5704
-5.2466
-6.5982
-1.0460
1.6540
-1.1923
-1.3660
-2.7254
-3.9702
-2.9244
-3.5717
-1.6872
-5.1251
-6.1476
-4.8585
-9.8901
-11.9109
-11.4174
-9.4853
-11.7595
-10.9306
-7.5130
-7.3249
-5.8352
-6.0043
-6.5201
-6.8356
-1.2868
-0.4507
-4.8088
-1.9780
-0.2007
-4.1756
-5.2207
-5.8774
-7.1960
-11.0149
-15.0453
-13.2568
-7.8139
-5.0133
-9.0252
-8.3564
-11.7863
-13.3612
-13.4072
-8.6193
-5.0492
-3.7199
-0.9719
-4.3003
-8.6554
-5.0060
-4.6791
-3.1268
0.2856
-0.3169
0.8503
5.9847
6.0126
5.1157
1.3137
3.1676
0.2448
-1.7065
-1.1941
-5.1522
-9.3961
-13.3065
-11.9759
-10.7476
-5.6965
-10.1819
-9.5268
-10.9458
-11.7225
-3.8917
1.9946
-1.4151
2.3722
8.3791
10.7987
6.5312
4.7526
2.7466
-0.6510
-4.0525
-6.6230
-2.1341
0.8586
0.9398
-1.7875
7.9481
7.6386
-4.1126
-17.5645
-23.1540
-25.5938
-24.7280
-22.7956
-24.7988
-12.7823
3.3743
14.9842
8.7056
6.4454
11.9267
10.5326
8.9960
6.6085
0.9990
-3.6457
-3.6104
0.0786
0.5924
-1.0553
-2.0843
-2.4983
-1.7254
-0.4811
0.4070
-1.2441
-1.8479
-0.8378
-1.3201
-0.8043
-2.6924
-2.5204
-1.5959
-1.4137
0.1858
-0.5519
0.2393
-0.4839
-0.4240
0.3433
-1.8849
-4.3704
-3.3767
-2.7484
-4.2122
-2.4459
-1.7210
-2.1804
-3.8543
-3.1648
-2.8595
-4.9721
-1.9390
0.0771
-2.6147
-6.6461
-5.5414
-3.6006
-5.4849
-4.3285
-1.8685
-0.1677
-1.6166
-3.2662
-3.1325
-0.1340
0.0881
-0.5252
0.9391
-2.3873
-3.5146
-5.0342
-3.7383
-4.4952
-2.9063
3.1005
2.9702
2.2548
3.7886
3.9807
-1.9340
-2.6454
-2.9072
-5.3738
-5.4707
-4.7484
-7.3837
-8.1044
-3.3406
-3.4782
-7.4895
-7.7645
-4.3265
-5.4091
-4.3582
-5.6142
-5.9553
4.6914
5.9046
-4.3163
-10.3785
-5.9358
-5.5837
4.0573
2.3307
0.2514
1.5512
5.1004
1.1584
0.1931
0.9730
0.4616
-4.4669
-7.7665
-4.8868
-1.2526
2.2827
3.7250
6.1199
-0.1642
-6.0421
-5.8148
-2.4380
-1.8295
3.4442
6.8794
5.2449
5.6834
4.1385
3.9705
3.7605
3.2109
3.9127
-0.7797
0.8603
-3.2253
0.0488
-0.8039
-3.7969
-5.6882
-3.6016
-3.8239
-7.4117
-6.7832
-2.9307
-2.7486
-7.9989
-6.0988
-5.1884
-3.3582
-1.8506
1.0726
-0.1102
-5.3452
-5.6472
-4.5211
-3.3734
-3.0757
-3.3656
-1.8147
-1.7928
-1.8980
-2.2506
-4.2831
-5.3401
-4.1610
-3.1667
-1.0121
-5.1754
-9.6831
-7.3057
-4.8196
-3.5676
-3.9554
-5.0916
-3.2359
-0.9046
-0.1472
1.4804
-3.6310
-1.7810
-0.9428
-3.4065
-4.4875
-6.0187
-4.9856
-2.8524
-5.1078
-3.0042
1.3198
0.8827
-2.9247
-2.7251
-0.4489
0.2803
-0.6132
-2.7854
-0.7648
-0.1947
-3.4899
-0.6443
1.9927
-2.5143
-3.3011
-0.3349
-0.8795
-1.5226
-0.8455
-0.5156
0.8142
-0.0164
9.2218
5.1821
-1.2976
-3.0469
5.0361
8.6061
13.3499
11.8805
5.6195
-5.5052
-8.7511
-5.0563
-1.5880
-4.7349
-2.3954
0.5036
-0.8977
-1.4066
-1.4627
7.4537
9.2519
5.0423
5.6238
3.9475
-8.4630
-13.1783
-9.9268
0.8738
10.3689
9.3795
-0.6576
0.8300
3.8094
-1.1088
-1.1179
-0.2477
-2.2287
-9.9115
-4.9776
-0.8837
-2.3907
-6.4485
-5.1291
-2.6758
-3.1196
0.0201
1.3614
1.6391
-0.4006
-3.0824
-3.6376
-1.8956
-2.3075
-5.6477
-4.9236
-3.7033
-4.6612
-4.8599
-2.9795
-1.1228
0.0771
-1.2097
-0.4544
-1.6736
-2.4420
0.4390
-0.6361
-2.4208
-1.4461
-2.0526
-3.3453
-1.1126
-1.9854
-0.4636
-2.3430
-2.6202
-3.2243
-3.6073
0.3187
3.4413
4.4961
3.9535
2.8593
-0.2765
-2.7632
-1.1053
1.7531
3.1203
0.5723
0.5795
0.9518
-0.3752
-2.3501
-6.4128
-6.6546
-0.2249
3.2809
3.1261
-1.1841
-4.1558
-3.2848
-1.9150
0.1727
3.7632
2.2590
-0.0090
-4.2251
-0.0651
1.3986
2.2752
6.7207
6.3509
-7.6810
-6.6716
-5.9964
-3.4157
-4.2512
-7.8392
-7.5702
-6.2771
-2.0791
-4.1886
-6.9166
-7.2900
-7.4761
-8.2069
-4.2885
-10.3267
-13.3650
-13.2956
-13.2673
-10.8012
-7.3649
-8.6333
-6.3605
-5.6628
-8.0437
-2.0089
0.7522
-7.4111
-17.0488
-22.3288
-21.8378
-16.5693
-8.9962
-7.7477
0.5300
9.6194
8.8033
8.3640
2.1880
0.3666
-1.7483
-5.6671
-5.7766
-5.7456
-5.5112
-1.1288
-2.5130
-1.5013
0.0469
-2.6477
-3.4344
-0.3800
-1.3805
-1.0695
-0.6179
0.3557
-0.4253
-5.3839
-6.2073
-3.2428
-1.3375
1.8590
1.5062
-3.9033
-5.0402
-2.1326
-4.4548
-5.8252
-3.0466
-2.8997
-2.0602
-3.8950
-3.5940
-0.7328
4.7547
2.0753
5.1873
7.8177
7.1015
8.0966
4.1327
-0.6286
-2.9176
-3.9288
0.5577
13.3056
7.4827
-1.7056
-5.4166
-13.3642
-8.2118
-8.1036
-9.3233
-7.5682
-12.3500
-16.9082
-13.7200
-1.7847
5.2766
3.4643
1.1617
-0.0642
-1.3376
-4.2268
-4.7566
-4.6726
-5.3605
-5.7283
-4.0282
-5.1096
-3.5001
-3.2213
-2.4585
-0.5761
-2.1578
-6.4162
-7.4261
-6.9982
-5.9081
-5.1326
-3.4818
-1.3701
0.1117
-3.4500
-5.8128
-3.7912
-3.0702
0.2511
2.1757
-0.3798
-0.8069
-0.1436
-1.1358
-1.2228
1.5660
-0.1998
-2.4809
-1.5564
-1.6246
0.0719
-2.2703
-4.4555
-2.1866
0.9706
-2.8426
-1.6228
0.3228
-3.1047
-3.3589
-4.3088
-4.4120
-2.0715
0.1213
-0.7650
-0.8936
-1.4065
-1.7527
0.6024
0.8602
3.3100
-0.6817
-7.8168
-7.5475
-4.2863
-2.0386
-4.4107
-6.4590
-6.7892
-3.2142
-2.4952
-2.1708
-3.6234
-2.1576
-2.8753
-2.0288
-3.2351
-7.7424
-4.6186
-2.0703
-5.2154
-3.5851
-6.2103
-7.3073
-2.8877
-2.0011
-1.4860
2.4915
1.5863
-1.0542
0.0319
4.9985
3.4858
-2.8255
-5.2272
-10.8551
-6.0931
0.4207
-0.2487
0.1053
-3.1054
0.8415
2.7528
-4.1105
-4.9406
-9.1086
-13.7919
-6.4714
-2.8980
-3.2901
-2.6650
0.2434
-2.7309
-4.8491
6.0206
13.1731
1.0270
-10.3562
-9.5527
-9.3776
-11.3801
-16.7282
-15.7435
-11.4128
-10.0138
-9.6002
-9.0285
-4.7407
0.4189
15.6907
20.9996
15.3892
5.5015
-5.4034
-10.4745
-11.2006
-7.8948
-12.0008
-12.9537
-7.7946
-4.4634
-4.2312
-9.4808
-11.5517
-13.0677
-11.6909
-9.2914
-7.4659
-12.2632
1.2486
2.5187
-1.5761
3.4494
2.1876
-2.9421
-3.1065
-3.0962
-7.8626
-13.0874
-9.3494
-8.0561
-5.7666
-3.4570
-1.8246
-0.1827
-3.4748
-2.8049
-0.5443
1.1946
-0.8994
-0.8971
-2.9502
-3.1435
-0.4278
-0.2742
-1.1842
1.0811
3.0385
-2.1640
3.4119
8.5048
13.2236
22.9014
22.4286
5.5118
-3.4947
-0.5479
3.4195
4.5725
2.1422
4.4717
14.6319
20.8531
21.0161
14.8077
8.3571
1.3679
0.7711
2.2733
2.1424
2.5132
0.5813
1.3239
12.6076
8.3100
3.2242
2.1547
4.1942
0.7546
-5.7326
-14.9471
-20.8633
-16.3399
-7.2297
-0.9363
-0.3886
-2.9032
-3.3925
-0.2118
4.2515
7.1185
7.2848
4.9728
2.9189
2.3480
-0.3885
-4.2528
-4.8463
-4.4107
-3.6865
-4.5731
-0.8464
-0.8405
-0.6273
-1.3715
-0.2202
0.5499
-0.0847
0.4059
-1.2392
-2.6008
-3.7501
-1.1198
-2.1083
-0.0363
0.5981
-0.4557
-2.2112
-1.2399
-0.5256
-0.9364
-2.7989
-1.5911
-1.8152
-3.5368
-0.1999
-0.4594
-1.6900
-1.6935
-0.0233
0.0802
-2.4263
-2.0060
0.9372
-1.6820
-3.3691
-1.6442
-2.5772
-3.4233
-4.7912
-2.4450
0.3370
1.0447
1.8024
-0.8902
-2.6591
-3.1797
-1.3700
-1.6206
-2.9770
0.4303
2.7758
0.4682
-2.4648
-3.0007
-1.4094
2.2862
2.1388
-5.1765
-6.7446
-1.8736
-1.3740
-1.1484
-1.9696
-3.1250
-5.4811
-5.5122
-3.0813
13.2480
19.1155
19.2753
22.8663
25.6795
24.9589
23.2878
26.0769
27.5939
30.8448
30.5682
25.1985
22.6175
24.3541
20.8596
15.2574
14.1607
8.4392
3.6655
-9.3212
-12.1431
-12.3150
-11.2972
-11.0072
-10.2079
-9.0892
-4.6597
-3.4506
-5.1316
0.0412
3.7067
2.5174
-3.0312
-4.4144
-4.0230
-4.7328
-7.6258
-7.3069
-6.8927
-1.1887
-1.7709
-1.8034
-0.2311
4.1099
14.5003
21.9199
22.0003
23.2991
21.6498
17.2888
13.2941
4.0939
-4.9966
-4.8580
-1.4928
-0.6286
-2.9291
-5.9025
-6.6287
-12.7260
-16.4892
-16.5431
-13.5381
-10.3439
-7.5635
-12.1872
-14.2347
-14.0187
-8.5577
-4.1481
-3.4913
-1.5124
3.5271
7.4167
3.2346
-1.2290
1.5479
-0.5221
-1.6110
-2.7071
-2.5823
-1.6389
-0.7163
-0.8152
-2.0621
-3.6592
-4.8031
-0.4985
0.1944
-2.1264
-4.1020
-1.5525
0.2145
0.1651
-0.6186
-0.5387
-0.3253
-0.1513
1.2106
2.4384
-0.0447
-1.3521
-1.7537
-3.7398
-1.7967
-0.9431
-1.9092
-2.3622
-3.5809
-5.1387
-3.7545
-3.4850
-3.6014
-4.2322
-6.9714
-5.7492
-3.7456
-3.1672
-1.2689
0.8019
0.7585
0.4151
-1.5258
-1.3257
-7.4173
-9.6916
-7.0944
-6.2231
-4.9325
-5.5399
-4.8857
-5.0305
-3.6948
-4.1924
-4.0752
-2.2950
-2.4812
-0.8006
1.4669
-2.8324
-2.1119
-1.7864
-2.8811
-0.6579
-1.6452
-0.9001
-0.3453
-2.4132
-2.4656
0.2978
-1.7699
-3.2417
-5.5346
-2.7499
-2.0076
-4.9606
-6.8851
-4.8574
-1.4178
-0.8759
-4.0928
-11.8627
-22.7139
-21.5672
-11.4530
-7.8961
-12.9695
-12.8926
-6.5678
-3.9013
-4.7660
-4.6824
-5.9371
-6.3736
-5.7038
-5.6622
-5.0261
-3.3901
-0.7155
-1.3045
-2.2336
-1.1814
-2.5600
-1.4177
-2.1742
-3.9134
-3.3674
-4.7567
-1.7376
1.2481
-3.7723
-2.4606
0.5625
-0.4782
-3.9260
-8.5999
-2.9332
2.0919
0.4077
0.4709
-1.1519
-5.4449
-7.3502
-0.7553
2.6103
2.6048
6.6498
7.4948
11.2339
9.0110
-2.0880
-3.2842
-6.5159
-11.7450
-12.6304
-9.5194
-7.1902
-4.3661
-4.6473
-6.1620
-4.5686
0.5120
2.6407
2.0474
3.8743
-0.0346
-1.5149
-2.4739
1.1803
0.9792
-1.1043
-4.6817
-5.1365
-7.1745
-4.9610
-2.8713
-5.9326
-4.4176
-4.2236
-6.1414
-6.0200
-5.7705
-6.4626
-4.3646
-5.7079
-3.1213
-1.7779
-1.9606
0.9287
1.2540
0.2391
-1.4569
-1.7153
-2.1218
-0.4594
2.6397
0.9768
1.2137
0.9829
0.0556
0.3410
-4.0084
-3.8823
-2.4829
-0.6479
0.9187
4.0795
-0.6168
-3.6945
-6.3168
-13.1450
-16.8912
-12.7726
-9.0453
-6.6500
-5.4106
-4.2340
-4.0106
-7.4426
-3.1018
-0.4790
-4.0823
1.8033
4.1406
-0.4437
-2.3352
-1.0763
-1.1278
-1.7524
-4.0698
-0.1131
8.4526
15.0819
8.6177
0.7802
0.0862
7.1832
1.4364
-2.0351
-2.0070
-2.1639
-4.1732
3.0741
2.1220
1.1453
-0.7983
-0.9469
-3.0415
-1.3201
0.7299
1.0281
3.7003
4.9255
-2.0853
-3.5907
-8.5152
-18.5653
-18.7784
-10.3862
-13.1768
-9.0707
-2.9345
-4.1362
-4.3825
-0.1523
-1.2655
-1.1175
1.9103
-3.0372
-7.2677
-4.2102
0.8194
1.3537
-2.3131
-3.3562
-3.0810
-5.5718
-0.9148
1.1006
-12.4267
-3.3893
0.6354
-0.4044
-5.8026
-6.5814
-4.9009
1.3439
1.1212
-1.2017
-0.8391
-1.1468
-0.0208
1.2512
-2.7941
-0.5241
4.8412
8.1685
5.0653
-0.2795
1.8141

Coefficient 40:
0.3712
4.2537
4.8126
3.8568
-4.6569
-1.6839
2.8746
2.3324
-0.5412
-2.3816
-1.6677
-0.9174
-0.5139
-0.8498
-1.5969
-0.6973
-0.7092
-1.3723
-0.3665
-1.3740
-3.9820
0.8335
-0.8182
1.5980
1.4915
-2.0379
-5.5508
-5.5350
-3.1888
-2.5685
-5.1390
-4.6007
-2.8316
-2.9633
-1.5066
-2.6735
-4.5074
-4.1043
1.4483
2.7582
-0.3289
-1.3337
-1.3062
-0.9738
1.2288
0.7078
1.9912
-2.7997
-3.9544
-2.6468
2.2457
4.5779
3.9170
2.9461
1.3233
0.1169
-2.9115
-3.9740
-5.1799
-6.3550
-5.9724
-5.6352
-2.8905
-1.7427
0.2248
2.1434
4.0687
0.1999
-0.3588
-0.5120
-0.3603
1.4946
0.2596
-1.9258
-1.5087
-3.8014
-7.0668
-6.7972
-7.7988
-11.0651
-7.9440
-7.2482
-7.3169
-6.4890
-11.7364
-17.1141
-16.0607
-10.0519
-3.0393
-6.5947
-15.1828
-17.0918
-11.4436
-5.8138
-6.2194
-8.3683
-8.0563
-11.2872
-14.0340
-14.2809
-11.9122
-9.6202
-14.7682
-19.5071
-15.6551
-9.4196
-4.8814
-6.4225
-8.5455
-9.9470
-11.1257
-14.6743
-12.4406
-3.9335
4.1847
-0.0912
-5.3978
-7.2702
-6.2661
-8.3844
-15.6930
-18.2634
-11.5448
-9.1089
-12.5946
-18.1704
-14.2200
-9.7805
-4.7555
-0.4273
0.0788
-1.4782
0.7009
-1.0717
-5.6584
-9.4605
-14.0092
-9.3505
-7.1384
-5.4065
-3.8590
-1.4620
-1.6637
-4.6727
0.7147
8.8125
9.0192
1.2790
-6.5426
-6.6309
-9.5362
-14.9396
-21.0493
-17.9312
-0.9592
14.7513
15.9461
3.8178
3.6546
-3.1586
-12.1666
-10.3843
-14.5691
-8.9450
-5.0948
-3.7317
-1.7686
-1.0474
-0.3963
-1.5804
-2.6907
-2.9409
-0.7212
0.0368
-2.0916
-2.1363
-1.1986
-1.6840
-0.8466
-2.4247
-1.6811
-1.6716
-2.0364
-0.8152
-1.5511
-0.7892
-0.8619
-0.7861
1.5240
0.1870
-2.1065
-1.6470
-1.2558
-3.8014
-2.5841
-1.3810
-1.3779
-2.1080
-2.0130
-2.9184
-4.5925
-2.0445
1.1232
-0.7053
-4.2340
-3.0419
-2.6185
-4.7512
-3.6407
0.2215
0.9682
-1.2856
-2.6848
-2.2144
-0.5632
0.0954
-0.1651
3.4827
-0.3166
-2.3939
-4.3797
-3.0047
0.0453
-10.8835
-16.2423
-15.3914
-11.3047
-3.0433
-2.8841
-7.4245
-9.4371
-2.0300
-0.4989
-5.0636
-5.6973
-8.4797
-6.2254
2.3053
8.0610
6.8297
-0.9052
-2.6150
-4.1190
-6.1887
-5.0092
-0.4237
15.3674
15.7977
3.8830
-8.5672
-9.4428
-6.8399
-13.1581
-7.1273
-2.0486
-2.3463
-2.1769
-0.3169
-0.1248
-0.3622
-1.7251
-5.5595
-6.0063
-3.5968
-3.5931
0.7099
1.7325
3.0435
-2.0172
-5.9147
-5.4752
-5.2717
-7.8253
-3.7492
-1.3161
-4.2441
-4.5295
-4.2878
-3.7852
-2.6388
2.3708
1.8697
-1.6840
0.9634
-2.4987
-6.1143
-5.4767
-3.3757
1.9724
0.1656
1.7053
0.0418
-0.0649
5.3135
5.5608
-1.4071
-3.2493
-4.9333
-3.5154
-2.7860
-1.4477
-2.5896
-4.8352
-3.1288
-3.3542
-2.7020
-2.8483
-2.9384
-1.5360
-1.1782
-2.5099
-2.7792
-4.4142
-5.6463
-4.6810
-4.2557
-2.2537
-1.0599
-2.6653
-0.4907
3.8947
5.1252
2.6077
1.9494
1.2481
-0.1522
-1.0571
1.1013
-1.6669
-0.0983
2.3609
1.5580
1.6752
1.0080
2.8761
2.1604
-1.4087
-2.6306
0.3894
1.2497
-0.1416
-0.9288
-0.0477
-0.4033
-0.9140
-3.0127
-1.4581
0.7738
-1.2401
0.7891
4.2692
0.2966
-0.4401
-0.4117
-2.0217
-0.6675
1.2390
0.7803
3.8560
3.1035
-6.3333
-6.4900
-3.8953
-3.2704
3.0980
12.3600
18.6781
21.1814
15.3218
4.7591
-5.6659
-5.2498
-2.1854
0.5091
0.0002
1.7539
2.9181
2.1787
0.2039
18.7571
26.7126
23.2303
22.5469
24.1506
13.5299
10.9149
12.8944
15.6361
15.3677
11.7294
7.1877
5.7171
7.1290
5.3487
5.4240
3.8905
3.9916
1.4044
-0.5836
-2.4919
0.4812
-1.1068
-0.2377
0.2483
-3.1531
-0.9846
0.1038
1.9288
0.0483
-2.5543
-2.5816
-2.1096
-3.3065
-1.5738
2.3145
0.4064
-2.2093
-4.8010
-3.9399
-1.7190
-0.4707
-2.4556
-1.9169
-1.7211
-1.7135
-0.1486
0.2510
-0.3481
-0.1978
-2.7643
-3.3393
-1.7641
-1.1969
0.0851
-1.8048
-4.0405
-4.8149
-4.1820
-0.7413
3.5874
3.8109
2.9247
3.0964
0.3177
-2.1949
-0.7665
-0.0049
1.8574
1.1949
-1.6383
-2.9958
-1.4056
-4.5884
-6.4662
-6.4131
-5.4750
-2.2388
-0.2763
-1.5201
-0.5408
-1.0623
-2.5510
1.1807
3.6750
2.9553
1.9385
-1.5191
-6.7013
-10.4261
-11.1094
1.9119
3.0422
-4.4905
-8.1036
-8.2464
-4.8500
-0.9917
-2.9671
-6.1422
-5.9815
-4.8785
-6.6549
-9.1659
-8.7455
-5.4365
-2.0812
1.8744
-3.8823
-12.6192
-14.0419
-10.5985
-5.5314
1.7421
-0.2839
2.9754
0.2621
1.7925
0.4026
-0.2875
-5.2080
-10.5794
-10.5946
-5.6555
-10.2280
-9.7260
-7.2682
2.3873
16.0489
18.3085
14.2364
9.6261
7.8893
3.4003
-2.5002
-3.4039
-1.7918
-4.3073
-1.6969
-2.3668
-1.3623
0.3117
-2.2811
-2.7628
0.3139
-0.9180
-0.3280
-0.1888
1.1233
0.0506
-4.5586
-5.0994
-1.3425
-0.4639
2.0688
1.9891
-2.1575
-3.7620
1.6208
5.9867
8.8894
6.3517
0.1134
-5.4090
-5.0903
-3.1959
-0.7601
-2.5351
-4.7042
-2.7569
3.8472
8.9759
10.5017
10.1238
6.0484
1.8547
-7.3181
-11.3238
4.0959
9.1255
2.0146
-4.1885
-4.5736
-7.6265
-14.4561
-17.2104
-17.7124
-16.3308
-11.5030
-4.1409
2.6984
1.5211
-3.8629
-5.7285
-5.2596
-8.4232
-9.9076
-4.3211
-1.9373
-2.8871
-0.4303
4.4913
4.9659
3.8170
-0.1898
-1.7200
0.6513
1.9222
1.9949
1.5896
0.8125
0.6328
4.0164
2.2312
1.3210
-0.7223
-3.2203
-4.9881
-2.5681
-1.5073
1.2299
1.8264
-1.0570
0.1976
0.0124
-2.1999
-1.5803
1.3940
-0.5411
-1.9615
-1.0355
-2.3108
-1.8866
-4.0709
-3.7363
-0.8839
0.4331
-2.7148
-0.9659
1.0829
-0.7458
-0.2833
-3.0154
-3.4327
-2.0837
-0.5140
0.3206
-1.6513
-2.6807
-3.3644
-5.1065
-1.7118
3.6220
0.3368
-5.7166
-4.7477
-3.8633
-1.9635
-3.6305
-3.6469
-5.3755
-3.6077
-1.1529
-2.6467
-4.0196
-2.4089
-4.8595
-10.3078
-9.1480
-6.4998
-7.1257
-6.7935
-5.5388
-2.6714
-1.0528
-4.3847
-2.8996
-1.2171
1.0618
4.0134
2.5304
-0.0161
0.7651
4.9981
2.4470
-2.6497
-10.3310
-7.3221
-3.1073
-1.4751
-0.0654
1.2457
-1.1914
-0.0140
-1.7638
-11.6535
-15.1033
-19.0978
-22.7809
-21.4991
-15.4872
-10.7289
-11.3354
-7.4636
-6.5072
-8.7762
-5.4696
10.7488
7.1275
-4.6652
-12.1517
-15.1402
-10.9672
-10.5173
-8.1639
-4.5266
-8.6468
-8.3356
-4.6409
-5.2367
-3.5548
11.3644
21.1852
23.2971
15.1920
1.3689
-5.0962
-8.4721
-13.3670
-21.2275
-24.7033
-21.4974
-19.4881
-12.7655
-3.7625
-1.9897
-7.5264
-14.8568
-14.4980
-6.2090
-6.6831
-5.4614
-13.2791
-17.3707
-8.6971
-6.8521
-10.1324
-13.0319
-10.7615
-12.8128
-12.4818
-11.3310
-13.2158
-13.3071
-13.5290
-10.8535
-10.3022
-6.1988
-3.0382
-2.0710
-2.4690
-4.3308
-3.0399
-3.7133
-3.4369
-0.2561
-0.9187
-2.8613
-8.3367
-3.7185
-0.2857
-2.3590
0.9689
10.6247
22.2750
24.8616
15.9988
5.8896
3.8170
3.0249
3.9887
3.3030
-1.0840
-2.4778
6.5895
13.0663
15.8674
14.2501
11.2811
10.1513
8.2705
5.6546
4.1143
4.4539
0.9008
8.9039
9.7644
3.3890
3.2651
5.0694
1.2798
-2.7110
-7.4038
-14.2135
-14.0295
-11.4102
-4.2910
3.1265
4.7236
8.9612
7.4892
5.0389
7.6842
4.9988
0.5032
0.2084
4.1509
3.8474
-1.7786
-6.0226
-5.2712
-0.5278
3.3388
-0.8286
1.2035
-0.5670
-0.7397
-3.5344
-3.8996
-0.5418
0.6906
-1.0724
-2.8566
-3.9073
-1.9256
-3.8300
-4.8445
-3.1271
-4.3692
-2.3448
0.8197
-0.2027
-0.8635
-3.0801
-1.8014
-0.0083
-1.6697
0.1600
0.3686
-0.8612
-1.6594
-0.1992
-0.5730
-3.1836
-2.1880
1.4778
-0.3706
-2.6635
-1.7999
-2.3957
-4.1044
-2.1753
-1.9446
-0.5873
0.7272
2.2726
-0.2005
-3.3040
-3.6558
-1.6238
-1.7962
-3.1134
-1.3492
1.6965
0.9477
-2.3502
-2.5412
-1.1337
0.7259
-1.1189
-1.1794
-4.9676
-3.2647
-1.3865
1.6427
0.5728
-0.1831
-0.5508
-0.8930
1.6099
3.8033
16.5668
24.8150
19.7741
23.1697
34.2019
38.6861
39.8187
39.1570
36.9154
39.3683
42.2166
39.9999
39.9545
33.8226
28.0130
26.3052
23.5151
16.5227
-0.8439
-7.3261
-6.8685
-6.8180
-6.8376
-4.6808
-4.9979
-4.7897
-5.8609
-5.6866
-6.6384
-5.7327
0.6647
-4.3598
-3.7076
-4.5736
-6.2938
-3.2882
-7.9181
-6.2956
-3.3713
-10.8234
-12.9039
-7.9660
1.5686
12.6882
18.0458
22.8096
28.6435
33.1288
32.3471
29.7558
27.5938
26.7093
19.7452
14.4191
13.2067
13.4279
7.3772
8.3027
7.6878
6.9336
5.6612
6.3092
3.5511
2.4007
5.9392
6.0301
-0.4358
-4.6700
-3.2676
-1.2459
-2.3240
-2.1032
-4.3524
-8.0108
-5.1668
-0.1449
-2.7341
0.5136
-2.7675
-2.7567
-1.9058
-0.9621
-1.1850
-2.6327
-3.5550
-4.7535
-0.2465
0.5183
-1.5524
-2.9300
-0.9749
0.6521
0.6089
-1.1651
-0.1071
0.7739
1.8751
2.1661
1.8571
-1.0378
-2.5914
-2.4099
-3.6752
-1.0979
-0.6958
-1.2678
0.2856
0.1208
-4.3737
-4.9857
-3.5633
-3.3021
-2.9491
-1.3166
-2.8758
-3.7579
-3.0304
-1.5402
-0.5622
0.6759
0.9311
-0.4099
-1.7147
-11.2085
-12.5371
-7.1028
-6.2972
-8.2660
-7.7548
-7.4129
-8.4079
-6.7759
-3.6358
-7.9225
-4.3154
-1.8828
-4.3735
-3.3881
-4.6852
-2.6052
-1.6139
-1.9712
-0.8609
-0.6005
-0.2638
1.6269
0.0730
-0.8214
1.0853
-0.0945
-1.5466
-5.4575
-3.5115
-1.6560
1.2595
0.6420
-3.5255
-0.7072
3.0529
-0.7641
-3.8542
-5.5747
-6.7545
-6.0295
-6.2525
-11.8850
-12.7738
-7.2557
-6.1631
-5.7375
-1.2374
8.4530
8.2119
5.0085
4.9602
3.7345
0.4958
-0.7916
-1.3912
-2.0425
-0.3986
-2.0632
-1.2978
-0.9677
-3.1085
-2.2571
-3.3186
-0.4575
-0.0096
-3.0235
-2.7557
-0.9771
-1.0386
-5.3996
-8.5046
1.3596
0.4980
-0.4179
1.3691
-1.8882
-4.0075
-8.7047
-7.0952
-5.9770
-9.9396
-7.9826
-5.3248
-4.4193
-1.4835
2.1452
2.9134
5.5791
6.2336
7.2876
9.8669
3.6029
-0.3332
2.1621
-3.1979
-7.3176
-1.6619
2.8035
6.3566
1.9546
-0.6521
0.1002
-0.4203
0.5910
-1.4327
-4.6634
-5.4485
-4.9087
-8.7627
-5.8035
1.2253
-2.9400
-3.7408
-2.8375
-4.1794
-3.8277
-3.8508
-6.1611
-3.1945
-4.9678
-2.6885
-0.7356
-1.6281
-0.4436
-1.7669
-2.0599
-2.5406
-2.9377
-3.7878
-4.0743
1.3527
0.7537
-1.4530
-2.9356
-1.4811
1.1775
-3.3193
-5.6180
-6.5625
-1.8053
-0.2935
0.4297
-2.5946
-1.5663
1.5409
0.3387
3.5697
3.5283
-0.8838
-0.1607
1.3600
3.3886
3.4016
-1.3900
-3.1629
-1.1853
-5.3125
-1.5952
0.7813
-3.1158
-2.5184
-0.0908
0.2132
-1.2743
-2.1630
1.2217
5.6896
-2.7100
-9.4001
-5.7185
0.8367
10.1099
2.7705
0.0101
0.1198
0.8811
-2.2140
1.8329
0.4427
3.0628
5.5651
-0.4408
-2.1766
-2.1758
0.7268
0.9738
8.6489
12.9085
6.4791
-1.9900
-4.1959
-6.7959
-4.2236
-2.6291
-3.1055
1.8297
4.3081
3.4973
-1.0514
-4.0029
-4.9099
-4.7054
-1.4182
-3.5086
-3.9626
-1.7037
-4.2501
-3.1087
-2.4380
-3.8733
1.9592
0.6999
-0.2331
-1.6716
-4.7432
-3.4162
-5.6456
-9.8759
-7.3799
-7.8786
-10.9982
-12.9802
-8.7820
-1.4369
0.9222
2.5979
-2.1260
-1.2745
-5.1937
-0.7735
7.4533
6.0015
-0.0403
-0.2489
1.0264
