MFCC Analysis for recordings\JenevaIdlette.wav
==================================================
Shape: (40, 966)
Number of coefficients: 40
Number of frames: 966
==================================================

Statistical Summary:
--------------------
Mean: -15.1159
Std: 102.5456
Min: -825.4890
Max: 217.0549

Coefficient Values:

Coefficient 1:
-825.4890
-672.1713
-580.5376
-573.4080
-622.5968
-663.5973
-620.0408
-573.1011
-561.0452
-582.9345
-617.9741
-660.2272
-699.4891
-719.3721
-702.1194
-654.7796
-645.4907
-679.6523
-714.2672
-712.3823
-717.4420
-685.2627
-590.2164
-522.2517
-495.3400
-486.9544
-493.6536
-530.9376
-557.0339
-526.3870
-526.8729
-541.7903
-543.0726
-535.6362
-538.3953
-555.9975
-566.8436
-555.7798
-581.8723
-666.2498
-749.4412
-681.9834
-578.3239
-542.2047
-575.6705
-601.0314
-562.1600
-542.6096
-560.7599
-614.1058
-582.2612
-472.7790
-423.9834
-433.0438
-445.6724
-456.3709
-496.4118
-536.2195
-518.2402
-493.8969
-483.4685
-480.7808
-512.5017
-595.6749
-704.9316
-769.9669
-798.4164
-803.1542
-802.0189
-807.5761
-808.4701
-806.4135
-808.8456
-809.7969
-808.4291
-809.9197
-811.1461
-808.6268
-808.5059
-810.5503
-807.0062
-799.8101
-798.9349
-775.5420
-633.1993
-531.7228
-486.9203
-468.4703
-453.8653
-462.2836
-499.9947
-537.8947
-581.2743
-608.4160
-628.3020
-654.8871
-702.2374
-769.6470
-802.0892
-801.4756
-798.2869
-799.4695
-800.2352
-804.5159
-807.2206
-806.4390
-808.3558
-804.9546
-806.0434
-808.3195
-802.9482
-802.8104
-806.1714
-805.5390
-805.4027
-804.8240
-804.2255
-805.1436
-799.4462
-784.3489
-768.0522
-755.7218
-747.7186
-753.9501
-767.0140
-778.7694
-792.4409
-801.4413
-807.8688
-807.4557
-804.6148
-796.3595
-781.9456
-767.6476
-766.3653
-772.4682
-771.1232
-773.0312
-781.1541
-787.3251
-792.4145
-795.3275
-800.9177
-808.2615
-810.6130
-802.8191
-790.9335
-786.6639
-790.5588
-796.3013
-744.2200
-556.1531
-451.0234
-404.7718
-427.3398
-494.9385
-474.6965
-401.2674
-371.0945
-397.8694
-429.9841
-407.7009
-398.3973
-383.5405
-374.3622
-390.3759
-391.5541
-356.1702
-324.5579
-334.3104
-350.2251
-370.2926
-428.6576
-470.8616
-473.0016
-472.5636
-476.5783
-426.2036
-384.7703
-401.7744
-444.8693
-483.8131
-446.9783
-407.4285
-400.3634
-399.2019
-388.5342
-385.5192
-407.6719
-443.8020
-499.5425
-582.2107
-667.6506
-734.6349
-762.3997
-711.3867
-571.1595
-500.0809
-472.3401
-386.1649
-330.2842
-313.1012
-303.2429
-320.3049
-348.6798
-369.1663
-376.5450
-414.3476
-497.0047
-483.7634
-426.6465
-424.4193
-449.2532
-463.1628
-477.9313
-481.8651
-476.1216
-495.5199
-526.1514
-562.6186
-575.8058
-516.9457
-486.7719
-430.7476
-421.7280
-445.2229
-442.2466
-434.1984
-436.9643
-459.6355
-507.3634
-587.3181
-669.6750
-722.5837
-763.4797
-793.4413
-803.1345
-756.8966
-640.2231
-561.4758
-540.6562
-582.8420
-677.7953
-742.3900
-774.1180
-783.7451
-682.7191
-619.0984
-610.0216
-632.3500
-670.0470
-697.9868
-727.9431
-760.0272
-782.4114
-797.8987
-804.6710
-795.1721
-774.8583
-776.8087
-786.7401
-792.8043
-786.8220
-756.3513
-731.9862
-739.8029
-761.6800
-770.1523
-779.4481
-780.7966
-781.5669
-786.5808
-792.8490
-797.1552
-797.7000
-799.7457
-761.2838
-699.8654
-546.0994
-436.4919
-400.5297
-378.0629
-376.8657
-395.7844
-436.7195
-470.2144
-462.2163
-409.2677
-364.2863
-348.1798
-362.4867
-419.2915
-516.8355
-598.1082
-658.4909
-705.6913
-744.6270
-767.0894
-737.4852
-635.6954
-549.2377
-508.8915
-480.7975
-454.3358
-453.0664
-472.1011
-495.7782
-546.7740
-605.9004
-648.9399
-706.1617
-771.0872
-780.8608
-766.1819
-756.8798
-767.5302
-784.3608
-790.4905
-795.1778
-794.3162
-792.5455
-796.3809
-801.1112
-794.4136
-787.0739
-788.1649
-765.7229
-716.3489
-679.7318
-666.8636
-676.9894
-717.9934
-770.9475
-793.2347
-796.5623
-794.2601
-792.6552
-789.6321
-772.8151
-772.5757
-784.3283
-767.2180
-749.5183
-753.5969
-774.9534
-790.2309
-798.2098
-734.1017
-647.0485
-609.8724
-631.5276
-681.4672
-607.9240
-479.4882
-419.9167
-410.1021
-450.2545
-506.3976
-531.5045
-499.4156
-447.2902
-417.4586
-392.8125
-391.5044
-387.7470
-397.5345
-420.3582
-428.6497
-434.3206
-446.8273
-472.3944
-456.8463
-416.3511
-395.6279
-390.0578
-398.6677
-412.3540
-402.9255
-397.3690
-409.7502
-434.4128
-451.8467
-481.6270
-495.4538
-465.6915
-436.7098
-421.3573
-440.3763
-488.9097
-500.6764
-481.0152
-475.8406
-492.1456
-518.9901
-487.2055
-454.3855
-454.1535
-466.0807
-487.9508
-515.7939
-486.2871
-483.9223
-535.6811
-612.7927
-544.8093
-462.7146
-434.7815
-465.5325
-526.7756
-563.9407
-584.6810
-594.1434
-615.1973
-635.8317
-660.7262
-681.7899
-706.7402
-735.1002
-750.0331
-764.7159
-773.7148
-569.6375
-423.0303
-366.4704
-388.4665
-433.6071
-422.6549
-435.4166
-441.4242
-427.6901
-434.9506
-451.3217
-459.4472
-487.8341
-552.0965
-581.2605
-556.5720
-474.1932
-409.1263
-390.2292
-394.3854
-411.3941
-455.8555
-517.1816
-580.0402
-658.3795
-728.3939
-769.1790
-789.4166
-801.7346
-802.5325
-798.2025
-801.4067
-804.2887
-805.9481
-810.3870
-810.2209
-807.3193
-798.4083
-796.8751
-801.0121
-801.7313
-798.7220
-795.8019
-792.3739
-790.0494
-795.9206
-801.4258
-797.7100
-785.7278
-772.6013
-752.0026
-727.9323
-707.6690
-700.1227
-697.1185
-703.3235
-707.6384
-709.8681
-709.4609
-710.3377
-717.5789
-727.3449
-736.0981
-749.3880
-752.9329
-741.1929
-731.7424
-729.9831
-720.0308
-707.4618
-709.4556
-709.2648
-696.6874
-676.5568
-661.3196
-621.1381
-530.9017
-431.2261
-395.5164
-398.9753
-417.4827
-415.1852
-409.4683
-408.5970
-414.8944
-466.4528
-458.3015
-383.1856
-363.7620
-399.1655
-470.4238
-481.6036
-494.7776
-515.8543
-473.1810
-412.2589
-406.4539
-461.6504
-480.7088
-420.6129
-401.1130
-395.9492
-379.0482
-375.6841
-396.9265
-446.4795
-505.0648
-525.2352
-495.9796
-467.6468
-468.7017
-486.9153
-496.9691
-514.6882
-546.4601
-585.7098
-608.6619
-624.5680
-661.3627
-718.1636
-752.6922
-729.4946
-652.8459
-595.3222
-576.8406
-582.9147
-551.5699
-531.0413
-550.8040
-556.9070
-525.5688
-473.3008
-438.6473
-421.5115
-426.8813
-438.6494
-483.9510
-537.8860
-565.3165
-604.3364
-666.8752
-741.2392
-786.6414
-780.7640
-766.4221
-774.7597
-794.7314
-804.5629
-801.9235
-788.0044
-772.6318
-753.1682
-742.5900
-749.8333
-764.7665
-771.7607
-777.8533
-787.8454
-795.3154
-796.6314
-793.8410
-792.1902
-794.3406
-803.7983
-806.8226
-794.1907
-752.5258
-679.0031
-583.3336
-526.9446
-511.7842
-543.4886
-615.4413
-603.6975
-563.8885
-541.1507
-541.8552
-561.6807
-551.0316
-534.1505
-544.2667
-563.8822
-546.0523
-545.5789
-604.6904
-696.5815
-752.8583
-720.3685
-645.8345
-619.7048
-641.2556
-692.5237
-743.5859
-772.8068
-771.6927
-745.8304
-695.0233
-674.5815
-689.0364
-713.6920
-726.7383
-722.8065
-716.1078
-710.3681
-709.4557
-714.2396
-697.4758
-680.3282
-689.6567
-701.9083
-696.1277
-706.4968
-728.6252
-752.0641
-768.9587
-769.1283
-775.2905
-769.6579
-761.9183
-762.4022
-760.3273
-762.1453
-774.0128
-788.2128
-797.5029
-798.3356
-797.1495
-800.8273
-803.2898
-804.8817
-796.0924
-777.7947
-771.1796
-776.4255
-762.7329
-765.1934
-786.0972
-790.3859
-791.3759
-800.8965
-802.8351
-803.4453
-803.3591
-796.8990
-790.4357
-782.0415
-777.2185
-783.8667
-795.9233
-798.5884
-791.7615
-783.4899
-787.3178
-796.1506
-797.1624
-792.6208
-787.8167
-787.7634
-781.9861
-770.2825
-763.8614
-766.1887
-766.7839
-761.6042
-770.9688
-788.1064
-796.4991
-797.2539
-800.0143
-792.5056
-787.5256
-792.7380
-803.3544
-804.3260
-796.8194
-788.4725
-789.4526
-790.0660
-792.0721
-797.3708
-798.6416
-801.6476
-803.8842
-807.7084
-804.0728
-795.9146
-785.4042
-777.1375
-773.2875
-772.4484
-780.7487
-785.7286
-790.4263
-772.3008
-751.5753
-757.1894
-771.2434
-766.6197
-747.6541
-742.2491
-752.8561
-760.0891
-754.7667
-751.8068
-760.3896
-773.1221
-774.5776
-773.0155
-781.0154
-788.9601
-789.8735
-792.3381
-790.1331
-782.9603
-777.2106
-776.9213
-783.9121
-789.6038
-788.5958
-777.3800
-778.3481
-781.4615
-784.2570
-784.8968
-776.6265
-770.5349
-767.2109
-752.7712
-680.8862
-625.2604
-571.9426
-530.7115
-509.6448
-541.0671
-605.3993
-622.0956
-580.7331
-543.9533
-525.4308
-520.9326
-542.1198
-566.5590
-582.0757
-612.5186
-647.7637
-684.8533
-676.9325
-624.5479
-606.7600
-642.9910
-689.6328
-672.4036
-647.6229
-626.1202
-626.5809
-644.6459
-677.6985
-684.5830
-674.3779
-677.7134
-704.2835
-728.3461
-752.4445
-774.4915
-788.2480
-764.8060
-693.4748
-538.5497
-450.7942
-427.6360
-370.4508
-322.8507
-332.3001
-378.9666
-395.5883
-392.8951
-396.6599
-408.8769
-433.5980
-461.8415
-449.0874
-432.2799
-438.7704
-483.7438
-569.1104
-564.7378
-491.3618
-453.7810
-436.2576
-438.2236
-435.7533
-432.5339
-441.9597
-457.5434
-498.8277
-556.2287
-623.9881
-667.2668
-596.0828
-526.4720
-460.9440
-429.6805
-441.1440
-418.9224
-413.2456
-411.5787
-412.9469
-400.1346
-399.9435
-403.7523
-410.9421
-415.7855
-433.7565
-449.3351
-443.2723
-427.3668
-429.0090
-465.7184
-531.1918
-589.6556
-561.6582
-479.5205
-395.9416
-391.5237
-470.8581
-544.6525
-522.0799
-458.6587
-383.1885
-343.4614
-372.1210
-436.4496
-475.0451
-527.4139
-617.5460
-717.2307
-762.0710
-773.5259
-768.4951
-760.1313
-739.7968
-698.3123
-683.1862
-688.6745
-687.2481
-681.0125
-674.9099
-654.3973
-649.8770
-655.3689
-661.8183
-622.4887
-584.1769
-589.5369
-618.5683
-645.0206
-666.3825
-687.4097
-698.8074
-670.0590
-613.1935
-525.1216
-451.9787
-427.6750
-427.5186
-419.8983
-422.9515
-436.9168
-441.8912
-449.6748
-459.2514
-498.1992
-581.1407
-669.9987
-721.8919
-746.3918
-713.3412
-666.9470
-637.1320
-628.5494
-632.0443
-641.4559
-656.7129
-675.5276
-694.3467
-720.8922
-737.9604
-708.2028
-688.2609
-702.6610
-730.6263
-740.7097
-716.3307
-699.1572
-651.7674
-625.3140
-650.9593
-715.3260
-766.5485
-777.9084
-749.6827
-736.9263
-718.6627
-668.6460
-645.6285
-671.5244
-682.8158
-658.3208
-604.6130
-565.7543
-559.1080
-585.3414
-625.6199
-652.4247
-682.4390
-702.9972
-718.9960
-724.4343
-723.9013
-722.4691
-697.9050
-654.0165
-608.0941
-574.6540
-554.3657
-552.8226
-573.8502
-600.8096
-632.4880
-671.2587
-701.3746
-701.8146
-641.2036
-554.6211
-459.0577
-403.6319
-397.0331
-423.5109
-415.3992
-388.0745
-384.8387
-403.6788
-432.1331
-482.1004
-581.3085

Coefficient 2:
0.0728
123.3289
151.8482
150.2199
137.3786
123.9914
110.6506
103.6918
117.3757
151.4982
177.1101
169.4547
136.1347
98.9271
72.3876
72.0998
71.4146
66.1036
70.8100
73.9474
71.2285
82.6111
100.4741
96.2214
86.1284
83.4372
105.1398
110.4579
106.7456
113.2479
126.1831
140.8600
161.0076
168.5206
151.7616
118.3867
80.4308
68.9047
77.0035
85.1979
74.9500
100.2260
92.1566
86.8265
94.9366
123.0134
158.5998
172.6153
176.7618
164.3029
154.9962
148.2358
141.1115
144.4351
155.5692
165.9260
159.1651
160.7953
163.1135
168.8355
182.4541
179.8108
162.8430
135.7935
96.6482
61.8976
35.0176
29.1996
29.1220
24.3843
23.0689
25.5416
21.2749
20.5947
22.8453
20.9515
19.3131
22.2561
22.9914
20.3821
24.2635
33.0548
35.3987
55.2032
141.7800
159.5407
161.3896
161.9464
166.3615
165.1627
156.9306
153.6028
148.0739
129.0174
101.9271
74.6041
54.2773
40.5251
29.8335
27.0926
29.6409
31.8309
32.4270
28.3767
25.0302
26.0992
23.5437
27.6148
25.7240
22.8384
29.7550
29.6357
25.8950
26.7998
26.8447
27.7331
28.7440
25.6455
26.5792
34.6784
39.9780
43.7351
48.0953
42.9585
36.9732
31.7575
27.0260
23.0993
19.8799
22.4281
26.2909
32.2345
39.4085
46.2085
43.2217
39.0657
46.1077
49.7118
46.7083
45.1071
39.9166
36.8501
31.4439
22.5896
19.4203
28.8172
43.6491
47.3808
42.2275
30.9623
52.6055
119.9316
128.4103
124.5167
122.8551
105.9947
120.8151
143.4294
148.3732
146.0159
104.2326
84.6713
95.5884
70.8332
23.8843
-3.4930
26.2682
90.8301
111.7691
106.6133
116.6651
146.5610
153.9297
113.2556
48.9335
6.8507
-15.1433
25.5764
89.0790
132.3393
140.3089
146.2462
152.2630
140.5109
124.2064
116.1645
116.2895
109.9229
116.0785
127.5635
130.6803
119.7701
95.6442
67.2280
60.1717
72.2724
-26.7349
-71.2873
-77.4492
-6.1981
48.5490
77.9522
82.7539
83.9561
63.6575
-1.5665
-41.8245
-50.7863
-30.9777
59.7567
120.2644
158.4854
184.6109
204.1929
213.4208
214.9998
211.2796
196.6429
184.7691
162.0435
136.1374
158.6070
164.6933
65.4364
-12.7702
-44.3188
-0.5473
71.7263
106.0259
127.8199
139.7190
131.0583
105.0578
85.8024
57.4129
33.8588
28.3369
71.9769
126.6012
146.7612
149.2726
138.1788
112.2761
87.1282
60.7028
48.9109
120.7048
164.1075
175.9636
176.1080
162.7231
140.7502
112.2129
76.2755
52.5681
35.0291
27.3836
26.0246
22.4578
12.3356
10.1650
16.1493
12.8665
-0.6301
-2.7567
8.1211
28.7366
34.9775
35.5400
38.5395
43.3121
40.7042
35.1496
29.9239
30.0980
31.5412
-18.5110
-74.2525
-13.3509
52.0957
109.1392
129.3096
137.1651
143.1253
149.4623
147.6555
150.9695
141.7989
135.2546
128.9242
130.8654
134.2738
132.1190
126.4000
104.7290
84.0433
66.5294
52.6055
57.0922
139.4232
184.3100
206.4448
210.9461
201.2567
192.6005
184.4801
177.4692
170.6082
155.9260
129.9945
85.8186
45.6817
35.2692
39.5407
54.5649
59.7409
51.9311
47.2204
40.8731
41.5636
43.1612
38.1335
31.3748
18.9156
17.5149
24.0111
51.9602
68.2855
67.1672
65.5568
72.2658
73.0842
55.2823
40.0606
34.1710
32.1311
31.3695
35.4721
50.4990
50.0437
47.7176
67.2217
83.5213
79.0279
56.7057
41.2368
30.0348
83.5002
141.7898
158.7299
151.1698
130.9624
151.2324
169.5731
165.5246
173.3112
181.5399
178.3020
168.7585
166.7122
153.8158
131.6357
130.0203
134.2841
143.1822
155.3011
165.2826
159.4873
152.3705
155.1069
150.6573
153.5314
136.6946
113.8014
114.7597
128.3115
132.3755
146.2072
155.3458
143.4657
138.1304
141.0817
129.2826
95.5767
102.4054
126.9534
127.1754
124.3747
138.4723
149.2974
153.1824
151.9443
139.6594
119.2799
117.7700
132.0196
135.7076
144.4237
150.1237
156.1647
162.0312
157.4166
140.2007
110.3994
141.7016
159.8082
155.1797
138.9563
117.3544
104.4900
92.9178
86.3920
76.9242
71.0744
66.2667
68.5611
68.1380
63.8500
65.5956
59.8517
55.8762
136.9389
142.8147
129.9263
124.7745
124.9269
113.7087
109.9677
131.4185
166.2944
188.9677
207.8900
217.0549
212.1222
193.8170
161.6680
141.5096
155.1773
159.0312
155.4734
152.7902
153.1166
151.6143
139.4747
133.0630
107.5523
71.5226
38.0057
25.3074
21.0333
25.3612
28.9263
24.2616
23.5506
25.1124
20.3693
20.7833
24.5164
34.3118
35.4049
29.5344
27.8079
32.5294
37.5722
41.5439
44.9124
37.5986
31.0025
35.8283
48.5820
57.5826
61.9517
62.8781
64.2909
61.2126
59.5485
51.4335
42.1265
44.8653
52.7720
62.7086
64.5644
63.3792
63.9444
63.2868
61.9922
73.7271
76.4793
69.5923
68.8298
70.5623
63.6941
58.5860
68.2052
91.2715
112.9967
152.4753
179.2677
173.6602
153.2129
137.1812
139.3941
140.0400
128.0774
120.6226
142.6989
160.5997
160.3522
141.1201
121.4017
118.5608
131.6547
149.7008
160.8421
171.0471
155.8021
139.5597
137.5738
140.0553
133.5810
140.5895
129.1944
103.7912
107.1043
117.8644
123.5281
123.7737
113.4866
125.6922
159.2038
164.1754
162.3569
162.1706
155.8271
152.5043
145.5515
128.4120
111.8309
103.3896
91.5006
73.8588
68.4558
107.0996
139.8634
155.9820
153.3736
143.9980
151.4293
162.0850
167.4179
152.0982
127.5985
150.2021
163.1375
160.3953
166.1150
177.7719
178.1925
146.3709
113.2087
87.3476
56.0913
28.8825
22.0436
13.5463
15.3796
24.3055
32.9145
28.5267
32.2903
48.9679
66.0388
86.2799
95.3843
89.1467
73.7949
66.2897
59.1964
46.8886
37.6115
33.8537
36.6014
38.8905
34.5008
24.2852
20.0991
38.9881
95.9639
139.7368
146.9977
162.8303
178.9749
176.0036
137.0878
105.7049
115.3583
137.3005
153.6783
167.8480
157.2807
149.4049
147.7284
144.7698
156.4334
155.3828
134.2571
97.4969
62.6271
91.3674
131.4735
139.7860
130.5164
107.3560
79.2435
57.5340
47.2769
62.9154
93.1048
104.2616
94.4682
75.2154
67.9102
72.2016
60.2702
50.1417
44.1476
38.9697
39.0379
55.5246
68.0978
81.1886
92.1535
88.4168
78.0342
64.8973
61.3059
65.1721
61.1736
69.1156
76.6705
74.1469
72.7660
69.9698
61.1760
48.3847
37.2084
33.9605
33.7837
30.0085
27.6292
25.5590
36.4566
57.7026
64.5387
60.6368
46.4359
33.8154
33.3161
39.7636
41.1834
31.8593
29.2621
30.0052
29.9228
38.0304
47.2243
57.6764
61.6601
52.4030
37.2167
33.7049
37.5703
42.4815
38.7750
28.2473
25.0291
26.1719
31.9305
33.6059
39.2639
51.9174
59.5908
56.2104
59.6172
67.5208
58.9737
41.5770
35.0076
35.0682
31.3256
43.2319
48.8406
42.1041
29.7876
27.1197
31.8234
38.7126
34.5390
32.3841
33.3364
31.0619
32.1400
27.9691
25.5992
21.6709
27.9573
38.0177
47.8596
51.8018
48.9120
45.2076
33.9200
32.9977
32.6092
57.1740
74.4611
73.4772
61.0630
36.7407
24.9290
31.8159
34.1763
38.3824
53.6591
58.1466
52.6002
41.9748
42.6830
46.2844
38.3295
30.1973
32.5716
32.2294
35.9498
43.8723
50.4600
52.4819
49.5235
44.2038
46.3079
60.5224
60.3702
56.6388
53.7866
52.2005
56.3097
58.5964
61.4096
67.9505
122.5149
127.0039
51.9983
-27.3739
-32.8955
12.8163
54.4213
99.8425
144.1647
169.3776
183.0598
180.9624
169.5419
169.0502
167.1844
164.3899
156.3478
123.0934
96.4564
138.2185
161.7221
143.6933
108.4430
110.6563
85.6116
20.9073
-0.6283
39.2126
85.7540
109.7707
123.4631
126.8415
115.4499
97.6277
75.9313
55.6694
42.5854
77.1316
122.6871
66.5203
2.6130
-36.7381
-2.4489
64.1215
101.0316
109.3030
114.7218
120.6197
142.9973
168.9814
168.6106
161.2560
156.4641
156.5984
169.1972
170.8483
145.8949
144.6389
173.8751
182.8964
183.1739
174.6017
120.7709
45.1071
4.8611
14.7128
60.8443
91.7216
98.6264
105.8523
133.5032
154.3551
87.4925
6.8148
-29.9779
32.9012
106.8568
115.1105
120.0278
119.8573
115.9653
108.7240
97.1413
104.4666
106.0374
99.9085
105.5245
140.2823
152.2649
140.0127
117.6298
129.1993
141.6084
135.0529
128.6183
128.4371
124.2435
108.4208
87.3821
90.4946
92.3232
94.4823
88.7488
76.5685
81.4227
81.8559
85.4870
79.0908
48.9594
29.6988
23.3614
15.5024
2.0291
-19.9459
-5.6951
27.6406
44.0161
46.4329
45.3851
47.7185
44.4503
37.1051
25.7890
2.1480
-8.2253
-8.3816
-16.9839
-20.7998
-27.0295
-29.2397
-27.0044
13.7874
48.9864
81.3530
93.5642
85.9206
78.0847
83.6494
94.4734
106.6274
116.3580
133.6961
157.4692
161.8452
150.5065
129.8938
100.4793
84.2395
116.8095
129.8107
125.2032
107.1033
80.8612
58.8935
53.9251
52.0589
54.9466
55.0798
60.1272
54.2896
49.3091
46.8117
41.6968
43.9171
20.1261
-1.3659
46.1056
82.8774
97.9127
92.2331
67.6227
48.8491
50.8648
46.1467
42.2907
27.9049
12.8360
7.6426
29.7718
36.1035
28.8879
33.4253
44.1139
43.3256
40.2436
47.4327
42.9083
41.5413
44.3812
47.5653
46.4349
51.5819
56.7937
54.9982
50.6710
51.6459
53.6917
64.5014
73.5184
76.3823
76.6043
63.8566
49.4309
48.7197
54.6205
61.7899
70.0659
67.0384
71.4346
83.5140
113.7752
133.8452
131.0175
110.0108
93.0229
92.8116
99.9816

Coefficient 3:
0.0638
4.1489
-12.0465
-10.7330
11.3283
46.4891
19.6084
-10.8343
-16.2996
-0.4341
24.3558
48.1230
51.2757
24.7289
0.3516
1.3822
9.6133
17.6666
26.8182
38.5415
27.1792
-16.0769
-54.3599
-67.6393
-75.0127
-85.0738
-71.6608
-41.1322
-4.4119
-18.6699
-27.9727
-12.6187
-8.7418
-31.2641
-27.6251
-21.3391
-11.0008
13.1598
36.9126
45.8433
41.2169
34.1866
55.6926
76.2934
88.5537
39.8053
-14.8365
-26.1414
-3.2149
24.6192
-18.3069
-42.3916
-47.0242
-47.9430
-59.4164
-60.9477
-48.3189
-36.9815
-73.4870
-98.6221
-78.8107
-62.7526
-47.4143
-20.5607
14.4028
34.7871
27.6411
23.9431
23.7250
21.7402
20.1498
21.8599
18.2511
17.1742
19.3031
18.0421
16.5932
18.6943
20.2203
18.1490
19.8033
25.9709
30.4041
22.9312
7.0925
-15.6747
-38.8979
-58.2958
-71.8526
-66.2231
-51.2394
-29.3828
-2.7834
22.8394
49.7410
68.3437
62.9127
44.8780
27.9332
28.5933
29.1191
29.6571
29.1477
25.6733
22.9948
24.2524
21.4362
23.8506
21.2058
19.7516
25.2690
24.3019
22.1441
23.0309
22.8254
23.9104
25.1389
18.7067
7.6143
1.4809
-9.1790
-19.1854
-20.8499
-17.3008
-9.2771
0.3415
9.7304
14.2005
16.4133
18.3934
19.5257
17.8258
13.9890
12.1672
9.1386
7.6295
16.2313
23.2570
26.6693
27.4644
24.5557
23.6230
23.1038
18.0589
15.5101
21.4609
31.5317
32.8989
31.2820
29.0142
12.1963
-50.3148
-55.8799
-54.8232
-54.9927
-51.2060
-72.9811
-69.4703
-56.0378
-44.5639
-4.2050
-7.0318
-34.3362
-21.0562
21.9874
33.8894
21.4853
-20.9319
-39.7908
-52.0961
-49.3230
-40.3265
-22.5153
3.7829
29.4500
30.5275
28.2644
37.7455
4.2311
-28.3772
-18.5863
0.0320
-19.9306
-36.6354
-32.8057
-25.5601
-17.3843
-12.5679
-8.4133
-2.8315
0.4072
-0.5455
17.4732
28.6746
42.5349
91.0301
121.8022
97.0268
70.2037
53.1533
0.7734
-30.7944
-46.3603
-42.5267
-2.2435
44.3225
40.0494
37.5320
32.4441
-0.0884
-17.1203
-18.2243
-10.9463
-20.6680
-25.4921
-35.4968
-43.6416
-41.6762
-33.3487
-15.7768
4.7903
-13.7009
-10.7579
45.7611
64.7267
74.8467
60.1811
1.4184
-22.6375
-34.5387
-39.6429
-32.1947
-9.0045
11.5186
15.3327
17.6690
22.3876
39.6201
20.9994
12.0590
19.9135
33.9019
47.5754
48.8505
38.0934
26.1160
10.9348
17.1753
32.1293
55.9190
78.4474
89.3997
85.0118
54.9499
36.6767
26.5165
21.9995
25.7069
28.4805
27.5116
26.6479
26.0453
35.7763
57.3994
58.1607
44.2092
23.4265
16.9050
12.5279
14.3206
19.4482
21.0028
23.5214
22.8911
23.3352
26.0104
49.2603
88.1745
80.2940
16.4724
-35.1139
-56.4940
-66.6165
-54.7205
-36.1995
-29.9417
-28.5496
-50.2333
-68.7083
-71.1156
-57.4936
-46.4895
-47.0154
-46.4495
-40.9600
-27.2665
-10.8834
-0.1538
-29.1506
-5.8271
-24.2563
-28.8853
-35.9336
-50.6246
-57.4042
-55.2425
-44.8046
-20.7153
0.9508
18.8819
33.0583
36.9508
45.7168
56.9956
63.4974
62.0665
47.2076
41.0842
35.6923
35.4953
35.2701
31.1233
24.6900
33.4556
43.2825
42.4033
39.0037
31.2241
21.5193
16.1516
12.6873
14.0323
25.1555
28.7417
22.9983
17.1375
13.2880
17.4158
28.3371
30.9876
34.1304
48.1517
50.7638
45.4615
33.5881
27.7616
22.1435
19.4474
3.4317
5.5079
17.4370
34.8220
-32.1875
-63.8163
-76.8264
-69.4307
-49.2652
-17.7945
3.2445
11.4040
-8.1050
-29.3644
-51.8137
-71.3358
-83.9729
-88.8101
-88.7652
-90.0092
-85.0337
-70.3634
-44.3524
-44.3577
-60.6703
-65.7889
-64.6397
-53.3267
-33.9085
-36.1525
-51.1615
-39.6779
-7.9643
0.1320
-4.1074
2.6888
-2.4174
-17.3073
-16.9777
-15.8089
-14.7279
-8.6265
-7.2639
-11.8535
-7.5910
-2.5506
-12.3756
-23.4509
-24.7208
-15.7455
-7.8134
1.3965
-7.3320
-12.5685
-6.0322
-5.0647
-51.2774
-64.9854
-64.1264
-64.1892
-65.1181
-75.2742
-83.7055
-91.4183
-90.8269
-82.4762
-71.8191
-55.2186
-35.8635
-15.7191
1.3238
14.4955
22.9721
-25.2044
-45.6693
-52.5942
-49.4692
-25.8233
-21.4894
-26.0279
-24.3475
-25.5046
-13.5883
-11.2304
-7.6890
9.1833
22.7335
-2.4977
-23.3731
-29.5711
-34.4525
-41.6667
-43.3378
-32.5207
-16.1135
-12.1036
-6.6487
6.6054
18.3094
20.5060
23.6350
17.2484
17.1140
16.3597
13.3228
18.3113
20.6194
18.4891
18.4710
21.2688
28.2033
29.0139
24.7339
22.8482
26.8196
29.4252
32.0204
34.6171
31.5695
27.9098
27.2734
29.8311
26.9980
16.6006
-5.6536
-20.7834
-31.1220
-38.4854
-41.2425
-46.3684
-42.6331
-31.6172
-19.5204
-7.2356
0.7105
6.7831
14.1986
13.6946
12.8788
11.5206
3.7054
-7.4073
-16.6656
-26.7615
-35.3398
-38.4417
-30.5749
-15.9683
-1.0131
-32.7964
-61.6934
-70.0312
-60.3212
-43.3159
-42.1114
-43.0985
-41.3723
-29.6315
-24.7779
-20.7130
-38.5978
-51.4109
-46.9466
-27.5041
-8.5964
3.6802
15.1700
12.7756
-5.3003
-12.7411
-5.7785
19.9155
-16.3874
-39.0070
-44.9470
-31.4188
-8.2067
-3.7253
-8.4111
0.7585
7.8647
-23.0696
-42.6941
-31.6735
-8.2879
-11.6483
-20.1290
-20.8629
-18.2648
-11.5749
-8.0283
-0.4455
12.9182
39.1863
65.6434
28.7005
19.9255
25.4980
36.0593
17.5709
1.2947
14.1499
30.3617
19.7455
-9.1683
-36.0827
-50.7877
-64.5377
-58.0871
-35.4770
-2.1786
17.8991
24.1624
36.0992
41.9000
34.8339
43.4974
55.9645
49.1976
34.9148
26.1047
29.1865
42.3432
54.2497
62.8011
62.1564
59.3916
51.3727
47.6345
43.4583
33.7067
26.8876
20.2579
20.1943
23.1194
23.4189
20.6639
19.0789
35.4152
79.6290
88.4033
58.6533
22.8148
0.8931
2.0275
34.1215
51.1550
45.2180
33.3885
37.7500
49.7886
44.2571
27.5400
16.8857
7.2733
-32.8595
-54.5302
-43.3850
-6.3670
10.6476
6.3160
-19.6982
-27.0309
-17.1490
6.8751
29.1483
31.5778
16.5789
12.8782
3.0373
-1.7256
9.1861
21.4397
21.1343
5.6981
-24.2949
-43.5429
-48.1548
-39.2657
-12.7755
1.7572
1.0949
2.7046
8.5129
15.5036
24.7633
27.9469
40.0014
45.8542
44.7182
49.4919
54.5342
58.0622
63.1968
61.7024
55.4870
43.0155
33.5082
26.9791
25.1711
21.4809
18.1387
16.5705
24.3010
36.4335
39.7947
44.1146
55.9086
53.1612
37.7381
31.9944
31.7729
25.7753
23.6596
26.5283
26.2024
31.8227
40.5064
48.3170
51.0099
44.1652
31.4531
27.7410
25.7125
25.1260
20.6844
13.4678
10.5532
14.0897
18.8609
17.6615
13.5828
13.6332
16.0607
16.2707
28.0328
32.4698
26.6189
18.3618
22.2729
28.3019
25.6935
36.4821
43.0493
37.9355
26.7482
23.5090
27.9486
30.5467
25.5729
22.7297
25.2713
24.6341
23.8616
21.8436
20.2538
17.4465
23.2190
30.4694
34.7849
35.8670
32.4515
29.4873
23.7365
24.6029
28.3841
45.3565
50.0139
53.2124
47.5737
48.9723
58.0328
61.4784
54.0674
46.6427
53.4826
58.9852
52.1324
42.9430
40.5373
39.8657
31.8863
22.6681
22.5130
31.3838
33.5909
28.5618
22.5165
23.6312
30.2436
29.4109
33.3840
47.7044
49.7450
47.4446
45.5191
41.3879
40.8715
36.5108
31.5010
27.5523
30.5552
36.3702
70.9351
74.5830
65.5840
66.5541
66.5191
65.2393
38.6254
8.3012
2.5473
0.1800
-1.4743
8.8749
22.2255
33.0100
44.6788
58.7117
42.7260
5.9830
-7.8257
2.4172
12.5656
19.2493
26.5834
41.6735
49.2475
61.9495
52.9771
52.6939
47.5330
43.3085
48.2062
50.0552
46.4604
34.0796
26.5703
56.2227
84.9978
93.9160
93.3636
83.9139
54.5513
-1.6192
-26.2138
-13.6843
-9.2372
-20.7839
-25.2056
-16.6224
-3.7293
1.7963
-3.2460
-15.5159
-22.4085
-19.1747
5.8102
11.5553
-12.0963
-31.1956
-44.8122
-44.9309
-10.4904
35.5390
37.4935
30.2378
23.3753
19.1879
30.3436
53.7987
20.9032
-5.2045
32.8199
60.6651
60.6315
32.4131
-8.8605
-22.6711
-26.3947
-33.2025
-31.3628
-27.5022
-26.2842
-17.8883
-9.9064
-13.4781
-34.0673
-32.3947
-20.3422
-18.2971
-23.5434
-7.1162
-9.7283
-31.5217
-34.0720
-28.4737
-25.3486
-23.4868
-12.2881
-10.8929
-27.5302
-32.1865
-20.1808
-2.8809
-2.1941
-1.3857
-0.9245
6.9092
12.5577
-0.1834
-14.0561
-32.8044
-39.3958
-27.8022
-27.6584
-39.6661
-42.2690
-45.0563
-53.1692
-59.7201
-57.9524
-53.8843
-53.7365
-33.0442
-31.8303
-25.0638
-19.8563
-20.3527
-21.8841
-17.4277
-9.4903
26.0185
55.4102
45.2146
19.5662
4.2307
-5.4016
-24.8039
-38.3789
-40.7575
-37.7669
-27.5829
-17.9193
-11.3494
-5.5844
14.8531
31.7896
38.6066
62.9163
71.8974
72.5783
70.8466
65.7185
63.5069
68.6039
73.1283
71.9852
65.6794
71.0045
75.5696
67.4534
62.6246
61.6221
55.0228
57.2544
56.5015
52.0888
40.1514
35.5434
38.8753
41.2104
25.8098
10.4089
-3.8758
-19.0060
-15.6264
-14.6192
-13.9097
4.1043
-1.6206
-9.6545
-13.2418
-18.2122
-24.2151
-45.9932
-54.8565
-63.3926
-56.8733
-34.0842
-22.6053
-27.0810
-24.1880
-38.5257
-45.0719
-54.0089
-59.2402
-68.1599
-63.4191
-60.6249
-63.0124
-50.3771
-34.2338
-22.4374
-18.4624
-34.5540
-36.8849
-44.0592
-48.7276
-49.1474
-45.3003
-57.1369
-65.5445
-70.8439
-67.7669
-42.8552
-20.4700
-7.5641

Coefficient 4:
0.0496
7.5459
-0.4819
-4.7918
1.6834
36.8441
38.8636
14.9408
-8.6854
-27.7753
-38.4149
-25.9226
-6.3185
12.0872
39.7775
53.3403
60.1842
60.1675
53.3872
58.2879
46.4449
10.3642
-4.1633
-18.0932
-24.5136
-22.0122
-8.1555
1.2282
10.9129
4.4256
-14.2298
-28.6016
-34.4940
-18.3979
21.0647
62.9309
83.8904
79.3782
75.9107
68.8178
38.8422
30.2851
24.3984
30.2980
36.7503
19.2580
-15.4082
-21.9094
-16.3278
-4.3364
-4.5078
-27.8995
-36.2206
-30.9435
-19.0896
-17.3297
-19.6292
-27.8378
-26.3255
-28.6567
-16.3934
9.2214
24.8072
22.9363
15.4345
16.8785
19.0052
18.4042
18.3931
17.9687
16.1401
17.0857
14.0584
13.3419
14.8280
14.2560
13.2092
15.3518
16.8644
15.0674
15.4446
20.2683
24.7828
-0.8747
-75.4114
-73.4199
-56.3562
-45.0486
-33.1540
-24.6909
-12.1112
-3.7319
-2.5566
0.5676
2.5644
-2.8489
5.8434
22.2294
22.8435
23.9940
23.0085
25.0775
24.9197
22.3386
20.0021
21.2860
18.4241
19.4415
16.3041
16.7100
20.2493
18.6476
17.7951
18.5821
18.4112
19.6629
20.7183
13.3482
-0.1406
-3.4679
-9.3280
-14.4597
-18.9133
-18.7578
-15.6319
-8.1955
0.6658
5.0373
10.5809
13.4434
12.1808
7.9946
9.9521
12.0214
15.0015
13.1349
16.8340
21.6542
21.3042
12.5817
9.8975
10.9657
13.9584
12.9602
11.6614
15.0766
20.2569
20.5919
22.1017
22.0688
-2.1778
-21.3618
-18.7253
-15.3677
-14.3891
-16.5412
-25.8111
-27.5710
-17.9306
-0.1735
19.7405
38.0775
45.2987
36.1331
23.6143
19.9505
24.7982
28.6601
22.2828
18.9275
11.7744
13.5212
19.4108
4.6454
1.6911
10.0296
15.3612
10.8084
-2.4744
4.3909
13.8177
15.0278
3.8429
11.5602
31.5972
39.7159
38.7805
44.3258
52.7932
66.1593
70.0238
74.8300
74.6419
56.9651
45.2374
64.8524
69.8555
55.3643
33.0055
26.9930
22.0815
13.3153
11.5811
16.5167
17.1238
7.6749
16.7113
17.8454
21.4764
32.5541
9.6928
1.8534
1.9701
-10.3601
-22.1657
-20.5055
-4.7583
10.5369
22.2020
24.7757
25.7995
14.1230
9.4691
-1.6035
12.5883
20.4322
4.5328
-5.7245
-11.3977
-18.6495
-17.7648
-21.0884
-25.4844
-23.0813
-10.1472
6.9979
15.3571
32.8610
56.8990
47.4445
38.2755
32.4461
31.2324
32.4868
15.7917
5.9410
-4.0091
11.3341
17.1035
22.5022
29.4760
32.2488
36.2425
22.4448
15.6049
15.7401
15.0177
16.7069
18.3815
17.1579
15.9372
16.3007
6.7324
-8.5700
-9.7331
-1.1060
15.4643
21.9122
20.4579
20.4911
19.1392
14.9613
14.1585
13.9427
14.4794
17.7079
13.7512
12.0740
13.9959
4.9011
-0.7624
-15.3213
-19.3488
-6.9374
6.1333
12.3918
11.8855
1.7525
-14.4936
-17.1129
-8.3639
-2.1279
-2.2389
-3.5759
-15.9383
-26.8035
-30.4027
-20.1133
-12.8012
23.4016
20.2665
10.6694
7.4910
13.7244
22.0685
30.0948
37.9893
34.1043
38.6573
37.1509
28.4920
21.9723
32.7352
40.9879
45.2030
46.3120
37.1683
33.0073
29.4692
29.1742
27.7361
24.1868
19.0980
9.4020
7.6667
14.2284
42.2425
64.7441
68.8255
67.3224
59.5634
41.3713
23.3893
21.2403
16.6688
12.4242
8.7448
13.4335
16.8860
20.1143
28.2521
34.1458
33.9223
30.3168
23.9992
20.4326
21.1208
9.8936
0.6304
0.1854
5.2984
8.2934
-19.2755
-36.7026
-30.8327
-12.8191
-6.0001
-3.0789
-1.2416
-5.7433
-5.1517
11.2624
26.3818
38.5769
40.5321
30.1488
27.3291
38.5105
40.7285
34.5807
26.9122
17.3039
17.6753
21.2481
12.7623
-1.4974
-6.3638
-2.1383
12.7508
19.6561
28.0959
33.9080
32.9626
16.8225
12.6908
18.6228
17.6637
16.8053
26.5424
31.5595
38.6966
41.6942
40.8816
35.2033
49.3259
56.2364
65.2859
79.3371
75.3459
60.1762
38.7415
27.3084
25.2634
30.2720
10.3894
14.1980
21.8397
21.1302
15.2565
10.7268
3.8760
0.1242
-4.3030
-11.9193
-14.5537
-15.2261
-19.1874
-23.0061
-23.9867
-10.1367
4.0940
-5.0769
-4.9375
0.6161
11.4201
25.2788
26.9276
9.1310
-28.6386
-43.4593
-43.4467
-43.5376
-38.4508
-30.3715
-27.8818
-42.4978
-23.8171
-11.1479
-12.2800
-3.0362
12.2957
19.7713
25.2496
37.2331
41.3736
41.0197
40.6516
27.5393
19.5275
17.3773
18.6266
16.4586
9.5206
12.1669
16.0521
15.7275
15.4868
17.1239
18.0767
17.2346
18.0586
20.4075
23.2022
20.3988
18.1932
20.2894
20.9418
20.8629
17.8809
9.3893
5.6452
12.4773
14.1135
17.6628
15.7500
11.8351
13.2024
12.9442
9.9949
12.0512
7.8483
5.7132
6.0276
4.1141
2.1839
5.8698
6.8286
9.9118
9.2220
6.0512
5.6863
-2.8955
-19.9883
-29.6235
-32.8914
-29.9693
-22.6171
-5.1974
-4.7539
-3.8865
2.2382
24.8745
40.4013
38.5011
28.4086
20.3339
16.5243
-3.2145
-0.3168
8.4067
16.9420
21.2030
28.7923
28.4159
27.1689
33.8679
40.8645
44.8079
51.5971
52.0995
50.3200
54.8391
57.5892
64.8072
70.7195
75.9240
67.3594
59.3090
45.5098
24.5506
30.6902
35.1935
29.3387
29.4867
30.6872
28.4559
19.5736
17.6859
21.5333
23.0068
23.0881
36.4273
42.2733
54.5727
60.3979
68.0816
74.4960
94.4756
95.9981
88.5054
83.1741
76.1420
50.2272
34.2549
27.8293
12.3075
0.3610
-2.0363
7.7869
16.2638
21.9373
17.0723
12.5201
16.4817
17.4537
17.8215
22.2399
26.5943
22.3063
24.6755
32.9899
39.3404
40.5669
37.3551
36.0562
31.3769
30.2748
28.3464
20.2346
15.8733
8.8528
6.9982
8.3820
9.5873
14.6266
15.9102
29.1013
58.2225
52.8031
27.7855
3.5113
-3.9864
-2.1419
-5.9360
-5.4020
17.3765
36.0204
46.4362
45.7080
70.8912
91.4030
96.0866
86.9169
51.6828
25.5353
9.2378
3.4828
11.8729
-9.0510
-15.2546
-6.3060
4.7516
17.8564
25.2239
26.5729
26.2256
34.3368
41.4677
39.3601
41.7369
36.8203
25.9533
20.1704
17.1573
16.9161
18.2281
24.2623
42.7148
48.8555
40.5521
30.5317
30.9424
32.1234
30.4802
28.0911
34.0257
38.1627
35.1821
34.9243
37.7727
45.7733
52.7938
53.0273
46.7339
34.0823
27.5404
19.6904
16.5545
10.2874
7.7762
6.8959
11.5199
16.9765
19.0553
25.5394
23.6195
20.3166
18.7951
22.7907
26.4094
20.8589
19.1802
21.5152
21.5712
24.4747
30.9304
36.5911
40.5619
37.6824
27.8581
24.9925
24.3111
23.9700
20.2413
16.1633
18.1329
25.8195
29.7174
23.9569
8.5121
-0.2159
-3.5209
-9.3868
0.5116
1.8328
1.5430
2.0455
11.9545
19.2281
18.5625
29.9455
36.4900
32.8230
24.0321
17.9468
14.1032
11.9597
7.0732
6.6191
14.8425
18.0210
17.0811
16.8714
17.9284
15.9708
18.6837
21.5793
21.6560
20.1372
18.0301
16.1165
15.1012
20.9648
26.6637
40.2111
43.7893
44.0957
40.2577
21.5415
10.6730
6.6537
1.4791
3.6596
15.8834
24.1324
24.4852
18.4459
18.5039
20.3888
15.8187
10.7193
11.8769
18.3596
19.3686
15.7086
7.0952
6.5706
14.6641
14.6665
19.1155
32.9118
38.1962
35.9404
34.6482
27.8437
20.8054
16.5104
17.0342
30.3852
44.9096
40.6518
22.9599
19.7766
19.7649
28.7689
39.5865
14.2866
-23.7131
-33.9798
-32.4485
-21.4266
-5.9169
9.2180
21.3139
31.3137
35.9572
32.5231
11.7022
-15.2901
-15.0655
-5.8770
19.5902
54.6838
66.9072
70.6236
71.3345
66.6035
60.4449
53.1122
48.3856
34.6402
21.8996
13.8765
14.9403
11.0149
10.0347
31.9229
34.6062
31.9331
33.0652
31.1978
22.7864
11.2356
15.1775
12.4772
2.0094
-2.5837
-5.0004
3.0171
8.8871
10.7557
10.2771
18.7125
27.0165
29.1883
14.3042
-25.0033
-34.6608
-25.7501
-4.3324
23.6589
46.1069
49.2142
50.7945
52.6084
55.5241
62.6105
64.5563
70.4836
70.4146
50.6503
20.7225
24.2212
34.6559
14.8403
7.4938
1.1165
-0.4330
-8.6521
-8.5353
0.1104
10.9278
17.8977
23.4277
24.9742
12.8555
2.3506
4.1303
5.0422
3.4421
10.6525
16.2395
-4.0517
-12.7863
-8.4263
0.1209
3.3562
13.1746
10.8901
1.7866
-2.2674
1.5574
6.8299
10.9933
14.8992
16.3484
21.9313
28.3029
32.2349
35.5154
36.3721
37.4393
39.7609
38.2630
37.6315
41.1645
50.3610
55.6041
53.9623
44.5560
41.1958
32.9816
-0.2705
-5.3725
7.8567
17.8357
29.7340
38.9532
42.1810
31.0851
42.5518
55.5888
53.0286
47.8856
39.9435
39.4078
36.8401
32.6840
29.7412
20.0663
12.2920
3.7805
3.6746
5.2002
3.2362
2.4795
7.6877
21.6397
29.2928
33.8281
32.3042
36.9286
49.1614
59.9627
65.6217
66.0178
55.5887
45.7870
42.5214
35.1217
26.7290
26.2936
47.5779
58.7705
54.4602
38.4132
30.8031
23.8512
21.0038
23.8557
21.8784
24.7440
20.6411
6.5575
-5.9114
-13.1481
-13.1199
9.7077
30.1063
26.1674
26.5913
30.8190
22.2437
14.5044
19.8093
14.0844
9.2687
10.9038
5.6663
1.6875
6.3542
6.7363
16.5205
12.8210
3.0069
-1.3715
2.2674
10.7730
25.1391
46.4708
56.1923
67.0608
75.1094
37.1806
4.2973
-26.1750
-25.0030
-13.6371
-0.9967
-4.8668
-4.6292
11.1939
21.3460
23.3516
25.4968
28.0642

Coefficient 5:
0.0313
25.4176
36.1087
36.3457
33.6651
30.1383
30.7750
23.2850
6.2090
-12.2597
-24.4070
-25.5635
-15.6449
13.7101
46.3098
54.0094
57.7367
56.4390
43.1223
37.6487
30.3482
18.0737
20.4206
24.7879
24.0948
21.6285
21.1067
16.8997
6.3153
-5.4054
-24.5785
-43.3046
-31.9327
13.2143
33.9674
38.5797
40.5998
44.8450
44.0180
33.3647
14.0111
8.9484
18.8865
21.0092
15.1775
24.5607
37.0128
35.2021
22.9292
22.4410
39.8669
37.1239
38.7490
40.5069
43.7974
40.7894
36.3703
29.6761
28.5233
15.3703
14.2083
21.7383
21.5865
14.2198
1.7336
0.5187
10.3900
12.2703
12.5367
13.5941
11.8765
12.5265
10.5029
10.4270
10.6611
10.2442
10.1742
12.4604
13.7003
11.7673
12.3997
17.5256
19.7852
-3.3457
-48.1632
-44.0166
-25.0576
2.7429
28.2434
28.3985
25.8896
18.4753
4.3752
-5.3015
-7.4138
6.2617
27.3388
27.1153
19.0402
18.0488
17.3251
19.2942
19.1562
18.4468
16.4485
17.7862
14.9965
15.6831
12.7744
14.3075
16.0640
14.5530
14.1916
14.8629
15.1787
16.2106
16.7269
12.2953
7.9815
9.4458
6.5357
8.8661
5.4659
3.7351
8.9909
15.1182
14.1984
9.3450
10.6038
12.3543
8.1086
-3.5078
-8.6066
-13.3017
-11.7773
-10.4419
-6.5179
2.0312
7.1888
1.7646
1.3861
3.7977
7.7497
8.8562
9.1669
12.0023
14.3906
13.7199
16.3014
14.5180
-5.1158
17.9547
22.3557
23.0655
22.1795
24.8500
20.4222
16.2774
16.8608
21.6022
14.7366
11.3172
6.8041
10.6340
6.0669
4.5191
-1.6775
-3.2634
3.5096
8.4220
11.5684
7.9644
8.7112
25.1535
13.9068
4.4717
-5.3323
-8.7375
-3.9875
-13.7096
-15.5163
-9.5816
19.1239
29.8692
29.3822
24.7348
13.4175
14.5343
16.7423
23.4669
20.7479
20.2786
19.5010
22.9518
28.3451
23.9675
31.3179
32.9758
29.8246
21.6617
13.6803
7.4157
0.0234
2.1842
5.7564
-0.0487
-0.8495
-7.4493
-22.1457
1.0628
-2.0322
-11.4446
-17.1883
-14.3715
-7.5585
16.0052
36.7047
44.7133
49.8481
50.3323
43.3002
29.3075
23.2426
14.2418
11.6486
-1.3838
-18.2480
-21.8036
-19.8367
-21.1691
-24.3710
-24.1102
-24.2112
-25.5945
-12.8962
3.5129
8.7941
12.2091
26.0517
39.7360
45.1548
33.1839
9.0385
6.6465
0.0257
-3.1185
13.0850
30.6336
29.8044
22.6380
17.8507
13.2464
10.2939
1.4641
0.6386
6.0781
8.6668
6.0211
3.8422
-0.2771
-3.5270
0.4393
11.5906
34.6242
42.3892
35.0058
20.7539
20.2435
18.6271
18.2002
16.4186
7.9374
2.7810
1.3888
2.9802
7.3661
-3.6223
-10.6279
-4.7073
3.6059
0.4754
-6.2044
-1.3019
8.0726
9.1575
4.6513
12.8172
28.9610
30.1006
34.2766
30.8587
26.3701
17.4921
8.6998
10.8870
6.7723
-5.0341
-7.2482
24.1561
50.0241
49.6177
41.7886
27.7767
19.6823
19.1143
23.4726
27.5029
33.8179
42.4928
44.5820
35.5654
22.4405
25.2705
25.8524
28.8751
31.2991
27.8661
24.4300
23.5334
24.2900
22.6856
18.5652
15.2358
18.7275
23.5148
25.9567
43.7839
54.5065
55.5834
54.3207
50.6332
42.1298
27.6003
19.8812
14.7677
11.2118
8.6499
12.2125
21.1696
23.3444
21.3389
17.1395
21.0521
26.1001
24.4823
17.0212
14.0226
15.8745
21.7024
25.4192
19.9459
12.4681
25.3447
27.1963
25.9783
21.9982
16.2925
20.1658
31.7491
33.8428
32.9562
43.2458
51.9383
51.0974
48.0571
46.3948
38.6640
35.5897
35.9058
39.4127
40.1200
40.6470
44.6591
48.9238
51.6618
41.8538
32.7838
29.1889
34.0560
32.4509
26.7264
21.0870
13.8572
23.5278
21.9980
21.2043
20.1687
17.1042
15.0379
9.0795
3.7714
-4.2301
-7.3593
-4.7103
7.7521
11.0037
13.5777
14.7510
15.1037
21.5544
34.8491
37.3361
27.2545
8.7900
-1.9148
3.8943
2.1362
-7.7866
-18.9090
-22.1520
-26.6493
-23.7351
-21.2950
-21.7362
-18.9680
-16.9306
-12.1425
-12.2070
-14.8060
-7.5638
4.6418
33.9688
36.6490
34.4860
27.2773
10.3189
19.5024
22.2374
-4.3860
-27.2814
-36.7706
-31.6038
-25.5489
-20.3387
-18.0571
0.4015
19.2880
23.0606
31.2268
31.2829
25.2798
24.1009
20.4273
25.6127
26.9181
22.5859
18.1154
12.9600
9.8460
13.6079
16.4075
14.9803
8.5819
10.4281
11.7341
11.8559
12.4451
12.9238
9.2480
7.4349
8.4384
11.0729
13.1868
9.1912
5.3226
8.0948
11.7844
14.5922
10.4340
-5.2916
-12.5056
-10.0133
-8.3313
-8.4588
-11.4001
-9.9906
-7.8748
-11.5302
-18.4506
-21.7144
-27.9759
-33.9778
-28.5469
-24.6212
-20.5377
-4.4472
10.1322
10.6696
8.9071
12.9649
12.2911
4.1073
-8.2534
-16.9752
-27.3664
-27.8317
-16.3439
15.7436
37.1857
32.9959
19.5396
18.8601
31.6290
34.6427
37.9284
25.5309
14.7797
26.5609
26.7274
25.7571
26.4345
22.8289
40.1731
43.6287
34.6431
56.7046
47.1836
39.2180
31.1348
29.7874
37.5344
27.5463
22.7886
21.4195
16.9012
15.3860
16.1449
14.1142
8.6554
19.2307
30.7806
32.5572
26.7612
25.9558
23.8182
20.8951
14.5444
19.7980
30.2894
38.1259
44.6357
38.4067
28.0578
54.8324
63.7394
51.0145
34.7072
36.7319
37.9359
40.2068
39.1571
26.8936
16.0343
19.3810
24.3054
24.0975
22.4972
20.9191
14.5091
9.2191
12.4385
14.5452
13.9542
15.9722
13.5586
14.1173
16.1529
19.9513
18.0092
19.4415
21.8781
22.6305
17.4751
11.3387
9.0651
8.4662
10.9467
10.7847
5.9830
4.7250
-0.6271
-1.1538
0.3911
1.7805
5.9229
8.1771
19.1269
36.0663
33.3578
41.6296
32.4679
32.2213
30.5479
36.7269
50.9432
55.3508
51.0824
45.7649
24.5992
-4.5037
-11.5910
-6.2317
1.0937
15.9245
21.1715
20.8351
16.4202
15.9689
3.8733
20.6718
31.4898
32.8832
31.4696
26.9011
29.7761
35.5080
31.7317
35.5591
38.7451
41.4249
45.5695
35.8015
16.8587
9.7648
8.2571
2.6537
-1.1007
5.0779
10.5442
13.7061
17.6973
19.0206
23.3843
23.3856
22.7936
22.3035
27.4179
28.0431
26.9559
27.9214
32.3177
37.8335
39.6255
35.0132
26.0839
22.3967
15.2230
10.1210
1.7467
1.0567
0.8094
2.6133
4.6751
5.1709
10.1847
15.8940
19.7833
16.9294
15.5480
20.4292
17.2509
15.2783
15.8881
17.0755
17.8757
20.2869
23.7734
27.3236
26.7349
20.7149
20.6752
22.3659
23.0469
22.4063
19.8186
21.7043
24.5726
24.9267
18.5829
5.8336
-1.6985
-6.7212
-11.4932
-5.0439
-2.6148
-0.6511
0.2764
6.9412
14.5711
16.0579
26.3311
32.5506
29.2345
20.6788
15.4511
12.2731
8.7228
3.1452
4.3052
13.7664
15.9599
12.4781
8.3456
11.5731
12.0011
14.3103
16.1576
16.3619
19.1249
17.6948
17.5811
19.1914
21.2334
22.6051
30.8815
33.6239
31.9090
31.2802
37.3209
39.9558
33.0339
23.8786
18.9291
17.3891
15.9442
10.8018
7.3582
13.9012
21.5306
19.7021
15.0568
14.9010
20.7818
17.5755
12.3456
3.1348
3.1578
6.5564
4.9424
10.2268
24.7664
30.4960
27.8350
25.5355
18.1018
13.3834
15.9269
19.4983
34.1584
42.0731
47.5743
40.9464
29.2582
25.0149
25.0866
21.4600
-3.0807
-6.9212
2.8876
3.5013
-1.5504
3.1261
6.6823
13.4198
24.9002
29.8270
32.7207
39.5548
26.6381
29.8879
30.2820
36.0205
47.9941
34.3892
9.7738
-3.6186
-13.8946
-16.9673
-6.1962
5.9754
3.7273
-1.1296
-1.2692
-0.1989
-0.6057
2.2288
11.6084
26.8495
22.3741
17.4059
17.6010
9.9152
3.4365
-5.3134
-6.5134
-11.1945
-15.5390
-24.7720
-28.7672
-21.3226
-8.9324
7.6780
11.2442
13.5970
17.0663
17.6555
23.9450
32.8284
39.2682
43.5533
46.0583
29.0579
8.3400
-1.3940
-5.0995
-5.8287
-13.1804
-12.7085
-6.6026
8.6118
14.2061
10.0795
-3.5444
-6.9399
-9.4423
-9.7129
-5.6019
-0.9184
3.1511
11.0797
20.7415
26.5033
23.8917
23.0206
26.9935
29.9913
19.7617
15.5779
18.1489
19.2927
20.8738
39.6877
37.3663
43.6312
43.8556
37.6854
33.2806
32.8630
28.0384
18.8498
19.4340
22.5709
21.8378
19.1923
18.9808
24.4311
22.3144
25.6245
35.8282
40.8596
43.6970
50.6635
53.6331
49.9711
46.7018
48.3031
49.2991
53.2473
53.9805
57.7563
62.9656
59.0670
53.3363
50.4826
45.8358
41.1857
39.2895
35.2751
28.6700
19.6276
11.1367
9.8447
9.7848
12.9957
16.9982
22.3292
26.8889
22.9737
17.5587
10.1199
-0.8497
-10.2729
-2.1137
8.0355
8.1639
2.8044
-0.2007
-0.0760
10.7223
12.8604
15.9603
21.9418
31.3851
34.6729
35.1651
38.9700
39.7478
40.4615
46.6462
40.1434
34.4013
38.1903
33.0379
28.8644
22.2505
-6.6448
-17.8497
-17.5690
-3.8876
11.7125
20.9486
25.2785
27.0312
13.3543
-9.9038
-19.9339
-23.7787
-19.5024
-11.9845
6.1843
19.3182
22.4787
22.0396
11.0094
3.8508
-1.5087
-4.4150
-6.3562
-7.7247
-5.0101
-0.3256
4.6927
14.4258
6.7727
-9.1113
-9.1456
-6.7631
-7.2908
-7.3416
-2.4198
3.9805
12.7468
9.1634
-28.7561
-62.5304
-59.7586
-47.9245
-36.1175
-24.8359
-21.4504
-22.5773
-26.3371
-28.4545
-27.1400
-23.9765
-14.3817

Coefficient 6:
0.0105
-12.3105
-27.4024
-28.7710
-18.8365
-16.3668
-30.3994
-28.8935
-14.5096
-4.9410
-0.2999
1.0232
-4.3471
-10.9637
-37.9612
-64.8106
-71.9607
-57.1831
-35.1132
-37.1616
-36.3837
-39.9515
-55.2718
-74.0858
-80.6532
-69.1373
-49.3388
-29.9946
-12.8774
-9.6831
-2.6624
-0.2704
0.7630
-12.1280
-33.1257
-46.7467
-66.5330
-85.0270
-84.4237
-56.8809
-21.0690
-45.9542
-61.1296
-56.7441
-35.5872
-11.5780
11.5047
17.0693
26.6092
39.3032
-8.4965
-52.4862
-63.5762
-58.8581
-50.0155
-44.1194
-35.3721
-14.8699
-20.2964
-34.4449
-46.3665
-60.0712
-57.3398
-37.1578
-20.6159
-7.0961
4.4854
6.1325
6.0832
9.5563
7.9839
9.0097
9.6271
8.8911
7.4406
6.7194
7.9753
9.6167
10.9830
8.7054
10.0481
15.5036
16.3689
10.1764
-8.3090
-9.6570
-7.1331
-4.5842
-16.7627
-21.7095
-6.7058
7.5873
25.4342
53.2077
64.3517
60.9335
53.6354
30.7105
15.6273
18.4305
19.6824
18.6893
16.5338
14.4214
13.0638
13.9307
11.5082
12.7890
10.6619
12.2472
13.3520
11.8333
11.6219
12.2712
13.2092
13.4312
13.5710
13.3641
19.8724
26.5244
30.6932
37.3284
36.4291
34.5190
32.2289
31.2737
23.9172
15.9092
12.1350
12.2808
6.8545
-9.8686
-25.6359
-35.6224
-37.5916
-35.7121
-30.4070
-18.8792
-6.6812
-1.4776
1.9117
3.6226
5.6633
6.1675
7.6716
10.3635
12.3124
12.5379
16.2079
17.3164
-6.6688
-47.4622
-57.3774
-57.1225
-50.4085
-41.6247
-57.1709
-66.7242
-64.3448
-57.1952
-36.5491
-49.7808
-60.0225
-55.3355
-36.2893
-21.0683
-40.0897
-66.7548
-73.7793
-67.3072
-46.8425
-36.2166
-23.8609
-15.3676
-9.7782
-3.0650
-5.4147
-16.7445
-28.5990
-27.8772
-17.4248
-0.9400
-17.8347
-49.2381
-64.0650
-67.9266
-80.0605
-86.9570
-81.7479
-71.8736
-56.2436
-39.5777
-38.9627
-28.0137
-8.0983
18.2025
24.1009
28.5613
22.0123
-22.9077
-51.6001
-77.7284
-83.2949
-82.1626
-57.2796
-30.9636
-31.0582
-31.2485
-36.4907
-26.1783
-15.5732
-7.4904
-2.2072
1.5839
3.1985
1.5884
-14.9486
-25.0141
-26.2428
-27.3847
-35.7310
-60.3928
-62.0602
-33.9420
-8.4000
-3.6394
-5.5572
-11.7804
-10.6540
-3.8736
1.1998
5.0644
7.1466
7.2783
7.0998
6.9079
5.6153
-24.4113
-74.8347
-76.0213
-65.7556
-50.9984
-29.4215
-13.6039
-3.6758
-3.2057
-18.7277
-20.3436
-12.7159
-5.8174
-1.7817
-4.3793
-9.7519
-9.8817
-6.3255
0.3446
4.2521
4.6434
8.9441
12.1552
8.3569
7.7812
0.4709
-7.1594
-8.5969
-7.4721
0.5328
1.7498
-0.3158
-2.1491
-4.5573
-5.7837
-2.3199
-1.6861
-2.1975
0.7722
18.5696
31.7287
3.1070
-17.7927
-24.9454
-32.4304
-37.3344
-30.5719
-25.0578
-19.9702
-17.0084
-32.8000
-41.3605
-43.4866
-50.4421
-49.8394
-30.2812
-16.1464
-2.6033
9.0484
12.4485
6.9242
-5.4568
-32.0453
-39.1193
-31.9618
-30.4398
-33.1011
-36.1668
-36.5193
-39.2618
-33.0991
-27.4009
-18.4368
1.2031
13.5159
31.9079
45.5521
45.2893
33.1698
20.7865
16.2810
17.9981
20.4021
19.0719
13.1973
10.7443
4.2737
2.0791
6.8854
9.2788
-6.1703
-15.1385
-15.5077
-5.7316
9.2348
18.5156
19.6308
15.2593
16.1656
16.7744
16.0228
20.6809
21.5622
16.1475
10.1338
19.6123
26.8098
26.1830
18.3279
11.9695
3.9893
-8.1959
-9.0323
-5.6034
4.4159
-8.9538
-29.0992
-38.0331
-38.6456
-30.2197
-16.6880
-1.2107
-1.1179
-9.2140
-19.2843
-40.3728
-48.9320
-51.4472
-42.8978
-39.2493
-50.2918
-59.3565
-54.5195
-36.8456
-33.8656
-44.7109
-53.8688
-47.0090
-38.2493
-27.0666
-35.8641
-52.4366
-51.6096
-36.2040
-18.9063
-6.0976
-21.5785
-57.3736
-63.3071
-58.3707
-46.2263
-26.5381
-15.6905
-14.0895
-15.1185
-12.3839
-11.1751
-36.4332
-49.0392
-53.1722
-53.9941
-53.6711
-51.3455
-56.6364
-51.9283
-42.7070
-32.3320
-32.8729
-35.7407
-34.8235
-26.0327
-8.2582
3.5741
-6.8073
-13.5544
-16.9551
-19.1418
-18.9781
-17.4945
-5.0650
7.1284
13.6615
12.2285
10.8282
-60.8932
-79.2891
-85.2117
-80.2741
-59.5511
-66.7656
-60.3290
-50.5000
-53.4790
-53.1506
-56.6946
-56.3349
-47.9635
-30.9761
-17.7078
-33.2414
-57.9985
-70.0182
-72.9704
-72.3001
-68.6504
-59.5887
-57.6731
-52.5136
-46.8500
-39.2624
-11.6829
2.9878
5.2657
5.9244
4.1304
1.9831
6.7799
7.2184
8.6408
9.4893
8.9652
1.8548
-0.2343
2.7063
6.1813
6.0397
2.0030
-3.7755
-0.8356
4.3186
8.6579
5.1100
-11.4294
-24.9820
-36.4870
-45.7152
-47.8354
-50.3002
-44.5578
-38.3927
-38.8716
-47.4054
-52.0433
-53.6703
-51.4785
-41.0795
-33.6987
-30.5560
-18.1086
-4.3417
1.7219
9.8199
17.8454
22.0509
23.3163
20.4919
21.8702
23.0428
28.0347
21.0350
-15.9643
-37.5843
-42.7655
-43.5584
-40.8533
-48.6638
-43.0154
-24.1857
-18.6635
-18.2130
-35.0726
-57.6534
-60.0728
-51.6947
-44.8922
-51.8478
-37.5129
-24.7220
-50.9228
-66.1141
-62.4282
-46.9146
-52.2675
-65.5576
-69.1933
-61.2334
-60.3342
-63.5033
-68.6301
-59.3781
-34.0855
-21.3070
-23.8187
-31.7375
-27.9887
-14.9108
-7.2697
-0.6348
10.1486
23.1006
39.2145
51.0242
53.2432
49.2559
38.1331
18.7797
-20.3263
-35.2441
-36.1459
-37.5564
-54.9028
-55.0904
-44.3684
-52.3663
-64.2962
-78.0479
-77.3469
-69.9088
-56.4393
-46.0260
-34.6783
-14.6935
-5.0676
4.7494
7.3281
9.7028
8.8141
22.2809
29.6396
25.1631
19.9772
13.8048
14.0632
13.8161
13.5052
3.2842
-7.4275
-12.1454
-10.1559
-4.8653
-4.3698
-5.5790
-3.5379
-6.2276
-4.2908
-3.1820
0.5261
6.9578
10.4173
16.5275
18.2198
-11.1170
-50.1466
-55.4698
-51.2845
-43.6792
-29.7272
-44.7883
-58.7413
-50.4459
-39.4302
-25.4419
-34.1655
-50.7249
-54.4145
-56.6549
-51.7313
-48.0417
-37.8477
-18.0304
-7.1435
-5.8726
-20.5414
-32.6641
-30.2177
-13.9285
5.4919
19.1641
15.8660
-15.7219
-44.4062
-52.6499
-49.7358
-36.7287
-25.5809
-23.9108
-35.8278
-42.4173
-45.4816
-39.1927
-16.9930
-8.4947
-9.2200
-15.0762
-14.8860
-8.7134
1.5113
10.6672
15.1443
18.6117
19.8443
19.8890
19.9651
18.9070
21.9639
25.1870
24.9954
20.5367
16.5509
10.0005
5.8026
-1.4120
-0.3471
-0.3174
-0.1179
0.3299
-0.4724
2.1222
3.4418
7.0339
6.0869
8.8015
14.9874
13.3604
10.7144
10.5362
12.8905
12.2950
10.2328
11.4578
13.0101
15.4239
12.6968
12.2497
10.9935
10.4655
11.3386
7.5506
8.7735
14.3194
12.5467
5.7074
-4.8083
-7.2771
-8.2463
-10.0102
-0.3956
8.2110
11.6738
7.9568
5.0344
8.6236
11.8615
22.6979
26.8433
22.8737
16.4114
12.3988
5.3641
2.9753
3.0266
9.8077
17.2919
15.3363
10.2559
5.0572
7.0074
8.2787
11.4863
12.0979
10.1426
10.2096
12.1676
12.2170
9.9949
10.8317
11.2153
16.3416
12.5769
10.1190
14.6438
15.3068
12.1719
5.8830
5.7412
7.8460
6.4060
8.1915
5.2208
2.4557
11.5117
17.4270
14.9751
12.3332
9.8043
10.1756
8.1084
5.5442
3.4914
5.6792
5.0301
3.6603
7.6986
18.7573
22.1227
19.1160
15.7501
11.9741
9.2811
13.9646
21.2538
17.4149
-20.1304
-19.0158
-3.5279
-1.5232
2.1380
7.4386
10.7500
2.7916
1.3491
3.9792
4.8717
1.2891
0.3277
0.1089
0.7753
3.1459
4.4012
6.2271
-0.2574
-16.9000
-17.4569
-8.4373
-5.5052
-23.7466
-23.4134
-18.9458
-15.9840
-8.9040
-8.3588
-6.4237
-9.1667
-7.2038
-3.3637
0.2508
-1.0951
-1.7883
1.4537
-3.2211
-15.6343
0.1214
6.9942
17.2705
-6.2366
-22.7191
-20.1282
-3.8563
2.6532
-1.5963
-6.9552
-8.6770
-8.3900
-3.0535
-15.4707
-31.7858
-37.3043
-30.6553
-15.8437
-16.6942
-29.0405
-33.1855
-39.3194
-44.5515
-24.8177
-3.7112
9.6816
8.1973
0.7103
5.6922
14.8097
7.2339
-38.9132
-55.1861
-36.1841
-17.2430
-7.2194
-1.1613
-8.2191
-14.5753
-15.5571
-17.1217
-21.6196
-29.7448
-38.8340
-47.4589
-49.6694
-50.9142
-44.0962
-29.5460
-22.6684
-2.8164
5.8653
-18.1273
-45.7806
-68.5865
-79.9163
-71.3872
-48.4550
-32.4963
-55.0484
-53.7752
-63.5986
-66.9767
-52.8103
-34.7475
-42.2881
-42.8350
-34.5419
-24.2402
-9.4367
-7.3883
-16.5976
-21.9122
-23.5041
-21.0802
-21.0664
-23.2878
-33.1552
-38.3665
-30.3341
-23.7421
-20.0958
-15.4282
-18.5429
-22.2050
-19.3853
-15.4177
-17.9313
-19.2515
-10.8686
-4.4099
-7.4695
-22.1169
-38.1934
-51.6524
-56.1567
-50.3019
-41.7206
-38.8141
-35.1687
-24.8195
-23.2785
-27.7227
-24.8674
-18.2403
-13.5784
-6.0257
-3.2522
-5.2375
-12.1667
-6.5335
2.6188
11.2593
13.7315
13.9136
12.9542
15.1846
21.3533
26.2333
24.5621
17.4214
19.3379
24.5791
34.5707
19.5959
-1.9613
-12.5263
-18.4181
-5.8065
2.1446
3.2653
1.9645
8.2501
9.0226
18.6114
33.7165
41.5563
45.2913
39.9973
25.5228
4.4626
-22.5510
-22.8718
-31.0369
-43.1694
-48.3523
-45.4026
-34.6456
-28.4803
-33.0802
-30.0996
-25.3240
-25.2687
-27.4454
-31.4397
-27.1475
-26.5285
-25.9092
-23.7194
-28.9750
-42.0543
-52.1920
-58.6703
-64.2909
-73.0265
-27.8285
-6.7424
0.4176
3.9653
1.8278
0.9141
-3.4936
-14.5741
-18.4932
-23.2059
-29.2247
-31.5229
-31.6180

Coefficient 7:
-0.0111
-22.8119
-20.3211
-18.6255
-16.3310
-19.1830
-19.8889
-23.8098
-27.2800
-25.7072
-11.4043
0.9124
-3.8828
-18.2265
-32.5823
-31.9704
-22.4940
-12.3162
-6.6383
4.0578
2.9535
-3.7811
5.7865
18.2969
19.5814
16.2003
9.8773
3.6748
3.4169
10.9288
22.9872
28.0172
2.8232
-36.2313
-49.3902
-40.9053
-28.2225
-22.1983
-20.3501
-16.6991
-15.1607
-32.1492
-29.6512
-12.9027
6.9245
-11.7130
-12.4183
-7.5116
-9.4290
-7.8131
-42.5440
-48.2438
-36.4014
-21.3357
-9.0433
-4.4936
4.6464
7.5321
3.5988
3.1796
2.2346
-4.1687
-8.4806
-6.1503
-5.0848
-0.1798
1.3288
2.4905
2.0546
6.2323
4.8040
6.3366
8.0705
7.5485
5.1155
4.2414
6.4323
7.4371
8.7345
6.0963
7.6196
12.3702
13.4983
21.9856
33.9650
36.9146
37.5033
31.6927
15.5715
2.4169
0.7585
1.3106
5.4659
6.4174
13.1509
23.2966
27.3943
21.0748
11.5982
9.5925
11.1128
12.4387
11.0895
9.9069
9.6202
9.9096
8.1434
10.0601
8.6799
9.6892
10.7657
8.8915
9.5335
10.2112
11.2867
10.4994
10.8355
12.2742
20.6153
28.1708
31.3931
33.8779
34.8990
31.9041
26.3665
30.0143
27.0840
18.5474
11.5808
12.0545
7.0461
-2.5294
-6.5720
-11.5126
-13.2281
-12.3987
-7.7802
0.8394
5.4369
6.7450
9.6094
8.0268
6.2606
4.6314
6.1023
7.4144
9.5221
10.7861
14.8937
10.3995
-18.7784
-27.1046
-16.7650
-11.2379
-8.9212
-12.2537
-22.4919
-31.4298
-35.1104
-32.2540
-25.2167
-27.2684
-25.9975
-27.0785
-31.6377
-23.9899
-26.2551
-38.1316
-40.7434
-37.2301
-31.6817
-28.9828
-17.7646
-3.7197
1.1290
14.8191
16.5300
-18.0522
-35.9072
-31.4777
-13.7151
1.9557
-17.9765
-20.8118
-10.6210
-3.3181
-3.8176
-8.3016
-13.3484
-20.8441
-19.7052
-17.5881
-22.6877
-15.3503
-6.8961
-12.9556
-27.4514
-22.4047
-12.4810
-50.9013
-56.7890
-46.6674
-42.1027
-34.1543
-40.5296
-38.3843
-34.7207
-27.7769
-29.6338
-61.2724
-52.4430
-43.7826
-39.5765
-42.9354
-49.1327
-63.6883
-63.2309
-50.8169
-37.7170
-29.9705
-38.0815
-52.6809
-54.1811
-53.5164
-34.1818
-29.3587
-43.5012
-42.4409
-30.9862
-18.6633
-13.0893
-8.3059
1.0020
2.8858
0.1888
-0.2742
2.6249
-28.6154
-48.9330
-42.0193
-34.6417
-33.1872
-25.5425
-13.0582
-4.1499
-0.2533
-33.1053
-34.9462
-28.3505
-20.3447
-13.5007
-7.6542
-6.4698
-5.7378
-3.4967
-0.5179
2.2118
0.1251
-3.1013
-7.1686
-9.0847
-9.7808
-8.1288
-7.9196
-15.2241
-21.0775
-23.5442
-21.0150
-17.2419
-15.6039
-17.8438
-13.2739
-3.8858
-1.5591
-3.5901
-3.0675
-4.9035
-9.5901
-51.1809
-48.3476
-28.8617
-11.7318
-1.2722
0.3980
-0.6757
6.9638
-1.9812
-4.1440
4.9850
4.7366
-6.3326
-8.2336
6.6576
12.8544
8.7098
10.6927
17.6014
16.6532
-28.5696
-76.8330
-80.5734
-66.7220
-56.2925
-53.2421
-51.7830
-51.3053
-45.9051
-36.1234
-27.2310
-28.4565
-19.0704
-6.7697
2.6577
-0.5596
0.6027
5.5911
8.2457
9.3602
12.7718
16.4596
15.5515
8.2867
5.4816
3.5471
5.3173
9.6869
3.5448
-9.3114
-10.4680
-10.4390
-2.8738
8.5044
12.9598
16.3065
11.8554
13.9601
16.3367
11.7293
10.4708
12.7818
7.2477
3.7983
10.4143
14.0423
16.6365
16.8162
13.8264
-9.3211
-20.1151
-21.1800
-24.6118
-21.1821
-29.1457
-25.0010
-19.5773
-22.3932
-18.6623
-11.5599
-6.2062
-17.4475
-25.4469
-31.1669
-25.3688
-8.3710
-6.6128
-12.8668
-15.8512
-16.0881
-13.0353
-15.9978
-10.1768
-15.9478
-15.6378
-3.9134
2.0866
0.6629
-0.0037
-11.3981
-16.2893
-6.7309
-3.3034
-3.5155
6.6926
11.5686
-25.2993
-34.6072
-32.0530
-25.1975
-16.0783
-12.3201
-12.5133
-13.3612
-13.4276
-5.8508
-25.5377
-28.7603
-19.9852
-10.1420
-8.2777
-19.3999
-38.7636
-43.9327
-36.5116
-16.6304
-24.2729
-32.9428
-29.9431
-12.8109
12.2279
20.1570
24.5989
28.5403
28.5484
29.9727
30.3649
26.6567
22.0898
21.5004
24.8636
19.0786
9.7190
-20.6394
-6.5837
-2.5285
-3.8822
-19.1654
-35.1696
-31.6712
-17.9235
-15.8872
-13.4541
-9.7003
-8.5236
-7.9282
-4.9217
-28.8368
-40.6179
-52.0533
-51.1471
-47.9749
-41.6049
-34.0077
-18.7338
-9.7517
-5.7156
-10.3666
-14.7804
-14.9184
-12.3508
-2.9988
3.0347
0.2076
0.6928
5.6645
4.3527
5.4590
6.4627
5.3678
-2.6869
-4.3139
0.5238
5.8794
4.6188
-0.0547
-7.9793
-6.4144
-1.3030
3.0147
1.2716
-9.8612
-16.8019
-18.7273
-15.1163
-11.1542
-13.6004
-6.4908
3.1252
7.4063
-0.6134
-5.9448
-9.4272
-5.1710
5.3170
10.0400
3.7119
-0.1610
-4.0374
-2.3977
6.5661
8.9405
16.9566
27.0688
29.4139
30.9830
33.4305
41.8634
19.1783
-9.0900
-8.1827
-8.0439
-12.2714
-8.0301
-18.0288
-22.7473
-24.0046
-24.6232
-17.4981
-31.9509
-40.6260
-26.6020
-14.8640
-13.7171
-20.7462
-21.8931
-24.8788
-24.4692
-22.1398
-23.8755
-20.5189
-34.9557
-42.0014
-31.1103
-19.8563
-21.6996
-17.0962
-14.0203
-9.0417
-6.5130
-7.0916
-23.2104
-19.3341
-6.8760
2.8220
4.9368
5.7129
12.2639
12.4585
10.7300
10.3641
7.5973
11.5784
14.7217
-1.6437
-34.8916
-41.4086
-29.8166
-20.8051
-27.6436
-28.2451
-27.4741
-16.0313
-0.4144
-7.0676
-17.2862
-17.7018
-21.3816
-26.5946
-23.6792
-14.8097
-13.3123
-15.8184
-13.5972
-4.2669
1.4004
-9.6126
-10.8285
-3.9180
8.1536
9.4562
8.9691
4.0240
-0.0086
-8.7672
-14.7485
-14.7808
-11.9242
-7.7906
-8.7653
-9.5798
-4.9672
-4.6577
-2.2334
-1.4826
-0.6339
1.7934
3.8338
8.7692
2.0831
-27.5713
-39.2106
-27.0547
-18.0514
-12.6298
3.3646
-16.1954
-37.4480
-32.7730
-18.1739
-6.9981
1.7219
2.5747
-7.7079
-24.8706
-36.7171
-34.1007
-31.8436
-18.4049
-13.6093
-15.0776
-33.3039
-39.0072
-35.7963
-23.3573
-4.2288
2.5662
0.1024
-20.9012
-36.0759
-41.2016
-37.5868
-28.8024
-17.9216
-6.7842
-5.0769
-4.9669
-5.8702
-0.3188
-8.8112
-15.3894
-7.9002
-2.0231
-1.5177
1.8007
13.5492
18.1315
17.7751
15.1574
11.7903
14.2770
14.7098
12.4518
8.3302
10.7709
13.2071
13.0525
12.6755
5.9464
0.2576
-2.3433
1.9214
1.6440
2.4405
3.3592
2.9268
4.0452
4.3475
10.4108
10.8680
12.0990
12.8061
10.1254
7.4900
6.1006
8.7023
7.1948
2.0245
2.0164
5.8306
9.9501
8.9240
6.6589
-0.4766
-3.4137
-1.1875
-5.1936
-4.3979
1.9171
-0.6041
-4.7196
-13.1660
-13.9842
-10.0698
-3.7907
11.2789
20.3912
21.1308
14.8244
4.0325
3.0550
5.9777
16.8860
21.2974
17.6069
12.7370
10.9422
6.4454
5.9103
4.0459
8.4563
19.5277
17.2416
8.1658
2.2686
6.1425
7.7623
10.7863
9.5460
4.5928
2.0283
3.9053
6.6965
6.2341
8.8427
6.0968
6.5638
6.7709
8.5570
10.0020
19.1874
19.2764
14.0745
14.0353
11.9536
8.1230
6.0982
0.8962
-0.2181
7.7370
8.9297
10.3065
8.1785
4.9239
9.0246
8.1744
1.2901
3.8306
9.7178
10.3868
10.0021
9.1269
13.7466
13.3929
10.0419
6.5625
8.1393
7.9596
9.0595
12.6872
11.2650
-18.4335
-33.8814
-46.5991
-52.4189
-43.8641
-38.2240
-31.4432
-32.3189
-24.7781
-13.8586
-2.8514
8.5523
18.2964
15.4765
12.2635
10.3757
6.6184
0.2365
-18.6639
-33.7646
-34.5427
-27.1049
-22.7776
-26.9611
-25.2795
-13.0497
-2.8229
6.0806
2.5644
0.0957
-0.0027
-1.6027
-0.2469
8.9025
7.5414
-2.1761
0.0540
-13.4044
-25.9260
-51.1443
-44.4033
-35.9408
-53.7977
-49.6259
-40.8963
-29.1540
-14.8532
-3.3272
5.1771
6.8024
5.5046
9.6388
-3.7291
-20.9886
-27.8077
-22.8605
-11.8478
-14.1904
-18.3425
-20.9278
-30.3947
-33.8073
-32.6430
-22.9962
-8.5253
-6.0573
-11.7340
-14.0713
-5.4626
-4.8633
-25.6680
-27.4730
-40.4233
-23.3701
-12.5358
-12.5390
-18.7435
-18.6055
-15.9109
-18.5901
-18.7459
-16.9545
-9.7500
-6.6997
-10.8738
-24.9933
-26.7911
-14.3443
-7.2294
-3.9794
1.2131
-23.6791
-60.1209
-62.6779
-47.6009
-35.6482
-20.8249
-8.4213
-31.9938
-32.2873
-37.2990
-38.4477
-30.9227
-18.1686
-18.2653
-18.7323
-17.0915
-21.9738
-13.0607
-8.8332
-12.8788
-17.6518
-21.2333
-29.2063
-38.0539
-43.4209
-39.6773
-34.1761
-25.5013
-13.0216
-5.0584
-2.4360
-9.9923
-20.2863
-32.4790
-40.7418
-43.5626
-46.6433
-46.6806
-45.4705
-42.5483
-52.0208
-46.5100
-46.6505
-42.1700
-31.5901
-27.9822
-34.0153
-27.8562
-15.2722
-11.9013
-16.5976
-21.6362
-25.1263
-19.7403
-15.4236
-9.3424
-7.4755
-11.4429
-11.0663
-2.9454
3.7381
6.6276
6.4889
4.5658
7.4302
8.2030
17.0159
14.2470
10.3641
13.6916
19.2453
21.8639
33.2001
30.1450
16.2041
-14.4532
-24.3234
-23.3439
-9.1352
-5.5006
-1.0855
4.8155
11.2047
24.8308
29.2597
33.9873
26.9976
8.8572
-3.2633
4.2966
15.4068
22.4870
28.5887
25.3564
12.7222
5.0635
4.0715
-3.4234
-7.6119
-21.5016
-22.1357
-18.0828
-8.0614
8.2728
15.6633
17.3734
19.0800
14.0913
13.7915
19.9311
17.8349
18.5710
17.5912
43.9393
60.1737
39.8900
24.5105
14.4204
10.1991
-4.4419
-17.4085
-26.4563
-22.5848
-21.7046
-23.3135
-19.1991

Coefficient 8:
-0.0318
-0.8064
-2.2366
-3.3365
-1.8299
-3.6205
-3.5908
-7.9674
-9.2082
-17.0055
-26.7334
-26.5505
-21.1715
-4.4978
30.3007
35.7456
35.3826
32.1749
20.7086
11.4666
21.9686
48.4748
42.8183
23.0811
14.5640
6.8050
1.1352
-2.1936
-27.5647
-42.9679
-38.5133
-28.4452
-29.0997
-21.8101
-13.0407
4.0865
24.0068
26.2468
21.8202
11.5477
-0.8578
5.5786
22.6938
24.1300
11.6216
5.9238
17.4937
8.6003
-10.4315
-24.0247
8.6726
21.0128
17.6308
8.3469
6.0100
3.9980
-2.1404
-10.5173
4.7879
14.9807
9.7785
2.2195
1.4594
7.9177
14.1778
5.5806
-0.6675
1.1172
1.6909
3.7119
2.4763
4.5816
8.2392
6.3575
3.2876
2.6322
5.0018
6.2493
6.9242
4.0064
5.3038
8.8168
10.2457
21.4868
7.3313
-0.7534
1.3842
-3.0482
-9.1200
-13.4632
-13.9452
-13.4361
-12.6543
-14.8601
-2.7085
-0.1780
-4.3615
3.7371
7.9228
11.0055
12.8384
10.4509
7.6769
6.2898
6.5954
6.2209
5.0152
6.7917
5.7196
6.8535
8.5650
5.9713
7.2931
7.8069
8.1616
6.9877
7.8825
7.3798
8.1663
6.2119
-4.6120
-7.4325
-3.7208
-7.4285
-10.3207
0.8660
10.2945
11.4081
9.1882
9.8033
6.7396
5.4675
12.9328
16.5917
18.2454
18.3818
20.8908
23.7241
21.3879
17.5620
16.9032
11.5837
7.1594
3.7090
4.0060
3.2839
4.0412
5.8262
11.2606
11.6522
23.5332
23.7073
19.9098
15.6970
10.5691
6.8542
14.3740
6.6637
6.4336
6.2485
1.7729
-7.1373
-9.7026
-4.6891
-4.2498
-4.4818
1.7649
0.7813
4.5291
7.3292
-0.0665
-8.0887
-9.2094
-2.5831
-8.8148
-10.8853
-13.8009
-39.0138
-36.5877
-32.9882
-25.4774
-25.6123
-19.8645
-16.8066
-8.9508
-4.6611
-9.0048
-12.6854
-19.1364
-22.6313
-14.8917
-9.0465
-0.8616
0.4434
-3.3626
-6.1515
-6.5566
-3.7785
9.0676
-4.0973
2.1021
3.6451
8.2366
3.7362
3.7633
10.4645
6.9153
-1.4356
-8.0603
-39.1663
-34.9375
-23.6104
-17.4877
-18.5135
-26.6120
-32.6460
-14.4529
-0.6471
1.5340
2.8022
-3.9952
4.0943
10.3966
12.9198
7.9697
2.5923
-13.2510
-18.3621
-13.1774
0.2734
2.0772
-0.2808
2.6356
-4.4772
-9.9192
-6.0947
1.7269
-11.5390
16.8853
23.0216
16.9837
7.4981
0.4368
-9.3726
-5.7861
2.4440
-3.4013
-7.7254
-14.6120
-15.7018
-18.0562
-14.3599
-5.5600
0.6673
2.8325
1.1010
2.1371
0.8454
-5.3510
-8.3418
-3.4956
0.5821
-0.7019
-6.8957
-13.4448
-19.8104
-19.3455
-9.2963
-2.1444
-1.8498
-3.3903
-3.4712
-1.3982
-3.1458
-6.4870
-6.1547
-4.7455
-11.2682
-28.5630
-23.8774
-28.1940
-25.6987
-19.6232
-22.2009
-28.1378
-18.1639
-12.9947
-12.5529
-7.2072
-2.2847
-2.9553
-6.8944
-1.3858
10.2062
14.2702
17.4048
26.6285
29.5430
15.7165
-27.2767
-30.3461
-29.8510
-30.7738
-27.7291
-23.9455
-23.1098
-20.4539
-13.1530
3.3722
12.7140
8.5433
2.5550
19.1580
24.9281
18.4210
10.9307
2.8583
4.0563
8.3301
12.5461
12.5708
5.6946
2.1874
2.4137
1.8293
2.9942
3.8653
-4.0402
-4.0359
2.6931
15.8545
21.2107
13.6427
10.5153
5.6491
4.7438
7.0765
2.9155
-1.8907
-1.3913
-4.9027
-10.9474
-9.4581
-5.4983
1.4039
6.3829
6.4776
-5.2690
-4.2308
-3.2933
-8.4478
-23.5920
-1.4275
-4.9075
-7.3279
-12.9711
-17.8456
-18.1929
-14.0712
-17.8920
-18.3610
-14.9196
-10.7727
-12.6572
-19.2569
-25.0271
-24.6414
-23.3976
-29.5106
-36.0543
-30.7981
-26.4088
-12.7528
0.8624
-0.8629
-4.6008
-8.0352
-11.5244
-3.0529
-2.6507
-6.5466
-2.5470
3.2684
7.2722
-3.5482
-2.9311
7.4602
13.0737
2.8582
-3.9829
-8.0078
-16.0891
-22.2900
-24.4806
-24.3512
-31.6753
-33.1311
-29.9102
-22.5773
-22.9814
-25.2656
-22.9149
-20.9967
-8.8599
-21.2933
-24.0402
-24.6175
-26.7617
-24.6035
-23.3836
-9.1741
2.9552
10.2897
12.3025
19.2652
22.3753
13.9870
8.6532
7.6988
5.1842
1.7362
1.1873
-6.0307
-9.1008
-15.2908
-18.1595
-29.1005
-32.5811
-21.9110
-9.9911
-8.2582
-2.2719
0.9572
-1.3798
5.1301
12.0440
26.4578
29.4304
26.3277
22.6772
21.5427
21.2884
19.0107
24.0874
29.9099
34.6451
25.9016
18.3002
11.0833
8.3436
7.8479
6.0859
6.3479
6.7030
3.0950
2.6413
3.3537
2.4382
-2.5697
-2.8469
-1.1811
1.1628
0.9834
-1.6149
-6.9795
-7.0477
-2.2357
0.7686
-0.7714
-3.3313
5.1875
15.0833
27.8320
30.0403
27.9744
30.4625
34.1498
38.6723
33.3602
26.4268
18.1131
19.1642
31.1436
34.6352
31.1103
27.2156
17.5858
11.1769
9.0051
2.1611
-2.3078
-1.4528
-5.8701
-13.0865
-16.9658
-11.3134
-23.9366
-0.7366
6.8979
3.2581
-8.9153
-18.8576
-9.1263
-1.1866
-11.3078
-28.4957
-33.0621
-27.6826
-18.0604
-2.8144
3.7039
0.5615
3.3513
-3.9784
-10.7367
-10.7854
-17.1515
-24.0169
-19.7928
-16.9054
-25.3822
-24.7850
-8.7896
-15.0088
-25.9448
-24.5900
-15.5616
-13.6624
-15.4952
-23.2746
-14.6963
-10.2255
-20.5512
-27.1944
-26.6713
-14.6401
-3.3389
1.8616
9.1694
12.0201
11.4806
3.5807
-18.9735
-12.7526
-11.5068
-10.3893
-19.3310
-19.1010
-11.4927
-8.0850
7.8324
24.5111
21.8976
12.6814
10.1489
7.0732
0.5033
-4.1816
-3.6933
-2.0579
1.8264
6.7117
10.7755
10.1415
21.6323
30.3858
24.3700
11.5142
5.8250
4.5057
-3.8538
-7.9653
-8.8053
-9.6939
-9.9752
-8.3098
-6.4898
-8.3448
-9.5291
-2.9189
-1.1205
0.5604
-0.0168
-1.4682
2.0366
2.0138
4.3216
-9.9375
-10.0823
4.1871
9.6181
7.5906
5.2796
9.2480
-3.7528
-7.1654
0.7110
4.1667
-2.6077
-9.6981
-0.7172
1.4946
2.3852
6.2712
12.2052
11.4204
9.5148
1.8070
-6.7257
-0.1937
3.9082
8.9360
11.2345
3.1412
-3.6137
5.0816
5.1269
17.8409
20.0463
21.2166
18.2082
18.3636
26.3181
31.5915
29.1537
23.8180
24.8285
33.5343
30.2721
24.9451
24.3433
24.6893
21.9138
19.9888
19.7546
13.3192
8.7032
6.5266
13.0730
14.0325
13.7304
13.0283
14.4987
12.2572
9.1828
9.4984
5.2139
2.3705
1.2735
4.5835
3.4438
6.0110
9.1219
8.5102
11.6512
18.1626
19.6712
10.1569
9.0812
9.1359
8.9785
6.9954
2.8727
4.5084
2.4601
-3.5939
-3.6763
1.8018
6.3154
6.2571
4.0648
2.1927
3.9196
2.8358
-1.3588
-0.8120
2.7018
-2.3690
-6.8960
-9.8573
-8.1333
-4.1810
3.1621
15.7812
21.1978
20.1376
14.2351
2.5355
-2.7627
-0.7940
8.9913
14.6158
12.1484
9.3399
7.5566
0.8706
-1.1169
-0.6811
3.3613
12.0289
12.9881
3.3588
-1.9775
2.2458
4.4712
9.2772
5.7246
-0.1339
0.1274
1.8794
4.0809
0.8218
1.3315
3.5982
7.0137
13.3438
13.1545
8.3993
5.1508
4.0420
1.3843
-0.1504
-2.7246
-1.3951
-5.0248
-6.8744
-6.2192
-1.2981
-2.5555
-1.9691
-1.4130
-1.6606
-0.0570
3.5831
0.9235
5.9966
14.5221
18.4394
17.2440
9.2998
6.7773
3.4501
-0.2640
-1.3753
4.3118
5.0862
2.2407
4.7956
16.7731
21.6476
17.7402
7.8248
5.1010
4.9530
-0.4868
-4.0488
-10.1683
-12.8151
-2.4091
9.0684
14.0785
17.4840
16.5774
11.5911
8.3615
1.5830
-5.5781
-13.0603
-14.6025
-12.9899
-12.0089
-3.8358
12.3726
13.9043
4.9337
-2.8138
-5.8426
-11.4430
-10.8682
-7.7820
-6.5818
-8.3361
-1.8370
1.3276
-2.4400
2.1313
-17.9213
-23.6830
9.0014
11.1997
8.0738
4.9500
3.5416
-3.3776
-10.3135
-8.3703
-2.8579
-0.8047
1.6938
5.5771
0.9508
-8.5644
-14.7716
-19.9331
-17.9724
-8.4935
-5.6634
-0.5331
-3.7797
-10.1787
-13.6817
-18.2339
-20.5120
-22.3676
-25.4330
-20.7849
-9.5295
-14.2535
-23.3021
-0.5364
10.8448
27.2002
10.4023
-4.9457
-25.2195
-15.3224
-14.4362
-10.5054
-0.2818
9.9440
14.2355
18.8726
17.1470
13.7617
12.8702
-1.2051
-13.8882
-17.6044
-14.9789
-2.5433
-14.3218
-26.1936
-10.4812
-3.5621
1.8918
6.5745
9.9839
9.8767
-9.2343
-12.0124
-4.2544
-1.3906
-4.0484
5.1055
5.5537
5.3496
8.5190
13.8370
19.4001
27.4404
31.1323
29.5292
23.7318
14.9785
9.4247
9.2766
17.1177
19.3730
23.2782
22.9127
18.4057
13.4146
1.1345
-4.5873
-6.1522
-5.5896
-4.8221
-0.6913
6.2633
13.6763
-2.8446
-7.2415
5.4327
12.7306
18.6675
18.1422
14.2655
12.7251
5.2071
0.2274
-8.1027
-20.4551
-24.9474
-22.8878
-21.0767
-16.1982
-11.0207
-12.2540
-16.9464
-18.0401
-8.6377
-4.3825
-8.0287
-5.8649
-0.2695
0.1359
-0.2669
-7.6716
-1.7553
8.5815
15.8926
18.2159
15.2135
8.3604
1.2107
-11.8277
-16.2709
-20.6626
-13.6332
-8.5263
-1.7894
-5.1667
-11.6566
-16.6557
-8.1692
-3.7576
-10.9061
-19.0491
-9.0047
-9.9493
-3.2586
4.0941
5.8663
4.8821
7.1345
3.3555
2.3522
1.9954
4.8011
-3.1436
-4.2950
1.2350
5.3328
2.6848
-1.6200
-1.3851
0.5561
-1.9327
-1.4987
16.1713
28.7806
42.1120
42.3135
43.2926
27.8341
3.0365
-4.1297
-3.9375
-0.6449
-0.8606
4.6774
3.6347
2.4235
-1.6967
-6.3710
0.7551

Coefficient 9:
-0.0499
2.4791
8.1422
12.8067
9.4761
-8.1019
3.5467
8.8982
-2.8050
-27.8519
-41.0911
-44.0643
-36.9461
-15.9528
9.3234
16.8750
14.9592
4.0145
-10.7755
-16.6101
9.3328
48.0396
47.4545
46.4689
36.7758
23.6684
3.3818
-14.8132
-28.0141
-23.9021
-19.3664
-23.9225
-21.6836
-0.3176
-1.1122
-14.2654
-13.9460
-15.4287
-14.3068
-15.3542
-6.7771
6.6432
-4.2518
-13.5338
-31.0876
-3.1186
17.1960
15.8723
2.5296
-7.2258
14.1217
12.3760
16.5401
13.1866
9.8814
15.5568
16.2578
13.3693
30.6851
35.5990
28.3288
16.6332
8.4154
6.2072
11.2880
3.6430
-1.3246
-0.5266
-0.6478
2.1914
1.0071
3.1759
6.6338
4.2453
1.6273
1.3987
3.2797
5.0469
5.5331
2.4794
3.6601
6.2471
7.4025
14.6976
1.6240
-0.8490
6.1806
12.1117
8.3498
-2.3288
-8.9836
-9.8146
-6.9072
0.7569
0.8230
5.1133
4.0589
1.2936
3.8134
5.0780
6.2427
7.7266
6.0886
3.9120
3.9701
3.3647
2.2844
3.1747
2.0736
3.5587
5.9633
2.8257
4.7555
4.6698
3.7801
3.2973
4.4813
1.3234
-5.2484
-9.8338
-15.0591
-8.9004
-0.2044
-3.6343
-11.8067
-5.0733
1.9682
1.6313
3.2660
5.4518
5.1885
7.5273
12.3296
14.8023
15.8469
16.0270
17.3263
20.2627
21.4896
21.0374
18.9722
11.5158
6.8388
2.7474
2.0491
0.6159
-1.7575
-0.5382
7.2358
10.5889
38.2266
19.2435
14.6247
11.3132
10.1122
7.2734
13.1315
3.4182
-0.2231
-4.4200
-2.2352
-9.9503
-15.0678
-7.3861
-0.2425
5.6173
4.5681
5.8424
1.7911
2.6768
-1.4616
-9.0447
-7.5833
-2.9056
1.0865
6.7937
9.6357
-4.7092
-6.9973
-8.2031
-9.4634
-16.2353
0.4690
7.3443
10.3477
3.4390
-3.5918
-1.2621
-4.7737
-10.9182
-6.3665
-2.7573
-14.7831
-21.0883
-19.3133
-15.7681
1.7000
13.6773
26.2634
14.6519
11.6227
8.5954
-3.2809
-5.1656
-8.2165
9.4898
17.3897
15.2506
18.3939
7.9015
-4.9964
-9.9139
-3.1042
5.5681
6.1353
11.1952
13.3564
7.5309
-9.2592
-18.6448
-10.7855
8.7811
6.1728
4.7128
11.6865
15.3371
25.7891
14.8974
11.1374
9.1498
10.8001
4.1746
-4.3418
-3.9953
-4.2239
-2.4157
2.6430
-14.6451
-20.2758
-21.1696
-20.9966
-20.8637
-21.0008
-11.8750
-3.3784
4.6033
30.0694
23.6349
7.2939
0.1857
-3.8238
-1.3073
5.4569
10.2036
9.0480
4.5854
2.8610
5.6615
7.4163
8.1376
5.0688
-0.3813
-5.9555
-0.0440
12.0045
18.8016
17.1715
17.7822
16.3794
13.9927
12.8512
8.6883
6.6191
3.2107
-1.7820
-3.9177
-0.3686
8.8279
20.3700
12.4058
10.2752
9.0968
10.3982
6.9999
0.3034
-6.3202
-7.3297
6.7978
10.9924
7.0365
6.5826
4.8098
2.0499
7.9865
17.3304
24.6656
31.7457
30.4034
42.8993
5.2659
3.9363
6.1406
7.6200
15.7804
22.5031
20.5845
11.1644
4.2952
4.6626
5.3983
4.2725
-0.1393
-0.5175
-1.4974
-5.5044
-7.9772
-7.0008
0.0880
5.1528
9.7904
11.0855
5.7315
1.9129
-4.0227
-7.3047
-1.4904
-0.6110
3.0753
6.6187
15.3806
18.8390
12.7921
2.3851
4.4536
4.0460
6.8871
11.5852
11.2866
4.9921
2.0760
-5.0704
-11.2435
-9.5158
-7.5323
-3.4990
-2.3287
2.5745
15.8857
9.5619
3.3194
-2.4664
-11.5065
13.3442
9.8498
7.0463
1.4338
-6.5957
-10.8600
-8.7599
-28.3255
-26.1216
-9.5242
0.5650
5.8646
8.6414
0.9557
-0.1166
9.3844
9.2520
8.1635
5.9716
4.3462
5.5629
7.3189
2.0973
-9.8211
-25.1234
-25.2188
-18.0915
-15.7560
-16.1296
-13.0219
-6.9463
-4.7758
-6.5476
-6.9610
-5.4547
-9.2892
-18.7383
-22.4820
-27.2816
-20.9603
-8.6561
0.7965
-2.3495
-4.1772
1.2163
-3.3151
-8.8164
1.4241
2.0806
-3.4932
-5.6742
-6.1951
5.9748
18.5247
23.7166
18.5368
13.1756
14.2426
20.5252
23.8833
22.0116
17.6354
12.9433
9.6291
4.0017
0.4259
-4.6627
-5.0059
-5.4613
14.4313
19.0841
13.0002
2.0783
-8.2181
-9.2803
-10.0363
-20.7250
-20.7866
-21.4444
-22.5033
-20.7628
-18.4441
-17.0225
-5.2828
-1.8894
-4.8604
-3.8203
-0.4051
2.7619
4.0669
-5.3210
-7.3860
-2.0048
1.9422
3.8439
-1.2930
-1.9830
1.1631
4.2682
5.1384
4.5153
3.1438
0.9934
1.2038
0.5381
0.5657
-1.3808
-1.3557
1.1823
1.1417
0.4530
-0.1647
-4.9649
-6.0145
-3.5471
-2.6420
-0.4324
4.6610
19.7937
29.4339
38.3108
44.2486
47.2705
45.2351
42.1112
42.5229
39.0152
33.3671
25.0031
16.7599
19.4395
23.0352
24.3360
25.1180
28.9240
31.1716
32.9243
27.3592
21.9964
21.6984
19.4326
16.1774
15.9818
14.3228
2.4942
7.9582
6.1922
6.8062
7.7387
6.1895
7.5311
13.3412
5.8031
-10.1329
-12.2097
-1.7300
3.3980
12.8225
14.4911
6.7040
6.8171
0.0084
-3.2945
4.9914
11.8235
10.5599
8.4100
-2.4787
0.1773
3.4000
0.7164
-10.9450
-12.8188
-15.6894
-17.2736
-19.0323
-33.4698
-21.2317
-13.7104
-18.0070
-24.0899
-20.2877
-15.8888
-13.5886
-13.8584
-12.6230
-9.3511
-3.5166
-1.2539
-8.4884
-24.5880
-39.3603
-37.8117
-31.5076
-25.6308
-30.1198
-26.9411
-25.5847
-27.8278
-11.9132
2.9621
12.6923
25.3020
26.1224
15.3863
8.9106
11.6796
19.1206
21.0307
16.4814
9.6114
-3.0765
-14.7853
-20.9558
-14.1417
-1.6277
2.1870
0.9751
-9.7696
-12.9767
-9.3390
-6.9649
-9.2715
-10.6252
-9.4351
-9.3902
-8.4044
-1.0561
0.7296
2.8268
2.5624
1.6043
4.2270
3.0522
1.5622
-17.7961
-3.0440
18.7197
20.7611
19.9466
18.1709
14.0059
1.1252
-6.8326
-8.8023
-14.4766
-16.0636
-16.3983
-13.0982
-6.6470
10.9031
27.4406
27.9438
19.1237
9.8017
5.7974
9.0664
18.1596
23.7213
21.3654
12.6854
0.5034
-1.8710
5.0704
-0.8718
2.9049
7.1984
17.6933
26.6208
26.5907
25.8533
21.8825
21.8635
21.6532
21.0030
16.8079
14.3572
12.9357
19.2887
24.6329
28.0548
27.8325
20.8069
12.6624
9.6082
8.0284
12.6639
8.2241
-1.3265
-7.4595
-7.9196
-3.6850
2.3342
7.5396
7.4153
5.5912
2.6303
5.1217
2.9563
7.3575
12.7720
12.8772
17.6308
5.3477
1.1781
3.9235
4.0699
4.4544
8.3640
6.8328
0.8211
0.9358
-1.3122
-6.4764
-6.0189
-2.7641
-2.0132
-0.1206
0.7947
7.7617
12.4450
7.9660
6.8232
9.5661
13.2525
7.9580
4.5929
10.4448
15.2558
15.5998
19.0269
23.0270
18.1382
12.3580
8.2036
0.4348
-4.7798
-5.5452
1.8558
5.2138
3.8114
4.7638
5.2421
0.2454
-4.5487
-4.4218
-3.8140
5.4393
7.0074
-0.1374
-2.6921
-2.3909
-0.8742
5.6560
2.7181
0.6142
6.9764
15.2910
13.4251
5.4666
2.9424
0.1694
0.8712
3.5110
-0.2801
-3.7368
-3.7886
-4.5300
-5.1226
-11.9056
-15.7214
-15.6969
-15.2025
-14.7422
-13.2512
-10.4924
-9.1290
-6.3644
-1.9791
-0.6919
3.0200
7.7946
7.9366
11.7167
17.3402
21.1590
19.4110
5.9379
-2.7619
-7.1332
-10.4313
-7.8835
-1.1427
-2.6126
-4.0760
-1.0303
1.7759
8.1720
10.0206
18.4824
28.9970
19.4514
3.2880
-3.3130
-0.8945
-6.3716
-2.6157
0.8363
2.2827
1.9959
-6.1711
-15.7023
-23.1226
-30.5767
-30.9876
-23.7098
-11.0868
-0.9403
2.0065
2.8253
17.5641
31.1994
35.0096
31.6217
25.3917
22.0410
18.1011
10.5420
5.6363
4.0674
7.5383
7.6997
2.8878
6.8456
-16.3468
-29.7668
-15.0873
-4.4615
0.7906
11.5161
12.0935
12.6015
3.3941
-7.1319
0.1033
-1.0872
-5.5052
-10.9507
-20.4533
-9.2558
5.3889
13.8974
15.7109
4.2343
1.3105
1.8477
7.3267
13.5580
7.0923
11.2197
13.1497
11.0889
11.3795
18.2757
25.7916
26.3082
17.7414
19.8040
17.2869
12.0671
19.1229
25.3835
14.7021
9.8123
9.6725
9.8000
16.4543
22.6928
24.6165
24.5642
19.5369
10.9852
17.4107
9.2902
-8.0087
-20.9425
-20.4631
-7.3762
-4.1831
5.9086
-1.2287
-11.0448
-11.7422
-4.3350
3.2494
14.1824
18.5224
15.0636
7.3723
4.1947
0.7962
12.0099
14.6885
10.0818
10.6590
11.3854
8.9813
12.7138
18.0013
24.0109
27.9088
30.8022
34.0441
27.6667
27.4351
29.7613
31.4314
37.0033
42.2252
46.7015
34.4425
24.0443
18.1482
23.1006
27.0719
24.6087
23.2316
17.1643
-4.2781
-8.4084
-0.3875
-1.5939
-2.2915
-2.1489
-0.2632
7.9922
12.6223
6.5806
-2.2057
-11.0060
-19.6309
-21.6996
-14.9901
-6.3535
-3.0484
-6.6149
-3.0862
-5.2271
-9.0723
-9.4119
-7.7666
-8.5340
-8.6331
-7.1173
-3.9268
-4.8113
0.1513
8.6241
12.8330
12.0291
1.6771
-3.5827
-6.6316
-8.7959
-8.1659
-7.7486
-5.8656
-3.9420
3.6890
5.2390
2.7593
3.2263
6.1650
6.4382
1.1111
4.6894
9.5493
25.7956
36.6397
31.6327
25.7422
23.8830
29.1883
24.6515
20.1179
17.2357
17.9023
11.5170
6.0039
10.6875
21.1630
14.9095
9.7547
10.8171
7.6114
3.2911
-3.4863
-4.5021
-1.8530
-6.3700
-10.6427
-13.5408
-10.2274
-13.4901
-7.0398
-5.5421
-0.6013
1.8870
3.0303
5.1629
6.7687
4.9937
0.8011
5.7590

Coefficient 10:
-0.0639
-2.0760
-1.8353
2.0734
8.4816
6.7476
4.4143
14.1386
19.4366
7.9595
-10.5396
-25.3518
-30.2116
-33.2894
-45.5616
-55.9774
-55.9630
-46.8470
-34.8615
-23.7538
-11.8634
2.2090
13.6227
22.3822
32.1051
33.9751
32.2242
32.5154
28.6913
25.9726
17.3487
1.4528
-8.0699
-18.1776
-19.8201
-27.9896
-35.7195
-33.2096
-31.5219
-25.3734
-3.4743
14.2446
21.0139
16.3571
5.1388
6.4802
16.0040
18.5182
8.0622
1.9414
-1.3047
0.8252
3.9501
6.9951
8.9711
6.7280
0.4076
-2.1982
14.6141
25.5777
14.9570
-0.5519
-13.1000
-13.9825
-5.9558
-0.7160
-1.6665
-2.1974
-0.7643
1.2488
0.2612
1.9425
4.2233
1.7673
0.0604
0.3238
1.3424
3.2429
4.6568
1.5639
2.8392
4.9855
5.3096
9.1495
14.2502
11.8077
10.4762
5.0138
-1.3723
-8.5954
-5.1940
-1.7556
-6.8767
-14.7916
-16.1019
-22.6496
-25.5458
-10.8112
-0.2964
3.4761
4.9502
4.8581
2.2934
1.8957
1.5378
1.2527
0.1776
0.3033
-0.7417
0.5109
3.3813
0.7828
2.2582
1.1546
-0.5575
0.2445
1.0026
-1.8878
-8.9438
-10.2692
-6.0685
3.3945
8.4768
5.3105
-2.6380
-0.2533
-0.7597
-4.4516
0.5057
3.3640
4.3038
12.4918
20.7490
20.6561
19.9428
21.0487
21.7378
25.4066
24.3737
19.4810
16.7612
9.2162
5.2018
1.3992
1.0910
0.9846
-4.0898
-4.2447
2.7725
5.6018
3.4740
-6.5062
5.2063
9.1689
9.9737
8.1585
2.6902
2.5077
4.5703
-4.6698
-3.5687
-5.4608
-11.0732
-12.6639
-18.4580
-18.6671
-25.4197
-19.9278
-8.7516
1.3220
9.7183
6.7888
0.2515
0.7859
7.8420
17.1781
24.0579
15.9352
5.2380
-6.3283
-11.7586
-13.8492
-17.3310
-19.4020
-23.4179
-27.4095
-26.9359
-28.1068
-30.1960
-28.7027
-32.5317
-32.2450
-35.9210
-31.6028
-21.8724
-27.6753
-30.8389
-19.4061
-8.0567
-14.0846
-15.5549
-10.7781
-2.8560
-4.0154
-15.1149
-9.6680
-3.2086
-3.0718
-1.3779
-8.4293
-21.3678
-31.7649
-43.1925
-41.0421
-29.0024
-21.3141
-20.1599
-20.5421
-21.4554
-18.4121
-24.7210
-22.3506
-23.2990
-24.4270
-26.6128
-28.2229
-7.0345
-3.2195
-8.0104
-13.2974
-17.8423
-23.6290
-20.3543
-3.5932
2.5388
3.1006
2.6432
-18.6491
-34.2371
-33.7166
-33.1669
-31.2939
-23.3979
-11.8772
1.2942
6.5920
22.8329
15.6753
4.3855
0.7898
6.3922
5.1820
7.0262
12.2540
12.1159
7.6108
3.4639
7.4884
8.3132
9.7053
5.8334
5.2163
3.7862
12.4054
15.5335
14.0166
8.0567
8.2952
5.5062
1.4404
3.9033
3.8790
5.5308
6.1244
1.4880
-1.8380
-1.1519
-10.0536
2.5450
7.0259
3.0170
0.7338
7.7539
9.8962
4.5843
4.9913
15.1655
16.6877
18.7700
19.8267
20.0912
14.1958
10.7927
11.2774
14.5735
17.8251
13.7580
5.1235
1.7521
-14.5751
-21.9662
-22.1670
-24.2958
-23.8868
-20.5406
-22.9852
-27.5361
-18.2006
-0.1127
8.1742
18.6836
10.5731
4.3692
0.6286
-6.0142
-9.7722
-9.7469
-2.9707
2.8324
8.2995
10.3890
6.0796
2.2019
7.3902
5.7847
3.3828
-18.4085
-42.0164
-50.9304
-46.3881
-35.4521
-25.1034
-14.3828
-1.0008
2.9397
6.9743
11.8877
14.4148
12.3537
9.0497
-4.1936
-11.8786
-11.0690
-11.1833
-7.8453
-6.2401
2.2363
15.2615
5.1479
3.1676
2.0677
1.7397
0.6565
-2.9344
3.9764
5.8034
2.0051
-1.3213
-1.8138
-5.8180
-1.9179
6.2204
-0.0878
-10.7081
-18.3735
-11.0446
-6.3558
-15.0712
-20.1770
-17.3909
-10.9985
-3.7679
2.6128
10.0799
20.1617
23.4601
15.2103
10.3830
3.5723
-2.6872
-6.2771
-10.0727
-13.1283
-14.6108
-11.6879
-8.0173
-8.5987
-13.6393
-11.5680
1.1588
2.7998
4.9732
9.0060
11.2142
-12.9965
-26.4496
-25.5745
-27.7756
-33.1272
-26.0138
-8.4147
0.6514
10.2564
11.5040
13.6397
0.5487
-4.6769
-5.4814
-1.0773
13.5313
18.3989
19.3098
11.0130
6.2165
5.3394
4.2349
-0.3526
-4.6136
-9.3162
-7.3585
-7.8157
-13.8409
-2.5807
3.5394
-3.4965
-20.2461
-29.3451
-25.0139
-30.4497
-27.6695
-24.5237
-26.5062
-32.9051
-32.7315
-23.1530
-4.4789
-16.0643
-20.3249
-12.0231
-4.2649
-4.4265
-7.1950
-12.1674
-12.0131
-4.4972
-2.1340
-0.7072
-0.4701
-0.0987
-3.7951
-3.4221
-1.1677
1.0198
1.9771
-0.3250
-0.2324
-1.4393
-0.1085
3.3882
4.7591
7.0684
4.4172
3.1336
3.3518
0.4879
-1.2041
-0.5029
-1.9499
1.3163
10.3352
21.0991
25.5475
24.5943
19.8603
14.7283
12.8935
11.6305
10.5728
12.5748
12.8655
12.4455
10.7111
7.4550
5.5231
6.7913
10.4607
16.6001
19.6814
22.4361
18.8801
16.6121
23.3373
30.0236
34.4142
38.3503
36.3773
13.7982
-8.6316
-7.3690
-6.4226
-6.1037
-13.4812
-25.9556
-22.5402
-14.0793
-12.1159
-17.5561
-7.4239
-1.8366
-5.4152
-13.2434
-17.0287
-23.5195
-23.5913
-21.1968
-37.5785
-30.8891
-28.8641
-22.1427
-25.7264
-34.3977
-27.9036
-9.4553
-6.7095
-10.5030
-14.1137
-16.7380
-13.4390
-18.9906
-15.5476
-24.9983
-26.2820
-19.7102
-11.0010
-5.4442
0.1834
4.4643
4.2394
-1.4486
-4.0150
-4.3166
-12.5116
-20.9503
-43.6528
-60.7499
-61.6759
-54.5074
-54.7367
-42.9892
-33.5977
-26.6315
-17.6535
-13.0777
-14.9423
-8.0027
0.0732
0.3524
-2.6192
-8.3244
-5.9029
0.3609
6.6045
10.6182
7.0663
7.2374
5.2433
0.7011
-2.9615
-0.5983
-1.4350
-14.9363
-20.7693
-18.1509
-11.7498
-8.9178
-9.6164
-8.9298
-6.2263
-3.4350
2.4777
5.2392
8.9819
7.1286
0.8333
1.0531
-2.6245
-6.7899
-22.9463
-18.8577
-18.5733
-20.6705
-22.2534
-21.5869
-15.6187
-28.3068
-31.9120
-33.3633
-36.4272
-31.6450
-26.6322
-34.8188
-36.8611
-27.4575
-7.6172
-4.6046
-1.1947
-2.3794
-1.1757
18.6758
9.9725
2.1547
-2.9750
-6.6693
-7.8713
-2.9523
-1.4261
-12.9849
-23.4584
-24.9495
-15.9705
-3.3812
8.6779
16.1791
14.5528
17.0029
16.5255
16.0766
15.9043
16.3334
11.5282
10.1377
12.2811
13.9435
19.5070
16.7697
15.3252
12.6813
8.6470
7.9461
1.2671
-8.3503
-9.6129
-10.0438
-6.4330
-0.6440
4.8676
7.2573
6.8350
3.4372
3.1719
0.4698
6.4663
13.5560
17.7420
23.2917
26.9009
20.9769
9.0403
3.4128
4.0302
5.9362
4.9055
-0.2890
-1.2553
-3.4395
-7.1116
-5.5990
-3.5425
-5.2539
-2.3588
-2.7734
2.5821
1.8020
-3.2797
-1.1926
0.7981
3.4169
-1.6738
-2.7024
10.0189
21.6527
22.6301
21.4750
22.3651
14.0389
7.4286
3.6786
-0.4106
-3.1179
-4.7223
-1.5668
-1.1506
-1.9868
0.2921
2.6956
-2.2408
-6.0328
-4.7387
-3.8761
-1.5828
1.9435
-0.0383
-2.5508
-1.8545
-1.7528
1.7781
-0.2283
4.3645
14.5314
17.5719
8.9648
0.5527
0.5522
-0.4606
-3.2485
-7.1978
-12.7574
-9.8139
-7.4564
-2.8155
-0.1643
-9.0425
-17.5842
-19.5544
-18.4212
-14.9866
-13.5079
-12.3183
-10.8160
-4.2522
-2.2180
-2.3207
3.2428
12.3868
16.1707
14.8571
15.6382
16.2038
15.0282
0.4546
-9.6761
-13.2285
-15.1171
-11.5339
-5.1798
-3.4807
1.2320
-1.6375
-20.1382
-24.0206
-28.4721
-27.0183
-14.4503
-16.8216
-25.6046
-29.6030
-16.1796
-8.1806
-10.7600
-11.1306
-10.9127
-9.9240
-14.3050
-20.7686
-22.0343
-18.5175
-11.1984
5.2109
5.7345
3.4756
3.5636
-5.4115
-7.2439
-7.4679
0.0785
2.2009
-3.2032
-7.6831
-2.4000
-0.8360
0.1591
6.5690
8.8298
10.3901
11.8587
14.8471
-10.6347
-24.1745
-37.1774
-30.6375
-25.5814
-18.1232
-14.6035
-10.1212
-11.1246
-16.5674
-12.1888
-12.7555
-11.6415
-3.2035
-2.6487
-8.0029
-16.1618
-24.3647
-19.8641
-3.5355
-2.8135
-5.2698
0.2781
4.7943
-1.4903
-19.3602
-17.3264
-12.5441
-10.5324
-8.4792
-11.1333
-13.9739
-16.3533
-20.0096
-23.7536
-31.7125
-23.1340
-9.9711
-3.2400
-9.9180
-6.9567
-12.1921
-6.2044
2.0055
0.9432
-6.2088
-11.4592
-11.8521
-8.9509
-1.1732
0.4012
-4.2661
0.3246
9.9858
10.9371
8.2759
8.8984
13.7038
10.2761
4.0459
-3.2941
-8.9235
-18.5931
-28.0803
-26.1564
-20.9393
-14.1935
-13.4729
-9.8165
-9.2952
-9.0792
-10.9067
-12.9517
-12.2263
-16.4529
-9.4589
-2.4384
1.3256
1.8542
-2.6521
-10.1433
-12.6802
-19.8079
-27.4178
-33.6012
-26.5229
-7.5971
-6.3880
-15.3522
-18.9837
-19.5906
-17.4232
-14.7602
-13.0149
-16.8705
-19.7754
-30.4873
-26.8083
-19.4580
-7.0476
8.2883
19.5882
24.9337
21.8693
11.9283
1.4762
-4.3947
-5.7912
0.6592
12.1814
10.6907
0.0890
6.9612
11.5740
9.4187
9.1660
13.1886
10.9311
5.0309
5.6817
4.2553
-2.9244
-15.5104
-15.6486
-14.2328
-11.3692
7.6999
7.5640
2.4793
0.3041
-1.6563
-1.5594
0.6394
-1.3516
1.1311
7.6361
12.5958
10.8048
12.9325
15.5472
13.8053
18.4283
23.6494
22.1238
24.2220
27.0144
34.4765
40.0123
42.5262
42.4758
42.1694
42.0481
39.9562
31.1908
26.1117
31.4042
24.0037
24.0916
27.2870
32.7688
34.1388
34.3401
21.7479
15.0025
11.5649
9.3210
8.2855
-22.1043
-34.7338
-31.7109
-27.2941
-23.4988
-21.9181
-15.7043
-14.8669
-24.1340
-36.3661
-37.1353
-33.4557
-20.4519

Coefficient 11:
-0.0726
-6.3169
-1.3585
-2.3949
-3.8404
-4.1796
-4.8487
0.3440
11.1609
15.1148
9.8890
0.1928
-7.5962
-11.8846
-10.8962
-5.8586
-2.3575
2.7775
0.4377
8.4384
-1.2087
-25.9704
-35.9045
-32.3055
-29.9858
-34.1143
-38.0346
-30.7475
-16.7959
2.3032
13.7871
20.0400
14.4212
7.9908
-0.1475
-6.9523
-2.8795
-0.0804
-5.1784
-2.4350
7.6714
4.0526
-14.1740
-20.0866
-14.8198
-26.9515
-26.7512
-24.9036
-23.5500
-15.8002
-6.9466
-16.8317
-17.6225
-16.1330
-16.3369
-7.1849
7.1905
12.5773
9.5381
5.8956
1.7742
0.3253
-4.0832
-7.2840
-7.4430
-4.3583
-2.0635
-2.1119
-0.2524
0.5344
-0.0457
0.6909
2.3894
-0.2066
-1.3100
-0.7243
-0.2994
1.8087
4.3912
1.2317
2.7429
4.7096
4.0787
5.8719
16.0376
17.4474
18.3631
14.2334
5.6701
-1.6481
-8.9793
-16.3511
-15.4435
-8.3843
-7.6940
-8.2118
-6.4060
-3.7958
-2.2164
3.5896
6.3734
5.8544
2.0568
0.5657
-0.2131
0.0105
-1.1160
-0.7696
-1.3755
-1.0018
2.0788
0.2870
0.1949
-1.9735
-3.2226
-1.5668
-1.8700
-1.0855
-3.0062
-8.1243
-11.2537
-12.9185
-12.9993
-7.3145
-3.5540
-0.5158
0.1247
-2.1103
0.3772
2.4023
4.2688
15.2077
26.4156
29.7744
33.3039
35.2223
35.6040
35.0603
27.4029
15.3632
10.9894
5.9033
2.8850
-0.0299
0.9853
2.8048
-1.9510
0.3570
6.3183
10.5887
-12.9552
-14.7930
-30.0265
-35.7746
-32.8886
-24.8018
-19.2115
-25.5199
-23.2256
-15.9821
-14.2084
-14.8673
-16.8903
-15.3200
-11.1068
-6.7670
-5.8360
-8.9156
-14.1035
-18.7814
-12.1810
-2.3534
-5.2016
-9.1190
0.9179
-1.7481
2.0919
-4.0748
-0.5751
4.0887
3.9890
8.4607
1.6577
-6.6746
-15.5199
-13.7147
-12.9091
-15.5704
-19.4910
-17.8092
-13.7291
-6.3626
-7.9254
-5.8216
-8.4849
-0.0948
-7.6139
-10.5698
-8.4869
-5.3202
-0.2715
-4.8927
-12.4303
-14.9009
-3.9962
2.5808
2.3666
-1.2224
-1.8253
-3.1095
-0.8524
-0.5227
-1.0225
2.1894
-3.6191
-15.0507
-13.8830
-8.9038
-4.0869
0.5819
-7.5502
-4.9153
-1.8449
-3.5330
-0.1535
-0.9465
-2.0777
-0.1886
7.1498
17.3875
24.2994
27.5020
26.2105
24.7683
19.3535
10.7619
3.1455
-0.1854
-0.9811
-3.8347
-5.9538
-8.7429
-9.0970
3.7849
6.2553
7.9981
-6.3106
-7.8764
-11.3965
-8.2870
0.3882
1.8877
3.3514
6.2294
8.7950
7.0768
2.9751
3.8095
2.9669
5.7913
6.4738
3.8309
-1.2114
-4.7227
-11.3857
-10.8056
-7.0727
-6.0687
-5.7846
-6.9972
-3.3053
0.4606
4.1861
5.1663
-0.0175
-2.2901
-17.2884
-12.4722
-18.0313
-3.9099
8.8915
11.6804
12.9065
9.3942
2.4234
3.2129
-1.1232
-13.5894
-25.4674
-34.2058
-29.1359
-23.4981
-22.2763
-18.1833
-14.0850
-10.7504
-16.6838
-22.6183
-28.1346
-11.5202
1.2121
8.4115
17.6080
21.5890
20.3279
16.1981
8.9805
4.9284
9.1224
3.2832
-0.7820
-1.8508
-2.0702
0.3160
-4.6024
-10.5729
-12.7901
-5.2479
0.3623
6.4468
8.7637
4.8577
1.0186
-9.6915
-14.7842
-8.6293
-13.7213
-24.4019
-20.2235
-15.9974
-16.1752
-20.1353
-15.4516
-5.1021
-0.7308
-0.3337
1.8016
2.4726
-3.0510
-7.8788
-11.4728
-19.1574
-23.9199
-23.6721
-16.7881
-9.5996
-5.9023
-23.2501
-22.6626
-13.9673
-9.0783
-5.9247
-6.2238
-25.4211
-31.6185
-28.0016
-22.5720
-16.4591
-8.1272
-4.8864
-4.5051
-14.0931
-23.5079
-22.5341
-19.2600
-17.7317
-16.2568
-14.3518
-15.9580
-16.8048
-12.4391
-7.2438
-17.3788
-26.7757
-28.1142
-22.0627
-27.7777
-36.5026
-37.9941
-33.5155
-24.4378
-21.0076
-20.8531
-17.9286
-14.1621
-18.9924
-23.3574
-20.1235
-20.2301
-21.0595
-13.4138
-9.6605
-14.5934
-14.7212
-11.9918
-8.6268
-1.4332
4.4119
-2.5192
-15.0577
-15.9842
-14.9883
-15.7946
-18.4424
-3.9941
1.6020
4.5905
4.5058
1.8144
1.6043
-0.4728
-0.3954
-11.0050
-11.0705
-4.6729
-6.3215
-7.3357
-4.0931
-3.9551
-4.2634
-4.5681
-21.9174
-31.3465
-34.8964
-33.6661
-25.5825
-19.9247
-12.2364
-8.6160
-1.6664
2.6659
-0.9092
-1.9430
-5.2422
-10.1812
-17.7989
-12.5488
-17.9855
-19.5274
-15.4943
-14.3360
-9.1620
-5.3967
-0.4440
-2.0719
0.9116
9.7073
11.7656
5.8062
-0.7328
-0.5528
2.1168
2.5033
0.2861
-0.2667
-1.0410
-2.3210
0.1740
5.1075
6.6673
7.8697
3.8952
2.9979
3.9120
2.2537
1.6516
-0.3309
-3.6095
1.8467
10.3017
17.2133
15.0296
8.7224
-3.0200
-14.1251
-17.2142
-16.6398
-11.4329
-0.9061
-1.1949
-1.9432
1.0956
3.0213
0.6768
-0.1130
1.0081
1.1372
1.0987
-1.9027
-6.6996
-14.2900
-15.5991
-13.1327
-8.3217
-2.5433
0.7196
-18.0551
-26.4194
-30.3903
-28.9746
-21.0858
-12.3063
-7.3781
-6.6623
0.3412
4.1785
2.0423
-1.7655
-4.7159
-4.6361
-5.0555
-11.2625
-10.7681
-5.8203
0.3420
3.5633
-1.6423
-5.8008
-12.2497
-7.4130
-1.2880
-0.7407
-5.2350
-15.5972
-15.6618
-10.0502
-7.7337
-7.3791
-0.3325
-3.5000
-9.7705
-15.1922
-12.3236
-17.7911
-17.6712
-15.5806
-15.4870
-14.0265
-3.6166
1.9386
0.7381
-7.1154
-8.2957
12.1512
14.5543
10.5000
-1.3471
-10.1548
-10.9613
-8.2692
1.5771
-7.6793
-12.5032
-15.5157
-16.5200
-14.5945
-9.3406
-1.1500
-10.1229
-20.6518
-20.4154
-18.7753
-8.8107
-1.0026
-3.6492
-11.7642
-11.2135
-6.7463
-2.7916
-2.7657
-14.2845
-18.7988
-14.7038
-9.9114
-6.1590
-5.1954
-4.4994
-0.1742
2.7230
6.1700
10.3675
15.8915
13.2754
8.2681
6.2579
2.5134
-7.8611
-23.2168
-25.4365
-31.2731
-25.9973
-20.4212
-17.6033
-21.8868
-16.5627
-6.4595
-1.2949
-3.7674
-4.5303
3.6902
3.0831
-3.5668
-10.9295
-14.9620
-9.4316
-7.3054
-9.8067
-10.8947
1.3632
-7.0581
-10.7480
-12.3051
-10.1938
-11.9930
-9.0586
-7.3091
-1.1005
-0.7267
-0.5529
1.9919
9.3096
19.4087
19.2550
13.1491
6.2748
0.5578
-2.8029
-5.5254
3.1216
5.3756
-3.2056
-6.1626
-9.0472
-4.3149
-3.9489
-1.8303
0.3246
-0.2676
-0.1582
-6.6347
-8.3851
-5.4996
-5.2355
-5.3010
-2.9379
3.0206
3.9588
3.2533
1.5664
0.1854
-1.9850
3.7112
11.2327
17.5808
21.1784
12.2524
5.2854
0.9152
-0.3182
-0.6498
2.2237
2.6701
-0.7526
-1.9444
-3.8132
-6.4576
-4.2624
-0.4718
-2.2364
-0.0785
-3.9203
-3.4188
-5.2133
-12.7021
-13.3083
-14.5024
-13.3200
-16.5137
-18.5466
-6.2975
6.9836
10.0670
8.7412
14.9246
14.2744
7.9892
3.6346
0.4011
-1.3436
-4.3907
-2.3157
-3.9048
-4.8413
-2.0277
2.7081
1.7933
0.7257
3.6907
3.7207
3.9501
2.3250
0.9851
-0.1418
1.2500
-0.6510
-1.5247
-1.2723
7.3166
12.6333
12.6716
6.5899
0.2390
-2.9743
-5.5077
-11.8022
-16.3556
-14.6310
-9.3029
1.6039
5.9453
6.5335
3.5591
-3.5774
-10.3558
-13.4541
-16.8882
-16.3942
-13.2513
-9.9787
-9.3677
-6.3562
-2.5862
3.9065
11.0023
13.4423
9.2508
8.2142
7.2680
5.9347
-5.8790
-14.4277
-15.2086
-16.5098
-13.8888
-8.2256
-6.0996
0.1510
3.5974
-9.9844
-15.9759
-10.2081
-10.5843
-0.6193
0.3748
-8.6083
-13.1848
12.7887
18.1913
12.9911
12.1637
14.0066
14.4833
12.2197
6.7782
5.1848
8.0798
6.6967
6.2948
2.9870
6.9623
7.4645
2.7837
3.8205
-1.4103
-12.1493
-18.8129
-32.8291
-31.2849
-21.8479
-12.2647
-2.3752
6.2894
12.3561
16.4251
18.0004
17.5793
-6.4374
-26.6374
-18.0363
-17.2814
-14.2555
-8.3905
-0.1330
6.4173
12.5806
16.3086
20.6709
8.2535
4.9065
-3.2873
-9.8499
-0.4250
1.4439
-1.4289
-6.3537
-7.5923
-1.6669
4.1422
3.5447
0.7676
-3.1140
0.8278
0.4409
-2.7526
-9.6076
-14.3013
-20.9512
-23.3317
-21.2814
-14.4882
-15.6066
-4.5399
-7.5014
-15.0051
-10.7970
2.0295
3.2591
0.2070
-3.6002
-7.9646
-11.8875
-17.3485
-15.6755
-11.7491
-17.7746
-14.9011
-11.7181
-16.1092
-23.2573
-28.0113
-21.0945
-19.2947
-33.6327
-49.3954
-50.4713
-40.1089
-22.9306
-9.4445
-9.0029
-12.9141
-18.3203
-19.1969
-16.6520
-16.5651
-18.8087
-24.3330
-17.7915
-11.9298
-9.5576
-5.1273
-6.2257
-7.4206
-6.2982
-3.8127
-6.9787
-13.6216
-19.8383
-24.8810
-35.9384
-40.8130
-41.1486
-37.7973
-13.9292
-5.3436
-6.7185
-8.0512
-5.9341
-8.2786
-8.6406
-0.0758
7.2079
17.9821
5.0054
-4.5284
-8.1587
-13.3410
-13.1156
-6.7186
-4.9690
1.2108
4.4972
2.4737
2.1093
3.6662
5.9973
18.7845
20.7986
11.1203
17.5119
14.7596
4.6638
-1.5947
-6.4147
-8.5236
-13.7208
-15.7152
-14.4260
-11.1968
-10.6996
-11.0884
-13.1039
-14.5899
-5.8069
17.1474
22.2994
23.5535
22.2655
13.2185
-0.3926
-3.7877
-8.6671
-22.2494
-25.5048
-19.8151
-8.4997
-2.7400
-2.0922
1.3620
10.2395
11.4425
5.8403
-0.2074
-5.4424
-1.4244
2.3630
6.4933
11.9168
14.8889
14.7469
24.3384
31.1464
28.0908
16.6194
6.9735
-4.4597
-8.2022
-3.8526
4.5027
10.5931
7.9405
6.5567
17.2424
19.9062
34.7517
37.9536
21.8395
15.1475
10.8129
5.1933
5.1626
8.8432
10.6053
10.8416
9.0928
0.8197
-8.5935

Coefficient 12:
-0.0755
-16.7456
-17.7506
-14.4991
-13.2487
-13.5494
-14.3703
-9.8791
0.8593
9.4436
12.3994
8.2424
6.5804
16.2757
23.1121
21.8065
19.5796
15.4860
4.2631
-5.7886
-14.4998
-25.6141
-26.3904
-25.0230
-27.6052
-27.0052
-33.9032
-36.1872
-26.1187
-10.7024
-0.8892
5.3121
-0.7938
10.5363
15.3370
15.2564
13.2523
15.9376
11.6053
2.5903
6.6100
8.7467
6.2108
6.3475
11.1504
-8.2683
-27.6221
-22.6706
-18.1598
-12.4531
-14.8112
-9.7907
-6.1324
-7.9441
-7.2665
-8.7755
-11.3146
-11.5802
-11.5055
-5.7756
-3.3924
2.9936
4.2828
4.0802
0.6700
-5.5543
-1.5540
-1.3727
-0.3217
0.0193
-0.2602
-0.8799
-0.7602
-1.8762
-2.3667
-1.7534
-1.0810
1.5569
4.4858
1.2914
3.2450
5.1474
3.9483
2.9761
-2.7416
-9.7279
-8.5163
-15.7203
-25.8560
-27.8790
-17.7213
-10.4753
-9.8075
-17.7939
-23.6683
-23.4361
-16.7426
-3.2665
-3.4825
0.0436
3.3722
4.0090
0.2863
-0.7414
-1.6120
-0.6388
-1.5796
0.0197
0.0561
-1.2081
1.4626
0.7541
-1.3474
-4.1043
-3.5779
-2.0666
-3.6130
0.9730
6.1035
3.8333
1.8072
-1.9245
-3.7247
-0.9884
2.6405
5.1574
6.8961
4.2487
2.7105
4.6260
5.3052
7.6512
6.7738
2.6886
5.8178
10.7687
12.4107
13.6553
11.3237
5.7426
2.4503
1.7717
0.3943
-1.0258
0.7815
3.1748
1.5617
6.1487
10.9897
6.9189
-25.5027
-33.7591
-17.9596
-9.1690
-5.3801
-9.5396
-12.7898
-9.7323
-5.6288
-8.0232
-11.0273
-9.7319
-4.5140
-2.0991
0.3866
5.9634
1.9128
-6.7041
-4.9078
-1.3035
-0.6789
-0.3069
-0.1659
1.7864
8.1373
-0.7621
1.5755
-3.9310
-9.6871
-6.9204
-4.9563
-3.8320
3.9610
3.8077
4.3436
3.3194
3.9749
5.0147
4.1739
4.0883
-2.0205
-11.4784
-10.0307
-1.9693
-6.1916
-10.4390
1.3630
-1.7363
-3.8813
-6.9601
-12.2364
-5.0356
1.7491
7.9238
0.2710
-1.4473
3.7868
9.8443
8.1843
-3.7035
6.0001
13.9353
19.1863
24.3011
26.4980
22.6736
19.6065
12.8256
4.3678
2.8579
0.7528
-6.9359
-12.5062
-8.5834
1.0813
-4.1587
-27.7571
-31.4382
-25.7476
-16.0177
-9.8111
-3.7039
3.0023
5.6674
10.5442
6.1133
0.8519
10.9941
6.4604
1.9810
3.0040
6.6883
7.5395
12.4120
11.0051
7.7110
-27.2196
-36.5027
-33.8984
-25.2547
-18.2167
-6.7220
-0.6348
2.1997
4.8182
4.6107
1.5976
10.4202
14.1612
19.2432
19.8192
13.8468
8.9793
10.3167
12.2995
12.8931
8.4878
10.5268
10.3944
10.5500
10.4948
9.4273
10.1500
10.5964
4.2555
-0.2665
13.9419
14.5362
-6.9709
-13.1958
-13.4465
-14.8178
-10.8254
-9.7519
-4.3090
1.0402
0.0957
-4.6706
-9.9778
-8.6558
-3.4053
-6.0271
-14.8414
-22.1229
-24.6610
-25.2283
-24.1620
-21.1536
-8.5244
-9.6065
-9.2120
-7.7858
-8.5585
-9.5611
-7.9461
-3.0367
-2.9714
-9.1816
-10.1297
-6.8372
-7.8769
-6.5116
-14.9277
-23.9718
-26.3275
-20.1242
-15.3059
-6.8255
-2.6320
2.9082
5.5590
2.8490
-0.3554
6.0104
7.9969
4.3309
-9.0687
-8.9361
-6.8467
-11.0936
-13.6710
-11.6936
-6.5055
-6.0927
-3.3941
-2.7579
-1.4715
-4.4839
-7.1808
-8.6150
-12.6462
-15.0155
-20.6325
-23.3943
-18.4417
-8.7776
-8.2494
-41.9466
-42.4089
-33.3626
-26.7087
-23.6938
-21.8679
-13.5939
-6.7236
-2.4127
-7.7109
-14.0961
-17.5180
-18.0957
-12.1708
-2.8352
-4.1035
-0.3945
-0.0834
-7.2958
-7.5658
-0.8068
5.9534
8.1893
9.6360
15.8013
11.9995
10.4415
1.6365
-1.5783
2.4170
4.4502
3.8784
1.1795
1.2058
-3.6512
-11.1959
-12.2171
-6.8252
0.2891
2.9628
4.7087
3.2007
1.5631
3.6451
6.0172
3.7977
1.2179
6.4900
2.3472
3.2993
2.6707
-2.1742
-6.4283
-6.2507
-9.6441
-14.6943
-12.8725
-8.9177
-15.6141
-14.9914
-5.7781
2.1576
5.4569
9.0414
11.4422
5.6641
5.5174
11.0531
11.8284
14.0830
19.4799
13.2182
1.9976
-1.3798
-26.8038
-16.5875
-11.4511
-11.1450
-12.3394
-7.7922
-8.4336
-3.6047
-5.5517
-10.2010
-13.1502
-7.5020
-0.4771
-0.1612
-1.3687
3.7419
4.5503
12.9924
15.8106
16.5980
18.2124
8.2139
-7.0449
-10.7343
-2.3106
4.2521
6.4794
3.2258
1.6622
3.9661
7.8362
8.5599
2.9674
0.5936
-1.1738
-2.3673
0.8941
8.0153
11.1754
12.2613
7.7138
4.4838
3.9787
3.8680
4.0206
1.3243
-2.9144
-0.9254
3.4626
9.8252
15.5768
13.4756
9.9265
3.5768
-2.1475
-0.5954
2.4926
5.6377
4.1046
1.9180
0.7223
3.7223
1.3839
-2.0606
-2.3299
-5.6301
-5.5975
-7.7279
-8.1799
-10.4324
-14.7537
-14.4035
-12.1427
-9.3837
-7.1128
-7.9276
-10.1681
-7.9726
-3.2016
-4.0977
-5.4919
-0.5826
0.8425
3.1372
0.2286
-3.7006
-1.5788
2.5524
4.7044
-2.0345
-8.8221
-3.9994
2.8849
9.9078
16.4727
17.4329
16.7884
8.2931
4.0542
3.1223
5.3016
12.2505
18.6281
11.8942
3.6741
0.7703
1.7806
7.2019
-7.4799
-11.7261
-7.7952
-4.6722
-9.6754
-9.5465
-13.7111
-21.2548
-25.7664
-26.0383
-26.2949
-20.6190
-17.7441
-10.9955
11.3451
12.0224
6.0602
-0.4226
2.0106
3.4136
-1.1027
-9.1919
-11.9302
-8.1124
-2.1137
-1.5456
-2.0220
-4.9235
-8.3223
0.3667
0.0547
0.7456
-2.9093
-4.6646
-0.8407
-7.5636
-12.9753
-15.0665
-12.1959
-4.3038
-3.3048
-12.6188
-17.0811
-11.1132
-9.8096
-8.1248
-8.1041
-5.3126
-0.5086
3.8954
5.1880
8.2334
14.6268
13.0896
8.2350
4.3654
1.4182
-11.9573
-22.2289
-13.9226
-23.4490
-28.3278
-27.5884
-23.3493
-20.6331
-3.1506
-3.3168
-2.1908
3.0554
2.8187
5.6763
17.4513
19.6258
7.8277
-22.2740
-23.9200
-21.5712
-22.9388
-22.0106
-27.8342
-28.7958
-27.5457
-22.2389
-16.5855
-19.2974
-12.3109
-4.4263
5.4386
7.9991
4.1910
4.6305
13.9233
22.2966
17.2622
8.1155
-0.2315
-3.5370
-6.7992
-26.8100
-29.3425
-20.4045
-13.6775
-11.0294
-17.0091
-18.0030
-15.4174
-13.2422
-8.0357
-7.7927
-5.0946
-10.0709
-9.8314
-7.1594
-7.5067
-8.2786
-4.0581
0.6772
-0.9352
-2.0666
-1.7197
-2.0334
-2.4981
-0.3699
5.0867
7.5005
10.2215
8.5681
3.2646
-0.7475
-4.1538
-5.5649
-0.5945
1.7803
-0.8215
-1.8619
-3.0679
-5.5338
-3.8488
-2.2961
-4.3311
-1.8867
-3.3823
-2.3728
-2.3405
-4.7403
-5.1413
-6.8133
-3.9321
-4.4004
-7.0135
-4.8241
-0.0563
1.0365
0.4377
8.6747
11.1487
7.7200
3.0492
-0.0083
-0.6040
-2.7699
-1.7521
-2.1296
-3.3426
-3.1575
2.8095
5.5141
11.1469
16.4897
17.9959
11.3267
3.8329
2.2824
1.8723
2.0720
-1.3762
-4.0321
-2.0136
8.6840
12.7179
16.4144
16.0532
10.2247
0.8834
-7.5438
-13.4287
-17.7814
-11.4156
-9.1387
0.1956
13.2924
14.6117
14.7713
10.6477
6.7975
4.5451
-3.0492
-8.0178
-1.3020
1.2356
-1.4976
-5.1663
-1.6869
4.5572
10.8243
7.8235
-1.4536
-3.5664
-2.4354
-3.3429
-9.3507
-12.5088
-12.6695
-13.9808
-12.3373
-7.5237
0.2813
7.2497
13.3208
7.6231
-4.0539
-13.1459
-12.4332
-14.4475
-20.5402
-27.2543
-26.9957
-15.3688
-18.1027
-19.5672
-15.4826
-11.1813
-5.5983
-0.9117
-4.2919
-9.8917
-14.2157
-0.3039
-0.4739
-14.3645
-14.7339
-10.7949
0.9304
5.6837
5.0473
9.8700
11.3827
-1.1016
-10.3978
-4.1055
-2.5849
0.9078
4.4571
9.0396
12.9674
14.2289
11.8044
-6.9157
-4.0308
-10.2022
-6.6250
-8.4717
-19.4054
-19.3421
-16.1408
-11.9828
1.4718
-5.0361
-17.1243
-14.3782
-7.5698
-8.5422
-10.7767
1.9687
1.7014
-2.3578
-7.1819
-11.8450
-8.9808
-6.0729
1.1558
6.6697
11.3968
11.8083
12.3037
9.2020
9.3244
4.4135
0.9600
2.8445
5.7208
0.8143
-10.2749
0.9379
3.3838
-2.3664
-10.1456
-10.7523
-16.8266
-19.7073
-18.1884
-14.6646
-14.0938
-9.0712
-4.4911
-5.8361
-4.4848
-6.5390
-3.7521
-11.2903
-15.8794
-12.6694
-5.6380
3.5914
5.2588
3.7976
2.1465
-6.2711
0.9272
-12.7796
-18.6296
-21.2328
-20.1197
-20.3804
-23.2738
-21.5528
-18.4295
-15.0432
-5.1113
2.4171
7.2944
10.8841
11.7748
2.0086
3.8793
9.6442
11.5532
7.3794
5.2251
-4.0574
-14.9838
-17.7382
-18.4559
-6.1346
4.1821
2.8570
-5.0158
-7.8448
-10.6877
-6.6662
7.2430
11.7548
10.0174
9.9013
8.7484
9.8507
7.3435
0.1452
-5.8324
-8.8861
-7.9381
-10.3870
-13.4511
-12.9444
-8.5143
-1.8556
4.6210
10.3717
4.9913
-10.4472
-19.6700
-20.6286
-21.2848
-26.3569
-25.3176
-23.0035
-28.3729
-28.0302
-17.5610
-14.0269
-18.9233
-14.5972
-9.3210
-15.3214
-12.3521
-7.6262
-11.9048
-21.9566
-22.2721
-11.4003
-1.5563
-9.0914
-28.1843
-32.9883
-18.1354
-17.3766
-13.1889
-12.3275
-12.1733
-7.7476
-2.5815
9.2196
19.3343
17.0840
6.9613
1.7449
-3.7269
-7.0260
-12.1779
-8.9944
-2.9057
-2.1734
-9.0587
-11.1857
-7.0886
-7.2809
-4.3379
4.0628
7.5778
2.1882
-5.1946
-8.6879
-14.4329
-12.6544
3.3743
-5.0863
-22.4419
-27.6969
-29.3491
-30.4318
-22.7815
-20.4467
-21.5896
-29.0426
-36.4682
-40.8444
-32.8242

Coefficient 13:
-0.0722
-10.8810
-15.7171
-17.5717
-13.8997
-5.3685
-10.3906
-16.3390
-12.4993
-14.9734
-6.0637
3.2505
4.8518
7.8950
-8.4891
-28.0789
-34.1517
-28.7912
-14.3888
-9.3167
-10.4058
-3.4357
-6.0276
-9.0266
-6.2144
-5.2949
-8.5253
-12.9657
-9.3581
-12.1801
-10.4320
-9.3939
-8.5597
-6.6068
-12.7332
-12.8425
-8.0958
-11.3771
-15.5627
-7.3430
4.8530
5.7164
-0.0056
-0.8599
-2.3592
-5.9615
-22.0140
-28.7919
-27.6049
-11.4110
-15.9339
-27.4693
-30.6446
-33.8556
-28.8001
-21.3625
-11.2857
-8.7002
-2.8190
-1.4301
-3.8151
-5.3209
-7.4613
-11.9129
-7.4042
-6.0576
-1.8850
-1.5809
-1.8211
-0.6847
-0.6362
-2.2673
-1.6595
-2.8131
-3.0370
-2.3757
-0.8176
1.8522
4.3398
1.4180
3.7646
5.6904
4.1554
-2.4344
-16.4505
-15.7902
-8.3862
-4.0269
0.0453
-1.5505
-3.8729
-13.1623
-19.7302
-19.4347
-24.4380
-27.1930
-28.8668
-14.2643
-3.9651
3.1451
6.5065
3.8131
-0.6243
-1.6198
-2.3405
-0.8940
-1.4135
1.6359
1.9700
-0.7932
1.4059
1.3857
-2.5138
-5.1303
-2.4722
-1.7028
-4.1800
0.5966
9.4484
15.0651
16.4866
17.4907
17.0293
11.7314
7.7207
8.9667
10.1524
8.7541
4.5514
4.0818
4.0039
-0.4866
-10.0093
-19.3278
-18.2798
-12.9528
-13.7678
-11.2117
-7.7358
-5.8094
-5.3507
-2.4416
-2.0130
-1.6061
-0.1349
1.0715
1.8264
4.9620
9.2305
9.2662
1.9702
-9.3950
-17.4022
-24.6111
-24.7363
-20.3040
-23.8105
-31.5668
-24.2798
-13.6267
-14.4164
-12.2721
-6.2000
-11.4377
-15.0169
-14.1644
-19.4889
-19.6707
-17.8354
-18.3488
-22.0622
-23.0356
-22.1389
-23.9879
-19.3242
-17.2818
-6.6640
-10.0876
-24.3307
-18.5178
-10.9979
-16.2418
-26.9436
-30.6574
-24.9989
-22.7696
-25.2844
-25.9542
-29.6041
-31.9615
-25.3928
-22.1461
-16.9152
-8.0187
-11.7258
-15.6454
-11.2421
-15.5009
-23.7558
-17.9403
-22.2831
-29.7149
-33.5962
-31.0289
-15.9936
-18.4574
-17.7175
-16.7330
-19.9092
-28.5579
-30.9471
-28.3428
-23.5455
-22.9713
-22.8583
-20.1330
-19.5172
-15.9730
-15.0674
-16.7745
-16.9835
-17.1372
-15.6709
-13.2772
-10.8267
-10.9991
-26.8258
-34.3166
-35.9827
-37.2260
-37.7741
-30.6756
-25.2829
-18.6568
-6.8211
-2.0161
-2.7088
1.2875
-13.6909
-9.6339
-6.9482
-5.8670
-6.1451
-1.3759
6.3871
5.1711
-12.7715
-26.6834
-28.0636
-23.3227
-18.6015
-14.5687
-11.5009
-9.1732
-2.2169
-0.0903
-0.4102
0.3520
-1.5064
1.8439
5.1919
8.6139
5.2095
2.2859
3.2756
7.9624
10.2719
9.2814
13.0020
13.2058
12.2623
7.3346
2.9152
2.8022
-1.0065
-3.2775
-16.8814
-24.0050
-20.5742
-20.1227
-15.9816
-17.3644
-17.1931
-16.6808
-12.1754
-12.1114
-16.5375
-11.0986
-12.1252
-17.0088
-15.1038
-14.6750
-12.8974
-11.5035
-6.6991
-4.7351
-3.6102
0.2359
4.6301
-6.7251
-17.6613
-20.1560
-30.5504
-28.9603
-23.1733
-18.6465
-15.5773
-11.0509
-7.4208
0.8202
2.8849
-0.5578
1.0048
-0.7686
-4.1338
-6.4673
-12.5868
-7.8262
-5.3732
-1.7085
1.5304
1.4358
-0.2770
-13.9975
-17.7069
-10.7020
-12.7026
-14.7912
-7.6586
-7.3224
-12.5548
-13.5654
-2.3624
-3.5394
-5.3373
-6.9883
-6.5203
-10.5612
-14.4680
-13.4045
-10.3899
-12.0557
-14.3587
-15.8019
-14.4219
-6.2432
-3.8865
-21.1180
-26.5871
-24.7354
-19.5329
-14.3615
-31.8001
-51.5343
-51.6754
-44.3737
-32.8117
-18.1371
-14.1385
-14.8292
-17.1746
-10.5195
-3.5269
4.5177
11.6480
12.4297
9.0936
7.7621
5.2738
-5.5205
-15.8461
-27.0014
-24.5828
-14.1992
-12.6045
-16.6806
-21.9080
-22.1747
-21.0840
-22.5448
-24.7335
-26.8195
-18.6622
-14.3881
-10.6306
-18.9099
-24.9166
-32.1193
-39.0893
-40.1197
-42.3491
-39.1080
-31.1468
-28.6211
-22.3304
-20.3542
-22.1872
-27.1436
-24.7387
-10.2752
-10.1118
-11.8812
-13.3689
-14.7051
-22.0406
-18.7483
-14.9103
-8.8124
-4.0675
-1.0362
-3.4206
-3.8627
-3.1762
-1.1255
4.4615
15.3234
19.7833
16.9732
5.9466
-3.6297
-5.9701
-13.5710
-19.9413
-20.0065
-18.4709
-21.3822
-20.3301
-19.7021
-5.8554
7.9445
6.9360
-1.5088
-6.6218
-10.6634
-2.8155
19.9427
7.3633
-20.4692
-35.4469
-41.7203
-42.3435
-35.7695
-35.7217
-37.8440
-29.6427
-16.4490
-10.5766
4.9213
8.1368
-0.6362
-2.6812
1.3406
2.4557
-1.1761
-0.5274
-1.9164
-2.1203
1.4406
7.6268
10.4173
12.3137
10.1082
5.0186
3.4671
2.7723
2.4108
-0.4649
-4.4073
-6.5020
-7.4905
-7.1562
-4.2356
-9.3500
-16.5768
-24.7208
-28.0986
-29.0062
-29.9125
-29.0908
-24.8586
-20.9685
-18.6152
-16.8992
-17.3150
-15.4036
-12.8835
-11.9643
-14.3951
-16.3702
-16.5720
-14.7675
-12.1225
-10.7116
-7.5346
-6.3841
-7.6557
0.2151
-11.3347
-20.3324
-24.6169
-22.8108
-15.7888
-13.5881
-12.2724
-6.0591
-12.3054
-16.9280
-19.7737
-11.5262
-5.3739
-8.6817
-10.9020
-11.6646
-14.7326
-16.5427
-12.0357
-13.7726
-16.0984
-18.5451
-21.2668
-17.4905
-13.3359
-12.8348
-8.2222
-7.9027
-7.4666
-3.9602
-5.6589
-9.4051
-12.9864
-13.6875
-9.7343
-6.2856
-3.1021
-2.1261
-1.6661
2.8102
4.5260
-3.8879
-11.4473
-13.8452
-14.8196
-14.3618
-22.1352
-22.2306
-22.8159
-20.4223
-11.8333
-11.8972
-16.2048
-25.4681
-33.8897
-35.2602
-35.3391
-34.8134
-32.2177
-28.1624
-24.3367
-34.5517
-38.5023
-33.1149
-17.9971
-10.8815
-7.8492
0.3160
-0.1059
-3.0349
-5.6482
-4.9085
-3.4457
-8.6168
-10.0237
-6.1471
-9.3898
-11.2026
-10.5462
-6.5076
-2.8289
2.1618
1.3877
1.2384
6.2824
8.7541
7.6080
3.4790
1.4142
-13.9314
-18.7736
-10.2288
-3.5426
-7.4261
-9.6252
-6.5366
-7.7837
-6.7966
-12.6998
-10.8320
-9.6463
-13.4663
-21.7814
-17.5426
-14.4564
-10.0433
-18.0389
-22.8630
-20.5667
-19.3268
-14.6198
-21.0123
-21.0699
-18.9583
-17.7899
-22.9096
-20.0885
-7.0483
3.2153
-2.9078
-9.6305
-12.8901
-10.3325
-3.6777
-1.7716
-8.6143
-13.4031
-11.9704
-13.0823
-11.3476
-5.0265
-6.0519
-11.6934
-17.5394
-18.4909
-19.5764
-19.5673
-14.2086
-7.1199
-1.3207
-5.4950
-3.2661
-5.6249
-8.6450
-7.3247
-7.4249
-5.9354
-2.2642
-1.1681
-2.3466
-2.9767
-2.9273
-2.6576
-0.8008
-3.5810
-2.9994
-5.9627
-4.5046
0.6362
-0.9668
-2.5774
-1.1294
-2.7530
-1.6803
1.3102
-0.6724
-1.9765
-2.3059
-4.9756
-3.8436
-3.4583
-4.5064
-2.7976
-1.2587
3.7655
5.8630
5.4852
5.4361
4.9602
7.4110
5.4652
3.8898
2.6771
-1.7982
-4.7537
-4.6456
-1.9557
-1.3521
-2.0998
-2.0983
-2.4752
-1.9578
-5.0311
-2.5630
-4.3321
-5.9910
-4.4479
3.6403
9.7104
16.5834
18.8780
17.5072
11.9585
4.7452
2.5700
2.2222
3.5765
-0.9860
-4.2314
-1.4262
8.0139
10.1798
13.1657
15.4944
13.7365
7.4547
-1.3324
-7.7628
-11.9608
-12.2172
-11.5660
-4.4694
0.2107
1.0789
10.5846
11.9485
10.2292
7.9776
2.5178
-1.0452
6.1874
6.2943
2.2695
-0.7889
2.3536
4.7530
7.4993
4.4649
-5.3504
-10.3518
-9.2393
-8.2791
-10.2673
-11.3859
-12.8293
-14.4139
-11.4506
-6.8962
2.4745
10.2160
17.6986
10.8107
-2.4033
-9.8296
-16.1123
-19.0058
-24.0347
-25.3214
-23.2289
-30.3160
-28.3343
-30.3984
-28.6208
-28.4702
-25.6507
-25.0452
-27.2181
-25.3168
-22.6551
-20.9689
-22.7907
-32.5692
-27.4113
-20.6298
-7.1225
-6.4066
-14.7854
-15.2996
-18.0249
-21.1590
-13.6374
-16.2447
-23.4419
-22.7522
-14.0886
-2.9683
-0.5353
-0.6284
-2.2043
-10.9935
-13.2314
-2.2508
-0.2859
-1.8758
-13.0263
-11.9268
-9.2976
-11.8061
-8.8384
-11.2865
-9.3829
-10.5748
-14.4974
-10.2331
-3.7607
-1.6413
-2.4372
-2.7337
-7.0013
-12.9957
-16.5322
-10.8594
-4.8807
-2.4800
-13.5016
-16.1401
-9.5361
-10.4315
-11.3775
-6.9097
-5.8792
-15.0486
-24.4688
-21.9001
-15.6362
-13.4500
-10.5118
-26.4240
-32.3250
-28.4168
-23.0746
-22.1586
-22.3516
-22.7741
-24.3462
-20.2645
-21.4970
-16.8350
-16.7171
-25.3907
-39.2112
-45.4559
-43.9572
-24.7541
-26.1747
-27.7017
-22.1724
-17.2138
-9.4167
-5.0162
-2.9969
-17.0144
-23.4626
-19.2693
-16.7459
-16.5206
-13.6226
-13.9765
-13.8908
-12.7592
-8.3516
-1.3121
-0.4373
-1.1031
-0.6050
-1.5395
1.1603
2.2068
4.5395
1.3312
2.7999
-2.6383
-4.5001
-1.5779
-4.6405
-1.5361
12.7774
17.3824
12.3708
7.3289
2.6489
4.4764
2.3972
-4.4721
-15.2408
-8.2828
-2.9516
-6.0103
-7.9368
-9.0038
-9.0090
-14.3629
-20.7570
-20.0196
-19.2771
-15.8036
-9.5428
-5.7352
-6.2817
-2.4399
-7.3468
-19.5233
-25.5850
-20.3938
-11.3613
-7.7983
-6.8609
-10.5975
-15.0085
-16.5975
-12.9426
-14.3871
-16.6982
-6.1401
1.4601
9.4893
14.9715
17.1334
21.3096
16.4683
6.9726
4.0596
3.9688
3.1399
0.3692
0.4652
7.0145
4.7879
4.2432
8.2697
4.2280
2.1974
0.9866
5.2413
6.7421
1.3440
-8.1310
-14.0113
-14.3981
-10.2405
-13.8008
-14.9419
-16.7831
-22.8282
-22.1672
-24.5865
-17.9819
-13.8930
-8.7941
2.1277
2.5925
-9.8335
-17.8893
-19.2496
-24.1036
-27.0402
-11.6225
-9.5593
-6.2837
4.4476
5.1550
0.8298
-3.8107
-5.4763
-5.8232
-7.2999
-11.0425
-11.2325
-10.2162

Coefficient 14:
-0.0631
2.7739
8.9015
11.4257
9.7498
12.5027
12.6639
9.0916
2.3199
-2.4317
-6.9242
-2.1910
-1.9687
-9.7265
-17.2693
-24.6166
-27.0067
-21.6400
-9.4337
-5.5560
-16.7201
-5.7877
3.4010
-2.4302
-8.6390
-13.1465
-13.6744
-7.0573
8.9733
5.8441
4.7100
2.2954
-0.7954
-8.3287
-5.3236
4.1641
9.7909
18.5018
16.5439
9.1476
2.6482
-3.1444
-18.9235
-27.9062
-29.8774
-19.4355
-11.2117
-10.9213
-15.7840
-16.6695
-18.7464
-10.0204
-4.3796
-4.2416
-12.3191
-16.9127
-14.5299
-9.7896
-5.1828
-4.5010
-10.1396
-13.0950
-13.9354
-11.4655
-1.6997
-4.7002
-3.4824
-1.4474
-2.0784
-1.5950
-1.2304
-3.4173
-3.2624
-3.8102
-3.2323
-2.3037
0.1178
1.9009
3.5152
1.3146
3.2558
5.3349
4.1814
-7.2357
-4.6250
-5.4024
-10.2121
-14.8897
-11.7946
-9.6663
-3.8136
-0.6773
-2.4959
-1.2341
-0.8034
-2.9260
5.4224
1.4310
-3.2024
0.1413
2.4607
3.9096
1.6843
-1.6096
-2.3368
-0.3352
-0.9433
2.6815
2.6400
-0.9912
0.6249
0.5825
-3.2973
-5.3713
-1.5142
-1.2018
-3.9980
-2.9992
2.0354
3.5421
1.7403
3.7126
4.7343
-0.0542
-2.2682
3.3480
5.2005
3.5960
2.4027
3.0568
0.5946
-5.4353
-13.3698
-20.1206
-16.4566
-12.3168
-12.2852
-11.7009
-11.3196
-11.3840
-10.2040
-6.2225
-3.8382
-2.1738
-1.5796
-1.9983
-3.2753
-2.0520
5.3494
7.7120
3.9478
6.9222
7.2177
7.2356
8.4651
3.9893
9.0201
3.2242
3.0605
4.4843
-2.1994
-3.6211
-1.0298
6.5492
7.5928
5.8300
9.1509
2.6916
-4.6847
-1.0028
3.6031
-1.5153
-7.3818
-5.8177
-9.5289
-8.6630
-0.5970
1.6006
3.7727
3.9391
5.7371
3.7624
-9.6404
-5.7144
-0.7476
6.5041
16.1043
21.8605
21.0521
15.1360
14.6694
10.7336
11.5017
7.2948
-1.0270
-2.0959
-0.6483
-2.6217
-1.8612
8.9578
6.1159
6.3414
3.0440
5.1696
5.7787
8.7261
6.8399
2.0556
-2.6185
5.5913
8.5726
8.6768
3.0966
-5.3115
-7.7909
-5.7161
2.7052
7.1497
4.9647
8.0962
10.9391
16.8292
17.5172
11.4019
4.8814
14.3523
17.3156
11.4032
4.5769
-4.1509
-6.1506
-1.6486
-0.0682
-3.5556
-3.7274
-1.0529
-4.9512
-3.3027
0.9309
0.6102
-4.5668
-7.8063
-4.9413
-0.0808
0.0510
1.5546
6.0047
2.9376
3.0595
2.0436
-1.7825
-10.3531
-13.8206
-11.8857
-6.2330
-5.2275
-2.2342
2.9504
5.5153
6.8688
4.9456
5.7008
3.2302
7.1676
11.3885
12.3517
5.1961
-0.2622
-5.2309
-8.3085
-9.1310
-8.8604
-4.9516
-2.5910
-4.5020
-5.6043
2.4870
5.3595
21.6188
20.7288
5.7748
-2.7036
-4.2786
-4.1962
0.8210
3.5128
8.4840
3.1973
-3.1977
-2.8388
-3.5469
-4.7652
-4.6084
-10.0308
-2.5480
5.0252
8.3963
9.4667
-9.1626
3.5920
15.0509
19.9852
17.8854
19.0229
19.3681
16.6453
14.2001
11.2301
9.3019
11.5304
15.2881
2.5465
-16.7564
-24.6775
-20.3323
-15.7979
-14.6114
-8.0554
-6.8380
-5.5216
-2.3108
0.0222
-0.2298
6.5301
8.5895
5.6776
-11.1981
-9.3348
-5.2710
-3.9004
-1.7051
1.0295
-0.9307
-0.6149
-4.2357
-7.4523
-7.1978
-11.2211
-6.8808
-6.2816
-9.9682
-14.1683
-11.3923
-7.3378
-8.7447
-7.2425
-7.4149
-13.6475
-12.3169
-11.8215
-8.8434
-7.5167
-8.2411
4.6784
3.2825
1.2087
-1.7126
-3.0014
-11.4948
-7.0697
-1.0024
0.3303
2.8522
-6.5360
-10.9163
-11.6501
-13.2196
-11.7681
-9.8699
-8.3314
-6.3573
-7.3865
-9.0089
-7.2992
-16.9347
-24.9823
-26.2562
-25.3966
-19.2656
-18.6948
-14.5689
-10.3090
-4.6622
-2.4635
1.9366
3.2162
1.2406
-5.7127
-10.5987
-9.8391
-4.4776
-5.9089
-9.6259
-11.6269
-0.1785
1.7945
4.6986
4.3260
4.8583
1.5082
3.2690
1.2105
-2.2427
-7.4642
-5.4076
-6.8514
-5.3636
-6.0043
-13.0246
-16.3058
-19.6191
-18.8518
-17.0786
-23.1561
-23.9096
-17.1983
-15.0089
-17.0772
-14.9566
-11.2982
-13.3313
1.4878
-1.5880
-8.1263
-13.0746
-7.0558
-0.8081
-6.1099
-2.1564
3.7963
5.4415
3.9631
9.0261
15.6547
14.4801
11.9954
9.9539
9.1945
9.6044
6.6012
9.6214
13.6954
12.8895
6.6455
2.4995
-0.9711
-9.6840
-10.9430
-13.0217
-11.5872
-8.1881
-7.1540
-4.5149
-2.0792
-1.3121
-2.0974
-1.9277
1.3615
6.9484
9.5263
8.5387
6.2303
0.9255
-0.6885
-0.3197
-1.1331
-3.2124
-5.9557
-12.2277
-17.3503
-25.8175
-38.6885
-44.2532
-50.3035
-52.0490
-50.8931
-51.1288
-45.3270
-40.4563
-34.8490
-29.5066
-22.5863
-22.3189
-20.9912
-13.7826
-10.3714
-10.7853
-11.1604
-13.7984
-16.6147
-19.6713
-19.4560
-20.1092
-18.5008
-17.2680
-19.4882
-20.0834
-9.7989
7.0372
11.1441
8.9990
6.6901
6.7243
6.0118
6.5813
-1.4035
-6.4687
7.9883
6.9552
-3.1932
-8.6759
-4.1405
-3.2164
-1.7813
3.3329
-2.8957
1.7803
2.6716
-0.4668
4.0750
8.5400
3.4853
-2.3582
2.0126
1.0371
0.5239
3.2749
4.3174
2.1254
-0.9672
-3.6142
-9.1631
-13.9092
-13.3916
-10.8218
-13.9997
-15.2537
-10.3459
-10.3151
-11.9821
-8.4130
-6.1192
-8.2213
-9.4930
7.5277
17.8015
22.3334
27.7972
22.4828
9.5504
10.4170
23.4650
16.8261
9.3980
9.5827
5.7939
2.1017
2.5777
4.7695
10.6089
5.9598
3.3326
2.3360
-2.7004
-15.8590
-15.8263
-14.4408
-11.6288
-5.5287
-3.4794
-2.9653
0.9674
1.0507
-2.4509
-4.5573
-2.9245
-0.7013
0.2161
1.6995
-1.2496
-3.8390
-1.6393
3.2896
3.8946
5.4007
6.4621
-10.0373
-12.9651
-6.2295
9.6053
6.9312
-0.9331
-2.2539
5.3751
15.8081
14.2263
13.5028
12.5413
10.3569
12.8987
9.6953
5.6565
1.6702
14.3133
12.2695
9.0566
4.9643
5.9836
6.5019
2.9338
-4.0821
-8.6448
-11.8998
-7.0024
-1.0024
5.4654
-3.3628
-13.5888
-19.5827
-19.9660
-18.3118
-18.3568
-34.3624
-41.4130
-39.9264
-37.9200
-32.3641
-35.0391
-29.8366
-27.6112
-31.0237
-34.5523
-31.2626
-25.8085
-20.9364
-9.1843
-1.4884
-3.0225
1.5241
3.0687
-0.9087
-7.4537
-9.1045
-7.6288
-3.4719
-3.5337
-3.5483
-4.6830
-5.1184
-2.1446
1.6384
-4.6604
-10.4028
-16.5159
-16.1154
-7.2152
-2.0672
-2.5993
1.5397
1.5336
-1.3788
0.4344
-0.4351
-2.6630
-2.5126
-4.8425
-3.5928
-0.9659
-0.8116
0.1852
0.9912
2.4553
3.9742
3.0295
0.3372
-2.6891
-1.9900
-0.9888
-2.9821
-5.8705
-10.9774
-15.3366
-13.4978
-12.2845
-8.6290
-7.0266
-6.3180
-3.0592
-1.0244
-3.5331
-3.3767
-4.6011
-5.7257
-4.8725
2.6440
7.6456
14.1232
17.1428
16.3232
13.0776
9.7063
4.5813
3.8576
5.3978
0.1778
-2.2627
-0.6449
5.6566
8.8604
12.3985
9.9572
5.1397
-3.0141
-11.1455
-10.5053
-4.6197
-3.9037
-3.5409
-7.6794
-7.1739
-0.6439
11.5225
13.8460
12.8036
8.7653
0.3241
-0.5159
9.9722
11.8017
6.1082
4.2134
8.8699
6.6410
9.6552
10.1617
-1.8167
-7.1322
-8.0289
-7.2181
-8.2990
-7.9942
-11.6449
-12.6485
-9.5868
-5.4538
4.9651
15.1841
17.0381
3.8508
-5.6635
3.4416
7.9325
13.7049
12.0928
11.8776
16.9202
-2.1391
-0.4395
2.8492
-2.1974
-2.7461
0.6151
1.0456
-3.3576
-4.9451
-5.6135
-6.1670
1.9220
-2.7316
-4.2367
-2.3588
-0.9391
-2.1142
12.6920
13.0360
3.1258
-5.9483
-13.5668
-15.0088
-16.7804
-13.6582
-14.0450
-12.3836
-12.8084
-11.5977
-10.5877
-13.5605
-0.1856
11.8948
16.9757
16.1611
17.8704
13.1837
9.4292
6.4725
3.7992
-2.6933
-8.4519
-12.1654
-11.7612
-2.7197
-3.3144
-1.1719
4.1792
6.0796
10.2028
0.0942
-9.1626
-11.2988
-7.8940
1.3372
7.4898
8.3812
5.4789
0.8161
-1.6234
-0.7085
-3.1804
-3.5443
-12.5175
-6.1844
2.5091
8.3260
11.5063
2.9406
-9.2177
-12.0863
-5.7752
-2.0742
-2.0740
-5.9994
-11.6890
-16.2833
-16.6433
-12.5062
-12.0338
-18.2049
-19.4147
-9.3196
-5.5059
-2.9540
-10.4631
-9.6601
-11.2174
-14.5417
-11.9365
-9.9329
-8.4817
-11.3905
-14.5153
-19.2764
-18.7324
-10.2660
-8.5416
-12.4719
-13.2817
-14.2568
-15.2823
-12.8008
-12.8829
-10.5686
-3.2760
6.6063
11.2553
7.4891
4.5519
3.5702
5.4906
8.6761
13.7596
20.7486
19.9909
21.6444
19.5671
19.6887
19.9347
12.3429
7.0583
2.2614
-7.9328
-13.4241
-20.9151
-15.7765
-5.2440
0.5857
1.0691
4.6181
6.9003
1.6821
-0.1899
-3.7676
-3.4537
-3.3684
-4.5283
-6.1941
-14.7054
-10.5114
-3.9715
-1.0828
-4.3250
-5.1065
-1.3064
4.3628
-1.4711
-10.8572
-17.5692
-20.3799
-16.4580
-1.7361
2.1830
3.5168
0.8639
-1.8582
1.9763
4.5814
2.7401
-0.3402
-6.2290
-3.3403
0.6789
6.5352
10.1890
9.4969
6.7231
3.7785
3.5691
6.7164
-7.6636
-19.0964
-24.6712
-21.5889
-16.5527
-11.1405
-17.3948
-26.8850
-30.4210
-28.5738
-26.5077
-26.4262
-22.2553
-20.2388
-13.2386
-4.2332
-10.5066
-18.0126
-16.8084
-12.0719
-13.3440
-20.0721
-29.5019
-32.0402
-26.3105
-29.7951
-30.0862
-39.4269
-36.1089
-28.6464
-19.9016
-9.4480
-6.0217
-3.3504
-3.2990
-8.6252
-9.4987
-9.3986
-10.3862

Coefficient 15:
-0.0488
-11.7244
-12.6046
-8.2469
-6.1904
-18.1730
-18.5263
-11.2991
-2.1103
1.8532
1.3740
-3.4763
-6.1525
-5.4656
1.5249
-1.5675
-2.0806
3.0082
5.5082
-0.1496
-7.7967
-11.0528
-9.5040
-5.7713
-2.3426
-0.8510
5.3256
4.6644
3.1772
5.7495
13.8380
18.4642
6.5735
3.0085
-1.2389
-12.4259
-5.9448
-4.8625
-3.7051
0.8121
-2.5334
-28.7600
-33.4059
-32.7242
-31.9451
-30.0539
-21.9907
-20.0120
-14.9113
-13.5917
-4.2652
-6.3529
-6.0685
-6.9225
-4.6470
-3.9593
-2.1267
8.9222
11.5511
9.1041
5.9033
5.2464
7.4618
9.8231
7.3198
-1.4341
-4.4643
-0.3606
-1.0625
-2.4883
-1.9251
-3.9069
-3.7032
-3.9816
-2.8264
-1.7206
0.9966
1.8399
2.1047
0.8893
1.4013
3.8074
4.5435
-4.4953
-20.2893
-12.8981
0.8713
10.4543
10.8085
-0.3392
-8.1910
-18.2786
-20.9746
-21.7345
-19.3650
-21.4486
-21.7493
-16.5977
-4.5036
2.7616
4.7929
3.7409
1.3997
-1.5394
-2.1514
0.1375
-0.4566
2.4231
1.6573
-1.8094
-0.4606
-0.3066
-3.3979
-5.2147
-1.7640
-1.1493
-3.6891
-6.9643
-9.6990
-12.8868
-9.4489
-6.1297
-4.2960
-6.5204
-9.3339
-3.5378
-3.5973
-3.9478
-0.5715
-1.1318
-4.6868
-12.9715
-22.8914
-28.5689
-25.2881
-19.8661
-15.8684
-13.7614
-10.7051
-10.4092
-11.6710
-8.5107
-4.1430
-2.6839
-2.9093
-4.1780
-11.4220
-12.8082
-2.8624
1.3409
-4.9692
-10.7367
-6.8028
-4.6638
-0.4738
-0.4129
-0.8735
-2.4268
-2.4890
-4.1688
-4.3256
-5.3246
-5.9752
-13.1925
-16.6342
-16.2137
-13.3411
-13.7512
-14.9821
-11.6704
-6.1840
-3.2254
-5.8526
-17.5215
-15.9851
-16.3760
-13.7597
-5.5767
5.8961
10.6575
14.0079
10.8657
3.6663
-1.6133
-2.5173
0.7911
-3.2727
-7.7607
-7.2311
-3.2557
2.2140
-2.9901
-5.5886
-0.0220
-4.0392
-25.1374
-32.1572
-19.9393
-8.7799
-9.3214
-14.4844
-16.5397
-16.4342
-12.6116
-11.4502
-10.9132
-1.6287
7.3277
1.0848
8.2741
15.9785
17.0365
15.2683
12.2065
10.3341
10.0735
9.2368
1.9312
-7.6050
-11.1191
-13.0557
-13.6854
-20.7886
-25.9273
-22.9763
-9.3052
-6.6746
-10.5100
-10.0311
-9.1200
-11.3873
-9.3279
-7.2701
-6.0346
-4.4824
-0.9812
-7.4738
-0.3740
5.6006
13.8972
17.9307
15.5710
13.2890
5.7874
-3.1016
-1.1104
0.6237
2.2510
3.2091
-0.1525
-5.0378
-11.0045
-16.9942
-16.8253
-11.2550
-9.0709
-3.6355
0.4569
7.2091
7.1026
5.6441
8.9354
0.7649
-7.5782
-9.7662
-13.6913
-11.7730
-13.7266
-15.0675
-20.6440
-22.5647
-19.8732
-11.5752
-8.2642
-9.1224
-6.7010
4.4406
6.2529
-1.7887
-5.7721
-3.0164
-1.6392
4.6771
9.2208
4.8657
0.6363
-0.7374
4.3551
11.2127
13.7704
5.3245
-0.9709
-8.7211
-18.4833
-16.1563
-8.5862
0.9618
2.5938
-10.0446
-4.4122
-1.5493
1.4585
4.0439
3.3526
-3.7268
-6.8428
-6.3890
-5.8780
-10.1916
-10.7426
-6.2754
-4.2941
-5.8013
-9.9734
-7.2565
-5.5663
-9.6575
-7.2446
-6.8827
-7.1170
-5.3055
-2.6148
-2.5562
-12.5897
-15.9495
-9.0589
-7.8481
-2.2611
-4.2751
-7.3838
-4.8193
-3.5398
-2.5039
-1.2906
-1.1429
-1.6647
-0.2624
-5.0410
-6.1027
-7.7921
-7.6958
-10.2600
-6.9948
-3.9054
-6.9507
-8.8028
-10.3349
-25.6778
-14.4177
-9.4052
-6.0707
-5.9353
5.1059
-0.3242
-0.2630
-0.5205
3.3918
6.3616
0.2242
15.1393
26.4872
20.4857
12.0667
12.7963
16.5112
19.6765
17.4275
15.7279
13.7165
6.0397
4.2598
4.3384
1.5925
0.9861
3.2204
8.0774
9.1672
0.9352
-5.6719
-11.2376
-10.0190
-4.6671
3.4304
5.0985
0.4638
-7.5294
-9.8354
-8.7176
-11.0015
-16.0516
-16.8360
-13.3768
-17.6947
-22.7323
-16.8166
-23.8739
-28.9822
-25.3452
-14.9874
-15.1502
-8.4166
-4.3040
-5.1007
-9.8827
-7.3508
-3.5931
-3.0583
-6.2026
-18.3656
-28.8427
-24.9509
-20.9015
-19.0534
-21.5598
-26.6809
-33.4036
-31.6931
-23.0028
-11.7146
-6.9983
-13.8937
-24.7819
-6.1442
4.0848
4.1801
-10.2433
-9.8476
-8.2149
-12.2182
-10.4144
-7.0483
-9.2950
-7.2314
-4.9360
-4.8768
-7.3383
-8.7302
-12.7831
-12.5391
-12.6856
-15.3089
-12.1419
-12.1919
-26.9311
-27.8509
-15.2123
-15.4721
-1.1100
1.2782
-1.2581
-2.4580
-4.3141
-4.6032
-2.3881
-1.3315
-2.2260
-1.6915
0.6516
4.1983
6.3781
6.1252
5.8994
-0.7247
-4.6111
-4.4697
-5.8636
-6.3874
-7.3204
-15.6159
-21.6062
-27.3621
-29.2668
-20.3903
-11.0368
-1.0755
5.2341
8.9963
9.7585
5.0785
7.2423
10.5126
10.6500
8.7181
7.7066
9.6507
7.1405
1.7171
-0.5505
-3.0037
-9.4783
-9.6433
-7.8121
-18.3360
-23.2948
-24.6134
-30.7029
-33.6942
-17.0983
-12.1605
-15.0159
-20.6830
-11.6861
3.3026
10.7750
14.8253
17.5281
13.3266
0.1126
4.4255
7.4595
8.0010
9.1747
10.0144
-0.3623
-7.6062
-0.9157
2.5131
-0.5455
-9.1699
-11.2310
-2.5904
4.5006
1.5284
10.7384
18.0101
20.7420
16.5983
4.6414
-5.4505
-9.9546
-17.4335
-23.4641
-25.9429
-30.3148
-31.1347
-25.7294
-14.2196
-7.4127
-8.0479
-13.6199
-16.9546
-14.7988
-12.7302
2.1987
0.4339
-6.2254
-6.3904
-4.1325
-3.6930
-8.5965
-10.9195
-12.7168
-18.2846
-19.2681
-11.3379
-2.4313
5.6348
2.2648
-1.4658
-0.0568
-3.7487
-7.0360
-6.4107
-6.9240
-5.5885
-2.5330
-1.9108
-4.3487
-5.6046
-3.4855
-0.0341
4.6493
3.2675
3.7548
4.4197
3.9768
3.8637
2.1011
0.3739
-4.2963
-8.0856
-7.1716
-0.9339
-1.8102
-0.5596
1.1934
-11.9151
-8.7202
-18.9277
-22.3643
-18.3652
-16.5516
-18.3295
-20.6558
-12.7291
-12.5302
-9.4884
-13.5774
-13.3943
-16.4373
-15.2585
-17.3040
-25.9374
-12.8036
-6.4792
-3.5012
1.9952
2.6060
1.4340
-3.9881
-3.7140
-6.4269
-5.8329
-4.4371
-5.3805
-1.6196
-2.6074
-10.0264
-15.9996
-21.7417
-25.1340
-24.9464
-28.2110
-28.6246
-25.8568
-21.2072
-9.6015
-5.1768
-7.7688
-7.4913
-10.9971
-13.4619
-10.8735
-5.3785
-10.7294
-11.6394
-7.2580
-6.0308
1.6531
6.3445
7.4859
3.0073
1.6484
-1.1495
-1.8707
-4.3943
-4.7714
-5.8375
-4.2725
-1.5494
2.8432
-4.7175
-15.1942
-23.3419
-22.6688
-16.9161
-11.6458
-8.4186
-2.1379
0.0024
-0.0218
0.3149
-0.2395
-3.5068
-3.8762
-4.7793
-3.9628
-0.1890
-0.0166
1.2385
0.3885
-6.4664
-7.7105
-6.7664
-9.4919
-10.6697
-5.0735
-1.0151
-4.1261
-10.7894
-14.7012
-16.8872
-15.4638
-12.9076
-8.3356
-5.7512
-3.6679
0.5390
0.2323
-3.6154
-4.7694
-6.6008
-6.1679
-4.1967
1.3762
3.1457
4.2267
4.4083
3.2349
4.6882
8.0314
4.8728
2.9030
2.2348
-1.6309
-1.0038
0.9769
2.3413
-2.0020
-3.2724
-5.0853
-6.9847
-12.2487
-14.6019
-14.0969
-6.6554
1.2290
1.1675
-0.7455
-2.5709
-0.3099
1.8748
2.0501
2.3038
-0.1729
0.7788
2.9902
4.7944
3.0754
0.3431
2.7840
8.2784
5.4249
4.8425
3.8005
-1.9214
-2.1479
0.1362
-1.7671
-5.7198
-8.8351
-11.9943
-12.2573
-9.4098
-5.5355
-1.4290
5.1206
4.0306
-7.5321
-16.1080
-21.1993
-9.9696
-3.8261
-9.2927
-11.1589
-1.8403
-1.4422
-4.3439
-8.2782
-10.4630
-11.0137
-8.8206
-9.7683
-9.1298
-7.1745
-2.3270
-6.6801
-1.1181
0.9128
6.3655
5.2503
-0.1528
0.3883
-4.3510
-5.3495
-6.3538
-14.9091
-18.3223
-10.6237
-4.5613
-5.6276
-10.9365
-14.0032
-16.7874
-16.9895
-13.4581
-12.8522
-15.4144
-24.9136
-22.3376
-22.1199
-20.7640
-20.0543
-9.2576
-9.1801
-15.9430
-13.8007
-12.7487
-18.8467
-23.7775
-16.0209
-16.7958
-13.1229
-7.7691
-3.6878
0.9719
-4.4266
-3.3982
-1.9667
2.0650
2.1289
2.4637
-2.5662
-12.2410
-14.5545
-19.4262
-21.4855
-13.6312
-6.5821
-13.3170
-14.5134
-24.4961
-25.2467
-16.9395
-13.2705
-7.6334
-3.9910
-1.3441
1.5834
-0.6778
-7.5876
-13.7188
-15.4140
-8.0233
-9.5395
-11.8170
-13.3255
-16.5726
-14.6495
-11.9790
-11.7425
-4.4646
6.4591
7.9146
2.4875
-0.1933
1.2696
-6.2128
-13.0697
-15.9251
-16.5584
-16.5620
-14.5529
-13.7399
-14.4343
-13.7755
-19.9989
-19.4526
-11.8342
-12.0148
-12.1401
-12.7778
-23.6460
-26.3319
-22.8939
-31.7925
-38.5352
-30.7388
-24.2583
-15.5095
-4.1038
-1.0567
-15.2354
-22.2223
-21.9216
-19.8922
-21.4251
-22.6305
-23.4240
-20.4942
-19.3092
-21.7679
-27.7063
-24.7669
-18.1171
-12.6660
-13.3974
-16.9194
-16.9963
-11.2674
-8.8105
-16.2289
-23.0050
-22.2756
-12.1099
-15.5060
-8.3924
3.3114
6.7215
1.0090
-7.0170
-12.9694
-11.6373
-20.4245
-27.3901
-24.1417
-14.0454
-6.1322
-6.0254
-7.9152
-9.3566
-6.3079
-14.7925
-15.8913
-13.1001
-24.3232
-33.0095
-32.5899
-21.1833
-6.8998
-5.8317
-5.6839
-7.4680
-13.3714
-9.6023
-8.0740
-0.4452
-18.2545
-41.8128
-42.8934
-42.0652
-50.3111
-50.7511
-41.1069
-31.3259
-26.3628
-28.3733
-32.3167
-29.7835
-16.3628
-9.8996
-20.4916
-22.2170
-21.6710
-20.0085
-14.4346
-9.9316
-13.2871
-13.9938
-18.5424
-22.1879
-26.6204
-22.9560
-19.1528
-14.0164
-21.1890
-25.7557
-27.0531
-25.6572
-19.3248
-13.4719
-15.0181
-13.0846
-14.8332
-16.7347
-14.9017

Coefficient 16:
-0.0306
-22.4439
-17.3492
-12.0846
-6.9987
-9.3241
-13.6205
-21.2749
-23.0877
-17.7466
-9.7222
-4.9748
-6.3624
0.7441
-1.9017
-10.5373
-12.7851
-11.5325
-3.9168
-5.9430
4.2663
7.1095
3.8663
-2.1695
-10.2560
-24.5691
-29.8003
-30.0427
-41.7412
-45.7609
-42.3711
-34.5869
-35.7469
-31.7908
-35.9563
-29.8862
-11.9544
-3.1173
0.1396
5.6328
-2.1533
6.8166
-0.8320
-5.3579
-7.2122
-9.4626
-4.0757
-4.7840
-13.4203
-15.1153
-6.1799
-11.5477
-14.3666
-17.1803
-20.4791
-20.1126
-18.6102
-22.5468
-22.4325
-15.8067
-12.6497
-15.8046
-14.6229
-12.4005
-12.9915
-4.9803
-5.5913
-0.6087
-3.0085
-3.5302
-2.5420
-3.8265
-2.8910
-3.0506
-1.7978
-0.8167
1.1799
1.7798
0.5405
0.3020
-0.4871
2.2901
4.9906
3.8852
-2.6271
-8.2128
-9.0501
-7.5585
-8.8163
-14.4862
-11.1895
-11.4770
-15.5549
-16.8747
-6.7784
0.4989
1.3516
-0.8901
-2.6749
0.9561
2.9466
4.1635
3.4655
-1.0240
-1.5931
0.8902
-0.0908
1.3115
0.2117
-2.5305
-0.6387
-0.3191
-2.6255
-4.8202
-2.9534
-1.5724
-3.6877
-7.8603
-14.0579
-16.7018
-13.5434
-12.7672
-9.7975
-8.7461
-9.3041
-4.9555
-7.8929
-8.3643
-3.5563
-3.2998
-8.1277
-15.2031
-23.3186
-22.6036
-20.9868
-18.1582
-18.7557
-16.9840
-9.5555
-5.7935
-7.9314
-6.7919
-2.2070
-2.5576
-3.4756
-5.1287
-17.6580
-20.4264
-9.0315
1.6775
12.5331
0.7678
-11.2257
-17.2167
-17.8096
-17.9430
-20.3776
-26.6708
-21.7683
-13.5920
-2.4397
1.4839
-0.4624
-2.3805
-6.4813
-1.5893
-6.1647
-13.1118
-14.3501
-17.4138
-21.3931
-22.8956
-21.2373
-16.9289
-9.4428
-7.3146
-10.8830
-13.4789
-15.9591
-19.7272
-14.8143
-12.3777
-13.9446
-17.8373
-20.1752
-19.0510
-20.2495
-15.9861
-12.3448
-10.6026
-9.3772
-8.7806
-3.9567
-2.4042
-5.3264
-13.5241
-15.1583
-6.6568
2.8093
-1.6731
-6.1552
-5.2209
-9.5513
-8.4049
-3.4917
-0.4320
7.5182
13.6788
7.2054
-8.4779
-7.4123
-6.5561
-9.5618
-6.1875
-2.0636
-3.7334
-12.2042
-16.1146
-16.9245
-12.6472
-10.7278
-12.0862
-15.9480
-13.1223
-5.7523
-0.7731
-10.6624
-13.0512
-11.5538
-7.1854
-3.0947
-2.2358
-3.4842
-0.9756
2.1842
0.3847
-7.3221
-7.6968
-28.7082
-35.6954
-33.6329
-26.8861
-15.7504
-8.4039
-6.7309
-2.4764
-10.4018
-17.9492
-21.2259
-22.3092
-17.6131
-15.4060
-17.8612
-16.8225
-12.7182
-10.1933
-4.4144
-6.8393
-11.9448
-14.2465
-10.3906
-6.5158
-2.8878
-8.4592
-16.9727
-24.0776
-27.4134
-21.3247
-15.5839
-15.9320
-16.1540
-18.0819
-16.1152
-13.5050
-11.9982
-7.8470
-12.3733
-9.6757
-27.7625
-21.9025
-22.6359
-21.6066
-17.7906
-18.1706
-20.7701
-17.7088
-19.8813
-27.9514
-29.8822
-24.7241
-25.6104
-25.4350
-23.6967
-16.6967
-14.3350
-6.0782
0.2835
0.1728
8.4396
-11.0817
-25.3046
-30.6326
-36.4278
-37.2978
-37.9211
-32.3036
-22.8554
-16.6073
-18.4072
-20.0852
-16.4435
-11.4217
-17.7370
-21.1967
-14.3358
-10.7075
-9.9025
-5.8423
-6.1836
-6.8472
-6.8820
-5.5189
-6.0856
2.9019
5.2898
2.7763
-12.9314
-22.6264
-30.0619
-40.4153
-37.3925
-28.6591
-10.1132
-5.0693
-2.4794
-4.8072
-4.0641
-9.0009
-8.8232
-8.7199
-10.5985
-14.4034
-18.3101
-17.1194
-14.9837
-10.4083
-7.4543
-22.2083
-18.9216
-12.0628
-9.7084
-8.3134
-9.0648
-14.6191
-18.7646
-23.3033
-26.0950
-23.4033
-20.2765
-15.6814
-19.4383
-15.1362
-8.6542
-10.8218
-15.5881
-11.6842
-10.2456
-15.5515
-14.8119
-12.5940
-8.1907
-3.4546
-6.8706
-9.0986
-13.0818
-12.6864
-4.2016
-5.4962
-9.2851
-4.0649
2.6094
3.9777
4.4136
9.1951
1.3164
-14.9284
-21.4571
-19.0549
-10.5393
-14.1973
-24.2574
-25.1406
-19.4659
-14.4145
-9.8036
-10.8374
-7.5315
-7.6654
-8.5713
-9.9827
-11.3040
-12.9087
-8.1739
-2.9397
-8.1307
-11.1615
-6.1452
2.0892
-1.1268
-6.3106
-6.9200
-10.2145
-12.2727
-12.2209
-14.7519
-20.8043
-18.2938
-7.0076
-4.9903
-4.7429
-8.7133
-4.1457
-11.5396
-16.0149
-14.9280
-4.5910
-3.3152
-4.1200
-15.8006
-18.3982
-16.0423
-19.4559
-28.6819
-31.0718
-27.7594
-24.7704
-35.6104
-35.1313
-29.3566
-24.3778
-22.9904
-21.3705
-23.4650
-25.2742
-21.7403
-10.8782
-9.8742
-7.6201
-4.7479
-2.4379
0.5520
-0.1152
-1.9620
-1.7067
-2.1621
-2.7791
-1.0811
-0.2144
0.6605
1.6850
2.1492
3.5240
-3.2047
-7.3476
-9.2241
-11.5268
-10.7595
-10.0422
-16.0556
-18.9523
-14.7061
1.1689
11.8281
19.9118
28.9989
39.1675
39.0038
32.5332
22.3298
20.8908
22.3857
15.1965
8.0070
5.5154
8.1586
5.5320
9.0603
11.4052
14.5005
12.3560
11.5671
15.6736
5.3410
-4.0570
-15.4518
-24.6536
-21.5612
-22.5461
-21.9657
-20.6642
-18.7200
-18.8376
-19.3121
-29.5106
-37.5608
-37.6278
-32.0219
-32.9372
-41.7274
-43.8499
-39.6618
-34.0429
-39.0573
-40.1264
-38.6977
-36.9569
-36.7616
-34.2376
-31.0338
-26.0870
-27.6605
-31.3916
-31.8116
-21.7869
-19.0806
-23.4766
-16.9321
-12.1226
-12.3107
-14.2885
-23.2995
-28.0503
-27.3521
-30.5029
-26.6780
-20.5225
-15.1633
-10.1928
-18.9044
-29.1580
-26.8393
-21.4466
-15.9982
-18.5330
-30.1428
-33.9582
-33.0444
-34.0644
-32.7607
-33.0838
-28.2393
-25.4798
-22.2122
-18.3927
-18.9456
-29.6416
-41.5177
-37.4713
-33.5165
-37.9632
-40.6253
-35.8950
-15.9260
-8.4223
-15.8191
-13.5617
-12.5041
-8.9243
-6.0004
-3.4071
4.9033
11.9776
12.9395
11.4531
9.1909
6.5322
4.0408
0.4796
-1.9416
-7.4247
-11.1926
-9.3090
-5.2331
-3.1660
1.1755
3.3297
-8.3551
-5.2397
3.9279
-1.6903
-11.4367
-21.0367
-22.5482
-6.8547
4.7641
-1.8997
-10.8973
-16.2701
-18.9066
-23.0810
-20.1533
-13.6449
-13.2772
-20.8546
-23.2486
-20.4979
-19.2284
-13.2034
-16.3515
-17.1208
-16.3763
-16.5751
-14.3525
-18.6393
-15.2871
-11.9841
-15.9066
-17.9634
-22.7384
-23.6581
-20.3617
-17.0401
-7.7761
6.2513
15.9821
19.6688
21.8626
18.5671
15.2137
12.8628
5.6616
-1.6276
-1.5319
0.9774
-2.4047
-5.9900
-9.2085
-10.6699
-4.3353
-1.9751
-3.6100
-11.8629
-12.8135
-9.0159
-4.1123
-4.6243
-5.9905
-7.3181
-4.2145
-1.5687
1.8309
-4.3252
-14.3083
-22.7842
-23.2148
-19.3892
-10.7107
-7.0031
-1.4389
-0.9206
1.6327
1.4395
-0.2363
-3.9308
-5.5645
-4.3440
-4.5814
-4.1149
-3.2358
-1.1832
-0.6078
-4.5332
-3.3904
-2.6574
-3.7304
-3.6344
-0.9849
1.0489
1.5005
-5.7405
-8.9644
-7.5953
-6.3151
-0.6812
3.4376
6.5634
3.2560
4.9355
1.5219
-1.8344
-5.3657
-6.5011
-4.7702
-4.1447
-1.1591
-4.1479
-7.4962
-7.2151
-5.8005
-2.6087
4.2632
3.9988
1.5725
-0.3759
-3.3447
-1.7416
1.4435
-0.7663
-9.8851
-18.3400
-16.8621
-10.1428
-9.6371
-8.5552
-8.5144
-5.1478
-0.5403
-0.4188
-6.1806
-9.0067
-4.9547
-2.8876
-2.4685
-0.8643
-1.7548
1.2483
4.0077
2.3511
2.9194
-0.2773
1.5202
6.3002
5.4923
5.2353
-0.3140
-3.5632
0.1945
6.9542
3.4370
-1.9147
-7.8459
-10.0062
-8.9922
-6.3485
-4.6890
-6.9778
-6.5229
-5.7318
-9.9331
-16.5814
-11.6239
-13.9521
-8.0506
-13.9858
-25.5060
-28.0187
-11.2667
-4.7550
-9.2654
-12.3862
-9.6063
-4.6545
-1.4176
-1.3229
-0.0464
-1.5506
-3.5884
-9.1956
-15.8070
-14.6042
-12.3947
-9.0360
-8.5910
-7.4431
-11.5689
-8.9884
-12.8927
-20.2933
-30.7225
-33.5856
-31.2939
-25.4250
-20.4916
-17.4027
-13.3229
-8.6798
-10.2908
-5.9249
-8.0974
-7.0492
-4.2825
-5.6298
-11.5044
-14.6875
-9.6810
-10.2468
-10.9703
-12.4880
-7.8336
-4.3010
1.4770
-7.1131
-17.2780
-24.6162
-26.9463
-14.4510
-14.7057
-10.3514
-3.2019
-4.7906
-7.4657
-8.3154
-8.7962
-14.7035
-18.0226
-23.0958
-23.7590
-17.8618
-24.9390
-26.8687
-27.4204
-20.0538
-22.3903
-17.0298
-17.8432
-20.7667
-21.2514
-25.6911
-30.1481
-28.2818
-22.1063
-22.8484
-30.9903
-27.2331
-20.3385
-17.3468
-16.9530
-18.2016
-17.4074
-15.2107
-15.6645
-19.6639
-34.7303
-43.7408
-44.7609
-40.8828
-36.4292
-40.7910
-43.9235
-35.4857
-32.5347
-32.1201
-31.3242
-29.0292
-27.1383
-22.6977
-16.8934
-9.6973
2.7837
3.0283
-1.9120
-1.8615
-7.7215
-22.9926
-28.5620
-35.3890
-38.3856
-40.5318
-45.4597
-45.2648
-34.9583
-26.2732
-13.4575
-10.7203
-11.6262
-11.0334
-5.7260
5.6425
8.9722
10.6740
10.0001
8.5201
0.3652
-9.9075
-9.4866
-11.1072
-11.2543
-12.4835
-15.9122
-12.0196
-6.7732
-7.8208
-8.5991
-9.3121
-10.4731
-6.8326
-5.4402
-2.7512
-7.6277
-8.1745
-2.6476
-3.1300
-2.5342
-8.4855
-13.3804
-8.4235
-3.4255
-3.9234
-7.1535
-8.4479
-11.7213
-15.1676
-12.7346
-10.0010
-9.6809
-8.3034
-4.1560
-8.0906
-7.7888
-6.7785
-14.0519
-21.8566
-23.1280
-20.8824
-10.3381
-4.8469
2.7385
-14.9511
-32.1757
-30.8119
-26.2199
-29.5188
-28.1656
-22.3987
-10.8474
-4.6572
-5.1846
-5.8085
-6.4235
-1.0592
4.2717
-3.5744
-8.5705
-8.2960
-5.9046
0.5674
2.3834
-2.1048
-2.6462
-4.9868
-5.7505
-12.9001
-11.5963
-2.5831
3.7880
-10.1905
-14.1765
-16.3216
-23.2961
-27.0626
-16.9975
-8.5655
-4.5539
-0.6093
1.9914
-0.5672

Coefficient 17:
-0.0100
-3.4518
-6.2992
-7.1757
-5.6435
2.2680
12.3518
10.9858
7.7952
7.0986
-0.1957
-4.6706
-4.6974
-6.9903
-14.4374
-9.6643
-2.6855
-3.0839
-2.1547
2.6534
16.5461
26.0827
19.9353
15.6723
13.1166
10.8053
5.2901
-3.7607
-15.3655
-8.6118
0.3616
11.5800
11.2388
10.2505
17.7396
25.6006
25.8677
24.7746
20.0826
13.8695
-2.4137
1.4103
9.9256
8.3285
3.7596
9.9509
3.8361
-10.7399
-19.1485
-25.1772
-9.3749
-1.7260
-0.5156
-3.0060
-8.6950
-14.6675
-14.2807
-8.3311
-0.7536
-2.1170
-4.3532
-9.9394
-14.6260
-17.7077
-18.3378
-11.2064
-6.6779
-2.7568
-4.2610
-4.4953
-2.9457
-3.5833
-3.0247
-1.7517
-0.4357
0.2287
0.5049
1.1882
-0.7345
-0.1720
-0.6258
2.3119
5.0689
10.6965
-3.3578
-7.5612
-3.3631
1.3422
-2.8571
-8.0215
-9.6648
-4.7114
-0.4525
-3.7492
-11.8649
-8.8376
-9.8495
-12.3470
-3.9114
1.4856
3.2175
4.0427
3.8854
-0.6536
-1.2077
1.1244
0.1554
0.4711
-0.0602
-3.0354
-0.4541
0.8061
-1.4172
-4.1500
-3.8604
-1.9104
-3.9773
-5.2599
-6.4279
-11.8790
-14.9947
-16.4986
-15.5713
-15.1520
-12.4223
-10.1050
-10.0310
-6.2167
-3.0314
-4.1158
-8.3828
-6.3858
-2.9627
-0.2388
-0.1559
-0.3556
-2.7530
-2.0206
0.0516
2.2198
0.2445
-0.7247
1.4559
-1.6062
-3.0565
-5.4738
-18.3631
-19.8910
-9.7311
-5.6213
3.7218
10.4679
15.7293
16.7676
14.9604
19.4190
25.0580
23.7905
19.6927
15.2123
5.1743
4.5969
2.8335
-0.4535
2.6230
11.3204
0.1456
-5.5837
-2.0246
1.7589
2.2308
2.4488
2.3430
-2.9487
-3.3082
2.8767
3.9075
-2.3426
-7.2742
-6.8445
-7.8049
-7.5578
0.9905
3.0555
3.0486
2.0254
-2.4253
-1.5188
2.4204
6.6513
5.6451
5.7793
7.5678
2.0139
-5.6779
-22.6336
-12.6330
-8.0486
-2.4676
-1.0087
-2.7319
-7.9771
-5.6883
0.3287
-3.8215
-3.5212
0.5128
2.9733
7.1592
-5.0252
-6.3328
-4.5590
-2.9193
2.6279
1.4557
-3.9177
-1.0287
2.7076
3.2679
0.4622
4.5644
6.3174
3.4191
-1.2303
0.7961
0.0718
-7.6652
-8.0683
-8.2956
-6.4649
-3.1726
-4.8574
-9.2255
-8.1118
-4.1783
-5.4087
-6.2928
-18.3054
-15.9327
-0.1561
8.2068
5.5066
-4.1901
-10.9410
-7.8676
-4.5866
-3.7109
-8.7614
-13.5587
-16.5870
-16.3373
-19.6005
-19.3637
-17.5524
-15.5391
-10.2715
-4.4469
-3.3714
-6.2157
-4.5138
0.9480
3.9414
-4.8742
-10.1679
-9.0434
-11.0894
-11.9560
-11.4434
-7.0100
-8.5888
-10.0459
-12.3361
-12.6647
-12.1832
-11.9023
-7.1867
6.5850
3.5560
-7.6038
-5.3275
-2.1894
-0.7279
2.3411
4.4295
2.9608
6.5469
12.8555
19.0564
17.2873
20.9563
20.6045
16.5204
7.9133
7.0773
4.9040
13.4219
10.4386
5.7322
9.3559
-0.7779
3.2996
1.8047
0.9024
3.9335
3.2140
4.4174
10.4589
7.9365
1.6778
-3.3099
-3.3580
-9.5314
-15.1127
-17.5529
-12.3998
-9.1194
-6.9848
-4.8417
-5.2772
-6.2277
-6.7834
-6.4221
-7.3010
-10.5640
-11.6680
-7.0416
-6.1442
7.0150
11.8802
5.9300
-5.0041
-14.2567
-12.9675
-7.1630
-4.6232
-5.8199
-3.7886
-7.7334
-13.5732
-16.0894
-13.1084
-17.3012
-22.8249
-21.2548
-16.7571
-11.9219
-7.4608
-6.4500
-13.2130
-15.3808
-16.1076
-12.3143
-7.9387
-9.0534
-6.7360
-6.9184
-3.5791
2.5107
-3.0174
-0.0064
3.1501
-4.2811
-11.0878
-10.4668
-6.3089
-6.0446
-7.2128
-5.5907
-5.9526
-6.7697
-3.4320
-5.8045
-8.4183
-5.4938
-2.6602
-3.7654
-6.3302
-6.6549
-5.5679
-10.4682
-10.0955
-6.5599
-1.2287
5.7139
7.8302
8.7914
4.8932
7.0061
4.3550
-2.1311
2.3830
6.5151
5.1485
4.0389
10.1810
7.2583
5.3070
10.2871
11.5250
15.3268
11.3525
4.3519
0.0609
6.1029
-1.7607
0.8302
-0.1800
0.2282
3.8057
5.7463
6.5584
6.3146
4.0286
4.6808
3.8855
-0.5989
-3.2124
-1.5250
-9.1834
-8.5657
-5.0195
1.3900
13.9621
22.2625
21.4915
1.8841
-4.6259
-8.4235
-11.9877
-13.1678
-12.4902
-7.8069
-1.2214
1.1996
-0.3148
8.4937
6.6930
5.5086
7.9199
8.6539
2.3879
0.9862
0.2880
1.8449
1.6763
6.7597
-1.1662
-7.8131
-10.7581
-8.5328
-4.8753
-2.5924
-3.2127
-3.6826
-3.9985
-2.4089
0.0108
-0.7118
-1.5542
-1.5352
-2.4271
-3.5041
-9.1273
-10.8342
-11.7980
-14.4733
-11.3151
-9.6381
-14.4074
-11.5105
-5.5049
1.0328
2.3707
4.5699
13.0257
19.3120
14.4252
10.5089
2.2736
-0.1499
1.5116
-3.4593
-8.0558
-10.2577
-7.8077
-3.8071
9.6257
22.2626
29.1557
34.6098
33.0517
35.7665
31.9352
27.4529
16.0253
5.4868
3.9911
-2.0698
0.6004
2.9790
0.5166
5.0871
5.7586
10.8544
17.9036
16.8348
11.2176
8.4142
14.7307
13.7869
10.7128
4.9712
10.2136
6.6090
2.8865
6.8866
11.0393
11.0964
5.2351
0.2706
9.6695
15.2018
17.4017
15.2942
14.8775
13.6663
8.5391
-3.8020
-14.5107
-8.8194
1.5380
2.3739
-3.0579
-6.1923
-7.6022
-7.9712
-10.6076
-10.4277
-11.7705
-11.2680
-5.6974
-10.1297
-16.5197
-24.2612
-17.7032
-8.9166
-3.3424
4.8234
3.1319
-5.1883
-2.2235
4.2119
4.9777
9.1806
16.4256
16.8401
14.7886
11.1004
7.6970
-4.8588
-13.4047
-17.6363
-17.5359
-16.2632
-16.4877
-17.6738
-14.9727
-8.1529
-6.0845
-3.2247
7.6384
13.4184
15.0896
16.5541
18.1901
14.6875
8.3492
2.6117
-0.9481
-6.3276
-8.3917
-5.6759
-5.5583
-3.5461
-1.6756
1.0156
-7.8546
-6.8201
-4.4848
4.5693
12.0873
11.5095
8.4693
-0.9935
-4.3589
-2.7150
3.0666
5.4599
1.7461
4.1580
2.9758
1.6179
10.2776
4.8322
4.4938
1.7153
-8.1738
-4.4226
-7.2897
-4.2794
-4.7407
-8.1971
-16.1713
-21.6462
-16.1831
-12.2508
-21.0863
-14.6676
-11.1085
-8.4348
-9.0409
-7.8162
0.7898
10.8164
16.6548
20.5053
18.9679
8.3442
6.9584
5.7102
-4.6999
-11.3496
-12.6654
-14.9787
-13.8689
-10.2183
-14.3064
-12.5125
-8.9962
-7.9839
-10.1751
-14.1245
-12.4161
-7.6582
-5.0462
-4.3894
-4.0621
-3.6425
-2.0950
-2.0839
-0.7444
-3.2443
-7.6704
-14.0579
-16.3409
-12.0338
-6.9377
-5.7984
0.0739
1.4821
2.4290
2.2688
-0.5699
-3.9416
-6.3920
-3.2457
-3.4308
-3.9612
-2.5955
-1.0142
1.0480
3.7497
4.3663
6.6203
8.0497
7.3640
7.5167
11.3890
12.3454
7.3537
4.1250
5.9208
5.6625
10.4412
15.2600
16.1017
9.0711
6.3815
-0.2343
-3.5007
-5.8016
-7.0741
-5.1692
-4.4741
-2.0164
-6.4358
-10.5875
-7.1245
-3.2902
-2.0049
1.5254
0.7709
0.2536
1.3924
-1.3635
-3.2973
0.1241
-2.5373
-10.1454
-12.7334
-7.5293
1.3655
-0.0956
-6.9327
-9.8478
-5.9620
-1.6011
-0.0637
1.5280
-0.4260
-6.0175
-9.9408
-11.5558
-5.7476
-4.4120
-0.1677
2.0923
-2.3361
-1.4766
-4.6856
-2.7074
0.6133
0.9598
-0.9680
-6.8466
-5.1028
1.6649
8.2020
4.6417
0.4873
-6.4210
-7.7599
-6.5511
-3.2995
-2.8030
-6.7774
-12.1473
-8.4997
-4.7181
2.6682
-1.6902
-4.0908
-0.0766
-2.1017
-13.0941
-19.7532
-15.0695
-8.4498
-6.3759
-5.7424
-4.2208
1.9106
0.2025
-5.0178
-1.9244
-4.5902
-8.7082
-11.8068
-16.4831
-17.4367
-17.5365
-14.1732
-6.3957
0.0940
4.7969
8.5942
0.5485
-3.8151
-8.2688
-14.4620
-11.4286
-10.7461
-8.3502
-5.1068
-6.6975
-4.3841
-8.7436
-16.3459
-5.0017
-5.7818
-7.3669
-8.8426
-8.1438
-4.5888
-0.8844
4.3848
5.5924
-0.7123
-8.7189
-12.0571
-10.3597
4.1952
10.4618
6.1617
3.3299
0.9284
-5.7678
-9.3940
-14.3566
-17.1170
-13.5476
-0.7382
2.4961
-1.1657
-7.6215
-8.9054
-12.2932
-9.0243
-13.6529
-2.3537
6.9963
2.0848
-1.5527
-2.2968
-10.5897
-12.0366
-9.4334
-7.7154
-7.3498
-1.8966
1.7618
0.1108
-6.5088
-8.9295
-0.9783
-0.0276
-7.3304
-11.1189
-17.7597
-20.7650
-18.6308
-28.4680
-26.1933
-26.4422
-23.1325
-13.3005
-3.2915
-5.8138
-7.4313
-9.2784
-10.5418
-11.6370
-10.2570
-14.6840
-12.2779
-10.3899
-7.9434
-5.7530
3.9442
9.8139
10.2182
9.1517
2.5480
-16.5366
-21.6093
-14.0413
-6.9923
-10.0190
-11.2666
-2.2685
9.7143
11.6495
-12.0602
-20.8445
-18.5085
-12.1952
-9.6279
-10.2980
-10.0749
-13.4224
-17.3493
-9.9959
-0.1899
0.2061
0.2108
-0.3076
2.8582
3.6969
-0.5019
-3.0213
-6.5892
-6.9863
-5.2825
-5.9271
-6.4313
-0.6673
-6.1109
-12.0330
-18.7400
-17.1836
-9.7677
-7.7376
-9.9013
-14.5314
-10.1151
-7.2648
-8.0084
-12.9264
-11.2020
-7.2990
-8.4140
-9.6451
-12.0639
-17.1985
-22.3765
-16.3907
-9.2471
-4.3646
-2.3675
-4.3105
-7.1667
-12.8038
-13.7688
-4.1620
3.5049
0.0250
0.0060
-10.0465
-8.8736
-2.2453
2.2042
0.4391
-1.3179
-8.1842
-15.0725
-6.0551
-0.4173
0.4175
-2.8499
-1.3640
2.5540
14.1919
31.0093
32.6056
30.5459
30.1168
27.6693
24.8491
15.2737
2.4425
-2.6212
-6.4189
-12.7061
-7.8355
-5.7714
-12.3163
-16.2187
-12.9368
-2.6881
-12.9967
-9.9672
-7.0367
-8.7366
-19.6805
-29.1610
-25.6135

Coefficient 18:
0.0114
8.7939
6.9632
3.6059
-0.1668
-6.8773
-2.9815
-2.4152
-7.7744
-8.1388
-4.6384
-6.6502
-6.8790
-12.3332
-12.1969
-13.1704
-11.9212
-9.7484
-9.3727
-5.9534
-2.2379
-1.9103
7.1073
6.6177
-1.5406
-2.8133
-5.2725
-7.7896
-15.8385
-8.3364
-0.9946
2.8390
1.8640
7.3211
5.4849
-8.8989
-24.0656
-32.4377
-32.5553
-21.2468
-7.5688
-21.3212
-28.1720
-23.2716
-21.7353
-7.9617
-1.0913
2.2021
2.0681
-4.9062
-0.5979
0.0493
0.9973
2.7795
7.5190
9.1793
4.0407
6.1901
2.8633
3.2460
4.5696
5.0393
0.1074
-3.2492
-7.1219
-9.4559
-6.0243
-4.3228
-4.8277
-5.1287
-3.0824
-3.0558
-1.3967
-0.2095
0.6554
0.8727
-0.6423
0.0710
-1.3903
-0.3622
1.1328
3.8592
5.0229
11.6866
17.4155
27.9807
24.9097
20.9597
8.0189
-6.4780
-12.8491
-7.0184
-0.2081
1.5856
1.3358
1.2054
-4.7450
-5.6430
-1.8401
2.0885
2.6956
2.1199
2.5872
-0.4076
-0.9750
1.2138
0.3179
0.6117
1.3813
-2.5316
0.1350
1.6601
-0.7563
-3.2640
-3.4632
-1.5288
-4.1235
-2.1412
6.2544
4.9646
7.1871
9.1659
10.6172
8.8967
5.0388
2.0773
1.6501
1.4999
-0.4694
-2.8872
-5.2365
2.2768
10.0600
12.0394
12.9207
12.5407
12.6139
11.1881
9.9563
10.5971
7.1085
5.8735
4.8428
-0.5217
-2.0090
-5.2655
-13.9798
-13.8353
-8.1195
-3.2465
-3.9070
-8.0777
-9.5016
-7.9404
-7.7867
-7.2282
-10.7696
-13.9097
-15.8272
-16.3531
-8.9509
-4.0910
-3.9150
-9.6556
-11.9558
-9.7423
-14.2070
-14.8911
-13.7496
-10.6182
-9.5949
-10.3548
-11.3874
-6.1557
0.2116
7.9168
13.1767
5.0441
-4.1068
-3.9464
0.8677
1.9695
-3.8593
-13.2034
-20.6844
-22.9060
-20.2783
-24.5025
-30.6395
-35.4523
-33.5891
-28.0869
-26.5492
-15.8443
-4.6639
-23.7786
-25.0020
-24.5046
-17.0620
-17.6748
-20.8392
-18.7063
-16.1870
-17.2580
-14.6447
-12.0532
-13.0995
-14.4875
-2.1178
-4.3336
-7.1702
-3.5917
-4.6203
-14.7221
-16.2159
-8.7234
-5.3683
-9.5719
-15.6672
-11.6847
-9.4090
-19.7452
-28.2024
-23.9608
-18.4037
-10.2222
-6.0635
-8.3942
-11.5187
-15.6784
-16.2019
-15.1644
-14.4056
-18.1255
-20.3374
-13.5482
-4.9101
-18.4031
-22.1067
-19.0639
-18.8073
-16.5878
-8.6000
-6.5650
-11.7153
-8.9320
-3.2740
-10.7322
-14.0843
-12.6455
-12.8788
-15.5383
-17.0172
-13.5948
-13.3089
-7.0532
-3.7303
-8.1018
-10.6711
-9.4772
-11.1299
-6.1166
-2.5557
-4.4951
-2.7162
-5.7301
-11.4469
-10.4084
-12.0934
-17.0551
-16.4670
-12.9758
-8.7894
-6.5903
-5.2886
-2.5909
-2.0641
0.6154
-10.8725
-17.3703
-15.8157
-13.4266
-9.4845
-8.8620
-15.4565
-19.1955
-11.1043
-10.0086
-10.8900
-5.0041
-9.1660
-14.1721
-5.9228
-1.1077
2.0898
9.4830
9.7037
4.2523
-4.3319
-8.4927
-6.5195
-9.4602
-14.2448
-14.8825
-14.0746
-14.1779
-15.8410
-17.9762
-14.1423
-6.2174
2.5366
1.9925
-6.5789
-8.0272
-4.0329
-4.7074
-5.3992
-4.6288
-4.1114
-5.9989
-5.6804
-5.2340
-5.6558
0.9091
1.2117
0.1183
-3.0118
-7.0345
-15.7860
-13.3356
-12.6543
-10.0318
-4.7653
-4.8304
-4.4668
-0.7591
4.2197
2.0433
-4.3805
-6.2654
-7.1961
-7.8575
-7.2155
-6.8582
-6.2346
-9.0616
-5.9395
4.6368
0.0480
4.1300
2.1289
-4.9895
-2.9989
0.7049
-1.7351
-3.4238
-5.8554
-3.3310
0.1299
-0.1926
-0.9146
4.5089
6.0221
5.7142
3.7727
-1.6575
-2.1906
-0.1804
0.8450
-2.2969
-0.8619
-9.9597
-6.6521
0.1285
3.0416
-1.9658
-7.9817
-8.0742
-4.5324
-7.5807
-11.4749
-13.3983
-17.7793
-17.3232
-15.5803
-14.7971
-12.3847
-9.4920
-15.6139
-21.1192
-13.1529
-10.3895
-0.3807
11.7194
11.8467
-0.5333
-0.1978
-0.6854
-1.5461
-1.6446
-9.9456
-9.3148
-8.0418
-0.3666
-10.7127
-9.2592
-8.5094
-5.5643
2.5433
6.6981
7.3562
6.9619
4.4973
4.5059
6.9447
5.3987
-0.9874
-7.8995
-14.0587
-14.7811
-7.3560
-3.3992
-8.4997
-15.3980
-17.7099
-16.9343
-10.8970
-7.3243
-4.8449
-2.8911
-3.0176
-2.5080
-10.5537
-17.5870
-14.2465
-1.8440
-7.1919
-16.8330
-16.4158
-17.1123
-21.3646
-21.8989
-23.0966
-25.4957
-21.3971
-10.5418
-11.9798
-9.4499
-8.7451
-6.9718
-3.7809
-1.4018
-3.6687
-5.5518
-4.9150
-2.1630
1.2350
-0.7921
-4.5416
-5.9266
-3.8547
-4.0673
-9.1196
-11.5351
-14.7002
-16.5404
-12.6409
-11.0163
-11.4864
-2.8807
1.0521
0.3311
1.2450
5.3890
10.9491
8.0015
1.8539
-5.6023
-10.8561
-6.2815
-2.7615
-8.2451
-6.2590
-4.7360
-5.1177
-3.9727
7.4950
11.0924
8.9839
8.0955
13.1373
24.0176
36.2470
42.1960
32.4122
18.4226
5.8062
2.1012
-0.2614
-2.4090
-6.6845
-6.7076
-15.5035
-19.9033
-15.6818
-15.5240
-16.1160
-3.4850
-12.2175
-19.2558
-23.3635
-20.8488
-15.2688
-14.2519
-5.7020
-5.6743
-17.7003
-27.2397
-31.7213
-31.1377
-33.0728
-28.4737
-23.3394
-20.6204
-16.0344
-11.3783
-7.1456
-8.3605
-12.7962
-11.2961
-13.2388
-10.5705
-10.2424
-8.7659
-10.2604
-6.5539
-2.0961
0.6445
12.9638
19.2927
14.9477
-2.6877
-14.7059
-12.9037
-18.7983
-24.1872
-21.7505
-19.3395
-21.2502
-20.8288
-28.2075
-25.8422
-17.8551
-18.7929
-23.2686
-22.8255
-21.0723
-22.3039
-14.3428
-6.9266
2.2963
11.6458
12.7735
-1.8087
-3.9014
-2.8110
-2.8542
-4.4072
-5.8810
-3.0576
8.5851
12.4284
12.9180
18.7130
25.2435
21.6898
12.8674
5.7589
2.2053
-2.4290
-2.9140
-0.2584
-3.0817
-4.1127
-4.7845
-3.6255
-10.8261
-12.1892
-22.1660
-25.3025
-25.8805
-27.3051
-22.0708
-3.9990
-22.1055
-33.3436
-28.7188
-19.3514
-17.5784
-17.8975
-20.3493
-19.3353
-14.5023
-6.3371
1.1839
5.6038
7.7584
6.0559
1.4321
-3.6449
-9.1478
-11.2554
-14.3269
-10.8077
-7.8689
-8.7186
-7.8782
-7.7490
-9.0984
-5.4864
0.4560
8.6590
9.7632
7.5352
7.9828
7.7478
7.0843
5.2687
5.8905
2.9106
-7.1693
-9.0272
-11.0787
-16.5037
-17.0888
-13.3482
-13.7839
-8.5593
-7.7656
-8.2464
-9.4177
-8.5304
-4.2845
-3.8641
-6.1035
-3.8278
-0.0147
1.4529
0.6244
-2.4693
-3.2057
-2.3182
-1.5298
-5.9088
-8.9419
-10.8245
-7.6709
-7.3729
-2.2002
1.5784
2.0299
1.9105
-1.3140
-4.1662
-5.8841
-1.4119
-0.4656
-1.0334
1.1662
1.1409
1.6148
4.6152
4.1719
5.4230
7.3056
7.4535
11.6919
16.3823
16.1539
14.8634
13.8068
13.9703
11.9005
13.9943
16.8814
16.3130
10.2861
4.8194
-2.7232
-4.0380
-4.6306
-3.3399
-1.9260
-3.2065
-2.3950
-8.3624
-10.1881
-8.6237
-4.2517
-1.3118
-0.2972
-3.3961
-3.7380
0.9406
-0.4530
-5.6344
-3.5313
-5.4610
-6.1239
-7.0992
-5.5354
-0.3371
-3.2599
-11.5557
-13.0925
-7.5872
-3.2610
-1.6069
-2.4157
-4.8452
-7.6075
-6.0855
-4.0262
2.5072
2.9348
7.0856
8.4843
7.0419
5.8918
4.7446
5.4413
5.3595
2.7272
-1.8347
-3.2460
1.0327
5.7404
6.5099
2.4831
1.8201
-0.6916
-2.3624
-2.8981
-0.5938
-0.0140
-4.2426
-9.8951
-5.7292
-1.8133
4.4705
0.8635
-3.3480
-4.3428
-2.1109
-1.8979
3.5978
-7.2934
-14.3029
-20.3312
-19.0682
-17.1904
-12.2804
-14.2285
-19.1903
-14.4794
-16.0140
-13.7292
-15.7276
-11.7577
-11.0708
-9.2496
-13.0323
-11.0633
-11.3793
-1.9073
4.9990
-0.2743
-3.0658
1.7734
6.2950
1.7939
-5.4148
-6.1529
-3.2073
-5.8417
-3.9225
-8.3129
-18.7873
-18.3664
-19.5454
-15.9143
-10.8519
-9.0859
-10.2379
-9.4220
-18.3749
-20.7141
-19.9765
-18.1562
-15.3603
-15.7509
-17.1723
-9.0884
-8.2409
-9.2180
-8.1061
-13.8985
-14.8713
-14.0635
-10.7908
-13.5859
-17.4428
-14.4710
-11.2867
-12.7984
-10.4774
-12.4584
-16.5964
-18.8815
-16.8174
-16.6649
-17.2670
-13.9756
-5.4900
-7.1046
-6.2937
-5.4468
-11.9655
-15.5263
-11.3083
-7.4097
-6.5856
-11.6003
-11.8907
-5.2721
-3.6832
-14.7988
-21.2721
-20.0170
-17.5002
-14.7094
-7.2126
7.5355
6.4845
6.2879
3.5043
-2.5068
-14.9164
-17.3076
-18.9068
-18.2362
-18.9336
-17.9880
-19.7469
-18.2355
-13.5287
-10.0500
-13.7704
-16.0896
-9.8358
-5.5227
1.1525
0.5475
-11.6712
-12.1251
-12.0725
-15.5028
-18.7993
-17.4574
-13.7104
-6.1033
3.0960
3.1270
-2.8511
-1.3689
3.6159
-0.8229
-1.4532
2.4740
3.7728
-3.6401
2.1552
1.3240
-3.1360
-2.6304
0.1697
4.9544
2.0368
-2.6918
-4.4950
-8.7939
-9.7018
-11.3554
-14.4360
-13.4996
-9.5245
-11.4946
-17.5036
-16.8457
-14.7218
-7.4473
-5.7439
-14.8890
-23.3799
-18.7789
-17.9741
-11.6286
-9.1016
-13.1834
-14.1492
-11.9099
-11.9719
-21.0565
-26.3776
-24.3748
-17.6617
-22.1728
-23.2943
-15.3576
-6.0434
-1.9045
-1.5082
-1.7213
5.2911
10.0031
8.3448
7.2153
-1.0709
-0.9426
0.5841
2.0653
8.9944
13.0455
12.3304
13.2470
11.9055
5.0024
1.1495
-5.6837
-2.0482
-0.0902
12.3628
27.1538
29.0676
21.2618
22.0534
18.4875
11.1331
7.5113
7.3363
3.0907
-2.1291
-5.0578
-6.2636
-10.3536
-11.5974
-15.0211
-14.5624
-5.4657
-4.2625
-5.4379
-4.9374
-4.6106
-5.3218
-2.3362
-0.8605

Coefficient 19:
0.0318
-6.3341
-13.3249
-17.9805
-14.8182
-18.3552
-23.3913
-22.9627
-21.2879
-15.2473
-11.2511
-8.9506
-12.4849
-7.4559
-1.3750
-6.7884
-9.4291
-8.1472
-2.9167
-0.8487
-6.3436
-24.0085
-26.6606
-25.1102
-22.6654
-16.4964
-11.1062
-1.6862
-4.6527
-17.7852
-23.5522
-30.7873
-37.1687
-30.2382
-19.5316
-12.3284
-1.4245
7.8018
7.8550
-3.4547
-6.9982
-9.8773
-4.8546
-5.5854
-10.1928
-14.8733
-19.3228
-24.2308
-20.1362
-11.6324
-16.2679
-30.3023
-31.7650
-25.9593
-20.9139
-14.3169
-11.8937
-11.2931
-16.0317
-24.9651
-25.2071
-25.0443
-30.9469
-28.3164
-14.3404
-6.9366
-4.8846
-4.6518
-5.0466
-5.5606
-2.9738
-2.5227
-1.5613
0.2256
0.8815
0.7652
-1.6014
-0.4821
-1.3381
-0.3334
3.0617
5.0427
4.1255
5.8933
-14.2531
-26.0674
-26.8239
-19.1543
-16.6928
-14.2907
-8.4525
-1.1535
-1.7831
-8.1159
-13.9095
-9.7302
-5.2114
-7.5308
-2.2184
-0.1683
-0.5547
2.1879
4.4654
0.5588
-0.6103
1.1743
0.3766
1.4236
3.4319
-1.3989
-0.2424
0.2309
-1.4101
-2.5313
-1.8527
-0.3421
-3.6169
-1.6891
10.3244
18.1915
22.4405
21.6345
21.3919
18.1479
9.2602
5.3978
5.5418
2.7549
0.0120
-2.1965
-1.3702
6.8987
10.9245
13.2553
15.7352
14.2002
13.1978
9.9920
11.3925
12.6807
8.2445
8.5191
5.5564
-0.1277
-0.9141
-3.9550
-8.2376
-6.1667
-3.9533
-5.2997
-20.8697
-21.6498
-27.4318
-29.3397
-31.2379
-30.3081
-27.7788
-29.1669
-24.1624
-18.0799
-20.3326
-8.2528
-14.1844
-17.0626
-16.4723
-19.1732
-21.5621
-19.5312
-21.2592
-21.3938
-24.0842
-25.2012
-22.4583
-19.5345
-10.3908
-5.5088
-5.9068
-17.9508
-27.4684
-29.1413
-25.4991
-25.1961
-27.6088
-24.2968
-20.0158
-15.4500
-7.1519
-1.2799
-0.7434
-0.9420
-4.4444
-12.3867
-16.7622
-14.6063
-11.2048
-17.1452
-23.2865
-21.7119
-23.4103
-28.2794
-25.6806
-23.7837
-17.9726
-16.9107
-17.5378
-14.0308
-10.0693
-8.8784
-5.8915
-18.7101
-23.8329
-17.9792
-12.5792
-14.4083
-16.8722
-9.7431
-12.3199
-14.4905
-15.2687
-16.0625
-16.6227
-19.7709
-17.6014
-27.0041
-22.2276
-11.7831
-5.9070
-14.0676
-14.1904
-13.5519
-9.3387
-5.8675
-4.0418
-8.6170
-13.2821
-9.1646
-1.2760
-11.9046
-22.0952
-24.1648
-24.2473
-24.3450
-17.2422
-12.5101
-17.4425
-13.0835
-13.6330
-22.5055
-25.5416
-20.0011
-15.1694
-12.9041
-15.1329
-12.1076
-9.6848
-2.6269
-2.1746
-5.2182
-8.3245
-7.5813
-8.3667
-8.2327
-11.8090
-10.1765
-10.8780
-20.1263
-20.8949
-18.6758
-17.7995
-20.4932
-15.1715
-7.8077
-3.7114
-2.1182
-1.0984
-0.5218
-4.8149
-4.8812
-21.3584
-20.5821
-17.2766
-18.1347
-17.8001
-18.8011
-14.8274
-6.4707
-7.5903
-13.5826
-16.2001
-14.8434
-16.9292
-19.5189
-20.3022
-16.1215
-11.3922
-5.9159
-1.5827
-5.3445
-2.0611
-16.7836
-19.4753
-18.8468
-13.4673
-10.4004
-11.9195
-14.0110
-16.3700
-18.1604
-20.5816
-17.9635
-14.5383
-6.5777
-19.0077
-21.1952
-15.5564
-11.6675
-7.5674
-4.7033
-2.5947
-5.7778
-4.8525
-4.4233
-4.4937
-3.8713
-4.2342
-0.8781
-5.5433
-21.0850
-25.0862
-15.4301
-7.8203
-6.1146
3.2421
-1.0046
-4.9237
-3.5876
-0.1049
-2.0948
-13.5835
-13.3782
-5.9421
-6.7037
-2.9713
-1.7633
0.4356
-3.5475
-2.3744
3.2169
-0.7439
-3.4619
-6.1769
-12.9326
-24.1475
-39.7413
-40.0405
-35.9246
-25.3158
-15.1268
-13.6765
-18.9504
-21.2839
-21.4779
-20.4910
-15.5122
-11.4522
-13.1155
-11.8301
-17.4996
-21.5781
-24.0557
-16.7245
-15.8657
-22.9314
-29.9659
-28.4168
-24.6597
-26.8981
-30.4602
-26.2403
-26.8136
-24.4514
-22.1381
-20.2365
-21.4713
-23.6459
-20.2324
-22.4045
-21.7108
-14.9840
1.2455
10.8091
11.2830
11.7541
11.2183
-0.2904
-3.6414
-1.3687
-1.5629
-3.1764
-12.7575
-15.4152
-17.8512
-17.5714
-13.3883
-5.8739
-2.5744
-2.5252
-4.0756
-0.7127
9.4512
10.3306
5.2195
1.5522
3.5231
3.1710
-3.4456
-10.1836
-15.7210
-18.6231
-21.3762
-11.4394
-27.9912
-34.9808
-29.9575
-20.5193
-13.7239
-16.1147
-27.3764
-31.7283
-36.8919
-36.7823
-30.1929
-24.6741
-18.2354
-11.6625
-13.7399
-17.5183
-22.3289
-20.7530
-20.7031
-17.4510
-13.2003
-12.0776
-16.3947
-12.9937
-6.1609
-5.3637
-11.5466
-9.2929
-2.1604
4.5156
5.2129
1.4856
-3.7309
-3.7311
-1.8232
2.0213
-0.8601
-4.2725
-5.1721
-3.5396
-4.3027
-7.2544
-9.7831
-12.0868
-13.5137
-8.9058
-8.3064
-7.4483
3.8945
10.0637
19.0430
15.4581
10.3314
6.2200
-4.7476
-9.4488
-12.8996
-12.2522
-3.2087
-0.2600
1.0925
1.1496
2.4551
0.4777
-8.2661
-10.6604
-12.4070
-16.8302
-24.5387
-23.4368
-13.0745
2.3773
17.1259
20.4201
13.9453
-3.9153
-24.6466
-32.4277
-29.9394
-22.5531
-15.3026
-17.8319
-17.8773
-16.6397
-19.3425
-24.9020
-21.9211
-20.5396
-17.3362
-14.2380
-15.8345
-13.5394
-15.4281
-19.0353
-23.1627
-15.4635
-12.0240
-9.6939
-4.8039
-8.1388
-10.9472
-6.2255
-3.2991
-5.7368
-8.8412
-8.9390
-10.0116
-14.2516
-17.5112
-15.4254
-10.4251
-5.2511
1.4453
-1.4107
-8.4782
-13.4065
-14.7230
-4.9997
0.5761
4.4985
-4.0559
-12.6605
-11.5238
-9.2789
-2.2383
0.4220
-6.0497
-10.6466
-9.8908
-5.9250
-6.2143
-4.5636
-7.6964
-10.5375
-14.3144
-14.2955
-13.3841
-19.1817
-21.0759
-27.4763
-26.3558
-19.8259
-15.5256
-19.4560
-20.3934
-16.3608
-8.8436
-5.5093
-3.0965
9.8120
14.7965
17.1574
17.8370
19.3460
16.5683
8.5115
3.2604
3.4464
-0.1669
-0.8392
2.0260
1.1547
1.7729
-1.4453
0.5234
-8.3466
-16.4800
-24.8487
-14.2506
-11.5162
-14.7437
-15.0152
-17.4993
-18.3424
-19.1494
-10.0986
-4.8941
-3.9084
1.6931
4.3360
1.6944
-3.4924
-7.2470
-7.4760
-7.6693
-7.2710
-8.4522
-9.6351
-18.9364
-21.9256
-21.4291
-17.2915
-8.0480
-2.0810
-5.5202
1.4930
-8.7021
-14.2102
-14.6506
-4.7979
4.1239
8.0650
11.7075
9.7086
5.2630
3.3325
-7.3315
-8.5984
-10.5313
-11.3417
-10.3992
-5.8976
-1.0118
1.5569
-5.5223
-6.9513
-5.1548
-5.3360
-7.2250
-12.8700
-13.0290
-8.3672
-9.0260
-7.5976
-2.9529
0.7942
2.2026
1.3102
-2.3292
-4.1791
-1.9183
-0.2969
-4.0251
-4.5531
-5.6477
-2.8563
-3.7603
1.1212
3.5907
0.7559
1.1030
-2.4107
-5.1305
-4.6064
1.0029
2.4903
-1.1055
-1.2961
-1.5905
-1.9176
-2.2439
-2.3458
-3.4511
-3.7009
-4.0704
-4.7617
-1.2815
1.6539
6.5807
8.8516
7.2683
4.5106
7.1053
9.3265
8.0451
5.3109
1.1760
-3.7977
-3.4825
-2.6547
0.6423
1.2138
-1.0346
-1.1409
-5.3740
-4.7308
-2.0965
0.4188
2.8152
-0.0063
-5.7639
-6.1986
-1.7988
-2.7068
-8.5267
-7.3669
-6.2491
-4.7696
-5.2757
-2.9582
2.3678
0.4804
-5.2009
-9.8121
-11.7088
-6.4405
-5.7092
-11.8461
-14.3162
-15.8455
-10.7235
-6.6080
5.3432
10.6250
8.0250
2.9812
5.5481
6.0095
5.7431
7.1080
6.3108
-0.4089
-4.1149
2.2532
5.8720
4.7649
1.9528
-1.8678
1.4551
3.8846
1.4288
-1.0174
-0.3122
2.6894
2.5025
0.5248
1.7665
-0.8763
-11.1469
-10.3208
-13.4397
-12.7115
-11.4903
-7.4370
-2.5276
-9.0533
-6.4602
-8.1649
-8.7019
-3.2662
3.5431
-0.7069
-8.9629
-18.7148
-27.1216
-28.5754
-29.7318
-15.8969
-10.2533
-8.7518
-12.2061
-24.7020
-31.8285
-31.5459
-26.8466
-25.5453
-22.0159
-15.8267
-19.8556
-24.3129
-22.0581
-13.8306
-5.1308
-1.9104
0.9358
-6.0600
-25.9714
-32.6872
-26.5607
-19.5160
-15.0354
-15.3900
-15.1253
-15.1724
-16.0609
-16.7117
-13.3644
-7.4045
-3.2245
-8.5843
-19.7705
-18.9218
-16.1827
-13.7939
-19.9964
-20.5450
-12.4757
-4.9002
-5.4981
-4.5553
-12.0603
-14.1915
-13.7533
-20.2747
-19.3196
-23.7186
-24.6552
-23.0884
-28.9140
-25.0622
-20.0605
-21.2826
-14.8068
-17.1390
-16.6864
-13.2030
-9.3535
-8.2939
-8.0011
-5.8846
-9.1623
-11.7952
-6.5952
-11.0457
-14.3663
-9.5577
-8.8599
-7.2320
-0.5111
-6.4271
-16.2814
-28.1896
-37.8762
-38.8625
-29.8849
-15.0307
-17.3002
-14.5320
-14.3344
-21.5257
-20.9330
-14.6067
-17.4771
-20.1231
-19.1896
-15.1901
-12.7165
-9.0470
-6.8071
-5.4887
-7.4834
-5.6565
-8.2696
-10.7243
-13.8524
-17.8490
-18.1975
-23.7842
-27.1643
-19.7590
-15.6513
-20.0133
-13.8931
-6.0187
1.4363
-5.3342
-11.3467
-8.3184
-7.9038
-5.6228
-2.6179
-11.6593
-12.1043
-14.3070
-11.4861
-13.7660
-16.3528
-15.0067
-13.8315
-15.7659
-19.3688
-21.0291
-16.9524
-9.9130
-5.3728
-5.2519
-14.7645
-13.1014
-11.5223
-10.8104
-13.4505
-19.3047
-14.0609
-8.2649
-2.9975
-3.1453
-5.4795
2.3532
4.0466
-6.0894
-13.4991
-11.9661
-12.9360
-11.7041
-7.6438
-13.9760
-18.0939
-15.6172
-9.1989
-12.2723
-18.4345
-20.1210
-2.4592
12.0430
11.1591
10.1531
0.9278
-3.7841
3.7375
9.6987
12.7016
12.2688
19.2178
29.5923
31.8182
34.2643
35.8963
38.7209
40.5268
33.9118
38.4472
30.6433
23.6196
18.5250
18.1567
17.1417
17.3224
16.7650
11.2410
3.9305
3.7944
3.2159
2.3304
11.3192
19.7750
20.4287
21.3130
24.9197
11.5806
-11.7406
-21.0024
-13.6019
-2.3140
5.7840
11.9995

Coefficient 20:
0.0496
-15.1895
-10.9751
-8.3808
-3.5853
-0.6612
-0.1860
-5.6908
-8.6528
-11.2225
-11.8533
-8.9482
-12.0212
-3.7874
-5.2216
-4.4731
-2.5200
1.1560
-1.5867
0.0827
3.3969
-6.9734
-7.3633
-5.2341
-6.8446
-9.5881
-14.9359
-9.4712
2.1834
0.0035
-4.8838
-8.6418
-11.2197
-6.5477
4.8709
1.9115
-6.5320
-6.6501
-5.2316
-6.1518
-1.1171
4.4518
4.2537
0.5943
-7.9698
-24.6089
-19.5607
-21.8190
-22.4676
-16.6908
-3.8532
2.3712
2.6707
1.3037
-3.6232
-10.0440
-18.0139
-24.1336
-22.1786
-17.3979
-8.8880
-2.0205
-2.6988
-8.5754
-11.3412
-5.2971
-3.8561
-5.1895
-6.0441
-5.5153
-2.6986
-1.6728
-1.3712
-0.0994
0.0999
0.2575
-1.8585
0.1737
-0.8786
-0.3246
3.6091
4.0720
2.1426
-1.1590
-5.1800
-2.5495
3.7324
7.6476
0.1544
-5.1414
-12.3152
-15.0955
-16.9060
-16.9626
-15.2747
-12.4257
-10.1728
-2.6032
-1.5494
2.4203
1.7670
2.0774
3.1149
1.2352
-0.5096
1.0423
0.2606
1.9196
4.2847
-0.5869
-1.9317
-2.3954
-3.2083
-2.4462
-0.1272
1.0830
-2.3043
-3.9220
0.4123
4.7766
6.7765
2.2511
-0.2753
-1.2663
-2.9061
-0.3356
1.3668
-0.4280
-0.3295
-3.7594
-0.1088
10.8468
15.9348
13.5286
12.7320
10.4863
10.2580
7.9111
8.1290
6.6010
3.3449
4.9543
2.5761
-0.4956
-0.2275
-1.7400
-4.7165
-3.7504
-3.4985
-4.8222
-15.0541
-5.3175
1.5825
4.7753
5.2023
3.4401
4.8319
4.9329
1.8477
-0.8864
1.8061
6.5041
7.9532
9.0238
7.2800
0.8890
-0.7018
1.0442
1.0034
3.4032
5.7762
3.3695
1.4579
6.7891
4.9947
12.0361
11.2718
-4.3070
-6.4062
-6.2006
0.9603
-2.8839
-6.6756
1.1635
0.0964
-1.6416
0.4005
-5.6524
-17.1129
-23.0093
-18.6534
-5.7799
4.7740
3.4973
-4.1433
-13.8472
-4.8629
-1.4576
-6.3790
-1.3337
4.6029
7.5742
5.7943
3.2277
-0.9808
4.0716
13.4590
18.4305
11.5901
-7.4079
-7.9595
-7.3417
-8.6114
-10.4152
-12.3221
-16.2876
-17.3165
-11.0291
-3.9955
-4.2301
-4.9869
-7.5774
-8.3246
-1.3046
-1.7394
-3.1784
-6.4670
-4.0397
-7.4159
-14.9047
-19.4264
-18.9217
-19.2109
-14.7539
-8.8193
-4.2213
0.9503
-4.8122
-4.8872
-5.0426
-6.7310
-8.3479
-11.3908
-9.2035
-15.0538
-11.8837
-13.0743
-7.5250
-7.1952
-4.7746
-3.7875
-3.9152
-5.2422
-1.9927
-2.2346
1.7096
-0.4502
-4.0317
-0.8896
3.5813
2.7192
3.2993
6.1147
8.2186
3.8576
-3.1854
-5.3218
-0.9913
1.8051
3.9168
5.1831
9.1892
9.1359
5.6391
4.7726
3.6507
11.0823
10.2693
-1.3709
-1.9389
-0.1252
4.0482
12.3279
15.3858
7.8195
3.4923
1.1250
0.1881
-0.8090
2.9814
2.9811
-0.0370
-4.1383
-3.6962
-5.1939
-7.1030
-8.0567
-8.9158
8.8565
-9.6618
-13.5491
-12.1925
-11.7125
-8.8324
-8.1792
-6.4845
-4.4691
-2.4130
2.0270
5.1062
2.3345
-1.5248
-4.3344
-7.0766
-6.0277
-3.5163
-5.6105
-4.6306
-1.1396
-5.3620
-5.0644
-5.3911
-5.8666
-4.1023
-3.2468
-1.4416
-11.6826
-13.5926
-12.8959
-7.9397
-1.7797
-1.9529
2.3674
-0.1768
-4.0180
-4.8153
-3.9480
-8.2392
-22.7048
-22.4963
-8.2924
-8.0494
-5.7964
-2.6993
1.9087
-1.2629
-5.5609
-11.0670
-15.7209
-14.9022
-16.9201
-18.6600
-17.8538
-3.9411
3.7969
5.8921
0.6308
-6.7844
-5.9642
-0.8028
6.9690
5.7822
5.8195
6.6072
3.3131
-3.5357
-7.2588
-12.5049
-13.3668
-16.5514
-19.5252
-16.8567
-7.7803
-5.3127
-3.3470
-6.8748
-9.1498
-6.9410
-3.8024
-2.9565
-2.8898
-8.9863
-12.1887
-12.8157
-11.3928
-5.4004
-1.0096
-1.4033
-9.4207
-6.5327
-11.0992
-13.9644
-7.6247
-1.9428
-11.5680
-16.2683
-15.7106
-19.8253
-24.8659
-29.9388
-24.4731
-23.4327
-28.4258
-31.3003
-16.2854
-15.6886
-18.5146
-23.4266
-25.1774
-15.2577
-6.1429
-2.9820
-3.7055
-0.7894
2.3366
-4.7872
-8.1050
-7.0516
-11.3406
-15.5182
-9.1930
5.1522
13.2421
14.0837
12.7755
6.1179
13.9083
15.1867
9.5951
12.1151
16.6540
16.9554
7.5332
3.2241
4.7211
5.8789
5.3687
10.9139
14.6213
15.2571
11.8616
3.6731
-1.9442
-0.8492
5.9942
7.0291
5.3225
6.9391
6.3939
2.7435
4.3602
5.5812
0.8097
-4.4439
-2.8541
-0.6332
2.0685
-1.1785
-5.7355
-6.4532
-5.2397
-8.6281
-8.7104
-7.9904
-8.9318
-9.5412
-6.5570
-7.3217
-2.6698
6.6903
9.7997
13.2390
5.7458
-2.2244
-6.4363
-13.9343
-15.2984
-12.3786
-9.0926
-5.6900
-5.3110
-5.6910
-13.0410
-9.6105
-10.0225
-20.3739
-28.8471
-27.9302
-30.8329
-41.7640
-47.8925
-47.8384
-41.9816
-28.0608
-10.8916
-2.1770
-3.3722
-6.9482
7.3174
9.6187
1.9562
-2.7755
3.1673
4.3492
-0.5629
-2.7994
-3.5657
0.5057
12.8887
13.9168
12.9925
12.9418
5.4599
3.8300
5.7108
14.4616
11.0416
7.0014
8.0521
-5.1452
-2.6749
-0.1906
6.6169
3.7458
2.1424
3.9620
7.2034
4.1700
3.5838
-4.3141
-9.2834
-10.8322
-3.8460
-4.4047
-6.5665
-7.8835
-7.8966
-11.8394
-13.4044
-12.7214
-10.4432
-9.8371
-16.4472
-13.2604
-11.1666
-0.8825
7.2333
5.9937
3.0485
3.0011
-1.4647
-8.7386
-6.3584
-1.3847
-0.0377
-4.3382
-4.8099
-3.8160
-0.6958
-0.4307
-8.8804
-6.7976
-1.7857
-4.6804
0.5302
2.7997
4.0308
0.7888
-4.5220
-3.4364
6.5562
9.6110
13.7650
13.1238
12.5395
9.4340
2.6660
1.2627
4.5287
1.5828
0.8322
3.9761
5.5416
1.6362
-5.4878
-4.0880
-11.8712
-19.5083
-14.7158
-8.4386
-3.8349
-2.9653
-2.8061
0.9003
-2.8279
-6.1243
-11.5284
-14.6726
-12.3337
-9.1564
-7.0527
-2.1170
-1.8156
-9.2561
-10.3081
-10.3558
-17.3615
-14.9945
-12.3641
-14.3170
-17.0861
-15.3703
-10.8391
-10.2926
-4.0620
-5.9608
-1.5428
-5.4415
-7.6664
-2.2973
8.9819
8.0538
-5.7164
-9.2962
-12.0429
-13.6514
-10.3589
-14.3651
-17.7149
-23.2305
-23.9342
-23.0370
-19.0232
-13.9962
-8.5192
-12.1211
-11.3602
-9.1114
-6.6667
-8.2943
-15.2420
-15.3784
-9.7898
-7.1975
-5.5469
-1.5880
-1.4850
0.2721
1.6650
-2.0272
-3.6129
-1.3983
-1.5981
-4.4203
-2.1155
6.7662
10.2234
2.4970
4.9568
3.9173
-1.3351
-0.0282
-3.6535
-6.5721
-3.3886
3.5798
4.8558
-0.4913
-1.9728
-2.5581
-2.6284
-2.7835
-4.8593
-4.1682
-3.3653
-4.8374
-3.0602
0.9106
-0.8097
2.1838
3.1986
-0.9427
-4.6516
-2.4680
-3.3699
-5.1623
-3.2773
-3.9983
-3.8916
-1.9143
-1.1521
0.6908
0.9846
-0.1210
-1.5954
-6.9731
-6.6142
-5.4607
-2.5894
1.4837
1.8397
-3.9644
-7.2952
-2.4531
-3.1430
-9.4537
-9.5810
-5.6981
-5.8216
-4.3630
-3.6543
1.0951
1.0737
-2.8830
-5.1497
-4.6774
-1.3522
-4.5421
-9.9618
-11.5519
-10.6484
-4.2816
0.6227
1.6080
2.8295
2.5947
1.4879
1.1278
-0.5266
0.6233
2.5660
1.4114
-3.2445
-6.8400
-4.2040
-6.0692
-8.2969
-7.2328
-7.7313
-0.3264
3.8718
1.1390
-0.5046
-0.6651
2.7519
0.4232
-1.6640
-1.5064
-1.1809
-7.4614
-18.4890
-19.0285
-11.3761
-9.7459
-7.4892
-11.3845
-14.3691
-18.7484
-19.2658
-18.4669
-15.4143
-11.6079
-7.0777
-10.8415
-13.3727
-12.6004
-9.8822
-8.6163
-9.8440
-9.8887
-6.2662
-4.9961
-16.8056
-15.7131
-11.5169
-9.8705
0.5649
5.3327
1.0210
-8.5271
-12.0796
-8.8984
-3.3849
0.2663
-0.0085
3.5061
-2.1172
-12.6917
-6.8180
-3.6683
-3.0763
-4.5193
-5.9857
-3.1717
-6.0035
-9.9993
-10.1524
-11.6802
-6.6775
-9.8706
-16.6906
-15.9469
-9.0473
-8.0369
-7.2445
-2.6002
1.5163
2.2502
0.7112
-4.5413
-6.4725
1.5919
5.8408
7.0171
-2.2593
-4.0019
-4.7851
-6.9300
-5.8513
4.0133
11.6206
6.3982
4.3383
5.9534
4.9075
0.4151
-2.7463
-9.5085
-11.4726
-12.4029
-16.6228
-15.8684
-9.9699
-2.2065
-0.3589
1.0222
0.7753
-3.8253
-9.3558
-3.8618
-4.1499
1.8392
3.1852
4.3985
3.1799
-4.8779
-7.8354
-5.2018
-5.0848
-6.6705
-10.5065
-13.6118
-15.7068
-12.2502
-10.3158
-8.3304
-2.8842
0.9303
7.9908
10.5940
6.2696
-1.9523
-7.2643
-5.0829
-0.4714
3.3862
7.3014
8.6218
10.5561
9.1792
10.4180
16.1957
25.3962
23.6933
20.3815
23.4233
20.7797
13.3300
7.7053
8.5130
10.3389
-3.9096
-12.7737
-7.6297
-4.2969
-0.0343
-0.6687
1.7614
2.7232
7.2792
10.1529
5.0098
-1.7353
-1.1067
5.3381
6.1311
2.2946
-5.5522
-6.3870
-5.5099
-9.9443
-12.9606
-10.9250
-2.4547
2.5909
3.5301
3.4264
-4.0457
-13.0278
-10.6784
-13.8884
-14.1639
-12.1247
-18.9441
-22.7421
-13.6214
-7.9454
-6.8325
-10.2274
-10.8079
-15.2456
-17.6037
-19.5223
-7.9535
1.6664
0.3904
-4.6852
-4.6627
3.7979
5.1304
8.8832
8.6037
4.9961
4.8339
16.7799
19.4568
22.5470
27.1451
33.7795
36.9497
31.6249
30.1614
30.1455
25.3635
24.8171
25.5193
23.6113
17.5901
8.6621
-1.1757
-6.0373
1.1615
-2.5908
-0.8799
2.7693
23.1377
30.2203
43.9354
50.9364
42.1612
22.4747
15.0218
11.4740
1.9047
1.8196
6.0196

Coefficient 21:
0.0632
-9.6745
-12.0685
-9.9656
-4.3508
-7.2629
-6.0878
-8.2429
-2.7335
-4.9288
-4.2923
-2.7384
-2.9748
-4.3385
-3.2373
-5.4872
-5.4441
3.5690
4.1999
1.8342
0.0946
-1.2433
-4.6703
-3.0870
-1.5748
1.7833
-3.2951
-15.0412
-26.5508
-17.1803
-9.7766
-7.0321
-5.9524
-2.5865
-1.1455
-13.1822
-16.6394
-16.2966
-15.0788
-11.5932
-1.4313
-4.8900
-22.0099
-22.2914
-16.7081
-10.6948
-3.9012
2.7092
6.9221
1.8476
0.4807
-6.1630
-8.8524
-7.0883
-1.9391
2.9560
10.7003
14.0314
9.9582
5.0605
-0.0828
-4.4419
-0.7433
2.2342
2.6296
1.3768
-2.3370
-5.1855
-5.6738
-4.8989
-2.3630
-0.7526
-1.3325
-1.0664
-1.2198
-0.2842
-1.3290
1.2368
-0.4991
-0.5486
3.0099
1.4634
0.1205
-3.1927
-20.1188
-22.4683
-20.5974
-19.1081
-17.3269
-19.7492
-21.2685
-23.5299
-21.3978
-14.3958
-10.4472
-13.8159
-15.3489
-7.6949
-2.1178
-1.6057
-2.1077
0.9653
2.5531
1.5806
-0.2526
0.6377
-0.0612
1.3195
3.0197
-0.7073
-3.8700
-5.1144
-5.0768
-3.1392
0.5990
2.0459
-0.5793
-5.7715
-11.4706
-15.0729
-8.6197
-7.4940
-7.7495
-5.1222
-4.6024
-4.2469
-6.8562
-9.0942
-4.9514
-5.1333
-1.6212
7.1241
11.4582
8.5220
8.7547
6.4902
5.8495
1.8170
1.3294
-2.5435
-5.6313
-3.5881
-2.7447
-1.0662
-0.1230
0.0674
-3.8962
-5.3563
-6.7666
-3.7934
2.1641
-3.5340
-14.7835
-18.1877
-17.1141
-17.3077
-19.6931
-24.9881
-22.7216
-16.1719
-8.0477
-15.1990
-14.3643
-10.5918
-13.8723
-18.7060
-17.5820
-13.5998
-9.6880
-8.4767
-4.0019
-2.6681
1.0506
0.7769
10.6752
20.6589
22.2322
5.4667
3.2718
0.3596
-2.5448
0.5305
5.0832
-0.0420
-8.6975
-14.3553
-12.6389
-12.6795
-10.2658
-5.4512
-6.2407
-7.3734
-10.6712
-6.1792
-6.3759
-10.4466
-15.1500
-13.4622
-11.7770
-6.1558
-7.5048
-10.3346
-16.3076
-15.9422
-8.6896
0.5751
3.3130
0.4852
-6.1058
-7.6282
-2.8748
-1.0433
0.7102
5.6553
7.7113
3.5390
7.8914
6.3841
-1.3619
-8.5801
-5.9784
0.3869
-0.4401
-7.5449
3.5130
9.0991
5.0941
3.3016
4.8316
3.8864
3.8468
4.4476
6.0150
3.1371
0.7464
0.8083
2.9431
0.8923
-2.4708
-16.3732
-19.4986
-13.9404
-3.8575
0.3238
-4.3937
-3.3074
-7.8629
-4.1476
-5.5404
-0.0833
7.4760
3.2785
3.1022
5.8971
5.0865
5.2467
1.0187
-0.0531
-0.5264
1.1025
-2.2722
-5.1523
-6.4405
-2.8406
-2.0640
-1.3491
-1.2680
0.7259
9.5484
14.9254
16.0842
15.3559
10.8301
6.1051
6.0742
6.3609
-6.4833
0.3759
-0.7268
-1.0771
-2.1096
-7.5042
-10.0873
-15.2402
-19.3069
-20.1447
-29.9377
-32.7500
-24.2982
-16.2394
-12.7477
-13.5154
-11.6806
-6.6472
-4.1614
-4.8191
-6.5256
-4.3096
8.3320
6.4434
2.2132
1.1258
1.1117
3.5372
8.4579
12.2868
12.8248
8.0185
6.9730
2.4973
0.0475
-5.5782
-16.6199
-21.7434
-16.9823
-11.6995
-8.8397
-4.4775
-0.3028
-5.0777
-5.7699
-6.4762
-7.4035
-2.8757
2.2771
3.7141
-2.9910
-7.9924
-5.0530
-7.4507
-8.8016
-8.2810
-2.5405
-2.8277
-3.6363
-4.7759
-4.9024
-8.9585
-19.1583
-15.7406
-4.0299
-4.2765
-5.8468
-3.7107
0.4644
-3.2442
-8.5252
-15.4453
-17.2914
-13.4374
-11.7648
-10.1948
-9.5541
-17.5098
-22.2859
-21.3949
-13.2043
-4.7612
-1.1396
-9.8941
-16.8350
-14.3775
-7.4321
-5.5225
-8.9212
-11.3933
-9.9943
-2.4904
-3.4975
-4.3336
-3.6072
3.7716
-2.0233
-11.9229
-9.4395
-11.4275
-14.7849
-14.1993
-11.3894
-12.2558
-12.0278
-5.9196
-7.7159
-5.4476
-3.3005
-9.1431
-12.7615
-14.7872
-12.7295
-10.5240
-21.0824
-33.1713
-45.9355
-46.7190
-35.5872
-35.8633
-35.3037
-26.9168
-24.7741
-20.3627
-6.5735
-2.8739
-7.4876
-15.3087
-6.7233
-3.4149
0.6177
0.0101
-7.0745
-13.2680
-6.8320
-1.1738
-2.6464
1.1076
2.0931
-1.6060
0.5635
3.8405
0.3327
-2.5018
-1.4545
-17.2650
-21.2217
-19.4085
-14.1830
-0.6054
-2.4580
-6.0874
-20.4556
-20.2928
-17.1905
-12.7369
-9.4754
-6.6701
-6.1632
-10.8313
-22.1129
-25.3507
-25.5839
-22.8104
-21.2830
-18.2966
-13.8070
-9.6753
-9.7754
-3.1719
-0.1531
-8.1169
-10.4255
-7.8024
-1.0360
1.8598
-0.1055
-1.7611
-0.8670
-0.0241
1.6214
-1.4513
-3.9562
-2.6718
-1.3353
-6.5949
-5.2501
-3.4701
-2.8148
-3.1394
-1.7983
-4.0289
1.3308
4.4486
-3.2013
-7.3647
-4.4643
-1.5117
1.8696
5.4908
5.8678
4.1518
4.1013
4.9052
5.1007
-4.6098
-15.2960
-9.5546
-4.4582
-4.0882
-3.8136
-8.0910
-14.5591
-24.4650
-31.7767
-39.6554
-48.2284
-44.7531
-29.5093
-19.3129
-16.2422
-13.0338
-19.8737
-21.6889
-17.2480
-16.6442
-10.8931
-11.7230
-16.4011
-14.2499
-12.0380
-8.4602
-13.5309
-12.1257
-11.6995
-11.1120
-14.9318
-15.7087
-9.9434
-14.7140
-18.1678
-16.7551
-15.5629
-13.3865
-11.1132
-12.2231
-15.4944
-23.2143
-22.1334
-15.7133
-14.2498
-16.3866
-13.8286
-15.3754
-22.0526
-22.7488
-19.9450
-16.2047
-18.2300
-26.0434
-23.0815
-23.8129
-26.2701
-21.8741
-15.9089
-8.7875
-8.4434
-1.6234
2.3881
-2.8632
-9.2352
-18.9645
-21.1032
-19.5162
-18.4022
-22.1928
-24.0208
-23.6339
-13.3655
-6.9512
-6.1189
-3.5477
1.4053
0.4772
-7.4714
-11.0736
-10.1523
-4.4720
-7.1298
-5.9299
-3.9666
-3.6897
-3.9251
-3.9752
3.9940
7.5744
8.4051
8.3019
8.4671
6.2827
1.6133
3.8914
6.4799
3.2647
3.6311
6.5345
8.3796
3.4452
-2.7876
-2.7861
-10.5972
-17.0340
-3.9402
-5.9089
-9.5589
-8.2357
-7.7488
-8.6396
-5.0811
-6.3704
-12.9940
-14.9141
-8.0804
-3.8917
-7.2886
-9.0060
-12.4595
-13.4845
-8.0891
-7.2221
-6.7669
0.1821
-5.5719
-3.6228
0.5687
1.8762
-0.7275
-5.2179
-8.4903
-13.4106
-7.2279
-0.2785
5.9120
11.5344
11.3397
6.8559
-8.2585
-19.1717
-20.8366
-22.4051
-28.5653
-47.3377
-49.9974
-41.7401
-36.9025
-36.9781
-31.6086
-22.7204
-21.8652
-16.9771
-14.0437
-11.7973
-7.6410
-7.1902
-9.8943
-14.6395
-12.7077
-10.0661
-6.2370
-1.6983
-5.3346
-5.0382
-2.6327
-2.5362
-2.7378
-1.8630
-3.6980
-4.8105
-2.5421
-4.3992
-3.1407
-4.5320
1.6469
-0.0284
-3.5083
-1.8965
-4.7377
-7.5468
-2.4445
5.6463
6.3713
3.8344
1.3227
0.2712
0.1922
6.1721
6.3073
4.6152
5.3694
6.5428
12.7265
14.1811
10.5424
7.5531
4.4012
-0.7566
-3.1731
-3.4571
-10.2579
-12.7439
-10.0479
-8.7982
-3.5395
-0.5587
-1.2087
-0.3875
0.4861
0.0712
-1.8038
-4.8198
-4.5539
-5.8784
-6.9190
-1.3147
3.7694
-0.2032
-5.7125
-2.9970
-2.9381
-8.1854
-9.5684
-1.6329
-1.4656
-5.9953
-9.6995
-5.4109
-4.3925
-7.1349
-4.1640
2.0949
1.2477
-3.1027
-7.6250
-7.4676
-6.1045
-5.7922
-9.8885
-9.8840
-4.7501
-4.0115
-6.9195
-7.5704
-8.8567
-2.6788
-2.0540
-3.2377
-5.5594
-8.4847
-13.5577
-19.2422
-20.5556
-15.7217
-11.2304
-2.1033
1.2559
-0.2765
0.6967
0.1026
1.7032
-0.0544
-4.1698
-5.5634
0.0701
4.6645
0.9151
-6.5240
-4.1425
-1.1199
-1.7970
-3.7985
15.9824
15.2189
12.7568
6.8513
1.3632
1.0140
4.8060
2.5896
1.7047
4.1148
2.2733
5.7756
2.6152
2.5537
0.4162
3.3026
-3.6552
-9.1020
-10.9929
-13.1295
-4.3328
3.6483
3.1949
1.3944
0.5981
2.4944
2.0348
2.0747
5.6870
8.6420
1.7163
-6.1173
-3.5994
-6.3029
0.0365
5.1957
6.2722
5.1643
3.4450
-2.7420
-3.2938
-2.9387
-3.2579
-1.3498
-2.5912
-0.4187
-2.4697
-4.7938
-8.5375
-10.5810
-9.1227
-8.0138
-7.8210
-5.4257
-0.8175
-4.7118
-4.4503
0.0280
0.6304
0.3353
-2.0750
-2.9378
2.8478
2.3730
-6.8924
-11.1474
-13.2774
-9.6894
-7.4928
-4.6834
-6.7523
-11.1639
-17.0719
-9.3856
-1.1612
-6.8681
-11.1232
-7.5078
1.1355
2.9667
-2.2649
-10.8966
-11.5210
-9.8333
-11.2621
-11.8188
-12.2267
-14.9264
-13.3436
-9.3495
2.5839
2.2584
3.5991
3.1063
-2.3221
-4.2784
-0.3719
2.9610
2.4297
1.7059
2.1775
3.6552
-4.3760
-1.6728
-2.9200
-4.3421
1.2649
3.5886
0.5422
-1.7869
1.5003
3.3991
7.3216
5.0967
4.3325
7.4438
8.6500
1.7036
0.5794
4.8612
5.9366
-3.6478
-9.1478
-14.0370
-8.5138
-12.2961
-14.6143
-13.3541
-12.4460
-12.6962
-12.7907
-12.6249
-15.9582
-19.5660
-14.7051
-11.8721
-13.4700
-10.0926
0.1297
4.5422
1.5406
-3.8035
-9.4371
-8.9178
-12.1630
-11.6079
-9.5056
-4.1686
-3.9958
-5.0817
-10.9711
-8.4406
-7.6583
-14.4591
-18.6789
-15.8658
-15.2415
-14.6862
-16.4735
-14.8378
-20.5101
-19.3666
-10.2614
-4.7244
-3.2952
-0.3134
-1.4049
-10.8575
-12.7467
-9.3106
-7.6453
2.3695
9.3460
-4.3697
-11.7044
-13.5711
-14.4373
-21.9987
-26.8419
-23.3297
-21.8386
-19.4345
-13.7255
-13.8563
-13.0435
-22.6729
-36.8588
-35.0438
-31.7713
-29.5914
-26.7490
-24.3389
-23.6218
-20.5606
-19.2673
-13.4733
-10.4288
-6.2108
-4.3065
18.3001
27.4009
32.8608
28.3257
35.1632
17.1775
-5.9432
-13.2738
-15.4709
-10.9888
-3.8520

Coefficient 22:
0.0717
-5.6203
-1.6696
0.8782
2.9026
0.5584
-4.0193
-10.3809
-5.2982
-4.1701
0.0564
1.8903
5.1903
-1.1932
-3.8088
-7.4482
-7.9305
-7.4038
-2.7115
0.6640
-9.0936
-16.4285
-18.0262
-22.1463
-17.5956
-13.6240
-23.2648
-23.4924
-11.7213
-2.3050
-2.6621
-9.8052
-10.8443
-10.8447
-12.0161
-10.2142
-1.7459
2.4283
1.0844
-3.6161
-2.8173
-10.2518
0.2529
2.6120
5.2133
-0.9953
-9.0761
-11.4120
-8.7766
-4.1729
-3.8343
4.8384
1.1205
-1.6333
1.6366
-0.0876
-2.9932
-6.2292
-18.6814
-20.5412
-17.8378
-15.2915
-10.9873
-7.6004
-1.6164
2.8889
-1.3929
-3.1876
-3.5429
-3.9960
-2.0554
-0.1759
-2.2356
-1.9431
-2.3008
-0.8428
-0.3382
1.8148
-0.4204
-1.0173
2.4895
-0.3625
-1.8119
-2.3948
-2.8382
-4.3554
-4.1678
-7.0476
-6.4875
-4.4348
-3.5757
-2.6049
-3.2231
-11.0609
-9.0710
-8.6191
-4.1167
-2.5779
-2.3875
1.0902
2.0401
2.2746
2.0729
1.4302
-0.1056
0.2099
-0.4969
-0.2148
0.4283
-1.7304
-5.4744
-6.0416
-5.8044
-4.0575
0.1726
2.3037
0.8405
-4.5258
-11.1471
-16.9271
-14.1217
-10.8241
-10.0970
-7.7259
-5.6014
-4.0111
-8.5274
-8.5060
-5.2542
-6.6904
-4.8038
-3.6885
-6.8996
-9.5347
-7.3111
-7.4332
-8.6184
-10.9971
-7.1984
-9.1696
-13.3692
-11.7910
-7.4033
-1.2791
-0.2022
0.5675
-3.3082
-4.3996
-4.9855
-5.0687
-4.3630
4.0372
11.5764
14.4040
13.6523
11.0161
8.5327
2.7865
-0.9716
-3.6869
-7.6091
-9.8901
-8.6818
-10.9753
-11.1829
-8.8251
-8.4052
-10.7997
-12.2439
-11.2868
-5.4097
1.2635
2.0302
2.2226
-0.7799
3.9274
6.5646
2.3455
-4.5138
-12.5742
-9.4316
0.6075
-6.5224
-14.8734
-14.4897
-9.3207
-2.9677
-7.9174
-10.4457
-8.5985
-8.0991
-8.8273
-8.7092
-8.1777
-7.8410
3.1036
0.1341
-0.9330
-2.9009
-4.8637
-4.2888
-6.5588
-7.8247
-6.1726
-11.9523
-12.0787
-9.0483
-8.2571
-5.4710
-8.2281
-5.1577
-6.1560
-7.3924
-8.0100
-9.4523
-5.8806
-8.2547
-10.8780
-13.3829
-14.7978
-20.8473
-21.7946
-19.0651
-11.6130
-2.8851
5.6072
-2.6536
-8.7013
-7.8283
-6.1405
-5.1387
2.4786
13.0785
12.7295
7.3509
1.2934
3.8269
3.5641
-4.2521
-0.3389
4.8757
8.5436
11.4886
7.6070
7.2761
7.5348
-4.8295
-6.1864
-8.6284
-0.6191
8.7676
6.3569
6.0766
9.3152
9.7803
6.2217
1.4204
-1.8818
-5.7739
-1.9785
0.5042
3.5362
8.7519
14.3162
16.0549
13.3092
8.0066
3.6473
1.2887
2.7270
7.8784
8.8482
6.7629
4.4711
5.8345
5.4386
8.0138
2.3951
-4.8467
-3.7304
-2.5293
-7.2296
-9.5819
-5.8860
1.4040
9.4568
6.7938
3.4896
3.1581
4.5292
2.1497
-6.1486
-7.2192
-11.4622
-7.9167
-4.1903
-3.4970
-2.3973
-1.8307
-3.9682
-3.8682
-4.2933
-4.7367
-5.7062
-6.0393
-7.0476
-5.9537
-8.4826
-7.8610
-7.9860
-6.0912
-1.7117
-2.5835
-2.6485
-0.0308
-1.9656
-5.3004
-4.1950
-0.0474
-5.0933
-5.8396
-5.7076
-6.1089
-8.7816
-5.8658
-4.0850
-4.3955
-13.2708
-12.7074
-17.5847
-19.7522
-14.6030
-5.8905
-5.6613
-6.1135
-9.6739
-10.1131
-9.8391
-12.2979
-6.7304
0.1104
-4.9224
-9.9490
-7.4333
-4.1774
-6.3984
-5.0609
-3.1887
-5.5961
-6.2881
-5.4217
0.4038
-3.6221
-5.0362
-1.7564
-2.5405
-5.2436
-6.5936
-5.3973
-3.8655
0.6073
1.7237
2.9537
5.8463
8.2035
9.2137
11.5440
3.7642
-2.0192
0.4719
-0.8520
-0.2933
-0.3053
-0.3522
2.7598
1.6222
5.7685
9.8692
7.5508
6.4735
7.2226
7.3404
5.2294
10.8001
11.0325
3.0569
0.4925
6.4750
6.2535
-6.5440
-18.1349
-16.9668
-14.0356
-6.8049
-9.0609
-10.7803
-6.0106
-4.4214
-6.3945
-2.3063
0.7063
2.5483
-0.5088
0.6653
12.8128
12.1690
8.1668
7.2154
10.0069
7.2298
7.5887
7.7793
8.0867
8.4225
-2.0253
-5.6084
-4.2959
-1.0128
2.2468
4.8685
6.1089
3.5640
6.8853
7.9233
4.9725
10.1384
17.5133
24.5806
15.5562
0.5527
-1.9968
-7.6126
-10.3310
-11.0201
-8.8271
3.4205
1.9970
2.8293
4.3621
7.7290
7.6022
4.0078
-4.1786
-8.4219
-13.8825
-18.4158
-12.1746
-4.7188
1.1625
-0.4003
2.3624
4.2686
0.9528
0.6164
1.7339
0.7703
1.2638
-1.1552
-3.2242
-1.8580
-0.6967
-4.2805
-0.7224
1.7612
3.2958
2.0725
1.3520
-1.9500
2.5800
-1.6186
-13.4595
-13.6494
-1.1453
9.8807
16.8920
18.2847
16.2185
14.2384
17.4481
20.7934
23.4475
18.5000
14.5295
16.0595
16.4872
21.7442
31.1345
31.8503
31.5626
34.7081
32.3685
24.2518
11.2449
5.1026
4.0108
4.3306
-2.7706
-3.1992
-2.9791
-0.9949
1.0433
1.7125
2.7793
2.7922
0.6601
4.1776
-1.3928
-0.9466
7.6122
7.6981
-0.5401
-4.7953
-6.8212
-9.7077
-7.3745
0.2434
-0.4150
-3.9052
-7.7521
-4.5897
-3.1474
-4.1939
1.7803
4.3014
11.2704
12.8357
6.5783
0.6001
1.3603
3.9828
-2.9120
-8.5658
-12.4219
-11.1268
-13.9915
-17.2293
-15.7462
-18.8758
-22.7437
-18.1943
-11.2965
-3.6228
-5.1675
-6.6460
-6.9482
-3.8118
-1.0569
1.9314
-1.9448
-3.8156
0.5916
3.7352
-3.7833
-4.6144
-3.1219
-2.6026
-3.8560
-7.0200
-12.6030
-16.0248
-16.0854
-15.7467
-10.0159
-4.5363
0.0818
-1.4106
0.9390
1.5906
-3.1562
-4.4771
0.6753
1.9814
-4.1222
-6.8164
-3.4372
-2.0007
-1.6531
3.2369
5.0158
0.9718
1.4442
4.1382
4.1429
-0.9719
-2.8968
-2.3690
-7.5946
-11.7868
-8.3627
-8.3938
-9.8889
-15.9947
-19.2582
-8.2956
3.4486
2.5213
1.2787
3.8551
-1.8287
-2.1084
-4.2293
-4.6403
-4.8739
-2.5757
-2.5981
-3.9774
-2.3190
3.8140
-7.4875
-13.1891
-11.2540
-6.3645
-1.6604
-0.2288
-7.7404
-15.3219
-6.7347
-7.0158
-9.0754
-4.2775
0.9492
9.1209
7.5859
5.3674
6.7142
2.5493
-3.1545
-7.5142
-11.5749
-14.8583
-20.9265
-19.2410
-14.1379
-9.7069
-9.7653
-3.7905
-3.6232
-8.2740
-4.7209
-3.2142
-2.1709
-3.8626
-4.7428
-5.8741
-4.2373
-1.8854
-6.5439
-6.2937
-6.3835
-4.6378
-3.0062
-4.9738
-8.1089
-8.0287
-5.0875
4.1159
4.3116
-1.3880
-0.9251
-2.2930
-3.7730
-3.3524
-5.3626
-7.2603
-1.4781
6.4728
5.9815
3.2593
-1.0635
-0.6172
-0.1507
5.1236
6.4248
3.7351
0.7883
3.1046
5.2745
3.9591
3.0652
-0.1733
-1.1663
-4.3998
-6.4350
-8.0353
-12.3439
-12.7416
-12.0915
-11.2047
-5.8008
-2.7531
-2.2827
-1.1670
0.5362
0.8615
-2.8177
-6.8653
-8.9126
-7.3492
-3.9218
-1.3597
1.2234
0.0847
-3.3725
-5.3372
-5.2679
-7.2981
-8.3589
0.0111
0.9100
-1.0946
0.6036
4.7200
4.3542
-2.9951
-2.8511
-1.4393
-3.8806
-6.6597
-1.3969
1.7367
0.4971
-3.0659
-4.4704
-3.8379
-1.8949
-0.6231
-2.2737
-9.9973
-11.1835
-1.4488
1.9497
0.2972
-3.2200
-8.2262
-13.5583
-17.2004
-19.6924
-16.3211
-9.7140
-2.6365
-2.2196
-0.6016
0.6212
0.0513
-0.8906
-6.5810
-10.7882
-9.4776
-4.3834
-1.2231
5.6199
1.8012
2.9800
2.4541
-6.6432
-7.6322
-1.8649
-6.0719
-7.8647
-7.8730
-8.5624
-7.1291
-1.2214
-0.3424
-1.4052
-1.4998
-3.3924
6.0983
2.0092
-1.0692
-2.2666
-1.0187
-17.1584
-21.3195
-19.1952
-17.4730
-11.7873
-11.3682
-13.3119
-10.3925
-5.3506
-1.0133
0.1894
0.6960
3.1332
5.0152
1.5370
-1.8304
-6.1124
-0.5812
4.3743
1.1849
-1.4712
-4.5241
-7.3433
-7.3875
-5.5824
-8.5855
-3.1147
-2.1700
-1.0614
-3.6163
-6.5543
-2.7437
-2.1491
-4.9030
7.3677
5.8569
2.9014
2.6776
6.8694
2.8153
0.1305
3.4999
9.8416
7.9979
7.4211
6.3371
4.3667
-2.8496
-3.7244
-10.0859
-4.8212
2.1587
2.3685
-5.6985
-10.8418
-12.9302
-13.2896
-18.4200
-17.9892
-21.3176
-24.4661
-26.9616
-24.5519
-17.9252
-3.2086
4.2948
0.4614
-0.8127
6.5440
12.4514
6.7122
-1.1979
-6.8948
-10.1622
-9.8520
-12.1112
-8.0048
-10.6418
-13.4778
-17.5711
-17.9363
-18.7060
-14.7845
-11.5655
-4.9766
-6.4306
-15.8345
-19.7387
-12.7950
-5.6912
0.5571
10.9839
16.1885
10.6822
5.3139
4.8917
4.6857
-4.2875
-4.8181
-1.2101
-0.4187
-6.9206
-4.9615
0.0254
3.4763
13.0055
21.4083
18.2163
28.6140
25.2560
15.7826
3.3109
-2.8375
-7.1173
-9.4146
-6.4277
-5.8116
-9.2338
-6.2281
-2.8571
-0.3392
-5.8007
-10.8140
-8.6657
-7.6275
-3.1830
0.0591
4.4684
6.8565
6.4439
3.7009
0.5191
-0.3986
-0.3249
-2.9860
-4.5131
-8.2512
-16.2884
-12.5630
-5.9195
5.5962
12.6002
14.8660
17.8802
18.7292
15.1635
10.2183
4.6665
2.5630
4.2860
8.7831
12.4145
11.1230
8.5645
3.1947
5.9840
0.7075
-10.5921
-18.7513
-18.6758
-19.3825
-23.2083
-22.5641
-20.2471
-17.0966
-13.0868
-14.3452
-18.3481
-14.6026
-15.6451
-14.1462
-17.1106
-15.1885
-11.7129
-9.2426
-5.8660
-2.3486
-4.0670
-8.3035
-11.6429
-8.3828
-0.6849
-6.2926
11.4641
15.3316
7.4177
-4.1469
22.6544
22.8269
0.0396
-13.1065
-17.1410
-20.5578
-15.6015

Coefficient 23:
0.0744
-5.3720
-3.0284
0.6174
5.2834
14.6157
15.4256
12.8725
8.8383
3.8789
-3.8904
-0.2648
6.6551
4.8952
5.2192
6.6178
7.8900
4.6057
6.9177
10.3548
3.5874
-11.4330
-10.9234
-8.2959
-7.8660
-4.1486
0.3443
3.2398
12.6903
18.3656
17.3781
17.6925
19.1053
12.7357
9.9375
11.9757
5.9588
-3.2984
-6.8077
-4.2189
1.0140
10.1721
8.7515
12.3046
12.1273
12.1498
16.9064
15.6057
9.6740
9.5954
-5.0200
-10.7669
-10.9164
-6.6750
3.8236
2.2271
-5.9957
-12.1323
-11.2332
-11.1063
-9.4966
-8.4927
-9.4502
-9.4425
-8.4491
-0.9893
-0.7546
-0.9972
-2.0098
-2.7327
-1.8089
0.0320
-0.9163
-1.4754
-2.6108
-1.2158
0.6412
2.1512
-0.4871
-1.5342
2.5067
0.0660
-2.9010
-2.0869
-0.5542
-1.2859
0.0039
3.3278
7.6720
4.9177
-2.0773
-10.6891
-13.7819
-9.2992
-3.9405
-2.2069
-6.2494
-8.7583
-2.2014
-1.9337
-0.5300
-1.1528
-0.4112
0.7805
-0.2198
-0.4391
-0.8449
-1.6106
-1.6488
-2.1814
-5.1366
-5.0719
-4.8900
-4.2351
-0.5008
2.1787
1.3856
-0.8693
0.1163
-5.9986
-11.0479
-10.3086
-12.1981
-14.8050
-13.4797
-8.4959
-8.2906
-8.4460
-5.7295
-4.3496
-6.0220
-8.6556
-14.1461
-16.8721
-18.9940
-16.8820
-16.1513
-15.6236
-11.4059
-11.4767
-14.1876
-14.3506
-8.7468
-0.7899
0.3863
0.6036
-0.5166
-2.0605
-3.9909
-0.6797
5.2521
2.5139
-4.3118
-6.7301
-5.9356
-3.4171
-8.3235
-16.7773
-18.4488
-13.6307
-9.0725
-6.0650
-7.5636
-10.9519
-8.5498
-4.0367
-4.4750
1.2361
-2.2401
-4.9090
-6.8577
-2.5472
1.3035
2.1988
-3.3167
-4.5694
-7.7087
-1.5670
-1.7763
-3.5273
-5.8555
-4.2559
0.1611
5.9871
6.2806
3.7119
3.9646
2.2555
-1.7699
-1.2288
1.4522
1.5025
4.9074
0.6663
-8.2551
-4.0323
4.5187
1.4147
-1.9563
-1.9401
-0.9189
-0.8969
-4.2691
-6.7908
-3.9669
-3.8131
-0.5352
2.0471
8.7004
0.6353
0.6851
3.9228
5.4943
5.6475
4.8973
8.4989
6.3509
5.1318
5.5794
4.9368
6.2947
10.4470
4.4445
-7.6070
-4.7002
-1.7829
-4.3320
-0.9820
-1.5334
-6.2159
-5.5468
-8.1079
-7.6409
-2.0566
-1.5874
-4.1129
2.2734
6.1325
2.3587
-0.0747
2.5933
6.0393
11.4651
14.3360
16.0105
12.2490
-2.8069
-2.0953
0.6388
4.2319
5.3783
6.1305
7.5840
10.7985
10.1274
4.0296
0.7938
6.6116
12.4210
13.1076
8.3907
3.1301
-1.3205
6.1747
11.1009
10.3585
9.4927
7.7773
5.6482
3.5701
5.3609
6.9180
8.0757
6.5600
6.6866
4.6181
-4.1818
-0.2410
-9.7121
-12.1836
-7.9368
-8.4532
-9.0630
-6.6366
-8.7778
-10.9715
-7.7309
0.1115
1.0763
-0.0580
-4.0476
-5.2620
1.9005
5.9647
6.0562
-0.3582
-3.4850
-4.2688
-8.0352
-16.1437
-10.6482
-5.0134
-2.5673
0.0694
1.2130
-3.4222
-5.3111
-3.7588
0.5395
-0.4334
-1.3931
-0.5496
-6.8433
-9.0799
-4.7962
-4.7134
-5.5319
-3.4210
0.2629
-4.9910
-5.0941
-3.8743
-2.9082
3.0222
8.8784
7.4621
-7.5620
-14.0177
-13.8887
-15.7797
-18.8378
-17.1954
-7.4431
-5.8881
-6.5624
-7.0396
-5.7146
-2.4405
2.1352
5.0013
1.9156
-1.2749
-3.9599
-1.7635
-4.1152
-8.0014
-4.4972
-0.8875
-5.3709
-1.5609
0.3042
2.3760
-0.0578
0.2285
-3.7390
-6.0259
-3.3240
-1.3613
2.8317
-12.6343
-13.3027
-7.4110
-9.6060
-8.8457
-4.7903
-2.1185
0.2573
-3.8982
-8.8628
-6.0590
-2.9863
-3.5261
-3.4946
-6.9897
-7.4097
-6.4464
-7.6887
-11.4243
-9.9017
-8.8461
-8.2781
-2.0507
0.2931
0.0711
-0.0491
-5.3044
-5.5898
-3.3323
0.2851
0.3276
1.9513
5.4376
7.3522
9.2001
0.6210
-1.4849
-1.8967
-1.8232
-1.9106
-1.3679
-1.6175
-2.1446
-3.0691
1.5931
-2.3752
-8.5762
-7.9719
-0.8449
6.3371
5.5556
6.2377
4.0635
4.5041
5.3688
-0.4048
-0.7310
-0.1306
5.3341
12.1748
11.9180
10.2548
-7.0443
-14.3408
-16.2693
-14.8465
-0.3721
10.9539
21.6251
29.5776
17.5471
8.5795
2.1213
2.7071
0.1476
0.8658
-0.9974
-5.5254
-8.7573
-15.4923
-17.9170
-14.9983
-11.7404
-6.3614
0.2909
6.3418
3.8062
-0.7716
4.0341
7.3433
3.4386
6.8344
5.9077
3.6151
3.6828
3.5441
1.7328
1.4185
-0.2157
-0.8901
0.6003
-0.1702
-5.9986
-1.1152
4.3302
7.1790
5.7211
3.4267
-0.7874
0.5707
-7.9892
-14.0263
-9.0691
0.0776
3.6379
6.0458
3.2864
3.3244
5.2026
6.0936
5.6282
7.4048
10.8705
16.8488
19.9887
16.2525
14.3315
12.1678
10.5081
9.3001
18.7796
25.5708
31.8479
30.3552
22.0204
11.5783
8.4918
3.5341
-3.2931
-2.6877
-7.5675
-8.0097
-9.5945
-11.2065
-12.9609
-11.5083
-6.6020
-3.8321
-4.1572
-7.7391
-5.4971
-6.8233
-0.9155
7.0525
7.5703
8.9879
12.5530
7.8009
2.2616
-3.7713
-2.5564
4.2032
4.7724
4.6851
-3.2978
-5.6623
-6.1351
-6.7552
-6.4520
-3.6111
-2.7567
-1.1089
3.1332
6.5219
0.6022
-4.1152
-7.3987
-5.4933
-11.6153
-16.6451
-16.9628
-15.4584
-6.2188
-8.2994
-12.5401
-11.5472
-10.3659
-3.2617
9.6481
5.8401
-0.7203
6.7086
10.9830
4.0225
-2.0943
-3.5506
-4.1768
-4.8369
-4.6327
-2.9658
-10.2050
-9.5694
-8.7530
-3.9620
2.3598
6.1225
7.7489
4.4053
-0.2218
-2.9194
-4.7384
-3.7117
-6.5659
-13.9855
-16.5591
-11.7720
-10.3342
-5.2555
-0.1554
0.9872
-4.0185
-5.0131
-2.6969
-4.4800
-6.9880
-6.5567
-7.6045
-8.5017
-7.0588
-10.0595
-4.2697
-1.4471
0.0874
0.3291
-2.8215
2.7842
3.3000
7.9247
12.1092
8.6518
-1.9600
-1.7384
-1.7058
-4.9173
-0.3458
0.6224
-0.4347
-4.7588
-4.6159
-6.2520
-10.1418
-8.0927
-5.0376
-1.1059
0.5083
-0.7786
-2.8562
5.4755
0.6547
-7.2499
-11.1729
-8.0046
-2.0778
8.0422
18.5722
19.6765
17.2504
17.1903
13.9367
11.6608
9.0183
4.0047
5.5584
7.6337
1.8247
0.3040
-1.7808
-3.2489
-8.0588
-2.9019
-2.3070
-6.0739
-9.3992
-12.9146
-11.6923
-5.2994
-2.5057
-7.3128
-9.3711
-11.2846
-8.0319
-4.8100
-9.2663
-13.7316
-13.3806
-8.7202
-6.6243
-9.8770
-7.0828
-0.1024
-1.0344
-1.4778
-3.1493
-5.3453
-5.8006
-0.4854
5.6204
3.7676
-0.4722
-4.3202
-2.4551
-4.0106
-4.7250
-5.1094
-4.7751
-9.7480
-9.7539
-6.5493
-8.2111
-10.2261
-11.7478
-7.0997
-8.0802
-12.0274
-12.6625
-11.6650
-9.1840
-10.9080
-11.0409
-5.8417
-2.2361
-1.3352
1.3821
2.5612
1.2920
-1.4255
-1.8578
-1.1482
-1.2014
-2.1625
-4.5821
-4.1079
-2.4806
-3.9274
-4.3430
-5.0019
-6.7492
-7.2886
-2.9136
1.1530
1.0914
2.0591
3.0283
1.6281
-1.8533
0.6949
-1.2090
-5.0041
-8.7503
-5.5197
-1.6452
-4.4061
-11.1359
-12.6700
-10.6640
-7.6808
-5.2467
-6.7417
-10.9704
-8.5380
-2.3199
-1.9570
-2.8150
-4.6863
-4.3103
-3.9192
-6.0406
-9.5312
-10.9762
-5.8683
-1.1532
-1.0004
1.9677
1.2391
0.3439
-1.2874
-4.6075
-4.4012
-7.0508
-6.9702
-4.6346
-6.1179
-0.0613
11.0942
10.7823
1.0640
-0.8489
-6.3820
-2.4658
-0.2276
0.2022
2.3685
6.1822
9.2426
9.0696
7.2197
1.4047
-6.9315
-2.0995
-6.5726
-8.2454
-6.7299
-3.5877
-9.4404
-10.9820
-9.3940
-9.6722
-11.2568
-19.1634
-10.2542
-0.9827
1.3443
1.6758
3.0800
4.0656
0.1429
-2.6813
-1.7759
9.5669
7.3454
0.2528
-6.0453
-10.1888
-7.3134
-5.9072
-4.1211
-4.6869
-1.6812
-4.2807
-4.1984
1.5586
6.6464
-2.8330
-8.5132
-9.7230
-9.1204
-15.4645
-13.4510
-10.5272
-9.8095
-11.9559
-14.7568
-10.2908
-12.7390
-12.7703
-11.8813
-7.8038
-2.3618
-1.3100
5.8976
-4.9404
-7.1272
-3.3326
-6.3588
-5.5917
-10.9811
-9.1128
-1.7170
-2.8900
2.3792
1.6220
2.6676
1.8767
4.4997
-0.7465
-2.0293
-0.6852
-9.7306
-11.2079
-6.8335
-3.9633
5.1410
1.2371
-8.2517
-17.0650
-17.0066
-12.1321
-11.6826
-4.4753
0.9293
-4.5113
-7.2038
-5.7570
-2.4886
2.8385
0.0711
-9.2033
-9.8584
-4.4042
0.6764
-4.6270
-6.2059
0.3536
9.0584
15.4503
16.7033
13.8894
10.8784
15.3139
16.9769
10.7039
10.1090
9.7785
7.2900
-2.5220
-8.4902
-11.9972
-11.3079
-9.9081
-12.6377
-22.4982
-9.9850
-12.0224
-15.0298
-11.8096
-8.6524
-11.6631
-11.7402
-10.7243
-11.0919
-12.7989
-17.4322
-12.1350
-7.5275
-5.7203
-1.8751
-9.1331
-8.2042
-4.4418
-10.9418
-14.3972
-10.4822
-7.2284
-2.4225
-4.0360
-6.3772
-13.3888
-17.1776
-8.6244
3.1078
-1.8552
-9.6649
-18.0494
-19.1540
-12.6487
-7.0970
-1.6693
2.1034
4.0438
2.2855
3.6300
-5.9617
-12.6742
-6.9295
-1.7104
-3.1186
-0.4525
-2.8346
-3.5270
-9.4016
-1.3732
-1.2076
-3.7538
-0.2347
-3.4152
-6.2979
-4.2667
0.1296
-1.7087
-8.9388
-14.4550
-11.7476
1.4169
4.4546
-6.8133
-14.9391
-17.9043
-21.5998
-16.0488
-8.1016
-2.0579
4.8973
1.2170
-0.4836
0.0404
1.2850
-1.8853
-10.4699
-25.6725
-26.2460
-0.4060
17.7701
8.2565
-5.3542
-4.8980
-4.6613
0.0252

Coefficient 24:
0.0710
-2.1418
1.2447
5.2865
9.0476
5.9940
-5.8335
-8.2709
-10.2936
-6.6582
-2.3028
-0.4882
4.1405
4.7847
6.3387
7.6518
7.1027
4.5119
3.4192
5.2812
15.8574
9.8005
7.8474
5.3800
1.7855
-3.9641
-6.0007
-10.3168
-10.7163
-14.2345
-13.3314
-10.8342
-10.7823
-1.3147
-2.0986
-5.3437
-0.1430
1.4208
2.1320
5.0177
3.5250
-6.1157
-3.4656
-1.5107
-3.9208
-8.2220
-6.6715
-3.2813
-0.7170
2.5897
3.6466
-6.2648
-11.8522
-9.3198
-2.8216
7.7334
12.8300
5.8222
-0.1238
-4.1326
0.4008
2.6368
1.8228
0.7618
-3.5389
1.7797
-0.2931
-0.6794
-0.7689
-1.3636
-1.6131
-0.4084
-0.7699
-0.7381
-2.2201
-1.1724
1.2837
2.6346
-0.4740
-1.8539
2.4755
1.6220
-2.2402
-2.2372
-3.1608
-7.0599
-10.3665
-11.0093
-8.1918
-8.5138
-11.9406
-14.9103
-13.3651
-15.0611
-13.8970
-11.0279
-7.7129
-4.5545
-1.8749
-2.0995
-0.6524
-1.2206
0.7014
0.7548
-0.2864
-0.6635
-0.9105
-1.7711
-1.8706
-1.8311
-3.1566
-3.1723
-2.8396
-3.0428
-0.3143
2.1787
0.9825
1.8158
9.7345
9.2945
5.8031
6.5602
8.1555
6.7341
3.4551
3.5465
3.1277
0.3730
-2.0153
-2.2602
-5.6230
-8.6099
-11.2575
-12.2627
-15.4714
-15.7437
-15.0981
-13.9215
-12.4505
-9.5138
-8.7266
-10.8261
-6.2306
0.5129
1.9610
1.7187
4.0051
1.3852
-1.4268
-0.2546
8.6918
6.3232
3.8214
2.3245
4.4543
7.4392
-1.9734
-6.2544
-4.5686
-2.8701
-3.8813
-9.3471
-8.2758
-9.8101
-8.5319
-5.9019
-11.2068
-12.3911
-12.0104
-12.4513
-8.8620
-6.2174
-4.8992
0.5396
4.9393
4.4759
-0.8498
2.7441
2.7495
2.1031
4.7668
3.8114
4.7127
-3.9143
-4.5611
-0.7834
-2.9170
-5.6340
-5.6500
-3.3128
-1.4921
3.0710
2.5842
3.0286
-2.7251
3.2813
10.2855
2.3676
0.8068
-1.7175
-10.4232
-11.6807
-6.2466
-5.6354
-10.7195
-3.5266
-1.1452
-0.5953
2.0676
-2.2576
-5.5683
-2.8475
-2.2721
-2.8703
-3.4761
-5.0308
-4.8872
-3.2416
1.5086
2.2131
1.4834
-6.2767
-7.4609
-0.3643
7.6494
5.8726
1.7106
0.6820
4.4937
2.3454
-0.5836
2.3003
6.2290
9.5633
4.2649
-0.5603
1.6759
7.5547
5.1823
8.4041
9.1412
9.0326
12.2062
8.3214
12.6566
7.6151
-4.9990
-2.7299
0.8290
1.6053
-0.6716
-3.9144
-2.3508
1.7233
5.3489
0.7907
-0.8069
-2.4692
-5.0014
-6.6385
-6.5399
-2.2648
4.1672
6.8157
6.4153
3.4655
1.1630
4.0100
9.3725
10.9137
9.6581
7.1720
2.1791
-0.1498
0.8205
1.3679
1.8659
0.0018
-7.8765
-11.7534
-7.2946
-4.3429
-6.2958
-2.8625
-1.0948
-0.0587
-4.2121
-8.7153
-10.1221
-6.2062
-4.5405
-3.0963
-3.0801
-0.4243
0.9442
-5.6923
-4.1029
-0.8128
-2.6004
-5.8844
-7.3545
-4.0970
-2.7213
-6.5595
-7.9438
-3.1082
-0.7539
-1.2371
1.9768
-1.6086
-8.5912
-10.5916
-9.7102
-6.4442
-4.1033
-3.8943
-4.4623
-2.1231
1.0800
-3.9184
-4.2030
-3.1164
-0.8762
-7.4904
-6.6451
-5.4089
-14.6870
-23.5041
-23.0621
-23.0158
-18.7107
-11.4334
-4.4039
-3.6180
-5.3804
-3.6291
-2.5069
-0.2556
-1.1666
-0.4736
2.1781
7.6704
5.6717
2.8300
-2.8641
-6.2521
-5.7109
-7.0286
-11.8315
-13.8789
-11.2729
-7.3890
-7.0878
-11.4530
-10.0519
-9.9647
-9.8535
-7.9177
-3.2098
-9.5904
-10.3325
-16.7698
-18.3800
-7.8832
-2.9395
-4.1101
-7.0278
-3.0408
3.3336
1.8038
-3.2412
-8.6575
-9.9231
-7.0658
-11.3291
-11.8324
-10.4431
-13.1571
-8.3745
-2.9798
-1.5901
5.3194
8.3158
6.3529
8.9558
5.3673
1.7025
2.9697
4.4788
-2.5603
4.4488
14.1125
19.6635
20.0614
15.2562
9.1759
4.1164
2.3275
6.1554
8.3286
1.9032
1.7975
3.2318
-0.9471
-7.9121
-7.4832
-11.9326
-10.0746
-2.7993
0.5715
4.2077
5.5007
4.2618
4.3034
3.6615
7.6390
12.4248
17.6504
21.0375
13.9060
9.3150
-2.3939
-4.0416
-2.0673
-0.4524
7.2566
20.5585
24.8724
34.6091
13.1528
0.0834
-2.2831
-2.1966
-3.7311
0.3444
8.4363
1.1494
-3.3419
-7.4432
-7.5198
-5.5830
-4.2214
-1.3703
-2.3246
-5.7947
-9.1834
-5.9846
2.8855
0.5098
-2.7983
0.3945
-1.8483
-1.8291
0.6913
2.3439
1.7492
2.0170
0.8280
0.1233
0.9881
1.2868
-3.5779
0.7507
6.3331
8.1351
7.5623
5.1083
0.5861
-2.7967
-11.0578
-11.9751
-6.8034
-7.8797
-12.5332
-14.5444
-10.5537
-9.0942
-9.1326
-15.0916
-18.8756
-21.3674
-13.9958
-3.3219
0.1095
-2.1207
-9.0120
-19.7690
-28.2565
-34.7456
-37.1244
-35.2099
-22.1569
-9.7797
-8.7386
-15.3313
-15.8610
-6.6452
-1.4944
-7.0812
-12.5741
-5.9157
-7.6237
-9.1821
-0.5621
-0.3097
-2.1098
-4.9847
-12.1891
-13.8370
-9.4051
-10.1214
-10.4156
-5.0034
-0.4356
-2.4898
-6.3783
-5.8878
-5.5414
-7.5033
-9.0383
-11.4085
-10.5729
-9.8533
-16.4425
-13.9903
-15.1244
-15.6617
-18.3756
-17.0527
-12.8762
-5.9773
-0.3459
5.4736
4.4388
3.1831
4.3219
0.9624
-5.3590
-3.3353
1.4954
3.6693
5.5996
3.7381
1.0608
-5.3110
-13.9863
-19.6981
-15.7523
-12.4716
-5.0239
-5.5869
-14.0804
-18.8710
-14.8569
-13.2912
-16.1415
-17.4551
-13.0559
-1.7035
4.3336
1.8896
-8.7500
-9.7824
-3.2179
-6.8540
-9.2659
-6.6475
-2.2555
-2.7309
-4.6987
-5.0297
-7.7242
-8.6728
-9.5807
-8.4502
-7.6924
-0.8929
1.8175
-0.0308
-6.4208
-8.5522
-7.3300
-10.2955
-7.6615
-2.6375
-2.9731
-2.7923
-2.0353
6.0557
0.3844
-4.7548
-12.0945
-13.6526
-5.2378
4.5958
6.4526
9.0790
8.9904
5.5341
-3.7608
-7.9566
-7.6770
-5.9806
-3.9682
-0.2954
1.0851
-2.1136
-2.0250
0.9667
0.5387
0.8807
1.9343
3.5220
3.0058
3.8605
7.6401
14.4784
11.4408
4.4560
3.6569
5.3147
1.4966
3.3019
5.0493
1.7286
0.2573
-0.3904
-6.6541
-4.1608
3.9917
7.2840
4.4897
1.2511
-5.0850
-7.6561
-10.1307
-12.8492
-12.3699
-5.8887
-4.3894
-6.8661
-7.9234
-10.0535
-9.5273
-5.4045
-1.9916
-8.4482
-12.0316
-13.6827
-11.1029
-6.9684
-11.7330
-17.2519
-16.5593
-8.3217
-2.7663
-4.8695
-6.0490
-3.8890
-2.6595
1.0868
-2.4363
-4.6930
-4.0484
-0.0254
3.2057
0.6883
-2.4801
-3.9128
-0.5683
-3.2435
-4.6540
-5.2791
-4.5658
-7.5366
-7.3183
-5.2075
-8.3422
-6.1006
-7.2957
-1.8270
-2.3307
-9.9911
-9.5379
-7.9856
-6.5274
-8.2634
-8.2463
-4.7155
-1.1987
1.8945
2.0167
0.6923
0.9371
0.0450
0.0720
2.5982
2.4893
2.6094
-0.7877
-5.2634
-4.4093
-1.7053
-0.1470
-2.1702
-5.8520
-6.3379
-7.5208
-5.0846
-6.4189
-4.2820
-1.7906
-0.1458
-1.8105
-0.1627
0.0648
1.2232
-2.3150
1.4173
7.4163
6.1424
1.2752
2.4656
4.7576
4.3657
5.5485
4.0897
-3.4994
-1.6617
1.7572
2.8512
-0.4667
-2.9843
-3.1775
-0.5476
2.2309
-1.1217
-5.8364
-1.8722
0.5893
-0.4534
2.0379
-0.6813
-1.2280
-0.8711
-4.2979
-3.8852
-2.4948
3.3446
7.1102
1.6572
-3.2990
-5.2149
-5.8879
-9.4541
-10.5920
-20.2512
-18.2620
-11.3616
-7.0642
-8.0819
-7.1086
-4.8466
-5.8345
-0.0647
5.1941
-0.9311
-0.8885
-8.2573
-10.7085
-9.5136
-2.4812
5.0239
0.9525
-5.9594
-3.6258
-3.3828
-6.1240
-5.1057
-2.3251
-6.5940
-9.2240
-2.1823
1.3431
-4.0179
-9.0138
-4.6837
5.6053
10.8931
7.6119
0.5088
-1.3364
-1.1238
-4.3135
-6.5536
-12.5029
-13.7273
-14.9227
-13.3331
-12.7982
-12.2363
-16.0659
-13.4306
-6.9786
-2.9246
0.0357
-10.2477
-13.0850
-9.4824
-4.2525
-0.6874
-6.8313
-4.2505
0.2830
-3.8241
-4.7965
-8.8861
-8.3766
2.0350
-5.9713
-8.7243
-7.5239
-9.5341
-3.5347
-5.4937
-8.0359
-9.0376
-12.7676
-16.0236
-10.8536
-6.0243
-1.0880
0.6913
-2.5845
-4.8243
-3.3432
-12.9605
-12.2365
-5.7878
-6.7749
1.5866
-5.0184
1.2514
-4.6383
-4.4232
1.0182
-5.1004
1.9964
2.8755
3.2344
1.8317
-0.6723
1.3853
10.3201
9.8961
-0.5279
0.6652
2.3044
8.0254
9.2625
4.6120
-6.3700
-13.6229
-13.7263
-10.0376
-8.3877
-8.9641
-9.6196
-2.7199
1.6460
2.8695
1.3088
1.2556
-4.2676
-4.7949
-7.2093
-5.6265
0.2639
1.6784
1.9953
15.6852
14.7036
9.3564
6.1833
4.2698
5.5816
6.6003
3.4743
4.6769
8.6449
11.0888
11.9005
12.8742
7.2963
-3.9161
-6.8522
-4.6652
3.0201
9.2057
-0.1994
-2.9924
-3.8666
-0.6445
6.5736
7.7427
1.5118
-4.3785
-2.7730
-7.8786
-7.3101
-5.0649
-7.3555
-5.5249
-4.9534
-2.7288
-11.3700
-18.2988
-18.8705
-11.5360
-0.0166
-6.8666
-8.4458
-10.7758
-18.7342
-24.8901
-26.8777
-27.0440
-19.8006
-17.5371
-10.5365
-5.5144
-2.3316
-0.1513
-0.3549
5.3689
7.5716
1.4078
-5.2110
-6.8590
-12.2145
-11.9254
-7.9835
-4.7527
-7.1617
-10.5937
-10.7159
-10.3374
-9.5944
-12.0296
-10.9763
-5.5308
0.0294
2.6496
-14.3414
-13.2255
-16.7196
-27.0086
-32.8409
-24.1083
-20.4999
-1.7065
-1.5363
-15.0191
-16.6391
-20.8140
-12.7478

Coefficient 25:
0.0618
2.4769
5.9767
6.1388
6.0980
7.3873
-7.3880
-14.6089
-19.0198
-12.6355
-3.5082
-1.8912
1.0374
-0.1586
4.3257
7.2799
5.5270
-0.3239
-0.5632
-0.6263
7.3794
3.0473
-7.1548
-7.5762
-10.7280
-20.0917
-14.4416
-6.4989
-5.2319
-17.1027
-17.3323
-14.9917
-10.4503
-1.6037
1.2419
0.3639
4.0497
6.6738
6.5219
4.9403
4.1394
-2.0538
-8.6165
-12.4267
-16.6658
-17.2165
-8.2989
0.0121
3.0022
0.0463
-4.1134
-7.6348
-8.1350
-3.1015
4.0731
8.5566
2.3708
-3.1877
-8.5238
-16.5906
-19.9274
-17.1039
-12.2151
-2.8962
2.9103
3.2458
-1.2890
-0.8790
-0.1185
-0.3279
-1.4618
-0.9255
0.3282
-0.1440
-1.6920
-0.9971
1.5382
2.8067
-0.2994
-1.8715
1.9040
2.3959
-0.9674
-3.0279
-13.9447
-14.4784
-13.7853
-11.8342
-6.4251
-2.8547
-2.0191
-1.6799
3.3991
4.5944
2.6973
-3.5229
-5.0875
-0.1299
-1.6674
-0.2658
0.5813
-1.3739
-0.7684
0.5107
-0.7720
-0.7458
-0.6364
-0.5227
-0.4656
-0.9604
-0.8034
-0.9541
-0.7455
-0.7957
1.0009
2.5359
0.0209
1.0866
8.0539
12.4900
11.6201
11.7400
8.2439
3.9854
4.5777
4.4523
3.3853
0.1856
-0.4643
0.8739
-3.3541
-9.6109
-12.7673
-13.8095
-14.6777
-16.6412
-17.0301
-13.6657
-10.4639
-3.6447
-1.6985
-4.0958
-1.6198
2.2067
3.6819
3.8220
6.9868
3.9841
1.8281
2.0214
3.7492
-6.9807
-5.6537
-4.1080
-0.0985
3.4926
-2.2653
-4.5050
-0.4055
-0.5067
-9.7124
-14.8864
-23.1548
-25.2670
-18.8230
-14.5988
-17.5982
-13.3509
-10.5137
-8.4135
-8.7068
-8.2349
-5.8950
-12.0020
-12.5041
-8.4540
-14.6767
-13.2069
-15.4714
-16.3441
-12.4068
-11.4337
-6.5180
-4.0798
-7.3124
-5.6389
-0.2293
1.5572
-3.0110
-9.3641
-6.0065
-3.2037
-6.4894
-1.8748
-3.5793
4.1484
-11.0983
-14.4244
-11.4482
-13.4696
-14.5487
-13.1131
-13.4319
-12.5054
-11.0871
-14.2315
-11.9623
-12.7484
-12.8204
-6.4454
-9.6967
-7.4605
-7.7434
-9.5286
-8.7296
-7.8008
-5.9088
-4.4281
-4.0679
-2.9670
-9.5922
-14.4235
-14.7657
-17.4760
-9.8325
-6.9221
-6.4636
-7.9524
-7.2037
-5.0322
-3.0113
2.2342
1.4870
3.8573
2.4427
2.0152
0.0275
2.3585
-18.2861
-26.0978
-24.4799
-20.6926
-12.1766
-1.4781
2.8442
-1.2420
-14.6469
-11.2923
-5.7991
-6.3430
-7.4300
-9.4973
-7.8663
-3.9309
0.2732
-2.1693
-2.7560
-0.6418
2.0731
2.2103
4.1619
5.5318
2.9256
2.4312
6.1695
9.5913
5.5612
-1.5456
3.0651
5.5383
4.7670
2.3403
-1.6512
-0.6413
-0.1776
-2.2888
-5.4942
-7.4250
-12.4045
-19.0155
-18.6168
-18.0935
-15.6773
-12.0336
-14.5076
-16.0328
-9.3775
-7.8582
-3.0036
0.7306
-1.7061
-2.5585
-5.7997
-8.8568
-7.5493
-4.0733
2.2306
7.4981
6.7735
1.4058
-6.0469
-8.5343
-9.3367
-11.6507
-12.3205
-8.7121
-8.4762
-14.1609
-10.2350
-5.0441
-4.6115
-6.9325
0.3297
1.6365
0.4199
0.4395
-2.3692
-0.7618
2.1508
-1.6022
-3.6148
-3.5170
-0.4717
5.7902
9.8925
7.9360
3.5813
7.1731
2.8660
0.1406
5.6597
8.0634
2.8083
-0.6817
-2.9887
-2.9977
-3.9895
-4.6371
-6.4421
-6.1138
-0.3072
9.5684
7.5267
2.9536
-1.2360
-0.1222
-1.1036
-1.2699
-2.3660
0.5892
1.7906
-4.0849
-7.1439
-12.8791
-10.9989
-9.8676
-8.5805
-6.4386
-0.0239
-5.3682
-10.9469
-11.7797
-9.9194
-9.4486
-11.7657
-12.4313
-11.6092
-11.4533
-8.5559
-11.4016
-12.9993
-11.0135
-7.2546
1.1008
3.2776
2.0540
1.7864
0.2994
2.0772
0.3737
-0.3611
4.2184
7.2405
4.3267
2.2113
-1.7072
-3.2393
-1.3794
5.1559
9.2323
6.9801
4.8807
3.0908
-5.5053
-7.8424
-6.9381
-4.8568
-1.4945
-0.5656
1.5080
-0.1816
-1.9730
-0.7084
-0.9737
0.1427
-6.6284
-9.8001
-7.5155
-7.1604
-8.7420
-6.6981
-5.6133
-1.2441
-1.2437
-6.2046
-7.4978
-0.5366
5.8373
8.2949
7.1521
6.1635
-7.7873
-11.8428
-10.0470
-8.4938
-14.1797
-15.2471
-14.8103
10.6196
15.3936
2.0647
-5.6773
-4.2076
-7.3192
-12.5205
-15.3938
-15.8983
-12.6090
-8.6724
-7.6028
-9.1639
-10.1921
-11.3311
-11.7769
-10.0106
-13.9032
-15.5301
-3.3842
-1.0898
-5.3705
-5.3679
-7.5925
-6.5365
-1.8582
0.8069
2.1028
2.6264
1.3466
0.3798
-0.0342
-0.5401
-1.3113
2.8087
5.6128
5.1112
5.5784
3.1559
-0.8956
-4.6811
-9.2539
-9.7025
-10.0090
-15.1956
-13.6808
-8.3867
-3.8819
-7.7694
-9.7749
-12.6419
-12.4891
-12.5263
-10.2547
-8.4170
-9.2786
-11.6269
-12.6008
-7.4164
-2.3581
-0.4052
-3.7402
-11.1054
-13.4048
-10.0034
-7.1371
-6.9443
-1.5140
9.4847
3.4640
0.5497
-1.1694
-1.0515
-1.4732
-5.5076
-10.1162
-9.5118
-6.6471
-5.1590
-16.5507
-16.8488
-17.6987
-21.6883
-11.7579
-4.7550
-1.9222
1.8021
-2.0596
-2.1107
-1.0575
1.9219
3.8531
-1.7892
-5.1529
0.9493
0.3490
-0.1205
-3.1502
-4.9826
-4.6772
0.0724
3.5679
3.0375
3.7060
6.6920
5.2694
1.0879
5.7074
5.7372
4.8850
1.5600
-2.8466
-3.7356
-1.3791
9.2947
3.7620
-0.7849
0.2909
1.1909
0.5112
-1.5436
0.0135
-0.6714
-2.7732
-5.8201
-7.2972
-1.7969
3.8143
1.5310
-4.9732
-7.5622
-5.0238
-0.4546
2.9733
11.1520
8.4738
14.0376
19.6266
16.4694
3.3894
-2.2788
-4.4045
-7.6929
-12.1535
-9.5415
-8.8596
-7.2197
-3.7570
3.8189
4.0883
0.1570
-7.0450
-9.7156
-9.0507
-10.2931
-7.9965
-5.4257
-5.1711
-2.6595
-0.0078
-1.1716
-3.0906
-5.3710
-5.6960
-3.9167
-6.2872
-14.0186
-18.4523
-15.2017
-8.0774
-1.7146
10.4899
14.0446
10.6444
7.1800
-1.9950
-1.5015
0.1647
2.7602
0.7153
-0.9113
-4.6899
-2.5279
-2.1616
-2.3187
3.7194
0.0256
-2.9839
1.1763
-2.7845
-3.4977
-1.1306
-2.2099
-9.8709
-9.8194
-9.1505
-13.0406
-14.8733
-13.7838
-7.4715
-6.9410
-3.3271
-1.3046
-1.7502
-4.9216
-6.3821
-10.5482
-7.4667
-13.0384
-12.8687
-7.3336
-6.3671
-1.1199
2.2406
1.3803
-2.8457
-4.0080
-1.6108
-8.3243
-10.6269
-11.3941
-11.7248
-7.4548
-10.7853
-17.0161
-15.8987
-6.9702
-8.8861
-12.8040
-10.1334
-6.5681
-4.2379
1.9463
-2.3956
-3.6019
-2.8580
-0.5672
-0.1371
-3.2300
-4.3686
-2.9195
1.7819
-0.4698
1.5859
0.6540
3.2172
4.8797
4.2862
2.7323
-1.7415
1.8991
0.2316
3.5579
1.7012
-2.8956
-0.5668
-0.5078
-1.2441
-3.2446
-2.6366
0.5358
4.6172
6.5136
5.4711
2.3327
1.5081
2.3506
6.1853
11.8666
11.2609
7.2131
4.0501
-3.1985
-4.9058
-1.8887
-1.4056
-3.4379
-6.2225
-5.8731
-8.4365
-5.8465
-4.2810
-5.6249
-3.7714
-1.3575
-4.7917
0.3795
1.2365
-1.5638
-2.3379
0.3351
4.4819
6.0227
8.9398
9.6793
5.9476
6.5431
11.6009
10.1930
0.6528
-1.8366
0.3882
-0.3692
-3.8006
-5.2714
-1.2769
-0.2013
2.3746
0.7435
-1.8960
1.9741
2.8222
2.8136
3.3178
0.1339
-1.1821
0.8425
1.3644
0.7026
-1.6085
5.4991
5.6851
-6.8191
-12.2562
-14.1971
-13.9937
-13.9746
-11.6694
-9.7659
-12.3405
-9.7467
-10.6260
-7.4005
-4.1547
2.9515
5.0148
5.3244
4.6505
-0.8562
-3.1410
-7.5593
-7.7646
-8.0968
-8.4895
-8.8945
-12.6550
-8.0426
1.6430
7.3488
5.5436
-6.9577
-16.0818
-15.9883
-15.2490
-8.7544
-4.6614
-7.7718
-10.7822
-4.0695
-3.3991
-14.4563
-8.3162
-2.8995
-2.4254
-11.5437
-10.9118
-9.4306
-1.8071
-3.0017
-2.8283
1.1032
7.4625
6.8008
6.0808
5.8264
-5.1015
-5.5367
3.8942
-3.1436
-8.1394
-10.5914
-10.1915
-9.5377
-5.6445
-5.8922
-4.2309
-0.4366
-0.4707
-4.5256
-5.4008
-2.9987
-5.4931
-7.9211
-12.4933
-14.1537
-6.4485
-5.3256
-7.9623
-4.8548
-4.5900
-3.2009
-2.7461
-0.8462
-1.2873
-2.1198
-1.6170
4.0772
5.8373
11.7645
12.7441
5.9927
-0.6479
6.4117
-2.2148
-11.6279
-19.7829
-19.2586
-10.4038
-14.7627
-13.0083
-3.7256
-2.1691
-4.3510
-3.9137
6.7792
12.1094
12.1880
7.9543
4.2659
-0.9136
-8.3722
-8.0231
-1.4764
10.5532
15.6947
8.8787
6.1509
8.6482
6.0151
-1.1727
1.3240
1.0575
-4.0921
-8.7752
5.7953
6.5303
5.7243
5.6260
3.2614
2.4880
3.7871
-0.2975
6.5835
0.1475
-8.9657
-12.4587
-13.0822
-12.8591
-15.9695
-20.6529
-19.1597
-17.9493
-15.5478
-14.0358
-14.7148
-17.3778
-13.1416
-3.0772
-0.3745
3.8527
4.6515
9.0546
10.8811
9.4848
3.2933
-0.8112
3.1017
5.9955
5.2389
0.7294
-9.1033
-8.7426
-10.9105
-14.6475
-6.0183
4.4606
10.2273
3.0471
1.3292
2.3157
5.3137
1.7273
0.2411
3.1089
-2.2020
-10.8698
-8.1289
-4.6981
-5.3193
-2.5810
9.3626
14.5495
13.2195
10.0220
7.5597
8.9061
13.7191
11.7276
8.6804
-1.6487
-4.5995
-3.1623
-4.7890
-10.9643
-15.0001
-7.5710
-4.2338
-4.1117
0.4482
-0.0923
-7.3832
-11.5883
-14.4165
-10.5585
-6.4466
4.0079
4.9055
6.5997
5.5685
6.1767
7.9884
1.5596
18.0482
26.0278
15.9987
10.7636
6.1926
2.4023

Coefficient 26:
0.0477
6.9116
2.9541
-0.0602
-5.3412
-5.6836
-8.0792
-6.9069
-7.1561
-3.9902
-1.6050
-1.4791
0.9772
1.9275
4.1490
8.6121
7.9246
5.2740
1.0987
6.8790
6.6421
2.6779
2.8747
5.4782
2.3342
-2.4086
-1.4058
-6.9540
-15.4328
-11.4634
-5.6412
-8.7279
-8.2272
-6.2002
-0.8976
3.5582
-1.0285
-6.6372
-4.4544
1.8267
3.2594
7.1488
10.9914
11.1379
9.6545
2.3560
1.5672
2.0405
1.5280
-4.0088
-9.3829
-10.4248
-6.3000
1.8098
3.8008
3.6049
1.4381
-2.2652
-5.2735
-6.9659
-1.5649
6.0222
9.4174
6.0146
0.4642
-1.2547
-2.1367
-0.3658
0.3926
0.4368
-1.3711
-1.4006
0.5799
-0.7020
-1.6117
-1.0240
1.5442
2.3187
-0.0092
-1.6867
1.0196
2.2086
0.2203
-2.4150
4.6575
9.1201
13.5873
14.4933
9.5836
4.4275
-0.3172
-4.4987
-0.6706
1.3969
-3.9970
-9.1952
-12.3245
-2.6774
-1.3970
-4.1706
-3.1635
-2.2349
-2.0735
-0.0918
-1.2305
-0.8314
-0.1438
1.2791
1.0828
0.0903
0.9809
-0.0253
0.4988
1.3635
2.5837
3.0057
-0.9773
-2.0068
-2.0452
-4.9246
-3.0912
0.7871
-3.5696
-2.3726
2.8993
1.9304
0.1049
-1.6572
-0.7430
0.2408
-2.0346
-5.4003
-6.6124
-5.1216
-4.8079
-5.6774
-5.7737
-4.3405
-1.4834
2.6984
3.7607
2.4797
2.4090
3.3138
4.3231
4.7920
5.5307
1.7696
0.8728
3.7626
10.3740
21.7192
15.7707
11.9757
10.3893
8.1862
7.1083
3.7760
3.5908
0.9342
0.2538
-0.2489
3.3444
-0.3429
-7.8427
-5.1307
2.9692
5.0631
-1.3009
-7.2796
-7.4367
-4.0939
-8.3118
-2.9217
2.4058
-1.2818
-10.0183
-3.2212
-2.7119
-6.0424
-8.9965
-6.4405
-0.7888
-0.3511
-6.0180
-1.3788
2.0099
2.0021
2.3731
-3.5574
-2.9001
-6.7204
-5.4730
-3.1626
-5.3652
-4.9492
-0.5638
0.1484
1.7054
2.3503
0.2279
-3.5495
0.6566
1.0796
0.1450
-1.5223
-1.4330
-0.6981
2.4986
8.5533
7.3509
8.1404
9.6957
9.1000
10.5730
15.2849
11.6765
11.1270
6.4567
3.5541
-6.3517
-6.1047
-2.6429
3.4994
2.3599
1.6785
6.8297
9.8335
10.2641
5.9215
2.8620
-1.1786
-4.1906
-3.6711
-3.2537
2.1677
-1.1425
-1.1411
1.6230
8.7532
9.8144
4.6882
-6.9241
-5.7202
-2.8553
-6.7222
-7.5012
2.3034
0.6370
-4.2820
-6.6058
-8.9922
-10.7492
-10.6954
-6.0116
-4.8425
-4.3793
-3.6128
-2.9201
-5.6541
-5.8089
-5.7025
-2.8619
-7.3837
-3.7818
-1.9281
-3.1692
-6.5358
-3.7867
-4.1222
-6.4142
-6.5596
-5.8449
-3.5300
-3.4782
-4.2991
-2.6604
-1.2052
5.8694
2.8774
1.7289
7.3951
9.2497
6.7676
2.3592
4.0006
3.9091
3.2323
3.1598
1.1690
-3.6376
-1.1345
7.4052
7.2012
8.8592
9.7632
9.4025
9.7887
7.6281
1.5822
-2.0627
-4.5363
-9.0091
-9.1523
-6.1220
-1.5604
-1.3208
-3.9432
0.3601
-6.5222
-18.9298
-14.3519
-8.5057
-7.2783
-6.3383
-5.2714
-3.0526
0.3116
2.9005
0.9057
-3.4358
-3.2010
0.4389
-6.6095
-7.8917
-7.1425
1.8688
9.4098
11.2748
5.4402
4.7574
6.0467
4.3410
1.4933
2.4387
5.5574
6.9923
5.7954
-0.3510
-4.8464
3.4116
15.3969
16.7429
14.3034
8.4241
5.2759
1.1767
6.3179
4.4893
4.8513
2.6156
-1.1883
6.2096
6.1452
6.6139
5.4889
4.0491
5.0849
6.7310
-4.3011
-11.8227
-12.7719
-8.8456
-9.3563
-5.2630
-0.5827
-3.0301
-3.0697
0.4554
3.6439
-2.6620
-8.4948
-9.8690
-9.4201
-4.6122
1.7782
-1.6922
-1.4664
0.5832
3.6343
2.7371
-0.7225
-1.9627
-2.9746
-3.5936
-3.6181
-3.1604
-2.6410
-3.1261
-11.3048
-14.9205
-16.8068
-20.0888
-17.5868
-5.5730
-0.6212
0.4819
3.7898
4.9649
1.1956
-3.3972
-2.9450
-0.0917
-0.6041
-1.8438
0.1196
-1.0323
-4.3592
-1.8683
-5.0854
-9.5232
-12.1494
-8.4281
-13.1460
-13.9585
-17.7619
-13.5819
-6.6919
-3.3214
3.4414
3.9259
10.8104
12.1916
15.3175
17.2902
12.0122
6.6263
-4.6320
-0.3195
21.2292
12.8614
-2.9410
-3.1853
-3.1332
-5.6101
-7.8189
-8.3592
-9.1243
-4.9937
-4.1140
-5.5636
-3.2429
-1.3235
-6.2763
-5.9580
-5.7716
-4.8299
-7.0638
-6.6281
-4.6832
-0.4402
-2.9863
-4.0844
-1.0101
0.5353
2.1991
2.8821
1.1735
0.8607
0.1191
-2.3038
-2.0892
0.7900
0.9546
2.1563
3.0383
2.5592
0.0604
-3.8153
-3.7747
-4.2856
-5.1789
-5.3201
-2.2845
5.6619
8.5994
7.0445
8.8259
5.1224
1.8631
3.2872
3.8986
-0.0320
-3.3378
-9.4299
-3.2790
8.3783
14.4914
16.3114
18.9635
19.7820
13.8575
7.0721
2.9537
-0.6067
5.7945
12.4386
7.1896
6.7619
0.4736
-4.2381
-10.2935
-15.6480
-11.5491
-1.6761
1.2973
-6.2421
-9.1346
-7.0383
-3.0953
-0.3609
2.9046
-0.3481
0.8316
2.6014
3.7709
0.9601
-1.7179
-4.1836
-1.8945
-4.2963
-2.6543
-0.3823
-3.6459
-3.9336
-3.8847
-4.4988
-7.2172
2.4675
3.5584
-2.6854
-8.4739
-8.0682
-6.2747
-3.5140
-3.6722
-9.5819
-12.3862
-13.4830
-14.1925
-17.8200
-7.4902
10.2712
4.6345
-8.9112
-7.9147
-0.7329
3.4405
3.1216
3.7008
-1.4909
-2.1364
-0.4484
-2.0609
-3.2931
-2.7442
-7.4118
-7.5415
0.3727
2.2751
1.8577
-4.8813
-7.2650
-6.8934
-13.2718
-9.8159
-4.8715
-2.4253
-1.7700
-3.8821
-8.0000
-10.6344
-7.6004
-7.9195
-8.7743
-6.3522
0.7391
0.4860
-2.5283
-8.2071
-11.0244
-9.4954
-7.6424
-3.9525
-2.5646
-3.9641
-1.8997
1.4678
-1.6027
5.4706
5.2789
7.6432
3.2769
-2.5740
-1.5137
-3.9081
-2.0474
0.9633
-1.8469
-3.0175
4.7423
7.2752
7.9284
10.0276
11.4799
9.1212
5.7544
-4.1107
0.6401
-0.2850
-0.7914
-5.3291
-5.7469
-0.0187
-2.9511
-7.2832
-6.1783
-10.5641
-12.7201
-8.6694
-5.0664
-10.6040
-3.8502
-1.9347
-0.7604
0.5308
-1.4282
-8.0128
-5.4065
-1.9501
-1.0586
1.4352
0.1080
1.1598
-4.7493
-4.9314
-8.3192
-6.5836
-0.6936
-2.6713
-1.3312
-0.0509
-1.6678
-5.9314
-3.2264
0.1668
-4.4803
-7.1173
-7.1071
-8.7205
-4.9150
-5.8227
-12.1565
-11.4314
-4.5159
0.8647
0.9631
0.6289
-1.4358
0.3186
2.1426
-1.6912
-2.3802
-2.3229
-1.8750
-3.5629
-7.5858
-10.4817
-6.4331
-0.2638
-0.7322
2.9198
2.6091
1.7226
4.7797
4.6035
0.6218
-2.9887
-0.4308
1.2432
4.2024
1.2974
-1.0203
1.4279
1.5257
0.5454
2.2617
3.0013
2.8534
5.7565
7.7297
5.4001
2.5233
3.0158
2.3211
5.3446
7.6649
3.6954
0.3734
-0.0911
-3.5117
-4.1082
-4.2934
-3.8160
-5.2152
-7.0928
-5.5074
-5.1809
-3.4185
-1.4584
-4.3815
-2.6870
0.3943
0.2043
0.9734
-1.3038
-3.3543
-4.0502
-3.8710
-3.0593
0.7371
7.9875
10.9029
5.2864
0.3393
2.4916
3.0080
-2.1724
-3.4906
-1.2347
2.1129
1.1535
-1.8299
-1.0625
-1.9523
-0.2564
0.9064
1.3409
3.5988
2.4957
1.8987
1.9562
-1.3990
-3.1280
0.7297
3.3723
1.5913
-1.0479
-0.5238
-3.8005
-0.8107
7.7388
10.9451
7.2899
7.5143
10.6126
15.6690
13.7818
12.5077
14.2127
16.1485
8.2717
6.3214
7.2561
6.4674
1.7891
-4.0546
-5.1480
-2.7487
-0.7295
-3.2680
-4.2253
-1.5601
-0.3021
4.8552
9.8576
16.8211
8.9862
-6.1838
-11.9638
-9.5585
-2.5002
2.5129
1.9134
-3.4256
-6.9463
-0.4778
-12.5649
-0.1414
2.6017
1.6798
9.1523
7.8484
4.8785
1.1754
1.3390
3.9748
4.8883
3.1044
0.9599
-2.0651
-1.5164
0.0386
1.1593
-2.1386
-3.5577
-5.6551
0.5233
1.0113
1.2086
-3.9056
-3.6397
-5.9987
-4.1914
8.1823
12.3048
9.7250
4.0732
3.6605
9.8201
12.3704
14.5702
9.6890
7.0945
5.6249
5.1482
7.2446
10.9941
14.1599
9.9019
9.7526
9.3457
9.1513
8.6890
10.6774
7.1766
4.4611
1.1659
-1.6900
-4.9149
0.1449
14.5223
19.6313
14.8933
8.7796
5.2765
3.5974
13.7161
23.4743
19.3194
10.0713
3.7457
7.3828
10.0712
15.2259
10.6173
0.6163
-1.6046
-1.6578
-3.3949
-1.6240
-2.6085
-5.1741
-11.2230
-14.0416
-13.1115
-5.2589
-3.0219
-3.4841
-1.6550
-3.6764
-8.4563
-1.7342
-0.0191
1.0363
0.8070
-4.4443
-8.3544
-10.8018
-13.0051
-0.0692
-3.1581
-3.6695
1.6549
4.4444
5.8818
5.3653
2.4403
3.8451
6.3506
5.8420
6.0000
5.0899
4.5799
1.3768
0.8779
2.4465
8.8011
11.7764
10.1004
5.9566
3.8961
2.3899
1.3319
2.8660
0.7783
-0.1658
-0.4051
-6.7803
-2.7250
0.0231
0.6125
-0.4863
-12.4092
-8.0593
-9.5622
-14.0213
-9.7672
0.1809
2.2648
8.5494
15.7158
20.9276
16.8419
14.2907
14.4104
12.8250
5.9409
4.3231
-6.6476
-8.7863
-15.8518
-20.8478
-15.1095
-17.3597
-15.3099
-7.5911
-9.0051
-7.0850
-4.5348
-1.9524
2.3804
-0.3075
-6.8198
-13.3045
-9.8951
-7.0249
-0.9357
2.5212
4.4822
5.3882
0.4591
-2.7973
-4.8599
-14.8988
-20.4349
-13.1949
-5.5822
-9.3480
-11.9554
-6.2260
0.9911
-8.3274
-20.6572
-15.2048
-6.0091

Coefficient 27:
0.0298
9.3230
10.1672
7.2196
5.2380
5.6900
5.2128
2.0590
-0.1476
-0.0946
1.8253
2.6355
4.4698
9.6518
7.7443
2.1834
-0.1664
0.0153
2.8942
1.8300
-1.9561
-0.8983
-1.9653
0.1242
2.6047
6.5172
14.5867
15.7501
4.5258
9.2494
6.7349
1.9153
1.4857
3.3163
-1.4638
-6.1356
-8.4919
-7.0596
-7.1005
-3.4649
1.3286
8.8124
2.3878
0.2924
-0.3740
0.8646
8.0429
16.2754
14.5455
7.0469
7.2885
2.0851
-4.9239
-4.0598
6.0818
12.8908
12.3646
9.3914
11.4926
5.5624
-1.6315
-4.2446
-1.0337
-2.0131
-4.9670
-0.7337
-1.5865
-0.5790
0.8835
0.7538
-1.3279
-1.6594
-0.5202
-2.0494
-2.1307
-1.1589
1.4461
1.7035
0.2060
-1.5021
0.2344
2.1307
0.9998
0.1660
0.5541
-2.5774
-4.6200
-4.8680
-2.7327
-2.8170
-5.8296
-5.3854
-6.4690
-11.6290
-13.4588
-6.4843
3.3390
4.0216
-1.2488
0.9624
3.3542
1.8775
-0.7076
-0.6507
-1.5155
-0.6923
0.3543
2.4776
1.4033
0.2754
1.1071
0.3173
0.7287
2.2764
3.1695
3.0198
-1.6763
-4.1865
-8.2502
-13.8828
-9.8262
-0.5787
0.5181
1.7326
0.4712
-3.6249
-6.6774
-6.1015
-1.5643
-0.6832
-1.5897
1.8874
6.5795
6.3685
4.6161
2.7738
5.9222
6.7888
5.4585
4.5569
5.4925
5.4538
4.0810
3.1403
3.5147
2.9947
0.3629
-2.3872
-0.6100
-1.6941
-4.0061
-6.9356
-2.1473
-2.6718
-6.0414
-8.4257
-0.2044
-2.7825
0.2908
2.5732
-3.6979
-12.0625
-21.1555
-17.2716
-15.3213
-14.6195
-1.0085
2.5039
0.2765
-2.4859
-7.5527
-2.1065
2.4448
-2.6877
1.1270
-5.7152
-12.4537
-4.4872
-1.1862
-2.0523
-3.2248
-7.0245
-5.6010
-5.1022
-4.1650
4.4439
7.8739
3.5110
1.0005
-0.2123
-1.0699
1.1833
1.6871
1.6442
-2.1667
-7.4365
-9.5403
-7.3692
-3.0853
-1.7259
-0.3660
-0.4828
0.6834
-3.3035
-3.3775
1.2836
-5.5140
-6.8636
-1.9844
-4.4012
0.9057
3.3284
0.4764
2.2195
0.8929
-2.7973
0.9632
3.0919
0.7442
-2.1987
-2.0328
-1.9237
0.5013
-3.0232
-3.1525
0.6302
13.3326
14.1146
13.7484
11.2143
11.1363
11.6042
8.5917
2.4650
-1.4694
1.6811
-0.5585
5.7750
6.7395
-4.5960
-5.5777
-4.5667
-6.5711
-6.3288
-5.2184
-6.2083
3.7018
9.0798
4.8917
6.1519
4.2308
-1.7092
-7.7544
-10.4427
-6.2894
-4.2667
-5.1094
-8.9101
-10.7281
-11.6267
-7.2809
-2.5604
-1.2435
-2.7914
-0.3937
2.1270
-1.7478
-4.2679
-4.4483
-7.2266
-9.9115
-9.9697
-9.6698
-7.5461
-4.4162
-4.1970
-2.2501
-9.2098
-0.9107
-1.2230
-5.2206
-7.3023
-7.6080
-9.0696
-9.7209
-8.6554
-6.1806
-0.9137
7.8341
11.3663
11.2616
7.4265
2.5899
5.3812
11.6536
8.3301
4.9752
2.6297
-2.0728
9.1009
14.5547
11.7369
11.3025
10.3070
10.4120
11.8482
12.6461
11.2506
9.4068
13.4392
8.1084
6.5105
8.2010
13.1304
11.3590
5.5503
1.5724
1.0566
3.1177
2.3735
-3.4786
-1.5274
2.3614
8.6612
9.0679
6.0547
-4.5964
-4.6308
-1.7318
-7.0952
-8.1283
-2.7679
-0.6582
2.4968
4.2418
6.7904
11.4374
13.9758
16.4808
13.7676
10.0479
16.4040
18.8813
17.8807
12.6361
3.8502
-1.9725
7.4788
9.6122
6.8374
1.5329
4.8438
9.6149
4.6460
7.2870
9.0214
9.9302
4.7474
-0.2725
-2.2169
-9.2299
-14.1893
-15.9006
-18.0195
-19.0227
-13.7578
-9.8395
-6.3552
-4.8472
-3.0532
-8.1847
-3.9634
4.4545
7.2476
7.2238
7.3728
1.1708
-0.0786
7.5702
9.6043
2.5900
-7.0029
-8.6592
-14.8717
-8.9561
-2.0670
1.0961
5.4011
7.7512
1.3720
-3.3017
0.0980
-1.5806
1.1149
10.1780
4.4046
-1.5568
-2.5668
2.3898
1.8259
1.0287
2.1408
4.0013
7.8471
8.8526
4.9340
7.3621
4.9233
5.3286
4.8838
2.8516
5.3382
7.1911
3.5239
2.0831
-1.1392
-0.8612
-3.0346
-3.1519
2.6235
1.7485
-1.8723
3.8202
18.7201
24.8134
7.6041
-5.4167
-10.3873
-7.7643
19.4345
18.2718
-4.9563
-10.2447
-5.0704
-0.9181
-0.5409
0.0318
-1.2139
2.0343
6.0653
4.4733
4.4323
0.8225
-6.7202
-7.5698
-3.9221
3.4873
10.2010
5.3126
2.2913
2.2192
0.1078
-2.0352
-1.0614
-0.1240
1.7081
2.7914
0.6009
-0.7594
-1.9735
-3.1364
-0.7050
0.5230
-2.1392
-3.0286
-1.4376
-1.3900
-1.6542
-1.3228
1.9079
1.9746
4.6828
4.2174
-0.4884
-2.2644
0.9756
2.7502
2.6795
-3.7799
-13.2507
-16.3513
-15.0070
-14.8066
-14.4182
-17.3624
-15.1362
-9.7171
-11.2990
-9.1814
-6.7243
-2.4076
0.8864
2.6423
0.4382
-3.6917
-4.5608
1.3110
4.8989
1.6509
2.8373
4.0521
3.9612
-0.7635
-6.5890
-4.4344
-1.9621
-2.9488
-1.9150
-2.7911
1.0403
2.3819
0.4741
3.2781
7.1749
10.1183
10.8649
11.0318
9.0944
4.9703
9.1411
8.3883
4.4502
4.0657
3.7351
-0.2673
-3.5450
-2.2917
0.8804
6.6647
9.9885
8.9046
5.8035
-0.6591
-0.0876
3.9535
3.2831
2.5528
5.7558
6.9701
5.9002
3.5105
8.5839
10.9338
14.9795
20.6501
15.0616
2.9198
-3.1031
-4.7393
-2.5420
-5.2068
-0.0816
1.4374
7.4705
9.2111
6.0187
1.9656
1.6633
0.2104
3.0893
4.9195
3.2862
7.8623
7.6104
10.8799
18.2338
18.7809
6.8258
-0.4968
-3.0706
-6.7636
-7.5015
-1.1992
-1.4409
-5.5008
-5.4072
-1.9053
-2.4029
-4.8040
-7.3409
-8.7007
-6.3056
-4.0694
0.0886
0.3655
-0.1730
1.4900
1.9635
3.2404
7.6950
4.0155
0.9860
0.3295
2.8202
15.8762
7.3825
-2.9033
-1.6220
2.8749
-0.8617
2.6711
5.0649
7.8314
13.3963
16.0302
12.4711
5.0738
0.2248
13.2429
19.8796
21.1892
14.5224
7.6791
-0.6533
2.7124
8.3207
8.5204
11.5937
11.0946
6.4578
1.9121
-5.8568
2.5935
11.3272
15.4206
18.0545
18.8827
21.4380
29.5807
22.0513
10.2760
4.2015
1.3733
1.2100
-4.2491
-5.7791
-1.0525
3.9739
8.6542
5.3014
-0.5163
1.0674
0.0729
-0.3503
0.9219
2.0548
0.7255
0.9520
0.8218
-2.9633
0.1254
1.8979
-3.8481
-3.8786
0.0675
2.5257
0.8360
-1.3700
-1.8485
2.4322
2.7561
0.3214
-1.3322
-1.8485
-3.2851
-6.3403
-10.4580
-12.6697
-7.1702
-1.1496
-1.9166
-3.0711
-7.9397
-9.8912
-4.8781
-4.4282
-10.8307
-14.0873
-10.3328
-3.0555
1.2991
-1.1233
-3.1576
0.4382
1.7749
1.9022
2.5110
4.5103
3.8405
5.9877
5.5251
3.7441
2.9041
3.3245
1.4432
4.2198
3.7099
1.5828
-0.6254
-0.1550
-0.3714
-0.5766
-0.9221
-1.6678
-3.1057
-5.9480
-5.9638
-5.5071
-1.8574
-1.3279
-4.7389
-9.9781
-9.0946
-3.8561
1.0140
3.2908
4.7099
1.9310
5.1892
8.0866
10.7465
11.4380
7.4303
-0.0312
-1.1157
6.1598
5.5377
0.1170
0.1561
3.0221
3.5131
0.8615
-2.5707
0.5076
0.1736
0.5020
2.2706
1.4790
2.4090
0.9097
1.1582
0.8345
-1.3715
-4.0534
-1.3061
1.8768
0.6241
-0.4389
-2.8631
-0.9769
5.6983
-2.7894
-13.7201
-17.7972
-11.3460
-4.6788
-6.8139
-1.8266
4.2289
6.7559
8.6402
7.9714
7.4527
8.8532
6.2160
4.4137
2.7195
8.1499
11.4738
9.9660
8.7234
9.7099
12.8462
12.2416
3.4592
1.2149
2.9536
0.8433
-1.2620
-7.4776
-7.5493
-0.5958
0.3609
-2.7636
-3.5472
-3.9889
2.7664
2.2229
-2.2681
-2.1686
-6.7001
1.6722
2.9090
5.4788
6.0779
6.6429
7.5706
8.6433
8.1542
5.2390
2.5284
3.4582
1.0926
0.2500
-3.1407
-10.6816
-1.6654
7.2192
5.5165
2.9694
3.9643
-8.5805
-11.5299
-6.2781
1.8832
8.8195
9.0439
4.7276
8.7625
11.3878
11.0555
1.2516
-5.5427
-10.1164
-3.8186
3.8404
2.3284
0.6255
3.1356
0.4400
0.2806
0.7918
1.5287
7.6695
6.5026
5.3473
11.0522
17.8169
16.1716
12.6664
10.9359
7.1576
1.7332
-3.5502
-9.9840
-17.0903
-20.4143
-10.1670
5.3931
4.7641
2.3315
-4.2154
-5.9382
0.2322
4.8234
-1.3650
-0.0830
5.7643
6.7462
9.9364
10.9110
11.1065
5.6542
-1.5631
-7.0884
-6.0970
0.3208
6.0246
4.1926
5.0448
4.0250
0.4036
4.7213
3.3844
7.1243
11.5564
12.1756
12.2375
10.5691
10.7743
23.8204
32.3553
25.5947
13.7721
4.6985
0.6684
-2.8444
-7.8451
-3.9303
-2.3941
-0.2239
-1.8399
-0.1057
1.8639
1.3378
-1.3735
0.9496
2.0356
1.7094
0.5337
-2.3688
-1.6048
-0.5162
3.6891
5.4155
-4.2438
-10.9305
-10.1700
-5.4631
-4.4289
-4.5360
-8.5328
-13.4622
-4.1830
1.8967
12.0905
8.5561
6.5380
5.9644
2.1567
8.7352
12.1661
18.8445
20.6366
19.6862
16.3899
9.4765
0.9177
-1.1383
-2.5723
0.7990
-0.4940
-3.6724
-11.5375
-19.0404
-18.7812
-16.0033
-10.9759
-10.3014
-2.9752
1.6545
5.7936
1.9702
4.1271
4.8625
11.3391
9.6202
5.7135
6.8960
10.1679
12.9331
4.7975
2.4123
12.5921
15.7441
20.4757
21.0571
11.9522
1.4876
-1.0720
2.8215
16.5468
31.1244
19.5846
12.4596
2.5390

Coefficient 28:
0.0095
3.5752
8.5384
10.8937
6.7701
-4.0645
-2.0142
1.9481
6.2921
9.0065
9.6802
6.8963
4.4086
7.8005
21.3821
29.2175
25.7837
15.1709
5.9502
-1.2276
-1.3878
5.6432
8.3149
8.8832
4.5862
1.8912
-3.1966
-11.5985
-5.5549
4.4345
5.0697
4.8472
10.8951
24.9651
26.9459
22.3484
19.6883
17.1327
12.9646
8.1208
3.4712
9.5998
20.8511
21.5898
15.0561
8.7699
-3.3678
-3.0957
-2.7610
-1.3472
0.8396
6.1872
0.3525
1.5460
1.7940
-0.3178
-3.4343
-3.0098
-7.2978
-6.8565
0.1106
3.9961
1.1281
-0.7354
-2.6747
1.7077
-0.7644
-1.6537
0.9799
0.5554
-1.2288
-1.4286
-0.3265
-3.0796
-2.8809
-1.2851
1.2660
1.3562
0.0699
-1.4524
-0.3458
2.3055
0.6240
0.8291
2.6552
-1.1201
-3.3046
-7.1044
-14.0377
-15.2064
-14.8333
-15.5457
-12.2874
-5.9091
-6.1919
-9.2923
-5.7993
-4.0118
-0.7917
-2.4180
-0.1634
0.1889
-1.1066
-1.3726
-1.6600
-0.7893
0.6979
2.4926
0.4099
-0.4357
0.6375
0.5355
0.3841
1.6299
2.2030
2.1145
-2.0023
-3.4949
-4.6869
-1.7795
-1.3331
3.4534
5.7495
0.8685
-3.0190
-2.4037
-4.3311
-6.8100
-3.0709
-2.2770
-2.1822
1.7877
7.0099
5.9301
2.5803
-0.1632
1.8904
2.9498
3.0096
2.9659
3.2914
3.9751
3.3901
2.0796
2.1516
-0.2736
-4.1559
-5.5602
-2.6671
-0.3356
11.1101
16.2997
13.2141
8.8120
5.9529
2.3705
7.2737
2.7636
1.5451
2.3099
0.9492
-3.3679
-3.6029
-7.8847
-4.2368
-6.0076
12.0984
16.7197
8.1310
1.3378
-0.4036
-1.8328
-1.4727
5.5971
-0.5286
0.2787
1.4403
5.1542
3.4133
-1.8931
-0.2283
0.0417
12.6657
16.2656
15.1961
9.2893
3.7899
1.9065
0.6940
1.2329
1.1103
1.2388
4.9260
5.0610
1.1789
-6.7096
1.3051
0.8003
3.7343
2.0437
9.1480
3.3205
4.1775
2.5212
-2.3783
-6.0435
-4.9476
0.6682
-1.4538
1.0682
-0.7171
-0.6401
-0.5467
4.4116
6.8252
0.8165
4.8192
3.5311
-0.7944
-3.4990
0.2332
0.4093
-2.2529
-0.4579
-8.4674
-6.5173
5.4088
7.3937
3.1441
3.5498
6.5444
14.0945
9.3344
-2.3151
-10.4070
-4.3973
-0.5077
9.7196
9.8591
9.5304
12.4818
12.8370
10.5242
2.3617
-1.1317
-2.8256
2.1120
5.0576
3.3866
4.7011
5.6382
5.4235
-0.0374
-7.5057
-5.3420
-2.4823
-4.5537
-1.1548
1.9997
-0.2132
0.6690
-2.4230
-3.0625
-5.2131
-6.6839
-6.0162
-7.5305
-4.6503
-0.7173
-0.7581
-1.8331
-2.7945
-4.8368
-5.3342
-3.3933
-4.5228
-7.2717
-4.4495
-8.5880
-2.8822
-0.9345
-0.1909
-1.5687
-4.4220
-2.9684
0.1947
-2.8709
-3.8029
-1.9182
-1.5397
-0.3941
-3.0341
-5.1960
-2.9658
2.6458
-0.3215
-3.3916
-5.5031
-7.9636
-1.8392
-0.3527
-2.1928
-4.1035
-4.5124
-5.9554
-6.9682
-5.8706
-2.7237
0.6371
0.6222
-4.8307
-1.3298
-4.1236
-2.4668
-2.6216
-2.2315
0.2238
1.4198
3.0506
2.7251
-3.2848
-0.0132
3.2193
-1.7575
-4.3935
-4.7125
-2.5528
4.2836
5.6791
5.7694
6.0967
3.5029
-2.1809
2.3088
1.1146
-2.5681
1.5932
7.4665
9.1332
7.8961
6.1654
4.7074
2.1616
2.6863
3.1772
-0.6110
-1.6821
7.5967
13.1052
11.7483
8.4961
11.9039
8.9319
2.0651
2.1393
4.5994
5.9968
3.0304
1.3715
7.7586
9.3017
2.8042
-3.0587
-5.3011
-1.5852
3.6297
2.1780
-2.4422
1.7718
6.2260
3.6107
-2.2058
-5.5920
-7.8667
-6.1949
3.4385
4.2821
-1.1417
4.5206
11.5854
7.1848
3.3852
5.4939
2.1800
7.8055
10.2906
9.1603
9.2836
6.6808
6.2210
11.1817
7.5998
5.8129
11.1365
7.4886
-2.0860
-5.2016
2.3663
11.8226
7.6362
5.4778
6.3563
2.8178
-8.3474
-1.0157
7.5181
11.2845
12.0349
8.1215
-0.9956
-0.3873
2.9286
3.4750
2.6270
3.1611
4.4877
4.8754
-0.1940
-1.4289
2.9843
1.0327
11.5522
24.3343
36.6380
37.0992
18.5312
16.4228
20.0302
3.7184
17.5568
24.3722
9.5587
3.7119
4.2296
2.2606
-2.1043
2.2842
-0.7366
0.6198
5.1306
3.3350
2.2769
2.4501
4.9435
6.2241
4.6664
2.1928
-3.8841
-11.7685
-7.6889
-3.4715
-3.1424
-1.3452
-0.2375
-0.8804
1.9213
2.6270
-0.0206
-0.5319
-0.8534
-4.0667
-0.5032
0.1579
-3.7849
-3.4888
-2.2634
-1.6984
-0.1339
0.9385
4.5661
3.6680
3.7309
-3.9970
-11.4830
-14.4827
-16.0953
-17.1731
-23.3298
-27.3782
-30.8988
-29.6062
-28.8500
-27.0675
-22.0573
-19.5251
-20.5294
-25.4665
-25.4754
-17.1092
-15.9184
-16.4534
-10.1567
2.5828
5.5000
4.5046
0.4564
5.3905
9.2752
7.4250
6.1792
-0.0249
-6.8637
-10.8636
-15.4360
-15.9822
-10.6738
-9.1025
-3.0261
4.3669
6.7888
5.8646
4.1902
5.0331
3.9172
4.8951
7.6109
3.1561
-1.5960
-1.8720
-1.7160
-4.5116
-5.7595
-0.6189
4.3385
7.3669
10.4262
13.0471
9.1623
11.2089
12.3544
7.5244
6.7093
10.8834
10.1286
12.3789
9.1202
3.0463
3.1992
2.8102
-1.4054
-0.3172
4.3563
1.1268
6.8455
4.6655
2.0430
-1.6006
2.0511
-0.2251
-1.7711
4.2605
11.7795
9.8118
8.1066
5.6368
5.9938
4.1893
4.3689
-4.8531
-9.3704
-12.2908
-11.9511
-3.1696
2.9927
-4.1079
-0.8373
2.6428
2.8086
0.5894
-1.8978
-6.4136
-8.4695
-1.1517
0.0588
-2.4843
-1.4445
-1.3373
-2.9385
-4.9295
-4.5912
-3.6355
-1.0702
-0.9512
-1.5949
-2.8726
-4.6764
-1.1466
0.0211
7.3150
3.1868
3.6423
1.2968
0.2966
0.1146
0.9522
-1.4916
-2.9479
-4.4471
-0.2308
5.7673
0.3321
0.8070
2.0166
4.9354
1.9277
0.6401
1.4160
6.4137
10.7958
11.8363
12.6730
14.7164
14.6602
0.8634
6.3357
9.7114
5.9981
10.1241
9.6181
9.1782
8.7396
7.9170
4.2145
1.2579
-0.2384
-1.0439
-1.4176
-3.8363
-1.6772
-1.0045
-4.5875
-8.8227
-7.5382
-4.6097
-4.5407
1.1285
8.2447
10.2091
11.8775
10.1139
5.8895
5.2851
1.1531
0.1132
1.4047
4.2588
3.6922
2.6562
4.6909
2.8253
5.3279
8.1834
2.7037
1.7565
3.4976
0.6568
1.3048
2.5655
-2.2787
1.3710
2.1264
1.1881
-0.6543
-0.9201
-4.3991
-7.9925
-11.0721
-9.8000
-3.4981
0.7746
0.2325
-3.5663
-11.3541
-12.3682
-5.7059
-6.0758
-11.6768
-13.2751
-11.2113
-4.1492
-2.4318
-6.8004
-9.9090
-7.8990
-6.8864
-3.8874
-2.3765
2.2291
2.0394
2.6393
1.6125
-1.2653
-0.2258
2.4915
-0.4329
-0.3750
-3.3978
-6.7438
-6.0271
-2.3696
-1.1240
-1.1440
-1.8858
-3.2157
-2.4839
-3.7220
-5.7596
-6.2735
-4.0393
-1.1336
-2.0274
-4.1468
2.9100
8.1533
10.1419
12.6845
9.8974
5.5114
7.0068
4.9891
-2.0942
-4.0177
-5.8399
-11.2832
-12.4002
-4.8188
-0.8509
-1.6527
0.6508
0.4259
0.2619
0.2196
-0.7997
-1.0295
-1.3429
0.3215
1.0518
-1.7265
0.6672
-1.8511
-3.0372
-2.6897
-3.0902
-5.6338
-4.6001
-3.2987
-2.8196
-4.9801
-2.9142
6.1499
2.1494
0.3305
-4.6937
-5.8313
2.6769
11.0333
8.1417
4.0593
5.5610
1.1267
-3.0592
-6.7654
-5.9210
0.5368
3.8754
6.2928
1.4064
7.8702
9.8071
10.3067
7.6096
4.9071
-0.0521
-6.2609
-2.1368
-0.3759
5.6375
8.5645
4.6491
0.0254
-1.8433
-0.1707
0.2642
-1.1010
-2.9082
-2.8052
4.1826
-4.7359
6.5956
8.2580
8.3821
6.1304
4.3849
2.3726
2.0065
-1.3845
-3.5494
-4.4097
1.2014
2.5389
-5.4380
-12.7909
-13.6900
-9.6875
-9.5529
-8.1864
-0.4382
1.0447
0.7373
2.3378
4.2367
6.7338
4.7000
6.9524
8.2387
6.0581
3.5593
2.9355
8.2926
6.1406
5.7629
10.7758
10.7209
7.8593
12.9084
9.6584
10.1415
10.2481
9.2193
7.5177
6.4195
8.8198
10.6701
15.0236
13.1921
7.3208
7.2695
3.3078
-0.2201
2.1989
9.4496
13.6198
6.6752
7.1304
7.2112
3.2492
1.4289
4.6379
14.7867
12.3088
8.7498
6.7351
8.5739
14.4334
21.1749
20.6325
14.1507
9.7492
1.9455
2.4323
5.1216
6.5442
8.0991
8.8636
11.3614
11.8921
8.7995
9.1528
8.7848
8.7056
3.3506
-7.7167
-17.7787
-13.6364
-11.7224
-16.0366
-20.1890
-21.4809
-21.2692
-17.4754
-9.9902
-6.3698
-10.2619
-8.9201
-12.0354
-13.9580
-11.7692
-8.5471
-5.3580
-6.5091
-7.2288
-12.7265
-15.7373
-15.7037
-11.1864
-4.9968
-4.4494
-6.3556
-4.6576
-3.9754
0.5348
0.3800
-7.9577
-8.2458
-2.1892
-4.4025
-2.2824
-3.8557
-7.3357
-2.3446
1.7120
0.2854
3.7539
-2.9686
-3.8224
11.1323
10.2088
11.4557
9.0626
4.1912
4.0718
2.2583
0.5492
3.5528
7.5393
6.1495
3.1184
4.5844
7.8055
13.2404
19.6559
25.7248
26.2102
16.2817
9.9868
11.2052
9.5482
11.5302
5.2178
-2.2236
-8.4421
-8.4347
0.6400
5.7230
8.9175
8.2686
0.7736
-7.7685
-7.5015
-2.2350
-0.0242
-3.3788
-4.3127
5.0514
13.1186
-1.2110
-8.7050
-12.2727
-7.8485
-1.1456
10.2564
19.4141
26.5915
19.0927
10.3851
5.1398

Coefficient 29:
-0.0114
-2.4370
-3.9544
-2.8313
-1.3959
1.1738
4.0649
-1.3433
-1.9864
0.4315
3.3980
3.6403
-0.7518
-1.7053
-0.7675
-7.1053
-8.1516
-9.0160
-10.3113
-9.8055
-8.2462
-10.6686
-10.0737
-2.0454
0.1411
-0.7932
3.8568
4.7826
9.2365
13.4980
6.5837
3.2385
8.2074
5.6937
-1.5951
-6.7662
-10.5782
-10.8845
-8.4282
-3.2260
1.1284
7.4294
9.8014
12.5244
10.2628
3.5259
-0.5682
-1.2309
-5.9383
-13.9782
-22.9382
-16.8365
-16.4621
-9.4646
-3.3123
-0.8768
-0.1863
3.3173
1.8534
-2.3782
-7.5448
-11.4386
-11.2198
-6.9168
-0.3279
0.6268
1.1745
-1.4716
0.3643
0.2685
-0.9152
-0.9101
-1.4980
-3.9866
-3.3050
-1.3606
0.9190
0.9131
-0.4323
-1.5179
-0.6784
1.9581
-0.0992
-0.3060
1.3999
-0.1477
0.0936
0.8951
0.4911
0.8415
-0.5275
-0.5775
-2.5545
-6.7627
-9.5315
-6.1143
-1.9411
1.4651
0.5329
0.3366
2.6288
2.3940
1.5333
-1.2670
-1.1611
-0.3872
0.8717
1.7160
-0.7387
-1.6147
0.5510
1.2624
-0.0394
0.1695
0.3594
0.3931
-2.0217
-1.1885
2.1344
6.1533
5.6225
4.4110
4.3925
-0.1145
-2.7795
-4.0335
-2.6395
-3.2884
-1.3158
-1.8012
-1.8657
0.3862
4.0100
7.0244
7.2754
7.0747
4.1928
1.4172
2.7104
2.7488
0.8387
1.0520
1.5828
1.1539
1.6443
-1.7630
-3.7000
-3.5481
-2.3147
-6.3249
-3.0666
-7.5234
-8.4700
-11.0910
-11.0002
-11.1049
-13.0673
-16.2425
-18.7038
-17.6544
-4.7674
1.9572
-5.4395
-9.1734
-13.5489
-12.4691
11.4579
2.1964
-9.3671
-11.0500
-4.4218
-5.0958
-4.9039
-1.7711
-2.6314
3.0704
1.2106
-3.7986
-9.6363
-7.9249
-6.2015
-7.9511
-8.4238
-13.8548
-14.6526
-8.9821
0.0173
-0.3455
-1.2773
3.9197
4.2999
1.2713
1.9704
3.2703
0.6752
-5.5754
-7.2376
-3.7521
-3.9267
-11.4912
-9.2931
-9.0953
-10.1345
-8.8200
-6.7610
-5.4072
-4.1100
-3.6284
-8.2173
-5.2667
-6.0597
-4.3592
-0.8914
-2.6384
-2.6500
0.0621
-2.8582
-6.9728
-9.3986
-9.3301
-3.8925
-5.9176
-4.6716
-6.7580
-5.6494
-1.3836
2.0128
1.4656
1.4864
0.5752
3.9646
3.0651
0.9441
2.1356
-5.5194
-3.2543
1.4245
3.3636
-8.3642
-12.8954
-11.0783
-7.2228
-1.8297
2.6963
2.3560
-0.5594
-12.1383
-10.3581
-7.5627
-7.8604
-1.0027
7.5962
7.8761
1.5549
0.2042
0.4841
-3.2674
-9.4112
-16.5496
-18.2239
-12.4345
-3.0447
-0.7638
-5.3234
-4.9992
-3.7137
-5.0388
-6.2819
0.2464
4.0899
3.2050
0.6257
-1.1455
-3.1803
-0.8469
-1.0319
2.0963
0.2781
-18.5962
-17.0436
-10.8295
-11.7010
-9.6849
-6.2763
-5.3177
-11.5631
-10.6646
-6.7048
-6.0683
-2.9496
-1.2410
-0.2643
0.6751
3.1812
6.5966
4.9632
-1.5405
-7.0767
-0.7698
-9.7867
-10.8268
-7.3097
-2.2899
1.9538
2.7116
4.0562
7.3279
9.0783
8.1365
1.8843
0.3900
4.8455
4.4727
8.7872
5.9678
3.5601
2.6773
1.4402
2.9498
2.5518
-2.5793
0.3447
2.1872
7.1574
8.2696
5.9222
10.9312
12.2820
5.8033
1.1768
2.6050
3.1802
-0.4617
1.3111
-0.6172
-6.4946
-4.5555
0.5824
3.8889
2.7140
-2.2123
-5.2212
-10.1581
-9.2267
-5.9076
-3.6208
-1.8260
0.4788
-1.4371
-4.6602
-2.0842
2.8611
-2.2428
-2.3918
-2.7620
-5.0044
-4.3124
0.9221
-5.8527
-5.6825
-8.7964
-8.5735
-13.2112
-17.9716
-24.4578
-23.0645
-18.7138
-11.7062
-5.4551
-0.0475
-1.8312
-15.1205
-21.1341
-27.5895
-29.0979
-23.6749
-23.4189
-18.7151
-14.0171
-11.3877
-7.1485
-1.4412
-0.0841
3.4472
1.4209
-7.1769
-8.5733
-1.6535
1.9796
5.1107
9.6563
6.3128
0.6714
-4.1982
-7.8173
-10.4355
-7.3475
-4.1547
-6.0438
-6.1281
-4.7061
-2.8201
-3.3959
-11.0702
-5.1350
-13.7104
-14.4376
-10.8002
-7.8090
-8.4478
-3.0428
-4.7850
-9.5606
-7.0280
2.3179
2.4027
0.4577
3.5085
3.2341
5.9412
2.1591
1.1006
10.7223
17.3051
16.6810
6.2983
4.2691
7.2182
1.5896
6.6690
14.0908
-0.6676
-17.8522
-14.8093
-8.7109
-12.2933
-11.5407
-13.8230
-10.6404
-6.2393
-6.6816
-3.5818
-2.9960
-4.4708
-3.4535
0.3396
0.2832
-4.2866
-8.8537
-5.6470
-3.9003
-1.3047
-0.7304
-0.9763
-0.8882
1.7113
2.5478
-0.5638
-2.7734
-2.7102
-5.6753
-2.4213
-2.0502
-4.8895
-2.7246
-1.5287
-2.6453
-0.2625
2.3187
4.1185
0.8718
-6.8520
-11.8389
-11.8987
-8.2405
-8.1994
-6.6325
-7.1250
-2.6625
-0.6079
-0.3212
-2.3206
-0.8754
-0.0319
-2.8699
0.5553
-9.5819
-16.1806
-17.8217
-22.6992
-22.2926
-17.7350
-8.5519
-4.4453
-5.1948
-4.7915
1.3810
-4.9971
-6.7622
-7.0172
-3.5462
-3.6412
-6.2699
-11.2330
-21.1240
-23.2944
-20.4602
-8.3654
-9.4586
-7.2653
-3.8394
2.2289
6.2128
5.1997
3.3564
5.7272
5.2439
2.3885
-1.8318
2.0134
-2.3701
-8.8311
-13.8732
-10.9872
-12.5804
-15.7049
-15.3821
-11.1724
-7.3959
-13.2440
-9.2144
-4.5579
1.7822
2.3040
-0.4146
-3.4330
-5.1776
-0.3945
-1.4297
-2.2228
-0.9973
1.1612
-5.4029
-8.2280
-4.3533
-1.8201
-1.7963
0.6675
-0.5359
-1.3021
1.6332
3.3901
1.9789
-6.2931
-9.0651
-6.6981
-3.1899
0.2350
6.4811
5.2176
-1.3229
-7.7156
-4.1293
4.2555
4.1610
6.5913
6.6041
5.5993
1.9466
-0.4274
-3.1809
-3.9322
-2.1641
-3.2196
-6.2711
-4.7559
-4.9817
-6.9914
-6.1579
-3.8257
-2.0919
1.0032
0.4456
0.0107
1.0542
-0.7669
2.5540
-0.8073
-5.7830
-6.7967
-1.9923
-2.6192
-2.4391
0.7807
-5.0111
-1.3155
3.2045
-0.9069
-6.4581
-7.4919
-3.4169
-5.3281
-5.6889
-4.9545
-1.5092
-2.9755
-3.8419
-1.0754
-5.2177
-6.5187
-2.0521
1.8233
4.1810
-1.6942
-0.1361
-4.7363
-13.5756
-11.1693
-6.5532
-4.7713
-3.1765
-0.2601
-9.5307
-20.6103
-21.8751
-23.3627
-24.6012
-22.5880
-23.6339
-21.2724
-18.2439
-10.2738
-6.5137
-7.8776
-7.9034
0.2648
6.0227
6.6048
8.0656
6.3648
8.5108
10.3512
6.7124
4.4384
3.0123
4.2394
1.9656
1.8837
6.1867
5.6577
7.9517
9.8603
4.0413
1.1279
4.7858
10.5721
11.3211
5.7688
-0.6260
0.2422
-0.8437
-0.4514
-0.3846
0.2657
-5.1763
-8.2869
-10.4024
-9.3050
-5.0876
-1.4390
1.5048
3.5659
2.0878
1.7957
5.3286
3.3903
-0.4984
-0.8846
-0.7160
-0.1721
-3.8113
-9.2904
-11.5211
-10.9642
-11.7084
-6.5540
-6.1372
0.4682
2.9653
3.2501
0.8308
-1.1028
0.2996
2.2624
-0.9839
-2.0492
-6.0700
-8.6515
-6.6752
-5.5054
-4.9474
-3.7638
-4.2540
-4.7611
-2.8357
-1.7183
-4.6735
-8.6544
-8.2095
-6.6450
-7.6244
-6.7341
2.7722
6.1334
9.6661
9.0064
2.0234
-1.0073
3.3865
2.8787
-1.8941
-5.0295
-9.0071
-12.5747
-11.6970
-7.4979
-7.8081
-6.5558
-3.8544
-6.8600
-7.0802
-1.9444
-5.9245
-5.3990
-3.1427
-4.4279
-3.4340
-4.7552
-0.9816
-3.6385
-4.4111
-3.1843
-2.6770
-4.3911
-7.1178
-9.3809
-7.7831
-9.4545
-2.6232
-1.4640
-0.2170
4.6950
3.4264
1.6694
5.6421
9.8388
6.2515
5.3251
3.4888
0.0254
1.8663
2.6614
-3.0476
-1.9993
-1.5330
-3.3124
-5.2198
-0.5729
3.8283
3.1105
2.1981
-2.1937
-1.9695
0.9751
-0.0691
-3.1318
3.7960
7.3703
1.7855
3.1838
1.7877
0.8115
-0.5262
-1.6550
-1.5607
-1.9349
4.5706
-2.6877
-9.1776
-6.8075
0.7999
-7.9002
-5.2980
-6.8851
-4.1072
-4.2770
-6.6082
-6.7860
-2.4609
-1.9979
-8.1225
-11.4132
-12.7655
-7.7927
-4.7823
-5.5445
-6.1047
-5.5936
-7.6108
-9.1871
-7.6600
-8.7875
-3.4330
-0.5589
1.9605
-1.0517
-0.7880
4.0053
0.3080
-0.5060
-5.3949
-11.4869
-10.9526
-8.3546
-8.9331
-5.7116
-2.1078
2.8626
1.8977
-4.8368
-9.2672
-2.1764
2.1511
3.0277
3.3823
-3.3670
-9.5936
-8.9534
-5.2006
-4.1374
1.5928
5.3834
6.0362
8.0568
5.1105
5.6607
13.5092
16.8891
15.3179
8.1242
6.3958
0.5310
3.1723
9.0017
10.2306
8.7216
11.5005
7.8437
-3.8921
-9.6171
-9.6188
-11.4786
-12.0668
-7.2999
-0.8397
3.2934
4.0215
1.2786
-5.4510
-11.6975
-10.2776
-7.6530
-6.5309
-0.3352
1.2779
5.5993
7.1540
5.9093
0.0292
0.5242
1.3875
-6.7240
-5.6359
0.8278
-3.6114
-6.6044
-1.1629
1.6171
6.9960
8.3378
9.7876
5.6135
1.6149
1.4908
1.0053
1.1249
-3.9275
-6.6500
-3.6514
-4.0768
-6.2870
-7.5113
-8.2357
-5.3523
-2.9032
-4.4603
-6.5424
-12.2599
-7.6791
-8.5279
-10.2071
-9.2797
-10.2104
-4.8097
-3.0860
14.3522
11.5646
6.9240
6.1376
4.1266
1.6404
0.3713
-5.0702
-11.4018
-12.7669
-6.5101
-0.8663
6.2430
7.9790
9.7140
8.3792
9.2384
8.4797
6.4365
5.7869
10.8789
7.7080
5.1785
0.2483
0.3991
3.8032
-2.3898
-12.3670
-19.4040
-16.9054
-16.1367
-14.8124
-12.9930
-13.4481
-12.1435
-11.6929
-6.9060
-6.5045
-19.3051
-16.8603
-13.6505
-14.6869
-11.9642
-6.4050
-15.3722
-13.6723
-8.1766
5.7623
20.9607
17.9451
11.5213

Coefficient 30:
-0.0314
-2.1797
-3.4763
-4.7276
-11.0158
-10.2407
-2.3085
-2.9830
-4.0559
-5.5193
-3.9947
1.2104
-1.1878
-0.7997
-0.7500
3.6931
3.9514
-2.1023
-8.5153
-4.1400
-8.8582
-13.8148
-10.9390
-11.4190
-17.4610
-25.5415
-23.8789
-15.4115
-19.6573
-22.8024
-22.2879
-18.4119
-9.3188
1.9570
2.2595
-2.1006
-1.3205
-0.1808
4.5371
4.5082
-1.4172
-2.0014
-1.1151
-6.1943
-12.6363
-19.5562
-19.4812
-9.5789
-5.8193
-4.0755
-6.8423
-3.8689
-5.6424
-2.9799
0.4659
-0.3556
-3.8667
-3.3027
-5.8837
-5.7295
2.2002
5.4196
6.7841
4.8096
3.0591
1.5697
3.7220
-0.2185
0.1138
-0.0739
-0.3245
0.1814
-0.7464
-3.8877
-3.1151
-1.1516
0.3313
0.2089
-0.8768
-1.5877
-0.6194
1.1998
-0.4900
-0.7865
-6.8621
-5.5255
-8.2103
-9.0038
-12.3339
-13.9953
-22.2108
-22.4216
-17.1088
-10.0180
-7.6246
-8.6022
-7.4303
-2.3450
1.1970
1.0026
1.8305
2.6138
2.0850
-1.0216
-0.5828
-0.0819
0.9776
1.1025
-0.7948
-1.8285
1.0929
2.0836
-0.3421
-0.8886
-0.9966
-1.3939
-1.8190
-0.0683
4.9504
5.2821
6.3997
3.3406
3.0492
4.8333
8.3904
6.9703
7.3545
3.2603
0.6641
-0.1688
-0.2411
3.6066
7.7968
8.2597
8.4855
9.1561
8.8729
8.2298
5.3950
2.8390
0.1640
-1.1061
-0.0440
0.8397
2.4837
0.1211
1.9046
3.8340
3.0779
-4.4128
-4.2619
-1.6839
-2.3177
0.0978
3.8102
8.7630
3.4261
-0.4263
-4.8872
-8.4726
-4.3737
5.8245
4.7861
2.1293
-0.6128
-2.6831
11.6471
5.5530
-2.5072
-9.7226
-4.8003
-3.8352
-1.6933
-2.4905
1.9272
3.2897
-5.4214
-6.2041
-8.0126
-12.9897
-10.2925
-9.7745
-10.9710
-11.8014
-8.9785
-4.4709
0.7213
-0.1659
-1.8842
-3.1255
-2.3159
-7.9657
-6.8062
0.4981
-3.6134
-17.4312
-20.9965
-20.0292
-18.6285
-6.0915
-8.2915
-10.6484
-8.1964
-7.6893
-10.1076
-6.2604
-7.8981
-9.9613
-8.9164
-1.7977
-7.7441
-8.8922
-6.4215
-6.4948
-6.7107
-1.8834
-5.4639
-9.9349
-7.7756
-13.0535
-13.1416
-19.3704
-21.3424
-17.9839
-14.3026
-8.6455
-7.0195
-6.7714
-6.8169
-8.6777
-12.3329
-16.0186
-15.7948
-7.0286
-1.1376
-1.4672
2.7909
2.7609
-7.4970
-10.7286
-9.6242
-7.3259
-5.5380
-3.2877
1.1568
-0.3947
-9.8268
-6.9005
-3.1515
-0.9331
2.0187
7.0628
10.2900
3.2430
3.1985
3.4684
-1.7884
0.8502
2.5344
0.6229
0.4951
-0.6846
-1.3654
-1.0503
-1.0264
-1.7696
-4.7624
-6.1182
-4.5252
-0.3141
0.1223
-0.9594
-1.3031
-2.7538
-0.8709
0.3563
-5.3775
-2.7697
-14.0637
-15.4360
-13.9620
-16.1122
-16.4469
-12.2766
-14.8754
-13.7562
-13.0637
-17.5381
-13.7400
-7.4123
-6.9168
-10.1194
-7.3239
-1.2486
0.9183
3.8501
2.4020
-3.2903
3.9913
-5.0507
-7.5177
-9.4525
-13.3847
-12.4888
-10.0292
-8.0933
-7.0100
-2.2085
7.0046
0.8854
-0.8831
1.5495
2.6144
5.3384
4.1588
3.0129
2.9781
1.5248
2.7897
2.1584
-1.5408
0.6410
1.4726
-1.5563
-0.0156
-0.0008
7.8071
4.8683
1.3684
-2.3095
-0.1594
1.4868
-0.6432
0.8281
-0.1352
-6.9904
-8.1277
-5.3359
-4.7843
-3.9576
-4.7081
-7.1358
-11.2361
-10.1566
-7.0792
-3.6213
-4.1063
-6.3081
-10.8307
-9.2776
-5.1457
-5.2331
-6.1917
-7.8829
-10.8863
-10.7583
-9.8832
-14.2020
-9.1819
3.6650
9.7620
11.7298
2.5328
-0.5340
-3.9678
-5.6585
-4.8166
-8.5232
-12.3710
-8.1584
-2.6871
-9.8122
-16.1034
-21.9607
-15.8060
-6.1586
-1.5438
3.6662
0.2559
2.9427
5.4867
4.2315
-2.6496
-4.5589
-0.1161
1.4613
1.8539
3.2324
6.7977
0.6546
-0.8278
-1.8966
-5.9611
-10.2170
-10.4710
-14.2388
-13.1136
-7.2328
-4.5276
-5.9340
-12.8951
-13.0473
-9.4716
-3.6273
-1.4099
-2.2819
-0.9638
1.9111
3.0109
2.7712
2.7142
-1.6309
-1.8106
5.4400
10.5781
7.5753
4.0681
7.4558
4.6526
4.0232
1.5049
-1.9963
2.8827
5.3030
6.1212
-1.8321
-6.3534
-6.3796
-9.5025
-5.4002
8.5048
5.1980
-8.6588
-5.5287
-1.8066
-8.0487
3.7888
-3.9635
-10.1871
-9.5793
-9.9902
-9.9334
-9.2597
-2.5099
2.4899
-2.1047
5.2583
4.3223
0.1845
1.9967
2.1811
4.3050
3.5188
1.4080
0.4942
1.4410
2.3617
-1.1022
-2.3654
-0.4961
-3.1402
-2.1181
-0.7371
-1.5318
0.5304
2.0067
-0.5211
1.2613
3.2978
2.8710
-0.9485
-4.8509
0.7056
4.7533
9.1155
11.3753
17.8850
22.4660
29.3811
31.1124
26.5076
22.2371
19.3130
17.8869
13.4160
16.9473
13.5361
8.9347
5.9770
2.0897
-1.5132
-6.1726
-5.2784
1.9487
0.1587
-1.7545
-2.5967
-4.6697
-6.5248
-3.5228
-2.6400
-5.7964
-7.9106
-15.4784
-21.3429
-20.5868
-20.0917
-14.0242
-6.2572
-4.3442
-6.2804
-0.6720
0.2884
-3.5388
-2.9449
0.0376
-0.3522
0.3184
1.5178
-1.9576
-7.2160
-8.5668
-9.6579
-5.7452
-0.4561
3.6806
-0.9183
-5.9240
-5.1670
-7.7560
-6.9776
-6.1901
-12.8427
-16.4774
-17.1694
-15.2459
-16.9519
-11.9915
-13.5862
-15.6406
-11.3889
-6.2821
-9.5891
-7.8556
2.0970
1.2029
-4.0161
-5.4327
-6.1954
-5.2382
-5.0048
-12.2431
-10.9787
-11.6793
-9.2531
-10.1613
-9.2142
-8.6376
-10.2413
-8.9512
-3.7980
-1.3030
-3.6649
2.9721
4.4170
5.9369
3.8395
5.4942
2.9177
1.0773
-2.2684
-5.2973
-8.9949
-8.9189
-9.6923
-7.6294
-7.9236
-9.9352
-6.3116
-3.7015
-2.1884
1.6517
2.4059
-0.4176
-1.5833
-2.0295
3.6164
-2.3581
-18.4339
-18.0462
-13.6820
-10.4828
-8.7830
-3.4477
-8.2648
-8.4996
-5.6468
0.0054
2.1030
-8.5221
-5.9030
-4.6255
-6.1091
-14.8348
-9.6817
-5.6847
-7.3851
-4.4903
-3.7678
-5.0955
-4.5901
-2.5397
-2.4852
-2.6168
-3.8300
-5.4619
-8.3563
-5.7039
-2.1000
-1.4638
-0.8358
-6.3910
-10.0429
-12.3952
-7.4489
-6.8451
-10.2154
-8.3947
-7.9583
-2.6148
-1.9778
-0.8797
-0.0832
-3.4774
-3.8836
-1.3039
0.8746
2.8007
2.7142
0.5722
2.7417
3.5357
0.6825
0.6501
1.7947
4.1185
0.9781
0.3725
3.7165
4.2364
6.6512
7.7342
2.2189
-1.4740
2.7760
0.1457
0.1091
3.5597
0.6521
-1.5259
-3.5655
-2.1420
-0.4239
0.9863
-5.4244
-7.2392
-8.6797
-9.4158
-5.5868
-2.6118
0.9713
4.0319
5.0336
5.6608
6.5128
5.9668
1.8941
-0.5433
1.7850
1.1053
-3.4296
-4.5978
-3.8424
-3.9438
-8.6616
-4.7403
-5.7186
1.3425
5.1498
4.9624
2.5447
0.5398
0.6912
2.0903
-0.7874
-0.8024
-2.5349
-3.6152
-2.3665
-2.0577
-4.1456
-3.0807
-1.1219
-0.4212
0.0643
0.9393
-1.5181
-3.9528
-5.0436
-1.6974
0.1244
0.3036
3.8756
3.3176
2.5539
1.6627
-0.8474
-2.1160
-4.0863
-5.0466
-7.6270
-3.3433
-1.7367
-6.0863
-4.0033
-0.5480
1.5323
2.3525
-0.0152
-2.2829
-2.6093
2.3465
-1.6090
-8.2092
-10.5582
-13.6443
-9.5529
-5.6748
-2.7717
-4.8538
-4.6796
-3.0822
-2.9272
-2.6980
-6.3062
-8.0107
-6.1478
-7.3171
-5.8278
-6.1561
-12.5966
-19.3811
-17.6310
-12.0011
-7.9572
-11.0996
-7.2420
-8.0219
-3.4735
-4.0456
-9.4706
-12.5982
-14.9156
-13.7091
-8.3646
-5.0289
-4.8301
-6.1780
-9.4789
-9.2067
-8.4218
-9.1973
-3.5222
-4.0067
-8.2636
-7.8608
-2.7876
-4.1627
-1.5809
6.3114
5.6834
7.0630
8.1115
4.8087
2.4590
2.1496
5.7265
-0.6117
-4.3701
-4.4487
5.0364
-3.4923
-3.9197
-6.0641
-8.1330
-13.8348
-13.7316
-15.3213
-8.8564
-0.6358
1.1582
1.2083
-5.4026
-14.7523
-14.6061
-6.0336
-1.1297
0.2058
3.0713
3.2318
0.1871
-7.2181
-0.9825
-0.7905
0.1234
-4.2998
-10.4227
-9.7166
-6.6644
-0.2704
-3.1126
-8.9841
-8.5127
-2.9846
-0.5985
-4.1318
-2.8087
-1.2083
-1.4923
-3.5524
-5.6617
-2.5782
0.3321
1.8039
4.9032
0.7736
-4.7588
-4.7297
-4.8069
-2.9363
2.9129
1.0222
9.2037
15.8461
13.2144
6.4229
10.7331
3.9984
-2.4476
-2.0472
1.9305
1.5689
-0.2472
4.6626
8.9386
9.8459
5.0734
7.5592
2.9658
0.2417
4.0823
0.3603
-1.2571
-1.7485
-1.9564
-1.3584
3.5813
7.3591
7.9578
5.3762
3.6479
0.2083
-6.1530
-2.6976
-3.4075
-1.9091
0.2187
8.0384
6.3107
3.2872
0.9341
-7.8523
-5.9794
-7.1914
-10.3715
-9.1432
-3.9531
-2.6046
-4.3870
-1.6147
6.4114
7.1897
0.1420
-1.0141
5.2074
1.3441
-1.4898
-0.0340
-1.1694
-4.7871
-6.6606
-6.1552
-1.9449
4.1710
5.1604
6.1107
4.4811
-3.6757
-1.3061
0.8217
1.6223
3.0554
-1.2097
1.7130
8.2112
26.1882
31.8412
26.0345
11.6579
3.8426
7.3395
12.3613
6.3847
1.4323
-3.7448
0.1687
4.9280
10.9890
2.2452
-7.0487
-9.9163
-11.0661
-11.3638
-17.5966
-18.5487
-14.1108
-12.2951
-9.3523
-3.4160
7.0308
13.2673
3.1026
-6.4254
-10.9430
-10.9251
-6.5088
-9.9580
-7.3453
-3.1405
-7.9862
-9.7615
-2.4598
0.7746
8.5069
7.8776
-2.5023
-1.3073
2.5100
4.3917
-0.9366
-5.2488
3.6563
10.9165
15.0856
8.7494
4.2578

Coefficient 31:
-0.0486
2.7717
1.2577
-0.1852
-3.7690
-14.5122
-24.8854
-21.6821
-6.6636
4.5576
8.5273
4.5773
4.9480
7.5012
-1.1771
-8.4099
-14.1865
-16.4859
-14.0007
-17.3743
-14.3100
-12.4798
-9.7345
-3.8330
-2.6245
-5.3046
-1.0102
9.6750
1.8362
-7.8559
-9.3559
-10.0167
-0.4036
11.5457
5.0652
-4.2189
-8.1637
-2.9355
0.9622
-1.7637
-1.4504
-3.8368
3.2075
3.1840
-4.3151
-9.1122
-15.8561
-16.7131
-14.2220
-8.6962
1.2727
-2.1497
-6.5496
-9.2720
-16.8627
-16.6701
-16.8337
-10.7108
-9.8768
-9.6859
-5.6237
-2.9393
-1.8070
3.6847
8.1811
3.2307
4.0590
-0.1032
0.4503
-0.3740
0.3769
1.2904
-0.1366
-3.5294
-2.4952
-0.6134
-0.4511
-0.3927
-0.8716
-1.6019
-0.3583
0.8881
-1.0639
-1.3689
-6.6954
-14.9155
-17.7465
-19.0382
-15.7607
-8.8464
-9.3288
-5.8944
-0.6972
2.0723
-2.0142
-2.2639
0.9654
3.1389
2.8285
-1.3070
-2.4875
0.4259
0.4579
-1.2453
0.0518
0.2438
1.1211
1.2497
0.3957
-0.5209
2.0430
1.5099
-0.4894
-0.7580
-0.9588
-2.3902
-1.4878
-1.3050
2.6118
4.8297
3.6593
-0.6030
-3.1120
-2.4019
-0.5370
0.4263
1.7858
2.5445
1.6168
0.7034
1.1102
1.3743
-0.2784
-1.2314
-2.5120
-3.4110
-1.7561
-0.4020
-1.4452
0.2568
-0.9845
-2.9702
-0.9569
0.7980
3.5682
3.3617
8.2280
8.3983
4.0334
-2.0942
-1.9634
-4.1747
-1.2640
-1.0335
0.3155
-0.2090
-3.3124
-4.8320
-8.7142
-6.4130
2.1482
12.2626
19.9768
22.6631
16.4016
10.9228
14.6364
11.3527
5.0151
-0.2378
1.3205
4.1711
5.8366
6.8319
6.9440
5.5539
-0.7691
2.0010
-0.1271
-0.5396
-0.2998
-0.1728
-14.5594
-12.2999
-12.8932
-16.3275
-13.3918
-16.0205
-11.7653
-5.1518
-0.3834
-1.5761
-1.8261
0.8621
-0.9170
-2.7471
-0.5110
-10.1149
-12.4082
1.0194
-3.1876
-3.8440
-3.9903
-3.4093
-7.4125
-1.6014
0.4269
-5.3291
-5.3648
3.3368
-0.4067
-1.4198
-1.4703
-2.7044
-1.8640
-1.7997
0.7799
4.0595
1.7722
-4.1406
-0.3407
-2.5246
-1.0383
-2.8851
-8.5772
-5.0872
-1.6736
-1.3406
-1.6546
-0.4405
0.5079
3.8700
-0.0190
-7.9454
-3.6607
-2.4592
2.9067
8.9109
8.5707
5.9682
6.7680
8.5005
13.6966
3.8867
1.1708
-0.6818
-4.5406
-1.4315
0.9086
7.7485
9.2835
8.1304
10.0028
6.2423
6.1365
5.0864
-1.0600
2.5135
3.6994
-1.0900
-2.7927
-1.1470
-2.0830
1.3348
1.4099
-1.7264
-0.0959
6.7748
4.4589
5.2728
3.6336
4.4507
6.5350
5.3295
5.5056
2.5008
2.2062
0.7468
-2.9790
-1.4603
-0.4109
-2.8741
-3.5822
0.7124
-8.2333
-12.8446
-7.5568
-7.7392
-13.4809
-10.4225
-9.6879
-5.3680
-8.4508
-5.8116
-5.7900
-3.0376
-0.8774
0.5116
-1.0428
0.3399
1.8596
0.8458
0.6307
4.0491
4.5436
0.8955
-2.1315
-3.0517
-0.4755
0.8359
2.5884
4.6403
-0.4578
0.0016
1.7852
2.1557
4.5242
1.9597
2.4535
1.4134
-0.8508
1.8501
2.6708
4.0595
6.6593
5.4477
3.1770
4.1301
8.5857
4.7731
4.0793
3.8844
0.7240
1.9474
3.2728
-0.0136
-0.5859
0.3479
1.4632
2.0584
-1.3802
-4.2770
-0.9526
2.1441
2.1912
2.6258
0.1493
-0.1019
3.7494
0.0158
-1.5068
-0.6170
4.6437
0.0868
-7.4222
-13.7949
-14.3478
-17.4322
-12.2564
7.8922
27.4924
36.2349
29.0442
17.2579
3.1268
-4.9563
-10.4435
-15.9086
-18.8756
-19.1483
-22.6587
-26.0516
-26.6500
-24.0139
-14.8756
-11.6302
-15.2407
-18.0755
-18.0435
-16.9636
-12.9789
-12.5113
-13.6020
-1.9204
7.9014
3.9583
-1.3552
-3.6821
-4.1307
-8.8293
-9.7361
-14.0952
-13.0147
-8.4271
-5.8884
-5.2744
-5.4307
-3.1167
-6.7202
-6.0119
-5.5628
-5.7699
-6.9692
-0.4232
-8.3404
-4.6065
-2.0387
-0.0566
-1.7445
1.5328
2.3060
0.7213
-0.2981
0.4232
-0.2132
2.4520
4.8275
3.4126
1.4161
-0.0828
-1.6273
0.1023
4.0196
-1.7421
-5.7425
-2.3350
0.2666
-5.6031
-6.2032
3.7491
20.7069
22.4917
-1.7876
-8.9453
-5.2760
-2.4938
-0.0521
-1.2511
-1.1037
-2.2008
-2.7848
-1.1395
-4.8101
-4.1500
-3.3694
-9.5970
-3.4650
-1.0765
-3.6783
-0.0699
0.7382
1.0044
-0.0485
-1.6754
0.5045
1.7781
1.6892
-1.7629
-3.2194
-1.6322
-3.8709
-3.3010
0.2854
2.7765
4.3746
4.7724
1.8327
2.7054
3.9333
2.0477
0.7720
0.2377
8.4476
10.6240
8.4073
4.6182
5.4022
4.8312
7.0589
9.1635
10.9504
9.9828
5.0259
4.1008
2.5915
5.8755
10.8641
15.6120
20.7469
19.4175
15.6427
11.3924
7.6347
12.2329
10.4858
5.6467
-1.0705
-4.5298
-2.9497
-6.3329
-8.2044
-5.9380
-4.1324
-1.9885
-1.1676
-5.4328
-8.0521
-4.3253
-0.4182
-5.7911
-9.2656
-5.9283
0.9305
-1.6177
-3.9186
1.3761
-1.8793
1.6849
8.7522
8.8708
9.3488
3.3251
-3.8851
-1.0051
-3.9905
-4.8564
-8.8229
-3.5433
-4.1510
-7.4185
-8.2412
-10.9999
-12.7682
-13.9641
-13.1762
-8.8485
-7.5542
-8.7746
-8.5668
-8.7455
-4.3859
-4.2384
-6.9433
0.5689
-2.2252
-4.4700
-2.2262
6.9974
6.3391
2.5077
-2.5988
-5.8778
-5.5808
-7.4950
-3.2645
3.9318
4.5478
4.4445
5.1158
11.9259
11.8653
5.2871
-3.6705
0.1301
-1.8842
-2.1151
-2.3470
1.6045
3.5181
2.2628
-1.2680
-4.9664
-6.1110
-2.5892
-2.5364
-1.4821
-2.6291
-5.1502
-2.3466
-1.5421
0.3604
4.1382
5.6483
2.4705
-1.1257
-3.2696
3.3443
-2.5796
-3.6442
-5.9235
-6.2685
-1.9769
2.2037
1.4379
-0.1364
0.1029
0.9784
1.0709
0.0575
-1.7211
2.1553
6.3003
6.4731
1.7482
-1.0686
-1.1656
-2.7493
5.1000
8.0114
5.2236
3.0633
1.1732
-1.3012
1.8792
4.2139
9.2040
10.0415
9.9313
9.2716
4.6017
5.1940
-2.6621
-5.7653
8.6845
20.1084
19.2217
11.1642
14.9421
19.3644
19.3354
16.3106
8.6472
7.0753
6.8477
7.5469
7.5579
5.2959
4.2281
-1.0154
-2.0564
-1.4306
-2.2058
-1.3877
0.1869
0.2880
2.2943
-0.3712
-1.8936
-0.7515
-0.1437
2.3595
3.7497
-0.3966
-0.9825
3.0219
5.5276
5.0450
2.0726
-2.4659
-2.8305
-3.4544
-2.0448
-0.6081
0.7872
-4.6432
-5.1867
-6.1604
-5.6396
-1.7368
0.4494
0.4744
-1.2434
-2.2298
-2.1687
-3.1184
-5.4104
-10.1683
-9.5679
-6.9073
-5.3875
-3.4427
0.1654
0.7980
-0.7847
-3.2061
-0.9867
-2.1429
3.4726
6.6572
6.0757
3.9428
0.9433
-0.3261
0.8069
-0.1406
0.5133
1.5943
-1.1781
-1.3098
-2.1108
-3.7041
-3.3171
-2.0120
-0.0862
1.0839
3.2997
1.3441
-0.0313
0.2455
6.6625
7.1653
2.9116
4.9487
7.8051
7.8494
9.4085
9.3985
6.5268
5.8719
6.7689
5.8889
5.7394
-0.2205
-6.3684
-7.5072
-8.2380
-4.5894
-0.4035
-1.3811
-4.7987
-4.1564
-0.1482
-4.4820
-11.7629
-13.3344
-14.8443
-10.3932
-4.4799
-3.5984
-4.5680
-2.7758
-2.2631
-1.9982
-0.5336
-2.9377
-3.9629
-2.1134
-3.7643
-8.1155
-2.0782
-1.1007
2.2458
3.9914
7.5666
6.9840
9.1105
14.5657
10.5557
4.5641
0.4417
0.2067
-1.4296
-1.1310
-0.2887
2.4802
4.7289
0.2195
1.9373
-2.8431
-5.0453
-6.2354
-5.6765
-1.9430
-2.7479
-2.6340
-0.0223
-2.7153
-5.3010
5.8564
16.8599
17.9574
19.7691
13.4334
5.0755
2.7789
3.8560
6.1927
7.5542
6.3419
2.0224
5.4085
2.0384
4.1065
1.8867
-1.3585
-10.7312
-10.4290
-1.9486
0.5928
-1.1568
0.3799
0.7593
1.4556
3.2394
2.7450
-3.8807
-0.2566
2.8899
4.4038
2.5170
-1.1296
8.9134
10.1578
7.6187
7.6719
5.8472
5.5095
7.0980
6.4701
10.2255
7.7348
5.3778
6.9428
3.8514
8.0855
9.9978
7.1550
-0.6661
-0.8672
0.4597
4.6590
2.2230
3.6778
4.3767
1.1186
-3.4123
-3.1213
-2.4434
0.1105
5.2720
0.1948
-3.8719
3.0194
9.2051
5.2784
0.0770
6.0107
2.2555
-6.4822
8.5877
13.1822
5.7305
-0.1127
2.4854
3.6646
6.7399
5.4903
6.3549
-0.0233
-0.7656
1.0988
5.7919
11.6161
10.4750
11.0391
14.1235
16.2771
13.4893
9.4171
5.0420
-3.7255
-6.6984
-4.5557
-2.5804
-0.5914
2.7283
1.9895
0.1047
-3.0097
3.7311
3.7894
8.3819
4.5450
-5.1410
-10.8682
-14.4391
-14.8933
-12.8085
-10.8329
-7.2606
-2.5045
0.8253
3.5546
1.0736
-2.1360
-6.2657
-0.0210
5.0370
4.5769
4.7696
3.5292
1.0933
-1.5169
-2.6362
-8.7485
-14.1708
-12.5394
-10.9442
-3.7182
3.0396
2.9046
-0.0897
4.5225
4.6648
2.8346
0.3689
2.6786
-0.4270
-2.3986
3.3710
5.7227
9.9367
10.1025
1.9754
-0.5471
0.0961
0.3828
6.1793
-3.0010
-2.0580
2.9071
1.9891
-5.4603
-10.8236
-4.0965
-5.3107
-9.8588
-9.3702
-6.3315
-2.2028
-3.9272
-4.0322
-4.7183
-2.8694
-3.5784
-4.4397
1.1166
8.0257
0.7117
1.2914
2.5571
1.9162
3.7475
-0.6193
-9.8759
-15.7389
-18.0220
-15.3559
-12.9839
-5.1886
-9.3228
-4.6850
-4.3204
3.1936
6.2562
1.6413

Coefficient 32:
-0.0619
0.7289
0.7031
0.7264
1.3854
-3.3328
0.0450
3.3008
7.6859
5.4154
2.6096
2.3311
6.6773
4.6546
4.2425
6.6293
5.6688
5.0842
-3.1256
-3.5255
4.5499
3.8455
6.7266
3.2282
-5.3124
4.7877
22.8371
27.9081
19.1299
7.7509
2.7570
-5.8964
-8.1883
0.2149
-0.2206
1.3889
-6.3293
-6.2294
-1.7838
1.6908
-0.6787
-0.7114
-7.7908
-10.3472
-10.7486
-6.9052
-7.6414
-1.1110
0.5146
-0.1850
5.8516
5.9658
3.0652
1.4888
-1.0461
1.7183
-1.0191
-7.3769
-3.8562
2.3936
10.4473
9.9836
8.6214
6.0158
4.0417
2.4883
2.5172
-0.7426
1.1011
-0.3398
0.8386
1.9420
-0.0273
-3.2098
-1.9059
-0.1074
-1.2529
-0.8911
-0.6041
-1.6290
-0.5736
0.6594
-1.6351
-1.4922
-4.0042
1.6945
4.7007
8.5625
10.9490
11.0667
3.3192
1.9871
-0.1252
3.2713
-0.1583
-6.4795
-7.1829
-5.3358
1.1552
2.8971
0.7552
2.3641
0.9701
-1.3150
0.6542
0.3559
1.3118
1.8584
1.7567
0.7063
2.1466
0.4597
-0.3605
0.3896
0.1546
-2.4086
-1.1635
-3.2648
-2.0574
0.6563
-1.3169
-2.7551
-1.2552
0.2698
-1.8399
0.7316
0.9124
1.6021
2.1073
1.0354
1.0123
-5.2304
-13.5179
-13.1856
-11.7031
-10.8533
-11.2529
-11.6764
-7.4958
-1.6987
-3.1375
-4.3401
-1.3111
0.6769
3.4287
4.5479
10.2703
8.8551
3.2456
-5.0381
-7.6010
0.8470
3.4295
4.9063
5.8164
6.0607
10.0373
12.7754
9.0725
2.6811
4.5785
19.2321
27.6879
31.9341
21.5692
17.4647
15.8804
13.5477
7.9978
0.0420
3.4359
3.9053
3.1834
0.6428
3.3829
5.0957
5.7587
10.3895
4.5579
-5.6444
-9.7708
-7.5034
-2.7314
1.6448
4.1805
-0.5979
4.4930
7.3851
9.3154
8.1926
7.7127
3.0485
4.2400
4.4028
0.6329
-0.2484
6.6666
2.9189
4.3783
18.4659
10.5649
0.4650
-1.6763
0.1959
-2.0453
2.9542
8.5286
5.0727
3.3079
6.3397
4.2163
2.5320
-1.4112
-0.7781
3.8337
5.4283
6.8366
9.2973
7.5043
2.5351
-0.3904
-6.2779
-4.4075
2.4302
5.6595
8.1845
10.9528
11.6403
11.0616
7.5177
7.6256
8.8766
12.7635
7.1542
4.5347
0.3652
3.6215
4.3443
0.1651
-0.3279
-1.7811
0.0931
5.4144
5.5229
2.8944
0.1740
-2.7092
3.2614
2.7853
1.9795
7.2389
9.4580
7.5222
2.1344
3.4642
3.4141
-0.9934
4.1454
5.3039
2.2768
0.9730
2.7054
5.3277
10.8740
15.2298
15.3740
10.2810
14.0039
13.3638
13.0494
9.5538
7.8031
6.4388
3.1433
3.1366
3.1208
1.6466
-2.2684
-2.5052
-4.9136
-8.4961
-4.6654
-3.4285
-2.8865
-5.2762
-0.5200
0.3163
3.4753
5.0592
7.4521
5.7006
5.1674
-0.6562
0.6938
-1.0462
-1.5236
-2.9576
1.0281
-1.0732
-0.1749
-1.8008
-1.4336
3.2383
5.2868
8.7954
8.6697
11.1531
9.1385
4.0335
3.9556
6.1294
4.0980
5.6695
10.2360
10.7190
9.4515
8.0287
2.3436
1.9380
0.1598
-1.0952
2.7220
3.7499
3.0485
4.6351
3.7283
3.9233
0.4604
-2.3078
-0.7033
4.6760
7.2475
4.7912
3.4921
6.3802
10.4549
13.9917
13.7451
11.1000
8.3952
3.6075
4.8616
12.6594
16.5281
13.0118
7.8485
2.3091
2.7851
11.8353
12.0762
8.8541
7.0517
4.7076
7.5275
5.9418
2.3854
-1.5342
0.0036
5.6209
10.2082
20.7070
31.0646
34.9572
29.7071
15.1261
-0.5250
-4.5684
-3.1388
-8.4519
-9.8091
-7.0750
-1.3179
6.6051
13.2413
13.0457
10.8180
5.6400
-2.1736
-4.7081
-0.1554
7.1769
8.2999
2.9664
-3.0361
-2.0902
-0.2720
3.1386
7.4709
8.8278
6.0708
-0.1282
-1.3017
-1.5502
-2.3859
1.3815
10.3781
11.6265
13.3191
11.6919
7.9907
5.0878
4.5107
6.3886
7.4030
4.3083
4.0658
5.4044
4.0544
-2.1105
-6.0388
3.0699
9.2057
-1.0159
-6.8970
-1.9453
0.6567
0.1696
-2.5793
-0.0023
-1.2091
-5.2273
8.0787
4.9622
1.9724
2.0206
-3.6029
-10.7931
-17.7073
-16.5502
-17.0259
-6.1242
10.9320
1.6484
-6.6642
1.4591
6.0858
6.9494
5.0494
5.1850
7.7419
11.8167
11.1433
4.9911
0.2933
-1.2374
-3.4843
-4.9176
-2.3915
-1.4926
-2.4621
-5.2666
-5.4095
-2.0003
-2.0715
0.8885
1.3620
0.3770
-2.5882
-2.2739
-0.3209
-2.4964
-4.3953
-0.2790
4.2774
6.6085
5.4609
3.0866
3.2608
3.3109
0.8668
2.4667
-0.2346
-0.1307
-0.0721
-7.5961
-11.7863
-11.6563
-7.5937
-4.2524
-1.5770
-1.7886
-3.2569
-4.9328
-5.1834
-4.1115
-2.3746
-0.4669
1.2192
0.1897
-3.7421
-3.5586
-1.1447
-1.8026
-1.0446
-3.0398
-5.2464
-5.9148
-8.3455
-3.1821
-1.6589
-2.3892
-3.4736
-4.3163
-0.4281
6.8096
2.7767
2.0218
-2.6976
1.4054
1.9630
-0.3027
-0.8680
-3.5400
0.0998
3.1633
-0.5833
2.8041
7.6845
8.6762
-0.4123
0.7570
1.3984
-2.2399
0.4896
3.7500
4.6564
2.9815
5.0822
2.9066
0.5997
-0.7744
-0.6288
0.0795
-0.0295
-0.2360
3.4933
3.6022
-0.2970
0.2629
2.9197
6.1853
-0.2636
-1.0280
-0.7473
-1.5825
-1.1185
2.0143
10.9384
9.0415
4.9803
0.3510
3.1480
4.4951
3.8783
5.4988
2.0082
-3.8342
0.2331
5.6580
9.6820
11.8088
10.3158
9.2129
7.9409
11.8476
13.3157
12.1192
6.7749
4.0102
2.8883
0.8025
-1.1621
1.7943
4.0802
3.5786
2.6204
2.2850
0.1358
0.5722
-0.5703
1.1618
4.4695
6.8387
5.7412
2.1469
1.3129
7.4093
-1.8288
1.3442
0.0609
1.8485
4.6971
3.5205
1.7584
6.6433
0.9587
-1.8518
2.5033
3.1269
1.8919
2.3845
6.5690
5.5843
6.3925
8.3348
5.5823
1.8869
6.1554
6.1715
1.9030
-0.9221
-4.1454
-1.2764
3.6102
9.5011
9.2871
7.1113
4.3443
-1.7010
-3.8538
2.4803
0.6349
0.4884
5.6724
15.1558
12.7927
8.6125
18.0799
20.0182
15.7471
8.0797
7.4732
4.9759
0.9865
0.6634
4.6505
2.9772
2.1770
-3.1353
-2.9553
1.6887
3.1289
4.5511
3.1263
0.2599
1.1077
-0.7221
-2.0579
-3.0718
-4.4812
-2.3961
-0.5581
-2.6604
-0.0592
1.1340
0.4662
1.3897
3.4022
1.6325
-0.7574
-2.0276
-1.7900
-0.7919
0.0176
-2.6242
-2.7898
-4.3365
-3.6182
-0.6179
1.6555
0.4524
-3.9600
-5.0214
-4.0626
-4.1891
-8.0517
-9.6834
-7.0772
-5.4741
-1.4304
3.0841
6.4866
6.8587
5.6487
6.7927
4.1759
2.1697
5.0816
5.4584
3.8390
1.9947
0.0530
-1.0166
-0.2089
0.4695
3.3569
4.9110
2.8842
0.1955
0.0415
-1.1781
-3.1914
-1.7292
-2.6767
-1.2606
3.5323
2.8905
4.2425
3.4151
1.9674
-0.6438
-0.6120
6.8938
9.4700
6.5383
5.8883
7.8483
3.3358
2.2099
10.6602
13.4948
10.4224
6.5348
1.0282
-0.3395
0.1222
4.0294
6.2906
6.9730
3.5166
3.0516
3.6439
1.2869
-3.5714
-3.8623
-6.9687
-3.7239
-0.3653
-3.1267
-4.2097
-0.3187
-1.1434
-0.2483
1.6702
2.4469
3.7784
7.1286
1.1434
-3.6499
0.6369
10.0509
4.1107
4.0567
2.5520
-1.1464
-0.6686
3.9457
0.7626
-0.8277
-1.7915
-1.8008
-1.5787
2.8444
-0.4933
1.1921
0.5144
-2.2914
3.6441
0.5646
-0.1126
-2.3711
-0.4014
0.6337
-2.0940
-1.6283
0.7463
-0.3873
2.2191
13.2497
18.1311
14.0271
16.3764
15.3819
10.1632
5.4258
5.1910
4.3311
-2.9160
-9.8632
-6.9370
-5.6757
-7.0220
-1.9608
-1.7529
-4.7748
-11.5678
-13.2380
-7.6331
-3.4767
-4.6757
-3.5068
-7.2277
-5.3139
-4.9433
0.2534
8.2671
7.0425
2.3819
1.8904
0.6311
-2.2398
-6.8224
-6.5763
-1.0215
-0.2353
-1.7698
-6.2612
-4.3661
-0.6546
-4.6981
-0.4435
-1.3609
-0.0131
-2.0136
3.2005
4.8007
5.7415
7.7205
10.6741
4.7144
3.5159
-2.6807
-2.8200
-4.7680
-8.4381
-7.0751
0.6821
3.6542
6.4677
7.0213
-6.6859
-4.1086
9.2770
23.3053
21.7070
14.8631
11.8574
2.4532
3.8123
12.7793
17.3449
14.5555
8.8988
7.4418
4.4797
2.4017
2.3617
1.2529
-1.8761
-6.9488
-11.9445
-14.6157
-11.4364
-3.7688
3.5402
-4.0124
-4.6835
-3.8905
0.6113
7.4411
6.5043
2.9907
-2.2870
-1.5406
-1.0396
-4.7000
-9.6485
-12.9932
-13.3870
-5.1426
-7.9775
-0.0830
-1.1723
-8.7431
-13.5024
-15.5154
-17.2282
-15.0257
-11.3356
-4.9659
2.3427
4.9292
3.6514
2.8416
-0.7306
-3.0006
1.9677
3.2036
-1.8137
-4.1912
-5.9550
-6.5430
-2.9999
-2.7081
-1.9140
-11.1374
-15.0092
-10.8812
-5.7421
-2.7621
-2.8872
-2.5077
-1.1267
0.7808
-4.3948
-6.8317
-4.0904
-5.0242
0.4320
1.5521
-1.0586
-0.6009
2.7127
-4.3177
-0.1309
2.2400
2.8854
5.8135
1.4754
7.2159
13.1400
12.2363
9.7450
5.6591
4.3973
0.6370
-2.6793
-5.6883
-8.5055
-7.2545
-8.0198
-3.4307
-0.2523
8.0249
6.2484
4.5064
7.3340
11.1918
11.9909
11.8907
8.4715
5.3600
5.6954
2.7948
-7.9936
-0.6317
-4.9949
-8.2438
-12.9158
-6.9618
-9.6566
-5.7365
-6.6285
-2.7942
-6.2081
-14.4289

Coefficient 33:
-0.0701
-3.4151
1.0373
-0.2365
-5.2215
-10.8057
-23.8148
-23.5754
-11.6750
0.8963
2.7007
1.6079
1.6395
-4.2162
-8.1183
-11.7210
-13.4916
-12.2087
-11.4114
-9.6435
-3.3692
-7.2530
-7.2573
-9.4587
-8.6288
6.2806
20.9701
27.2042
23.3862
4.8559
-3.2304
-15.8752
-19.4138
-13.6843
-18.7929
-21.3370
-9.6628
-1.4430
-3.1364
-6.4877
-3.7391
-4.1925
1.9757
-0.4075
-2.4101
-4.5792
-6.6788
-3.4040
-3.8772
-8.9509
6.0995
4.3992
-3.1969
-3.7520
-6.1338
-8.1645
-12.2535
-17.2615
-15.1779
-8.4963
-2.4023
-2.7143
-2.6497
1.1722
2.8117
-0.2891
0.2653
-0.4722
0.7458
-0.2486
0.7573
1.7832
0.8091
-2.9488
-1.7089
0.1380
-1.8637
-1.6089
-0.6115
-1.7986
-1.6494
-0.8412
-1.9430
-1.0526
-1.8527
-1.3481
-7.1756
-11.4633
-12.3774
-9.4877
-15.6521
-17.9261
-16.0901
-9.6947
1.3995
6.3541
6.0313
2.9678
1.4050
-1.5805
-3.6206
-0.9298
-1.2498
-1.4154
0.8023
0.4337
1.4600
2.0981
1.9842
1.1405
1.7484
-0.5521
0.1713
1.6199
1.0828
-2.1238
-0.9830
-3.4366
-4.3339
-1.2864
-1.5316
-1.1340
1.7570
0.4277
-3.0080
-1.7446
-1.3117
-3.6201
-1.4284
-0.9836
-1.5650
-5.3302
-7.7716
-5.9280
-3.9416
-2.2387
-1.3982
-2.8328
-0.8055
-1.1015
-4.5193
-4.5285
-1.3704
0.5879
1.9669
2.7435
7.1455
6.1289
2.4101
0.1709
2.3109
1.7786
0.8988
-2.6143
-4.2418
-2.9733
0.2618
2.2648
2.5299
0.2842
1.1719
17.5512
30.2233
36.2232
28.8865
20.4851
13.4883
15.4151
5.0034
-3.7183
-6.9983
-7.0994
-9.2183
-4.1699
-3.3505
-2.4632
-0.3374
7.5929
5.8612
3.1455
-1.9001
-3.8502
-9.5127
-13.2800
-15.8751
-24.1331
-17.1877
-11.4785
-5.1254
-2.9280
1.2667
-3.2745
-5.9369
0.8665
-0.7713
-13.1928
-17.8950
-9.9980
-7.6689
16.8404
15.0409
7.0049
0.9464
-0.3785
-4.1745
-2.6652
1.4227
2.0597
1.8904
-2.2010
0.6596
1.7409
-0.8074
-1.3338
-1.3415
-1.6200
-2.4456
-2.7358
-1.1769
-1.2785
-7.1474
-6.4098
-2.9557
-2.4018
0.7991
-0.2621
1.9836
1.1495
-1.1743
-3.8027
-4.9021
-1.8049
-1.2163
-2.2320
0.5462
-0.7515
2.1958
-4.8918
-6.2878
-12.4631
-12.7567
-10.0473
-4.6756
0.6642
3.6571
1.8067
-8.3630
-5.3289
-5.1724
-3.2247
4.6140
2.7609
-1.9803
-3.3950
0.7803
1.0568
-1.4055
4.6156
6.1630
2.6253
-1.4330
-0.5612
1.2549
1.5051
2.2324
1.0871
2.8145
2.0395
1.3922
6.8835
5.1289
2.6221
1.4178
0.3899
0.4235
1.9292
0.6111
1.6205
15.5674
9.4840
-3.4733
-8.2019
-10.7240
-6.0230
-8.9188
-12.8373
-16.9183
-19.6559
-20.5022
-13.0215
-9.3829
-8.9213
-9.6298
-3.1819
-3.2149
1.3615
0.8929
-1.4045
4.1412
3.3315
-0.8218
-5.0380
-2.8799
-2.8508
-2.5936
-3.6462
-2.9095
-1.1031
2.5715
1.9151
-1.4870
-2.7392
-4.7152
-5.8164
-4.6376
1.1911
5.9954
2.1571
1.2499
-1.0535
-1.6408
1.6108
2.0449
2.7873
4.0006
2.7258
3.6527
2.8600
3.9530
9.1051
14.0456
11.1803
3.8548
3.2454
3.1643
5.7744
8.8618
8.1561
4.0273
3.1877
2.6546
4.7022
6.4582
7.1811
8.2320
3.9564
-2.4972
-1.6167
0.6292
-1.5077
-4.0984
-1.7617
-3.2451
-0.6917
1.0449
-3.5597
-9.8840
-6.4983
2.2837
15.2908
22.5187
27.1037
35.2863
35.7337
32.9995
21.2633
9.4884
-0.4254
-11.2901
-17.6247
-17.1173
-9.9539
-3.5668
12.8697
20.4334
14.6028
0.0104
-13.1294
-15.8411
-17.4145
-15.2912
-10.2913
-8.2533
-2.1781
-5.7954
-6.9118
-4.1987
-3.1580
-8.7916
-12.5323
-14.8656
-12.4985
-10.0883
-10.5423
-3.8863
2.3983
0.6237
-0.5582
-1.6403
-1.1005
-0.7462
-0.9326
2.6333
1.3380
-2.1961
-1.9717
0.2687
0.8455
-3.7523
-6.2891
0.2783
3.2401
-3.8554
-3.4940
2.7264
0.5620
-4.0583
-7.0756
-3.2391
-2.6562
-5.9582
-3.7244
0.7726
-1.7637
-4.8457
-0.0522
5.8967
14.9464
17.8565
13.4147
14.3126
20.2562
18.0905
0.2492
-1.0687
-2.2499
9.3850
0.5067
-7.3627
-8.7237
-10.9824
-11.0831
-7.5587
-9.7495
-10.8067
-8.1518
-4.0568
-6.4866
-5.9475
-3.9805
-2.6009
-2.1334
0.6146
-0.7277
2.0526
1.1371
-1.2589
-3.4201
-2.3198
-0.0220
-0.7595
-2.4277
2.8400
6.3637
7.3860
5.3720
4.7977
5.1868
0.8586
-1.2281
1.6630
1.5668
-4.1310
-2.7739
-3.0268
-3.9282
-0.6307
8.2796
12.8668
18.8615
14.8779
11.8004
11.3285
9.7062
10.2703
7.0617
3.1218
5.2731
4.9217
4.4981
2.5105
1.6945
2.3300
3.7213
0.1485
-2.9252
-3.3349
-3.3645
-9.9398
-10.7640
-10.0512
-11.6300
-5.0346
11.9972
19.5218
11.1684
4.1708
-4.9536
-9.0224
-13.0558
-14.8475
-14.5462
-9.2070
-4.1973
-6.3262
-12.1937
-8.5997
-0.1317
5.3762
2.2809
2.7967
-2.0429
-6.1725
-5.4160
-5.7453
-8.6832
-11.2220
-7.2869
-3.3349
-5.9740
-7.8591
-10.4559
-14.5513
-15.7618
-10.2230
-8.7461
-8.9541
-11.4581
-12.8141
-14.0531
-10.2220
-11.3707
-3.2358
-4.8818
-1.2433
-0.9063
-5.2765
0.9021
2.0139
0.5854
-7.5603
-7.2584
-7.8061
-9.1664
-5.2040
0.4972
3.6913
4.2284
0.2522
-0.3222
1.2214
-5.6276
-11.0502
-6.3920
-6.4507
-5.1063
-1.9157
0.3043
3.8072
2.9526
0.6338
-1.2283
-0.6667
-1.7826
1.2942
1.1184
1.9413
1.1533
-0.0218
-2.1055
-1.8928
1.0558
3.3798
1.8057
-1.9208
-2.4883
4.0565
-3.8224
-9.1144
-12.8873
-11.8888
-11.3505
-7.9380
-3.4740
2.6823
2.7741
-3.3909
-2.1025
-1.8817
-7.3497
-8.1533
-4.6416
-5.1544
-8.5632
-8.9147
-7.1037
-2.0148
-2.9546
0.1757
2.1786
4.0474
2.0161
-0.0064
0.5806
1.3835
-1.9055
-3.6505
0.6917
0.0375
-3.9914
-5.0834
-2.2167
1.4560
-3.0630
-4.0679
-4.9180
-4.7848
-8.5284
-10.0116
-6.8593
-11.5914
-13.1389
-13.1557
-14.7071
-11.5884
-5.1479
-6.2586
-3.6314
-3.7779
-4.1195
-2.5619
-4.8644
-4.8182
-4.7786
-1.5746
-1.5992
-4.1143
-5.6706
-5.4875
-6.1353
-5.2249
-2.9541
-2.0523
-0.0752
0.5525
2.1459
1.1874
1.5615
0.9405
-0.2135
-1.9143
-2.3945
-0.9036
-0.4721
-0.0002
-0.8171
-3.6888
-4.7050
-1.8145
0.0183
-0.0446
-0.8843
-1.1775
1.7871
4.8528
4.1703
0.7883
0.4790
6.0410
5.9650
5.9729
7.4332
6.3336
5.2497
6.0839
3.5982
3.4372
4.6471
1.5343
-1.2946
-2.1841
-2.0008
-1.1047
0.0095
0.7387
1.3247
0.6202
-1.0555
-1.1043
0.0744
-0.6562
-1.4821
1.4139
-0.8764
-0.6935
2.6693
0.8856
2.1924
-0.9584
-3.8950
-3.4022
-2.8954
0.5156
2.7559
0.4212
-0.2319
2.4285
-1.3606
-1.0996
1.8431
2.1998
-2.4111
-6.1812
-9.3785
-11.7725
-8.8835
-3.5159
-3.5803
-5.6699
-5.2329
-4.0028
-2.7261
-4.3361
-4.8273
-1.4523
0.5618
5.0276
4.8737
-2.0195
-4.3018
-0.0909
-0.5608
-0.0713
3.3785
6.2763
4.6603
5.3061
-1.2342
-2.8620
-6.4800
-7.6223
0.5185
5.3464
6.0276
1.8686
-0.3968
0.4950
1.2427
-2.8305
-4.1402
-4.7532
-10.2079
-9.4746
-5.0601
-1.8160
-3.1441
0.8799
6.0064
10.6662
9.5221
7.4153
3.2744
-1.6062
-0.9383
-0.3565
2.7821
4.5516
4.6030
8.3023
2.9592
-0.5433
1.9039
3.7451
2.8350
-2.5440
-0.8504
-0.8861
-2.9557
-4.2975
-7.5970
-6.6807
-0.9397
-2.2300
-3.0783
-5.4562
-14.5497
-14.8051
-10.4554
-9.6278
-13.5552
-13.8654
-12.7750
-8.3528
-2.4727
1.1558
-1.4441
2.8998
-1.3023
-0.7659
0.4315
1.3217
1.1710
-2.3788
-6.8931
-13.7304
-15.5641
-17.6861
-12.9177
-5.1077
-7.3004
-9.3362
-9.8347
-3.9275
-1.2176
-3.2568
1.3568
4.1261
4.9832
1.9479
-1.6647
-1.7988
-1.1136
-2.0484
0.6787
-0.5256
-2.5009
0.3075
2.3762
1.9171
4.0413
-5.5650
-12.7627
-15.7763
-7.6040
-2.9467
-3.4471
-0.1354
-8.2093
1.2853
3.4032
4.5974
2.4970
-3.4105
-3.1826
0.2733
-0.8445
-5.6205
-0.5514
5.2472
3.8920
3.5312
7.1502
9.7963
9.1668
1.4095
-4.9347
-10.0967
-2.8695
-4.3034
-9.4837
-7.6156
-6.7566
-3.2634
-3.1908
-6.9940
-6.4032
-3.0543
-1.5180
2.4234
9.9102
3.7291
1.5902
9.7317
1.3537
-5.5242
-10.5383
-20.7591
-28.2808
-24.9790
-25.0599
-20.3216
-10.5189
-8.0849
-8.9666
-4.0737
2.4973
2.0632
4.4511
4.2335
-0.1879
-1.3071
0.7917
7.0918
3.0675
5.8378
3.5962
2.2662
1.4076
-2.9958
-1.3266
-0.0367
0.2311
-0.1738
6.3450
5.3909
-3.8220
-5.5426
-4.3429
-0.2132
1.0721
-0.7706
-6.6001
-9.2842
-10.6508
-14.0880
-12.5847
-9.8881
-3.7269
-7.9576
-3.0556
0.5026
1.0952
0.7756
3.7168
4.4852
1.9129
-1.0285
-2.3478
-3.6549
-4.0750
-4.8014
-7.4702
-8.9493
-4.7080
-7.3146
-5.0227
-6.7438
0.2928
8.8200
4.6753
1.4785
-1.3742
1.5644
9.5111
5.5990
-7.3662
-15.4555
-14.0186
-7.8123
-5.3866
-4.4668
-5.5920
-4.1822
1.0189
4.0739
7.1775

Coefficient 34:
-0.0726
-4.0753
-7.6025
-6.7168
-2.8824
-8.7857
-18.9743
-17.0372
-6.6240
0.1577
3.7844
2.8431
-0.7499
-2.6542
-1.0470
5.1137
6.4229
3.5188
-3.9114
-3.3263
-4.1761
-6.3884
-5.2481
-4.4730
3.3678
23.3182
29.3414
27.7724
30.2370
22.4301
15.3863
9.2762
0.7756
-4.6680
-5.6094
-9.2334
-13.2288
-18.6129
-18.5716
-12.9436
-1.9901
-0.7759
-0.6561
-2.8499
-2.2582
-1.6589
-3.2812
-3.3828
-0.4593
-5.6252
3.7455
1.8398
-4.6761
-5.8046
-1.5544
-3.9395
-12.4264
-16.5316
-17.4658
-10.0110
4.5465
8.9445
5.2763
0.0304
2.0874
-5.4737
-2.1498
-0.3282
0.7775
-0.2035
0.1061
0.5826
-0.2851
-2.9700
-1.9522
0.0756
-2.1571
-2.3229
-1.0927
-2.1437
-2.9641
-3.3104
-2.1267
-1.5360
-10.5532
-16.2376
-15.9503
-13.2474
-9.5206
-9.4766
-11.4678
-6.5504
0.0109
-0.6716
2.3811
-0.6114
-7.2173
-6.1284
-1.0577
1.5819
1.3850
0.4279
-1.0699
-0.7450
1.0068
0.4388
1.4622
1.4180
0.7497
0.7397
1.0858
-0.5466
0.9252
1.9542
0.7177
-2.3624
-0.9835
-1.2105
-2.3212
1.5081
2.9031
1.2060
-0.4304
-2.2066
-0.3139
2.4992
2.8762
-1.3033
-1.0922
-1.2486
-3.9895
-4.7539
-1.2956
1.8361
1.5734
0.6620
2.9090
1.0314
1.6013
-1.6567
-5.0423
-4.1207
-1.1549
0.6656
0.4405
0.4081
2.5630
0.7482
-1.9499
-5.2883
-6.8960
-8.1850
-1.9545
-0.1292
1.5800
-0.1356
-0.5814
4.7938
8.3016
8.7310
4.8896
12.3015
15.8356
18.0334
16.0065
9.6141
3.6626
8.8770
-2.3950
-12.3057
-15.9670
-16.4463
-15.3353
-9.5462
-6.6498
-2.6305
-3.9358
10.9706
12.5264
-1.2983
-9.9125
-9.5931
-2.3221
1.4964
5.9777
5.0772
2.5551
0.7356
1.1983
-0.2257
-2.4024
-6.9131
-5.0966
-6.9445
-6.5999
-6.8002
-7.6302
0.3837
-0.1333
10.4239
14.7872
7.0823
4.1116
2.4787
1.4954
-1.0298
-1.1292
-2.7071
-3.4965
-5.2545
-7.0320
-9.2024
-8.5931
-9.0195
-8.0022
-5.1098
-2.5190
-1.0418
0.0966
-2.0944
-10.3311
-6.0700
-7.2319
-6.8605
-9.1997
-13.0474
-5.7387
-4.1445
-1.9015
-0.4972
-0.4612
2.6465
0.9927
-0.8001
0.1139
1.3964
0.7161
-2.5483
-7.2502
-3.9064
-0.3367
1.8748
6.5513
4.8002
4.7490
2.4372
-7.3840
-4.4735
0.7185
5.0790
3.8384
3.2200
-0.9846
-4.1301
-2.7843
-2.1366
-1.6411
5.0330
5.8657
2.0868
0.1249
3.2975
4.1317
4.4352
2.9979
4.5918
3.8885
3.7235
3.3979
3.1893
-0.7794
-2.6160
0.2836
3.2777
0.3883
-0.8421
-0.3828
1.3662
16.6571
16.4939
6.0451
-4.4303
-7.0404
-0.5343
0.1750
-3.1117
2.5350
-4.6456
-4.1254
-2.0889
-1.9888
-4.2854
-5.1186
-2.4002
-0.5306
2.6698
1.9174
-4.0523
-0.5216
2.4286
-0.1257
0.9795
1.2125
-1.5921
-3.5858
-4.5835
1.8526
2.4919
-0.2044
1.7102
5.2101
4.5615
6.5871
5.1266
4.1320
6.0627
6.7769
1.6086
0.2935
-1.1928
-1.1246
-0.6256
-1.3110
3.2069
4.5902
3.3978
2.2206
3.4574
7.1287
6.4908
5.1255
2.0822
-3.8488
1.5579
-0.3771
-1.0139
-1.3994
-1.8344
-5.2038
-5.5228
-2.6504
-0.6184
-5.7878
-8.1049
-1.4349
-0.4460
-0.7254
0.5448
1.2164
0.2964
-2.9104
-4.3102
-3.4949
12.3460
18.1324
14.1049
5.2218
1.6512
-3.7197
1.7251
-6.8700
-7.0473
5.2719
17.9574
27.3539
24.2774
15.1511
11.9508
3.0843
-6.0667
-7.7136
6.6541
26.0047
42.5669
39.5885
30.2013
21.9037
6.8121
3.6615
-0.1305
-2.4434
-0.6433
-6.3009
-11.8528
-3.8763
-0.2152
-0.6780
0.5833
0.7833
-1.4234
-1.4404
-0.8181
-2.4735
-1.4272
3.9374
8.1447
8.6368
9.1062
9.8272
9.6741
9.7120
13.7312
17.0791
13.5212
0.3386
-3.9355
-2.1918
1.2796
-1.6899
-3.3286
-6.6089
-5.8639
-7.3377
-5.2877
-3.3539
-0.7975
1.7225
-2.0693
-1.3620
-0.4453
-2.0005
-8.0697
-5.8036
-3.7775
0.6681
0.5870
-2.2755
3.9690
-0.0398
-9.4711
-11.5319
5.6367
15.0225
6.2739
0.2979
-6.3644
-2.5188
-2.2293
-3.0354
-0.3105
3.7191
6.7075
5.9344
3.2032
0.5520
-3.8449
-2.2815
5.2575
5.9767
4.5781
2.0247
1.8029
3.6319
1.8259
3.0518
1.0343
-2.6225
-3.9134
-2.3173
-0.0289
-1.1734
-3.1523
3.4424
6.5647
4.8468
3.3247
2.8873
3.8736
-2.4016
-3.2343
1.5743
2.3081
-0.6044
0.4498
4.1963
1.0026
-3.1057
-1.7224
-2.6713
2.3033
2.8863
-1.8398
-0.9344
2.8063
2.9943
-2.0052
-1.4127
1.6793
5.7295
10.8930
12.4092
14.1668
11.7192
8.2023
2.0974
-1.0271
-4.4658
-6.2957
-7.3915
-10.4697
-6.6644
3.0211
14.2625
28.6823
37.4366
27.6749
14.8473
14.0959
11.8344
8.2577
4.3349
-7.4244
-14.7498
-6.9608
-3.5779
-0.7110
-2.4626
-1.9473
-3.3524
-5.1779
-4.9638
-7.9629
-13.8407
-11.3235
-2.9174
-2.8440
-9.8443
-3.4801
3.0629
-2.0689
3.9866
9.8273
5.6478
6.0975
6.1818
3.8766
5.8794
4.7074
3.0129
1.2517
3.8397
-1.4039
0.7428
0.9951
1.8492
5.2540
4.8662
2.7833
0.7249
-0.1845
1.8087
12.0433
10.5359
-1.4078
-2.9885
-2.8007
-1.2120
3.3620
2.1155
-1.0160
4.7101
3.3791
-0.5562
4.0042
10.7580
15.1158
15.9060
6.1747
3.6028
2.6402
3.1752
4.4897
4.0676
3.2076
6.8441
4.6767
4.8094
4.5895
0.8646
-1.9986
-3.0854
-0.7469
-0.0762
0.7328
0.9514
0.4650
3.9533
-5.0108
-5.5671
-7.4896
-3.6969
-1.4065
-4.1909
-6.4999
-5.3634
-0.3496
-1.7211
-2.8205
0.5156
6.0630
7.7087
6.4189
1.3266
-3.1491
-5.7036
-5.1696
-1.8946
-5.2510
-1.2364
-3.5919
-1.7948
2.0838
0.0596
-1.0710
-7.5764
-7.6687
-5.4650
-2.0316
-0.0666
-1.0273
-6.5071
-5.0685
-0.8465
3.6039
6.8558
7.9865
10.8811
16.8529
16.2814
12.9681
4.8547
-3.1516
-3.6425
-3.8222
-2.1921
-0.6494
-5.4072
-5.5104
-3.2089
-2.6541
-4.6900
-7.7021
-6.7586
-2.8197
-0.2181
-2.1582
-5.0584
-5.6630
-3.5929
-4.5435
-5.3535
-2.4428
1.3333
2.0711
1.5602
-0.1728
0.2765
-2.3578
-3.1054
-3.2860
-2.5678
-1.9998
-0.9495
-0.1470
2.0941
0.2106
-3.1908
-3.4705
-0.8074
0.2855
0.4923
3.2047
2.5315
3.4934
6.5333
5.9582
0.5817
2.9484
7.7117
2.7700
-1.0869
-1.1685
0.3302
0.9294
1.3791
-1.2609
-0.1644
1.2841
-0.1545
-2.7626
-4.7380
-3.1072
-1.0750
-0.3073
1.1790
2.9420
2.5718
-0.6797
-3.0352
-2.4593
0.0985
-0.2804
0.6348
0.4472
1.5257
2.0357
-2.3025
0.5851
-1.1934
-3.9285
-1.1610
1.3209
2.9073
-0.1205
-6.5392
-1.1823
6.5936
2.6448
-0.8150
4.1347
5.8050
0.0823
0.3591
2.7426
2.0781
2.5924
5.4416
1.8091
-1.1192
-0.2088
-1.1476
-3.0446
-1.8645
1.3328
1.8149
5.7622
9.0463
5.8366
-0.9452
-3.6564
-0.3350
-0.4292
-0.0500
4.9922
8.1276
5.3541
1.8070
-0.1852
-2.3430
-5.5644
-5.1099
-4.1987
1.7369
7.2582
5.5264
1.7306
-5.8320
-4.2263
-5.6619
-7.0926
-6.3520
-6.8864
-3.9068
2.0475
6.3634
3.9210
0.1393
-4.0969
2.8330
1.0985
1.5883
4.5635
2.5313
2.0581
4.6314
5.8380
7.6027
3.4900
4.3709
-3.1552
-4.6217
1.6312
4.5366
3.4236
-3.7650
-3.7053
-5.9215
2.1401
-0.4996
0.1576
2.4905
9.9747
2.0540
-7.0133
-9.3176
-8.3442
-4.9704
-7.1891
-8.0670
-2.6136
-0.8860
0.2618
2.6031
2.8692
3.4765
-1.3982
4.5092
1.2600
-1.7238
-5.7077
-6.7436
-1.2419
-0.2233
1.0629
-1.7964
-3.3648
-3.2320
-4.0582
5.0609
2.6854
-4.5965
-6.4495
-1.3916
3.2219
2.0388
2.3457
7.7714
4.2942
-0.0592
-0.2366
-1.1317
-2.0213
-3.1735
-1.5996
-3.8807
-7.8825
-1.6981
3.5147
-0.4509
-2.2662
-7.8777
-6.0118
-2.8697
5.5345
3.9345
0.2691
-4.5651
-4.4209
-2.4692
0.1635
5.2148
3.4503
-1.9236
-6.2398
-5.4202
-2.2669
-3.7352
-3.8044
-0.0802
3.0995
3.3655
4.9080
0.3710
1.6076
5.5599
2.2325
-0.2194
4.4235
5.4464
0.9956
-2.1590
-1.0359
7.3332
6.6211
3.1692
4.3674
4.3578
0.2502
-5.2548
-5.6897
-11.4547
-6.5698
4.4977
4.3519
4.4328
6.6766
-6.1174
-11.3320
-11.6747
-10.2833
-10.5321
-7.3465
-6.1945
-8.0367
-3.9659
-0.6803
-1.1209
4.6739
5.7050
3.1553
0.8439
2.5623
6.8607
1.4674
4.4726
4.9182
1.0621
2.1235
4.6117
4.9232
8.1102
6.5455
9.7188
13.0940
13.1706
4.4220
-1.2180
-2.8750
-1.6006
2.3878
6.9797
11.0672
11.4249
9.3364
9.4812
8.4202
4.6464
0.6832
-2.4084
-7.9962
-9.2191
-5.4493
-3.3859
-4.4873
-8.1155
-10.3530
-7.4033
-9.6659
-10.4227
-2.1759
0.9433
-0.6772
8.1702
11.9928
12.1895
16.6016
14.3840
8.6056
4.2440
0.4206
4.0246
-0.8989
0.1442
-13.7291
-10.4544
-2.3023
-1.1511
-1.6127
-1.2423
-6.4517
-7.6066
-5.8806
-1.7556
6.2006
11.0418
14.3377

Coefficient 35:
-0.0692
-1.1925
-1.3195
-0.5200
-0.2765
-1.2297
-2.9021
-12.4647
-15.6391
-12.1926
-2.8975
3.0349
1.1729
1.9332
-4.5368
-13.3145
-13.4306
-10.8927
-8.6707
-11.6221
-9.6567
-5.9468
-9.1457
-4.8418
6.3928
30.1718
22.1456
11.5884
19.1886
27.2572
27.4041
26.6678
5.9451
-6.2382
-3.1862
-2.0567
-6.8413
-7.8671
-7.5179
-6.0020
2.4416
1.9086
-3.8706
-5.9266
-7.4991
-12.7184
-10.1367
-7.5925
-3.0092
0.8186
0.3047
4.0736
-5.7454
-13.9080
-14.7954
-14.9813
-13.9177
-14.2327
-16.2512
-10.3266
-6.7203
-12.3934
-13.0890
-15.7959
-8.1693
-6.8588
-2.8793
-1.5683
0.0612
-0.1295
-0.8428
-0.8448
0.2903
-2.1796
-2.4446
-0.4889
-2.1426
-2.6332
-1.7346
-2.5025
-3.4839
-4.4634
-1.7303
-0.7011
7.8403
1.2533
-9.1360
-11.3963
-9.0003
-5.5308
-3.0958
-2.6651
-0.9155
1.2793
6.1845
10.4931
9.6321
3.5366
-0.4151
0.4746
0.9970
0.4533
-0.5550
0.0903
1.0193
0.6734
1.2950
0.0596
-0.9941
0.1739
0.1491
-0.2813
1.3512
1.0649
-0.9285
-3.1950
-1.0655
1.4608
1.2808
-1.2497
-0.0206
-0.2041
-3.5431
-5.7834
-4.6780
-3.4193
0.1574
-1.5838
-2.6261
-1.9173
-5.5090
-7.8030
-7.6548
-7.7551
-11.7537
-11.8438
-9.8269
-8.6617
-4.4050
-2.0671
-4.1180
-3.0242
-0.6412
0.6919
-0.0680
0.3128
0.6084
-1.8963
-2.8318
-2.0199
-2.6721
-8.3909
-13.7069
-13.3983
-11.9586
-9.1637
-9.8774
-5.1713
2.8428
10.9732
11.6996
5.8802
-0.2963
4.9717
9.9447
9.0886
3.1408
10.1925
6.3047
-3.8280
-13.9074
-17.4526
-16.3356
-20.0148
-15.1301
-14.6610
-11.7708
3.0321
4.2513
-1.4961
-6.9060
-1.4029
-1.1641
-0.5334
0.5222
4.1490
1.1549
-2.8184
1.1166
1.9348
-3.7154
0.0009
4.4802
1.9538
0.6538
2.9623
4.0910
5.1387
1.2700
1.8247
17.7010
9.9947
-1.8786
-2.6410
-5.7984
-4.5631
-0.0156
-2.8357
-2.4513
0.6985
-0.1569
-1.4825
-3.1069
-0.9671
-1.7536
-3.6280
-2.2010
-3.3337
-1.3444
-5.4322
-8.8136
-1.7488
-1.6658
-4.3515
2.2909
-0.1634
-2.0260
-0.6892
3.0999
1.7224
0.3325
-1.0012
-3.8662
0.0746
0.9828
2.7512
-1.4472
0.4064
-11.1644
-17.9882
-17.2829
-11.6333
-4.9450
-1.2359
1.6715
1.1097
-11.7211
-14.2630
-7.3002
-1.5634
-6.8249
-8.0790
-8.2159
-8.0675
-4.6157
-4.5526
-1.4696
2.2585
1.9303
0.9525
-3.5484
-6.4628
-3.5320
-1.6621
-0.7193
3.2578
7.9409
10.0297
3.7789
-0.4165
-1.9985
-4.1601
-2.9976
-2.3651
-4.7814
-3.3017
-2.3213
-1.1032
10.9412
13.5287
7.2597
-6.5412
-16.8849
-15.2288
-12.4356
-3.9471
4.0481
-2.3420
-7.3062
-4.3033
-1.9399
-0.1944
-0.4646
-0.4830
2.5228
1.4466
-2.3255
-4.5421
-10.0021
-3.1719
-3.8559
0.3124
-1.3005
-0.7387
2.2453
4.6166
10.5707
6.1048
-1.7577
-6.3869
-6.5634
-3.8258
0.2661
-4.0882
-1.6654
0.1553
2.7609
1.2256
-0.9330
-0.2622
0.5946
-1.5943
-2.7979
-1.7357
-1.4005
-2.7556
-2.6259
-0.1067
0.0279
-0.1754
-2.6977
-5.7508
-7.3261
1.0693
0.3873
1.1804
-0.6074
0.4115
0.0901
-3.2541
-2.9815
-1.1864
-4.4899
-6.0369
-1.1087
-0.9465
1.4456
-2.4443
-3.1359
-0.0309
-0.3360
-0.8470
-8.9832
-0.4864
8.1930
9.4100
4.3611
-0.1641
2.8470
0.7329
-8.6928
-8.5887
-5.2739
4.6738
19.1888
26.0608
20.7139
16.3401
11.8424
6.6800
5.3373
21.5724
28.9015
25.9746
21.4784
18.1957
16.3338
1.5713
-5.5329
-2.9226
-4.7964
-12.1135
-15.5462
-16.3557
-11.5581
-8.4520
-7.3569
-7.5795
-9.1944
-14.3008
-13.3037
-5.5266
2.5045
7.3206
1.0714
-0.7584
0.1753
-2.1256
-1.3924
-1.3840
-2.4190
-0.7452
1.6994
-0.1416
-10.7215
-13.1192
-12.8830
-12.0536
-10.8830
-4.5633
-3.4696
1.1257
0.0928
3.0620
7.0326
12.3663
15.5578
11.1166
7.3416
3.1477
1.0424
-2.8156
-0.6929
-1.9776
-3.0817
5.1679
7.9996
5.0863
-0.6976
-0.8489
-0.9289
-0.5111
11.8823
10.6283
-2.7987
-4.6507
3.8834
8.6661
-2.7441
-7.9839
-10.3392
-12.3959
-10.0481
-5.4650
-9.1692
-10.0590
-3.5513
-1.4025
-3.0166
-2.3003
-2.7751
-4.8887
-0.8987
1.7844
2.5859
0.1248
-3.3000
-3.8023
-1.5465
0.9479
-0.6449
-4.9244
-0.1825
2.8092
3.2457
2.6925
2.9011
4.3826
-4.5827
-3.7387
3.5836
1.6506
-3.1681
-5.0212
-8.5410
-13.5626
-18.0297
-19.2940
-24.2307
-25.1737
-26.0349
-27.3131
-24.0288
-19.6941
-18.4032
-17.4468
-16.5237
-17.2103
-17.7961
-15.9939
-10.8128
-2.0485
-0.8324
-3.9569
-7.2399
-5.5785
-5.2567
-5.8630
-7.7207
-2.5336
3.9943
6.6367
8.6888
20.8551
25.9777
20.6093
12.2287
5.0153
-2.6367
-1.7757
-1.8059
-3.4473
-6.2732
-7.4212
-10.4858
-8.8879
-3.1019
2.7087
3.8646
1.6607
-7.5550
-16.1690
-17.3517
-13.4992
-7.6939
-10.0970
-14.5983
-11.5091
-10.0551
-9.5031
-6.0518
-4.5467
-6.3654
-0.0199
0.3169
-0.9034
3.6870
6.2902
7.5753
6.1465
4.5158
-0.8977
0.4248
-1.8285
-2.2015
-1.8784
-0.7124
-0.7813
-2.2551
-2.5527
4.9838
5.1587
0.5970
-4.3509
-3.5563
-3.5160
-7.3565
-6.2384
-2.2936
-3.4575
-1.2901
3.6514
-1.5130
-2.5346
-4.2531
-1.6572
0.8117
1.5626
2.5950
2.1471
4.0084
4.1171
7.4983
11.3328
14.2006
9.0665
9.2305
8.7019
2.8041
-0.1566
-2.0880
-0.2605
-1.8073
-2.1965
-1.3117
0.5597
2.6357
-6.0961
2.6723
5.2659
-3.4157
-6.8596
-6.5412
-6.9566
-5.6541
-4.0739
1.9808
3.8694
2.5000
-7.6059
-13.4143
-11.0220
-7.9747
-7.6539
-1.6414
2.6093
2.4332
-4.3538
-8.1834
-10.9371
-10.1937
-6.6654
-4.7512
-1.1248
-4.8092
-6.1841
-3.0987
-6.8604
-4.7193
-3.3901
-7.1842
-1.5107
0.1959
3.5742
11.9221
15.6876
12.3868
18.3503
14.3736
10.0832
10.4097
8.4960
7.5615
8.8567
7.7538
3.3342
-1.8742
-3.5919
-1.5807
1.6847
1.4589
-2.5242
-4.8920
-3.2255
-1.0828
-2.6118
-3.3090
-3.1935
-1.8565
-1.3360
-3.8064
-0.6457
3.1631
3.8628
2.0278
-0.5268
-1.7428
-2.9387
-4.4421
-2.0662
-2.4052
-0.1231
-0.9754
0.7288
2.9338
0.2554
-3.0114
-0.3306
2.4179
2.4470
0.1755
-1.6297
-7.9032
-5.9608
-2.5291
-3.7452
-6.2791
-2.5326
-1.9744
-5.4382
-5.2012
-4.6466
-8.1553
-8.6129
-4.9508
-6.5366
-5.1052
-2.9712
-1.5162
-2.9804
-4.2282
-5.7822
-4.7944
-1.8004
1.2153
0.4207
-1.6616
-2.5037
-2.4123
0.2212
-0.0004
0.0642
1.1319
-0.2017
1.4854
1.0578
-5.2347
-2.8931
-3.4360
-5.0494
-2.1665
-0.8449
0.5809
2.5669
-1.6595
3.1372
7.1211
5.2094
4.5568
7.5829
3.5574
-2.5266
-4.3168
-6.6869
-12.6840
-13.2120
-7.8008
-9.9615
-8.6302
-6.4589
-8.5120
-10.3369
-7.3094
-2.8760
-0.8499
3.6783
4.8739
1.8876
-0.6059
-2.8659
-2.6928
-2.0752
-1.1321
3.9050
7.0705
4.5242
0.9104
0.0047
-3.8257
-2.1179
-3.2544
-0.2010
-2.6742
2.3218
0.1663
-3.7760
-10.2050
-17.4758
-21.4666
-16.4471
-7.2669
-5.0975
-8.9378
-3.5698
5.9577
9.5308
3.3177
-0.7564
-3.2652
-4.3860
-3.2108
6.5507
4.5400
8.8027
7.9959
-0.1335
-7.7138
-5.3639
0.6744
-1.2930
-2.5864
-2.0651
-4.0967
-5.3319
-5.5378
-3.5275
-7.7628
-4.4662
-1.6379
4.4959
1.7186
9.4534
-0.6328
-10.8473
-15.8171
-3.9229
7.0943
1.6941
-6.1797
-6.4177
-6.7775
-9.5954
-8.2024
-7.1578
-8.0099
-8.8411
-3.1239
-2.9008
-8.0092
-8.9158
-2.1861
-5.3751
-5.5715
-1.5125
-5.8606
-9.2615
-10.1185
-13.5200
-8.8097
-3.2506
4.6668
3.4290
-2.0920
-2.8851
-4.2142
-6.2773
-5.6205
-6.0187
-4.4078
-4.8908
-5.3282
-5.4350
-6.5296
-6.3269
-6.3722
-8.1089
-6.4789
-3.2861
-5.7647
-6.8854
-7.7390
-2.2035
-7.9438
-11.2601
-11.9218
-6.0857
-7.0928
-6.0427
-8.5984
-7.1591
-3.8959
-5.6549
-8.0562
-9.8485
-7.6819
-3.0862
-2.8074
-6.5453
-3.9190
-3.7925
-5.3372
-4.8259
1.0541
4.2748
4.3721
0.4683
-0.9594
-1.8642
-4.6484
-8.9917
-6.4873
-7.1112
-2.9190
-0.0295
-4.1935
-3.6276
-3.7082
-1.8101
-1.2783
-6.2845
-9.0168
0.2812
1.4145
9.7787
15.1235
20.1216
16.7140
7.0134
-0.8786
6.2662
4.7465
2.0000
2.6754
5.4664
0.1308
-3.9956
-2.3328
0.4651
0.4639
-4.3098
-8.9193
-8.3079
-2.7295
1.0598
3.3217
2.4309
2.4112
4.3201
2.1214
0.4874
-0.9089
1.7567
1.7439
3.2191
3.0672
9.5318
10.8170
7.9215
3.3206
0.2198
4.4454
3.4901
3.1084
4.8204
5.8793
5.5313
1.2643
-15.0328
-11.3016
-10.8046
-9.5241
-0.4427
4.1460
-0.8330
-2.6950
-2.7039
-4.4945
-4.6665
0.6964
0.3346
-1.0325
13.4008
25.9259
20.5396
18.6953
20.1810
16.4424
9.9930
8.5163
9.7561
8.4215
3.5405
2.6930
-0.9717
3.2767
0.0506
-3.2569
-3.5166
-4.9217
-5.5773
-8.2613
-7.8785
-8.7964
-6.0222
-4.4955
-4.0169

Coefficient 36:
-0.0602
1.5410
-0.2911
-0.5312
-0.4550
9.3741
18.7047
18.0036
12.9584
6.4199
-0.0937
0.5082
1.3668
-2.6927
1.2785
7.0576
10.6218
9.2275
6.6640
1.9857
1.6694
-2.4654
-3.2302
0.1039
15.0633
31.2088
16.3123
2.7099
9.3990
27.9813
28.2531
25.6605
11.5158
-0.4832
-2.7565
-0.7612
-7.0340
-15.3560
-17.3891
-10.9617
1.4710
10.9213
14.9555
13.1428
7.9374
6.7121
9.2112
8.4015
7.1208
2.9725
2.9777
19.7058
16.0136
10.6985
14.6003
6.7160
-4.1876
-13.6785
-14.9407
-11.1599
-3.5616
-2.9040
-7.7388
-11.6157
-6.2790
-3.5577
-2.2698
-2.5503
-0.8242
-0.3360
-1.7186
-2.1604
0.3144
-1.5355
-2.9523
-1.4294
-1.9161
-2.7554
-2.1177
-2.5872
-3.0158
-3.3402
-0.9186
1.9651
4.0000
-1.6444
-7.6931
-12.3158
-7.1361
-2.7318
-2.8570
-5.0830
-5.9623
-7.0598
-5.2378
-4.0641
-2.9473
-4.6767
-1.0259
-0.3008
0.8702
-0.9420
-2.3961
-0.0078
0.9839
0.4231
1.0297
-1.0897
-1.8717
-0.1661
-0.2774
-0.8571
0.9136
-0.5434
-2.7166
-3.8541
-1.0964
2.0963
3.8136
-1.3367
-4.5292
-2.8997
-1.1522
-1.3523
-0.1060
2.4972
4.3318
2.7374
0.1351
-0.0377
-3.9148
-3.7694
0.0357
1.9755
-1.9998
0.4834
-1.1876
-2.9603
0.1189
1.8530
-0.6880
-0.8957
-0.1584
0.4096
0.2444
2.2076
1.5227
-1.6469
-2.7055
-0.5042
2.1009
2.4658
5.9295
6.7592
5.5824
7.4180
3.3187
5.4349
8.6328
12.6894
8.9939
1.3511
-8.6889
-9.7245
-2.7870
-2.2734
-3.3761
5.0161
4.5489
-1.8859
-15.3689
-22.1877
-19.2529
-17.7883
-15.3058
-12.2371
-1.5785
3.6800
11.7885
5.2098
-6.1743
-7.1414
2.6361
0.2304
-1.9082
0.4738
-1.2814
-4.1686
-4.0088
-6.7272
-6.9024
0.8437
6.3817
4.9979
0.8952
-1.4284
0.2259
3.0628
4.1076
-2.5404
8.8338
7.0191
-1.7841
-5.6904
-3.3656
-2.5080
-1.8326
-5.8138
-1.6350
-4.7276
-7.3007
-4.8755
-1.3324
-3.1695
-2.5361
2.3746
-1.0196
-7.7407
-7.9374
-6.9238
-3.5640
4.3487
1.0771
1.6801
6.7342
3.8440
-3.0881
-5.4998
-8.8513
-10.0752
-13.5478
-13.8888
-11.9114
-10.0207
-8.3379
-2.4487
-5.0176
-7.2669
-8.7868
-6.1309
-1.6147
-1.2335
-10.2543
-11.0606
-3.3644
-1.0355
-8.9155
-10.5805
-5.7917
-5.0043
-9.4867
-4.3829
-1.4862
-3.9797
-3.6675
-4.3411
-0.9408
3.8126
2.9237
0.2447
-1.3175
-0.6084
-1.1542
0.9748
3.1579
3.8048
0.1994
-1.6065
-0.8670
-3.2844
-2.8398
-2.2039
-0.6342
-1.3401
-4.2571
-5.2047
-4.0282
-1.8249
14.3968
21.5230
21.4008
7.2356
-7.4078
-10.8961
-1.5963
6.7067
7.7119
1.3192
-6.5362
-9.3740
-5.8461
-4.8908
-4.9335
-5.0238
-5.6860
-4.7668
-5.4369
-3.5231
-6.3842
-0.9911
0.1863
-1.4851
-10.1084
-13.7149
-16.2442
-13.5711
-8.4859
-6.8386
-2.5568
5.7536
7.4110
3.1270
3.6209
-4.9116
-1.5928
0.4355
2.6179
0.9327
-2.1220
0.4144
1.9122
-0.9056
-1.7445
3.8117
2.7350
2.4571
2.3153
5.2905
5.9202
5.8276
2.1315
1.3061
-2.2103
2.2350
0.9397
1.2352
-0.3333
1.7777
7.6738
5.4896
-0.4915
-0.7364
-0.2899
-1.2928
1.5290
-1.0303
-3.3663
-10.6255
-14.5871
-11.3976
-6.1865
-2.8750
-7.5354
4.1584
12.4794
12.5714
9.3900
8.4341
13.6403
1.6823
-2.9584
-4.1775
-5.7004
-1.4894
10.9709
20.7322
24.3938
28.7216
30.4905
22.8207
13.7327
24.3244
21.8527
15.6534
7.3526
9.1215
17.1315
11.8762
8.2472
9.4949
10.2554
6.0502
7.4507
3.3951
4.2658
3.7367
5.0911
4.8622
4.7897
6.6146
7.2988
7.2377
3.7781
0.4464
-4.3515
-5.3342
-2.1354
1.6736
3.8319
3.9176
5.9580
6.7387
3.1088
-7.0817
-7.2860
-3.4615
-1.6219
0.0504
-3.4603
-2.7451
-1.0808
-2.1498
-5.5712
-3.4643
0.6432
4.8989
7.2860
8.1188
4.6243
-0.5560
-1.6065
1.2258
1.2245
-1.3081
-1.1830
-1.0918
-9.6436
-18.4319
-13.3681
-8.6889
-5.5914
-0.1661
10.5877
9.8190
4.6502
7.7164
12.3732
5.2391
-6.5045
-12.0074
-11.1382
-10.9759
-4.4891
-2.8419
-2.4890
-3.6216
-5.7278
-2.5376
-5.6958
-6.2331
-7.1294
-10.0149
-4.8307
0.3084
2.2772
-0.2074
-3.3619
-3.2250
-2.3742
-0.8587
-1.4624
-3.7678
-0.1416
0.4344
-1.1885
-0.0308
-0.2810
1.2798
-4.8139
-2.6145
2.9312
-3.8740
-9.8369
-4.7298
-2.2015
-1.3644
-1.2177
-2.1657
-2.4905
-2.6729
-5.7202
-8.1730
-2.6834
-3.8753
-9.3348
-11.8073
-14.8445
-14.9115
-13.6900
-14.4579
-16.0843
-12.6511
-6.6674
-4.6000
-5.4679
-4.6581
-3.5042
0.8089
4.4513
9.2674
15.2325
15.1834
17.8110
19.3646
22.6607
24.0849
19.7864
13.8969
20.0023
22.0629
20.6528
8.2619
3.0057
3.9878
0.9751
3.0336
0.2662
1.8103
1.9321
-6.2004
-15.1936
-20.8801
-17.7989
-8.0922
-2.1395
-4.8125
-5.3827
-3.1138
-1.2598
-1.9616
-1.7680
-1.2783
0.5285
8.0793
8.9853
5.0415
6.3286
7.4257
9.4665
3.1894
0.4824
-3.6260
-5.3552
-4.5902
-0.0389
1.2960
-4.5701
-10.6151
-13.5706
-14.6371
-9.1713
-5.9826
-6.9323
-6.2309
-5.4102
-4.9026
-2.1083
-4.2351
-0.3495
3.0727
1.7530
0.7728
-7.4398
-2.7767
2.7082
6.9052
4.8899
0.0020
1.3484
1.5510
3.2325
0.8701
5.4279
7.1888
6.7805
4.8800
6.6293
6.2573
1.5776
0.1797
-2.8517
-1.2270
-2.0764
-2.3895
-3.1473
-3.1359
-2.1998
-5.2720
-4.2298
-0.1134
-3.4484
-4.7474
-1.2706
1.1215
2.2589
-2.6972
-5.9821
-7.0057
-0.5133
-2.1733
-4.7714
-2.4254
-0.9822
-6.2223
-10.8609
-6.7447
0.2009
-5.8786
-13.3326
-12.4659
-10.6441
-7.8151
-4.1686
-1.2772
1.5024
1.7232
1.9571
-0.7564
-3.0699
-2.9444
-5.3580
-4.4040
-6.3409
-14.6184
-15.8920
-14.3206
-16.3025
-13.6415
-17.0134
-20.3597
-13.0724
-7.9530
-7.8817
-6.4913
-2.2415
-1.5212
-1.1010
-0.6818
-0.3455
2.7415
3.0044
0.7512
-0.6077
-0.0674
0.1146
-1.5734
0.4006
0.0933
0.6456
1.1283
-2.2947
1.1067
2.4805
1.6777
0.9492
1.5110
-0.1659
-3.7589
-3.3743
-1.0501
-2.4320
0.4772
-1.0154
1.4111
2.6814
-0.3116
-4.0253
-2.3641
0.2378
0.4898
-1.8788
-5.2870
-9.0105
-7.1055
-3.0013
-4.0063
-8.3868
-6.0853
-2.3865
-0.2088
3.1859
3.6342
-1.5591
-4.6883
-3.3196
-4.8199
-5.7149
-4.8144
-0.6448
0.3679
-1.2276
-3.2267
-4.1702
-2.5822
1.7839
3.8288
4.3848
3.8524
1.3833
0.1025
-0.6438
1.1146
1.8013
1.3307
2.0473
0.0192
-4.8359
-4.6632
-1.9328
1.0284
2.1591
0.6123
0.1617
-0.9885
-3.5736
-3.0277
-2.4902
-0.4308
-1.3801
1.7765
0.4811
0.5884
5.4417
5.6765
6.2697
6.3251
6.8091
5.6320
8.2740
8.5771
1.8951
-4.0890
0.0620
3.7955
4.7672
3.4407
1.6677
-0.7292
-0.5912
-1.3732
-0.6074
0.1382
1.6582
3.7331
4.9898
4.8587
3.7877
-2.1565
-2.7615
0.2799
7.2736
8.1040
5.6800
7.0529
2.8382
2.1651
6.7476
4.8751
5.3676
2.5241
-4.5969
-6.0878
-3.0414
-0.5046
3.2540
6.6905
6.4345
4.9162
-3.3396
-7.6738
-4.7203
2.1170
-1.8592
-0.2641
-0.7264
-3.1329
-3.0739
1.4089
-0.2536
-1.1801
0.4952
-2.8997
-1.4882
-0.9649
-3.1679
-1.6099
-6.1978
-1.3689
9.2843
8.6214
3.1345
21.2820
19.1758
8.4231
0.9559
15.3184
29.1915
20.0368
7.3898
7.8961
5.8208
9.9595
11.0274
9.7349
3.6709
5.9022
7.1306
2.7829
-3.9494
-7.0544
-4.9525
4.3789
2.4076
1.8903
-5.1416
-7.3050
-5.1814
-3.2826
-0.3207
2.8938
9.4441
19.9344
18.3166
13.3216
4.8831
0.9553
4.0292
6.9471
2.7000
-2.1880
-4.9810
-1.7087
-0.0916
0.3373
4.4559
3.7108
6.2681
2.7409
5.2693
8.9952
8.9018
5.5959
2.8479
6.2052
4.1049
3.5954
-0.1099
3.6518
-5.7891
-4.4382
-1.7318
-0.7736
3.9030
3.6531
4.5606
0.1557
-6.1810
-1.7969
3.0550
1.2875
0.9244
0.6855
0.0844
4.6263
6.4723
0.5626
1.6915
4.1646
-0.4355
-1.3073
3.6898
0.6972
4.4446
7.1758
0.7913
1.7443
0.4896
-4.0009
-4.1822
-7.2133
-9.8060
-1.8209
3.7535
10.6080
17.4952
23.6111
30.2257
29.2893
27.4610
27.2984
17.5409
5.5281
-3.5585
0.4321
3.1329
3.1826
4.7585
-0.3554
0.7492
0.1713
-6.3216
-3.4836
1.4156
0.3425
-4.3111
-6.3562
-2.3695
2.6585
-5.5884
-6.1406
-1.1892
-0.6546
-5.5998
-2.7220
-1.1876
-6.1414
-8.0386
-10.6808
-5.7983
-3.7358
-6.1400
-12.4255
-7.8789
-1.7694
-2.6187
-2.3127
-1.1481
-3.3865
6.6096
10.3400
12.4119
15.4028
12.6929
6.4580
10.6132
9.9203
10.9765
4.6843
2.7691
-0.9305
1.0733
3.5450
-2.8067
-2.7768
-2.5796
3.7713
4.3958
0.9870
0.4579
0.2385
-3.8993
-4.8037
-4.7094
-5.2480
0.7435
8.5492
5.3065
-3.4833
-6.4041
2.3473
-2.7690
-5.6176
-5.7658
4.5392
12.2853
11.0288

Coefficient 37:
-0.0464
7.4998
-0.2242
-6.2518
-11.5804
-1.4116
23.2426
24.0266
9.1011
-6.4292
-5.9827
-0.7316
-0.0478
-7.0441
-9.9988
-10.5352
-4.6897
2.0985
6.9843
1.2958
-4.6453
-4.4770
-2.9184
-2.2643
6.3600
7.4692
-11.1677
-15.7691
-6.4086
14.0351
27.4991
34.2174
21.7226
6.7776
-0.6201
2.6417
2.9630
-8.0718
-12.0569
-8.0069
1.1420
0.9527
-12.0695
-14.7107
-9.3894
0.2747
-3.4470
-7.9984
-0.3985
4.6764
0.5739
12.4502
6.1947
-1.7865
-4.6096
-2.5693
5.2156
0.5300
-6.3615
-7.7783
-7.7130
-5.0444
-6.1125
-5.8136
-2.1757
-3.3542
-1.7813
-2.2464
-0.1582
-0.6910
-2.2864
-2.8371
0.3763
-1.2868
-3.2945
-2.0552
-1.5631
-2.8560
-2.0182
-2.1858
-2.3728
-2.0431
-0.8545
3.0170
0.7232
-2.1455
-4.1052
-7.7963
-4.5872
-0.2624
0.3352
3.1230
4.9581
1.1768
3.0051
5.0994
-1.1438
-4.5166
-0.5544
2.1498
3.6569
0.6587
-1.3415
-0.1157
1.1806
0.2113
0.7576
-1.2303
-1.3215
-0.4586
-0.6424
-1.6698
-0.4127
-1.9678
-3.3467
-3.5984
-1.0624
0.2091
3.1693
4.4682
0.1714
0.5973
2.6275
3.0022
2.5523
2.4387
2.2241
1.7075
0.3726
-0.0363
-1.2148
4.0339
14.6667
17.1693
17.4689
17.8726
12.1870
6.3881
6.3738
5.1611
2.0270
0.1149
-0.3916
-0.1881
0.1782
3.1922
2.0827
-0.7848
-2.4612
-3.1118
-9.0096
-8.2708
-13.4749
-14.0420
-14.9505
-10.8145
-12.5673
-6.1390
4.9475
11.2349
9.0316
-1.1599
-5.0614
-5.7625
-4.3640
-6.3804
-10.4044
0.7681
10.3203
12.8636
5.1485
1.5815
-4.2760
-7.2105
-6.0474
-2.3495
0.4794
-5.5599
5.7865
5.2463
-2.3088
-2.7275
4.2568
0.1428
-3.0320
3.9333
2.9490
-3.4521
-0.6534
4.7321
5.1711
5.7888
1.0171
-5.0724
-5.4575
-4.9735
-3.6790
-7.7150
-9.7276
-18.0172
-4.2691
6.0289
-2.2338
-9.9413
-11.5531
-11.0691
-10.0452
-6.6004
-4.0088
-6.7317
-6.7053
-3.7029
-6.0665
-7.8088
-8.3882
-6.1679
-0.4024
2.9401
-0.4377
-6.4844
-2.1264
10.2233
11.2799
6.7781
8.4721
2.0711
-4.9825
-3.4405
-1.5363
-0.1043
1.4427
2.5178
-0.9932
-1.1714
-3.1851
-3.1035
-6.1875
-11.3881
1.6114
3.6887
6.9035
6.0326
-0.4865
-4.1057
-2.7811
-1.9863
-3.7081
-9.0054
-6.2016
-4.6539
-4.4414
-3.9274
-2.7743
-2.6147
-2.5118
-3.1144
-0.1540
0.1655
-4.4823
-5.2123
-5.2387
-5.3548
-2.4420
-9.2228
-9.7210
-3.3019
0.3711
-1.4716
-1.5427
-1.3593
-4.3461
-2.7009
0.6162
1.4635
-2.9139
-6.4433
-4.9429
-4.7765
7.6134
17.5489
29.4917
18.2083
4.2270
-6.3545
3.1530
10.9811
14.8435
17.6993
4.5331
-4.7483
-2.4476
-1.1820
-1.3129
-4.5439
-3.7777
-2.4621
-4.6362
-3.6108
3.4411
11.0888
15.3046
11.7189
7.1836
5.3294
4.2862
7.0605
9.4118
7.5923
2.2912
-0.8896
-0.4080
-2.9499
2.3861
-0.3321
1.7079
1.9427
1.9234
0.2681
-2.8790
-0.1590
1.2937
-0.6419
-1.1467
-2.4965
-3.9633
-4.3057
-4.0517
-1.4567
-0.1654
3.1649
3.2981
3.9880
1.2968
2.2559
0.1832
1.5886
2.3701
3.2963
4.3131
1.5916
-1.3899
-1.2181
1.6804
1.3828
2.4509
1.6496
-1.5873
-3.8160
1.0599
3.3957
4.9086
5.0899
3.8418
0.3135
0.8793
-0.7027
-3.9464
-2.6842
-3.4042
-3.0669
4.5610
2.3671
-5.2086
-12.7578
-3.7161
11.2585
20.8279
26.7847
32.9827
32.5096
27.4361
24.4988
12.0345
-2.8528
-11.6778
-7.3503
-0.7252
2.8876
0.3851
1.2163
0.0573
-1.9216
-2.0425
-1.0685
-1.4943
-0.8456
-3.3712
-1.4182
1.1666
5.7636
4.2601
-1.1569
-1.9141
-0.6211
-3.9903
-7.8325
-5.4515
-6.1434
-7.8270
-9.6553
-12.9896
-9.1902
-10.9968
-12.1106
-2.5752
-6.9639
-7.6730
-10.2682
-8.1266
0.4438
-2.2910
-3.9362
-9.6139
-14.6796
-16.1666
-11.4758
-7.0698
-4.2977
-6.6284
-6.2396
-6.9202
0.0378
-4.2677
-3.7685
-3.0900
-3.2396
-5.5389
-6.6969
-2.6592
-9.9163
-7.9587
-8.2822
-5.6311
1.2960
-2.6552
-4.0474
2.5313
16.5446
9.1906
1.9327
1.3541
4.5449
6.2825
6.3351
3.1517
0.5067
-3.5881
0.5148
-0.6180
-0.5193
-1.9725
-3.3921
-0.1205
3.0692
3.0951
-0.6220
-3.2238
-2.6726
-1.4807
-0.2975
-2.2483
-4.1168
-1.4890
-1.7243
-2.9396
-1.7854
-0.8256
0.1718
-3.8827
-1.1922
-1.2099
-6.9453
-0.5392
8.7825
16.5672
20.5299
20.5359
19.3758
15.9760
14.8258
14.3410
9.5764
10.0492
5.0782
1.2455
0.0981
-4.2012
-4.3021
0.7007
0.7421
-3.7108
-7.4786
-3.2340
-1.7349
-7.0872
-8.4874
-5.5834
0.2935
9.3334
24.2096
30.4063
30.9299
25.3290
15.2601
10.0613
14.2726
13.8295
18.6776
30.8909
31.1858
24.7426
13.5339
3.1318
-1.2587
-0.8533
1.1174
-3.1178
-1.5163
-1.9028
1.5301
0.5204
-0.8476
8.7501
14.2339
9.2265
-0.1652
-1.4663
1.5002
-0.4229
-7.4927
-8.2324
-4.6736
0.4484
-0.3973
-1.4642
-0.5445
0.7720
-2.8530
-3.7039
-5.5704
-0.3055
0.7156
-2.3564
0.7630
-2.4452
-5.3042
-2.8294
-0.3682
-2.2066
-6.7576
-0.0964
5.5020
7.5927
2.1255
0.8099
-2.1263
-5.8174
-5.7409
2.1853
5.2467
3.8006
4.8796
-1.9748
-4.5312
-5.3229
-4.9236
-4.2197
-0.6716
-0.2270
0.8346
3.3408
1.0558
3.0537
0.8689
-0.8119
1.0494
2.7791
2.5511
-0.2270
0.4612
-2.4266
-1.9834
-2.5139
-0.3024
0.1230
0.3305
-0.3638
-1.1669
-0.1608
3.2528
2.8643
3.6866
3.5148
1.7486
-2.0901
-8.7989
-11.5911
-11.8828
-8.4077
-6.5836
-5.5841
-1.4991
3.1882
5.7123
1.6209
-1.3071
-0.5457
-3.1076
-4.7349
1.7545
5.9622
4.0984
2.8088
-1.2910
-1.0098
1.3827
2.0819
6.5628
5.8921
1.9577
-4.2437
-10.5742
-15.4322
-12.8005
-13.9340
-17.0631
-17.0711
-8.5923
-5.1847
-7.7564
-5.0002
-4.3523
-6.5185
-7.8374
0.2354
2.7572
2.4984
-0.2209
-1.5482
1.8015
0.1740
-0.4262
-1.3032
-0.6470
0.5070
-1.6205
1.4211
1.9253
2.1704
1.5583
-1.8094
2.5880
2.7761
0.2384
0.0262
-6.6300
-10.1914
-8.6002
-6.6261
-4.1167
-4.0963
-1.3285
-1.0596
1.4325
2.0598
-1.0004
-5.1318
-3.9266
-1.5408
-0.8930
-2.0967
-1.4899
0.6324
2.5274
4.1713
3.4064
2.8371
5.7857
4.7921
4.9822
6.3722
4.4143
-1.6293
-4.0442
-1.1517
0.6572
-1.9742
-4.4261
-3.1827
-0.6897
0.1262
-1.3719
-3.6554
-2.3858
1.6580
1.7195
2.9710
2.0300
-1.9150
-2.1912
-2.8726
-0.2084
1.6967
3.2172
3.4545
0.1938
-3.0789
-5.9192
-6.3054
-9.3299
-15.0425
-12.5172
-8.0339
-7.4909
-7.6444
-8.7401
-9.1958
-5.6366
-1.5346
-3.9012
-0.7545
6.4841
9.5592
5.7382
0.9153
-2.6387
-3.1863
-3.7815
1.6072
0.9306
-2.2059
-2.5912
-3.5596
-1.3706
4.3986
6.2566
2.8078
0.3857
-0.6540
-0.8926
-0.0469
1.3623
2.7902
3.0455
2.8386
3.9060
4.9142
-0.0196
-0.0654
-1.1938
-1.3182
3.9027
1.8262
0.3237
-2.5205
-3.0046
-2.4776
-8.5040
-2.4710
-2.7867
-8.2624
-8.4196
-7.0181
-4.9204
-3.3255
-0.7776
6.5165
4.4206
4.7980
3.0836
-0.3840
-3.3832
-4.9526
-6.4277
-4.8857
-0.9926
0.5410
1.4005
-3.9778
-4.3066
-0.9508
-0.9456
-1.0051
-0.4730
1.1258
1.8601
-3.4784
-1.6377
1.7328
6.5123
2.1483
10.2358
18.7258
12.6902
2.5092
21.0089
30.5836
24.0904
11.6252
6.4849
5.8287
4.9534
2.8694
-2.3198
-2.0624
5.6856
9.7751
10.7935
7.6892
7.1029
10.5512
9.5748
11.3306
10.8231
9.1948
11.0556
11.0932
5.5944
3.1169
3.5458
11.6918
8.6253
7.0432
4.0143
0.6968
-2.7491
-4.3016
-2.4586
-4.6582
-10.6291
-8.2626
-2.1620
-2.2916
-3.3775
-3.2496
-1.3413
6.3491
6.2235
3.9401
2.1333
1.8284
3.0035
7.2665
12.4803
8.5673
4.8542
-2.7815
-0.2503
-3.9283
-1.4045
-3.3103
-8.2983
-11.2978
-10.8002
-7.4344
-9.3404
-3.8408
-2.1249
1.7639
3.5577
1.7699
0.6137
-0.4334
-1.5053
-1.1807
1.3333
1.3103
2.2178
-1.7797
-3.1504
-2.3841
-0.3572
6.3199
10.5784
8.2469
2.5277
1.5529
-1.7126
-6.0540
-5.2321
-7.1320
-9.3162
-6.0301
4.9175
18.5579
30.1405
42.0674
44.4000
41.5553
34.0390
22.1788
13.6945
7.3080
11.0343
10.2505
8.4433
9.7873
5.3545
-3.3614
-1.3389
2.5920
10.1193
7.4468
2.7515
2.5701
2.9686
8.1372
9.2869
13.9454
12.1962
6.6503
0.5994
2.0042
2.5046
2.4992
-3.7072
0.7850
4.0208
2.0235
-5.1497
-7.7262
-9.6915
-7.4049
-6.3001
-8.7727
-9.5779
-11.9200
-7.0355
2.2709
2.3317
-2.3133
-5.0203
-3.5141
-2.5961
-0.2677
0.1736
1.1553
0.3187
-1.1580
1.2878
5.1690
-5.0115
-10.6507
-17.1675
-24.7967
-23.0836
-17.0592
-13.5142
-13.6787
-14.6975
-12.4203
-10.8759
-11.3142
-11.0254
-5.8356
-4.5811
-4.7780
-0.7058
3.5125
1.8609
-2.6230
-3.4905
-0.8437
1.7342
5.7348
8.0258

Coefficient 38:
-0.0290
6.4462
5.1555
2.7149
0.3995
8.9053
30.5960
37.2005
20.7512
2.1731
-3.7154
-1.0682
-0.5059
-2.7870
-1.6453
0.5245
4.9645
8.8940
12.0345
12.9021
0.1211
2.4847
4.8173
8.1429
11.4539
5.8457
-0.3085
3.8176
5.7909
8.9856
19.7782
29.8558
22.8029
7.8465
-2.3754
2.1044
14.0151
7.0804
2.8138
3.3170
4.1492
8.6776
7.6367
7.4581
14.4563
14.4609
5.4965
-1.3859
-0.5854
4.4699
-12.2435
2.8403
13.3017
9.0920
3.3912
4.3905
13.0279
12.8717
10.7538
1.9605
-2.9903
-6.5449
-11.6177
-13.9524
-8.5504
-2.2557
-1.2034
-2.4353
0.0230
-0.9493
-2.5174
-2.8111
1.1049
-1.4653
-3.3043
-1.9434
-1.1046
-2.4240
-1.4456
-1.3448
-2.2172
-2.7168
-1.4348
2.3419
9.6670
17.0884
19.2747
11.3140
9.7239
18.5566
17.8217
14.0354
16.7066
21.0008
12.5101
6.4571
-0.4160
-2.4755
-0.4988
-0.5564
0.7848
-1.6937
-2.3606
-0.2565
1.0960
-0.3011
0.4948
-0.3968
-0.0981
-0.0053
-0.8155
-2.7127
-1.9969
-2.5983
-2.4722
-2.5519
-1.1085
-2.2704
-1.5847
0.2689
0.5415
0.6772
-0.9927
1.7126
5.1084
3.2245
2.4460
0.3842
0.1135
-0.0409
1.3939
2.9377
4.9283
2.2893
2.8752
1.3444
-3.7702
-5.9067
-2.7254
2.4143
0.4206
-1.9023
-1.8362
-1.1017
-1.1583
1.2109
-0.2446
-1.6717
-2.5937
0.2428
-1.5151
14.3930
9.9959
7.0102
7.4142
10.9185
11.4685
10.5368
13.6355
17.1408
11.3336
0.8698
4.5772
8.7171
5.3850
0.2236
-2.6530
0.7247
13.9349
26.8183
21.3348
10.2456
4.4202
12.6431
15.7267
10.2363
11.6397
6.3498
17.8561
27.3676
25.8796
19.8597
11.9235
10.3551
7.2591
-1.1025
-0.9307
-1.9688
-0.0348
-1.1996
-3.0533
-3.2760
-6.8324
-7.2366
-6.9372
1.9635
4.3500
1.6335
-0.7105
-4.4301
-0.0108
10.0181
9.9374
0.0287
-5.1936
1.2446
3.0022
5.2919
4.2939
1.4477
2.1774
1.7856
5.0196
1.5376
-4.6929
-6.3908
-5.7675
-3.7311
-0.7996
2.5190
12.6997
16.3148
8.8712
6.0449
6.5951
1.2994
0.5378
0.5865
-2.1185
-1.2769
2.0833
3.1380
0.9704
0.7422
-2.7635
-4.4781
-6.5520
-6.0949
8.3260
14.2599
13.2695
10.6903
9.1613
2.1721
-2.1635
-1.0817
7.1665
2.7821
-1.3258
-0.0931
4.3430
5.6059
2.6680
0.6797
-0.6313
-1.1928
0.4501
-3.5768
-3.4789
-3.5486
-4.9988
-7.4345
-7.4218
-10.0955
-10.9892
-8.3104
-9.4572
-10.8499
-9.6672
-5.7081
-5.8294
-5.3740
-2.7403
-1.3353
-3.1821
-4.7601
-2.9871
-2.6920
-0.7512
7.2513
26.1565
29.7639
15.7031
-1.7844
6.7558
22.2476
23.1503
27.5770
18.7410
3.6325
-0.9077
-3.1793
-6.7188
-6.0332
0.3020
1.3743
-3.1986
-5.2566
1.4141
5.6028
2.9950
-3.8966
-7.0777
-3.2375
0.5693
1.9482
0.7431
2.9305
-1.7785
-6.0878
-5.2219
-1.1246
-0.9127
-6.8948
-5.2443
-2.5499
0.3165
-0.7893
-3.1773
-1.5971
-0.8287
-1.9627
-2.8482
1.7866
0.6987
2.6723
-0.2035
0.1688
3.0125
5.9266
6.7632
2.4685
-0.4564
-0.4071
-2.8243
-1.0467
0.4456
-0.2127
0.1047
-1.3286
-4.2662
-1.0617
-1.1484
-0.1337
0.0085
1.9154
0.9783
2.9600
12.3804
12.3200
7.9944
2.8129
-2.6157
-5.6797
-3.4177
-5.9962
-3.8745
3.9279
-0.8938
-0.3958
-0.0995
1.0197
2.7046
1.5041
-1.3641
7.2529
17.0831
23.3829
27.4745
27.3565
20.3005
0.6589
-10.8435
-12.6121
-9.6742
-5.9317
-0.0409
7.0227
7.3756
7.7127
2.3881
-3.8489
-11.8980
-11.0807
-3.2216
0.0488
3.7410
11.8947
10.4753
2.7507
0.1181
-10.3300
-11.8417
-4.7071
-6.7138
-3.7965
-2.2812
-2.4773
-3.7680
-4.9131
2.1071
0.4530
-3.0172
3.2033
6.0879
9.9178
8.7519
5.5325
4.0636
5.8485
3.7802
5.0533
1.4081
-2.5870
-1.9578
1.9420
0.8443
-5.2874
-10.2844
-8.1285
-9.7219
6.2247
5.5074
8.3326
10.5738
4.6457
5.2119
10.7092
16.6063
8.7218
4.6298
5.1357
10.4141
8.6055
-2.9248
-7.9265
-2.9167
3.6474
0.9983
-1.1860
-1.0988
-5.2100
-8.0341
-6.3379
-4.0124
-0.7591
-2.2436
-6.9517
-3.0516
-0.5818
1.1292
1.9382
0.9985
0.7253
2.2708
-1.2834
-3.2115
-2.5038
-3.1754
-3.1963
-3.2327
-5.3270
-6.6898
-5.6067
-4.4905
-4.3377
-2.5229
-2.1812
-2.9843
-0.6987
-2.7746
-3.7793
6.5963
8.6896
4.4377
-0.8641
-2.2010
-3.2299
-9.1512
-13.9880
-13.9326
-11.1205
-8.2970
-11.8758
-11.1523
-4.7469
-1.4698
-0.1854
4.1374
6.6541
4.9764
-3.2453
-5.7138
-1.1575
-0.9180
0.5720
-1.7022
-0.7285
9.4547
21.8649
26.1841
23.1474
11.4986
-3.3744
-11.6610
-8.2171
-4.6698
8.1322
23.0122
26.6461
22.8746
12.8474
6.3879
4.1178
3.2873
2.7813
0.4733
0.1480
-2.9791
0.8973
5.7068
8.9170
18.3894
17.0664
9.4303
7.8158
9.5285
8.3363
0.2484
-5.7783
-7.8340
-9.5856
-8.0160
-7.0116
-9.1996
-10.1435
-5.7834
-0.9120
-3.7741
-7.8829
-5.9356
-4.6581
-0.1088
-0.2219
-1.8112
-2.1600
1.2415
5.8810
4.7952
0.9060
3.7548
-0.3544
2.5720
5.2884
3.2964
1.4173
2.4882
-0.9632
-3.0283
-2.6181
-0.6166
1.3218
2.1437
-3.0912
-4.7169
-2.4434
-3.5915
-6.6284
-1.9784
0.0122
0.3681
-3.2202
-2.5629
-1.0318
1.0392
2.8918
3.3465
2.3548
-0.3897
1.7849
1.1721
-0.5316
-1.7743
-1.8642
-4.1779
-3.3482
-3.0559
0.9394
-6.3788
-8.8147
-3.4660
-2.9862
-1.0204
4.9936
-1.7867
-1.5563
-6.3426
-8.2062
-8.9036
-15.4685
-7.1658
-2.3609
-2.3594
-1.8504
0.7417
1.3462
-0.3429
-1.9789
3.2610
0.3676
0.0895
2.1999
3.1750
-4.3737
-8.0475
-5.9096
-5.3500
-1.9244
-0.6165
-2.2556
-5.1286
-11.9990
-9.6978
1.5946
9.3617
7.6857
3.5978
8.0597
9.6785
7.6478
10.0835
10.0524
9.4431
5.6998
4.9866
4.3960
0.6691
-4.4754
-5.1804
-2.0207
-3.5552
-5.5121
-3.0240
0.1006
-0.0054
-0.8361
0.3705
0.3262
1.5843
0.4519
-2.0412
2.8627
4.5278
2.2974
1.9797
3.7955
0.6191
-1.9771
-3.7547
-5.8810
-5.8724
-2.6982
-1.0600
1.0102
1.7318
-1.4505
-5.0643
-1.4375
0.5032
1.2323
-0.4842
0.6813
1.9212
3.0896
4.2513
4.3250
6.7304
8.7581
4.2919
1.7005
-1.5930
-4.7693
-2.3280
2.4079
5.3014
5.9575
0.0403
-4.3808
-4.0102
-0.6078
-0.3214
-0.1772
-2.0647
-2.7913
1.0899
3.1592
3.7295
4.9855
2.6602
1.1238
-2.3998
-2.2502
2.6841
1.4837
2.0971
0.7569
-0.9548
-5.2203
-4.9899
-6.6642
-7.1035
-0.4378
-1.5465
-1.9660
-1.4119
0.3668
-2.2475
-0.6807
0.9649
0.5805
3.8459
6.2522
9.4526
6.7765
3.8719
0.4355
2.1420
-0.7751
-0.0120
-1.4716
-4.1293
-3.6259
-3.3054
0.9542
2.0383
0.5304
-0.1451
0.5938
-2.0714
-1.1914
1.1202
1.6463
4.6728
4.4947
1.3359
1.0401
1.9797
0.4072
-2.9871
2.2489
1.3177
-1.8124
-5.5731
-8.3710
-5.8627
2.7071
-0.1176
-2.7644
1.3828
3.9652
4.3554
-0.2660
-4.7786
-5.3004
-1.8579
-2.1105
-4.4280
-8.8682
-1.4255
-0.7606
-3.0316
-8.6236
-9.6767
-10.4571
-5.2858
-1.9071
-3.0030
-5.1632
-0.9625
-3.0170
-3.4394
-2.1813
-0.1886
-1.1529
-1.9313
-2.1139
-2.3626
4.3713
11.9753
12.8638
4.7879
-4.0287
12.1366
13.9680
12.1403
19.3838
20.9854
21.2865
12.5365
2.1692
-2.1789
-4.6776
-4.7837
-2.8405
-0.5762
-0.8389
-2.4016
-2.6770
-4.6753
-3.9754
-1.6219
-2.6510
1.0696
1.7755
1.3138
3.2982
0.7139
-7.1039
-14.4669
-15.1734
-10.7735
-2.2340
-9.7429
-11.6912
-3.9929
-4.6879
-5.7599
0.8045
1.3905
3.1196
8.3389
8.9589
10.0732
8.7666
7.9517
6.0124
-0.0185
-7.6594
-6.7927
-8.7163
-3.3239
-6.5721
-5.4819
-1.0566
0.3366
1.2893
-2.6900
1.7748
0.5092
0.2003
3.1014
1.9257
-2.2432
-4.7286
-5.8088
-8.4373
-1.3963
-2.7657
-6.0320
-6.6005
-6.5355
-9.6049
-13.2757
-12.6826
-3.2232
5.2488
6.8009
2.8920
1.6129
4.3278
3.8752
0.0896
-5.9391
0.5258
1.7161
-3.1534
-3.8643
-0.3425
2.0684
0.1470
-0.6755
0.6674
0.2866
1.8417
6.8698
11.3346
24.5924
32.2705
30.8194
31.6576
25.4850
10.5653
2.2650
1.8830
5.4060
5.5974
7.5829
2.3986
-4.4882
1.7576
6.2489
3.3354
0.3623
3.6054
10.2154
8.9231
10.2176
8.4191
7.3117
9.2041
8.0465
4.2323
3.6022
-0.0539
2.3482
-6.3962
-6.4288
-1.2042
-0.5814
-5.3627
1.2629
6.1332
2.7263
3.3388
5.1949
1.6475
-2.7924
-3.5162
-5.6212
-9.3790
-15.5863
-12.0034
-7.8171
-10.2086
-12.3333
-16.8152
-12.2437
-1.1262
1.0760
-1.9654
-3.6676
-8.0483
2.5518
9.8775
8.5484
5.1952
1.8208
-1.3620
-7.7119
-10.6132
-11.2537
-6.6674
-6.0030
2.3744
11.1611
0.0040
-6.5306
5.0471
13.8771
9.5935
2.0088
-5.2184
-4.1058
-2.4937
-3.2761
-3.7994

Coefficient 39:
-0.0093
-2.4026
-3.4532
-2.0708
0.9199
5.9605
5.2557
14.8683
11.6426
-0.5636
-6.7020
-3.4704
-1.0489
0.9079
-1.2409
-8.2398
-3.3630
7.6580
12.5725
5.4968
-3.7064
0.0339
-0.2590
-6.9509
-16.2327
-19.0568
-16.0021
-7.9547
-15.2237
-28.6047
-23.0130
-11.6609
-3.2818
-1.7534
-1.4180
9.0145
23.7532
15.0896
7.0240
1.1056
1.7549
-2.0197
-1.0532
3.4744
8.3583
7.1466
0.6338
-1.7704
-0.1714
0.0829
-2.6924
1.5360
5.1009
-0.2511
-1.8836
8.6448
23.7099
26.3053
24.2983
13.1301
-0.8008
-3.7206
-1.6477
0.0003
-2.0533
1.3778
-1.6946
-3.5911
-0.4640
-1.2390
-2.4856
-2.3559
0.0475
-1.9806
-2.8046
-1.2201
-0.5387
-1.3184
-0.6836
-0.3793
-2.2344
-4.2583
-1.9631
0.4935
10.0856
24.6973
35.8387
32.3923
24.4867
21.8072
17.3540
18.7007
23.8065
25.4165
19.8023
12.9617
5.7930
0.5863
-1.8100
1.9117
3.7954
-1.0719
-2.6110
-0.2415
0.9814
-0.7752
0.1554
0.5419
0.3991
0.5068
-1.1283
-2.6910
-2.9197
-2.5184
-1.0101
-1.6061
-1.4069
-3.0331
-5.7850
-6.5268
-4.2434
-4.2404
-4.6887
-0.8073
2.1973
-1.3996
-0.0495
0.7105
-0.3121
-1.8367
1.3141
-0.6684
-6.7313
-7.6218
-5.8287
-3.2892
-8.0808
-12.3468
-8.4243
-1.3363
-3.3857
-5.3670
-4.1839
-2.4342
-3.2289
-2.5459
-4.3658
-6.2426
-6.4182
-3.9428
-6.6221
-3.3866
-9.2029
-10.3826
-6.4785
-7.0187
-8.3001
-4.8929
-1.3989
1.1081
-0.8836
-7.8575
-0.1242
3.8936
2.7520
-4.5750
-5.7610
-5.0025
6.3683
21.5035
26.5451
19.7173
10.3591
3.6402
-0.2545
-2.2778
5.2268
1.5045
10.5063
21.0052
25.7194
20.8903
3.8934
-9.0614
-10.7786
-10.9505
-6.2201
-0.7278
-2.0334
-3.0613
0.8847
1.5096
-5.3568
0.1379
0.8983
0.8073
2.0023
4.6685
2.3426
-6.1604
-11.6970
2.2730
6.8570
-3.9749
-11.2294
-8.5853
-2.6875
-4.4944
-2.9727
-5.0476
-9.7397
-6.2422
-4.2085
-3.8405
-1.2221
2.1558
-1.6551
-2.5019
-0.0303
-1.3358
15.0641
15.3638
8.1215
-0.1136
-1.8793
0.9236
0.0028
-0.2605
-3.6202
-6.8625
-6.7097
-3.8219
0.4535
0.1237
-4.0520
-2.9309
-5.0304
-4.0760
6.3026
8.5616
10.8099
8.9809
0.6941
1.4952
-0.4756
0.1623
9.4575
3.6701
1.3943
0.3886
0.9433
0.2468
-3.5600
-3.4754
-1.0107
1.0607
0.8635
1.1460
-0.3548
-0.2211
-1.7397
-3.6113
-0.4603
-2.6952
-4.1363
-3.9583
-5.6935
-4.0589
-5.0303
-4.7455
-3.4769
-1.3710
0.3110
0.0201
-1.2716
-3.3663
-4.7595
-5.3292
-8.6204
-10.9385
8.6383
29.4286
25.1533
13.0096
12.2476
19.5456
17.9383
21.0030
18.4361
2.8919
-10.6470
-13.9820
-11.9420
-8.7259
-6.9973
-3.9477
-3.4891
-5.8936
-5.0936
-1.1322
0.1948
-2.5796
-4.8118
-6.3801
-7.0165
-8.6417
-9.5166
-5.0761
-5.3432
-4.1643
-2.3651
-3.4109
4.4638
1.3198
0.7497
0.0675
0.7097
-1.9064
-3.3763
-2.6453
-2.5465
-3.2722
-4.7468
-6.3024
-6.3903
-5.7959
0.0966
2.7383
-1.9887
-6.6710
-5.5815
-1.6769
-2.3833
-3.4363
-5.8944
-7.3459
-9.3097
-9.6875
-12.2161
-10.1147
-4.6027
-3.4760
-6.4974
-5.6866
-4.4486
-3.6025
-4.1554
-3.3793
-1.6684
-6.3656
-11.6197
-8.4294
2.8693
0.2931
-0.1097
-2.6942
-3.4742
-2.9806
-4.7734
-9.0583
-7.3030
-12.6524
-11.4612
-9.3328
-16.0808
-15.3171
-2.9410
5.3095
11.5375
13.8146
16.7150
2.9176
-2.2495
2.1823
3.6323
-0.1083
-1.9507
4.9402
8.6514
8.2092
1.4818
-0.4965
-3.7090
-3.1497
0.6033
-1.8727
-1.6864
2.4687
1.0758
-9.0572
-15.4274
-16.7030
-11.3232
-1.7196
-3.2809
-6.4637
-8.5503
-9.1189
-4.7624
-5.4258
-3.8672
-1.4554
-2.0627
-0.3746
-3.5049
-12.4360
-11.4362
-7.0129
-10.9710
-6.3389
-0.3491
-1.4745
-2.2615
-4.1069
-1.4565
1.6976
-0.3934
-6.7089
-8.6326
-6.4807
-6.1564
-2.3059
-1.8493
-0.0788
-2.0534
-5.6160
-1.9396
-0.5039
-3.7864
-5.6651
-5.0131
-5.1632
-2.9321
-2.4725
-2.4416
0.5355
4.9749
13.6419
9.1356
3.4562
-3.6310
-5.6591
1.1626
4.6658
4.0188
3.3871
1.7141
-3.3966
0.3131
-2.5848
-3.5746
-1.6769
-0.7551
0.1580
0.6398
-0.9690
-3.2550
-2.5590
-2.8534
-2.6558
-2.0955
-2.7813
-6.7028
-6.2080
-5.0850
-5.1878
-2.5301
-3.1379
-2.3952
-1.0044
-1.2632
-1.1454
-2.7453
-6.5755
-9.7805
-15.3916
-13.3241
-11.9011
-9.5692
-11.6573
-12.7947
-9.6286
-6.1037
-7.0762
-5.7856
-1.8011
-0.4852
-2.3537
-0.6262
4.8855
5.7535
-2.9125
-4.4575
2.4777
4.1379
4.9243
3.4820
1.6266
10.1496
9.8255
6.4760
2.4331
-6.3252
-17.1857
-21.9398
-20.3298
-14.1982
1.8669
7.4227
7.4780
4.7110
-3.0203
-7.2145
-3.5388
-4.6615
-6.2526
-6.5729
-8.4825
-11.5443
-2.1939
11.4663
22.9641
33.0354
23.6388
7.5233
3.3701
3.5384
5.4547
3.5045
-4.1608
-1.1949
2.5068
0.0827
0.0550
1.0211
-0.2258
-1.3203
-0.1187
0.4068
0.5369
-0.3644
-1.9168
3.6088
3.5456
-4.4311
-9.9383
-6.8541
1.4031
-2.7459
-8.8325
-1.8761
2.8860
4.8578
1.6588
-3.4743
-4.6584
-4.8311
-4.6080
-9.4107
-7.2874
-5.7152
-7.1488
-4.8579
-8.0543
-6.0626
-6.4973
-4.4139
-3.3952
-3.1566
-0.7891
-0.4410
-1.3402
1.0130
2.4888
0.3104
0.7425
0.7545
-0.1913
-2.1850
0.7602
2.5790
0.1412
-2.0387
-1.7073
-2.0265
-1.7642
-2.9108
2.1301
-0.2159
-2.9878
4.7740
4.9842
1.4989
-1.3128
-4.4461
-5.6305
-10.9809
-9.9040
-5.7525
-5.5018
-2.9510
0.0624
0.3239
-0.2959
-5.4243
-4.4966
-7.1086
-7.5843
-0.9641
-0.1053
0.1134
2.2692
-0.6180
-8.8123
-8.3070
-9.8191
-9.0417
-5.5201
-1.6551
0.1479
-2.0441
-3.3058
0.9345
0.7151
0.0161
-4.1023
-4.8137
-2.6621
-5.7099
-7.6201
-5.2371
1.5862
3.6675
-3.9546
-4.5196
0.0996
-3.1146
-5.4224
-6.4934
-3.7859
1.4100
2.8584
4.6331
4.5777
0.8506
-0.6505
-0.4217
1.1144
2.5842
-0.6811
-1.9638
1.8676
5.5862
3.2875
0.6329
-0.4471
-2.0509
-0.8585
-0.1858
-4.4516
-5.3999
-1.7590
-0.9688
0.7040
1.9126
-1.4789
-4.4580
-1.3161
-1.6137
0.2765
-1.5636
-3.9132
-5.4464
-6.4243
-5.7409
-2.8955
-3.1367
-1.1431
-2.9760
-7.1532
-9.4124
-10.8365
-8.8179
-4.0645
-1.8470
2.4697
-1.7775
-4.7406
-5.3176
-2.6225
-2.3431
-3.2052
-3.8379
-3.3133
-0.8688
-2.0421
-3.4106
-3.2259
-3.5951
-2.7003
-4.7016
-3.9037
1.5964
-0.6258
-0.0169
0.1004
-1.1686
-4.3208
-6.2007
-5.7357
-6.0951
-4.1499
-6.5019
-8.2021
-6.3944
-6.1986
-6.6621
-4.9953
0.7964
0.1919
-0.2067
0.7053
2.1862
-1.6572
0.9099
2.7234
2.5715
-1.7332
-3.4952
-4.2825
-3.5067
-3.5495
-8.3488
-6.7798
-7.1493
-8.1377
-4.8459
-1.5722
-4.1362
-3.8203
-2.4189
-2.3870
2.3702
3.4561
0.5312
-1.4754
-0.2603
2.4181
-3.7233
3.2126
3.5454
1.3112
2.6577
2.5610
0.8127
4.1787
2.8819
8.3973
13.7548
10.5887
4.2310
-5.1860
-7.9045
-5.6723
-2.5383
-0.4571
-1.4978
-3.9641
1.8249
1.8955
-0.2447
-1.7454
0.8141
-0.5250
-5.0221
-2.2028
-4.9316
-2.1653
5.0825
4.4647
2.3335
-1.0026
-2.1866
-1.5766
-1.0197
-2.9613
-1.2551
-3.9930
0.2667
5.2768
-1.2213
-14.2792
3.1583
9.9721
11.0363
7.0079
-1.4612
-3.2316
0.2636
-1.6387
-3.6526
-7.2024
-10.2584
-13.7596
-8.7224
-5.0806
-4.0141
-2.8247
-3.5925
0.9735
1.5360
1.7597
-0.4330
-0.2908
-3.3468
-3.5688
-0.8985
0.2808
-0.4548
-0.8356
-1.5439
-5.8256
-4.9837
-6.0038
1.9391
2.1367
3.1947
1.0691
-4.8233
-6.6448
-6.9033
-2.9746
-4.8235
-6.3829
-7.3453
-5.2734
2.5230
7.5704
5.7669
1.5795
1.6959
3.3335
-2.0706
-0.1580
-1.2659
-2.0861
-6.6648
-4.1867
-4.1235
-8.3949
-8.6943
-9.5505
-14.3121
-11.4889
-5.2742
-4.7712
-4.6561
-0.2325
-3.3043
-7.0356
-6.1685
-4.6425
-3.6517
-4.3268
-3.5297
-2.6306
-0.4787
-5.4368
-6.6119
-8.4306
-9.7800
-9.4284
-9.3095
-4.9213
-2.8796
-0.5205
1.6579
3.8921
5.0963
7.4239
2.0691
-0.7715
-6.0392
-5.3270
-4.1380
-6.6401
-2.2606
7.0907
9.7010
6.1564
1.4458
-6.0939
-9.1642
-9.0266
-4.1618
-0.8380
-0.2077
-2.8403
-5.7800
-6.3119
-3.3805
-0.9929
-6.5498
-9.4948
-9.7923
-5.0662
4.6107
7.2597
2.7891
-3.4552
-5.2339
-0.6972
-8.2804
-14.7693
-16.3785
-13.7437
-11.9342
-8.1479
-7.0259
-5.2320
2.5444
5.2680
3.5239
5.3168
7.6054
5.4562
1.0939
-1.1846
-4.3604
1.8265
0.1144
3.2361
7.0979
2.6018
-0.3507
-2.2283
4.3402
13.4872
7.4750
-1.3984
-3.1562
2.0495
6.3413
11.8601
5.1527
0.6348
-1.2055
-3.8941
-7.1285
-9.2579
-6.7671
-1.5857
-1.0396
-2.4371
0.5803
1.8151
2.1122
6.9415
6.5483
1.0359
0.9918
-3.0585
0.1100
0.9535
-2.6370
-6.8335

Coefficient 40:
0.0110
-3.0881
-5.5154
-4.8621
0.3120
1.3639
-3.0553
1.9840
5.7864
-0.3834
-2.6386
-1.6842
-1.4872
-0.7497
-0.4648
2.1470
6.4568
10.4607
10.9324
8.7474
9.4565
1.5266
3.5406
3.0690
-0.9269
4.2811
3.5558
-0.2069
-1.9434
-10.8132
-13.6796
-12.5724
-8.0835
-8.3863
-6.1811
-0.2022
16.5906
23.1462
18.9382
11.1093
-1.3127
-6.6763
-4.9909
-1.2451
1.4228
6.5021
5.1167
-0.4510
1.6077
-0.8274
-5.4566
-14.6165
-6.1660
-4.1839
-5.9625
1.0485
12.5779
20.2592
20.2932
15.0674
7.7089
7.7969
8.9968
5.7440
3.5541
-1.4188
-3.2797
-3.8151
-2.0748
-1.3033
-2.2479
-1.2637
0.5123
-1.6332
-1.7183
0.0318
0.0660
-0.3977
-0.1958
0.3045
-1.7413
-3.8613
-2.3019
-2.4724
2.0941
10.1321
19.6073
28.7302
29.9544
26.1055
24.5976
23.2593
16.0979
15.1479
15.3105
14.0204
8.1985
3.9139
-2.4721
-0.5372
1.6055
-0.9229
-1.9321
-0.4406
0.4533
-1.1046
-0.3763
0.6482
-0.6392
0.0818
-1.8326
-1.7525
-2.6293
-2.3035
-0.3792
-1.5735
-1.9756
-1.7504
-4.3168
-4.0428
-2.1523
-1.0227
-1.8899
-4.8074
-7.0015
-6.9293
-3.3274
0.2219
-1.5816
-2.8438
-0.6489
-0.4150
1.0290
3.5713
8.2379
12.3746
6.6540
0.2263
-1.3820
-2.4093
-6.0792
-7.9839
-6.3067
-3.9598
-4.5504
-5.0144
-6.9059
-8.0080
-6.6865
-3.5057
-2.9315
-1.4083
-6.5515
-8.3676
-8.5335
-10.4012
-6.3021
-6.9209
-1.6324
1.9946
-0.0073
-9.3546
-14.7225
-10.5042
-9.4015
-11.5967
-8.8192
-7.1612
-3.0464
6.1024
16.1189
11.5848
0.8733
-1.0610
-0.1388
5.4153
7.9819
0.4952
0.7541
9.1897
20.5614
19.0772
6.3291
2.4040
3.6095
-0.6142
1.2912
2.5848
-1.9042
-5.9817
-5.4432
-4.4816
-5.2927
-5.3106
-4.0246
-11.9936
-6.7701
-1.4157
-1.2672
-3.1167
-7.4688
2.2042
8.1537
-1.1441
-5.6218
-7.6533
0.0243
-0.6206
-2.7131
-12.7095
-7.8827
-4.3091
-3.3647
-10.5652
-15.2461
-12.4591
-10.5631
-10.9347
-8.5893
-10.7494
-2.7464
-0.9883
0.5767
4.3765
5.0985
5.2438
-0.9171
-4.2433
-3.9261
-1.1308
3.3304
-1.1901
-3.0828
-2.1694
-0.2590
0.9075
-2.1434
-4.3942
10.0487
14.1979
12.9591
10.3816
1.0176
-1.7766
-0.8000
-0.5346
10.1141
5.9976
2.8381
1.9965
3.2056
3.9412
1.8975
-1.0239
-0.4827
2.5073
0.7480
-5.3096
-6.3369
-6.2077
-6.2130
-7.9547
-5.0034
-6.3324
-2.4833
-2.5516
-4.8787
-2.9979
-1.2247
0.5578
0.0048
1.7577
2.0735
1.7499
3.5328
-0.1740
-2.7839
-1.3071
-0.9862
-9.7998
-10.7512
14.4655
24.5896
16.8767
11.5543
17.6004
8.8324
5.9968
17.7439
14.7222
4.7946
3.4851
-1.0586
-2.3798
-3.9666
-2.8385
-3.8965
-3.9981
-1.9235
3.5102
-2.8068
-4.3808
-1.1533
1.4134
2.8526
1.3272
3.6421
2.4305
-2.1724
-3.4361
1.2216
-1.0293
-1.4564
-4.5465
-5.0693
-5.4649
-3.0815
-2.9921
-3.7107
-2.4796
-2.6322
-2.8172
-4.2036
-0.3455
-2.4307
0.2804
0.3930
-2.6584
-1.5183
3.8310
3.8758
-1.7132
-4.6333
-4.0956
-3.2384
-2.0340
-5.6107
-4.5069
-4.3846
-2.9615
-0.7546
-1.2772
-1.0297
0.7725
-0.6769
-4.1197
-3.4848
-4.1897
-3.2599
-3.2188
-6.9139
-4.7045
5.7583
-2.0206
-3.3410
-4.2425
-0.7626
0.8365
-0.5627
-6.7164
-12.0126
-12.0433
-5.9973
1.6457
0.8578
-6.8068
-3.6741
-7.7710
-4.4450
2.8693
8.5532
0.2835
2.9425
5.8771
5.6437
5.6660
4.5152
1.9270
2.4724
1.8315
-6.4319
-11.7735
-7.6162
-6.2949
-8.6773
-7.3773
-4.8469
-1.8947
-3.4856
-6.7053
-7.6255
-6.5951
-10.9060
-9.0819
-3.8551
-5.2614
-4.5197
-6.8150
-5.2413
-0.7490
-1.8342
-4.6173
-5.4379
-8.3325
-5.5499
-2.1565
-0.5767
0.2968
-3.2059
-9.3490
-8.0873
-8.4230
-5.1067
-4.3730
-6.2708
-7.5566
-8.7396
-9.9043
-7.6008
-2.9963
0.5381
-4.2482
-4.7414
-6.2555
-9.1396
-15.4307
-23.3997
-24.7733
-19.1139
-17.0835
-12.9648
-5.7224
0.7897
-1.3151
-2.8461
-3.3040
-6.6664
-2.6720
0.2592
-1.6849
-2.4465
-7.1138
-6.2840
-6.0886
0.6199
-0.2920
0.8989
-8.2078
-6.0702
-6.3643
-3.9297
-1.9477
-2.2027
-2.5678
-0.5537
-0.8986
-2.9983
-2.3818
-4.1949
-4.5605
-2.6184
-1.4144
-5.4966
-5.1196
-4.7401
-4.6378
-1.5715
-2.7517
-1.7010
-1.2816
-1.5527
-3.5084
-6.6904
-6.6637
-0.5374
3.2086
7.6514
12.3681
17.1559
15.4887
14.5261
16.6307
18.4009
14.7372
12.8033
6.7045
-3.3980
-7.9502
-8.9733
-8.4515
-3.7146
-4.0256
-9.4770
-11.9066
-13.0450
-13.1416
-7.5177
-2.9718
-0.9647
-0.4875
-2.8074
-5.3872
-3.9759
3.8167
10.5454
14.1937
9.8290
-4.3591
-11.0493
-8.6194
-5.4930
-10.6189
-5.8850
-0.9512
-2.3399
-3.5094
-1.5091
-2.7110
-4.1417
-0.1524
14.5114
22.6052
23.3820
10.7137
4.7952
7.6807
7.9293
1.1945
-1.9097
-5.4195
0.3526
3.2130
2.1348
-4.8837
-6.2661
-1.9955
3.8685
5.9621
-0.1796
-5.0173
-4.4299
1.5700
2.8472
11.5004
11.0122
4.2825
3.2040
10.7985
11.7657
6.2721
2.6049
4.5678
7.1608
4.0333
-1.0365
-3.4541
-0.9841
0.0399
-2.5059
-1.2259
-5.3395
-10.9560
-10.0390
-8.7098
-8.3249
-7.7101
-7.5000
-8.2101
-4.2542
-1.3904
-0.7482
-1.2856
0.2769
0.5751
-3.4988
-3.8657
-4.6833
-4.2804
-4.4923
-2.0729
1.3553
0.3841
-0.8276
-1.7247
-2.4904
0.6496
-0.7041
1.3562
2.9867
-1.0242
-4.7300
-8.5389
-5.2612
0.2148
5.6359
7.3062
6.0590
0.9095
-6.1400
-6.1557
-6.5385
-4.8296
-3.1362
-2.4893
-0.9818
0.7115
-8.2563
-5.4429
-5.9808
-3.8505
-2.5682
1.2266
-2.3550
-6.2202
-2.4004
-2.9736
-7.1318
-6.5910
-5.6114
-2.0865
0.6294
3.5797
1.7479
1.0448
-1.3464
-8.4170
-12.4634
-14.6809
-14.6216
-11.3283
-6.5283
-3.4533
-0.1236
0.0755
1.3612
4.8405
3.3111
0.6542
-2.5058
-1.6561
-0.5510
-0.6181
-0.4027
-0.9465
-0.6615
-0.3782
0.5940
1.7384
1.8596
-0.7697
-0.9343
1.5676
5.7126
2.6436
0.0054
3.2598
2.0849
1.5854
-0.7215
-3.8247
-3.1934
-0.5618
-0.7823
0.7183
2.2689
-1.0158
-3.7853
-3.5996
-3.6785
-1.4789
-3.8307
-9.6112
-11.8893
-9.1657
-8.5421
-6.2374
-4.9036
-3.4604
-5.1723
-5.2651
-2.8989
-4.2008
-5.6501
-5.6615
-2.7735
0.0045
-3.5796
-3.8955
-2.5789
-0.9137
-2.7794
-3.1676
-2.3440
-2.5836
-2.7462
-3.3782
-6.5581
-6.4005
-3.7776
-3.9354
-4.8538
-3.4939
1.2280
0.6095
0.4442
-0.9819
-1.7994
-3.3854
-2.8786
-0.6578
0.8151
2.8357
1.3009
-0.5998
-0.6617
-2.8154
-5.2460
-4.7224
-7.3595
-9.3920
-6.9793
-5.9335
-3.0142
-3.0890
-2.6472
-3.6090
-2.9089
-4.2298
-4.0001
-2.4663
-2.3358
-2.3512
-4.4225
-4.4344
-6.1124
-5.1726
-2.3653
-2.2602
-4.5869
-5.5418
-3.7963
-3.5057
0.4056
2.3819
-0.2939
-4.5342
-5.3181
-1.3937
-2.7375
2.5582
4.4747
2.2242
0.1139
1.2668
1.0692
-1.9517
-1.5330
3.8740
5.9891
0.1662
-4.3581
-13.5620
-16.9650
-6.4088
-0.2570
4.4493
4.9012
1.3017
2.3016
2.5455
2.7688
2.2323
2.8610
0.4722
2.6874
6.4329
2.4353
1.6737
8.2658
8.7401
4.4109
4.2775
3.7254
1.8913
-0.7654
-3.9003
0.8228
0.3302
-3.0514
1.9665
3.4414
-8.7143
-2.2473
6.1699
8.6037
-4.9810
-14.3251
-15.8279
-12.2074
-8.4603
-12.4925
-8.8358
-3.6534
-3.3526
-0.4763
-6.9601
1.6652
-0.9556
-3.8621
-0.5522
5.4345
2.6779
0.4430
2.3937
1.8871
0.9497
2.3163
2.1233
3.9198
5.0311
4.0934
6.1693
5.5308
1.3655
0.5985
-0.6107
-3.6775
-0.6513
-1.5791
0.8677
2.1278
5.6327
7.8328
4.4022
1.8477
0.0403
2.3901
4.0037
2.2413
0.7305
-1.5067
-5.4767
-6.4406
-2.3387
-0.6390
-0.3668
-4.4691
-1.3960
-5.2992
-9.8285
-5.9526
-5.3225
-8.2561
-8.4144
-2.8248
-2.0324
-6.0665
0.3368
2.7114
2.1043
2.7907
4.8629
1.4277
-0.9239
-2.5811
-8.2499
-4.3105
-3.0421
0.2085
0.1765
4.8633
7.5964
1.8836
4.5807
4.1255
1.8189
0.2956
1.6556
-2.3335
-2.3666
-11.0656
-9.0012
-4.8130
-8.8790
-10.1933
-14.0490
-15.1759
-12.3224
-13.0877
-10.5678
-6.0376
-2.5205
1.3282
-1.5805
-4.8043
-3.7485
-7.5418
-4.0475
1.4493
5.1651
7.2272
11.3304
4.1198
-6.1883
-6.3770
-2.3069
5.8703
2.8613
3.0800
0.2560
-2.1389
1.1002
0.6224
0.7255
-0.8904
3.2512
3.0250
1.1594
-1.4214
-3.1431
-4.3764
-1.8093
0.2700
-1.2730
-1.6906
-1.0987
-3.3469
2.5721
3.2738
2.9398
2.5445
-0.8722
1.4378
-1.8677
2.3223
2.9834
7.6201
6.7394
-0.3410
-0.5270
0.0033
2.7251
-5.6332
-8.1781
-15.5177
-20.9032
-19.4096
-14.5523
-4.6982
-1.5220
0.0416
0.1272
-0.8493
-5.6159
-2.6771
11.6658
14.4795
12.2449
4.5405
2.3290
3.8083
-4.5461
-3.3464
-0.8497
-2.6777
-3.3630
