MFCC Analysis for recordings\JoanMcnish.wav
==================================================
Shape: (40, 755)
Number of coefficients: 40
Number of frames: 755
==================================================

Statistical Summary:
--------------------
Mean: -15.5959
Std: 103.0123
Min: -764.8694
Max: 216.0958

Coefficient Values:

Coefficient 1:
-764.8694
-743.1340
-719.5385
-725.0909
-740.5218
-748.4943
-749.1527
-747.7053
-746.1760
-742.7252
-744.3692
-743.7251
-745.0511
-745.9344
-741.4689
-740.6850
-739.6836
-716.9807
-645.3868
-636.8881
-684.1547
-721.0286
-740.1582
-745.7281
-733.3011
-720.6259
-709.8765
-709.6342
-630.0148
-545.5096
-509.4320
-496.1457
-495.7699
-509.3160
-546.1759
-593.8821
-590.5811
-535.2874
-510.5667
-519.2018
-528.8646
-550.0175
-555.9326
-521.1332
-493.0433
-493.2758
-488.8495
-460.0468
-459.7056
-462.7566
-434.3796
-397.6925
-366.7202
-362.6285
-370.7196
-390.2828
-412.0086
-424.3885
-426.6457
-389.7454
-365.9457
-371.7853
-395.1958
-415.0248
-379.3275
-374.9823
-392.4958
-388.0710
-386.1262
-395.4455
-411.5631
-431.6895
-451.3145
-472.4208
-507.0915
-475.2083
-431.3658
-422.7495
-460.3497
-475.1726
-429.9684
-409.4125
-436.0829
-470.5926
-446.3373
-452.4241
-488.4419
-478.3936
-477.4982
-490.2733
-490.7514
-471.4763
-451.6723
-459.1844
-475.0266
-461.3000
-458.1747
-456.0956
-450.2342
-468.6161
-522.5789
-590.0665
-644.8832
-629.8867
-523.3726
-476.0979
-462.8799
-466.8005
-496.4246
-499.6165
-484.6978
-500.6977
-547.3522
-615.8148
-684.8231
-736.4258
-752.1550
-752.9498
-756.9186
-755.7499
-757.4465
-761.4768
-760.0367
-760.6022
-761.0506
-760.8801
-760.0947
-759.4091
-756.5763
-758.8988
-761.7021
-759.4733
-759.0607
-760.8113
-759.3735
-758.3713
-760.0640
-758.7533
-747.7708
-739.8432
-732.8214
-723.6162
-725.8903
-735.4766
-734.8462
-734.0444
-733.8403
-734.3511
-730.6957
-712.9462
-708.1668
-645.1680
-552.0587
-528.0692
-575.6469
-669.9595
-724.0624
-750.4052
-755.6592
-755.8689
-755.1840
-756.0320
-758.2872
-755.5135
-614.1290
-499.4385
-444.5876
-438.5110
-470.9381
-515.8138
-476.7360
-437.0960
-420.5761
-404.5135
-390.4294
-381.2025
-395.7085
-427.2280
-457.9983
-495.1819
-470.4944
-457.3702
-450.0331
-438.4304
-447.5553
-462.4449
-453.2591
-413.5111
-403.7879
-410.2836
-383.4324
-363.4634
-377.1140
-399.2614
-419.6951
-445.7958
-456.3201
-397.9791
-339.3539
-309.6821
-305.2051
-315.0209
-327.9674
-359.3234
-402.8424
-411.8696
-409.2764
-410.3592
-418.6443
-363.2749
-326.6848
-345.2654
-382.6895
-403.3716
-391.3054
-400.7839
-446.8135
-413.8277
-377.1986
-401.0537
-449.9922
-479.9848
-466.0311
-412.0673
-366.9983
-337.2364
-357.5529
-416.5512
-454.4637
-461.2916
-445.0697
-423.9212
-425.9789
-450.0199
-478.2905
-508.0892
-498.1986
-461.8140
-445.8708
-459.1366
-476.1244
-473.0282
-489.8441
-501.2128
-435.7232
-413.8320
-460.2060
-499.5904
-457.8367
-439.0055
-473.1090
-521.6240
-545.6416
-528.2332
-461.8239
-423.0486
-434.6384
-458.9384
-492.3221
-495.2173
-433.3239
-383.1542
-371.6753
-388.1795
-416.8565
-460.7780
-493.2755
-509.6280
-527.0907
-514.2119
-502.9140
-509.2742
-519.6652
-500.7546
-483.0028
-474.9280
-483.3573
-506.2330
-516.7324
-489.0094
-449.2442
-425.4346
-424.6067
-465.5504
-517.9882
-493.0340
-446.1748
-429.0061
-448.1582
-511.2371
-587.2130
-642.6995
-687.4649
-725.0126
-747.2433
-754.6533
-756.7581
-751.8287
-742.5546
-735.3566
-732.9875
-737.3206
-743.3771
-752.0134
-758.3291
-758.7363
-755.7579
-749.5875
-746.8871
-747.4669
-749.4043
-750.5798
-749.2562
-750.3432
-752.4835
-755.4825
-756.8552
-756.6728
-756.8889
-743.1942
-636.4099
-597.1707
-625.1262
-690.6902
-720.7526
-741.5684
-751.7540
-756.9213
-756.0062
-752.8856
-753.6652
-752.5634
-754.3112
-757.2549
-758.0180
-757.7695
-753.5545
-748.6852
-745.4099
-741.6081
-735.4813
-731.0325
-732.4086
-734.7345
-737.1999
-739.7031
-737.1470
-726.6370
-711.8633
-710.8506
-710.7936
-708.3206
-704.8312
-691.4927
-674.0777
-656.9315
-653.5190
-659.3884
-676.0295
-683.8516
-677.0438
-664.1269
-665.2693
-665.1800
-665.1455
-665.9166
-652.1823
-632.9203
-624.9094
-638.9176
-665.1251
-686.9686
-692.3702
-687.9426
-684.6525
-693.5731
-702.6626
-707.3146
-714.0436
-730.4546
-739.1777
-744.2105
-752.3398
-751.7386
-750.0421
-745.9680
-740.8327
-737.8057
-739.8341
-744.9644
-744.7383
-742.9130
-744.9584
-751.9462
-749.8679
-748.2252
-747.4757
-750.1032
-751.3976
-752.5172
-750.1947
-749.5177
-752.7174
-755.4930
-755.1589
-750.5504
-749.9122
-754.0062
-755.9053
-751.8007
-750.3028
-752.9099
-753.4039
-750.6678
-747.6108
-745.5131
-741.0547
-740.5036
-748.2051
-749.5374
-751.6436
-755.1140
-755.0830
-754.5579
-748.6814
-745.4837
-746.9393
-748.1461
-728.0153
-700.8691
-684.8837
-678.6340
-673.4272
-670.5211
-671.4828
-684.4278
-697.8395
-706.2802
-706.2606
-707.6664
-709.5250
-710.2011
-713.9549
-716.9875
-721.7849
-725.6581
-727.8913
-732.7249
-740.3509
-745.8502
-735.4482
-714.2568
-691.8168
-677.6153
-663.9733
-648.8937
-648.6079
-639.8300
-605.7430
-594.9902
-613.0398
-632.8890
-655.5391
-678.1340
-692.2426
-710.9510
-732.1542
-750.7355
-754.2585
-751.7895
-752.1986
-751.2316
-752.7852
-753.5165
-750.7004
-748.2640
-748.6545
-740.1485
-739.7666
-745.5798
-742.2791
-741.9198
-690.7043
-619.5794
-549.8026
-525.0330
-537.8809
-580.9080
-633.1418
-650.4131
-653.6562
-672.6371
-687.4604
-686.7506
-693.0535
-698.4978
-709.5779
-718.8208
-725.7170
-708.9313
-695.6783
-699.3233
-706.5660
-717.3185
-729.9005
-735.7732
-735.3889
-727.2877
-720.2834
-724.8839
-729.6344
-734.6310
-733.9749
-725.3952
-724.4843
-724.2368
-717.7318
-718.2636
-725.5887
-721.9078
-676.8002
-622.9841
-581.9929
-563.1217
-545.5125
-544.8527
-558.4135
-536.0145
-515.3065
-519.5502
-554.7368
-593.0264
-605.6279
-623.8876
-652.6323
-646.5672
-652.9221
-661.2590
-656.8710
-658.4678
-669.3494
-671.4385
-671.4738
-684.8280
-698.6833
-704.0470
-691.6271
-684.8251
-685.0467
-699.8088
-718.8959
-733.9053
-740.1348
-744.5920
-751.2120
-756.2947
-756.9000
-750.6540
-747.8483
-753.1692
-757.9903
-758.7283
-756.9814
-755.7730
-757.6848
-757.4059
-751.0143
-749.1675
-752.5116
-754.0204
-755.8469
-756.7728
-756.2083
-754.1310
-752.0154
-752.6326
-755.9017
-754.5356
-753.5417
-743.4484
-742.6675
-749.2350
-753.1586
-747.6995
-745.7817
-745.4661
-746.1699
-743.5353
-746.5345
-750.5580
-751.2114
-753.2536
-749.7034
-740.5526
-737.6391
-738.5140
-741.3067
-749.2726
-750.6560
-747.6934
-749.0970
-748.4672
-744.0015
-742.1530
-748.0216
-754.0757
-750.7578
-747.0012
-750.9087
-748.1191
-739.1535
-738.1462
-737.2330
-733.8168
-740.0880
-748.0723
-747.9355
-751.6520
-753.0861
-755.9541
-757.6331
-755.2283
-753.9232
-750.6002
-749.0667
-752.6979
-754.7770
-753.1556
-752.8360
-750.3874
-751.2618
-750.2901
-749.8265
-751.5617
-751.2752
-750.4798
-751.0581
-750.4933
-751.2854
-747.7903
-727.2441
-718.7862
-733.0759
-721.1608
-699.5264
-671.5121
-564.1845
-459.1951
-420.8470
-449.4376
-476.2209
-450.0266
-439.7710
-446.9673
-470.9352
-491.3187
-505.1392
-530.1088
-547.9539
-592.3939
-633.0914
-659.9755
-695.1509
-710.6653
-718.7892
-720.3539
-730.3860
-741.9634
-747.4140
-752.2506
-737.5325
-712.8386
-708.9503
-720.7021
-723.2522
-713.4631
-710.1237
-712.6967
-715.6046
-723.1213
-725.6124
-726.6234
-725.9661
-729.8682
-738.1226
-746.2058
-753.5797
-751.5171
-748.4986
-750.3301
-752.9410
-753.9850
-754.1397
-753.6951
-725.8793
-694.1572
-665.9523
-609.5710
-581.3942
-594.7303
-573.9120
-526.2524
-470.9599
-457.3579
-504.4603
-488.9452
-476.4576
-518.8302
-569.7745
-620.4299
-662.5754
-682.3201
-699.5044
-719.6629
-732.9163
-741.2430
-743.6647
-745.2738
-744.1152
-746.1993
-748.9667
-748.1148
-743.9024
-746.6404
-747.1695
-746.9576
-739.0133
-709.0912
-517.4176
-419.1638
-443.2910
-599.2943
-667.7913
-668.0093
-624.3766
-642.1428
-671.4103
-696.5921
-699.3209
-678.9448
-678.9823
-700.3918
-724.4547
-750.8970
-751.0014
-749.7872
-752.6404
-754.3994
-756.5740
-756.9054
-756.1440
-753.7606
-754.8409
-755.9821
-757.6572

Coefficient 2:
0.0000
29.3664
57.5739
50.3690
31.2778
22.0883
21.3775
22.5463
24.6037
28.0654
25.3870
25.8120
23.6985
22.1530
27.4593
27.5516
24.8077
12.9545
-16.7725
-11.3746
15.2021
28.5675
24.3460
22.4001
31.1696
32.7731
29.4950
20.9222
104.4650
167.6625
177.2523
174.2293
167.8265
169.5737
170.7818
142.5675
120.1474
124.8976
111.8514
85.4778
77.6977
86.7376
95.3723
92.9054
76.2646
45.8407
22.7790
39.6899
55.9069
65.6478
77.0737
80.5824
100.5373
121.4814
127.9002
126.8609
120.9217
109.8583
101.4009
92.1221
76.0418
52.7998
25.9072
16.0274
58.9439
86.3408
92.2874
89.7272
82.2394
79.6171
86.1343
106.1470
133.3467
145.1028
164.5126
167.1245
143.4833
124.0825
125.0472
117.4064
97.8569
100.1893
116.3408
138.4867
133.8562
131.8209
125.1228
130.9708
137.4553
137.1873
132.7192
108.8366
65.9745
28.5163
-4.3651
5.8022
30.0840
37.7102
18.5945
-7.3226
-41.1115
-60.7655
-55.0006
16.9326
75.1249
97.6994
100.8182
94.4770
111.5560
157.5045
185.4661
176.7637
151.4581
117.5930
66.6870
24.7733
13.1355
14.4639
8.5044
9.2200
8.5712
4.7600
6.7264
5.7263
5.2706
5.4405
6.2437
7.4129
11.3287
8.3372
4.4441
7.5035
8.0810
5.6141
7.6370
9.0753
6.7535
7.6231
17.6016
23.6976
25.0513
30.5709
27.5229
19.4411
20.6866
22.6167
25.6260
26.0855
32.8561
58.3170
66.4942
114.1959
129.6014
128.3576
122.9614
92.9139
46.4737
17.9879
11.9383
11.7048
12.7942
11.7815
9.1347
12.7485
113.4825
146.9398
146.9727
140.3734
147.6118
160.7066
143.3319
119.5056
96.3613
91.7110
102.5076
96.6664
60.7332
25.9530
2.3044
-12.3015
14.0602
31.5406
63.6003
90.9393
97.4686
91.7831
99.2286
53.0701
-1.9504
-32.1223
6.1814
56.2471
76.3802
93.7445
100.3550
96.5668
109.9010
125.7679
116.6015
97.5812
88.0515
84.4796
85.8606
97.7768
99.2826
52.4805
36.7018
66.9114
89.3186
85.9561
81.9881
89.8247
110.0613
122.3489
128.4724
126.6091
111.8961
90.6134
86.3138
90.2476
110.3318
126.2296
136.0789
106.6638
87.7394
96.5951
115.6093
134.9725
154.6172
170.0506
165.4149
143.9706
120.1994
105.3295
97.4132
97.6658
108.7368
94.8153
78.7244
84.0835
96.5438
118.3614
146.5333
167.3379
156.2508
139.9004
126.3558
95.1602
103.0086
107.0782
109.3486
129.6583
159.0259
175.4698
150.8791
118.6950
64.0834
17.3292
23.5792
98.4604
139.0906
146.3638
138.5092
131.7216
136.4138
147.4577
158.6180
177.2585
200.4313
216.0958
207.4356
182.3466
153.5694
113.0027
83.8528
70.2775
60.3114
59.6968
89.7792
109.1386
115.1491
125.1842
133.9666
147.6203
172.3731
189.5541
186.9130
181.1348
182.1163
178.8019
164.7468
133.6288
87.6804
46.0247
21.8733
13.4807
10.3017
7.4025
-0.7946
-1.2601
-1.6693
-3.0675
-0.3162
3.8346
6.0696
8.4481
7.8821
4.1160
4.4588
6.1913
7.3113
10.1673
14.2328
14.9357
15.0803
12.5449
10.8454
11.2271
10.6783
-4.3171
-90.9055
-114.6959
-91.7050
-37.2826
-21.3648
-5.4494
6.4845
10.7424
9.1853
8.6656
4.5437
5.1436
8.1884
10.4695
9.4350
9.6882
14.7936
20.4161
23.9285
25.0207
28.0843
30.7024
29.8409
28.5205
27.6595
25.7463
27.0429
36.0272
43.3582
41.3711
46.2881
49.0542
40.6885
31.3233
34.2670
45.8676
47.1553
47.0634
44.8661
41.4463
36.8698
42.2203
42.7704
44.8652
48.6167
49.6661
57.2004
68.5365
72.9102
63.8276
49.8156
42.7384
44.6855
52.1489
57.6851
54.5369
50.8741
49.5772
47.6898
35.5111
26.7522
22.3356
13.4157
13.9337
14.7805
18.0601
23.6195
27.1422
23.4905
18.8493
20.3423
22.5010
19.3260
12.2430
14.0301
18.1105
19.4137
16.7457
14.8482
13.4378
15.6206
15.4807
10.9957
8.8258
9.1514
13.6034
15.9954
12.4999
10.6157
4.5389
1.5179
5.8195
12.2293
18.7763
23.4242
26.7464
31.5192
29.3678
19.2056
18.1380
16.2849
13.2664
13.6983
14.4212
22.6218
27.0264
25.0247
22.2632
28.8308
36.0783
33.2380
31.7479
37.6018
41.5191
47.1116
43.8913
39.6515
38.7000
48.8639
57.3796
61.9854
63.7248
57.4798
51.7164
48.9592
49.0355
48.2289
42.5211
32.7504
24.1630
11.5740
6.0886
0.3123
-5.6126
-10.3058
-10.1249
-10.0845
0.9144
34.7258
51.4584
48.3379
43.4191
36.0253
21.4531
9.6296
2.6610
5.3508
9.3923
14.2184
18.2026
17.6700
18.7713
16.6331
15.7653
19.8105
23.1619
22.5774
17.4795
17.9888
22.8161
19.0632
19.9200
92.8345
153.7144
176.0273
174.4581
163.6756
145.1649
100.4206
88.9955
105.8353
104.4500
89.1337
79.2113
70.6809
71.7421
64.9973
54.0922
46.9854
69.9037
87.0915
83.2191
74.8334
61.6690
41.7130
29.5285
27.6061
36.6253
44.8318
42.1358
38.5443
34.3676
36.8532
44.5418
44.9372
46.8863
56.3745
55.4954
47.4455
53.8688
107.4430
160.3290
190.5903
191.3818
193.1926
192.0025
181.0623
169.2632
150.5817
143.5485
133.3964
83.1244
42.9395
33.8876
59.0701
72.3468
83.8567
111.5286
122.6522
122.3895
110.0353
104.2967
101.4471
74.4885
7.7921
-11.4453
27.7904
67.1388
78.1554
75.4163
60.5710
42.1193
33.9677
27.8597
18.8333
11.8286
10.7108
18.9696
22.9117
16.0435
9.6018
8.5515
10.9201
12.5043
9.9263
10.3465
19.2107
21.7648
17.1651
15.0366
11.3624
11.2808
12.0708
15.0462
17.9684
17.0961
12.4728
13.7906
15.3024
27.4260
26.4136
16.6250
14.1635
22.9963
26.3882
26.7391
25.3589
29.2497
25.3062
19.6402
18.7669
16.0194
20.8568
32.1050
35.8448
35.0329
30.6220
20.5819
17.9532
21.2536
20.1393
21.8371
25.3556
27.1362
21.2074
14.2641
19.4382
24.4567
19.1852
22.2684
31.7773
31.8859
33.1327
38.6137
32.2682
22.5703
22.8632
18.1800
16.1193
12.1042
9.9191
13.3632
15.1100
19.0061
21.2137
16.5123
14.0965
16.0063
16.4339
19.8929
18.7906
20.2888
20.9125
18.3655
18.5553
19.3660
18.0216
18.5464
18.4888
22.7992
15.3980
9.2540
10.9516
6.5678
-7.2260
13.8071
111.4002
138.9031
135.2272
130.7680
106.0404
117.3513
132.7327
132.3428
127.8480
130.2320
125.1705
108.3942
102.3522
94.6790
53.9586
21.4352
16.7131
25.3217
28.0565
31.7590
30.3641
25.8254
18.3183
12.5955
32.0270
62.0525
62.9292
41.6552
11.9783
2.0976
-0.8317
-2.2715
3.4750
0.4773
5.4985
10.2022
14.0374
13.7880
9.3794
5.4139
3.8541
8.7552
15.8418
16.1280
14.2648
14.5613
14.2326
14.5488
-22.3039
-53.6092
-68.2773
-68.6456
-59.1262
-47.5150
-40.5733
-29.1103
-23.3734
-10.7171
13.8618
20.0962
24.5917
37.1878
24.4829
19.4439
14.8575
7.6705
-2.0880
-11.0883
-3.5290
10.9418
15.0840
13.6162
16.5075
16.9565
17.2122
20.3229
27.0561
24.9295
24.4012
24.5770
4.9322
-16.0184
-15.3231
-22.4267
-10.7058
35.2216
38.3338
42.2572
49.6487
36.1327
6.1114
-5.6422
-14.2302
-23.3266
-21.7481
-21.8654
-10.0208
12.8894
18.7926
20.3597
16.5217
14.1201
11.5563
11.0952
12.2083
14.7071
12.0111
11.3842
9.8623

Coefficient 3:
0.0000
25.5395
41.8869
36.1980
23.8509
19.3446
19.0311
18.1499
19.9522
21.5168
17.5321
16.6101
14.9541
11.9282
15.3930
15.6402
15.7233
26.0702
20.7513
18.8241
28.7159
17.8313
12.9073
13.4642
11.4954
5.3701
-0.1063
-0.2582
23.8973
5.5410
-7.3468
-5.6434
4.0360
22.4428
40.7727
26.2318
25.1229
53.7970
65.1936
73.0098
84.5775
88.9814
76.3829
67.1741
74.6109
94.4583
94.1908
79.6803
69.6900
70.0338
40.5412
9.7595
-6.7172
-3.6333
2.3785
-0.6932
6.8169
18.5648
22.8894
33.0111
29.2550
34.6456
65.6302
87.9572
81.7881
60.2959
46.6729
29.6314
28.8306
39.8211
49.0633
45.6157
32.3031
19.2675
14.8351
4.4397
5.9549
14.8741
23.9077
33.4551
25.2969
12.5045
9.1134
-6.7573
-27.0455
-30.7675
-21.3912
7.1163
13.9647
3.9791
-4.3980
-1.0963
37.9316
64.7837
75.3222
75.5972
54.3501
43.3103
62.0900
81.9275
88.7912
96.9814
83.9093
81.1218
59.5313
30.3038
14.7750
10.9170
4.9751
-7.5992
-21.0183
-25.1467
-20.9492
-7.1827
-1.0836
3.1864
7.3955
11.5289
5.9494
5.9220
6.7872
4.6480
6.4985
5.3015
4.8977
5.0253
5.3699
6.8116
10.5325
8.0227
4.3398
7.1305
7.6893
5.2503
7.2415
8.7401
6.6276
5.8845
6.2270
5.1675
-4.3094
-6.9809
-8.6118
-11.7508
-12.1522
-11.0095
-2.9289
0.8915
6.8840
29.2174
38.8121
72.9755
67.2019
56.4679
46.5842
35.1174
27.2224
14.1359
10.3781
9.8166
10.3466
9.8322
8.6498
11.3974
36.5356
40.9190
41.8889
42.1273
42.3422
48.6570
53.0888
44.9644
35.0241
32.2412
35.4915
52.8747
78.4366
92.2681
91.1062
93.4248
100.5543
85.4122
66.1099
61.6501
62.4204
44.0601
23.8091
45.2605
69.2854
67.3707
66.5453
47.0372
36.1877
40.0625
53.0185
60.7213
59.7172
41.9885
13.9297
-4.4147
-9.7732
-4.0695
8.5698
17.5386
35.3479
67.1535
80.1106
80.2418
42.1460
19.9284
0.8358
-18.4635
-26.4432
-24.7604
-12.6073
5.4748
20.9046
47.7226
44.8637
40.5470
37.5052
37.2264
37.8400
35.2883
15.3542
4.0195
0.0685
3.5033
15.7903
23.7790
16.7298
17.4571
44.5313
75.1852
98.1126
111.0974
83.6011
60.2596
60.4016
71.8674
74.1593
43.2742
26.6218
26.1079
16.7997
26.9320
44.2080
56.3465
56.6687
46.8036
43.8727
49.0885
61.0944
49.3111
44.0148
67.5127
91.9647
97.0534
89.9411
91.9962
56.2225
15.2993
-4.9334
-5.8955
13.2369
21.7625
28.3185
33.9627
27.6934
12.3409
-7.1147
-10.9334
1.1644
42.6534
68.9196
86.7606
99.6850
98.8141
83.2746
56.0894
39.7942
34.4607
30.9210
29.6972
46.2184
56.0086
54.0682
51.2913
50.6015
49.8145
55.2925
52.8314
37.1171
21.3783
13.9857
10.8624
9.2516
4.2384
-4.9111
-6.6388
-9.5490
-12.1346
-7.0766
0.4358
5.4875
7.9683
6.9256
0.9472
-0.5396
0.5156
2.0873
6.0146
10.7496
11.4218
11.8637
10.5046
9.4760
10.1948
10.1339
18.8603
5.9741
5.0489
0.9503
-9.3768
-1.9809
5.4407
10.4569
10.2636
8.2711
6.9044
2.0085
2.0505
6.3514
9.6261
8.7103
8.6987
11.5742
13.9349
15.4039
12.8467
10.3961
10.1971
11.1413
10.1123
11.2013
10.9135
8.1682
7.1169
0.6443
-3.7821
1.2900
4.2251
-5.5778
-22.7959
-31.0585
-35.0894
-38.4434
-34.2077
-24.0146
-25.0964
-34.4164
-38.9116
-42.9765
-38.8903
-36.1038
-39.6060
-46.2688
-49.3427
-50.2045
-49.4805
-42.8680
-30.1111
-25.9568
-22.4272
-19.9971
-17.1199
-10.2948
-2.6179
5.8420
10.4824
9.5658
9.4507
6.7398
8.8229
8.9026
8.1068
8.8376
8.2428
3.0939
1.2290
3.9330
6.6094
5.7302
4.5595
6.1901
12.3563
13.1682
11.3501
9.5306
8.8445
10.9084
11.1632
7.0116
5.7339
6.0282
9.4941
12.8362
10.5994
10.9710
14.5674
16.0357
13.2647
14.2145
18.0387
21.0707
25.0172
28.4825
23.4616
13.8289
13.6896
12.8271
12.5546
13.2808
13.9476
21.8251
25.9063
24.0882
19.6485
-3.7680
-32.7307
-55.7302
-64.5642
-63.6695
-59.1602
-47.1224
-35.9465
-29.1046
-16.8153
3.8972
20.9569
29.3762
34.9176
32.6896
28.2426
30.9594
36.8480
39.1109
34.6632
27.3182
20.0101
2.4609
-6.5144
-13.8966
-20.6623
-23.1297
-24.8352
-30.7754
-29.2050
-20.1024
-22.7125
-24.6519
-21.8727
-25.7494
-30.1755
-30.3076
-27.1954
-14.1348
1.1066
12.9686
17.3840
16.9455
17.3018
15.3588
14.9654
19.1395
22.2460
21.6337
32.6992
31.6492
22.6296
22.9137
20.0233
63.0453
61.2990
34.5857
19.9213
17.2468
25.6557
43.2063
62.0295
67.6776
65.0052
55.5358
54.2843
50.7699
42.7324
39.4895
32.7820
29.0669
47.5454
60.6480
59.4914
55.0399
46.6469
28.4963
15.5224
10.9448
15.0340
21.2690
23.6581
25.8558
24.2756
25.0434
24.0011
22.9181
26.0226
33.0526
31.5005
28.4304
37.0303
67.7070
84.3147
73.6624
52.0710
42.9550
45.6933
52.8202
47.7430
32.4846
25.0077
28.4509
52.4755
63.3829
58.1271
50.9922
67.7383
77.0932
73.8594
71.0229
71.7014
64.3542
56.8814
56.9134
58.0514
64.3103
66.3631
78.1022
81.2710
78.5428
64.4814
48.8334
37.4497
31.0984
25.5473
17.4717
11.0075
9.1572
15.8552
19.6808
14.6144
9.2288
8.1613
10.2820
11.5338
9.2557
9.7476
18.1328
20.4915
16.2647
14.1546
9.8187
10.7882
11.5969
14.6383
17.3550
16.4806
11.8643
11.6672
13.3908
20.5934
16.1421
6.8483
10.1528
20.8424
24.8203
24.7869
22.3621
26.6221
23.4941
17.9143
17.1911
14.8475
19.2718
26.2257
28.8817
29.0796
24.2635
17.0988
13.5543
15.2273
15.7649
18.6831
16.3265
16.2203
15.4856
11.9229
17.9585
22.2105
17.6899
18.5960
21.1060
18.5904
19.5179
25.9122
25.0749
19.3989
20.1404
16.7683
14.6388
10.7528
9.0600
12.5669
14.0391
16.0042
18.2124
14.6381
13.5824
14.5799
14.7974
18.2233
17.4921
19.3215
19.8533
17.0394
16.6767
16.9481
14.5800
14.3616
16.5132
20.7159
37.5822
38.4018
27.4922
40.8459
50.3177
51.0710
36.9706
29.1283
31.2037
36.9651
45.7762
51.1940
42.2440
39.3190
36.6116
39.2990
49.9137
57.6206
58.3228
59.3054
76.5063
74.2087
58.1324
48.0927
39.8097
39.0640
32.4572
16.6228
6.5653
2.3205
17.4240
39.4773
44.9440
42.4561
41.6852
47.5083
48.3197
44.0371
42.5379
37.1689
38.1481
38.2308
39.6372
36.8331
28.7604
21.5501
14.4619
17.5455
21.0943
19.1022
15.6334
14.3485
13.2375
13.6373
24.4388
16.9867
8.5350
-19.4538
-25.6928
-19.5492
-7.3611
1.2099
-1.3934
-3.2936
1.4720
-34.0837
-42.0734
-24.3997
-6.4500
-7.6051
-2.8187
17.3721
27.8310
34.0438
28.2893
21.8792
22.2394
25.5510
27.7654
24.4526
20.3960
20.2947
24.7582
22.4845
22.5773
22.4195
30.6443
42.7918
-30.1419
-42.4509
-34.4908
-6.7942
-12.2731
-19.7317
-20.6237
-16.9479
-16.5955
-16.4021
5.3523
24.2636
23.9515
15.6542
8.8776
11.7313
16.5172
17.7832
14.6123
12.5625
11.0854
10.6811
11.8398
12.2883
8.0020
9.1167
8.9475

Coefficient 4:
0.0000
20.0380
24.8227
21.3013
16.4344
16.0037
15.7181
12.9702
14.4794
15.5975
10.5309
8.7196
7.4732
3.9123
6.3174
9.2264
9.4327
13.6882
32.3403
44.5082
41.0505
27.8613
18.7388
8.2694
6.1655
13.8938
26.7700
25.3528
3.1879
-15.5133
-14.5177
-10.6442
-9.0344
-3.1481
-2.4062
5.1059
27.4003
45.9157
52.9100
58.4448
61.5592
67.6775
68.2918
63.7203
44.6864
18.0967
8.1626
15.2197
29.6499
42.3207
41.4207
26.3622
0.9050
-1.5979
9.7215
20.1591
23.9347
25.9649
28.6546
27.7987
27.1411
19.0555
3.4491
-2.1327
-7.8581
1.8568
14.7005
33.8995
37.2127
38.6668
40.5582
44.5002
46.5246
40.3970
33.7825
18.0995
7.9146
1.8621
2.4382
-12.0819
-11.9613
-1.2849
4.1607
23.6033
24.2121
18.4479
12.2637
-13.2373
-21.1030
-9.5608
5.0357
4.9260
-11.4383
-22.4053
-27.1038
-11.2231
10.0257
18.8735
16.8409
15.5130
8.6727
4.6697
1.0206
1.2448
-12.7420
-17.5362
-8.9953
0.2407
-2.3516
-21.8382
-38.4656
-39.1235
-33.3037
-19.2773
-6.2800
3.5994
9.2400
11.8945
8.2355
9.5031
8.5537
4.4664
6.2408
5.1934
4.3295
4.6749
5.0716
6.3906
9.9304
7.5156
4.1695
6.5423
7.0691
4.6788
6.6162
8.2072
6.4228
5.3829
2.6327
0.1020
-10.1125
-11.9710
-12.0829
-15.8909
-17.0940
-16.7386
-7.6616
-2.9750
-0.0061
11.4935
18.3672
14.7651
-15.1843
-26.5315
-17.4347
10.3862
14.8418
11.7031
9.5311
8.1223
7.0565
7.1886
7.9516
9.4438
-34.7288
-54.6635
-53.8071
-44.2412
-33.9916
-23.8261
-21.1702
-25.1584
-22.5801
-19.9825
-19.0536
-22.7873
-26.3079
-20.9594
-19.0309
-15.4002
22.2450
46.3360
29.4076
0.8711
-7.3289
-8.9264
-1.4515
7.4615
25.1017
29.6554
45.6665
48.7404
45.3766
46.7437
47.6026
37.8512
23.3545
-6.6460
-24.2710
-35.8650
-42.8479
-36.7628
-19.5509
-6.4429
-12.5771
-36.8904
-45.9148
-50.6721
-36.1132
-12.7241
-1.2688
4.0344
6.6433
6.1017
-5.5763
-7.3670
-11.5030
2.5503
18.9106
33.1570
30.0935
27.5851
22.7568
11.5699
-4.4246
-17.8966
-21.2233
-10.4566
-2.4318
-23.1204
-34.2648
-39.3469
-50.5154
-58.2704
-63.6124
-61.6711
-33.4857
0.6397
13.2400
17.5789
19.4415
8.4027
-10.8702
-29.8732
-36.1675
-31.8412
-26.4434
-25.7178
-4.7764
10.6367
19.8515
23.0701
5.4825
-26.3461
-46.5367
-61.7200
-68.0914
-62.0311
-65.9971
-77.4946
-71.1029
-64.4606
-52.3752
-43.3291
-33.6275
-23.2044
-6.5092
-4.5667
-25.5280
-44.5974
-37.8532
-18.3996
0.1508
1.7386
-14.1907
-26.4267
-32.1814
-27.8358
-17.9110
-23.5498
-34.5191
-36.3512
-29.2083
-13.4622
4.5430
-11.8389
-38.1052
-52.3051
-50.2679
-42.0886
-34.7551
-21.6701
-10.1248
-3.4067
4.4438
7.3428
8.9228
16.1291
26.9269
31.9247
30.7046
25.3504
21.3116
14.7693
8.3334
7.3547
10.8172
17.7353
19.8610
18.4809
16.8908
15.3399
15.0398
11.6858
8.9278
7.5704
7.4919
8.6679
9.7963
6.4683
59.8410
78.1663
72.4769
61.9984
42.2574
23.5847
12.9497
9.9240
11.5527
15.1761
13.6409
14.2693
12.4058
8.3818
7.6221
7.2604
7.3907
5.8382
5.2735
4.5765
2.6003
4.2764
6.7825
2.9128
3.9444
4.9747
1.1688
-3.1506
-5.8416
-9.3235
-14.1519
-16.5348
-13.1017
-8.0776
-2.1717
-6.5761
-10.6781
-9.5375
-5.7874
-7.5009
-5.2801
-6.3443
-6.2905
-3.2604
-8.5873
-21.5181
-26.2037
-21.4809
-15.0356
-17.0020
-19.1038
-16.6693
-25.4954
-27.2746
-29.7829
-34.8636
-30.9872
-21.5774
-13.7727
-6.7639
-0.4189
1.9568
4.4270
9.4834
12.0973
9.8147
6.9596
1.3187
-3.8530
-7.6861
-6.2510
-1.6076
2.9101
5.8171
9.8417
15.3673
15.5273
13.0788
11.6130
11.3637
14.4871
17.0979
13.7413
10.6100
10.8895
16.4923
17.7113
12.8725
9.6552
8.0147
7.7157
9.2907
12.1584
16.2622
18.6634
22.5580
26.4329
22.6347
13.2149
13.5021
12.2146
12.3663
12.6097
13.1935
20.5540
24.1834
22.6975
18.4446
-1.2928
-24.2776
-32.0727
-34.5125
-37.1953
-37.6231
-32.8437
-25.2590
-20.2586
-8.4905
5.1597
11.4620
8.3910
12.9964
16.3699
15.3570
19.3899
24.7637
28.0909
24.1948
19.3082
15.8871
32.4029
56.0167
70.5901
66.9213
54.4471
52.1530
53.9664
66.6108
70.7731
62.2879
57.4155
56.5686
49.0839
43.8547
45.1811
38.5109
24.4639
10.8781
12.4794
16.2075
15.8105
15.0952
13.5082
13.8189
18.0606
20.8643
20.1370
14.9435
12.9929
15.3335
5.8826
2.5218
28.9705
5.7097
-14.3053
-18.2222
-17.7316
-11.4916
-0.8011
17.3620
21.3063
21.3543
23.9491
33.0356
35.1820
26.4561
22.1843
19.2845
15.0464
23.7682
31.1992
32.0927
30.5375
26.6535
18.7718
15.3405
11.5476
12.9271
19.6954
23.0692
28.8830
25.9326
20.6667
15.3922
14.1872
13.5611
12.3175
9.4672
10.0083
18.7862
19.9247
0.4365
-27.9578
-37.0528
-29.5046
-18.8273
-11.2183
-16.5270
-18.0243
-17.0331
-15.2208
-33.2228
-45.5921
-43.7317
-23.0986
-5.2450
9.9851
22.7020
17.5269
18.3506
20.8849
20.5033
25.0742
24.3522
0.7463
-9.0413
2.3128
20.5129
27.5706
31.9615
33.2301
30.7169
26.8381
22.1234
15.4552
9.8443
6.9545
11.5350
15.0626
12.4842
8.6312
7.5419
9.4053
10.2209
8.2364
8.8332
16.5485
18.5293
14.8724
12.7983
9.6976
10.0184
10.9741
13.9979
16.3842
15.4944
10.9131
9.0886
10.8903
13.7064
8.8502
3.0494
8.4506
19.0999
22.8455
21.9550
18.1390
22.6648
20.6613
15.2669
14.7843
13.0547
17.1512
19.0985
20.1383
21.2419
17.7494
13.4352
10.2813
11.2852
12.7357
15.5692
9.3311
7.5798
10.8749
9.5910
15.7324
19.0317
15.6664
13.9855
10.7042
6.8306
6.9687
12.6587
16.1536
15.1820
16.9518
14.7703
12.6238
8.9711
7.8669
11.2977
12.3814
12.3881
14.3191
12.1063
12.7715
12.6893
12.4266
15.7342
15.5177
17.7773
18.1679
14.9495
13.9168
14.1864
11.5710
10.3860
13.7637
16.4861
1.8169
-9.1742
-4.9404
-6.5512
-16.3033
-28.7711
-17.8877
-8.3101
-7.6078
-0.4848
1.7457
19.3389
26.8405
22.2140
23.0122
23.0875
17.1507
21.4658
18.6862
14.5893
5.2960
8.6977
14.6794
13.5744
8.6397
8.3817
9.4143
7.4151
0.0230
-2.5502
5.3984
13.7202
14.3521
13.8690
5.3831
-0.4830
-5.2301
-6.2599
-0.3776
-3.6212
-3.3175
-2.9005
-0.7842
0.6286
-1.8944
-0.6040
2.3639
7.2914
12.8528
13.9674
12.2325
12.5859
10.9817
10.7227
9.3777
18.4781
22.1564
17.2059
9.3103
7.0760
19.5025
19.3857
21.3896
25.0036
24.5166
2.0942
-4.3539
-3.8304
-10.2388
-12.1887
-8.8115
-6.4020
-3.6752
4.0317
6.9733
8.1700
9.0544
11.6783
14.5223
13.6466
13.4246
15.1066
19.8782
18.7456
19.7516
19.1560
1.0283
-0.3824
-21.1739
-28.0605
-22.5607
-11.5714
-5.0530
-17.3260
-18.3859
-8.6791
8.3124
24.5073
40.4346
49.1176
47.5198
42.4478
32.5801
14.0781
13.2670
14.4107
12.4953
11.1123
10.4304
10.2072
11.2969
9.7173
5.8562
7.6214
7.6828

Coefficient 5:
0.0000
13.9032
11.9065
11.4377
11.9390
13.0428
12.1110
8.8885
10.0894
10.1661
6.6537
6.2119
5.9405
3.4257
5.3841
8.3181
10.9479
10.8536
29.9753
31.9153
21.4604
27.3551
20.8418
7.8054
5.9517
4.4701
1.1283
-1.7831
-16.6954
-13.3371
-1.6531
6.9884
6.1972
6.3855
6.6489
28.7184
41.7087
38.2645
33.4674
23.9699
18.0369
23.5496
46.8776
59.3867
67.3952
71.9850
64.9102
58.6916
60.5409
46.7606
32.3654
31.1392
18.3005
12.6873
6.4065
8.0857
12.5041
17.5826
28.0191
36.2022
42.1000
51.9182
62.1865
64.1643
45.8601
26.8087
19.7262
32.9711
32.6489
27.9416
24.9197
20.0360
20.2673
21.1825
19.5227
34.9327
33.4060
29.3167
28.7913
25.2512
20.5363
22.9602
21.9264
18.2060
21.9132
21.0271
21.0923
11.2227
-5.1931
-13.8156
-13.9877
-8.9401
-3.0433
-8.0737
-19.4535
-14.3087
-4.6692
0.0685
1.2319
2.5954
4.8912
3.5204
-0.8462
-6.6817
-8.8637
0.8256
-0.3526
0.5707
1.5932
4.6986
16.2496
21.6741
16.3818
10.1831
13.0016
9.6520
10.2340
11.2890
8.9713
11.2346
9.3946
4.2226
5.8631
4.8789
3.6363
4.3479
5.1262
6.0523
9.4140
6.8404
3.9382
5.7854
6.2650
3.9478
5.8086
7.5125
6.1461
5.8180
5.9343
4.6141
-1.6163
-0.4466
-0.0506
-2.4468
-0.9588
1.5135
6.9938
9.4748
10.1211
5.7752
6.8075
-1.8133
0.3857
2.4091
-1.9322
-4.6608
2.6754
7.4820
7.5721
5.8831
3.8421
4.5591
7.1702
7.2592
-1.8557
-5.8720
-4.4228
5.0973
8.8308
3.7321
2.8268
4.3888
8.3509
2.6939
2.8489
20.1363
40.0194
46.7283
47.1629
34.8197
30.4294
28.8261
21.7448
6.0023
-8.1570
-9.0575
8.2517
6.2782
-6.0729
-11.5353
-8.3238
-8.9855
-4.3448
7.8713
13.9699
14.0085
13.8202
1.1749
-0.1562
3.3098
6.9439
4.7359
-2.5971
-0.1020
13.1846
25.7811
20.5346
14.8619
6.1706
-3.6736
-3.2157
4.1074
5.6690
11.4479
14.9899
18.4717
24.7785
26.3935
15.1421
11.0160
4.1087
14.3809
16.1641
10.4360
5.6091
1.5160
0.7140
-0.5653
-7.4675
-22.7458
-14.4469
6.8589
29.7853
48.5772
51.6987
46.9433
65.5623
61.7961
44.5324
29.5471
20.1382
29.1867
35.1051
37.7908
39.4058
36.4508
35.8031
38.1045
39.5421
33.3989
24.5305
11.1790
-11.3675
-8.7964
15.3160
31.3969
32.5441
26.8211
7.0408
-27.5758
-15.4339
8.4069
23.4991
25.9916
21.0028
14.1410
15.5791
21.9038
13.9173
21.4788
40.7005
48.1330
41.2260
58.9358
71.5750
76.3652
71.7112
67.0090
55.7908
47.9695
41.4415
33.9443
38.5740
40.0788
25.4514
-2.8456
-23.6446
-27.7773
-31.2786
-35.6373
-43.9421
-45.1253
-30.1690
-16.8475
-3.2009
3.8779
6.7730
8.4432
2.5269
0.6443
-0.6226
-1.5508
1.7747
5.3013
5.0538
6.4581
5.3450
5.3623
8.0478
9.3569
11.0586
10.1654
6.5449
2.8125
3.0638
4.3312
5.2716
6.8940
8.3738
11.7911
-1.0525
0.4618
-3.4763
-12.5273
-15.1796
-7.6805
5.0874
8.7497
8.5087
7.6037
4.0871
3.8615
5.8631
6.9257
6.3262
5.6397
3.5067
-1.0494
-4.1111
-6.7269
-11.8572
-11.7952
-7.2404
-9.9288
-4.5491
-0.4072
-3.9592
-6.4763
-7.3276
-11.4711
-17.5382
-27.3623
-29.5518
-32.4755
-30.4183
-31.0680
-34.3469
-29.1120
-18.5619
-15.1735
-11.0233
-5.9198
-6.4963
-7.6271
-12.4429
-23.1250
-23.6855
-13.6008
-3.2096
-3.1758
-7.4666
-8.9342
-16.1596
-12.2119
-11.1536
-17.1600
-19.1745
-15.3564
-13.3851
-12.7683
-2.2733
2.5369
4.3960
8.1292
11.4047
9.3544
8.7322
3.7563
1.0798
-4.3397
-4.5999
0.1636
5.8129
8.5115
12.5081
16.4956
17.9747
16.6242
15.3304
14.0485
14.8812
16.2267
13.4529
11.0220
10.7448
15.0894
15.4005
11.0636
7.8222
6.9607
6.9100
5.7873
9.8903
14.5849
17.2074
19.7630
22.1093
18.7830
11.6538
12.9025
12.2255
11.8292
11.7196
12.2076
18.8868
22.0283
21.0172
18.9802
22.7615
17.9712
13.8825
10.9592
7.6648
2.8095
4.5114
13.0485
13.4962
15.6305
18.1766
14.8093
6.6854
8.0691
8.0298
5.3026
8.0831
12.2802
16.1448
13.5206
10.0124
8.1752
9.3474
9.9199
1.9195
-3.7455
-12.5645
-19.4111
-14.7238
-1.9926
-4.8432
-7.4894
-6.0152
1.5444
3.6688
8.0452
11.2399
14.7092
16.7936
12.7275
11.8898
14.8528
14.3621
12.4646
11.3647
12.4751
16.6290
19.1734
18.2979
27.3700
24.1384
14.4365
10.8894
6.3430
4.5920
-5.8913
2.8703
10.3963
11.8280
10.6413
16.7187
20.3283
7.9760
-1.6158
-3.2800
7.0550
15.2769
15.2649
14.8435
16.1794
11.4338
8.3074
9.0381
10.3716
9.1865
7.2490
6.0497
8.4340
6.2921
9.0884
16.2084
20.5032
27.1746
25.6034
22.7129
21.1374
20.7068
14.0574
4.1963
0.3135
0.6432
6.1548
-14.2271
-33.5875
-37.1757
-19.3253
-7.4311
-4.4999
-6.2535
-0.8538
7.1365
11.2042
16.7063
31.6140
31.0762
27.6378
17.3746
19.5492
17.8942
6.4976
-3.5003
-4.4733
-0.5378
1.1661
9.4415
19.6120
39.8090
39.8754
25.4009
19.3876
19.0359
16.9916
18.2975
23.2092
21.8502
18.1304
13.1006
8.5483
4.5795
7.0356
10.0058
9.9769
7.8424
6.7356
8.4625
8.8489
6.9839
7.7128
14.6923
16.0933
13.1341
11.1181
7.9413
9.0399
10.3551
13.1778
15.1258
14.1935
9.7045
6.9268
8.4874
9.9168
7.6397
5.7471
8.8413
17.5006
20.9115
18.6602
13.5458
17.9099
17.0668
12.0067
11.8380
10.8465
14.9683
13.0944
12.2564
13.4068
13.0470
10.4850
8.5350
9.9047
11.5118
13.4706
8.1204
5.8285
9.4503
8.0784
13.0719
15.5443
13.4925
9.5716
4.4495
1.6339
0.8981
3.8511
8.1558
10.9566
14.2129
12.5430
10.5717
7.2663
6.5717
9.6379
10.3076
9.2938
10.5440
9.3804
11.7260
10.5211
9.7664
12.8026
13.1008
15.7520
15.9681
12.2636
10.6539
11.7754
10.6952
8.7043
10.7951
12.5280
15.9377
9.5558
10.5785
19.2960
14.3161
-5.3107
-14.0625
-7.3811
2.6470
15.5153
30.9591
17.5026
-0.2768
-7.6589
-6.7287
-2.6024
0.3423
4.4171
4.3117
11.9016
20.1602
26.5493
29.8416
23.3876
12.8617
9.7411
6.6136
4.5114
1.7266
2.0156
1.4714
-0.3707
2.3503
10.1000
12.8266
14.3538
5.9779
5.6192
11.0883
9.8740
10.3357
9.7699
12.5232
14.7482
12.5077
12.0542
11.1092
14.1192
16.1479
15.3348
12.4228
11.6193
9.5255
8.6715
3.3334
3.3253
13.0460
21.6125
19.1266
16.9890
21.6477
15.9104
17.5680
13.7319
7.8998
-1.0905
-4.2691
2.6692
8.0798
13.5728
18.3883
18.2953
12.9192
12.4064
12.8153
11.6797
16.9633
22.9088
24.6045
19.5729
15.0371
11.9583
13.5240
14.1623
16.2134
15.2245
19.6112
33.8081
-3.7209
-9.3297
-4.4933
12.1810
11.0742
2.3387
4.5434
7.3569
6.8751
4.6358
-0.5732
-4.0857
-5.8547
-7.4654
-5.5995
6.0339
9.6525
11.0984
10.9583
10.2535
9.6643
9.7940
10.6442
7.9959
5.5250
6.7804
6.2859

Coefficient 6:
0.0000
8.1502
4.8739
7.1986
10.0434
10.7882
8.8134
6.7594
7.5194
5.4926
4.9624
7.5827
9.5012
8.9905
10.3495
8.1250
2.0162
14.8559
27.3097
31.1510
22.2495
9.3206
6.2798
7.8404
5.6045
-6.8123
-18.7636
-29.7247
-41.7347
-41.0130
-33.6220
-28.3017
-20.2486
-15.1029
-7.6910
0.5224
-20.8260
-63.7070
-71.6723
-62.3970
-58.9518
-54.0931
-51.9771
-63.4310
-63.1225
-53.5087
-32.4769
-21.7638
-26.0745
-45.9606
-62.3021
-53.0225
-43.4878
-31.4681
-25.9207
-22.2079
-20.2144
-19.3896
-22.6122
-44.9504
-55.8663
-45.0353
-33.2514
-35.2593
-47.1477
-38.3290
-32.5174
-62.9361
-81.0036
-81.7017
-75.3207
-66.5442
-56.4518
-46.4649
-40.2619
-62.8399
-82.0130
-81.6749
-67.4778
-66.1882
-63.0258
-53.7726
-41.4763
-35.9267
-37.1322
-28.2995
-15.1914
-15.5088
-15.0864
-18.6022
-26.0603
-20.8380
-6.4957
5.3744
12.4221
8.9152
-0.7209
-9.4748
2.2045
17.0527
30.5375
32.3843
30.9370
10.1192
-11.4433
-17.8352
-5.8450
2.3943
3.3043
-6.6424
-14.9001
-11.5225
-4.1019
-0.5450
-1.7119
-0.3329
3.6791
7.0392
4.8685
6.0841
6.6006
3.9265
5.3138
4.0915
2.8985
3.7886
4.5489
5.3345
8.4016
6.0292
3.6528
4.9177
5.3327
3.1175
4.8784
6.7009
5.8068
5.5442
6.3522
6.5488
7.4794
12.9302
14.1455
11.8152
12.3698
13.4297
16.1585
19.5890
13.2758
-5.4537
-8.3931
-37.0902
-46.7569
-44.6787
-40.5656
-31.2239
-10.6157
1.4971
4.4473
3.4190
1.5470
2.6021
6.4283
5.2309
-15.6846
-10.3573
-3.5247
5.6993
11.1030
9.5238
-10.3875
-31.2423
-31.9618
-38.1401
-46.8286
-56.9387
-50.5369
-40.4968
-38.3006
-39.8022
-62.5169
-76.3059
-81.4259
-73.5730
-57.2505
-42.7794
-45.2565
-38.3131
-29.2571
-24.0852
-44.2777
-57.2816
-57.7112
-54.3422
-47.7028
-42.4293
-35.5226
-54.3815
-62.9707
-53.2938
-52.9437
-56.0055
-66.8147
-70.9413
-70.3412
-56.9878
-54.6341
-58.6845
-67.1655
-69.5606
-56.1942
-39.9888
-32.5988
-34.6275
-44.4257
-40.5680
-32.1269
-54.9613
-74.1331
-72.5516
-76.8431
-75.8936
-72.7414
-73.8098
-69.9979
-55.8677
-41.2960
-34.6945
-36.8604
-39.2032
-28.9382
-22.3793
-22.8097
-22.5366
-20.6933
-17.1956
-35.0483
-59.3634
-66.4994
-72.8133
-78.8115
-60.0469
-38.4438
-33.8790
-52.3244
-52.4356
-47.2246
-45.3924
-70.8901
-74.0632
-62.3575
-49.5059
-36.8307
-21.3429
-12.8794
-12.6238
-0.7937
14.6975
11.8122
-1.5707
-22.6905
-35.0623
-44.2902
-47.3743
-37.8815
-29.7600
-22.9192
-12.0672
5.2637
9.2740
-2.5405
-17.2458
-27.9101
-51.8717
-63.9147
-49.4730
-34.5756
-26.6334
-36.6482
-53.6253
-62.3641
-64.5245
-56.0994
-40.3028
-42.2632
-60.5034
-56.8880
-48.9926
-44.6078
-38.6523
-33.5812
-28.8478
-23.2238
-17.1043
-6.5632
1.3075
4.8344
0.3215
-7.4276
-9.0641
-12.5029
-17.0234
-10.6347
-2.1151
3.5201
5.4254
3.2903
-0.4116
-0.5535
-0.7930
1.3738
2.6089
0.8694
-2.2537
-1.3160
1.4157
3.2224
5.1434
7.0904
4.6058
-3.0764
-3.4468
0.8434
5.9838
9.6370
9.7282
6.5311
7.5803
5.9213
2.8363
-2.5234
-3.5877
1.4687
5.4424
4.9976
4.1214
0.9238
-4.6244
-9.3368
-15.5055
-22.7051
-24.9903
-19.2339
-19.0410
-10.4162
-6.8977
-13.1013
-16.7869
-19.5952
-20.6213
-18.2208
-20.2540
-21.3751
-21.1304
-18.8606
-17.5425
-18.5199
-15.8236
-16.0290
-19.5144
-23.5692
-20.1722
-16.5793
-16.4329
-15.5525
-17.8580
-17.7934
-11.5882
-10.9762
-7.5545
-7.3716
-11.0886
-11.3083
-3.6513
0.7232
-2.1695
-5.9465
-5.7428
-5.9501
-6.6020
3.7535
9.4953
5.7671
5.2160
5.1178
3.4791
6.7677
5.6121
5.2433
3.1336
3.4659
6.2754
6.7246
6.5347
7.5550
9.8348
11.2149
12.7498
11.4093
9.4819
8.6787
8.3318
5.5653
4.8727
4.2023
5.8197
7.8429
6.4526
7.7140
11.4030
13.0713
11.9394
11.2460
14.0456
16.6384
16.8875
17.1015
14.6182
10.3255
11.4648
11.6890
10.6899
10.6549
11.0504
16.9201
19.6117
19.1582
18.9063
33.9576
44.1077
40.5536
36.5858
29.9275
25.3286
23.8795
22.4296
14.9424
15.2742
12.4125
9.3027
10.1537
11.9207
10.4693
7.4133
5.6661
4.1533
6.3381
4.0963
0.8033
0.4363
-13.0662
-20.1704
-30.8997
-37.8533
-40.5203
-44.0016
-42.6185
-38.6157
-50.8981
-54.7909
-59.3242
-56.5346
-49.8129
-38.9858
-28.5368
-20.9752
-10.5780
1.0479
10.2314
13.4320
12.7152
9.7590
9.1635
10.9985
14.9155
17.3020
16.1701
11.9269
9.0882
9.0150
0.1146
-1.3199
-4.8631
-8.4391
-12.9351
-19.6803
-18.8070
-12.5393
-7.3267
-11.2251
-10.0192
-13.1510
-20.0252
-16.0614
-7.9303
2.4852
12.0369
17.1184
15.3860
3.1346
-2.6447
-1.9632
-4.3405
-6.8310
-8.0026
-8.5117
-7.4153
-2.4945
2.7566
7.5556
11.9168
14.4512
23.2280
28.2540
26.7274
17.2570
6.3417
2.4335
-0.1017
0.3849
-29.4937
-34.9842
-18.3980
-4.3276
-6.1329
-3.5013
-3.2946
-5.5178
-6.8057
-7.8520
-7.1543
-11.4851
-16.5308
-19.1269
-19.8795
-26.0897
-25.8356
-18.6511
-15.0521
-13.6267
-11.6890
-10.3390
-4.2040
1.0766
-0.0305
-3.1349
-18.5618
-20.5138
-11.8547
-3.0701
7.3556
16.2406
16.8540
14.1486
10.7430
7.2882
2.5211
3.3409
5.4963
7.4510
6.9039
5.7946
7.5491
7.5761
5.6107
6.5103
12.7692
13.4399
11.2232
9.2947
4.7742
7.9340
9.8175
12.2395
13.6637
12.6489
8.3405
5.6237
6.6557
9.6857
10.2130
8.9729
9.8330
16.8125
19.0733
15.2475
9.3310
12.9396
13.0334
8.5017
8.6916
8.4529
12.9696
9.3392
6.6946
6.7462
9.2900
7.6793
5.9758
7.2482
9.4724
11.8321
10.3553
8.4297
9.4079
7.0933
10.3282
12.2895
11.3589
5.8013
1.2038
0.5131
-0.2537
-0.2387
2.5320
7.4418
12.0061
10.3561
8.8928
6.0384
5.3214
7.6927
8.0204
7.1533
7.4674
6.6906
10.5200
8.3117
7.2826
9.8431
10.4872
13.3675
13.3948
9.1928
7.1967
9.6318
11.6746
9.4000
8.0126
7.6570
-8.1971
-12.5562
-3.8679
0.8863
-0.0724
-23.2571
-49.1639
-45.2551
-37.0056
-26.0582
-17.4664
-40.7111
-42.2434
-40.6843
-36.0455
-34.4625
-34.9168
-33.3449
-27.1485
-16.3113
-13.9695
-11.7331
-0.7306
-1.6278
-6.6070
-10.9802
-6.7166
4.1246
7.4481
9.4886
1.8607
-7.8475
-9.2178
-6.5280
-3.2144
-4.0991
-13.7685
-16.5981
-10.0730
-8.0836
-6.4916
-8.2384
-7.9654
-5.7072
-8.4619
-4.8893
1.0658
5.2622
8.8192
10.6640
9.0326
9.3828
7.5010
5.6457
3.9584
4.4701
4.2496
0.3962
0.9572
9.3195
12.9383
5.2949
7.3826
12.0280
14.3635
22.0475
24.1327
24.8868
28.9164
26.9264
23.0962
17.7920
13.0477
8.9776
7.3165
-1.0326
2.1774
9.1563
11.3891
8.7766
7.5518
6.5038
8.8122
9.2649
12.3093
11.1283
-2.6945
-12.1623
-9.8757
-12.0401
-9.9947
3.7147
9.0809
10.3328
10.0022
15.8228
22.6211
20.9424
23.7030
23.7403
16.1990
9.5476
9.1503
4.6319
6.2399
8.3707
10.1351
9.6613
8.7949
9.3941
9.9155
7.4032
5.0798
5.6066
4.8610

Coefficient 7:
0.0000
3.5238
2.5519
5.5734
8.5130
8.9124
6.2154
6.1096
6.1439
2.9869
2.8768
7.9256
12.0506
14.0194
14.7880
8.6795
2.2733
-7.0250
-18.4617
-14.6156
-4.1630
-2.2416
-1.4346
6.4475
6.5430
6.3937
8.3056
6.1653
-13.5333
-17.4051
-5.4346
4.6561
3.1836
-5.0157
-6.4635
-9.9632
-23.5667
-39.4036
-43.4243
-39.7394
-38.1364
-46.5023
-65.4197
-64.3129
-58.6601
-59.1531
-59.7218
-58.3451
-54.6123
-55.3174
-53.7687
-46.1148
-46.6455
-35.9159
-23.1833
-10.3008
-2.5446
6.9379
-0.7448
-28.0599
-35.9535
-34.7499
-30.9348
-37.6073
-62.8177
-60.4355
-47.9762
-48.9810
-38.5875
-36.1629
-45.5265
-50.7473
-56.7832
-50.5345
-37.3379
-42.8064
-49.0498
-52.2972
-52.6393
-55.9840
-73.6649
-82.4280
-77.2144
-65.8479
-53.6634
-43.7335
-36.5080
-29.2072
-20.3148
-9.4251
-2.2937
-13.0656
-30.2043
-25.5004
-15.4745
-25.3243
-35.7816
-41.5806
-42.7776
-33.4690
-17.3381
-12.7810
-18.2248
-53.4223
-67.2265
-56.8127
-59.8771
-62.5650
-55.5745
-55.2771
-55.6014
-46.7625
-37.7680
-27.3564
-21.4627
-11.9393
-0.8699
4.2036
3.0694
3.6202
5.0738
3.5892
4.7253
3.4887
2.1938
2.9784
3.2061
4.2078
6.8192
5.1195
3.3217
4.0027
4.3326
2.2531
3.8917
5.8214
5.4155
4.5298
2.8664
3.0583
7.0511
11.9177
12.5757
10.0598
7.9872
6.2409
8.5723
13.0626
0.6214
-24.9891
-27.8992
-42.0106
-53.7240
-51.4940
-46.7228
-33.2963
-13.0431
-1.4539
2.5527
2.4098
0.6772
1.7251
5.8075
3.6720
-21.9967
-39.0195
-46.3157
-53.5336
-52.3218
-36.3042
-55.5322
-54.2665
-33.8477
-28.0275
-30.9154
-30.5984
-26.1944
-24.4817
-27.3995
-31.6917
-47.0378
-49.5440
-49.6832
-42.0908
-24.5924
-9.1569
-6.7140
-15.8914
-12.6792
-6.2999
-29.0631
-48.6629
-53.5316
-55.6689
-61.8426
-62.8041
-65.7904
-74.4624
-65.5032
-50.2742
-45.9146
-43.8326
-47.8893
-47.4480
-41.8692
-37.2333
-40.9269
-48.2370
-49.8715
-62.1690
-58.8179
-49.0668
-40.4233
-36.3141
-41.4101
-46.8864
-36.3802
-56.1842
-62.1354
-48.8117
-29.3999
-22.2184
-46.3466
-68.6486
-68.1038
-63.3660
-57.6023
-53.0599
-51.8353
-36.9902
-27.0487
-31.8524
-28.0796
-20.8823
-12.4924
3.8535
-18.8161
-39.7398
-54.3559
-68.6649
-68.5813
-73.4817
-63.3585
-55.3671
-62.8926
-64.5016
-49.3427
-44.6315
-73.2366
-78.2463
-69.2101
-56.6165
-37.4607
-22.6679
-35.9368
-42.5727
-41.4460
-35.8621
-36.7391
-27.0258
-42.7340
-62.0932
-65.7480
-63.2318
-66.0419
-61.5102
-47.3400
-46.6693
-41.5758
-50.8244
-65.0549
-68.3630
-69.1486
-54.0689
-41.9455
-36.1733
-25.8394
-17.8889
-30.2951
-52.7683
-60.4628
-63.9116
-64.2192
-56.5552
-42.4110
-32.9001
-22.0022
-14.5779
-7.2630
0.6021
0.2759
-2.7641
-7.3296
-10.2996
-5.1954
0.0909
4.5785
10.7780
16.8145
15.5586
11.4868
7.6339
8.9305
8.3707
6.0741
4.5221
6.4750
9.7832
8.7336
6.3901
6.8400
6.8349
4.9306
0.1873
-2.2880
-0.6466
1.6933
3.6543
6.3179
5.5251
0.9492
-0.5710
-0.0417
9.4674
12.1034
9.3922
8.4303
6.7127
8.8751
11.0640
8.9855
8.8399
7.5816
4.0746
3.7981
2.9462
0.0630
-4.2495
-8.4244
-11.9115
-13.2410
-13.0854
-8.6527
-8.5089
-3.2733
-3.9006
-10.8447
-16.8354
-20.3842
-16.9518
-10.3187
-6.1240
-5.0182
-1.7866
9.0542
17.5398
17.9417
13.0832
3.7197
0.4874
-0.5467
8.2081
11.2659
11.6490
14.0247
18.3844
23.9434
24.8801
18.8934
18.3989
19.3924
12.5876
8.3338
9.2131
8.3563
5.4523
3.9577
5.8974
7.6290
10.0950
15.9670
17.9238
9.5322
7.3952
4.8580
5.2851
10.3889
10.5251
9.0360
9.6041
11.2246
13.1137
9.5062
6.0185
6.2877
6.1324
3.3235
5.1304
4.1532
3.9409
6.8953
9.8932
7.8316
5.3053
4.6566
7.6198
9.2963
6.7808
4.8053
2.6271
1.8522
0.8512
6.1368
12.0419
15.9452
14.0303
14.6956
16.6861
13.6100
13.3360
12.7869
9.9235
9.4660
9.7882
14.7585
17.0758
17.1592
16.3299
20.2687
31.1010
37.2916
38.3574
31.8140
27.4444
18.6625
9.7538
5.2729
8.8634
3.2674
0.5300
4.8943
8.5330
11.3188
11.5766
6.7153
-0.7794
-0.9106
-3.7176
-7.1045
-3.9632
12.9951
21.9821
26.4179
23.8535
18.7347
16.5171
13.3023
11.3570
-1.9620
-13.6367
-18.0996
-13.5257
-9.1567
-0.4495
7.8564
5.7639
-0.9771
0.0424
8.5294
11.9593
10.9860
7.2965
7.0695
9.3879
13.0009
15.3135
13.8899
21.1545
18.8673
10.1873
9.4921
9.0335
-2.6810
-14.2981
-29.0907
-33.6238
-29.1928
-24.6306
-14.7772
-25.2437
-30.2748
-22.2419
-20.8089
-18.3182
-13.2496
0.8510
15.1786
19.8570
19.8685
3.2951
-5.9586
-6.2848
-9.6046
-13.0425
-10.4007
-9.3426
-3.5313
-0.0831
2.4802
3.5772
2.1312
4.7526
20.4487
28.2693
23.4475
15.0397
9.1739
5.4903
0.8032
-2.0148
-26.0543
-13.5137
0.7064
-6.2554
-18.6150
-17.4776
-11.9419
-19.1647
-22.5390
-21.1035
-18.6337
-5.7758
3.6247
-1.2384
-7.5613
-17.5122
-23.8667
-23.2961
-15.8079
-10.0460
-9.5469
-7.9261
-2.5813
-2.7949
6.9221
6.4219
-12.4235
-15.8039
-10.5694
-4.4387
2.2084
10.8330
12.4759
10.6704
8.6608
6.1723
1.1585
1.1367
2.3315
5.2305
5.8618
4.7754
6.6524
6.3830
4.2069
5.3425
10.9116
10.8302
9.3161
7.5134
3.6459
6.7833
9.3314
11.2443
12.0849
10.9401
6.9264
5.0192
5.5066
11.0167
13.8308
10.9481
10.1623
15.9667
17.0610
11.9889
5.9535
8.2922
8.9127
5.1282
5.6796
6.0939
11.0944
7.3163
3.2637
1.6377
4.7112
4.2428
1.7076
1.5911
5.2091
9.6448
11.1052
9.5891
7.5615
5.8669
7.8272
9.5936
9.3308
2.7018
-2.2450
-1.9625
-1.2694
-2.0421
-0.4937
4.9150
9.7999
8.3504
7.7714
5.4331
4.1285
5.5819
5.7261
5.6557
5.1420
4.1521
9.2302
6.5404
5.3533
7.2268
7.8909
10.7610
10.6051
5.9711
3.7653
7.3167
12.6451
10.6903
5.5605
4.2624
8.2510
7.2794
8.2953
10.2443
4.0394
-12.8369
-19.1303
-15.1850
-15.6794
-16.7894
-6.8453
-13.2679
-14.1235
-12.7757
-15.3694
-19.9396
-15.3005
-7.1223
-2.4268
0.5110
-1.8258
-2.1209
0.9385
-5.3740
-10.9278
-12.9075
-5.3376
2.3930
7.3151
10.3134
-0.6102
-10.0695
-9.5399
-5.5333
-4.0101
-4.9782
-9.2888
-6.2882
-3.1135
-5.0236
-2.6537
-0.0859
3.5854
7.5824
6.0212
6.1943
7.7917
9.9875
10.7254
10.7300
8.4470
8.1869
6.5342
3.9376
6.6698
4.5320
-3.9536
1.7654
3.9875
0.3236
1.5872
-3.3717
-17.6043
-18.9477
-8.9242
-5.8893
-3.9189
2.7592
1.1706
5.4287
11.1194
3.3987
0.9222
0.0949
0.4851
1.0350
8.6849
18.0528
19.7253
14.0160
8.6662
2.7973
2.2568
4.5857
8.3961
7.3520
10.3317
10.6613
16.7700
14.2641
12.6808
6.3329
6.1687
-0.9324
-10.7727
-12.0130
-13.5724
-5.9315
4.7422
10.5996
10.2825
8.6988
9.5653
5.5883
3.4505
6.3276
9.5240
8.7807
7.8199
8.8466
9.1040
7.5716
4.9785
4.5437
3.4086

Coefficient 8:
0.0000
0.3719
1.8147
3.8471
5.8512
6.9184
4.4603
5.7034
4.7081
0.8819
-1.3588
4.1863
10.6301
12.7980
13.1103
8.1626
4.1371
14.7392
22.3176
14.8620
6.4047
6.4599
6.8491
5.0359
3.4736
3.6600
0.8793
-4.5760
-19.0080
-18.0968
-12.6538
-7.4002
-2.0800
-4.7876
-9.2192
1.2790
11.5461
19.6989
21.5191
13.2570
3.3684
-14.0288
-26.4663
-25.0724
-8.9326
3.1138
-0.1247
-3.5986
-1.3401
-0.7400
-2.3736
-4.9765
-15.3108
-19.8137
-24.4350
-19.7821
-21.7775
-18.4177
-20.7702
-12.2315
0.9416
5.6717
8.0942
6.3494
-8.3308
-12.8424
-10.7172
-4.9738
4.2151
1.7546
0.8544
1.7306
-7.2470
-18.4772
-33.8834
-18.9916
6.7145
17.5400
8.5305
-5.7520
-11.0032
-14.3279
-19.6408
-30.4521
-42.3965
-50.3940
-45.7168
-40.0050
-42.9545
-39.1352
-39.4422
-48.2168
-43.8443
-30.1199
-23.7787
-37.1740
-43.1785
-41.5487
-34.3090
-23.4471
-9.7056
2.8358
8.8501
-29.9462
-45.8269
-39.9430
-24.1746
-19.3647
-20.3841
-31.9412
-33.1637
-31.7857
-28.4247
-15.6655
-10.0674
-7.5621
2.9695
5.1591
5.6609
7.3908
6.8274
3.2233
4.1756
3.3107
1.5838
2.2200
2.0943
3.1936
5.2987
4.1519
2.9545
3.1026
3.3236
1.4186
2.9148
4.9227
4.9835
4.3530
4.2156
3.6976
2.4685
2.0433
0.6344
-1.4590
-2.9366
-1.9712
1.2248
3.3834
-9.7349
-35.2415
-37.1085
-47.9046
-24.5363
-10.4923
-4.8582
-9.4302
-5.3796
-1.8617
1.6231
2.6276
1.2511
1.9654
5.3276
2.7519
-11.1587
-9.7842
-5.4912
-6.4988
-11.1851
-22.2734
-12.4144
4.4195
13.4347
17.2340
14.8982
9.7873
5.7263
10.6915
21.8401
23.4082
24.2791
29.6748
22.6847
7.1412
-6.0562
-5.2167
-7.7022
-8.7928
-8.9581
-11.9637
-22.2020
-19.3687
-17.8101
-18.0466
-18.9502
-22.8689
-35.2209
-17.0513
7.4910
12.6170
13.3521
16.8335
15.6998
9.9486
15.9622
25.5177
15.2136
-1.8626
-2.4645
6.2188
6.0923
-0.6653
-9.3722
-13.6875
-14.6424
-12.6313
-10.4053
-9.2149
-3.6455
0.5143
2.4224
1.1560
-8.8137
6.2686
18.3591
14.4245
2.9431
-6.8426
-3.9151
-5.1147
-16.7264
-15.7327
-16.0592
-19.7833
-28.4574
-35.1291
-29.6982
4.4762
24.0770
21.2698
17.2818
3.4551
-10.5108
-32.0823
-28.5081
-21.3141
-27.1375
-28.7935
-17.2322
-9.2261
-5.4303
0.3014
1.1569
-9.4214
-6.4631
-7.0202
-7.2960
-2.2764
-3.7990
-12.9312
-14.0766
-5.9717
8.8976
16.6802
4.2087
-11.6695
-38.8388
-64.3955
-65.0497
-58.5850
-40.9434
-19.0867
-10.5206
-8.8912
-13.1188
-9.2855
-11.7910
-23.7844
-35.4339
-26.2343
-10.5871
-8.4368
-17.9082
-27.2707
-35.9776
-30.0658
-17.2219
-17.6549
-11.8037
-6.7516
-2.0486
3.2207
1.1427
-3.2931
-0.3964
0.1944
3.2551
7.7815
4.6788
4.3279
6.2662
6.2949
7.3774
5.4064
3.1085
3.6416
1.6808
2.4111
4.4137
4.7908
7.4248
6.5568
0.8012
-3.9213
-3.8024
-1.5409
0.9005
2.5855
4.6970
10.6739
31.4143
35.3750
28.7477
15.4822
3.9886
-2.5530
-0.2435
5.3865
6.5714
5.3931
2.9377
2.7146
2.9136
2.9119
2.8479
2.2589
0.7233
-0.7997
-3.1137
-2.5158
1.4061
3.0610
5.0050
5.8152
7.6333
7.2216
5.6016
3.6028
1.5805
4.4649
5.2127
-0.6261
-6.2414
-8.3160
1.1222
14.8589
17.8071
17.0555
16.0948
19.9812
18.5341
22.1917
23.4671
18.7243
19.5359
26.2320
35.7540
37.8851
38.3503
34.2849
33.1101
28.4793
20.6597
17.8213
14.4807
14.4139
16.5140
18.7946
21.3419
21.8467
21.3197
18.3043
10.1611
8.1147
6.8051
11.2984
19.6459
21.2495
17.0290
14.9758
16.0176
16.7857
13.3371
6.9625
8.0940
7.7779
3.5762
3.8226
3.6053
4.6297
9.2245
13.8304
13.0879
9.7245
8.4841
11.5513
10.8322
6.9451
5.0520
10.0141
11.5467
9.6031
8.2753
11.1689
14.0646
11.2493
11.7767
15.4737
13.8151
14.0112
13.6721
9.3862
8.2053
8.4861
12.5044
14.5278
15.0239
12.3579
2.6270
-1.3878
-2.0441
-1.8734
-1.6159
1.4721
1.7144
-0.3597
3.3317
3.2881
-1.4758
-6.3891
-9.7167
-8.2527
-7.5141
-8.0697
-8.0026
-9.4125
-7.9374
-9.9738
-12.8036
-8.6077
3.4503
6.7827
5.0971
8.4597
11.4633
12.7572
16.6551
28.2335
25.6698
20.6661
20.5136
27.1422
26.1243
28.9427
28.1092
21.2502
14.0811
8.2670
7.8040
10.3876
9.2768
5.3077
5.2107
7.6617
10.9698
13.2076
11.4291
9.3085
8.9788
7.1038
1.2568
2.3703
2.0197
-5.7205
-4.8292
1.3413
-0.1759
-10.7666
-12.0305
-19.6280
-16.7842
-13.6799
-8.0466
-1.3911
4.1667
16.4834
19.9085
20.3369
17.4133
2.4058
-4.7161
-6.0387
-8.8467
-11.4430
-3.1088
4.0021
10.7975
10.7018
10.5982
8.0614
2.8904
3.6053
16.1257
21.9444
15.7767
9.5415
5.9879
1.5273
-2.3616
-4.5571
-15.8566
-6.7334
-12.1961
-19.0666
-25.1366
-32.5791
-32.8350
-26.4127
-12.2794
-6.2065
-6.8367
-13.3294
-9.4364
-8.1347
-9.7204
-13.8217
-19.2735
-23.8150
-18.0780
-8.9779
-3.7592
-2.8623
-0.8321
3.1725
10.9497
9.1206
-15.0653
-20.4713
-13.1215
-5.5090
2.2924
7.4915
9.1274
8.0000
7.0161
5.2628
0.6693
0.6684
0.9498
3.5457
4.7620
3.7329
5.6922
5.1341
2.8367
4.2994
9.1829
8.4940
7.5683
5.9351
3.2741
5.6609
8.7932
10.2439
10.4696
9.1490
5.5571
4.5552
4.8468
11.2470
16.2550
12.9963
9.2584
13.2006
14.6076
9.1237
3.5602
4.3982
5.0483
2.2198
3.0818
3.9550
9.1008
5.5457
0.7247
-1.9228
-0.5767
0.5988
-1.8544
-3.5660
0.8966
6.9320
8.5633
6.9055
3.2227
4.2033
5.8122
7.5552
7.5096
0.4625
-6.4780
-6.9790
-3.7512
-2.7526
-1.2113
3.3637
7.2036
6.5897
7.1247
5.3050
2.9054
3.4301
3.6069
4.2640
3.3727
1.9922
7.9255
5.4877
4.1838
5.2112
5.4715
8.0739
7.7579
2.8331
0.5558
4.6500
11.8513
10.4683
3.3707
0.9056
-5.6380
-3.5656
-0.7960
3.1137
9.7206
15.7069
20.3948
12.6580
3.2522
-5.6698
-4.3226
-11.8236
-11.1782
-10.4592
-16.9682
-16.5757
-4.7718
5.3644
10.5772
6.3913
-3.1931
-7.7312
-3.1736
2.7332
2.7601
-5.1092
-7.2516
-3.6037
-1.4053
2.6758
-7.4068
-13.8226
-13.7671
-10.3253
-2.7557
1.8205
-4.6662
-6.8361
-2.4250
0.7646
3.8085
3.3576
2.1891
3.0723
-2.2875
-2.7175
0.8726
3.8129
5.7638
7.6121
5.8866
6.0256
5.0287
1.9680
-0.5628
2.5358
4.7645
7.6407
7.3532
-0.8064
-3.5123
-7.0385
-5.3461
1.3016
0.8090
-3.7241
0.2904
4.6918
14.6141
16.5422
9.7251
-0.4608
1.1424
4.0783
6.2142
0.0418
0.1946
6.8142
7.9841
4.6540
2.0546
-2.1561
-1.8555
0.5824
4.7945
4.2833
-3.8371
0.7321
25.7772
24.3988
21.6861
8.9779
11.6339
28.3899
35.5781
21.3591
1.4921
-6.3207
-4.5670
0.0670
2.4581
2.8846
1.7013
0.3136
1.5454
4.8349
8.4908
7.4849
6.7752
8.0370
8.1803
7.6852
6.5809
4.5676
1.9267

Coefficient 9:
0.0000
-1.3435
0.4012
1.6696
2.5509
4.6723
3.5020
4.5357
2.3830
-2.6892
-6.2791
-1.7080
4.7416
5.3763
4.8927
2.5100
6.3022
15.2761
23.9652
20.0323
12.5894
11.5016
6.3596
4.6112
3.5067
-2.5456
-8.4609
-12.4032
-18.2106
-20.1800
-24.3811
-22.6006
-13.3660
-12.6430
-16.3042
-5.8437
-11.2999
-24.5762
-25.7058
-24.7215
-28.7871
-27.6958
-7.5736
-2.8315
-1.5403
-5.2116
-7.0312
-7.8139
-12.0053
-22.5871
-17.7014
-8.2554
5.8735
6.7819
-5.3513
-7.8268
-3.4818
-7.0637
-11.9928
-3.8998
-3.6273
-11.9573
-10.7452
-10.3155
-1.0971
6.0820
2.9778
-8.2904
-11.0234
-11.3285
-12.3731
-7.2694
-2.3065
-9.2290
-17.3333
-10.3105
-7.3281
-2.9324
2.9148
1.6079
4.4700
1.8276
-3.3562
2.1477
-0.1926
-7.4623
-9.4337
-19.2609
-23.0461
-19.0271
-24.1923
-26.6446
-28.4246
-24.5769
-21.6730
-22.7734
-16.6571
-8.9929
-4.8247
-0.5930
0.3078
2.0595
8.3051
-20.5407
-30.1383
-30.0347
-23.3505
-15.6204
-6.7889
0.0217
3.8855
7.4984
8.3711
8.3736
6.1274
2.4413
5.8272
5.0175
5.2566
7.3858
6.7203
2.8413
3.5697
2.9299
1.1051
1.7173
1.8383
2.6092
4.2782
3.1679
2.5618
2.2728
2.3574
0.6700
2.0077
4.0483
4.5221
5.2816
12.0691
14.8821
13.3171
15.1590
12.2828
3.5777
2.4856
5.7641
9.7226
9.2836
-3.8088
-26.2668
-29.1487
-14.0468
4.2219
7.6954
12.4418
10.2887
-1.7299
-3.6949
-0.1540
2.6486
2.8089
2.9899
4.9485
2.4661
10.3196
10.3773
9.1405
1.9105
-5.3395
-4.5506
-2.2790
5.0140
5.7814
6.1391
5.6983
5.5978
-0.4395
-3.9161
-0.1761
2.1537
-31.7151
-39.5975
-33.0187
-32.8243
-25.3821
-19.2132
-12.9729
-7.7567
-6.6109
-11.1899
-18.8196
-10.8797
-8.7637
-6.9679
-10.1933
-2.6529
4.8632
12.5437
4.7917
4.3928
5.2676
7.1214
-5.8554
-19.7828
-18.6860
-13.0375
-10.2900
-8.5821
-3.0106
-4.3168
-2.9695
-1.2138
-2.3046
-2.6295
-9.9355
-18.3048
-13.4780
-15.8098
-19.0092
-23.0384
-25.2275
-18.8220
5.5298
6.8511
4.2264
2.6600
-5.6540
-15.0770
-6.2994
-12.6918
-24.1402
-31.8244
-32.7644
-39.8663
-44.4005
-41.6182
-20.0060
-20.3936
-16.6549
-12.3810
-3.4173
1.5498
-0.5215
-3.1697
-14.9753
-15.6100
-10.6962
-9.1084
-12.6863
-19.5109
-20.8255
-2.1929
7.2567
-6.5305
-21.2119
-21.6073
-20.7449
-25.2033
-22.4763
-41.3739
-47.1067
-28.4758
-15.3930
-15.0670
-23.8499
-21.5552
-15.7687
-15.8453
-16.5224
-6.0079
5.4325
4.5954
-2.1112
-16.6896
-27.2321
-23.8712
-18.4106
-17.1992
-9.2018
1.1363
9.1126
4.6822
-3.5978
-5.7894
-1.1272
-3.9586
-11.3024
-18.3099
-17.5040
-16.7291
-15.0403
-6.4892
0.4947
1.5989
5.5813
1.1653
1.9078
-2.3955
-7.1790
-3.4083
-1.1002
-5.0364
-3.1461
-1.6391
1.0901
2.7511
0.0653
0.8419
3.6765
2.5749
4.1894
3.8127
-0.6744
-4.1424
-3.0377
-1.2311
0.8852
1.9888
3.2890
-3.4956
-3.9622
0.1219
0.3269
2.0649
4.6416
6.5538
5.9794
4.0662
2.7369
-1.2992
-5.7120
-6.9235
-2.7141
1.9995
2.2057
2.0804
2.2879
3.9198
4.2115
6.0771
11.7005
12.6687
13.2103
15.1397
14.6039
15.3005
16.7597
21.5570
30.4190
33.6162
23.1523
13.7278
19.7231
34.2924
38.1011
45.9378
55.6372
58.3837
52.1464
51.5974
54.5708
55.6844
48.9640
40.6015
37.6479
39.8763
44.7557
49.5859
48.4808
45.3761
41.1657
37.8038
33.2073
32.5661
32.3419
30.3131
29.7013
27.6975
25.1369
18.9321
13.1390
8.3993
4.2115
2.3470
2.9710
9.6104
20.3938
24.7893
20.5748
15.8672
15.8655
12.9236
9.8485
2.3730
1.7630
4.2090
5.2054
7.2958
7.4186
6.5838
7.1592
7.8623
6.7378
5.9896
4.1360
3.5739
3.2412
2.1438
2.5940
3.6370
4.3274
1.6460
4.0586
8.3622
10.8130
8.6905
7.3234
7.3475
7.0221
8.6581
10.5832
8.0566
6.9234
7.2025
10.2482
12.0484
12.7805
9.7353
5.5791
1.3754
-6.9881
-9.3982
-8.1294
0.6788
7.6699
9.2729
4.3725
-3.2318
-4.8883
-14.9657
-25.3428
-27.9156
-30.1147
-31.4713
-24.9180
-17.1393
-12.8780
-14.3479
-15.7595
-12.1014
-21.9244
-24.9150
-19.9466
-7.7163
0.2751
-0.6643
3.6617
12.2028
6.8246
8.2709
15.4505
28.4382
31.5728
31.6152
25.3569
14.9184
8.5858
6.3800
6.9867
8.6856
7.6643
3.8983
3.7128
5.9229
8.9050
10.9546
8.8442
14.2234
15.2545
8.4527
7.0503
5.6825
2.7188
10.3612
10.9331
10.5832
7.8363
-0.1738
-8.0542
-17.9890
-15.8807
-8.6174
-6.1393
-6.1736
-2.1121
10.8358
12.6732
9.4634
4.3638
-1.9961
-2.3290
-4.1441
-4.6082
-4.2241
1.9741
6.9384
10.8086
8.9534
5.0753
2.7196
1.9066
3.9893
9.5560
12.0070
9.0500
5.1654
-1.6192
-7.4386
-8.4254
-7.0845
-5.6376
-8.4134
-17.8867
-10.2348
-8.6251
-12.2987
-9.6964
-5.1211
-1.3293
-1.4559
0.4711
3.8915
-6.4469
-8.4667
0.8663
-8.8105
-11.6017
-8.4810
-11.0976
-5.3988
2.3960
1.2361
0.3377
-4.6205
-4.8176
-8.8370
-19.3279
-11.4600
-5.4710
2.0405
5.8036
6.1317
6.9369
6.2020
5.8271
4.5862
0.9909
1.7351
1.3483
2.4970
3.6472
2.7154
4.6031
3.7116
1.5477
3.4313
7.6166
6.6006
6.0946
4.6770
1.1760
4.6216
8.1030
9.2745
8.8825
7.3532
4.3051
3.7083
4.3828
9.0492
14.4460
12.2484
7.3770
9.9733
11.7342
6.8370
2.0904
1.5439
1.7414
0.0256
1.0868
2.1740
6.8076
2.8386
-2.0187
-3.9426
-4.1867
-1.8029
-2.1462
-4.1327
-0.5358
4.8933
5.6376
3.4747
-0.8316
2.7756
4.4046
6.1258
6.0855
-0.4237
-8.4306
-9.8707
-4.3599
-1.1158
0.0727
2.6993
4.5159
5.1378
6.6731
5.3043
1.5578
1.3577
1.7993
2.8282
2.1009
0.5829
6.6598
4.9528
3.7670
3.8984
3.3323
5.4407
5.0006
-0.0080
-2.1993
1.9497
9.1400
7.9505
1.3245
-0.4578
5.1286
2.4708
-1.5523
-4.3760
-6.3020
2.0271
10.9512
10.7954
9.9430
10.2632
7.5114
-20.5378
-25.6877
-17.9138
-14.8981
-4.7866
6.9339
9.1448
7.0308
5.8383
4.4054
4.1070
0.8338
-0.6842
0.2120
-4.3042
-4.4310
-7.6155
-8.8667
-5.4675
-12.2645
-13.2606
-11.9273
-6.1693
-3.6131
1.9090
2.6171
7.7138
9.4124
7.4814
9.2706
11.1244
12.8907
14.0300
9.0412
4.9501
4.8384
6.4693
6.7193
6.7731
4.9585
5.0667
4.4767
1.3181
-1.3950
7.5924
12.9454
19.5378
15.8494
3.6847
-5.3017
-5.0505
-7.6359
-3.6432
2.3333
10.3587
13.5453
12.2040
3.8792
8.2851
6.9126
1.7905
3.1770
2.3727
1.9788
0.8888
7.9494
15.0228
15.3297
9.8449
3.6461
-3.6832
-4.7918
-2.4232
1.7504
2.1553
4.1135
-7.8581
-1.8961
-0.7016
-2.3203
-6.8330
-2.9405
2.8315
0.5445
3.9060
6.1158
8.5274
12.8491
7.1194
4.5267
0.7296
2.0814
-1.0132
0.6455
3.7858
6.8325
6.0595
5.7076
7.0172
7.1274
6.8254
8.0578
4.8529
0.5051

Coefficient 10:
0.0000
-1.9314
-0.8268
0.0561
0.1620
2.5586
3.1916
2.5548
-0.6223
-5.1449
-8.3149
-4.8372
-0.2259
-2.7941
-4.1021
-5.0034
-3.7463
1.0145
-9.4376
-11.7696
-3.5673
-1.4459
-8.5101
4.3210
12.6482
17.0029
16.6257
11.2422
10.1970
6.6308
2.3396
-2.4276
-3.7882
-9.1366
-9.2838
-19.4591
-30.4761
-32.5104
-20.4847
-13.0529
-16.4137
-16.7634
-16.5781
-20.7564
-15.4762
-6.5692
1.7502
-1.9047
-7.5523
-8.7823
-3.1521
7.0848
16.6529
16.0595
8.2169
4.6238
1.7403
-1.7969
-4.1783
-13.1088
-12.8301
-8.7417
5.8982
9.8498
11.5139
12.9199
12.0671
-3.2480
-0.5069
3.2052
-2.2862
-7.1288
-2.1667
2.7348
7.3980
9.5463
4.4039
-3.3782
-6.5030
3.8496
3.7770
-0.7744
-3.6510
-8.5390
-11.5902
-20.9490
-31.1183
-37.9880
-40.2250
-33.5923
-21.6623
-2.0790
1.4297
-4.5255
-3.0198
-5.3013
-5.1763
0.2398
5.4335
5.4852
-0.7963
-5.5844
-0.6577
2.5873
17.2907
13.8321
6.1147
2.8730
-2.6541
-3.1513
-1.2992
3.0140
5.7158
5.3833
8.0150
6.4823
2.0470
2.2239
1.1878
1.7480
3.5461
2.4556
2.8895
2.2595
0.7652
1.3051
1.7709
2.1309
3.4056
2.2072
2.1547
1.5561
1.4740
0.0498
1.2193
3.2332
4.0420
5.4476
15.3335
20.7757
23.4467
29.0080
25.0558
12.3488
12.1092
14.2159
17.5897
15.5566
6.2779
-10.4384
-15.3641
-12.6601
-7.1280
2.2882
-0.2523
-2.9632
-4.9756
-5.1096
-1.4986
2.8472
4.5770
4.2130
4.5900
2.6499
-1.9228
-3.0233
2.5516
9.5799
9.1187
11.5574
22.3397
22.1106
12.9612
9.5685
8.3215
5.5105
7.8857
17.3893
20.3466
15.1490
-25.3965
-35.9382
-17.7496
-5.9793
-2.6664
-0.8213
-4.7049
-7.5031
-6.9098
-10.3503
-25.2131
-32.0601
-36.3546
-29.8430
-20.1195
-15.5065
-12.4271
-0.6099
2.0020
-1.5558
-8.1832
-12.5901
-16.7003
-20.2307
-12.7342
-3.9301
-3.9720
-1.4548
-4.1365
-15.0399
-18.8141
-19.2036
-18.5906
-14.1794
-7.5678
-4.7849
-5.2808
-21.7676
-30.4399
-25.6423
-22.1308
-21.7389
-3.9594
2.7934
1.1725
5.3946
7.2094
-1.4909
-0.2678
-12.3382
-3.3906
9.7035
11.1717
14.5948
16.8173
14.7488
-4.6377
-22.5091
-19.7099
-17.8993
-13.7763
-6.7018
-17.7152
-26.3226
-10.6539
-4.4939
-5.7589
-2.9011
-10.2179
-12.2780
-15.5573
-19.0182
-27.7164
-14.7237
8.4318
15.8777
15.8635
1.3080
-4.1112
-16.2010
-1.5277
3.6710
4.0570
1.7552
-8.7560
-17.0969
-3.8961
8.3166
11.0980
9.5111
-2.9455
-19.9915
-30.3000
-25.5414
-24.1497
-21.8564
-13.8641
-1.0288
11.0631
15.0707
18.6194
20.4442
21.0386
18.9500
15.5245
14.0123
9.4240
6.4313
5.0170
-2.4529
-10.4767
-10.5700
-0.3873
5.6991
10.4124
2.3490
2.4675
5.2299
6.9144
4.5391
1.2610
0.8637
2.7957
3.4812
3.4879
2.0937
3.2588
4.6476
2.3626
-0.0929
0.8791
3.7844
5.3756
3.6566
1.3043
0.0403
1.5107
1.8050
2.6133
5.4591
-5.8116
-8.7501
-7.0194
-2.6458
2.0240
1.7709
0.5944
3.0860
5.2140
6.9186
5.3921
4.8580
3.5552
1.3550
1.8624
2.3081
4.0339
8.0240
11.2550
14.0588
20.3287
22.0011
22.9700
23.6470
18.8566
16.1287
14.7084
19.4163
31.0961
33.1676
21.7124
18.1887
27.8484
34.0186
29.4918
33.2926
42.6567
42.2313
36.4777
35.5547
34.9744
35.7250
39.6856
34.7638
34.0300
35.9407
40.1492
39.2415
30.3479
26.4433
24.9636
29.2380
35.9787
40.8787
42.9780
36.2995
30.5324
25.3775
18.1929
11.3835
3.1227
-1.4684
-1.4876
-0.6704
-0.3797
3.1913
8.9667
12.5137
10.4002
7.4847
8.4322
4.1494
2.0372
-2.8102
-5.6151
-3.4897
-0.0696
5.4936
5.4714
3.3026
3.4036
3.9423
1.8648
1.0245
-0.4338
-1.2665
0.1660
0.1359
1.3908
3.6750
4.5895
3.3962
3.4022
5.7595
7.0982
6.6057
5.6418
3.9848
2.6718
3.7191
6.3312
6.4033
5.6660
5.9845
8.0629
9.7041
10.5161
9.3570
14.2415
12.4141
8.2409
6.7928
3.1382
4.0667
2.1362
1.1656
-3.3646
-8.5839
-8.8992
-23.2045
-33.3660
-36.5367
-37.9567
-37.2504
-29.3518
-19.1751
-13.8713
-15.9778
-15.8323
-10.9005
-1.5034
-5.4609
-5.2601
-3.5539
-5.1790
-11.4412
-13.8628
-11.1811
-16.5101
-10.7946
1.2902
11.0845
16.3342
14.7362
5.8386
-3.1719
-6.8379
-1.3262
4.9881
6.9011
6.1936
3.0403
2.6834
4.3384
6.8828
8.5474
6.1233
5.9979
8.7119
5.4557
-3.4063
-6.5559
-1.9941
12.7478
14.6805
11.0841
10.5397
11.4412
9.5586
8.9078
11.0109
2.4779
-5.9165
-2.6707
-1.9885
-3.3875
-6.1655
-10.9542
-13.4765
-6.9403
-0.3772
-1.6320
1.4955
5.2585
6.6515
5.0629
5.8725
1.3579
-8.0732
-10.3664
-3.5174
0.9746
2.3652
2.2557
3.0869
2.1441
-6.3362
-12.1664
-10.9319
-6.4372
-0.4406
-13.4092
-11.4955
-0.0655
2.4506
3.0054
8.6894
18.9171
21.4650
17.7950
16.5851
12.3666
15.6700
14.0618
7.3772
11.4458
12.8501
3.8990
-2.7567
-2.8924
0.5365
2.0182
3.3760
7.9772
13.5254
9.3210
2.2522
2.7878
7.2402
9.2855
9.9679
6.1679
5.7497
5.1107
4.9767
4.1156
1.8451
3.7934
3.1039
2.0475
2.5542
1.7615
3.4027
2.1317
0.3831
2.7440
6.2563
5.2386
4.9568
3.8011
-0.0195
3.6974
7.2392
8.3529
7.3683
5.6206
3.2138
2.3652
3.9299
5.3716
7.6067
5.2912
4.0374
7.3151
8.7536
5.1808
1.4138
-0.1454
-0.7789
-1.3174
-0.2277
0.8347
4.2904
-0.7386
-4.9697
-4.3745
-3.8834
-1.9954
0.0177
-1.0298
0.6949
4.5505
5.9569
3.5357
-1.3394
2.3654
3.5906
5.2136
5.2110
0.3361
-5.1501
-5.7944
0.5385
3.9533
2.8648
2.8243
2.5443
4.0818
6.0859
5.0440
0.0801
-0.5282
0.3809
1.7850
1.5595
0.2011
5.4672
4.6584
3.8971
3.2286
1.5318
2.9789
2.4576
-2.3788
-4.2529
-0.1349
5.9957
4.1508
-0.5862
-1.7448
1.8037
2.9125
-2.3650
3.4357
7.0235
13.3947
6.0328
5.5743
10.3574
12.7625
7.1567
3.6976
3.9392
4.3291
-5.3412
-6.5440
2.3726
5.2011
8.3921
5.7531
9.5643
14.5486
11.5163
11.6434
13.4398
5.2546
2.2059
-5.0220
-7.6349
-5.2731
-8.4368
-7.0316
-6.1890
-3.8673
0.6687
10.6192
14.4438
14.8222
14.5246
13.3478
13.8755
14.6911
12.0266
11.1827
5.9450
1.6934
0.8891
3.5155
4.7543
5.7391
3.6815
3.3349
3.3840
0.5369
6.3721
4.8486
0.6668
8.9136
8.6844
5.4028
6.0039
5.3361
-4.0399
-5.4419
0.6301
8.3578
8.0573
6.7428
8.8372
9.8604
1.0247
-3.4575
-4.2339
-6.6185
-3.6992
-2.8713
0.5741
5.5606
5.3465
2.7043
-1.1480
-7.3331
-7.5626
-4.2818
-0.5899
1.0197
-3.3826
-3.8195
-17.1547
-15.7634
-15.3820
1.5910
2.9457
-3.8647
-6.7113
-6.5933
1.7381
1.3284
4.6794
2.3487
-0.0277
0.5534
0.3458
0.9278
0.7322
3.1989
4.9478
4.7276
4.6189
5.9753
5.9691
4.6271
6.1378
3.6307
-0.6784

Coefficient 11:
0.0000
-1.8180
-0.3919
-0.4888
-0.3761
1.1697
3.3340
0.6351
-3.2668
-4.3001
-5.5529
-2.3171
-0.3697
-5.8261
-6.9877
-4.6828
-2.9654
3.6501
5.0946
1.1153
-15.8672
-21.6026
-12.9315
2.1683
11.7351
15.6507
13.0558
12.3630
15.5466
15.2524
18.0962
18.4927
17.6865
8.6271
2.5053
-8.3944
-1.4473
9.0889
14.1411
12.0087
5.1627
1.5344
-17.2444
-26.3516
-33.3133
-36.3168
-30.7871
-26.3444
-15.4178
1.7651
7.6048
4.6519
0.9839
4.0644
11.0523
10.6038
3.9949
-9.1758
-19.7145
-17.9577
-14.3512
-21.5497
-23.9457
-13.2765
-13.1748
-7.9626
-5.4138
0.4393
5.6770
6.1177
0.4185
-5.4888
-11.2600
-8.0683
4.7570
2.5864
-2.9272
-11.7466
-18.4384
-18.8214
-12.1419
-6.8634
-5.7795
-19.6363
-11.2922
-3.4195
-10.3953
-17.8524
-13.8035
-7.7887
-9.9160
-14.8377
-11.7042
-8.9364
-2.8256
-16.7207
-27.1588
-27.6391
-19.3742
-10.5459
-5.1711
-0.0540
9.5945
10.7672
9.9753
11.2332
10.9814
4.1652
-3.0286
-7.4189
-18.1471
-20.5456
-13.4016
-2.0780
11.1361
9.3122
0.1278
1.4241
0.8640
0.7630
2.6278
2.0771
2.2798
1.9585
0.5436
0.7483
1.0377
1.3623
2.1698
1.3058
1.7445
0.9792
0.6994
-0.4162
0.5826
2.5009
3.5525
3.6885
6.4416
7.3786
9.6474
13.1261
10.9009
5.1223
5.5268
6.3028
9.8153
10.5264
6.9996
-2.1413
-7.4819
-10.3702
-28.9514
-26.7760
-22.5528
-18.1444
-6.0872
-3.3159
-0.8934
3.7482
5.7311
4.9925
4.1643
3.0326
-26.1271
-23.1613
-15.5046
-12.1085
-10.5514
-6.1755
-9.0162
-2.0384
1.4229
-3.8026
-10.2797
-10.7119
-12.9047
-12.1023
-7.9521
-7.7669
-15.4422
-2.0073
15.0584
19.3956
15.1259
8.8829
-3.5023
-6.6299
-4.2356
-4.9019
-12.0848
-14.4768
-9.6924
-8.9666
-14.9627
-20.5481
-19.2403
-18.2792
-11.4553
-6.6163
-2.5203
5.7898
13.1822
16.7133
10.3387
-2.7920
-11.2073
-16.1385
-16.2624
-3.9548
-0.1256
-1.6911
-2.7868
6.4826
-0.2868
-9.8521
-6.6405
-11.8193
-15.6422
-5.0488
4.2902
3.4697
-12.3928
-10.7746
-3.5875
3.3661
9.2625
4.8746
-5.1812
-3.4388
15.1037
12.0756
3.9816
0.1816
-1.8056
-2.6447
-13.2023
-4.9347
-4.1505
-2.7635
-5.5811
-1.1923
2.4704
0.6854
-5.3061
-6.2433
-7.1900
-14.6950
-10.8628
0.1073
2.3987
-6.3798
-16.8314
-0.4132
12.9945
13.8409
7.5373
4.8424
2.3602
5.8048
29.1314
34.1435
31.2224
26.5866
15.4065
6.7695
2.2966
-4.6049
-7.0869
-14.2746
-21.2776
-13.7492
3.9926
3.5719
5.0114
-7.4193
-13.6147
-12.0191
-15.7826
-24.4793
-29.3133
-30.8151
-24.1903
-18.1749
-13.6578
-14.7752
-16.6185
-18.4476
-18.3565
-19.3886
-18.8726
-3.4298
4.3954
9.5188
12.3708
3.1581
2.1494
6.3005
5.4591
6.4043
8.8438
11.5252
10.1982
3.6804
1.1367
1.6135
-0.4117
-2.7602
-4.4418
-4.6553
-1.9697
1.8859
3.5742
3.8681
3.9128
1.8170
2.5001
1.8853
1.2200
4.2152
6.7186
3.1894
1.3350
6.9928
7.2463
1.2294
0.9431
2.0414
4.0547
3.9723
3.4567
3.2378
1.3921
0.9761
1.7478
2.7456
5.3824
10.2375
15.0783
18.0446
20.9791
22.0730
23.7424
23.8592
17.7821
13.3883
11.2839
10.4397
6.7095
3.0069
2.0065
1.2113
-0.8969
-13.9997
-16.9193
-14.4023
-14.0171
-13.4464
-10.8687
-9.3468
-17.8806
-25.0900
-25.0176
-26.3068
-17.7659
-11.4258
-4.1579
-8.0778
-15.1211
-18.2039
-19.3813
-14.7988
-0.4755
12.1657
17.3376
16.0691
14.3716
12.3076
8.5993
6.3917
-0.5227
-3.7494
-2.1679
1.5078
0.4034
-0.9460
-1.8653
-2.4467
-4.4668
-5.7611
-3.3944
-2.0751
0.0497
0.4566
-1.6463
-4.4924
-6.2677
-1.8214
-1.5852
-1.5518
2.4305
7.5780
7.4001
4.5410
2.9724
3.7179
3.8455
1.7972
1.1949
7.0280
9.7483
5.5163
2.9055
3.4732
4.2417
5.2306
5.8925
5.3154
3.1317
3.9149
5.6226
5.4512
4.4708
4.8657
6.0003
7.5475
8.3565
9.1935
8.1907
-5.6540
-11.1388
-12.7089
-18.2163
-20.4561
-20.6164
-19.1811
-12.7859
-14.3220
-15.0299
-25.6280
-29.7426
-30.6708
-34.5552
-35.4396
-29.2480
-18.2040
-12.0694
-14.0838
-13.2823
-8.7707
2.7913
3.5348
6.3213
11.7712
17.7367
20.9242
20.3391
22.8391
19.7339
16.0610
9.8944
6.0852
8.2885
3.8987
-1.8512
-4.7148
-4.0059
-1.2947
2.8954
5.1692
4.8785
2.5913
2.1488
3.0456
4.9691
6.0421
3.3735
6.0767
9.1940
5.4875
-0.0719
-5.4906
-7.6139
-6.4278
-6.1062
-5.6309
-1.7999
7.7015
9.8787
8.6914
-1.0187
-4.7245
-5.7493
0.1534
-0.1043
-8.4505
-17.4884
-23.3548
-23.5310
-7.0948
2.2587
2.1982
8.2964
13.5562
15.1649
14.1591
11.6342
1.5244
-12.0186
-15.4043
-6.8852
-2.3705
0.3467
-1.1195
-0.7503
0.8032
-2.2873
-5.9422
-5.0310
-0.4518
1.1517
-10.0039
1.5303
2.0052
-0.4331
-2.8481
-9.0930
-15.0602
-19.2962
-21.5977
-22.5778
-21.2653
-20.4037
-17.8679
-10.9278
-5.0348
1.0857
5.0316
2.7263
-0.9283
-1.9728
-1.4006
2.3558
-3.2886
-12.5347
-15.8971
-9.2767
1.3536
7.6843
12.6939
12.4921
6.7283
5.1935
4.3942
4.2551
3.7483
2.8174
6.1209
5.4905
2.0458
1.5125
0.8980
2.2008
0.5683
-0.6152
2.2036
5.1684
4.4097
4.1600
3.3069
1.0582
2.8971
6.2825
7.4776
5.9510
4.0058
2.2947
0.9009
3.4954
2.5751
0.5772
-2.8612
0.4846
4.9441
6.0280
4.0341
1.4071
-0.7105
-2.3755
-1.7937
-0.8928
-0.0360
1.8978
-3.8413
-6.9763
-3.2543
-0.0710
-0.5363
1.6073
1.1943
1.6926
5.4847
9.1325
6.9919
1.8281
2.9267
3.2355
4.7398
4.8380
2.2668
2.0921
3.8826
9.3926
10.4361
6.1036
3.5314
1.8725
3.4762
5.1378
4.2754
-1.4058
-2.1409
-0.6321
1.7888
2.0708
0.7522
4.3609
4.5279
4.2331
3.0086
0.0950
0.7821
0.2221
-4.1603
-5.4437
-1.0100
4.1802
0.9396
-2.2027
-1.4452
5.6705
4.0237
-2.5041
-3.0684
-2.6883
-1.3277
-17.1637
-18.7369
-17.9162
-12.6230
-8.7865
1.6011
3.0669
-0.0430
-8.1416
-9.7034
-6.0836
-11.3146
-18.2266
-16.1352
-12.1260
-14.5300
-13.5438
-5.0532
1.0619
-3.0185
2.1886
0.9201
0.9628
3.1254
3.0136
4.2654
2.9827
2.0843
5.6871
13.2333
20.6945
21.9297
20.2353
17.8997
18.0586
18.4737
15.6488
13.4848
8.0350
2.6198
1.5224
4.0862
4.9222
4.1962
2.6143
2.7863
3.1083
0.7718
-3.4779
-4.7767
-3.4127
7.0535
2.7878
-0.0882
0.6202
4.6927
3.1656
-0.6290
2.0958
1.2115
-2.7864
-9.1578
-5.0880
-6.2499
-5.5139
-2.2748
-1.2040
-0.2384
3.6184
4.2759
6.8539
10.6573
10.9024
7.7897
1.2710
-6.1364
-6.2267
-5.0247
-2.1884
0.7537
4.2798
3.9637
8.0072
7.9734
5.7685
3.6390
5.0134
-3.7983
-7.9589
-8.8158
-6.2192
-12.8095
-8.0198
-1.3184
1.1520
2.0281
0.2195
-1.1035
1.6171
3.0954
3.4963
3.4612
3.4736
5.0824
4.7727
1.7450
1.4889
1.0990
-1.4599

Coefficient 12:
0.0000
-1.4169
0.6275
-0.3693
0.6120
0.8178
3.6951
-0.1443
-4.4576
-2.2392
-0.2626
3.6352
3.7157
-2.3580
-2.8196
2.9282
1.8902
-2.4818
-9.8391
-9.3371
-0.7852
0.9087
-4.3946
-3.3084
-4.8866
-12.0624
-9.9331
-4.4423
-8.3482
-6.7673
0.7833
5.5023
2.2466
-3.0395
-7.6433
0.6421
2.7798
0.2566
-2.8041
-1.8647
5.0373
16.6350
14.7116
3.8997
-1.6117
-8.7746
-11.5901
-8.8380
-3.6866
-12.6500
-24.0222
-21.2089
-17.9169
-16.4104
-11.5009
-8.6972
-5.7088
-13.7066
-7.5372
1.6810
4.3684
0.3245
-9.0440
-4.4083
-19.0839
-23.0688
-17.9106
-7.4093
-0.8357
-2.7637
-4.7731
-3.8210
-12.5005
-16.7244
-8.7486
-10.4694
-15.4376
-22.6698
-24.3724
-25.5466
-25.4263
-30.9651
-34.8364
-30.7168
-22.8588
-19.6883
-15.8031
-11.4645
-7.3118
5.4509
5.9414
-0.2752
-10.4025
-8.5414
-2.1359
-12.6339
-16.2498
-18.0253
-15.3512
-17.1237
-18.3910
-16.5962
-6.1620
-10.0541
-24.4425
-10.2281
-5.0077
4.8409
10.7627
12.7406
19.6439
22.5418
19.4645
10.2435
12.7190
10.4999
3.9536
3.1090
3.5105
4.6720
4.4059
1.7150
1.7849
1.9886
0.3986
0.1383
-0.0202
0.5020
0.7662
0.4944
1.3423
0.5516
0.0444
-0.7208
0.1134
1.8630
3.0615
1.4848
-6.0983
-10.0814
-6.6247
-2.9316
-0.8784
-1.3033
-2.9013
-4.6108
-0.9208
4.5138
3.9922
1.4527
-2.6749
-22.2538
-20.7241
-14.8741
-7.6961
-7.7121
-3.9944
-1.6769
-0.1895
3.9095
5.6697
4.8402
3.6092
3.3165
-19.3828
-21.2241
-17.1188
-13.4757
-10.9720
-13.3771
-19.6321
-24.9272
-22.9109
-13.4233
-11.3493
-7.9470
-2.0368
-1.8436
-3.7580
-4.3356
-11.9487
-15.4693
-15.7047
-12.9603
-8.8804
-5.6307
0.1863
0.7000
0.0267
-1.2858
0.3245
0.8875
2.5058
1.4699
-3.9327
-9.0422
-10.2991
-5.4851
-7.3676
-8.4088
-12.9199
-9.3609
-15.7883
-27.2589
-25.7989
-9.9433
-11.6511
-13.5409
-9.7908
-11.5906
-2.7128
3.7141
1.6167
-5.0134
-4.9705
-7.0054
-6.9392
-3.4703
0.7285
2.3655
-3.3269
-3.8182
-15.2572
-17.7446
-22.3518
-22.6301
-16.5223
-15.3295
-35.0317
-22.7920
-13.3181
-6.5543
-10.8154
-10.2263
-7.4973
-8.9194
-0.0377
-6.9170
-10.4958
-9.2550
-4.7233
-5.9111
-1.0562
-2.1247
-14.7427
-19.5849
-21.1808
-18.4977
-11.2137
-4.6877
-3.5395
-7.6708
1.3658
6.5673
-6.6859
-14.1807
-11.2418
-3.6127
-0.8129
-3.7482
-19.4216
-19.9425
-16.5730
-16.2137
-21.0168
-18.8881
-15.3675
-14.2032
-12.6080
-12.6688
2.0146
15.4220
15.4422
11.4172
8.8124
-4.7213
-13.5888
-16.7533
-18.4049
-19.1679
-10.6803
-9.9062
-14.0192
-16.0884
-18.5965
-3.3021
8.6948
8.5617
5.0196
0.2065
3.9182
10.6667
10.5040
10.6110
10.7659
3.2841
0.9985
-3.4947
-5.3497
1.1447
5.8012
4.4144
3.3261
-0.6916
-0.9604
1.1046
-0.8438
1.7564
5.3668
4.2038
4.3059
5.2305
4.4013
4.4355
6.0759
3.5413
3.5049
2.0316
-0.0268
-3.8845
8.7031
11.2055
8.2992
6.6398
5.2807
4.2969
2.2682
0.9369
-0.4333
-3.8253
-5.8602
-7.2202
-4.7092
0.8354
1.7503
3.1532
5.9955
10.1570
14.6262
16.5005
15.2879
14.3975
14.5000
15.0671
11.6161
9.1726
8.8186
5.5791
-0.7415
-3.8964
-2.0750
-0.9372
2.6453
0.6649
3.3898
0.8777
-3.7501
-8.1018
-10.3399
-5.6873
-10.7440
-23.9310
-27.9950
-30.2942
-23.6189
-19.7475
-17.8462
-18.6455
-22.6211
-19.8917
-20.9809
-29.5491
-28.4801
-18.5914
-14.1020
-10.3998
-1.5288
4.6661
4.9004
0.8478
-1.3798
-1.0265
-0.8634
1.6261
1.0121
-1.4752
-2.0050
-5.3054
-8.2973
-11.4273
-10.2938
-3.6468
1.2744
5.3448
4.0813
-1.4028
-5.7973
-4.6462
-3.6109
-2.0216
0.7429
5.2137
7.3223
6.4032
3.7313
1.4581
0.0389
-0.8641
-0.9246
-1.8448
-1.0994
-1.8304
-1.0342
0.8146
2.9672
4.6146
4.8733
3.8536
2.6757
4.4042
6.5044
4.6524
3.3664
3.8650
4.0918
5.6068
6.4050
7.0126
2.6631
-5.7189
-8.5823
-9.5382
-14.6382
-12.7152
-9.6640
-2.6838
-3.4019
-10.1699
-11.7212
-17.2757
-17.0255
-16.6492
-19.1500
-20.8612
-19.1973
-11.3490
-6.6072
-8.8255
-8.7530
-6.9639
-17.8777
-19.2973
-12.7121
-6.0278
-5.0024
-3.7073
2.5271
9.7003
13.4803
8.8738
0.7505
-0.3486
5.5554
6.5342
5.7141
8.4773
5.8947
2.0761
1.9611
3.6562
3.7072
2.3378
2.0005
2.0658
3.2180
3.5661
0.7002
1.7761
5.2985
2.8191
-5.9635
-10.2110
-9.4716
-15.2998
-16.9840
-18.7604
-22.6491
-18.9004
-14.2497
-10.8039
-8.3208
-6.8544
-6.6821
0.2365
4.0998
-0.7326
-11.6923
-17.4082
-19.2978
-0.0999
7.5324
7.8070
14.0119
18.0482
18.4848
19.8889
15.1394
4.8897
-6.4901
-9.4978
-4.6419
-1.6419
4.4708
4.2008
1.8377
4.2015
9.1888
8.3827
7.1581
8.8747
1.0812
-0.8891
6.7555
0.7918
-3.1830
-4.9159
-5.8879
-1.0072
4.4120
4.7910
4.3686
3.9337
3.7955
2.5004
3.1855
10.8451
14.5477
7.3991
4.0656
0.0586
-1.0537
-3.1231
2.8606
11.6680
16.9485
11.9533
12.5747
13.2082
15.2217
14.9454
11.9025
6.9271
4.7899
3.6582
3.4261
3.3186
3.4724
7.9850
7.6682
2.2708
0.5439
0.1402
1.1429
-0.7316
-1.4141
1.7493
4.4137
4.0362
3.6586
3.1348
1.0669
2.2103
5.3763
6.6324
4.6369
2.5478
1.5302
-0.0886
3.1959
2.3010
-0.6242
-3.1857
0.3522
3.7884
3.7287
3.1695
1.9324
-0.3459
-3.0125
-1.5006
-1.0284
-0.4687
0.0755
-4.7731
-6.5839
-0.7946
4.4132
1.0809
1.3762
0.4813
0.8326
6.1477
10.8285
9.2057
5.3908
3.5398
3.1209
4.6234
4.7094
4.2050
8.2032
11.8888
15.7069
13.8815
8.3122
4.3961
2.2792
3.2567
3.8087
2.9974
-2.6928
-3.4189
-1.2770
3.0879
3.6569
1.7611
3.3359
4.3560
4.3959
2.9693
-0.9816
-1.0844
-1.6477
-5.2954
-5.7935
-0.5894
4.2400
-0.4173
-3.2854
-1.7530
5.4632
5.6573
2.5498
10.6094
11.5681
10.5325
7.0708
2.9367
6.4667
9.5258
3.9038
-1.4380
-5.4676
-6.6742
-6.1340
1.5931
8.8698
7.5930
6.6232
4.7244
11.4980
9.5828
6.9908
11.0047
14.7305
8.8578
6.9715
7.4829
9.4999
10.6991
13.2851
12.4382
10.5532
3.8490
-4.6115
-1.7531
10.7703
15.9745
15.1969
13.0441
9.8912
7.9783
4.8723
4.6817
4.4844
2.1279
0.2569
3.9822
5.5064
5.0241
2.5273
1.4975
2.1493
0.7063
0.4950
3.5973
4.4723
8.9944
1.8871
-4.6475
-3.6886
-0.0687
-1.4702
-3.6124
1.3596
-2.6533
-4.7276
-5.5335
-4.9582
-0.6100
5.7836
5.6549
0.8030
-3.3370
1.1397
4.3556
3.0361
3.9456
3.3806
2.8222
-1.5556
-7.3409
-6.2256
-4.8416
-3.1065
1.0990
-0.1199
-11.7736
0.9765
0.4931
-1.3061
-13.1987
-16.4013
-10.0759
-11.6124
-13.1949
-11.6255
-8.6051
-3.8876
2.9807
5.2993
1.5592
-1.1377
-0.7733
2.9268
3.3060
2.8467
2.2772
2.2748
4.3559
3.6250
-0.5574
-1.6871
-0.6913
-1.8046

Coefficient 13:
0.0000
-1.0565
0.4462
0.0619
2.1921
1.2636
3.9903
0.6210
-3.7991
-0.6840
2.7661
7.6007
8.7996
3.7414
2.9628
7.8310
6.1563
-5.6703
-14.4788
-9.8594
-8.7283
-4.1690
-5.6579
-9.8070
-13.5179
-13.5214
-8.0790
-1.4089
-15.3095
-15.3157
-9.2126
-3.0126
-0.7849
5.9365
7.4449
5.6113
11.2103
8.8320
11.4170
9.1731
-0.3490
-1.0729
5.0090
4.5822
7.4467
11.7318
12.8012
9.9262
3.2619
-9.4460
-9.8151
-9.1133
-3.2853
3.5533
5.1069
0.6843
6.5432
7.2367
0.4317
-4.2153
-4.0022
0.5279
7.3273
13.0370
15.2184
13.6553
14.8202
8.2954
2.8333
-2.9338
-3.7055
5.0136
7.1099
-3.8669
-12.0213
-19.9086
-18.5907
-8.6055
-1.8705
-10.2912
-10.0503
-4.7229
-3.3526
-5.2871
-16.6143
-20.0883
-9.5946
6.4973
-0.2308
-2.8083
1.0503
-5.8431
-4.6066
-11.4809
-11.1902
-6.3726
-7.0924
-2.2823
-1.3308
-1.2738
-2.0560
-6.4482
-3.9779
-13.7468
-34.5762
-32.6159
-22.0946
-18.8956
-13.1532
-4.2160
-3.9308
-5.0331
0.5571
1.9075
-0.6275
3.6657
5.0205
2.6337
1.9112
3.2874
3.5574
1.3766
1.2929
1.6645
0.2776
-0.2352
-0.3868
0.0509
-0.1569
-0.2033
0.9585
0.2654
-0.4937
-0.8748
-0.1909
1.3192
2.5749
0.7873
-9.4342
-13.9602
-9.7554
-5.8391
-2.5588
-1.9312
-3.2355
-5.0237
-2.9934
1.7072
6.4333
8.3587
5.0276
-2.9408
16.0717
23.9124
21.8949
1.5531
-4.5653
-2.1829
-0.4160
2.6447
4.2100
3.5796
2.9101
3.2584
7.0826
9.0488
7.8562
2.0612
-4.3613
1.8621
24.2775
23.4217
16.6441
13.0076
9.6377
10.3800
8.2284
2.7558
0.2786
2.4742
-1.2675
-3.2119
-7.6577
-6.3754
-7.9864
-13.2175
-7.7540
-9.5114
-3.1686
-6.1034
-13.1426
-17.2912
-18.9166
-15.0428
-8.0766
-5.4494
3.6028
8.0459
3.0262
-8.5998
-16.4212
-13.6064
-13.8236
-7.4802
-8.3023
-11.9369
-12.5012
-10.9347
6.2432
5.6705
2.1960
-2.8900
-5.6802
-1.4026
-7.2572
-13.6600
-4.4757
2.0441
-6.0054
-12.7380
-16.5495
-11.6716
-1.0477
7.2002
2.8338
0.2177
3.7567
9.3270
0.5397
13.9043
7.3666
2.2594
3.4251
-0.1576
-1.0124
-2.5319
17.0421
18.6640
10.3027
6.1248
8.5115
1.5125
-5.6664
-3.5025
-8.7986
-8.9161
-1.7101
10.1568
20.2913
19.5593
12.1189
17.7766
31.6188
10.3010
0.8526
4.9898
7.5508
9.1672
5.4577
1.6276
-10.8940
-13.0214
-9.4021
-0.7919
-1.5401
-4.4311
-5.1995
1.0391
-0.2648
2.6488
0.6107
-13.2736
-25.3624
-28.4072
-16.6859
0.2114
7.4990
10.7930
11.1930
13.8536
18.5830
15.9109
8.9975
5.6550
2.7665
2.3123
0.1035
-4.7656
-3.6322
5.1286
9.1192
10.4017
9.3131
6.2188
6.1635
2.7740
1.4429
1.0323
1.8863
1.6408
-0.4818
-1.0045
0.6517
1.3735
1.3139
0.7106
2.5592
4.9311
4.3023
2.8060
2.4220
5.8188
9.8047
10.8713
9.3840
4.6870
4.1879
2.0475
-0.4507
2.4364
-2.7904
-1.9340
-2.7267
-5.5475
-2.1058
-2.2444
-0.5933
0.0218
1.4874
3.8752
3.9160
3.0012
1.4121
0.8683
1.7435
3.3071
5.7373
8.0952
10.7346
10.0578
6.6999
4.9766
2.5565
2.2831
0.9297
-0.5228
-2.7860
-4.0957
1.4902
3.4934
1.4711
1.4423
4.9664
7.6849
5.8922
0.9746
-1.0669
-12.4186
-19.0252
-11.5895
-4.7076
1.8295
3.6042
-5.0994
-9.4226
-8.0683
-9.1284
-8.5514
-9.2303
-3.9335
3.1381
-4.3550
-15.4792
-16.1411
-18.7151
-18.7774
-6.8109
4.7288
4.5372
-1.9199
0.6401
3.2573
1.5477
1.9433
2.1804
1.2553
3.0833
-0.2776
-0.6318
-4.0096
-6.0310
-3.1561
-1.5092
2.0519
-0.4211
-4.0453
-3.3689
-0.7563
0.6401
-0.0293
-1.4683
-1.0740
-0.1153
0.6393
-1.9668
-6.4637
-6.0518
-4.4650
0.0342
8.5872
11.2840
6.8364
1.3893
0.4035
2.8716
4.5446
5.2346
5.3322
3.8194
3.6617
5.7038
3.3177
2.3716
2.9884
2.3516
3.8713
4.6845
3.3372
5.9952
11.9452
16.2566
16.4096
13.0192
15.2575
10.7779
12.3105
10.4483
3.2555
3.6217
-1.3546
-3.4267
-4.0855
-0.7813
0.4869
-1.4291
0.5391
1.6127
-1.6371
-3.1971
-2.4213
-5.0501
-12.3493
-16.6487
-16.1274
-14.1527
-16.0112
-12.1321
-11.5939
-9.1148
-7.5504
-9.9300
-7.6669
-5.0053
-5.5932
-6.6505
-0.7856
-1.5041
0.5840
1.3275
2.4759
2.6524
2.0513
2.0093
1.3030
1.6705
1.2886
-1.7349
-1.8266
1.2746
2.7983
1.3249
-0.8139
-5.7267
-0.0297
13.2567
13.5608
5.1729
-8.3468
-13.6283
-7.3933
-4.0760
-4.1373
-6.8008
3.0430
7.8797
3.7046
-0.4976
-4.0884
-7.3785
10.2050
14.2902
13.1684
16.1683
17.5839
12.2944
9.9014
6.8903
4.5955
-0.7487
-3.3849
-0.7032
1.5843
8.0834
11.9040
9.3894
11.4256
19.7647
20.5864
17.7664
16.2425
0.1838
-0.0023
-4.6330
-4.3189
-4.9278
-2.8110
-2.3834
1.2268
-0.5915
-1.7251
0.2712
9.6097
11.6836
6.0183
-0.1057
-7.9847
-8.2560
-0.8774
-1.1147
-4.4070
-3.8702
-5.1971
1.2272
2.6233
-0.6885
-5.7206
-1.0959
-1.2526
1.7451
7.1098
8.3372
6.1127
4.0845
2.5606
2.2969
2.6637
3.4718
8.7894
8.8994
2.4892
-0.3361
-0.5066
0.3243
-1.5891
-2.0046
1.3106
3.9985
3.9791
3.3688
3.1832
-0.1171
1.6143
4.6460
5.7937
3.4206
1.2701
0.8811
-0.2160
3.0830
3.9465
3.4319
3.9296
3.0513
2.9387
1.8115
2.3760
2.7625
0.6392
-2.7531
-0.6231
-0.8094
-0.5470
-0.8913
-2.7282
-3.2125
2.6027
6.9103
1.8809
0.9309
-0.6447
-0.4100
5.4260
7.6370
6.3285
6.0159
3.3171
2.9985
4.7233
4.5325
5.0740
8.9990
12.0055
14.1484
11.3987
8.3967
4.8376
2.8665
3.2063
2.2862
1.4525
-3.5876
-4.3282
-1.6295
5.1612
5.7945
2.6670
2.3751
3.7003
4.0717
2.8355
-1.7317
-2.5855
-3.1291
-5.7902
-5.5097
0.4829
5.1748
-0.0466
-3.6829
-1.2598
5.4243
5.2440
1.5732
-2.0383
-6.6336
-2.4761
15.9914
17.5526
17.7464
21.7086
18.0303
15.5290
13.0838
5.1084
-3.7092
4.3212
13.4081
19.7656
18.8831
16.2413
9.4482
5.7493
1.0109
4.0210
4.8102
0.3772
2.2561
6.1793
8.5022
9.3688
14.4176
11.1271
7.8108
4.9419
9.6346
17.2454
23.8434
24.6123
24.1000
20.0079
12.5439
7.0969
1.1610
-0.4470
-1.4048
-3.3439
-1.8025
2.4539
4.5421
2.7664
1.2513
1.2036
1.7369
1.2693
6.7712
7.2465
6.9209
0.8483
-1.7317
-1.1132
-2.5240
-0.6302
4.0156
5.2523
1.3368
11.4932
10.3509
4.6812
3.4024
9.4663
11.4373
12.1141
10.7998
0.5779
-2.4370
1.1594
6.3101
7.4755
7.6725
7.1619
1.3099
-5.0205
-3.6544
-4.0349
-3.4813
1.7240
8.1885
3.9457
8.6673
8.8296
7.8683
10.2226
6.9934
-1.8924
-1.3120
-2.4655
-2.8203
-3.2592
1.2824
2.7186
3.4593
3.8755
2.3580
2.6648
4.1589
3.4295
2.7738
1.4407
1.1121
3.6612
2.5943
-1.4104
-1.5777
-0.8803
-1.8337

Coefficient 14:
0.0000
-0.9606
-0.5390
1.0615
3.7083
1.8496
3.9025
2.2555
-1.8209
0.8832
1.4104
5.9381
9.3242
7.1307
5.1017
6.5251
-0.4673
-5.1251
-3.5653
-1.8784
-3.8733
-14.2522
-14.8018
-11.3579
-8.1345
-2.4090
-2.4836
2.6376
-4.9696
-1.7836
1.1599
5.3595
5.6874
7.7676
12.3425
8.6119
9.4576
9.9696
9.0121
7.4947
5.6626
-4.8136
-3.5972
17.3430
19.8214
13.0211
7.7842
3.7622
7.0903
7.7115
-0.0241
-7.4729
-2.0762
5.5300
3.3525
-1.8807
-5.9254
-8.4104
-8.8201
-4.6307
4.5609
3.8811
-2.8167
-5.9621
4.9838
10.6492
12.4826
6.7524
12.0455
15.7085
18.3176
14.8845
14.3674
19.7650
12.8764
11.7619
20.6866
18.7899
16.3550
9.4757
15.4077
23.6268
26.6443
29.9641
26.1919
10.7437
-7.5925
-6.8400
-4.1106
-2.0113
-5.2257
-4.3105
-7.1414
-4.9738
6.7210
25.9608
28.3032
20.7223
19.3071
21.9248
17.3334
7.3211
6.2433
18.5189
31.5588
26.9420
11.3300
-4.2182
-10.4663
-17.3080
-19.3577
-16.2805
-17.1161
-17.1120
-9.7835
-2.5870
0.4568
0.1234
-1.8263
-1.9768
0.4592
1.0666
0.8040
1.0988
0.1298
-0.3336
0.0291
0.0219
-0.4759
-0.7712
0.6028
0.0982
-0.9279
-0.9035
-0.3493
0.8596
2.0970
1.2024
-4.2183
-8.2167
-10.1526
-9.6280
-7.6443
-5.7227
-5.4043
-3.8988
-1.6901
1.5372
10.0257
13.3167
9.8534
-6.5597
-10.1542
-10.2579
-6.2256
-6.4594
-5.6968
-1.2023
0.3340
1.3688
1.6423
1.4029
2.1058
2.7331
8.3844
11.8989
19.7075
20.4197
22.8782
24.6950
19.4587
19.0797
6.5044
-1.3441
5.4628
14.4485
12.2559
6.0971
2.0410
3.7711
0.2918
8.2803
21.2343
21.7899
15.9091
7.4323
6.4920
7.6237
5.0402
1.9048
-5.9402
-6.4047
-2.2859
0.5987
5.0720
6.9640
12.3157
5.7862
-2.7198
-9.1793
-6.9661
-2.2489
-2.2481
-2.0457
0.7024
-4.6378
3.3433
18.3884
14.1870
9.2413
14.3517
21.2506
20.3121
16.1025
29.9753
37.5906
31.4483
20.7830
21.8649
23.7721
22.2511
20.0049
19.1350
8.3799
7.5960
10.4635
7.3427
6.1339
7.0216
9.4574
14.2677
20.8540
14.2518
2.7417
0.0097
3.6276
-1.0714
-3.0512
-2.7301
0.2360
1.8858
7.0195
-0.7598
-4.3755
23.1328
31.8001
28.9399
23.9802
12.9608
2.7870
-5.2945
-2.8986
5.4711
9.1536
25.5156
19.6352
15.5259
17.9552
14.4591
8.8388
16.6127
18.7693
12.3239
6.7753
3.4018
-4.0886
-1.8604
9.1216
7.9321
6.8471
-1.9211
-4.7267
-1.5955
6.1628
4.1345
8.2044
12.3728
20.8536
28.7359
30.3798
15.6632
8.4703
9.6035
11.7549
16.2666
24.5521
26.6617
20.0665
17.0997
13.1216
5.8668
-0.5934
-1.0511
-2.5772
0.2787
1.9535
1.2317
4.5915
5.8596
6.1329
6.0778
6.5416
6.3498
0.6845
-0.3943
0.4912
-0.5247
-5.8100
-10.4117
-10.8002
-9.0911
-2.6596
4.3612
8.0297
8.8592
4.8830
4.3028
1.7856
-1.5235
-0.3693
-5.6248
-8.5494
-7.0588
-0.0753
5.0905
4.1532
0.0411
-0.6354
1.7381
3.6345
5.0411
5.2278
1.8030
0.9689
1.6153
3.0534
4.5933
4.7255
4.3208
-1.3469
-8.5676
-11.4027
-13.8055
-14.5799
-13.8876
-13.3786
-16.7597
-16.0681
-11.7412
-9.6697
-9.6309
-10.0094
-15.1522
-12.6555
-13.4413
-14.8774
-12.4442
-17.5887
-23.4741
-24.2583
-25.7048
-14.9796
-7.1295
-15.1655
-19.7972
-15.4988
-13.5833
-12.6731
-9.6453
-6.2988
-1.3028
-0.5380
-3.1652
-4.0394
-7.6112
-11.1018
-8.9715
-3.3086
-1.3102
0.4655
4.9062
6.1157
4.8938
5.5698
3.6607
2.7823
3.3489
2.9393
7.1203
7.6821
4.2020
-1.1348
-3.5361
-3.0746
-6.4737
-9.3085
-5.4880
0.4946
1.4647
-0.8090
-0.9238
0.9604
1.0973
-0.6843
-2.6311
-4.8028
-3.2273
-2.8292
-1.3916
-1.9612
-1.0267
-2.3502
-3.0059
-1.0461
2.7963
4.6353
7.4967
10.7423
7.7656
4.6592
4.7852
2.1946
1.4956
2.2313
0.7824
2.2891
3.1262
0.7929
5.2302
7.4734
8.5259
9.4367
7.2514
7.8065
7.6000
6.7380
8.7009
2.6714
7.7007
5.7202
3.1273
0.7390
0.2232
0.0539
2.0185
7.9957
7.9527
5.2941
2.2807
1.9603
6.6758
3.7649
-2.3203
-8.4742
-10.9404
-6.1558
-6.2494
-16.9307
-17.8478
-20.0223
-19.2035
-8.9064
-8.3971
-13.0152
-10.8307
-3.1984
-4.0413
-2.5101
-0.0964
1.6284
1.6830
1.5446
1.9161
0.6292
0.3549
-0.6334
-3.8031
-1.5459
1.6587
1.8020
1.4198
2.0994
0.2307
6.5786
6.6769
5.8099
7.8209
7.9924
3.3955
9.3020
9.0955
2.6178
-6.0720
-7.2473
-5.4060
0.4857
5.3345
2.6381
0.9504
16.0050
17.4010
14.2862
12.9720
12.7308
5.8582
0.4315
-0.8324
0.4351
-1.8840
-4.5048
-2.0224
1.5588
6.4897
13.1066
12.2759
13.9854
20.6886
21.9400
19.6698
17.1617
0.0094
-2.1832
-9.4938
-2.1271
3.6549
4.8267
6.9755
8.9686
-1.8445
-4.7161
-1.4170
5.8823
7.8421
5.4371
3.5323
8.3475
4.5544
-3.1047
-3.7346
-4.2474
-6.9961
-8.6647
-0.0749
10.0684
14.3115
6.0927
8.2288
4.7395
2.9220
4.2792
3.0566
4.0256
2.7632
0.9078
0.7768
1.7062
2.6665
8.1842
8.7356
2.5093
-1.1173
-1.0441
-0.2682
-1.9995
-2.4111
0.8258
3.8365
4.0655
3.1870
3.3273
0.5681
1.0828
4.1272
4.9383
2.2926
0.1821
0.2967
0.3885
3.0116
5.2603
6.4003
8.5336
3.9175
0.7559
0.1913
1.5250
3.5371
1.8884
-1.7471
0.6007
-0.4261
-0.3933
-1.0514
1.4960
2.1614
6.2970
7.0924
2.0823
1.6980
0.4855
-0.0091
3.7138
1.2419
0.0567
3.6350
2.2607
2.6460
4.8025
4.1663
4.6428
5.1949
5.2259
6.0265
4.6926
6.3820
4.3640
2.7919
3.0245
0.8740
0.0184
-4.0099
-4.8629
-1.7836
6.9252
7.5441
3.1518
1.4562
2.3707
3.0982
2.3935
-2.2194
-3.7144
-4.2307
-5.7086
-4.8791
1.2056
5.4567
0.9060
-3.4728
-2.0316
6.2600
4.3882
2.5911
1.8895
-6.8862
-17.4813
-18.6794
-24.2891
-19.8025
-12.0416
-8.8160
0.6409
1.9928
2.9593
-2.5415
-4.8954
-5.1180
-6.3487
-5.8497
-2.9327
-2.0334
1.5140
-4.1371
-4.4735
-1.0794
-2.2110
-2.0126
-1.2081
-0.6278
0.6761
7.1399
3.4382
2.2643
2.6737
-6.9955
-10.1363
-3.4362
0.5337
1.2099
0.2350
-5.2434
-8.5278
-9.3541
-6.8179
-2.3390
-0.7765
-0.3234
4.1863
6.2360
4.6675
1.8264
0.1065
0.6597
1.3166
-0.3444
-3.0591
-0.7090
-0.5853
1.0039
2.4962
-3.0551
1.6017
8.8428
6.2563
-1.8866
-1.0079
-5.0008
-0.4748
-4.4944
-3.9441
1.6447
6.6642
7.9607
0.2332
0.6527
3.8277
4.4463
2.5770
2.3595
3.8091
-0.0739
-3.5590
-1.0302
-2.9586
-3.4928
2.2950
4.2201
-0.3111
-4.1530
-2.7196
-1.8592
8.6830
9.8389
0.8027
-6.2777
-12.4330
-12.6600
-6.0995
-4.0954
0.2813
1.8606
-0.5900
-1.5577
1.3802
4.8233
3.0270
2.6438
1.1420
0.1090
2.8516
1.7037
-0.9004
-0.4554
-0.6226
-1.7390

Coefficient 15:
0.0000
-1.2534
-1.0342
2.8371
4.8847
1.9135
3.1596
3.3620
0.3756
1.9003
-1.8544
0.0259
5.5916
5.5477
3.2586
5.1459
2.6904
-9.2328
-17.7464
-17.3671
-21.9376
-13.9886
-11.0742
-5.5128
-1.0864
-4.4329
-2.1964
0.2628
-6.8758
-7.7125
-12.9065
-15.1852
-14.4927
-9.5740
-6.6429
3.7755
7.5002
-5.1170
-4.1877
-0.6601
0.3457
-6.7611
-19.6470
-24.7913
-21.9197
-17.3837
-21.9299
-27.4261
-21.3935
-19.0228
-18.0992
-25.9500
-29.7879
-24.2848
-19.4316
-15.6013
-9.3977
-8.9629
-14.7703
-15.9679
-25.1974
-23.2133
-15.2226
-10.6406
-10.7726
-8.5730
-6.8444
-11.2635
-6.8231
-1.6512
-0.8045
-5.1729
-3.5311
1.4063
-0.2136
-12.5341
-22.2026
-24.4003
-24.5833
-16.8076
-19.2903
-34.4140
-44.1596
-33.1212
-31.9596
-27.9289
-22.9080
-19.4483
-19.6509
-19.1577
-17.2798
-18.0025
-15.9718
-16.5483
-5.8228
3.5839
8.0322
4.0823
-1.4664
3.5070
7.4117
7.2056
4.9979
6.9944
-0.7622
-0.8587
-0.9991
-7.5168
-3.7322
-0.1462
0.1688
0.6017
1.4698
0.2855
0.2738
1.3559
-1.6541
-0.2523
-0.9630
-1.2616
0.3588
0.7869
0.4523
0.9163
-0.0830
-0.4341
0.2370
-0.0923
-0.7653
-1.2008
0.2834
0.0173
-1.2781
-0.8432
-0.3935
0.4676
1.6309
0.9874
-1.0792
-3.8428
-8.2695
-9.6186
-9.2402
-7.9678
-9.1565
-9.2787
-5.6835
-1.6326
4.7418
6.7362
3.5019
-10.9901
-19.7816
-19.0384
-18.0654
-10.8748
-3.4674
1.5047
1.9972
0.4638
-1.3710
-1.1927
1.2763
1.7633
-20.1237
-27.5943
-26.6413
-19.6295
-11.4219
-9.0927
-28.9758
-36.3258
-32.2887
-29.9938
-30.6873
-30.9317
-24.3206
-13.0851
-10.0171
-6.6526
-7.1196
-15.4660
-12.3775
-10.2266
-9.8879
-10.3493
-3.4242
-2.5061
-6.5574
0.0108
3.6579
5.3794
8.4249
5.0374
-2.9583
1.0813
0.5994
-24.6223
-34.0580
-29.7417
-24.4072
-21.9593
-18.0170
-19.4337
-21.3118
-19.7664
-17.1605
-7.8409
-15.8891
-30.9336
-33.9629
-26.3192
-19.2154
-11.0845
-17.4413
-25.1817
-22.9317
-29.4565
-27.5079
-23.8688
-30.9707
-34.6803
-39.7178
-37.2786
-35.2034
-29.8330
-27.3326
-28.9588
-23.8553
-40.5303
-45.0796
-33.1245
-17.6948
-15.3801
-17.1287
-12.6650
-17.2902
-17.6750
-13.3114
-6.3901
-11.7924
-8.5823
-2.0040
1.7808
-19.6373
-24.2995
-18.5861
-22.7063
-36.4259
-37.4685
-33.4931
-23.3669
-19.0627
-15.9974
-19.6881
-15.0587
-9.2780
-6.3094
-7.4374
-18.8025
-24.6808
-30.3935
-33.9576
-36.4255
-35.6066
-33.3385
-29.9768
-21.2438
-10.0217
-9.8905
-7.1823
-3.0626
-8.7748
-24.1950
-22.7290
-16.4422
-11.6783
-1.7470
4.7490
-7.5135
-20.6760
-26.2945
-23.5288
-19.4350
-21.6531
-36.2947
-40.9541
-38.2854
-33.4534
-34.6473
-34.3622
-17.1618
-12.5059
-10.3377
-4.6115
1.2426
-0.3104
-3.5722
-4.5093
-1.7027
0.8244
-0.3805
1.3975
-1.7074
-2.3565
0.2044
-0.1842
-0.5152
0.4136
-0.7050
-1.4946
0.7290
1.9840
3.0759
5.9728
3.9974
3.7496
1.1840
-2.5405
-1.4653
2.2085
-0.5019
-0.7930
2.8975
6.7235
3.3261
2.3154
-1.4255
-2.7769
-4.9279
-4.7457
-5.2803
-4.4763
1.0056
1.2921
2.3442
2.6410
0.7880
-2.3631
-9.9639
-16.8899
-18.9669
-20.4596
-21.7309
-19.6837
-15.9584
-14.8099
-13.1372
-13.6974
-12.0608
-11.3851
-7.9049
-8.1492
-3.9913
-2.7748
-4.2725
-0.0213
4.5959
7.6561
6.6607
-1.4679
0.0286
-1.9827
-4.6845
-3.9368
0.6364
1.1816
-0.9498
0.1989
-0.0618
-4.0448
-5.8294
-1.8514
-0.0441
0.6707
-3.1076
-8.0485
-12.2361
-9.2887
-1.3598
2.1193
2.5912
3.7565
4.7702
1.9962
1.1365
1.5429
5.4094
8.7589
11.4686
9.5123
1.5136
-0.4814
-2.0779
-5.4553
-9.3767
-8.7898
-4.8219
-4.1327
-4.2320
-1.1293
3.4847
5.8489
4.0236
1.1140
-1.8564
-2.1712
-2.4567
-0.9497
5.7146
6.9231
3.5170
-1.3850
-1.2457
1.7840
4.5293
7.1802
9.0058
6.4952
4.3522
4.3123
1.6456
0.7392
1.5822
-0.6188
0.7842
1.6181
0.7151
1.8928
2.7030
1.9171
4.3177
0.7714
-2.1540
4.1999
3.6842
-0.9414
-8.1127
-3.1661
-0.7958
1.5618
-0.8327
-7.3373
-10.2244
-2.8554
10.8849
11.4703
10.0636
6.6467
3.5456
-7.4203
-10.5778
-10.9789
-18.0957
-20.1704
-14.2517
-13.2448
-24.8228
-18.8035
-14.3019
-12.4402
-7.5114
-10.6260
-11.8140
-4.3482
5.8229
1.0737
-2.6155
-1.4233
1.0049
0.7751
0.7163
1.5448
-0.0143
-0.7115
-2.1090
-5.4431
-7.1810
-3.9756
2.1163
7.0951
8.3328
3.3986
-1.2785
-8.4895
-9.1029
-7.0734
1.4085
6.9122
13.1639
13.4012
9.1627
5.7812
8.1766
8.9716
9.1231
7.7502
2.8322
0.9090
11.9005
12.5622
8.9204
5.0085
5.5114
2.3559
-0.2135
-3.2989
-5.9932
-6.9086
-6.6187
-5.2609
-0.7989
1.7008
5.0133
3.5991
5.2256
10.3311
12.2139
12.1828
11.4924
-0.9366
-12.5044
-16.9081
-11.3487
-6.4813
-3.5391
-2.7833
-3.9016
-2.7437
-0.1054
-1.6217
-3.7034
-7.9872
-10.6196
-18.0761
-17.6892
-19.6957
-17.5409
-10.2341
-5.5152
-6.6417
-7.9864
-3.9132
-0.1004
3.6051
1.3386
-1.4218
-10.0783
-9.5943
-5.6235
-2.0812
0.8302
0.7272
-1.2901
-1.0931
0.4981
1.1370
6.1390
7.1235
2.2214
-1.7932
-1.4788
-0.7480
-2.1361
-2.6877
0.2571
3.7532
4.1192
3.0092
3.4376
1.5457
0.5944
3.7472
4.0511
1.2461
-0.7180
-0.2729
1.1005
2.6570
4.4200
4.6433
5.3394
1.5858
-1.3060
-1.0938
0.5468
3.8217
3.0815
-0.2092
1.9197
-0.0462
-0.1441
-0.7622
5.8133
7.3115
9.3439
6.5089
2.4042
2.5781
2.6007
1.6279
2.3267
-2.9456
-3.7529
1.1605
1.1305
1.9158
4.5611
3.6373
3.5394
1.3457
-1.5032
-1.8479
-1.3496
3.3217
2.8331
1.9300
2.4683
-0.1494
-0.9578
-4.0338
-5.0421
-1.8310
7.3674
8.0019
3.2025
0.5595
0.6256
1.5085
1.5403
-2.5297
-4.4884
-4.9860
-5.1613
-4.1257
1.0335
4.3876
1.3057
-2.9742
-2.4049
0.7763
-1.0216
-1.4282
-5.3071
-3.7978
-4.7393
-12.0182
-12.5560
-12.2199
-14.4740
-8.3582
-9.9488
-12.1692
-9.4570
-10.8051
-12.3501
-12.4915
-11.5647
-9.5401
-11.7735
-10.8556
-5.3799
-8.1025
-8.4461
-5.7102
-6.2783
-6.4007
-6.9175
-6.9351
-6.1900
-0.4336
-4.4018
-5.9624
-0.2960
0.7629
-1.5887
2.3675
2.1001
0.1233
-1.4665
-5.0013
-9.8625
-14.1825
-12.0733
-9.0041
-8.3328
-3.6603
0.8211
3.7588
1.6997
0.1816
-0.2449
0.2497
1.5522
-0.7110
-5.3818
-8.8581
-4.3273
-0.2767
1.8891
-0.7119
-4.2771
0.7126
4.3785
1.1264
-0.1470
-8.2633
-11.0755
-5.2291
-3.4388
-2.8716
5.6455
9.7963
1.5591
-2.0955
2.5583
5.3245
2.6553
4.4685
6.6631
2.4508
-1.7808
0.0186
-1.9536
-3.3267
2.5435
8.2452
8.2687
9.8385
8.9625
7.5137
9.1692
4.7606
-4.0250
-8.8579
0.3676
5.3422
1.8583
-4.9017
-2.8912
-1.2446
1.8654
1.2009
1.2944
4.6094
1.9197
1.9245
1.0608
-0.6746
1.9170
0.9317
0.2044
-0.0157
-0.6231
-1.6525

Coefficient 16:
0.0000
-1.9613
-0.8119
4.6895
5.3041
1.1720
1.6494
2.7043
1.7314
1.7045
-3.6753
-5.2480
-0.0598
1.1911
0.4693
5.2487
8.3938
9.6983
1.2557
0.2855
-0.2207
-1.9120
-0.8654
1.8523
7.9983
7.2461
9.7413
12.2803
-3.6622
-7.7705
-8.5422
-4.9151
-3.2532
-2.4427
-5.8488
-4.1846
-7.3054
-3.3078
4.7954
2.9893
-1.9280
1.1314
11.1488
17.7183
5.5565
1.4889
5.4001
6.2167
3.7601
4.9261
14.3007
13.9425
6.9052
9.7802
14.3449
6.8715
0.5524
-3.7023
-1.6372
12.3899
15.5365
7.3790
0.9616
-1.2691
-7.6191
1.8146
12.6823
18.4173
18.7352
14.1520
12.7371
8.3061
8.5922
10.6048
9.8461
14.6957
25.3540
30.4201
23.1449
14.6057
15.7861
18.9300
19.8979
15.3619
15.7989
12.9280
15.8914
20.2716
16.3625
12.0110
11.5443
8.7619
5.2081
1.7246
1.6125
-3.1114
-3.3778
-2.5571
-0.1619
2.3488
-1.5070
-4.2061
-3.1641
1.9145
2.5134
7.3311
16.7473
14.8368
12.3523
11.0537
6.2324
6.9547
5.0573
2.7043
1.9393
3.0127
0.8923
0.7142
1.2032
2.4780
2.1326
0.5374
0.2336
0.8703
-0.3772
-0.7064
-0.3017
-0.5388
-1.3981
-1.4911
0.0072
-0.0158
-1.5658
-0.7354
-0.3639
0.1229
1.1780
0.0275
-2.9304
-4.4303
-4.7763
-6.8707
-8.4327
-6.1071
-8.3859
-12.2612
-10.0826
-7.2434
-3.9813
-5.3063
-7.7568
-18.9507
-21.8665
-10.1281
-4.5832
-4.1612
-1.2382
1.9014
2.2869
-1.0066
-4.0168
-3.5623
0.5176
0.5084
-23.4391
-13.7059
-3.8602
-0.9373
2.3730
4.4437
5.7714
8.1530
8.1767
8.6211
7.1853
2.2971
-0.9332
0.6923
1.6775
2.7334
8.9295
8.2449
9.4745
10.9609
8.0861
1.9807
-0.8882
-2.6784
-2.2307
1.9914
12.7024
14.6781
13.7379
8.3413
5.8413
3.1773
-8.0219
-0.0695
6.8462
11.2632
15.5500
18.3180
13.4464
6.7171
8.2533
5.2556
1.4310
-2.3864
2.0926
10.2292
5.9987
-0.9437
-1.2001
3.8883
4.6338
3.4985
3.0629
5.3247
3.6519
6.4294
4.9049
5.9964
6.4212
11.9754
11.1593
7.8262
7.7519
12.9150
20.2022
19.2991
13.9293
3.5836
-9.3936
-8.7550
-11.4329
-10.9159
7.5105
17.7448
19.2426
17.7004
11.8931
1.8878
2.2717
1.6149
6.1516
4.5961
-3.6699
-5.6730
-0.8854
5.8020
10.3886
11.0599
8.9127
10.5935
8.5853
-0.1432
-3.7835
-3.4838
-3.1569
-4.8342
-9.4959
-1.6529
0.5962
4.0579
6.6620
-3.6667
-11.0359
-3.7408
-4.4118
-3.1779
3.6274
8.7066
8.7660
-2.0640
-12.3545
-11.8015
-11.2457
-9.5627
-7.1809
-5.7490
-1.3073
-1.0048
1.7088
2.7384
-3.5778
-8.3235
-2.6586
-2.2242
-4.5272
-7.5638
-18.1643
-17.5968
-15.0630
-11.5546
-6.6504
0.9497
-0.3216
-1.4859
0.6793
2.5274
1.3212
-2.5730
-0.2012
0.9781
-0.2510
-0.1147
3.1520
6.8099
8.4349
7.9014
6.2614
6.4947
5.7699
4.2898
4.0840
2.1642
2.5968
0.2798
-2.6333
-1.0269
0.6492
-0.7053
-3.4768
-5.8346
-6.1673
-4.9166
-2.9963
-2.2593
-1.4760
1.3894
2.5879
2.0573
0.4752
0.8567
0.7545
1.2480
0.0954
-3.0152
-6.8186
-10.9500
-10.6157
-9.0895
-11.4472
-13.2809
-11.8907
-7.8760
-3.0258
-0.1442
2.9781
5.5247
2.8678
0.9389
-3.6433
-7.3184
-8.0668
-9.6839
-6.0501
-2.0166
7.3274
12.0387
5.9299
4.9089
5.3468
1.4035
-0.4028
2.0923
5.2140
2.2089
3.1181
3.3812
2.7710
0.7302
-0.3605
-3.9398
-4.9348
-5.5947
-2.4224
-6.9157
-10.7296
-8.5878
-7.4305
-5.4079
-2.2843
-0.7244
1.7058
2.9283
4.8242
8.9047
5.9337
5.6159
6.0715
1.1688
0.3101
-0.2318
-3.8388
-7.2351
-8.2104
-8.2984
-7.1611
-5.7203
-3.6083
-1.5094
0.9008
2.3014
-1.2342
-7.7184
-8.1826
-6.0386
-1.2984
1.3325
3.1139
1.0662
-3.0355
-2.1802
-0.1574
4.0684
5.2560
2.7258
0.3815
-0.2030
1.6857
0.7830
0.0964
1.0261
-1.8552
-0.7094
0.0834
1.4443
2.4662
1.7492
1.6651
2.5281
0.4881
-5.9287
-3.7526
-0.0711
-1.6236
-6.8510
-6.4580
-4.7070
-3.1218
-3.4738
-6.9380
-8.1633
-1.1729
12.3318
12.9164
11.8689
9.1661
5.2686
-3.4057
-4.5480
-7.8230
-16.5532
-19.0305
-12.4064
-9.8469
-16.8037
-11.5001
-8.3579
-5.1765
-4.9875
-3.5566
-1.5003
3.2511
8.1064
2.0038
-0.1594
-1.6399
0.4527
-0.0803
-0.4261
0.8639
-0.5863
-1.5216
-3.1399
-6.6419
-2.8192
0.9541
2.0028
4.4096
3.9557
0.4587
-8.1411
-8.2268
-6.6562
-9.1438
-11.3357
-14.9085
-12.6351
-6.0661
2.3852
7.6337
7.9518
7.0247
7.3526
7.2026
0.8117
-5.0503
-0.2060
1.5719
-0.4578
-4.4232
-1.3860
-3.0268
-4.0632
-8.2182
-11.7040
-8.8045
-4.4606
-3.1311
-0.5081
-3.1050
-7.2595
-10.9963
-9.7045
-4.4584
-1.1986
1.0096
3.2556
-0.3796
-9.6061
-5.8423
-4.5839
-10.0609
-12.0862
-7.1528
-4.1822
-1.5762
-0.9917
-1.2191
-8.8053
-17.5318
-16.8940
-13.4740
-7.3269
-5.8879
-8.4124
-7.3438
-2.0094
-0.5287
3.4999
3.4625
1.8779
4.9760
1.5439
-2.5577
-3.5933
-3.7159
-3.7862
-5.7148
-2.9750
-1.8895
-3.8203
-3.1448
-0.8066
-0.8272
2.9670
4.4015
1.6153
-2.3591
-1.8185
-1.2566
-2.2461
-2.8979
-0.4001
3.5380
3.9892
2.7489
3.4032
0.1910
0.1394
3.3706
3.1311
0.2823
-1.4396
-0.8658
1.1535
1.6855
1.4931
0.6752
-0.3628
-1.6990
-2.3636
-1.9069
-0.6082
3.2663
4.0038
1.6084
3.1064
0.2133
0.0807
-0.4804
8.0078
9.9048
10.6430
6.3645
2.9847
1.6755
2.5479
2.3777
1.9633
-1.3869
-1.3325
1.0245
0.4914
0.7658
3.7402
2.9894
2.5358
0.9457
-2.5145
-3.8226
-3.2245
0.4186
0.5331
0.8636
1.4765
-0.6566
-1.3079
-3.8464
-4.9063
-1.8445
6.1474
6.7783
2.8941
-0.3257
-1.2723
-0.4755
0.3039
-2.7472
-4.9439
-5.4449
-4.2902
-3.3401
0.3317
2.5652
0.7774
-2.6125
-4.0816
3.1449
5.2352
3.6390
-0.2974
-8.5780
-13.2506
-4.6488
-1.8264
2.1689
5.1230
-1.6474
-12.2703
-4.8098
-3.2289
-3.3583
-9.6623
-14.6869
-14.3083
-10.4900
-10.3859
-13.0982
-13.6621
-12.2619
-9.5426
-6.1129
-5.9233
-9.7522
-8.0742
-5.6373
-4.6093
-1.6632
-3.3598
-3.2627
1.5124
-3.5920
-9.8198
-11.7451
-8.7551
-7.1140
-6.6512
-10.3713
-12.9551
-10.5573
-6.4145
-2.9012
-1.5791
0.0773
3.2367
5.2061
3.7424
0.7781
-1.4296
-0.5084
1.1185
7.6643
6.4772
9.5893
5.7977
3.0368
0.9349
0.7690
-0.6869
3.5100
7.2230
3.3629
-9.5029
-19.8357
-17.9330
-10.1200
-1.5285
5.1573
6.2270
11.0399
6.0066
1.0603
0.9884
3.0805
0.5733
1.5853
4.3683
1.7609
0.6673
2.9582
-1.2906
-3.1408
2.3170
3.8011
-3.7954
2.7747
1.5660
-2.1608
-7.2058
-6.5010
-4.4128
0.2732
-4.0575
-5.9433
-2.4205
1.9757
0.6162
-2.3857
0.3342
0.0607
1.8501
3.4902
0.3433
0.5954
0.5370
-1.2729
1.0075
0.2386
0.9914
0.8705
-0.0853
-1.5781

Coefficient 17:
0.0000
-3.0005
-0.0575
5.2330
4.2597
-0.1730
-0.4894
0.0224
1.7040
1.7495
-2.6214
-6.1104
-3.5783
-1.8301
-0.3204
3.7695
11.6185
8.9236
0.0712
-5.3650
-1.4501
-1.9725
-3.6853
3.6769
15.2638
22.7622
18.8378
15.1545
-7.9094
-10.1209
-8.4894
-6.0869
-11.0385
-16.2873
-14.7591
-10.0360
-9.8808
-21.9405
-28.2101
-35.2920
-39.8220
-29.9221
-16.1953
-18.1518
-6.1334
-0.9203
-1.3578
2.0933
-2.8173
-10.0040
-21.9226
-20.5976
-21.6513
-19.0342
-16.3442
-14.3951
-6.0773
1.8402
-3.0716
-19.1389
-17.8792
-18.7160
-23.1699
-21.0489
-29.8651
-27.0285
-16.4321
-16.1554
-18.9620
-19.4390
-19.9360
-14.3281
-9.8424
-9.4434
-10.0637
-14.1074
-16.7796
-19.5156
-15.0354
-3.9646
-4.7420
-6.7638
-12.2783
-7.8119
-10.8889
-13.4172
-15.3702
-18.5584
-14.0391
-15.5334
-17.1350
-12.5126
-10.2315
-8.5243
-10.2702
-10.1700
-8.5939
-9.5049
-10.5450
-10.5281
-7.7208
0.1250
6.9807
-10.1161
-21.0306
-23.1806
-32.0951
-33.2149
-35.6786
-43.0079
-40.8260
-39.1231
-35.3970
-16.5402
-16.9139
-7.9796
1.2960
-0.3974
-1.2679
0.0077
0.7773
0.3156
0.0176
0.3732
-0.7440
-0.9633
-0.8639
-0.9444
-1.9791
-1.6482
-0.2206
-0.0389
-1.8102
-0.6206
-0.3041
-0.1946
0.7395
-0.1794
-2.1991
-2.4376
2.0878
2.6335
1.5641
4.9905
3.4481
0.7481
0.4058
2.1273
-0.0744
-7.4423
-9.9211
-5.4239
2.6836
-0.6104
-3.3828
2.2829
-0.2009
0.8549
1.7534
-2.2815
-5.5966
-5.1167
-0.0865
-0.7824
-19.8275
-25.1235
-20.1353
-21.9990
-21.1097
-21.2275
-15.0840
-6.5508
-3.3262
-6.2135
-8.1138
-4.0594
-0.2652
-0.2148
0.6388
3.3662
2.0229
-2.9791
-8.0941
-10.9377
-16.4424
-18.2315
-16.2278
-5.0320
-3.1279
-7.1408
-7.2652
-17.4881
-27.2713
-28.7629
-15.9245
-15.5246
-13.8123
-1.7510
1.2263
4.9506
2.5424
-2.4961
-6.1847
-1.8256
6.0095
8.0465
7.7304
3.0930
-6.8807
-23.9075
-27.0884
-30.6056
-25.8813
-18.6587
-14.9444
-10.8939
-2.8946
-12.5053
-17.0457
-11.7287
-7.7442
-12.1978
-15.2003
-17.8228
-20.5358
-23.4775
-27.3273
-27.9922
-20.7639
-19.7686
-28.4541
-21.8004
-7.7242
-4.0203
-7.5942
-9.2348
-2.2188
-14.9635
-25.8390
-28.7230
-30.1811
-35.8666
-30.2995
-23.2509
-18.7566
-16.1181
-12.8394
-11.2541
-13.1039
-21.7658
-26.8152
-29.1953
-32.1499
-36.8446
-30.0451
-14.4832
-9.7834
-15.3776
-15.3811
-13.5341
-14.0016
-11.9763
-10.6763
-8.2295
-13.9845
-20.1915
-14.2450
-12.7418
-11.1526
-8.3959
-16.2723
-21.1333
-27.3369
-25.0224
-20.0266
-11.2057
-4.3138
-5.8656
-7.2923
-13.1319
-17.4494
-15.6144
-16.5586
-16.2882
-8.1200
-9.6233
-10.8826
-11.6321
-9.4895
-12.1225
-12.8053
-9.9799
-7.0681
-5.6591
-5.3312
1.1352
-0.2679
3.3813
5.0766
3.1176
-0.1572
-2.8668
-0.9520
-2.1011
-1.4407
-0.2763
-0.0804
-4.4487
-7.9986
-8.7252
-8.0673
-4.8227
-2.5092
-1.7891
-0.3667
-0.2525
1.0625
-0.7999
-3.2407
-3.8000
-2.6725
-0.6170
1.0645
1.6046
6.8607
5.8133
0.7388
-2.5592
0.2281
3.3752
5.2630
5.9410
2.3125
0.4533
0.0406
-0.0678
-2.6321
-5.9959
-8.8710
-11.8681
-9.0814
-7.3023
-9.0601
-8.0834
-6.2510
-3.6608
-1.1288
2.2272
7.1913
9.4392
7.5276
0.4615
-8.0328
-10.2813
-8.7502
-3.7697
0.9460
-2.4125
-4.5442
-3.2506
-1.7251
0.0317
-2.1356
-12.0755
-18.9883
-17.2894
-6.3839
-3.3852
-0.6364
0.8524
1.0791
2.5762
-1.7490
-6.2390
-9.4826
-7.6327
-0.0187
0.9279
-7.2657
-9.3523
-10.5770
-8.7392
-5.1815
-1.2621
4.6792
6.1903
6.0078
7.3683
1.2738
-1.9104
-0.2398
-1.5478
-3.1016
-1.3778
-4.4480
-7.8997
-6.0122
-4.5547
-3.0384
-3.5614
-3.0541
-3.0894
-3.5080
-3.0202
-5.2650
-10.1739
-8.2861
-5.8051
-2.5065
-0.0140
0.4253
-1.5681
-4.7357
-3.6289
-2.0925
3.3157
5.1093
1.8999
-1.9306
-3.5287
-1.6280
-0.4396
-0.4438
0.5479
-2.9257
-2.2126
-1.4640
0.5105
3.8054
-9.0956
-14.2618
-14.3826
-14.5783
-20.8106
-19.4946
-13.5513
-4.2199
-3.8293
-4.4550
-2.9877
-5.7335
-2.8137
-2.8156
-4.4768
-0.9266
9.5497
11.1311
11.0919
9.5520
6.3687
8.0923
5.6511
2.1367
-2.1606
0.2960
0.9991
-4.1667
-16.9035
-8.9651
3.6261
9.4894
11.0876
12.4688
12.6086
12.6864
12.3459
5.4697
1.2946
-1.7642
-0.1354
-0.8741
-1.7691
-0.0387
-1.0064
-2.0764
-3.8097
-7.4940
-9.8461
-5.7156
1.2992
2.2247
-1.1021
-6.8249
-7.6378
-9.1848
-9.8139
-10.6169
-11.6307
-11.2621
-10.5902
-3.4951
-0.8902
-2.0032
-4.3100
-2.9845
-2.3099
-0.6088
-4.4775
-11.7455
-12.4269
-8.7666
-8.3354
-11.0200
-5.6937
-6.9527
-10.6268
-13.2969
-15.3537
-11.3555
-6.4197
-2.3010
-0.4857
-6.1112
-14.7019
-18.7267
-19.0779
-14.6462
-10.2528
-6.9383
-2.8812
-1.5828
-10.5397
-9.7927
-13.2689
-16.3802
-18.1847
-14.4739
-8.5705
-8.2901
-9.0336
-9.4349
-9.7789
-10.1529
-5.2959
-5.6532
-9.7278
-7.8788
-8.8104
-11.2271
-10.6534
-6.1341
-0.6247
-5.7882
-7.8742
-1.5733
0.0705
-5.2056
-11.1061
-9.8263
-9.4848
-7.5194
-6.7284
-4.7611
-6.3214
-5.1221
-2.0256
-2.8030
-0.7170
1.1920
0.7727
-2.8120
-2.0710
-1.8717
-2.5010
-3.0877
-1.1160
3.0225
3.5732
2.3501
3.1502
-0.9178
-0.2772
2.8835
2.1940
-0.5863
-1.9964
-1.5003
0.1040
-0.0193
-1.9041
-2.0276
-2.7761
-3.6219
-2.8548
-2.1967
-1.9347
1.7875
4.5765
3.4450
3.9869
0.3003
0.2054
-0.4977
7.0051
8.7782
9.4299
6.1605
3.1762
-0.7669
0.0080
1.4214
1.9537
3.7555
4.6693
2.4238
0.0297
-0.7340
2.2445
2.1525
1.8458
3.0379
1.1776
-0.5828
-1.7819
-1.8001
-1.9798
0.2350
0.1939
-0.7241
-1.1099
-3.6490
-4.5117
-1.8675
3.7395
4.1809
2.1715
-1.1969
-3.2348
-2.4996
-1.1685
-2.9286
-5.1293
-5.6644
-3.2513
-2.5237
-0.1003
1.1271
-0.3364
-2.7054
-5.0842
-0.6691
4.1603
3.5397
3.3689
14.4119
14.0241
4.7674
-5.2294
-8.5160
-8.4021
-1.7941
-3.7926
-10.9057
-10.9553
-7.6284
-10.3233
-12.3353
-5.1324
-4.4645
-4.7148
-5.9975
-5.8391
-2.0031
-3.1866
-0.9938
-2.7342
-8.2868
-4.3049
0.3510
2.3984
1.8972
0.9465
-0.6963
-1.8363
-5.6742
-8.1986
-11.8568
-11.2712
-12.3008
-12.5447
-12.4175
-14.1981
-14.5515
-9.6986
-6.9430
-7.6978
-3.6355
-1.1930
1.7246
0.3463
-1.2242
-2.0480
-0.6648
0.5285
-2.7038
0.3998
1.9592
6.1725
2.8919
-2.6738
-3.2218
-11.8432
-19.9872
-14.6828
-4.9232
-13.2111
-17.3352
-12.0346
-6.7325
-2.0957
-1.4489
-3.3780
-0.6590
-4.0274
-7.8133
-5.2268
1.3235
-0.0691
2.3218
5.3553
3.2505
1.5353
2.7212
-1.1295
-3.0392
1.6018
3.6762
0.7277
-5.5401
-6.0334
-8.1369
-6.4639
-4.8705
-2.7067
-3.6000
-5.9276
-6.3893
-3.7858
-4.0100
-1.4846
-0.4654
2.0620
-2.5275
-0.6541
1.7037
-1.1902
-0.8677
-0.6909
-1.7479
0.3080
-0.3976
0.7502
2.4219
1.1308
-1.4349

Coefficient 18:
0.0000
-4.1662
0.7374
3.5788
1.4532
-1.6369
-2.8662
-3.7595
0.4010
2.5918
0.5333
-3.1083
-3.0083
-1.2518
1.9181
2.2849
5.5609
-4.9824
-19.6472
-21.6457
-13.8129
-12.8546
-10.9061
0.9819
10.3157
12.6095
8.9056
8.2639
-8.4440
-8.6645
1.8362
9.1029
6.6441
5.7916
7.1188
1.3621
3.6643
7.6380
11.5950
12.4869
13.7732
12.8969
6.4072
-2.4114
-6.1730
-2.9954
-3.7993
-6.1882
-2.5776
3.5596
-3.6606
-7.0398
-4.5809
-4.9237
-8.5796
-9.9338
-10.7554
-10.5523
-9.9124
-7.2046
-1.9391
-7.6101
-6.9271
-2.8901
-4.6087
-8.2608
-5.7580
-0.4949
3.8602
9.3400
7.8405
1.4732
-0.2148
0.0716
-6.8977
-9.1724
-13.8140
-14.2039
-10.8227
-19.3130
-27.7294
-22.2334
-17.9258
-16.6610
-13.1477
-12.8831
-11.7550
-7.1789
-6.0380
-4.7923
-1.1645
-0.3712
-2.8629
-2.3654
-5.0230
-6.3679
-8.6406
-13.9694
-18.9667
-18.0458
-6.4103
4.3449
3.8838
-14.8433
-29.1636
-19.8594
0.2629
9.4488
9.3188
12.0945
7.6633
-1.5850
-11.9186
-16.0249
-24.7408
-14.7266
-1.2643
-1.9195
-3.9384
-4.2756
-1.8346
0.1172
-0.1814
-0.2068
-1.1504
-0.9727
-0.6469
-0.9419
-1.9886
-1.6839
-0.3967
-0.0848
-2.0245
-0.5335
-0.2550
-0.5014
0.3162
0.6166
3.7659
7.5236
17.8883
24.8642
24.4296
22.4588
22.6788
21.3710
19.0843
19.5770
12.4440
0.2715
-3.1005
5.2984
12.0024
16.2719
18.1094
6.2177
1.0685
1.5664
2.2311
-2.0026
-5.7507
-5.5030
-0.4865
-1.8393
5.4210
4.5468
-1.5044
-8.3678
-6.6771
-0.1228
-8.2667
-13.8214
-8.8393
-5.4089
-2.6629
-5.8473
-7.7622
-8.8237
-9.1812
-8.7463
-10.1902
-6.9235
-9.7533
-14.7100
-16.7031
-13.6029
-1.3111
-2.7745
-8.2498
-14.6799
-19.3378
-14.3279
-5.7349
0.3004
1.7843
1.0116
8.9494
1.5048
-2.5691
-5.3961
-8.9525
-7.6487
-7.5682
-5.3992
-9.0556
-5.6212
-11.1335
-12.7463
-16.6921
-13.6008
-3.4877
3.0856
2.2063
-2.0047
-1.9678
-5.9653
-12.6387
-17.5845
-11.7531
-6.5148
-11.1691
-13.4813
-5.2909
-5.2696
-1.8939
6.7815
9.9920
3.1193
4.0511
14.7398
12.4033
3.4397
-11.8406
-12.1976
-10.6123
-7.0416
-10.6728
-0.1290
2.1725
3.5439
-0.6263
-1.3343
5.9408
6.1347
-4.9618
-13.1418
-20.3153
-22.2736
-17.3370
-6.7375
1.7242
1.3889
0.9841
4.1869
4.5175
-9.7748
-13.2729
-12.6700
-6.4659
-7.3321
6.2542
4.4463
3.2226
4.5436
1.5729
3.8966
5.7082
1.0349
2.9436
-2.9229
-9.3262
-1.3512
2.7418
2.7291
-5.9338
-2.3321
2.1536
0.8094
-2.4339
1.6266
3.9821
-1.6523
-4.1804
-2.3343
-2.0935
7.5347
2.0824
-3.8373
-6.0857
-3.2505
4.3708
2.0273
3.3721
2.3006
-1.7884
1.5994
-1.5682
-2.8315
-6.1001
-11.2545
-12.5055
-10.9455
-5.3747
-4.4961
-3.1514
-0.4394
0.2502
-4.8321
-6.9951
-8.6520
-8.8165
-6.5188
-7.6370
-8.8458
-5.6149
-2.7475
-0.5383
-1.8686
-3.8296
4.5036
-1.6135
-4.9675
-4.9345
-6.5895
-0.9944
-0.9290
-0.2627
-2.9635
-3.7773
-5.5831
-4.9930
-5.0692
-4.5334
-0.1903
-0.7627
-1.3779
-4.9537
-7.4909
-8.4477
-11.1811
-9.3763
-8.8789
-6.9561
-3.3880
-2.3194
-1.7394
-3.5738
-3.6206
0.3504
2.4730
1.7461
3.2821
8.0557
8.2106
6.6823
10.6316
16.9209
12.1552
10.2350
14.5873
14.9995
12.4526
14.2464
10.5312
6.1939
7.5606
18.5609
18.9354
16.8105
11.1509
6.6910
9.1921
6.7301
7.4473
5.2645
1.5507
1.4446
4.9915
-1.1487
-3.1215
-5.5760
-5.4539
-3.2066
1.2264
2.5826
1.0052
-2.4725
-0.1972
-2.7395
-4.8326
-3.2234
-1.5141
-1.8690
-0.3627
-2.0022
-8.3299
-5.9022
-0.8456
0.1689
-1.7815
-0.7136
0.9819
1.0944
-0.6056
-2.8447
-5.7174
-4.0520
-3.1375
-1.5107
3.4407
6.3015
3.9395
-2.8187
-3.7847
-2.9456
2.4303
3.9800
1.5192
-1.3426
-1.9698
-1.3198
-1.0588
-0.8955
0.1341
-3.8239
-3.6833
-2.9213
-2.1563
1.9364
-8.1450
-10.9915
-7.6772
-11.1880
-13.0037
-5.3990
-5.9508
-8.9261
-12.1948
-12.0219
-6.0153
-3.3592
3.3627
6.4806
3.6305
2.0767
7.0110
8.2349
8.7086
7.9831
4.3082
-0.3389
-5.1455
-2.5881
0.4000
10.4685
20.5958
18.7526
3.1141
-0.0633
0.8699
-0.1785
1.5232
1.1858
-0.5511
-2.2051
0.3308
-0.4361
-2.2750
-2.9170
-0.7647
-1.5804
-3.1203
-1.0346
-1.2473
-2.3846
-4.2387
-8.0486
-3.2461
1.0520
0.8519
-2.7395
-8.4001
-13.2561
-5.6514
6.0721
15.2723
13.8461
5.2148
-2.2965
-5.6404
-9.5440
-10.6363
-11.6745
-14.7234
-12.1217
-11.6513
-10.4458
-9.9628
-13.2046
-17.1997
-13.0236
-10.9241
-12.1646
-6.4878
-4.2284
-8.6731
-10.4121
-14.6113
-14.2650
-11.5847
-7.0985
-3.7149
-5.1441
-11.8254
-14.2369
-18.0456
-16.4562
-12.2995
-8.7953
-5.0886
-2.5018
-3.1074
-4.7664
-0.8490
7.7723
8.6235
0.9685
1.3875
2.4783
-0.5743
-5.7878
-6.7772
-2.3014
-2.9952
-4.6421
-2.2146
-1.5812
-2.3980
-8.9576
-13.6371
-14.8194
-15.7443
-17.8798
-17.4186
-12.6755
-8.1821
-7.7281
-4.2061
-3.7968
-5.2175
-8.0983
-9.8010
-7.4565
-8.3770
-6.7435
-3.0137
-4.3459
-4.1176
-1.7727
-0.1619
-3.1499
-2.2430
-2.5537
-2.8944
-3.2642
-1.8334
2.1448
2.8304
1.7937
2.6491
-0.3340
-0.6356
2.2652
1.2712
-1.3377
-2.4025
-2.1701
-1.8793
-2.2217
-4.0629
-3.0202
-2.9874
-3.3967
-2.0526
-2.1363
-3.2904
-0.3349
4.8370
5.0608
4.4581
0.2272
0.2118
-0.7881
3.4530
4.5601
5.8474
4.5687
2.3387
-2.6909
-2.1671
0.1459
1.0877
6.7077
7.6232
2.2916
-1.0678
-2.4183
0.2144
0.9946
1.1152
3.8818
3.8697
2.4402
-0.5730
-3.4853
-4.1581
0.0891
-1.1198
-0.5909
-0.6481
-3.5547
-3.9238
-1.9102
1.0542
0.9937
0.8867
-2.0381
-4.9814
-4.1678
-2.6497
-3.0810
-5.0988
-5.7004
-2.1965
-1.6983
0.0564
0.5873
-1.5379
-3.2936
-6.8605
-5.3457
1.6182
5.4051
4.3979
-0.8991
-15.7466
-14.0384
-3.2165
-1.9649
0.5025
-2.1873
0.2829
8.0623
6.6293
1.4242
-1.5248
-6.2575
-8.2135
-11.3508
-10.0580
-7.3944
-7.5936
-8.4862
-12.1908
-11.1700
-12.1527
-9.4671
-1.5561
3.9314
5.8977
3.0152
4.7422
4.7127
2.1829
0.9226
2.6481
-4.5993
-6.3861
-6.2011
-3.2475
-0.8843
-1.3378
0.9224
3.7560
3.3760
1.1512
0.7268
1.0300
2.4113
1.8433
-1.0313
-3.3926
-1.4282
-0.6481
0.5125
-4.3930
-2.3839
4.7907
2.5061
-2.7157
-7.9722
-11.5448
-4.9847
4.4322
6.7358
16.7574
14.9300
8.8716
-1.9198
-4.9936
-0.7421
-1.6743
0.9836
4.1634
0.3287
-1.9850
1.5384
0.2850
1.5947
3.8971
2.7404
2.6606
3.0813
-1.5017
-3.0603
0.5173
1.2264
2.4916
21.7584
21.6662
18.6485
12.0298
11.8948
-7.0233
-9.4639
-1.7571
-3.1327
-5.5913
-3.2390
0.3206
2.1857
0.9930
-1.2931
-1.6857
-0.3703
-2.2378
-1.9037
-2.0697
-2.1173
-0.1207
-0.9595
-0.7087
2.0170
1.4449
-1.1660

Coefficient 19:
0.0000
-5.1512
-0.0425
0.2299
-2.2414
-2.7909
-4.9506
-7.0562
-1.5757
2.5509
2.7636
0.0275
-0.9921
1.7811
5.4139
4.3763
6.6936
2.3218
-7.2837
-8.9156
-7.0938
-6.4102
-6.0448
-0.3460
3.4882
4.0836
1.8043
-1.2176
-8.9778
-12.2329
-16.8081
-18.6857
-20.6877
-14.0193
-8.4958
-3.2903
-12.6639
-16.4879
-16.0910
-16.0444
-12.1676
-6.3649
-4.3079
2.0039
8.5656
2.0430
3.5882
7.6055
8.3632
7.5061
0.0181
-5.2047
-6.2940
-4.1393
-2.9894
-1.9936
-3.8434
0.5772
2.5684
1.7777
3.6231
2.1583
-6.5412
-6.9590
1.6731
2.9268
-1.4087
-6.0054
-10.9437
-13.3849
-8.2275
0.7591
1.1008
-5.7046
-6.3198
-18.0394
-15.6649
-10.9520
-5.7954
-5.6205
-6.9800
-0.1939
4.5097
7.2793
-0.6402
1.3296
4.7609
2.8453
-1.5039
-4.7775
-7.6898
1.2739
5.6018
5.7749
7.2975
3.1222
-2.5943
-1.0434
5.3278
6.3882
7.7352
11.0896
6.3385
8.2869
8.2031
3.8457
-8.6490
-7.6438
-0.3668
3.7207
2.1794
-1.1624
-5.2112
-7.6916
-8.4253
-3.9309
-0.8694
-0.9869
-1.7808
-1.9781
-1.0202
-0.0633
-0.2487
-0.3016
-1.5460
-0.8382
-0.0705
-0.7839
-1.6255
-1.6148
-0.5198
-0.1759
-2.2140
-0.4985
-0.2508
-0.8086
-0.0906
0.6576
6.0195
11.0867
18.6938
24.6521
22.3424
17.1600
19.9541
19.2223
18.0502
17.7086
11.8449
1.4091
-1.6718
-2.7502
-12.4974
-12.2435
-14.5840
-5.0759
-0.0767
1.5929
2.3757
-1.0744
-4.5665
-4.7090
-0.6774
-2.4432
-17.5663
-10.6141
-2.4969
-0.1916
0.1728
-2.7923
-6.1907
-3.1432
-2.3248
-6.6897
-8.4848
-5.2369
-9.8921
-11.9194
-10.2164
-8.1748
-4.9298
0.1380
6.9095
0.6909
-6.8831
-9.9504
-14.2260
-13.8297
-7.4653
-2.8112
-3.7647
-2.8566
-1.2254
2.3460
1.2643
6.1921
5.6835
-1.4728
-2.2157
-3.9268
-1.5104
3.0587
-1.9767
-8.5999
-7.3387
-12.2870
-17.4185
-17.1097
-11.3235
-2.5733
-7.4256
-10.3223
-6.2613
-1.9111
-5.6444
-9.3315
3.2384
6.9740
2.2492
1.0201
3.5622
12.3728
4.9873
-3.6530
-6.2799
-9.3000
-13.2873
-11.4139
-13.9085
-24.1997
-33.2007
-18.4727
-1.9881
-2.9928
-10.1134
-7.9528
-3.4829
0.1321
-0.7305
-6.9531
-11.5309
-13.3228
-11.7167
-3.3718
-6.8458
-5.7811
-2.0204
5.8204
7.8809
6.0196
3.3602
-1.3466
0.8083
-6.7869
-5.7392
1.7381
-5.6219
-5.1675
-1.7328
-4.7248
-13.4019
-16.0981
-11.9154
-11.7347
-13.2895
-9.6990
-5.5134
-5.8231
-1.4768
-6.4572
-0.8892
7.8078
11.5647
16.7054
17.2132
5.7666
0.5282
0.2139
0.5905
-0.0814
-2.1318
-1.9122
-2.3118
-7.3405
-13.3178
-14.6973
-4.2578
-0.0282
-3.2040
-7.5652
-3.6455
3.0499
6.8627
6.0551
1.8213
1.9922
-1.3998
-2.5419
0.8460
3.2723
4.3970
0.9320
1.9974
0.8251
-1.1930
-0.6883
3.2469
5.3173
7.3622
6.8789
5.6943
4.0260
-1.8891
-6.9217
-7.3112
-4.7947
-1.8686
-2.7253
-3.3837
-10.7575
-9.8618
-13.8383
-11.7377
-2.3186
-1.7924
-4.3167
-3.6531
-3.5990
-3.1799
-1.1824
-0.2975
-1.3555
-1.6405
-0.9754
-1.5393
-2.4519
-6.2582
-7.0278
-5.1014
-1.5821
4.4499
7.2576
11.5454
12.9850
9.3041
7.0596
3.9480
-2.3757
-4.7112
-5.8960
-6.0174
-0.7281
5.0380
3.6844
1.8043
-0.1650
2.7805
1.5565
8.8000
15.6284
10.9561
11.0038
15.0439
21.6049
24.8666
25.1251
28.9971
21.0008
15.8708
10.8519
8.1239
11.0773
14.0410
15.8648
13.1703
6.6717
9.0040
13.7221
7.7515
0.8036
-1.5739
-1.6228
-1.9472
-0.3310
-2.1949
-5.2775
-8.6168
-4.7077
-4.0111
-4.3092
-3.1649
0.1987
2.3990
1.7174
0.5284
-6.1499
-6.8279
-3.8328
-3.5646
-3.9284
-2.8367
-0.7419
1.9022
2.8637
-0.9083
-6.8706
-7.1051
-4.9374
-3.0636
-3.6459
-3.3096
-3.9327
-6.3417
-4.8094
-2.3847
1.5057
0.7754
-1.7244
-1.6915
0.2049
1.1624
-1.2461
-1.2741
-0.2255
-4.5383
-5.0264
-4.1558
-4.1623
-7.1962
-6.4858
-2.0737
2.3299
-0.9052
0.2595
6.1680
1.9631
-5.5001
-12.0515
-13.7747
-4.9088
4.0615
11.6814
18.0551
17.8505
12.3880
8.8442
6.5035
5.5630
4.9915
1.7932
-3.4268
3.4155
10.4448
11.9206
15.3517
22.6161
25.4749
18.8702
4.8898
-1.7939
-7.7792
-9.9077
-8.2891
-8.4780
-10.9713
-9.8533
-9.4807
-5.8877
-4.0704
-1.3466
-2.1629
-4.2528
-2.0200
-1.3720
-2.4617
-4.5273
-8.4163
-11.4070
-7.5196
-1.1491
-5.8707
-11.2019
-13.7425
-8.2077
-10.9624
-11.2241
-13.4665
-16.9573
-15.5526
-15.5994
-14.6109
-14.1755
-15.3863
-11.5580
-7.4415
-10.2012
-10.5247
-6.1941
-5.8640
-12.8002
-11.2297
-8.8590
-8.5823
-4.4830
0.1658
-2.0533
-1.7108
-4.1331
-3.8272
-4.1584
-6.3378
-5.2788
-0.9718
-3.1738
-4.9949
-11.6641
-12.7110
-10.1669
-6.6180
-4.8457
-7.0674
-11.4471
-18.5600
-16.3783
-9.9970
-7.5205
-10.7489
-23.5977
-26.3182
-25.3602
-19.4835
-7.9031
1.5412
1.9782
-4.9341
-4.5906
-6.9750
-11.6884
-12.4556
-14.9184
-19.4580
-22.0322
-22.7900
-13.6781
-5.7256
-4.7286
-6.3603
-8.6990
-11.3182
-11.9138
-8.4567
-11.7563
-9.5484
-9.6239
-7.7714
-3.6825
-5.1058
-6.4512
-3.8405
-1.0234
-3.3729
-2.3403
-3.1636
-3.2485
-3.3926
-2.4802
0.9682
1.7846
1.0975
1.9159
-1.1455
-0.9059
1.6050
0.4054
-1.9438
-2.6709
-2.8448
-4.0878
-4.3855
-4.4286
-2.6847
-3.0414
-2.5885
-1.1425
-2.0478
-4.3817
-2.5223
4.8832
6.2605
4.4922
0.0559
0.1349
-1.0603
-0.7415
-0.7395
1.0793
1.2799
0.6411
-3.1344
-2.1291
-0.0425
-0.9695
3.8855
3.6633
-1.1321
-3.0768
-4.0634
-2.0007
-0.4853
0.0162
1.5756
1.9448
1.3735
-1.5786
-4.7723
-5.6641
-0.1594
-2.2299
-0.5421
-0.2843
-3.5426
-3.2118
-1.9552
-1.1493
-1.9767
-0.9457
-2.8210
-6.0244
-5.1448
-3.8900
-3.1598
-4.9068
-5.6013
-1.2578
-0.9781
0.3161
0.4010
-2.5967
-4.1140
-7.3670
-5.0406
-1.8485
0.5106
-0.6815
0.4412
-7.6079
-6.3393
-7.1676
-6.5875
-1.2692
2.6630
-2.1538
-9.7581
-12.9129
-12.6024
-11.9825
-13.3138
-16.1728
-18.2682
-12.0533
-6.0460
-10.8034
-11.8767
-9.8404
-5.9272
-6.3539
-4.6581
-2.3167
-0.9113
1.1519
-2.6138
-1.9291
-2.5364
-6.1677
-8.3714
-6.1737
-13.1781
-15.8091
-18.0818
-16.3466
-10.3173
-7.7375
-6.3457
-1.7758
-0.8558
-3.5460
-3.1278
-3.2323
-0.8342
-1.3564
-3.0643
-4.2137
-2.1497
-1.9054
-1.2852
-4.5263
-5.4053
1.6624
5.4862
-0.5366
-15.1735
-14.0001
-6.6520
-1.1029
1.1465
7.9257
7.5699
5.0791
-3.0663
-7.2242
2.1272
8.6752
3.6759
1.6741
-1.7160
-4.4038
-2.7027
-2.5400
0.3631
3.1610
2.9401
2.8625
2.5993
-2.3173
-3.1775
-0.7174
-1.8877
-2.8093
0.8107
0.0422
-1.9297
-5.0681
-10.3769
-5.9788
-3.7443
-8.9011
-6.7337
0.1231
-2.4593
-0.3971
1.6496
-1.2635
-4.4985
-2.6324
-2.3564
-2.7213
-2.3213
-2.7506
-2.3638
-0.3909
-1.3969
-2.7721
-1.5447
-0.0515
-0.8116

Coefficient 20:
0.0000
-5.6109
-3.2349
-3.1795
-5.0735
-3.4995
-6.2603
-8.5282
-3.4199
1.1509
1.6711
0.4306
1.0642
4.3168
6.4972
5.6459
5.6458
-11.0480
-15.5456
-12.5138
-13.0553
-4.6751
0.3492
0.8952
4.1597
8.0379
3.8673
4.5601
9.7311
11.5334
12.7005
17.2289
15.5921
12.7570
4.5661
-3.8590
-8.5842
1.7382
0.1676
7.0964
10.5713
7.9628
3.6731
2.0158
-2.3596
-2.4047
-10.7406
-10.9435
-6.8857
-8.8200
-12.1244
-15.7713
-12.4290
-4.4508
-3.1897
-4.3959
-6.5534
-2.3053
1.9049
-2.4689
-6.6326
-5.5792
-4.1989
-3.8503
-4.5166
-8.8708
-13.7607
-15.3446
-11.7215
-7.9587
-8.1748
-8.1675
-8.0280
-6.7886
-6.9679
10.2829
19.7959
15.5567
10.5872
7.3154
6.6437
2.2360
1.6854
-1.7393
-1.8153
-4.1711
-8.2306
-9.7274
-2.7326
6.3763
4.0267
-3.5061
-10.0687
-14.3456
-11.5881
-17.8639
-21.9502
-18.3140
-12.4814
-8.5628
-10.9155
-8.5238
-7.4475
2.8244
3.0331
1.9473
7.1524
9.2139
7.9087
7.6902
9.7580
6.6313
2.2082
-1.8220
3.1129
6.8585
2.0861
0.1960
-0.1251
1.2478
0.6850
-0.2318
-0.2330
-0.3180
-1.8727
-0.8512
-0.1442
-0.9667
-1.5286
-1.4609
-0.5903
-0.3223
-2.3757
-0.5269
-0.3143
-1.1202
-0.4792
-1.0484
-1.9506
-2.7256
-8.0086
-10.0674
-11.6241
-12.9774
-10.3026
-9.3367
-5.6058
-2.5371
-6.1337
-9.6889
-10.5120
-10.7667
-2.7330
-2.0808
-3.0673
-5.7586
-1.8483
-1.3414
0.8545
-0.6445
-2.5402
-3.0574
-0.6940
-2.4823
-4.8201
1.5993
7.6131
6.0399
6.3561
2.8805
4.6978
6.9673
8.3991
12.1139
11.1790
2.2044
-0.7098
-0.5119
6.1015
8.0085
-0.4697
2.4043
4.7194
1.9093
1.3672
3.5845
1.5602
-1.1511
-0.1472
9.6284
10.5363
0.8628
-1.7587
-3.2452
-3.7744
-4.8103
-13.5326
-13.5618
-14.0856
-11.0185
-10.4635
-11.0559
-4.4179
3.6222
1.2602
1.5327
4.3663
5.7345
9.6145
11.8420
12.6811
9.6619
1.0808
-4.1899
-1.8268
1.3444
-2.4918
-6.6365
-12.2316
-13.0456
-13.1137
-13.4213
-15.7196
-9.3636
-3.4437
1.6000
2.4740
-3.5924
-5.6542
-2.9630
9.2717
12.8967
7.7496
7.6084
5.1372
2.4782
3.2177
-6.1712
-4.1399
-4.7584
7.7360
12.1122
2.5679
-3.7297
5.0403
5.5841
1.9048
6.1533
2.4411
-6.8112
-12.3889
-8.4226
-1.3137
11.6182
16.0753
7.8758
6.1330
5.1915
2.0218
-1.6911
-4.5674
2.8069
14.2859
15.2925
14.3412
8.9479
9.5661
11.5141
0.5942
1.4758
2.6419
-6.6354
-13.0158
-9.1382
-4.2199
-7.6901
-5.3901
-2.9193
-6.9691
-10.5802
-7.5540
-3.5440
2.3886
4.6364
4.1993
-0.8511
0.4100
-0.7933
-2.5885
-4.3436
-5.2678
-2.3130
1.7867
3.3644
3.5260
1.9896
-0.5276
2.8948
3.8022
2.9001
2.6654
-0.5866
-1.3618
-2.8580
-1.9583
-0.7923
-0.3621
-0.6852
-0.2758
-1.6517
-1.4284
-2.1606
-6.2669
-8.9989
-8.8175
-5.9693
-2.6482
-3.2017
-3.3313
6.7193
11.4927
10.0408
8.7397
-1.3056
0.5895
0.2932
-1.4068
-3.4863
-0.2310
2.7174
3.4413
3.4108
1.1918
-1.7496
-2.1686
-3.1078
-6.1560
-4.6021
-0.8962
6.2213
12.0445
13.8325
17.8088
18.2876
12.8041
11.3090
9.5309
0.5063
-9.8260
-13.0126
-10.1797
-9.0079
-7.7373
-3.8605
0.4035
-1.7700
-1.5955
-1.9912
-6.5962
-5.7425
-12.0760
-12.7552
-6.7202
-1.4541
1.2155
-2.9348
-5.5799
-6.1075
-3.2548
-0.7109
-4.8403
-6.5543
1.5496
4.4438
3.4281
3.7193
13.6038
15.5689
10.9946
2.7191
0.8202
0.2244
-1.3763
-1.2035
0.4166
-0.8219
-2.8298
-2.9083
-3.9470
-3.6457
-3.0314
-2.7714
-1.8789
-1.9837
-2.7844
-4.9840
-6.6628
-7.7674
-7.3756
-6.4868
-6.1579
-5.4552
-3.8389
-1.4509
-4.4099
-10.8696
-9.9892
-6.3229
-2.3358
2.5191
5.5129
3.4481
-3.0621
-3.5706
-1.0873
0.5056
-0.7168
-0.4893
0.0663
0.4641
1.3352
-1.8790
-1.5949
-0.5384
-5.0563
-6.1269
-5.0780
-3.7846
-12.3305
-12.8947
-7.9553
-4.2741
-3.5752
0.9317
6.4273
9.6078
11.8105
6.3560
3.4109
8.1836
10.8716
13.5111
13.3759
13.2622
11.2782
8.3413
3.8124
2.0361
1.2809
0.0958
4.0228
5.3745
9.7016
12.8628
16.2224
18.5407
20.7500
21.1861
13.1900
4.9974
-0.2213
2.2296
0.2608
3.2751
2.7757
2.8047
-1.3821
-2.3288
-3.9451
-1.7668
-2.5836
-4.9563
-2.9196
-1.4811
-2.3300
-4.7159
-8.5579
-4.0198
-1.1162
-1.4782
-4.7262
-8.3458
-7.5052
-8.4348
-3.8807
-1.9889
0.3384
-5.0140
-11.0088
-9.9259
-15.2053
-17.8623
-17.3607
-9.8973
-5.1643
-5.9905
-1.9823
5.9887
5.9925
-3.7020
-6.9343
-5.5184
-3.6585
-1.5256
1.8559
0.6634
5.0961
9.5684
13.3211
9.5394
-1.3448
-5.7717
0.5399
0.7047
-1.0275
-6.0433
-8.1579
-7.6012
-4.0136
-4.4919
-10.4648
-11.6652
-11.6379
-9.4117
-3.6118
-3.5953
-6.3628
-7.3209
-10.0044
-8.1470
-6.1171
-5.2228
1.4074
2.9432
-5.7856
-3.3184
-2.1343
-2.0871
-1.9584
-1.5443
-6.7213
-10.1257
-13.0029
-13.3307
-8.3925
-5.4076
-4.8099
-4.3718
-6.9499
-9.1784
-9.1234
-12.4357
-10.7168
-9.8469
-8.0716
-3.9856
-4.9201
-7.1642
-4.5945
-1.6696
-3.4837
-2.3690
-3.5427
-3.3267
-3.4128
-2.9854
-0.3544
0.5158
0.3085
1.0094
-3.1765
-1.0545
1.0519
-0.3566
-2.3771
-2.8116
-3.4748
-5.6652
-5.9017
-3.8886
-0.6864
-0.8900
-2.1290
-1.9630
-2.1571
-4.8858
-4.1107
4.8117
6.9117
4.1299
-0.1252
0.0424
-0.9774
-3.5966
-4.8932
-3.2063
-2.3746
-1.0209
-3.2506
-1.3202
0.4288
-3.2719
-2.6899
-4.3751
-6.1141
-5.2097
-5.4350
-3.9617
-2.0369
-1.2695
-1.6693
-2.2119
-2.0598
-3.0839
-5.2672
-6.3951
-1.1024
-3.0204
-0.7711
-0.2983
-3.4901
-2.4426
-1.9669
-2.6321
-4.2730
-2.9733
-3.5109
-6.1893
-5.2425
-4.6765
-3.0896
-4.6029
-5.4033
-0.5350
-0.5368
-0.0374
-0.3665
-3.4725
-4.7355
-8.1033
-12.1707
-10.5778
-6.2331
-1.7997
-2.3197
-10.5395
-12.0204
-10.4526
-12.1868
-10.0182
-5.0613
-1.7319
0.4265
-1.7456
-5.4893
-4.6776
-5.6282
-9.0381
-10.0487
-4.6533
1.6731
-6.8575
-8.1498
-4.6569
-5.6270
-8.5634
-6.9194
-6.5143
-8.5875
-7.1747
-11.3127
-10.9177
-8.1698
-3.7143
4.4774
11.6650
9.3961
8.3448
9.3557
10.9207
11.5579
8.5737
6.9369
7.5634
6.6683
2.8677
0.0588
-1.6875
-0.9555
-0.7026
-3.3373
-5.5045
-3.6042
-3.3534
-2.5547
3.6787
3.0321
4.6291
10.4292
2.9711
-7.8969
-1.0341
2.4370
2.3559
2.1986
0.6405
-0.1706
-2.5270
-2.1345
-0.0878
-4.6774
-6.5300
-4.5275
-1.6306
-3.1416
-5.7631
-1.9972
0.4780
1.7669
2.6653
2.5216
2.0648
-0.0832
-3.3928
-3.3133
-1.8366
0.5304
2.4479
-2.0230
-4.6101
-7.4483
-1.6682
-3.0368
-11.8758
-10.9427
1.1665
4.0865
0.4986
0.7682
-0.1370
2.3629
-0.6794
-3.7450
-4.2082
-3.9721
-2.9416
-2.4267
-2.5140
-2.4951
-0.6824
-1.6573
-4.2860
-5.0696
-1.8473
-0.4832

Coefficient 21:
0.0000
-5.2686
-6.6503
-4.9891
-5.7561
-3.9137
-6.5376
-7.7960
-4.4336
-0.3392
-0.9250
-1.1160
1.1032
4.4204
3.4131
1.5660
-0.6317
1.0517
0.0025
5.6012
4.8492
-1.9099
-4.2015
1.0499
0.6215
-3.3668
-8.9797
-13.4864
-2.4172
1.5772
2.3073
1.7692
0.5112
-1.2857
-3.8555
-9.9456
-11.1735
-11.1368
-6.6787
-2.1652
-5.4558
-10.4529
-10.4301
-5.1115
-3.7638
-5.0968
-7.4706
-9.3318
-2.2055
4.8215
10.3643
5.5612
-4.6080
-4.0412
-1.6798
-3.9032
-10.5598
-13.7924
-5.3505
-8.0021
-9.7917
-12.1021
-15.8463
-20.0724
-12.4588
-3.7682
-4.2416
-10.6183
-10.8580
-11.4955
-12.8491
-12.6462
-11.4575
-14.9524
-7.2821
-15.2343
-28.6831
-29.4189
-25.9217
-13.8134
-12.9034
-19.4859
-20.9641
-16.4302
-10.7870
-10.4341
-12.6342
-17.1435
-27.8297
-26.5995
-27.4115
-23.3087
-20.0483
-19.5886
-16.5310
-15.7485
-17.8131
-18.7173
-16.7916
-10.8732
-14.6724
-18.0311
-13.2476
-9.9819
-17.6280
-21.1758
-16.9273
-8.8841
-5.1479
-5.2923
-5.5753
-7.4170
-8.0349
-6.7988
-3.5628
1.8329
2.2537
-0.5054
-2.9231
-1.9326
-0.9668
-0.3945
-0.2680
-0.6909
-2.0768
-1.0484
-0.8983
-1.4576
-1.8146
-1.2442
-0.6104
-0.5202
-2.4990
-0.6160
-0.4550
-1.4328
-0.8467
-2.9472
-12.3240
-17.4900
-25.9215
-30.4076
-29.1288
-28.1261
-27.1841
-27.0875
-22.7655
-19.2488
-19.8579
-16.5899
-15.6999
-17.6748
-17.3286
-13.2497
-7.0335
7.1441
0.2504
-3.5184
-0.3722
0.0491
-0.4079
-1.0972
-0.5955
-1.9766
-17.9009
-31.0896
-31.1374
-25.4590
-18.3038
-14.7304
-16.3356
-18.6563
-23.3854
-21.2012
-20.8265
-16.9046
-12.1176
-9.1841
-11.1096
-16.2275
-25.6847
-27.7478
-32.8150
-32.0536
-34.7526
-27.3914
-17.1063
-19.5438
-19.8012
-13.0931
-10.0797
-11.8229
-12.0101
-15.2349
-15.6415
-8.3933
-7.4626
-10.1561
-19.8424
-25.9000
-28.7827
-26.3245
-25.6114
-23.9250
-18.2038
-19.3724
-16.6186
-13.6119
-6.7141
-16.3416
-22.2290
-21.8678
-19.2638
-15.5047
-13.6830
-17.4222
-17.1706
-30.5763
-33.8735
-31.3055
-24.2854
-21.3657
-8.6486
-2.9869
-9.5217
-15.4615
-12.8235
-13.9365
-9.9636
-12.4001
-14.9862
-22.9326
-25.1227
-24.9197
-26.1769
-24.8993
-23.3687
-29.1646
-34.8372
-31.9706
-32.3156
-34.1959
-27.1456
-16.1144
-27.9638
-27.6839
-18.0848
-17.4599
-23.0115
-25.7715
-23.2645
-14.5995
-12.5154
-11.9768
-12.5513
-8.7826
-14.3837
-13.6416
-12.1007
-14.1661
-16.1787
-17.1559
-16.6575
-20.7106
-15.5612
-9.8747
-9.6427
-15.1394
-18.9044
-14.8721
-14.3761
-12.1291
-2.1701
-1.2252
-7.1485
-16.4480
-14.9877
-10.7525
-17.2654
-19.1840
-17.1845
-16.4153
-15.3819
-12.7493
-3.3707
-14.2977
-19.1361
-17.2832
-15.3846
-16.3251
-8.4538
-8.9351
-5.2290
-2.6978
2.5913
1.4558
-1.1418
-1.5427
-7.8206
-14.4258
-11.8605
-7.9105
-5.0945
-5.8463
-3.3170
-0.7820
-0.3984
-7.1062
-9.1304
-11.4307
-10.4825
-7.8768
-9.9096
-11.4265
-9.7471
-6.0445
-2.7188
-3.2029
-3.3780
-7.5629
-12.3784
-13.1833
-11.4685
-6.1619
-1.9491
-1.4455
-1.8225
-3.3602
-3.3585
-5.8356
-6.5740
-6.6252
-5.2238
-2.3554
-2.5508
-3.2526
-4.6921
-0.8794
2.0250
4.4703
3.1062
-0.6352
2.7035
4.9048
0.9241
1.9247
-0.0771
-6.9490
-9.1316
-5.2653
-3.9804
-3.3171
2.5923
7.4255
9.3408
8.9872
7.8842
3.6558
-8.2286
-9.3774
-4.3802
-1.4586
-0.8114
-3.8112
-8.7995
-16.3517
-20.4518
-10.6931
-3.9215
-3.5936
-9.5182
-14.9625
-7.0767
-1.5101
1.2925
4.3117
6.0483
1.5037
3.0483
3.9535
2.5662
-0.2139
0.2039
1.1253
3.1688
3.2672
1.9588
-1.9533
-4.6488
-2.4881
-2.8584
-8.6712
-11.0308
-7.1148
-6.1926
-6.0054
-5.5465
-5.1774
-4.1211
-4.2997
-4.5877
-3.6614
-3.2842
-4.0392
-5.3372
-8.0161
-5.4550
-3.0984
-2.5097
-2.8028
-2.6754
-1.7606
-4.8426
-2.9171
-0.1895
-0.6564
-1.7143
1.1378
2.0597
0.4325
-0.2704
-2.6104
-1.8718
-0.8100
-5.3679
-6.8904
-5.6805
-2.2060
2.6885
3.4289
7.4536
11.1023
9.4378
9.3900
14.5272
16.6097
20.9748
17.0155
15.2198
13.4242
8.2064
4.6790
-2.1602
-3.2105
0.5872
4.4383
0.0244
-1.7651
-2.4505
-2.8345
0.9075
-2.6926
-5.7711
-6.5245
-10.6495
-13.3239
-7.6823
-6.3497
-10.3066
-6.2615
-2.7342
-1.6866
-3.0309
0.5180
1.3040
3.1410
3.3597
0.4994
-3.3625
-1.9662
-2.8119
-5.0838
-3.6440
-1.6188
-2.0188
-4.7777
-8.5022
-12.1191
-10.2915
-3.6657
-4.1395
-4.9271
1.2999
-4.0308
-15.0031
-19.1331
-12.2360
-5.6073
-4.5216
-8.2840
-11.1663
-15.9762
-22.1738
-23.8976
-19.2101
-8.9755
2.4624
12.2538
12.3978
3.5177
-3.2617
-3.6999
-0.9288
0.4394
3.4743
1.8891
6.2481
11.6730
13.5428
8.0187
-5.1064
-9.8376
-3.7084
-3.8291
-3.4120
-2.5403
-4.9013
-5.4656
-2.4459
-4.6156
-14.0561
-18.4470
-14.0875
-14.9111
-12.2817
-8.7429
-0.6837
2.8039
-1.8629
-4.9411
-0.1603
5.8374
7.2231
5.5934
-1.3517
-1.5656
4.1672
-0.5318
0.5350
0.8767
-0.7252
-1.7181
-6.2999
-5.4741
-7.1157
-5.9028
-5.8377
-10.3555
-14.8527
-15.3033
-10.1366
-11.9555
-10.8220
-9.0361
-7.6477
-3.9100
-3.8558
-6.1082
-3.9428
-2.0155
-3.4891
-2.3364
-3.6042
-2.9808
-3.2666
-3.2944
-1.6499
-0.8560
-0.5081
0.0192
-3.1271
-1.0523
0.7295
-0.9718
-2.6173
-2.8323
-3.9996
-6.0827
-6.3715
-3.9776
1.3366
3.6547
-1.1055
-3.1331
-2.4039
-4.6336
-4.6189
4.6780
6.9541
3.4628
-0.2284
0.0069
-0.4005
-4.1977
-6.6457
-5.7657
-4.6235
-1.8481
-4.1075
-1.8013
0.2484
-4.5904
-7.7651
-9.9165
-9.0515
-6.2452
-6.3364
-5.2955
-3.2636
-2.2319
-2.1439
-3.3186
-2.9962
-1.9679
-4.3771
-6.3924
-2.6573
-3.4891
-1.2858
-0.7676
-3.2638
-1.6761
-1.9048
-3.6087
-5.8515
-4.6386
-4.0723
-5.7167
-4.4693
-4.8822
-2.8013
-4.2296
-5.1300
-0.0873
-0.4972
-1.2053
-1.9734
-3.9849
-4.7808
-7.2540
-11.6029
-16.5593
-10.1764
-5.2789
-4.5828
-8.7498
-11.7496
-8.1954
-5.9949
-2.0287
-2.9490
-4.6239
-8.2486
-7.2650
-7.8409
-5.6518
-8.7408
-11.4627
-12.3666
-4.7397
-0.8713
-4.7549
-6.1035
-6.8219
-5.9704
-4.3005
-0.7823
-4.8487
-9.4427
-10.3163
-15.3635
-19.4277
-17.5336
-11.9021
-9.6750
-4.0100
-7.9897
-8.7083
-8.4112
-5.7670
-3.2799
-4.3578
-3.6352
-0.5538
0.6390
-1.2812
-3.3115
-4.4675
-2.7586
-2.9393
-4.8433
-6.2160
-4.8115
-4.3776
-2.9403
-1.9379
0.4513
-0.2276
6.2716
4.4871
-1.8828
-0.9541
-2.9281
-1.0142
1.8290
2.9074
0.2540
-7.3098
-12.6674
-10.6921
-7.8781
-7.7431
-5.9875
-4.6231
-3.6283
-5.4358
-4.2147
-2.1374
-0.3896
0.7291
1.6320
1.3339
-0.7554
-4.4935
-3.3627
-2.5881
-5.8955
-12.9761
2.4029
-2.3606
-6.2885
-15.6507
-15.4512
-3.9339
-4.6580
-11.2222
-15.3321
-10.1951
-2.2458
2.2300
3.4108
0.5396
-2.2365
-5.6832
-5.0305
-3.3002
-2.7356
-2.0138
-2.5606
-1.0781
-1.7208
-4.4290
-5.1709
-2.1519
-0.2626

Coefficient 22:
0.0000
-4.0239
-7.3584
-4.5227
-4.5346
-4.2566
-5.8332
-5.5448
-4.3083
-1.1758
-1.1454
-1.3435
0.8864
2.5388
-1.2235
-3.1581
-10.1481
-21.9049
-12.4148
-3.4118
-4.8383
-6.6619
-6.9638
-1.0146
-7.0336
-14.7859
-20.7220
-18.1435
-2.1743
-7.4228
-9.4638
-8.0130
-5.8388
-3.4861
-0.2912
1.8205
4.2673
4.7111
5.4987
1.7985
-0.8828
-6.2278
-10.3097
-13.8970
-16.8262
-13.4100
-7.6402
-3.7070
-10.5788
-12.8118
-7.8422
-6.2641
-7.9143
-4.6257
-3.8203
-7.7192
-6.8090
-4.4055
-5.2671
-9.2939
-13.3755
-12.1853
-9.5784
-12.9775
-11.7452
-8.2062
-9.0543
-8.0606
-2.7499
1.2630
0.9468
-3.6010
-4.9586
0.4152
5.9251
8.2173
12.5742
10.8424
4.8920
-1.2834
3.4620
10.9555
12.3217
9.5776
5.3936
5.3645
3.0783
-6.2213
-7.9455
-5.6901
-0.9275
-5.3693
-11.1439
-12.0944
-6.6026
3.5045
8.5231
6.7491
2.7836
0.6901
-1.2685
-8.7643
-9.1085
-8.5759
-11.6901
-7.0813
-6.5353
-11.7676
-13.1017
-19.9084
-19.4475
-18.2412
-15.8513
-11.4677
-8.0543
-5.3903
0.4314
-0.5889
-4.2222
-4.8122
-2.8573
-0.5568
-0.3162
-0.8844
-2.1199
-1.1675
-1.3494
-1.7491
-1.9310
-0.9873
-0.5842
-0.7526
-2.5684
-0.7504
-0.6687
-1.7369
-1.1895
-3.1654
-13.2165
-16.7195
-17.0184
-17.4548
-15.2350
-13.4936
-12.5613
-13.3224
-14.2023
-14.6399
-10.9596
-5.6872
-6.0359
-3.9929
6.4326
14.9104
20.2274
8.9045
0.7371
-3.3848
-0.4761
1.0533
1.0968
0.5716
-0.4446
-1.0688
13.9251
23.1181
26.0542
22.3156
15.7968
12.8229
12.7864
9.8327
5.9385
3.0844
6.3834
2.8583
-0.0553
1.6765
0.3059
-1.3563
-2.6632
-7.2565
-15.9583
-8.9162
-4.6862
-3.8279
-9.3878
-5.6264
-3.1390
-2.3168
1.2557
-0.9094
-2.8344
-6.5530
-10.1339
-14.9944
-11.1137
-3.0520
-6.3715
-4.4949
0.1636
4.7563
1.1771
-4.7135
-7.1164
-1.1839
-1.8724
-2.1484
-5.9999
-3.7541
-4.1078
-6.7171
-11.3743
-12.3017
-6.6310
1.9726
6.1450
5.9923
8.2770
5.8460
-2.1325
-3.4314
-0.4482
0.3199
-5.1673
-7.0618
-0.7908
-1.7449
-5.2850
-3.7058
-1.9128
3.1376
-1.0004
-7.7650
-6.4604
2.6667
-0.1048
-3.7620
-2.8668
5.4696
6.8391
1.2875
-3.8619
-6.6551
-5.7539
-0.9644
1.1474
-1.6653
-5.5162
-4.1027
-7.5108
-5.6699
0.6551
-5.0486
-7.0242
-7.4836
-6.8102
-2.9050
-0.6499
-9.2030
-12.8931
-9.1118
-5.0721
-3.0575
-0.4249
-5.5972
-15.1666
-18.3408
-14.2232
-13.5504
-10.3175
-6.9666
-6.6324
-2.1327
-1.2150
1.9504
3.1795
5.2570
2.0914
-0.1200
-0.2809
4.0790
6.6684
3.9161
0.0383
1.0144
2.8252
2.8597
0.7546
-1.1182
-3.3424
-9.1815
-6.9959
-7.1461
-0.2234
0.5156
-0.8206
-2.9774
0.6730
5.1123
11.4307
9.2995
6.3669
0.5852
-1.4111
-0.8489
2.2949
0.3885
1.3143
0.4743
0.6853
1.5931
-1.2020
-4.4391
-6.4337
-5.0400
-2.0801
-2.7292
-2.4272
2.5119
4.8684
2.4714
3.3968
-1.6305
-0.7426
-5.1966
-4.6215
-3.5985
-3.5675
-3.2730
-3.6452
-4.6617
-3.5521
-2.6765
-2.6272
-2.9017
-2.3935
2.8883
3.9047
4.0431
1.3113
-3.0240
-1.7969
-0.6879
-6.0971
-7.1113
-9.8749
-14.6514
-6.3040
0.7483
-2.5551
-3.6512
-2.0536
3.0513
1.1860
0.6656
-2.0157
-8.1147
-6.9563
-6.8964
-4.0729
-3.4699
-2.1496
-6.6446
-10.7217
-12.1501
-12.3191
-8.6348
-8.0204
-8.6458
-11.6275
-12.0650
-9.6363
-7.1273
-4.2083
-2.5060
-6.6778
-9.9302
-6.6076
-0.8463
-1.9630
-4.8674
-1.4591
-0.6013
-2.3952
-2.8208
-2.9071
-3.6583
-3.9720
0.3856
-1.3526
-8.9443
-10.5069
-4.6531
-3.0745
-5.4577
-4.2181
-0.3080
0.6186
-0.5543
-1.9504
-1.0168
1.0204
0.3811
-2.0093
-5.4149
-4.3724
-2.2186
-2.8102
-0.5192
1.9311
0.6866
-3.4414
-1.9094
-0.3857
-1.9677
-5.2378
-4.8262
-1.4751
-0.7195
-1.3573
-2.7878
-2.1172
-1.0455
-5.4713
-7.2709
-6.0196
-1.9610
16.2618
16.6399
16.1286
16.4440
13.5219
5.9832
3.9663
6.2606
10.8335
5.5294
4.3830
0.7596
-4.8539
-9.0326
-10.3344
-7.6980
-3.5610
0.4920
-3.4479
-5.6143
-5.6264
-5.5113
-5.0513
3.4779
4.0507
1.0257
-6.1172
-10.8677
-4.3475
-4.2864
1.1946
10.3477
14.3360
7.7834
-0.8331
-4.2791
-5.8536
-5.4222
-6.2644
-3.5667
-3.5022
-1.9857
-2.8334
-4.5840
-4.0583
-1.7239
-1.5640
-4.6485
-8.1356
-4.1935
-3.5094
-2.9061
0.9793
0.7679
6.6782
7.7913
8.5503
12.3455
8.6979
1.5204
2.1856
-2.3679
-3.8965
-9.0939
-11.4414
-0.9741
1.8790
-0.9867
-0.8145
6.0879
8.6755
4.8982
-1.6048
-4.0482
-1.6713
0.3483
4.0187
3.0691
2.7351
5.0808
3.6665
-0.2154
-8.6981
-11.0242
-8.5537
-9.8043
-6.3671
-0.6584
-2.1250
-2.2301
-0.7093
-3.8069
-12.0990
-9.1678
-0.4865
0.9852
0.8865
3.3073
8.3532
10.7140
14.6707
11.3155
5.3296
1.0241
6.8376
5.1795
-4.0854
-14.6310
-10.7835
-0.3523
0.8634
-1.1110
-2.7567
2.7790
6.2782
1.9465
-5.4307
-2.6246
-0.7395
-6.3111
-7.5488
-10.2755
-10.8918
-10.6321
-9.9309
-7.3924
-6.6409
-3.4944
-2.1935
-3.6036
-2.1285
-2.0513
-3.4010
-2.2522
-3.3807
-2.2450
-2.9246
-3.3805
-2.7891
-2.1928
-1.2825
-0.9540
-2.3342
-0.8833
0.6641
-1.4093
-2.6582
-2.7391
-4.3592
-5.4101
-5.7899
-5.4444
-0.2924
4.8751
-0.8993
-3.6913
-2.4964
-3.7001
-3.9387
4.4882
6.4006
2.6118
-0.1895
0.0823
0.5005
-3.0882
-6.2158
-6.3601
-4.8042
-1.7985
-4.9155
-3.1090
-0.8312
-4.6397
-8.2332
-9.2527
-8.1418
-5.6995
-6.6475
-5.8137
-3.8800
-2.6539
0.8572
0.4157
0.6208
2.2746
-2.1756
-5.7640
-3.9983
-3.6678
-1.9016
-1.5362
-2.8122
-0.9624
-1.7370
-4.3749
-6.8572
-5.5238
-4.4758
-4.8012
-3.0302
-4.4927
-2.2700
-3.8204
-4.7926
0.0685
-0.8389
-2.7241
-3.6226
-3.7475
-4.1138
-6.5738
-11.8828
-11.1606
-9.5707
1.3484
7.3718
-0.5188
5.8879
8.3335
3.3596
-4.7472
-5.9400
-12.9468
-11.9063
-7.0711
-5.0426
-6.5001
-1.6143
5.9224
4.8964
-0.9853
-9.3869
-9.3425
-8.6480
-8.3795
-10.4441
-8.1222
0.9221
-0.1091
-2.9767
-5.0990
-11.3823
-16.7685
-12.6245
-4.7518
4.3323
12.6668
10.2437
7.7082
10.6423
11.2303
8.6524
4.0304
0.0061
0.3703
2.5093
0.1741
-1.9821
-3.8603
-3.5804
-3.1422
-5.3742
-7.0784
-5.9792
-5.1801
-6.5264
-6.0476
-3.1340
-5.2106
0.1009
-0.5638
-0.1472
5.7173
6.9517
7.0577
3.6862
10.9598
9.7764
-0.4473
-6.3966
-7.0895
-2.4600
-4.0447
-1.3725
0.8689
2.5427
0.6440
1.2833
2.4178
2.6971
1.4369
1.5125
0.1619
-3.3453
-5.3826
-3.2216
-2.7893
-0.7442
-0.1109
-8.0693
-12.2291
-13.0583
-5.0620
-6.7171
-4.9211
-6.7302
-4.7418
1.4675
2.5970
0.8033
-2.6395
-5.6355
-7.6099
-6.8999
-5.7954
-5.4033
-3.9485
-3.5208
-2.0411
-2.5944
-1.4906
-1.6172
-3.3491
-2.9558
-1.3788
-0.1227

Coefficient 23:
0.0000
-2.0184
-5.0285
-2.3513
-2.8589
-4.5824
-4.4581
-3.0135
-3.3007
-0.9520
2.1379
1.7730
1.8389
0.5136
-3.5622
-2.7196
-6.2631
-11.7715
-8.8220
-1.9265
4.3597
1.7028
0.9350
-2.1668
-6.6604
-7.6197
-11.8681
-10.1787
-1.3185
-4.0258
-4.9144
-4.7262
-3.9954
-6.3837
-7.1598
0.6872
4.3256
6.0534
4.4534
-4.1176
-7.1491
-5.7405
-3.1719
3.6201
0.2939
-5.7325
-16.1920
-9.0477
-8.2450
-9.2881
-13.7827
-16.0839
-19.3102
-19.9262
-15.6609
-18.3028
-21.9034
-19.9367
-14.7432
-12.6980
-10.0119
-10.2887
-15.6567
-22.2905
-19.4555
-15.0917
-7.8975
-9.1237
-13.9829
-13.7295
-12.7815
-14.7368
-16.0596
-18.9504
-22.0054
-19.4816
-26.7829
-30.1119
-30.9701
-28.6500
-20.8902
-10.8630
-11.3094
-13.9252
-11.2276
-7.8733
-5.9108
0.5044
2.9811
4.0826
7.9462
9.5754
5.2356
3.9910
9.0235
9.7014
8.1772
6.3880
7.5184
5.6568
8.2787
1.1512
-4.6476
-1.3608
-3.0278
-4.1409
-4.0540
-3.4056
1.3139
-0.3063
-4.5818
-5.5205
-7.5159
-5.2980
-3.7360
-1.3029
0.6612
1.0066
-1.3243
-1.2929
-1.2810
-0.7231
-0.2767
-0.5217
-1.9868
-1.0699
-1.0485
-1.6542
-1.5473
-0.7128
-0.5172
-0.9923
-2.5666
-0.9047
-0.9379
-2.0184
-1.5029
-2.2229
-5.4505
-5.7827
-1.0049
1.8331
4.3781
7.7928
8.8535
8.9470
4.6559
4.4128
8.4618
11.2885
8.4556
1.6758
-5.1725
-4.8934
-8.1069
-6.8964
-4.1902
-4.4744
-1.4617
0.7803
1.4770
1.4833
-0.2905
0.0175
-10.7440
-18.8173
-17.6428
-16.4420
-15.1721
-11.9821
-15.4344
-25.7493
-24.6667
-16.9117
-15.3570
-14.5323
-10.9247
-4.3345
-0.3190
-2.4158
0.2067
-5.0960
-11.3180
-17.8220
-17.9464
-11.9991
-11.9214
-16.5989
-15.5963
-16.4146
-13.9537
-16.0833
-18.2688
-19.1821
-15.1327
-17.1456
-14.6163
-5.5293
-0.8676
-4.9299
-10.1538
-13.9373
-17.0644
-11.1285
-7.2627
-4.5170
-1.2588
-0.1428
-0.1113
-6.5884
-9.0360
-7.0787
-8.4033
-8.6255
-9.6784
-10.1718
-11.5319
-12.6073
-16.4274
-18.6306
-19.8266
-19.1722
-20.9413
-25.9480
-25.2699
-21.9253
-20.7427
-24.0485
-26.1061
-11.7610
-8.0272
-2.9027
-1.8026
-2.7217
-0.6071
3.6758
4.4578
3.0716
-4.2577
-2.6213
1.9723
2.5889
6.4930
2.0526
0.0763
-3.6704
-6.7868
-10.3923
-13.6778
-19.3408
-19.5550
-14.4525
-7.3850
-4.5958
3.3166
2.6238
0.0842
0.7252
4.4924
4.4877
-1.3066
-7.6111
-16.3319
-15.1002
-13.4669
-14.9893
-14.0194
-9.5777
-6.6694
-10.9843
-4.1306
-8.6967
-13.6958
-9.7035
-5.4732
2.9480
6.0740
6.4871
4.8371
2.8140
-6.1002
-12.6832
-14.2965
-16.4213
-15.1476
-6.2704
-0.3621
1.7553
0.2354
-2.2240
-3.3244
-5.0249
-2.8743
-7.4933
-3.2870
-0.4934
0.4489
2.2378
1.7762
3.9435
7.6837
4.2839
0.0380
-2.2636
-1.8085
-0.8345
-1.3896
1.3515
4.4780
2.8805
3.0256
2.2923
-0.1423
-1.3091
-3.0393
-3.2120
-0.8889
-1.8783
-1.8990
-3.8931
-8.4841
-12.9188
-11.1732
-6.0152
-6.5575
-4.7924
-2.7722
-3.0478
0.2007
2.4243
1.7159
1.9431
0.8024
-2.6620
-2.3921
-2.1717
-0.0901
5.2926
4.1724
5.1143
3.5708
0.7828
-2.4845
-1.8655
-5.5885
-7.5086
-6.0981
-8.0999
-5.9521
-5.9290
-8.5395
-8.9058
-11.7060
-8.9274
-12.6171
-13.6255
-11.3596
-11.6016
-3.1973
0.1095
-8.6097
-12.3971
-14.3144
-18.3047
-17.3221
-9.7662
-4.9744
-5.8299
-9.2260
-11.2565
-14.6186
-11.1756
-17.3946
-21.2456
-20.2655
-16.9831
-12.4316
-9.1650
-8.7351
-7.8136
-9.3542
-10.0988
-6.2234
-4.8001
-5.0117
-5.8191
-5.3084
-1.9387
-0.7629
1.9611
0.0582
-3.2550
-2.2997
0.7872
1.5375
-2.3484
-3.4063
-1.2164
-1.2186
-1.8418
-3.0277
-3.1674
-1.6636
0.6798
-2.1717
-8.0765
-8.0994
-4.2751
-2.1535
-0.4098
0.1992
2.2098
-1.7268
-0.8262
-1.4083
-3.2344
-7.7928
-9.9345
-6.2055
-3.9173
-2.9468
-2.9309
-2.3405
-1.2504
-5.3764
-7.2758
-6.1562
-3.6504
1.9812
-6.4098
-12.2224
-13.7349
-12.3504
-14.2412
-14.1481
-11.0445
-5.7755
-7.6952
-9.5926
-10.7031
-16.6501
-17.0211
-13.0383
-9.4975
-7.8300
-6.1851
-7.8566
-8.9813
-7.8432
-5.9529
-1.7499
0.7070
-1.3921
-9.8508
-19.4374
-26.6061
-22.0238
-17.9544
-1.2331
8.3392
7.9798
4.2151
-0.0499
-1.0891
-0.6050
-0.5422
-5.4416
-3.7104
-3.6154
-1.9437
-2.6539
-3.5116
-4.0116
-1.6743
-1.0084
-4.2768
-7.5074
-10.7372
-10.3578
-4.3772
-1.0484
-1.7619
5.0794
7.2863
3.0748
3.4168
1.8951
-4.7512
-8.1932
-5.6721
-1.2784
-4.4826
-1.7316
5.2423
3.6816
1.5231
-3.6077
-2.2778
0.3799
1.2895
-2.1699
-5.4699
-4.3859
-1.5839
0.3039
1.3441
-2.0063
0.8240
2.6651
1.9330
-1.4140
-5.8922
-8.5096
-10.4768
-6.4756
-0.3561
1.3923
2.7794
2.6290
-0.6768
-8.7346
-7.5327
-7.2182
-2.6392
-0.3169
-2.6542
-2.1636
-5.9827
-9.9921
-12.6570
-15.8383
-19.3790
-19.6261
-18.3015
-14.6342
-14.2070
-13.7602
-16.7042
-14.8296
-11.6644
-10.6410
-1.0637
6.4725
8.5022
-4.5935
-5.7451
-6.3248
-12.5063
-14.5840
-12.8053
-10.9684
-8.8694
-8.2931
-5.2817
-5.2965
-2.8573
-0.3542
-0.3555
0.3401
-1.8388
-3.2359
-2.1293
-2.9993
-1.3188
-2.3962
-3.2502
-3.7132
-3.3619
-1.9531
-1.8127
-3.2362
-0.5496
0.7697
-1.6567
-2.5117
-2.5387
-4.5042
-4.2257
-4.5297
-7.3420
-5.8119
-0.6304
-3.1178
-3.8040
-2.1823
-2.3364
-2.3586
4.2152
5.3301
1.7040
0.0168
0.2920
1.3408
-1.7134
-4.8659
-5.6137
-3.6103
-1.4390
-4.4416
-3.3848
-1.9426
-4.1880
-5.7822
-4.8338
-5.1324
-4.3122
-6.3467
-5.5468
-3.8863
-2.9453
3.7882
4.8801
5.3183
6.3639
0.1772
-4.6865
-4.2040
-3.5499
-2.3263
-2.2873
-2.2079
-0.3397
-1.4500
-4.9653
-7.3342
-5.5853
-4.7041
-3.5167
-1.2772
-3.6055
-1.5361
-3.4000
-4.3942
-0.0442
-1.4057
-3.8816
-4.1733
-2.5474
-2.8889
-4.5553
-5.2682
-3.6796
-1.1485
2.0651
3.9763
1.2808
-10.2209
-12.2109
-13.8184
-15.3259
-15.4985
-14.9342
-17.9464
-11.9605
-5.7196
-4.9470
-9.1304
-15.6361
-18.7118
-13.0916
-8.8642
-10.6559
-14.4007
-16.4474
-12.5445
-5.3417
3.7881
6.5266
5.4716
2.7216
-3.8682
-11.2258
-10.0015
-6.8374
-4.9784
-3.7259
-0.4174
1.6787
0.6691
-0.7348
-4.0278
-7.0197
-5.9559
-3.4664
-1.3013
-1.9140
-3.5128
-4.2600
-3.0982
-3.8489
-5.8319
-7.3211
-6.3288
-5.1211
-0.7212
0.3975
1.6423
-5.6422
-4.9796
-3.5736
5.3085
6.1618
2.1994
2.6455
1.3925
-5.2515
-9.6864
-6.9281
-5.0832
-8.8417
-4.7712
-8.7078
-9.0595
-3.2166
-1.0792
-2.2432
-3.3650
-2.2177
-1.0177
-1.1132
-0.0568
-1.9157
-4.5011
-5.8665
-2.8126
-2.3670
-7.0655
-3.2030
-1.4787
-5.6695
-6.1854
-3.4707
-3.7465
0.5993
0.2415
1.1321
3.9991
5.2991
-1.8355
-9.5894
-8.8847
-8.3916
-6.5525
-6.3062
-5.0083
-4.6397
-4.5706
-2.6797
-2.5657
-1.7458
-1.4135
-1.8884
-1.5382
-0.8997
0.0556

Coefficient 24:
0.0000
0.3789
-1.0208
0.2433
-2.0034
-4.7057
-2.8398
-1.2415
-2.1708
0.3086
6.2594
6.6229
3.4118
-0.3606
-3.0102
-1.2772
-0.0330
-4.0214
-4.5518
-0.8964
0.6553
4.8122
5.1802
0.0791
-2.8026
-5.0549
-8.2764
-5.3034
-5.2296
-3.4730
-1.7988
-2.6927
-0.1825
-3.8879
-5.7820
-8.3167
-5.7900
-11.3850
-9.6248
-10.7542
-18.9685
-22.5461
-17.0581
-17.4964
-15.4962
-15.4469
-15.3057
-5.7410
-2.0268
1.1648
4.6058
2.2838
-2.6650
-7.8872
-9.7393
-11.3943
-7.4102
2.9308
0.6286
-4.8744
-4.3588
-4.5588
-11.2067
-12.3797
-6.6114
-7.0078
-2.2600
-2.4874
-3.8968
-5.6736
-5.9565
-5.1225
-3.3480
-4.4257
-6.5857
-6.8387
-7.7199
-6.7645
-7.4698
-13.7506
-18.7956
-15.8444
-10.9458
-7.3852
-8.8277
-5.2797
0.5577
1.1703
-2.7952
-6.3737
-7.3310
-7.8877
-7.4966
-5.1874
-2.1046
-10.5665
-15.9848
-14.1642
-15.4740
-16.3419
-14.6686
-14.4279
-9.3340
1.8925
-13.2971
-13.0317
-11.5558
-8.6558
-4.5178
-2.6576
-0.2950
-2.7674
-5.6913
0.1770
-2.6656
3.5066
1.4751
1.2733
-0.6181
1.0654
0.1213
-0.8960
-0.2260
-0.1977
-1.6900
-0.9652
-0.7709
-1.5842
-1.0890
-0.4415
-0.4162
-1.2056
-2.4787
-1.0479
-1.2351
-2.2609
-1.7819
-1.9441
0.1397
2.3296
7.3923
8.6625
9.5152
12.6771
13.4648
11.4172
6.8367
7.9479
11.9743
13.6507
10.8985
0.2233
-1.3507
1.7210
5.0733
-4.4418
-5.7013
-6.2649
-3.1625
-0.7585
0.6239
1.4416
-0.1588
1.0371
2.3598
0.7210
-2.3898
-5.3144
-8.7309
-12.7955
-1.3002
6.7036
12.8747
14.8485
5.7404
-2.0798
-5.5489
-7.5428
-8.8292
-10.0895
-13.3649
-8.6656
-10.0727
-12.7342
-20.1638
-21.4479
-13.8598
-15.5945
-18.2465
-16.0074
-8.8797
-6.7181
-2.5069
-1.3456
-4.8100
-10.1111
-14.4066
-8.6376
2.6215
8.2563
5.4563
-0.4422
-5.2272
-1.1842
1.6963
1.2303
-5.9909
-6.2433
-4.7014
0.4144
-0.9873
-3.9160
-7.5104
-5.1448
-4.1388
-2.5712
-0.9942
1.0086
5.2115
6.6854
3.5297
2.4506
-0.3243
4.2513
13.2119
16.8045
15.2033
13.0184
9.7083
2.0289
-2.1360
-9.9527
-11.0983
-4.6680
-1.2794
-0.2327
-2.7188
-7.4497
-3.3042
-2.6939
-5.6838
-9.4795
-10.8742
-6.9517
-5.1051
-6.3436
-7.9259
-8.0883
-4.4917
0.6430
-0.8140
-2.7121
-2.3620
2.4752
-2.3732
-0.2764
-6.1136
-11.1485
-5.6152
11.2614
10.0017
7.9929
4.6175
4.5807
2.1756
-2.4710
-3.8133
-3.4916
-0.7826
0.0049
-3.4231
-10.4472
-13.2552
-7.4718
-4.2092
0.9034
2.2531
1.3273
7.7547
-0.8405
-7.9028
-5.0297
-2.9660
-6.2454
-0.6365
-7.3920
-12.5870
-15.0692
-15.7707
-10.4865
-7.5091
-1.9219
1.8146
-5.0866
-5.1011
-1.1672
0.0272
-0.5573
-7.6180
-11.2996
-6.8020
-3.9115
-4.5463
-4.9346
-2.8049
-0.6425
-1.5705
-5.1938
-4.2032
-6.0535
-5.0630
-2.5739
-2.1697
-1.2632
-0.9351
-0.9896
0.5772
-0.8229
-1.7396
0.5745
7.4581
5.4658
4.6562
2.8187
5.3877
2.4927
-2.0990
-2.3988
-1.8682
-4.8079
-7.0167
-5.7912
-4.0554
-2.3229
-1.8926
-1.2509
1.4243
5.3894
1.9290
-1.2374
-5.8517
-10.2957
-16.3330
-13.2148
-9.7575
-7.4205
-0.2307
3.8464
3.4776
0.9265
1.5262
4.7862
3.3448
-4.2126
-10.8009
-11.2049
-5.6364
-0.9696
3.2859
6.7857
-2.7806
-6.1775
-3.1648
-5.4630
-6.7194
-1.9521
1.0813
2.6043
0.1866
-5.8806
-7.1545
0.1220
-7.5121
-12.8865
-15.5476
-14.8875
-7.0831
-5.0693
-5.4525
-7.5965
-8.8598
-8.8632
-6.8408
-3.2685
-0.2623
-0.7104
-0.1383
1.9050
-0.3266
-1.4972
-1.0090
0.6950
0.4167
0.1721
1.9816
-0.1583
-3.6497
-5.3207
-5.5456
-5.2876
-4.2882
-3.7203
-4.8743
-4.4031
-4.7656
-7.4668
-5.6397
-2.2996
-3.1475
-3.3561
-1.0372
-1.2109
-3.1561
-1.3312
-2.2955
-4.1489
-7.5525
-8.5361
-6.3115
-5.6423
-4.7972
-3.4262
-2.5487
-1.4324
-5.1077
-6.9500
-6.1038
-5.2015
-18.8014
-25.0893
-24.6410
-22.9521
-23.0578
-22.5626
-19.8663
-20.6473
-14.4944
-8.8150
-10.9441
-9.4683
-14.8099
-12.6312
-8.8797
-8.5167
-10.4841
-11.7382
-11.7683
-11.2126
-8.8801
-5.8909
0.4365
-0.0109
-8.4533
-13.6150
-12.0376
-13.6693
-10.7243
-10.0910
-9.5913
-8.3732
-8.5105
-6.1977
-6.3828
1.5938
7.5753
6.6797
5.7929
2.2506
-2.7226
-1.9644
-2.3010
-2.0159
-3.4178
-1.3884
-0.3997
-3.6686
-6.5802
-2.6287
-2.3125
-2.1462
1.7953
-1.5094
-1.8394
-6.7273
-10.2224
-7.7549
-1.8863
-0.2342
-5.0115
2.5384
5.0371
1.8283
0.7754
1.5791
1.7689
0.6731
-2.5346
-4.2991
-4.6409
-2.9003
-3.8058
-6.1341
-6.3822
-4.1935
-4.0780
-1.1719
-6.1370
-5.4537
-1.0386
1.1337
0.4849
-5.5663
-4.8637
-6.3018
-3.8550
0.3449
5.4190
7.5978
6.9393
4.1972
-2.8258
-0.7784
-4.9978
-5.4377
-6.2834
-5.9231
-4.4285
-2.4373
-3.7596
-2.5238
-4.0842
-10.2023
-20.2424
-23.6115
-22.0537
-22.1309
-21.9704
-20.0291
-18.5262
-9.8811
-7.5282
-6.0595
-5.6193
-5.1628
-5.2612
-0.3743
0.7161
-4.3253
-4.2581
-6.4465
-9.9287
-7.0474
-6.2761
-3.1470
-3.9060
-2.1889
1.2080
2.7576
2.8208
-1.4910
-3.0151
-1.9833
-2.6029
-0.4528
-1.7240
-2.9414
-4.4149
-4.2556
-2.4764
-2.4762
-3.2784
-0.0752
0.8985
-1.7223
-2.2089
-2.2409
-4.4063
-3.2327
-3.1420
-7.7323
-9.7862
-6.8744
-4.9561
-2.4993
-1.5051
-0.8276
-0.4141
3.8187
3.8736
0.8532
0.3718
0.6280
1.7569
-1.3351
-3.8899
-4.3731
-2.0590
-1.2304
-3.2213
-2.6242
-2.6139
-4.0370
-4.3380
-2.0695
-3.3286
-3.3240
-5.5117
-4.6907
-3.5050
-3.7569
2.3914
4.3164
5.5962
6.3178
1.0713
-3.4335
-3.0517
-3.0917
-2.2998
-2.6866
-1.6133
0.1666
-1.0534
-5.1066
-7.1141
-5.0633
-4.7553
-2.2005
0.3767
-2.4036
-0.7002
-2.9856
-3.9339
-0.3695
-2.0066
-4.1961
-3.2757
-0.7892
-1.4465
-3.1472
-7.9242
-4.0357
-0.9236
-0.6548
-0.1967
5.6842
-2.0811
1.5631
1.6670
1.3538
-4.3682
0.7815
4.1848
2.5807
-1.8212
-3.3723
-5.7638
-6.9791
-11.6209
-12.1975
-10.1671
-14.3487
-9.7209
-5.8141
-4.0604
2.8577
7.9955
9.2746
8.4567
4.9322
-0.2166
-4.3224
-1.2536
0.9451
0.0771
-5.1510
-5.5462
-3.5199
0.4266
0.9076
-2.8188
-6.7013
-7.8499
-6.1364
-2.9545
-4.2930
-3.8215
-4.8402
-4.4862
-4.8322
-6.3733
-7.4614
-6.2403
-4.7962
-7.9539
-4.6850
-4.5806
-2.9706
-4.2177
-3.4580
-3.0535
-5.0717
-4.8247
0.4286
0.6639
-3.7624
-1.6194
3.9028
2.1054
-4.7438
-2.9253
0.3329
-2.7918
-2.3968
-1.7616
-1.7714
0.7024
3.0778
3.2293
0.8552
0.3427
-1.7912
-4.3079
-5.8288
-2.1059
-1.3736
-0.3588
-4.4709
-8.2432
-13.1407
-12.1708
-0.1099
1.0812
-0.8866
-2.6308
-2.3370
2.2122
0.3512
-3.1986
-1.0572
1.1113
-0.7803
-2.9845
-6.2000
-3.8525
-4.9019
-5.3443
-3.3135
-2.4156
-1.7475
-1.1798
-0.8430
-1.1457
-0.6137
0.3771

Coefficient 25:
0.0000
2.6691
3.5664
2.1905
-2.0274
-4.3653
-1.3577
-0.5559
-1.8112
0.8989
7.4598
9.3403
5.1304
-0.2593
-1.7479
-3.2371
0.4430
-2.8906
0.0771
1.2953
2.0569
2.7270
-0.2498
4.6850
0.9741
-4.2051
-6.7505
-7.7983
-15.4340
-17.6197
-20.0536
-22.0828
-19.6123
-14.3791
-11.9032
-13.2128
-4.6089
-5.7413
-3.9861
-0.6608
-1.9405
-2.5045
1.1112
-4.4055
-9.3679
-6.9532
-1.5786
2.5962
0.0826
-5.0005
-6.7257
-12.3440
-18.7750
-17.4954
-19.1430
-12.4987
-8.7059
-4.5382
-4.7672
-16.7305
-22.7827
-23.6563
-16.7597
-11.4178
-21.7613
-27.4020
-25.2945
-21.4681
-15.9177
-12.2121
-9.7385
-8.8501
-8.7482
-4.4994
-0.0032
-8.3943
-11.2952
-11.5208
-10.9549
-13.7548
-16.3861
-18.0322
-14.2006
-16.6494
-22.5486
-25.7635
-22.7190
-29.5975
-31.6893
-28.8273
-21.1564
-8.8504
-3.1262
1.6873
7.0649
2.2013
-5.5333
-7.9135
-3.3117
-3.4014
-0.4798
-0.3231
-0.4702
5.4870
4.5433
4.0920
7.9884
5.9989
1.7196
0.5060
0.3860
-5.9118
-9.4514
-5.0016
-5.9236
-0.5193
0.1569
-0.0507
-3.5184
-2.5236
-1.7783
-1.0767
-0.2790
-0.2142
-1.2677
-1.0892
-1.2682
-1.8708
-1.0836
-0.1921
-0.2888
-1.3572
-2.2950
-1.1477
-1.5266
-2.4484
-2.0210
-2.5006
-0.5062
1.5360
1.2483
-2.6480
-4.4401
-1.9763
-1.5133
-3.9667
-6.3758
-5.7440
-0.9290
2.1069
2.3197
-3.9571
-1.8721
0.6739
-1.5196
2.0180
-0.8029
-4.9212
-3.4083
-2.0336
-1.1616
0.5657
-0.0520
1.7860
-17.7163
-18.5945
-16.4111
-12.2935
-8.0697
-3.9239
2.4675
3.3233
1.3430
-2.2182
-7.1777
-1.6832
-3.8378
-3.0389
4.7568
1.9373
-2.8756
-4.7751
-6.3669
-1.4612
1.3199
-0.4089
-1.2552
1.4028
-1.6370
1.5829
13.8091
8.0504
6.8523
6.6992
6.6162
7.0885
6.2343
3.1611
-2.7704
-1.2678
-2.7755
-8.8784
-11.9022
-10.5924
-5.8300
-4.9510
-8.3882
-7.9487
-4.8076
-6.0353
-5.1905
-5.1882
-5.1152
4.0767
7.1607
6.5209
5.6304
-3.1048
-7.5119
-4.6751
-3.7476
-4.3134
-5.6567
-14.1335
-18.1030
-18.6803
-16.0180
-10.2109
-9.8309
-19.6242
-7.3377
-1.6553
-5.1951
-6.5850
-9.2188
-8.6372
-7.2693
-2.3273
2.4227
-2.5955
-1.7522
-0.9095
-1.0727
-1.9799
0.4124
-1.6411
-3.1739
-0.7150
-5.0825
-3.9538
1.7404
2.4931
-8.4806
-8.7232
-11.3352
-10.4505
-2.9494
-2.9916
-4.3593
-11.0581
-15.0146
-12.6785
-12.3733
-12.8844
-18.3655
-13.9999
-8.0374
-7.8902
-8.7141
-6.5379
-4.6236
4.0275
0.7516
-12.0640
-16.3448
-12.4662
-5.5356
-2.6605
2.9134
7.0338
14.8847
9.2383
7.1882
5.8902
2.9887
9.8006
13.9967
12.5142
8.8643
7.0212
3.1153
0.6110
2.3964
-2.7984
-5.0230
-1.2164
-0.1497
-3.5568
0.5850
2.3005
4.7393
3.3610
1.6189
-0.2925
-0.9412
-0.5018
1.1583
-3.3310
-2.8571
-3.1938
-2.5655
0.7478
4.7223
5.5925
3.1496
1.1272
1.9838
0.2264
-0.7568
0.6848
-3.2068
-3.3536
-3.9345
-7.2549
-7.8017
-8.7177
-4.1580
-2.2402
-2.9694
-3.8370
-5.0814
-4.8941
-3.1744
-1.7093
-1.2186
-0.3542
1.7317
3.1891
-1.0348
-7.3727
-11.2989
-13.6817
-17.9969
-16.2515
-12.1300
-8.7749
-1.6236
6.4581
12.4103
12.5932
16.3807
16.5381
9.8414
-0.7445
-5.7840
-5.4225
-5.7123
-5.1607
-3.3287
-1.7515
4.5013
5.5174
4.4241
6.3038
3.5629
-1.2705
-6.2885
-6.9280
-5.5588
-5.5952
-3.2583
6.2779
6.6257
6.0189
0.1994
-3.4968
-0.0175
-1.8154
-2.9270
-4.0749
-2.8164
-2.9147
-3.1290
0.4372
-0.7151
-0.9974
1.1123
0.2348
-5.0153
-6.7191
-3.3515
0.6493
-1.8115
-2.8932
0.4707
-0.5933
-3.4287
-4.4151
-3.8125
-3.2942
-2.3198
-1.0233
-1.3191
-3.4874
-3.3791
-3.7132
-1.4438
0.6178
-2.0055
0.3278
2.1215
4.3588
0.6130
-0.4732
-2.2014
-4.4655
-8.0003
-8.2479
-4.9321
-3.4144
-3.8185
-3.6236
-2.7458
-1.6007
-4.7038
-6.3538
-5.8232
-4.6019
-17.2295
-16.9617
-9.7119
-5.6237
-9.1215
-13.4204
-13.5668
-12.9647
-8.4590
-1.9056
-2.7759
-0.5604
-0.8629
-0.6653
2.7427
2.9575
-2.5940
-10.1332
-12.4219
-11.8866
-8.7018
-5.7231
-4.3294
-1.2952
-4.0787
-6.3052
0.4180
2.1219
2.7612
1.6609
0.7789
-0.1284
-2.0296
-0.1147
-1.0503
0.9635
4.8255
4.1119
3.1871
2.9586
-1.8221
-2.1008
-1.8202
-0.3099
-2.3282
-0.8981
0.2106
-2.9042
-5.5274
-7.4588
-6.2801
-2.7109
-4.0745
-8.2755
-9.1826
-12.1669
0.9408
6.7896
7.7899
1.3843
-7.6745
-2.4607
1.5624
3.6917
3.7416
0.7513
-0.3773
-2.0654
-2.4894
-3.8587
-4.2443
-3.3907
-4.0971
-4.7267
-6.0362
-6.1322
-6.0214
-3.3085
-9.6343
-14.1114
-13.4872
-9.6195
-8.3582
-10.3808
-0.5066
0.3116
2.0999
4.5517
8.3315
9.3328
9.8781
8.4482
-0.2986
-5.2870
-10.7103
-12.8716
-13.0994
-11.7502
-7.8718
-3.4991
-2.5211
-2.3263
-7.8259
-9.0846
-11.4859
-14.9868
-10.6689
-3.9472
-2.6510
-9.6541
-11.0578
-3.4051
-2.8567
-5.5255
-10.3661
-12.1851
-11.6545
-4.6142
-5.2492
-8.7040
-9.5799
-7.5526
-7.9465
-5.4453
-4.2770
-1.4052
-2.7382
-1.6885
2.1224
4.9495
4.7022
-1.1389
-2.7624
-1.8311
-2.2677
0.1902
-0.9646
-2.5154
-4.8930
-4.8067
-2.8319
-2.8948
-1.1736
0.4957
0.9255
-1.6353
-1.7978
-1.8599
-4.0634
-2.8288
-2.0892
-5.5598
-7.5008
-6.1881
-3.7280
-0.9589
-0.8193
0.5875
1.3462
3.2571
2.1955
0.1458
0.8194
1.0588
1.6319
-2.1588
-3.7166
-3.1395
-0.5566
-1.0573
-2.9178
-2.7480
-3.2763
-4.1078
-5.4954
-3.4398
-4.1063
-3.2991
-4.3000
-3.5088
-2.9587
-5.2444
-3.7435
-2.4594
-0.2258
1.4797
-0.3210
-2.3324
-1.2379
-2.2880
-1.7280
-2.5346
-1.1937
0.5430
-0.5796
-4.4699
-5.9679
-4.1878
-4.6438
-1.3685
1.5583
-1.1111
0.1064
-2.5885
-3.4122
-0.8288
-2.5282
-3.6680
-1.8153
0.5624
-0.1232
-0.9817
2.6007
8.6952
5.4260
-3.0327
-4.0912
1.8328
-0.6505
-11.5700
-16.3690
-12.4264
-2.8318
3.0360
2.9073
2.3473
-1.9416
-1.7991
-2.7071
-10.5840
-10.1448
-8.9558
-7.4682
-9.6205
-11.1756
-11.8914
-8.1095
-1.0979
3.3521
4.5293
2.6640
-0.2419
-2.8934
-5.2888
-4.9824
-1.7995
0.8448
-3.9541
-1.8635
4.2436
5.1013
1.3278
-5.0604
-6.2211
-3.1767
-0.9036
0.0153
-1.7062
-2.5579
-2.7009
-1.6732
-3.8938
-5.5798
-7.0691
-5.5568
-3.6933
0.6022
-2.4627
-2.9653
-0.4796
-7.0898
-11.7396
-11.7785
-10.2037
-5.9459
1.9428
0.7895
-10.7457
-13.3581
-7.6313
-4.1369
-8.1243
-12.5677
-7.3364
-4.8946
-3.2889
-1.7087
-0.8444
-1.4811
-1.3518
-1.0793
-1.9490
-1.5658
-4.5813
-5.6874
-5.2482
-1.1298
0.0228
-4.6207
-10.0237
-5.8719
-9.7282
-9.9918
-7.5162
-3.2325
-10.2287
-14.3518
-10.4897
-1.7715
1.3186
2.8727
2.3076
-4.4444
-8.7784
-4.1635
-2.7135
-2.0947
-4.3901
-5.3822
-3.3728
-2.1436
-1.5728
-0.9554
-0.5677
-0.2084
0.2957
0.8285

Coefficient 26:
0.0000
4.3710
7.2221
3.2685
-2.0033
-3.4925
-0.2421
-0.5715
-2.6915
-0.5298
4.4103
7.5340
4.5149
-0.1392
-1.3161
-4.5729
-3.4454
2.2867
3.2304
1.5739
2.9561
-1.7119
-1.2611
8.2449
10.1727
9.5148
7.6180
10.6392
0.7225
-2.2644
-3.5871
-1.8869
-1.5500
-3.2375
-7.3908
-5.4086
-8.7401
-10.6605
-10.5515
-4.0600
-3.5358
-5.2817
-9.6880
-6.0204
1.7590
1.6092
-4.7993
-2.6265
3.5432
2.8460
2.2144
-2.6840
-8.5459
-2.9697
-0.1546
1.8994
3.7511
1.5643
-2.4506
-9.1576
-12.1065
-15.7076
-17.7744
-13.9108
-6.7729
-4.0392
-4.1289
-2.3683
-5.8719
-8.7713
-10.0852
-15.7574
-15.3176
-19.6118
-19.8751
-14.1679
-9.5038
-5.8336
-1.8057
-6.2067
-8.1468
-13.0945
-10.3018
-6.8742
-4.0895
-2.8235
3.4913
7.9542
8.6249
3.6807
3.1485
-5.8801
-4.9600
-3.8196
3.0387
7.6320
5.8136
4.9768
4.1268
5.9440
10.0069
10.1510
5.2945
-2.8830
-2.4913
-1.5954
-3.6336
-5.1504
-4.8978
-9.3176
-10.7254
-14.5384
-13.0842
-7.0358
-5.8750
-4.4169
-0.9036
0.1991
-3.4513
-3.9573
-2.9564
-1.2639
-0.3636
0.0199
-0.7777
-1.3407
-2.0577
-2.2125
-1.3472
0.0196
-0.1434
-1.4153
-2.0141
-1.1760
-1.7767
-2.5677
-2.2155
-2.4494
-0.7748
-0.6114
-7.1625
-12.5936
-13.8760
-13.1758
-12.3202
-10.5585
-10.1814
-10.7713
-7.4314
-3.8217
-1.6967
-0.2131
1.2506
4.2413
2.7913
1.9004
0.8779
-2.4417
-2.9951
-3.1690
-3.2783
-0.7645
0.0423
2.1479
7.3684
2.9694
-1.5777
-2.7657
0.5296
3.1260
6.3632
2.2862
-1.4759
-3.4143
-4.0108
-5.5615
-4.1017
-1.0057
3.5855
8.3404
4.5250
-0.2980
-1.8395
0.3714
-3.1736
-4.5679
-1.3080
-5.7130
-10.4419
-4.9153
10.7648
8.6609
3.5887
0.8962
-2.9517
-0.6492
6.5967
2.4359
-4.1446
-8.9000
-12.1341
-6.3264
2.3775
3.4745
0.5515
0.8265
2.8153
8.5848
12.9846
-2.1929
-8.4511
-7.4006
-4.8194
-5.3655
-11.7697
-8.7247
-0.1634
1.2187
-2.8647
-1.0850
1.4511
1.0976
2.7879
4.0453
0.6729
-2.0622
-1.3777
-1.0537
-7.2084
-17.2819
-15.5342
-12.9340
-9.3680
-6.8157
-7.8348
-5.6413
-2.6068
-2.6575
-8.7746
-13.4512
-13.9671
-11.9326
-11.4044
-8.8612
-9.5190
-7.9455
-4.5061
1.4190
0.2512
-3.0380
-2.8830
2.5936
-0.0624
-6.0827
-7.5113
-7.4716
-5.1063
-7.8725
-7.3866
-6.3660
-0.6396
-0.4922
2.7784
3.9249
-1.7947
-1.2891
4.6188
1.9578
-3.7237
-8.7728
-4.9060
-4.3518
-8.6859
-5.0617
-4.1061
-8.1755
-11.6395
-15.4207
-21.2413
-17.3760
-17.8082
-18.8041
-15.9379
-11.1259
-3.9714
-14.3018
-18.1447
-15.8413
-13.3608
-11.4522
-4.4578
-0.4778
-0.2562
-1.9897
-3.3628
-0.6011
0.8319
0.6841
-0.0063
-0.7434
-2.1846
-4.7238
-5.4224
-2.3231
-1.1013
-0.3958
-2.1867
-0.3098
1.7098
0.9745
0.9669
1.9811
5.4724
7.2220
5.4219
2.6827
3.0154
1.0672
-0.2744
-2.6112
0.2192
0.2535
0.5179
-0.5910
-2.4421
-2.2192
-1.9887
-1.4924
1.0654
3.2183
2.2123
2.8355
2.1664
-0.8856
-0.4841
0.3271
0.9541
-0.2784
-3.0681
-5.9500
-6.1181
-3.5093
-4.4911
-6.3368
-7.3014
-5.9309
-0.9198
4.8072
7.9273
7.6712
12.8885
12.5435
5.8265
-0.6882
-1.9742
-1.7080
-5.4614
-7.6496
-6.1601
-4.1281
3.2305
0.2097
1.3516
4.2620
3.0441
-2.7727
-7.8551
-7.0764
-3.7224
-0.0816
-0.1946
-0.9297
-0.5723
2.0638
-0.4979
-2.3444
-0.9160
-2.0164
-2.9519
-3.2089
0.3167
1.0599
-1.1492
0.1756
-5.3503
-6.2489
-3.4183
-4.2674
-6.6437
-6.0694
-3.3578
0.0931
-0.9656
-1.9409
-0.6642
-1.3103
-1.0763
0.4822
1.3093
1.3926
-0.0915
-0.5396
0.4516
0.7610
-1.0332
-4.1625
-3.8029
-0.8305
-2.2640
-3.4002
-1.1312
-0.2908
-1.3358
-0.8003
-1.0829
-4.1552
-8.1889
-7.7524
-3.3337
-0.1261
-0.7909
-3.4029
-2.9327
-1.7655
-4.2145
-5.5495
-5.2697
-2.5218
0.7892
0.4193
5.7901
10.1239
9.3785
9.2560
11.8357
12.4160
12.3020
13.6887
12.8794
10.9512
10.5885
6.0043
3.9455
3.9323
0.4570
-7.0879
-11.6023
-11.0291
-7.4607
-3.8472
-4.5520
-6.9233
-4.7062
1.4417
6.3071
5.2155
3.5775
-1.1968
-1.4221
-6.5427
-8.5493
-5.3256
-2.8596
-4.5808
-5.3077
-4.7850
-5.1968
-0.9917
-2.1098
-2.3036
-1.2680
1.3719
-0.9337
-0.3308
0.7710
-2.1168
-4.4071
-0.4917
1.1053
0.4843
0.0261
-4.2475
-12.0451
-8.5677
-5.5575
-4.4794
-4.5384
-4.6342
-1.3541
-1.4779
-0.3880
5.1869
3.8351
1.7257
0.7192
-1.4797
-4.3826
-4.2010
-0.4249
0.4219
-1.6718
-1.8510
-3.8756
-6.5608
-7.9012
-6.8836
-10.0835
-10.9769
-11.5682
-8.6260
-7.0986
-6.3500
4.0469
7.6032
10.0186
10.4863
8.4299
7.2223
9.7478
9.9370
1.2393
-3.6138
-1.4340
-2.6010
-4.5974
-4.5964
-5.6999
-6.5385
-7.9663
-2.2113
1.9094
6.5934
12.1958
12.3327
14.3336
8.0840
6.0596
7.7757
7.9198
7.8627
6.1782
1.5301
-3.8179
-6.5082
-3.4876
-0.4190
1.9794
2.2756
2.2595
-2.0748
-5.1733
-4.2104
-2.6345
-0.3504
-1.9786
-1.4812
2.1948
5.7517
5.5567
-0.8965
-2.5026
-1.6884
-1.9707
0.6112
-0.1711
-2.0445
-5.1158
-4.9951
-3.0228
-3.0556
-0.1748
1.1031
0.8158
-1.4411
-1.3374
-1.4165
-3.5026
-2.8973
-1.5596
-1.8304
-1.1015
-0.1157
-0.8357
-1.2099
-0.5463
1.6988
2.5577
2.4923
0.4724
-0.3663
1.2807
1.5364
1.1665
-3.2374
-3.7035
-1.9481
0.9916
-0.4983
-3.7468
-4.4491
-4.1716
-3.6563
-7.0199
-6.3055
-5.7055
-3.7075
-2.9149
-2.2432
-2.3167
-6.7547
-10.5023
-10.6192
-8.1620
-4.8247
-3.3436
-1.6283
0.1829
-1.2540
-0.7474
-1.8628
-1.0280
0.7867
-0.0769
-2.9972
-3.8863
-3.0017
-4.3986
-1.1851
2.0235
0.0577
0.7615
-2.2157
-2.8350
-1.3338
-2.9634
-2.7810
-1.1851
0.6696
0.9081
0.0332
-3.4937
-2.9165
-1.9693
-11.2384
-15.0866
-8.4796
-6.9246
-7.4449
-7.7105
-7.6503
-4.9836
-2.3035
0.8742
2.7978
6.2151
3.9627
0.3888
-5.7877
-5.2764
-3.2121
-0.1027
-0.1560
-0.6506
-6.2849
-4.7875
2.7421
5.5524
-0.7145
-4.0699
-6.5824
-7.3137
-6.7816
-4.5047
1.7042
3.2357
-4.8563
-6.3156
-4.4621
-5.7005
-8.5889
-11.7296
-9.6860
-6.1031
-4.0934
-3.8678
-6.0918
-4.5354
-4.7503
-3.8874
-5.5884
-6.0392
-6.4719
-4.6941
-2.6120
-4.0428
0.1830
5.9137
5.9690
-3.2519
-11.6607
-12.6638
-8.5524
-2.8797
5.0350
6.2057
-5.9729
-5.2363
-0.6556
0.9839
-2.0330
-4.8353
1.5445
2.4434
-1.7107
0.1551
0.9169
2.7808
4.0296
3.7758
0.9789
-0.6127
-3.1749
-3.7499
-4.1969
0.0312
1.5715
3.1040
3.2202
-7.3340
-11.9669
-10.8849
-5.3165
-8.6014
-2.9938
-2.1467
-2.1814
-5.1369
-3.5718
2.0826
-3.1573
-8.2453
-8.4970
-4.3579
-2.0629
-0.0595
-3.1442
-4.6338
-2.8728
-1.8349
-1.4109
-0.7349
-0.9786
0.4704
1.1224
1.2669

Coefficient 27:
0.0000
5.1625
8.1521
3.9132
-1.1402
-2.3519
0.4333
-0.6231
-4.4620
-2.9340
-0.8184
2.6119
2.9228
-0.5201
-1.8405
-1.7032
-0.7768
-5.8972
-5.2666
-5.0083
2.5739
3.6707
4.5549
7.3391
13.0987
13.3411
10.9944
8.8005
-3.5766
-2.3441
-4.6319
-6.1893
-9.1805
-11.6420
-8.2676
-5.5324
-6.2534
-4.2213
-0.1579
0.6791
-0.0443
1.8392
1.3666
-3.0643
-5.1653
-0.1437
-6.9807
-11.4976
-8.8294
-8.4077
-5.7473
-9.1733
-8.3680
-1.2995
-5.1101
-10.7448
-7.7213
-9.7564
-14.2550
-17.1915
-18.8927
-18.0906
-13.6950
-11.5668
-0.9510
-4.2306
-9.4415
-14.7312
-18.1257
-18.0825
-10.8372
-7.0031
-5.3807
-1.6317
4.4243
7.1626
2.5432
0.7033
1.5732
-7.8603
-11.0605
-11.1154
-5.4931
-0.3771
-1.5671
0.6851
0.5949
7.9108
12.1824
8.0022
4.5464
0.7236
-4.4333
-7.3517
-5.0995
3.2001
6.6380
4.9738
2.8003
-0.5253
-1.6224
1.5744
3.7263
2.3035
0.0955
-4.6205
-6.6728
-5.3324
1.5665
3.7844
7.7271
7.3209
0.1664
-4.7538
-3.9231
-1.6931
0.3475
1.4192
-0.2619
0.0961
-0.9518
-1.4549
-0.3864
0.6276
-0.2874
-1.4452
-2.1588
-2.1276
-1.2799
0.1811
0.0112
-1.3564
-1.6442
-1.1130
-1.9528
-2.6104
-2.3612
-1.5210
2.9963
4.8833
2.7168
2.6244
1.4178
-2.9222
0.2724
2.5760
2.2373
-2.0950
1.3189
3.9896
4.3528
-4.8750
-15.6036
-14.9612
-10.1848
-3.8794
-1.9609
-2.4293
-3.7115
-4.8284
-5.0271
-2.0426
0.1400
2.1168
-3.0804
-6.7545
-2.6279
-2.5257
-2.6262
1.9303
-13.3515
-18.2343
-17.5256
-19.4132
-17.3256
-10.3305
-4.7982
-5.5229
-10.3445
-14.4520
-12.2446
-16.2122
-17.1350
-8.9293
-11.0991
-21.7865
-20.0621
-12.7883
-12.0917
-6.9932
1.5354
-2.6343
-9.6804
-13.1338
-16.3995
-15.4511
-13.4039
-16.0311
-19.3815
-18.9200
-15.3085
-16.6038
-15.7570
-19.4039
-11.8206
-7.8123
-4.1925
-0.1906
-11.7280
-16.7188
-19.3431
-17.0513
-12.2408
-4.3367
-1.7939
-1.7523
-6.1582
-13.8564
-9.7541
-6.4912
-5.3749
-2.2286
-8.5078
-7.3548
-2.6586
-5.2961
-3.1346
0.8211
1.4054
0.6514
-0.7871
-6.9684
-12.2319
-13.1717
-14.5023
-12.9473
-12.5333
-14.5643
-14.3837
-10.3094
-11.6240
-12.8881
-10.0201
-4.8300
0.9016
-0.6929
-0.8481
-6.5194
-7.0967
-3.1546
-3.2265
-2.1265
-1.3583
0.3517
-3.6323
-5.5232
-7.9392
-17.9892
-11.7296
-6.0197
-0.9548
1.5180
3.6780
-0.8596
-5.0464
-2.6713
-2.2408
-4.4775
-4.8888
-6.0165
-8.1069
-10.6451
-9.6094
-15.9260
-12.1546
-16.4467
-18.4787
-13.2327
-10.4147
-14.4357
-14.2434
-13.5637
-12.7679
-7.6863
-7.6715
-14.7685
-17.1831
-13.7062
-9.6905
-3.5734
4.4574
2.2824
-1.5194
-1.7707
-0.9963
0.4384
0.2461
-0.4358
-4.7719
-5.4696
-3.9639
-4.4583
-4.5058
-2.4632
-1.8863
-0.1433
-2.1907
-1.6074
1.2528
1.1781
1.2305
1.4725
2.2893
3.2313
4.2529
3.3667
3.4447
1.5484
-0.4059
2.2716
-1.5592
-4.3494
-4.4720
2.0504
4.7300
2.5209
-1.5467
-0.6571
0.0785
-2.2956
-4.8455
-3.0538
-1.1653
0.0814
0.1952
0.6665
-0.3433
-3.4110
-4.3020
-3.7719
-3.6265
-1.1016
-0.5046
-1.6328
-2.6668
0.7330
5.7775
6.6975
4.6150
2.8869
3.6306
5.8736
4.6839
6.8166
9.6802
7.2942
4.8085
5.6089
5.1794
1.8552
2.2028
4.4199
7.5580
5.9977
3.2054
0.9969
4.4670
5.9265
6.8075
9.2509
8.9948
5.5351
1.0506
-0.8452
0.0161
0.1624
-1.3366
-2.9914
-0.7025
-0.2461
1.8666
2.3768
-0.6683
-0.0446
-2.9673
-4.5928
-3.4566
-2.4525
-0.0998
0.7017
-0.6436
-0.9087
0.1360
-0.1911
-1.4979
-0.3077
1.1190
1.2798
0.9771
0.4400
-1.0210
-1.6985
-3.1178
-1.9074
-2.3817
-4.9020
-4.3447
-1.0924
-1.8084
-0.3131
1.6108
3.4066
1.4300
0.2617
0.2857
-3.4216
-5.4987
-1.8924
0.3394
0.9092
-0.0151
-3.5139
-3.1075
-1.9367
-3.6964
-4.6026
-4.4578
-1.4340
11.7059
13.4965
17.0589
18.0737
16.9518
13.0216
13.4923
17.7471
20.4886
21.7074
20.8639
13.7440
7.9315
1.5651
-4.9772
-5.6687
-4.7477
-5.6785
-10.2421
-9.0419
-5.4829
-1.3130
1.4327
3.3433
5.3852
6.4958
5.9629
-1.3522
-4.5882
-3.0806
0.4249
1.3406
-0.2954
-5.8403
-7.1729
-5.1231
-2.4269
-3.5013
-1.9693
-1.5158
-2.6771
-2.4550
-0.7040
2.8179
0.5126
0.1817
1.2330
-1.4452
-3.4192
-4.5424
-2.3246
-0.1680
-3.9144
-5.4446
-9.5473
1.1244
-0.3448
-2.5307
-2.5974
-0.9881
4.6885
7.1019
4.2178
2.2991
0.0584
-2.2211
-1.8536
-0.0627
-3.9723
-1.5360
4.3196
5.0224
1.5537
-0.0276
-1.7688
-5.4121
-8.2375
-6.9644
-5.3277
1.3673
4.8476
5.7002
3.8114
3.1887
6.1317
10.3749
12.4717
11.1325
5.5211
3.4320
7.1258
8.4762
0.6050
-3.2234
1.3079
3.1154
5.3572
4.3848
-0.4827
4.4174
8.5055
13.3277
10.3609
12.3191
18.3806
13.2534
6.9040
9.6441
9.3792
9.5962
13.2381
12.0190
11.9535
7.0467
3.1224
-0.4155
-2.3171
0.2465
-1.1386
-2.4967
-1.8970
-1.8175
-2.3670
-3.3722
-1.5620
-0.0910
-1.6908
-1.5673
1.4546
5.1210
5.2410
-0.8321
-2.2585
-1.5680
-1.6267
0.9439
0.6138
-1.5983
-5.0205
-4.8470
-3.0711
-2.9793
-0.3696
1.6788
0.6366
-1.1941
-0.8902
-0.9381
-2.7770
-2.9395
-1.4539
1.1124
3.5746
3.8597
1.0525
-2.1668
-0.8734
2.2928
3.1097
1.4975
-1.1275
-0.6656
1.6728
2.0018
0.7474
-3.1850
-2.7153
-0.6062
2.5115
0.5096
-4.0583
-5.9304
-4.7201
-2.2966
-5.8241
-6.4495
-5.4727
-3.6466
-1.5643
-1.0709
-1.5444
-7.2972
-13.1465
-14.0877
-12.5756
-8.6125
-6.3515
-1.3499
0.6401
-0.2341
0.3087
-0.9320
-1.0698
0.9037
0.3993
-1.0435
-1.2561
-1.4764
-4.0582
-1.4577
1.7142
0.9441
1.1861
-1.8723
-2.2167
-1.7989
-3.3413
-2.1949
-2.0097
-0.3972
1.6750
1.3596
2.6452
3.8637
-0.0338
-3.5442
-2.8789
4.4879
1.9533
-4.7297
-7.8324
-7.9113
-5.5259
-4.0155
-3.7258
-0.4643
-1.0238
-6.8217
-11.1010
-9.5922
-5.6860
-6.1706
-8.2122
-9.0170
-11.0342
-9.5822
-5.7627
-3.0635
-1.4708
-3.2182
-4.4398
-7.0423
-7.4169
-8.1431
-8.6848
-2.0620
1.5132
-5.5374
-8.9488
-7.3365
-6.7181
-5.5464
-3.1798
1.9338
5.4321
6.5336
5.0956
1.3295
-0.8322
-0.6152
0.2862
-3.3544
-4.2307
-5.5924
-3.7184
-1.2922
-1.3109
-4.3824
-2.1176
3.5771
-1.0757
-8.9152
-11.0412
-11.1117
-3.7605
3.1267
7.3089
12.2095
12.1273
8.0062
1.8140
2.3942
-1.3191
2.2031
4.0049
-0.3990
-5.9024
-6.4650
-3.2222
-1.9316
-1.6897
-2.0354
-2.6993
-5.1337
-3.9360
-2.8233
1.2492
2.9888
-0.2868
-1.0400
-0.2991
-2.4456
-2.2828
-1.4681
-0.2744
-5.5628
-5.5385
-3.1860
-0.1238
0.2583
-3.5147
-9.3586
-10.5750
-6.6464
-2.9642
-0.0995
1.8384
-1.5592
-3.4574
-2.1911
-1.5901
-1.4016
-0.4843
-1.5716
-1.2070
0.3994
1.5155

Coefficient 28:
0.0000
4.9627
6.4788
4.3751
0.3482
-1.4100
0.6877
-0.2894
-6.0531
-5.0916
-4.8695
-1.5735
1.3832
-1.1039
-3.1648
0.4205
0.4323
3.1961
3.6985
1.7796
2.2099
3.8738
3.6935
1.8720
0.3831
1.9220
4.5899
6.9358
-5.2116
-9.1385
-8.5606
-4.7959
-6.4852
-4.3996
-0.8613
-10.7541
-16.9844
-2.9734
7.8748
12.6527
14.4388
14.2266
10.3386
7.0936
6.1942
0.0583
-3.8204
-3.3010
-0.6402
1.5007
-4.6254
-15.0730
-15.0645
-8.9857
-1.8193
1.0676
3.0019
1.1306
-10.3358
-20.3883
-21.5172
-18.4968
-12.8819
-12.5213
-5.0755
0.1262
-1.8528
-3.9732
-4.2087
-2.3659
3.4120
-0.3522
-1.2608
-3.7608
-6.0789
-13.1256
-17.7670
-16.7863
-12.7546
-6.4732
-4.9321
-12.4566
-15.4299
-20.4725
-26.8488
-26.3214
-14.2805
-0.7525
-4.6814
-15.4537
-18.2054
-15.1371
-12.6273
-10.3267
-5.4056
1.5523
1.7148
2.8965
6.5150
5.9994
2.2952
5.9761
11.0404
11.7831
2.5597
-1.2527
-9.7583
-14.2476
-9.5570
-8.5100
-12.9670
-15.0105
-15.2467
-11.9848
-3.4132
1.3214
1.3518
0.5008
-0.4272
1.1766
-0.0868
-1.6449
-0.4370
0.9107
0.1374
-1.3855
-1.6129
-1.7000
-0.8044
0.2839
0.1664
-1.1692
-1.2033
-0.9505
-2.0298
-2.5741
-2.4558
-1.3289
4.2727
8.0595
11.8279
15.6669
13.5471
8.2331
12.4433
12.2058
11.1876
7.4039
10.5090
11.7605
9.2386
2.1906
11.3409
15.6228
13.3787
2.1131
0.8699
-2.1529
-4.0925
-5.7023
-5.8371
-2.8028
0.2498
1.7874
4.7721
4.7565
5.1624
3.6849
1.2621
1.9622
4.6235
4.5551
4.8477
6.8758
4.7050
0.5138
1.9169
2.8432
4.9987
2.9112
0.5462
-0.1076
2.4292
-4.6063
-12.5969
-16.2998
-15.7336
-5.5937
1.9527
-2.3052
-3.9499
-3.8513
-4.3286
-4.3633
-1.2703
3.7596
3.5059
5.1583
3.0104
-0.4992
-1.3392
-5.8179
-2.6164
-0.9486
-4.2103
1.8788
7.1929
4.7493
6.4232
2.0105
-0.6393
-2.8123
-9.3123
-7.3528
-8.1333
-3.6534
1.6745
1.3984
0.7983
-2.4392
-8.7035
-5.1061
1.8923
1.2544
-2.1382
-3.1113
-2.4869
-1.2423
1.2365
8.8402
6.1745
7.2454
8.6897
5.9243
3.7512
1.9351
11.2407
17.2465
15.9150
13.5674
9.8429
7.2149
2.1866
0.0027
-14.8130
-16.6383
-17.8799
-11.5355
-5.3875
-6.7781
-7.3916
-2.9080
1.3314
-1.7500
-6.8669
-5.4874
2.7077
6.8332
11.7649
6.6289
-1.7088
-0.8349
0.5820
1.2809
-4.0754
-3.0924
4.2799
2.8025
3.4694
-0.3010
-7.0345
-12.5861
-12.1614
1.3168
-0.1669
-1.9648
-0.3899
8.4250
9.1049
8.0846
7.1177
8.0588
9.5113
6.9132
3.4263
1.8694
9.4905
11.7530
6.4360
1.7600
4.6655
4.1782
1.2011
-0.7327
1.1113
1.4695
-0.5935
-4.1447
1.1036
0.8516
-1.6244
-3.7523
-2.4312
0.0541
-0.2186
0.0816
0.8807
-2.1690
-0.4359
0.8072
0.4376
1.0272
4.6879
4.9071
3.8963
3.0789
3.1814
1.6007
0.1872
0.3475
4.9099
4.8661
2.7725
-2.8454
-7.1880
-7.1819
-1.2148
-0.3848
-1.9282
-2.9957
-4.2428
-3.5675
-1.1765
1.1180
0.7236
0.6282
-1.4572
-4.7948
-4.1017
-2.5777
-0.9704
0.3578
1.8025
1.4584
1.0933
5.2682
6.9368
4.6407
1.5716
-1.5338
-2.9982
-4.4644
-6.9031
2.3072
5.3798
5.7856
4.7204
-0.0354
0.8138
-1.6942
-3.9610
-0.9999
2.9094
4.1820
1.3117
-1.5795
2.2635
-1.7998
-3.1692
0.5676
3.2608
10.5902
10.6610
6.6480
6.9894
7.2713
6.6929
4.4009
5.2927
3.9140
2.5379
1.9509
0.4252
1.4013
0.8563
-0.3607
0.6091
2.4462
4.7779
4.5204
1.0060
-3.5224
-2.6863
-0.4082
-0.4392
1.0747
0.3499
-2.5323
-3.6617
-3.6123
-3.4761
-1.6291
-3.3270
-5.4603
-3.4780
-1.9123
0.3972
2.0266
-0.5674
-0.7052
1.0458
1.8933
1.6227
1.3692
0.9523
-2.5659
-3.4766
0.6273
1.5722
0.0080
-1.6724
-3.9347
-3.2656
-2.1215
-3.2057
-3.5935
-3.4953
-2.4186
1.0983
0.6183
0.2219
-4.8803
-6.9043
-12.6901
-17.2450
-13.2204
-6.1150
-0.6617
3.7762
0.9932
-4.0400
-6.8287
-7.3681
-4.3431
-3.6708
-3.2944
-7.3599
-6.4613
-3.2131
0.1802
0.0217
-3.0516
0.9040
3.5068
1.8218
-1.9523
1.6117
6.6988
8.6095
9.3492
5.9063
-0.7886
-2.5943
-2.0899
4.0915
3.3539
1.3956
0.6215
-2.2542
-2.4474
-0.1813
3.8756
1.7994
0.5854
1.5549
-0.9795
-2.5670
0.2608
1.8913
2.2627
4.0639
4.6246
-4.0393
4.7615
9.0572
9.8371
9.3484
7.5411
8.4551
7.2051
0.3151
-1.9750
-8.9203
-12.3448
-10.6270
-6.2106
-2.5337
2.7564
6.4975
6.1191
2.1308
-1.2620
-1.1164
-3.2059
-3.8495
-1.0905
0.1811
4.0096
8.1359
8.7128
3.2022
2.8717
2.4569
4.4136
4.4300
3.6668
1.4476
0.6764
4.0329
5.5838
1.5110
1.9136
3.5598
2.7487
8.2673
11.6775
12.1928
11.7618
11.2255
7.1594
2.0051
-1.5034
0.6454
-1.5931
-2.9354
-4.8926
-2.4634
1.7499
6.4570
8.7274
13.8520
10.6965
6.8994
4.1492
0.6798
1.5193
2.7517
4.8976
5.0155
1.8398
-0.1122
-2.8807
-1.1159
-0.5338
-1.8092
-1.8424
0.1429
3.4013
3.9133
-0.9538
-2.0484
-1.4766
-1.1677
1.3378
1.3522
-1.2317
-4.5524
-4.4265
-3.0104
-2.7143
1.1811
2.1557
0.5051
-0.9495
-0.5133
-0.4579
-1.9592
-2.4515
-1.5279
1.4203
3.9379
3.2622
0.4673
-3.0780
-1.6388
2.1981
3.0781
0.2769
-2.4628
-0.7636
1.9275
2.3877
0.7006
-1.1960
-0.0589
1.0209
3.5666
1.4126
-2.8745
-5.6252
-4.4823
-0.6218
-1.8474
-3.0857
-2.9479
-2.8711
-0.4209
-0.1034
-0.6670
-6.3519
-10.6256
-11.2783
-11.5884
-8.8940
-7.9457
-1.3012
0.4231
0.4893
1.0332
-0.1310
-1.1807
0.9070
0.7984
0.7620
1.2226
0.2369
-3.6652
-2.0898
0.7672
1.4734
1.3582
-1.5621
-1.5810
-2.1519
-3.6279
-2.2017
-3.5064
-1.5397
2.3116
1.3188
0.9400
1.3435
-0.7547
-4.1439
5.9756
19.4100
18.7032
15.0216
12.3187
8.2768
6.7826
8.5346
3.2749
6.9836
9.9648
4.1577
5.0596
6.2032
4.8929
2.3961
6.2583
5.0902
-0.2807
0.0480
2.5991
5.4198
3.6448
-0.6946
-0.2497
-1.4447
-2.4834
-3.9965
-3.5780
1.2945
5.2322
-0.6478
-3.1388
-1.4597
-4.0026
-6.9316
-8.5956
-5.0716
-0.6579
-0.3047
-2.6384
-5.1015
-4.8792
-4.2636
-3.1445
-5.6345
-4.6994
-4.5447
-2.8079
-0.2282
1.3015
-4.6035
-3.7374
-2.8222
-6.0985
-4.2287
-3.8893
-3.5033
-5.2147
-2.8425
1.3748
1.4345
2.0051
0.3043
-0.1503
-0.2290
-5.3615
-2.6212
-2.8224
-3.9388
-3.3305
-2.0658
1.0982
3.1948
3.2276
1.2746
-1.3329
-3.5474
-2.5604
-1.3215
2.3735
4.0128
3.9793
-0.3208
-0.0725
-1.1115
0.4952
3.1528
3.3203
1.1509
-0.7969
0.4926
4.8659
6.1862
3.7105
1.4088
-0.4394
1.7198
4.2269
3.5453
3.2334
-0.1111
-2.3254
-1.5530
-1.4424
-1.5176
-0.1749
-1.5623
-4.1048
-1.4606
1.4884

Coefficient 29:
0.0000
3.9273
3.9930
4.1877
1.4567
-1.0117
0.5609
0.3397
-6.3136
-6.5270
-5.3308
-2.3413
1.0200
-1.4224
-4.6489
-1.0857
-4.3592
-5.8888
-7.6919
-7.7075
-9.0563
-9.4678
-2.5446
-3.3630
-9.5059
-4.3641
2.3916
5.8741
2.9103
1.0577
0.3835
-0.2874
0.6579
1.7477
0.3205
-1.7329
0.5543
3.7339
3.1155
0.5013
1.1499
-0.0611
-2.3158
-1.0647
1.0658
2.3628
-4.9741
-10.4812
-10.4956
-12.0106
-9.6944
-8.5982
-6.6847
-6.7917
-7.6596
-2.8329
-0.5741
-0.8480
-12.3739
-19.7198
-14.4584
-4.7619
-4.1854
-4.2295
-6.6404
-9.2794
-12.5935
-6.9713
-12.0484
-15.7567
-11.8224
-16.9243
-18.9993
-13.6750
-12.0030
-7.1433
-1.0609
-5.4256
-3.7184
5.0608
8.8159
-5.0190
-13.0779
-14.0915
-19.1062
-16.5159
-13.6606
-12.7720
-16.0067
-15.9459
-12.0550
-4.7312
0.0142
0.2789
-0.3476
1.1259
-5.1540
-3.3013
-3.8397
-3.6467
-4.8085
-3.6689
-3.5585
10.9040
7.9894
5.0652
-1.4486
-2.6652
1.1097
8.1818
5.8777
4.9205
3.2034
-3.4531
-0.2992
2.0963
0.9198
-0.9779
-2.8862
-2.6360
-2.1355
-1.8280
-0.5973
0.7842
0.4442
-1.4230
-1.3955
-1.4380
-0.4834
0.3230
0.3137
-0.8562
-0.7181
-0.6931
-1.9930
-2.4626
-2.4985
-2.7056
-2.3211
-1.4382
-0.3860
0.6345
0.8352
0.5892
3.5201
2.8667
3.1098
4.7064
5.2482
6.8834
4.5634
-1.8859
8.4328
10.5440
12.1730
12.6057
8.3037
0.4443
-2.9365
-4.8330
-5.4431
-2.7675
0.3688
1.3211
1.1755
5.1029
4.9936
3.5354
-1.0429
1.1540
-0.3676
0.9217
4.9526
5.5913
2.8797
-2.8344
-3.5829
2.6357
5.4559
6.2811
12.3868
13.1395
16.2913
15.0277
6.1154
-1.9198
-11.4282
-14.8073
-10.8047
-15.7188
-15.0701
-9.2908
-8.6568
-8.7632
-7.4894
-9.8525
-12.0915
-7.0343
-0.3415
-3.1539
-3.2693
-0.5955
1.5711
0.3787
2.4277
-0.2259
1.5447
-6.1464
-8.6884
1.9638
3.1080
-0.9445
-3.0020
-3.2973
-2.2264
3.8693
0.8656
-7.4994
-7.4780
-8.1478
-8.2796
-4.1764
-3.2818
0.9384
5.3567
8.5666
5.2892
4.9171
8.0423
10.6644
4.3132
-1.5913
-2.1695
1.7855
5.9830
4.5342
6.4327
5.0404
3.2150
-2.3958
-9.1834
-11.5785
-5.7495
-0.2820
8.1684
7.8921
6.9056
6.1191
1.3462
-4.6683
-8.5080
-8.6520
-7.7989
-8.1468
-1.5804
-0.8381
0.7919
4.1071
2.1575
0.4374
-6.2854
-2.2824
1.2302
0.4888
-1.8773
-3.1482
-1.4302
-1.4196
-2.5921
-0.6605
2.1484
5.2422
0.3613
3.8395
8.9138
10.4632
10.6547
11.1847
2.9294
-3.3536
-5.9197
-2.9093
-1.7947
-4.7929
-7.7605
2.6363
10.6438
11.8445
10.5888
11.5321
8.4648
7.6383
5.4020
1.1542
2.2007
2.0377
0.0085
-1.2200
-1.8185
-4.3892
-8.5027
-9.2397
-6.9784
-2.4207
-0.3430
0.1472
-2.0349
-3.5651
-4.7891
-4.1061
-4.1115
-3.0959
1.7533
2.7662
2.1738
1.9426
2.2877
1.2480
0.3541
-0.3688
0.5828
2.3313
1.0327
-1.4672
0.5131
0.8541
-1.8419
0.1364
1.8083
4.4119
4.1653
4.4499
4.3529
2.1321
1.0422
0.2697
-1.8953
-3.8905
-2.2457
0.7446
4.0983
6.4208
10.2395
7.9732
4.2134
4.4757
-0.0280
-3.3232
-7.6601
-10.6341
-7.4741
-7.0410
-7.7462
-5.1754
-6.6220
-3.6052
-1.3694
-7.9439
-5.0448
-2.6479
-4.7018
-6.1119
-1.9545
2.3273
1.9394
-0.5085
-3.2827
-4.4290
-6.0588
-10.2222
-10.1444
-5.6386
-3.0391
-0.0323
1.7587
4.1670
9.7919
10.4317
6.3650
1.3440
-1.7297
-1.5195
-0.5040
0.0044
-1.5787
-2.2588
-0.1051
0.0916
-1.0228
0.0841
-0.8771
-4.5444
-3.5973
1.2050
2.4056
1.1625
-0.6757
-3.3332
-3.8747
-2.2182
-3.2466
-1.4400
-0.0036
-1.9954
-1.5236
-0.9602
0.5385
1.9586
-0.7819
-1.1268
-0.3629
0.7255
1.3320
1.7505
0.5426
-1.8054
-3.6825
-3.5004
-1.8509
-1.2448
-2.7487
-3.9828
-3.3997
-2.3226
-2.7914
-2.6242
-2.5571
-3.8207
-14.4294
-21.0547
-25.8156
-30.5846
-24.7299
-18.3223
-18.5066
-18.9730
-22.6562
-20.6403
-12.7446
-9.0484
-10.2565
-9.3383
-5.9601
-1.5041
-2.8154
-3.4390
-5.0227
-3.7657
-1.1150
1.6255
-3.5959
-12.5064
-10.6645
-2.2954
0.3468
-2.1041
-2.5696
-1.0881
-5.3592
-5.9701
-3.2708
1.4931
2.1032
2.7451
5.1981
2.8090
1.4293
1.4217
-1.5988
-2.2551
0.2594
4.4740
2.8159
0.9071
1.7062
-0.7299
-1.9265
-3.3010
-2.2672
-0.1266
0.0215
2.5984
0.2864
0.4559
0.9487
2.5929
2.1162
-1.7890
-3.7495
-4.4852
-2.6830
-2.1594
-5.7426
-2.9002
-2.4113
-3.5767
-5.5666
0.5431
3.1028
2.7101
-0.5423
-4.4419
-1.6872
-0.6736
0.5235
1.4526
-0.0211
-2.8562
-1.4190
-0.1491
-4.6630
-2.8126
-2.3054
-3.4561
-5.8835
-4.9252
-1.4903
-0.6097
1.7201
2.7369
2.3605
3.3226
0.1038
-3.2911
-1.0805
-0.0234
1.9096
-3.7453
-2.5728
-3.3995
-9.4628
-10.3029
-3.7149
-2.1841
-6.7912
-12.4784
-8.0928
-2.4817
-2.6501
0.8382
5.1424
6.2447
7.3081
2.9357
1.8029
2.9902
1.3494
-1.5984
-0.3808
1.6535
0.7054
-2.6501
-1.2047
-1.4180
-2.1641
-2.1640
-1.3535
1.1711
1.9663
-1.2121
-1.8839
-1.4134
-0.6123
1.8341
1.9996
-0.9769
-3.7191
-3.8227
-2.8768
-2.3303
2.9073
2.4771
0.5069
-0.7541
-0.2504
-0.0133
-1.1315
-1.2946
-1.5842
-0.9818
1.3775
1.4712
-1.2130
-3.9918
-2.4768
1.3815
2.5916
-1.1091
-3.4330
-0.6924
2.0055
2.6247
1.0851
2.3171
3.8686
2.8555
3.8330
1.5404
-1.4783
-4.6113
-4.0474
0.2778
1.5589
0.2726
-0.3801
-2.0151
0.4069
0.5949
0.1578
-4.2297
-5.8938
-5.8419
-8.1663
-7.8384
-7.8317
-1.2104
0.2810
0.7326
1.1060
0.1805
-1.2149
0.8144
1.0836
1.8280
2.8422
1.7312
-3.2596
-3.0485
-0.5254
1.6617
1.3052
-1.2886
-0.9602
-2.3431
-3.6950
-2.4170
-4.1251
-1.4294
2.9000
1.5656
3.5740
5.0925
3.1847
5.6882
2.7493
3.6472
-3.1304
-0.7961
-0.4897
-1.7637
-2.8110
-1.8030
-0.1427
-1.0074
-0.1569
-2.7567
3.3647
4.4766
5.8311
5.7740
7.8776
4.0827
3.8822
2.9498
0.0343
-3.5458
-3.9776
0.5650
3.7464
3.6847
2.3047
-1.0890
-1.9962
-0.8538
2.1181
1.6270
-2.9680
-3.0052
-0.8243
2.5788
4.8805
9.0866
10.3361
9.8881
7.9624
4.4879
0.2778
0.9593
1.2409
-2.7136
-2.4434
-3.5644
-2.2371
0.4620
-0.5948
-0.9769
-3.9368
-7.0815
-6.3239
-2.2948
2.4368
0.1925
-0.4869
-0.6930
-3.8560
-4.4060
-3.4946
-3.6703
-4.8897
-7.1745
-4.8468
-4.1576
-3.4788
-5.0698
-6.5116
-4.9169
-1.7024
-1.5351
-2.1673
-2.0447
-3.5294
-3.9451
-0.6718
0.1047
3.2575
4.4532
1.0409
1.0198
1.6536
1.5068
1.8533
-1.5092
-0.2706
8.6611
9.3793
5.3424
3.8358
3.5894
3.7962
-1.0321
-2.9777
-6.0448
-3.0495
2.2523
3.9300
0.9316
-1.4985
-0.9470
-1.3587
-1.6001
0.1861
-0.4395
-4.5810
-2.4562
1.2393

Coefficient 30:
0.0000
2.3696
1.6588
2.7342
1.4632
-1.1233
0.0885
0.7914
-4.8078
-6.0237
-2.6403
-0.4622
1.9012
-1.5338
-5.0975
-1.8209
-7.1335
-5.6209
2.8831
2.3957
2.9062
0.8322
-1.0324
-3.6635
-6.2376
-5.6741
-3.8518
-1.7583
-1.1177
-1.1116
-4.0018
-1.9385
0.4064
-0.9353
-2.8810
-1.1298
1.3496
0.6311
-0.9246
-5.0975
-5.9483
-10.5354
-8.4706
-12.4535
-12.1895
-10.1054
-7.7221
-8.8978
-9.4692
-17.7271
-25.6843
-25.8940
-18.1447
-13.9853
-13.1531
-8.5019
-1.3226
-0.5498
-14.8632
-16.6249
-7.0323
0.4149
2.9393
4.7681
-11.6440
-21.0550
-26.8621
-18.8134
-18.6318
-14.7310
-12.9343
-13.9525
-11.0850
-9.2172
-11.2902
-4.1181
-11.5158
-21.4470
-23.9387
-13.9209
-1.5276
-6.8543
-16.0485
-12.8268
-17.1806
-18.6154
-5.4660
2.0695
4.8903
3.8394
-1.2524
-11.4214
-16.4723
-5.7772
-1.2784
4.2250
-1.7319
-5.9605
-12.3692
-14.3220
-10.6303
-11.6657
-6.6550
5.2769
-5.7358
-8.3561
-4.3932
-4.0736
-7.2812
-2.9450
-1.1041
-3.6887
-0.7607
3.8300
4.1018
4.5977
1.4128
0.0338
-1.5443
-2.8362
-2.5979
-1.9974
-0.7609
0.8971
0.6021
-1.6803
-1.8696
-1.4735
-0.6410
0.2975
0.4456
-0.4351
-0.2210
-0.3589
-1.8406
-2.2861
-2.4907
-4.0891
-10.2902
-11.8892
-13.1385
-14.7818
-12.1901
-10.5833
-8.5323
-8.7629
-9.5790
-8.3493
-8.1433
-3.7284
-2.6640
4.0564
-5.0165
-1.2768
9.1608
12.1540
7.6234
1.3726
-2.2475
-3.5185
-3.9590
-1.9278
0.4834
0.8957
2.4131
-5.9367
-6.1479
-1.3825
-4.7666
-6.9295
-7.8377
-6.7087
-7.1743
-10.9346
-11.5202
-9.9406
-9.8201
-7.7891
-6.9240
-9.7030
0.6740
4.1446
14.5347
17.4298
12.7327
2.2494
-7.6986
-10.0903
-7.0004
3.3565
1.7008
0.8864
1.2822
3.3334
7.0276
9.7546
4.5198
-4.1837
-8.9245
-6.7187
-2.3150
1.9168
3.8607
0.5890
-3.3692
-5.5912
-3.0051
-9.6453
-11.1679
-12.3512
-11.7688
-11.3406
-12.0306
-13.8805
-9.7426
-6.1295
-5.0589
-9.4703
-12.7565
-8.1000
-3.9266
-10.4091
-16.4348
-17.5631
-15.6616
-12.3855
-6.3416
-0.6096
-3.6988
-7.5641
-5.0480
-2.1951
-0.4286
1.5185
-0.0909
-6.4323
-10.2863
-9.6285
-2.9282
-5.6862
-3.9990
-6.7365
-10.1384
-7.7620
-3.8874
-7.8984
-7.0503
-6.4030
-19.4614
-17.9791
-12.3567
-7.1485
-1.3093
-1.5731
-9.5507
-7.5341
-4.5460
-6.4314
-12.4135
-5.4933
-5.3091
-7.7440
-9.8390
-11.7411
-12.5860
-13.1847
-18.5355
-16.4471
-14.4472
-7.7559
-2.3414
-7.0226
-15.6306
-16.7915
-18.7977
-11.0383
-5.7624
-6.6684
-11.8657
-4.5222
0.0713
1.4076
1.4457
-0.5894
-3.7264
-10.3613
-21.5489
-24.2702
-20.2695
-8.7852
1.5003
6.5891
6.2831
2.4943
1.8434
1.8474
-0.5399
-0.9801
-2.5165
1.1646
2.5638
0.3863
-0.5087
-0.3168
-1.1085
0.2493
-2.0410
-0.5843
0.2117
1.8351
1.6362
-0.1484
-2.1237
-4.2078
-2.1812
0.2668
0.9589
0.5975
-0.1606
1.0235
-2.2796
-2.0430
-0.9559
2.1908
0.6060
1.3703
1.2050
0.7109
1.8259
0.3944
-1.5896
0.1023
2.2085
3.0089
1.1371
-0.2771
-1.5881
-1.2773
-0.2678
3.4579
4.6372
5.0708
10.2175
7.8763
3.4030
2.7252
-2.0264
-5.0334
-5.1476
-4.7157
-1.5978
3.8236
7.6412
4.3468
1.2348
-0.1014
0.9451
4.6382
6.9301
3.1039
-4.0451
-7.4430
-0.1806
0.3960
1.5675
1.4664
0.4736
4.1264
3.6182
-4.9952
-8.8695
-13.1054
-13.0884
-7.1158
-6.3119
-3.9527
-0.1149
1.5226
-0.0365
-3.1630
-5.4818
-4.5626
-2.4254
-2.0036
-2.7731
-4.9251
-4.6587
-6.1159
-8.6090
-6.2504
-3.9974
-2.2184
-0.2305
3.7337
3.2105
1.0461
1.5773
0.6958
0.6049
2.2010
-0.5790
-1.1683
-0.6625
-0.0407
-0.6353
-2.2559
-2.3070
-0.1715
0.2403
1.5892
3.0292
2.7684
3.6303
2.8319
-0.4798
-1.1826
-2.3084
-3.7825
-3.5863
-2.3445
-3.0787
-3.7737
-3.5012
-2.5369
-2.4890
-1.8082
-1.8117
-3.4661
-9.6172
-7.9989
-6.7855
-6.7385
2.1310
8.5902
7.4395
5.7248
-1.0468
-1.1429
-1.2606
-2.6613
-4.5612
-3.5838
-2.3667
-1.4578
-4.6471
-4.7481
-3.5142
-1.3349
0.4420
3.3782
2.9437
4.8388
11.0706
16.9132
18.9677
11.7635
13.5540
15.6153
6.8705
2.7475
3.3073
8.2013
6.5646
6.6564
6.3588
1.6949
1.5747
-0.2543
-1.8959
-1.9547
0.5948
4.6264
3.5328
1.1810
1.6696
-0.6294
-1.3858
-0.1917
-0.6580
0.4674
5.9104
7.7693
1.5650
-5.8917
-7.3275
-1.1598
4.7750
5.0379
3.6513
1.3881
0.7276
-0.0097
-0.3107
1.6553
-0.8579
-4.9020
-10.8522
-7.3058
-3.4658
-2.1864
-3.1559
-6.0683
-2.0474
1.5278
1.1164
-0.5771
-2.9327
-4.3290
-1.9034
-1.0249
-1.8385
0.0664
0.2379
-1.8126
-5.5929
-6.4359
-2.8959
-2.3249
-0.3783
0.1033
2.5878
0.0888
-2.7536
-3.6762
-3.4928
-1.0103
0.6774
-0.8795
-1.9441
-5.7426
-7.8633
-3.4117
6.1184
9.8035
6.2099
7.9130
6.7660
-2.0007
-4.3979
-5.2818
-5.5733
-7.2179
-6.9323
-3.3814
-2.2824
-0.6023
0.6444
0.3543
-0.3347
0.5950
0.0255
-2.5889
-1.6315
-2.3904
-2.5325
-2.4143
-2.6056
-0.9530
-0.0963
-1.5177
-1.7691
-1.3698
-0.0769
2.3148
2.4986
-0.8409
-2.6257
-3.1335
-2.7013
-1.9036
2.2837
2.6046
0.6344
-0.6398
-0.1267
0.3576
-0.3749
0.1808
-1.5877
-4.4508
-2.4544
0.0318
-1.3625
-3.5854
-3.0847
-0.0087
1.7308
-2.5292
-3.9867
-0.4958
1.9023
2.6526
1.6595
5.8885
7.6593
4.5624
3.4641
0.8181
-1.4624
-4.8000
-4.1920
-0.1577
1.1359
-0.1264
-0.2007
-1.8183
0.8888
0.9993
0.7500
-1.6861
-2.2945
-2.1354
-6.1204
-7.6307
-6.6367
-0.9252
0.6468
0.5025
0.4270
-0.1774
-1.1041
0.6470
1.2385
1.8782
3.2251
2.5680
-2.8731
-3.9809
-1.7928
1.6001
1.0819
-1.0555
-0.3915
-2.3494
-3.3946
-2.1604
-2.9460
0.3517
3.3575
0.6544
1.7724
3.7720
4.2582
1.0687
2.8422
1.8891
-3.5427
-7.4843
-9.1068
-6.9875
-5.0856
-6.8019
-9.1069
-4.5064
-1.6445
-3.6724
-7.6441
-15.2614
-15.6451
-10.6888
-3.6596
-3.8054
-1.9787
-0.7641
-1.1001
-0.8293
1.6616
0.5301
2.1976
2.5907
1.8799
-1.2618
-0.6876
-0.2842
1.5632
3.3644
-4.3354
-9.2236
-9.3990
-6.6657
-4.7365
-2.6855
-1.6484
-3.0583
-4.0701
-4.5392
-5.5661
-4.0153
-3.0990
-5.2698
-3.0609
-2.4946
-1.9546
0.9578
3.0191
1.3076
2.6745
-0.1776
-1.1677
-0.6613
5.7712
4.3980
-0.6521
-3.8188
-5.5521
-6.1086
-4.3499
-1.0735
-4.0019
-9.3003
-5.6948
-2.3316
5.7578
2.9216
0.3641
-1.0736
2.0492
3.5379
2.7155
1.1000
-1.9092
-2.5968
-0.5325
1.2764
3.7833
4.2263
2.1497
3.0364
5.4999
4.0340
3.7470
4.3261
3.8846
6.3188
10.6219
10.0213
6.2184
-0.8670
3.2241
6.1376
4.9623
1.4617
-1.0545
3.3393
3.9355
1.5861
-0.9261
-0.4518
-1.3119
-1.5124
0.5492
1.4809
-1.9552
-1.9620
0.8977

Coefficient 31:
0.0000
0.6480
-0.3022
0.3744
0.7562
-1.3675
-0.6670
0.5967
-2.1994
-3.6078
-0.2984
1.0417
1.4443
-1.8749
-4.4078
-0.0022
-2.2172
-1.2076
2.4985
0.7953
-1.0696
3.4681
4.4124
-0.7330
-2.3315
-3.6470
-2.7889
-5.4019
-9.5295
-10.3582
-10.1393
-8.7727
-4.9036
-3.5840
-8.8167
-10.7772
-1.4166
-3.9292
-6.4005
-3.8813
-9.7979
-16.4272
-9.8445
-4.1529
-0.4548
-4.2684
-6.1500
-9.4713
-8.4199
-7.0576
-15.0308
-20.1595
-12.6781
-8.0816
-0.8783
1.8813
-0.8300
-3.3321
-10.8302
-4.2537
9.6373
21.0775
16.8281
10.2864
-1.1098
-5.8818
-16.7163
-17.5182
-15.4696
-10.8054
-11.3336
-14.5198
-11.6110
-8.6599
-4.7730
-5.1605
-11.9274
-15.8486
-12.9625
1.5714
19.9271
20.7104
4.9678
1.7823
8.5883
4.2910
1.0291
-5.4981
-8.1991
-9.1695
-8.0723
-10.8253
-11.3246
-10.6363
-8.1263
-2.3335
-8.2213
-10.5983
-13.5915
-8.7399
-7.1854
-9.6845
-2.5454
0.3274
-5.8352
-6.8956
-4.3310
-2.0525
-6.2210
-6.1509
-4.5350
-5.2101
-7.6706
-2.4555
4.8834
6.3422
2.6286
1.1307
1.3146
1.0750
-0.4045
-2.1457
-0.8469
1.1862
0.6062
-1.9399
-2.2221
-1.3710
-0.8652
0.2100
0.5551
0.0635
0.2526
0.0234
-1.5840
-2.0594
-2.4362
-3.7480
-9.6286
-11.0103
-13.6771
-14.5002
-11.6234
-11.6223
-10.4799
-8.2126
-10.1528
-12.0186
-12.8659
-6.8320
-3.1186
3.3033
4.1103
1.5224
-0.8751
-1.9063
0.9102
-0.2610
-2.6199
-2.4050
-1.8295
-0.5357
0.5753
0.6555
3.5952
3.2596
-0.1514
-3.2038
-2.8938
-3.2050
-3.5072
-4.8203
-7.9339
-12.5853
-8.5706
-11.9798
-13.5735
-9.7922
-5.1246
1.9637
13.5700
12.6746
17.0331
22.2968
31.5531
33.9294
24.3126
15.5453
15.9114
22.1542
4.3870
-1.7472
-6.4619
-7.9823
-5.3442
-7.0990
-6.9089
-6.2202
-4.5002
-4.4110
-6.0274
-3.4328
2.0035
2.4611
6.3410
-0.6872
-2.4804
-2.9742
-0.0844
-0.3033
-1.1932
-2.6870
-5.2627
1.1896
-0.7432
-6.7775
-9.5960
0.0733
-2.3694
-0.6829
-3.0148
-5.9992
-7.1288
-7.7430
-5.2401
-6.0646
-3.6136
4.2809
5.9982
-8.8847
-14.4923
-7.5626
-6.4348
-6.7823
-7.4222
-8.7890
-5.9091
-0.8130
3.0567
-1.4861
0.2659
4.8590
4.2461
-0.9109
-10.2540
-11.4105
-6.7230
-4.5063
-1.4918
-1.2810
1.1649
3.2999
3.8237
2.2789
-3.9221
-5.7632
1.4476
9.5981
2.3943
-5.2630
-4.8165
-8.6090
-8.4853
-8.3446
-5.4864
1.3986
4.8840
3.5501
1.7716
-6.5624
-13.4669
-16.6315
-13.3843
-15.2467
-19.2447
-18.2956
-19.7330
-17.6001
-15.5079
-19.1784
-21.2793
-20.0427
-20.0370
-15.1629
-8.2656
1.0893
2.4101
10.5609
14.5052
15.2925
11.3828
5.7854
2.0192
2.0158
0.0445
0.8803
-1.7100
-4.3677
1.1861
2.9681
0.6642
-0.7924
-0.7632
1.3018
0.1832
0.3477
1.2618
2.3214
5.5872
8.1602
6.8980
2.9779
0.0376
-4.0116
-4.1997
-1.5331
-0.5248
-0.1890
0.0918
-0.3168
0.5950
-0.1416
0.4202
1.8688
-0.7483
-2.4427
-1.0162
0.8262
-0.9793
-2.2173
-3.3043
-2.2220
1.0134
3.6265
1.0380
-0.8414
-0.8593
1.6783
1.0371
3.9700
5.1261
2.6167
4.6235
3.2771
0.9301
2.8646
2.8242
0.1168
3.8586
4.7510
3.4403
4.6324
6.1217
2.4021
-2.0952
-3.4711
-6.1588
-2.4998
2.2746
3.6586
1.9830
-0.4278
-6.7830
-11.9334
-10.0836
-8.9015
-5.7207
-5.9951
-2.8031
-0.3429
-1.8645
-4.0738
-2.5358
-0.4934
-3.5530
-4.5569
-8.2141
-8.4560
-4.2471
-1.0054
-1.3259
-2.2915
-0.7203
-0.3174
0.3540
-3.7192
-5.2880
-4.7373
-6.0955
-6.6604
-4.7620
-0.3343
0.4917
1.7969
0.8382
1.5568
3.9396
2.5889
1.4416
1.2334
-0.4457
-0.4531
-2.9978
-4.2983
-2.1103
-0.6454
0.3536
1.3664
0.0467
-1.8804
-1.8519
-1.1974
1.0946
1.8527
-1.2337
-0.6236
-0.2016
-0.5131
-1.9479
-2.6212
-3.4066
-3.7507
-3.5601
-2.7546
-2.3162
-1.2449
-1.3478
-1.5104
2.2396
10.5447
17.9905
17.7453
20.5893
21.2906
19.0834
20.8285
17.4047
18.6720
11.1521
4.1036
3.6622
3.7439
7.0891
7.5916
2.0249
-1.1217
-0.6774
0.5234
1.2676
3.6368
5.3354
1.5240
2.8006
3.4560
0.2708
-0.9676
3.3878
8.6985
8.5113
8.0002
4.4971
5.4501
2.1699
2.0569
3.1227
0.1283
-1.0469
-1.9048
-2.4215
-1.6804
0.8184
4.4170
3.9383
1.3714
1.4437
-0.5726
-0.9362
-2.6398
-3.9062
-3.2388
-3.0487
-1.9884
0.0203
-3.4990
-3.1443
1.6770
4.4972
2.0311
0.3960
1.2483
3.4187
3.0557
1.2548
3.6909
2.9359
-4.4867
-10.1012
-9.8077
-6.6462
-4.6952
-2.5705
-4.0113
-1.0678
2.9162
2.3897
3.0866
-0.0784
0.7364
5.8622
5.8734
6.8485
7.5457
7.7180
7.4920
3.9336
-2.3407
-4.2786
-5.9034
-3.3886
-2.9431
0.6772
-3.0983
-1.3062
0.1751
2.5848
0.7536
-5.4502
-5.3859
-5.4788
-1.2347
1.8489
-2.3473
-1.2948
2.5347
-2.1069
-2.1424
-5.2227
-1.0549
0.3391
-2.3890
-6.3016
-8.2314
-8.8977
-6.6341
-0.4245
-0.2250
0.2435
-3.6494
-2.6573
-0.8968
-1.9046
-2.6124
-2.1562
-3.0994
-2.7007
-2.5175
-3.2547
-2.4835
-1.7999
-1.7701
-1.7002
-1.3301
0.2815
2.5592
2.7865
-0.8094
-1.4631
-2.4509
-2.5043
-1.5035
1.7769
2.5226
0.7846
-0.6194
-0.1461
0.6194
0.2419
1.3380
-1.6401
-6.7141
-6.1097
-2.4044
-0.7164
-2.6998
-3.3950
-1.7085
0.5230
-3.7965
-4.1235
-0.2204
1.6473
2.4376
2.0413
7.8521
9.6537
5.5841
2.7876
-0.1589
-2.1446
-5.6539
-4.5369
-1.4860
-2.7636
-3.9677
-2.3361
-2.2605
1.0687
1.1342
1.0770
0.7450
-0.2158
-0.7260
-5.7841
-7.7946
-5.0709
-0.5003
1.2158
-0.0228
-0.8361
-1.1254
-0.8939
0.4275
1.2687
1.0408
2.4792
2.5934
-2.5255
-4.3971
-2.6818
1.4222
0.7487
-0.8656
0.0872
-2.1760
-2.6813
-1.2305
-0.5943
2.7983
3.4473
0.3458
-0.3290
-1.1850
0.7311
3.4116
-0.5881
-3.1188
11.8938
8.5292
1.0257
-2.8014
-0.4648
-1.7656
0.2105
4.8299
4.3594
0.4520
1.2425
2.0126
-2.4107
0.1968
3.5326
2.3346
0.0121
-0.1443
-0.0671
-3.2544
-6.0751
-5.9136
-4.7552
-3.4372
-3.0049
-5.8339
-4.1816
-2.1458
0.9380
6.7754
2.2837
-0.8327
1.4398
6.1340
7.2194
8.1664
7.4369
6.4910
5.6777
4.7594
0.5379
1.4179
0.8586
-2.2723
-0.9960
-1.8196
-2.2311
0.6939
-2.3243
-4.2866
-1.8460
-0.3296
-1.1962
-2.0039
2.4223
2.0914
1.3331
-1.5878
-4.3126
-7.0258
-7.5621
-9.0094
-7.7060
-7.9401
-6.1378
-2.0905
4.0592
-4.0966
-10.6391
-6.9274
-2.2064
-1.6851
-2.8664
-2.4504
-4.0893
-2.5092
1.4521
2.0669
3.8825
3.3687
-0.2352
-3.4833
-3.0427
-3.4938
-2.6411
-2.1859
-2.9778
1.5262
-0.2565
-2.7581
-5.2022
-4.3485
0.6326
4.0404
3.5551
-0.2054
1.6173
5.1585
3.3927
1.9888
-0.4124
-0.3293
-1.3216
-1.2728
0.8441
3.2412
0.5326
-1.3660
0.5494

Coefficient 32:
0.0000
-0.9336
-1.0683
-1.3770
0.4397
-1.3403
-1.5641
-0.3463
0.1195
-1.8925
-0.5924
0.1959
0.0946
-2.4980
-3.8235
-0.3593
2.0786
2.2640
-3.3580
-3.6943
-4.1979
-0.5983
1.8774
0.1923
-1.0212
2.6594
4.9373
0.2521
-6.0896
-4.7656
-6.8324
-11.2813
-13.0808
-8.6820
-7.9442
-11.8308
-7.8523
-8.8471
-9.2197
-6.3963
-9.6457
-8.2832
-5.7848
-4.3142
-11.5400
-14.4890
-13.2786
-13.1309
-12.1418
-12.9559
-18.5268
-16.2702
-10.0869
-8.6991
-3.0389
-3.4962
-2.7363
-0.5675
2.3820
15.4953
27.5961
32.6361
22.6894
16.7092
12.2240
6.3847
-1.1678
-3.1526
-10.4690
-17.4964
-11.5899
-5.1642
3.0620
3.1990
-3.1814
-17.2949
-18.0045
-11.0628
-2.3124
8.7428
28.4407
38.7708
28.7877
20.1314
21.2868
12.6506
7.5348
-0.1249
-13.2909
-22.8239
-25.8384
-24.3432
-18.2898
-13.6117
-7.4255
-10.6566
-18.2893
-16.8772
-10.4120
-1.2180
-1.7637
0.4915
2.6714
2.3844
0.1145
-4.1447
-0.5160
2.2578
-1.4215
-3.4420
-4.1964
-8.4607
-7.6127
0.3169
2.3190
2.8836
1.7505
-0.5389
0.0555
0.7818
-0.1168
-2.2661
-0.9553
1.0086
0.4768
-1.9739
-1.7642
-0.8482
-0.6622
0.0669
0.6366
0.5980
0.6684
0.4170
-1.2468
-1.8009
-2.3409
-2.3375
-1.4593
-2.2528
-7.9090
-8.6276
-6.3182
-6.4383
-5.4148
-1.4432
-2.7716
-5.1645
-8.2149
-2.9688
0.1091
7.3302
10.1594
8.4238
3.4391
-0.6669
1.4868
-0.0688
-1.9677
-0.6011
0.3204
0.9853
0.6286
0.6728
-4.3612
-10.9749
-11.6421
-11.4801
-8.8821
-11.5723
-6.5505
-4.1321
-2.3968
-2.4485
-0.2900
0.9378
0.8552
0.6324
-1.2701
2.7321
11.2384
23.6468
34.0015
42.2092
48.5498
47.0403
41.4959
30.6903
22.1423
19.8546
3.8124
-0.1446
-2.7277
-3.8117
-9.3108
-9.4661
-9.4138
-8.0704
-3.4542
3.4489
-1.2315
-3.1641
-5.7933
-5.0261
-5.4783
-5.5342
-5.2446
-1.4456
5.0170
3.2667
-1.4699
-1.8369
-6.5570
-8.2818
-3.7751
-4.6475
-2.4985
6.2965
5.0196
1.0938
-2.5531
-1.9104
0.1663
0.3680
1.7851
-4.3722
-8.2974
-6.3392
-10.7568
-17.3586
-14.2717
-8.5044
-6.0563
-5.9429
-0.6833
4.3490
5.1108
-3.8884
-3.8271
-1.5355
-1.9600
-1.6753
-3.7796
-10.6726
-3.6973
-3.0442
-3.2820
7.9901
9.6829
6.9943
2.5180
-7.2963
-11.6574
-16.3457
-3.5940
2.6138
6.5241
11.3788
8.7695
0.6224
-9.9743
-6.9353
0.9942
1.8028
2.6254
0.3733
-0.9021
-5.2634
-6.9826
-13.9466
-17.6846
-12.4756
-6.4398
-4.6818
-9.2283
-3.1791
-1.5286
-2.0267
-0.8739
-7.2949
-7.4074
-6.6009
-11.4756
-13.6415
-10.4182
-13.6076
-16.4786
-16.8016
-10.7061
2.1747
4.4865
0.4810
-4.2305
-0.1283
-2.6514
-0.5972
-1.2448
-2.4367
-2.7828
-5.0584
-7.4013
-4.4980
-4.6222
-2.9183
-0.0270
0.2295
-1.4638
-4.6935
-7.6021
-6.2019
-5.5898
-5.2793
-3.3834
-4.4675
-5.1838
-3.0361
-1.8660
-0.9343
0.1132
1.9426
2.9203
2.1130
0.4319
-5.3292
-3.8942
-0.5238
-0.1901
0.8889
1.9873
4.4481
4.8308
4.7294
5.5169
3.8877
0.8085
-1.2565
-0.1941
3.5474
1.4808
1.9859
3.7973
1.0717
-0.4171
-1.9959
-4.2293
-1.4941
1.3682
-0.0497
0.0299
-0.5968
-2.1786
-1.6662
-2.6506
-7.4054
-10.5055
-8.3423
-8.6691
-12.2670
-9.2283
0.4580
3.9946
-1.3374
-7.0339
-12.4976
-13.2062
-10.7047
-14.5427
-17.4902
-10.4808
-3.0755
0.6272
1.1983
-0.3602
1.0855
1.8485
-0.0652
-5.4737
-6.7285
-3.0722
1.9946
3.9768
1.9779
2.0348
1.0158
1.0981
-2.0646
-1.0954
1.3655
0.4643
-3.0818
-2.8197
-0.5353
-1.8545
-1.6292
-1.6384
0.7476
2.2415
-0.6333
-2.9027
-2.8965
-2.7669
-0.7980
-1.3224
-4.8146
-2.1791
0.8132
2.6245
2.6378
0.4718
1.7057
3.0113
1.4464
3.2558
1.9180
-1.1506
-0.0852
-0.4213
-0.9041
-0.7087
-0.7341
-2.2828
-3.6406
-3.5670
-2.9600
-2.2712
-0.9868
-1.1466
-0.2265
-1.3907
-3.1530
-0.2588
-1.6895
1.9160
1.4895
-0.5545
3.2251
2.3848
5.7309
2.3712
-0.4619
3.8263
4.0708
8.7718
10.5215
6.6626
2.9251
1.7711
1.6116
1.3694
2.7244
-0.8957
-11.3145
-19.4950
-22.3446
-22.9092
-21.2740
-15.0283
-6.0937
-5.0437
-4.5739
-6.8721
-5.9860
-1.4360
3.6397
4.0123
0.3857
1.7972
0.3650
-2.0852
-1.5429
0.9385
3.9734
3.9956
1.3659
1.0426
-0.4685
-0.4842
-0.2672
-2.3504
-2.7709
0.0644
-0.3571
-1.6424
1.1142
9.5327
10.0766
7.0384
2.7712
-1.9902
-2.2119
-0.5127
1.9234
1.5658
5.2310
5.3708
-2.6732
-3.2336
-4.3966
-4.0780
-3.6109
0.3904
0.1074
0.9226
3.2014
3.9733
7.4759
4.6281
2.6910
7.3834
6.7198
7.3952
7.4272
9.1752
10.9076
8.6897
-0.3031
-6.1971
-9.8648
-6.9606
-6.2757
-2.6329
-7.6174
-5.9127
-6.7235
-4.4085
-3.4580
-2.5906
2.4568
0.9361
0.6246
-1.5685
-5.4630
-1.6255
3.6114
0.2235
-1.0283
-4.0729
-2.2549
-0.4687
-0.7140
-0.2048
0.2940
-1.8604
-2.9561
-3.2542
-3.0702
-1.5074
-4.0183
-4.8353
-4.1237
-3.9022
-2.6403
-2.5610
-3.2869
-2.5216
-2.4257
-3.1061
-3.1551
-2.8149
-1.8874
-1.6665
-1.2738
0.3558
2.3765
2.8148
-0.8536
-0.4509
-1.8481
-2.2934
-1.1855
2.6989
2.2401
0.8171
-0.6857
-0.2929
0.7428
0.6709
1.6507
-1.8471
-6.3415
-6.7561
-4.3186
-0.8044
-3.1525
-3.5485
-3.4469
-0.9748
-4.7151
-3.8901
0.0893
1.2934
1.9863
1.9552
7.3292
8.8987
5.3403
1.7954
-0.8111
-1.4480
-4.7303
-3.9806
-2.7715
-6.4544
-7.1296
-4.3222
-2.5761
1.0457
1.0858
1.2870
2.9872
2.4164
1.2515
-4.1665
-6.0185
-3.3760
-0.1143
1.2592
-0.6067
-2.3054
-2.3497
-0.7118
0.1793
1.1986
-0.2656
1.0903
2.0293
-2.2229
-4.1840
-2.9453
1.2630
0.3594
-0.7210
0.4422
-1.8529
-1.6789
-0.1927
1.1821
4.1221
2.9110
-0.7144
-0.2711
-0.1971
0.3415
-2.1942
-3.4713
0.0118
9.1274
3.3668
-2.4363
-6.1199
-1.1679
-0.1772
-1.2382
3.0711
4.7323
2.2336
6.7196
13.1134
12.9279
9.6939
5.1857
-0.9532
-0.1126
3.7930
4.2447
2.2006
-3.1229
-8.6869
-8.7506
-7.7759
-6.6348
-9.1407
-7.8790
-4.7872
-3.1954
-1.9296
-5.3907
-5.0945
-1.8223
-0.0825
-2.9560
-4.9958
-7.2583
-9.1078
-7.2709
-5.5096
-5.8116
-4.1232
-3.4670
-4.5805
-1.7686
-1.0581
-2.4435
0.5478
4.0160
-1.6947
-3.0270
-3.1439
-1.8986
2.3756
8.7225
8.2733
0.0489
-3.6825
-3.2644
-3.6170
-3.6001
-6.2076
-4.6645
-6.7466
1.9706
2.6416
4.7620
3.6936
-0.5218
-0.2358
3.1023
2.6687
1.6320
0.3102
-2.2652
-0.8117
1.2831
2.4176
3.5477
2.0281
0.9498
4.7749
4.0539
3.6025
4.1471
-3.5837
-2.2754
-4.2788
-3.6937
4.1091
12.9122
10.0831
1.7829
1.3183
5.1132
7.0496
3.5237
2.9389
2.4740
2.1623
0.1378
-0.6291
-1.4121
-1.0455
1.0164
4.0383
0.8470
-1.5062
0.1687

Coefficient 33:
0.0000
-2.1769
-0.5940
-1.2541
1.0059
-0.9505
-2.3692
-1.6676
0.9554
-1.7399
-1.5645
-1.9289
-1.9495
-2.7242
-3.6146
-2.8468
-0.8023
-0.5792
-1.2350
-2.1580
-0.6285
-1.1648
-3.0458
-1.3548
0.9013
1.3343
-1.2084
-4.9127
-4.9343
-3.9744
-3.2511
-2.0808
-3.8070
1.5221
3.5977
2.7223
-2.3909
-12.5321
-9.9182
-9.7562
-13.9690
-14.1123
-21.6958
-24.6044
-25.0017
-22.2309
-10.9710
-14.0274
-16.0701
-17.8201
-17.7625
-19.0223
-22.8494
-21.5746
-12.5516
-12.2994
-16.7498
-17.4528
-7.1753
6.4826
18.7141
20.7380
11.6304
6.5796
13.9088
5.2266
-7.9606
-10.9113
-19.5371
-24.5518
-18.8826
-17.6211
-16.1271
-11.9405
-16.5604
-21.2286
-31.5186
-21.4167
-7.0285
6.1918
11.7755
19.6272
18.2970
22.9204
30.2143
23.4808
11.4986
7.3022
9.5155
7.1919
-2.0735
-4.5480
-7.8123
-6.6629
-3.4599
-3.9544
-6.5085
-13.0606
-10.1297
-4.3247
-7.5312
-7.1969
-6.8501
5.1233
1.0588
-0.6674
-4.6769
-5.9728
-3.7595
-5.3410
1.2892
0.7810
-1.0948
-0.7456
-1.3962
-1.4244
-0.4389
-1.8809
-2.0916
-2.8533
-2.1045
-2.3523
-1.1359
0.5639
0.2548
-1.8858
-1.0392
-0.2641
-0.2346
-0.1226
0.6857
1.1211
0.9968
0.7817
-0.8617
-1.5303
-2.2122
-1.7250
4.0668
5.5173
2.7443
2.0732
1.8949
1.6574
2.7941
2.1391
0.7213
-1.5518
-5.0190
-1.8609
-0.9656
0.2158
4.0984
4.4230
3.5118
4.8414
4.8743
1.5030
-0.5890
1.2820
1.8850
2.1803
0.6356
0.9326
5.8743
-0.9062
-4.5228
-2.4391
2.7193
-2.1326
-15.1918
-22.7277
-15.5693
-9.8177
-9.3644
-10.4285
-8.7669
-7.2476
-10.6586
-11.4312
-2.6609
9.1102
9.6307
8.7164
21.0355
34.2030
36.5245
30.5014
17.4977
10.0038
6.3055
-0.6873
-6.5433
-8.6484
-14.5471
-16.7721
-14.7123
-8.8535
-8.0496
-8.6897
-19.1637
-24.6853
-28.6888
-23.0737
-16.7959
-17.8122
-10.0458
-4.1131
-6.4843
-17.8376
-23.1273
-22.2198
-16.6791
-16.1461
-15.5421
-17.9350
-18.8098
-13.1614
-11.5994
-11.8936
-9.9284
-11.6416
-13.3774
-14.2341
-14.6943
-13.7858
-9.6386
-7.2850
-10.4903
-4.7907
-2.7934
-1.8637
-6.6456
-12.7168
-12.1493
-6.3743
-10.6252
-16.9371
-9.0708
-1.1011
-8.4943
-17.0076
-12.2710
-15.4262
-21.6553
-27.1546
-30.6655
-24.5646
-23.1131
-20.0399
-18.5368
-14.8641
-13.0337
-4.2611
-11.7799
-16.6483
-18.4787
-18.8649
-14.9267
-5.2009
-9.6017
-17.5832
-19.8504
-19.0984
-20.4249
-21.0666
-17.5775
-17.9420
-13.4852
-10.2200
-11.9415
-17.4911
-28.6622
-24.9344
-22.5801
-12.4205
-5.1209
-5.5043
-9.0342
-11.5145
-12.9008
-5.9100
-6.3977
-6.9035
-6.2075
-5.6825
-4.6018
-6.4968
-0.8295
3.8737
0.2381
-3.7193
-7.4295
-2.5646
-5.2118
-2.1371
-1.3756
-1.5630
-2.0873
1.6856
2.5606
1.7541
-0.4848
-1.5209
-0.7933
0.0419
-2.0633
-3.0527
-6.4313
-4.7161
-3.5507
-3.5770
-5.8046
-8.4625
-7.1979
-3.9121
-2.8183
-1.4883
-0.5498
-3.8935
-2.8066
-1.6484
-0.1603
3.8792
2.7872
2.0215
0.2657
1.0258
2.8851
1.6421
0.1581
0.9467
3.5297
3.7558
0.5298
-1.3990
0.0536
3.5628
0.5562
-2.6345
-5.0098
-7.4748
-7.9692
-9.2008
-11.2780
-8.8504
-4.5905
-3.6339
-2.8585
-1.5331
-4.0377
-1.0979
-3.2543
-2.6081
0.2445
3.4058
5.5381
3.2879
-1.0664
-3.7525
2.5732
4.0184
2.6709
2.5858
0.0030
-0.3654
-6.9229
-6.8826
-5.2038
-3.0472
0.2681
1.2409
-5.4093
-4.8285
1.1992
2.4223
-0.6968
-1.2545
-0.3855
0.4852
3.6093
3.4141
1.3578
-0.7832
-0.0932
-0.2085
1.9321
0.3312
-0.8450
-1.6058
-0.3595
0.3152
-0.4941
-0.0392
-2.1735
-1.3738
-0.1261
-2.8958
-4.6680
-2.2842
-1.9023
-1.0081
0.5711
-0.4403
-0.5645
-0.7081
-0.6344
0.1655
0.8922
-2.0546
-1.9603
-1.6205
1.3862
1.2552
-0.4142
0.3410
-0.2776
0.2115
1.4390
2.2891
-0.0802
-3.2531
-3.5137
-3.1334
-2.3335
-1.0193
-1.1167
-1.0568
-8.8141
-14.6126
-16.1176
-15.0471
-8.6265
-11.3658
-14.4119
-8.7092
-6.3109
-6.9037
-5.7062
-5.4680
-2.3711
-2.2014
0.8616
2.4728
2.6758
3.7015
2.5928
1.9513
0.9070
2.4679
2.7363
2.4246
0.5105
0.6947
-0.2681
-1.7408
-1.1143
0.6057
-4.4304
-5.4505
-4.2256
-6.1998
-1.1360
5.1284
3.3912
1.4178
3.1106
2.8144
-1.6931
-1.5634
0.9727
3.4340
3.6626
1.0524
0.4951
-0.2841
-0.0792
-1.5332
-3.2567
-5.3263
-9.0289
-8.7345
-1.9248
-5.5779
-17.7431
-20.8759
-16.0613
-8.0805
-6.7348
-6.4824
-5.0572
-1.7782
-1.4086
-2.7391
-0.2560
-0.0352
0.7099
-0.5195
-0.2172
-0.8785
2.3773
2.7348
2.3889
2.3472
-0.2364
0.3730
0.7856
-1.0116
2.6267
1.6406
1.5740
1.0204
2.6693
4.1299
3.2628
-1.9604
-6.4994
-10.6807
-8.9314
-8.3771
-3.9132
-3.6663
-4.9177
-8.6984
-12.4944
-10.6412
-6.5479
-4.3686
-7.3329
-10.1646
-8.3532
0.3172
5.8646
6.6813
-4.3276
-18.2171
-15.4244
-1.7269
-2.1320
0.5349
1.1065
-0.8648
-0.3285
-0.8860
1.2840
-0.8857
-0.3429
-2.6895
-1.8115
-2.8548
-5.1145
-2.5925
-2.7006
-2.8511
-1.9539
-2.1089
-2.1783
-2.9362
-3.0243
-1.8310
-1.6529
-1.1792
0.1560
1.7290
2.5727
-0.9404
0.2395
-1.3721
-2.0652
-0.9857
2.0544
1.7880
0.6387
-0.8150
-0.5364
0.7083
0.8906
1.0407
-2.1805
-3.7558
-2.6560
-1.9876
-0.1246
-3.9096
-3.7345
-4.9962
-2.5807
-5.1424
-3.3711
0.3944
0.9043
1.3514
1.4100
4.7252
5.7034
3.6074
0.2385
-1.2118
0.8593
-1.5331
-2.4733
-3.4434
-6.6511
-6.1623
-4.0105
-2.1135
0.9440
0.9912
1.5549
5.0495
6.7392
5.7512
0.8388
-1.4110
-1.5410
0.0952
0.3572
-1.0801
-3.5336
-3.4221
-0.6861
-0.0745
1.0642
-1.5513
-0.3656
1.2465
-1.9593
-3.5141
-2.5033
1.2213
-0.0382
-0.6221
0.6495
-1.4292
-0.6305
0.1912
0.9504
3.1125
1.6456
-0.8266
-5.6810
-9.3565
-6.6455
-1.9614
1.1558
-2.4092
-11.3753
-15.9045
-17.0153
-15.6987
-15.3604
-8.5342
-4.0477
-3.0211
-4.5853
-4.5673
-5.8446
-9.8145
-13.7873
-12.9676
-5.7718
-4.1867
0.8276
0.9974
0.0482
-0.9860
-5.0881
-7.7677
-6.2784
-5.9065
-4.5785
-6.7698
-5.6070
-2.3689
-1.8524
-0.4005
-3.8224
-3.5744
0.9069
6.4725
3.8982
3.5187
3.0729
2.3637
1.9882
3.0299
1.0189
0.8876
-0.3143
-1.9770
-0.3527
-0.8941
-2.7484
-0.4025
0.0444
0.6136
-1.2298
-5.0855
-6.6534
-4.8756
2.2416
1.8329
-0.5021
-1.3174
-3.7323
-6.6875
-3.9381
-3.8123
-9.9413
-9.8253
-4.0798
-1.8189
-2.2589
-2.3757
-2.7909
-0.8081
1.1431
-0.9088
-2.8934
-3.0727
-4.1969
-1.7973
0.9099
2.3397
2.8333
0.4327
-0.3952
3.5601
-8.8040
-10.8806
-9.6947
-8.3313
-3.7032
0.3018
2.5969
1.0888
1.3726
1.3689
1.6213
2.3371
1.7500
-5.1604
-5.0091
2.6134
1.3158
1.9417
0.6253
-0.8760
-1.5535
-0.9971
1.0557
3.7275
0.5160
-1.5683
-0.3365

Coefficient 34:
0.0000
-2.9892
-0.6559
0.1762
1.5671
-0.4953
-2.8131
-2.7227
0.1500
-1.1291
-0.4733
-2.4898
-2.1564
-1.7859
-2.5769
-2.0694
-0.6577
3.5504
2.9392
1.6305
4.7427
1.0430
-0.6166
-1.1947
-0.3070
-3.3787
-5.6746
-4.1585
-2.4172
-13.4132
-18.9553
-18.0384
-13.6767
-3.1481
1.4473
0.5110
-3.8709
-6.1960
-2.3636
2.8831
1.6777
-6.3987
-8.0011
-14.3256
-18.5635
-12.3930
-6.4833
-15.8621
-17.8399
-8.8043
5.9215
9.0706
-5.8824
-15.2754
-16.4065
-11.5963
-9.9245
-8.6660
-1.5770
12.6708
21.5726
20.1807
10.5085
6.1922
19.9508
22.6031
12.9546
9.0893
2.2360
-7.8155
-11.9964
-11.5633
-14.6746
-15.7046
-21.1632
-29.5456
-10.1652
12.1909
25.5354
21.2994
18.5550
17.9686
16.0793
12.3376
14.7005
10.5273
4.9688
4.6683
8.4324
6.6432
-3.9327
-6.2345
2.1300
2.0449
3.0059
2.1220
1.8085
-6.9647
-15.1254
-18.3450
-17.2402
-11.0525
-4.6710
-2.3665
-13.8074
-15.4366
-12.0034
-10.6327
-12.2433
-11.6542
-10.3808
-11.4295
-13.9267
-5.2501
-5.4420
-2.3441
-1.1190
-0.4139
-0.2388
-1.9075
-1.8642
-2.3994
-1.2627
0.5109
-0.0071
-1.9331
-0.9921
-0.0941
-0.1704
-0.3469
0.6996
1.5842
1.2155
1.0787
-0.4674
-1.2670
-2.0594
-2.0951
2.7340
6.0551
7.3494
7.0419
5.5365
6.1681
5.7460
1.8980
0.8622
0.8794
-4.7387
-4.8195
-4.6008
-1.1549
-13.5940
-17.4359
-15.3342
-3.2896
-0.1888
0.4013
-0.5730
1.6336
2.4614
2.7057
0.5977
1.3409
4.3165
-5.7332
-9.9574
-8.2053
-6.4587
-8.3574
-8.3755
-12.3717
-10.9904
-11.7157
-10.1999
-8.3475
-6.1729
-3.2441
-6.7801
-3.2151
11.3158
16.2623
8.4679
2.1173
5.7671
16.0935
28.5656
30.9254
21.2919
14.3509
15.6684
3.6626
-8.2108
-8.7543
-1.3988
-1.1291
-1.4807
-1.5184
-3.7075
-17.6820
-32.8170
-32.2711
-30.1791
-26.8644
-21.3595
-15.8150
-10.0619
-6.8630
-5.8106
-3.7852
-8.3653
-14.4303
-16.8450
-15.0604
-17.2087
-19.9489
-20.3541
-5.5631
-7.3938
-7.1962
-6.5902
-7.6557
-11.9295
-6.8099
-4.8906
2.0816
3.2280
2.5448
-1.4637
-5.7469
-13.2744
-13.4759
-7.7377
-9.0170
-10.0844
-3.8128
-4.1545
-3.0629
-3.5938
0.5319
-2.4504
-8.5779
-5.6781
-7.0963
-10.0294
-13.2931
-17.0099
-15.2802
-8.9037
-6.1062
-5.4113
-7.4688
-10.9573
-9.2873
-6.6797
-7.2942
-9.1324
-11.3512
-8.9106
-3.7418
-4.4066
-9.9991
-8.7725
-6.1450
-2.0398
2.9723
6.6450
4.9870
-5.0570
-11.3116
-12.2962
-10.5293
-13.0980
-20.6906
-18.9822
-13.9383
-13.1837
-16.7336
-16.8135
-9.1322
-14.8065
-14.4841
-13.0085
-10.5466
-4.4675
1.3877
6.2735
7.0848
15.4777
14.6889
-3.3918
-7.0635
-5.3639
-3.9235
-6.4886
-3.2808
-2.4008
-4.2786
0.3060
4.0411
3.3503
2.0586
0.2632
1.3152
0.0965
-0.0879
1.0643
5.2454
8.2942
10.6842
9.9752
5.8257
0.0400
-5.0235
-6.0248
-3.9946
-3.2407
-1.7611
-0.4289
2.0284
-1.8903
-1.9753
0.1809
-0.5494
-2.2105
-2.3182
-0.5383
1.0134
-0.4743
-2.6819
-4.1182
-3.7490
0.6829
3.2735
0.2826
-1.2174
-0.1560
1.9557
-0.7345
-4.3640
-7.5028
-8.4541
-7.3043
-8.3742
-8.7908
-6.6488
-0.6006
0.7976
3.3762
4.5508
-1.2359
-2.8514
-8.4309
-3.6137
0.5836
1.6105
4.1883
5.5139
2.8839
-5.8914
-1.7256
-0.0317
-2.0694
3.7998
3.3445
1.2034
5.0276
8.2064
3.0740
-0.2931
-3.7742
-3.0625
-4.3539
-6.6113
-3.3058
0.3283
0.3765
3.1359
3.4335
0.0056
2.7769
3.8317
0.3364
-1.7016
-0.0422
2.2584
0.4574
-5.6953
-5.6760
-1.8088
1.2106
2.0846
2.4202
3.1508
-0.8372
-1.1661
1.2832
-0.3254
-1.0787
1.1771
0.7964
-0.0130
-1.3473
-1.3469
-0.5047
-0.5068
-1.2183
-0.4530
0.5821
1.0910
1.3926
-0.9568
1.5205
1.0377
0.2310
0.4586
1.1708
4.3241
4.3135
2.7092
0.0843
-3.0651
-3.3952
-3.2541
-2.4683
-1.2656
-1.1657
-2.7836
-6.1019
-3.9377
-2.3769
-1.2151
0.4214
1.2771
0.3619
1.6794
1.0394
-3.8051
-3.3501
-4.1993
-5.8479
-6.7998
-1.4760
2.9084
3.2982
4.5217
3.4402
1.8218
0.1120
1.7194
8.1157
7.5057
4.1649
4.5580
1.4504
1.0975
-1.6822
-5.6924
-8.2823
-5.9447
-4.8017
-7.0941
-5.9615
-5.3078
-7.4751
-5.9338
-4.4719
-1.0001
-2.3584
-1.6637
0.9419
2.9173
2.9555
0.4122
-0.1586
-0.0569
0.2591
0.1019
-1.0983
-3.1522
-2.2696
-0.9552
-0.3021
-7.9618
-10.8871
-9.0417
-4.4275
-2.6494
-2.7911
0.8323
0.5111
-2.9479
-0.1547
5.4016
6.6049
1.2957
-1.7564
-2.0988
0.7473
0.7054
1.6843
2.0169
2.0031
0.6744
-6.2924
-7.5920
-4.5045
-3.4388
1.5630
1.4741
0.6467
-0.5137
-2.4951
-2.3070
-2.3188
-1.4185
-2.8679
-6.3639
-7.3426
-7.5735
-2.7335
-3.9629
-10.1482
-13.9924
-9.4793
-11.2057
-9.8881
-4.8080
-5.8223
-6.2614
-5.9230
-4.1846
0.9035
2.0899
-2.9276
2.3667
3.6951
-2.9888
-6.7736
-3.7438
-3.3901
-9.8614
-8.7012
-4.7822
-3.3531
-1.1418
-0.6307
-4.1792
-4.8002
-4.4853
-4.8116
-2.3923
-2.5275
-1.8690
-1.0726
-1.5771
-0.6969
-1.9893
-2.5337
-1.6172
-1.6420
-1.0272
-0.1897
0.7720
2.1004
-1.0414
0.5397
-1.0414
-1.8103
-0.9148
0.0292
1.2137
0.2634
-0.9730
-0.8381
0.5086
0.9068
-0.0602
-2.4422
-0.9049
2.9966
3.2821
1.4463
-4.4748
-4.0521
-6.1450
-3.9672
-5.0378
-2.6754
0.6622
0.5391
0.6223
0.6927
1.4451
1.4630
0.8462
-1.7167
-1.8757
2.4642
1.2099
-1.3833
-3.6128
-3.6757
-2.0045
-1.8157
-1.0594
0.8807
0.9961
1.8983
6.5602
10.7929
10.7172
7.1581
3.6868
0.1503
0.1217
-1.1466
-1.3951
-4.1691
-3.9665
-0.8665
-0.3119
0.9046
-2.4594
-1.4983
0.4556
-1.7197
-2.4215
-1.4600
1.3342
-0.3965
-0.5674
0.6985
-0.9653
0.2343
-0.2710
-1.1816
0.1351
-0.1853
-1.4011
-1.4261
-0.8771
-0.6491
-1.6395
-2.8072
-0.2796
-2.9882
-4.2652
-6.3270
-11.1235
-9.8621
-3.2445
-4.4973
-5.6111
-2.6378
-5.5849
-5.8633
-6.1906
-6.5026
-4.1609
-5.2028
-1.7999
0.7660
-0.9624
-1.3565
-2.2534
-3.4397
-3.6660
-1.2692
-0.1921
1.6553
-0.4934
-3.1032
-4.7582
-6.9277
-6.4760
-6.1306
-2.2375
0.1848
-1.2255
-5.6805
-5.2830
-8.5360
-10.2809
-7.6994
-5.7983
-4.6096
-4.1731
-3.6478
-3.4446
-1.0694
-0.5083
-2.3499
-0.7940
-2.0063
-0.7930
-0.6524
6.5335
6.0192
1.8009
3.9209
0.6424
-1.0502
0.0142
-5.0691
-5.2463
-4.0078
-5.8657
-7.5462
-8.4016
-2.6674
1.1966
1.2841
-1.0399
-3.8371
-2.1901
2.7373
2.9550
1.3150
-0.5662
-2.1306
0.4924
1.4867
1.9049
1.8459
-1.1520
-0.3495
-5.2343
-1.2465
-3.5072
-3.2412
-1.7716
-2.1455
0.5781
3.1317
4.6318
-0.4476
-1.3453
1.9831
4.6116
3.0436
0.4034
1.1628
2.9219
0.0283
1.1383
0.8816
-0.4436
-1.6780
-1.1491
0.9981
2.6539
0.7491
-1.1681
-1.0070

Coefficient 35:
0.0000
-3.3529
-2.2888
0.8014
0.7282
-0.4002
-2.7037
-2.9534
-1.2977
0.0307
2.7720
-0.0229
0.2771
0.1661
-0.7136
1.1281
2.6291
2.5280
-5.4157
-6.8642
-4.9135
1.6181
1.9017
1.5300
0.6112
1.2724
1.0088
-0.4115
0.7637
-2.5795
-5.2785
-9.6424
-9.1550
-5.0184
-2.7792
-6.1301
-2.3610
1.9932
-0.6359
-2.8574
-6.7905
-10.6695
-12.5545
-15.0870
-7.7971
-0.5019
4.3932
-1.4313
-10.1833
-6.3867
17.3158
28.2859
10.9816
-4.6610
-9.3486
-4.4274
-5.8496
-10.0000
1.2325
8.7405
4.0771
-0.3792
-3.9803
-1.0974
16.0513
27.3562
30.3422
30.3776
24.1824
6.9717
-5.0670
-6.6298
-5.9579
-8.6192
-12.8740
-19.1922
1.1770
16.0056
22.4751
17.9449
6.3248
2.8081
7.9204
15.6521
20.8247
19.1085
9.0584
11.1767
20.4195
25.5909
20.1128
18.7607
13.5563
7.8900
8.2724
-2.6234
-7.6585
-9.2483
-6.1077
-5.9719
-4.4264
-1.9088
-2.0427
0.4085
4.7755
4.3306
0.8580
-4.1652
-6.1893
-5.1518
-4.8380
-12.3984
-13.0715
-4.7095
-7.0942
-3.9179
-1.2991
0.1934
1.5723
1.5429
0.2811
-2.4043
-1.2821
0.6010
-0.2554
-2.1133
-1.5150
-0.2222
-0.5362
-0.5923
0.6768
1.9426
1.3125
1.2756
-0.1039
-1.0281
-1.8920
-2.0271
0.4422
3.2241
3.9312
3.4006
3.4171
4.8638
5.4439
4.8176
4.0091
4.3850
-2.3071
-4.7662
-3.3002
-1.7745
-4.6414
-7.4970
-8.3519
-4.7118
-5.0423
-1.3687
-0.9469
0.9714
1.9607
2.4314
0.5230
1.7553
1.6673
-1.1037
-0.7903
1.1526
1.8443
-2.5290
-9.7244
-3.6287
0.2238
-1.8793
-1.0819
-1.0888
-1.3530
1.0848
3.4206
6.8665
4.8003
-2.4436
-15.0102
-16.8093
-14.3895
-4.3196
9.2158
9.7402
2.5247
-2.1020
5.8183
2.1443
-7.0477
-12.8646
-5.2189
-8.8994
-12.6766
-14.2423
-7.6434
-12.8686
-13.7144
-9.6148
-18.5688
-28.7883
-22.0107
-15.4132
-13.2985
-11.2023
-7.1712
-7.2306
-9.6165
-18.2718
-21.8790
-15.8964
-5.9831
-1.2740
0.4423
7.1374
-1.4272
-7.4453
-9.5050
-11.5303
-9.3317
-11.2862
-7.3142
-1.8322
-2.0552
-1.5883
-0.5792
-1.8019
1.2038
3.3579
4.3638
4.9102
6.0151
3.3037
-0.5827
-8.2361
-13.8448
-12.5577
-11.5427
-10.3359
-6.1085
-3.9234
-1.8749
-0.1489
3.5869
5.1783
1.8401
-5.2924
-8.6212
-7.2529
-4.5304
-3.3749
0.3074
1.6417
4.8955
3.6583
-0.0296
-2.6460
-4.1570
-2.3531
-1.8582
3.3614
0.9127
-1.7686
-0.8217
-3.0170
-3.7513
-4.5259
-1.7241
7.7694
1.2010
-5.5165
-12.3659
-11.1114
-8.3474
-10.9211
-15.0862
-7.8185
-7.1718
-4.7340
0.0763
-3.2684
-7.7087
-12.7417
-26.7014
-27.3902
-17.1530
-13.2403
-10.0115
-6.9021
-0.2304
-3.7296
-5.8153
-3.7260
-1.7530
-2.4187
-2.3538
-1.9433
0.2723
2.8252
-1.3018
-2.8725
-0.1658
-0.3544
-1.5272
-2.5351
-4.2047
-3.2280
-1.6416
-1.0912
-0.8436
-1.3319
-3.1882
-3.3102
-3.1255
-1.7418
-0.4033
-1.6520
-2.2744
-3.9894
-3.1804
-2.4370
-4.2012
-2.9029
-2.1124
0.7601
1.4135
2.7194
2.9098
1.3932
3.5349
2.5553
0.1299
-0.7404
-0.5658
-0.2562
-1.1248
-2.6696
-2.4637
-0.5340
-0.2258
-1.9477
-0.6622
1.0387
7.4194
8.0489
5.7795
4.6279
-0.5738
-2.4347
-7.1053
-2.6675
-0.6326
-4.5429
-5.7889
-4.0692
-0.7080
-1.7425
1.0307
-2.5109
-5.1165
-1.7155
-4.1707
0.5075
4.4181
5.3237
5.2814
-0.3457
-5.2407
-5.6348
-3.1079
-2.9591
-2.7873
-1.6469
-0.2939
3.2912
3.8083
0.3874
3.0852
4.2110
0.9739
-1.4809
-0.9469
2.6775
-1.5156
-5.1293
-3.0344
0.0541
1.7170
1.1471
0.3484
1.9368
1.1555
1.1746
2.8849
2.0111
1.0164
0.4940
-0.8969
-0.7978
-2.8422
-5.2644
-1.6815
1.1494
1.7463
1.4457
1.6162
-1.3648
-1.3387
-1.1696
2.1239
1.8037
0.1130
0.1099
0.1011
1.9333
2.5423
-0.0236
-1.8800
-3.1834
-3.2106
-3.3035
-2.6323
-1.6153
-1.2565
-3.1583
0.7160
6.0544
9.8727
6.8307
5.2746
9.6215
10.1255
6.6901
-0.7250
-2.3930
-1.3744
-1.1585
-2.8858
-5.4497
-1.8093
4.3410
3.7152
2.6682
3.0912
1.6067
-0.7855
-0.2890
1.5180
-3.9888
-11.0367
-17.1086
-20.5256
-18.6568
-16.4796
-9.7462
-6.6637
-9.2307
-7.4150
-2.6257
-4.5701
-7.8830
-10.1334
-9.0090
-6.8149
-5.1821
-3.1956
-1.7192
0.8655
2.4992
1.9906
-0.4503
-0.8707
0.1280
0.4365
-0.9002
-0.9779
-4.1600
-7.1595
-3.6840
1.1269
-3.1286
3.0283
4.5824
5.1978
0.5707
-3.4165
-0.8043
-3.5635
-4.1594
-5.4275
-5.2805
-7.4755
-7.1506
-4.5794
-2.7908
-0.5217
-0.1597
-0.5021
-0.8600
-0.0704
-1.1397
-6.7157
-4.0715
-0.6272
-1.2989
5.2810
6.8053
6.9012
5.0870
-1.7381
-0.8037
0.0373
3.7708
3.2475
0.9057
-2.7975
-3.9859
1.9852
1.9865
-1.3539
0.1303
7.7890
6.2856
0.4816
-1.4199
-4.0957
-4.2049
-3.2401
-3.0965
-8.0440
-10.0943
-10.5609
-7.0955
-4.7870
-0.8365
-1.0581
0.7707
-0.0720
-4.3790
-2.0650
0.2470
0.8461
-0.1889
0.4909
-0.1503
0.2900
-0.9120
-3.3163
-1.9821
-2.0879
-0.5706
-0.0478
-0.9134
0.9657
-0.6105
-1.6290
-1.3136
-1.6173
-0.8052
-0.5038
-0.2188
1.4826
-1.1400
0.4918
-0.8483
-1.5195
-0.9611
-0.2532
0.5735
-0.1899
-1.1223
-1.1596
0.1497
0.7499
-0.9638
-2.3624
0.3498
4.6406
5.1973
1.5275
-5.0927
-4.4791
-6.6862
-4.7540
-4.4747
-1.9215
0.8653
0.2401
-0.0976
0.1815
-0.9645
-2.1209
-1.8871
-3.2213
-2.9481
1.6489
1.1470
-1.6253
-3.6647
-0.8644
1.1029
-0.0658
-0.2144
0.9367
1.1934
2.1596
6.8223
11.1986
11.8163
10.0121
5.5750
1.0233
0.0305
-2.3990
-1.5816
-4.0806
-3.8044
-1.1896
-0.5130
0.7523
-2.8714
-2.2132
-0.3742
-1.4852
-0.9391
-0.0743
1.5689
-0.6660
-0.5533
0.5942
-0.5232
0.8123
-1.0854
-3.6135
-3.0692
-2.1790
-0.9071
-1.8809
-1.3769
-3.2673
-7.6360
-3.0613
2.5376
-1.7883
-6.1490
-9.1892
-12.0891
-10.9295
-8.1140
-9.7260
-10.1456
-11.7876
-13.4613
-7.3024
-3.0400
2.2140
2.4767
-5.2533
-3.5595
-0.1519
-3.6485
-3.2242
-1.5979
-2.5493
-0.2647
2.0586
3.0562
6.4683
6.2297
3.7658
1.0025
0.2401
-1.2846
-2.3026
-0.7974
-0.5431
1.1762
-1.3649
2.5100
2.5449
1.3979
1.0724
2.0334
2.0460
-0.0040
-1.5172
-1.5850
-0.4725
-0.7772
-1.9800
-1.7678
0.6235
-1.2481
-0.1404
-0.3099
1.5645
-1.6427
-1.5275
2.9633
-1.2884
-3.1255
-9.1002
-10.1647
-8.4371
-7.8316
-7.8640
-5.5503
-0.4155
1.2688
1.3810
-0.1588
-1.5420
-1.2744
-0.2149
-1.1221
-2.6687
-3.2367
-3.5847
-1.6177
-0.6222
1.2254
0.7262
-2.4731
-1.5519
0.1327
-5.0363
-8.0031
-6.7975
-1.8606
-5.3901
-6.6706
-4.1474
-4.0760
-7.1884
-4.1850
-0.6091
0.5195
2.5517
3.5041
0.5181
-0.0025
-1.2505
-0.1982
0.8705
0.6978
-1.7545
-1.3612
0.9005
1.3258
0.0026
-1.4520
-1.7451

Coefficient 36:
0.0000
-3.2941
-4.1400
-0.7953
-1.7015
-0.8413
-2.0322
-2.1906
-1.9468
0.3295
6.3148
3.7813
3.0153
1.8739
0.0078
0.0580
2.4104
8.0530
7.2725
5.6288
2.2550
-1.2852
-2.7680
2.6350
7.0519
5.8367
1.0270
-4.4123
0.5599
-2.5576
-12.0283
-15.1569
-12.5260
-13.4094
-9.3093
-5.5185
-1.9547
3.4818
0.1987
-5.6371
-4.0273
-0.6041
-6.9030
-7.4203
2.9401
11.4884
16.8381
17.3620
5.2423
8.3980
30.3305
41.5574
30.7924
13.8953
0.5911
0.0075
1.6396
-2.2228
0.8098
2.9178
-3.1702
-5.0632
-1.0264
-2.2285
5.7369
16.4246
27.6061
32.9059
32.5184
18.1917
4.9377
-1.4467
-8.5835
-12.0942
-14.3562
2.0244
23.5533
31.7833
26.1326
9.1008
-3.4914
-8.4342
-4.7760
2.3390
10.7076
15.0312
7.2405
14.8696
28.7181
39.3434
35.3702
26.8376
19.4528
14.2082
9.2126
-5.7867
-9.3099
-10.7932
-11.9301
-11.6520
-1.7153
3.9299
0.6613
-8.1499
-17.5513
-18.0808
-14.7911
-12.7397
-8.6859
-9.3927
-14.1044
-16.7467
-9.9123
-2.4165
-3.3907
-7.3225
-2.9509
-1.9855
-0.6131
0.2107
-0.0253
-2.3657
-1.3097
0.2824
-0.4450
-2.1641
-1.6560
-0.1653
-0.7878
-0.8440
0.6175
2.1609
1.2860
1.3494
0.1922
-0.8270
-1.7197
-1.1990
1.5541
4.6062
4.8235
6.7350
6.5839
3.9382
7.4519
9.4615
8.4397
5.7486
1.5690
-1.0697
1.6090
1.9637
2.8208
4.5990
3.3819
2.8794
-0.9041
-0.3466
-0.0436
0.4797
0.6166
1.4705
0.4211
2.0250
-7.6785
-6.0038
-4.9788
-11.6769
-17.8741
-18.7242
-19.3952
-10.6425
-7.8827
-9.0710
-8.3777
-5.0701
-2.6475
-3.0336
0.4150
2.8538
-2.4019
-8.0809
-11.6785
-18.5249
-26.7199
-27.1904
-16.0428
-5.4836
-2.4207
-10.5294
5.4822
10.6213
6.0313
-2.8025
1.3271
4.3903
2.7538
-7.1022
-18.3596
-20.9978
-10.8282
1.4817
-1.5020
-11.1894
-10.1878
-5.9999
-10.2954
-8.2607
-10.0134
-9.9956
-9.4428
-11.6554
-12.4469
-8.0245
-5.2084
-4.4721
-4.2252
1.2612
-2.9507
-8.6674
-12.5374
-13.2410
-12.6598
-11.8377
-9.8204
-5.8023
-4.8380
-10.0067
-8.0702
-17.0434
-19.8774
-18.1094
-11.7053
-10.4257
-11.4610
-10.8386
-13.6247
-5.1571
-0.3257
3.4288
7.4933
5.6059
0.2208
1.6076
1.8284
0.3157
-2.0279
-5.3457
-9.9186
-10.3575
-8.3744
-4.0504
-12.0371
-18.8006
-15.3918
-10.6275
-5.9403
-5.2965
-6.1204
4.8056
-5.6806
-6.1490
-0.7654
2.9704
2.6853
-1.8525
-6.3270
-11.6384
-17.5815
-9.9908
11.6448
28.2735
30.4116
13.0488
3.8108
-2.6350
0.0124
-2.7049
-13.6620
-20.4756
-12.5577
-4.1601
-2.1977
-5.2875
-7.5944
-5.9310
-5.8991
2.4898
7.3178
-1.2020
-5.3570
-3.4765
3.9169
-2.3222
-3.4622
-3.4271
-1.1406
-1.2627
-3.0082
-2.2030
-2.2057
-3.5549
-5.4406
-4.2822
-0.7471
-0.7153
-2.9317
-5.6324
-11.0944
-10.6871
-7.7943
-4.6747
-3.2229
-2.4480
-2.1225
-2.0633
-2.5945
-1.4969
-1.1431
-2.9938
0.6563
-1.9508
-1.5497
0.5409
3.9598
2.4255
0.5093
0.6102
3.0522
1.2484
-0.1223
-1.2315
1.7638
1.7508
0.1052
-0.0678
-0.8102
-1.8793
-0.9770
-3.7489
-5.2425
-2.8704
-2.1095
-3.9565
-1.9654
-0.2118
3.4816
4.8733
4.0085
3.9818
2.5263
3.6630
2.4604
6.4697
4.4260
-2.3788
-8.9807
-5.0903
-1.5123
0.1923
0.8549
-2.1326
3.2564
4.2869
-1.2392
4.6155
-0.7107
-2.3523
1.2657
0.5037
2.7461
2.0860
-0.4723
0.7670
0.7474
-0.1505
-1.1270
-3.6918
-2.4679
-2.9133
0.0329
2.1534
-0.2904
-2.9582
-1.4768
2.6984
-0.0607
0.2363
2.8264
1.8566
0.7307
-1.3864
-2.4118
-0.2949
1.1018
0.7051
0.2623
-0.3871
-2.1086
-2.7885
-4.0540
-2.7773
-1.1692
-3.0748
-1.3103
-0.1296
0.1281
0.2938
1.2134
0.8110
-0.1232
-2.3101
0.2161
1.3133
-0.8246
-0.6834
-2.2494
-4.1407
-1.7959
-1.8835
-2.8951
-3.1075
-2.9640
-3.2692
-2.7809
-1.9632
-1.4123
-1.8177
2.8835
5.4750
4.2931
-1.0908
-1.9480
-4.9706
-6.2222
-9.3767
-9.5416
-2.0478
-0.6867
0.4099
2.1538
-1.2846
-4.3203
-0.7746
-1.7863
-2.1400
0.9656
1.5134
-1.5949
-1.0922
0.3164
-2.9707
-4.7962
-0.5925
-0.2044
-3.6859
-4.8970
-0.1442
4.0967
-0.0658
-4.1369
-3.5566
-3.9396
-1.9629
-2.3248
-2.4502
-3.8988
-1.4554
-2.9075
-1.6399
0.7570
2.2043
0.9594
-1.3698
-1.5909
0.1846
0.4223
-0.4137
0.2276
-1.6083
2.1302
5.9669
0.8541
-0.3599
-6.1681
-9.7178
-8.4877
-8.5559
-9.7491
-3.0308
-1.7096
-3.0344
-8.2708
-5.5357
-5.6901
-6.9915
-4.5327
-0.7246
-2.2257
-2.6391
-2.3251
-3.2507
-2.1848
-2.2930
-6.3290
-2.8859
0.2776
-4.1195
1.6259
4.4510
8.3571
6.8288
0.0070
3.3916
4.7257
7.5882
7.0110
6.0729
1.4677
-0.0481
4.6641
-1.5137
-2.6610
-5.9969
-7.0053
-3.6703
-0.8249
-5.8549
-8.7515
-8.9431
-7.3958
-9.3699
-8.4613
-10.1266
-8.6603
-3.4952
-1.3418
1.0335
2.9863
3.0455
3.9816
4.1089
4.4806
1.7162
0.0960
0.1393
0.1663
-3.1463
-3.2617
-2.5640
-1.0896
-1.3482
-1.4936
0.7247
0.8992
-0.2731
2.3872
0.8304
-0.6905
-1.0209
-1.5656
-0.5103
-0.6548
-0.9868
0.8254
-1.2332
0.2055
-0.7661
-1.1899
-1.0982
-0.0924
-0.0757
-0.5609
-1.2306
-1.4703
-0.3489
0.4685
-1.1365
-1.7757
-0.3022
1.1309
1.5013
-0.1155
-4.5170
-4.9253
-6.4922
-4.6783
-3.6111
-1.2216
0.9806
0.0260
-0.7174
0.1007
-1.6895
-3.9344
-3.5285
-3.4567
-3.8423
-0.2321
-0.3508
-2.2170
-3.7137
-0.9809
0.2424
-0.2899
-0.0784
1.1385
1.5774
2.1775
5.4124
6.8399
7.0582
6.6583
2.8391
0.5778
-0.1720
-2.7594
-1.6572
-3.3915
-3.0208
-1.5111
-0.6608
0.6269
-2.8902
-2.6220
-1.3109
-1.2384
0.5423
1.3076
1.8351
-0.8037
-0.5742
0.3573
-0.1588
1.1372
-1.6062
-4.5403
-4.6598
-3.8523
-0.8583
-0.4147
-2.0208
-0.4123
-3.2226
-6.5231
-2.1993
-2.6465
0.5080
-0.4661
-4.2174
0.5156
4.5043
-0.0716
0.1416
0.5516
-0.3231
1.3240
0.6938
0.2616
3.3276
3.9761
3.0758
1.9268
0.1273
-0.1304
-0.7643
-2.6154
-1.1947
-0.0598
0.6128
6.1711
6.6392
1.5965
-4.0987
-9.5956
-15.1889
-11.8798
-4.3677
-1.3843
-1.4141
-2.9160
-0.8341
-3.9696
-5.8983
-4.3349
-3.8803
-2.5940
-3.6403
-3.0008
-1.8025
-0.7845
-0.5803
-1.1398
-1.7654
0.4903
1.3253
2.2790
-2.3203
-0.9003
-2.4658
1.1329
5.9773
2.0626
2.7669
1.6837
-0.0852
0.0744
-0.7898
3.4639
1.9833
1.0018
1.4388
-0.9895
-2.3283
-0.3443
1.5181
3.6123
1.3601
0.6450
-0.8041
-1.2981
0.4100
0.0418
0.4303
-0.3750
-3.3346
-1.2226
1.2660
-3.0705
-6.6250
-7.2387
-4.5432
-3.5106
-2.4148
-1.8377
-1.4839
-1.4775
-1.0236
-3.1807
-1.9628
0.9468
-1.7042
-4.0288
-1.3984
-2.3274
-1.6661
0.7598
1.7970
-1.8238
-1.4594
0.8039
0.2922
-2.5067
-2.9700
-2.3426

Coefficient 37:
0.0000
-2.8702
-4.7220
-3.5430
-4.1510
-1.5666
-1.0058
-0.7413
-0.9654
0.9667
7.6803
5.4988
4.2450
2.0074
-1.3923
-4.5798
-6.1499
-4.0347
0.9644
3.4820
-0.3838
-5.4327
-5.6190
-0.2356
4.2704
0.9086
-2.1751
-0.3813
7.7728
-3.3021
-10.6782
-15.3339
-21.9917
-22.3437
-12.5673
-4.8963
3.2097
2.0160
-3.7724
-0.7673
3.6140
-0.4112
-10.3437
-4.3966
9.5024
12.2561
14.7528
12.0709
3.9430
10.8432
25.4057
28.8522
32.1350
18.6782
0.1055
-1.9386
-0.4171
-0.0010
4.0971
0.6090
-4.2772
-8.1205
-5.2886
-1.5617
2.0831
8.5345
14.3103
18.8492
33.6035
30.5290
12.0718
-3.5650
-15.6814
-17.3787
-12.5022
11.4269
25.6805
26.5570
20.4040
20.1383
17.2511
13.8279
12.6405
1.5075
-1.6083
3.6887
-2.5097
11.2303
23.6889
37.0563
46.1456
47.5201
38.6656
26.7628
22.8909
8.8919
-4.3560
-10.1548
-14.3988
-15.3183
-7.0420
0.1834
1.1189
-8.3055
-11.5729
-16.0376
-15.6981
-9.1871
-2.6622
-4.3322
-11.3055
-12.6801
-3.5285
-1.5779
-0.3155
-6.5183
-3.9448
-2.6634
-2.0274
-2.7278
-1.8294
-2.2845
-1.3719
-0.0481
-0.5477
-1.9749
-1.1478
0.1292
-0.6281
-1.0872
0.5232
2.2160
1.1449
1.2903
0.3921
-0.6727
-1.5516
-1.0547
1.7169
4.1497
0.5036
3.3413
2.1278
-3.4703
-0.2343
3.1800
4.0567
2.4226
0.0775
-1.2645
1.2756
1.7839
4.3607
1.3114
-0.5845
2.7885
1.7369
0.3490
0.5116
-0.5387
-1.1064
0.1331
0.2980
2.0328
-8.1851
-10.7428
-11.4971
-18.4989
-20.4800
-14.4994
-10.4446
-7.9103
-6.8982
-1.7925
-0.7934
-1.6198
-1.3508
-2.0274
0.5790
-0.4739
-0.7764
1.0821
7.8891
9.8178
4.3652
0.9430
-0.3754
1.3584
5.6920
-6.4077
5.7150
15.2005
8.2483
-7.4125
-9.5016
-10.1174
-16.2200
-10.7924
-8.4122
-4.5414
8.8885
23.9820
24.4387
12.3194
13.2481
11.3368
-3.0250
-3.2749
-7.3936
-2.2450
0.5541
4.0922
-2.2845
-0.7665
10.6097
13.2242
9.9006
14.1421
9.6232
0.7544
-7.0161
-2.2767
3.3905
-5.0784
-7.2257
-5.9822
-3.6651
-3.7205
-7.4806
-13.6519
-20.6942
-22.0412
-20.7022
-11.9223
-13.8872
-16.4022
-19.0226
-11.7532
-17.4003
-14.1935
-9.1267
-14.4705
-20.0027
-11.8577
5.1092
11.0159
11.6511
8.2919
3.0370
-3.7274
-9.9033
-10.9167
-8.4003
-7.1484
-9.5109
-5.9335
-6.0544
-10.2968
-11.9804
0.8988
-5.8387
-8.2369
-7.5398
-7.7643
-5.8093
-3.0147
3.1033
-0.8414
-9.0083
4.5425
23.0492
28.1116
29.0465
22.3092
11.0081
4.5606
1.3412
-2.1338
-11.6228
-19.5868
-16.9868
-8.1994
-2.5163
-2.2393
-2.8909
-3.3884
-3.7796
6.3072
10.9937
5.2263
6.3128
1.9390
4.7724
-0.3249
-0.5747
-2.5903
-1.7022
-3.9297
-1.8212
0.9702
0.1670
-2.3072
-2.7122
0.3309
-0.1441
-0.9355
-0.1791
3.8709
4.8794
5.9523
6.6278
5.4942
3.3964
1.4724
0.4826
-0.5792
-1.8640
-1.1504
-1.1830
-1.3429
-6.8033
-6.3476
-4.1339
-2.7446
-6.6180
-5.6512
-4.1187
0.6877
-0.5026
-3.9372
-5.8660
-6.4318
-1.5862
0.9992
0.2078
0.6561
-0.6489
-2.1917
-0.0332
-3.1897
-5.2377
-2.6416
-0.5269
-3.8764
-4.3936
-3.9909
-4.7943
-3.0390
0.5795
0.0554
2.1658
2.5644
-0.5725
-2.3366
-7.1708
-7.3525
-9.0315
-4.4440
-3.6970
-6.2006
-4.7825
-0.7422
3.1156
5.7561
3.4040
0.7996
-2.0484
-1.7174
-0.6026
0.1209
4.3389
4.9481
1.2024
-1.5846
-1.6952
0.9127
0.4834
-4.8578
-4.5026
-3.9378
-2.4270
-0.2092
-2.0782
-3.4418
0.4085
3.4439
0.3993
-0.7645
0.6088
-1.1220
-1.8328
-1.7768
-0.1747
0.4785
-1.6218
-2.3517
-2.6343
-3.4825
-4.5924
-2.7331
-2.9439
-2.2722
-0.3470
-0.0312
-0.0813
-1.2614
-2.7961
-1.6903
1.1595
-0.8653
-0.8672
-0.5473
2.0913
1.9260
-2.0019
-1.7002
-2.3007
-4.1775
-2.2488
-1.4897
-2.2742
-2.7543
-2.6654
-3.1479
-2.8755
-2.2409
-1.6711
-0.6995
-4.0827
-5.4781
-11.0398
-12.5814
-10.4265
-11.8685
-12.7632
-12.6546
-6.6625
-2.3116
-2.8848
-0.8347
4.4657
0.8860
-1.4663
2.0526
-0.8095
-3.4972
-0.4731
1.4035
-2.1745
-0.9649
6.6314
7.2537
10.5188
18.0852
17.9960
15.3139
9.1334
3.0566
7.0242
4.3283
0.0616
0.1388
0.0718
1.5715
4.0739
1.1797
-0.4044
2.1771
-2.1931
-1.4286
0.6231
2.0096
0.0431
-2.2199
-2.2714
0.0734
0.2230
-1.6589
-0.5674
-3.1455
-3.5029
0.2237
-2.2506
-1.7694
-6.5923
-4.7593
-1.2535
-1.0214
-2.5774
3.0417
0.2625
-4.2883
-6.2549
-3.6229
-4.5953
-7.8796
-5.2718
-1.4538
-4.1558
-4.6113
-2.8848
-3.0944
-2.5392
-2.2642
-9.3913
-11.0008
-8.7770
-14.6501
-11.4749
-7.5487
-0.5526
0.2848
-0.1275
3.6281
3.7210
4.7341
5.1973
5.4805
2.2195
1.2677
5.4521
2.6867
4.9332
-0.0955
-0.0463
3.4267
3.5964
-3.4257
-3.7357
-5.6330
-5.1562
-2.4239
2.3425
3.8441
-1.4370
-5.7599
-2.9053
6.4257
10.7521
5.8968
4.4614
4.9273
3.4867
3.0830
0.6796
0.9507
-0.2178
-0.2392
0.1210
0.2623
1.0297
-0.5406
-0.8799
1.6933
1.5544
0.1700
3.2050
1.9495
-0.0849
-0.8453
-1.4790
-0.1509
-0.6227
-1.4202
0.2248
-1.3301
-0.2071
-0.7571
-0.8297
-1.2896
-1.7363
-0.6844
-0.7362
-1.2777
-1.7524
-0.9564
0.1205
-0.5117
-0.7596
-1.6862
-3.2574
-2.7477
-1.6664
-3.5798
-5.2863
-5.6300
-3.7477
-2.6374
-0.6683
0.9892
-0.1091
-1.1806
0.3731
-1.0084
-3.9324
-3.6930
-2.6157
-3.8566
-0.6719
-0.1990
-1.5789
-3.5284
-3.4739
-3.0794
-1.5364
-0.2851
1.4535
2.0403
1.9649
2.7097
0.4195
-0.8089
-0.6948
-2.1757
-0.8984
-0.5864
-2.3186
-1.5762
-2.4140
-1.9229
-1.6819
-0.7422
0.5312
-2.7257
-2.8523
-2.2233
-0.9681
1.5462
2.3407
2.0112
-0.7910
-0.6234
0.0222
0.0861
1.2917
-1.5445
-3.3868
-4.0442
-4.8490
0.1155
0.5483
-1.5123
-4.1018
-9.6398
-11.3844
-8.4926
0.1484
1.3239
2.4984
1.7455
0.5895
5.4641
4.1015
2.0187
5.1995
4.6140
4.0906
4.5531
-0.3005
-1.6116
-0.3332
0.6405
1.3633
-3.3936
-7.4641
-4.0628
-3.0002
-5.1135
-5.2454
-4.3915
2.4746
4.6224
2.3389
-0.1218
0.4058
-2.0316
2.2602
5.3422
3.6941
2.2973
0.2794
4.1651
3.0517
1.0289
2.2066
2.1871
2.4173
-0.6694
-1.9642
-0.9977
-0.9504
-1.0152
-0.9526
-2.1698
-3.7231
-1.8316
-2.2268
-5.2078
-0.9157
-1.1076
-0.8534
-3.7412
-3.8395
-1.8849
1.6169
3.6511
1.6721
-2.0747
-5.5266
-8.4895
-4.9448
-1.8964
1.3833
-0.1304
0.7409
-0.1737
1.2676
-1.2070
-2.0590
-2.4530
-2.2174
-1.4119
-1.3593
-0.3575
-1.3207
-3.6301
-3.1031
-2.2518
-5.7167
-8.0707
-7.8381
-5.0306
-0.4344
-8.2136
-6.3093
2.2559
2.4061
1.6270
-0.0610
1.4776
0.9037
-2.8217
-3.3023
-0.3638
-2.9992
-2.6782
0.7838
2.0470
-1.9415
-1.3935
0.7094
-0.0585
-4.1875
-4.1956
-2.6062

Coefficient 38:
0.0000
-2.1770
-3.9592
-4.7930
-4.7133
-2.0674
0.0231
0.7641
1.2481
2.7892
5.4442
3.1891
1.3881
0.4855
-3.4149
-6.1795
-8.4487
-9.2523
-9.0608
-5.6835
-4.5838
-3.0991
-0.9567
-4.2028
-8.4801
-7.3728
-3.0687
2.6122
11.1045
0.1808
-4.9085
-11.5293
-18.2292
-18.4900
-15.9480
-13.1127
-6.7460
-8.0385
-6.2183
-0.2198
0.9718
-7.5373
-2.8781
17.2761
30.5145
29.3824
24.3480
22.4008
17.2936
24.5848
23.5942
15.3133
22.2173
14.8574
1.4677
-0.5574
3.9006
3.6121
7.2709
0.2840
-1.2652
-2.1766
-2.7548
-4.2649
-5.9077
-0.1715
4.3088
0.3067
11.3158
21.8157
19.4285
13.9735
3.7048
-0.3325
6.4914
21.1534
19.2561
8.1028
3.5338
1.9003
4.3978
7.8766
8.3224
3.9679
-0.1743
3.5118
8.3788
16.4358
15.6302
14.8334
23.2734
24.3075
18.9565
13.5135
9.5785
-2.2299
-5.9214
-3.3918
-1.4968
-3.3494
2.1911
-0.3988
-2.2772
-8.1336
-16.4680
-21.9405
-25.3888
-22.7133
-20.8567
-17.0804
-9.4909
-4.3046
1.2807
0.6614
-1.9601
-1.1551
-2.2447
-0.3115
0.3932
-0.7746
-1.0421
-2.1639
-1.3410
0.1253
-0.5561
-1.7616
-0.8405
0.1824
-0.4662
-1.3074
0.3970
2.1003
0.9070
1.1021
0.4776
-0.5694
-1.3955
-2.2845
-3.3996
-3.9861
-12.2460
-12.6038
-12.6238
-16.0265
-14.2001
-9.7815
-8.5043
-8.3741
-7.7033
-6.6752
-5.0694
3.3581
0.4064
-0.6071
0.7472
-0.0824
-2.8149
-1.5874
-0.3718
-2.3732
-2.6685
-1.1795
0.1536
1.7240
-1.0584
-1.5791
-3.3200
-8.5502
-12.7282
-10.8039
-6.9008
-10.8345
-14.6561
-6.7194
0.7593
-2.6560
-2.3383
-3.9664
-9.0913
-8.5733
-3.8916
2.4563
16.5623
22.2208
19.2962
10.0636
6.1857
8.6497
7.9990
2.9245
9.4181
20.0101
20.4808
3.1255
-1.2872
-0.5252
-6.0480
-6.0323
-4.9769
9.2488
28.4776
34.9191
29.5560
18.5166
6.0614
6.8747
0.8627
-1.4993
-1.8287
0.5807
4.6290
7.3656
-1.8185
-1.3828
15.9501
18.6567
12.9648
5.4312
4.4706
-3.8913
-5.0144
-1.7189
-7.5081
-11.9933
-15.4915
-14.5275
-9.0801
-5.5490
-11.1078
-13.4598
-11.2048
-15.1268
-17.8534
-11.9278
-8.4043
-8.4561
-5.3228
-9.2752
-12.4449
-8.3385
-4.4760
-4.2419
-10.5458
-1.5119
14.2160
19.0009
18.2940
13.2249
10.0073
3.1485
-4.2874
-11.3176
-16.1720
-15.1634
-14.1131
-9.5868
-5.5634
-7.7616
-7.3634
5.6968
-0.2498
-9.9201
-13.4335
-10.9886
-10.6667
-11.5573
-9.9494
-8.6718
-6.1547
10.6012
17.7672
22.5580
29.5284
23.8216
15.2957
3.3443
2.1849
1.9147
0.8430
-1.6142
-9.4206
-7.8822
-2.6182
-0.2614
-3.6132
-7.1224
1.8953
11.6587
12.3343
6.9352
6.8634
4.5819
2.9655
1.5904
1.4491
-1.5763
-0.8925
-1.4806
-0.6416
1.0251
4.7622
5.4723
0.5988
-1.1761
-0.4105
-1.1308
-2.2504
0.2630
0.5651
0.8363
2.8577
3.1091
3.6774
4.7310
3.4505
0.7779
-1.1887
-0.8507
-1.2347
-1.2092
0.0642
-1.8173
-1.7302
-0.6635
-0.2708
-1.4114
-0.3733
0.3940
0.1827
0.3087
0.0353
-1.8073
0.6490
0.3914
0.4053
1.2779
-0.1024
-1.2697
2.0004
3.1575
5.5359
9.5923
9.5554
4.2687
1.0694
0.4185
-2.7410
-1.1861
-1.9627
-5.8211
-4.1571
-0.3803
-2.7204
-6.7879
-9.5239
-7.1343
-4.3232
-0.2916
-2.8166
-9.5237
-8.9075
-8.1040
-4.6804
-1.9619
-3.3470
-8.7020
-6.2137
-7.0063
-5.9769
-8.4086
-8.4495
-3.5448
-1.1795
-2.2293
-1.6300
1.7634
2.8763
2.6288
0.7775
1.1414
0.2546
0.2915
-0.2780
-0.9929
0.3940
0.5922
-3.6145
-6.4584
-6.1065
-6.3121
-4.1331
-1.5694
0.7802
0.3930
-3.3722
-2.6629
-1.2975
-2.3274
-1.9080
-0.3089
-1.6421
-1.8186
-2.0276
-3.1491
-0.5515
0.3114
-0.7829
-0.1994
1.2051
0.2056
-0.6023
-2.0554
-0.1800
0.8305
-2.6940
-2.6415
-2.4270
-2.8323
-1.0055
-1.1286
-1.3524
-2.4345
-2.3302
-2.9466
-2.8889
-2.4244
-2.0256
-1.4752
-11.4197
-14.0931
-12.7774
-8.4458
0.2303
7.2184
6.1908
2.3028
-0.9072
-4.3662
-4.9213
-1.2113
4.1009
-0.8631
-0.8464
4.3136
1.8427
-3.6614
-2.0001
0.9295
-2.4312
-2.0772
2.4309
3.5216
9.2535
13.2315
10.8117
10.7350
12.8871
11.3084
11.9237
10.7767
12.3490
10.1414
3.2648
-1.4497
0.2405
-2.4164
-1.7498
-2.6476
-2.3012
-1.1785
0.4651
1.8600
-0.6691
-2.9669
-2.8710
-0.1757
-0.0964
-1.8014
-0.8538
-1.8735
2.6652
4.4252
-6.2759
-7.0612
-5.2770
-2.2503
2.0007
-1.3652
-6.7165
-1.0227
2.4846
-2.6556
-3.0891
1.9845
1.3048
-7.0258
-6.7055
-4.5156
-5.1091
-4.2043
-1.7384
0.0758
-0.6920
-1.1454
-8.1155
-9.7522
-7.9878
-14.2139
-13.0066
-9.9208
-4.4245
-2.4984
0.5346
1.4698
-0.6772
-1.0283
-0.2635
0.1046
-0.8312
-0.9622
1.2497
-1.6865
-2.3566
-6.5983
-0.5573
3.8420
-0.4840
-3.8866
-0.0874
-3.2711
-3.2932
0.6429
3.1502
8.8069
5.6914
-1.0660
-1.4275
5.5830
7.6994
-0.6168
-3.9661
-2.7001
-3.9897
-4.0987
-4.1756
-2.2306
-0.9612
-3.3217
-3.1148
-1.3741
2.7000
0.3227
-0.3639
2.0918
1.7658
0.3054
3.2080
2.4193
-0.0608
-0.8689
-1.3554
0.2537
-0.4960
-1.5873
-0.2577
-1.4459
-0.6822
-0.7825
-0.4601
-1.4939
-2.6800
-1.2162
-0.7101
-1.2592
-2.0034
-1.6332
-0.2364
0.4862
0.3586
-2.4491
-4.8016
-3.0021
-1.4644
-3.9860
-5.4595
-4.3869
-2.2788
-1.7261
-0.3241
0.8778
-0.1903
-1.4728
0.6652
0.0419
-2.9632
-2.8826
-1.8765
-3.0406
0.3859
1.7893
0.1134
-2.9036
-5.3094
-4.6438
-1.5736
-0.0369
1.8002
2.4175
1.6995
-0.2337
-3.9062
-6.7006
-6.8769
-5.6568
-2.4149
-1.3107
-1.7420
-1.2625
-1.5146
-0.9112
-1.6239
-0.7491
0.4527
-2.5433
-2.9048
-2.7957
-0.6728
1.9856
2.7674
1.9792
-0.6508
-0.6931
-0.3673
0.1883
1.3080
-1.0440
-1.1935
-2.2379
-5.0814
0.4560
2.3869
-3.1372
-4.4113
0.5334
0.3717
0.8423
1.8545
3.5324
5.1875
10.7583
6.8704
3.4601
0.9024
-2.3760
0.5380
-4.2037
-4.5323
-3.7190
-3.6966
-0.4936
-2.6053
-0.3715
-0.3140
-4.3706
-6.4709
-4.7134
-3.9448
-6.7322
-6.2645
-6.2682
-0.0187
0.6283
-2.3387
-4.6824
-4.4487
-6.1179
-5.8589
-5.5542
-4.5643
-2.0704
0.4728
2.2394
-0.2103
-1.7439
-0.7334
-1.2205
-1.3220
-2.3855
-1.3008
0.0741
-0.5612
-0.7288
-0.5522
-1.4319
1.6966
0.3897
-1.3945
-2.7088
-0.5487
-0.8377
-1.7455
0.9114
3.7060
3.7925
5.0298
1.9009
-0.3595
2.2991
1.1925
-2.5918
-7.8625
-5.3887
-0.2523
-1.2380
-3.0704
-0.9699
2.4873
0.8681
0.4349
-0.2028
0.0783
-0.5093
-2.0499
-1.0406
-2.0089
-3.3573
-0.0870
-3.0899
0.6070
-0.2536
-0.7992
-6.4218
-6.0559
-5.9830
-5.3828
-7.7384
-8.1865
-6.9694
-6.5872
0.7355
3.4809
-0.2423
-1.5246
-1.3721
-3.1473
-2.8146
1.0241
1.4351
-2.1005
-1.2802
0.5804
0.1387
-2.7885
-3.6293
-2.4837

Coefficient 39:
0.0000
-1.3549
-2.0988
-3.1694
-3.0928
-1.9586
0.7019
1.6674
3.3287
3.3072
1.0192
-1.7554
-3.2383
-1.2992
-4.3045
-4.4787
-5.5394
-2.0638
-4.6937
-1.5778
1.9213
4.9849
1.7742
-5.4888
-10.9201
-10.7579
-7.0769
-1.8963
2.2669
8.0798
11.3840
8.8675
5.7398
3.2206
-2.9316
-2.3603
2.0311
-8.4747
-11.8366
-12.7987
-13.3871
-18.1649
-9.0769
15.0796
20.5796
17.9436
8.6412
17.1135
16.2218
17.3413
2.9041
-9.5847
3.3259
10.1037
2.9097
-5.9625
-6.4542
-0.1788
-0.3640
-4.4343
-4.7331
-5.3590
-3.3072
-5.5261
-9.7344
-15.4547
-8.1211
-10.5796
-4.9446
9.5027
14.9500
13.6970
9.6868
3.6692
8.3303
17.2568
3.0240
-8.5907
-6.8768
-1.8476
-6.8599
-5.1956
-2.7956
0.8446
-2.7472
-1.0399
-8.3642
-14.1589
-16.9856
-13.7497
-4.2297
5.1721
8.7244
2.3031
-0.2187
-5.1389
-1.7958
8.7026
8.8768
3.0576
5.5671
4.4006
2.6116
-8.6134
-12.2546
-14.4015
-17.0056
-19.8533
-23.4575
-14.6090
-0.4666
5.7364
10.0438
6.4033
-1.8507
2.2914
-0.3134
0.5184
1.4953
1.9678
0.7901
-2.0086
-1.2034
0.3236
-0.4834
-1.7349
-1.3620
-0.2591
-0.7680
-1.4916
0.2429
1.8216
0.5969
0.8020
0.4436
-0.5164
-1.2574
-3.3754
-8.9652
-9.7057
-11.7558
-10.4582
-8.8777
-11.6949
-12.1098
-9.7743
-11.8757
-13.4331
-10.4624
-8.3342
-7.3927
-5.4593
-5.9747
-1.1738
1.3568
2.8188
-5.2063
-2.2228
-0.6643
-3.4110
-3.6230
-2.1023
-0.0177
1.1186
3.7909
-0.6752
4.5386
4.5751
1.5452
1.8180
-6.4989
-17.4210
-22.0266
-20.5957
-20.0394
-17.1588
-12.6227
-12.3482
-15.0306
-12.7778
-8.7194
-7.7942
-5.7032
-6.7252
-1.5374
3.0136
3.0051
3.5044
3.1374
4.5208
4.7325
9.6881
17.8264
9.6577
-0.1109
-5.8916
-7.6503
4.9667
6.5895
17.1304
28.2090
27.3085
24.0784
16.8261
8.2373
13.4503
11.6212
6.3339
2.5973
7.0472
13.4891
21.5719
20.1629
20.6239
20.0898
15.8161
8.2412
0.0329
6.2195
5.9118
9.2775
12.0187
6.6446
7.4895
-3.8303
-7.0035
-4.5947
1.8239
-0.4714
3.8892
6.6552
-8.4996
-21.0793
-18.3585
-12.3882
-12.3198
-14.3510
-24.9248
-27.9076
-22.5929
-18.7370
-17.5835
-17.8046
-4.9513
7.2440
11.5398
11.9636
8.4518
12.7793
13.5511
4.6208
-12.0935
-13.0583
-11.9893
-19.1999
-16.1982
-11.3594
-9.9539
-7.6588
14.1327
9.4075
-5.9055
-12.7342
-16.0913
-20.5598
-19.1386
-11.5242
-6.1317
5.2367
21.5725
25.0238
22.1106
20.3479
18.7526
12.9820
2.7058
-0.2966
-5.0132
2.6968
-0.1181
-7.1267
-15.0501
-12.2792
-15.0457
-18.6011
-17.6044
-2.9514
9.1064
6.7546
-2.9105
-3.0935
2.1330
0.4218
2.6395
1.7612
-0.7515
0.1899
0.4345
-1.9378
-6.1518
-9.5390
-9.7950
-9.5167
-5.0670
-0.6123
-1.4074
-3.9068
-4.7861
-8.5666
-9.2296
-6.2550
-4.1389
-1.2364
1.5418
3.0598
1.6918
-0.7990
-0.7315
-2.1208
-3.5777
-4.1116
-6.9540
-4.7185
1.0213
1.1895
0.3637
-2.9122
0.1334
2.4133
0.4889
-0.6164
-2.0393
-0.0329
-0.0409
0.6427
1.6703
0.5803
0.1606
3.1743
4.9556
6.6532
8.9736
6.2223
2.4121
1.2314
3.6681
1.6056
5.2450
2.2190
-2.0672
-6.3669
-1.0171
5.3163
7.9948
4.0837
-0.4823
-2.1251
0.4184
-3.2262
-3.2973
1.9405
-1.5846
-3.8355
-2.5095
-4.6445
-5.8499
-7.9006
-11.4685
-11.0724
-11.0492
-12.5459
-7.7905
-0.6873
2.7866
2.6804
1.2425
-1.7247
0.0083
-0.3833
3.3891
1.7147
0.6275
1.2241
-0.0400
-1.2977
-3.0915
-4.8403
-5.9288
-5.3104
-6.3568
-3.8376
-3.3525
-3.9709
-2.0850
-2.1477
-0.7521
0.2896
0.1643
1.1774
-0.1631
-3.4692
-3.4964
-2.3056
-4.9296
-1.7185
0.0036
0.1618
0.5886
0.4957
-1.0394
-0.5176
-0.2260
0.5660
0.1709
-2.6063
-3.3047
-3.7910
-4.1905
-0.8689
-0.2532
-0.0847
-2.1197
-1.9787
-2.6836
-2.8096
-2.5208
-2.3990
-3.3769
-6.6183
-3.7442
5.8536
9.7933
16.7473
18.9701
13.1907
6.6067
4.0321
3.0324
3.7939
4.2349
3.0354
-3.6701
-6.1607
-2.3798
-2.1574
-5.8914
-4.5353
-0.0902
-2.3297
-2.3119
-2.9849
-7.5699
-7.8777
-6.0691
-11.8612
-14.1992
-6.3125
4.6750
4.1802
-0.6022
1.1309
-1.4850
-5.2762
-4.7830
-3.8534
-5.6489
-7.6302
-4.6449
-2.6525
-1.0138
0.2820
1.6899
-1.1970
-3.6371
-3.3588
-0.4743
-0.4149
-2.7120
-2.3024
-4.0630
-5.6102
-4.8250
-8.9371
-8.5384
-5.5106
-4.6816
-0.9965
2.0429
-0.5905
-2.8597
-0.2864
1.3384
0.2733
-0.5718
-1.2417
-3.7778
-3.5311
-3.1282
-2.9644
-1.3022
1.1709
4.7483
2.0327
0.3595
-1.3491
2.1343
5.6796
2.2391
2.6905
1.7257
3.4623
3.0750
1.8445
0.6407
-1.7395
-2.6869
-4.5171
-5.3734
-4.6853
-4.6954
-1.5756
2.5191
1.8193
-3.2549
-3.1103
1.6817
-0.6077
0.4357
-2.7728
-5.4775
-3.6094
3.5616
6.1018
8.5164
3.3249
-2.7021
-2.9175
2.8690
4.8624
-2.2495
-6.2491
-7.3330
-7.6526
-6.7304
-6.2315
-2.6339
-1.0655
-2.5748
-2.6842
0.6010
3.5510
1.0756
-0.0136
1.8194
1.4822
0.1363
2.3889
2.0494
-0.6794
-1.1255
-1.1989
0.6748
-0.4031
-1.6662
-0.6018
-1.5946
-1.2122
-0.8096
-0.1131
-1.6749
-1.6780
-1.6511
-0.5823
-1.1878
-2.2350
-2.3347
-0.5534
1.2181
1.1452
-2.1388
-3.9265
-1.0064
0.4537
-4.6091
-5.3531
-3.1459
-0.7859
-1.0035
-0.2154
0.6403
-0.2526
-1.6155
0.5960
0.4250
-2.1086
-2.0214
-2.1738
-2.1898
0.5581
2.5128
0.9885
-1.9819
-4.2839
-2.0952
0.4370
0.9311
2.0687
2.5558
1.5318
-2.4055
-4.3230
-7.7747
-8.4695
-5.9204
-3.0823
-2.2643
-1.6042
-0.7020
-0.9684
-0.3165
-1.3632
-0.6794
0.3678
-2.3569
-2.6562
-2.7952
-0.3615
1.9813
2.4792
1.6583
-0.4515
-0.7761
-0.7631
0.1447
1.1446
-0.4869
0.3202
-0.9885
-4.7350
1.4584
-0.5400
-5.0048
-5.2345
-1.3560
-0.4321
0.4841
-5.5345
2.5084
9.3942
14.1577
3.1420
-5.2841
-11.1834
-12.8216
-8.0964
-6.1515
-4.1328
-3.4014
-4.8465
-3.1263
-4.2416
-2.2377
-2.7451
-7.2700
-7.7100
-3.9298
-1.6091
-4.0918
-2.9330
-3.0725
0.9037
2.0804
1.6849
-1.1208
-1.8292
-1.4572
1.8265
-0.8194
-1.7793
-0.0587
2.9509
2.7546
0.8042
-0.8142
2.2205
1.7645
1.2559
-0.9758
-1.7188
-0.4537
-1.3547
-1.0743
-0.8257
-1.2796
-2.2325
-2.1411
0.3473
0.3366
0.2311
-2.7600
-4.5103
1.4027
-0.1979
-3.2025
-0.3608
3.5120
3.1582
0.9544
-1.5167
-0.4446
-7.7317
-4.0267
-4.4405
-1.6935
-0.0120
0.7266
-0.2661
-1.9534
-1.7956
-0.9817
-0.4890
-1.1323
-1.5285
-1.5583
-2.3867
-2.6129
-1.7242
-4.7727
-4.3763
-5.5751
-6.6448
-8.9049
-2.9435
-1.3791
-1.1498
-0.3333
2.5978
-0.1715
-5.6219
-7.3824
-5.3753
-0.9824
-1.9375
-1.2088
-2.8119
-2.0996
1.3194
0.7197
-2.2328
-1.2938
0.3713
0.2361
-0.2106
-2.0165
-2.0884

Coefficient 40:
0.0000
-0.5761
0.2501
-0.1957
-0.9308
-1.2653
0.8253
1.5708
3.8958
1.8333
-2.4139
-5.8934
-6.8868
-1.7199
-3.7278
-4.1014
-1.8099
1.1039
-2.7052
-2.8709
-2.0068
-3.5340
-1.6065
-3.4412
-2.2949
-5.1771
-6.8369
-3.5423
3.0812
14.1805
20.9275
26.4130
27.2340
21.4651
13.5123
7.7006
0.9753
-4.3161
-3.7000
-4.2418
-10.0245
-5.3128
2.6737
10.3860
11.7505
8.1473
-0.1438
0.8725
7.8405
9.4041
5.8823
-0.1826
7.4677
18.6019
13.4744
5.4051
-0.8071
-1.7622
0.2281
0.6464
-3.8397
-8.5404
-9.1340
-8.6603
-4.6077
-7.2527
-11.1697
-10.4187
-5.1187
6.8644
14.4050
16.5414
16.8488
15.6929
12.4734
14.0235
8.1742
0.4659
0.2200
-1.8851
-3.0281
2.9309
6.7499
4.9263
1.9934
2.2495
-0.4930
0.0140
1.4256
-2.4556
-4.0871
-0.4808
4.1241
4.3317
3.1058
5.7878
13.4024
15.8175
13.3227
8.5252
4.4477
2.2840
3.6079
-7.4766
-9.6933
-8.3974
-7.9712
-9.1473
-7.7644
6.8137
20.9708
27.8066
25.0788
11.1143
5.2048
3.6123
-0.1145
-1.1668
-0.7724
-0.0943
-0.0761
-1.8255
-1.0906
0.0944
-0.3590
-1.7825
-2.1242
-0.8069
-1.3194
-1.6291
0.0661
1.4029
0.2430
0.4185
0.2984
-0.5084
-1.1411
-2.7800
-7.3406
-6.2795
-0.5793
4.1611
6.5194
4.5684
1.5560
2.7677
-1.7705
-3.5414
-2.8200
-1.8796
-0.9570
0.0465
-0.6429
-2.0458
-1.8658
0.2180
-2.5777
-0.5695
0.0111
-3.2291
-3.7432
-2.4154
-0.2235
0.3033
2.0734
10.9058
16.1447
16.0618
13.7119
7.4614
8.2312
5.0332
-1.4194
-9.1294
-5.8927
-8.5924
-8.5550
-9.4978
-13.2805
-10.1052
-4.7535
-6.6342
-12.4656
-15.0763
-12.9356
-11.1055
-7.5040
-2.5410
-5.4518
-5.8556
-2.3004
5.4780
17.9030
17.1476
7.0740
3.4147
2.8219
10.9821
19.6102
35.5318
33.5861
26.9166
32.6301
26.4221
16.2233
14.5712
15.8108
10.9789
7.7525
13.5518
25.2354
34.3219
32.2131
26.8163
22.7039
15.8473
13.2581
9.1210
20.6272
24.5293
30.7130
34.7869
22.5024
23.4760
17.1534
7.4587
1.4152
3.5476
3.0702
12.7869
20.6859
12.7135
1.4143
-7.3114
-7.9392
-5.7154
-5.7137
-12.3419
-15.8135
-11.1052
-9.5667
-15.5156
-14.8591
-7.8397
-0.7979
3.0422
2.2133
0.7201
16.7609
20.6126
13.6787
1.9590
-1.8572
-7.2916
-15.4040
-15.7642
-16.0912
-10.0055
-5.8912
9.7320
16.0375
8.4011
-1.0973
-7.0005
-12.7642
-12.3743
-7.9658
-0.1690
14.6184
21.1215
20.5380
15.0582
21.3080
20.3559
16.6102
8.0337
-0.1796
-4.3578
17.7559
22.2217
9.5605
-3.3357
-5.8357
-7.8489
-9.0190
-2.9021
0.5985
3.1080
-2.6396
-4.2221
1.4342
-1.6545
-1.7237
2.1199
0.5108
-0.3552
-0.3120
-3.3306
-3.2908
-4.5539
-8.2224
-8.3108
-5.2851
-0.8308
-0.2011
-1.5460
-1.4058
0.4350
-0.4650
-0.4010
0.7671
0.5547
1.7286
1.6487
2.7666
1.9660
-0.8439
-0.8781
-2.3489
-3.5170
-5.9016
-8.7397
-8.4190
-6.1429
-5.9474
-5.5911
-3.0574
0.3719
-0.9213
-4.5534
-6.2488
-6.3268
-2.8090
-0.3114
0.8557
1.7603
1.0852
1.2149
2.5352
0.6047
-0.5656
-0.2282
-1.7208
-3.8826
-4.0936
-0.8251
-2.9315
2.2709
2.1737
-1.0941
-7.7268
-5.3022
3.4641
8.3478
3.2006
1.0133
0.7889
0.3376
-4.9558
1.1158
6.0216
-1.0073
-4.5754
-1.3008
2.0295
6.3883
1.0620
0.0100
-1.3637
-2.0387
-3.5886
-5.8527
-1.5801
-1.2781
-2.1878
-4.4212
-9.2640
-9.0979
-6.5711
0.0475
-0.9759
-0.9864
-1.4559
-1.9211
-0.0337
-0.6845
0.2082
-0.4416
1.5941
-0.6857
-1.2685
-3.8233
-5.8468
-1.7693
-0.3452
-1.1750
-2.1150
-1.0660
-0.5010
-1.9850
-3.3929
-2.7144
-0.4240
-1.1795
-1.1592
-2.0063
-2.8980
-1.3801
0.6818
-0.5013
-0.5200
-1.0472
-0.1623
-0.3489
-2.0686
-3.6789
-3.0454
-1.7959
1.1701
2.0322
1.0977
-1.7501
-1.6344
-2.3866
-2.6422
-2.5447
-2.6760
-4.2128
0.7998
6.0389
9.4514
8.3408
7.2822
5.4842
2.1851
3.9228
6.7093
8.4134
9.8494
7.1100
1.4378
-3.6947
-5.3313
-1.6791
-1.6530
-6.0271
-5.5178
-1.3760
-1.9093
-0.8554
1.6178
-0.5696
-0.8337
-5.5698
-10.5815
-12.0366
-13.0775
-7.7944
-1.3580
2.7258
2.7026
-1.5606
0.2954
3.1884
5.7888
1.4649
0.3378
2.4520
-2.1920
-1.0102
0.0741
1.4451
-1.6111
-4.2341
-3.7160
-0.7162
-0.6632
-2.4544
-2.5717
-2.7649
-0.1153
-0.5169
-7.5095
-5.2872
-7.0666
-6.8511
-2.8244
0.1346
2.1443
0.8253
2.9692
4.1860
0.4731
-2.0556
2.1379
3.1593
2.5347
1.5956
0.9477
2.0833
4.2469
7.7943
3.5905
1.3215
0.6047
2.8565
7.3919
9.8405
9.2740
5.3642
5.1064
4.1664
0.4628
0.3376
0.0926
-0.3013
-4.7953
-6.7902
-5.7891
-6.6985
-3.5633
-2.1619
-5.3217
-9.4996
-14.9137
-13.8820
-13.5965
-10.8600
-4.9291
-5.1800
-8.0825
-6.6236
-6.4936
-5.7653
-3.7453
-9.2630
-10.1106
-4.3653
-2.5202
-4.2538
-5.3858
-6.1564
-3.3295
-4.9400
-2.5337
-1.9622
-0.1894
-2.2698
-2.8747
-0.5274
3.5817
1.5476
0.1640
0.9416
0.7658
-0.2355
0.9430
0.8574
-1.8033
-1.5884
-1.0178
1.0779
-0.4257
-1.8159
-0.8173
-1.7814
-1.8120
-0.8177
0.1730
-1.8061
-1.7226
-1.9858
-0.4952
-1.0901
-2.4683
-3.0160
-0.7976
1.2267
1.2746
-1.2540
-2.3766
-0.1451
1.3168
-4.9344
-4.9264
-2.2016
0.2327
-0.5436
-0.3321
0.2810
-0.3301
-1.6510
-0.0225
-0.2211
-1.9839
-1.7257
-3.0958
-1.9129
-1.3129
0.1891
0.0678
-1.1736
-1.2658
2.5513
2.8358
1.9396
2.1479
2.3676
1.4126
-3.4661
-2.6099
-5.4421
-6.3693
-4.5417
-2.8514
-3.1240
-1.8537
-0.0103
-0.8625
-0.2697
-1.0020
-0.5376
0.2492
-2.0412
-1.9951
-2.3114
-0.0534
1.4857
1.5410
1.0286
-0.2918
-0.8657
-1.1189
-0.0279
0.7579
-0.2567
0.1745
-1.4037
-4.1371
1.6173
2.5776
-0.6151
-1.0939
4.3094
3.3438
1.9532
3.7920
12.3506
17.7020
17.3716
5.8437
2.2776
0.6019
-0.6462
0.9319
-1.7739
-0.4964
-1.9910
-5.4501
-7.2491
-2.7291
-2.0175
-1.6932
-3.1909
-2.0909
0.3501
-0.4405
-1.0338
0.7090
1.5807
2.9713
3.0477
2.3343
-0.9606
-0.9857
0.0719
0.3637
-1.7805
-0.4499
3.1860
4.1412
-0.5278
-0.9480
-0.8378
0.1711
0.2084
-1.0674
-0.8235
0.4922
1.5856
-0.1921
-0.5290
-0.4824
-0.1580
-0.1370
1.2216
2.2212
0.8351
-0.8531
-1.6600
-0.7937
1.3900
-1.2236
-3.6353
1.0139
0.6161
-1.0474
-0.2946
-0.9211
-2.1411
-4.5918
0.8762
-3.3597
-2.4877
0.6836
0.9066
1.2588
-1.0018
-0.7170
0.6535
1.4403
-0.9122
-2.8575
-1.8892
-2.4556
-1.5703
1.8806
2.5479
-0.4404
-0.1945
-0.9954
-5.9577
-1.4945
-3.1827
-5.1216
-2.2503
5.3723
-0.8818
-4.5010
-1.5919
-2.9057
-2.4422
-1.6138
0.8329
-2.1813
-0.9875
1.4012
0.5674
-2.2882
-1.5024
0.0628
-0.3113
0.4021
-0.9350
-1.6042
