MFCC Analysis for recordings\LuceMedina.wav
==================================================
Shape: (40, 425)
Number of coefficients: 40
Number of frames: 425
==================================================

Statistical Summary:
--------------------
Mean: -6.0329
Std: 61.8073
Min: -510.2077
Max: 211.3682

Coefficient Values:

Coefficient 1:
-510.2077
-481.0181
-464.9496
-465.5260
-476.3696
-480.2193
-480.3031
-472.8270
-469.8356
-474.4785
-483.0385
-468.6013
-427.5373
-404.9221
-358.1339
-290.7688
-270.2321
-276.5800
-287.8454
-302.5662
-289.8339
-271.5322
-288.0126
-351.3863
-405.5077
-422.2916
-443.5518
-463.5930
-461.8868
-441.2993
-422.1036
-420.1629
-439.3494
-455.2961
-454.6550
-451.6035
-461.2399
-464.7983
-467.2252
-474.9022
-478.7172
-476.4337
-473.3600
-473.8190
-472.6202
-476.2934
-483.6708
-484.4008
-482.6382
-486.2660
-490.7171
-491.3284
-491.7840
-495.1292
-495.9272
-496.8035
-496.1832
-493.9798
-494.0571
-474.1535
-437.7555
-308.8741
-218.3624
-192.7659
-231.0164
-327.3022
-379.5308
-410.7019
-440.7234
-460.5145
-479.5718
-467.4998
-457.0056
-454.4410
-479.1819
-463.4883
-406.3703
-372.0276
-398.9539
-468.6397
-493.1941
-489.7424
-451.3778
-448.0560
-472.1620
-487.3437
-472.8600
-463.7151
-468.3705
-485.1818
-491.6229
-494.0972
-495.6984
-494.7228
-474.3596
-481.0844
-495.7916
-499.3303
-497.6688
-500.2487
-501.8473
-502.7080
-498.4953
-495.4484
-496.5747
-494.9901
-490.5479
-492.4820
-500.9590
-500.4943
-495.9996
-495.2819
-497.0767
-500.4016
-497.2002
-497.2843
-501.7896
-499.0139
-492.2980
-487.1450
-485.3671
-486.1451
-482.2218
-481.3594
-488.6351
-490.5927
-486.9962
-485.1398
-475.7441
-468.8969
-464.7342
-470.8712
-475.4979
-483.8965
-487.0749
-485.9773
-483.7028
-437.1659
-359.0646
-386.2136
-471.6348
-494.2827
-492.0846
-485.1443
-483.2727
-478.3045
-470.5377
-460.2803
-458.4208
-467.5086
-473.0658
-464.2365
-466.4811
-474.4545
-430.2529
-375.3537
-320.7866
-253.9649
-209.4750
-198.2039
-218.6675
-257.1456
-275.3978
-271.3435
-256.8478
-272.6669
-289.5736
-234.2873
-217.6111
-230.2574
-211.5299
-197.1728
-175.6937
-185.8063
-180.2311
-118.7120
-118.4927
-132.5620
-144.7392
-123.3025
-99.7066
-155.7703
-248.7061
-238.1738
-222.5603
-220.4763
-237.3869
-272.0800
-275.5358
-237.0959
-207.0971
-231.6880
-282.0395
-337.0074
-380.3153
-405.2768
-416.3384
-419.0738
-432.9996
-461.7871
-472.6726
-480.9255
-488.6942
-478.6492
-472.4962
-476.5667
-477.2185
-478.5582
-475.5000
-481.0523
-484.2459
-490.4066
-492.3537
-493.3285
-491.7721
-485.9902
-475.5798
-467.4132
-456.5404
-439.7342
-439.3011
-446.3615
-445.9178
-452.0495
-449.4845
-451.0256
-451.6479
-372.7471
-232.4550
-104.7923
-60.5882
-117.4008
-306.0767
-329.0289
-276.7628
-257.8070
-279.0371
-293.9696
-238.1410
-149.6079
-106.4079
-125.6105
-228.4542
-179.3490
-106.2917
-100.1341
-160.8736
-179.1438
-215.7779
-243.8965
-184.5567
-180.9883
-207.7508
-263.6826
-327.3323
-381.1111
-424.7689
-449.2569
-461.9377
-472.6769
-473.5627
-446.0276
-422.5879
-427.7781
-427.1231
-401.3292
-350.9788
-314.8241
-308.8275
-303.9921
-284.0089
-263.3519
-245.0270
-217.5990
-210.2909
-226.9131
-279.6954
-352.1294
-353.6103
-342.1864
-339.6179
-334.3109
-315.0819
-313.2367
-322.5891
-331.4490
-280.8496
-236.8420
-229.9882
-257.1899
-266.5819
-200.4663
-160.7400
-172.7855
-229.6091
-287.3812
-192.8737
-140.8884
-179.2624
-249.7639
-225.2021
-240.0648
-270.6415
-172.9686
-153.5779
-189.8904
-210.6690
-243.7298
-289.8741
-332.5847
-344.2809
-340.1999
-341.4817
-314.9011
-274.0128
-253.8233
-252.2044
-262.9213
-274.9707
-306.2934
-368.9126
-432.0222
-263.2535
-69.3544
-12.2637
-59.9891
-168.8464
-56.9976
-29.2966
-65.2690
-135.2139
-262.3615
-229.1275
-150.4922
-87.4064
-83.9721
-103.3868
-140.3893
-163.8477
-103.3769
-69.4676
-90.4984
-134.6877
-47.7719
-27.6760
-73.2936
-177.2083
-286.7263
-183.1814
-136.3619
-152.4442
-198.2029
-224.8950
-169.5500
-138.5418
-165.9425
-225.6585
-213.4396
-162.6882
-178.5376
-266.8474
-358.7393
-247.0005
-181.2972
-170.3406
-170.3100
-200.8273
-226.8212
-168.9778
-165.3639
-208.5860
-263.6855
-268.8812
-218.9515
-196.9881
-215.7056
-277.7624
-323.4956
-306.2220
-221.6419
-166.4013
-146.0728
-111.3716
-104.3170
-136.7625
-191.1762
-231.5034
-216.9327
-192.5142
-196.8383
-233.0161
-241.8575
-251.3314
-274.7613
-286.2098
-300.3723
-326.7103
-356.4687
-375.1764
-412.8441
-442.3796
-470.1263
-479.1783
-481.7399
-484.6410
-433.8409
-379.4484
-406.6859
-433.9181
-437.2121
-465.4599
-480.9999
-491.1690
-498.1866
-499.1621
-496.2924
-494.2240
-493.9045
-494.3381
-495.0959
-498.3919
-503.4353
-504.1450
-504.8923
-501.6804

Coefficient 2:
10.9424
47.4068
62.7998
63.1422
54.1622
51.2939
50.7880
60.2199
63.9608
57.6293
46.2045
44.1667
23.3517
10.0994
-3.6566
-17.0878
-10.6313
9.0586
14.5054
11.2994
54.3445
92.1331
94.3056
77.3149
76.7173
89.6967
77.6475
59.3358
58.7538
76.0224
89.2617
92.7479
83.6179
74.8496
78.7975
83.2756
74.0832
69.6774
65.5934
57.1559
52.5102
55.5355
59.8981
58.8741
59.0160
55.2706
46.7558
43.8404
44.5434
40.3133
36.0218
35.7898
35.7317
31.5432
30.6611
30.0519
30.9786
33.2643
32.8206
58.4658
90.2928
20.3790
-25.9727
-34.4537
-23.2079
10.5013
34.7107
46.4155
45.3387
36.7469
32.4139
58.3299
68.2578
49.4264
33.7556
22.5904
24.7897
35.6950
40.8776
45.2364
32.3831
26.2293
51.2354
55.9717
41.4475
34.0201
54.6022
64.9031
57.2270
39.6862
34.7705
32.2691
30.8386
23.6453
7.3120
13.9451
19.8513
24.1073
28.7581
25.1594
23.0630
21.8750
23.9786
24.6621
26.2759
30.7812
36.6539
35.3597
24.1477
24.5592
30.8588
31.7393
29.2651
24.4577
28.5202
28.1846
21.8141
25.5551
31.4662
40.2959
44.2849
42.6668
47.5256
48.8654
39.5669
37.0719
41.6516
42.1330
46.0282
56.6397
62.6220
59.7564
56.0467
45.8940
41.4682
42.3731
45.6179
56.1743
50.9998
47.7073
33.7779
32.2087
35.6403
44.3402
46.9000
53.5357
62.5390
74.6675
77.4230
67.0445
60.0457
70.5566
67.6957
58.4560
101.7631
143.4144
163.4191
177.0402
189.3340
192.1638
197.7646
192.2218
188.6316
193.8364
196.1412
199.3501
195.1395
197.3725
201.9989
211.3682
204.4866
192.6217
166.1376
160.5386
171.2891
151.2534
144.5448
146.5438
157.3374
152.7089
147.6775
157.3062
176.5721
163.3601
167.3343
184.6269
196.6888
192.8031
196.0137
201.2497
188.6444
188.9585
171.1547
139.6532
109.1511
93.9146
90.1802
89.3161
80.3036
64.3545
59.2299
49.9004
40.0554
51.9795
60.0852
55.3243
53.7888
52.6008
55.5042
49.5071
46.6083
38.9864
36.3251
34.8611
37.1160
36.7774
31.2428
30.3002
34.1889
33.0874
33.4309
30.1716
31.7088
27.8804
23.2294
20.6819
21.1299
101.2817
150.6157
143.5276
143.1255
142.5854
146.7904
173.0117
197.2914
201.1829
189.5888
181.9096
166.4722
119.5456
102.5520
119.2341
124.1569
104.4197
110.0560
115.5853
128.3760
91.2841
78.4590
37.8370
44.5511
65.8309
68.8988
65.6534
78.9401
84.9482
65.7177
55.3914
50.0013
49.7734
56.4810
91.6365
113.9799
111.0460
114.6892
135.8766
161.9715
168.5344
152.9816
163.8897
179.4697
172.8152
158.0604
146.4292
143.1904
149.8937
149.9964
133.8113
138.8025
139.2626
135.5623
148.6051
168.5706
172.2671
170.8953
174.7050
142.4550
110.1865
115.0107
132.3150
143.6783
139.6622
130.4494
137.2339
155.7633
162.5589
165.9189
153.0326
147.3321
138.3657
128.9340
139.1371
144.5368
126.1372
116.7856
118.6773
72.2298
14.1613
-26.2181
-38.6045
-27.2362
-19.1854
-3.4983
6.4765
14.3972
20.6590
25.9400
22.7263
24.0253
33.0194
38.7480
42.2465
130.1712
127.4021
127.5260
123.9615
113.6155
106.2918
96.7206
91.9230
108.0422
128.6820
29.7896
17.2130
93.0838
146.5603
141.7762
136.2018
118.5139
114.3436
107.1228
102.7868
120.1794
95.0456
86.0188
94.1702
111.4848
107.3526
54.4679
64.6340
119.3345
153.5445
138.4862
134.0781
124.3964
125.7827
139.2165
122.5004
61.8987
14.7905
-14.7894
10.1023
98.3577
141.2708
147.2008
107.9378
41.5200
-8.8350
52.7934
96.4969
121.6589
130.4530
153.1716
173.7897
166.5740
170.3826
171.0638
151.9256
173.3732
199.3823
179.2039
147.9955
145.3004
139.3127
134.3269
129.6950
110.3505
106.6155
119.7470
133.5892
147.8019
154.0794
150.7510
137.8175
134.5284
120.5730
91.9566
76.3888
70.2539
58.8843
47.1657
41.5189
44.3773
47.0793
44.8199
64.5939
61.6332
74.4330
53.1535
42.2705
49.5701
45.7435
36.9728
27.4886
26.9075
30.9280
33.7972
34.2674
33.6828
32.6518
28.0525
20.9621
20.0234
19.0242
23.4565

Coefficient 3:
9.0652
33.4259
35.9744
41.0322
43.1021
43.8474
42.4762
48.9134
51.3816
45.8166
36.3364
41.3529
48.3652
39.3326
22.1779
-3.4828
-15.3210
-20.3834
-17.0435
-6.2299
21.6470
19.4042
6.1076
8.6588
32.9545
42.5339
45.4049
41.3953
38.5548
34.4488
24.8332
28.2538
41.4503
47.8438
54.2243
57.9091
56.9069
54.1406
49.2489
45.8922
42.8857
45.3229
49.8160
48.2583
45.3257
44.8982
40.8192
34.5142
32.1999
29.2131
28.6260
29.5766
31.0275
28.3507
27.8506
28.5880
29.6446
29.8580
28.5929
47.3720
71.9804
55.2186
36.6297
28.8873
17.1847
-4.2752
-5.9089
-8.4699
0.7986
4.3432
15.0028
45.5240
53.8527
40.7625
30.5882
39.7013
45.1979
29.2231
21.3751
27.4484
29.4701
23.9238
9.1703
11.7808
14.0148
23.3969
35.3984
38.6956
33.5128
27.1310
27.9743
27.4602
27.4094
29.8123
39.6389
43.5453
30.0874
25.2728
27.0730
23.6539
21.9779
20.8721
21.4347
20.7745
23.3617
27.0949
31.3307
31.6376
22.7614
23.1084
28.4207
28.9275
26.7472
22.9198
24.8744
24.0057
18.5533
22.3044
24.1733
32.5503
37.6598
35.1325
37.7504
39.2471
32.9528
31.5065
34.8387
33.0556
27.1207
36.2412
40.0918
43.0933
43.8070
37.9282
33.7593
33.4933
36.3437
34.7546
32.8861
40.0292
45.4734
28.9292
31.6407
37.5186
40.0122
44.8552
49.7377
56.5910
59.0301
53.8676
49.0554
54.4467
52.3261
48.3756
71.6737
73.3682
44.9628
19.5484
7.5187
-1.2212
5.6259
24.0922
37.9870
38.1592
34.9410
37.2485
46.1898
20.3176
17.0469
18.9324
9.0804
8.2957
9.4503
10.1866
4.7834
-9.9413
-12.5942
-3.5006
0.1430
-13.9693
-19.8913
-11.5248
11.4887
16.4809
5.9975
-0.3126
9.9404
28.5237
33.0596
25.6780
13.4304
17.2517
26.5361
28.2123
19.4849
16.4422
25.7908
28.9252
31.8266
40.8690
46.2645
41.4640
34.7427
41.1537
47.8633
46.1642
45.8499
43.9825
43.6209
41.4921
42.0155
37.1480
34.7754
33.1098
35.4654
33.1307
25.1386
22.1901
23.2616
18.3952
17.6769
16.5353
16.6990
14.4894
7.8454
1.4544
0.1250
22.8877
-4.4157
-6.6878
-6.8113
-3.5933
29.7495
55.4687
39.4278
25.8063
27.6650
38.5468
21.5262
6.4761
3.3840
10.6043
41.1312
30.8080
11.4482
16.5773
27.3205
14.4637
0.3077
-19.5177
-37.0664
-45.0085
-46.9794
-40.6169
-32.0835
-20.2294
-2.8929
10.1914
19.0970
33.7155
44.8583
70.5961
80.5596
81.7552
81.6200
81.0508
69.0581
47.8024
43.1063
49.0676
41.6309
32.4837
18.2739
-1.3100
-12.6423
-7.0162
11.1513
43.5258
48.5268
40.2277
33.9768
42.7361
43.7567
40.4481
43.6030
61.0840
39.6235
31.3362
29.6792
37.2951
33.6165
8.5947
-6.8541
-8.0340
2.8260
22.8597
12.1339
4.9959
7.9355
21.7412
28.2888
42.3294
47.5983
30.6475
22.6483
31.8293
73.8594
108.7038
102.5153
71.0095
46.8823
31.2363
16.4982
-5.0765
-10.5608
-7.7416
-2.7873
-7.6404
-12.3915
-11.3410
-12.0078
-2.0946
2.9791
-7.5364
-17.5045
-17.9687
11.5607
-1.3807
-12.4498
-15.0880
-2.1582
11.0350
45.0228
37.1946
34.1792
5.9413
-13.0881
-3.7586
22.0253
-4.0825
-17.6164
-11.5172
-0.9489
-11.3605
-9.4414
3.9602
13.4480
15.5181
25.9987
31.6688
42.9829
41.4846
27.9330
7.4255
-4.7258
-6.5331
9.2059
38.9331
71.1976
70.2552
69.5159
70.7948
79.6961
63.5359
45.5176
62.1543
83.0332
82.8240
92.4009
60.9083
42.3016
36.5282
22.1729
-5.2367
-12.4496
-4.3131
9.9028
36.9365
43.0592
-4.2455
-32.8075
-48.1989
-40.4113
-31.4609
-15.5963
17.0420
63.6611
68.9362
42.9025
21.6357
12.1189
-3.9559
-18.7865
-17.1840
-13.3274
-17.5113
-17.2817
-18.5499
-15.2420
-4.8123
3.8267
24.1263
32.7232
37.9312
38.3228
30.3987
26.9986
43.1526
65.2870
63.1939
56.9544
44.6485
34.4508
26.1005
25.9451
29.8528
32.5576
33.0786
32.5770
31.6640
27.2523
20.3035
19.5338
18.6999
22.8119

Coefficient 4:
6.3782
16.6644
14.8001
22.8293
30.0948
33.6287
31.5975
34.2748
35.1826
31.0162
24.4333
26.4988
32.8003
29.1226
23.0022
23.2902
27.6530
32.8349
26.6122
28.7220
55.2344
64.2752
70.2886
73.0744
55.9059
35.9909
35.1032
39.1036
40.3338
29.6682
14.1764
15.0764
26.2199
29.7760
32.2192
33.0085
36.3639
35.3149
30.8822
31.9396
30.4858
32.0876
36.7153
35.2296
31.0455
33.8104
33.8655
26.2407
22.7555
19.7378
21.1205
22.8043
26.0068
25.3725
24.7226
26.4377
27.6474
25.5923
23.4755
32.7491
36.1614
54.3947
55.6466
56.1550
57.8179
55.9663
42.4329
41.7814
39.2498
33.9845
31.1237
47.4340
50.1615
46.7548
34.3592
34.4326
43.2412
38.1019
31.5125
28.5986
24.0364
21.8949
5.8418
5.4031
18.9260
27.4830
19.7315
16.6910
21.4558
21.0455
21.9106
22.7888
22.9791
17.9828
13.2427
14.6413
17.0539
20.9429
24.4472
21.4382
20.3112
19.3235
23.0152
25.3822
23.9803
23.1798
25.8386
26.2058
20.5938
21.4630
24.7170
24.6925
23.0491
21.5298
20.0541
19.0543
16.4418
20.3718
23.3214
25.8900
28.5090
25.6176
24.9589
26.2415
24.4362
24.9375
26.6288
25.8015
24.9384
27.8464
26.2958
26.5397
27.8856
27.0710
23.4544
22.7979
24.2192
35.1579
33.2658
27.3089
13.6774
23.3039
26.2557
28.9258
30.7295
32.9798
34.5867
35.8679
37.2560
36.6509
34.4578
33.6321
32.2394
34.7524
53.9731
53.9755
51.0993
35.9624
24.0269
21.2683
30.0738
44.3887
36.5509
19.3089
18.5578
26.5550
34.4953
22.3246
20.9062
24.5992
36.1759
43.9289
49.0771
48.8548
40.5268
28.8138
16.5491
15.7876
24.1667
37.6802
35.4314
39.3345
57.1506
71.1990
66.2101
47.7010
38.6763
41.3013
42.6659
26.1387
12.8910
14.7049
32.4123
43.7357
37.7029
26.2273
20.6876
24.8715
32.7007
33.2603
31.5194
30.1904
27.7391
28.3759
33.6869
34.5713
33.8017
33.8880
32.5452
33.0514
35.9071
34.2738
32.4099
30.5626
32.9173
39.7829
53.6992
60.9194
68.9545
78.9039
75.3045
77.3938
77.1765
73.1037
73.2810
71.9639
71.7121
67.4338
67.6167
56.6043
57.1464
65.2898
79.5396
41.0763
36.0909
31.1010
33.9846
47.5497
59.0628
60.4097
66.6464
75.0809
71.2746
41.2058
38.6767
40.8615
44.9813
48.6890
33.4158
15.9768
10.0749
12.5919
13.3420
12.1775
9.2055
13.7520
20.2355
23.2434
28.6576
33.7881
35.7919
50.0732
57.5216
55.4017
44.3668
37.4380
40.8705
47.2075
54.7407
34.9663
4.1222
-5.3641
-0.3610
15.8786
33.1835
53.5886
69.7763
74.3743
70.7598
63.2903
59.1144
61.7259
38.3756
20.3524
16.5997
26.2344
66.7501
77.7715
75.0795
65.2910
52.9828
57.3823
55.6273
56.4510
56.9441
54.2379
42.6739
37.5687
39.2184
54.2127
69.0699
77.3341
72.0964
47.3338
37.3882
34.7744
34.5082
38.3621
26.2637
5.7964
15.0851
34.9793
47.5556
57.0266
67.0236
64.7963
64.1227
65.5284
74.0625
83.2263
82.6603
64.1172
41.2827
37.1105
37.8652
45.6525
66.6641
51.8788
45.0080
44.8510
48.1375
56.4174
39.2223
30.2156
4.8375
4.8717
20.6982
49.2832
67.8495
41.9327
38.9648
53.3954
57.5497
32.1328
32.8949
48.4800
61.6605
62.3489
24.3651
26.5099
23.5368
22.0347
21.2149
28.5094
36.4674
47.1441
56.1349
62.0893
54.8856
47.0660
45.3826
37.6999
19.8121
9.5517
16.1241
22.7460
33.6674
40.9794
51.7904
58.8829
56.7711
60.2505
50.9639
16.8985
19.6294
34.8435
52.4991
72.0517
59.2874
29.5916
19.5251
21.7803
27.3478
39.6656
69.9614
99.1060
119.3563
114.7811
98.7411
91.6669
86.8191
57.0031
28.8309
20.9323
24.9833
28.2590
42.3754
50.7098
49.1297
42.0129
38.9511
41.1007
32.3071
30.5384
31.5741
31.7754
35.6893
47.2210
45.4219
40.0218
33.2499
32.5091
29.6996
25.1023
24.4258
28.1485
30.5902
31.1816
30.8102
30.0810
25.9855
19.3163
18.7532
18.1694
21.7795

Coefficient 5:
3.4202
2.6330
4.6057
8.4821
14.8324
23.0004
21.1004
20.5155
20.1417
17.9431
14.6781
13.8332
10.7375
10.6385
10.0560
14.6725
16.7325
19.1102
20.4102
19.0465
21.7039
18.1534
12.3656
14.6718
19.6981
12.9868
12.0301
20.2943
23.1133
18.9961
13.1865
13.6347
16.8672
19.0426
17.5574
15.3393
18.8824
18.3555
15.2556
19.3033
18.9068
19.6801
23.9367
22.9712
21.1545
25.6116
27.5603
21.2955
17.9001
14.7745
16.1672
18.2155
22.5457
23.6760
22.1610
23.9227
25.2159
21.8422
19.3480
18.7530
12.6456
10.0508
11.9376
11.3019
16.2005
25.4465
30.3254
36.2893
35.3074
33.8595
28.4344
32.1542
24.6362
11.0458
14.6773
20.2916
8.6151
6.3447
9.5631
18.0698
19.7244
17.6291
16.8995
18.9954
29.0797
28.5066
10.0812
3.6672
15.4656
17.3914
17.6744
19.2588
18.7456
22.7302
31.4419
30.3666
24.9687
20.7136
21.1743
18.7589
18.2497
17.3925
17.4299
16.4301
17.5160
17.0135
18.7078
20.0137
17.9269
18.7952
20.2229
19.6217
18.5791
18.8347
14.5371
14.1363
15.1090
18.2599
21.2978
19.2575
18.5906
15.8697
12.6632
13.1713
15.8360
18.5063
18.1733
17.6012
20.9087
18.4345
14.5024
12.8428
12.2739
15.9128
13.2142
13.2014
12.6282
-0.4367
-5.3058
1.2805
18.7834
18.6848
19.8396
20.2112
20.3648
20.5568
20.2937
16.8586
17.7896
20.0203
20.0198
14.2338
13.2356
20.9991
20.3287
6.9911
12.3106
9.3619
6.2239
9.2751
19.2615
11.8841
-3.5514
-3.0689
4.1488
2.3544
9.9371
9.6996
4.1930
4.7988
1.4856
-3.4036
3.4332
13.5054
16.7450
8.0605
5.9562
18.6247
36.4156
20.8474
14.5286
16.1518
40.7137
38.9589
31.4321
30.5761
35.9639
27.6062
23.9901
20.9438
14.7933
18.7807
35.5772
49.1757
43.2118
35.0387
30.4528
24.0217
24.6943
24.3899
17.7722
19.1459
20.9476
17.9949
22.3791
24.5262
24.6759
25.6187
26.5734
27.1201
29.6213
30.6169
29.4876
27.6236
29.7274
29.9779
27.5088
23.8880
20.7061
9.7292
6.8447
13.2137
12.9232
15.0364
14.2924
17.7693
21.6073
9.6475
-4.7738
-2.8662
3.8902
16.2453
36.7349
13.4381
4.3363
-0.5651
5.8493
15.8611
30.1613
26.4115
22.2946
19.6983
32.1727
28.7124
26.1129
36.8604
44.2427
33.7241
26.1113
17.5068
9.0172
8.0004
9.8654
11.5682
13.7425
20.7164
20.5726
19.2494
21.5294
20.6247
22.5037
25.7452
23.8856
20.1148
10.1681
3.3417
-7.2102
-5.9275
-8.5630
-23.5354
-23.4192
-17.3351
-3.7161
14.3088
18.2423
17.0240
17.4562
31.6794
28.2120
23.4477
22.1715
25.6174
10.1559
0.8487
0.6370
0.8431
9.7318
4.4297
-0.5658
6.8091
18.3650
7.6150
0.0769
4.4608
13.6292
22.5506
12.3099
12.8733
19.3810
25.0401
21.9423
27.3248
37.4176
28.0909
25.7245
31.3583
32.1826
38.8107
49.9684
44.8036
31.3348
18.2005
23.4741
25.4814
21.9385
16.4239
8.3143
8.8075
11.4785
16.5515
25.5858
38.5405
-1.1856
-10.4466
-11.8217
-5.5674
16.5953
4.8110
-1.4627
1.1238
15.5790
35.7514
48.9905
37.5572
19.6545
9.8001
10.1175
17.8670
8.6961
6.6759
6.0391
10.9185
10.9410
-1.1550
-0.7644
10.3404
23.8394
43.4730
40.0604
39.8541
27.6647
15.2007
19.2031
10.0315
5.5380
9.0962
27.2953
27.6955
32.8082
36.7420
44.5932
47.2168
23.4183
6.7449
-3.0457
6.1722
25.7390
40.2083
33.2635
21.6561
20.7978
39.5181
35.6293
29.7391
35.2607
39.9996
39.9328
34.1056
22.3479
17.5724
9.8284
6.9936
7.0728
10.1202
4.8416
1.8607
6.1091
15.3617
25.1293
30.3598
38.6119
35.8679
20.3511
12.5724
14.2577
12.5950
13.4881
14.5522
16.2165
20.7738
23.9346
25.2068
23.6348
23.5777
25.0805
13.6430
12.5547
20.0458
27.7282
25.6846
27.7145
26.2795
24.7051
22.3159
22.4662
25.9366
28.0324
28.6952
28.4896
27.9919
24.3418
18.1331
17.7301
17.4474
20.4171

Coefficient 6:
0.7361
-5.5232
-1.5415
-0.1701
3.0796
13.8897
12.9733
10.5305
9.5350
9.5047
9.2940
-0.6954
-3.8267
-3.7278
-2.1498
-0.6051
-8.8909
-10.1098
-8.1887
-8.4220
-19.3696
-33.5709
-33.9309
-31.5273
-12.2046
-3.8508
-2.6295
3.3642
2.1718
-0.5117
1.7248
1.2873
4.7258
9.5795
7.5945
4.8847
7.9007
6.6584
5.1056
10.7926
10.7078
10.8221
13.9288
13.5593
15.8207
19.9166
21.8478
18.1861
14.7774
13.1084
13.9635
16.4608
20.6617
22.4677
20.0097
21.3207
22.5343
19.4563
17.3508
8.6884
-10.2289
-33.8881
-43.2707
-49.3770
-48.4240
-28.8227
-18.9920
-16.4877
-12.1322
-3.7597
3.8733
8.0087
5.5837
1.1743
3.0529
5.0622
-10.2806
-14.5854
-10.7261
3.7566
13.8240
9.7568
16.9779
18.2254
18.0190
14.5501
2.6186
-3.0873
4.2379
9.4503
13.4158
15.9941
15.3934
11.9244
10.9239
11.4256
12.5234
15.7648
17.5554
15.8581
16.0092
15.2680
11.8623
7.9268
11.0392
11.1197
11.4075
14.0398
15.1723
15.7886
15.4860
14.3781
13.9856
15.8696
9.6795
9.4023
12.4784
14.3806
14.1830
11.5672
9.6722
7.2950
3.3560
2.8161
8.4923
12.4770
9.9493
7.4998
5.6895
1.0002
0.6583
1.5548
0.1578
6.5402
5.0688
5.9463
4.1072
-16.1049
-22.8003
-16.2134
3.4033
14.1601
13.5192
12.1758
11.1420
9.7227
7.7032
2.1803
3.5651
7.2161
8.4292
0.5813
-0.2834
9.8625
-2.8641
-23.2889
-38.0849
-49.7496
-48.1991
-46.8101
-44.3316
-37.7937
-25.1219
-21.6581
-26.3307
-30.3124
-35.9138
-26.1688
-18.6065
-23.2245
-34.0875
-45.8326
-52.4591
-55.9707
-42.7594
-31.3506
-21.9053
-23.4427
-28.9322
-17.8780
-12.7596
-11.5017
-27.5865
-41.3389
-43.9207
-42.3613
-40.8562
-33.7478
-31.8641
-39.2967
-46.9426
-44.3396
-30.4092
-10.5831
-7.3024
-3.5451
-2.8789
-6.7534
-4.5568
4.6444
7.0975
10.8832
15.7758
11.8899
15.6616
17.0689
16.7609
18.8898
23.7704
23.4574
23.9409
26.4762
26.2647
24.6247
26.1709
21.0091
11.7549
8.5447
3.7385
-7.6256
-9.4635
-11.5734
-14.6041
-11.5106
-14.1849
-18.4160
-20.2946
-51.8550
-63.2110
-49.5893
-34.6503
-27.1674
-47.6799
-23.7887
-30.8159
-36.7620
-32.4596
-31.4018
-49.0734
-50.2119
-43.4296
-45.4503
-55.6565
-52.4400
-54.9366
-50.2601
-45.2432
-40.6075
-44.8491
-24.6175
-22.7324
-17.9510
-20.2149
-19.9285
-13.9591
-8.9631
-13.1159
-13.7532
-8.1564
-0.7147
7.8749
2.1736
-7.9422
-8.3634
-11.6350
-11.5823
-29.1388
-39.6386
-37.9632
-35.7627
-25.8006
-25.6879
-33.0164
-39.0302
-50.8692
-54.3145
-48.6264
-35.5692
-38.7463
-42.8727
-47.3678
-43.8676
-45.8871
-42.4662
-35.5030
-33.1419
-40.2249
-40.7970
-41.4147
-46.0022
-52.5862
-56.8503
-59.9372
-58.0078
-50.8605
-44.2619
-31.2756
-30.7885
-28.5846
-22.1053
-24.8644
-26.6634
-44.2373
-51.0214
-47.6136
-40.8184
-28.5970
-23.4701
-19.7879
-28.4415
-34.1527
-28.8555
-28.8873
-35.5940
-34.7417
-40.2118
-46.4257
-46.1132
-47.4139
-49.2899
-43.3055
-20.3130
-53.6878
-41.0689
-31.3783
-23.1473
-31.8246
-26.7412
-23.6600
-18.2422
-19.1628
-45.9815
-29.7319
-34.5299
-32.7000
-22.5613
-18.8363
-21.9341
-31.8216
-16.4032
-17.5460
-18.2852
-31.5326
-33.5353
-42.9402
-49.5839
-52.1542
-52.7881
-42.8269
-39.8333
-33.1286
-32.3206
-29.6284
-24.0189
-26.7244
-30.8695
-44.5048
-52.1053
-46.7405
-42.5160
-41.7786
-36.0346
-38.7451
-33.8623
-26.0753
-23.6532
-29.8250
-29.9434
-44.7753
-46.3144
-44.3485
-42.7426
-35.5738
-27.5218
-24.4258
-28.9528
-37.8553
-32.5879
-30.4530
-19.9104
-23.2192
-26.5406
-31.6675
-40.1524
-52.3160
-58.9274
-67.0617
-81.2574
-83.5809
-75.7933
-66.7351
-51.4003
-34.3962
-32.8714
-32.1463
-29.4145
-23.5605
-26.3068
-27.6933
-20.1320
-8.4739
3.7711
14.0708
16.9151
19.4276
15.4343
15.4626
10.6442
-0.8573
-1.6576
8.7350
16.1856
19.5136
19.1018
20.2094
23.3691
25.0565
25.7709
25.7519
25.5102
22.4284
16.8876
16.5237
16.5537
18.7978

Coefficient 7:
-1.2542
-7.4278
-6.3272
-3.4679
-2.0661
7.2426
7.6244
4.9578
4.0358
5.7564
7.6855
14.9727
20.0991
14.5934
11.2816
13.7219
9.0511
3.7360
2.3195
-3.2930
-9.2145
-4.1975
1.0466
6.3924
10.0928
6.1135
2.5600
7.8257
6.7235
4.1494
5.5552
3.3739
4.6184
6.6417
2.3378
1.3343
3.3649
1.9311
2.5697
7.3964
6.6106
6.1786
7.6807
8.1291
12.4490
14.2887
15.9779
15.3901
12.9322
13.4001
13.2982
16.0349
18.8689
20.1246
17.5887
18.7914
19.7255
18.3975
17.3619
3.9120
-2.2550
1.9716
-0.0582
-3.1330
-3.8149
-0.5250
0.1047
-1.0895
-7.7983
-7.3746
2.7266
5.6093
3.3030
5.6625
11.6578
21.8795
13.9591
9.2223
9.3197
11.8982
10.8380
13.3419
8.6126
9.7296
6.0649
5.2516
1.4094
-2.2646
-2.8421
3.0969
8.6829
12.5514
12.8789
15.8510
14.3681
20.2297
18.2128
14.8741
13.9481
13.0498
13.7991
13.1356
12.9366
12.1476
10.4963
7.6487
6.6350
9.0717
12.4430
13.5103
11.0378
9.5830
9.9121
13.8878
6.6213
5.6151
8.9166
10.5126
9.2217
5.3859
3.0342
1.3892
-2.1927
-3.4354
3.3330
7.2382
3.1262
0.0163
-4.1928
-9.6844
-7.7072
-5.2913
-6.6943
-0.0543
-0.1965
1.3037
-0.3585
4.1509
8.2492
11.5218
12.2337
12.0746
8.7130
5.0301
3.6164
1.7346
-2.0036
-5.9090
-4.4430
-0.7141
0.4970
-6.2048
-6.7672
2.5992
4.1078
5.1922
-9.2309
-28.6928
-34.1083
-34.2231
-25.4923
-16.3416
-8.2767
-10.8303
-17.1614
-15.0284
-16.4229
-13.3727
-10.3630
-10.5109
-4.0742
-4.3803
-8.6666
-11.6616
-18.8005
-16.4379
-12.3836
-12.4120
-19.8497
-16.0026
-11.0937
-5.5955
-11.4193
-8.2903
-11.2030
-16.3433
-16.3514
-3.3320
-5.7547
-12.0713
-13.3011
-10.5806
-9.7137
-4.5088
-3.9484
-10.2590
-10.3646
-8.4378
-6.7569
-2.5846
2.5538
6.6135
12.7023
9.3761
12.4531
13.1446
13.7934
13.9733
19.6327
20.0326
19.1337
22.1597
22.9414
21.7254
22.4912
26.3087
37.9330
45.3580
47.2078
45.7609
47.1502
44.8995
41.3369
41.0033
43.0964
38.4534
35.7096
4.3315
-10.1673
-19.4111
-20.5598
-20.4934
-13.0485
-0.6299
-1.3959
-7.8350
-6.9649
-6.4514
-26.5656
-19.1486
-14.7692
-21.1904
-23.7272
-29.7521
-18.9576
-12.9287
-17.5329
-36.0587
-37.9956
4.5513
10.2935
9.8076
8.7082
13.0865
15.2480
10.4773
-1.4823
-9.2588
-6.7924
0.3466
3.0536
-7.9016
-12.9429
-13.0173
-17.1462
-7.0132
8.0920
11.3147
15.4725
16.2475
13.4223
16.4818
16.1116
6.9034
-3.6215
-7.1885
-9.7541
-10.8457
-8.4374
-2.6776
-6.3797
-15.3644
-9.7174
-3.4095
-2.8211
-5.5818
-10.7057
-13.5489
-12.5188
-10.1783
-13.6151
-30.7300
-30.1820
-29.6069
-29.0054
-28.3790
-45.2077
-45.0116
-42.4207
-39.0568
-34.0496
-30.6520
-36.5541
-44.0019
-44.1029
-44.1157
-37.9675
-29.8100
-18.4653
-20.5536
-5.4824
6.1873
3.5397
8.0777
11.6873
14.3369
8.7171
6.4711
7.2784
3.7583
3.7505
2.5239
-21.6003
-30.3318
-27.5983
-20.2114
-10.8316
-18.8857
-18.3178
-12.3791
-1.6921
3.5857
-30.5644
-31.6219
-30.5880
-31.7001
-31.3465
-29.7317
-23.6354
-18.3598
-20.7845
-14.7941
-14.7991
-18.5450
-25.1008
-30.4910
-28.1988
-24.3628
-23.2015
-18.7276
-6.0650
4.6201
12.0869
-20.3318
-37.0695
-30.8029
-19.2865
-8.7040
0.0695
9.1165
7.9636
2.9520
0.9458
1.9462
-6.4895
-15.0811
-15.7466
-22.4968
-43.7162
-43.1835
-28.4193
-15.0496
-9.9496
-9.9510
-12.8966
-17.8471
-15.0528
0.9974
-4.7023
1.6080
6.9090
6.2950
-6.0259
-15.6696
-16.6217
-8.6925
-2.7975
-11.8377
-31.8883
-38.6570
-28.4803
-24.4793
-11.9736
2.9828
8.4878
12.3079
21.0390
23.2133
20.6992
18.3044
19.7052
21.5747
18.0436
14.9501
16.6576
5.4315
1.5159
2.4100
16.2265
14.4632
11.8252
10.0687
14.7267
17.1658
17.8095
20.6124
21.8528
22.5797
22.7520
22.7637
20.3551
15.6849
15.1976
15.5125
17.0022

Coefficient 8:
-2.3444
-5.1692
-6.3582
-6.8939
-5.0859
2.9856
4.1852
2.5016
2.0510
4.5049
7.2975
-2.9176
-8.0995
-3.3640
-5.1859
-6.6204
-12.1402
-13.0659
-10.0214
-4.5389
-7.8692
-6.5508
-4.1173
-3.6462
-1.9092
-1.1379
-1.1655
6.6187
8.6875
9.9488
10.4776
8.7234
7.4316
8.9809
1.4881
2.3424
2.3051
2.6144
5.8929
7.4466
5.4832
4.5292
4.3565
5.7875
8.7353
7.7633
9.9294
12.1350
12.0060
13.6887
12.3848
14.7291
15.7266
16.0775
14.6784
16.3658
16.8808
17.8513
18.1298
3.6484
-4.0654
10.2736
19.8572
21.9367
21.9298
19.8141
20.8650
20.6658
14.3714
11.7348
12.3957
4.4200
-5.8174
-10.2716
-3.1619
-0.6523
-10.2152
-13.3567
-8.2795
2.3087
5.9611
3.9034
0.3265
-0.3833
5.6297
9.1557
6.0446
4.6355
2.7397
3.9968
5.4800
9.7303
10.6799
6.3596
1.8456
3.4231
7.8188
10.3080
10.6355
10.6636
11.7913
11.1500
9.4064
7.2415
7.0342
4.7388
3.3649
5.5575
10.1767
11.2409
7.3109
5.7135
6.6304
11.3517
5.0068
3.9339
7.0881
8.4149
7.6040
1.8672
-1.1170
-1.7090
-4.6967
-5.7766
0.3700
3.0734
-1.3973
-4.0413
-3.9225
-8.1626
-7.8262
-6.7686
-8.7909
-3.9771
-2.9823
-0.8411
-1.3519
-17.7573
-19.0761
-16.2949
2.5598
10.3795
5.5449
-0.1747
-1.7165
-3.0417
-7.1243
-8.1820
-6.8671
-4.6838
-4.5568
-7.8870
-7.5401
-1.1018
-0.7290
0.7136
7.0406
12.1136
7.3822
3.8327
2.4827
-3.0167
-4.5931
5.3060
11.6866
10.4507
10.4920
3.2077
1.9698
-0.1045
1.6488
5.0417
4.3471
3.8819
-10.8204
-18.5445
-15.1917
-14.4835
-17.7383
-12.8084
-15.2924
-13.9217
-11.2397
-13.9656
-8.7991
-0.2635
6.1568
10.5494
4.0902
-7.3967
-6.9070
0.5062
15.7800
17.1762
17.8030
13.7406
10.1663
9.4585
11.1770
8.4280
3.9665
5.9747
11.3198
8.7472
10.9968
11.1588
11.4664
10.4340
12.8483
15.8193
15.2931
17.9531
19.6402
18.9016
18.8654
19.2047
19.5076
16.4415
11.2492
5.6487
5.5548
5.8636
4.4958
6.9680
10.5154
14.1253
15.7916
15.2277
6.4030
-14.1053
-22.0705
-21.2558
7.0400
3.3640
-5.2537
-14.1019
-14.2503
-13.7336
-17.2104
-13.8111
-7.4788
-7.8648
-3.6989
-16.0823
-23.1556
-22.5749
-21.5230
-20.3396
-24.3009
-11.0412
-9.0477
-10.8562
-9.6843
-4.1865
-2.5040
5.8731
11.7194
11.7061
8.8371
7.5635
3.2271
-9.1296
-12.4265
-13.7916
-15.4271
-10.2358
1.6068
3.3984
-0.0636
0.0253
0.0995
8.4978
16.0868
12.4997
6.9974
2.2113
-0.2888
4.8257
8.5023
8.3952
5.4902
-4.2670
1.8102
10.4139
9.0970
1.9400
-7.8590
-8.6339
-9.8209
-4.9090
4.2154
7.0187
5.5286
0.6619
4.1481
-2.3125
-26.2879
-28.9261
-25.0116
-19.2013
-18.6582
-13.0761
1.7156
-0.3582
-2.9717
-7.5680
-7.0464
-1.2410
4.9676
-2.9304
-4.3848
7.2344
17.7041
19.5900
12.9939
13.3445
12.1489
13.3665
15.3379
16.6782
16.4571
17.7506
2.2772
-13.6084
-21.4451
-27.7713
-17.2019
-18.5888
-20.1923
-13.2562
-3.7268
5.5800
-1.1390
-7.8704
-30.8539
-35.7848
-24.9051
-16.7406
-10.3802
-24.1867
-30.0298
-23.3478
-19.7884
-19.6770
-19.3948
-22.4422
-21.1877
-7.8822
-18.9863
-20.9090
-21.6460
-3.0310
12.2158
-4.6142
-8.6605
-6.0445
-5.1679
2.8389
4.6850
10.5587
12.1743
7.4925
-14.5183
-23.4830
-14.4113
11.9914
30.4355
25.0834
19.9247
13.3289
10.7105
11.6189
-0.1511
-9.5693
-7.2098
0.4314
10.6155
6.7164
-9.1072
-24.1843
-28.4865
-25.3322
-14.8773
-2.6897
3.5463
-5.0132
-3.4630
3.0727
-1.3982
1.4323
9.9878
15.7063
19.4538
21.0497
20.9882
23.9331
30.5192
27.9286
29.4497
28.6798
26.5293
23.3824
19.6654
16.9153
16.1665
-4.5433
-5.8267
-4.8823
-7.6774
-8.2453
-0.1505
6.1659
11.4522
14.4426
15.4140
17.8309
18.6115
19.2983
19.6498
19.8843
18.2209
14.5876
13.8126
14.3514
15.1120

Coefficient 9:
-2.5645
-2.2462
-3.1736
-7.5654
-5.5757
0.4177
1.4407
1.1686
1.1321
3.0635
5.5599
2.6209
5.2617
6.0425
4.6220
0.0493
-5.7619
-7.7478
-9.7177
-10.9501
-23.5397
-23.2904
-16.4517
-10.3146
-1.2617
-5.3798
-5.8003
-0.9884
-0.1130
-2.6304
1.0159
1.9598
0.6217
5.3418
0.3944
1.9869
1.1768
4.1339
8.7812
7.5873
5.1806
3.8296
2.0570
3.9948
4.3323
1.9694
4.6782
7.6970
8.8126
10.8829
9.6982
11.3651
11.1565
11.5776
11.8908
13.9984
14.0906
16.7238
17.9868
5.7011
4.9783
-2.1023
-5.3174
-11.6908
-11.4142
-8.6767
-4.4754
-4.5260
4.5668
8.0335
5.3285
-11.0722
-14.3243
-11.3050
-4.8293
8.0347
2.8964
-8.5785
-14.3686
-7.7233
4.2917
4.8187
4.6153
3.2075
7.2416
11.0013
8.3129
7.6047
7.0708
4.9088
4.6907
7.9302
8.3101
9.2021
11.6279
11.6582
11.5717
9.4975
7.8720
8.8775
10.0970
9.4152
4.1009
-0.9235
0.9457
1.6280
1.3358
3.5634
8.3722
8.9262
4.5793
3.0354
4.2959
8.4567
4.6024
4.3677
7.7070
7.4433
5.0292
-0.1356
-3.1428
-3.4597
-5.5188
-5.5187
-1.1599
-0.0455
-3.8448
-6.6430
-4.2173
-5.4591
-5.8557
-6.2405
-8.3384
-5.9543
-4.2749
-1.2658
-0.4673
-6.2174
-3.8086
1.4924
17.1452
10.0440
3.8752
-2.0247
-3.4857
-5.0183
-8.0351
-7.7778
-6.1962
-6.6064
-8.0595
-7.4652
-5.5677
-2.5370
-14.6520
-25.9091
-9.7670
7.0283
12.6750
8.7772
7.7814
5.9485
6.6077
6.9870
7.3583
6.7065
4.2511
8.2559
9.9704
11.9928
8.5968
6.8984
0.6470
-6.2605
-10.8674
-10.1488
-4.1768
-7.8045
-12.8667
-22.5879
-32.2101
-32.1029
-26.6371
-17.2594
-12.9636
-8.2844
-7.9086
-14.3353
-21.6750
-17.9036
-13.5182
-6.2383
-1.0106
3.7795
9.3561
14.5465
18.5969
14.3029
14.6325
12.7444
6.7423
7.4368
10.7392
8.7718
10.4258
10.3817
11.7483
8.9486
6.6655
11.8950
12.4793
14.0970
16.4223
16.0237
15.3956
8.4036
-0.7879
-5.6205
-11.1862
-13.3466
-12.8767
-17.3216
-20.1933
-19.6449
-18.3745
-17.1880
-20.6593
-10.1512
-3.3952
-14.5305
-25.1840
-34.4567
-23.9177
-27.6540
-30.3675
-29.5183
-32.4060
-32.9348
-18.7433
-17.9639
-24.5399
-26.9107
-17.5200
-12.6127
-13.1007
-10.3231
-6.0652
9.5562
6.7301
-8.4790
-3.4272
-3.9462
-7.2985
-5.9043
-9.4089
-12.2583
-3.6100
3.8709
1.1230
0.5923
-0.3364
-12.2167
-18.7577
-16.6628
-11.8357
-17.6454
-27.3517
-29.3149
-26.5851
-20.0705
-8.4052
-1.6119
-2.8103
0.1011
4.1341
2.4465
4.7024
-6.5297
-15.5388
-17.3895
-17.9362
-21.4353
-18.7964
-14.9395
-15.7377
-20.9332
-15.4529
-7.3296
-8.6390
-16.4499
-18.4429
1.6802
1.9158
-0.1447
-2.4275
-13.6214
-17.2926
-18.3742
-18.3281
-6.5528
0.9278
0.8106
-13.0613
-14.8827
-10.4740
-5.0726
-0.4466
1.5882
2.5004
4.1626
11.3712
18.8363
13.1542
14.7705
14.5448
14.4475
10.2944
9.4303
13.7290
11.9801
14.8271
6.4879
19.1711
1.5795
-16.4195
-32.5332
-33.3550
-26.5146
-25.9364
-19.7136
-16.6966
-22.3703
-14.7288
-12.2148
-27.1683
-22.7474
-14.3246
-9.7900
-19.8813
-31.4600
-35.2555
-38.7418
-33.2805
-14.6052
-7.4321
-2.4028
-5.2591
-7.1767
3.4617
-2.5989
-21.8157
-42.8515
-40.3825
-16.8684
-8.9579
-8.9457
-17.7101
-22.8229
-21.4606
-12.6597
-4.5528
-7.7656
-20.3170
-19.5468
-27.1518
-35.3190
-31.3820
-26.9901
-16.2789
-13.6938
-25.7689
-37.8643
-30.4940
-9.0247
-2.5960
-3.3913
-3.0256
-19.1019
-21.5362
-0.1455
17.4836
27.4300
27.7511
20.7516
7.7997
-9.9323
-20.5814
-12.4889
-2.5212
-3.9731
-3.7733
-6.1737
-2.8557
-7.9344
-15.3665
-10.4648
-8.9667
-11.2914
-11.2363
-6.8763
-2.5404
3.1046
14.2143
16.4820
14.4205
15.6989
17.0306
14.3472
7.2813
6.0821
5.1517
2.7900
8.4828
11.2005
13.1491
15.1718
15.5048
16.0940
16.5978
16.9975
16.1040
13.6157
12.4212
13.1008
13.2034

Coefficient 10:
-2.1397
-1.3625
-3.3588
-4.7147
-2.3456
-1.2488
-1.2559
-0.4196
-0.4596
0.0219
1.6461
0.5090
-0.3887
-6.5864
-8.1028
-8.3022
-7.6615
-8.5614
-7.8161
-8.0656
-20.6205
-18.9560
-16.5211
-13.2547
-4.0042
3.5309
1.5453
1.2276
0.2970
-7.9954
-4.8748
-4.0520
-7.4997
-3.3935
-2.6711
-2.1177
-1.4516
2.9141
6.6523
5.5275
3.9148
2.4948
-0.5137
1.1759
0.5592
-1.0976
1.2381
2.9039
2.9887
4.8854
5.4216
6.5310
6.4526
8.5503
10.0470
11.6501
11.4506
14.2594
15.7685
7.6395
6.8843
17.2246
18.6671
8.0706
2.3896
1.5402
0.1548
0.3387
-0.5072
2.5798
0.8014
-13.0629
-10.8043
-9.3032
0.0484
-4.5310
-0.1072
7.3054
6.2541
3.1312
3.4064
2.8509
-10.5573
-10.8657
-2.3828
3.4151
3.1898
2.0477
-0.5211
0.2692
4.1523
6.1646
5.7435
2.2355
-3.6787
-3.4889
4.2436
6.0861
5.7833
7.6695
8.7579
7.9758
6.2135
4.7057
2.3094
1.1174
1.5112
2.8333
7.1061
7.6569
2.9300
1.5823
3.0148
7.0015
5.4219
5.5033
8.3035
6.6572
3.8364
-0.5249
-3.3292
-4.7300
-5.8102
-4.2679
-1.8447
-1.9318
-4.5883
-6.8851
-6.5480
-6.3648
-6.9242
-6.5328
-7.1884
-6.7112
-4.9124
-1.3182
0.6021
3.9960
-1.4354
-0.6902
1.9817
8.7041
4.0571
-0.7332
-2.5639
-5.1336
-7.5822
-7.2864
-6.1808
-8.1177
-10.8202
-7.3050
-3.7415
-3.1433
-8.7780
-8.7764
-8.2746
-7.8864
-9.5360
-7.9951
-5.5787
2.3352
3.6876
-0.8906
0.4205
4.6621
5.0665
-0.7523
1.6140
5.3221
7.1432
4.4011
0.6315
-2.5284
-0.0858
2.3129
4.2834
-3.5027
-9.0906
-18.1665
-23.5508
-22.4595
-8.3431
-0.0590
-2.7321
-0.0908
-0.0962
-5.2607
-9.1532
2.4381
7.0788
4.4048
-5.4411
-6.1626
-2.6557
-0.5226
-1.1439
-0.9109
2.7810
4.2032
7.3841
9.1104
10.0979
8.9682
10.5013
9.4667
10.9207
8.5829
4.7505
9.8462
10.5368
10.7727
13.3265
12.9784
12.1249
13.2979
21.6647
25.1673
23.8810
21.8268
23.1060
25.4065
24.2796
21.4285
22.1291
21.6144
17.0129
12.1301
8.3395
3.6750
-3.9667
-12.5653
-16.8657
-20.1333
-17.6589
-18.4227
-16.2971
-12.3487
-12.0908
-22.5161
-18.8013
-16.3168
-26.0103
-14.8851
-17.8514
-19.9795
-14.2409
5.6945
4.0299
18.5840
16.9884
4.6610
-1.0306
4.9061
5.3168
3.5311
2.4461
-3.1840
-5.4688
-0.4407
-1.2620
-12.5121
-13.6839
-9.2156
-5.5442
-9.7458
-9.0744
-7.2364
-7.2314
0.5341
-0.8230
-2.5316
0.2554
5.7411
0.0258
-12.1693
-8.2125
3.7656
1.5232
0.0838
-2.7894
-8.6429
-13.7475
-14.5779
-16.2051
-20.0651
-18.1229
-11.7406
-16.3500
-17.7763
-12.2913
-19.5410
-21.6251
-21.9137
-18.0009
-13.7166
-7.7737
-7.0792
-5.5761
-6.6151
-9.7540
-7.1825
-7.7241
-9.5677
-5.0308
0.4167
4.9670
3.9416
6.9054
9.3303
9.6353
8.2574
1.2366
1.6947
-2.1805
-2.6760
-0.7100
2.1082
-0.5681
-3.3038
2.0009
5.8329
0.2706
-4.1668
-7.6604
-11.8465
-13.0572
-14.7204
-15.4689
-11.5491
-13.3099
-22.1087
4.4575
3.8758
2.8712
-3.2127
-8.0924
-14.5471
-20.9543
-19.1791
-13.3373
-12.0360
-9.6181
-9.0405
-7.7920
-3.4526
-0.1773
-1.1831
4.6246
1.4090
-12.7289
-16.9593
-10.6935
-0.2243
0.5544
-4.9293
-15.1542
-16.1134
-12.7448
-10.7101
-4.4744
2.2009
-6.5534
-7.6776
-1.5310
2.1646
0.2642
2.4832
-5.3687
-3.5036
1.8872
6.1315
11.6525
18.0348
14.5916
4.0214
-1.2826
0.0979
6.6908
17.3962
13.1509
0.4995
-3.2839
-2.3450
-3.4755
-3.8443
-13.9235
-16.4161
-12.2680
-8.8665
-5.4820
5.1466
16.8277
24.8144
20.0625
13.6886
10.7902
10.0356
8.0906
8.6422
9.7543
8.8063
12.3674
12.0336
10.3912
6.6550
4.6834
3.1727
4.6455
5.8218
4.6865
3.9029
7.4443
9.6787
11.1083
12.7518
12.6732
13.1126
13.7293
14.2138
14.0558
12.7571
11.0637
11.7922
11.3421

Coefficient 11:
-1.4041
-2.5761
-7.3961
-5.1488
-0.4150
-2.4992
-3.6487
-2.4114
-2.9358
-4.0215
-3.0550
-5.0506
-4.7126
0.7882
-2.5863
-8.5438
-3.3210
5.0094
5.2867
4.6700
-3.9155
-1.3460
2.7531
-2.2203
-5.0126
-0.8477
0.0077
-0.1257
0.9299
-2.8427
-0.9367
-2.1151
-8.4949
-5.1459
-3.1748
-5.2995
-4.7136
-0.8781
0.8487
1.3472
1.2579
0.1924
-3.2918
-2.2527
-1.6030
-1.7107
-0.3844
0.5133
-0.2525
0.0659
1.6083
1.9672
3.1545
7.7231
9.2702
9.3568
9.0506
10.4672
11.4625
7.8775
8.3991
7.1563
7.4085
3.8640
2.0092
0.7337
-3.3291
-3.6167
-2.9142
-2.7072
3.2636
-2.9674
-5.7293
-4.4628
-1.2867
0.7383
9.9761
16.2990
14.5715
11.6276
3.1451
-0.7639
-11.7306
-11.4163
-5.1381
-0.8051
-0.1675
-2.5232
-5.6649
-1.8039
1.8128
3.5837
3.4749
5.1935
2.3501
3.6706
6.2903
5.7617
4.4239
6.9428
7.7494
6.8199
5.9851
5.3498
3.3808
1.4188
1.6768
2.9211
6.3902
6.8719
2.2708
1.1805
2.5307
5.9414
6.3795
6.1644
7.1500
5.8946
5.4818
0.6993
-2.1312
-4.9485
-6.0482
-3.1679
-1.7570
-2.3630
-3.7801
-5.3291
-5.8834
-6.0507
-7.2696
-6.7142
-5.8984
-6.5774
-5.1492
-1.7561
0.9074
-1.9899
1.0390
6.4602
12.0436
7.2959
5.4080
2.1750
-0.2805
-4.3906
-7.8854
-8.2977
-8.6278
-9.6642
-12.7024
-8.1074
-3.5981
-3.8462
-8.4415
-3.8232
-8.5022
-6.9982
-4.4460
-6.0058
-10.7975
-11.3763
-6.9707
-4.8124
-1.2159
1.5789
5.2763
6.3536
2.6080
-6.9400
-12.0054
-6.5434
1.2890
-1.0944
-2.3064
2.0136
1.1978
5.5837
8.0515
-9.6756
-14.8179
-9.9124
1.1566
4.0713
3.7013
1.1340
-0.3450
0.2491
1.9078
8.1589
10.8907
15.9037
15.5997
5.4374
3.7203
0.1472
-1.7557
-4.9866
-5.6077
0.5449
6.2189
9.5737
8.9311
8.9656
10.4830
8.3492
10.2734
8.6561
6.6835
9.5350
8.9453
8.0918
10.4096
9.7755
9.0694
10.5844
12.8298
9.6445
6.4011
6.9758
6.9069
8.3375
9.3320
8.5574
13.3768
13.7903
12.6824
2.9343
-10.5713
4.5103
9.1130
7.4774
1.7656
-5.0170
-6.9726
-11.6614
-9.8456
-9.9589
-13.3274
-6.7404
-8.0684
-7.4060
-0.7454
8.5576
3.5979
-3.1378
-8.2609
-14.3113
-12.3599
2.2744
3.6284
3.4649
2.9067
7.1788
6.8309
12.6178
11.6428
5.0099
3.5523
8.4473
3.0669
-6.6028
-4.9317
-4.3731
-1.8826
-1.6054
1.2456
1.3730
3.7468
8.1895
-2.3709
-4.6601
-1.7482
-1.7670
-5.7913
-16.2733
-18.8142
-6.9123
1.9641
-0.2307
-2.3087
-11.0399
-9.6573
-0.8512
3.3371
-4.5053
-8.7014
-8.3875
-6.5206
5.8738
9.5391
1.2335
0.4042
-6.7609
-4.3871
2.2613
-10.0498
-9.7789
-6.5666
-0.4353
-10.9618
-12.8299
-9.2742
-2.9896
-0.0283
-7.2059
-19.3427
-20.8766
-16.5612
-14.8435
-11.3651
-3.2233
2.7578
0.7633
-1.8038
-3.1101
2.3909
-4.5928
-11.0886
-8.9337
-5.0492
2.2313
-6.9801
2.3404
6.9378
7.0933
-5.3957
-15.5187
-16.0161
-15.5663
-17.1212
-11.4241
-16.8559
-20.8638
-7.1165
-0.3789
-5.2244
-11.6652
-2.4655
5.9591
7.4562
7.8698
12.4526
4.2220
-3.3663
-11.7438
-13.8728
-12.9304
-10.9136
-15.1518
-19.8131
-7.8408
0.7839
-1.1339
-5.0164
-4.0670
-2.7239
-7.0781
-8.9286
-3.9372
6.0246
10.4123
-6.6620
-7.0233
-11.2754
-4.2904
-6.7046
-7.5880
-19.4026
-21.9192
-19.8013
-15.0583
-5.3237
-14.3125
-20.4613
-22.8875
-16.0613
-8.6843
-6.5525
-18.8238
-25.0661
-29.9050
-33.8622
-32.0592
-22.0971
-9.5943
-9.7762
-9.4912
-8.9374
-9.7889
-13.2736
-8.0650
-1.2734
2.4517
5.9456
8.5269
11.8976
11.4083
11.4361
14.0186
17.4379
14.1630
8.3667
7.2053
6.2837
-3.3047
-5.8848
-3.8871
-4.0585
-1.9146
3.7385
2.8765
6.0297
8.2270
9.3458
10.6490
10.2147
10.4672
11.1498
11.6224
12.1022
11.9810
9.7668
10.4577
9.5811

Coefficient 12:
-0.6988
-3.9066
-8.6770
-5.0278
-0.0507
-3.4351
-4.9673
-4.0593
-5.2660
-7.1102
-5.9957
-9.3644
-8.6190
-4.4652
-4.4308
-8.1398
-9.8132
-3.7600
-2.9548
-7.0524
-19.5489
-12.5896
-8.6619
-2.2709
-1.6960
-9.6637
-8.8914
-6.4527
-4.9196
-3.2664
1.7485
0.9581
-2.9814
-0.1543
-0.1268
-4.3887
-7.2179
-5.1822
-4.9815
-3.5369
-1.8849
-2.2203
-5.4894
-5.4872
-3.0869
-2.1935
-1.1873
1.4147
1.4866
-0.6441
-0.0041
-0.7189
1.8970
7.9595
8.8073
7.2475
6.9702
6.1483
6.2502
6.1867
-2.4625
-8.2024
-4.9708
-1.4089
0.3595
4.8845
0.7350
-0.6436
1.5539
1.3592
0.2270
-7.2680
-8.0133
-6.8424
-5.4840
-2.7563
-0.2644
-0.8981
-0.0237
-1.6708
2.1284
-0.1040
2.6241
5.7937
5.3681
3.9647
3.7213
1.5852
3.3242
4.2279
-0.9561
1.1099
2.1943
1.4914
-3.0326
-0.9158
2.3767
3.7929
3.7239
6.6210
6.9978
5.8921
1.6892
-1.4528
-0.8365
0.0788
1.0145
3.3435
5.9090
5.7362
2.3685
1.5124
2.4561
4.5333
6.6786
6.5189
5.8982
5.2952
5.0495
1.9752
-0.1904
-3.8889
-6.0773
-2.5458
-0.8282
-1.7030
-2.1729
-4.5600
-5.4955
-4.3126
-4.1251
-5.7555
-4.5297
-5.4978
-4.7192
-1.9100
0.5115
-4.2297
0.7090
1.2349
-2.3881
4.5788
6.5375
4.7712
2.3802
-3.3958
-8.2590
-10.5252
-11.7320
-10.6154
-13.0130
-9.1375
-5.0270
-4.8652
-17.9142
-20.2503
-17.1120
-8.4546
-8.4442
-15.1177
-17.2763
-20.9356
-24.9213
-20.7201
-21.9448
-25.0236
-18.2096
-11.9763
-13.6588
-13.2212
-6.7542
-2.5292
-3.1984
-7.1326
-15.6116
-8.3538
-7.0945
-7.1648
-6.2086
-9.0524
-8.9168
-4.9534
-14.2013
-14.1494
-16.3195
-20.1932
-25.8156
-23.5238
-16.5030
-13.6909
-13.1734
-11.1814
-8.3437
-5.1702
1.6180
3.8733
4.6457
0.8287
-1.5744
2.8744
4.1238
8.3621
7.2779
8.1189
8.9620
6.0342
7.4184
7.5359
8.3388
8.9238
7.0696
6.0910
7.7659
6.5848
6.2513
0.1298
-7.4860
-9.1194
-9.1788
-6.9961
-7.3696
-11.0606
-11.1180
-12.9277
-11.5087
-10.4869
-13.5311
-15.9985
-1.9032
6.6129
9.0643
9.0736
1.7312
-15.0246
-14.9986
-10.5783
-9.4979
-16.5901
-15.3548
-7.3192
-6.1284
-6.2469
-13.3856
-5.0987
1.6809
1.5707
-0.6988
-6.7728
-2.3084
-9.5508
-6.8938
-1.6440
1.5104
0.9902
0.9226
-4.9695
-5.3370
3.0956
4.7128
6.2072
2.7733
-3.5751
-7.7781
-9.3660
-3.2801
-2.9316
-10.1701
-11.9703
-13.0397
-15.2317
-9.1703
-4.7636
-5.6732
-4.8254
0.8753
0.2650
-8.2117
-20.2465
-25.8745
-27.9649
-24.2938
-27.5059
-24.4164
-14.2367
-10.0778
-17.0667
-15.4163
-14.2684
-14.8416
-15.1578
-10.3407
3.2480
3.1624
-5.6702
-10.2060
-18.2773
-23.0706
-22.7536
-24.6936
-21.4564
-20.5222
-17.1952
-10.5746
-17.5569
-15.7350
-11.4408
-9.8737
-0.5512
5.6550
4.1027
1.9903
1.6146
5.4328
8.6294
6.6959
9.5554
15.7211
12.6350
8.0930
7.6198
5.6917
3.7785
3.4953
12.6289
12.1598
7.8223
-1.6572
3.6848
7.0847
3.8785
-7.9622
-7.7125
2.3427
-4.1048
2.9761
1.9139
2.5391
-1.0409
-6.5539
-0.5896
2.3692
1.1533
-5.1628
2.0297
7.6787
2.0421
-4.8103
-9.6895
-2.7021
-8.0067
-14.9191
-21.8891
-23.3086
-17.3933
-10.6450
-6.1238
-17.9941
-24.0912
-14.6551
-5.8355
3.2885
-2.1044
-9.4430
-3.3709
4.4065
-1.5659
-0.9083
0.3777
-7.8837
-6.0048
-3.4615
-9.9955
-16.0231
-8.4793
-4.8886
-12.8626
-22.1486
-26.9558
-27.1411
-18.2412
-11.1594
-12.0979
-11.7716
-4.0898
1.9506
-1.0220
-17.5477
-18.0998
-12.9279
-12.2693
-18.9866
-26.5074
-25.7055
-22.5919
-17.2793
-17.0360
-17.4703
-12.0310
-8.9264
-3.4993
-1.0739
-0.5802
1.7853
3.3094
2.8761
6.5206
7.2866
6.1877
3.9138
6.0025
5.0375
4.8689
5.8463
5.9047
7.8759
8.8995
8.1802
8.2323
8.9303
9.2871
10.2482
11.2466
8.5441
9.1288
7.9588

Coefficient 13:
-0.2868
-3.7531
-4.9119
0.4509
1.4971
-3.9489
-4.6889
-4.6207
-6.2163
-7.4306
-5.3068
1.5277
0.7612
-1.3701
0.7794
2.2587
0.2755
0.4255
6.2444
11.8737
-2.3426
-4.7288
-4.6899
-2.4734
-2.5770
-3.2614
-5.0503
-3.8611
-4.4356
-2.6892
0.4893
2.4166
2.1243
-0.0061
0.0893
-3.1350
-8.0288
-8.3195
-9.0090
-7.2982
-4.0776
-3.4620
-6.2558
-7.9798
-5.3406
-4.0743
-2.0527
2.4013
2.9218
0.3867
0.2749
-1.0024
2.1775
7.4714
7.7950
5.5022
5.2851
2.5208
1.9229
3.5048
-0.7930
-3.7928
3.0250
9.3351
10.8523
7.8573
2.0582
3.1495
8.9350
8.1584
-1.0179
-12.2629
-7.3243
-0.9172
1.3351
-8.4082
-5.0427
-12.7079
-15.4527
-4.1163
3.1394
5.6560
10.4491
12.3049
10.0903
8.0522
8.1600
7.4055
11.7601
8.7881
-1.1513
0.5001
2.3096
3.9127
-2.7633
-2.5754
2.8283
3.9083
3.5585
6.5855
6.4037
5.1142
3.6621
3.2930
1.4602
0.5308
2.0538
3.7096
5.6802
5.0826
2.9094
2.1991
2.6069
4.3413
6.7067
7.0577
6.5945
5.6753
3.3480
3.1371
2.1307
-2.3326
-5.4833
-2.0533
0.9717
-0.3280
-0.6025
-2.6476
-5.5567
-2.6586
-1.9639
-4.4610
-3.0767
-3.3619
-3.2805
-0.5875
0.0510
2.6686
7.1979
8.4090
0.2578
2.1576
7.2011
5.8811
3.5582
-2.2766
-7.2115
-11.1861
-12.6733
-10.2687
-11.3250
-9.3018
-6.9043
-5.9424
-8.7944
-1.4906
2.1110
-3.7064
-4.9608
-4.4318
0.0211
-0.7949
-12.9641
-16.6957
-18.9385
-20.7111
-17.6659
-17.5980
-13.1313
-5.8735
-4.8016
-11.0821
-15.4583
-15.5084
-8.6557
-3.6357
-2.7609
-2.8397
-3.2647
0.6617
1.2121
2.0390
-8.8723
-12.9539
-8.7239
-6.7227
-12.3778
-15.0690
-11.2029
-10.4383
-10.2140
-11.8330
-8.4927
-6.6528
-1.3884
-0.1362
4.8149
4.7136
2.4082
-0.9064
1.0948
5.9556
5.5304
5.9907
5.1528
2.8697
4.5004
4.8178
6.5449
6.2490
4.6900
4.7318
5.5145
3.6876
3.7209
4.2170
9.6386
16.2354
17.9987
15.7139
16.0711
15.3046
15.1796
13.6761
12.3776
12.7387
10.1748
4.7546
4.2798
-3.4614
-6.1483
-9.7347
-7.2296
-9.8920
-3.1188
-3.0883
-3.2115
-2.6205
-6.4565
-6.4549
-5.5260
-6.8830
-0.9946
7.4044
3.3904
-0.4427
0.0439
9.1751
12.4861
1.9633
-1.6719
-5.6475
-8.4865
-9.5883
-9.7800
-8.7889
-9.1397
-3.3843
-1.8741
-1.3798
-1.7479
-5.1559
-9.2822
-8.0715
-3.6032
-0.5722
-4.1124
-5.5247
-3.0744
-3.2514
2.8461
2.3798
-0.4135
-1.8135
-1.0910
-3.2495
-0.6756
0.1863
-5.7047
-1.4714
2.8728
2.3295
-0.8742
-3.3168
-5.2973
-8.8187
-1.1685
-0.5022
-1.6424
-4.4088
-7.4182
-4.8371
-5.0067
-9.8791
-10.5846
-10.0262
-0.7898
-0.8789
-2.8419
-12.6398
-14.0954
-8.6200
0.7162
14.0837
17.7656
7.2223
1.9093
-1.9837
-4.5074
-2.7050
2.9200
3.9178
3.1605
0.2138
-0.1513
1.1194
3.2066
0.9654
-6.3289
-6.2050
-4.8476
3.7523
-3.1808
-7.0330
-7.9297
-5.3166
-8.6475
-7.0357
-4.1677
-2.2761
-12.6187
-19.4875
-3.2267
-0.9109
-0.5531
-3.9534
0.4624
2.6604
0.5591
-2.8492
-2.7878
-7.3024
-11.4447
-4.4069
0.9142
0.2917
-1.5378
3.1203
8.3894
4.1774
2.7431
5.6308
11.2057
6.2278
6.5704
10.9623
5.6159
4.6345
-2.1814
-5.6943
-1.0365
9.0174
12.0480
12.8994
5.8008
6.1043
10.1347
2.0409
6.6682
7.5647
1.4872
1.0703
-2.8233
3.5736
3.0026
-0.1567
0.5998
1.8758
-3.8519
-4.0939
-8.1701
-11.8353
-12.5303
-11.4934
-9.8675
-12.4993
-7.1728
-6.2873
0.7724
6.4223
5.8156
-0.7695
-5.3104
-11.8345
-16.8793
-14.2538
-10.5854
-8.2979
-6.1395
-0.6409
0.9117
-0.9829
0.9428
-0.5912
-0.4426
2.1998
3.7292
1.8603
2.9219
5.0543
2.7793
4.7849
4.8647
5.0142
6.6769
7.4990
6.5744
6.4405
7.1057
7.2456
8.4875
10.5071
7.3995
7.8350
6.5000

Coefficient 14:
-0.3042
-2.2679
-1.5425
2.6804
0.8466
-3.9704
-3.1025
-4.1167
-5.3720
-4.6411
-1.1877
-3.2351
-1.8563
-1.7038
-1.9857
1.0921
0.7482
1.2776
2.4930
1.2397
-10.0346
-15.2575
-18.4460
-13.2672
-12.8859
-4.8311
-1.8664
-2.5750
-2.1084
0.8782
-0.4151
0.1415
-0.9973
-6.3526
-4.8696
-4.3161
-6.5838
-8.5895
-10.0285
-7.9980
-4.2274
-2.7625
-4.9400
-8.4910
-7.5329
-6.0348
-2.7032
0.4907
-0.0229
0.4002
1.1954
0.4770
3.0166
5.6434
6.1607
4.2727
4.0608
0.6265
-0.0255
1.2447
-3.3117
-11.0148
-7.9809
-1.3725
3.1220
4.0054
5.5534
3.9756
4.1631
5.8092
4.1898
-2.3431
-2.0773
-2.3445
0.1869
0.0749
5.0350
4.9478
6.4915
7.2441
3.4612
4.1118
6.2266
4.7032
1.3681
3.7411
6.2327
6.5742
5.7904
4.3830
1.6746
2.1091
3.6353
2.1588
4.4299
3.0938
2.0730
3.1980
3.7372
6.6137
5.8687
4.4070
5.2671
6.7652
4.4859
1.8116
3.5072
3.7933
5.3586
4.8421
3.5683
2.8848
2.7522
4.6369
6.3588
7.3328
8.0627
7.3592
5.8468
5.0662
4.5072
-0.5850
-4.0229
-1.1373
3.4388
2.0296
1.2551
2.6834
1.3386
1.1529
-1.5483
-2.7074
-1.1773
-0.3703
-0.8927
2.2247
0.0431
-3.6996
-0.1977
2.5577
-2.3878
-0.2110
7.4857
6.0548
3.3348
-1.0361
-5.0393
-8.6963
-10.5527
-8.7535
-8.0848
-8.1984
-8.0893
-6.7353
-0.7568
8.4471
7.8112
0.7963
-2.2593
1.1093
5.2810
4.2874
3.4565
-0.9219
-1.2303
-0.6683
-1.9349
-9.1286
-13.2183
-8.0359
-15.1816
-19.1674
-13.6913
-7.6740
0.8536
-2.2245
-5.4958
-3.3074
-3.6842
-4.0150
-3.5420
-1.1485
7.2085
7.2759
8.4172
3.9585
1.9976
1.6043
-2.5801
-7.1684
-9.8234
-7.8601
-8.7358
-11.5014
-7.0636
-6.8289
-6.1963
-4.9597
-1.5557
-6.3408
-1.7311
3.3428
4.1278
3.0985
0.2044
-0.0896
1.4415
1.2623
2.5427
2.1233
2.2810
3.9082
3.7609
1.3671
1.5585
5.6278
9.2381
10.2417
10.0205
13.1457
13.4278
12.0865
11.6926
12.2820
14.6941
13.3776
13.4133
-3.0154
-20.9291
-15.6021
-8.2653
-5.2406
-5.6335
1.0804
6.2875
3.7158
-0.5749
-1.4565
1.3576
-1.8828
-7.2376
-9.2249
-6.3575
-8.4079
-0.8240
-0.3446
-1.3126
7.7604
10.3791
4.7143
4.8559
1.6462
-1.6912
-2.6301
-0.8818
-2.2515
3.2742
-3.2155
-3.3125
0.1085
-1.3939
-3.6381
-4.5293
-4.1844
-2.8314
0.9166
-2.8306
-7.2214
-4.4988
-3.0656
-7.4796
-9.7670
-6.9888
-9.6625
-9.3565
-1.9617
-0.9014
3.5274
11.8640
11.6533
8.9921
6.4811
3.3271
3.4048
6.0123
3.6942
5.7526
4.7608
2.6471
9.0061
11.3562
5.1455
1.9171
1.8520
8.8544
9.8480
6.3761
8.8960
9.8413
18.1578
16.7624
11.0465
7.7929
7.3689
7.2229
14.0097
9.9189
8.4845
11.9062
18.8541
18.8358
13.3271
8.6649
5.2565
-0.5817
-2.8547
-4.3996
-3.9151
-9.5215
-8.6930
-6.6408
-5.9899
-24.2971
-20.3474
-8.7402
3.4549
3.3514
0.8976
0.4058
-2.8677
-6.3323
-1.6426
-16.5493
-12.1534
-11.2753
-2.8305
-2.7992
-9.4816
-11.5797
-3.9707
2.6370
6.6180
10.4818
-1.1286
-7.0037
-10.4739
-7.4215
0.7940
6.4207
-1.5868
-0.4254
9.1041
12.0147
11.2795
5.4284
6.1135
10.8084
5.5454
1.8925
-0.0085
5.3950
11.1659
-6.5689
-11.0057
-6.0979
-6.6699
-4.2831
-6.9123
-10.5540
-8.9241
1.2001
4.9058
7.8839
8.2325
4.8468
2.0795
4.9356
5.7141
-2.2767
-12.9288
-10.9296
-4.6077
-8.7885
-16.0624
-13.7096
-2.9955
2.7798
0.1786
-2.2682
-2.1018
-1.2529
-1.4880
-0.6154
-5.4513
-11.1638
-3.0913
3.7448
2.5319
2.1002
3.3002
5.0302
5.0345
-0.8757
-2.8732
-2.0891
-3.7835
-6.4406
-6.4867
-1.5808
0.4407
2.1687
4.3702
4.1669
4.7117
5.7005
6.4090
5.3612
5.0841
5.6754
5.5114
6.8123
9.7118
6.3310
6.6034
5.2175

Coefficient 15:
-0.7527
-0.5987
-1.9540
-0.7258
-2.4819
-3.6061
-1.2638
-3.4024
-3.4704
-0.1788
4.0703
3.4763
-1.1724
-2.1401
-2.2798
-1.4822
-2.7099
-3.7652
-3.1826
-3.3715
-17.6483
-18.3038
-13.7426
-12.7753
-12.1007
-12.7857
-7.0402
-7.0735
-6.6404
-3.8827
-1.7830
-4.7063
-6.6380
-9.9489
-7.8837
-4.1742
-2.9498
-4.5370
-6.3407
-4.8566
-2.1608
-0.3952
-1.6785
-5.8329
-6.8839
-5.2583
-2.0646
-2.5185
-3.1395
0.7648
2.3191
2.5068
3.7262
3.5871
4.6874
3.6064
3.3177
0.8108
0.8389
0.5013
-3.9523
-2.9259
-1.1369
-0.3052
0.1311
2.6206
6.7113
4.0172
-0.1800
2.0326
1.6830
0.6266
-2.0646
-5.9669
-1.9367
0.7183
4.6457
6.7492
6.3238
9.2044
3.7223
3.0379
3.2558
2.3462
-3.8520
-0.9487
3.1943
3.0204
-2.3947
-0.3977
5.0089
4.4871
5.4452
3.3270
-2.3398
-3.1349
1.0168
3.3926
4.0673
6.4822
5.3180
3.7102
1.2350
0.1617
1.3607
1.3221
2.5907
3.5414
4.8725
3.8902
4.0712
3.3034
2.6175
3.8547
5.3994
6.6103
7.6730
8.4786
9.2372
6.3789
6.2579
1.6559
-1.8605
0.4718
5.7995
5.1740
3.8844
7.1891
9.1264
4.4045
0.1367
0.4279
1.3412
2.8341
1.8095
5.0263
0.5227
-1.7034
-1.0052
-1.6638
-5.3363
-1.2169
6.7432
5.9431
2.7203
0.0816
-3.1306
-5.0797
-7.1028
-6.9811
-4.5361
-6.4103
-8.1206
-7.0879
-10.3444
-16.7800
-18.7082
-21.5642
-25.0108
-22.9370
-17.9239
-17.9998
-17.6719
-15.7948
-14.3273
-15.1452
-12.9416
-15.2755
-12.4727
-12.4302
-12.6812
-12.7699
-14.0759
-12.5702
-11.4098
-10.1799
-7.2860
1.0166
-5.4104
-8.1769
-5.7620
-8.5945
-11.3655
-10.3585
-10.9259
-11.9954
-12.6409
-15.2945
-15.5973
-8.4906
-2.5576
-1.3231
-7.9427
-12.5448
-11.7444
-9.7315
-9.1157
-10.1293
-3.7788
-3.8699
-2.5791
1.4281
3.2639
0.8650
-3.2200
-1.2236
0.3525
-0.6221
0.3383
-0.8647
0.6768
3.4653
2.5502
-0.2072
-0.1447
-3.1807
-7.8461
-8.5360
-7.9466
-2.0885
-1.1154
-2.3065
-3.5332
-4.1460
-6.5204
-6.1782
-4.6674
-20.0225
-11.9141
-1.9804
6.4421
10.3111
-2.7738
-6.7168
-7.6833
-3.1621
-3.4513
-6.5873
-5.1417
-4.9298
1.1941
4.4746
1.8492
-5.6338
-7.5408
-12.9735
-14.7835
-5.3597
-1.2718
10.3553
9.8110
2.5970
-0.8119
2.6995
-2.3101
-1.2463
-0.6098
-7.0195
-4.9721
0.9433
0.2707
-0.5961
-3.2590
-7.5714
-4.7817
-5.8001
-10.8918
-11.6604
-12.5571
-9.3332
-10.4377
-7.6233
-8.1896
-10.1475
-11.0642
-7.7349
-5.8777
-12.2951
-11.6318
-12.2221
-11.4182
-14.7926
-15.7512
-9.7274
-4.1349
-6.0740
-18.9484
-18.6794
-24.3130
-29.4757
-29.2774
-22.8733
-22.0669
-22.8802
-22.1504
-18.1162
-7.7155
-2.9518
-0.3333
-5.6554
-5.1613
-7.3983
-3.7408
-7.4063
-12.4504
-16.7864
-16.5226
-12.7939
-14.7083
-16.8817
-10.0246
-7.6106
-2.6682
3.5300
3.8281
2.5328
2.9747
4.4653
0.1946
-3.3493
-2.3258
-4.5589
-10.2106
-14.4348
-13.0579
-8.3407
2.2538
10.3514
9.4606
7.0701
-3.1224
-11.9813
-3.1164
-5.8951
-11.6460
-12.1040
-9.8391
-11.3390
-6.6860
3.8183
0.7324
-5.9551
-4.7671
-3.6713
-7.6257
-12.1071
-10.2604
-10.0260
2.1240
-6.3457
-12.1702
-18.5088
-19.0387
-12.3427
-10.3923
-15.5755
-23.0366
-18.4976
-9.3546
-5.4941
-1.6196
-0.5241
-2.1047
-6.6315
-7.6472
-8.0702
-5.8109
-6.2916
-12.0014
-12.4962
-13.6130
-18.7856
-15.1955
-10.0852
-17.0357
-22.3236
-21.9618
-16.6886
-14.0753
-5.3187
-0.1362
-1.3830
-5.1723
-10.8099
-11.3572
-13.4936
-9.2110
-8.1069
-14.2223
-17.7199
-18.1279
-14.6908
-10.5013
-7.1379
0.0905
0.8164
-2.0330
-2.2489
0.1663
-2.8367
-3.1692
-2.0759
-3.4838
-1.1433
-0.3344
1.9579
7.3839
10.0248
-0.2952
-0.3188
1.8900
4.9031
3.1131
3.1463
4.8827
5.5666
4.4742
4.1202
4.6080
4.0780
5.2233
8.8111
5.3349
5.4572
4.1147

Coefficient 16:
-1.5267
0.2812
-2.7648
-2.9839
-4.5363
-3.1080
-0.3702
-3.5292
-1.8816
3.6069
7.4434
8.4721
4.9987
0.4528
-0.3074
3.1140
7.0216
6.8443
4.9384
3.6166
-10.5036
-14.5622
-10.9466
-8.7241
-8.0469
-11.2421
-7.6468
-5.0114
-6.4676
-9.1917
-6.0274
-8.0834
-6.9948
-7.1606
-3.9773
0.1994
1.7449
2.5764
1.1391
0.5223
1.2018
2.4695
2.1931
-0.9228
-2.3696
-0.8603
0.1918
-2.8323
-1.4462
3.1670
3.6154
4.0151
4.1172
2.8804
4.1608
3.4139
2.9880
2.5328
3.6633
1.5347
1.3600
-1.2260
4.1758
2.6152
-0.0923
0.3769
-4.1530
-8.8872
-5.8044
-0.7586
-4.7213
-6.3306
-5.7831
-4.7476
-0.2657
0.2587
0.4671
3.7306
3.2518
7.0200
4.1104
4.1260
3.4597
0.1107
-0.1055
3.1875
3.7734
2.9530
0.9487
2.8183
6.8376
6.0654
6.8472
3.3518
0.5368
2.4734
2.7854
3.5096
4.3678
6.1167
4.7152
2.9958
1.6653
1.6771
1.6856
1.2848
1.7144
3.0305
4.2067
2.7943
4.2416
3.3173
2.2459
3.3877
4.6679
5.2739
5.5640
7.6208
7.7562
5.5473
6.8945
3.7706
0.4848
2.5303
7.1573
7.5094
6.1576
7.5814
7.2077
3.8090
2.7525
3.3050
3.6706
5.3713
3.8696
6.1981
1.1615
-2.6281
2.2119
5.6547
0.1584
-1.2786
5.0643
5.3483
1.4454
0.6648
-1.8123
-2.5351
-4.6874
-5.8279
-1.9936
-4.9256
-7.2577
-7.0408
-12.2658
-18.8287
-19.0875
-15.2032
-17.9404
-22.1479
-16.9064
-10.0427
-10.4985
-12.9607
-15.1560
-13.9258
-14.6748
-11.8713
-5.6290
-3.2898
-0.0987
3.8570
1.1547
3.6574
-4.8675
-9.2258
-9.9410
-10.2659
-6.2404
4.4649
8.1609
4.3702
-7.7454
-0.4048
-0.0833
-7.0046
-13.6670
-18.0710
-14.6757
-16.9847
-22.1714
-22.4138
-13.7178
-10.3239
-9.0192
-6.2658
-7.2099
-7.5539
-3.0015
0.4962
-1.5311
0.5866
2.7647
0.5224
-3.0906
-0.3670
1.3808
0.6360
1.9815
-0.7601
0.3719
3.2274
1.8359
-1.0476
-1.3181
-0.3462
2.9426
5.1827
3.7857
7.2836
5.8960
7.1346
5.9989
7.3822
0.6714
3.4814
6.4233
0.6979
-3.0895
-3.2193
-7.8953
-10.4830
-8.1928
-10.3115
-12.4828
-12.2884
-8.9103
-5.5889
-9.7573
-0.9666
1.2985
2.2514
5.2316
11.8110
13.8396
11.9515
6.5801
-5.0090
0.5543
8.2032
8.2697
5.1007
5.0804
8.2218
4.7201
-3.8221
-7.8640
-9.9396
-7.2982
-3.2507
-2.6449
-2.0496
-3.2371
-6.5738
-5.8468
-9.0366
-8.0157
-5.5401
-4.6089
-5.0201
-11.3552
-13.6523
-13.0536
-14.4694
-8.1189
-4.0426
-5.6920
-5.3463
-9.0128
-8.9335
-6.3461
-6.0629
-8.6468
-12.6805
-15.2523
-12.1297
5.1632
8.3635
2.3303
-6.3106
-14.1954
-8.0158
-5.7870
-11.5146
-14.9184
-15.1494
-17.1357
-15.3946
-13.5174
-13.1268
-7.6226
-10.7957
-13.1441
-12.0208
-11.8853
-7.7499
-5.1204
0.1136
3.1519
6.6459
11.3517
9.2309
6.2634
3.4372
4.0724
3.2573
4.8063
4.1966
3.3935
2.6658
2.1812
-0.7894
8.5109
8.5271
-0.1448
-9.8313
-9.3740
-14.3759
-13.3965
-6.8504
-0.7451
-1.1397
-1.6815
-4.8525
-11.1474
-13.1917
-4.7807
1.0596
5.2847
4.7683
6.3058
-0.1488
-5.7716
-2.6189
4.4790
5.4085
5.0586
5.4671
-4.3131
-10.4018
-12.8822
-9.2818
-10.3397
-20.2855
-13.3511
-7.5941
-4.6944
-1.0561
0.6930
2.4965
6.4013
7.6598
-6.2816
-6.0888
-5.0028
-8.8011
-5.6229
-5.6453
-7.0549
-7.1930
-5.5750
-6.4243
-7.5000
-12.1294
-15.7772
-14.1283
-8.6562
-5.4990
-3.4465
-2.7240
-6.1399
-7.6918
-7.4624
-1.9086
-1.6520
-4.5575
-8.2656
-0.8342
-1.9660
-0.7853
-0.2819
-5.8806
-7.7180
-7.7615
-0.8626
-5.1948
-5.9814
-5.9046
-5.2949
-5.3332
-1.4421
-1.7019
2.3318
2.8269
2.7236
7.7712
14.0609
11.1932
6.6758
6.8873
0.4756
2.1262
1.7885
2.3190
4.1566
4.8962
3.8288
3.4792
3.8481
2.9240
3.7357
7.7681
4.4107
4.4160
3.1877

Coefficient 17:
-2.4567
-0.1647
-1.6620
-4.9224
-6.5749
-2.7371
-0.9870
-4.8907
-1.6498
4.8908
7.0401
3.4875
0.9922
1.1299
0.7321
-0.1040
-0.8742
-2.5539
-3.3158
-11.4946
-22.4503
-23.5552
-22.7920
-18.3079
-10.8144
-8.3447
-5.0636
-1.2073
1.1371
-3.5683
-5.9857
-6.5945
-5.7713
-3.1882
1.7854
5.0042
5.6831
8.6418
7.5742
5.2961
4.2581
4.4428
4.9716
3.6692
3.3089
4.4601
2.7748
-0.2321
2.6798
5.4634
4.3634
4.4924
4.2011
3.8308
4.4981
3.4973
2.9088
4.6110
6.7325
3.7220
2.9690
4.3322
3.7523
0.3464
0.2440
2.5807
5.7356
2.3130
2.3572
5.3082
3.5887
-1.2722
-2.5183
-1.5041
-0.2520
2.5076
-1.3826
-3.5012
-1.1220
5.6293
2.3957
1.2381
2.9909
2.3329
6.9345
8.6588
3.8440
3.2515
6.4216
7.4934
7.4962
6.3911
7.2398
3.6237
-0.8919
-0.8131
0.3994
3.3770
4.5031
5.5767
4.0667
2.2716
3.9265
5.7880
4.4240
2.3086
2.4705
2.3992
3.2212
2.2137
4.0212
2.9233
1.7908
3.5982
4.5001
4.4951
4.3364
6.6417
5.1768
4.1221
6.5219
4.5719
2.4102
4.4060
7.3781
7.6092
6.4230
7.1335
3.3505
2.9379
3.5663
3.1331
4.7763
6.5374
4.5283
5.3286
1.5792
-2.8065
2.3908
3.1773
-1.7976
-0.2864
3.4356
3.9810
0.1185
0.5661
-0.4811
-1.2743
-3.6634
-5.4131
-0.9708
-4.2082
-5.9907
-6.6563
-9.4217
-6.6695
-7.1371
-0.5366
2.8723
0.8672
1.4882
3.0971
3.4761
-1.2669
0.8383
2.0859
2.5672
0.8817
0.5060
0.0580
-3.5576
-7.3381
-12.1409
-6.1928
1.7475
-1.1416
-3.4601
-5.1509
-4.3873
-5.4065
-6.4337
-8.4377
3.0251
-2.9915
-6.9941
-7.6053
-7.0529
-1.2155
-1.1045
-8.0840
-10.0474
-12.9865
-12.2385
-9.1857
-5.8318
-1.8376
0.6677
2.6809
-0.1340
0.8572
-0.0820
0.5638
2.2134
1.9332
0.0645
1.4274
3.3056
3.7156
5.1859
1.6734
1.0998
3.0310
1.4821
-1.3364
-1.9436
4.1422
7.7633
6.6469
4.3021
8.3522
9.3877
8.3339
5.5439
7.9422
6.8072
8.1260
11.1429
7.3652
-2.7132
-10.8711
-9.4658
-8.6507
-5.8603
-6.1509
-3.5493
-0.8422
-3.9281
-5.0910
-1.8103
5.4000
5.3108
3.0575
-1.7975
-6.0803
-7.0375
-5.3357
-5.9373
-13.1668
-6.7744
6.8250
2.9874
0.0447
-0.2269
1.2432
2.5369
-3.4094
-4.1412
-5.1297
-5.8693
-2.4032
-3.2528
-4.3089
-3.6681
-1.8093
-4.4175
-6.3738
-7.2422
-4.6991
-0.4057
-2.5413
-8.8336
-12.0448
-9.1101
-6.7573
-2.0837
-1.5671
-3.2487
3.1412
6.4208
4.9697
3.0626
3.1382
3.1157
0.7018
-0.9754
1.0979
5.1954
2.7533
-0.0812
-2.3214
-3.3195
0.4574
-3.8297
-5.6120
-1.7872
1.8738
-5.9957
-2.9774
-0.6796
2.9516
7.7259
8.5341
8.0005
5.5420
4.8350
6.5088
3.3911
2.9046
0.7710
-2.5155
-1.0149
0.6031
5.5069
-1.8029
-3.8950
-6.1761
-2.5104
-4.6891
-9.9657
-6.6337
-4.6580
-2.3708
-11.2828
-15.7718
-14.4904
-13.3932
-7.1830
-18.8392
-18.4747
-14.0027
-13.5978
-10.5223
-8.0518
-6.7981
-6.9075
-6.3323
-8.7838
-13.5753
-14.2377
-14.1166
-9.0299
-6.3759
-4.3177
-14.2960
-11.3188
-3.8345
-0.8187
-3.3226
-10.6741
-13.3376
-11.6435
-10.7097
-7.7443
-5.6278
-3.5768
1.7754
3.1106
-4.2316
-6.2668
-7.5167
-5.0675
-0.1697
-10.5601
-9.0536
-6.7783
-4.1635
1.1310
-0.4085
-6.8272
-9.3693
-2.3310
2.7906
-0.0218
-8.6204
-4.7431
-0.3035
-1.2861
1.6274
-3.1195
-8.8718
-8.9660
-7.0942
-1.1171
-3.5575
-8.3185
-5.7575
-2.2486
-5.0159
-4.2669
-1.5238
-2.0111
-3.0596
-2.4227
2.2240
5.5749
4.3277
-1.3694
0.6423
2.6066
3.3986
7.0674
5.9212
6.1085
4.9222
4.0890
10.8228
7.4908
4.8966
9.9591
9.9359
3.9451
4.1514
1.1329
2.4675
3.4638
4.3221
3.3355
3.0748
3.3253
2.0191
2.3807
6.5745
3.5626
3.4946
2.4274

Coefficient 18:
-3.3525
-1.9210
-1.9258
-7.6903
-8.9995
-2.6441
-2.6656
-6.8003
-2.7748
3.4363
3.2703
2.1083
5.6752
9.7355
13.1584
7.3444
1.4755
-0.5586
1.0507
2.2944
-3.0416
-8.5787
-9.1643
-9.8216
-10.3372
-6.3462
-1.8923
-2.4825
1.4011
2.2732
2.6573
0.4535
-3.4906
-1.8748
3.1767
5.8766
7.3912
10.4779
9.0003
7.5768
5.6363
4.6846
5.8298
6.1936
6.2274
6.6155
3.8351
2.2717
4.5155
5.1052
3.8705
4.0487
3.9315
5.0789
4.7857
3.6276
2.8784
5.7931
8.3239
5.9268
4.2741
9.3889
5.7571
4.0300
5.7514
4.2304
3.3355
5.1970
8.4394
7.6600
11.7873
6.6012
0.6355
-3.3265
-2.6840
6.1644
2.5124
-2.9193
-4.9673
-4.5316
0.7312
2.1476
0.7349
3.9936
6.4108
4.7847
0.7009
0.1461
2.7168
6.3541
7.7876
5.7047
6.5790
4.5799
6.5412
5.0421
3.9150
3.9129
4.4025
4.9173
3.4148
1.5763
0.5243
-0.0171
2.0387
2.0406
2.1763
1.7842
2.2071
1.2275
3.4652
2.2287
1.2460
2.8787
4.3034
4.5736
4.7792
7.0425
5.7835
3.8203
5.3967
4.1929
3.5226
5.4474
6.8794
6.0186
4.8643
7.3472
4.7637
2.1781
0.6145
0.9075
4.6390
6.1620
3.6735
3.1397
1.5695
1.0973
1.7515
4.5074
3.4927
0.9928
2.0400
1.7483
-0.7926
0.1765
0.8047
-1.2443
-3.2690
-4.9978
-0.7873
-3.6722
-4.4744
-5.8529
-15.5106
-13.8804
-12.8409
-11.2574
-6.0504
-0.8587
3.2463
-5.3326
-10.2522
-9.6676
-2.7409
2.6890
3.3252
1.6543
2.4732
4.1441
-3.2727
-7.8633
-9.6626
-9.1547
-3.3380
-0.8925
-4.6986
-1.4592
-0.0591
-0.0732
-3.6794
-7.9685
-4.9077
0.5788
-5.3040
-8.9568
-9.0672
-2.9259
-5.0008
-6.5006
-3.0721
0.4108
4.9236
1.1290
-3.0169
3.0372
5.5025
9.8759
7.0227
2.9846
0.8094
0.7248
1.2498
3.5434
3.4214
2.8464
5.0866
5.7813
5.8560
3.6199
2.0719
2.7535
1.3008
-1.3436
-2.0743
-2.3313
-4.7920
-4.8309
-4.9200
-1.9061
0.5227
-0.7674
-3.6640
-2.8917
-3.6346
-5.2257
-0.6084
-5.3362
-5.9786
-5.9667
0.7654
4.1707
-4.8618
-8.1999
-4.6886
-0.7207
-4.5878
-5.8302
-0.3178
1.6005
1.7369
1.6352
0.4644
-7.7051
-11.7741
-9.7449
-5.1120
-6.2282
-1.8851
-3.8819
-7.5083
-10.8837
-9.7171
-7.9315
-6.0668
-5.5176
-3.4454
-4.4887
-5.4344
0.9360
1.1222
-3.2184
-7.1632
-4.9359
-4.3850
-5.4958
-7.6915
-7.5022
-7.9623
-3.7045
4.0638
3.5165
2.2208
5.8404
2.6724
-2.6136
-6.2227
-3.7715
-7.2573
-8.1547
-9.5928
-12.6436
-9.7364
-3.6359
1.3536
-0.2225
-18.1557
-19.8716
-16.0869
-9.5697
-11.4712
-13.6969
-13.6356
-15.2972
-13.9116
-12.9207
-3.0407
-2.0837
-1.1084
-1.8167
-2.5826
-4.1849
-8.5827
-12.1890
-8.6874
-9.8079
-10.2993
-5.2238
-2.1258
-2.4343
1.3711
-0.3025
0.5226
3.2146
7.1455
6.9634
5.6978
4.4244
4.3331
6.4408
8.8139
2.1150
-4.4067
-5.9515
-3.5560
-3.9943
-8.8396
-10.4937
-10.3477
-8.0414
-4.4291
-8.8165
-5.3907
-6.0817
-11.1393
-10.9227
-12.0209
-13.2909
-7.7431
-8.5696
-9.0746
-8.0163
-10.0071
-12.3650
-15.9539
-15.5965
-11.0087
-12.5537
1.7606
-2.5393
-7.8202
-10.6030
-11.1045
-13.3554
-13.1582
-12.2295
-11.8168
-9.8547
-3.9536
-1.5387
-1.0649
-0.7995
-14.8021
-13.1930
-8.0933
-1.2521
-5.7692
-10.2281
-13.9299
-13.3847
-13.2466
-14.6440
-14.7806
-6.4583
-4.6303
-6.2430
-9.1606
-4.4204
-6.8813
2.6143
1.6113
0.0875
-0.0595
-2.9646
-4.4690
-4.6062
-2.9642
-7.9797
-11.0486
-12.8545
-11.1541
-8.2250
-5.8526
-4.9240
-4.2352
-3.1601
-7.9066
-7.0861
-5.6330
-0.0778
3.0505
4.9337
1.9799
4.4847
4.1440
8.6145
8.2283
3.3317
2.2253
1.7751
2.0088
1.1122
0.0283
1.3099
2.7639
3.7783
2.9127
2.8152
2.9633
1.3299
1.2022
5.2646
2.8013
2.7028
1.8217

Coefficient 19:
-4.0359
-3.9462
-4.9857
-7.8762
-7.9708
-2.8443
-4.2267
-7.8460
-4.2216
0.6240
-1.4309
-1.5027
-1.9463
-1.1647
0.3154
-2.9446
-1.2365
-1.6245
-4.3495
-2.0738
-6.6746
-3.7074
-6.1442
-6.4498
-7.3279
-7.7568
-2.7481
-2.7431
-2.6469
0.7828
7.4580
4.8979
-0.5263
-2.0004
1.2427
3.9698
6.5519
8.1738
6.2970
6.8747
4.9605
3.3083
4.9557
6.3690
4.8143
4.0326
2.8601
2.8610
3.9828
3.1379
2.6977
3.2130
3.3128
4.9516
4.1969
3.6332
2.7488
5.3701
7.5557
7.0620
1.6650
-0.2425
1.8956
6.0982
8.0920
3.8107
4.1914
4.5578
5.4991
3.3559
3.1305
1.2381
-3.6691
-2.2404
-0.1784
-0.9533
-6.8132
-13.0536
-15.4952
-11.7036
0.0535
-0.1424
3.4494
3.8148
1.6722
-0.3077
-0.3300
-1.9665
-1.6891
4.6655
7.2412
4.2947
5.3204
2.9197
2.2166
2.1467
0.5001
3.2219
4.0497
4.1553
2.8234
0.9666
-0.2670
-1.1493
-0.2552
0.8558
1.0436
1.2814
1.1288
0.0066
2.7144
1.4085
0.7324
2.1299
4.2295
4.6116
4.7385
6.6206
6.0487
3.9117
3.8686
3.7345
3.7780
5.3570
5.8119
4.3655
3.0925
5.3081
4.6723
-0.2665
-1.7609
0.3836
3.9124
4.6871
1.9338
0.6798
1.2109
-4.4017
-6.6350
-4.7684
5.9553
2.0141
0.8307
-0.3837
-1.4452
0.2087
1.5722
-1.8490
-3.1310
-3.4063
0.0261
-1.9993
-2.3451
-4.4150
-12.6895
-14.0656
-13.0870
-11.2130
-14.2405
-9.7220
-1.4430
-0.2139
-2.1585
1.6570
4.7064
5.8524
-3.1711
-8.0133
-4.0613
0.6935
0.9309
2.8606
5.7886
3.0642
-3.5520
-6.4554
-11.9668
-12.7949
-10.1532
-10.2403
-12.6358
-13.7096
-12.4246
-8.2394
-11.7602
-16.5975
-17.5864
-13.3779
-12.9827
-9.0318
-9.2152
-7.3601
-3.6537
1.3772
2.9406
7.4393
5.9692
5.8848
6.2447
6.8377
0.8061
0.4782
-0.1502
3.6484
4.2105
2.6111
4.8410
5.2558
2.5290
2.9506
2.6085
2.3316
1.1118
-1.3138
-1.8323
-1.2210
-0.6848
1.4404
1.0700
2.3912
1.6891
-0.4122
-2.3050
1.2173
-2.6578
-5.0232
0.0466
-4.4318
1.1088
-1.1690
-2.8214
-4.1078
-5.7823
-8.8668
-6.6516
-12.8142
-14.7805
-7.7595
-8.5953
-4.5245
-4.7681
-4.2702
-4.9213
-13.5996
-7.9552
-4.6237
-4.6088
2.3783
3.6223
-4.9600
-5.0942
-6.4717
-10.1670
-8.9781
-8.7271
-9.6723
-5.4005
-5.7973
-4.2940
-0.1601
2.0138
-2.9514
-6.4716
-7.2504
-4.4852
-4.4541
-3.3430
-4.7711
-6.8102
-7.2248
-7.3663
-6.0337
-7.8596
-8.7696
-6.6684
-4.1889
-4.4240
-6.7551
-10.9716
-11.9155
-8.8670
-12.0971
-14.1436
-10.0953
-8.0699
-8.0525
3.8371
6.2744
2.4475
-5.1048
-14.1899
-14.5344
-8.7716
-7.6006
-8.1039
-12.5583
-11.7389
-12.5418
-13.2975
-9.0481
-6.8864
-8.1632
-11.9710
-13.2575
-10.7879
-5.8348
-5.8006
-12.1897
-8.6036
-4.7872
-8.0031
-1.2235
5.5897
5.2992
7.5976
11.2605
10.8360
7.7972
2.2903
1.0029
1.5550
3.0037
10.9267
6.7338
3.4862
-2.0584
-11.2402
-2.5114
-1.2734
-5.9936
-5.8664
-5.6044
0.4116
-0.8125
-8.6345
-14.4825
-8.3870
-0.2381
-2.7789
0.4342
3.3439
1.6734
-5.6204
-4.1838
1.9672
5.5288
0.8725
-2.4069
7.9274
5.1254
-0.7751
-1.6286
2.0179
-0.1259
-2.1649
-3.0479
-5.7943
-3.4194
-3.9779
-2.2351
-1.1582
-2.7870
-8.4204
-5.1108
-2.1511
-2.6060
-4.8698
-4.5838
-5.6398
-5.4235
-7.1159
-10.3579
-0.2441
3.4334
1.9734
-2.0942
-2.2169
-4.0936
-1.2564
1.7631
2.5815
-0.2294
-6.1988
-3.6146
1.6293
-3.9293
-4.6245
-5.4183
-6.8715
-8.8931
-5.9499
-0.9314
5.6535
3.4221
0.5657
-0.2405
-0.8201
0.8219
-0.7101
-1.0518
1.4078
3.9146
2.4885
3.5360
4.0349
3.1281
4.1785
0.3882
3.4556
4.4742
2.4122
4.3428
0.3188
0.1932
2.0393
3.2177
2.4966
2.6143
2.6889
0.8242
0.2497
3.9188
2.1424
2.0457
1.3562

Coefficient 20:
-4.3610
-4.4982
-5.4773
-6.1190
-4.7305
-3.2724
-4.5337
-6.8242
-4.6430
-1.5338
-4.1453
-5.0296
-7.8637
-6.9944
1.0316
5.1758
5.1858
1.4608
-3.9465
0.6283
-2.2444
-3.5916
-2.1073
-3.4758
-8.1905
-11.7799
-7.1869
-0.8370
1.2189
-0.3646
0.3993
0.1472
-1.5293
-2.1822
-0.5579
2.0933
4.0236
3.3700
2.2623
3.5442
2.8831
1.2254
3.0069
4.4336
0.6566
-0.8178
1.1861
1.9367
2.4914
1.5238
1.9773
2.5837
2.6267
3.1577
2.8341
3.4583
2.4880
3.5179
4.7972
6.5708
4.8353
-2.6286
-7.0506
-4.9007
-4.2388
-3.4997
-3.3186
-7.8461
-2.1666
-2.1509
-2.6993
-0.4875
-1.4522
1.0136
1.4408
1.7874
-5.7980
-13.7744
-12.9384
-1.5408
0.0725
-1.0607
4.0508
6.6117
4.3767
4.6708
2.9873
0.0083
1.7422
7.2151
5.3618
2.7241
4.1045
3.5985
1.9370
5.5839
4.9987
3.9465
3.4999
3.3681
2.3582
0.5005
2.6278
3.3882
2.4343
1.5926
1.2053
0.9394
0.2404
-0.3327
1.9529
0.6548
0.4699
2.3418
4.4163
4.0120
2.9303
3.7515
3.8144
3.7538
2.6449
3.3583
3.4213
4.3517
4.2876
3.4705
1.9706
1.4712
0.6460
-1.4983
0.5894
2.1567
2.9707
2.9191
0.3465
-1.0707
0.8651
-2.7079
-4.0399
-2.4354
6.8913
2.6130
0.5731
-0.9174
-0.7536
1.2113
2.5117
-1.0352
-2.0000
0.2884
2.7385
1.8821
0.9346
-2.1884
-2.1454
-7.4192
-7.7006
-11.1275
-18.7918
-16.7737
-10.8034
-5.6893
-5.3459
-8.2602
-6.0434
-5.9912
-7.5376
-2.2737
-1.7975
-9.3458
-11.1585
-11.5873
-11.8821
-10.4759
-6.8430
-6.4515
-5.7751
-0.9370
-1.1110
-10.8761
-15.4461
-14.7814
-5.4406
-4.0889
-7.5465
-7.5394
-5.9233
-7.2980
-6.7443
-2.7149
2.0083
0.1676
-4.4926
-1.8802
1.4027
4.3824
0.9833
-3.3522
-2.2082
4.5416
-0.0471
-0.3678
-1.6112
1.8506
2.0021
0.9781
3.9569
3.5425
-2.1944
0.1928
2.5406
1.7627
0.8013
-1.3773
-1.3830
4.3973
5.4486
5.1465
5.2001
4.0353
5.0495
3.4422
-0.0781
3.6070
1.4132
-0.2623
2.1237
-4.6285
-4.7487
-8.2104
-9.9585
-9.6777
-10.5252
-7.2625
-7.3106
-8.0850
-9.5746
-7.2735
-5.9006
1.3624
-0.2707
-3.3261
1.9174
-1.1620
-2.2406
1.5519
1.7545
3.0086
4.3530
0.1527
0.3230
-2.8284
-2.6465
0.2390
-4.8793
-6.2816
-2.1159
0.6397
0.5898
-0.8285
-0.6017
-5.3545
-3.9192
-4.7764
-3.0874
-2.9466
-7.0825
-9.6491
-8.3577
-12.7673
-10.3685
-2.3968
5.2523
0.6296
-5.2740
-2.2119
-8.1662
-6.4205
-1.0928
-6.6908
-7.4790
-8.4747
-9.8111
-11.0578
-11.8977
-8.4955
-8.2678
-8.3603
-10.9749
-9.5061
-4.6550
1.3146
4.6398
0.9552
-0.1443
-2.2320
-11.4137
-14.9682
-17.7774
-6.1302
-2.4702
-2.2554
-5.5418
1.0926
2.7184
-3.1886
-9.5454
-13.5799
-9.5824
-4.7094
2.6425
7.7526
1.6101
-10.6675
-10.6795
-5.0086
-1.9485
-0.8327
-3.4153
-1.8674
-0.6910
-3.5737
-3.0441
-7.9944
-5.8377
-4.7349
-4.3337
-5.7398
-10.1927
-15.1402
-10.7928
-8.3716
-6.4683
-4.5922
-5.2953
-4.7696
-1.5943
-3.9157
-13.9615
-12.0146
-10.6660
-10.1669
-14.1184
-5.6785
-4.4323
-5.5944
-11.0701
-5.1411
-2.5888
-3.3968
-5.1999
-1.9186
2.1585
3.4226
-4.5679
-4.2629
-8.9683
-9.2583
-6.6803
-8.0827
-9.5459
-6.1477
-8.7657
-7.1140
-12.5217
-14.1694
-8.5686
-6.9029
-3.5299
-1.3868
-1.8705
-1.2611
3.9056
9.0496
9.9393
7.8265
2.9577
-10.3068
-5.8396
-2.8145
-7.0960
-8.2669
-7.5489
-7.1217
-7.2911
-8.9290
-11.8418
-8.1081
-9.8041
-11.6035
-10.6128
-8.7527
-7.2819
-0.7172
-1.4130
-3.2891
-1.4729
0.7630
0.9712
-1.5269
1.1251
3.8591
3.4955
1.7400
2.7005
1.3698
3.4008
2.8395
7.4205
9.5483
4.7255
2.1616
0.0505
0.3976
1.2969
2.6159
2.0476
2.4003
2.4393
0.4744
-0.4329
2.6512
1.6033
1.5237
1.0156

Coefficient 21:
-4.2267
-2.7208
0.7431
-1.4195
-1.9940
-3.8401
-3.2461
-3.6303
-3.3255
-1.7243
-3.2998
-4.8728
-5.0594
-8.8995
-3.4134
1.1338
-1.6590
0.0518
1.8806
-4.5792
-10.0261
-11.7452
-11.2264
-9.2039
-8.5436
-8.1832
-5.0036
-0.6578
3.2907
-2.6379
-8.8780
-6.0508
-2.4661
-2.9806
-1.9667
0.3621
1.2116
-2.2743
-2.1428
-0.9442
0.5516
-0.4231
0.9644
1.3862
-3.1624
-3.8564
0.5609
0.1573
-0.8090
0.0940
1.9877
2.4407
2.3181
1.0718
1.6239
3.1636
2.1680
1.1828
1.4403
4.6290
-0.9854
-3.5925
-5.4915
-4.3122
-2.6556
1.8229
4.5004
3.9295
5.8037
7.1302
8.6915
7.1177
5.5590
4.7506
2.8879
-1.3326
-0.8891
2.1291
1.7103
2.1116
-1.6290
-0.3083
3.0121
4.0094
6.2587
9.4102
3.7509
0.6437
3.6326
7.4853
3.2379
1.9452
3.3931
0.8553
1.2963
0.9544
0.9160
2.7001
2.8274
2.7205
2.0677
0.2207
0.8177
0.0288
1.3774
1.9740
1.4652
0.7777
-0.2876
-0.3733
1.3618
0.1313
0.4147
1.8551
4.0642
3.3206
1.2467
0.9209
2.1584
3.9866
2.2403
2.5911
2.8172
3.0313
2.9130
3.1599
1.2515
-0.6154
-2.6766
-1.6948
1.6985
3.3374
2.1303
1.6092
-0.2051
-1.3039
0.9785
5.9423
7.4822
8.8997
7.6142
2.4739
1.3265
0.2225
1.2726
3.2659
5.0312
2.2841
1.7547
6.0173
7.4722
7.8303
5.4580
0.6812
-1.8579
-10.0915
-8.7995
-6.3267
-5.0559
-10.2180
-11.1068
-14.0890
-14.0283
-18.4897
-18.3572
-19.6770
-14.0665
-7.9015
-6.7264
-8.5488
-5.6902
-9.2167
-14.7619
-16.0480
-16.2691
-9.5255
-7.5799
-8.9777
-10.4082
-4.5025
-5.0047
-2.6029
-3.9819
-4.4290
-9.1993
-10.4527
-8.6900
-5.5784
-2.7135
-8.5516
-10.6401
-9.3943
-14.7554
-16.0286
-10.9920
-4.8818
-3.7672
-2.8610
-1.1819
-0.4869
-0.9439
-1.5063
-2.5655
-0.6395
-1.1766
-1.1631
1.4501
1.9222
-4.5626
-2.2383
2.0659
1.0924
0.3537
-1.5215
-0.8953
-0.1742
-2.5355
-3.4732
-2.9412
-3.8469
-1.1537
1.1353
-1.0590
-0.6396
-2.5660
-3.6408
-1.8544
-7.9120
-18.2653
-21.1328
-19.0461
-17.6290
-11.9080
-10.0584
-14.7759
-9.4398
-6.9525
-6.8269
-5.7932
-9.4210
-13.8575
-19.8836
-23.2094
-30.1464
-30.3182
-26.3845
-22.4278
-17.9737
-12.9878
3.4215
3.2568
1.9134
0.8208
2.0914
0.6986
-2.1143
-0.0375
3.0305
0.3280
0.7367
0.3091
-6.0601
-7.7957
-7.9518
-3.8719
-5.5413
-11.4018
-13.2155
-12.2215
-11.9980
-9.1497
-9.6520
-7.3104
-4.7632
-11.8895
-16.9561
-15.7759
-9.8057
-8.6453
-7.6614
-9.8850
-10.4847
-11.6693
-12.4193
-11.5573
-10.9321
-12.9851
-10.0006
-13.7978
-14.5039
-10.4655
-15.1394
-20.1304
-22.9883
-16.8041
-18.9311
-17.2200
-10.0782
-9.0798
-16.3070
-7.9824
-5.0777
-8.5488
-13.2105
-16.4704
-18.2387
-12.9175
-10.9927
-12.0778
-13.3888
-11.4140
-8.9511
-4.3123
-4.5854
-2.4618
-1.0669
-8.1929
-10.6883
-10.9502
-9.7973
-6.5087
-4.1575
-12.4333
-16.6639
-9.5973
-1.0493
-3.6469
-3.5009
-6.6799
-10.0080
-8.6474
-12.4841
-10.1344
-8.2318
-5.1008
-3.4700
-2.5143
-3.3844
-6.5204
-14.2105
-11.1558
-4.4350
-4.2406
-10.6932
-9.9130
-8.4444
-8.8506
-6.6893
-9.8921
-11.3539
-16.0157
-13.4384
-10.5639
-8.6268
-4.9531
-3.5224
-6.3880
-11.7306
-11.6003
-11.3915
-11.4870
-5.7373
-9.4620
-12.5144
-11.0210
-10.4365
-10.3397
-7.3044
-9.5440
-13.8355
-13.4004
-10.3583
-10.8636
-13.1528
-17.1882
-19.1782
-10.6413
-11.4215
-10.6377
-11.5387
-11.7254
-12.3036
-12.3841
-15.5185
-19.2222
-16.0590
-12.4759
-9.1893
-10.8206
-14.0842
-11.5602
-11.6092
-10.0134
-11.3294
-9.8520
-9.4923
-5.9807
-2.9777
-2.7620
-1.8112
-1.9731
-1.2259
-3.3278
-1.5869
0.0839
-3.9745
-9.0207
-7.8896
-5.3501
-3.4883
0.7126
4.4080
0.9921
-0.3163
0.5650
1.9726
1.5528
2.1230
2.1682
0.2582
-0.8174
1.5826
1.1998
1.1324
0.7839

Coefficient 22:
-3.5884
0.3470
8.8737
7.8832
1.7473
-4.4336
-1.0501
0.5131
-0.7274
-0.1476
0.3758
2.6021
0.3411
-2.5663
-3.6665
-1.3218
-1.8568
0.5503
2.8724
-1.0101
-2.4723
-2.0162
-3.7217
-2.2038
2.7021
-2.6785
-1.2273
-1.9890
-3.2035
-9.6578
-10.9629
-5.2723
-1.7407
-3.7230
-2.8184
-0.8916
-0.6289
-6.3867
-5.9437
-4.1825
-0.9543
-0.8865
-0.0943
-0.6790
-4.2654
-3.2092
1.4289
-1.4663
-4.6185
-0.9674
2.3200
2.5222
2.5069
0.3235
1.3827
2.8725
1.8899
-0.4332
-0.8418
2.0152
0.5251
10.4385
9.5240
9.0555
13.8336
17.7623
9.2952
4.1138
6.5873
10.5707
10.2525
4.7468
4.1082
9.2377
6.4332
3.0623
5.4534
8.4071
5.0206
-2.4746
-1.4820
3.5777
2.3636
-0.7578
1.4603
4.3486
-0.2206
-3.0298
-2.7978
1.5536
2.3937
2.4569
3.2622
2.8736
3.4221
4.0139
5.7199
3.5487
2.1488
2.3312
1.9693
0.1417
-0.4625
-2.1220
-1.7293
0.9481
1.4810
0.8132
-0.4952
-0.5910
1.0782
-0.0583
0.4712
0.8393
3.1386
3.0976
1.6532
0.2671
1.9126
4.4481
2.4726
1.8918
2.2978
2.0503
2.1491
2.9834
0.6687
-0.7504
-2.4491
-2.2993
-0.5237
2.9330
1.9833
1.1075
0.5415
0.1604
1.7219
4.2533
7.0550
4.7367
4.2081
2.3834
2.0716
1.9817
3.3623
6.0115
8.9588
7.0172
7.6910
12.3306
12.9221
14.2407
10.4602
3.6611
-2.9250
-4.6257
-6.3002
-2.3885
-1.6200
-4.3165
-3.0967
-4.9623
-2.7822
-4.1254
-6.4071
-7.8385
-7.8291
-6.1850
-2.3148
-1.5102
0.4143
3.8897
8.6003
6.4289
1.0195
0.4868
-0.4420
-2.0684
-2.7852
-5.4661
-11.1972
-11.9547
-10.0717
-6.1166
-5.4990
-10.1971
-7.0385
-3.9169
-8.8208
-3.0391
-2.9146
-4.4177
-3.9240
-5.6497
-6.7437
-1.1393
-1.4690
0.9532
3.3480
0.3781
-1.1986
-2.3267
-2.5951
-2.1160
-2.8845
-2.0996
0.4105
0.8294
-3.4918
-2.5988
1.3460
0.3938
-0.1537
-1.6320
-0.4984
-1.2612
-3.6104
-5.6209
-5.6251
-4.7084
-3.5749
-0.7346
-0.7779
0.0184
-1.6189
-3.1763
-2.3722
-4.3844
1.9144
1.7053
0.7189
-0.8949
-1.4229
-10.1405
-11.6708
-11.2593
-13.1613
-9.4300
-4.2325
-0.3603
2.8158
0.5335
-3.6651
-4.9913
-3.2664
-1.2351
-2.4383
-13.1392
-8.7982
-9.2885
-8.2702
-7.5722
-7.1976
-5.1602
-3.0977
-3.7907
-3.0608
-3.6451
-4.4231
-0.1831
1.4943
-4.4164
-8.6861
-10.4624
-5.8869
-8.4511
-8.2837
-8.7281
-5.2975
-5.1367
-6.6303
-6.5539
-8.9261
-6.0493
-2.8157
-3.5699
-4.8061
-12.1371
-12.8391
-5.9415
-5.6171
-6.4671
-7.0764
-11.1282
-10.7102
-10.0464
-6.1239
-10.4108
-13.4054
-14.1854
-16.4554
-13.4038
-8.6120
-10.0661
-15.7058
-22.4827
-16.6669
-12.7434
-11.6915
-13.5997
-10.9507
-5.8766
-2.8434
0.2672
2.7865
1.8277
-2.4131
-5.9686
-9.7415
-6.1432
-3.1850
0.3859
3.4040
-2.3708
-6.5744
-3.6431
-2.5990
-1.8631
-0.2153
-1.1288
-0.8737
1.0533
0.6232
0.2898
0.2593
0.2842
-4.5000
-0.3130
1.9860
4.2726
6.1835
-0.8014
-10.0528
-6.1257
1.2855
-0.3643
-2.5092
-1.2015
-4.6024
-6.8304
-7.1168
-11.5022
-11.0325
-6.5569
-4.7399
-4.9312
-1.7499
-1.0754
-6.6565
-7.2776
-9.7498
-16.3929
-18.3005
-18.5544
-9.3916
-2.6050
-4.4796
-3.1984
-7.4778
-11.1173
-8.7390
-2.8841
-1.5300
-2.1529
-1.0633
-6.1628
-6.7352
-3.2359
-6.8972
-7.7143
-8.1638
-1.5845
-3.2877
-4.5391
-0.7509
-7.5055
-10.4693
-2.7688
-9.6951
-15.0445
-8.8351
-7.4803
-10.3516
-9.5178
-7.1280
-3.4617
-6.6156
-12.6238
-8.1479
-2.6050
-0.9716
-2.0787
-2.5612
1.0131
-2.2461
-7.6915
-2.4874
1.2862
3.8412
0.4062
0.6419
-2.3067
-5.1351
-3.1026
-1.1871
3.6681
6.7916
4.0474
-0.1397
1.0242
2.1418
3.1054
1.2873
-1.5447
-0.1127
1.3083
1.0242
1.7573
1.8480
0.1587
-0.9003
0.8079
0.9413
0.8638
0.6453

Coefficient 23:
-2.4720
2.8472
11.4106
14.1438
5.1986
-4.8644
0.7909
3.6903
1.7513
1.6925
4.3502
2.8958
1.1796
-5.7752
-6.4021
-2.0723
-3.5295
-5.7723
-3.4555
-1.5762
0.3041
-3.0615
-0.8649
0.4648
-1.9658
-1.1732
1.7148
-1.9414
-5.4217
-9.0665
-6.1935
-3.1115
-3.6360
-1.8259
-1.1437
0.3436
-1.0019
-6.6005
-6.3127
-4.6162
-1.0302
-0.1268
0.1922
-0.3478
-2.6251
-0.4999
2.7083
-0.8773
-3.9400
0.3082
2.7458
2.1917
2.6532
1.1558
2.0247
2.6921
1.7097
-0.5145
-0.9618
-0.2647
-1.6668
-4.2532
-15.0055
-20.6152
-17.9544
-13.9106
-11.5143
-9.4557
-8.4989
-4.2433
-4.0473
-2.7373
3.4366
10.8564
6.4793
-1.0591
0.5834
0.4273
-0.9594
-5.9287
-2.9263
-1.5969
-0.5419
1.0549
2.4116
0.1598
-2.3373
-4.3774
-5.9109
-2.2624
2.6908
3.6232
3.4382
1.1014
0.1921
-0.3764
1.2946
1.8938
1.5443
2.1678
2.0422
0.2439
2.6312
2.4678
1.2947
2.0274
2.6001
1.0757
-0.1618
0.0299
1.1683
0.1157
0.7136
0.9444
2.3292
2.8289
2.8391
0.0776
1.1829
4.1789
2.9605
1.9896
2.0783
1.7915
1.6867
2.4394
0.1825
-0.8899
0.3720
-0.3495
0.5427
2.9132
2.6240
1.2799
2.1241
2.4430
2.7800
0.3552
-4.1675
-2.3724
0.7899
2.0142
2.5715
3.1104
5.1386
8.7859
12.2163
11.8023
13.4242
16.9081
16.9634
18.7572
14.4700
6.0000
-0.6525
0.5377
-9.7003
-19.6010
-20.2591
-17.9495
-14.0355
-10.1834
-7.6539
-4.1933
-5.9941
-1.8212
-6.6594
-12.9787
-9.6418
-8.3022
-10.5200
-13.2820
-14.0367
-7.4096
-4.1490
-5.9882
-1.9527
-5.7944
-7.9125
-9.3882
-9.7083
-9.4018
-12.2670
-12.2439
-11.6788
-11.3081
-4.7620
0.5868
-6.4120
-6.4880
-12.6849
-11.8050
-6.6627
-2.2201
-0.6572
4.0205
1.7196
0.6574
0.6168
1.4017
-1.1182
-2.2815
-1.6780
-1.8326
-2.4268
-2.3481
-1.6257
-0.9742
-1.2075
-1.4263
0.3560
-0.2549
-0.5939
-1.5763
-0.2525
3.6751
1.8685
0.0646
1.4345
1.7119
1.8720
1.5294
1.9653
1.7063
1.2009
0.7963
-1.2642
-0.0384
-6.8714
-3.8543
-1.5347
-0.3123
-4.0834
-5.8402
-1.2172
-2.2702
-6.7668
-8.3030
-10.6425
-6.8214
-6.2388
-6.3568
-5.4837
-5.3758
-7.7512
-8.6952
-6.7962
-10.2998
-6.6549
-3.9099
-4.4104
-6.8195
-7.7823
-7.2889
-6.8423
-3.2997
-4.1948
-4.2287
-1.7985
-1.5089
-1.4845
-3.8208
-3.0478
-5.4006
-5.0458
-6.2760
-5.6515
-5.5840
-8.4307
-7.9205
-5.2403
-2.3568
-2.4440
-8.3241
-6.9596
-7.4231
-8.4630
-7.7238
-4.1444
-7.1084
-8.7444
-6.7836
-7.2065
-8.2839
-6.0736
-5.7740
-6.3960
-9.7941
-13.6097
-14.2387
-12.1384
-10.9328
-8.3337
-8.2049
-9.3913
-10.0403
-17.3245
-15.5826
-11.1038
-2.9716
-4.0543
-3.6051
-10.0821
-13.6907
-11.3271
-5.6792
0.0629
-3.3847
-5.3481
-2.3783
-1.5239
-0.8876
2.7637
-1.4788
-4.9644
-6.0753
-4.6974
-2.6704
0.6413
-0.0842
1.0210
-0.2221
-8.7529
-11.2726
-8.4560
-7.1546
-5.3359
-2.6149
-1.2775
-2.5711
-4.4740
-3.4536
-14.6261
-10.6600
-6.0121
-6.4753
-5.6391
-4.6672
-4.5802
0.9126
3.0174
-2.0313
1.1103
4.7997
1.0207
-5.4632
-5.4649
-5.0719
-2.4101
-4.4758
-7.8038
-4.0461
-2.8552
-6.0107
-9.0787
-7.7407
-6.4850
-14.0514
-9.5252
-10.4573
-6.3019
-6.0711
-9.7404
-16.4716
-20.6721
-14.0521
-9.3852
-5.6055
-7.5444
-4.9109
-3.3774
-7.3210
-10.0508
-6.0781
-8.0541
-10.8898
-11.1206
-7.9307
-9.4584
-10.4270
-16.6493
-18.2964
-18.0304
-17.4766
-18.3347
-15.8988
-10.8668
-12.7685
-9.1226
-6.6038
-8.4802
-12.6907
-12.2111
-8.9695
-11.1163
-10.8288
-5.9356
-5.1599
-2.8165
-3.4189
-1.9501
0.7088
0.6890
-0.5321
-0.2109
2.6624
2.7982
2.0388
0.8903
2.1319
2.9229
2.7925
1.8910
-1.2734
-0.6861
0.6584
0.4936
1.3037
1.4711
0.1625
-0.7077
0.3680
0.8274
0.7061
0.5852

Coefficient 24:
-0.9860
3.8805
8.4069
12.6301
5.6939
-4.8483
1.2722
4.4197
2.6272
2.0531
5.9180
10.1118
9.5832
3.5789
-0.9818
-0.2074
-1.2887
-3.9860
-6.3367
-6.8332
0.6136
1.2979
3.1659
8.1100
1.1013
2.7527
4.7831
-0.8042
-1.2275
2.0557
-0.6994
-1.5843
-2.0862
2.4438
2.3354
3.1767
-0.6266
-3.2487
-2.3269
-2.6539
0.1793
1.2833
1.1866
1.5718
-0.3605
1.4008
3.0481
2.4032
1.8874
3.5590
2.9428
0.9942
1.9022
2.2331
2.7085
2.6497
1.6131
0.9400
1.0323
-1.4180
-0.3252
-2.4701
3.4378
5.2104
3.0323
-2.5780
2.0599
0.8639
-2.9760
-2.1847
-3.9223
0.6930
5.3016
9.9358
6.8476
2.2416
3.1813
1.4920
-1.5977
-5.2682
-2.9129
-0.6595
2.7207
5.6324
6.9380
4.7587
1.4764
0.7740
2.2118
1.2879
2.7728
4.3679
3.5154
4.3946
-1.6260
1.1515
5.8505
2.8534
1.1023
2.1267
2.2307
0.4758
2.3122
1.8121
1.7691
3.0964
3.1334
1.6019
0.4696
1.2519
1.6177
0.6129
1.0672
1.1082
1.4916
1.7933
2.2388
-1.3582
-0.1705
3.2745
3.4278
2.4064
2.2257
2.2214
1.2228
1.3534
-0.2917
-1.5102
0.5501
2.4902
4.4017
4.0863
3.3140
1.7026
3.6577
4.0966
3.5558
1.3861
-0.6611
0.9874
1.5078
2.3543
3.0516
3.0068
5.9130
10.7359
13.2768
15.2920
16.5104
17.8806
17.8094
19.5530
16.0125
7.0847
-4.2840
-8.7561
-12.6768
-7.2908
-6.2364
-7.8246
-6.5581
-11.6303
-12.2040
-7.2847
-3.7636
-3.8630
-6.3511
-7.5258
-6.5181
-5.6049
-6.5077
-11.2702
-15.1447
-9.0465
-6.0236
-1.6915
1.5208
0.8378
0.0575
-1.6652
-3.1925
-3.8970
-1.9175
-3.2306
-6.5311
-5.2970
-4.4870
0.5576
2.8721
2.5770
1.8315
-1.3325
-7.7119
-6.9819
-3.3582
0.9640
-1.5246
-0.4707
-2.0923
-4.3855
-0.7794
-1.2186
-0.1866
-0.4721
-1.1285
-2.2024
-1.9854
-2.9668
-0.4296
-0.6258
-0.8672
-0.7867
-0.8499
-1.2865
-0.1405
0.7268
-1.2025
-0.1895
1.8297
1.4465
1.9079
3.2421
4.3964
0.7783
1.7782
2.6522
0.2171
3.5806
-9.7808
-6.8253
-1.6838
2.6494
-5.2007
-5.2104
-0.4754
-1.3511
-4.4247
-6.9215
-2.6384
-3.2550
-5.4701
-9.2294
-9.8476
-2.7187
-2.1554
-2.7767
-4.1539
-3.1150
-2.2970
2.6032
6.2643
5.6814
3.3698
0.8706
0.7899
4.9365
0.8132
1.6188
4.2562
0.4377
-2.4118
-3.9422
-2.8502
-3.8620
-3.4732
-2.4889
-2.1415
-2.1104
-3.1524
-1.3710
-1.3274
-6.0904
-6.3375
-5.2061
-4.7998
-2.9611
-2.0456
-2.1071
-4.3239
-7.4314
-8.0287
-9.8792
-8.6110
-3.6927
-2.5788
-7.6217
-1.0683
-2.3676
-5.1698
-6.3585
-4.1140
-9.4248
-4.9601
-7.4818
-5.8320
1.0758
-3.7607
-3.1984
-2.0199
-7.1546
-9.1463
-10.9010
-3.5434
-0.1565
-0.0465
-6.7321
-14.3927
-13.1805
-8.6127
-6.9327
-1.0880
-2.4116
-2.8446
0.1331
-4.7666
-4.0443
-4.7119
-5.5204
-4.3519
-4.6615
-2.3014
-5.3266
-0.8187
-2.1595
0.0857
-0.5677
-0.3269
-0.7975
-2.7896
-5.5610
-8.4161
-11.9505
0.3661
4.6745
4.9543
-0.1625
-8.3728
-8.2101
-4.3496
-3.1639
-4.2844
-4.4313
-5.4856
-6.0029
-6.6904
-9.2211
-9.0722
-2.7271
-6.1884
-5.2574
-4.6242
-5.7786
-8.7640
-4.1813
-2.6119
-2.2630
-5.8687
-7.9538
-9.2470
-6.2837
-0.6388
0.9361
5.2108
8.9155
5.7767
-3.3474
-7.6327
-7.7558
-9.2327
-8.4368
-5.0008
-11.6712
-12.8679
-8.9215
-6.8841
-6.4365
-7.8163
-6.3559
-0.8846
-0.6678
-0.8476
-0.6488
-0.7645
-0.8739
-0.2829
0.6294
-4.0602
-3.4083
-2.4909
0.5699
-2.5637
-4.4841
1.9934
0.1653
-0.9272
1.3454
2.0993
-0.5165
0.3454
-1.2491
-2.0348
1.0819
2.0049
2.5265
0.7545
2.6251
1.1205
1.5839
-0.5063
-0.8639
2.3624
2.7560
2.0524
-1.2694
-1.1078
0.0660
0.0051
0.7857
1.0473
0.2575
-0.2947
0.2386
0.8454
0.6452
0.5902

Coefficient 25:
0.6765
3.7821
5.5136
9.3226
5.1737
-4.0882
0.3166
2.5630
1.2755
0.1640
3.9118
4.3367
7.1422
4.9586
-3.5745
-6.3381
-2.5474
-1.5952
-4.7865
-0.0407
10.3571
5.9987
13.4041
21.2810
5.5076
0.0406
3.6680
-0.1273
-0.0665
6.4450
-0.1732
0.9557
4.1904
4.5652
3.5755
3.4330
-0.8528
0.6952
2.5719
0.4158
1.8436
2.5551
2.0942
3.4400
0.7473
1.4193
2.1522
5.1023
5.9742
4.7017
2.2204
-0.7886
-0.0469
2.0678
2.7234
2.6787
1.5455
3.1268
4.0012
-1.1839
-4.1932
-1.4158
8.5857
11.5328
5.9616
0.2450
-0.0935
1.3008
3.5880
4.6902
4.5995
3.0616
2.1667
4.6065
4.0831
0.2002
4.4039
4.3082
-0.8326
-4.0394
-2.6841
-0.9409
0.6106
-0.0117
3.2565
6.3267
4.4123
5.7167
9.4705
4.1762
2.2592
4.3221
3.2059
2.2348
1.0267
0.2374
1.3099
0.9465
0.8341
2.1601
2.4546
0.7631
0.5139
-0.6518
-0.6529
2.3899
2.4248
2.4066
1.3922
2.0083
2.3401
1.3400
1.3517
0.7440
0.7104
0.4625
0.1412
-2.8075
-1.4052
2.6435
3.4309
2.3976
2.6553
2.9881
1.1521
0.3134
-0.7089
-2.3043
-2.8589
1.3094
6.0566
5.1346
3.5518
1.9834
4.3518
4.2709
3.6334
-5.5493
-11.4375
-6.8618
-1.8492
2.3503
2.8414
2.5212
5.5138
11.0317
12.5560
15.8208
16.0727
15.0109
15.0265
16.3961
14.4610
6.7815
-5.5419
-8.5303
-9.6722
-9.3402
-6.4748
-8.2692
-7.9144
-3.2469
-1.1257
-4.5509
-8.3104
-3.4717
-1.8553
-9.4675
-9.8297
-3.7086
-3.4230
-3.6116
-3.2765
-5.5341
-8.1303
-8.0079
-9.6595
-11.7119
-8.5772
-4.9411
-6.0169
-9.3446
-11.4529
-10.9241
-7.7579
-2.7893
-2.2865
-2.1376
-0.0378
-13.6867
-22.3999
-19.5770
-14.4197
-13.0178
-8.5720
-2.5885
-6.0017
-2.2076
-1.1764
-7.1558
0.4435
0.5028
1.3325
0.6737
-0.6977
-2.6141
-3.5848
-4.6762
-1.5124
-1.2139
-1.9540
-1.1543
-0.8669
-0.8010
-0.0863
-1.6480
-4.2131
-3.8922
-1.1794
-1.8162
-1.3008
0.6305
2.4532
-0.5358
-0.8986
0.6672
0.1862
2.5525
-3.0979
-5.1345
-6.4038
-6.6463
-5.5040
-5.6853
-8.9263
-10.3405
-9.5063
-11.6867
-15.2903
-9.4067
-9.5411
-14.1647
-17.2441
-6.0956
-8.5088
-8.7811
-8.5906
-4.3671
-3.0312
0.1541
1.3521
0.2170
-0.2120
-1.6992
0.8363
5.2032
4.4448
1.2097
2.8554
2.5470
0.9603
-2.8276
-4.0823
-5.4434
-3.0107
-2.5509
-2.5510
-4.7200
-2.0112
-2.0595
-0.1397
0.4479
-6.2919
-7.4642
-5.6380
-3.2885
-6.7615
-7.6559
-7.8450
-4.0398
-4.4555
-7.0719
-9.6384
-9.9843
-9.0990
-13.0825
-17.0425
-14.3330
-9.9273
-8.4190
-9.1093
-6.3714
-5.1020
-7.5893
-5.0223
-6.0685
-8.0989
-10.0196
-12.3671
-7.0093
-5.3998
-9.1555
-11.9077
-14.7596
-13.7683
-6.1268
-5.5203
-9.7555
-4.2887
-2.2601
-3.9333
-3.7877
-5.0653
-5.8134
-4.3933
-6.7997
-4.6786
-3.5616
-5.7794
-3.0641
-2.1720
-0.8271
-11.4223
-5.6452
-6.4518
-9.5798
-4.7239
-2.6241
-3.2909
-3.7285
-4.6580
-5.2757
-3.2472
-2.4417
-7.7055
-7.5997
-15.4900
-12.0356
-8.9273
-11.5533
-10.6317
-8.7741
-8.1562
-9.3417
-6.1660
-4.7383
-4.4616
2.8698
-9.4042
-5.0874
-0.6599
0.5693
6.1208
-1.7349
-6.7605
-11.5875
-8.0484
-5.5495
-6.5612
-6.9368
-7.5255
-8.7905
-8.5806
-2.6325
-2.3040
1.1647
-2.3187
-2.8710
1.8776
5.1934
3.0158
2.1207
3.5877
-1.7783
-3.4526
-0.0299
1.6344
1.8721
1.8804
-1.8093
1.6244
2.0699
2.0554
-0.4601
-4.5822
-3.9576
-6.8478
-3.2872
-2.0995
-4.0709
-8.1627
-5.5721
-5.9192
-2.8925
0.6286
4.1391
4.6282
0.0700
-1.0370
-2.2189
0.1602
1.8800
2.0349
3.6425
0.8633
5.7432
6.9287
6.7825
4.2824
2.3839
0.6485
0.2514
1.6258
-2.1660
-1.3422
-0.4270
-0.3945
0.2444
0.6000
0.4299
0.2602
0.3389
0.9701
0.6647
0.6491

Coefficient 26:
2.2569
3.1622
4.5295
6.6132
4.5662
-2.4553
-1.1712
-0.5718
-1.6411
-3.2010
-0.5706
2.2352
4.9227
-0.0485
1.1464
-5.3295
-2.8014
2.0397
1.0338
2.8208
11.0324
12.4099
19.4409
26.9343
8.7586
1.7991
3.3207
-0.2016
-1.5902
1.2509
-1.5786
1.9892
3.6631
2.8463
1.4543
0.1213
-2.0279
3.0067
5.1128
3.4731
2.9673
3.0992
2.5979
4.6243
1.2210
0.8263
0.9342
3.8779
3.6781
1.9053
0.7314
-2.1206
-2.3730
0.5703
2.1672
2.6574
1.4544
4.8680
6.3171
0.0979
2.4171
6.0102
4.6539
3.2833
1.2189
1.6634
1.7691
2.3983
0.3314
0.4489
-0.1526
-3.5076
-3.6218
-1.1297
3.2856
-0.7887
-2.8526
-1.6399
-0.6478
-0.5032
-1.0762
1.6129
3.7717
2.7161
1.3392
1.5014
3.0738
4.2956
5.4962
0.4099
2.0556
3.7964
2.4839
4.6738
0.7529
-0.0996
5.2293
1.9584
0.7495
2.2527
2.6263
1.0240
2.7110
2.7573
1.5124
2.5892
3.2963
3.4448
2.4366
2.8950
3.1995
2.1750
1.6265
1.4223
0.8447
0.0363
-0.8541
-2.9269
-1.8930
2.4396
2.7032
2.3996
3.1770
3.6762
1.8592
-0.0667
-1.0051
-2.5925
-3.3632
-0.3471
5.3101
5.3886
3.6188
1.9988
3.9384
3.2565
3.0631
6.4481
4.9032
2.8198
1.0856
2.7587
1.6298
2.3265
4.8663
9.2933
10.7778
13.2411
12.9729
9.7825
9.7957
10.8313
10.5035
5.5465
0.2664
1.9130
-0.5135
-0.6837
-1.5381
-0.8964
0.3944
-2.2899
-1.7626
0.5322
-1.7898
-1.7093
-0.7295
-3.3246
-6.4950
-5.7505
-0.5770
3.7284
1.1126
0.4691
2.1457
4.4306
0.8289
-2.8371
-1.2571
-1.5331
-0.7119
-1.0875
-4.3050
-6.5170
-12.5445
-9.2444
-4.5977
-2.9990
-5.2785
-4.0482
-3.0892
1.1441
0.3383
-1.9857
-1.1294
1.6783
2.9822
2.6694
3.5889
-0.5537
2.0265
2.1718
2.4291
0.8954
-1.4918
-2.5793
-2.7321
-4.6059
-2.5578
-2.2406
-2.3371
-1.3331
-0.6757
-0.2491
0.0079
2.4506
0.4044
0.8554
3.7969
4.5437
3.5665
1.8279
2.4560
1.0282
-0.1742
-1.3682
-0.6000
1.1770
-7.1165
-4.8609
1.5785
5.9521
-0.2162
-0.2222
-4.0089
-4.5601
-3.8456
-7.9845
-3.8988
3.1028
1.9935
-1.5434
-1.3168
-2.3296
-3.0120
-4.0869
-4.3206
2.7545
3.4140
-5.7226
-5.1304
-5.0379
-6.9449
-8.7707
-6.3095
-1.6091
0.7440
-2.9248
-1.4707
2.7742
1.9054
-2.0815
0.3788
-1.6568
-1.6685
-5.4692
-9.9397
-11.7008
-9.8492
-10.5864
-8.1964
-5.6095
-0.8979
-3.9410
-11.6497
-13.4820
-12.6228
-9.5996
-4.9267
-4.3488
-6.4306
-7.9143
-7.8719
-9.3945
-5.0225
-5.0055
-9.4889
-6.8413
-7.5473
-9.2749
-6.9580
-7.0589
-7.5148
-7.1167
-5.3339
-9.0935
-4.7446
-4.3986
-8.0964
-5.6809
-2.4267
-6.8836
-3.8148
3.2110
1.7252
-5.2255
-8.0729
-9.6963
-7.1359
-3.8377
-1.6326
1.8043
1.4438
0.2579
0.4657
3.9928
8.4067
5.8109
5.4607
1.5654
1.7035
4.3829
-3.4058
1.3522
1.9350
1.4400
-1.3014
-1.5811
-3.6579
-4.4518
-4.3788
-5.8172
-0.9736
5.2205
-2.2659
-7.4687
-11.9454
-5.1176
-2.8149
-0.3369
2.4540
3.3706
0.6000
-3.3344
-4.2986
-4.7744
-5.1142
2.0713
-7.9157
-3.1999
-1.8407
-1.3149
-4.2594
-4.9818
-8.6123
-7.4616
-4.0231
-7.6528
-7.8289
-6.2172
-2.9128
-0.6207
-5.5699
-6.0435
-3.7198
-11.6782
-9.6747
-3.1740
-4.7098
-6.6937
-3.4019
-5.7091
-6.3684
-5.7993
-8.1924
-6.2617
-6.9706
-8.0237
-8.8787
-0.0358
2.3082
0.5042
3.1028
1.8247
-1.4218
-3.5209
-4.5075
0.1736
-0.1830
-0.6700
-3.7553
-3.8944
0.7565
2.0419
1.9021
4.3707
2.2189
0.3402
-1.0430
-2.4706
-1.7431
1.2560
5.6339
5.4039
1.5975
1.5791
2.9637
4.2296
7.9287
7.8189
6.7401
1.7385
1.3932
-1.6679
-1.3721
-0.7870
-0.6639
-0.2689
0.1611
0.6628
0.8660
0.5567
1.1655
0.7474
0.7527

Coefficient 27:
3.4751
2.4794
2.4777
2.5469
2.5959
-0.1661
-1.9080
-3.0182
-4.5322
-6.1566
-4.8606
-4.7493
-5.3804
-4.6639
-4.0481
-4.3256
-3.8518
-0.4494
-0.8659
-0.9131
8.1692
11.5360
17.8003
15.1538
3.8108
6.0412
5.1883
-0.4453
-0.5682
1.1378
0.9811
0.5524
0.1014
2.1555
-0.3722
-2.8293
-3.0300
3.6177
5.8329
5.2714
2.9641
2.7343
2.5499
4.9837
2.4363
1.0691
0.4636
0.2366
-0.5723
-0.9655
0.1880
-1.9185
-3.5735
-0.8731
1.7331
2.4813
1.3116
5.2227
6.7076
1.6857
-2.1373
-1.5663
-1.0210
-1.9995
-4.0961
-6.1604
0.2135
1.5625
0.5537
-3.2998
-5.6495
-3.9135
-4.8653
-3.8136
-0.4259
-2.2337
-7.0970
-7.2954
-4.6511
-1.9425
-1.3639
0.3145
6.2434
5.1846
4.6237
-0.2042
1.1912
0.5254
-0.8730
-3.0735
2.4840
2.9289
1.5699
1.5859
-4.4634
-2.5096
0.7138
-0.1028
0.7770
2.3151
2.6693
1.1846
3.0732
3.6496
3.0172
3.5330
4.9809
4.5858
3.3061
4.1721
4.0414
2.9915
1.9539
2.4164
1.7719
0.7715
-0.0658
-2.2961
-0.9795
1.8692
1.6378
2.9444
3.6023
4.0516
3.0400
-0.0547
-1.4547
-1.7513
0.5250
3.2470
4.5047
5.2557
3.7008
1.9116
2.7770
1.9222
2.2616
2.5002
-2.5440
-4.7039
-0.8523
2.0335
0.2016
1.8867
3.7560
5.9682
7.6090
9.0402
8.2979
4.4332
4.2674
5.3497
5.8952
4.2142
2.1839
1.0191
-1.2481
-5.5142
-9.0598
-8.6329
-9.2973
-5.3779
-7.7828
-6.1118
-1.7434
-3.3882
-6.3147
-5.4217
-5.9206
-8.8268
-9.4032
-7.2145
-6.6691
-3.1478
-4.4598
-6.8153
-4.0835
-6.5429
-8.5303
-7.9730
-6.9105
-6.5157
-1.3158
-2.9109
-6.2868
-4.4387
-4.4425
-7.2555
-6.8809
-5.0461
-6.0091
-4.8334
-7.1810
-8.1437
-5.7013
-0.9875
5.8019
5.6986
5.9841
2.8288
2.3869
3.0764
2.9047
0.4777
-2.3940
-2.4823
-2.9374
-3.3264
-1.9394
-1.9864
-1.7443
-1.3212
-0.3781
0.2084
0.2175
1.6097
1.5473
2.4650
2.3736
2.9178
2.0555
4.7900
5.2840
3.2779
0.0080
0.9296
2.2051
4.3923
2.7600
-6.2422
-9.0384
-8.1892
-3.0438
2.2207
3.0790
0.2944
-2.9774
-4.7969
-3.0372
-3.6902
0.2469
1.8491
-4.5183
-2.0436
1.7298
-0.1213
-4.9622
-1.4174
1.5007
-7.9357
-8.2329
-4.2613
-4.6377
-6.8273
-6.6805
-6.1377
-2.2792
-3.6028
-1.3203
3.5792
0.8345
-3.0069
-0.6725
-0.0642
-0.8042
-6.7721
-10.8300
-4.9254
-3.2331
-6.1324
-8.5972
-9.7461
-8.6469
-8.6581
-8.5369
-6.8586
-1.9412
-0.9784
-4.7498
-8.0117
-10.0616
-8.8741
-8.0317
-5.4089
-0.6572
-0.9634
-3.1859
-5.8312
-5.1245
0.0381
2.8707
-1.6077
-2.3452
-1.5430
-1.2785
-2.7638
4.2860
7.0524
7.3112
-7.7779
-10.2673
-7.4241
3.2181
-4.3863
-8.0599
-8.1093
-7.8449
-10.2103
-13.3516
-10.8564
-7.5337
-2.6541
-2.6260
-1.6967
-7.6791
-9.2950
-5.9856
-2.4013
2.1940
-0.2908
-3.5305
-0.5201
-7.7628
-5.2435
-1.3949
0.9392
5.0050
2.0060
-3.1905
-8.3157
-13.3158
-14.9533
-14.3558
4.1645
4.6554
-2.4335
-7.9848
-9.5235
-8.5544
-5.6340
-1.6155
-0.0157
-0.7244
-2.2036
-3.4238
-4.6567
-4.4629
-3.7676
-1.9342
2.9721
-1.2507
-8.3550
-11.9606
-5.1199
-3.0187
-5.5538
-6.6959
-8.1102
-3.4640
-1.9173
-1.2699
-0.1527
-0.7082
-1.8440
-9.3692
-9.9559
-4.7595
3.5394
3.1586
1.6472
-4.7216
-9.5001
-11.3838
-7.3456
-7.7768
-7.5666
-6.2881
-8.9460
-8.2590
-1.9290
-1.2982
-3.1801
-0.5554
1.2211
0.8445
-3.3574
-1.2423
-0.2476
-1.4379
-3.5022
-2.7988
-1.8999
2.4393
-1.3639
-4.6625
-3.5285
-4.2674
-2.4843
-0.6022
-2.8886
-2.9960
-1.9798
5.9186
7.4992
2.6242
2.3312
0.4755
2.0893
-4.4013
-4.4451
-2.1258
-1.7924
0.2332
-0.7430
-1.2031
-0.9950
-0.7752
-0.7004
-0.2352
0.9346
1.4321
0.7799
1.3889
0.8758
0.8935

Coefficient 28:
4.0936
2.2734
-1.0309
-0.8401
0.8969
2.1826
-1.1002
-3.3436
-5.8104
-6.8627
-6.3726
-3.4855
-4.7210
-0.1394
-1.8576
-1.1669
-0.9719
5.2158
6.0340
4.9189
12.9642
12.9505
10.1444
8.0694
2.7586
6.5173
7.8956
2.3019
3.5024
6.7207
4.3657
2.6617
5.2564
5.7216
0.5681
-2.5311
-2.8951
2.7618
5.7323
4.7199
1.8098
1.6390
1.8124
4.0746
3.8907
1.7396
0.8037
-1.3776
-0.8497
0.0109
1.9772
-0.0114
-2.7006
-0.8493
1.8945
2.1282
1.1119
3.9565
4.9027
2.8019
2.6858
5.7395
3.7793
-0.4463
-5.5889
-6.2433
-4.5188
-1.8321
5.1111
2.9440
0.9411
1.6215
-2.0834
-2.5915
-0.6877
3.9380
1.2687
-1.1288
-2.7426
1.0756
1.4138
0.9086
3.5327
4.8124
7.3378
3.0884
2.4339
-0.1867
0.0382
-0.4431
2.6082
1.6412
0.7899
4.0132
1.1704
0.6232
3.8259
0.8542
0.8664
2.2079
2.5341
1.1943
0.7484
1.0059
1.1799
3.1934
4.7613
5.6165
4.0240
4.6711
4.7236
3.6795
2.2096
2.3036
2.8409
1.7473
0.3527
-1.7920
-0.0710
0.6462
0.7797
3.3562
3.8574
4.1490
4.0967
-0.0343
-2.0923
-0.8442
2.8175
7.0541
5.1031
4.8608
3.5312
1.9868
1.6024
0.9808
1.7315
-6.0919
-12.6821
-10.6672
1.6716
1.2934
-1.1774
0.6636
1.9663
2.2236
3.1950
4.4463
3.3402
0.7788
0.4074
2.0423
2.5935
3.5623
1.5406
-2.8097
-5.5302
-6.5469
-9.4932
-9.0135
-6.9782
-2.6533
-1.1465
4.9882
0.5410
-3.7221
-3.9836
-2.0381
-2.7907
-8.3960
-8.0873
-6.1213
-8.5432
-6.3743
-3.7774
-3.5691
-3.3383
-6.7788
-6.4798
-5.2230
-4.3994
-3.9337
-6.1824
-7.9938
-4.1412
-4.3473
-6.2906
-9.1019
-7.7908
-6.9339
-7.4421
-4.2828
-4.4453
-10.6811
-8.3066
-5.4804
-2.2922
-1.9753
-3.8267
-2.3455
1.5856
2.8580
2.8055
0.0944
-2.2138
-1.4831
-0.6181
-1.0598
-0.1671
-0.0081
-0.5365
-1.1407
-0.1040
0.4494
0.5596
-0.4741
-1.4133
-4.3570
-5.9818
-5.0390
-2.1659
2.2280
1.0957
0.1709
-4.6278
-2.6253
1.3115
-1.7203
-3.5922
-5.5833
-7.4860
-8.2854
-7.2364
-3.7885
-6.2930
-9.0051
-9.3310
-6.8281
-4.4288
-8.5792
-10.1504
-12.1582
-8.0090
-9.7658
-13.5870
-13.9699
-11.6539
-3.2291
0.5623
1.3374
1.3129
-0.0367
-2.0448
-0.8458
-3.8339
-2.4094
-1.0022
-4.1065
0.0450
5.0920
3.0203
-3.3760
-6.3359
-3.2099
-1.5936
-5.4607
-8.2699
-5.4030
-5.2595
-3.9312
-4.3948
-4.2160
-8.1355
-5.3061
-3.6937
-5.4057
-3.6839
-5.9665
-7.5861
-3.7274
-3.6477
-3.3025
-1.9434
1.3066
-3.4555
-4.2332
-11.7377
-14.8775
-14.5415
-8.8861
-10.6429
-14.5845
-9.1289
-5.6600
-8.8067
-9.8953
-11.3588
-12.4367
-12.2044
-5.2433
-4.0954
0.6408
-1.8773
-9.1186
-12.3498
-11.7374
-7.9142
-5.1405
-6.4046
-4.0008
-0.8278
-3.7549
-3.3758
-0.9057
2.3437
2.8084
5.1867
9.7331
8.5573
2.5322
1.2744
-3.6963
-2.0366
-4.9010
-4.9771
-5.5020
-0.4082
-1.9811
-2.9308
-2.7991
-5.0817
-7.8265
-14.7240
1.8356
3.7811
3.1894
-9.3881
-13.0437
-12.8966
-10.1604
-7.8579
-6.4298
-2.4798
-5.0226
-1.2592
0.5795
2.0657
1.7431
0.4772
1.4495
-10.0813
-7.9491
-6.8910
-9.3258
-6.9784
-7.4264
-3.9455
-2.1281
-1.8398
-4.7540
-4.7181
-1.6429
2.5067
-1.2583
-2.4493
-4.6778
-4.3366
3.7259
3.2810
4.6122
-0.7671
-5.0899
-0.8009
2.8262
2.5491
3.3085
3.3951
1.1648
-1.6638
-2.9912
-5.0429
-5.0478
-3.2003
-2.2879
-0.4717
-6.1545
-7.0885
-9.6376
-8.9078
-6.1763
-2.3965
3.4060
-0.8271
-0.7882
1.2299
0.3755
-1.5237
-2.6302
-0.9094
1.9557
0.8599
-1.5129
3.1041
6.1254
2.1185
-0.0788
-1.7810
-1.3414
3.9413
5.1536
3.3876
0.6667
0.0126
-0.9428
-0.8637
-1.0494
-0.7187
-1.0025
-0.5575
1.2192
1.8819
0.9224
1.5956
1.0325
1.0650

Coefficient 29:
3.9845
2.8306
-2.2724
-2.0340
0.5579
3.7991
0.9921
-1.5022
-4.8228
-4.6724
-4.1716
-5.0373
-6.7531
-3.5455
-2.8237
-2.0279
-0.2169
1.0215
2.8047
-1.5005
2.4546
2.0708
-3.4578
-9.0645
-2.8963
8.3236
9.5150
5.4266
6.2046
8.0428
4.2086
4.5926
10.2860
9.2186
2.3696
-0.3633
-1.9507
0.4319
3.6969
2.1385
-0.1284
0.1654
0.6527
2.0995
3.5668
1.1400
1.0150
0.4618
2.1841
3.5257
5.0324
2.4870
-0.3187
0.6206
2.3930
1.6801
0.8735
1.6389
1.7582
2.9941
0.4987
5.6730
8.7832
9.0589
6.3831
1.7203
-2.6779
-0.5339
4.0921
3.1217
3.1808
0.1178
-2.2204
-0.6544
-0.1582
0.1763
-1.0007
2.8822
4.5085
6.5872
2.8550
1.1917
5.9075
5.5199
4.7799
3.0892
2.3125
0.4729
2.6802
2.5002
1.9260
0.4169
0.3966
1.5857
-3.2128
-3.6452
-0.5445
-1.2918
0.9120
1.8876
2.2098
1.0347
1.5207
2.2644
1.2842
2.8658
4.8223
6.2842
4.2747
4.5736
5.1424
4.1579
2.4163
2.4440
4.1967
2.3458
-0.7929
-1.5511
-0.7589
-0.0505
0.3538
3.0296
4.0036
4.1663
4.5389
0.4941
-2.0254
-0.5117
1.1964
4.6603
4.8757
4.5179
3.1758
2.3535
1.0859
0.8729
1.8470
-1.9195
-5.3382
-3.2878
2.6131
-0.6742
-2.6213
-1.2458
0.1254
-0.7022
-0.3446
0.9463
0.1620
-0.4849
-0.9770
1.5390
1.7437
3.8896
3.2514
-2.1116
-2.8409
-4.1567
-2.7688
-1.3311
-0.9562
-3.1936
0.4723
-1.2343
-3.4398
-2.2572
-2.2053
-3.7035
-7.7926
-9.4071
-9.9658
-6.5296
-6.5292
-5.0696
-3.4375
-6.9273
-6.6842
-7.3972
-8.7760
-8.6346
-7.1291
-5.8074
-7.7340
-8.9829
-5.4888
-10.0416
-13.3423
-10.3114
-7.1815
-7.9636
-11.0195
-8.8430
-12.1249
-10.8522
-4.2303
-4.1815
-6.4467
-6.0727
-8.1871
-2.7044
1.0837
1.6880
2.3228
-0.0178
-0.9945
-0.4641
-0.4387
0.0509
0.8535
2.2477
0.5181
-0.8381
0.0417
0.4354
0.9783
2.9445
1.7074
-0.6504
-2.3994
0.3378
1.2318
-0.2403
-1.2039
-1.0168
-5.5053
-5.7225
-1.2946
-7.1706
-5.5027
-9.2725
-12.3867
-13.8585
-9.5850
-5.0769
-8.5371
-10.9854
-8.5036
-5.6497
-6.8607
-3.0921
0.4756
0.4392
-3.4313
-8.5849
-8.9027
-6.8001
-5.5991
-9.0452
-6.1364
2.4237
2.6776
-1.6060
-3.2253
-1.1681
-3.4772
-2.4408
-2.1468
-5.0774
-0.9928
4.7171
4.9471
-1.7611
-2.8913
-1.8326
-1.0976
-3.0154
-8.6205
-9.7458
-9.0856
-8.7653
-9.1096
-9.9747
-15.2856
-14.7753
-14.2870
-15.9944
-19.3935
-10.7086
-6.6948
-3.7249
-6.1490
-5.0043
-5.9477
-7.7788
-12.8719
-9.2462
-4.6857
-11.8408
-18.2570
-21.1705
-20.8239
-19.2263
-12.6870
-9.8949
-12.7070
-11.0428
-11.0323
-10.7911
-7.8207
-3.1101
-3.7206
-5.3178
-9.5763
-9.8657
-9.9834
-11.5093
-13.1990
-9.6855
-10.7310
-11.9821
-10.7147
-8.1172
-4.9874
-3.4378
-5.9874
-9.1689
-9.1341
-10.0553
-10.2072
-5.6015
-2.8175
-1.6985
-11.3272
-14.7771
-15.7142
-12.9656
-5.8090
-7.4629
-8.1811
-9.3716
-13.5210
-14.1303
-8.6034
4.8288
8.7930
0.8159
-12.0097
-18.7108
-15.2902
-9.2699
-0.9172
4.6095
0.1831
-5.5106
-4.6940
-4.7939
-4.7942
-3.1620
-1.4639
2.4991
-4.8375
-9.4746
-11.7165
-11.1537
-10.8236
-10.8084
-6.9947
-2.6324
-5.3475
-8.0723
-6.6640
-2.9770
0.2446
-3.2348
-6.0457
-4.3344
-5.9328
3.0784
-1.4503
-3.7474
-5.4406
-5.7992
-2.3139
-1.7922
-1.7945
-4.1351
-3.3898
-5.5284
-6.5219
-8.3635
-11.4036
-11.7887
-14.6229
-14.6684
-12.2074
-6.7843
-6.6904
-11.3554
-15.0871
-14.5588
-8.1318
-2.5100
1.6120
1.8135
5.0115
6.6971
1.6281
0.7025
3.8872
6.4264
3.0470
-1.0799
1.5378
3.0575
0.8790
-4.1979
-5.5738
-7.1041
-0.7868
1.4583
-1.3841
-2.6261
-0.9179
-0.2048
-0.4023
-0.9665
-0.5049
-1.1403
-0.7822
1.4874
2.1640
0.9375
1.7449
1.2016
1.2601

Coefficient 30:
3.1781
3.5008
-0.1532
-1.7723
0.0633
4.0427
3.1737
1.1856
-2.2174
-0.5560
0.5072
3.3267
0.8966
3.7148
0.1231
0.5565
2.1768
1.8554
1.4623
2.6898
4.8445
0.1078
-1.7739
-2.3187
6.1786
13.9322
9.0083
5.6170
5.0276
5.1523
3.5473
4.9070
8.2039
8.3313
2.8258
1.4536
-0.9232
-2.0320
-0.0595
-0.8890
-2.2257
-1.3190
-0.3583
0.3429
0.8995
-1.3089
0.3931
3.2500
5.1649
6.2008
6.8194
3.8647
1.7898
2.1086
2.5704
1.2889
0.6462
-0.6610
-1.1996
2.3185
2.3982
-7.0988
-10.3324
-10.1628
-10.9893
-7.3832
-2.9923
1.8153
0.4820
-1.3266
-0.2394
-2.7159
-2.5599
0.3063
1.0248
7.8965
5.1136
4.2349
6.5255
11.7062
4.3472
3.4688
6.2378
2.1238
1.0632
1.0822
0.3018
0.2001
1.0892
0.8709
1.3904
0.2273
0.4415
4.5095
2.7152
0.4693
1.8398
-0.4692
0.8685
1.4500
1.7257
0.7225
2.1847
3.4265
3.2657
4.5334
6.6475
6.3671
4.1428
4.7306
5.2474
4.3804
2.6783
3.0832
5.4931
2.9508
-1.6643
-1.2663
-0.8592
0.7346
0.5656
2.6342
4.1263
4.2537
3.9737
1.9542
-0.3694
1.1606
2.0109
3.6100
4.3255
4.8678
3.0722
2.8817
1.4704
1.8282
2.7169
0.5385
-3.9806
-1.9535
-0.0520
-1.9746
-3.2955
-2.6575
-1.5437
-2.1861
-0.9283
0.3061
-0.3786
0.1094
-0.4818
2.8391
3.0967
4.8464
2.5890
-5.4774
-5.7542
-1.0326
-2.0965
-3.3669
-3.8199
-4.7916
-5.4855
-6.5734
-3.4249
-3.3541
-1.2357
-0.6516
-4.1496
-2.4846
-5.2171
-2.1030
-2.5090
-4.7393
4.3196
5.5519
4.0353
5.3786
1.9354
-2.7707
-1.6750
1.5738
-2.6861
-5.7188
-2.2671
0.4660
-2.9455
-7.8121
-5.5360
-4.7000
-4.4323
-1.9706
-0.4122
2.9560
4.0157
4.0422
4.8920
4.8833
3.0631
4.0428
0.7438
0.1775
1.6952
-0.2016
0.1345
0.8417
0.9224
-0.3582
0.0364
2.9031
0.8655
-0.4833
0.0157
0.2119
1.3562
3.5783
4.4777
5.4059
2.3888
2.5217
0.4505
1.7163
2.4528
1.9483
0.9962
1.2935
2.2108
3.2952
2.4688
5.2653
5.8753
5.8050
-0.7857
0.2166
-1.5180
-5.8517
-8.7734
-7.0444
0.8115
2.7382
3.1525
4.4709
9.0212
4.5840
3.6224
5.0753
2.1802
-2.0084
0.4605
3.5847
-1.8088
-2.6543
-0.7662
-3.0348
-3.3413
-1.8589
-3.2050
-2.2194
-1.5512
2.4053
3.0361
0.6555
3.1422
1.1604
0.4097
-0.7966
-3.9792
-3.0140
-0.5663
0.7532
-1.4852
-2.3907
-1.8787
-1.4161
-2.8456
-2.9899
-2.2562
-1.0931
-4.4472
-3.1379
-3.3598
-4.0774
-5.7669
-6.5518
-6.0370
-3.2994
5.5250
0.7258
-9.1532
-11.3529
-1.0300
5.8755
7.9222
8.7190
6.7345
4.1695
3.5476
-0.9057
-1.9318
-0.5337
2.8905
6.9019
0.2052
-3.1363
-4.2707
-3.4255
-4.3051
-2.9182
-4.3579
-5.7674
2.7451
3.3170
-1.0426
-5.6269
-4.2725
-2.3084
-1.6478
-0.9299
-1.5681
2.6446
4.9002
-0.2846
3.2400
-0.3206
-2.6120
-4.3834
-4.3035
-4.5183
-6.3428
-9.6761
-14.9578
-10.4427
-9.6173
3.2822
14.0178
7.0726
-4.6385
-15.9704
-12.5404
-6.1560
-4.0380
-4.1066
-4.5330
-8.0596
-5.2726
2.2661
2.3519
-1.6862
-1.4977
3.1112
-2.3719
-0.9845
0.0693
-1.7016
-7.2297
-7.1161
0.7720
-3.0801
-1.9938
-2.2779
-0.6988
-0.4893
-2.7101
-3.1952
-1.9396
4.2817
1.5749
2.6103
-2.0950
-2.2182
-0.6999
-0.8856
-2.2150
-4.0264
-4.5854
-6.7524
-10.7103
-11.1733
-8.6741
-9.3369
-8.6690
-6.6990
-9.4712
-8.8509
-7.9140
-3.9401
-1.0046
-4.0185
-4.8952
-7.7090
-4.8610
-6.7668
-10.5201
-10.7533
-8.5817
-4.8388
-4.6314
-3.0428
2.2400
2.5744
-0.9580
-2.7085
0.3859
2.8964
0.9673
2.4930
-1.2178
-5.0080
-5.2375
-4.0454
-0.4808
0.0428
-0.6314
1.4444
0.1191
-0.7784
-0.1639
-1.0968
-0.8966
1.7098
2.2593
0.8163
1.8058
1.3688
1.4701

Coefficient 31:
1.8731
3.1471
1.3303
-0.6052
-0.4851
2.7532
4.0489
2.9021
0.4678
3.4527
5.0670
1.8206
2.0159
1.7612
2.8265
2.2354
0.2921
-0.8380
0.9961
1.5157
1.3625
-0.1947
0.1632
-1.5645
2.9793
10.3337
10.4998
7.1362
3.9873
2.5241
3.3620
6.1889
7.9719
5.2501
2.6388
2.4502
-0.1042
-2.4845
-2.3983
-3.1118
-3.7254
-2.4761
-0.9652
-0.2711
-2.1189
-3.8213
-0.5168
4.7340
7.5303
7.0833
6.0880
3.1379
2.0536
2.2425
2.1466
1.1019
0.5101
-1.9121
-2.5650
1.2622
-1.0523
-2.4336
-3.6936
-4.4200
-4.1251
-2.5602
0.6453
2.5151
1.7592
1.5502
1.7294
0.6233
1.0504
-1.7387
-0.0965
5.4890
-0.0665
0.0942
2.8406
10.9570
4.1662
-0.3180
-2.4557
-4.2410
-1.1711
0.5273
-0.3124
1.3471
0.7631
-0.2910
1.7920
1.2459
0.7509
1.9888
-0.7566
-1.2065
-2.2223
-2.5821
0.6664
1.0049
1.1466
0.3051
0.0101
1.0156
1.4669
5.0771
7.1623
5.7514
3.6193
4.3693
5.0447
4.3339
2.8577
2.7090
5.7683
3.7977
-0.5150
-0.2623
1.4953
1.8652
1.4890
2.7157
4.1847
4.3493
2.4164
3.4672
2.3645
4.7275
8.9587
9.8150
7.9193
5.3351
3.1593
3.2532
2.4745
3.5419
4.0675
1.9692
2.9713
1.6425
0.6735
-3.5119
-2.6788
-2.2487
-2.4066
-2.4000
0.5179
1.5155
0.3112
1.2023
0.4606
4.0774
5.1955
5.6213
2.3046
-7.4760
-13.9068
-11.8033
-10.7873
-12.8655
-9.9755
-10.1969
-9.3321
-5.0424
-4.1860
-5.0387
-5.3457
-5.5816
-7.0234
-6.5635
-4.9955
-2.3887
-2.6367
-8.3848
-5.4015
-6.6447
-5.9151
-5.7882
-10.8147
-11.1390
-12.2437
-11.6689
-9.1827
-8.3590
-7.2507
-3.1376
-1.7712
-5.4582
-7.3434
-7.3882
-2.9262
-2.1969
-8.8244
-7.8386
-4.4135
3.5372
3.0760
2.3225
3.1861
3.7753
-0.6078
-0.9308
1.1483
-0.7838
0.2776
1.2012
-0.3100
-2.3673
-1.7696
1.5663
0.5814
-0.1620
-0.1562
-0.1307
1.5489
1.7977
1.6754
1.1129
-1.7031
-1.3949
-4.7659
-4.0875
-2.7478
-2.3651
-2.2033
-0.1872
1.7059
6.0442
-5.4202
-11.9553
-12.7633
-10.8223
-4.9546
-1.3279
-5.8325
-10.5019
-10.1760
-11.3577
-9.4756
-11.6000
-17.1208
-18.1762
-16.8663
-9.5989
-8.4285
-4.6610
-1.9421
1.1797
0.5144
-6.9809
-8.9702
-5.9658
-5.6138
-8.6487
-6.6477
-1.1825
-1.0901
1.1923
0.9077
0.4439
2.2805
3.0691
2.2427
0.6050
0.5415
-1.2021
-3.1758
-4.1434
-6.6195
-7.2612
-6.5593
-9.3949
-12.5097
-8.6909
-7.2375
-11.8584
-6.7786
-4.3461
-5.6900
-4.0662
-0.8253
-2.8085
-6.2379
-9.2381
-6.0618
-1.8480
4.7451
10.2611
-1.2999
-8.7079
-6.4799
-4.6377
-11.0178
-9.6532
1.2531
8.6516
-1.8726
-6.5223
-9.3689
-3.7842
-4.3676
-2.4470
-3.5952
-6.2494
-7.4403
-10.0522
-12.1888
-10.5318
-7.5970
-6.0988
-5.2109
0.3266
-2.1034
-4.4547
-3.0301
0.6308
5.1010
7.3596
9.9373
11.3931
7.5004
-0.9858
7.0023
0.3385
-6.0282
-11.9650
-12.8506
-13.0429
-12.2842
-9.4371
-7.6018
-7.7896
-1.0467
4.5680
18.2000
18.0488
7.5678
-8.6839
-7.6351
-5.6313
-5.8652
-2.9633
-10.6932
-11.5420
-4.2983
2.1035
-0.7155
-4.9942
-3.8513
2.2032
1.1867
-1.2349
-6.4787
-5.9090
-4.4952
-3.8045
-8.8634
-2.5443
-0.7871
-1.6488
0.2103
1.6607
4.3382
0.2772
-4.9178
-6.6725
-4.6101
-4.0568
-4.4384
-4.8636
-3.5930
-4.8884
-7.2024
-3.4975
-4.0004
-6.9407
-6.9651
-5.2183
-5.1398
-5.2728
-6.5159
-4.4919
-4.0040
-6.9770
-7.7676
-6.8811
-10.7755
-6.2794
-2.1876
-2.9557
-4.4121
-3.7598
-7.1177
-2.9622
-4.1519
-7.9516
-6.5052
-2.0479
1.0330
2.6376
1.2180
1.4833
0.8907
3.5622
1.5794
2.7530
1.1179
-1.4108
-2.2376
-0.8551
-2.6202
-2.0914
-0.6314
1.8402
0.6328
-0.5275
0.2592
-0.8753
-0.9002
1.8599
2.1820
0.5776
1.7606
1.5219
1.6833

Coefficient 32:
0.3975
1.5466
-0.4783
-0.5469
-0.5703
0.3699
2.9038
2.4920
1.7321
5.4302
7.1355
4.5309
0.1737
0.8447
3.3311
0.2233
-2.2858
0.2923
-1.1388
-1.8833
-0.7991
-2.1086
-2.7233
-1.6701
3.0475
4.8788
7.2631
6.6063
3.2877
1.4653
1.3484
5.3384
7.5965
3.2581
3.1838
2.4909
0.3838
-0.6706
-1.6457
-4.0522
-4.0515
-2.9803
-1.1800
0.0863
-2.9830
-3.8390
-0.4813
4.7220
8.6975
6.3007
3.7001
0.9475
0.4702
1.0820
1.5703
1.1842
0.5408
-1.6205
-1.7687
0.4471
3.4731
2.4586
0.6743
-3.3966
-2.1516
2.3480
1.0448
0.2146
-1.1364
-0.0864
1.6290
2.2421
1.0427
0.9927
4.2690
5.1694
3.9462
4.9493
6.4755
6.7924
4.3009
-0.3695
-2.9736
-1.0551
0.6271
1.2691
2.0899
4.0797
4.5210
2.0308
2.1465
2.2604
1.0120
4.1229
2.0407
0.5895
-0.2769
-1.8701
0.3222
0.5838
0.5589
-0.1504
-0.2173
0.3361
0.0414
4.3395
6.0155
4.4845
2.6984
3.2709
4.5880
4.0336
2.8392
2.2451
5.1603
4.0759
1.2297
1.4331
3.4476
1.9268
2.6112
2.6185
3.9691
4.1786
0.5153
3.7959
4.6994
7.5174
13.1332
12.0368
10.5292
4.6982
3.0223
3.1719
3.4885
5.0098
5.2662
5.0699
-0.5570
-0.3859
-0.9327
-3.3179
-1.5471
-0.5659
-2.0968
-1.9595
1.0266
1.4317
0.2615
1.4488
0.5468
3.7079
6.2250
5.3889
7.1408
-2.9120
-6.4447
-4.8760
-9.6569
-9.7816
-4.6582
-7.2492
-8.8200
-9.0203
-8.6254
-10.1172
-11.3620
-9.1275
-10.7464
-8.0416
-4.1767
-7.3587
-10.7376
-7.8986
-11.2657
-9.1889
-6.4921
-1.4235
0.3100
-2.6673
-8.5757
-12.2951
-12.6690
-6.8100
-5.0705
-1.9539
-1.1654
-3.4262
-3.5071
-8.3905
-7.8463
-4.9849
-1.3176
-4.9337
-3.1712
-0.7176
-3.6689
-4.6652
-6.2777
-2.9591
-2.1499
-1.1281
0.8521
-1.5120
-0.2394
1.6597
0.2850
-3.3804
-2.8200
-0.3263
0.1874
0.0395
-0.4047
-0.5110
1.4304
3.6006
2.9477
2.8142
0.3059
0.7538
-2.2533
-6.0006
-5.0867
-3.9432
-3.5017
-3.4830
-0.9131
-2.1795
-3.2064
-4.5135
-3.7620
-2.0319
-4.5753
-4.7357
-3.3261
-5.9992
-6.2824
-5.5170
-4.3401
-2.8724
-3.2708
-8.6721
-10.1354
-8.2912
-8.9593
-5.0658
-3.9393
-7.9130
-8.6040
-1.7179
-0.2489
1.5128
3.3863
0.4597
-1.4220
-0.3557
-1.9030
0.3065
3.3183
-0.5076
3.8212
4.9044
1.8406
1.1589
0.7311
-2.8220
-9.1260
-8.0981
-9.3459
-8.4479
-5.5256
-8.4241
-10.1281
-8.2067
-10.5271
-13.1060
-11.3351
-9.4584
-7.4160
-5.6570
-2.8424
-3.6475
-5.3593
-9.0334
-7.0853
0.2423
16.5937
29.9515
18.2753
1.9493
-4.7342
-1.6266
-3.1297
0.2157
16.5132
22.9074
-5.0456
-8.7285
-9.6395
-8.6330
-8.9875
-6.4517
-6.4797
-9.1265
-10.7733
-8.0723
-4.5497
-2.9123
-2.9900
-4.6553
-2.8845
-0.0141
0.4238
2.0199
-1.0492
-2.3773
-0.1755
-2.6163
1.9309
2.7930
-0.6003
-2.6278
2.3941
0.9232
-4.3208
-10.0214
-9.6146
-4.5831
-1.9897
6.8274
16.5188
18.7299
5.2688
5.3895
20.7762
23.1770
17.2407
-3.4484
-6.7525
-7.7775
-7.0037
-5.2991
-9.7508
-17.3236
-11.2375
-3.1340
2.1850
0.6950
-6.6043
2.1128
8.5469
5.2405
-2.2390
-1.2373
-2.7674
-2.6617
-4.9281
-7.0165
-9.1819
-7.4570
-3.9066
-2.8789
-11.2645
-11.3059
-7.4757
-0.2984
0.3726
-0.1486
-3.0399
-6.2140
-6.5808
-5.4743
-6.8169
-8.0582
-9.7365
-10.7147
-14.4865
-8.5953
-6.2827
-2.8331
-4.9980
-8.8478
-9.1579
-13.0657
-8.6857
-5.3241
-2.4123
-2.1249
-2.2427
-0.8418
-5.4255
-8.3733
-5.8659
-1.5437
-1.9861
-4.9577
-4.9855
-2.6125
-1.5114
1.0982
1.2644
4.8327
1.4498
1.2807
1.0159
2.5533
3.8400
3.3689
2.2717
2.9725
1.9057
-0.0617
0.1022
2.3779
1.0749
-0.2613
0.7098
-0.4998
-0.8046
1.9172
1.9753
0.2563
1.6077
1.6513
1.8846

Coefficient 33:
-0.8731
-0.2547
-2.7305
-1.7962
-1.2673
-2.2484
0.1713
0.1781
0.9829
4.6308
5.9229
-0.0006
-5.5370
-3.5183
-2.4050
-1.0048
-1.9430
0.8788
4.9290
-0.6245
-4.8312
-4.6564
-4.9699
-1.2187
3.3375
1.6271
0.5962
1.3858
-0.5709
1.8481
0.5814
0.3909
1.8343
2.3054
4.1503
1.5755
0.7654
1.6851
0.2918
-3.3075
-3.1154
-2.5538
-0.7723
1.1753
-0.8952
-0.8152
0.8798
3.3796
6.1397
3.4297
1.3753
-0.8089
-1.3460
0.0098
1.5453
1.4793
0.7546
-0.0537
0.6453
0.2797
0.2393
3.0244
1.2311
-2.7764
-2.3519
-1.0199
3.9219
2.7709
1.0831
-0.7629
-1.8650
-0.4427
-1.3544
-1.7947
1.9457
4.4661
5.3456
7.3615
3.9175
-2.4560
2.1761
-0.4525
-2.6969
-0.7638
0.8448
1.5896
1.8780
3.5048
4.3243
1.6111
1.0180
1.9901
0.9327
0.9924
3.3980
-0.0623
-3.8298
-3.7477
-0.1589
0.2127
0.0537
-0.5714
0.8125
1.2814
2.0239
5.1726
5.2801
2.7784
1.6874
2.5874
3.9614
3.5151
2.6981
2.5573
4.1129
2.9622
1.1228
2.2239
2.7055
1.3955
3.2836
1.9128
3.2317
3.4291
-0.9875
2.8975
5.6899
8.0665
9.0778
5.7504
5.9403
3.4690
2.7999
2.5633
3.9232
5.2476
5.6234
3.9116
0.8613
2.0950
1.8085
-2.8316
-0.2799
0.8657
-1.5224
-1.4865
-0.5506
-0.3757
-1.2686
0.4103
-0.6544
1.3736
5.0285
3.7747
11.5192
2.7243
-0.1191
-2.0610
-9.1682
-8.6444
-4.6555
-4.4611
-3.1842
-3.3480
-1.7645
-5.8832
-9.0337
-10.9835
-12.7950
-9.0391
-8.0284
-6.0683
-4.5559
-2.0349
-12.3444
-12.6064
-9.4720
-5.9397
-3.8971
-5.8566
-8.4552
-10.6283
-9.8590
-5.5038
-7.4873
-9.0816
-7.8316
-7.6243
-2.9145
-7.8194
-8.5732
-7.1728
-4.3965
-3.9066
0.8242
-1.4154
-2.2119
0.6396
-1.0901
-2.6180
-2.1475
-0.3784
0.8759
-1.7182
-0.2751
1.9849
-0.9843
-3.0065
-2.2973
-1.0141
0.0895
0.0530
-0.6598
-0.8950
0.9355
3.8729
5.1605
5.7382
2.9874
2.2737
-1.2627
-1.4894
1.4165
2.8877
2.2192
3.2507
2.2900
0.0810
-0.7775
-5.3034
-3.5740
-0.9028
3.0761
-4.8198
-0.0428
-3.3130
-4.7460
-1.6455
0.6561
-0.1066
0.1531
-4.0494
-4.6856
-5.0639
-3.4264
2.5464
2.6478
-4.1819
-4.0345
0.0952
1.9065
1.8672
1.1185
-1.8594
-5.4319
-3.6023
-3.1324
-1.3074
2.0446
-1.4296
2.7469
4.8924
3.1615
1.2271
1.3198
-0.8716
-4.6887
-5.7497
-7.9223
-7.5456
-7.2263
-6.9350
-5.7410
-5.0800
-9.0617
-10.6128
-3.3661
-1.2902
-4.4857
-3.1297
-0.9444
-2.0216
-4.3139
-5.7214
-7.0166
2.1094
13.6075
31.3259
25.7447
7.9962
-4.4586
-6.5327
-8.6136
0.0281
21.3660
24.9340
-2.9818
-10.9989
-16.5405
-15.5865
-9.0061
-7.1441
0.2056
-3.3727
-5.3244
-6.3294
-7.3922
-5.6838
-1.0413
-0.2648
-0.4942
-0.3555
-2.4678
-0.3731
-3.1054
-1.5932
1.5525
0.4069
1.3081
-5.2498
-5.9957
1.8215
3.3637
-2.5365
-3.9410
-6.6145
-4.2689
1.5402
7.4666
21.8856
26.5374
15.7693
7.2852
-2.1971
6.9550
19.3242
29.2121
17.6815
-3.1468
-12.1289
-13.1893
-8.7345
-12.5494
-15.1765
-12.5577
-10.6580
-8.2408
-7.7613
-15.1460
-5.4313
-0.1104
-6.8747
-13.7966
-4.6973
-4.5740
-8.9411
-10.6237
-15.3784
-12.5125
-10.0992
-8.5847
1.7645
0.3105
1.2771
-6.1811
-9.5504
-3.0439
-3.1711
-7.3116
-6.7197
-5.5664
-6.3804
-7.5433
-11.7958
-11.8217
-7.7024
-7.3322
-4.8911
-4.6784
-9.1770
-10.8752
-8.5922
-6.7606
-7.4450
-7.3079
-3.0370
-2.3218
-6.6883
-5.0566
-1.0072
-2.7720
-5.1781
-6.0382
-1.0027
-0.4021
-0.0014
-0.6194
-1.7783
0.2048
1.5113
0.0264
-0.5995
-1.4138
-1.2104
0.3906
2.2479
2.1229
1.8921
2.6211
-0.0479
-1.7531
-1.1649
0.8974
3.9605
1.3940
-0.0248
1.1313
-0.0119
-0.6311
1.8709
1.7015
-0.1046
1.3610
1.7500
2.0560

Coefficient 34:
-1.6175
-1.1873
-2.1071
-1.8888
-2.6392
-4.2228
-2.8204
-2.6124
-1.1720
1.8098
2.5338
0.0180
-1.7696
-0.7007
-0.0291
3.5116
4.4066
1.2380
0.9174
4.4229
4.7331
-1.9148
-3.9634
-3.9909
1.0923
2.0504
-0.4165
-1.2519
-4.6296
0.4821
2.1617
0.3584
-1.0776
2.2753
4.6445
1.2456
1.8834
3.4619
1.8006
-0.9378
-1.2998
-1.1172
0.4610
2.9322
2.8187
2.9410
2.5000
1.1084
0.7861
0.0785
0.6895
-0.4270
-1.5311
0.2834
2.2417
1.8296
1.0750
1.9094
3.3141
0.7342
1.5156
-1.1713
-2.3147
0.9739
3.9566
4.7419
3.4790
2.7505
1.7025
-0.9809
-2.2228
-0.8942
0.4808
-0.3587
1.5344
5.6003
5.5387
0.1947
-4.5119
-3.5585
2.3688
1.1206
2.4090
3.0776
2.0889
1.9201
-0.8453
-1.3176
-2.9277
-4.3197
-1.0901
0.6553
0.4052
2.8344
0.8766
-1.6821
-1.9611
-3.0198
-0.6913
-0.0029
-0.2918
-0.8946
-0.3865
0.0619
0.5531
4.6679
4.0001
0.9597
0.5354
2.0837
3.2586
2.8276
2.3675
2.0543
2.3853
0.9668
-0.4430
1.2480
1.2560
0.9997
3.3216
1.2216
1.8968
1.9934
-1.7044
1.6598
5.4085
7.3354
5.1877
2.6588
0.6330
3.1885
2.8775
1.6309
3.5056
4.2506
4.8109
6.2162
1.8602
0.7920
2.2156
-0.8261
1.3308
1.2002
-1.1631
-1.4183
-2.5290
-1.6921
-2.8580
-1.2104
-2.6067
-2.0267
1.7143
1.0823
12.5112
10.5256
4.7420
1.0478
-5.5267
-8.1297
-7.1823
-7.5303
-2.9251
-4.8923
-7.3180
-6.7904
-6.3416
-9.6887
-8.8507
-9.4218
-8.4916
-8.9880
-9.1570
-7.6489
-8.1702
-3.8333
-0.2930
-0.8891
-1.2661
-4.0520
-5.5636
-6.2755
-10.4133
-11.3650
-8.0546
-7.2189
-6.6178
-5.8571
-4.7481
-1.7687
-1.1517
-1.4439
-2.8257
-1.4517
1.0228
1.8289
5.5659
5.9225
4.2521
1.8827
-1.1497
0.8855
1.1604
-1.0519
0.8114
2.6996
-0.2795
-1.6395
-0.9306
-0.0981
0.2350
-0.1530
-0.8914
-1.3002
0.0837
1.6402
2.4932
-0.0610
-2.7083
0.0852
-0.9068
-4.3504
-2.8674
0.3405
1.0980
0.6459
0.9932
3.6016
2.7262
0.2465
0.5598
0.4018
-4.2951
-9.6226
-7.5824
-10.6591
-11.2099
-3.6537
-2.0576
-4.4354
-3.4918
-5.8733
-6.6088
-5.2351
-10.0167
-7.9297
-5.7916
3.0115
4.7747
2.5413
-1.3950
-1.4795
-3.0873
-2.2884
1.4300
-0.7055
-0.6992
-0.5093
-0.4066
-1.8526
0.7856
3.4032
0.5614
-2.2612
0.7021
2.5495
1.8692
-8.7102
-8.4450
-7.8460
-7.4184
-2.3156
2.0909
1.7628
-4.3107
-3.4139
-0.9515
-2.3003
-1.6285
1.4777
3.4392
1.0606
-2.4584
-4.0738
-5.6234
5.3633
27.4555
42.1024
45.9071
30.8759
5.1981
-0.7501
2.0409
12.6340
23.4011
20.8910
14.2166
7.3615
2.6063
-6.4798
-5.4143
-1.9637
0.4203
2.8635
1.6220
2.4809
1.5496
-3.2974
-1.9277
1.4775
4.3120
1.5629
-0.3502
0.8095
-0.8020
0.0586
3.8669
2.8894
-0.9361
-3.9417
-0.9378
4.2317
4.7371
2.3350
3.3546
-0.5021
7.3735
19.6954
28.2850
39.6766
43.6500
33.2414
27.6023
15.0103
13.9959
25.3633
40.5400
37.6014
10.5201
-0.7379
0.3851
-0.2683
-3.8571
-8.3978
-9.5372
-12.5458
-11.8581
-6.3693
-0.7755
5.0445
1.2345
-3.1075
-9.7670
-1.3125
0.9860
-3.9250
-5.8608
-7.4729
-6.6854
-2.9214
1.3604
2.6484
-2.7070
-0.2013
-5.1374
-7.3451
-3.8055
-3.6622
-3.0803
1.4731
-2.2159
-6.1257
-3.5930
-5.8673
-4.2068
-1.3099
-0.2711
2.5092
-0.5711
-2.5181
-5.3220
-9.5090
-6.8682
-3.4201
-4.6947
-6.2399
-7.1926
-4.6096
-5.7535
-7.2326
-5.6139
-3.8233
-6.5043
-4.3154
-3.7017
-0.9446
2.8170
-0.9735
-3.4749
0.4502
1.1003
-2.6515
-2.2558
-1.0694
1.0820
-3.1159
-6.8140
-4.6446
1.4192
2.7984
2.6397
-0.4280
1.4629
4.3060
1.5576
0.1451
1.4723
0.5342
-0.4081
1.7216
1.4294
-0.4550
1.0475
1.8139
2.1781

Coefficient 35:
-1.6619
-1.1435
-0.0480
-1.7200
-3.7944
-5.0578
-4.6554
-4.1814
-3.3697
-1.3567
-0.8920
-2.9610
-1.0587
-2.6531
-2.8838
0.5983
0.4971
-2.0943
-1.1832
-1.5885
-2.1230
-6.2822
-10.1530
-10.0515
-6.2938
-3.5838
-1.8572
-1.8814
-5.7885
-2.8647
1.4429
2.1532
1.6864
3.5098
4.5585
2.6901
3.9312
4.6663
3.5661
1.7182
0.7634
1.0223
2.0471
4.4562
5.5702
4.4087
2.9856
-0.1951
-1.6903
-0.0210
2.5025
2.2029
0.4162
1.7583
3.0512
2.0492
1.3632
3.2236
4.7619
1.3880
0.8583
3.2479
6.9964
7.8671
4.5450
3.1751
5.5892
2.1455
-1.5263
-0.7176
0.3318
0.4473
0.1504
-0.0444
0.9400
-0.8613
-0.6736
-2.2672
-2.8739
-1.1771
1.5902
2.1600
3.7443
3.4102
0.1158
0.1888
-1.6919
-4.1199
-7.7938
-8.2455
-2.1676
-0.4017
-0.4087
-0.1272
3.3556
-0.3245
-4.8497
-4.4274
-1.2154
0.0456
-0.4304
-1.0785
-0.9232
-1.2049
-0.9409
2.4393
2.1094
-0.6225
-0.4580
1.0692
2.5618
2.0258
1.7366
0.9633
0.4788
-0.6474
-1.0122
0.2210
0.9956
0.5328
2.7193
0.7288
0.1847
0.1241
-1.4577
0.7963
4.4541
6.0800
5.2495
4.3772
-0.7588
3.7100
2.9623
0.7335
2.3712
2.8773
3.0347
1.9385
2.9479
1.1454
-1.1888
0.5491
2.5444
0.6065
-0.9874
-1.9787
-3.4849
-1.8802
-2.6060
-2.2731
-4.3402
-5.0301
-2.4702
-1.8387
12.0111
17.8316
13.6119
6.0217
-5.7923
-15.2405
-15.6333
-10.2962
-10.7544
-9.6372
-8.4666
-11.1166
-10.3332
-12.0621
-12.4863
-14.1439
-13.1439
-14.4544
-8.1022
-4.3344
-11.0911
-16.7313
-15.0357
-17.6717
-17.3625
-7.9794
-11.3078
-14.7232
-10.1294
-12.1591
-8.5856
-9.6652
-8.4447
-6.5719
-9.6063
-12.4310
-12.6685
-10.4466
-6.7400
-7.1704
-7.1532
-0.1549
-1.4069
-2.5984
-1.7555
-0.5979
-0.8082
1.9990
1.5380
0.0447
2.3794
2.4538
-1.3879
-1.4793
0.0162
1.3063
0.3001
-0.5640
-1.1256
-1.7665
-1.0220
1.5602
2.7617
1.0948
-1.2985
-1.0448
1.8259
-3.0966
-4.1099
-1.7462
-1.3304
-2.4455
-0.8022
0.8694
-4.0517
-9.1879
-10.7802
-10.6581
-10.1135
-10.8585
-15.9881
-18.9747
-15.1926
-5.6708
-9.4757
-13.2624
-14.1203
-12.4383
-12.0691
-7.6198
-10.9782
-9.3303
-4.6183
-8.6403
-6.4556
-3.1875
-3.8126
-3.6228
-1.2029
-0.0279
-1.8481
-2.3297
-0.9270
0.3074
0.0183
-0.2246
2.1896
2.0678
-2.0051
-3.9333
0.5629
3.7362
-0.4688
-6.1923
-10.9903
-14.4134
-11.9784
-9.3213
-11.4241
-14.0974
-11.0277
-5.8548
-7.6608
-4.3390
-3.0974
-4.0701
-4.4087
-4.9624
-9.7964
-17.6149
-17.3900
-2.5353
20.0478
22.6623
31.3097
31.3275
9.8819
0.4293
3.6301
14.4701
17.4027
10.7068
-3.6507
-13.4311
-18.6466
-9.4498
-6.5035
-6.0494
-10.9489
-12.7988
-12.1965
-9.4713
-4.1865
-3.7666
-3.8014
-1.0579
0.9244
-2.0006
-1.2691
-1.9475
-3.8542
-2.9404
1.3472
3.5219
-0.6397
0.0686
-1.2181
-1.6549
-8.0223
-5.6140
-4.6050
-8.1771
1.8524
15.3926
24.9754
34.3389
30.4583
24.5555
18.7352
7.5706
0.6873
8.6473
23.5481
28.9302
4.2323
-7.4139
-12.9029
-16.4510
-12.8163
-4.7961
-6.4825
-11.7615
-12.0996
-6.7416
-5.0403
-1.3199
-2.4305
1.8101
-3.3083
-9.2232
-13.7946
-16.4693
-11.9478
-16.4856
-19.5712
-13.8113
-4.4460
-3.9686
-6.5316
-5.3377
-4.2843
-8.4239
-5.4209
-7.9332
-12.6828
-13.1037
-11.9126
-9.6963
-10.2899
-10.1496
-12.2914
-7.0270
-4.3579
-6.4232
-5.8754
-8.8857
-13.9191
-11.9615
-7.5241
-4.3285
-3.2909
0.6665
1.8233
1.8014
-0.4203
-4.8540
-4.9500
-7.3616
-8.0335
-4.4393
-2.3983
-3.4521
-0.9198
0.9465
-2.2167
0.0659
0.7244
1.5496
-0.2164
-1.2024
1.6820
-0.1784
0.3369
0.9018
-1.5616
-2.9538
0.2012
-0.9513
2.3203
3.9405
1.5566
0.2245
1.6932
1.0779
-0.1666
1.4819
1.2209
-0.7384
0.7033
1.8414
2.2322

Coefficient 36:
-1.0310
-0.4944
0.3973
-3.2235
-4.5619
-4.8301
-4.6774
-3.6501
-4.3757
-3.3515
-2.6007
1.6377
2.6649
-0.7302
-5.4146
-0.3063
0.9549
-4.4469
-4.5947
-8.0301
-9.3354
-9.1937
-10.1342
-8.2268
-5.5464
-6.3719
-3.7046
-2.2231
-4.0375
-2.2871
-0.5311
0.1628
3.4448
4.1842
3.9484
4.2140
5.4169
4.7638
5.4668
2.9771
2.3254
3.1157
3.0977
4.3646
5.2323
2.7429
2.0728
1.0180
0.8693
3.5418
5.8908
5.4062
3.1915
3.0734
3.1662
2.0134
1.4983
3.2009
4.1484
1.6823
-1.3359
1.9162
2.2902
2.6205
4.6838
6.1123
6.5722
3.0972
-1.3172
-1.1744
0.3119
-0.4323
-4.3873
-3.1937
1.5217
5.7840
4.4727
1.0141
0.2541
0.7987
0.3190
0.8305
-1.5380
-2.4772
-2.8902
-0.9596
1.9180
-1.4141
-4.5313
-5.5053
-1.5327
-0.4723
-1.1287
1.5642
1.7882
-0.4848
-2.8000
-3.5403
-1.6237
0.3352
-0.3546
-1.1110
0.3476
-0.3018
0.4694
1.5416
1.5821
-1.6987
-1.2352
0.4714
1.9275
1.1646
0.9630
0.7882
-0.6446
-1.4898
-0.1298
0.4607
1.6025
0.3183
1.5397
-0.3064
-1.4448
-1.6129
-0.4777
0.5450
3.4196
5.0470
4.6165
2.3836
-0.9528
3.4699
2.4989
0.1689
0.9399
1.7462
0.8456
0.8164
1.5263
1.7672
-1.3892
2.1219
2.5622
0.1176
-1.0324
-3.0952
-4.2657
-2.0060
-1.0786
-2.2038
-5.1898
-6.5593
-5.8805
-4.0104
8.6690
15.8255
20.0376
19.1140
4.3906
-8.1555
-14.9694
-7.7515
-7.9206
-7.6141
-3.0964
-2.4537
-6.8223
-7.6054
-6.9260
-6.2069
-3.8565
-5.6974
-5.5719
-3.5130
-8.1255
-8.9619
-5.8369
-9.5935
-10.4895
-1.3432
-3.8361
-8.9429
-8.7553
-13.4852
-8.5347
-5.8515
-2.9146
-5.0303
-10.0121
-6.2761
-0.7343
2.5579
1.3285
-1.9285
-3.3374
-1.0190
-3.2587
-3.2484
-3.0630
-4.7971
-0.9032
2.4079
1.8037
0.6890
3.0992
1.8608
-1.0644
-1.8865
0.0649
1.9146
0.1294
-1.1222
-1.4300
-2.3130
-2.2219
0.9312
3.5397
4.7675
4.9301
1.8307
5.4033
4.1504
3.3146
3.4577
3.8667
2.5223
3.5566
2.3652
2.6421
3.3050
4.4015
4.0906
-0.8529
2.2892
-6.1775
-11.7008
-10.6010
-3.3440
-2.5016
-6.5510
-7.9325
-3.9194
-2.4294
-8.9446
-9.1537
-6.0025
-6.4391
-11.4532
-7.9531
4.3716
3.0888
0.1624
1.6286
-0.1904
-2.6671
-4.4926
-2.5783
0.6619
1.7285
2.6582
3.6597
1.1880
-2.3722
-3.9280
1.4529
5.1056
2.6420
1.9156
-2.0410
-7.0217
-10.3557
-10.5785
-10.7490
-10.7100
-8.9063
-5.2852
-4.0517
0.4257
-3.3392
-3.2896
-1.6412
2.0551
-2.4132
-12.4889
-15.0916
-2.5269
7.0110
1.7550
9.3046
26.6181
23.6430
3.7238
7.5799
19.6158
14.8352
6.3464
6.8309
-4.2120
-13.3067
-11.8172
-10.6836
-9.6219
-3.4397
-2.2767
-3.6626
-5.4421
-9.0827
-7.2742
-3.8689
-1.8224
0.2628
-1.0388
2.7324
-0.6866
-2.5365
2.1876
3.3658
-0.6099
-4.1947
-1.8323
-0.5663
0.8848
-8.1962
-3.0784
-1.8465
-3.3870
8.2242
23.1634
26.9779
29.8404
23.8909
18.0249
20.0904
5.5228
-2.6785
-0.4048
6.9059
19.7190
14.0237
0.3383
-5.9747
-7.7135
-0.8099
1.5795
-1.7372
-10.6914
-11.0622
2.9957
4.8908
7.9444
11.6206
7.7440
8.2216
-6.7925
-18.7577
-21.6125
-11.8898
-14.7771
-14.7598
-8.3028
0.7773
4.8276
-4.6463
-11.3750
-13.2386
-8.2742
-1.7569
-0.5331
-4.4585
-4.8818
-8.6336
-4.3993
-3.9433
-6.8588
-10.9118
-11.8872
-11.6333
-14.2497
-13.2183
-17.9839
-15.5518
-7.7304
-12.3129
-12.3238
-8.4237
-7.4102
-2.8242
-0.7996
2.4924
0.5631
0.6009
2.5794
-1.1326
0.2681
1.1820
1.9172
3.3187
-0.2080
-0.5199
-1.2171
0.2251
0.0498
-2.6760
-3.1714
1.1341
-0.4684
0.7753
2.5748
5.5499
5.8667
1.4365
-0.9771
2.1327
4.5742
1.4057
0.2054
1.7708
1.5594
0.0639
1.1759
1.1197
-0.8957
0.3677
1.8333
2.2037

Coefficient 37:
0.0579
0.6205
-0.3281
-4.8313
-4.9556
-4.0672
-3.3438
-1.5096
-3.8484
-3.7044
-2.2795
1.0834
-0.5588
-1.8523
-3.0172
0.7027
-0.0908
-4.5432
-2.5164
-3.0220
-2.9901
-2.1616
-2.2359
-2.5353
-7.9056
-5.3940
-2.5662
0.7127
0.2068
1.5405
-0.0456
-2.1058
1.2545
2.6095
2.4433
3.5441
4.7472
3.0351
5.4309
2.3134
2.6596
4.1874
3.0348
2.4576
2.0820
-0.1336
0.7539
3.0127
3.4307
6.1317
8.0832
6.9484
4.7876
3.0664
2.3901
1.7220
1.4506
1.8539
1.6797
1.2515
-5.4153
-2.8665
-7.1757
-7.2540
-2.9807
-1.4433
-4.5516
-3.4576
-3.1967
-2.8354
-0.0912
-2.3426
-4.6691
-5.7210
-3.4528
-1.0812
-0.1328
0.1050
-1.4752
-3.3753
-1.4795
-0.2010
-2.5881
-4.5851
-1.6644
0.3209
4.4302
2.3418
0.1551
-1.9125
-0.7625
-0.1259
-1.3381
-1.6524
0.3110
-2.0314
-5.0057
-4.3212
-1.8622
0.7327
-0.0986
-1.0109
0.3297
0.3203
0.1343
1.2607
1.2575
-2.1552
-1.7962
0.5087
1.3779
0.2939
0.1873
0.5132
-1.1247
-2.1536
0.0515
0.4240
1.9004
0.4018
0.3074
-1.8228
-2.4855
-2.5829
0.2648
0.6596
2.4363
4.5089
2.3125
-2.5464
-1.3472
1.7757
1.5938
0.0067
-0.3239
0.7006
-1.1648
0.0786
-2.6300
-2.2469
-4.5236
1.9647
1.7616
-0.0360
-1.0218
-4.3291
-5.8704
-2.4190
-0.0954
-1.3726
-5.2182
-6.5119
-7.3743
-4.7984
3.3957
9.2950
16.8914
19.5828
11.6096
-2.3051
-14.0140
-9.5961
-8.7555
-11.6436
-5.4402
-3.6076
-9.8738
-11.3154
-8.1426
-2.5407
-1.3644
-4.0709
-6.3605
-8.3628
-9.3280
-10.7156
-7.1094
-12.5775
-13.2279
-2.3284
-3.0845
-6.8774
-6.4971
-10.6784
-10.4905
-5.5821
-4.7122
-8.6790
-10.2909
-8.7186
-2.1521
-2.6531
-5.5639
-4.9917
-3.3750
0.8164
0.0616
-1.1025
-1.0058
-2.5264
-0.5031
1.9390
1.7906
0.4056
2.2889
0.8414
-2.0790
-2.0779
-0.2385
1.5320
-0.1046
-1.7406
-1.8740
-2.9086
-3.3413
-1.2260
0.7998
1.5273
3.2820
1.0565
0.7918
-1.0637
-1.9492
-2.3313
-1.5288
-1.7036
1.8873
4.6139
5.7373
-0.1520
-0.3094
-0.1057
1.2956
16.0600
7.2948
-3.2720
-8.3520
-1.7130
0.0377
-2.6158
-9.7919
-7.0751
-2.4576
-7.5007
-8.8080
-8.1856
-5.2035
0.2986
2.0765
2.7022
1.3961
0.3003
0.7208
-0.3485
-1.0878
-3.1704
-0.3114
0.9160
1.6944
3.9859
2.6536
1.1810
-2.8646
-4.8226
0.8143
5.7296
6.8765
-1.8062
-9.7650
-10.6143
-8.2264
-7.3701
-7.7731
-5.7836
-7.4665
-5.7246
-1.8085
-3.7095
-2.1092
-0.2085
1.8102
8.0424
9.2489
6.8816
-0.2895
6.9395
9.5141
2.7922
8.5018
27.0455
29.6580
18.9669
27.8015
33.7324
17.4900
10.0016
15.1668
4.1570
-10.3659
-7.5499
-1.9387
-1.3505
-1.5686
-5.9058
-9.6215
-9.8526
-6.5454
-4.6690
-5.2108
-1.8487
0.5003
-1.2744
2.6474
1.3859
4.0218
7.6672
5.2576
2.7764
4.0988
7.2991
7.9895
4.5497
4.7864
9.2447
10.2879
8.5440
5.3804
9.6236
9.6984
8.0844
1.5282
3.8211
10.2525
-0.4392
-4.4438
-5.5903
1.2710
9.2833
15.4255
7.4776
-1.9418
-8.4090
-3.1541
6.6445
8.8024
5.1084
6.0118
8.2094
6.4638
5.8500
11.4883
22.4634
30.0668
11.5345
0.1205
-6.9783
-5.0770
-11.1363
-13.2651
-7.3812
4.3241
4.9531
-2.3252
-5.9286
-11.7148
-13.2271
-6.6294
2.8557
-2.5591
-7.5221
-13.7223
-8.1141
-4.1115
-2.7702
-1.9499
-1.5057
-6.0068
-9.3544
-12.2037
-12.9986
-5.7137
3.0484
-6.5303
-11.2352
-8.5720
-1.9197
-1.6295
0.7364
2.3605
2.5794
1.6636
-5.1451
-9.1585
-7.0320
-7.1110
-7.2213
-5.6547
-5.2222
-5.5833
-3.3259
-3.8597
-3.6907
-5.1525
-3.5992
1.0532
-3.1369
-4.9885
-4.7995
-5.1273
-4.3555
-1.4280
-0.9159
2.4031
4.3688
1.1405
0.0958
1.7008
1.9270
0.2585
0.8365
1.1435
-0.8762
0.0775
1.7925
2.0844

Coefficient 38:
1.2599
2.0050
-0.1859
-4.8977
-4.8802
-3.3986
-1.8706
0.7079
-2.5102
-3.1464
-1.1014
4.2356
2.0276
1.6037
2.8335
2.5973
2.7764
3.3444
-0.1823
0.2910
5.8897
2.6596
-0.4778
-5.4362
-5.6881
-3.6492
-2.4949
2.6546
2.8654
2.9769
2.5374
-0.4085
-2.1008
-0.1651
0.0070
0.9956
2.1948
0.4617
2.8756
0.1346
1.4281
3.4928
1.6471
-0.2127
-1.2767
-1.7241
0.1020
2.6919
1.9939
4.4138
6.8988
5.7159
4.1561
1.9387
1.3389
1.3015
1.2909
-0.1164
-1.5193
0.1264
-1.7430
-3.0235
-4.0008
-3.5828
-3.2690
-2.7498
-2.8973
-1.6816
-1.2308
0.4140
1.9379
-3.1038
-3.9523
-3.4157
-2.5506
1.2389
2.9640
1.4697
-0.2615
-3.6424
-2.1255
2.0414
2.3106
2.5373
2.4948
0.8420
3.7056
2.8157
0.6454
-2.0167
-1.2383
-0.0303
-0.8163
-0.3291
3.0293
0.4954
-2.7328
-3.2273
-1.8668
1.1386
0.2673
-0.8233
-0.2382
-0.4627
-0.8712
0.2147
0.2600
-2.0584
-1.9685
0.1377
0.9030
-0.5449
-0.6100
-0.2671
-1.1404
-2.8005
-1.4591
-1.0914
0.1777
-0.6497
-0.3526
-2.6334
-2.6046
-2.4037
-0.1111
0.4744
1.2459
2.8103
-1.1111
-5.5474
-3.3921
-0.6619
0.6303
0.0727
-1.1206
-0.4693
-2.5368
-1.9384
-2.1302
-0.3612
-1.6354
1.4267
0.3398
-0.8226
-1.1767
-5.0623
-7.1536
-2.6513
0.2026
-0.6517
-5.0557
-5.6576
-6.8504
-4.1847
0.3889
6.9461
8.4902
14.5414
22.8812
15.7575
-4.3105
-7.5516
-7.1541
-10.3072
-9.6064
-13.1183
-12.3761
-11.8844
-10.4107
-6.6315
-6.6925
-9.3552
-10.5041
-12.2118
-2.3259
4.0838
8.9268
3.1707
-3.1268
0.9883
0.0741
-6.3099
-13.9861
-9.7226
-8.7608
-5.2871
-6.1866
-8.3930
-9.4247
-4.6695
-4.8112
-4.2147
-5.6698
-7.2509
-4.1142
-0.9400
1.9901
1.8929
-1.6280
-0.3514
-0.2967
0.8654
1.4082
-0.4243
0.6018
0.3374
-1.3683
-1.1205
-0.1916
0.9309
-0.1932
-2.3242
-2.4815
-3.4709
-4.2355
-1.7441
1.0323
2.1729
2.6453
-1.6925
-1.3051
-0.5245
-4.0345
-6.5485
-5.6723
-4.2854
-1.6669
2.1553
0.7472
-0.6204
-1.5845
-0.2610
2.0689
21.9925
15.3306
2.0855
-7.6460
-1.5505
0.0720
-6.4680
-15.0531
-14.2845
-5.4450
-1.5642
-4.4868
-5.6805
-6.1899
-3.9818
-2.1618
5.5136
9.2877
9.9964
5.2575
4.5451
2.1664
2.9595
1.3831
-0.3942
0.8788
3.2104
2.5416
2.7699
-0.5067
-2.1183
-0.2673
3.6271
0.6475
-5.9456
-14.8126
-14.4458
-6.3892
-3.4092
-2.9227
-2.9516
-4.0575
-0.5293
1.4264
-4.8030
-2.5841
-1.1570
0.2966
6.0647
15.0215
22.2520
20.0387
19.3443
3.9720
0.0200
-2.2475
6.1940
21.8761
21.2692
28.9058
25.2943
11.6935
13.1401
12.4880
5.7719
-7.9104
-9.9747
-4.7721
-3.9152
-0.6607
-0.7372
-4.1308
-5.4502
-5.6956
-3.7761
-4.0107
2.7257
2.7677
4.0463
4.3151
2.6186
-2.8456
-6.3651
-3.7096
0.5813
2.9572
4.7492
1.3795
-2.4767
2.3508
10.7767
12.5792
11.8723
5.0072
5.6069
5.1195
0.7933
0.8825
6.1601
7.2534
3.3789
2.7609
-1.9072
-2.8583
1.4504
22.4863
20.1845
6.0673
-6.5133
6.9817
25.5848
24.6358
16.1142
12.5879
18.7695
18.1416
14.3837
17.6959
27.0625
38.7662
25.8545
14.3117
5.1484
-3.6734
-5.9620
-7.6827
-6.2709
1.3372
3.1979
5.5507
3.8679
-2.7804
-12.4767
-8.4516
5.7790
6.9360
2.2103
-7.8703
-10.2229
-8.1664
-3.5675
-1.5441
-2.3422
-6.0995
-10.1934
-10.7213
-3.3829
13.8444
27.3452
8.5694
-2.6608
-0.0656
3.2082
0.0061
2.6863
3.1347
3.1076
0.8719
0.0041
-2.6644
-4.2124
-3.7115
-6.1116
-7.4153
-5.1894
-0.9934
0.7863
-3.6322
-1.7727
-1.1921
-1.2065
2.0817
6.1323
5.5043
1.4982
-1.7123
-1.9482
-0.1442
-0.6384
1.4495
2.9804
0.8118
-0.0817
1.4975
2.1430
0.4005
0.5014
1.2821
-0.6547
-0.1381
1.7236
1.8753

Coefficient 39:
2.2053
3.0147
0.0439
-3.7716
-4.2881
-3.1919
-1.4116
1.4160
-1.6307
-2.9721
-0.7895
1.4979
-0.9750
-0.4534
-0.2849
-0.5846
-2.7713
-1.8327
0.8918
0.6641
0.9515
-3.7313
-5.3633
-9.1677
-4.9538
-3.8027
-3.3258
1.1336
3.1198
3.4303
5.9196
3.0194
-1.7327
-2.6120
-2.4531
-1.7653
-0.7087
-1.1011
0.0613
-2.9938
-0.9747
0.9956
-1.0260
-2.7806
-2.6744
-1.4339
0.1981
0.2049
-0.6553
0.6098
3.1316
2.5286
1.9939
0.9957
0.8376
0.9455
1.1295
-1.6876
-3.9913
-1.3042
-4.4084
-4.9420
0.8785
0.3164
-2.5758
-3.1150
-2.8050
-0.4447
1.6312
4.0919
4.1725
-3.2753
-5.3985
-5.0919
-2.9346
-1.2648
-0.1642
-5.3920
-5.4919
-5.6252
-3.9487
-0.4764
-0.0781
-0.1163
-0.6770
-1.8800
1.3980
1.2426
0.3033
-1.8357
-2.0456
0.0889
0.3069
-3.0083
-1.7925
-2.8945
-4.3808
-3.3955
-1.6433
1.5255
0.6494
-0.6104
0.6319
-0.0667
-0.4164
0.2393
0.9821
-1.6202
-1.9951
-0.2604
0.4685
-1.3213
-1.2794
-0.0219
-0.3081
-2.7004
-2.6903
-2.3189
-2.8478
-2.4301
-0.3868
-2.3528
-1.7982
-1.1693
-1.2719
-0.2133
0.0907
0.0966
-3.7621
-6.7301
-6.1734
-2.4345
-0.3981
0.0859
-1.3984
-1.3197
-3.0265
0.1988
1.6331
0.6798
-1.4831
-0.4946
-1.9587
-2.5636
-2.0061
-4.9236
-6.4426
-2.0630
0.6619
-0.7312
-5.3098
-4.9823
-5.1518
-2.7092
-0.0671
6.2703
4.6852
11.4866
24.7971
25.6227
7.8067
-4.2487
-7.3340
-8.6931
-11.1666
-12.5474
-9.2967
-7.4727
-6.5811
-6.1250
-9.6176
-12.2952
-13.9016
-11.6419
0.1254
7.6526
14.8546
16.8715
11.3790
9.9074
2.3184
-8.6888
-11.4724
-10.0040
-9.4702
-9.7524
-10.6511
-10.7125
-13.4124
-15.9240
-14.2185
-10.9928
-9.0930
-5.8628
-5.4195
-6.1796
-3.3640
1.6398
-0.5085
-3.2606
-1.1414
-0.2595
0.6427
-1.0068
-0.6275
-0.0316
-1.8213
-0.4848
0.2050
0.6958
-0.2533
-2.7902
-3.2006
-3.8973
-4.8217
-2.3209
0.3546
1.6597
2.5375
-0.0939
0.7488
3.7486
1.2695
-3.0486
-2.4745
-0.1340
2.2069
-2.0005
-0.7329
-4.1433
-0.9224
3.9967
2.6049
22.9056
25.3244
12.3458
-3.5124
-6.0605
0.3515
1.4673
-7.3253
-14.0270
-10.7018
-6.3943
-9.0709
-11.2164
-13.6193
-10.1464
-7.4215
5.0271
6.8863
6.0903
3.6278
3.0101
6.8932
3.1288
1.4313
-0.8708
1.1873
2.3297
2.8238
3.7108
2.9964
1.4964
0.3181
2.9255
-3.6656
-4.5420
-7.4845
-7.0079
-8.1434
-4.5197
-5.9023
-8.1029
-13.0413
-8.5145
-2.2162
1.2086
-2.0013
-2.1295
-0.0781
8.7691
23.7049
32.6410
32.3783
24.1697
3.5348
0.8163
-0.0586
0.3450
14.7419
19.2255
20.1720
12.1727
1.4218
4.4860
15.6950
13.4416
-0.1181
-13.4982
-12.9419
-11.9920
-6.5967
-7.9789
-10.3888
-7.8558
-7.4388
-7.4934
-9.0178
-3.7045
-1.3996
-1.1176
0.9876
3.3284
0.3820
-1.2774
-0.2150
0.0607
0.5854
1.8946
-0.6923
-2.4019
4.0113
9.4565
12.1112
12.9317
2.8211
-3.8234
-4.4004
-2.6899
1.9631
5.2689
3.2843
-1.3083
-3.4545
-0.6845
2.3214
7.1743
22.8452
26.6763
18.4601
7.6560
11.5697
19.6892
25.7599
29.1642
24.9646
20.8151
4.9628
0.7144
4.0987
12.9291
31.7856
35.4858
30.2547
21.1771
10.0348
-1.5767
-1.3913
-4.2294
0.9957
6.4385
11.5178
7.5885
0.8397
-8.2354
-7.6780
4.6663
13.6752
7.9357
-1.6866
-13.0836
-12.7991
-7.4779
-6.5791
-5.3778
-8.5609
-10.1770
-11.0653
-8.0142
12.7556
25.4497
8.7206
-2.3285
-3.6384
-2.5633
-3.1812
-1.2239
0.2002
-1.3881
-3.5223
0.9795
-3.0629
-5.3719
-5.8118
-2.9540
-0.7288
-1.9268
-0.2852
-1.2810
-1.1047
-0.3133
1.5509
0.7915
2.3232
5.1728
3.6717
2.8567
1.0533
1.5276
-0.8320
-0.4189
1.0319
2.6025
0.4771
-0.2940
1.1915
2.1880
0.4824
0.2093
1.5013
-0.2463
-0.2614
1.6324
1.5874

Coefficient 40:
2.6078
3.1526
-1.4237
-3.3509
-3.5424
-3.3808
-2.3034
-0.0110
-2.1561
-4.0546
-2.3568
0.2795
0.8715
0.7246
2.3169
2.3197
-0.4685
0.4768
0.2834
-2.7951
-4.4799
-5.0961
-4.1969
-3.9818
-2.2699
-3.0573
-2.8227
0.1075
4.4253
4.3661
4.8417
4.2711
1.1055
-3.9527
-3.8767
-3.9448
-2.8100
-1.4740
-1.2822
-5.9064
-3.5305
-2.4359
-4.2519
-4.8446
-2.4403
-0.7026
0.1991
-1.4427
-1.0352
-1.8647
-0.4623
-0.5169
0.0514
1.2733
1.1400
0.8194
1.0382
-2.0542
-4.6837
-2.5373
-2.1793
-0.9087
-0.1770
-0.8438
-1.7807
-0.7310
2.0266
1.6029
5.0004
4.7477
3.0887
-4.0971
-4.6914
-5.4527
-5.2578
-3.5258
-0.2800
0.3059
0.0973
-5.2178
-4.1995
-2.4766
-0.0078
-0.4101
-2.8977
-2.7559
-0.0820
-0.6616
1.2749
1.1480
-1.4232
0.8189
1.5828
-0.8216
-1.2945
-1.0144
-2.0301
-2.2008
-1.2074
1.8343
0.9475
-0.4391
1.1616
1.4199
0.4328
2.1649
2.4073
-1.1182
-1.7827
-0.0582
0.0298
-2.0159
-1.6410
0.5545
0.8433
-1.5133
-1.8860
-1.7603
-3.0392
-1.9770
-0.0336
-1.7916
-0.4386
0.5523
-2.1645
-0.5463
-0.1206
-0.2878
-2.3251
-7.2056
-5.8422
-2.1339
-1.3587
-0.1529
-1.3055
-1.2927
-2.7235
1.7967
6.8640
5.3496
-0.3629
-1.9082
-4.3121
-4.6225
-3.1934
-4.0594
-4.3839
-0.6334
1.0863
-1.7160
-5.9952
-4.9634
-3.4468
-1.1360
-0.7939
2.6599
1.7392
3.7729
19.0503
31.0700
21.7026
-0.7379
-14.7268
-16.8105
-19.3760
-16.6842
-10.4280
-6.4875
-5.7094
-10.0087
-10.8013
-10.5716
-9.9685
-3.8624
7.7683
26.3377
38.1767
38.3152
26.0494
21.5228
18.0202
10.0802
-3.5948
-6.6636
-5.9872
-9.4097
-11.2448
-5.9672
-10.0094
-3.2153
2.7671
1.1308
-4.0563
-2.4481
-0.0238
-3.1796
-0.6679
-0.6566
-1.7181
-4.5405
-2.0634
-0.9049
-0.4410
-1.0145
-0.6847
0.0704
-1.5812
-0.7528
0.2963
0.4848
-0.6863
-3.0811
-3.9049
-4.1082
-5.0891
-3.5401
-2.6767
-3.3294
-3.5240
-3.0477
-1.9929
-2.7782
-4.1274
-6.6360
-6.3449
-2.3911
2.8408
-3.6656
-0.8646
1.7475
2.5774
4.7772
2.6620
16.1263
26.7201
19.6839
0.5680
-6.0345
2.9439
17.5210
15.6902
2.8319
-2.7006
-4.6044
-6.8234
-9.4931
-7.1936
3.6969
6.5133
0.4545
0.4939
-0.9278
0.0426
0.2330
4.3607
4.9571
1.7072
1.1697
1.7474
1.1543
-0.1891
1.7429
1.7233
-0.2914
0.7380
2.3484
-3.9802
-7.2565
-11.8734
-9.0061
-9.8567
-9.0257
-8.0114
-7.0978
-5.7651
-4.4867
-6.4363
-1.7066
-2.8946
-0.2805
2.5122
13.2489
27.7797
37.1295
39.5561
29.0111
8.9343
5.7442
5.0794
2.1170
9.4748
17.3212
10.5360
-0.2173
-7.8586
0.0385
18.3802
19.4260
7.5129
-6.4635
-7.5749
-7.1789
-2.1784
-4.4208
-7.5762
-12.8228
-12.2715
-7.8712
-5.3587
1.2405
-1.6750
-1.8517
3.9561
2.1565
3.6066
2.3507
0.8851
-2.9592
-5.5808
-2.8764
-1.4973
1.6016
-3.0690
-0.9238
7.4082
13.4212
5.4302
-0.5653
1.0771
6.1629
11.4534
5.3779
2.5335
4.0501
0.3935
2.2838
8.6505
17.0965
19.7246
33.5715
34.8308
25.5193
21.1515
25.7657
31.3875
33.3270
28.9400
23.9078
9.3521
5.1026
5.8741
8.0360
23.5476
34.2928
40.9094
36.3091
28.0459
23.9494
12.4084
5.6876
10.1548
13.5381
23.0838
18.8796
7.3515
-6.1393
-4.3866
0.4522
10.2600
13.7483
5.1216
-12.8689
-10.6336
-11.3351
-14.7334
-15.4755
-12.3523
-4.6543
-6.4461
8.3024
27.5285
29.8758
14.4408
3.8850
1.4048
0.1966
0.1547
-2.2055
-1.3465
-0.4528
0.4586
0.7416
3.0579
6.4860
0.6866
0.0586
0.9129
0.6002
-0.3892
-3.7361
-0.4293
-1.9164
-0.2183
0.8011
1.3606
-3.3399
-6.1560
-4.6021
2.8061
2.0701
0.1409
0.3804
-0.1038
2.2062
0.1923
-0.5020
0.8253
2.0632
0.5062
-0.0059
1.7507
0.2879
-0.2876
1.5254
1.2414
