MFCC Analysis for recordings\MargheritaHerrera.wav
==================================================
Shape: (40, 1344)
Number of coefficients: 40
Number of frames: 1344
==================================================

Statistical Summary:
--------------------
Mean: -14.9645
Std: 106.6627
Min: -876.5895
Max: 204.9003

Coefficient Values:

Coefficient 1:
-876.5895
-806.2317
-748.8870
-752.5070
-774.8986
-796.8075
-808.7144
-799.6114
-800.2449
-804.6064
-806.1268
-793.9944
-785.8514
-760.5825
-745.3578
-725.2538
-721.2237
-742.7502
-743.7499
-680.9369
-631.7950
-631.2655
-670.1492
-726.3179
-760.1677
-790.6918
-747.2266
-634.6176
-534.9960
-480.3592
-471.4147
-504.2130
-572.2529
-526.9262
-487.4297
-523.3678
-584.5853
-587.8462
-541.3996
-539.2941
-576.1614
-622.6087
-599.5688
-500.4473
-439.8759
-427.5639
-436.5524
-449.9546
-463.8423
-476.1046
-478.0023
-479.1765
-482.1754
-481.2879
-476.5341
-458.2678
-439.1790
-418.8940
-418.9787
-439.3904
-459.9467
-490.2427
-519.3306
-541.2896
-561.6454
-534.3514
-521.9029
-529.3404
-490.1771
-448.7854
-422.4853
-449.2072
-536.1887
-659.6826
-665.4306
-619.4932
-596.9473
-617.2430
-669.6666
-718.8817
-753.7263
-780.5981
-803.6724
-816.5524
-825.6036
-830.6736
-833.2190
-834.1267
-834.3299
-831.6254
-819.1222
-821.3149
-829.2478
-830.8734
-833.7716
-825.0210
-822.7863
-832.8630
-837.3140
-827.1376
-822.9977
-826.7339
-829.9597
-829.4929
-829.1173
-806.9286
-660.6796
-551.0568
-505.3850
-491.3761
-504.7537
-511.0222
-514.3720
-524.2234
-534.7618
-555.4628
-587.4405
-630.3063
-663.0825
-684.3835
-697.2678
-720.7879
-749.8413
-771.0380
-778.6727
-796.1049
-809.2797
-817.1959
-815.3254
-811.3018
-774.9681
-710.8571
-649.7713
-609.8027
-575.3782
-586.4260
-589.7643
-594.5648
-585.0094
-481.5444
-419.1075
-424.1358
-487.1542
-552.6207
-560.1957
-574.9885
-582.9343
-568.7685
-536.1964
-527.4150
-523.2947
-503.4622
-463.4326
-457.4933
-521.0308
-536.6755
-495.8984
-483.5423
-492.1140
-496.1786
-515.5590
-518.0157
-557.3486
-619.9370
-664.5580
-638.6578
-619.0364
-614.4895
-616.0934
-625.9599
-647.2851
-685.7916
-744.0961
-791.8802
-812.3024
-823.7053
-832.6449
-834.1146
-832.8068
-835.8570
-832.5934
-828.4980
-833.1182
-832.7180
-831.4373
-837.1240
-838.7714
-833.2468
-831.7162
-830.1607
-831.9431
-837.3251
-830.9991
-823.0302
-821.3654
-828.7816
-831.4281
-817.1868
-794.9033
-732.6262
-668.9092
-663.2321
-699.6537
-680.1298
-631.0892
-595.4653
-555.2500
-533.6891
-530.6739
-539.5006
-565.7104
-581.1511
-571.2441
-523.3832
-500.2518
-500.7677
-517.0269
-531.7082
-558.7828
-527.1684
-453.4517
-417.7668
-408.1291
-421.7040
-449.9195
-498.7614
-529.7788
-508.5526
-503.9909
-529.4359
-578.5765
-566.6636
-532.0704
-516.5246
-521.6135
-541.7870
-575.9039
-607.2396
-646.5486
-681.2366
-719.0145
-765.4935
-792.6981
-813.3442
-814.5157
-709.1858
-634.2822
-630.1852
-654.8569
-645.0843
-539.3564
-489.0382
-494.2451
-537.8240
-538.7853
-536.2178
-555.6536
-578.7494
-596.6646
-530.9664
-469.8996
-448.9805
-457.0713
-460.5450
-437.1623
-450.9416
-508.1674
-601.6190
-682.9619
-709.8152
-711.2324
-710.5945
-672.5410
-638.4482
-634.4615
-637.9102
-647.0163
-669.0666
-676.5214
-678.6848
-716.8324
-775.2764
-799.0303
-807.5598
-819.7070
-825.9525
-826.5900
-831.8487
-834.9576
-827.7037
-806.2075
-711.9479
-596.9282
-549.1130
-548.5651
-573.8766
-577.5272
-557.8917
-550.2488
-555.8931
-574.6296
-594.7878
-614.8599
-653.1322
-712.5050
-767.3494
-802.4838
-731.9651
-622.2892
-562.2112
-526.0292
-510.2968
-516.0089
-494.2920
-473.0776
-478.5919
-483.4244
-473.2478
-458.7715
-466.6521
-478.1957
-495.4045
-526.6244
-547.8065
-534.8973
-545.8815
-590.4789
-665.5845
-760.0624
-804.9429
-822.1329
-826.6702
-825.3619
-825.6075
-818.6886
-810.7827
-809.2944
-813.2870
-805.4550
-803.7383
-796.8990
-788.8434
-797.0580
-806.1583
-803.8447
-812.5868
-827.9212
-831.2482
-828.8723
-824.2407
-753.1188
-636.3815
-562.0139
-538.5797
-552.1605
-582.9930
-616.2040
-640.1768
-661.4908
-642.3275
-575.9657
-546.6106
-538.8284
-540.4406
-548.6105
-576.2783
-618.8074
-633.4055
-624.9155
-636.1862
-659.8850
-630.8177
-544.7034
-485.9253
-467.5457
-468.2976
-486.8884
-525.2613
-543.6614
-552.5309
-571.4182
-614.2798
-657.8585
-583.6229
-516.0532
-496.8928
-514.3372
-532.1716
-513.0659
-517.0402
-537.2890
-522.1630
-481.2532
-455.5616
-457.9200
-475.4174
-484.8992
-486.9064
-495.0793
-509.2605
-528.3203
-549.8311
-572.2305
-594.1320
-630.2399
-678.5943
-726.4430
-751.1478
-758.7157
-783.0219
-797.9187
-796.7753
-798.6999
-804.0229
-803.3774
-798.2632
-794.0927
-791.7158
-804.7667
-814.1273
-792.4987
-783.6307
-795.5806
-803.5604
-809.2330
-811.7551
-818.6273
-821.6216
-820.3297
-820.1591
-820.2480
-815.5866
-754.0249
-655.9677
-576.3755
-530.0042
-511.1860
-453.3633
-429.3035
-422.2246
-434.5857
-471.7515
-542.0909
-565.5633
-576.5136
-584.7596
-503.7394
-443.3273
-424.4845
-393.9922
-369.6288
-394.8682
-486.9921
-607.9783
-675.9886
-711.8660
-743.0929
-773.8829
-787.3121
-789.7326
-798.7751
-804.3833
-814.8285
-814.9256
-777.3852
-660.3792
-595.9891
-577.8026
-571.6301
-571.8622
-539.4560
-510.9324
-514.0389
-533.8594
-535.0243
-547.3497
-577.7495
-616.3792
-564.1359
-517.5159
-510.4411
-535.4471
-559.2995
-551.0487
-550.0883
-546.5072
-542.4399
-539.1026
-539.7537
-560.4800
-603.7117
-648.7457
-690.0226
-732.8694
-767.3683
-793.2150
-800.6298
-799.6364
-769.7263
-649.7633
-584.9194
-566.5325
-573.3862
-589.2579
-556.0713
-520.7451
-511.0570
-523.4331
-509.2076
-512.8583
-543.0034
-554.1192
-540.5134
-523.5221
-462.6176
-444.7993
-475.7773
-505.2387
-519.1086
-541.3663
-558.7720
-587.4797
-647.6658
-730.3565
-773.4008
-787.2636
-782.8394
-775.7342
-755.1702
-754.7148
-768.1417
-787.2307
-805.8418
-805.0059
-712.3869
-627.6985
-578.3270
-569.1627
-573.5247
-574.2687
-569.1440
-575.8491
-578.2921
-569.6939
-573.0650
-589.2211
-623.0118
-647.1721
-678.1813
-723.7628
-767.4962
-790.4907
-795.9833
-794.5113
-801.1847
-807.6577
-808.6443
-812.8267
-817.6985
-819.3905
-813.9672
-820.1137
-823.8823
-820.5397
-808.6729
-759.2548
-684.4414
-608.0120
-564.5359
-584.8699
-665.7441
-714.5596
-616.1718
-556.6787
-550.8167
-571.3923
-604.4720
-639.7776
-667.6932
-690.1193
-708.0613
-722.7766
-739.3226
-745.3486
-748.3835
-772.6080
-715.8011
-634.5999
-574.9363
-557.9035
-591.8474
-686.6718
-762.3484
-785.6959
-796.2965
-807.0623
-801.7793
-781.6268
-784.1056
-798.8286
-786.8904
-664.6651
-550.9399
-502.0391
-517.7833
-563.5119
-586.1165
-595.8803
-507.4223
-461.6938
-474.7483
-541.4750
-647.3480
-629.0107
-556.8731
-518.1167
-487.5538
-486.2263
-517.5964
-549.5491
-513.4415
-476.7209
-460.8140
-476.3396
-527.8925
-579.8595
-604.9850
-622.0685
-632.7801
-641.8248
-651.2454
-678.1789
-720.5595
-748.9023
-775.2621
-808.0694
-814.3950
-817.6675
-826.0816
-822.1168
-786.5916
-701.5815
-629.6013
-630.9658
-673.3604
-664.4177
-636.1636
-617.9755
-644.5497
-738.7109
-714.0483
-632.4496
-597.9117
-607.9716
-654.7240
-711.1839
-679.4638
-602.7494
-555.1678
-548.7748
-561.9935
-548.3081
-549.3584
-569.5434
-612.6546
-684.5607
-740.0552
-775.7382
-794.8579
-802.6555
-806.9927
-807.9219
-802.6083
-801.4646
-807.8358
-811.7030
-809.6319
-811.1448
-808.4695
-804.5554
-807.5315
-807.3253
-784.9641
-773.1671
-773.5056
-772.8799
-753.5554
-756.8453
-774.8934
-792.8984
-802.8723
-801.7104
-774.7756
-763.0554
-776.2142
-792.4001
-732.1392
-645.8649
-599.0409
-584.8405
-586.5465
-571.7986
-542.5735
-522.7911
-526.6489
-543.4458
-575.1044
-580.2421
-588.0202
-538.4973
-476.1164
-437.8918
-430.1924
-439.0288
-454.8823
-465.2179
-479.7872
-514.1631
-555.2736
-603.7133
-667.6418
-722.2305
-746.3345
-774.2219
-802.3621
-817.0320
-816.7544
-820.0995
-828.5532
-809.0833
-681.9346
-562.3511
-537.6285
-569.8168
-614.6830
-611.1982
-567.6899
-538.5410
-536.3296
-541.5536
-557.2009
-568.5558
-536.8438
-507.7499
-506.0037
-508.8939
-495.8167
-484.6185
-494.1922
-515.8224
-540.6835
-558.9601
-601.3981
-641.9866
-668.5016
-638.8165
-546.0139
-502.9955
-518.0793
-561.0190
-594.5356
-618.1960
-645.9288
-653.1265
-620.3138
-599.5912
-603.6560
-606.0742
-600.7553
-609.3693
-610.4952
-602.8348
-607.1705
-614.0019
-630.9688
-653.3780
-678.6319
-698.1548
-717.1650
-747.5994
-780.0175
-800.4349
-821.8185
-831.3911
-830.5352
-829.8475
-826.4648
-816.8306
-812.1950
-813.9432
-815.2077
-816.1996
-819.2368
-816.2790
-818.7285
-820.0169
-817.6970
-816.9460
-696.1141
-593.8134
-556.1242
-572.4094
-609.1442
-581.5024
-486.1232
-439.3579
-411.4979
-407.2378
-447.9072
-484.7705
-503.3728
-570.2189
-660.0300
-598.7587
-553.6429
-510.8672
-460.6778
-424.9036
-410.9656
-404.7706
-403.9651
-419.8513
-438.7743
-465.2315
-499.1369
-540.4948
-561.2935
-573.3841
-593.8760
-634.6320
-693.1997
-737.0903
-770.7037
-801.7578
-814.7737
-820.8604
-817.2701
-822.0341
-821.0342
-808.6097
-802.8044
-806.8476
-819.4525
-827.1879
-820.6979
-822.0947
-820.2363
-812.8746
-813.4414
-816.2863
-791.7571
-770.3266
-765.7992
-774.1046
-778.4705
-785.0134
-729.6050
-593.3127
-527.0081
-496.4163
-473.6356
-465.1628
-466.1454
-461.0965
-462.8416
-490.8796
-534.0927
-570.0574
-606.3041
-627.8829
-649.6673
-676.3054
-720.6475
-764.5453
-787.2625
-798.6908
-787.1586
-789.5088
-799.5981
-805.2515
-806.0606
-714.6378
-624.9955
-564.8827
-513.4785
-456.2167
-437.2957
-448.8223
-498.9157
-553.1630
-589.6818
-619.5850
-629.3267
-614.3167
-558.0064
-516.7885
-503.3509
-512.0284
-530.0302
-547.0690
-561.9637
-577.2916
-603.4987
-641.0386
-694.7967
-750.6798
-768.0233
-790.9627
-807.5801
-807.9886
-807.4691
-811.2520
-814.3680
-813.5921
-819.9463
-821.0050
-822.9996
-825.2705
-823.1118
-818.7303
-807.4185
-805.8666
-816.0334
-822.6343
-823.9727
-815.4395
-813.6176
-816.0416
-820.3635
-815.4353
-811.3259
-814.4211
-808.7435
-805.1298
-799.1744
-792.1141
-785.2814
-761.0145
-643.0054
-564.4106
-557.7990
-626.1749
-617.0369
-507.1770
-459.1797
-456.2935
-467.0796
-462.7250
-470.9605
-500.2298
-524.5272
-529.6107
-471.6568
-425.4091
-412.3778
-427.1482
-452.1164
-458.8969
-478.2831
-512.9677
-549.3749
-571.3098
-557.1713
-512.5555
-486.1263
-471.8095
-462.4763
-480.8534
-515.0655
-519.7806
-504.9827
-514.4428
-540.5554
-585.9887
-578.2036
-443.2438
-393.1432
-379.2552
-372.7761
-378.3137
-421.5097
-446.6479
-438.0153
-454.3208
-510.4389
-530.7651
-457.4379
-415.4834
-418.7430
-440.9441
-451.0482
-460.3139
-486.9396
-530.6354
-568.1133
-581.7213
-590.7331
-610.9265
-654.2001
-704.1766
-748.4663
-791.2917
-817.4380
-819.3132
-820.0504
-826.0629
-830.6395
-832.4659
-827.8104
-823.8308
-826.6432
-827.5963
-824.4653
-820.7981
-820.5488
-821.9202
-827.8181
-829.0417
-826.0585
-825.1228
-823.9508
-826.3610
-828.9717
-816.1172
-803.6982
-798.1783
-807.6337
-824.5787
-817.7697
-795.6052
-663.8115
-556.7725
-513.7027
-527.8679
-522.9435
-475.5996
-458.7657
-464.5603
-471.5967
-437.4891
-439.9362
-451.0494
-453.3426
-508.2140
-599.4485
-608.3350
-544.6613
-496.4091
-459.0751
-459.3888
-491.0543
-521.0022
-550.4659
-578.3546
-612.0043
-627.1118
-657.1736
-694.4692
-736.1796
-776.6620
-793.9989
-805.7941
-818.7128
-820.1270
-818.6427
-818.7615
-813.5988
-812.5089
-801.7196
-780.0750
-776.3973
-791.6959
-804.4745
-810.1818
-808.4474
-805.2939
-804.8565
-806.9468
-813.3070
-805.5768
-807.4420
-811.3279
-817.4223
-818.2881
-809.4128
-707.9873
-611.6821
-548.7344
-507.0288
-491.7337
-493.7967
-504.1217
-516.2631
-538.6003
-571.5546
-614.0031
-641.0707
-661.0121
-675.8649
-625.6038
-565.3217
-544.6031
-583.4553
-689.4639
-674.9188
-603.7780
-485.2393
-422.9193
-421.2142
-442.5977
-489.4633
-512.1123
-500.6147
-505.2527
-523.6324
-497.3757
-449.5656
-448.2914
-445.3621
-425.2469
-422.0473
-441.1328
-483.9243
-549.9720
-619.2834
-674.4102
-729.2438
-762.4732
-785.8860
-791.4886
-797.3777
-807.6172
-807.8956
-806.5070
-821.3450
-830.4829
-833.8988
-831.9826
-819.4907
-809.8703
-807.8989
-808.6130
-807.1256
-815.9396
-751.9953
-636.0769
-575.6001
-571.2400
-568.4529
-536.9203
-526.9459
-536.7420
-521.5923
-508.9459
-498.8655
-454.2097
-444.3615
-481.0933
-543.0592
-523.1740
-508.3482
-513.0828
-526.7453
-559.0228
-592.6784
-606.8986
-606.4589
-627.1677
-649.8204
-666.2462
-691.9603
-715.7445
-745.2593
-776.8645
-803.3751
-818.0126
-814.7659
-817.6082
-815.5031
-805.4345
-797.9175
-793.5381
-794.7699
-799.3563
-795.9144
-785.8997
-780.6678
-785.7272
-795.0655
-799.4935
-807.5228
-803.2826
-790.7758
-783.0024
-782.6091
-789.1260
-796.5908
-785.3578
-760.1202
-741.9536
-727.6005
-729.8664
-738.8966
-742.1617
-744.9944
-752.6440
-752.3463
-739.0055
-728.6191
-727.7635
-727.0644
-724.6431
-720.0546
-720.2841
-734.3640
-748.6381
-733.7503
-709.1518
-693.0638
-702.0400
-711.4343
-716.6260
-728.0152
-731.0338
-738.8301
-753.6010
-763.9600
-766.4490
-769.7495
-772.8997
-774.5660
-779.0938
-779.6901
-788.5019
-797.6417
-798.1887
-798.4378
-789.7887
-767.1270
-737.9758
-699.9473
-666.4677
-631.9294
-599.4764
-595.0181
-593.5429
-590.2241
-583.9528
-591.0953
-618.4551
-638.1633
-619.2294
-612.3835
-580.4775
-528.2087
-539.7599
-618.4399
-647.7145
-656.1330
-687.2314
-732.0579
-761.7254
-741.2443
-727.3299
-717.9341
-708.5524
-708.3551
-699.3566
-651.5298
-613.6832
-639.1302
-708.8837
-726.8224
-741.9042
-781.6454
-808.8851
-823.3235
-827.0532
-827.3135
-831.2028
-827.8193
-822.9516
-827.6488
-831.2147
-825.1495
-818.4554
-818.5958
-823.2703
-823.8347
-821.2847
-710.1407
-414.5485
-366.0138
-435.9379
-566.9732
-614.6312
-680.1366
-758.5418
-786.4213
-796.2640
-801.3060
-806.7532
-821.7628
-828.6635
-801.3656
-776.0820
-748.1117
-719.7042
-685.1578
-667.4971
-685.8346
-718.7733
-732.1464
-766.0621
-811.7543
-827.7089
-823.3326
-808.7284
-806.5746
-812.3930
-809.4921
-806.2752
-809.8468
-816.8320
-810.3325
-566.6807
-448.5226
-463.6599
-611.1134
-712.0474
-705.6838
-680.1543
-712.8704
-762.8036
-791.2488
-803.4042
-684.6901
-578.4320
-577.6945
-635.3275
-663.4106
-669.8392
-683.1057
-727.1993

Coefficient 2:
1.7318
64.1192
103.7752
105.4163
89.4289
72.4925
63.2580
69.6396
65.2432
59.8332
59.7644
71.3031
75.2126
30.8291
6.3467
1.3528
13.6261
22.4115
35.0645
56.5554
79.5537
90.6848
99.2243
90.4517
64.3090
46.2178
100.9429
151.4127
149.9383
141.4768
136.1727
127.6086
116.4386
108.8223
127.5556
152.8845
169.1943
174.2854
173.9620
175.2198
188.3463
204.9003
178.1414
132.1988
109.9851
96.4513
92.0926
81.8737
69.5456
60.2398
63.0273
68.2731
68.4189
68.5772
64.7263
72.2545
86.1642
89.0485
93.2215
70.1412
18.8190
5.9989
34.3072
42.9141
34.9633
-24.7612
-73.6975
-95.0970
-12.1189
83.0161
112.1531
131.7097
146.8564
143.0940
122.9324
99.7948
95.6622
93.0079
105.2554
110.8814
103.5037
96.0490
79.8989
62.9945
48.4033
39.9609
37.1176
37.7532
34.9915
35.8399
48.9909
46.3846
40.9718
41.2709
34.7544
36.4499
42.3253
37.0546
36.6941
47.8433
48.2981
42.1294
42.5221
45.2866
44.5818
21.7465
60.7727
82.7828
97.9842
106.8748
112.5449
106.7448
103.0835
103.5398
108.7499
105.6175
101.3941
97.3971
97.9262
105.0845
101.5001
97.9105
97.4682
94.3139
91.5334
77.8220
61.1979
48.8767
32.7869
20.7188
-16.8958
-70.2289
-111.3847
-132.4176
-69.9033
6.1674
37.0520
41.3743
52.6511
108.0064
123.4235
134.6528
132.3199
87.6017
28.6759
7.0090
38.0468
63.0528
105.0556
143.2318
159.7578
153.3239
137.7674
137.2579
139.7310
64.2047
-19.1969
-63.9146
-88.9425
-38.2129
59.7508
106.5838
122.7579
127.0864
132.1751
43.5330
-14.6827
-53.7979
-76.3569
-82.7483
-76.9011
-61.6780
-37.3195
-9.7934
13.7327
32.8832
37.7624
34.2988
38.5150
37.0081
37.8428
42.7363
37.0430
39.0787
40.3499
32.3117
34.7102
41.3364
40.6136
41.6636
39.3909
36.7228
40.5162
47.4915
49.6872
39.9468
35.8573
47.4899
45.7469
44.3735
58.6280
64.5722
65.7531
83.5783
87.6133
88.9398
96.0320
107.7799
125.1882
144.3699
153.5056
118.8503
101.0867
98.0852
92.6030
92.8658
78.9674
50.4712
47.5301
111.5281
140.6640
144.7893
149.6101
159.6479
170.0769
163.2133
110.3831
55.8456
34.4821
51.6348
100.3803
127.5842
127.3686
116.5003
107.1172
104.8296
105.2750
106.5081
107.1416
103.8497
92.4324
66.2560
50.0903
44.9081
49.0410
32.8886
58.8350
84.4443
101.4410
103.0438
141.5440
142.3834
137.8217
147.7346
139.0896
128.1627
132.7298
136.7720
126.8796
123.4201
127.9419
125.5684
129.9715
140.4504
143.4366
144.1762
158.0605
168.3463
157.8516
158.4131
157.7654
154.8673
158.2087
163.4043
158.1480
154.3838
149.1673
97.1926
34.5297
13.9786
17.4138
43.4490
58.2520
59.8586
48.7635
46.0203
44.6592
42.2663
35.5326
43.5933
65.8526
79.2922
72.9259
73.1590
81.6759
92.8046
95.4047
84.3365
79.6133
80.9944
83.2668
88.0669
98.7089
102.7683
92.2438
81.1542
64.6340
110.7693
142.6293
152.3743
142.0627
135.0274
130.6784
66.8853
1.5915
-21.6688
24.4383
90.9000
118.9514
123.5343
99.3658
82.2536
84.1495
74.7344
7.7553
-29.5405
-32.1982
-6.3938
27.7085
40.8835
46.1018
44.2660
42.0774
37.0237
40.0052
38.4993
32.5114
29.9911
35.0320
33.0917
33.5111
35.3298
29.9798
34.6564
47.6890
46.3553
39.0311
36.7867
40.3077
37.7524
80.3782
110.3865
123.6831
122.3614
116.1423
112.7639
121.3842
133.9886
142.4919
102.5658
14.0122
-35.9227
-57.0684
-70.2783
-77.1829
-71.5434
-8.2781
48.0937
71.3805
89.9622
95.1577
123.6357
154.3264
156.7208
152.5915
137.7501
122.9428
125.0303
128.3125
125.6917
128.2241
138.5701
155.5639
169.8686
173.2753
176.5905
174.8889
158.7909
111.7563
67.8389
55.5577
121.4747
164.1323
166.7523
164.8836
157.2271
154.0827
156.3627
169.0712
182.5992
180.3313
189.8282
198.3147
196.1169
191.8782
159.4623
104.3771
67.5794
53.9890
53.0899
67.2302
69.5062
60.7920
54.0132
54.2871
60.9071
68.5539
71.6247
64.2982
55.4787
74.2164
82.9299
74.3470
69.6453
67.5832
62.9286
54.8248
44.4741
41.6356
44.6934
49.0137
58.5636
-7.1698
-53.4657
-71.5338
-79.2474
-71.0811
35.0733
101.3244
104.0632
110.8650
127.2827
151.2162
144.0799
133.5120
135.6934
125.8145
124.5440
123.1823
117.0048
118.8099
135.1410
150.0015
138.5812
142.4008
137.1904
118.3528
93.3138
87.2731
82.8915
72.3461
66.1393
56.2394
56.0466
86.8317
142.2671
155.4802
136.2517
86.4479
44.2903
0.5005
-9.2598
22.9864
64.1930
84.4753
96.9797
99.5156
54.4471
-38.5208
-64.1473
-51.6486
7.0319
101.5731
132.1787
137.2476
140.4936
139.0323
141.0762
148.9544
155.9376
162.0621
158.5027
139.2359
116.1493
98.4480
80.3479
77.4100
78.5166
104.4099
168.2863
174.1189
167.5824
155.6714
113.9014
0.4076
-47.5845
-17.7024
43.8668
30.3676
-14.7631
-38.3478
-49.8797
-41.3863
17.9610
20.5014
15.4267
32.4956
48.7909
36.2648
5.3506
-28.4452
-40.9047
-23.7312
8.0718
17.6204
19.7771
26.4600
23.9495
9.2384
11.4990
32.8276
43.2734
39.8073
50.6112
135.8178
166.4618
164.0297
169.7554
182.7319
188.0448
187.5451
182.7035
172.8721
159.0692
144.5705
135.5211
118.9135
113.0881
109.8761
99.4736
72.2298
49.9275
46.8548
51.8801
49.7597
50.7491
54.2441
50.2090
48.1753
51.7544
56.2409
47.4700
46.0281
39.7852
26.6867
69.7075
96.9898
68.9512
25.2570
10.4776
34.8562
48.6258
63.5196
82.7566
93.8012
109.6333
128.5552
141.9853
153.6269
158.1810
151.4322
141.6640
119.4689
74.9859
52.0765
45.8572
85.3347
82.4428
55.9144
24.2411
19.5306
44.9737
58.4575
61.9532
63.4394
60.1265
64.1905
79.7482
80.2524
71.0385
67.3206
93.7358
98.8041
103.6958
116.5970
134.0846
131.5165
133.0339
160.6518
153.8025
147.6991
150.6859
153.5865
154.0314
155.5650
127.6998
52.8332
-8.3358
-25.1034
-14.6630
42.6807
71.6573
76.3251
95.1509
113.2722
128.5430
141.8066
151.5283
163.2198
164.6870
164.0617
158.6962
135.7892
102.1340
73.7881
48.1934
47.4750
52.5446
45.8744
54.9330
95.7153
106.9470
99.6306
90.7634
55.6269
-10.5512
-50.0305
-55.9721
-40.2827
10.0340
109.2302
151.5309
159.6425
154.4547
137.9644
121.1334
30.3190
-68.0464
-83.7390
-61.7453
-44.0223
-68.2851
-74.4712
-69.3411
-55.3651
-30.9004
3.0553
22.4768
43.0547
50.1948
50.4032
49.7128
49.0545
49.2078
47.5373
41.6595
41.7438
41.3408
43.2978
42.0125
35.6104
40.7536
51.7605
53.8331
57.5426
60.6404
77.5689
78.5877
71.2910
61.6945
55.9087
61.6135
91.5623
100.4746
88.0866
79.2194
112.7948
122.1784
115.9258
104.4053
98.6107
42.6634
-37.0509
-72.1935
-79.0657
-48.8912
18.4417
46.2181
71.6962
115.6061
120.2842
108.7167
106.5661
114.2933
126.2964
130.0913
125.4359
130.5484
123.9756
103.7025
89.4953
72.4451
74.4454
69.8740
52.7068
50.7074
58.6298
55.3759
44.4647
48.9041
106.4735
137.0448
144.1964
155.8289
163.3436
162.4778
156.1289
164.2507
171.9636
165.0002
160.4454
158.9547
134.8084
121.8266
123.7347
139.9944
158.4324
159.6733
157.3105
159.6774
163.8824
171.6792
164.6823
128.9115
102.7610
142.2582
159.5190
159.3809
161.0358
166.9099
146.8584
119.0867
105.7287
148.3340
189.6647
196.2407
193.5862
188.3101
187.4186
176.9695
170.0049
164.8159
162.3683
167.9501
170.7663
170.8844
166.7029
156.7516
141.4943
118.8943
90.2466
69.9922
51.9247
44.0885
44.5691
46.0596
52.2251
59.1303
59.8954
58.0766
61.0845
62.8226
57.4078
57.6610
58.2482
54.8270
58.0994
60.0561
120.5360
129.1696
135.4386
148.5873
151.0120
145.4536
147.0766
138.7207
124.0864
118.0951
131.6424
129.6433
118.4553
115.4052
110.2606
46.0767
20.8949
54.1335
88.4374
93.7712
76.4651
76.9261
83.4491
91.8916
112.8403
133.6344
159.1569
173.6787
180.5442
184.9663
184.4000
174.3232
152.8459
125.4039
96.1274
65.5895
56.8663
50.4543
52.9969
48.8838
52.3569
67.7961
76.0006
70.3324
59.6413
48.6409
50.5178
47.9606
50.0366
58.2986
57.3569
53.4956
75.4884
94.2935
94.2805
83.8296
78.7815
72.8645
67.8612
89.7458
95.4922
97.0617
91.6742
91.3111
90.3281
93.2762
98.9043
106.1309
120.2045
128.1584
135.3717
149.3559
158.0970
154.7884
134.3799
108.0295
93.6371
81.2553
87.9895
84.8191
73.3642
65.1748
63.7473
13.6223
4.5471
54.1118
78.4890
78.8588
80.8304
99.9802
125.8561
146.3005
148.3419
130.5763
100.7892
73.6378
-8.8879
-52.5173
-68.2978
-76.0287
-76.5664
-73.4837
-68.4755
-67.9076
-63.4352
-53.3227
-46.8350
-35.4485
-9.7326
8.9124
33.4676
43.3495
39.8722
31.7787
27.4526
28.7282
28.5843
30.6952
32.8049
36.3964
46.6414
53.3171
55.2833
52.2646
49.1871
46.6147
44.8421
54.4104
57.7814
57.1116
52.6081
56.5952
61.0947
57.5824
60.7334
63.1517
65.0780
62.4790
65.8429
86.1682
81.3810
80.9208
87.0035
100.6736
103.4571
103.9159
105.4963
96.1126
91.1678
107.7006
134.0181
149.6592
160.4951
160.2505
152.1187
132.2758
115.3663
108.0672
73.0774
27.3299
6.1380
-1.2279
3.2592
37.6964
78.2813
90.0854
91.0994
99.0446
118.7304
126.2875
122.0475
139.0046
152.4290
157.9124
167.1327
161.0928
137.8659
137.8866
127.2330
112.6548
104.5784
113.9596
130.0871
112.7857
87.2784
91.5888
113.6189
156.8842
163.2616
147.1353
127.6468
84.7915
26.4534
9.0123
5.0347
-10.2300
-23.7855
-38.3756
-42.9122
-40.7870
-33.5911
-22.9817
-18.3031
-2.3173
28.3085
50.2589
50.2024
44.8670
42.0848
40.8095
41.1799
43.8808
41.4364
38.1602
36.5305
38.2610
35.7125
37.7104
37.0269
40.1215
45.4412
48.0338
50.7977
45.9678
42.3163
57.2830
68.1848
75.1255
67.2813
50.6018
53.8775
61.4525
73.7932
77.5256
84.6978
96.5000
127.2141
159.4984
165.8874
160.2493
158.5565
156.7124
152.0834
134.2374
131.8349
141.3123
160.1680
132.8959
103.4159
114.8817
141.3196
147.3135
153.6865
164.7170
162.7776
158.2999
152.7537
155.6092
157.9193
151.8474
134.8236
100.7442
85.2052
72.1770
56.0607
55.4766
56.6515
54.8430
59.1344
53.5676
64.2592
79.6404
82.1518
70.4419
65.6510
62.5986
66.9422
68.2297
64.0369
59.9722
55.7675
57.8237
61.6008
63.5272
56.3079
52.0431
48.1602
82.6099
87.0504
89.8927
102.1018
104.7325
96.1715
87.9098
99.1641
108.0700
117.4403
133.7084
145.6471
151.8436
148.2747
109.8911
100.0715
100.1956
100.8392
106.7606
47.3717
24.7065
83.7494
99.2405
97.4981
113.5823
128.3567
113.8841
101.2451
108.2588
128.5561
143.7559
135.8078
122.2045
70.9246
14.6963
-9.2253
-24.3024
-32.6517
-10.5297
18.9789
26.8619
33.2101
42.9614
48.0474
47.4338
42.1302
37.1025
43.8578
52.3983
45.7552
41.6726
40.5550
43.8047
55.1777
59.2575
61.1871
62.4936
67.1411
58.7673
39.9987
43.3277
82.3791
110.7459
111.3266
76.0138
53.7752
86.5018
139.1740
150.5323
147.9013
130.2199
118.0268
111.5398
123.4457
152.7082
161.0258
157.2434
154.9333
148.5892
126.6401
106.3096
94.9898
89.0390
64.5713
55.1725
65.5743
84.8078
87.9875
81.4292
71.8932
59.2084
60.4664
57.8985
63.3263
75.2930
80.0767
86.0157
85.8019
80.2168
86.2488
96.3889
103.4351
96.1818
84.8559
79.1926
71.3604
75.0725
85.1090
96.4427
100.3925
91.3097
80.6101
89.6088
108.6687
109.7341
99.9907
95.6549
98.4248
108.4522
110.1166
109.6605
110.7447
104.5692
100.1537
96.4018
103.3956
119.3421
130.5812
130.0930
122.0887
119.0942
116.3718
116.1110
118.7757
118.3805
125.4013
127.3162
123.5177
128.0370
125.6480
117.3370
109.1041
104.9911
98.9722
99.2740
101.9296
97.8804
95.7736
86.9812
81.0984
80.0697
79.7139
85.8929
97.4250
91.8925
77.0015
47.1449
16.8506
4.1607
-1.3774
0.5256
-1.4918
-1.0689
7.1140
5.1888
-4.5889
-42.1150
-50.4680
-14.8010
-14.5143
11.5562
47.6875
52.7990
50.4269
43.4891
39.3181
37.6482
46.7510
41.7499
38.2447
35.8734
34.9939
41.5881
51.9040
48.4053
63.9088
88.8863
98.7716
101.0331
84.1560
64.6271
51.3443
46.9499
46.9682
41.2605
46.2755
51.1031
46.9596
42.1781
43.3363
47.0454
44.7900
41.4649
38.5020
41.1321
16.1852
-17.6961
-11.3200
9.9229
37.3824
19.2615
26.4222
45.3220
64.1519
71.7803
67.4635
63.3981
50.5226
40.5930
33.6822
15.2060
3.9164
-3.6875
-4.2199
1.8130
-1.0675
-9.4064
-5.0741
7.6277
26.2447
38.3868
48.6148
65.1194
69.2417
63.6689
65.0517
68.7552
65.3704
54.0541
51.7360
8.3068
-7.2567
-2.5103
32.1986
44.4319
54.0688
60.1120
74.5957
73.8932
52.5783
43.8581
26.8017
21.0585
25.3828
21.7740
1.1970
-13.1132
-13.7623
-9.6467

Coefficient 3:
0.9762
32.8615
39.7919
45.6524
45.5204
39.7262
37.1562
40.8053
39.7096
30.7215
24.3949
30.9302
31.6936
68.0456
81.2506
71.1701
47.7574
22.7215
-8.7612
-13.9274
-5.4805
3.1068
-0.3082
-1.5268
-0.7117
2.6434
40.2323
55.0334
38.3597
32.5922
42.1073
53.5472
42.2292
16.1739
22.0699
37.3466
44.3598
19.5567
5.2960
0.6154
9.7094
24.0399
44.3405
26.6178
21.8869
24.8645
16.4708
6.8371
-0.3220
-10.3509
-20.7803
-24.5190
-23.5965
-28.4528
-24.6693
-18.8184
-13.9360
-3.3969
8.0385
29.5187
41.5952
49.3999
50.4117
47.6993
53.3465
78.6479
87.4333
80.9749
75.5980
36.6185
22.7132
22.0440
22.7561
17.2743
43.5498
67.6002
70.6724
62.6612
62.8298
68.8745
71.2114
74.0904
60.8383
46.2106
37.6934
30.7616
30.0066
28.2409
26.9399
28.0566
31.9076
35.5116
29.5318
27.5102
26.6990
22.5511
22.4784
24.4000
25.6614
36.0643
35.4683
30.3762
31.7038
35.7037
39.0247
29.8706
84.4517
83.0233
69.3621
62.1918
74.6285
86.6259
79.9579
72.3417
78.3742
91.5171
95.5012
92.5228
86.0081
78.1142
69.1658
60.8844
57.6276
54.7421
55.5779
52.7738
46.1734
37.0454
42.0714
48.4058
72.8533
90.3974
83.8955
68.5443
99.2019
103.9795
85.3319
53.7173
21.3016
8.7794
5.3849
6.6123
13.8300
24.6920
12.0933
14.9010
64.5527
73.6940
55.3673
59.6195
67.5212
68.7444
51.6853
46.7108
39.0926
-12.0991
-9.7723
1.3868
-0.2739
28.5452
42.7852
38.8744
43.2880
48.8357
60.5482
136.7051
168.8349
169.1317
156.7452
143.1526
134.9744
127.3133
104.1144
66.9191
47.4917
39.2772
34.9421
30.2243
29.2573
30.6143
27.7540
30.8181
28.1117
29.7698
31.1736
25.6133
27.5752
30.9425
30.0351
28.1819
28.7231
28.1529
30.5510
35.0836
37.5455
31.9819
29.8560
38.6260
31.0241
-2.2175
-9.4360
-5.5978
2.9224
48.6730
75.6339
78.0593
54.3631
44.7037
41.2909
25.4910
15.3221
13.0143
8.6209
9.0283
18.5132
34.3068
42.9140
27.6727
19.5153
21.1613
17.3698
15.6097
18.6029
26.2313
31.9333
38.0726
34.8506
16.0894
7.0193
18.0040
35.5392
44.8640
50.4303
40.9372
35.7249
35.1523
45.2965
52.3405
55.5872
52.2282
34.6649
14.5435
12.9250
25.3239
32.4249
19.4534
42.5099
49.9971
42.0389
31.4197
25.6441
24.0733
30.8317
42.9785
49.3516
38.1052
25.4597
30.9750
44.4420
47.0772
35.0408
15.2102
2.0903
-0.8223
-3.9765
-7.9750
-0.3299
10.0245
18.7439
52.0744
69.8917
85.0736
89.1630
77.5829
62.0673
52.7442
49.8452
60.6359
48.6540
27.9347
19.0762
18.7284
32.8712
38.3399
33.2812
31.8137
34.4169
34.1732
29.9477
35.4466
48.2399
35.3332
16.2528
7.8638
14.7552
25.0359
42.2845
53.7419
50.9686
53.8821
52.5419
51.0238
55.9303
54.9389
53.7015
53.5416
44.5124
73.2864
59.3550
39.7769
41.9938
52.9656
70.6972
92.5627
78.2168
54.3650
57.0672
34.2486
20.5055
21.3567
33.2441
44.0535
47.5563
60.7059
91.1715
97.8723
105.2967
90.9753
68.7989
51.9993
41.1805
34.5501
26.2634
21.6177
24.9557
24.1136
19.8401
18.6659
17.1884
16.8564
13.1474
14.4984
11.7122
15.7722
24.2088
24.1801
22.1971
24.7838
29.9049
34.1524
71.4552
95.1029
88.1812
79.6110
79.2030
83.4232
87.8860
92.1803
102.6414
118.3463
120.1936
116.0357
119.6268
110.0855
95.0756
86.3284
102.9435
112.7778
110.5263
93.9101
65.8092
72.1686
63.0671
38.9085
27.7150
28.5626
25.9219
24.8972
25.8743
27.5977
29.0989
34.5763
45.9109
31.8821
23.7679
30.0276
48.1253
62.9071
44.7037
30.2440
28.1385
46.9510
37.7090
19.3264
3.1060
-7.6317
-7.9805
2.2890
21.4331
41.1903
56.0478
65.9543
72.3986
76.2091
77.6354
63.9862
57.8454
55.9285
57.0260
54.7781
48.7046
44.3345
33.4973
28.9181
38.9393
47.6795
44.0371
45.8139
41.3383
34.6077
40.8008
41.8089
42.6593
40.0882
44.0950
46.2717
41.8674
35.4007
34.3043
38.5278
41.6399
46.9224
101.1301
102.9535
76.5695
47.0765
36.0174
47.9406
29.8187
20.5374
20.3453
29.4151
40.6973
60.4945
70.3907
58.9149
11.3056
-8.7190
-19.6891
-30.0419
-18.9565
-6.2719
-4.5015
-4.2459
1.1678
16.5676
22.9406
25.9473
31.6358
31.0693
32.1042
31.4865
29.5269
29.7998
48.2383
80.3978
85.2346
73.0882
50.6205
38.4923
22.3983
14.3373
36.8089
50.0461
41.5967
29.7524
28.4731
51.4912
54.1828
30.8091
16.6059
26.8554
38.1949
47.3380
55.0618
54.4799
45.3547
32.1746
26.9220
26.8153
31.8192
32.0192
20.1077
19.3919
31.0177
41.3903
50.0046
54.2478
70.8661
88.7213
78.7039
60.7200
38.2331
14.7570
16.1499
21.2151
50.7247
54.8461
74.3765
108.0943
114.4356
127.9405
130.8489
107.0058
82.2853
76.7975
74.9825
79.9385
108.9575
136.4076
145.0765
135.2946
112.0813
87.5508
70.1252
47.1845
23.7866
4.1564
12.8927
16.7544
14.4283
18.8910
23.1272
29.0679
64.9404
76.9283
84.4041
97.2838
103.7822
109.7947
106.3838
105.5634
111.1563
110.0704
109.5282
105.3724
97.1808
87.0580
71.0869
54.4365
41.8903
33.6538
23.8392
18.7258
16.2090
20.5673
25.9122
19.3993
19.4358
28.8722
29.1408
26.6373
30.2428
28.9834
14.3368
37.9104
63.5326
71.9801
63.8673
49.4623
37.7939
24.4963
59.9259
75.6728
78.9804
76.2131
67.3090
62.0942
61.3470
65.4826
71.8087
80.3962
79.8182
66.7582
64.3777
60.2024
104.7093
112.2995
91.3661
62.3941
43.1325
24.6622
11.3106
11.0156
17.7510
22.7646
25.1751
33.2075
35.3694
31.6997
13.8778
43.0789
63.7252
67.9794
64.6460
51.7826
43.7437
35.6543
19.1028
11.7460
19.2216
25.6824
23.9598
45.4847
25.6945
18.4919
26.6796
41.0362
51.3592
48.2922
56.3351
42.4931
39.3726
37.1771
43.0206
49.2654
56.3500
66.2825
69.4590
83.5147
89.3192
83.3545
64.6806
42.5849
32.2079
30.6868
33.2424
37.0721
35.1544
47.4059
74.0970
82.4727
71.4811
56.8684
47.0485
45.1929
52.4526
58.2639
54.2130
45.2679
61.2331
94.9553
98.1495
79.6867
58.1759
48.5417
55.4476
40.5502
20.9165
12.0228
22.1042
60.2422
97.3661
108.3571
100.2235
82.0830
66.6922
50.6957
34.8720
29.6739
32.0556
30.8562
29.1466
29.8499
30.8534
28.2372
28.6147
23.8217
28.1717
28.7385
28.5032
36.8811
41.5389
42.5089
43.9340
40.3379
39.7027
34.3180
28.6450
26.9402
25.8283
32.0539
45.1891
46.8833
42.8946
44.4370
76.6746
84.6046
83.8177
84.5785
94.3560
122.6029
126.4204
113.0267
91.1904
90.3709
100.9319
85.5976
68.0529
46.3201
21.7605
7.4434
7.6738
8.9670
3.3540
6.2220
13.7040
21.1706
26.0684
33.6132
45.4075
54.1817
60.3332
48.4627
39.1636
42.5948
45.8707
43.7071
34.5560
23.8405
25.0997
19.2071
15.9101
25.5966
47.8957
69.3298
67.5821
63.5672
65.7573
61.5159
63.9813
47.1817
42.4391
35.3411
25.9733
9.8710
5.5933
17.6293
32.8991
49.6260
58.7773
58.1902
50.6585
36.7078
20.4346
37.6946
32.9377
19.6572
13.2526
21.8647
41.1913
48.6544
42.7927
52.4462
83.3539
90.3594
85.2882
87.1488
84.1287
87.5611
81.9530
67.1635
54.2378
48.9445
44.8003
43.8258
44.5368
48.1954
55.0401
61.2710
60.2344
52.2472
43.2112
37.2604
37.2403
40.2539
41.6775
41.9620
39.6033
39.1311
45.0715
46.9732
44.4718
42.7864
44.2523
38.0705
37.8478
40.6687
75.7735
74.8972
53.7470
41.3895
43.4308
38.4381
22.9356
7.7404
0.5829
7.3394
9.7810
7.4123
24.6304
40.2103
27.2958
15.3178
7.6423
33.3092
50.5494
38.9098
34.0742
35.7249
33.4824
22.8293
18.4953
32.4689
42.0728
41.6346
28.1739
23.0005
22.2659
26.9227
36.9984
35.8829
35.6101
32.3879
30.1259
28.3341
28.8613
28.8021
32.4380
42.0640
53.3408
53.8074
47.2855
37.6777
35.6659
32.5413
38.3848
40.1272
37.8061
34.3243
40.5703
40.5717
34.8421
25.1797
25.9971
33.2722
53.8898
53.0743
46.2657
40.9506
41.6234
42.2827
49.1623
53.8500
56.4849
55.8258
54.7235
55.4856
54.0690
61.8607
66.0970
67.9909
66.9549
63.1618
57.0416
47.6658
49.3994
48.8309
44.5771
35.7311
30.5950
22.3099
31.5549
66.1974
75.5886
53.0487
36.3861
33.5036
41.6682
55.0546
58.8500
64.3173
77.1220
87.2302
110.2568
108.9607
97.1572
78.2158
63.7961
63.3074
68.6375
72.4567
78.0310
81.1226
75.5435
65.8213
68.0968
59.7295
49.0748
55.5214
60.4069
57.7356
58.7993
57.0099
49.7967
45.0335
39.0969
33.2890
35.2695
36.8013
39.3504
39.0197
31.4044
25.0143
25.5186
29.5451
27.0134
27.0559
27.1941
28.0913
28.6577
30.1203
32.6985
32.7222
37.2055
43.2807
50.3946
73.7640
85.6686
80.1443
76.1022
73.7690
30.4005
28.7676
42.5343
45.9939
45.3595
36.4239
32.3944
44.8390
63.0704
78.0479
39.3162
6.5911
-0.8524
17.0529
54.3215
66.4044
71.4447
80.5584
81.5185
85.8847
76.5805
72.5502
61.3106
48.4252
44.4925
45.6365
44.1382
32.4927
18.5289
14.2301
22.4634
34.6832
24.6744
7.5337
9.3707
-4.0122
-23.5280
-15.1419
-0.2727
18.6221
26.8782
34.4042
34.8559
39.9788
20.1766
1.5036
2.1658
32.2237
47.8570
44.2465
48.8291
50.8519
50.4606
59.6047
68.4011
70.3520
62.4461
50.6633
43.6494
39.6596
42.4241
39.9430
36.1646
31.8295
30.1421
32.1681
35.0758
41.3220
37.2158
33.6926
28.2097
29.9741
35.1702
36.1831
36.5217
34.2567
35.7759
37.0481
34.7683
33.0210
30.8371
39.2539
48.0869
54.4374
48.9340
36.0685
32.2503
27.2700
64.2273
64.5374
63.4217
54.8753
52.0571
44.0510
31.7256
15.5037
8.0637
-2.5899
-10.6532
-8.7761
12.1874
25.5066
19.3029
38.7400
23.4458
1.2687
-2.6887
-2.0966
6.6492
23.3405
35.3027
43.2444
61.6300
73.1282
63.9543
58.8604
58.4554
53.3219
51.7569
50.3153
41.5904
42.9053
43.1241
43.6913
50.2160
48.0760
56.2647
59.9944
54.4193
43.5630
45.0640
41.0948
38.3502
39.2849
35.9115
29.2739
31.5711
30.3184
33.3535
40.3455
37.3113
31.9531
34.7603
72.1340
81.8182
65.9578
44.7388
38.2318
46.2751
49.9062
49.5236
55.6568
59.2606
65.3613
75.5485
75.1535
80.6988
90.2675
86.0220
84.4494
84.8551
66.9143
83.1676
86.8525
59.8236
39.8502
31.1559
35.4356
42.9615
61.2724
59.9034
45.4321
50.9189
41.4764
22.7436
18.7679
32.2498
42.2220
51.3681
61.2038
64.6072
52.5263
30.4447
31.2102
52.2640
62.6127
66.3181
62.8520
57.4626
53.6639
53.1300
52.6575
43.8579
34.8943
31.4263
33.0677
35.9267
36.2911
38.9999
37.6451
41.5942
39.8803
19.3356
31.5196
54.7055
71.9630
56.8619
30.2525
20.7455
32.3537
48.8356
41.7312
30.9952
33.1535
33.9622
42.0023
56.3996
51.0521
51.4879
49.2008
22.9191
9.8404
9.2611
3.2773
-5.7091
-8.4560
-7.1299
-2.2649
8.1418
24.4994
34.4371
41.1896
48.0465
44.1516
43.8267
45.3925
52.6831
57.7998
56.6375
55.0765
59.3580
62.3934
66.4679
72.2463
77.0003
72.1844
66.8316
63.9823
56.9824
53.2558
58.0780
66.6488
65.6785
61.4003
55.1973
59.6822
63.0402
62.7733
73.0906
79.3895
70.3591
57.7038
50.7193
50.7216
69.2993
85.7923
89.9317
84.9357
80.9475
78.5177
77.8553
78.7673
72.6535
64.4902
42.1973
35.7650
49.4694
61.8832
70.7489
66.3619
64.1886
71.1995
73.1666
67.3729
58.6588
54.3735
52.3373
52.5647
56.6870
57.5771
61.8923
63.8112
56.5300
54.4795
58.0113
55.4664
51.9736
39.8362
26.8564
29.3794
31.7074
31.2778
31.2830
32.3909
34.3910
40.5483
44.8615
45.8132
62.4759
101.3479
99.9647
37.0973
2.9377
5.5553
14.2946
13.2192
2.8054
-6.0498
-4.3595
3.6847
8.3755
1.1972
-8.7009
-9.4868
-8.2625
-11.7015
-22.2270
-26.5811
-14.5456
7.5683
6.0442
17.0589
31.8401
33.7439
35.3223
36.3463
37.2002
32.5936
36.8077
37.9917
36.7923
31.8605
31.3354
38.8124
46.7720
50.2667
42.9565
36.7628
4.9831
-40.6303
-38.0284
-24.0086
-7.1390
-1.3236
7.1251
19.0649
36.3644
44.0170
41.0587
37.4823
34.2904
28.5749
23.8543
21.6045
24.7351
26.8984
20.6511
23.0697
24.2100
26.3998
30.6003
26.9958
27.8816
28.4893
33.5808
42.3399
45.4597
43.0109
43.4025
49.1826
43.5553
40.6745
47.6790
-40.8336
-61.7277
-61.1834
-23.4988
13.7774
13.4220
19.0034
19.1506
20.9560
36.3163
40.2975
-8.5381
-10.3718
-0.4752
14.0438
23.8840
42.9645
46.2529
38.1162

Coefficient 4:
0.8319
14.5989
14.1822
19.9493
23.9528
21.3218
20.4975
24.0716
28.4694
19.7460
11.7815
12.4033
12.4748
-10.0947
-19.9748
-12.3046
2.9775
22.6566
59.4286
63.4175
52.7390
37.3058
23.4580
12.8583
16.0017
19.3491
19.1441
-9.3623
-14.5724
-5.5803
9.8910
26.8373
35.9304
15.5867
0.6103
-11.5792
-10.7004
-18.8642
-50.2325
-76.8962
-76.4689
-50.0725
-34.6153
-4.1162
15.6096
30.2075
41.1327
47.8757
47.3525
43.7373
37.4794
41.2422
44.4061
45.8656
47.4658
35.3095
17.4255
0.4967
-8.4358
-7.3727
4.7570
26.3640
54.7668
72.3611
80.1416
79.8852
87.9660
90.4020
55.6415
9.9380
-26.2781
-38.9868
-32.8981
-27.9505
5.2484
34.7176
39.7026
42.2780
53.6305
61.0715
60.6328
54.2983
42.3529
31.4984
26.0846
26.5621
23.8928
18.4837
18.9145
22.7172
26.5699
31.5250
24.9281
20.6601
22.2999
19.5644
16.8017
18.1315
20.3445
24.4196
24.7587
24.4088
23.6515
26.1557
27.5862
31.2207
37.2677
28.4410
19.7835
21.1841
20.6704
27.5026
25.8188
25.8401
28.5304
38.4050
50.9360
62.7020
63.0169
52.0929
46.9763
45.9816
42.8592
37.6788
38.3458
36.2138
33.4599
24.9286
19.6393
15.4541
0.3957
2.2871
22.9179
43.3454
82.6588
91.3018
73.3757
38.8464
-13.4541
-67.3615
-81.1788
-73.1186
-52.8306
-46.2584
-20.9743
16.1761
55.8033
56.5878
11.7268
-37.7617
-74.4873
-102.7697
-116.8147
-110.0864
-90.3711
-39.9919
-18.5655
0.5978
15.9047
38.9147
42.1896
27.0669
25.5449
42.7840
58.2769
22.4609
-5.0168
-16.2832
-20.5395
-30.6243
-44.8315
-38.8445
-20.8182
-8.6227
6.7922
14.2123
23.2992
22.6318
21.6517
22.2139
18.4985
21.9046
22.4233
21.7158
24.8953
21.2051
17.8407
18.3494
16.7935
17.5030
21.4285
19.1293
20.4297
22.3137
21.5996
19.1084
18.1295
28.4993
30.7105
25.6099
14.1531
14.6828
21.8282
41.9144
49.0241
35.6575
8.5218
-20.1573
-33.4750
-30.0961
-22.4641
-15.7827
-1.9173
2.3501
0.2649
0.8301
6.5369
2.3608
-5.9865
-41.1983
-67.8821
-74.2330
-81.0314
-83.6210
-71.8111
-57.7109
-48.7628
-35.4142
-32.7468
-22.5149
-3.4368
9.8856
9.4610
2.5061
1.7905
3.3003
13.6790
24.6964
38.8361
48.1818
57.7343
52.8283
38.7972
31.9202
26.4379
38.5681
49.6819
38.6760
-0.6377
-58.5992
-70.0867
-67.3870
-48.1342
-24.1031
-4.3983
4.3703
12.6939
20.4343
24.7085
-9.2647
-49.7440
-61.5727
-55.1112
-57.8970
-78.7262
-92.2344
-82.0777
-53.5845
-36.6431
-13.6449
-5.7051
-1.7298
-4.2763
-18.3029
-26.1879
-26.7285
-20.0370
-15.9813
-13.4349
-14.5373
-6.7492
12.2618
24.7668
29.0574
24.1565
24.8189
26.5976
26.6341
23.6852
24.8498
30.4457
30.0670
8.6159
-6.9793
-5.4409
4.8298
8.0465
8.7470
7.6764
10.1312
10.2197
12.9003
21.1969
25.0977
31.7014
44.0099
38.6713
12.2724
-24.2273
-40.7014
-57.3052
-69.4461
-76.0303
-57.4796
-26.8384
-20.0338
-13.3135
-12.7429
-15.7327
-4.2847
2.2154
7.8338
11.5034
18.4970
18.1131
10.3361
12.7755
18.1577
14.6178
12.7606
22.8558
22.0963
22.4598
26.7182
28.7566
27.0901
27.1615
24.7601
23.6690
26.5525
29.2714
34.1639
31.4585
28.4895
34.8351
30.0776
22.7405
22.9473
20.1512
20.9995
29.9987
23.2776
13.6952
6.6792
5.3884
16.9375
38.4125
46.1306
49.0427
43.1625
49.6433
55.4769
55.9135
54.6932
55.1996
61.9920
86.2512
89.4084
79.1147
70.9889
62.2727
31.8308
-34.5646
-55.7170
-57.2982
-55.0971
-44.4117
-25.4729
-9.1592
-4.5297
4.1242
19.2701
27.2527
-31.6130
-80.3649
-104.5139
-100.6535
-76.1581
-47.1186
-32.7502
-20.3669
-27.0633
-55.2889
-60.8442
-58.4595
-49.8662
-54.4419
-68.5431
-78.2780
-76.8684
-72.3064
-69.3934
-65.8047
-52.7856
-38.4759
-29.9795
-23.9601
-20.2099
-5.3191
10.9768
26.3210
31.4657
26.6887
25.6394
29.8188
29.5650
27.2027
28.5129
28.8858
26.8221
26.9316
26.6145
27.8358
23.3064
26.5058
28.9076
25.9610
21.5007
20.5354
20.7535
24.8728
29.5934
-4.1052
-3.9699
4.4438
4.9213
-0.7408
-30.9573
-49.3040
-49.8615
-29.1696
-15.0445
-7.9813
-4.6867
3.3577
11.2417
-12.8982
-42.3388
-54.0630
-61.1755
-66.0793
-57.4191
-42.3178
-33.8722
-35.7478
-35.2873
-28.7962
-17.3115
-9.9613
-4.4304
2.5132
7.4680
11.5796
13.2748
7.2372
-26.8159
-29.6614
-19.8859
-15.8095
-11.0794
14.8779
35.1045
67.9691
61.6603
33.9043
30.6380
36.5391
50.6028
62.7637
57.3391
45.5795
41.0666
6.9044
-21.6151
-33.9103
-41.4855
-51.0834
-62.1546
-73.3058
-69.0527
-53.1863
-34.8298
-19.4499
-9.8133
4.1405
18.2700
23.9045
28.3966
27.2188
-30.0778
-48.8028
-52.3429
-46.0857
-21.0035
26.2068
46.9613
66.4553
65.3720
45.7754
26.1273
14.2646
-0.6935
12.6384
29.1178
41.1057
39.2109
28.8342
19.7248
3.4941
-11.1126
-8.5888
7.0037
18.2545
17.2521
10.6271
15.5696
21.4171
20.1524
7.2990
0.0274
13.0935
26.0467
25.3297
20.6333
-11.3115
-39.1402
-41.8364
-50.2560
-64.3855
-74.3182
-78.4377
-69.5966
-57.7663
-47.5353
-31.3370
-15.0485
4.0240
10.8961
10.4693
17.3767
22.8197
23.2076
19.5534
14.1492
10.1171
12.3615
9.7523
9.6090
11.6468
13.7880
15.5257
15.4180
17.6872
18.0593
14.3708
33.9708
33.7274
40.1263
41.8012
33.4148
30.6460
21.2802
33.2933
33.3095
30.7204
30.3258
31.1190
38.2382
36.2299
31.2499
37.0587
48.0255
52.0811
45.3467
42.7149
37.0251
56.5966
68.9062
64.7575
50.3352
36.4966
24.5394
14.5950
5.5787
9.3578
13.7310
11.3295
22.3187
24.4518
14.6231
10.9302
28.9404
18.7789
14.5878
12.7405
20.9794
32.9912
16.9667
-43.5802
-56.4105
-46.8076
-33.6817
-17.0397
-15.8427
-23.5457
-9.5328
15.3391
2.8482
-12.9841
-19.6667
-8.4654
3.4413
5.7188
11.9703
23.0082
24.4890
7.5793
-12.9031
-28.2441
-40.3747
-37.4541
-25.6436
-12.1252
-8.2602
-2.6872
10.2809
18.0865
24.6287
29.9401
36.7481
45.5954
34.7024
25.7589
23.2068
9.2124
-7.3074
10.5264
23.9966
28.0758
36.0299
-17.3195
-54.1643
-58.6089
-44.0325
-17.5434
0.0038
34.0242
61.9187
64.6165
56.8230
53.8668
49.2340
46.4122
36.5629
26.8740
25.6963
31.2773
32.6917
28.3524
28.3926
32.8739
33.6160
34.1518
31.5866
28.9907
29.9633
33.9832
33.6877
39.2916
39.0874
34.1417
34.6191
45.1306
49.5828
49.1381
46.5160
42.6983
34.5814
31.8338
29.4441
27.1433
22.9487
24.8948
26.8013
28.2393
22.1192
28.9281
23.8419
22.4095
28.4029
31.3010
32.4962
48.5375
61.7724
65.7186
70.8474
85.6280
84.6295
59.4853
-9.1928
-37.3385
-49.9714
-51.2427
-42.6816
-33.6141
-35.0906
-37.8924
-30.8325
-13.6208
-1.4781
12.1683
23.1872
18.4650
12.9352
18.2186
28.2254
30.8206
24.9176
22.3632
9.4993
-22.1550
-41.2871
-37.2890
-13.3968
0.8213
-6.4746
-31.4660
-62.4231
-77.6726
-79.3366
-64.5749
-37.4959
-16.3089
-13.8748
-19.8845
-32.5217
-52.1474
-66.5020
-74.3813
-74.6130
-69.4702
-65.2281
-48.4691
-37.6824
-32.8037
-19.9334
-34.1371
-33.8695
-18.5048
-5.7231
-9.6740
-14.2516
-15.3015
-19.5129
-40.6021
-52.7465
-52.6211
-56.0628
-64.0140
-57.0173
-56.1905
-56.6890
-51.8737
-42.9563
-34.4468
-26.0139
-13.0396
0.9957
12.7336
26.1427
27.6832
30.1250
32.5118
28.1311
26.7438
30.2531
29.4772
26.8724
23.9615
27.0268
34.5820
31.9946
33.8617
31.8623
28.6457
23.9400
20.0384
24.8974
-28.5187
-56.2058
-56.3565
-37.3111
-17.4878
-34.8278
-49.3339
-67.4936
-79.2103
-69.3490
-43.3600
-11.1897
-10.8688
-6.7487
7.5560
4.3730
16.6010
35.2400
20.7480
8.1175
5.3531
-2.9840
-13.5358
-23.1646
-47.9781
-67.8095
-63.6533
-51.3995
-45.8205
-46.9180
-40.7767
-23.4002
-9.6324
-3.4766
4.0218
9.9758
14.0327
13.3577
14.4994
22.0348
22.8630
23.5141
37.0475
42.2703
36.6852
32.6003
30.3971
28.1154
33.5468
34.3285
29.9946
24.2729
26.9915
22.2710
14.0148
9.2990
11.7832
10.9240
20.3088
17.9356
11.9296
6.6962
4.2110
2.6761
6.6795
10.2624
9.5296
6.0948
6.8156
10.2304
15.6559
24.2181
31.3849
34.1121
34.6204
27.7447
22.4618
14.8122
17.6384
24.6072
24.4309
17.6507
14.1561
24.0585
25.3405
32.5087
10.0808
-6.6460
-15.8164
-26.7148
-14.0310
4.0684
7.1931
4.5630
9.9266
32.4853
37.0459
22.3847
5.6908
-7.4211
-4.7488
0.3493
7.8078
14.0056
23.0840
26.8788
20.2923
7.0741
9.0142
14.4203
18.3816
21.4202
14.1224
9.4714
10.7495
8.7000
8.7376
10.6895
12.3943
11.8021
12.8308
17.8771
18.7622
12.0747
8.8446
11.5296
16.2735
15.0109
9.9159
4.8584
6.9142
2.4413
-0.1199
5.8614
11.0249
13.2222
11.2997
6.7788
10.7027
29.1144
43.3248
40.7227
37.9360
38.1164
9.9401
1.6777
-0.7930
-8.2170
-14.5884
-39.5550
-61.0825
-63.9623
-61.6982
-72.4189
-98.6427
-96.1171
-74.4915
-56.3615
-49.8656
-47.2611
-48.4254
-41.4261
-38.7481
-21.5677
2.3150
3.8963
-0.2887
-8.8012
-18.6203
-25.3258
-26.6148
-44.3151
-64.1755
-69.7000
-51.6888
-34.7331
-53.6240
-93.1813
-97.5035
-94.5455
-83.4469
-50.7568
-31.3280
-13.8139
-1.1293
5.5831
6.1226
-28.5799
-67.7127
-73.5259
-66.0239
-54.1314
-46.4300
-43.9267
-44.2572
-48.6615
-44.2349
-31.3152
-22.6483
-22.2767
-19.3690
-15.2683
-11.5416
-5.4195
12.8325
25.9982
26.1245
25.5505
26.4931
22.8850
26.3794
29.2455
26.0126
22.7274
13.4802
8.0319
15.8212
18.7426
22.1262
24.3709
27.6330
26.8891
19.8253
23.3264
24.3371
25.9715
31.9375
37.8747
34.3805
22.8864
19.8866
28.8993
34.8145
20.5828
16.3161
12.3227
-16.3151
-51.4347
-61.9734
-56.4477
-47.8783
-77.0076
-79.5482
-53.8580
-35.3026
-25.9833
-10.2909
-6.0240
-15.2191
-36.3903
-56.4559
-61.6130
-57.6040
-59.5860
-51.0344
-30.2495
-14.1852
-9.5118
-1.3319
7.1641
19.0824
29.1709
32.0178
35.5887
31.2815
28.6204
31.4289
28.2663
25.8006
21.6288
20.0820
20.9267
21.3295
19.8776
23.3217
20.2487
17.7744
20.1817
21.5363
21.2496
26.4209
27.7556
21.7685
19.7946
18.1515
17.0643
15.9991
29.1446
21.0009
5.8846
-4.2077
-5.9292
-7.4905
-1.0001
5.4813
14.0320
21.7790
35.1426
39.7247
40.5699
37.8721
34.8441
24.3109
15.3692
15.0898
22.5863
31.9275
35.2826
-0.4590
-23.3652
-27.7514
-25.0438
-16.9121
-8.3797
-16.4613
-29.9255
-39.5296
-75.7430
-86.7342
-70.6898
-47.3218
-26.6910
-15.9030
-10.7778
-10.7944
-14.9485
-7.2185
-10.4259
-0.1089
11.1465
22.3088
18.7028
10.7957
14.2310
20.8979
22.3146
24.3454
21.9118
19.9954
21.1993
21.3769
22.6977
26.6520
23.2101
26.8484
29.4356
41.0872
43.1351
28.8234
9.7618
-7.1657
-29.9667
-34.3170
-34.5982
-62.0708
-59.7591
-47.8786
-40.0965
-34.6218
-25.9425
-15.8910
-53.3333
-73.2934
-75.6531
-66.0355
-49.1847
-42.5904
-26.9222
-27.3797
-20.5497
-2.7354
8.5668
15.1552
17.9298
15.6437
19.2570
27.3475
34.0501
35.2091
37.4692
38.6557
37.8320
34.5078
31.7153
38.1039
42.2780
47.9550
52.5460
57.1037
54.1162
51.1401
51.8883
43.1533
34.6912
39.1882
44.0834
44.0792
43.6402
41.2272
40.0542
32.6492
25.7890
22.0833
16.5063
11.0518
10.2828
13.3590
18.0408
24.0024
29.9636
34.4286
35.4686
27.8007
20.7481
25.1901
36.2388
40.2081
36.5642
21.4112
2.7458
-10.0109
-4.0363
14.1842
28.3212
35.1206
36.1407
39.4848
40.3631
32.2400
28.7050
28.5986
26.7693
28.1146
28.3080
32.3354
33.2817
30.7585
33.0988
35.0355
33.0205
30.1484
40.3163
59.5264
72.5775
72.7768
66.1019
64.7755
64.8181
67.6481
74.5532
75.9876
84.3192
76.0160
61.9236
73.5862
36.5432
4.0764
0.0052
5.1513
28.1507
52.2047
66.6892
65.7632
67.8011
79.9920
88.0634
89.7029
88.8351
85.6855
78.4446
27.3538
2.7852
1.6964
5.2880
-8.1212
-11.6806
3.6270
13.5115
20.6307
23.9827
25.9317
21.4029
26.9665
27.5608
27.0420
23.5853
19.4324
18.7658
23.1924
24.8738
21.7337
19.9500
8.7051
-25.0941
-24.1432
-16.5468
-9.5324
-6.1323
-4.0211
10.5090
25.5634
26.6883
19.9329
23.2675
25.9086
22.5041
33.5418
40.0506
36.8789
39.0281
30.2137
20.7458
15.1486
5.5449
0.6387
1.0188
9.6436
17.3293
18.0502
20.7916
22.7170
24.3564
24.9698
27.6225
23.7971
23.5074
25.1944
-17.7668
-35.3885
-35.5189
-28.3972
-18.1491
-21.7422
-22.2628
-6.7134
4.5127
3.7763
4.6363
-21.3692
-30.1640
-20.0422
13.9282
43.8243
66.8628
61.9338
47.8631

Coefficient 5:
0.7384
11.8791
16.0044
20.6561
18.7737
13.5436
8.5599
11.2693
16.6361
15.0692
10.1749
12.6721
13.2417
35.0620
53.3032
48.2089
31.2704
27.8839
24.6792
10.3594
3.0198
14.4022
27.7339
27.0873
20.2455
20.5631
4.3055
-5.3287
13.3001
21.9139
22.3013
20.1376
20.1500
1.0466
-6.9265
-8.4845
-13.0379
11.8612
29.4426
32.7788
19.8456
5.7360
12.0675
34.0049
36.0032
30.6368
29.6923
31.5644
26.1556
18.3359
12.6394
16.4183
20.1749
17.9783
13.3350
18.4918
18.8822
16.3397
17.3379
22.9057
43.4444
58.3506
53.2933
49.3037
54.0093
65.4132
63.3525
61.2607
15.9390
4.1414
10.8869
15.0801
9.7039
-7.2793
26.1878
63.5708
71.5302
69.2517
57.8906
45.9318
38.5311
35.5529
30.4712
23.5285
18.2988
16.6923
18.1885
14.1251
15.2874
17.8764
14.4088
15.6901
19.3244
16.5283
17.0569
13.6081
9.1428
12.1706
15.4530
17.8286
20.6675
18.1449
16.1742
19.4865
18.5425
22.8984
22.5306
29.7838
35.9669
43.0454
42.9211
44.5594
55.3613
61.2679
59.5184
56.5281
54.9312
53.0340
47.9822
40.1969
39.5745
41.5561
38.2323
32.6345
32.8330
30.5639
29.1554
21.8303
25.1953
34.3701
41.5959
45.9246
36.7575
25.7817
35.9816
37.8610
59.6132
73.2427
55.1102
33.8066
33.4912
32.0069
28.8225
38.4196
36.9635
37.1048
46.9488
70.2570
78.0858
54.7833
23.7883
4.9095
9.1049
10.4180
4.7520
25.1003
21.1786
15.2105
27.8851
36.2043
33.9312
31.2042
26.1299
22.9068
17.7343
49.2752
71.6449
68.0616
68.7143
69.3377
59.8048
46.5784
33.7509
24.9517
20.8862
18.1761
14.8163
15.5568
17.3511
15.6217
12.3397
13.8654
13.8958
17.2619
16.7522
16.1962
13.9373
11.5475
10.3985
11.9781
15.0036
15.0265
13.9456
13.0897
14.1790
14.0167
14.1411
21.7759
33.6891
59.5780
61.8155
59.0979
52.4737
61.4446
63.5237
57.9218
74.3888
81.0275
71.7186
68.2491
70.6626
84.2363
99.9285
104.8408
96.5394
81.0789
59.5830
54.6825
49.8160
29.3056
30.5950
35.1685
33.2586
24.9114
20.2698
18.3064
29.0688
37.1402
35.7944
33.3953
39.6581
62.5322
69.7412
72.6801
71.1804
60.5919
50.1374
46.3045
42.9570
41.5278
37.9044
28.5959
26.6601
22.0970
18.5766
26.7952
39.3276
37.0911
32.3520
32.9077
45.8998
53.0534
45.8003
32.9750
43.6513
53.5108
60.3172
59.0557
46.6375
43.4713
29.0524
31.7304
46.4064
54.5097
50.5821
42.4980
30.4421
11.0560
-10.3533
-19.6279
-24.7838
-27.6062
-22.5152
-15.2370
-1.2115
14.1979
21.5262
33.4522
57.3284
60.3740
52.9987
36.4303
27.8713
22.6137
17.6200
17.4923
19.8905
19.3670
17.2839
19.7948
26.5174
38.6777
29.8417
22.1571
17.4515
12.6846
13.2403
16.6027
29.0677
40.5318
45.0534
44.1621
43.8968
43.7654
39.6940
32.8728
25.6639
24.7592
45.9401
62.9748
59.8779
44.5121
19.0330
15.5512
32.0946
37.0728
28.0321
33.2604
50.6989
57.8454
60.2836
52.8903
47.7667
48.8209
57.5190
54.5029
53.3193
45.7857
28.5383
15.9675
13.6353
15.1072
18.0426
19.9274
23.6003
26.8077
31.5858
30.2144
34.3959
37.9671
41.3553
39.6955
34.4512
31.9725
30.7870
26.5401
21.0702
16.8879
15.7723
17.6804
21.0266
19.7421
28.2487
35.6909
43.4957
44.1900
37.6955
29.0777
21.4549
28.4644
34.4979
34.0369
26.2121
26.7370
27.7280
27.6760
31.3378
36.2078
38.1784
47.0996
62.1474
53.9230
41.6615
41.1028
36.5886
38.8513
43.8584
45.7094
50.7252
64.4333
68.4286
59.4744
38.0144
49.6858
49.8740
33.1210
14.7605
7.2405
23.6634
24.3200
16.8367
12.7590
36.8405
55.7229
62.3937
63.6127
58.7061
45.1040
26.2295
8.6180
-7.8904
-18.6105
-21.4462
-14.6666
-9.4094
-4.5489
8.3976
27.1281
39.9997
33.4357
25.9446
23.2196
24.5488
23.2941
22.8228
18.4079
10.9604
11.0911
14.1121
18.9811
21.7277
22.2387
20.9481
17.9096
17.3869
20.1087
15.6928
19.5268
21.2217
19.3970
21.6603
23.8789
46.8884
56.5061
59.4765
59.8171
51.5111
12.2517
9.0534
12.8138
24.5185
30.2252
23.6743
18.9140
5.4966
9.0158
41.0915
53.7776
57.7104
51.6161
39.6238
28.4081
14.1035
-0.1262
-17.1979
-24.6343
-25.3128
-20.7817
-17.0084
-12.0695
-8.0199
-3.6328
4.5563
13.5200
8.5596
10.6885
16.2291
31.9701
54.9772
62.3299
78.2306
73.9984
72.2760
66.3063
81.3734
86.8978
76.0955
48.0466
48.1627
58.6676
64.1398
55.8050
26.3614
17.4590
20.7843
26.1715
33.5868
48.9883
56.8046
60.3184
56.9340
45.9720
40.5878
25.5966
16.7616
15.4224
8.6759
9.8065
10.9119
-5.2431
15.1999
38.2762
60.2470
64.2233
57.7958
49.5020
44.7334
47.1159
52.1690
57.9016
55.0669
49.8797
45.0430
51.3675
39.2466
37.1647
49.3115
53.4137
63.1002
74.0154
73.1519
68.8602
57.4304
40.3291
34.8068
37.0587
41.1316
42.3059
54.8154
47.1940
25.2387
9.9044
6.8189
6.0815
-19.1745
-27.8980
-30.8897
-31.0046
-28.0270
-23.4052
-21.2891
-21.0555
-24.5060
-29.5250
-23.3369
-19.1311
-13.0225
-7.7596
-7.6677
-3.4084
10.3026
19.5548
19.5170
17.2557
15.1151
15.9583
14.9192
20.5201
21.3412
16.5456
14.8460
13.6789
13.5633
17.3692
28.5235
40.9167
41.4904
56.3906
65.0028
58.6635
46.7526
22.0841
16.0263
20.7861
31.5696
41.0052
37.0709
29.0711
21.5259
13.9582
19.7173
33.5198
37.2493
34.4373
31.3485
27.3540
31.4912
44.7531
58.8471
62.6026
60.0816
43.9560
27.8935
22.4400
26.1344
25.7319
26.0869
28.8467
26.6911
23.8328
22.8128
29.1957
41.8960
40.0226
26.9752
7.8623
19.4536
30.9471
40.4537
54.0943
59.7857
50.0391
18.1631
42.6309
74.6546
65.5843
57.7372
61.5869
56.6843
48.6686
45.3521
48.0925
54.0427
50.5815
43.9811
44.4995
40.6274
27.6323
12.4896
-4.4219
-7.2325
-3.3299
-1.0878
7.1986
16.2608
17.0932
19.3779
18.1325
21.8903
28.0519
27.2173
36.8769
33.0579
35.3161
58.7605
87.2483
74.4636
58.3840
51.1264
33.1515
-18.3168
-10.6467
2.1281
21.3307
38.6937
30.2255
17.7614
20.6115
25.8963
23.4433
27.1970
34.7468
30.1161
23.4334
16.8721
10.9326
7.1725
8.6438
5.6737
7.2196
13.2976
16.0850
14.1937
11.2349
8.2820
9.2998
13.7325
16.6890
19.2640
17.0090
8.3784
12.4147
29.2468
34.2116
34.2159
34.5847
38.3679
40.6571
33.0233
28.2925
26.1930
16.5098
20.4300
20.3214
22.5237
17.0201
29.3365
42.5280
43.8456
42.4735
32.8057
21.3011
18.4044
15.3006
18.3053
19.3116
14.0530
22.0230
24.4678
24.6687
40.0649
47.9830
52.3224
57.9727
63.0599
64.6306
58.3423
54.4404
47.5090
40.9185
29.5086
18.8500
12.5248
15.0625
21.4785
19.5382
16.6805
15.7310
13.4753
22.4189
46.4322
57.3880
56.4264
51.4728
45.7934
44.6278
54.4673
43.0013
32.3801
33.6895
36.8620
40.7810
62.2853
72.3408
73.2075
70.5712
63.5275
50.8320
27.9073
12.2767
10.7347
8.4600
6.9872
15.3214
24.0811
24.9502
43.2041
57.6875
65.0122
61.2766
61.4149
69.4134
68.3882
31.9320
-4.2308
-8.4245
-4.5541
-2.8289
-8.9936
-6.9802
0.5151
13.0869
25.1496
32.8986
28.4541
25.3137
20.6344
26.3211
28.8459
32.6369
30.3881
26.3727
19.8971
18.7385
18.0750
17.4980
21.0321
21.9528
19.1502
17.3049
20.8562
23.0218
21.4450
26.2121
22.8598
19.5754
19.2789
16.3180
-12.8158
16.9965
48.0250
62.1450
61.3696
46.4812
47.2161
50.2803
54.6698
47.9097
37.1734
23.9389
19.3163
9.7782
6.5746
37.0490
31.0516
21.3442
19.0340
29.9392
36.2280
36.6403
44.1129
56.9901
53.7481
39.8864
19.0868
1.8109
6.9065
17.0768
20.2865
19.2449
11.3304
8.1584
1.6744
3.6316
9.6350
12.1788
17.2445
20.8991
18.5368
17.5542
24.1061
26.7734
25.0253
22.0655
19.8562
14.5534
19.5024
22.7393
14.8627
8.5092
6.6368
0.9335
1.1829
0.4701
-1.1174
0.5967
22.8143
38.3831
44.7952
46.5027
43.8201
35.9945
34.7464
41.9741
47.9571
44.8603
37.9900
32.6465
22.3964
27.2590
29.7052
25.0821
15.6557
8.9151
4.5327
-4.4453
-1.5891
5.1048
9.0245
10.5038
8.4308
34.9081
33.2823
21.6145
19.5319
40.9618
56.9761
59.6804
55.7518
49.0719
47.2205
38.4168
33.9975
34.0224
35.9243
32.0409
31.5352
32.7307
40.5291
52.2770
62.8533
70.0329
75.0604
70.8555
56.6661
41.8539
30.8118
27.3912
25.1118
31.1418
36.7022
38.9160
40.5134
42.0039
34.0596
31.9121
22.7037
8.7215
0.1248
6.5975
14.5822
14.6204
14.9582
13.2357
13.3049
4.5734
1.6790
-1.6363
-3.8832
-6.6943
-8.4572
-4.3734
0.8274
3.6489
5.5585
3.9207
2.1502
27.0528
66.2365
71.0578
67.1317
51.7691
44.7846
51.4989
49.6806
45.7991
46.5971
56.4952
49.7267
27.9272
9.8902
6.8570
39.4907
64.0664
61.4282
56.2749
51.8286
59.6152
66.0615
62.2919
53.8925
45.4598
57.6590
68.0329
65.0182
62.1303
67.0608
67.8043
69.1116
61.3959
66.3741
71.7754
72.2642
59.7807
47.9065
47.9182
52.2274
65.2808
63.5461
54.5701
40.8280
30.8068
31.4295
32.3895
31.2500
13.7051
40.5269
58.5891
62.6344
55.2684
56.0756
55.9276
66.6338
80.3784
88.6370
98.3683
103.9556
101.5930
92.5284
81.4907
71.4830
55.2288
36.3411
25.5172
20.1002
17.7153
21.2864
20.3168
19.4245
19.7871
21.7503
19.6350
16.3575
16.5889
18.5283
18.2931
18.9770
18.3185
16.7801
15.4666
12.5176
16.0885
19.8497
25.1362
25.7232
26.2622
23.6201
18.2335
16.2346
26.2936
61.9912
79.5333
83.0672
77.6836
66.5267
51.2475
51.5145
64.0692
65.3237
71.0029
76.6609
79.0412
77.1034
59.2743
34.4125
32.6702
24.1198
17.7354
21.8236
29.7573
31.6941
16.2548
1.0322
4.0625
8.2313
4.7875
7.7272
10.7099
13.4923
27.9253
24.3803
22.6848
22.7308
18.9649
15.8187
17.5819
19.4701
18.0947
17.0030
10.1043
7.1275
6.9993
8.7606
3.1916
4.0460
8.5393
7.9158
9.5442
14.5402
19.2308
10.7948
9.0835
9.1191
9.0590
19.6986
28.2726
39.2786
43.2598
43.5194
49.2370
56.7897
56.7230
49.7702
37.0388
32.3615
33.9495
26.8988
24.0516
24.2767
42.2643
49.7110
51.2930
45.5619
22.2452
26.2272
13.1651
8.4765
25.0703
29.5665
30.8693
25.6799
23.5198
37.7849
40.6027
24.0975
33.1923
63.8590
68.4474
56.7799
50.7117
40.8686
29.8492
20.5395
13.1714
5.6596
2.6393
7.9068
14.0503
20.8952
26.5994
27.1619
24.3354
22.1489
18.4408
15.2231
13.9179
13.6426
15.3471
19.0044
23.0429
16.4227
9.1024
15.5984
23.8479
57.3076
77.4900
75.4225
61.6908
65.0497
72.5814
65.6984
47.4420
32.9586
48.7739
67.7928
68.3367
66.7740
63.4903
55.9441
50.3303
40.9384
33.3196
46.9372
60.6261
69.3503
83.4771
96.8542
94.8553
99.7052
94.8956
77.1708
60.1293
38.2538
20.7020
17.1251
25.1075
24.7676
27.0706
27.7963
23.7361
17.5030
20.3436
30.6490
32.0617
29.7038
36.3876
42.3550
38.6179
35.9840
32.4857
28.8662
22.8994
21.3631
28.3354
35.7981
33.5642
30.4789
27.6784
23.0007
24.2190
28.4728
28.0196
21.2680
18.0264
18.1594
18.9795
18.0401
25.8873
35.2985
43.9004
38.3988
24.0655
24.3570
33.6307
39.7050
38.0182
31.1888
25.0269
23.7779
21.8467
23.7717
26.6350
24.5338
16.7416
16.1415
23.8953
28.1111
27.9295
24.1338
18.9708
18.0116
20.1491
17.2289
14.2711
13.1299
15.5647
16.5271
13.2815
14.5012
11.3607
12.5451
27.0868
40.4591
41.5482
42.0126
41.1018
34.2743
29.7872
24.4506
29.5313
42.3912
44.7563
43.6821
34.0248
21.2341
22.0335
30.2843
27.3032
19.4055
17.9231
20.8504
32.4487
34.9955
40.4535
43.3161
41.8471
40.8976
38.2799
28.1922
26.7975
28.3946
23.1109
10.1434
2.8907
8.3594
14.8512
15.2190
18.6222
19.1307
20.2746
19.9433
20.7672
23.7478
19.0088
15.2139
17.2773
22.5477
23.1682
19.3270
22.9286
5.4453
-9.7607
-8.1299
2.3696
16.1967
10.6565
7.4740
17.0524
20.9123
19.8093
16.3360
14.0048
18.2865
21.7971
20.4776
14.4027
8.3971
9.1090
7.0850
1.4918
0.2284
8.7403
20.3740
14.3170
10.9036
14.7908
9.7838
8.6983
10.2105
12.4247
13.3743
15.2856
16.1657
17.4643
21.0060
15.0076
3.5179
4.0514
20.5437
39.6551
-4.9343
-14.0028
-4.0311
6.8518
17.5882
16.3251
10.9655
6.8421
6.4323
3.7798
0.5039
4.0086
-2.1825
-5.3265

Coefficient 6:
0.3970
11.3482
15.3948
14.6559
12.0357
12.3918
6.7528
5.8104
7.5351
10.7406
13.7459
15.6842
17.6645
2.7333
-0.0912
28.7273
47.1478
31.7810
1.6124
-2.8039
16.3134
34.4402
29.8756
18.6931
17.6214
17.9670
2.1563
-14.2115
-32.0375
-53.1557
-66.6074
-62.2480
-31.4203
-1.5643
-12.4112
-19.1540
-9.8928
3.3604
-6.8568
-6.3742
-0.9808
15.2370
17.3696
4.4945
-7.6566
-6.0314
4.2863
11.6123
15.8896
16.0947
16.7045
21.5548
21.2276
13.8330
12.1863
10.0036
2.1161
-6.4729
-3.6957
3.0923
5.2635
6.9895
-12.4607
-28.8930
-21.8992
-26.7731
-20.6809
-12.9519
-50.2613
-44.5657
-35.8911
-27.2801
-14.1685
0.6279
-56.1067
-97.6792
-108.0907
-99.3447
-64.5296
-22.0427
-1.4769
14.3595
20.7676
16.5249
12.1640
10.5138
10.9944
10.8977
13.6128
16.2881
20.5869
18.8426
16.3355
15.7916
12.2135
8.5897
8.9745
9.6125
9.1368
15.3432
18.6849
17.2917
11.7776
12.4388
13.3028
-1.1425
-71.7820
-103.6510
-106.3897
-102.2905
-98.4193
-105.6067
-110.7218
-110.7831
-103.5751
-86.2977
-67.7667
-38.2094
-13.3219
13.4969
33.1336
38.3043
38.8260
33.3584
29.6981
23.7358
20.7448
14.7138
11.2597
13.0975
1.2963
-11.2795
-23.2470
-28.7145
-34.2783
-39.0993
-37.5166
-28.7057
-24.2960
-37.4398
-43.3247
-39.1875
-27.3151
-20.6125
-39.7593
-47.0516
-65.9655
-71.5310
-50.0924
-40.1576
-24.9519
-10.4846
-15.5673
-24.4892
-22.9693
-40.0096
-37.6166
-27.7762
-24.7150
-41.5446
-41.3930
-32.0818
-23.8411
-14.6988
-0.0439
2.3124
4.5119
5.0921
10.1965
10.5181
9.6745
10.7453
9.9607
7.4278
7.3699
6.5472
9.6760
13.0543
12.8381
12.5718
12.7460
10.5936
11.2247
13.2119
10.9060
10.2769
11.9033
9.8841
8.6898
9.3780
10.1511
9.5070
10.8988
7.2093
5.0865
7.7935
10.3348
19.6284
15.9388
-0.4460
-4.3770
-2.4889
-5.4359
-33.5136
-57.7234
-63.4804
-57.2463
-42.5366
-36.4401
-27.0927
-17.3266
-23.9891
-40.5195
-50.9624
-59.9405
-58.3805
-38.0824
-32.8470
-33.8190
-37.9606
-40.4876
-31.8148
-25.4375
-27.6763
-30.7428
-31.3543
-32.8796
-39.3216
-37.1479
-40.2790
-43.6347
-62.2717
-70.3535
-60.8557
-54.6185
-57.7408
-62.7757
-59.5019
-55.2011
-57.0506
-53.1210
-37.9309
-16.1681
-0.0303
10.1438
-2.4814
1.1078
10.7023
33.9650
27.5117
-19.2630
-38.5568
-36.0267
-21.2071
-45.3934
-61.8562
-60.5219
-46.9344
-22.5561
-17.5792
-19.2946
-24.0256
-25.4347
-27.6369
-36.2798
-38.1215
-28.0465
-5.2709
5.8377
-8.3106
-25.3952
-31.4547
-22.5201
-10.9982
-3.2050
2.5552
10.0517
9.4073
4.4623
-9.5736
-16.2169
1.1815
12.0265
13.4762
13.0001
13.1884
15.0824
13.8768
12.9366
12.5232
10.3300
30.2445
42.3738
44.2973
44.1121
49.3746
31.3673
-6.1588
-28.5505
-42.2798
-51.1869
-54.1167
-49.9814
-37.2444
-16.6111
3.7864
24.6609
4.1277
-26.7512
-34.0533
-28.0138
-21.7280
-14.2205
-12.6599
-18.3243
-25.6623
-44.3637
-54.5335
-62.7865
-75.5488
-85.2712
-90.7430
-93.5363
-88.6418
-76.2980
-70.4408
-64.7899
-49.6522
-23.6973
-9.1994
3.5341
7.2206
7.9791
5.3440
3.0931
1.0863
3.7618
1.3035
-0.9154
-5.3035
-6.8575
-0.6463
-2.8075
-0.5669
4.0550
9.0583
15.3336
15.6334
12.8057
11.8524
-35.9613
-85.0779
-83.6226
-81.8056
-76.1315
-62.8557
-50.7344
-33.2786
-16.4936
-13.7573
-26.6872
-33.7201
-34.0079
-33.3548
-35.3236
-31.6533
-30.4926
-49.3910
-45.4978
-34.2461
-22.1152
-45.3036
-29.3728
-27.8250
-26.5550
-26.4618
-25.3047
-24.6676
-34.4183
-44.5114
-43.0588
-27.7472
-7.7108
-4.5078
-9.5670
-14.6611
-17.9501
-15.4668
-21.1750
-26.1918
-33.2272
-45.5375
-48.6595
-55.1406
-57.8220
-58.7226
-55.3104
-46.9198
-37.2303
-31.8794
-25.9761
-27.6483
-25.5905
-16.3110
-6.3364
-3.0154
-8.2803
-3.9851
5.5481
13.1229
25.7255
25.5809
23.3833
25.6008
18.7024
9.9739
11.7566
8.4283
9.6275
15.7065
15.1276
15.4511
13.1900
10.7407
12.6017
12.3879
10.4578
16.5516
17.3082
10.0073
5.0635
12.8498
5.6376
-0.8381
-6.4169
-3.8901
-14.3476
-43.5850
-38.2595
-43.2529
-56.5509
-53.1725
-31.3312
-46.1534
-53.3590
-34.3648
-34.4456
-41.8429
-36.6213
-26.9299
-34.1350
-37.3749
-23.8369
-0.4084
6.0929
5.1908
-0.1635
0.5576
6.2828
8.4076
5.3133
3.9377
7.3183
15.7337
11.9540
4.0107
-0.1009
-9.6779
-26.4914
-27.1489
-29.5247
-43.1374
-47.1390
-50.2750
-46.7055
-45.4680
-49.1603
-60.9788
-69.8950
-63.0019
-47.0212
-39.4368
-28.9303
-27.2841
-20.1050
-14.6139
-13.4443
-12.2776
-4.4012
6.0042
16.7976
25.6466
25.7452
24.4029
24.7549
18.8633
6.1518
1.0391
-7.7505
-30.0452
-39.0362
-32.8075
-21.2571
-27.0558
-43.8906
-49.5654
-62.6897
-60.7141
-49.2734
-41.0258
-37.3474
-42.7740
-45.4353
-41.9126
-34.6938
-31.1300
-24.6578
-28.1552
-40.3488
-41.0817
-31.6242
-28.0925
-27.8857
-22.3965
-11.1144
-0.9588
5.8530
2.5677
4.9709
11.0189
14.6675
13.5600
12.0726
16.8896
-15.3661
-13.7256
-12.5892
-7.7794
-5.0002
-9.3073
-10.7162
-11.4237
-6.2781
-1.8339
1.2390
4.6738
9.0519
10.4413
9.8629
10.9391
10.3779
14.5518
22.1571
24.3972
23.2513
24.1542
22.7803
27.3041
25.7036
19.6162
20.3986
18.6383
16.6166
14.8983
7.4387
-3.5881
-28.3016
-35.9156
-28.9140
-19.2961
3.1943
0.3988
-41.2163
-57.1611
-56.4482
-40.7310
-27.5673
-7.5412
3.1318
4.4440
9.5003
17.9797
18.0119
9.8081
5.2236
5.9046
-35.4707
-50.8103
-43.7816
-28.8486
-11.1433
12.6810
29.4470
35.7057
36.5675
29.2484
35.3811
29.5706
23.2489
29.5385
22.1105
-36.2990
-58.6281
-58.6868
-50.9588
-36.2743
-33.2695
-32.5233
-47.6152
-64.7910
-63.3134
-44.9276
-23.4145
-44.6536
-67.1322
-60.4688
-46.6033
-46.8732
-40.4223
-27.3486
-41.8789
-52.2350
-47.4520
-33.2587
-17.4799
-12.6464
-8.9046
0.0660
-0.9095
-3.3264
-0.6749
3.8709
5.4879
5.0382
5.4833
-2.7944
-0.2164
9.2276
15.3242
18.4379
10.2875
-13.6411
-24.9814
-26.9661
-26.2039
-13.8073
-1.1968
1.6934
1.8775
10.1872
-18.9950
-34.7976
-39.4610
-28.5827
-6.6239
9.6069
-12.9823
-28.0269
-28.9250
-27.9288
-18.6738
-11.2491
-14.4158
-21.4181
-16.6558
-3.1687
6.7254
5.6796
1.1769
0.4191
8.1459
10.7893
11.4864
12.4286
10.5273
7.9587
5.9918
3.2493
4.8629
5.5672
0.1223
7.5379
13.3212
7.9674
5.6387
8.2846
7.0559
8.9157
10.0060
14.0885
21.3316
18.8708
25.1247
31.0029
31.4882
19.9985
-18.9112
-50.9100
-60.1169
-55.1000
-36.2825
-17.8992
-19.7931
-21.5410
-22.3566
-35.2309
-47.4167
-46.5850
-23.3519
-11.4440
-26.4339
-33.2237
-37.3530
-41.4905
-45.1597
-46.3312
-46.5411
-42.7317
-37.8438
-33.3578
-31.4113
-20.3280
-1.1580
10.2323
15.2438
14.4804
11.8442
8.8604
10.2077
16.3944
-6.6111
-39.1983
-45.4709
-31.9758
-14.8417
-8.6983
-9.8360
-12.0663
-12.1175
-3.1647
7.1524
-0.0392
-34.1758
-54.8719
-62.9166
-58.7838
-54.8118
-44.7908
-31.0029
-22.8294
-14.6455
-7.4979
-8.9754
-22.7882
-28.6237
-41.8330
-61.9298
-61.6014
-49.2587
-29.0818
-14.1240
-13.7676
-11.9679
-17.4555
-31.5676
-27.8696
-18.6964
-13.9922
-20.3194
-19.5876
-13.2110
-6.9248
-0.8349
4.1642
11.7069
24.1430
29.2150
32.2506
31.6131
31.8763
23.7612
18.2272
10.7641
12.1932
13.4032
10.8367
13.4654
15.0084
11.3695
8.1106
8.7397
11.6749
11.9486
14.9613
15.2867
15.6766
16.2447
10.7194
-16.2731
-20.0958
-6.5374
5.2390
11.7411
-10.3664
-41.2684
-48.5352
-50.6467
-51.1970
-55.8010
-59.7650
-59.5574
-53.5949
-41.0090
-57.1251
-69.0170
-70.0094
-79.1787
-83.0805
-78.5154
-81.1250
-81.6313
-68.2484
-47.2703
-40.1823
-39.9132
-33.9070
-24.0160
-15.5485
-12.8334
-2.5474
7.9452
8.7148
2.5846
4.4492
12.7419
12.6254
15.4336
19.0930
14.6837
13.9748
16.9307
14.3568
12.0857
10.0693
9.7421
7.7980
4.9236
3.5810
0.1741
-1.9061
-3.1382
-6.3212
-4.0993
-6.2741
-14.9323
-21.3520
-57.9811
-98.3501
-96.4664
-92.9594
-92.1713
-92.8906
-94.1176
-98.0306
-93.6768
-83.9012
-66.1281
-49.6111
-36.2222
-20.0013
-6.3956
-2.0993
2.6528
4.3277
-0.0798
-8.0768
-7.4758
-2.0167
-0.6170
0.1036
0.4609
-25.1619
-32.9178
-45.9042
-69.8127
-83.0002
-86.0093
-80.6108
-67.8216
-42.7914
-41.4180
-50.8968
-69.2655
-66.6023
-55.0450
-56.1943
-50.8411
-47.2753
-42.3454
-33.0628
-18.0671
-2.5050
3.2912
3.4233
1.8827
7.2321
13.2051
11.1248
11.1088
5.6736
1.4021
0.5346
2.8411
5.5519
1.5789
1.4905
-0.9324
-5.4669
-8.4864
-4.0800
3.3649
6.9736
12.8897
14.7883
9.8929
-1.2563
-4.1205
-3.5683
0.1013
2.5974
1.3028
2.1595
2.9742
4.0906
2.6131
2.3160
3.6325
6.3593
-52.9456
-70.6781
-66.5734
-47.6504
-55.6743
-72.4925
-80.7220
-76.5347
-63.1875
-47.5860
-34.2937
-24.7915
-27.6567
-37.8279
-42.1018
-49.0034
-54.9983
-47.2140
-37.5048
-33.2269
-34.1975
-38.6669
-41.3003
-53.6482
-69.3346
-85.9664
-91.6737
-89.2488
-84.0338
-79.2055
-75.1269
-55.9695
-41.5095
-30.2752
-26.5094
-20.0184
-26.8732
-58.7765
-59.2776
-52.6473
-57.6834
-59.7814
-46.2791
-52.4739
-58.2680
-58.0839
-41.4871
-34.4984
-46.9819
-50.7495
-47.1040
-36.9843
-41.5851
-39.8044
-33.3756
-21.9148
-14.4871
-11.4446
-11.2892
-2.4774
8.3350
20.1325
15.9385
11.5803
16.0449
17.7899
11.9552
9.0904
12.3695
13.9145
16.2921
18.1989
23.6852
21.1179
14.9981
12.4530
9.8119
13.1604
17.3603
13.9968
13.9794
11.3701
10.0534
14.7592
16.0569
21.0856
21.3726
15.8630
14.7924
13.8522
11.9720
3.4147
-77.1788
-101.1556
-94.2115
-67.7038
-40.0988
-33.0096
-37.0372
-33.3350
-38.1026
-54.9878
-63.2845
-71.7272
-73.1910
-58.0865
-36.5179
-39.9347
-37.2462
-18.8972
-18.3426
-20.5009
-17.9380
-15.2340
-13.5952
-9.3091
0.1743
4.1381
8.7463
15.0210
14.7700
25.2367
21.4720
18.7553
13.4209
10.3648
4.3710
4.0696
5.3990
-0.6039
-7.6457
-11.7414
-14.2368
-12.6241
-7.1931
-10.0991
-6.0007
-0.0549
-3.0501
-2.6155
-2.0152
5.4967
5.3835
6.8935
7.2425
5.6285
2.1796
-51.8658
-85.4197
-79.9715
-79.7379
-81.9264
-71.9080
-68.0467
-65.4114
-49.8603
-32.0588
-19.7965
-11.6174
-4.2992
-2.1565
-37.2322
-67.0126
-75.8840
-65.7226
-33.5553
-40.8133
-58.9300
-87.8711
-86.1857
-67.3677
-49.2948
-35.9388
-41.5939
-47.3635
-34.1758
-32.1709
-37.7050
-42.6820
-39.2591
-27.9781
-33.7108
-33.4422
-26.4837
-21.2670
-11.2467
-0.6145
-0.4647
1.6859
2.9543
5.1447
5.5101
8.6374
8.9293
7.7612
5.7572
7.3710
10.4605
11.1717
10.8764
14.8594
15.5983
9.6023
1.1905
5.7974
16.4014
-5.2227
-14.3377
-11.3164
0.3139
2.1276
-12.8744
-24.7581
-31.4941
-25.1437
-30.9318
-57.6122
-79.8631
-79.3286
-68.9700
-50.8264
-38.3170
-32.5863
-38.8379
-37.3419
-35.6661
-33.7713
-38.2442
-35.6171
-25.8200
-19.7037
-20.1133
-15.2589
-2.3526
5.7108
5.8488
7.2598
14.4909
19.4081
20.5602
20.4562
15.4922
9.4025
12.6927
21.8591
23.2176
19.0984
19.4776
22.4215
21.4136
23.2142
22.5347
20.2446
13.5740
10.2852
16.4155
27.4139
22.0109
18.9807
17.1392
13.1197
8.8243
4.0931
3.2258
5.0034
15.7479
20.4311
24.0144
14.5704
10.2781
13.8511
25.2911
24.8857
13.6634
14.4397
19.4477
25.7922
33.5384
40.7783
31.6764
17.7159
9.0535
-0.4774
-2.4579
0.9775
4.8668
12.2357
20.6556
31.6803
33.0636
24.3111
22.4286
20.2941
20.4460
12.6537
7.6267
7.7479
4.2502
2.7852
3.5535
8.0736
14.1393
7.7818
-2.9611
-5.7601
-5.4679
-3.7437
-2.2456
-4.5184
-8.5391
-7.9192
-2.4086
6.9942
12.7299
2.2926
22.8067
29.8904
29.3881
24.8255
13.2688
4.7646
-1.3612
-4.9690
-4.5187
-4.3223
2.7181
3.2000
6.7245
11.3945
11.7857
26.3197
27.7855
23.5244
21.6730
37.4319
38.1682
31.8789
23.2646
14.6677
17.1859
14.6162
13.9260
13.9900
15.1296
15.9166
14.8023
12.0478
9.5482
7.7302
7.5939
9.3596
13.3628
18.1380
13.0576
12.2566
13.0834
1.9957
0.9456
-7.8934
-7.5911
2.4041
8.7956
10.0809
12.0340
12.7825
19.5179
12.8368
4.2117
3.9052
3.4000
9.5734
4.9136
-1.7722
2.6540
12.3706
12.8221
16.5391
12.3256
5.4720
6.4221
6.9600
5.5617
6.6741
6.8646
3.0889
0.8659
6.3737
2.9794
-4.2789
-3.8877
-7.8760
-10.3172
15.7087
21.5691
20.6421
18.1088
9.6706
3.1248
-7.6252
-10.9550
-5.1399
3.9689
1.6025
-2.7686
-2.3091
5.3730

Coefficient 7:
0.1129
11.7290
10.3463
8.2237
9.5317
9.7428
7.3262
10.1375
13.8356
17.7832
23.8658
21.3632
18.0131
24.2025
23.0545
7.2001
-10.5793
-11.7129
11.5565
10.2161
-5.0422
-12.8933
-8.4958
-6.2483
-9.7700
-4.7974
-13.7222
-18.5496
-23.2455
-26.2989
-24.4161
-11.9704
7.3765
20.6241
15.7775
19.3064
20.1170
3.3699
-9.9787
-6.5091
0.2828
-0.7730
5.7290
-11.8264
-14.1184
-11.0844
-3.9072
-0.9344
3.9136
1.9369
3.1655
9.2082
14.0903
8.3313
4.6181
-1.7711
-10.6002
-9.9775
-6.7473
-11.5200
-14.6404
-17.1209
-29.9593
-27.4115
-23.4911
-17.3031
-5.2254
0.2417
-31.9027
-35.6148
-28.2178
-23.6770
-19.5543
-8.4634
-9.7566
-15.3827
-5.0602
2.5459
2.7610
6.2934
7.8048
9.7498
15.0722
17.4592
13.4522
10.0008
6.8270
9.1449
11.4945
13.8845
18.3986
17.5844
13.5146
15.6447
8.5058
9.4321
13.4358
11.3458
6.7850
10.0713
16.1489
15.6284
10.8515
8.9886
7.3303
2.2377
-38.5735
-38.2214
-25.7377
-20.3215
-16.8867
-22.7727
-31.2247
-25.7749
-21.8885
-15.3366
-13.0086
-17.7330
-22.9091
-16.0566
-2.5290
3.6745
12.6189
19.4513
19.5495
12.2644
7.9840
9.3245
13.0786
10.0266
3.4518
2.4319
15.4657
18.1286
-4.2527
-18.9135
-42.3573
-56.5030
-41.8722
-36.8128
-39.5065
-39.4604
-26.5447
1.6115
8.2217
4.2205
-11.0523
-35.7275
-40.9957
-27.6048
-7.5173
10.0756
11.1293
2.7794
-5.0620
1.1408
9.4357
24.6174
28.8045
-0.9199
-15.9480
-4.6463
4.8513
11.2605
9.2886
-6.1320
-2.4752
1.1221
0.1092
-3.4989
4.4145
7.3891
0.8907
-0.7201
0.3320
1.7991
6.2925
8.5864
7.8872
8.3001
14.1670
13.0354
8.9087
7.2808
7.2472
5.6588
9.6249
10.0774
7.8958
7.4505
6.4345
4.3657
4.9345
4.2239
3.1310
4.1180
8.5301
13.7347
-2.0012
-19.0925
-19.9765
-16.4255
-12.7200
-8.6712
4.3337
8.7300
-17.8874
-26.8394
-20.3633
-25.0467
-37.9696
-36.8365
-48.6514
-50.1637
-34.6376
-19.5826
-22.2593
-33.1035
-43.6595
-40.7847
-26.7058
-19.1047
-14.3701
-9.0453
-7.0092
-3.0170
9.9169
3.6982
2.8850
-12.9411
-31.3170
-42.5264
-42.5078
-32.9523
-30.3366
-36.4724
-35.0764
-31.5501
-31.6519
-32.8013
-25.5099
-11.9907
0.2636
6.1687
8.6490
-23.8892
-28.7520
-18.6797
6.0124
14.6088
-8.1284
-12.5617
-14.0175
-8.4507
-11.8550
-17.7509
-16.9996
-18.6591
-26.5016
-44.1129
-32.2536
-24.5556
-36.0397
-39.8791
-31.3851
-17.8286
-8.2228
-4.4827
-0.1630
-7.2180
-7.8884
-9.3041
-11.4913
-8.0305
-9.2681
-3.6830
5.2240
6.8604
1.5552
-10.2825
-14.6160
-5.6610
8.0898
10.8910
13.8915
8.7127
6.7877
5.4314
6.0925
3.1529
-2.1189
-1.7050
18.1604
23.9416
24.3373
23.2667
13.7196
3.1860
2.3553
-0.1701
-1.1390
-6.8847
-11.8699
-11.6088
-8.6161
-1.9227
14.9130
-10.4038
-21.1695
-27.4169
-26.2826
-18.1858
-6.9551
-6.2026
2.5749
-5.0298
-39.8459
-51.4593
-43.6790
-25.4121
-8.1408
1.7153
5.0542
4.9466
-4.7299
-12.0295
-16.1158
-12.6419
-7.5133
-2.5034
5.0716
10.5211
11.1365
8.4115
6.6348
12.1515
18.6523
15.3159
9.6708
1.7239
1.7227
10.6155
13.7708
12.8789
13.9782
14.8709
8.5823
7.6540
7.3159
9.2278
-22.6766
-27.3700
-22.7487
-20.8310
-22.2349
-21.8519
-22.0459
-13.7663
-8.6268
-5.5999
7.9220
12.9867
23.2141
25.2728
24.2881
23.3389
3.8296
-5.6817
-2.9358
-3.1333
-14.7257
-44.5563
-37.7619
-36.5173
-32.4336
-30.8889
-34.6770
-30.6250
-22.5576
-28.1818
-28.6287
-22.8634
-16.8555
-25.5972
-16.4935
-3.3573
14.4843
24.3548
19.9906
11.0848
-4.0156
-25.9685
-25.5375
-28.3652
-30.7447
-32.7052
-36.7270
-21.4138
-8.7602
-7.2507
1.1606
11.6742
16.2093
15.6916
19.7647
19.5114
16.7522
22.3008
25.2101
22.5398
19.5382
15.2787
11.3349
9.3243
7.7752
7.6256
10.3979
5.5296
4.3503
9.3638
9.9229
8.2655
8.8192
9.3954
9.5939
7.3058
7.1606
10.6072
11.0676
6.5516
1.3978
9.0769
23.4644
17.9618
5.3686
-6.3853
-17.5718
-36.0344
-34.5568
-30.5555
-27.9714
-20.3945
-11.2714
0.6004
12.5526
9.6776
-14.2725
-13.7904
-5.1557
0.8604
-4.8056
-11.3701
-13.6175
-2.6064
2.5353
13.1073
14.3262
18.0036
24.8443
26.1658
16.7673
8.6031
11.0410
14.8498
2.5028
-6.1126
-8.1965
-12.6597
-20.3805
-21.1590
-25.1320
-33.6329
-42.9828
-43.2436
-35.9245
-22.9907
-12.8441
9.4166
9.3449
-9.8757
-26.8285
-44.7907
-25.3251
0.4229
6.2325
-0.3407
-6.6471
-13.6733
-25.5650
-26.8311
-19.1671
-10.5336
-4.7765
-2.7756
-0.6091
2.6937
-3.4032
-8.1208
-11.3703
18.0541
24.3336
17.1145
0.2899
4.2616
34.1781
35.2731
9.3160
-16.6304
-23.7879
-10.8699
9.5634
12.5883
-0.5889
-27.5359
-37.6213
-35.7067
-28.9281
-23.9215
-19.1931
-13.0965
-12.1600
-17.7174
-19.0321
-10.8810
-3.1698
-2.6785
1.5389
-6.0650
-8.1212
-4.8557
2.4920
12.4204
13.1604
16.0642
4.8797
16.8239
24.0035
27.1417
18.4762
10.7149
11.5661
17.7363
23.8907
21.7859
17.2250
17.7686
16.1476
20.2222
16.8245
9.4304
7.5002
13.2844
19.6504
17.4707
13.4550
16.3713
15.5262
16.0551
15.4027
11.7684
13.2880
14.7339
14.2206
13.2592
3.7637
-11.0172
-2.2965
-5.7029
-7.6339
0.0005
4.6762
-0.4471
-32.6882
-33.1067
-17.9750
-0.9148
5.9674
8.9403
7.9600
8.7183
5.8813
9.6262
5.1666
-7.4072
-9.5975
-4.7359
-17.0598
-20.9842
-22.1678
-10.4531
3.6438
11.2310
18.7622
18.6120
13.5831
10.7574
20.1497
14.9720
7.9252
11.7595
7.3516
-30.1468
-29.2753
-16.0597
-2.0450
14.0681
10.7456
-7.8540
-26.7243
-31.4597
-29.5556
-26.6743
-15.6143
-31.7866
-32.2453
-32.7438
-30.6198
-27.8875
-21.9947
-8.8866
-24.5431
-30.3571
-19.2981
-17.5159
-19.2815
-35.0719
-38.5736
-23.6406
-15.0716
-6.7229
1.6863
2.2673
3.4028
4.9522
11.0672
5.7003
5.0028
9.5153
11.3540
9.7038
-1.6637
-17.3296
-23.6183
-26.9438
-23.9204
-22.2963
-20.7012
-15.3862
-17.1455
-13.8634
-7.8438
18.5894
22.6095
10.7308
-3.1172
-8.4694
30.0718
40.1341
29.4775
17.6726
5.5648
-1.6079
-9.4504
-14.9774
-8.8997
-5.0933
5.2001
5.2423
5.1232
9.6908
10.5480
12.0942
16.7432
15.5215
10.2790
9.7790
11.3279
9.2084
10.7003
9.5746
3.1556
9.0247
16.1681
14.2625
11.3935
14.1544
16.1588
14.3543
10.8123
9.7001
14.0664
15.9408
21.3262
32.6792
35.2618
24.4028
3.9712
2.3945
2.2486
3.9287
5.9334
13.6183
18.2931
18.0024
14.1312
-2.0345
-29.1845
-37.9766
-30.7532
-21.9828
-24.8304
-24.0809
-23.9309
-26.5090
-20.3216
-9.9165
-6.6045
-8.5284
-8.9120
-14.6534
-28.8003
-37.6913
-22.6022
-7.9983
2.1666
5.5739
8.1121
7.5885
4.6928
6.3139
-12.1004
-24.1089
-26.0223
-19.5154
-13.6212
-19.4227
-28.1205
-20.2601
-5.7156
-1.3598
-11.6114
-28.2376
-29.7466
-28.3129
-32.0467
-30.3561
-17.8447
-7.9737
-2.1470
-2.9712
-2.9017
7.1054
16.4220
12.0459
4.6493
-24.5296
-34.6023
-29.2182
-23.6532
-21.5753
-10.1437
-11.0954
-7.4034
-9.7909
-5.1825
3.8297
10.2648
10.1150
5.8098
8.7742
14.1350
12.5627
6.5135
-0.6087
-9.2472
-12.4302
-13.7227
-15.5441
-6.6976
4.1867
10.8329
11.2827
4.1082
4.0384
5.6342
3.3482
4.1424
7.8210
10.8452
2.8011
-1.7623
3.5757
5.2213
10.3221
7.9254
11.0198
11.6771
3.4967
2.7263
0.4173
-12.9265
-19.8315
-15.0904
-15.1777
-12.6128
-5.0935
4.8274
-0.9430
-6.5904
10.0903
20.7958
19.3112
6.5361
-35.1128
-40.9359
-36.4676
-30.7304
-20.0014
-14.5568
-18.9312
-23.6386
-25.1664
-15.4651
1.4279
7.9548
10.3944
10.1348
4.9528
-3.0534
-6.3700
1.0815
4.0643
2.9602
5.2279
10.1394
4.0270
5.0729
9.6939
7.9657
9.2163
9.2728
6.3672
4.8918
6.1993
9.2117
8.1891
7.3306
9.0064
6.8183
4.8933
11.0345
13.1052
12.6509
4.9220
-5.1764
-12.0792
-22.1675
-24.8000
-19.5324
-13.5541
-9.6859
-10.5057
-14.0860
-21.6449
-21.7094
-22.2010
-12.0154
0.5592
4.8695
6.4352
4.9340
4.9788
5.6614
4.0554
2.4061
-2.2462
-2.5740
-0.9773
-2.9891
2.1994
2.3954
-8.7361
-16.6389
-20.5057
-20.7330
-10.6227
2.5751
-0.7899
0.3330
6.2923
2.0195
6.7991
22.7984
22.7023
-10.6427
-3.1833
4.0710
-0.1946
-8.9819
-8.6283
-0.0455
5.2778
3.3382
-5.3103
-10.7419
2.5273
12.3646
12.5275
11.7348
15.9916
26.8542
29.8279
28.7883
27.5351
25.3510
21.7933
15.8403
6.7442
-0.6537
0.1493
0.3326
2.6874
6.3176
7.2423
5.8264
-0.6491
-3.4649
1.8470
9.8333
17.2393
17.1891
18.0015
14.2285
11.6927
7.4501
9.0842
6.2252
0.1870
-11.8468
-13.6293
-12.4868
-10.6134
-40.4275
-40.2816
-24.6427
-8.3815
-8.1091
-19.5113
-9.2750
-1.9226
-2.3262
10.3871
10.0885
-10.0711
-22.0018
-25.4388
-14.4718
-4.2088
-3.5525
-5.1663
-12.5411
-31.2201
-46.2457
-41.7219
-36.7272
-31.9156
-29.4379
-28.7622
-31.6309
-34.3607
-35.4799
-36.3638
-27.4540
-14.6765
-21.6423
-22.4528
-19.9661
-14.0562
-12.4405
-21.0965
-20.7511
9.3609
10.6816
0.3463
-2.8791
2.0536
-13.2008
-18.2576
-19.0748
-23.4377
-23.5015
-17.8000
-9.6795
-8.9841
-16.5906
-19.5489
-19.3671
-17.8656
-21.0278
-18.0640
-11.0888
-1.9864
9.1100
14.3007
11.4070
8.6410
9.0891
8.9168
9.6705
7.0307
10.4531
9.2131
9.1118
8.9567
6.7201
6.8796
9.7006
4.8935
7.1285
9.4291
11.1365
15.4710
14.4591
17.1792
15.7814
10.9653
10.2009
8.7136
6.1412
-2.4658
-26.4511
-32.2519
-33.8366
-35.2583
-40.4145
-21.2988
-13.7451
-27.0543
-37.0205
-36.1065
-39.0740
-29.3389
-24.1037
-17.1261
-16.9461
-16.6000
-14.9679
-8.6997
-3.4656
3.6017
7.1316
8.4536
9.9493
4.3250
-3.1296
-2.0301
2.2801
9.2492
12.6554
17.4818
16.5935
14.6372
7.7024
6.1434
-0.4184
-0.7979
2.3445
3.0517
-0.3788
1.9587
2.7581
-0.2097
-8.2119
-10.6628
-6.1184
-0.3067
5.9763
4.7820
3.2221
6.4891
7.5984
9.9559
10.9491
4.1460
8.5741
-17.4374
-22.2161
-16.2635
-9.4477
-7.6346
-8.5666
-4.6819
0.5920
2.1792
4.9450
1.8412
5.9841
14.9164
14.0086
-2.2184
-10.1871
-8.4002
-8.7374
-7.4941
-9.4975
-20.1202
-30.4685
-27.6702
-26.7611
-28.2058
-26.2070
-20.5635
-20.4295
-8.6966
0.1846
6.4588
-12.0019
-24.9171
-32.4782
-26.4734
-23.6462
-20.3726
-15.3140
-6.2741
-8.4272
-13.1087
-18.2123
-15.1925
-14.5590
-10.5816
0.0096
0.1207
-1.2655
-4.0768
-2.7235
7.8017
11.2819
6.3269
10.6891
13.2560
8.8857
3.2964
6.5895
10.3357
-27.5466
-39.3193
-36.6839
-17.7552
-3.3316
5.6403
-1.0763
-6.6412
0.3056
-9.2125
-30.0021
-32.9396
-28.9992
-28.1518
-22.0257
-4.3094
10.7768
10.7110
-8.1390
-29.4081
-33.9697
-33.9816
-28.4937
-21.6207
-18.0575
-15.5805
-12.9272
-9.7993
-2.1559
4.2756
6.7232
11.6861
16.5601
15.5667
11.2211
10.5022
8.4141
11.2250
13.1162
13.0662
6.5436
6.1492
9.1420
8.9783
15.2955
13.8969
12.2419
16.3116
12.8849
12.0176
15.7416
13.7840
11.7857
9.9551
11.0195
11.7764
9.7395
12.7699
16.1880
21.8116
23.6432
23.0067
18.2539
14.0451
18.8942
29.4784
30.3065
21.1933
21.9018
17.9588
16.1343
16.9338
24.2972
31.5773
31.6525
20.5615
7.0583
9.0985
13.2047
16.5309
18.6594
22.6219
28.3173
27.4791
20.9534
22.9229
20.2821
14.4493
5.5753
0.6042
2.3419
0.3229
1.1665
4.5213
6.8831
14.6337
12.5623
14.2203
13.7496
12.2376
16.3433
23.6094
25.0864
25.1412
29.9673
27.7172
26.5387
17.4497
15.0252
15.9754
29.9643
34.2559
25.0504
4.4900
-2.2110
-2.9986
-2.0088
-3.5188
-5.1896
-5.7540
-12.4530
-15.3946
-18.5461
-13.5225
15.5962
25.0949
23.1801
22.0716
32.0863
31.6013
31.2170
24.7239
15.0840
11.7490
9.0174
10.5307
10.3978
10.0789
7.6283
8.3404
9.5768
7.7915
3.3387
4.1227
7.0965
7.8187
22.3397
17.9574
17.2231
19.2111
20.8286
20.9934
21.3541
17.1759
15.0628
12.1032
9.8571
15.3104
17.8053
12.7642
7.4184
5.1277
15.5187
22.6868
25.7416
18.2486
14.8295
17.2763
17.1075
14.6135
10.6595
8.5862
7.3114
2.0511
-0.5966
-0.4623
1.6647
2.0444
-3.4894
-5.8003
2.0756
5.6148
-0.3321
-0.4104
7.4421
10.7214
18.8746
23.9474
23.6146
21.6247
25.2915
23.7997
12.8633
2.3121
0.6019
4.2726
11.9520
11.9877
15.3292
19.2191

Coefficient 8:
-0.2781
9.7011
5.6842
1.2297
5.3877
2.8893
4.9710
7.0920
9.0449
10.4197
15.3358
17.4277
9.5700
0.6924
2.8145
0.3321
-2.0609
8.7772
25.0455
24.5547
21.7656
17.4622
12.2964
1.3825
-1.7230
-1.0962
-16.1024
-26.8481
-19.0401
-8.3527
-5.1043
-3.5507
-6.1495
-13.9718
-14.5373
-14.9250
-27.6725
-26.8164
-19.0583
-13.0344
-16.4762
-19.3878
-23.1163
-22.0536
-12.7932
-12.6876
-13.8246
-14.5448
-11.8870
-12.3782
-6.4814
-0.5352
-1.8902
-6.9547
-4.0174
-18.1115
-28.1332
-27.8976
-29.6995
-19.3813
-5.6341
-13.5059
-29.1883
-29.3255
-25.6151
-6.9263
18.2944
30.5900
21.2686
17.0251
10.5564
3.3539
-2.1551
9.7794
8.1647
7.9240
18.1991
20.2697
11.5247
2.7153
-0.3301
3.7411
8.7359
12.6551
10.4246
8.9993
6.3283
4.8031
9.2677
11.2238
11.4639
12.1557
12.4537
9.2829
3.4672
4.5559
6.7237
10.6111
8.0135
5.4127
8.9455
4.7055
3.7964
3.2729
2.6120
17.4486
-6.6238
6.7642
13.4446
16.1259
13.7204
19.0849
25.0174
20.1839
10.2529
6.6665
2.2819
-4.0041
-8.0542
-6.2276
-3.9471
-0.8923
-1.6776
4.7646
9.6689
6.6541
6.4713
8.5707
14.1194
20.2570
30.8819
33.9787
34.5062
29.5610
2.1028
-5.2921
-8.0015
-8.2488
13.2539
19.0145
18.6421
16.1953
16.3070
21.7795
40.7874
33.9819
7.3434
-5.2639
-23.3397
-24.2982
-9.9696
-6.7044
-0.8763
-2.9502
-8.2553
-0.8145
-1.1066
-0.0243
8.5757
-15.3109
-30.1374
-31.1467
-33.0777
-34.5725
-32.8576
-8.5132
-5.8793
-2.6335
1.9782
1.3076
7.4037
18.0262
24.3797
17.5851
12.3583
4.1059
3.4445
5.5670
4.3891
5.1253
10.7629
9.9664
6.4555
3.1681
4.0168
6.1449
7.6069
7.3921
4.2464
4.4879
4.6093
2.1332
4.1230
3.4040
3.3875
4.2099
8.9006
13.6585
15.2267
28.2857
38.9060
39.8935
35.3761
8.8138
8.1449
13.3315
6.8121
-2.4439
-5.6416
-1.9512
-4.2520
-10.8195
-16.2124
-3.8060
4.9521
6.6529
12.4933
15.3886
8.6649
1.4096
1.9919
6.3660
8.9427
3.8165
-0.5233
2.9315
12.6556
15.0243
18.4431
0.6780
-21.1580
-3.2105
7.8529
14.0510
11.6963
11.7011
15.5837
20.9238
22.8116
23.1633
22.1410
23.9893
20.7415
13.5815
9.6319
-5.3107
-16.7471
-23.4201
-32.8856
-23.5885
-3.7443
5.8907
4.0286
-0.7344
1.0740
4.5411
-0.8681
-10.0753
-11.8551
-27.9934
-22.9049
-6.9581
-0.5875
4.6624
9.0470
6.2632
2.9232
-1.8869
-6.4492
-14.0927
-4.2055
-3.9833
-6.8844
-10.8409
-16.8198
-20.8104
-12.4453
5.3099
15.6764
12.1647
11.5394
13.5766
16.4066
14.4265
15.9679
7.5591
4.5187
1.8954
2.2887
2.2528
-2.7512
2.0409
11.0398
5.7921
-0.4321
-5.4765
-4.6340
0.1467
4.7210
1.3243
-3.3197
-6.1459
-1.4334
7.0771
11.3370
8.9920
1.8272
-53.0619
-50.8172
-33.8590
-15.7475
-7.0333
-18.3060
-22.3808
2.0194
13.3351
-5.7704
-3.3035
4.1187
4.4753
2.5352
0.1995
2.5451
7.3605
13.1900
7.1192
3.2581
-0.4764
-12.7907
-11.8399
5.0964
7.2537
10.1926
10.0239
10.2807
12.0073
16.0224
19.2729
16.2703
13.2083
18.9334
16.9023
18.7016
13.1676
13.8344
15.0784
3.7747
-2.5690
0.4200
5.0308
-11.6170
6.5363
13.5076
16.6719
18.2616
10.0102
-2.2048
-11.1138
-18.7759
-5.8307
9.7919
11.0567
12.9642
12.4112
9.1867
8.5041
-11.9963
-21.6332
-19.8630
-12.6673
-1.8783
-12.0300
-12.2484
5.3393
12.6862
10.9703
9.3520
15.0434
16.4420
16.3946
21.8027
22.2000
13.4414
3.5675
2.7178
-1.8026
-8.7268
-12.1856
-3.4612
1.0570
-3.8156
-31.0619
-33.0076
-15.8357
-5.6018
-4.6288
-8.8332
-7.6388
-8.6848
-12.6872
-16.1629
-19.3515
-23.1973
-25.2845
-20.9881
-10.6565
-13.6076
-19.7698
-16.1107
-4.9095
9.7588
14.2395
13.9927
3.5116
-4.8881
-4.3162
1.0116
3.9853
2.2204
5.7539
8.9253
8.3706
14.1973
12.8448
7.8399
4.7782
6.6307
8.7047
9.8970
2.3051
-3.4808
0.9771
4.7884
4.5088
-4.6662
-7.9839
-7.1240
-1.9008
-5.2209
7.8420
12.7264
7.1942
2.9564
-7.3945
-10.5561
-11.3017
12.0195
18.4679
12.7482
17.9346
15.0879
6.8444
2.3512
1.2514
-1.6598
11.7111
23.5910
28.3744
26.1507
19.4695
10.8206
3.7397
4.3581
5.0794
-14.2716
-32.6485
-24.5468
-16.5231
-6.5749
-8.8859
3.5029
4.3525
-9.3496
-13.4675
-16.9302
-13.5538
-3.9936
-2.3268
7.8017
8.0150
1.2458
-12.4029
-26.6553
-25.1169
-12.8669
-6.4067
-3.9022
-3.5354
-9.3667
-19.5680
-30.8484
-30.3880
-21.6906
-24.2098
-23.2311
-12.2420
-10.2057
-11.6728
-14.9922
-16.3709
-14.4278
-19.7045
-24.3955
-24.5008
-9.8115
1.0787
-14.9566
-22.4219
-4.7294
2.2763
5.3846
7.7472
9.6011
-0.9204
-4.2538
-0.4008
8.2388
14.4124
8.4783
0.4818
5.3832
11.1734
8.2212
1.1303
3.6386
12.3832
25.9669
21.3468
24.0046
25.6660
25.7310
22.2861
15.6543
7.9875
-17.5445
-20.7166
-17.7820
-19.3299
-22.8933
-22.8276
-18.8813
-15.5452
-12.4141
-11.5830
-15.5334
-14.0405
-12.2612
-7.0681
-3.3259
-4.6329
-11.9906
-13.0706
-6.7651
2.2749
-0.4771
-6.0609
-4.0089
-4.5022
-2.5041
-1.3148
5.0555
10.3055
7.8460
6.0902
8.9660
-9.6450
-9.4102
6.7226
13.9041
18.7914
12.0854
6.6456
-8.8814
-14.4820
-9.4826
-5.6230
-6.5365
-11.4793
-12.8712
-15.7739
-17.8110
-18.9555
-18.0888
-8.2766
2.0092
2.8990
-24.5542
-4.9851
7.0819
9.4097
4.7855
-5.1979
-5.3156
-3.0594
-9.7235
-12.8303
-7.9456
-15.8165
-19.4188
-17.0467
-8.9776
-30.5238
-22.7274
-16.4406
-15.7115
-9.6937
-2.5417
-5.0048
-4.9125
7.1530
10.4681
5.3112
8.1829
-20.5934
-25.7284
-24.0036
-12.9902
-6.8905
-14.3346
-12.9456
-17.6644
-1.8323
2.6773
-4.9496
-12.0290
-19.8458
-20.2655
-24.0694
-24.6250
-19.8855
-11.3843
-12.3093
-14.9624
-12.7262
-8.3887
-3.6121
3.4558
5.0295
3.2254
0.7461
-8.8245
-22.3072
-18.4741
-8.8759
-7.6029
-12.2053
-10.8750
-6.4674
-8.4233
-10.0502
-15.2407
-13.5564
-7.9065
-10.7219
-14.7717
-14.0160
-17.0152
-6.6412
-8.8836
-8.6206
-12.7063
-6.8058
-11.0347
-18.4213
-19.1993
-16.7051
-11.3661
-11.6931
-5.4858
-2.8739
-6.3331
-1.7776
9.7518
8.0288
1.5950
1.8839
1.4839
2.3909
4.6915
-1.9731
-1.7497
7.2951
17.3117
17.1449
18.1426
19.8044
19.8720
15.2513
12.0114
10.7141
6.6978
4.2405
7.4199
7.6091
10.1913
10.5293
-0.6676
1.9859
5.1181
1.5351
-3.0044
-12.4747
-4.8777
-1.5944
6.3814
0.1224
-16.3270
-16.9854
-18.6236
-30.3026
0.3639
18.8391
21.8342
22.1144
12.8117
-1.3883
-6.3700
-4.5644
13.7688
28.9664
26.3401
24.1639
15.8433
3.6057
0.7698
3.6852
6.6816
7.1391
4.4075
4.6177
5.5581
12.1101
8.3698
5.5824
3.3350
-6.7112
-12.7299
-14.5001
-13.4027
-14.8649
-12.9636
-2.3004
-1.4868
2.6831
-1.0293
-8.7645
-14.8591
-9.9891
-6.1461
-5.2249
-6.1653
-3.9004
-1.1312
2.0800
3.5180
-12.2842
-9.4487
-4.2533
-6.9829
-17.5739
-12.9922
-8.7716
-9.6212
-9.3525
-5.8523
-5.7377
-4.6784
-0.3588
4.8033
5.2055
6.1305
7.0885
3.4020
-5.7402
-11.7859
-18.1818
-24.2796
-29.9298
-29.9546
-20.4835
-7.9249
-2.4962
-4.0414
-1.4247
1.3409
1.2707
0.3778
5.0575
8.6362
-2.9301
-5.8123
-1.0552
1.5021
8.4888
7.3028
4.5466
5.2265
-5.1401
0.0112
13.3865
6.4566
-9.2088
-22.0151
-22.6929
-10.6237
6.5606
16.6487
17.4116
14.7970
18.1488
22.0832
20.4613
36.6221
46.8775
35.5721
23.3450
10.7037
12.9640
16.5803
13.5777
12.2808
3.5761
-6.7322
-2.4193
7.1548
6.2929
2.7670
-3.5410
-12.0011
-15.0618
-7.0489
-1.1537
5.2047
9.6657
5.2516
-1.9012
1.6483
1.7803
0.8085
0.5287
0.8176
1.2862
-1.5861
0.2227
7.3650
5.2955
4.4144
2.2069
6.6888
11.7954
20.0439
21.2719
17.3181
12.2702
9.0067
2.0754
-0.5685
6.8592
15.6091
21.9983
23.1084
21.9912
21.3255
21.1022
13.8396
3.9931
8.8867
18.1246
16.0748
7.3285
0.3205
-5.1479
-3.7054
0.5764
6.8071
6.4575
6.5593
6.0194
3.5049
8.2336
7.1844
21.9164
17.0425
0.7688
3.9025
24.1233
33.2537
29.1697
18.1644
10.4040
7.7290
-0.1910
-9.7514
-4.9858
15.6296
30.6034
32.7610
24.1379
11.9095
12.9538
18.7591
21.7748
22.6224
19.0256
14.9253
5.8666
1.8570
0.4198
2.4586
-4.4077
-2.2806
-4.0843
-8.4013
-7.2538
-7.8571
-8.0475
-0.8901
2.2357
0.4113
-1.4044
-5.7095
-8.7536
-7.8647
-6.7678
-2.5072
-2.4547
0.4403
8.0675
17.6124
27.7318
26.4955
26.2676
21.9267
15.6463
17.1977
20.1893
14.5992
-0.7195
4.7987
17.4947
17.9710
14.3988
25.5859
20.2912
11.7832
9.3296
6.3103
-7.9346
-11.3892
-1.2970
3.5836
-0.5897
-3.3430
10.5952
14.7111
11.5280
12.1506
15.7223
10.3623
7.1582
4.0556
-8.1895
-1.3830
11.1990
14.3497
16.4903
20.5754
22.1005
19.2044
3.0219
-6.6329
-15.4887
-16.1937
-14.3801
-19.4246
-1.6965
8.7363
22.3721
25.0888
8.3272
0.8931
-8.0644
-5.7672
-6.8708
-8.1783
-22.2547
-19.5923
0.6226
13.9796
24.0250
24.0483
19.6629
13.3896
5.1815
-1.9771
3.0164
5.0204
0.5950
6.8455
5.7725
-3.1351
-2.8072
6.1248
10.3500
10.3587
7.7851
7.8832
5.6707
5.4377
9.8922
12.9900
10.8716
4.0523
3.6293
8.0237
7.5150
8.2831
6.2851
5.0600
2.8921
7.1488
11.0486
12.9035
14.8215
15.2957
11.4950
11.7188
6.5159
4.5186
2.4648
15.6630
29.0541
28.7678
18.1735
-12.0728
-10.1019
-1.2524
-0.5230
-0.2799
5.9185
2.6767
-1.9966
-1.3021
-2.5637
-0.5212
-6.9959
-5.1173
-2.8978
-3.7740
-1.0872
-1.1534
1.7754
-0.4314
-5.1032
2.6193
7.4373
3.2610
5.0820
7.2306
7.9866
8.7409
9.1732
5.3063
-0.9104
-2.8442
-6.1356
-9.6925
-5.9307
-1.7587
-1.0636
1.3220
-4.6563
-9.3380
-1.4174
1.6919
1.7030
10.1150
11.4239
13.6386
14.9389
14.6138
16.1894
9.7370
-2.4270
4.0590
-0.5570
17.7183
19.1737
22.5045
25.6598
23.6213
19.6662
17.0655
5.4185
-4.1133
0.9687
6.8324
4.8632
3.3195
7.1897
6.6840
13.6210
15.3470
12.8621
10.9448
11.9431
20.8858
24.2242
27.3485
17.5263
7.3862
5.3922
1.9698
-4.5725
-2.5438
-11.1825
-6.7901
1.7314
19.4470
21.8672
8.7458
0.4857
1.2440
5.3591
15.5486
21.3640
19.2134
17.0425
4.8880
2.4173
5.0463
5.0469
5.0002
1.7854
2.1142
6.5300
8.3275
4.9007
8.1092
7.9447
6.3186
6.2781
13.4545
13.3384
9.6500
1.6322
-21.5830
-23.5548
-12.1509
-6.4611
-13.1975
-19.0079
-15.9780
-14.3690
-7.0246
2.8980
5.8210
5.1348
3.3662
-6.5828
-1.7046
1.1955
-5.3405
-8.1387
-8.2172
-5.6429
2.9381
4.4762
5.7970
12.9262
18.7737
8.4198
3.2495
6.6897
7.6058
5.6733
9.8374
6.9925
1.4467
2.3153
6.0388
7.2116
3.6434
1.9586
-0.4217
1.4843
-0.7883
-0.4066
4.4669
1.6694
3.0683
11.1396
13.4692
11.5268
6.1583
3.1308
4.1094
6.2597
12.6486
11.6514
10.2596
18.6997
22.6247
19.2657
14.3899
14.2564
17.8670
15.5467
16.1576
22.2062
26.7940
23.7978
19.6272
13.8611
10.8013
2.9053
-3.7477
1.7414
3.7623
-2.2652
-0.3636
7.3090
15.4081
23.6550
23.0485
20.6397
19.1920
9.4658
6.4162
16.0364
15.0793
9.4110
6.1653
2.6137
4.0108
2.0835
0.2286
3.5594
0.5830
-8.7080
-15.2640
-14.9003
-14.1704
-13.3718
-10.3610
-7.9918
-5.3809
0.9221
5.4009
13.1243
21.2564
26.7758
25.9033
28.4362
36.7054
36.7103
28.1815
20.1386
21.9447
27.9856
33.0888
28.3672
25.2448
25.6223
29.7468
32.3746
29.8535
30.3208
40.8700
47.4877
41.4833
32.7025
34.0966
30.2122
18.6905
10.4679
8.3087
5.9292
3.8081
3.2873
5.6940
5.9611
4.5694
1.7822
1.8740
2.4880
2.5589
1.9951
6.3301
9.8090
34.9001
25.9898
23.7989
22.1744
17.8524
25.8156
25.1903
18.2484
15.1650
7.5006
5.7968
11.6700
17.3137
5.7187
-9.1567
-13.2043
-9.1767
-1.3598
10.4160
13.8829
19.8821
22.0949
20.1872
19.9042
12.7124
7.5519
6.8078
-1.0328
-4.9452
-7.7047
-1.9363
-0.5595
-7.5312
-8.3075
0.1206
23.3770
17.3844
15.4062
1.6959
-3.0509
19.3891
23.7884
20.0512
16.3119
5.5234
7.0640
12.4553
9.5942
6.3163
-2.0783
-3.9199
-4.9469
-3.1063
-3.0080

Coefficient 9:
-0.7866
3.7396
3.5524
2.1723
4.4459
3.1420
8.0950
4.9512
-2.2944
-8.2154
-6.7268
7.4087
1.7595
-15.5396
-20.7209
-10.9288
1.8081
7.2082
7.3394
-9.3668
-19.1327
-11.4116
2.1230
11.8377
13.7175
12.9109
9.6191
6.1536
3.5677
-2.3373
-10.7850
-9.1491
-5.1699
-24.1084
-20.7426
-12.6710
-12.5325
-5.3929
2.6718
6.7301
10.9637
-0.5015
-4.6760
-0.3174
2.3985
6.0534
7.2379
5.2535
-0.3583
-8.5796
-4.7779
0.3864
4.6538
3.6372
3.8143
-1.9501
-5.5348
-2.3283
0.2743
-2.5201
2.6422
-3.2307
-10.3280
-5.1584
-13.9476
-28.6195
-23.7445
-7.1572
16.3546
19.5460
21.6471
19.1982
19.8205
26.0891
-0.6021
-18.9916
-23.9239
-15.7768
-10.3479
-18.1415
-20.7079
-9.5736
0.7593
5.1678
2.1557
3.1774
1.9477
1.4073
3.1173
10.7861
14.2296
12.1215
6.7206
6.9315
1.8400
1.8411
3.1374
3.1908
3.6052
3.7286
5.7925
3.0022
3.0693
-0.1527
0.8193
-4.4677
-26.2329
-24.5354
-22.3866
-23.9310
-26.2325
-29.8250
-28.3832
-26.3533
-25.2580
-24.0870
-21.4955
-26.9190
-22.2419
-18.1983
-20.1092
-20.7799
-15.7326
-6.3400
-0.5964
1.5445
1.4744
2.6034
0.0339
-3.7660
-15.9363
-18.9522
-29.9832
-27.2229
-48.4892
-47.9593
-24.4769
-1.2044
21.5028
-0.9708
-10.9794
-6.9367
-0.7328
5.5787
11.9278
-2.4469
-32.9120
-45.9464
-50.9523
-37.7519
-40.6675
-43.9375
-43.3655
-42.8375
-33.6858
-13.2401
4.4796
5.3578
8.7653
-4.5170
-0.0173
7.5540
9.5855
-1.9259
-16.7162
-40.1121
-43.2258
-35.2797
-21.3068
-11.9286
-7.4326
-9.4675
-10.6617
-10.0955
-5.6377
0.7579
2.1779
2.3299
2.3062
2.1580
5.6780
5.9152
1.8926
0.6893
1.3580
5.6961
4.9540
3.7898
2.3794
3.2815
2.2437
1.5862
3.3914
0.0059
-2.5310
0.3315
6.9237
12.8632
17.7825
18.2890
16.4053
17.2419
13.6437
-12.7675
-25.1045
-31.2338
-17.3139
-15.4781
-20.2339
-13.3013
-3.4229
-5.4518
-2.9212
0.0507
-3.2298
-9.6699
-12.8898
-3.6857
11.3656
5.5702
-8.8122
-11.4508
-12.5687
-14.3747
-21.0583
-15.3517
-8.6841
-3.6372
6.1627
-3.5970
-16.2203
-15.9965
-14.2159
-15.8123
-18.5141
-18.8219
-15.2113
-4.1359
5.0850
1.6291
-11.2394
-13.0218
-11.6522
-1.9529
7.0537
-0.5881
-10.0452
-18.0263
-37.8026
-20.7640
-7.7741
-7.4574
-8.0395
-2.4414
5.3851
1.8981
8.2581
13.9390
0.5756
-20.5667
-31.6393
-32.9933
-25.6591
-14.4720
-23.1305
-27.6751
-25.5569
-18.9528
-15.6645
-12.9147
-2.4074
-2.4411
-11.5196
-14.0397
-8.3618
-9.9790
-11.0650
-16.1851
-19.4568
-17.0608
-5.7428
6.9454
15.7457
15.3060
10.1019
7.7815
6.5994
2.6220
0.6628
2.8760
1.4317
-5.4692
-9.0544
-7.2386
-5.1085
-5.2772
-8.4339
-15.7217
-22.2583
-32.1276
-38.8158
-34.1548
-23.1832
-9.9500
0.9323
6.7408
0.0424
-34.7397
-30.4629
-16.7871
-9.7654
-13.8245
-25.5707
-28.6809
-20.7890
-10.6509
-16.3931
-16.7216
-18.7543
-25.8488
-33.3695
-41.5219
-44.8327
-37.1964
-29.9568
-21.9066
-17.0519
-17.4074
-12.9374
-6.2957
0.2216
5.0762
6.9699
9.3387
9.5645
11.1574
10.3161
9.9322
10.6771
13.5459
13.2511
16.5895
16.2449
4.6457
2.0499
1.4269
-2.3434
-5.6134
-2.3687
1.5338
-14.5096
-25.1626
-24.6368
-15.2023
-9.1641
-7.1883
-5.1737
-8.7022
-6.8721
-14.0890
-24.9536
-24.6794
-32.0160
-32.7295
-30.1573
-25.0021
-44.5887
-55.1167
-55.0964
-39.8668
-12.3072
12.6905
4.7917
-0.6641
-2.6543
-4.2018
-7.9841
-5.1115
0.0143
3.7611
10.4798
12.0506
10.9908
13.3228
1.4899
-9.1163
-16.4665
-16.8636
-11.0185
-1.5357
-0.0811
-5.8143
-4.0879
-2.7559
-0.1877
2.3144
-1.8559
-11.2094
-23.1092
-27.1837
-29.4945
-29.2185
-20.5426
-12.8996
-11.1572
-4.6253
-1.0218
1.9187
2.4229
-0.0633
2.2812
13.9703
20.3630
18.6352
11.0721
8.2530
9.4364
10.0616
8.2726
10.0475
14.2609
17.1884
18.3128
16.2488
6.8022
4.0945
6.0917
3.6414
2.1178
-1.2137
-0.1187
-1.6793
-0.9984
0.1072
-3.9776
-1.7787
-0.8282
15.4404
16.7244
8.3286
0.1825
-5.7840
-12.3284
-12.9141
-19.2826
-21.9587
-9.7889
-13.7407
-12.5213
-11.9487
-13.9966
-12.3139
-4.9789
1.8976
9.8386
17.7777
19.6604
16.0236
7.8369
-0.4969
-4.5798
-5.7331
-5.0581
-4.6190
-26.5720
-50.2055
-42.9482
-33.9061
-23.3482
-19.1857
-13.4014
-10.5086
-28.7940
-33.4111
-28.8235
-22.7607
-12.2065
-30.8441
-41.6877
-22.7098
-11.4239
-17.9661
-25.2000
-30.8042
-37.7848
-34.3973
-25.7830
-21.8708
-12.1010
-3.4933
-4.6555
-7.7501
-10.5204
-17.4249
-16.7479
-12.9330
-10.8634
-11.0862
-8.5018
-34.9973
-43.8317
-36.2375
-21.8489
-27.7070
-41.3195
-37.9516
-45.0243
-30.0701
-29.0446
-29.3126
-25.9552
-25.6765
-29.2213
-29.1484
-14.1672
-8.2200
-5.4639
-6.6338
-9.8285
-10.7884
-12.2316
-14.4390
-16.7101
-17.3950
-14.0411
-2.5735
4.9569
16.0000
19.2871
26.2025
29.0233
20.1013
10.0106
-0.8374
-17.9978
-22.8211
-25.8037
-35.6834
-40.5131
-41.0511
-45.3461
-46.5848
-41.0032
-42.1064
-41.6411
-40.2555
-42.0933
-33.9007
-20.5188
-9.5772
1.2426
6.7866
3.6742
0.3273
-0.2079
-6.6170
-15.1403
-15.0920
-10.1529
-4.9590
-0.4379
2.4490
0.6792
1.3041
8.0862
-13.1559
-31.3892
-45.6782
-39.2331
-28.9200
-22.3315
-16.2056
-24.2201
-22.3998
-15.1195
-14.0136
-19.0601
-23.5748
-25.1082
-23.6625
-30.0008
-35.3937
-30.8730
-19.0712
-9.5938
-7.7706
-46.7980
-47.1413
-29.6492
-15.5881
-13.5931
-13.4710
-12.7073
-7.0066
-10.9493
-14.9318
-16.7374
-29.0755
-31.3541
-26.0887
-12.6778
-25.2188
-36.1950
-39.7703
-37.6910
-33.7275
-22.3471
-4.1877
-9.5252
-14.6472
-14.4488
-8.4933
11.6498
9.0798
7.0808
4.7897
3.5091
11.2564
3.4984
-6.0305
-15.3841
-19.3045
-22.0406
-24.1737
-26.1792
-12.3119
2.9228
3.5283
-7.9757
-21.6691
-25.9435
-22.4072
-17.8822
-17.2626
-9.1503
-3.3067
3.8415
5.6213
3.8440
-0.2119
-10.6498
1.7889
10.0578
18.3564
27.3626
22.9599
18.4324
16.1111
14.5246
8.1526
-12.9589
-32.5459
-36.6747
-27.3798
-14.4715
-5.0998
-16.2571
-29.1298
-29.6276
-21.0816
-8.4499
-6.6663
-6.7864
-8.7453
-9.2905
-7.6375
-2.3415
-5.7543
0.4750
4.4522
4.6870
7.6468
12.6059
13.5457
8.4082
6.3086
6.8930
6.2321
9.0519
6.7932
6.9745
7.4864
4.8908
1.3304
3.4649
6.8894
16.5085
18.5052
10.7115
2.3495
1.5710
-3.6949
-0.8699
-3.2116
-5.3298
-2.2168
-1.0986
-5.9619
-19.2006
-27.5734
-28.5740
-19.5871
-14.5741
-15.6834
-9.4358
-13.0462
-27.4532
-19.9543
-2.4533
9.0788
-1.6502
-9.5677
-9.5910
-2.6602
4.2386
12.5483
17.2669
21.0936
17.5993
18.7871
20.8978
16.2962
9.2989
-1.2649
-6.9158
-2.4412
3.8877
5.6486
0.4095
6.9867
26.6244
17.3764
11.3556
9.5766
6.7459
7.9899
7.5399
-2.8065
-14.0554
-16.4361
-11.1166
-2.0468
-4.4376
-11.1172
-8.1518
-5.9942
-14.4323
-24.9319
-27.5296
-23.9212
-22.2682
-21.8817
-16.7064
-0.2069
7.0093
1.8918
-3.8115
-4.4342
0.0633
4.4328
6.3974
4.9273
-0.4224
3.2858
-2.6779
-8.7885
-9.8604
-6.9661
-13.1951
-13.0496
-19.4390
-19.4810
-13.4374
-6.6885
-9.7082
-15.0664
-17.5805
-23.4505
-26.3333
-21.9166
-8.5950
-3.6890
-5.1086
-5.5606
-5.6744
-4.3251
-0.7022
4.5393
6.5381
-0.2812
-1.9216
0.4887
0.4611
3.7880
4.4217
1.2796
-3.9588
-9.8143
-29.1345
-38.1137
-24.4034
-13.4472
-9.9513
0.2154
-18.5480
-27.3715
-20.3375
-13.1418
-14.8171
-29.6064
-28.5193
-22.3371
-2.3639
4.2566
-1.6689
-10.7260
-25.4254
-31.1493
-32.2601
-36.3817
-33.2422
-27.4076
-32.7932
-38.3090
-35.5440
-36.0533
-31.6892
-19.8282
-8.7731
-2.9373
-1.5753
0.1861
4.3852
6.8853
4.6361
-0.6352
3.8934
2.4988
0.8273
-3.1850
-6.4260
-6.2518
-9.5675
-3.8917
0.7237
0.5661
-5.8762
-6.0982
-1.3621
2.1884
7.0073
11.6193
13.2767
13.7782
14.7684
11.1507
-3.6627
-22.4368
-26.7053
-28.6272
-29.5367
-33.2783
-37.7554
-36.9278
-35.1001
-32.0151
-28.2208
-21.3416
-12.9661
-5.6920
-1.9915
2.4183
4.1621
5.9616
11.3042
11.5310
12.8781
14.6974
11.5590
3.4360
-1.3377
-18.7951
-21.1809
-33.6405
-48.3811
-43.8386
-31.9304
-25.3952
-22.5344
-25.7035
-21.4950
-24.8164
-41.3810
-36.5198
-4.6838
7.1298
5.3592
7.5391
5.9409
6.1825
6.4312
7.3966
13.0607
13.6993
16.6765
15.7968
18.2836
15.1145
9.0733
10.2355
25.2451
26.6253
20.2410
17.5802
12.3881
10.2976
9.6737
9.3190
9.1797
6.7917
3.1344
-5.0720
-11.1693
-8.1597
-3.6863
-1.5138
3.8523
9.6509
15.0710
18.3516
16.4268
15.7704
15.7896
15.8037
18.6657
14.6924
6.3192
-6.8362
-25.0362
-35.7700
-33.9509
-17.5220
-2.5485
-19.7807
-31.1863
-33.6154
-31.5281
-31.6866
-33.1248
-33.0369
-27.5532
-23.5468
-29.9252
-20.0864
-11.3532
-12.0733
-16.5320
-12.0547
-0.4657
6.4131
10.5279
0.4721
-9.5239
-22.4734
-23.8824
-27.1027
-20.2941
-14.5187
-11.0872
-19.1233
-20.4778
-8.2544
-4.3039
-11.3849
-1.2962
-19.7355
-22.7206
-18.2172
-6.9453
-13.0582
-13.5328
-11.6085
-13.3611
-18.0435
-11.4625
-24.1162
-32.7926
-30.2836
-26.2054
-19.0189
-6.4133
2.7617
8.7582
11.5327
8.1060
13.3036
23.9930
24.8519
19.1110
14.8735
11.6819
9.4808
8.0197
10.3522
5.5087
2.8295
6.3621
3.7650
0.4944
2.1341
1.1065
1.2460
-1.4638
0.1074
3.1547
-1.7940
-3.1298
2.9212
2.2790
-1.7896
3.1304
6.3877
10.2470
11.4287
10.1967
6.8561
6.2856
3.9870
5.9404
5.9194
-0.4487
-18.3159
-28.3632
-25.3253
-26.2685
-33.8399
-37.0775
-26.6399
-10.9573
-3.9415
-0.6375
-7.2174
-20.6930
-18.7552
-1.9657
8.0439
-11.3324
-23.2605
-24.2739
-25.5846
-25.5867
-22.3761
-25.3405
-29.3785
-24.1222
-27.7640
-28.2339
-21.1463
-9.4559
2.4881
4.7981
5.4009
4.7349
1.7122
-2.2239
-6.0852
-4.7178
1.6696
7.6683
8.3020
8.0715
0.9181
-3.2679
3.4770
6.6179
1.7981
5.4904
5.3244
3.0088
2.0713
2.8768
12.6053
12.6456
2.4247
-0.0546
-29.5779
-27.6635
-29.7781
-30.5576
-28.9378
-22.3806
-21.9359
-24.0468
-20.5861
-18.2657
-16.0962
-18.9189
-22.0208
-22.4771
-36.6965
-38.2693
-32.0559
-23.4673
-10.9155
-21.7582
-26.1195
-23.7256
-22.3872
-13.2395
-10.7742
-10.2134
-12.8200
-3.7278
-3.3095
-11.6999
-28.7500
-30.8677
-22.6151
-10.4188
-10.4993
-10.7613
-5.3776
2.8679
9.6478
15.5413
13.3232
-1.2752
-7.7188
-12.9920
-9.8473
-9.1205
-6.2506
-9.8739
-7.2809
-2.8016
3.5380
2.9103
2.8660
7.2561
5.7703
4.7365
10.8203
19.6670
17.1319
0.3100
-19.7189
-39.7266
-40.8333
-31.2298
-27.8464
-24.8494
-28.9134
-45.8445
-38.7874
-17.4178
-31.2822
-39.5403
-32.8494
-19.3474
-24.5029
-27.5494
-29.7645
-24.6993
-5.8306
4.0129
6.5877
9.8914
8.5798
10.6165
17.5662
20.3672
7.0533
-0.6742
3.6737
8.3111
5.6726
1.1917
-1.5993
-4.1310
-4.0278
-0.9352
-0.3600
-0.9142
-2.0158
-3.7269
-1.3156
-4.6222
-2.4033
-1.4710
-4.8745
-1.8808
7.2670
9.5247
2.0295
-4.9521
-1.9903
2.8164
8.6679
22.4863
30.3406
28.6711
31.0122
31.8045
21.6520
14.1675
11.0238
6.6055
4.8799
1.8122
-0.6151
3.7969
9.3204
6.5393
7.2921
2.8796
-6.9902
-4.6729
6.0663
6.3082
5.6255
11.9089
12.6709
15.2541
19.5556
20.9180
15.1494
11.0158
2.8135
4.4193
14.0467
13.2815
4.0331
-0.3776
-0.2391
1.4974
1.3750
2.4786
8.4303
4.7499
2.2146
9.7553
16.9262
16.8000
8.7432
7.5244
10.0510
8.7842
8.0326
7.5059
10.9319
10.4847
-12.5522
-29.0735
-4.2801
10.4300
11.6143
9.6121
10.3552
10.1944
7.4184
11.7225
9.2726
0.5784
-1.6338
2.4903
6.6484
12.1068
20.0571
12.3938
5.5100
5.1104
13.5912
6.3291
1.9131
-7.8577
-6.1919
2.8946
5.5573
4.3882
3.6345
4.3198
0.9659
-1.0785
-2.3115
-5.1799
-4.1391
-2.4370
-3.3359
-1.6228
1.5176
-4.7157
-8.0686
-7.1610
-2.5734
1.9074
-6.7983
-4.6861
0.1539
3.1400
-0.6669
2.6668
9.0312
9.9587
4.1893
5.5362
15.4115
12.3239
12.6736
21.0789
21.1436
17.6993
10.5794
11.7402
12.9330
7.6878
5.6578
1.5045
-3.3902
-5.9380
-2.8991
-1.1474
-1.4155
-1.9167
-3.3205
-6.5632
19.9671
18.4057
17.4361
8.7265
8.2535
-10.0267
-10.8102
-2.8607
4.5956
12.7984
19.7547
-6.5288
-12.5149
-11.3302
-4.2143
-2.2371
2.4393
1.9268
1.9893

Coefficient 10:
-0.9943
-0.7243
2.8094
8.3725
8.7049
6.6959
5.4341
3.2120
1.3769
-9.2682
-9.7489
4.4875
-2.4793
-7.4274
-3.0794
-4.2214
-12.9474
-14.2965
2.5852
-3.6376
-17.2059
-23.2922
-17.1709
-6.0357
1.4952
2.8904
8.6926
17.0098
16.3087
4.5098
-11.8051
-23.5725
-24.2072
-18.8329
-19.4112
-21.7804
-26.7165
-8.1313
6.9281
9.0791
9.9776
7.4077
2.2611
-1.2244
-8.5197
-14.0539
-19.8600
-23.7999
-30.3696
-35.4017
-28.1522
-21.9875
-20.9416
-21.9910
-25.2353
-28.2142
-21.3953
-10.3735
-6.0454
-3.3335
-0.0385
-10.4387
-16.4506
-18.9105
-21.1174
-28.4441
-24.3267
-11.5782
10.9783
0.0008
7.6464
11.4626
12.1009
16.1909
-22.6688
-43.3862
-50.8780
-46.7745
-35.5308
-22.7771
-19.9001
-12.2668
-4.5892
-0.6598
0.2507
0.3090
0.1404
2.6807
2.4805
9.4716
4.5859
0.8665
-1.4789
3.3741
1.4474
2.5696
3.4641
-1.5564
2.2766
4.0424
5.3718
3.3252
0.5922
-1.5238
0.4211
-5.6088
-18.8809
-17.2433
-12.9256
-10.8822
-14.4150
-21.8064
-20.4339
-16.8681
-11.2515
-7.9407
-12.5024
-18.1110
-16.2478
-13.8324
-12.3202
-12.2890
-13.2695
-11.8814
-12.1397
-6.8676
-1.4695
5.9896
11.4811
14.3223
16.9435
14.5575
12.3438
9.3277
-16.6507
-26.8973
-27.1093
-11.6187
7.9960
9.1596
6.4347
5.6675
8.4584
9.0275
5.1454
-10.4204
-29.0943
-25.8666
-16.8737
-0.9812
11.1932
23.7379
30.8458
28.0059
21.6987
23.3536
27.6910
24.0181
21.7405
8.3154
12.6045
14.1240
14.7045
16.4291
11.6915
19.7231
20.5438
21.3791
25.0680
30.1981
33.3512
36.5509
27.6035
13.3258
6.1800
2.2233
2.2030
1.8439
3.4191
3.3646
3.1023
2.4830
0.1867
0.1320
2.3638
2.6664
1.8368
4.4920
0.7178
4.1558
3.1800
2.8467
2.2686
-2.6167
-3.3385
2.8752
4.3131
10.4532
15.5596
4.3990
-2.8266
-5.4169
-13.2018
-35.9469
-30.3973
-19.3813
-12.7905
2.6752
17.4237
12.1880
4.0304
-0.5207
-11.0532
-16.2344
-17.4335
-18.8392
-17.4639
-11.7242
-3.1954
9.0837
15.0279
17.7557
18.7160
18.9612
17.1816
13.1601
8.3333
11.4933
14.2375
6.2291
-6.9418
-11.8780
-6.8348
-5.9649
-1.2746
1.3210
-4.6954
-7.0777
-10.1135
-15.5135
-22.3691
-19.9657
-11.4964
-2.9312
5.8128
-0.1699
-11.6803
-23.6128
-28.5330
18.0182
27.3794
22.0693
16.6098
10.4931
-6.8443
-14.3102
-22.6742
-18.1001
-5.9864
10.3987
14.6136
12.7541
2.9742
-0.7077
4.6715
4.7477
-3.9344
-8.0453
-6.0774
-5.8891
-4.9145
-3.8917
3.9323
5.4532
2.3368
1.4064
-1.3349
-2.0757
4.9818
13.2594
14.9040
6.4955
6.5865
8.8493
5.5139
3.2825
0.1215
3.5803
4.3667
2.7533
-1.7567
-22.2644
-27.7865
-18.6821
-13.0692
-10.6557
-12.6994
-3.9083
0.4915
3.5537
2.0313
-2.3579
-2.8378
-9.2039
-8.6391
-7.6699
-7.3682
-7.7867
-1.1162
-6.3749
-7.0192
-9.2482
-2.4670
6.2576
4.1481
6.5857
-6.8470
-15.7808
-25.9093
-24.6671
-7.3537
-1.0093
-4.7948
-17.7303
-16.3739
-6.9587
-1.7114
0.1509
-3.6630
-0.1422
6.2276
4.8225
2.3830
3.1231
3.7862
3.4746
-2.6152
-6.2508
-6.3567
-8.8886
-5.4464
6.4215
6.8476
-0.3891
-1.0258
-0.5823
0.7859
1.5971
0.9663
6.9227
-12.5887
-25.7628
-20.0866
-16.9263
-18.9652
-20.7728
-11.8001
-11.1358
-14.1354
-10.2491
11.0917
20.0453
11.7036
8.0629
9.2473
6.0929
-18.8088
-28.8271
-29.6503
-31.8797
-28.9499
-1.8170
9.6308
12.1391
13.4873
13.9363
8.1657
-5.0796
-20.3293
-26.7912
-32.5304
-34.1193
-15.2000
6.5613
12.6614
9.7012
11.0765
13.5756
6.7170
2.0829
-2.7777
3.0377
-1.9669
-11.5838
-18.1569
-18.6784
-11.3089
-4.9344
0.6951
4.5268
0.3104
-11.1261
-18.7814
-24.2058
-25.6403
-17.2983
-13.9975
-7.1982
-6.3296
-12.2985
-6.2981
3.4908
11.8940
11.3809
7.2862
0.7144
1.8836
0.3681
4.6306
11.6599
15.8259
13.9412
6.5403
5.9633
6.8232
5.9528
5.8507
3.0115
1.9808
1.0104
-2.1643
-5.6059
-0.8200
2.1854
0.2884
-6.5599
-11.5910
-1.9375
-0.5130
-1.5373
-9.3061
-15.3941
-21.7017
-34.6788
-37.7055
-24.8481
-5.4109
4.3672
10.4859
19.3249
27.4766
26.6814
16.0372
8.7933
9.3345
8.3296
7.8924
-1.5985
-14.1751
-20.0973
-16.1201
-15.7460
-14.4263
-9.2588
-12.4649
-18.7487
-16.1420
-8.6943
3.0090
6.2288
0.0159
5.7012
-11.3074
-29.7813
-32.6364
-32.2665
-28.8371
2.8504
-3.5663
-5.4356
1.2227
1.3682
3.5751
0.1135
-1.0619
-2.2239
-6.2016
-9.4328
-1.4623
0.3300
-1.6251
-7.8922
-11.2279
-2.8897
1.8767
0.1971
0.0270
-5.2443
-7.6864
-24.1596
-21.3994
-18.1377
-17.1163
-3.2856
9.6137
2.5138
-13.6054
-20.2729
-13.1378
-7.5152
3.3625
20.4625
7.6353
-17.1656
-25.4305
-17.4455
-8.5321
-0.8887
5.6011
11.5544
10.6015
4.5625
-5.8727
-9.8001
-8.5009
-0.7803
-7.3337
-9.6642
3.9424
10.8324
13.2835
8.3134
0.6707
-7.7383
-21.0631
-22.2064
-16.8775
-8.3581
-0.0618
-3.2580
-6.3388
-7.4168
-2.8379
-5.5378
-1.1273
-1.6400
-3.6424
-1.9276
3.8001
4.7099
2.3822
1.5843
-5.6915
-8.5135
-2.0850
0.5618
-5.4024
-5.2353
-3.5717
-1.3427
-0.4990
-2.2205
-3.9202
-6.7868
-11.7593
-40.6531
-45.6547
-36.7980
-34.1543
-28.8100
-29.9598
-18.8527
-24.2900
-26.9893
-23.6994
-21.5937
-16.5156
-9.9888
-7.3002
-3.2877
-14.0291
-21.1369
-20.7457
-10.7943
-2.5383
-3.1776
-17.3849
-11.5310
-10.1866
-0.8140
4.6345
3.8320
2.5098
2.8439
-1.7306
-1.9208
-4.5988
-5.0356
-7.1731
-10.3604
-2.4690
-20.4292
-26.6245
-20.4583
-12.9524
-6.0511
-5.2329
8.2149
12.8366
13.8968
8.2524
-2.4190
1.6879
-7.5031
-19.1101
-12.0755
-8.1563
3.3621
6.6776
-2.9991
-9.6588
2.2034
4.4517
-4.0086
-6.6471
12.2385
25.1310
27.5691
19.5330
11.3344
3.6333
1.7919
6.2871
2.2983
0.4927
1.1208
2.3332
4.4455
3.0519
-1.3032
-7.4803
1.9588
3.3337
4.1001
6.6985
11.3679
11.3099
6.8881
0.2815
-6.8230
-6.7816
-13.0469
-14.6069
-13.4179
-9.5309
0.8622
22.5426
17.7721
13.7735
11.9478
11.5472
10.6034
13.1696
20.6359
25.2135
30.5942
23.9210
19.7867
14.3630
14.8662
13.1950
16.3729
22.1757
23.2109
17.7434
14.8565
13.8735
6.9119
9.9241
12.9401
12.4317
8.4998
0.8687
-6.0599
-1.0562
2.3338
6.0304
7.8297
2.3067
-4.5827
-3.3447
-5.5391
-6.8777
-9.0078
-13.5653
-11.4498
-24.3348
-32.0238
-27.6035
-17.6216
-11.4371
-7.9018
-9.2775
-6.0248
-6.1088
-13.6175
-26.2808
-31.4938
-19.3096
1.1106
7.9601
14.3372
13.0659
9.8728
5.1293
5.0907
4.7511
2.8995
-0.8653
3.8935
2.1852
-0.7724
4.5526
9.2153
2.9356
-0.4339
1.6827
3.6312
-0.5812
6.0715
1.4397
-5.0087
-8.8820
-10.3262
-10.3101
-3.3638
12.9766
15.3760
17.4275
19.0966
19.6643
4.9244
-1.6277
0.4997
0.0226
2.3753
4.0324
5.4219
-4.7309
-13.1191
-14.2410
-13.5128
-12.1525
-4.4512
-5.4297
-18.6546
-17.8296
-10.8607
-8.5889
-6.8791
1.9678
-0.7302
-1.8989
-4.5223
-7.1237
-7.2338
-9.5059
-9.8259
-14.3324
-15.6742
-13.0645
-11.6062
-4.3850
-1.0911
-0.4227
1.9494
4.4743
1.1962
-1.5029
-5.6422
-8.7157
-8.4773
-9.9915
-9.6217
-6.2656
-8.6896
-2.0359
3.1818
2.4054
-3.7424
-5.8156
-2.6460
-0.0918
4.7797
7.0231
1.2673
-6.8833
-15.4626
-11.6305
-7.0976
-1.6593
-9.3909
-11.9560
29.4911
25.9804
22.9943
21.1543
2.7434
-18.0556
-16.9137
-11.8085
-12.9664
-21.5477
-22.6448
-8.9600
0.7080
3.3231
8.5954
11.3747
7.1456
6.6320
12.0804
22.0670
18.3693
11.4991
3.3825
-4.4883
-14.0875
-18.7675
-13.7242
-6.8036
-0.3922
4.8574
3.8244
5.6710
8.0386
10.0625
5.9493
3.6828
-0.0369
-6.9237
-9.2463
-10.9148
-4.6623
-4.0621
-3.3713
-6.3552
-3.8317
3.0233
4.3503
4.6194
3.3746
4.4748
6.4002
4.7557
4.2278
1.3006
6.8953
8.6801
11.7361
12.9421
8.8491
5.0627
0.4308
-2.6880
-2.9710
-5.9168
-15.1837
-16.1500
-5.5099
4.4649
7.2119
9.3835
9.5993
12.5119
14.0544
14.5890
17.5246
5.6907
-7.4634
-9.3303
1.6641
11.6650
8.2205
5.1966
7.2972
9.7249
5.9078
-0.7000
-5.7739
-9.0460
-8.8157
-7.6783
-8.4942
-14.4164
-17.5108
-16.9001
-14.7389
-10.7218
-11.4639
-17.0285
-12.5169
-4.8766
-7.3752
-5.0383
-1.6855
-1.7776
-1.0016
-4.2845
-8.1891
-1.9622
-2.8359
-7.4890
-10.0695
-9.5191
-9.7852
-7.3999
2.9526
12.0383
11.4694
10.6640
4.9538
0.2188
2.6104
3.5033
6.6526
6.6638
6.6620
5.8512
1.5470
1.5799
0.8255
1.6463
4.7219
7.6634
11.8847
7.4498
-9.3727
-10.4816
-3.5495
-3.2294
-3.2835
0.9879
4.2643
6.7318
14.2386
21.4001
22.0344
16.3634
17.6632
23.7869
17.6411
20.7563
28.3145
28.5902
23.7353
27.7666
24.7421
18.8667
11.2529
8.0330
-6.7057
-7.2496
9.5889
14.5203
11.6297
11.9522
8.9075
13.3795
19.9379
15.0154
8.1018
-5.2556
-10.9191
26.2643
33.2845
36.3823
28.6305
22.2388
3.4834
-14.1815
-16.4978
-13.3219
-18.5539
-24.4375
-10.0616
10.5493
28.8532
30.9329
20.2458
15.7579
12.9498
10.9739
18.1963
21.8829
19.2831
28.1255
33.7752
31.1243
24.0548
18.3899
16.2035
11.0537
6.8188
3.8953
5.8666
3.5154
-1.0972
3.6541
2.0775
-1.9645
-0.3935
-0.5698
-0.0166
3.4353
1.0624
-0.5386
4.2630
3.1021
2.5665
2.1815
4.4008
6.9619
6.1644
9.1657
5.8761
4.2188
6.0395
6.7806
0.8673
3.9346
16.4955
10.8180
4.2206
15.9933
20.3194
18.1372
11.4863
8.3635
12.8999
5.5004
2.1531
5.6474
8.1925
4.4936
11.0550
18.2779
19.9441
19.7436
20.0160
12.4950
9.6633
8.3671
3.5865
8.4867
8.5270
1.9720
-3.8357
-7.2158
0.8893
1.2356
2.1104
4.0185
-3.0951
-3.6085
-7.4893
-5.7888
0.2107
7.6659
8.1086
8.1064
7.5037
5.7018
9.6888
9.0163
2.6555
-0.0883
-3.8949
-9.0551
-11.9202
-3.0218
4.2638
10.3907
9.2429
-1.5044
-9.5860
-4.4350
4.0047
9.5809
7.5550
6.8562
4.7946
-1.3982
0.5869
5.3090
3.8852
-4.3338
-10.9957
-10.2422
-5.4365
-4.1715
-5.0841
-7.8876
-8.1699
-4.7023
-3.5072
-4.7523
6.4639
7.2603
-1.3662
-4.7932
-9.6890
-5.6531
0.6203
-0.6307
0.0045
11.9330
14.9935
0.4544
-6.2555
-0.1418
2.6379
3.8097
4.5881
2.7836
-0.7174
-5.7966
-4.0726
-1.5788
5.6435
8.6432
11.7233
4.0656
2.7535
3.2299
2.9820
-0.0750
4.5220
8.2490
4.6617
3.5931
10.3757
13.6501
11.6776
-8.7562
-17.4832
-29.0597
-29.7903
-19.3255
-3.3921
1.4647
-4.4792
4.5724
5.4310
-5.0747
5.7889
10.0331
6.2582
10.9738
23.7862
26.3649
16.8156
7.9282
4.3851
4.9590
0.1011
-2.2916
-1.6796
11.1153
16.7946
9.1011
5.1487
2.0577
5.9953
6.5618
2.9746
-4.0074
-7.0139
-10.2469
-8.2474
-9.6701
-9.3602
-5.6671
-9.1673
-4.4013
2.6356
-0.8681
-4.0238
-6.7022
-10.0004
-9.2807
-0.0418
7.2162
-1.9162
-4.8703
0.3501
3.7122
11.4963
16.3926
18.0079
12.3745
8.0433
11.6064
8.8804
8.6190
8.1562
12.3647
14.6469
9.7246
7.2890
12.4409
14.6567
11.8274
10.9856
-0.4247
-11.5519
-0.7924
11.7171
15.4484
15.5169
12.4235
5.1687
5.0099
3.9070
4.8174
7.0794
12.6342
8.7432
8.6015
8.3956
3.0622
-0.7209
0.3682
0.1017
0.6029
3.4453
9.2889
11.2057
5.7489
4.2128
-3.8184
-7.4258
-6.8437
-2.8834
3.3368
4.5891
-0.9162
-8.5254
-10.5063
-7.8548
-6.4195
-18.8730
-28.4821
-16.1275
-12.3143
-9.0056
-5.0030
-15.0267
-20.6460
-24.6736
-23.6464
-15.1619
-23.4468
-29.3659
-31.3073
-32.8347
-29.5258
-23.2457
-29.3142
-29.5394
-24.9384
-18.8404
-20.9050
-19.6293
-18.8062
-8.8599
-1.1241
3.7800
1.9111
5.6272
4.0372
-0.9895
0.3974
1.1184
-4.3518
-2.7407
3.9980
5.0770
1.0878
-1.0687
-8.7995
-12.2873
-11.4544
-9.8509
-6.3138
2.5618
0.6477
-6.7327
0.7792
7.5573
10.9131
6.7233
-0.3202
-0.6454
4.9814
2.5992
-5.1101
-2.2764
12.5349
16.3115
10.9276
-1.1102
-3.9311
-2.8167
-1.2213
6.0856
-1.1138
-5.7332
-4.0526
2.2860
3.6887
-2.2759
1.3402
0.8131
-0.1249
-25.3288
-21.0171
-16.9211
-7.0344
-5.8029
-7.4599
-3.9223
-0.9747
-5.3766
-5.5903
-0.6358
12.0973
4.5171
1.0020
-9.2444
-12.4601
-2.9926
-3.5104
0.8794

Coefficient 11:
-1.1091
-1.5568
0.1831
3.8960
4.9451
6.2675
5.3491
6.1474
7.7698
1.4386
-6.3328
2.5180
-1.2310
-14.7499
-18.3043
-10.9521
-5.3323
-0.9041
6.1017
1.5838
5.7557
9.9642
5.6480
-6.1400
-5.7917
-6.8856
-4.6403
-15.3401
-20.0003
-13.1878
-12.8353
-12.0823
-9.3560
-1.6486
0.3992
0.8468
-9.2174
-15.6218
-0.4608
6.0412
5.9904
1.0044
11.5708
3.4163
-2.9510
-4.9133
-12.3578
-23.8261
-32.5082
-31.8287
-28.7534
-20.3166
-18.6315
-20.0035
-20.8065
-17.9804
-9.6206
-4.4463
-3.7694
-5.4897
-6.1677
-14.6725
-18.3587
-27.0346
-36.8808
-36.1276
-31.0274
-24.9153
-10.9424
-20.2207
-17.8536
-15.9087
-13.2322
-15.3751
2.4834
14.1624
19.7382
17.5338
4.8433
-5.1504
-14.4691
-13.2175
-9.7012
-1.8864
1.8312
-2.2494
-1.1749
1.5831
-0.9468
2.8356
2.5370
1.6722
-1.0476
-0.9353
-3.4412
-4.3504
0.4281
-1.8985
0.6318
3.2654
5.5959
4.9767
0.7149
-3.0596
-1.5012
10.9901
21.9805
9.3372
3.0891
3.1315
5.6392
14.0968
14.5020
12.9054
7.1183
2.9039
-0.2617
-3.4670
-7.1472
-8.4632
-9.0952
-8.4438
-6.6775
-13.2286
-20.0248
-14.4232
-6.5078
0.7896
-3.6983
-7.5684
-9.0522
1.5398
7.3760
10.2916
-10.7364
-10.5094
-10.5210
-9.7103
-9.2183
-9.2610
-4.7702
-4.7969
-6.8865
-14.9679
-13.6841
-22.3654
-26.5130
-9.6206
9.8825
17.6066
18.5721
13.4469
9.1498
8.5157
9.1490
-20.6962
-26.3475
-28.8045
-32.3421
-38.9992
-40.3222
-40.7036
-39.4001
-36.5798
-26.0181
-24.7361
-17.8254
-22.4493
-30.4523
-29.0683
-24.9063
-18.4788
-12.3979
-9.0042
-4.2083
-3.4017
-0.7764
0.7322
-0.6541
3.0602
2.4848
-0.0631
-1.0077
-2.1313
-1.2179
0.2196
-1.6070
1.0508
1.4185
4.0469
2.4553
0.9827
0.3364
-1.6325
-5.6305
-2.4379
1.7493
7.7745
3.8077
-9.2443
-11.3582
-8.3468
-8.1149
-8.5138
5.9972
12.6190
-2.9060
-2.3808
-1.9906
-3.1448
-7.5060
-15.5471
-15.1337
0.1988
9.7024
9.1985
2.5441
-2.1322
-1.8562
-9.2019
-12.8467
-12.7389
-9.0377
-4.4173
-1.7136
-2.7217
-13.2772
-23.8302
-22.9930
-24.1077
-16.9149
-12.7493
-12.8646
-10.6864
-10.5259
-7.1862
-8.8619
-26.4021
-33.0874
-15.6292
7.6199
16.3309
12.5063
4.4172
-0.1049
-26.1335
-30.5844
-20.2684
-1.6446
11.5389
-7.8646
-14.1127
-18.0539
-23.7518
-32.8141
-27.4189
-23.7197
-27.8727
-25.0261
-7.5193
-4.9259
5.3155
7.0834
6.2796
11.7607
9.4471
8.4131
6.9059
4.7702
0.5305
-1.0851
-10.7161
-8.5028
-2.2851
-0.7442
-3.6826
-3.0596
1.0937
0.3341
1.0786
1.5738
-0.8015
3.9674
3.9324
2.7330
1.7049
2.0126
2.9863
2.8935
4.6844
-8.4160
-9.7618
-13.3713
-14.2604
-14.5675
-16.8381
-18.6689
-15.9629
-11.9764
-10.1275
-11.8904
-12.8522
-9.8970
-3.3952
2.9786
-3.5422
-5.5090
2.3321
3.4840
-2.4003
-3.9182
1.7930
1.3098
-3.7226
-3.7797
-4.2915
-18.1608
-22.2145
-7.7697
-7.0308
-5.0604
-7.3032
-8.6508
-6.2868
-6.1276
-9.8025
-5.5208
4.0639
4.6384
2.2460
5.9322
1.3517
0.4886
5.1512
3.6233
-2.6889
-3.8762
-2.3892
-4.8637
-6.3215
-1.0840
3.9588
4.4541
0.7718
5.0230
7.0837
5.5372
5.3517
2.6008
1.7906
6.9325
1.7533
4.3021
2.2759
3.1685
-4.0627
-4.6694
0.0024
-6.5374
-9.5180
-4.7668
-0.5255
-5.9618
-5.8774
2.3397
3.3349
-15.8649
-9.2229
3.6205
0.3646
-8.3143
-0.7598
-1.0648
-4.8109
-18.0803
-30.0916
-30.6212
-23.5888
-9.5356
-3.0966
-3.8890
-8.2906
-12.1956
-16.0639
-14.2501
-10.6145
-5.5925
-1.3482
0.6470
-1.3522
-6.5796
-3.8644
6.0890
13.4999
17.2820
16.4026
16.7518
20.3033
14.2029
2.6558
4.2676
4.8323
-3.6715
-5.7963
-6.6259
0.4471
1.8461
3.3221
1.5051
0.0535
-0.9753
2.7246
3.4283
1.3103
-1.7560
-12.0236
-13.5383
-9.2073
-4.9654
4.2204
6.9760
8.6572
5.1612
2.4465
4.5397
11.1396
3.2534
-3.7361
0.8748
3.3573
-2.1667
-6.6320
-18.4350
-21.8746
-16.4948
-8.2137
-3.8386
-12.8029
-15.0589
-12.0671
-4.1518
1.7920
-0.6251
11.9858
21.0127
14.2914
-6.8564
-14.7731
-18.9303
-12.3935
-1.0354
3.1475
0.9159
-11.3585
-16.2241
-17.0803
-12.7948
-13.9169
-22.5126
-22.2269
-14.4935
-10.4147
-6.3195
-4.8054
1.4899
6.1455
8.0597
6.1457
2.9695
1.3059
-3.9944
0.9215
-11.6515
-17.5023
-15.2961
-13.3272
-11.7991
-19.8693
-10.9458
-15.8760
-15.5106
-20.1692
-4.9175
0.6182
7.4319
14.5922
12.3845
3.2136
-1.8944
-3.7535
-3.7499
-10.7802
-13.8271
0.0904
12.7588
14.8076
12.1292
4.8340
-1.4661
-0.5573
10.3594
15.3622
-0.1066
-12.6025
-2.6450
2.2580
-12.7700
-22.4333
-27.5870
-34.5807
-25.5308
-25.6029
-30.4315
-43.7532
-22.2604
-14.0858
-12.7559
-17.3843
-26.5402
-20.1427
-15.3313
-12.1992
-12.8282
-7.5171
-10.0626
-7.1856
-12.8512
-22.6705
-36.2844
-34.4882
-19.7608
-3.0082
2.1003
-3.3114
3.5302
5.4429
8.3291
14.4526
16.5380
9.8334
4.9549
7.8572
4.6412
-0.0567
2.8022
3.1370
3.8421
3.6250
9.0623
13.7009
10.7486
3.6852
-1.2868
-6.2821
-6.9372
0.5071
4.5592
8.4139
9.4219
4.6523
3.6046
0.2035
-5.6013
-6.7641
-10.1024
-30.2983
-19.8089
-17.1493
-17.2049
-15.3973
-13.1452
-12.4404
-19.2685
-19.8240
-11.7557
-8.0802
-4.3765
-7.0932
-9.9038
-8.5239
-5.5847
-5.8015
-4.7514
-6.3268
-9.1684
-12.7385
-9.4267
-8.2394
-12.8998
-16.5266
-16.1228
-4.6175
7.9825
11.2106
6.6467
9.5176
12.9971
15.3962
12.3935
3.9761
7.8676
5.3508
3.4877
3.7401
3.2911
-2.6905
-8.2809
-7.7321
-13.9499
-9.8928
-12.7279
-15.6048
-12.1070
-17.9477
-14.9239
-23.8412
-28.4379
-23.0716
-16.5337
-16.5761
-23.6726
-24.0675
-22.9406
-19.4372
-14.2917
-9.7090
-11.1230
-6.0396
8.7464
15.8974
13.3259
13.2767
20.1135
26.9363
20.8008
12.7204
11.6120
4.9117
-1.1493
-4.5396
-1.4333
-7.0800
-15.3570
-17.3825
-13.5590
-12.6567
-8.2365
-22.9056
-35.7542
-26.2362
-1.7855
1.1964
5.5675
4.1355
-1.4978
4.4205
4.5429
14.9550
12.8040
6.4195
2.3305
-5.3324
-12.7558
-15.0375
-7.2643
-0.5054
-0.8486
2.0001
2.2076
0.8087
0.2091
-1.1429
2.2970
6.2583
4.2504
2.4162
-1.9785
-10.3929
-5.8548
2.1647
1.9578
-4.7652
-8.6548
-10.8099
-9.4936
-6.3099
-4.6792
-0.9617
-0.4130
-0.7473
-3.5063
-4.6780
-8.1705
-9.5223
-12.8617
-15.7260
-9.7355
-0.8666
1.9358
4.4527
3.1855
-4.3224
-10.5874
-12.7567
-14.8457
-19.3061
-15.4292
-8.2450
-5.7166
-1.8685
1.6312
0.2577
4.4183
7.4682
-0.5249
-9.4515
-17.5958
-18.6368
-19.9662
-20.6656
-13.0018
1.2342
3.9618
4.4507
-2.5321
-7.0087
-4.5237
-5.0975
-5.2842
-5.7896
-19.0073
-19.6687
-20.2956
-17.6901
-14.3365
-17.0902
-17.4773
-14.3617
-7.0319
-7.1310
-17.5948
-24.9607
-25.6219
-26.9456
-25.7338
-15.5047
2.8013
10.2299
12.2849
8.1234
9.4129
13.8601
14.1904
1.3870
-13.7715
-32.7327
-16.5145
-7.1122
-3.9292
-1.7734
-2.4251
-1.9123
0.8446
-6.6094
-18.4951
-19.6124
-16.3144
-14.8545
-15.4564
-13.2969
-5.0730
3.0821
8.6681
7.8966
5.3749
6.1735
3.4594
1.4582
2.0076
4.8996
-3.2412
-7.3447
-10.0396
-10.9679
-9.3941
-10.4828
-5.2525
-1.5998
-2.7633
-6.5186
-6.0948
-2.7070
-1.1902
0.0084
1.7059
-0.3848
-6.4159
-13.8004
-2.9265
7.7963
6.6590
3.8636
5.6116
11.4577
-0.1083
-15.3245
-20.8193
-18.0342
-5.0408
9.1591
13.1740
6.3488
-4.5333
0.3326
5.6413
-1.2344
-1.6697
2.1453
2.7992
-0.8764
-5.7782
-11.7698
-10.2488
-6.9894
-5.3250
0.4691
6.5306
10.8108
12.9146
11.8970
4.5409
4.1089
5.1957
-0.7278
-1.1259
3.3584
3.3957
0.1435
-1.3961
-4.9829
-8.5124
-12.4180
-15.3996
-6.7130
-4.8114
-0.2639
2.8939
3.3888
9.4314
8.3741
2.4478
-1.5460
-5.1875
-0.4974
2.9135
2.9386
11.9800
0.4927
-7.8954
-4.8139
-2.4693
-2.2436
0.2274
-0.9088
-0.6450
0.0524
5.3803
9.2050
2.0544
-0.4319
4.3649
4.6789
2.8818
5.8606
10.4254
12.5937
11.3292
12.0881
4.2246
-9.4468
-12.0218
-15.0472
-10.2954
-2.3309
2.1254
-4.9443
-14.9806
-20.4181
-24.1211
-19.5234
-9.1299
-6.5914
-6.5482
1.1227
-5.4569
-16.9278
-20.0318
-20.3380
-17.7417
-17.6980
-18.9928
-16.1454
-9.6873
-5.5502
-5.2821
-2.4071
-0.9298
3.7906
4.6950
7.0234
11.8752
16.0510
14.1926
13.7717
12.0117
8.1193
5.6131
11.6818
16.2536
15.8203
15.0647
13.6732
10.1792
9.9537
9.2436
10.4670
8.6844
3.6991
-3.4614
-10.1976
-11.7205
-11.5163
-8.9574
-8.8145
-12.2021
-19.3004
-20.8840
-21.9853
0.4699
7.2461
10.3473
12.6208
12.1240
7.2621
3.8403
-0.9928
-1.5547
-2.6822
-2.9522
-7.9457
-18.5455
-11.5552
8.7669
9.1842
-2.2932
-10.7316
-14.8392
-7.6660
0.3363
2.9064
5.5963
-8.3100
-21.3858
-18.8750
-22.8917
-20.4360
-19.8189
-22.3945
-22.8857
-3.6113
2.0850
-3.9391
-6.5496
-2.3991
5.7645
-6.0424
-9.7345
-12.8083
-12.1488
-14.9922
-17.6759
-22.9430
-16.4672
-12.2168
-12.5689
-3.8062
5.6805
-0.7960
-7.5948
-9.3570
-9.9009
-7.5276
-5.4330
-6.7913
-6.1484
-1.8242
3.2524
5.0666
3.3352
-2.5034
-9.4829
-12.7915
-6.5832
3.4787
1.9088
5.4874
4.7913
0.3783
0.9089
-0.8199
-3.4963
4.0273
7.7246
4.0350
-1.1229
-4.3644
-4.0013
3.7330
0.5234
3.0820
4.4350
3.7910
5.6276
2.8630
3.2039
3.5387
-0.9147
4.6340
3.0330
-6.2317
0.4453
-3.3693
-8.1998
-9.4416
-0.5795
4.4165
7.3205
1.3068
5.8365
8.4879
4.2321
-5.6440
-11.2736
-12.6071
-4.8774
-9.2956
-11.5498
-13.5820
-10.3499
-8.5789
-6.7328
-2.1022
-0.9905
-1.8988
-5.9048
-6.5943
-2.4683
-0.0624
-5.4924
-1.6856
-2.4431
-3.4843
-2.1324
-4.0184
-3.5249
-1.6251
-0.1026
2.5443
14.7250
14.0863
10.0927
11.5575
9.4874
9.8186
4.4910
0.9999
-3.8799
-4.6432
-4.9446
-5.9728
-0.6626
1.6837
5.2054
9.9427
7.9512
14.1407
2.8967
-4.5716
-3.7747
-4.9796
-7.8511
-7.5000
-10.5920
-12.3402
-13.5458
-10.5299
-13.1102
-16.6380
-17.5713
-13.4519
-12.3306
-12.4483
-8.8503
1.7371
-3.2017
-4.4272
-1.9373
-6.2133
-9.3069
-10.2635
-10.5920
-13.0619
-19.7354
-17.0523
-11.7053
13.2089
13.3781
5.2251
1.8470
2.7382
4.5721
-1.1894
-7.8192
-6.0137
-1.4649
-0.7841
-8.5542
-12.1701
-12.1996
-6.8440
-5.1928
-5.5173
-11.6820
-9.8895
-3.1273
-0.0156
0.0308
4.4202
9.1744
7.9527
6.7087
8.1180
7.7284
3.0490
-13.1955
-21.3139
-21.2013
-16.6772
-10.2530
-4.0071
-2.2216
-6.5429
-7.6333
-10.5966
-20.8948
-22.1755
-23.7812
-35.4489
-39.5738
-13.6127
-7.3103
-4.0109
-2.0052
-10.1688
-10.1316
-3.0076
2.9124
4.0321
7.7419
11.2406
0.6615
3.6088
4.5120
-0.4167
-2.9471
-0.8622
-3.1518
-3.5093
-12.3796
-12.0201
-12.3232
-11.5347
-11.2520
-15.2706
-8.9246
1.4479
-1.9680
-5.7053
-10.3932
-15.6532
-12.8643
-6.5943
-5.2173
-3.5389
-2.0188
-0.1879
-0.7922
6.3024
3.1327
0.2255
3.6712
5.4074
5.9376
3.9522
3.3027
4.2345
4.7685
-0.4883
-6.1999
-8.4389
-5.9603
-3.0004
2.0619
0.5938
-7.4629
-10.3887
-7.3933
-2.7008
-0.0363
1.6887
0.5729
-2.1651
-0.3486
-5.8038
-10.3131
-1.1549
5.2046
4.1592
2.5668
-1.9448
-9.5158
-12.9989
-3.5095
1.3973
-3.0154
-1.2832
5.6792
7.5102
7.4788
6.7937
7.3583
3.9060
-4.9638
-5.0082
-0.9487
-3.2087
-4.2702
0.0119
1.7519
0.2249
-8.2500
-9.4401
-7.9607
-16.6434
-7.1586
-5.3791
-15.1690
-19.0684
-16.8444
-14.4672
-14.2334
-4.9227
-2.3001
-6.7452
-10.4175
-13.9679
-16.8123
-17.0404
-17.3362
-10.3341
-8.3413
-17.4582
-11.1455
-6.1392
-4.3490
-1.5263
-0.5816
4.6530
5.8095
4.6967
0.2997
-0.8879
-0.6414
1.6718
-3.8236
-6.1634
-4.5483
-3.7742
-3.3747
-4.1894
-0.3374
-4.2491
-3.6958
-1.4896
-8.3668
-5.1764
1.4745
1.3278
5.9357
11.2600
10.4830
5.3381
-1.7192
-2.5071
2.7159
6.7113
-1.1180
-2.6766
8.1567
14.7298
14.5567
5.3454
0.3819
-2.2693
-3.8021
1.1783
1.2046
-4.6360
-1.0435
7.6750
8.8740
2.2995
0.4238
-0.5511
-4.6216
-6.5115
-0.9175
3.0024
5.4591
-2.8986
-12.7929
-12.6702
-10.1210
-5.9964
-0.4299
-5.4959
16.3848
14.1106
6.3822
-3.8972
-3.0169
4.0952
-0.7934
-3.1943

Coefficient 12:
-1.3579
1.4115
0.4574
0.9379
1.9896
4.1394
7.9110
10.8533
8.1569
1.9739
-5.6515
-2.0217
1.8160
8.3229
6.5064
-2.8850
-15.4371
-12.4262
-8.5278
-17.9202
-19.2541
-10.4736
-5.0799
-4.0028
-8.2679
-7.9675
-11.8879
-17.6872
-20.0009
-16.7040
-13.4237
-8.6357
-3.6791
2.7366
2.3221
-2.3687
-2.3831
-15.9475
-25.8710
-23.5352
-18.1805
-11.7959
-11.9266
-13.5620
-10.1111
-6.2275
-5.0113
-3.5281
-3.2277
0.1812
-7.0477
-7.1791
-6.3966
-5.9907
-4.6874
2.1378
1.6808
-1.0173
-1.2716
0.1208
-0.5056
1.3532
2.0087
-0.2829
5.2481
6.8128
3.2077
6.5783
14.7957
3.8421
-4.8984
-7.5428
-5.8241
-5.2307
-13.7736
-16.6534
-8.2907
-4.8516
-5.3809
-10.9835
-18.4514
-12.6389
-8.6906
-3.2694
1.6191
-1.2742
-0.5077
2.6000
-0.2099
3.0802
7.4502
3.7823
0.9913
-1.1500
-1.3900
0.5028
-2.0674
-3.9286
0.7093
3.2490
3.3248
4.4783
0.9665
-3.5873
0.4893
7.8977
7.5812
-3.3695
-1.0610
2.0234
0.0413
-2.8100
-9.9793
-12.8058
-8.3965
-0.3166
9.2590
14.0876
6.2869
3.7806
2.2820
-2.2348
-7.4699
-13.4703
-16.1779
-13.5365
-0.9964
3.5838
6.8105
12.9396
21.2830
15.0359
13.8390
16.0205
-0.3630
-1.8524
-4.7979
-7.4689
-17.8263
-26.6879
-28.0572
-26.1246
-23.7768
-22.6551
-18.6015
-27.0390
-29.4799
-23.8446
-11.9633
-5.1325
-2.9813
-8.8558
-19.5452
-25.0873
-22.7674
-3.2197
-1.7299
2.1814
-1.9714
-4.9160
-5.4743
-12.0909
-13.1449
-14.4407
-20.5432
-24.9316
-18.6640
-5.9213
2.2875
8.1792
9.0255
8.6791
4.3338
1.4196
5.3166
-0.6527
-2.2289
2.3145
-1.7656
-0.1022
1.7450
-3.3670
-1.5582
2.4774
-0.2590
-1.0962
-1.9023
-1.7363
-0.4663
1.2049
-1.4856
-1.8551
-3.4140
-1.6501
-3.2282
0.7838
5.5358
3.2905
1.4535
5.2320
0.4732
0.6187
4.7332
-10.3984
-14.5280
-16.6209
-20.8990
-11.0236
-7.0072
-3.0652
-3.2440
-6.2266
3.6859
-0.8201
-1.3454
-4.6569
0.2431
8.1177
7.3880
-13.4982
-20.3252
-20.8646
-20.5311
-21.9151
-20.9444
-22.4619
-15.6389
-7.0876
-3.8401
-3.3113
-6.7960
-9.1619
-5.1160
0.1000
6.1043
12.8741
19.0795
15.9134
15.5145
20.5546
21.1694
14.5084
3.6778
-2.4304
-0.9217
-2.5179
-14.5111
-10.6692
5.9848
4.4617
-18.9457
-16.0888
-11.1468
-9.6589
6.8088
13.1154
5.2837
-5.7409
-10.9717
4.5640
0.7246
2.3781
4.9330
-3.9771
-9.1036
-8.7962
-8.2234
-6.4103
-6.1932
-4.5279
-7.1494
-10.5372
-4.2192
1.0060
3.6146
5.4023
7.4103
8.4505
6.5796
8.8875
7.3638
3.0341
6.7792
8.0276
6.2509
3.6440
4.6198
4.9984
4.8446
9.2734
-2.7593
-1.8962
-8.6949
-12.4872
-11.3551
-13.4645
-14.7445
-8.2484
0.5235
9.5458
20.9229
27.9160
31.7799
36.4220
31.2494
18.4770
10.9854
4.7591
-0.1004
10.6943
18.1814
23.2047
20.6344
6.9057
2.3296
2.8443
3.3476
-8.8598
-18.8638
-20.3018
-15.0385
-13.1457
-10.1888
-0.1712
11.9586
4.1879
2.1781
9.5718
12.7079
9.0012
8.8142
3.4269
4.8342
8.8430
6.8016
6.3142
10.1056
14.2887
14.8904
17.6805
18.1583
18.2321
17.4349
10.7382
4.2066
5.9293
3.7859
2.3896
3.5215
1.4451
10.5141
5.4777
7.1626
5.2693
0.7989
-7.3100
-11.9040
-8.4951
-11.4352
-13.3747
-8.2555
-0.7205
-2.2646
2.4612
19.4639
26.8391
7.8999
-6.9898
-3.6165
3.0762
-1.6441
-17.4790
-34.9357
-32.3962
-28.3819
-24.8840
-23.1308
-11.1380
2.5811
3.9454
2.8561
3.7197
3.6909
-0.1902
1.7160
-3.4416
-5.6131
-2.2178
3.7990
-1.9087
-4.7545
-16.3211
-26.8561
-27.0684
-23.1148
-17.4169
-9.0406
-7.8101
-8.4870
-10.7634
-16.3762
-18.7379
-12.6845
-1.5981
2.0307
4.0629
4.2772
7.9735
1.1949
-6.3251
-2.2349
4.0346
3.5503
4.1456
8.3143
3.0398
-5.7212
-2.0677
0.4951
2.1272
2.4400
5.6456
8.7893
6.2978
4.3133
11.1153
5.0155
-2.0434
-0.1227
1.4464
-3.5820
-7.6055
-2.1070
16.0979
20.8826
14.2429
9.9150
-8.1517
-12.0842
-6.2637
-1.7002
-3.0932
-3.9872
-4.7368
-6.5651
-6.2541
-24.4030
-29.5055
-27.1827
-27.5738
-24.5059
-21.1004
-16.9348
-20.4203
-21.4031
-18.1613
-13.9878
-8.7441
-9.2333
-6.3565
2.1170
5.9825
10.7692
7.8825
13.6242
11.9968
14.1510
10.5119
2.9838
-4.5756
-1.6790
3.1521
-7.2660
-8.2663
-13.1534
-12.6089
-10.5915
-11.9697
0.6616
10.6455
10.3687
0.2445
-2.8717
6.3796
11.6850
20.1587
23.6269
17.9789
8.0473
3.7745
0.5981
-3.5862
-2.3165
0.5166
8.1303
14.6182
16.8915
11.4164
4.4522
8.8531
8.4736
1.7927
-0.9426
-0.6959
7.8944
14.9599
5.2555
3.7115
-5.1816
-7.6975
-1.0399
14.0049
21.8805
17.5879
3.7159
0.1693
-6.2052
-11.0458
-5.6799
5.9455
15.5584
19.9242
21.6096
16.6172
12.7018
15.9713
14.6108
17.4818
15.8607
9.1213
-2.9971
-8.4991
-2.6516
4.3327
17.5950
21.2706
19.5162
18.6100
15.4817
12.3587
9.2506
8.0134
11.4034
14.9725
15.1015
12.3451
7.3604
5.3309
6.0475
13.7159
10.5667
0.5117
-0.7730
3.6573
1.9270
2.9516
5.9828
10.9409
8.9105
4.6444
4.4048
2.2201
-2.5192
0.2359
4.3187
-3.9467
-10.5169
-3.7335
1.7351
1.1720
-1.3280
0.9171
-5.8634
-15.6759
-19.3488
-31.8121
-33.0731
-26.8831
-17.7692
-11.5930
-2.2741
0.9464
0.1492
-3.9593
-5.8211
-3.0769
-12.2158
-10.2622
-5.4568
-3.8711
4.1348
12.1616
11.9766
9.7650
6.1871
5.5389
8.1065
9.3432
5.0171
0.8075
9.1735
8.2694
0.2724
-4.6699
-7.8982
-8.6798
-9.6025
-8.4638
-20.7692
-19.6535
-19.0252
-19.4394
-18.6194
-17.3186
-11.6117
-3.5257
7.1428
10.9160
14.0235
16.4809
6.0332
1.0629
-1.0463
-3.1399
-2.4652
-6.2640
-14.9115
-18.7798
-13.2908
-6.1520
-1.0722
0.3035
4.0644
15.1695
11.1086
7.2649
5.3869
1.3181
-1.6745
-2.6065
-0.7335
1.0106
-5.7162
-7.7638
-12.2469
-11.5804
-10.5628
-11.5111
-13.0119
-11.0085
10.4194
20.9278
21.3942
14.8522
4.1069
12.4875
10.2852
12.5788
5.8314
0.6135
-1.4316
-1.1646
-1.4263
-3.5715
1.6599
7.6480
-0.3888
-2.2170
-0.6809
2.3509
0.0318
1.8521
5.4464
5.4128
6.9319
8.3198
5.9786
3.8468
3.5836
4.5351
8.1380
3.4691
-2.0788
-1.2599
0.6119
4.7650
4.7307
5.8855
7.3726
4.4385
5.4837
-1.3878
-4.7765
-4.6610
-7.7724
-9.6975
-0.0659
5.3457
2.4259
3.6116
5.0873
9.1957
4.6561
-1.0763
-0.2741
-5.0269
-5.1649
-1.3462
-0.7337
-10.2715
-14.9910
-17.6056
-21.0745
-20.8635
-13.3107
-2.7724
2.1234
5.3579
8.7835
7.4375
11.3976
10.8838
5.0888
0.3566
-1.8084
-2.3568
-1.1741
-4.6213
-5.4798
-10.7716
-22.6048
-20.4388
-16.8500
-6.6726
-2.8395
-0.4413
-4.6343
-7.2353
-11.4506
-18.7579
-28.1908
-26.0861
-21.7677
-16.7330
-18.2409
-14.4019
-8.3814
-8.3948
-10.9382
-12.5428
-11.7783
-14.1206
-15.3713
-16.0437
-14.4071
-13.9615
-15.9635
-14.1622
-8.5799
-1.6297
1.6621
8.4100
9.6659
-0.4536
-11.3360
-9.9082
-6.7938
-6.5005
-3.6767
-3.6679
-7.4898
-5.2893
-2.8179
-1.2649
-4.6741
-5.0925
-3.9600
-4.5392
-0.4168
4.0707
-3.6560
-7.4529
-12.2096
-10.7515
-9.1415
-10.7607
-8.4549
-4.4218
-2.8971
-4.3441
-6.1944
-4.1436
-1.2942
0.2284
1.3110
2.8719
-3.5825
-10.7854
10.5674
11.0495
4.2114
-5.3688
-5.5990
-14.4999
-18.9216
-18.4367
-12.0518
-10.5607
-12.8279
-22.5736
-25.6236
-24.8724
-7.6662
2.5574
3.5131
-6.8157
-2.6374
1.1328
0.4614
-1.8941
-6.4728
-11.6969
-7.8696
-2.3729
4.9588
9.3826
2.0010
-1.6144
0.7630
7.6309
6.4902
2.7329
-4.8452
-14.0978
-10.6319
-7.5055
-6.1360
-5.2993
-6.6983
-13.6536
-14.4006
-15.7845
-16.9881
-6.0502
-1.6213
-1.0983
-3.5848
-5.7557
-2.8784
1.7351
-5.7701
-8.6994
-7.9214
-2.4667
-0.5303
4.9356
19.6937
12.0416
7.6790
0.4252
-7.3418
-10.3105
-9.7322
-8.3429
-2.5210
-1.7747
-0.6942
-0.4606
-2.5208
-9.4091
-14.6692
-15.7393
-16.6539
-5.0165
6.4732
9.6141
6.6505
5.5854
4.5089
-3.0667
-10.6163
-20.0615
-15.3948
-13.0609
-15.4495
-10.2001
-5.7399
-1.8789
-5.9649
-2.9759
5.2787
7.1552
3.8774
-2.0028
-1.6188
1.1499
3.7158
5.9005
8.8712
12.5910
8.2928
-1.9501
-6.7529
-2.2270
-0.2881
1.3860
1.9565
4.1991
2.5696
-1.8747
-6.4808
-4.9664
-7.5476
-6.2991
-5.1105
-6.0261
-6.8916
3.0310
9.0090
6.7665
4.5711
8.9875
7.8730
7.1627
9.4509
8.3144
7.7199
4.3358
-6.4758
-14.1997
-11.9202
-10.0521
-8.5057
-12.6943
-17.9899
-21.9654
-20.5135
-19.3493
-4.5724
-10.0199
-15.0777
-18.9366
-3.4203
-8.9932
-5.4140
-2.4204
-9.2335
-13.9984
-17.6338
-13.6145
-11.3440
-4.6080
-5.5473
-9.9013
-8.1215
-2.1155
1.6663
0.6592
-0.9151
-6.1456
-7.6372
-7.6680
-1.2479
0.7201
-5.3470
-2.6737
3.6149
4.0273
-4.4716
-6.7167
-2.5011
2.6758
1.4073
5.9060
-15.5011
-24.0332
-22.2180
-19.6037
-11.2868
-1.4094
1.0416
2.9197
-0.2086
-5.6920
-11.3739
-3.3249
-18.6905
-18.3723
-18.9168
-16.8081
-10.1971
-10.2820
-9.8866
-11.6768
-6.5277
-0.2243
-3.2424
-1.4897
4.5294
6.6208
3.6142
1.1510
2.9162
5.0823
5.4657
3.7003
2.5466
2.2058
2.5379
-0.0960
-0.4409
4.4524
6.5815
7.9096
6.1706
2.2915
-1.9854
1.9702
2.1558
2.8840
1.8648
2.0435
5.1313
3.1473
0.0699
-0.9557
-3.6912
5.5900
6.1330
1.2424
12.8406
1.5130
-3.1857
-4.4305
-9.4243
-6.0254
-0.4539
1.8646
-0.2260
-1.7862
-0.9724
1.8892
0.3361
-8.2312
-9.9980
3.1085
10.4560
-1.0893
-12.9096
-15.8425
-14.6391
-8.7469
-8.7104
-6.1638
-8.8399
-8.9118
-8.7727
-9.0672
-12.7703
-8.9224
-3.7272
-3.1216
-4.3738
-4.6387
-3.2779
0.2146
-2.0144
-4.3525
9.2067
13.4231
11.1067
14.0614
9.2757
8.3728
0.1877
-1.1261
-2.6993
-3.8233
-5.2097
-5.4877
-4.0470
-2.7666
-1.7450
2.4771
8.7157
16.7773
9.1491
1.9580
-2.2106
-2.2939
-1.3338
-0.5878
0.1574
4.7261
6.1276
7.8411
6.9751
-2.1917
-10.4148
6.8386
17.1902
19.3300
15.6407
16.2297
6.9169
1.0524
-4.6564
-2.0298
-1.8924
-2.5809
-1.6720
-11.0305
-14.6313
-15.2369
-14.3894
-8.6450
-6.6689
-11.2396
-10.1885
1.8013
-0.9479
1.5291
5.6561
3.2050
-5.9293
-7.1859
-10.7512
-15.8455
-8.6723
0.5848
6.1227
6.1640
-0.7647
-0.7048
0.1033
-4.0887
-3.7405
0.5008
5.0751
11.0355
7.6065
3.3007
2.7220
-0.8028
-5.6364
-15.8554
-17.5717
-15.7054
-11.6070
0.8245
7.0000
6.7226
3.3409
1.3842
1.2829
-1.4062
1.4605
1.1842
-0.0073
0.4164
-2.6032
-4.2397
-4.2362
-5.7287
1.3621
-0.9924
4.1909
8.5019
4.8119
1.2561
-2.9221
-1.3726
4.2084
6.2406
-2.9842
-4.3847
-3.7721
-5.0039
-10.8107
-10.8959
-11.2470
-11.4536
-14.0130
-14.3186
-9.3814
1.8204
-2.5231
-9.5248
-8.0533
-11.5175
-14.2451
-15.2194
-15.4438
-10.6529
-8.4003
-8.4389
-3.7709
1.5797
-2.5227
-4.3182
-2.7190
0.0334
4.5186
9.3068
7.7722
4.2833
5.0274
4.7766
4.1415
4.0673
2.4773
-6.6105
-8.6318
-4.1663
-0.5933
3.2207
-7.1205
-9.9392
-10.6567
-16.5090
-23.0123
-23.9018
-21.2434
-20.1342
-17.9729
-11.8291
-10.6196
-12.2860
-11.7431
-14.5637
-19.1486
-16.8084
-9.2424
-2.7692
-5.1446
-5.9379
0.9812
2.2607
1.8363
-1.5022
-3.3732
0.6547
-2.3671
-3.5066
-5.2800
-0.8081
-0.9651
2.0363
5.5561
4.9045
-2.4553
-14.3852
-11.8823
-39.4244
-36.8630
-31.1220
-22.3279
-12.0893
-4.7815
0.1670
5.2952
9.1344
10.9413
7.2874
1.4028
1.3701
1.0331
1.3295
1.6683
-4.2430
-8.5321
-17.2281
-17.5344
-7.0031
2.6342
5.2009
1.5584
4.5908
5.0705
1.2591
-1.2745
-0.6199
-0.4248
0.1384
-0.0344
0.2045
5.3201
6.6269
1.9037
0.2127
-11.8854
-17.4440
-16.7210
-12.0347
-4.5997
-2.3787
-0.9292
-3.5876
-1.9184
5.7050
8.4754
2.1269
-2.3573
1.1262
0.1390
3.9264
1.9598
1.6316
0.6591
7.4600
8.3036
-0.0255
-8.4272
-10.6745
-7.4014
-6.0658
3.3913
3.2031
3.0766
10.2442
9.9102
7.6429
7.1955
5.8724
2.7247
-0.3287
6.1963
10.7206
7.9252
-6.8644
-3.5884
-0.9151
1.4247
4.2936
-0.1937
-6.4922
-24.3556
-27.6536
-22.8012
-6.2123
-8.9724
-8.9218
-9.2768
-11.4902

Coefficient 13:
-1.2120
0.8653
1.9689
1.6683
3.1097
0.9070
5.7750
4.9150
1.1458
1.8216
2.6382
4.7101
4.9886
-2.1981
-2.8497
5.6982
12.4299
6.3494
4.5963
10.3021
17.5594
20.7178
15.8830
7.2675
3.0904
-1.6230
-20.5861
-27.4638
-17.6383
-7.0571
-0.6738
1.0677
-2.5278
-3.1222
-3.3090
-6.4653
-11.2457
-12.1487
-11.9714
-8.7902
-10.7627
-7.9213
-2.4281
11.3771
8.7369
6.8219
4.6958
5.9018
10.6493
21.8932
18.8706
12.8245
14.4114
14.6194
12.6160
15.0860
11.1648
1.4174
-1.6730
-1.1972
-5.7141
-3.6696
6.5878
16.6692
5.4699
4.3664
6.9144
1.6235
-4.6292
3.1358
9.4787
11.0730
11.9411
6.4319
-4.7399
0.5467
3.9258
-1.4103
-4.2733
-12.0758
-17.7809
-11.1602
-5.6051
-2.2397
-2.1924
-3.5787
-1.6074
3.4327
1.6903
2.2855
4.8049
-1.1084
-1.7342
-2.2200
2.7779
1.9678
-2.9577
-2.0909
4.8509
4.1105
1.9804
1.3773
1.5331
-0.5678
-3.7271
-13.5929
-11.8536
-9.0062
-1.7641
4.5772
9.3214
11.9820
11.5743
9.4213
0.1724
-8.7332
-12.1719
-12.3780
-20.4970
-26.0596
-19.9529
-19.3782
-18.4143
-15.2207
-11.6084
-15.0410
-5.9888
-4.4590
-7.4086
-10.4418
-13.1404
-16.3129
-11.6729
-9.6898
-13.5487
-5.0445
7.2739
9.3441
-0.3719
-8.6871
-9.2479
-8.8737
-10.0393
-17.5804
-16.0408
-22.2937
-22.0129
-10.7535
-4.7655
-4.5893
-4.4094
3.5991
15.9439
14.9872
7.8380
19.8721
27.3351
25.8222
15.7849
7.6449
6.4006
7.5690
4.5941
-1.5627
-0.0430
4.5353
8.7650
12.9774
15.5896
15.0445
14.9845
16.2565
6.6983
-2.2396
1.8609
0.9458
-2.6793
3.3988
2.8918
0.9831
0.3768
-1.5843
2.6231
5.4394
0.8964
-2.5930
-0.9214
-0.0022
-0.0141
-0.1210
-0.0444
-1.4891
-2.9289
-1.6068
-0.3304
1.4171
4.4334
5.3351
18.9803
30.1027
23.8164
16.0914
10.9141
3.3197
0.0824
3.2362
17.1210
18.3754
11.8124
3.4570
-0.7886
-7.5586
-2.9185
4.8304
16.3100
11.3198
4.9362
6.1747
10.2588
-7.3797
-4.9546
0.7802
-0.1933
-1.8267
-4.3216
-6.7748
-4.5200
5.5216
7.7703
15.8791
21.9771
19.0070
13.4919
9.6910
9.1411
5.4987
-0.7478
-1.0902
1.9572
-5.0629
-13.6965
-10.8971
-11.2105
-8.9731
-0.2070
33.2552
24.7272
24.0561
18.3516
-6.0552
-7.0664
-1.2934
2.4712
4.0022
14.5808
20.6271
20.1049
19.4477
13.2493
2.2035
-3.3060
-3.7471
4.2664
4.6268
-6.0910
-16.9318
-18.9205
-14.4692
-15.5383
-7.7929
-9.8399
-6.0213
-9.4674
-10.7775
-2.1106
-0.2851
-2.5048
-3.5330
-1.6979
-0.2248
-1.4148
-2.6598
2.0931
1.6083
3.9373
2.9883
5.7705
4.9609
3.5198
10.9390
7.6226
5.6343
6.8478
4.1419
0.2296
-1.3340
5.4843
-0.0666
-4.5130
-6.6283
-8.5246
-0.8917
8.9555
11.5265
10.0533
4.4450
2.2809
-17.6905
-40.5341
-39.6163
-28.6407
-20.4984
-12.1270
0.0851
5.0683
6.9861
13.3137
20.0603
18.0563
14.8212
17.9469
18.0589
11.2951
9.0152
3.3746
1.5968
4.4571
10.7633
8.4972
3.4188
2.2227
1.2915
3.5583
1.1527
2.0679
5.7465
10.7377
8.6871
4.5837
4.3188
-0.6776
-2.5848
1.0204
-1.6314
-6.2310
-5.4974
-3.5517
-2.6308
1.6976
0.1489
-3.8849
-11.7200
-6.1105
-1.5943
-0.5911
-2.0397
-5.8095
-9.9158
-8.0233
-6.8024
-0.3667
-3.9069
-8.2834
-12.9043
-7.0501
-3.0127
-8.5314
-6.0320
-9.1854
-8.6132
-1.2614
3.1274
3.8887
0.5000
0.0401
-0.3852
-3.5147
-4.4080
-6.8878
-11.7419
-9.6112
-7.4003
-14.1598
-19.6241
-18.5722
-16.7126
-10.8911
-7.3546
-6.0446
-6.3292
-6.6350
-12.7248
-3.3126
0.2396
6.7728
2.7366
-10.6391
-16.1476
-9.0544
2.0269
5.1775
1.5451
-6.2289
-2.7864
5.9661
8.4088
11.6347
12.4279
3.4212
-3.9857
6.2687
14.5524
15.6703
7.4621
3.3161
-1.5006
-8.3228
-2.7547
3.6904
2.8440
0.1476
0.5629
6.2483
3.7432
3.3942
6.9937
5.5918
-0.4280
-4.1942
-3.1493
-2.3502
-1.0600
-8.7226
-11.9433
-10.7254
-10.6798
-4.5969
-6.6957
3.8186
4.2593
-0.3111
-5.2130
-4.6204
-10.1862
-9.5609
-2.1334
11.2900
7.8733
2.1907
4.1453
8.4123
4.7102
3.2858
3.8198
-3.0531
4.3962
2.0774
4.5223
9.6715
10.2832
13.1127
13.7932
12.5058
8.3388
7.8371
-7.2413
-12.1538
-13.3636
-9.1967
-3.8179
9.3150
8.6386
-6.7715
-2.2916
7.7598
7.0255
1.1215
4.9554
4.7640
13.1471
12.3864
3.2899
0.2584
-0.7822
-7.4620
-11.5789
-11.3959
-4.6817
5.0534
8.5731
7.2480
2.0884
3.1960
2.1702
5.3658
10.7326
13.9474
9.3990
8.4627
-1.1601
-10.8810
-19.6079
-20.8629
-2.9816
7.1307
5.5037
-4.5857
1.3576
15.3076
24.5848
19.8151
12.1246
14.3724
28.6423
27.4547
23.0281
20.4032
22.7184
21.4777
13.2733
7.3178
-2.3191
-2.6917
-0.6776
2.4445
3.1591
4.3113
18.4755
13.3894
1.5479
-1.6909
-4.6309
0.3331
6.2042
9.9527
5.0024
-1.0409
-3.0877
-2.9831
-6.3390
-0.5918
6.4153
8.6861
7.7024
5.0851
1.8908
-4.2764
-6.5033
-7.0272
-2.5881
-3.0778
-3.1395
-2.7653
1.4824
0.6509
-3.5461
-0.2933
0.5596
-0.9744
0.8712
3.8050
2.6856
1.0552
4.3565
10.5569
12.6397
15.9864
12.5329
16.8938
11.6635
3.7390
7.4943
16.4878
16.1298
14.7179
8.5573
4.1829
-0.5587
-1.5972
-2.9507
-4.9306
-3.6866
-2.4022
-0.8728
2.9505
4.9188
6.6945
11.7718
12.4112
6.9191
7.6040
3.6358
-4.8342
-10.1062
-7.3649
-6.4874
-9.7271
-9.3138
-12.2929
-14.5191
-9.6065
4.0334
5.4785
2.3233
-1.0477
-3.6509
-1.4917
2.4881
0.1646
5.2409
10.1469
5.0569
-2.3655
-4.1008
-11.0200
-9.8483
-5.2092
-3.4015
4.3851
15.5672
10.9439
10.7272
6.9428
2.4804
-7.7613
-9.9291
-12.1879
-11.9216
-13.7028
-15.3738
-13.0954
-13.6892
-17.8792
-8.3745
-3.4759
-0.3465
-1.4704
-1.2897
2.1006
-2.2572
-1.8863
10.5604
16.4169
14.5873
6.6189
-1.7993
-1.7086
2.3872
4.5067
2.2847
5.7773
-1.3135
-13.6205
-20.8063
-7.1504
14.0199
28.7690
16.5879
10.8111
9.9846
17.1266
19.4062
15.8860
17.1305
22.3040
24.6195
22.9513
20.3447
20.4711
21.4649
11.0841
7.5030
9.1211
5.3094
5.7421
5.5385
6.1630
8.4341
14.7420
13.7552
7.1613
-3.5229
-6.0533
-5.1829
-1.1117
4.1523
2.6865
0.9048
2.9667
-2.6534
-7.7422
-9.3114
-10.5190
-7.0154
-4.1118
-2.3696
2.8970
10.1263
18.9506
17.2614
3.2887
-12.5012
-9.8687
-12.7288
-8.4561
-6.7434
-13.9936
-11.4541
-4.1737
-5.7022
-8.1287
-0.3389
6.4714
11.2613
14.8688
11.5437
13.3883
13.4356
5.8201
-0.4253
-4.9238
-6.3913
-10.8028
-18.1413
-14.3586
-4.9223
-2.4197
-4.7497
-2.2118
-0.7695
6.8631
9.9199
7.1001
5.7946
7.9998
4.8540
-9.8981
-19.3468
-22.0053
-13.1162
0.2102
8.8955
18.3332
19.0516
15.7861
11.5494
0.8047
-5.6567
-8.1653
-1.4828
1.2083
-0.9045
-2.1747
-3.5707
5.8406
21.9357
27.3291
27.2276
24.4037
11.8509
6.2732
2.5332
1.1740
-3.1628
-1.3501
-3.7355
-5.7529
-2.2436
5.2745
6.7664
-2.1824
-11.5102
-15.6500
-12.8687
-3.6509
-0.2670
1.4361
1.0445
-1.8321
-7.0022
-10.3563
-8.9784
-9.4340
-4.6289
-2.9174
-8.1293
-6.5975
-4.3500
-1.3572
-1.9462
-2.7934
-1.9027
1.8042
5.1923
2.8807
2.3805
-1.5836
-9.0946
-4.2436
-11.5414
-3.9785
3.7078
7.0564
-4.8883
0.6879
3.5584
4.0553
2.3263
-4.3660
-6.5906
1.1822
7.6060
11.3770
17.3438
15.4548
2.1453
3.7556
6.0279
5.4788
7.0330
11.3662
10.3553
7.0007
5.4192
11.3135
11.9432
5.4778
-0.7530
-7.5513
-5.7295
-5.2079
-11.0440
-13.8329
-20.5346
-15.5159
-9.5719
-7.1350
-5.8924
-4.1594
-8.8443
-9.7412
-15.0214
-11.5709
-3.4726
-1.9202
-4.0027
-2.8267
-3.7492
-5.5192
-3.9908
-2.5960
-4.8537
-4.2830
-4.4595
-3.3002
0.6284
0.1272
3.4099
10.0979
16.2385
16.9578
17.2094
14.2847
13.1523
9.2483
4.2570
3.4179
-0.3218
-4.9985
-14.4880
-18.1853
-17.8844
-17.4903
-9.5448
-3.3581
8.7312
8.8075
3.5211
5.3946
6.0375
1.3953
17.2228
14.9131
9.5359
-2.0563
-4.5111
-6.6667
-3.3122
-6.9023
-10.1451
-13.1330
-13.0473
-15.2633
-18.1591
-14.5723
-13.2369
-14.1927
-7.3963
0.3638
6.4089
8.1118
4.0086
3.2821
-1.6247
-2.6912
-5.0741
-6.8744
-5.4258
1.0080
9.8206
8.7320
9.3520
10.3186
11.7872
9.4088
7.7500
2.2281
1.6664
6.9578
4.1019
-0.1258
-1.0997
-2.8933
-3.2600
-0.5080
1.5887
5.4141
7.4309
2.5644
-4.8676
-3.1746
-3.4022
-2.4270
-10.0071
-15.9447
-17.4840
-13.9900
-19.5695
-8.2416
2.3426
3.6758
-1.4650
7.6821
15.0398
14.6311
12.7942
6.7940
-0.9329
3.9666
4.3229
2.3323
1.4082
-9.1248
-10.6116
-3.2930
9.9763
9.4068
10.5139
11.2909
7.9029
4.3516
10.8592
23.2384
9.2343
1.8769
5.3346
5.5299
5.8364
3.0015
-11.1502
-17.8751
-16.8006
-17.5040
-16.8370
-8.3764
-5.4568
-2.9611
-0.9160
-5.0219
-5.0411
-7.8114
-15.6490
-10.9419
-3.6682
5.4398
-1.3780
-10.9351
-7.9355
0.3041
12.2186
14.8751
11.3001
10.5188
11.3137
15.9490
18.9765
1.9655
-15.2736
-22.1040
-22.5055
-19.9040
-16.4985
-5.4259
0.8186
-0.5792
-2.1485
1.9862
4.4724
1.8404
0.7308
5.3509
6.8405
4.3518
4.2846
5.7925
3.3885
0.6884
0.6722
1.0570
-1.9348
-4.1210
-2.1554
4.2579
6.2158
-1.7003
-9.9751
-8.6495
-0.3774
7.7104
9.4114
-11.5348
-8.3567
1.4236
10.8639
11.6962
7.3879
4.5361
8.0991
10.6838
3.4466
-0.7738
11.5541
14.0763
9.5608
7.6779
4.8860
14.5010
3.6532
-2.3342
-3.1267
-2.6586
-2.4175
0.5593
1.1173
-6.4898
-12.7547
-19.6508
-24.1469
-21.7759
-19.0819
-13.9175
-10.1745
-7.0001
-4.5340
-2.8194
2.1850
1.7143
-1.1046
8.5947
15.8179
19.7966
21.8477
10.0748
2.7552
-2.7542
0.1756
-3.7801
-10.2618
-15.5957
-12.5587
-11.1253
-5.9537
-7.1567
-9.0238
-3.5571
-1.3149
1.1867
5.3177
7.5319
8.8445
6.9759
-0.2776
-0.5051
-0.4043
-8.6596
-15.9273
-10.7417
-12.8501
-15.0134
9.8337
13.4769
11.2035
9.6460
6.8002
25.7418
22.3878
6.5588
-1.2908
-3.7809
-1.3673
-1.4047
-0.5980
7.8554
5.8919
-0.0097
-7.1907
-6.9569
-5.2045
2.5565
1.9154
-1.8430
-1.5770
1.1061
3.1298
6.1324
5.6667
5.5140
-0.1209
1.8874
-1.5956
-0.9998
1.0649
-1.8003
-4.7354
-3.4235
-3.6394
-2.5481
-0.3472
5.2748
11.1193
8.2292
0.6545
-0.8216
-2.4620
11.7251
13.6073
10.1290
17.4268
13.4414
12.5223
13.9472
9.5869
-5.3367
-10.8704
-4.8381
8.6562
11.8646
10.8630
5.0338
-7.0227
-10.4071
-12.1510
-17.3423
-18.6602
-7.6218
-7.4763
-9.8647
-6.4169
-3.8740
-7.9630
-7.0136
-7.5676
-7.3855
-3.7128
-4.1418
-4.9669
-2.0666
-4.3665
-5.0511
-4.4723
-7.6371
-10.1776
-14.2758
-16.8641
-8.4102
-0.0930
0.2595
-4.1209
-7.3286
-11.3869
-11.5607
-14.6343
-17.8278
-16.8723
-11.1477
-7.8335
-2.8874
-1.0130
0.1749
0.4367
1.0664
2.2077
7.6432
6.9942
5.8419
1.6737
-3.7136
-10.7144
-10.5380
-12.5958
-13.8620
-16.5012
-18.9980
-16.1560
-8.8133
-3.2515
-17.3621
-25.4959
-27.5747
-28.7817
-30.7773
-28.5834
-28.0344
-24.0046
-16.2114
-12.7936
-14.5290
-15.9127
-16.5389
-16.8292
-16.4325
-13.4960
-9.7613
-6.9756
-5.8957
-7.1623
-6.3632
-6.4674
-9.5173
-12.0181
-14.2056
-14.9435
-20.7900
-22.2833
-24.7843
-18.9993
-21.1374
-23.7642
-9.8784
-5.4515
-13.7365
-9.6071
-4.0491
-17.7808
-26.1724
-24.5574
-11.3732
0.4631
2.6153
-0.7764
-1.6070
-4.1427
-9.0975
-9.8306
-7.0617
-5.9955
-6.9404
-11.5937
-11.9449
-13.6704
-14.3905
-7.6152
0.7771
1.7145
2.6066
2.0088
-1.7544
-2.0025
1.6778
0.9116
0.8546
-0.0046
-1.2823
-2.6397
-0.1358
-2.1549
0.2081
3.9431
-1.9831
-6.3087
0.3543
-0.5089
-1.6879
-1.0310
2.5441
0.7541
-1.4882
-5.0802
-11.5089
-7.2353
-0.8713
-3.8242
-2.4067
1.8040
7.5193
9.2739
8.6676
4.4404
-4.3438
-4.5441
-5.6153
-7.4261
-7.0000
-5.4808
-2.3756
-4.8742
4.5137
9.4015
11.3381
12.5247
8.5998
8.5111
10.9196
8.8259
2.8596
3.4797
7.6706
10.8782
10.6176
1.3364
14.6717
18.8582
15.1047
7.2118
7.1646
6.5723
-15.7707
-20.1878
-16.6455
-8.3465
-8.4937
-7.1339
-5.5994
-5.2171

Coefficient 14:
-0.7789
-1.6805
-2.7255
-1.7557
0.1974
-0.1709
1.3249
2.5116
3.3263
4.2847
5.9144
0.4609
-1.8922
3.2048
1.3673
1.8974
-5.5342
-13.0299
-13.1428
-16.6017
-19.2444
-21.6728
-19.3710
-14.2958
-7.1804
-0.6609
-10.4978
-1.5103
-6.2149
-11.6563
-14.5327
-8.3525
1.7788
16.8445
8.9041
1.5436
-3.6119
-0.0938
-0.7621
-2.0582
-9.2818
-3.7741
-7.9833
-8.6302
-10.9815
-15.1522
-13.2709
-4.0023
1.2874
7.6655
2.5886
2.5422
4.1651
11.4434
17.1633
20.4221
14.1340
1.2290
-6.5327
-13.2699
-17.2900
-10.6963
0.4879
5.6051
-0.6792
-4.0774
-3.5866
-7.4943
-21.4005
-25.6581
-22.0462
-15.2162
-9.2352
-0.3449
10.6264
13.4457
9.0958
-0.7578
-0.2688
0.1697
-2.3728
-5.6470
-5.5266
-1.6368
0.1263
0.2297
-0.5865
5.2879
3.5176
2.5679
6.6991
3.5475
-2.9169
-1.5185
0.0240
-4.6093
-1.8501
1.8268
5.4007
5.3336
-0.1921
1.9897
0.9494
-3.6114
-5.5542
2.3842
-3.6483
-4.2665
-3.2661
-5.4427
-5.1128
-4.3016
0.2078
-1.4204
-6.4979
-3.5392
-7.1880
-12.8903
-16.5659
-20.8976
-15.9871
-14.4194
-16.4915
-13.0852
-9.4548
-12.2012
-6.6561
-6.7465
1.4155
4.6547
1.1191
-7.7841
-7.5224
-7.9244
-5.3878
-1.4141
-3.0978
8.7868
5.5735
0.8237
-1.9944
-0.9345
3.6553
3.7274
-2.4884
-3.8436
6.5549
14.4235
3.3764
-7.8724
-10.0535
-13.5723
-23.0387
-26.3326
-23.3222
-14.6022
-12.5242
-11.1678
-14.9534
-15.5039
-6.7926
-9.9203
-14.8430
-16.8701
-16.4955
-23.9759
-21.8915
-16.1366
-15.4894
-19.0226
-11.4905
-8.6050
-14.4075
-5.5883
-2.8914
-4.2254
-1.9070
4.3275
3.9302
0.8555
-0.6006
2.1901
2.0157
-1.5991
-1.6979
1.1243
2.4553
5.0319
3.2200
1.1296
-1.9072
-1.9305
-2.0823
1.3970
5.1366
5.1402
4.4948
3.8089
-0.3924
1.4942
-0.6099
-5.4277
-14.6512
-14.5134
-8.9034
-6.5246
-5.5778
-1.9522
4.6860
3.6120
3.0778
8.0679
7.3084
1.0515
-1.2873
-6.6009
-12.4002
-6.6165
5.2902
-0.6665
-7.7478
-13.8510
-15.2831
-15.2534
-12.9486
-9.1714
-5.1497
-4.3362
-3.5819
9.5796
11.9173
2.0623
-2.7962
-11.0491
-15.8399
-20.1679
-24.4909
-21.2417
-18.0837
-21.8237
-11.7629
0.3052
1.5056
0.9778
-1.4512
15.7028
6.0517
-0.2582
-3.5705
-4.7202
-12.2493
-21.8282
-25.5280
-20.2889
-21.0633
-17.2784
-15.6944
-15.7683
-21.4261
-23.3084
-24.0891
-23.6472
-20.9841
-24.3259
-18.5586
-12.4599
-11.8002
-9.9405
-7.3913
-3.0292
-2.7328
0.3613
-12.2950
-24.2178
-33.1316
-30.8037
-20.4247
-23.7876
-20.2236
-9.5622
3.3939
6.3819
2.1775
-2.3296
-0.3315
3.9550
0.9232
4.7922
4.2582
10.4956
8.8744
-2.0093
3.6308
3.1215
-3.7070
-8.5443
-6.7149
1.9276
6.9232
1.3228
-10.7303
-12.8756
-8.3531
-8.2433
-11.0697
-6.7291
-3.5896
1.0642
11.1300
4.2891
-10.0753
-16.5724
-18.9955
-11.9851
-8.2745
-5.0320
-0.3112
-7.2573
-11.7490
-8.0750
-0.7600
6.6387
1.0247
-8.9750
-14.3998
-5.3344
5.4763
5.4048
7.5523
6.7199
4.7019
2.9615
0.9178
-1.3163
-3.1087
0.1747
3.4866
1.4339
-4.1434
-6.5676
-7.1231
-3.0529
-2.5390
-5.3788
-5.8909
-4.0127
-5.7008
-5.0128
1.2528
2.5957
-5.2391
-10.8593
-15.7845
-16.6540
-16.5646
-18.1759
-16.8570
-11.6452
-6.8168
-6.0388
-15.4774
-20.8866
-20.5439
-21.9871
-22.4791
-18.8132
-9.8405
4.5010
7.8945
-2.7066
-5.5919
-4.5599
-2.4979
-3.3833
-8.0181
-18.1553
-20.0735
-14.3266
-19.1900
-17.8588
-16.3279
-18.6981
-19.2752
-12.7435
-15.8745
-20.1372
-14.4251
-3.6707
-0.7613
3.2088
8.0230
5.0033
6.3204
3.2242
3.0940
-0.8361
-3.5139
-4.8761
-9.3118
-8.7137
-2.7436
-0.9441
-3.8478
-3.9904
-3.7496
1.2715
8.3310
4.1029
-7.8369
-11.0245
-4.0503
4.5117
9.7315
8.2142
5.2584
2.4552
-0.4625
3.4098
2.6300
-1.9848
-1.4717
-1.4590
-2.1276
-2.9023
0.7491
3.4268
5.3503
1.8441
-3.4224
-2.4820
1.1124
-1.2607
-6.2895
-6.3805
-2.2288
-2.0037
-2.0343
-9.6349
-20.1427
-21.7181
-23.6267
-23.4212
-15.3629
-14.5890
-21.6235
-29.8648
-33.5513
-26.9989
-15.3874
-13.0137
-15.0455
-13.7688
-6.4824
-3.1986
-5.6907
1.8560
7.6381
14.1556
17.3973
17.9947
14.6044
12.8907
7.0359
-5.6106
-5.3088
-13.6757
-16.4252
-10.4402
-4.3739
0.8709
1.2696
-0.3269
-6.3872
-4.0620
2.3112
5.8791
9.8107
10.7731
3.3710
4.6522
11.0271
9.5895
4.2569
0.8301
-8.5995
-17.9249
-22.9851
-23.3995
-18.6965
-13.8989
-8.5280
-0.5832
2.4959
5.1057
5.5170
5.9699
9.8061
10.8122
10.1101
8.9963
13.3167
9.8572
0.9344
1.5032
5.3725
3.9307
-1.9190
-2.1515
-2.8318
-2.3353
1.5578
7.4536
1.2427
-6.1654
2.2795
3.9655
-2.3104
-8.6734
-11.8974
-25.4955
-17.8853
-11.3740
-8.1326
-1.8293
2.2453
1.4674
-5.9643
-1.5262
9.8800
12.1833
9.0742
0.4974
0.7112
1.1898
-15.3065
-22.0058
-20.3167
-18.5464
-17.8968
-21.2143
-25.8931
-27.1195
-24.8425
-23.1719
-24.6619
-21.7807
-20.2427
-20.6656
-19.3502
-15.5204
-13.5388
-4.2553
-3.0474
-0.0426
-2.8380
-9.5970
-12.6291
-11.3368
-12.1802
-1.9031
3.4354
1.4016
3.1342
2.5373
2.4805
2.3134
2.3005
-1.7077
-1.1738
-4.3847
-4.2014
-7.2044
-3.3380
-0.4945
6.8345
11.8269
10.4483
5.8357
4.1298
-1.1562
-11.1488
-14.7026
-14.0857
-9.6625
-3.9725
-1.0512
0.4767
-4.4624
2.2855
7.5048
6.6152
-3.7264
-11.8790
-9.9573
-6.5556
-8.9584
-13.8557
-15.7013
-20.5365
-22.6617
-28.1796
-29.5855
-21.8478
-20.4038
-21.3461
-20.7101
-13.9806
-5.7418
-8.7078
-9.5543
-5.6198
-1.0159
-1.2655
20.1149
20.6183
12.2663
14.5588
12.4782
13.3672
16.4304
0.4357
-5.0952
-10.6172
-20.9940
-25.2189
-26.8756
-30.1599
-30.7207
-34.6746
-41.2701
-42.4296
-34.1418
-29.1077
-12.6126
-4.6492
1.6075
2.0987
4.4170
3.2083
-2.2497
-7.2287
-8.2247
-7.0797
-6.1238
2.0191
10.4915
8.5737
2.9890
2.3927
4.2028
2.8366
-2.7867
-5.5594
-8.3176
-2.2587
4.5365
0.1163
-1.0852
-1.9656
-0.4809
-1.2578
-3.9907
-8.3175
-8.7586
1.7542
2.4927
-5.3664
-4.7341
5.9072
9.7165
4.2260
2.2138
1.6990
-1.5646
-1.0909
-4.1637
-6.6564
-8.4566
-4.9393
-2.8936
-6.5149
-17.6549
-22.6214
-20.7970
-19.0748
-11.9268
-3.6766
-2.0471
-3.7996
-14.1898
-19.2802
-12.9495
-16.0447
-17.9265
-12.7779
-2.1313
-6.1379
-8.2667
-14.3343
-15.7016
-6.1587
1.8103
6.7262
10.6160
13.5418
14.9561
5.6561
2.5876
5.6996
12.3203
12.0398
6.3371
2.0606
-6.6784
-17.6347
-24.0822
-27.1612
-27.7621
-23.0863
-19.5248
-11.9490
-8.8922
-8.0284
-9.2073
-6.9596
-0.4492
-2.0358
-6.4592
-2.8663
3.8141
-17.4546
-28.0538
-29.6621
-23.6257
-15.3359
-19.1660
-23.8939
-28.6366
-30.6736
-26.3020
-23.9870
-28.3757
-33.9671
-33.1689
-26.9299
-14.6038
-3.6453
-1.6217
-2.1029
-6.6451
-10.2011
-12.2300
-11.8452
-2.5768
9.1379
9.6661
-7.9980
-12.8516
-12.2473
-4.3132
1.5131
5.7137
8.0200
3.3867
0.9473
-0.1654
-5.7843
-11.0674
-13.0212
-16.9290
-23.9548
-32.9094
-41.1885
-39.6358
-34.2510
-28.0101
-21.1297
-14.1768
-13.7604
-17.1880
-15.5889
-12.3635
-11.1481
-6.1989
-3.1569
-3.5966
-1.1002
-1.7748
-1.0085
3.0281
-0.2442
-2.7733
-0.9891
6.1442
5.5437
3.2082
-1.4611
-7.0640
-10.3821
-14.5428
-9.4359
-5.6856
-2.0566
-0.3903
-2.7482
-4.2628
-7.7572
-14.8980
-16.4432
-3.2064
-2.3088
-3.8884
-5.4937
-5.7988
-4.7003
-7.9861
-15.7967
-16.0811
-9.6439
-6.4609
-5.8816
-1.0112
2.5679
3.5618
-1.6571
-5.7630
-10.9820
-19.1774
-22.2507
-17.9277
-18.2759
-20.9960
-15.9665
-10.8379
-9.2050
-4.4556
1.5445
0.5322
-2.6079
-5.3869
-4.9156
-5.9294
-4.3799
0.2313
-0.7635
-0.5890
2.7596
2.8767
0.2331
1.6525
7.2966
8.7994
5.9044
1.1737
-1.7007
-6.6831
-8.5555
-15.5274
-15.8259
-17.3323
-15.2839
-11.7241
-13.2443
-17.0873
-20.2645
-21.7739
-20.1916
-20.8192
-20.0942
-21.1734
-20.3197
-18.6940
-20.2243
-13.6009
-10.3146
3.5805
7.5412
4.5988
3.6614
6.4155
10.8011
-6.1374
-6.8128
-6.2767
-9.4081
-16.6217
-21.5306
-31.2334
-31.6662
-21.1160
-17.5652
-13.4660
-5.4530
-4.9704
-12.0772
-5.7322
-6.6409
-4.8057
1.5141
4.6731
10.8634
13.1900
14.4788
14.4509
20.4897
20.6551
18.6266
12.8417
9.9641
6.6770
-2.0434
-7.1110
-7.1414
-3.8002
-4.2212
-5.4488
-6.6460
-4.5825
-4.6949
-6.1325
-11.2601
-10.3901
-10.5183
-6.4423
1.7738
5.3958
7.1081
7.4260
8.1526
8.8689
10.1173
7.6896
6.7120
4.6185
-4.3314
-6.5412
-1.7483
-9.6519
-2.8162
-4.9780
-4.8709
-1.4800
0.4120
-5.1044
-7.7518
-7.3291
-3.8193
1.5842
2.6488
2.9608
9.9456
12.9016
10.0023
0.6745
-5.2756
-11.0748
-9.6190
-12.4151
-17.5153
-20.2480
-11.6519
-0.7735
-7.7694
-15.2944
-9.0763
-11.6219
-15.9813
-15.1126
-12.4834
-19.4409
-20.8033
-16.4462
-8.4368
-2.9120
-2.6172
-3.5548
-4.1057
-3.6094
-6.5003
-14.7480
-23.7666
-12.0542
-6.9792
-12.3122
-13.2136
-5.8016
0.0813
-1.7896
-3.8747
-6.6396
-11.8505
-13.4036
-11.6104
-3.5542
3.2970
12.0124
15.8253
19.8777
25.2810
20.2702
20.5187
15.2688
10.3287
1.9156
-3.4758
-1.0475
-0.2147
-1.1257
-2.5012
-0.3039
-0.5201
-3.3916
-2.9557
-2.6033
-1.6050
-0.0820
2.1063
1.5958
3.2474
-2.6873
-5.4224
-3.3885
-3.3801
-2.3570
-2.3772
-4.0509
-3.0187
-1.4453
1.5752
7.7507
-11.5189
-15.7379
-14.6964
-9.4734
-7.0723
-11.7338
-12.1516
-9.7796
-12.9965
-16.0666
-17.2770
-18.1779
-15.4078
-8.2254
-10.3199
-6.6562
-0.0956
-8.7663
-14.5828
-16.6789
-22.3024
-21.6413
-13.0078
-13.0528
-11.9463
-14.7876
-17.7290
-19.9714
-23.4203
-24.6183
-18.2855
-9.9665
-8.0534
-5.5767
-3.4235
0.9047
1.1221
-0.7411
2.4490
9.0414
16.3512
17.6020
7.8121
-0.2142
-6.2114
-4.5073
-5.5897
-8.8989
-15.4299
-14.2923
-10.3787
-4.9082
-3.5304
-7.2146
-5.9571
-11.3644
-18.1673
-18.0392
-17.8011
-19.7072
-18.0953
-23.8388
-25.3692
-29.1032
-29.4263
-28.9227
-22.5783
-17.2270
-15.2906
-15.8253
-15.7128
-13.1040
-9.6681
-3.8397
2.2899
3.2112
-13.9537
-14.4838
-18.7414
-24.7239
-24.5945
-19.6112
-15.3751
-10.6441
-0.5185
4.0010
3.1782
-0.9162
-6.4781
-4.4921
-3.4152
-3.2225
-3.2069
3.5605
10.2816
5.2343
-0.7259
-7.2425
-6.1964
-1.7432
5.1106
4.1477
-0.3992
-1.2984
-1.7202
-1.8575
0.0887
0.0363
6.5797
8.9300
5.8489
-0.4102
-8.6007
-7.1813
12.9869
2.6842
-6.0304
-7.1374
-3.0830
1.9348
3.5524
-3.9803
-4.3182
-1.9331
-6.9410
-5.8741
-8.2937
-5.8077
-1.1706
-4.9344
-6.0496
-7.5184
-10.5906
-8.6498
-0.4913
6.2667
9.7404
14.1916
15.9878
13.7987
10.1043
-2.6168
-6.1270
-4.0060
-5.8452
-4.7660
1.3081
-1.4204
-2.6714
-2.1975
-6.8312
-8.1210
-10.8861
-12.5676
-4.9713
1.5610
0.9194
-2.2131
-7.1290
-11.8542
-12.2931
-17.3809
-18.8905
-15.3994
-9.4411
-3.1308
0.8686
5.2826
-0.5374
-14.3144
-16.3423
-11.6288
-8.0400
-8.3366
-11.1058
-11.5382
-12.6190
-13.5920
-10.3123
-12.1993
-12.5512
-5.8109
-0.2040
-1.2534
-9.0266
-11.7582
-21.8235
-25.5381
-21.5428
-17.9157
-15.1412
-16.0679
-19.5520
-19.8498
-11.1309
-1.6362
-3.3213
-5.4211
-5.7588
-2.0034
0.0096
-2.9007
-7.6763
-7.7645
-5.5949
-6.2794
-10.9160
-16.6053
-24.6470
-28.3313
-22.9156
-20.2703
-23.1261
-19.7871
-19.6045
-18.1231
-14.8640
-12.7971
-5.6447
-2.0246
-7.0326
-9.4612
-12.6201
0.4364
9.4702
3.8839
-16.2018
-23.0109
-23.3534
-20.0202
-16.7072
-16.1690
-18.5092
-21.9902
-25.7236
-27.0029
-21.9529
-21.6527
-19.5995
-10.9348
-7.2685
-1.5980
1.4489
-1.1821
-6.3969
-2.6172
-2.9504
-3.6859
-0.2088
-0.6010
4.2852
3.3598
0.4147
-0.8276
0.9031
2.3650
5.2192
7.7471
2.7691
-0.1777
9.3736
20.8782
19.2756
18.1608
10.9978
8.4983
6.6372
1.1649
-7.3300
-7.2386
-5.9317
-0.2932
0.8895
-1.2918
0.9218
-0.4392
2.3476
3.1078
-2.2016
-9.5802
-12.9292
-11.5018
-2.4969
6.9788
4.5992
-1.7176
1.9318
9.9542
10.6133
10.0834
7.0619
9.9687
13.0707
8.6447
5.8863
-1.4392
1.7883
5.0890
9.2139
9.4598
-5.0445
-11.5966
-5.5689
-1.4804
-3.7852
-2.1566
-2.8194
1.9484
4.0418
3.6764
-2.6189
-9.1932
-8.3653
-3.5505

Coefficient 15:
-0.7977
-2.9553
-0.4593
-0.6444
-0.2637
-0.8942
-1.5986
-0.7698
-1.7388
0.5997
0.4323
-8.8856
-9.6315
-12.3070
-13.1703
-9.5589
0.3297
6.2076
-0.7048
-1.7647
-4.2486
-4.3767
-4.6151
-8.8442
-8.2472
-0.5950
-3.8841
-4.8201
-9.4682
-6.5127
1.3539
9.7449
15.1687
17.1605
3.5490
-13.0781
-15.1049
-14.7858
-11.6861
-14.9091
-20.6431
-13.9009
-0.6460
-6.6541
-5.9730
-10.8759
-13.8422
-16.1810
-10.6982
-11.3212
-15.5730
-10.6910
-5.4498
1.6297
3.9999
3.6667
1.9591
0.0122
-0.0527
-3.2656
-8.4671
-3.0040
3.3715
-0.8014
-8.7985
-10.4822
-11.9316
-8.8699
-16.0424
-15.4295
-1.1801
5.3129
2.8008
-7.9547
8.4833
18.0625
14.6326
3.6405
-2.4430
-3.2360
-4.5556
-8.8377
-6.7407
-2.7058
-2.8226
-1.1743
4.1788
5.1049
2.1310
1.6060
5.7398
3.7168
-2.0219
-1.7649
4.2334
5.3407
6.4136
5.8740
5.1797
5.0925
1.1229
2.4497
2.7740
-3.4013
-3.7793
-2.2777
-11.1265
-11.1146
-10.2242
-9.1420
-13.4485
-20.6361
-16.0336
-13.3337
-13.7868
-11.1770
-14.0581
-10.8768
-3.4707
-4.2616
-3.9446
-1.1624
1.8360
-4.8775
-5.3071
-6.1957
-3.7863
-6.1561
-6.0956
-2.0151
9.7795
21.3720
21.7558
16.2047
11.2418
1.1450
-15.4555
-20.1733
-30.8330
-30.0973
-22.4070
-18.2397
-19.7726
-12.7223
-8.5308
-8.4873
-7.8720
-7.8329
-11.7739
-16.5362
-14.1943
-13.2251
-14.9676
-14.8725
-11.5973
-22.7668
-23.3745
-21.6311
-24.4416
-32.2759
-30.7866
-23.1433
-18.2414
-19.5363
-20.2901
-17.8650
-8.0232
0.7139
4.8858
11.2574
14.8829
12.9842
5.5746
-0.3556
0.4225
-0.4002
0.4123
3.0414
2.0733
-0.6937
-0.8133
1.3006
2.0082
-0.8733
0.8241
2.2278
-1.5754
0.0967
3.6090
1.7127
-0.2776
-2.3217
0.5200
7.8034
3.7075
5.1122
4.4340
4.6890
-3.3070
-13.1359
-18.7477
-18.5421
-11.5890
-0.7686
5.5618
4.3146
-3.7701
-7.1714
-8.7761
-1.4389
6.3641
3.4657
3.8780
8.1147
8.2379
9.6322
12.2020
12.3314
1.1506
-17.0026
-8.7471
-0.2841
2.4929
0.4834
0.0935
-2.0991
1.3667
1.9573
-6.4270
-3.1539
-7.7176
-9.8139
-6.1396
-5.1071
-3.7752
-5.2550
-5.3793
-4.8241
-2.4330
-2.6523
0.9472
7.6599
4.2527
1.5379
-4.1660
-9.1377
-14.7042
-19.9291
-25.2391
-28.2888
-30.4486
-22.6156
-15.0920
-9.6696
-3.3493
2.7494
-2.9688
-1.0778
1.2734
1.6907
-0.5010
5.0769
15.0387
17.5084
12.6193
5.5027
5.8130
8.3064
5.1005
6.4749
5.7406
4.7986
2.1267
3.2426
-0.3894
-4.1414
-0.4930
12.3702
17.4277
16.7300
20.8656
16.6047
6.0922
0.2106
-0.9041
0.6169
-0.4153
4.4534
2.8989
6.0771
-2.0780
-18.8214
-12.7331
-9.8527
-12.2836
-13.7263
-2.1043
-3.4803
-11.1557
-19.6590
-24.9563
-29.7994
-19.2444
-6.4639
-1.3147
2.7452
0.3577
-1.8251
1.1304
4.5258
10.1362
12.4298
9.9383
-6.6592
-3.2708
2.3358
-1.4962
-8.1621
-0.9876
-3.4587
-7.0299
-12.0241
-14.4531
-7.1823
2.5537
9.8420
11.2846
5.6249
-0.7591
-1.6633
0.7429
3.3458
4.8556
2.3569
-2.1418
-2.4780
-3.9174
-5.2859
-6.1640
-4.9563
-2.9736
-2.8821
-0.4058
0.3563
5.1605
4.6281
0.1254
0.3945
4.0813
3.1248
4.3287
7.2597
4.0906
-3.9683
-6.8525
-1.7183
-4.5399
-12.3299
-17.3991
-10.3573
-6.0208
-5.2532
2.4304
10.3999
8.7811
6.5416
2.9672
-5.4073
-1.9806
-1.6587
2.4685
-13.0607
-10.4133
-10.2121
-11.5941
-5.3979
-3.0069
1.3397
4.1334
0.1421
-2.9014
-5.1508
-6.1642
-0.8608
2.2280
-2.8778
-14.5305
-19.8415
-10.1737
-2.2737
0.3811
-7.9668
-7.7800
-1.5637
3.5381
8.7144
8.6180
4.6451
-7.1641
-15.6827
-18.7823
-24.2421
-21.0277
-15.0158
-8.8365
-2.1413
3.6988
0.0680
-5.8687
-7.7305
-9.0113
-11.3054
-6.8935
5.4763
8.9225
6.9285
7.7857
9.2961
7.2191
2.4425
4.7566
2.9049
1.5935
-4.4774
-2.9229
1.2584
3.4798
2.5500
1.3221
2.2409
1.8835
-4.1383
6.7949
25.6445
17.6229
2.1586
-2.3365
-14.6359
-10.2674
-5.7248
1.7151
0.4789
0.2090
1.9781
-7.5106
-15.6369
-11.9276
-16.4779
-15.7355
-6.8549
-5.2650
-2.6006
-1.5078
-5.6773
-5.0703
-3.0363
1.6649
8.1789
10.1428
12.7023
6.4435
2.3067
-2.2437
-14.7567
-11.1950
4.0725
11.2858
4.3973
3.0796
3.8591
-0.9823
-0.8175
-4.9842
-11.0573
-18.2996
-13.8779
-9.2188
-10.9316
-11.5946
-18.2813
-13.9714
-13.9847
-18.0665
-20.6543
-8.2587
-1.8929
1.5892
2.3304
3.9547
4.9596
2.8592
2.8776
0.9756
9.0134
13.1540
8.7297
5.8358
8.1051
2.1184
-19.1727
-11.7752
0.9857
4.7498
-7.9338
-9.6055
-5.0118
-8.4217
-9.6359
-5.7970
-4.0290
-0.4784
-2.1337
-4.9797
-9.1756
-11.4783
-9.6013
-5.8557
-3.7064
-10.8553
-11.6136
-7.4391
1.0480
3.2902
7.1190
2.7151
1.8188
-3.9033
-15.6522
-24.9679
-23.5510
-10.9409
-3.2434
3.5622
4.1469
-10.5971
-14.1223
-15.9983
-9.3123
-2.6797
1.4039
0.8973
-5.0385
-10.2501
-17.6639
-19.0303
-4.9410
5.1649
4.3544
5.3892
2.0745
-1.4768
1.7554
-0.3951
-2.9045
-1.4483
-1.9067
-1.1705
-4.1646
-2.7283
0.2248
-2.3041
-2.0840
1.7187
2.2374
-1.5156
-4.8883
-16.7945
-15.4472
-12.3344
-12.9532
-9.6143
-6.5175
-5.6157
-8.8744
-6.8470
3.3605
10.3111
6.1727
-1.6453
-7.2905
-10.9808
-10.5304
-8.1030
-3.1350
-1.5474
-3.9621
-17.1596
-20.4479
-18.9964
-14.1786
-9.0866
-9.8867
-5.5737
3.0696
4.6969
2.0190
-0.0017
-1.9418
-2.8870
-5.2054
-19.7886
-26.8215
-19.8098
-16.1061
-13.2319
-6.9501
-5.7280
-13.9201
-23.8188
-21.8126
-12.0106
-2.0620
-6.4032
-15.0272
-18.4823
-11.2733
-4.7898
-6.7785
-10.3325
-4.5289
-9.2780
-7.5921
-0.9192
-2.1250
-7.8959
-12.8346
-10.3608
-6.3919
-9.3149
-8.6242
-3.7131
-1.7446
-1.6437
1.6460
-0.6579
5.8286
5.0529
2.8638
1.9995
-4.2029
-13.3873
-32.1940
-35.7423
-33.8156
-27.6261
-5.4139
1.3381
4.4439
3.4574
-4.3520
-16.9313
-22.8420
-17.5921
-5.9970
0.3023
-3.9297
-11.5579
-2.9136
-3.2951
-6.1569
-9.8505
-2.7131
1.9307
2.5348
5.8515
2.7535
-1.4187
-0.7714
-0.8675
0.4760
2.1597
1.3442
4.0397
2.7110
5.4942
1.7405
-1.2242
4.5944
3.2922
-5.8413
-5.3876
-9.3122
-17.6709
-19.8021
-15.3972
-9.9617
-10.7695
-12.8983
-13.4833
-14.8362
-11.0207
-7.9111
-12.6947
-19.4136
-19.4501
-9.2123
-1.8530
-7.2903
-9.7289
-6.7805
-1.8311
-1.0148
4.0507
7.4681
5.0810
5.1641
-8.4598
-15.2545
-17.1151
-26.6888
-23.2208
-21.0974
-18.6088
-14.4604
-10.5608
-6.6916
-2.8640
1.5977
9.6160
9.9684
-0.7435
-13.3604
-15.9358
-11.6118
-4.1920
-0.7574
-0.5861
-6.5437
-4.9130
-0.3998
-15.9006
-16.0580
-17.8615
-16.7792
-9.5025
-12.9522
-7.3455
-2.2811
-2.6076
-1.1395
-2.1506
-3.0837
-5.1539
-8.0152
-5.7583
-1.3096
-4.3091
-12.8131
-22.6811
-27.4311
-21.2246
-13.8003
-8.3465
-1.7000
5.0028
-0.9836
-10.4218
-8.6916
-6.4657
-5.1874
-5.5561
-5.4908
-1.5205
-0.8560
-0.1646
-2.3867
-6.2148
-3.7320
-1.3709
3.2581
6.5844
9.8862
12.7118
9.7489
2.9580
-4.8140
-8.4662
-14.5261
-17.1072
-14.6434
-7.9214
-9.4518
-8.8996
-3.5675
-1.4094
-2.2588
-2.5678
-3.9214
-2.4543
1.6445
-0.1495
-4.7102
-4.5080
3.8211
4.9941
3.1671
-0.5366
-6.5689
-10.6040
-2.2763
3.5589
9.6969
10.5874
-13.7560
-23.9663
-18.0929
-14.4563
-16.5495
-18.7567
-14.8218
-14.1804
-11.7833
-6.8775
8.6098
8.0187
4.7972
-2.2766
-0.8922
2.1030
-1.0365
-8.3030
-8.9821
-11.3923
-12.7958
-14.6414
-15.3100
-4.9317
1.3145
0.6864
-3.1928
-6.1772
-6.8401
-3.3190
2.4440
0.9367
5.7208
7.2479
3.0086
-0.4493
-3.6887
-6.6853
-7.7926
-7.4864
-0.8302
-0.9049
-3.5325
1.9794
0.6558
-2.5968
-4.4637
-4.7819
4.3324
9.0845
2.9982
1.7503
-6.9057
-5.4924
-9.7258
-4.8949
1.6831
4.8374
1.4772
2.4756
1.4972
0.4432
-0.4438
-6.9251
-10.3756
-12.5114
-18.0000
-23.4594
-28.7248
-23.8511
-15.8689
-16.6937
-8.0097
-0.6274
-0.7327
3.1275
6.2091
11.9537
24.0503
20.0150
3.9511
5.1861
5.9441
3.8893
-6.1363
-15.8543
-14.0962
-14.4212
-11.6210
-16.6657
-24.0584
-26.7631
-26.0281
-21.4124
-22.0899
-23.9915
-23.1289
-19.1558
-13.5195
-18.9796
-25.6578
-17.4704
-14.3722
-17.0032
-13.2124
-0.6224
8.0065
7.3426
4.8707
4.9582
5.0623
5.9864
4.2307
0.6970
-5.4221
-5.4608
-5.5714
-7.7563
-4.6737
-1.6020
1.5800
5.2554
3.6320
5.4475
5.3202
8.6783
15.7210
15.1765
13.7417
16.1981
11.7733
6.5591
6.5758
10.7681
-4.3589
-5.2425
1.6974
5.1557
2.6886
17.1193
13.8835
7.2475
3.8792
-0.3064
-5.3435
-7.2061
-2.8102
-3.5249
-4.9433
-9.0158
-15.8819
-9.6948
-8.1075
-10.5095
-13.4175
-20.8755
-21.4282
-15.0312
-14.0106
-17.8565
-12.3244
-6.9270
-11.5627
-8.8087
-9.6940
-16.5520
-16.5210
-7.8108
-4.9321
-3.9133
-4.2610
-19.3646
-22.8678
-18.5431
-14.0163
-10.0347
-4.2136
-3.8624
-11.6932
-9.7918
-8.7660
-7.0586
-12.3853
-16.1977
-16.3571
-14.0626
-13.4301
-11.3146
-14.9216
-13.1293
-14.4664
-12.9071
-10.9661
-12.8396
-10.9688
-7.9532
-3.6285
-0.8451
-2.7084
-3.9359
-1.5834
-1.4760
-0.6199
-1.2082
-0.5040
0.5111
1.1330
2.1037
1.1784
-0.4522
-1.5332
1.6215
3.6654
3.9782
2.5709
2.8453
-1.9565
-3.9949
-1.8452
-0.4090
-2.5513
-5.1757
-5.0292
-5.4491
-3.1824
-2.3877
-0.9026
-21.5647
-18.5591
-14.5699
-14.3998
-13.6725
-5.8578
-0.5897
1.8797
7.9974
6.1557
-0.2833
-5.6650
-8.9267
-8.8574
-4.5946
-5.5653
-6.8636
-10.6341
-5.9437
-3.8830
-4.7101
0.3798
4.2483
-2.0786
-6.7932
-8.3113
-3.3239
-2.8981
-9.9465
-15.7615
-12.0192
-7.4193
-3.4802
-2.5603
-2.1532
-5.2574
0.6894
4.0307
3.4787
7.9432
15.7453
15.3746
5.4300
-3.3198
-11.4984
-11.8906
-6.9281
-1.9807
-1.0865
-2.3562
2.0525
-1.4165
-2.9738
-3.3950
-1.6205
-2.3917
-3.0547
-3.0391
-8.4982
-9.2848
-7.3381
-7.0655
-10.2284
-6.3027
-14.9871
-26.3245
-28.8441
-23.0627
-15.3368
-4.8283
-8.2507
-2.9491
0.5027
6.7710
8.5103
7.0588
-3.5671
-0.6776
-2.3448
1.1618
1.3494
6.4431
6.6705
5.2801
2.3224
-1.8552
-8.7804
-17.4047
-14.8639
-6.1059
-8.6552
-4.8179
-0.1912
2.1926
11.8671
10.0768
1.7598
-2.3850
-0.6895
3.8784
6.3679
6.0977
5.5623
4.1934
3.9219
1.9821
1.8605
-1.9386
2.6240
7.8804
5.2445
1.1531
-1.9390
-0.7557
4.4597
-6.6174
-13.0329
-11.6710
-13.4509
-6.8099
-3.8947
-12.9047
-9.9342
-7.8718
-8.2727
-5.0790
-1.1214
-4.7260
-17.0521
-11.4776
-16.6477
-16.8816
-9.0752
-0.7844
5.5316
7.5945
8.5865
9.8468
5.4988
4.2491
-0.0393
-5.1452
-1.2083
-7.1529
-7.1129
-5.0554
-2.2903
-4.7074
-4.3327
-3.1740
-6.4778
-5.8840
-4.8240
-8.3590
-6.5904
-4.0939
-5.3011
-7.0352
-7.2847
-8.7628
-6.2346
-13.9859
-14.4209
-14.8555
-7.8190
0.3399
1.4620
2.9621
-1.6197
-9.1572
-9.8572
-10.2640
-14.8712
-15.0490
-17.9331
-22.6392
-14.7057
-12.0487
-12.9928
-13.7390
-18.1281
-13.3247
-6.2833
-4.2089
-5.6057
-10.0971
-5.2190
-4.0285
-9.1499
-11.0974
-10.6007
-10.0241
-5.9692
-12.4390
-7.1907
1.4909
1.6484
2.4169
4.1280
6.5247
7.3275
5.1809
-1.1512
-5.8834
-3.9701
-4.4779
-12.6986
-27.5609
-33.6717
-32.5237
-22.4287
-20.6149
-24.7566
-26.7823
-27.9533
-32.9781
-28.0750
-17.9745
-6.3255
-2.4611
-5.9899
-19.8942
-26.3462
-3.5944
3.0148
-1.3995
-5.7402
-8.8571
-4.7823
1.6667
2.8076
-2.6680
-2.5862
-0.4951
-5.2722
-9.7124
-2.9772
-1.1890
-8.3550
-5.0819
-6.8074
-14.2664
-14.8874
-13.9856
-15.2733
-8.0349
-5.1116
-4.2032
0.9876
0.7485
2.9649
3.6451
-0.3850
-2.7633
-1.1976
0.6363
5.9119
9.5486
3.3124
-2.4172
-3.3005
10.8297
8.7455
6.5143
6.6595
16.2711
13.6855
-2.1082
-9.9206
-9.1757
-5.1830
2.9334
3.8840
-1.7314
0.9040
5.3797
-0.5337
-2.7785
2.1691
3.4479
1.8584
5.0721
7.7744
6.6997
3.5830
0.8446
2.7455
7.1922
10.6225
7.6137
1.5836
4.3728
3.2308
-1.2449
-0.8661
-0.0645
3.3624
5.7598
4.1065
3.0798
-15.8872
-17.6221
-9.9803
-5.3882
-3.9816
-4.9034
17.3059
16.2190
14.9568
10.8665
8.7952
1.4160
4.3289
9.1508

Coefficient 16:
-0.8032
-0.7740
1.7438
2.9519
-0.0261
-1.9615
-3.7739
-5.6979
-6.8909
0.9559
3.9248
-0.8239
-0.7141
-5.5514
-9.2310
-13.2953
-20.3674
-12.2352
9.4190
15.8066
14.8254
17.4701
15.6798
5.7610
-1.7033
-5.3908
-5.9121
-7.2894
-12.9424
-15.1586
-19.9425
-18.9311
-7.2804
-20.2372
-23.0807
-17.9197
-16.4276
-22.7317
-18.1896
-12.5980
-11.8670
-13.3844
-15.3195
-15.2137
-11.8533
-7.5004
-3.7191
-3.0429
1.1023
-3.7490
-9.0382
-4.3100
3.1601
0.6261
-0.1264
1.0801
5.6093
4.8859
2.7640
3.5147
0.9983
5.3643
8.8552
8.8808
12.4181
8.1873
10.4300
6.4552
4.3878
-6.8233
-18.8931
-26.1356
-24.8856
-13.0803
-1.1788
-1.8756
-1.2937
-2.6785
-2.2139
0.6225
4.9729
-3.0685
-3.9951
-0.3506
-2.1742
-5.1380
-0.0669
3.8129
4.7181
3.0256
2.2546
2.6249
-0.5314
-2.6689
1.1811
2.6957
6.6848
5.1745
2.4065
3.6245
2.1785
2.2557
-0.8391
-3.1247
-4.6202
-0.0087
-1.2412
-3.5736
-5.1045
-5.8917
-5.1923
0.3659
2.2241
0.5498
-4.4344
-8.7531
-10.4300
-9.3811
-9.5240
-4.7558
0.8452
2.8442
6.0573
1.6311
-1.1906
-2.9406
-5.2945
-5.7186
1.4966
3.4519
1.3105
-6.1015
-11.2993
1.1492
10.1493
5.7677
2.5100
-0.9977
-9.9677
-15.1688
-19.9799
-22.8785
-19.0985
-8.8561
1.8609
13.6390
16.4066
8.7344
4.3510
-2.7488
-3.4311
1.7414
2.9076
-2.1386
-4.8166
4.1501
5.2599
8.7078
14.9827
5.3271
-0.5241
0.7041
1.1608
3.0121
0.4068
3.1443
0.4936
-0.4794
-1.5499
-2.3549
0.8986
5.4358
0.1251
-4.8081
-6.4615
-3.6427
-0.1658
-0.1084
2.7753
3.2726
-0.8080
2.4432
0.6883
1.1010
-2.2780
-1.4054
0.2450
2.5911
4.2069
3.5355
0.0317
-1.7217
1.0805
10.1531
7.8563
0.9886
0.7808
3.0891
0.6011
-14.8177
-21.5409
-21.3619
-9.5963
3.7827
-1.1004
-8.7010
-15.0514
-17.4064
-21.1767
-17.5545
-14.4960
-9.1692
-6.3904
-1.3608
5.0261
10.3897
8.5353
5.3897
-5.0305
-16.9364
-22.2812
-17.7832
-16.3854
-15.9964
-21.5559
-19.4548
-2.5654
-4.5295
-11.3559
-10.9163
-20.1052
-22.2037
-14.7221
-8.6155
-1.5281
-0.1493
1.4724
3.4961
4.7496
1.7069
-1.7934
-0.9290
0.7857
-1.7870
-1.8696
17.8585
11.7593
2.8494
1.5083
0.9602
-14.2327
-19.1005
-20.5906
-15.4758
9.7459
14.9378
16.5524
18.3089
10.9901
-9.8216
-17.7125
-19.8850
-18.3533
-19.3420
-22.0818
-23.2961
-21.5633
-11.1669
-1.8642
4.6778
-0.0078
-7.9169
-9.5800
-1.6230
7.2530
10.5664
9.1967
3.9781
1.5627
-4.2759
3.1246
6.4920
-0.3654
-1.1419
-3.2997
-1.8277
-1.6582
1.1953
4.6475
5.5182
-6.5861
-8.1746
2.8245
5.9947
4.0046
3.9152
-5.3050
-15.3704
-14.0964
-14.0253
-9.7768
-5.7209
-3.6035
-4.8467
-6.5758
-9.3035
-6.4254
4.0348
-1.7416
-3.5145
-14.4942
-18.8888
-13.1918
1.8992
3.6664
9.4254
9.4813
-2.5202
-2.0891
8.6792
8.1623
-0.6895
3.8180
16.4294
19.3408
18.2630
16.8287
12.8347
0.5836
-1.8548
1.7659
5.7035
4.9577
2.5054
2.2781
11.6155
15.7612
16.1661
15.1400
16.0272
13.2604
9.5125
8.6967
10.5250
14.8767
10.7085
3.8679
5.0854
4.6082
1.6242
-9.2235
-15.4589
-13.0337
-13.4163
-9.5048
-9.1132
-16.5057
-17.5503
-15.1409
-16.1734
-17.8159
-8.3224
2.4947
5.0085
6.3318
9.4358
8.8754
-2.5031
-0.3720
11.7168
8.8647
-22.8796
-36.9447
-29.2257
-20.3094
-15.3107
-15.2470
-13.3405
-4.4755
-8.6834
-11.0983
-8.8999
-4.0106
-16.6366
-20.5623
-22.2551
-15.6051
-8.3869
-6.6685
-3.9011
-4.1961
-18.1829
-31.3532
-36.0852
-37.9758
-35.4667
-31.1283
-24.7677
-16.9243
-9.5485
-5.8303
-6.2967
-6.2682
-4.0663
-4.0196
-2.8887
-1.7386
-5.2651
-10.0705
-13.7234
-12.6391
-10.0472
-8.5104
-1.2079
-0.6504
-2.3285
-1.8871
-1.1073
-0.4899
4.4370
14.5409
14.8792
10.2540
0.9650
0.2043
1.9282
-0.4642
2.4890
1.6927
2.8520
0.5272
-0.6727
1.1233
-0.8077
3.7163
9.4528
11.3601
-4.6060
-8.0497
-5.9769
-5.5527
-2.3547
-1.6030
-3.6324
-4.4597
-2.3743
-5.7071
-10.1854
-9.1350
-7.3130
-8.7843
-9.1455
-12.2321
-15.7879
-12.1684
-10.9938
-6.9052
-0.9815
2.8624
4.2937
-4.1287
-10.9239
-12.1364
-16.2173
-12.2831
-10.6220
-4.5153
-3.7324
-3.8909
0.5198
5.2804
2.7290
-1.8629
-1.1711
-8.8974
-9.3126
-3.1621
6.9944
3.6256
-4.6394
-5.5233
-4.4133
5.4604
6.5742
-0.9079
-7.0070
-2.1742
4.1300
8.5491
17.3588
20.3407
18.7335
15.5735
16.1918
14.6662
10.4819
6.3770
6.8530
0.5293
-2.3410
-5.5352
-5.5341
-1.2179
8.3882
14.1044
13.7862
9.3388
7.1088
9.1744
7.8032
17.1224
16.5917
8.2517
5.0999
9.5200
10.8462
14.8296
18.7040
25.8384
29.4314
20.2377
12.7021
9.1708
8.7648
8.0644
7.9142
10.8315
10.8218
3.3176
-5.4321
-7.7229
-4.5757
0.1856
-2.4755
-9.6212
-4.2459
0.0665
3.9664
2.4284
1.2239
-2.7644
-4.8003
0.9566
1.4382
4.0523
7.6048
9.4757
11.3577
13.8952
9.8563
11.0670
5.2383
2.4227
3.0666
4.3400
4.7880
5.6583
4.0237
8.4089
5.1223
-3.9406
-4.2127
1.4209
-0.4833
-5.6190
-9.3450
-14.8013
-11.7207
-8.4827
-7.5280
-3.5219
0.0331
-3.2593
-3.2473
0.8492
4.9969
9.8916
7.9616
11.9234
13.9751
6.8444
3.4897
-1.7639
-2.2085
1.1205
1.6468
-2.9793
-3.2899
-5.1618
-5.0590
4.4587
10.7050
16.8102
20.0550
17.1443
15.4496
16.8795
17.7595
18.6596
16.4257
9.5449
13.9196
4.7757
-3.0407
-5.0951
-2.8524
-5.0175
-15.0219
-23.5394
-22.9397
-15.6824
-10.6604
-14.8524
-10.4621
-7.0446
-11.6815
-10.9567
-8.1017
-7.7773
-11.7722
-15.2178
-17.8002
-10.3104
-6.6232
-8.2795
-22.0366
-23.8887
-21.9457
-21.0134
-20.0764
-11.7877
-2.9676
4.7949
-1.9315
-4.1620
-0.0971
-4.0804
-0.7268
-0.3329
-8.6579
-18.4998
-19.6853
-19.1058
-20.4311
-16.6499
-17.6962
-16.4770
-9.5006
-4.8627
-1.2246
-5.8005
-3.8291
0.1052
9.7311
8.4921
0.6617
-0.0863
-13.3108
-10.7833
-5.6028
-5.1117
1.1621
-2.0559
-3.8341
-5.5902
-7.5094
-4.5636
-1.3539
-4.6953
-8.4898
-9.0067
-7.1366
-4.0711
-3.1074
-3.1720
-7.9196
-4.8210
4.9175
7.2655
3.4714
1.8111
-1.7162
-5.7116
-4.8616
0.0033
3.2786
-1.3764
-3.6839
-11.7100
-13.2958
-7.7228
-10.6561
-12.2087
-15.6550
-21.3454
-13.4527
1.4221
2.4081
-1.1734
-7.2050
-12.0727
-4.2598
10.7425
11.3075
9.7009
14.2668
10.3973
16.0197
9.1393
-2.2483
-11.1362
-12.9699
-10.4060
-11.2780
-8.7250
-7.3271
-11.0295
-12.8227
-17.3892
-11.0217
-2.3482
0.2024
-1.2868
-5.7447
-1.9575
2.1725
-3.7551
-6.9107
-3.6732
-0.4400
-18.1408
-24.0616
-21.7878
-12.0808
-6.5342
-8.9160
-13.8043
-17.5279
-15.8609
-18.5270
-17.0112
-8.4720
1.5767
1.2665
0.1035
-5.2121
-9.4914
-10.6647
-5.1149
-0.8078
0.0699
-1.3136
0.6220
3.5601
-2.4617
-11.5262
-15.8750
-13.4573
-12.7427
-10.5956
-11.3934
-9.0882
-2.9174
-0.8279
-10.1509
-11.9756
-10.1482
-13.0519
-19.7749
-21.7068
-16.6722
-15.2537
-12.6425
-5.3971
-8.9880
-11.4267
-9.3576
-15.6593
-16.1087
-10.4630
-5.7688
-7.9454
-5.8685
-3.3045
-2.9575
0.6110
1.9843
0.3603
1.7545
3.3761
-0.0196
-4.2287
-3.5103
-1.4696
0.3163
-0.3002
-3.7309
-4.4452
-16.2449
-16.3150
-12.6145
-9.9061
-6.3957
-1.7375
-4.6816
-8.7068
-5.4726
-2.7311
-7.7016
-11.3330
-14.0220
-13.5157
-7.3001
-11.2368
-4.7575
-7.0292
-7.9865
-7.1837
-6.4809
-9.5804
-11.9692
-13.6245
-8.7525
-8.5892
-9.7562
-3.0515
0.2411
-2.4745
2.5506
5.7444
9.0513
12.0801
15.3610
11.2752
4.5359
5.7315
0.3340
-1.3092
-1.4831
-3.8141
-8.3175
-7.1037
-3.3613
-1.1753
-0.4382
-3.2409
-5.0300
-6.7569
-9.0717
-10.3753
-15.6040
-12.5998
-8.5514
-8.1867
-7.5633
-5.7786
-3.2542
-1.8761
-6.1501
-8.4985
-9.2337
-7.4903
-1.5474
-2.6626
-7.8677
-4.4389
-5.0061
-2.1470
1.6077
0.1791
1.8229
-3.1840
-3.3724
-9.5028
-16.5356
-14.6629
-8.8292
-6.4349
-0.6066
0.5014
3.3287
14.2195
19.0441
-4.3350
-16.3904
-10.5725
-8.2085
-9.2455
-12.0944
-10.1021
-3.6788
8.3481
14.9783
18.2481
20.0415
19.9159
17.2829
17.0599
18.3840
16.3585
15.5921
13.4847
13.5648
12.6750
18.3611
15.5175
17.9526
15.0852
7.5195
3.0434
0.2819
-2.5726
-4.8849
-5.3519
-2.2589
-3.9628
-5.5002
-9.5469
-9.4059
-8.3590
-8.1173
-1.0943
5.2132
7.0889
3.0258
-2.2772
-2.9818
-2.1469
1.4490
11.3085
14.0909
12.5581
11.5241
7.8499
5.0681
5.3639
7.6871
-6.4718
-11.6139
-9.4431
-7.8390
-5.4875
-11.1676
-14.1038
-13.7448
-13.6340
-14.7389
-10.8030
-6.2018
-7.8249
-7.5203
-5.3501
-11.9448
-21.4906
-23.5570
-17.0535
-0.3233
4.0636
-4.8335
-3.3809
2.9998
7.8132
1.0862
-0.0609
-4.5854
-13.2169
-8.5811
-7.4012
-14.3758
-12.3540
-9.2626
-2.3459
2.9300
2.8156
-4.4753
-9.7816
-10.0767
-12.5735
-18.9695
-20.2482
-15.1294
-11.3366
-2.9911
1.0233
-1.0567
0.8330
-12.8035
-20.6135
-22.2778
-1.5628
4.4059
1.7481
5.6307
2.8351
4.0537
16.5068
23.9964
17.3084
5.0919
-2.5460
-7.5894
-2.0511
2.6479
3.6432
2.9763
-1.0056
-4.2205
-0.5318
-0.5943
-5.2435
-3.5080
-0.6467
2.1714
-3.5289
-8.0479
-2.6158
-0.1437
1.5165
1.7485
-3.5075
-3.4711
-1.4425
-0.8634
2.0190
-1.4783
-3.1436
-0.7087
0.0831
1.4344
5.5247
-6.7780
-5.8253
-0.0673
-1.2607
-0.9083
1.9648
1.2091
4.5822
0.7579
-10.6945
-15.2140
-7.5177
-9.2988
-9.0602
-8.7332
1.1165
-0.4912
-3.7672
-3.5260
-3.6387
-4.2827
-4.2666
-6.1551
-7.6693
-7.6334
-8.7213
-10.7897
-9.9835
-3.8020
-0.1901
-2.0019
-6.2401
-2.7129
0.6098
2.7482
-5.8442
0.4989
5.3226
-1.6515
-1.2747
3.8653
8.9992
2.4335
-2.7170
-7.0533
-7.7691
-3.6186
0.5792
-0.1560
-1.7286
3.3432
1.7443
0.1092
2.7310
0.9334
-9.1629
-7.1611
-6.1184
-4.4414
-7.6584
-12.4891
-10.6009
-3.5090
0.8659
-0.7664
-2.4108
-6.1593
-11.6921
-14.0400
-15.9393
-11.2444
-7.8768
-4.6047
-1.7358
4.0990
4.1247
-8.9565
-10.7218
-13.7634
-7.4986
0.4124
1.9629
0.2414
-2.7890
0.2566
-2.8637
-19.9373
-18.8975
4.8623
2.1965
-1.3016
-1.1310
0.3316
0.4667
0.7305
3.6283
-1.0999
-3.5281
-4.8576
-1.8213
3.0216
0.4296
1.3869
1.7564
-0.0579
-3.4094
-2.1267
-3.2240
4.0803
9.6972
3.3624
0.7880
2.0203
3.0694
8.1608
2.8964
1.5982
-1.8327
-5.6926
-4.2734
-1.7519
-8.2761
-13.0795
-8.7951
0.4073
0.4434
0.6857
-0.4859
-9.1591
-10.1901
-18.5832
-26.2476
-22.8052
-17.8474
-12.5705
-20.5975
-22.6273
-16.1510
-13.7218
-12.9881
-13.6172
-8.8867
-5.8698
-8.7881
-8.9661
-4.4909
-3.2357
-5.9642
-3.1210
-1.7265
-5.3275
-5.4509
-1.3737
-1.2761
-1.5851
-3.1204
-7.8543
-9.3600
-9.3924
-8.4450
-4.1270
-6.1951
-4.9236
-4.0510
-1.5226
5.3448
2.8432
-0.2766
-3.8769
-8.1453
-11.9087
-11.9441
-11.3238
-11.3418
-15.2036
-18.1339
-19.5744
-20.5999
-18.5067
-13.3524
-18.5327
-21.3243
-14.9530
-7.0983
-0.3058
-5.9695
-3.6058
0.3126
0.0522
-5.9512
-11.2481
-7.8267
-0.9464
-2.4993
-5.7092
-7.1502
-1.3420
6.4985
7.6288
3.8615
-5.0172
-6.4146
-7.2146
-5.7903
-4.4377
-5.3384
-17.4678
-29.0509
-31.8052
-30.5453
-23.9930
-18.6316
-16.6074
-15.5782
-17.8496
-24.5517
-21.1189
-12.3055
-9.4932
-9.8201
-5.6611
8.2326
11.2730
-5.9995
-11.9904
-9.6469
1.0534
4.1942
10.6312
7.3263
-2.3279
-10.5878
-13.3469
-9.5715
-10.2246
-14.7371
-15.4105
-17.7392
-11.5711
-16.0236
-21.3702
-21.0058
-11.1160
-6.6092
-5.1892
-6.9558
-3.5963
-1.7195
0.4722
-1.3050
1.6118
1.9326
0.1971
2.5461
-0.9888
-5.6244
-0.7800
3.8029
-1.8775
-5.3661
-7.5509
5.4858
3.2172
2.7543
5.3962
9.4477
11.6624
3.2119
-3.6793
-7.4116
-7.8458
-2.6490
-0.6251
-0.8452
2.3584
3.0563
-4.0484
-3.6890
3.0538
5.4814
1.2954
-4.2434
-4.7246
-1.2954
3.0719
2.0797
1.3910
4.0338
5.4367
2.8989
-2.8729
-1.7618
0.1394
1.8323
-0.5154
-15.7043
-13.6389
-11.4600
-5.0831
1.6031
6.9237
11.5741
9.5858
0.5112
0.7814
0.6566
7.9132
9.4338
10.5551
11.0268
14.8590
12.9209
10.6880
6.4740

Coefficient 17:
-0.0470
-1.1692
0.2543
-1.7437
-4.3466
-1.6007
1.7158
-1.1674
-5.3444
-0.3157
-1.8207
0.0274
5.5646
4.5180
0.8414
4.4152
10.2014
4.4904
-4.8536
-8.8530
-13.0183
-10.3068
-2.4374
0.1420
-1.9378
-5.8969
-10.0631
-24.2940
-7.1317
8.4014
9.6745
6.8608
3.9452
-3.4460
-5.8051
-7.6003
-8.5930
-5.0323
-6.6284
-10.6380
-18.5256
-20.0620
-19.1251
-13.5169
-16.5065
-16.2443
-13.4161
-8.9763
-4.5968
-6.8120
-11.9379
-8.5962
-0.0937
-4.3664
-9.2665
-14.9056
-15.2780
-15.1809
-14.5218
-14.4306
-13.3137
-9.3634
-11.2187
-7.8854
-6.1974
-7.1188
-6.5188
-8.5792
-6.0616
-3.3263
2.2185
8.2298
5.4455
5.5727
4.9825
-4.5560
-13.8299
-16.6447
-14.4083
-7.0960
1.0077
-2.8261
-5.9393
-1.2380
-0.2456
-3.9141
-1.1756
3.4099
4.6898
1.8070
-0.0375
2.8067
4.2910
4.1418
1.7649
2.4526
1.0846
-0.6286
-1.0731
0.9668
2.0136
3.7545
-1.4564
-0.4531
-3.0661
-10.9735
-20.9630
-21.3000
-14.9276
-7.8544
-6.4125
-11.8977
-16.5437
-21.5348
-19.2182
-18.9192
-20.9071
-21.8994
-23.1076
-16.7463
-10.6094
-8.9496
-6.7433
-2.5328
-0.5765
0.2455
-3.3807
-5.5274
-4.6431
-1.5634
-11.0023
-13.4238
-18.2855
-18.9220
-16.4645
-20.7259
-10.7442
-12.7390
-10.9621
-1.6446
5.4825
11.0509
9.3164
-1.2643
-13.4140
-9.0284
-15.7369
-19.1684
-11.3957
-2.8857
-4.2703
-4.7290
-6.2521
-9.8065
-7.7801
0.7967
-4.1024
-3.0371
3.4271
-5.0301
-9.7572
-10.3315
-10.3114
-7.5130
-2.3277
-12.4707
-20.1631
-25.5016
-29.5374
-32.2287
-33.3004
-26.6628
-12.5363
-7.8803
-9.7032
-5.6802
-0.8579
0.7599
0.8352
0.9127
0.1443
1.4643
-2.6823
1.1629
-0.0935
1.5488
-2.5797
-1.1069
2.7426
5.0032
2.4789
0.4101
1.5271
10.1822
5.0798
0.5253
3.7566
2.8642
11.9854
12.6274
-4.3694
-15.2209
-21.8479
-18.9975
-14.9094
-13.1842
-4.1466
-2.8995
-1.4238
-2.8048
-5.4325
-8.6405
-8.4665
-9.7699
-12.8808
-16.2917
-14.9635
-12.6468
-12.0107
1.7567
2.8076
1.3490
-1.2294
-3.0360
0.0154
2.6283
-10.4997
-16.8025
-16.8366
-17.4304
-12.8543
-0.6057
1.7714
1.1619
-3.5399
-3.8279
-4.5487
-11.5189
-18.1478
-18.9605
-15.9729
-7.2129
1.4895
0.8250
1.5926
-9.0915
-15.7249
-13.6289
-5.6097
5.3041
9.6433
11.2227
11.0835
5.8417
-2.5520
-4.4159
-10.9582
-11.0850
-13.5104
-24.9747
-18.9359
-13.5090
-18.9217
-22.4012
-16.4688
-6.6899
-3.8943
-4.1447
-6.9001
-4.3663
-7.5871
-9.9539
-10.0041
-9.3435
-4.1318
-5.2618
-6.9033
-9.1979
-19.6903
-29.4841
-28.7702
-17.2925
-10.9883
-3.9197
-0.2523
2.5149
2.7616
2.5045
1.8546
2.6485
-4.4368
-0.6303
0.4922
-4.1636
-11.9257
-8.1904
-4.0546
-3.0658
6.9144
14.5241
15.5388
15.2615
8.5836
-2.7719
-8.4237
-7.5819
1.1793
-5.1676
-12.0927
-14.3213
-13.8213
-8.3090
-8.5779
-19.6169
-21.7572
-18.0949
-18.0401
-8.7623
-0.0057
-6.7566
-10.4355
-6.0936
-3.6324
-14.9775
-15.9732
-14.0199
-11.2258
-11.3521
-9.2306
-6.9403
-4.5126
0.4575
0.8415
-2.1054
-3.6821
0.3343
1.6491
0.3774
-6.6394
-8.4457
-12.0081
-19.6187
-21.5514
-16.5577
-6.3978
0.0179
-3.3468
0.1160
3.9264
3.4700
-16.9211
-25.3303
-14.8644
-8.3346
-8.5895
-9.3332
-8.5467
-12.1141
-11.0437
-17.7379
-28.3591
-24.8210
-21.5131
-20.5210
-21.8658
-16.4094
-11.4189
-29.4903
-31.4198
-25.4067
-17.1159
-14.1304
5.5073
9.4278
9.0772
2.8091
-1.0135
-5.1410
-17.4246
-14.7722
-5.7879
-3.0770
0.4123
-3.8114
1.4515
1.1470
5.8200
6.1797
-5.4819
-7.1798
-14.5771
-18.4287
-2.3143
4.7997
4.6698
-3.9727
-14.4399
-9.7669
1.3555
5.1325
0.8276
-7.0166
-11.2121
-7.9288
-5.0484
-3.2097
-8.6508
-7.8271
-3.3862
-2.8448
1.6124
1.9408
5.4919
6.1744
0.0166
-1.1334
-1.4671
-0.6363
0.4402
4.8924
14.7162
18.5669
9.6585
-3.1209
-5.0683
-3.4210
-4.5465
1.1626
0.4703
-3.0841
-4.9754
-0.0887
1.7597
-3.0774
-0.3228
7.5362
6.3880
-10.2094
-8.9183
-6.4004
-6.3363
-5.6000
-6.7579
-20.1083
-17.5339
-4.5468
8.2555
6.7931
1.4612
-1.3150
-2.4454
-2.3918
-3.2882
0.6380
-2.4610
-5.9329
-8.8944
-4.6830
-0.9364
-1.1979
-4.5882
-7.2641
-9.2314
-6.6703
-6.3834
-11.9981
-9.5028
-3.4040
-5.1213
-4.6989
-7.7578
-16.2377
-19.6026
-22.5772
-14.7762
-11.0397
-12.6823
-15.3957
-15.2248
-16.7591
-20.0796
-20.0700
-10.4256
-5.5642
-6.3926
-8.3801
-12.6708
-15.9407
-13.0900
-5.9637
-1.4348
0.7593
-1.0884
2.6735
4.1790
6.7624
4.4061
2.8207
-4.5883
2.6945
4.9503
2.0555
-3.5178
-11.1894
-9.3489
-9.2034
-8.0612
-10.1520
-17.2429
-24.7683
-20.6847
-16.3164
-23.2509
-16.9547
-13.6310
-13.5334
-11.8986
-4.9024
-1.4371
-0.6125
0.4837
-3.5250
-8.8195
-2.5338
-1.2022
-3.1857
-5.9719
-0.9017
-1.7648
-0.6043
-0.5079
-1.7466
-2.8758
-7.8092
-10.5603
-6.7824
-7.1186
-3.3048
0.7152
-4.0766
-5.3790
-0.9433
0.8468
3.4078
7.1130
4.3683
-0.9179
0.9291
2.2025
1.7481
-0.4152
3.5664
4.1660
1.1096
4.0376
3.6506
4.5108
10.4721
11.0766
6.0464
-1.4079
-1.1977
-1.5641
-2.0100
0.4468
-2.1425
-12.9087
-21.2034
-27.0385
-28.2096
-23.7643
-23.3980
-29.4872
-27.6831
-22.5955
-24.6958
-20.7314
-13.6335
-6.3389
1.4077
0.6612
0.5601
-2.9952
-11.4493
-11.6787
-10.7291
-19.1927
-10.3182
-10.4458
-13.1729
-5.0131
5.2718
16.3675
14.7684
8.6868
10.8238
15.7712
17.1252
15.2676
18.1963
21.3334
16.2160
6.8688
2.0326
-7.7311
-12.9042
-11.4952
-13.0090
0.8891
3.1318
6.9659
6.8372
3.2226
-7.0529
-15.5491
-9.6851
-5.0497
-11.8026
-7.6991
-14.5388
-23.6287
-10.6884
-2.1258
3.8282
2.6484
-4.4343
-5.3442
-0.8888
0.9894
8.4790
10.3591
11.1933
8.6964
-1.2824
-9.3253
-8.4156
-6.5125
2.0318
1.1921
-9.4220
-16.3975
-1.6684
6.0769
5.7042
-0.6946
-3.0790
-0.9756
-0.6143
-4.0971
2.2143
-3.9435
-0.3445
-1.5046
-6.7489
-8.5281
0.2553
-13.2835
-29.0136
-34.8681
-30.8184
-28.7934
-39.1480
-36.6978
-27.4671
-24.3515
-19.0172
-23.9307
-20.3138
-15.6350
-16.9986
-15.4297
-10.9927
-7.0988
-5.7702
-6.6184
-12.3347
-10.8600
-8.2226
-6.8254
-5.6172
-6.3049
-6.1735
-7.3239
-10.3629
-12.3118
-11.6447
-13.5418
-13.4903
-16.1892
-13.7550
-7.7175
-8.9160
-10.5656
-13.9379
-20.6089
-12.1388
-12.6104
-24.8613
-27.1353
-23.8892
-16.4693
-8.1502
-6.4510
-9.4563
-11.2040
-10.7803
-18.1997
-14.5903
-6.9007
-1.0657
6.6847
13.3312
18.5101
18.1231
7.4583
-2.6743
-2.7984
-3.8568
-13.1957
-16.0621
-14.5517
-16.7068
-17.0817
-10.3483
-2.4245
4.3889
-1.6801
-2.5667
-1.4561
4.0189
11.9655
9.3975
2.2183
-3.1607
-1.4505
2.3571
-3.4065
-5.0868
-4.7108
-5.0231
-3.8284
-10.7504
-19.7841
-17.3832
-14.0331
-10.0804
-3.8604
2.1045
-0.8350
-3.2985
-8.5958
-7.9358
-4.2307
-9.4705
-19.5320
-24.9155
-5.2966
-0.3832
-1.9879
-7.5260
-16.7922
-20.2301
-20.7786
-18.3234
-18.1996
-12.6732
-7.2107
-5.2145
-3.6975
2.2217
2.5121
-3.1379
-3.8386
4.2572
7.8838
8.2132
5.6520
-0.5404
-1.1516
-2.3545
-0.8735
-2.3453
-2.2994
-3.2088
-7.6661
0.4291
2.1856
2.4971
5.5855
7.9883
-0.3356
-0.8269
-0.5898
0.6065
-0.6265
-2.7375
0.6157
4.6166
-0.2292
0.6086
-1.7411
-6.7148
-11.4718
-19.9100
-18.2548
-5.5416
3.3719
-0.0485
-1.4005
-0.3965
-0.2540
-7.6759
-10.1231
-16.9177
-13.5170
-10.5588
-4.7397
-0.7533
3.1096
4.4977
11.2133
14.0547
9.8755
6.3825
8.6825
12.5855
9.3745
4.0156
2.5393
0.1143
3.1494
6.7954
8.4372
4.1380
-3.4207
-3.3494
-6.4087
-6.9353
-5.6055
-4.3721
-7.8774
-2.5588
-0.6947
-2.3804
0.6344
2.2641
4.4479
4.3113
-2.4315
0.5499
-10.9672
-19.3183
-19.1211
-18.5784
-16.2951
-11.6412
-22.6248
-13.5376
-15.0234
-9.7464
-7.0890
-3.7481
-1.0824
-1.3519
-2.1590
1.9205
0.5976
1.0824
2.5521
2.5158
6.0305
13.1507
10.3819
-0.6562
-16.5803
-20.5303
-14.1507
-5.3651
-4.0855
-3.3551
-2.2742
6.5497
8.3097
-9.9467
-11.8503
-1.1851
2.7309
2.2801
-0.0717
1.7189
-0.4532
-1.8681
-3.0344
-7.7814
-2.9029
3.1731
-0.6792
0.0208
7.6748
10.8004
7.8171
-6.0942
-12.4113
-5.2463
0.3012
-1.4815
-5.0950
-1.6983
4.7294
10.3094
8.2963
6.5535
5.5926
4.5395
2.9406
1.7606
1.0262
-2.7261
-6.2819
-6.1435
-5.2323
3.9986
7.1200
3.2654
-1.3705
-4.6004
-8.8402
-10.4003
-8.3661
0.4184
3.3959
4.6583
5.8682
3.1279
4.6980
11.6485
12.0613
-2.0780
-7.8591
-2.6423
1.0271
9.8613
-11.6941
-21.2877
-12.1844
3.0844
7.0643
6.2706
3.4798
2.1328
6.8118
2.5445
-0.1057
4.4474
7.1711
1.1544
-14.5580
-16.4952
-15.4708
-9.0345
-5.3235
-0.5069
-6.5904
-10.8676
-15.1674
-17.5033
-11.6196
-7.0697
0.7845
7.3252
5.7348
2.0537
-3.8520
-7.3985
-5.1011
1.0019
8.0109
13.1589
14.5213
8.1730
-2.3505
-7.5747
-5.3427
-6.3513
-3.3423
-10.4562
-7.8843
0.3187
0.9045
-13.5296
-21.4208
-22.9518
-19.4911
-16.4790
-18.5202
-14.3437
-10.6639
-11.4780
-8.9622
-3.9874
-2.6848
-1.6156
-4.7959
-0.8805
2.5261
2.6098
-3.6228
-0.6224
0.5146
2.0752
2.5981
4.1774
5.3432
3.0548
-3.6561
4.5206
1.6399
2.6620
1.1356
-1.5945
3.5006
3.0786
1.1687
3.0742
-0.1464
-1.5519
-3.6351
-1.8611
6.1067
12.3491
-12.2174
-10.1072
-5.3864
-7.0500
-18.9844
-11.4275
-5.6350
-8.1742
-14.6438
-14.4943
-11.7874
-11.1524
-5.6067
-1.2822
-4.7623
-10.1998
-12.2129
-13.1102
-7.4683
-9.1249
-5.9401
-2.9972
-6.0235
-8.9433
-10.8185
-16.0646
-16.3414
-11.0898
-2.5017
3.3308
2.8756
-1.8677
-1.4157
5.1489
5.3245
-2.0554
-0.1136
7.1486
3.4692
-2.4528
-5.1894
-3.5023
-6.4826
-1.7309
-2.9408
-3.9604
-1.5494
-2.0528
-5.4143
-5.7930
-1.4317
1.2902
-2.4394
-1.4631
-2.7545
-7.6036
-6.4372
-12.9395
-14.2354
-12.6915
-12.3144
-15.2066
-14.3162
-10.5246
-8.2543
-9.0115
-17.4284
-23.0572
-22.7741
-23.6511
-13.2533
-4.8077
-2.4794
-2.8670
-21.7881
-25.0045
-16.2760
-6.7851
-6.0225
-5.4292
-10.4899
-16.0555
-9.8942
-5.6288
-7.0917
-7.0112
-6.4799
-3.6981
-21.3788
-27.4904
-24.8154
-22.6956
-17.6028
-12.4340
-13.6604
-10.4088
4.1240
9.4778
4.1528
9.9821
9.6175
5.1666
11.9874
15.0694
7.6269
0.9179
-3.6060
-1.3684
2.4170
3.9404
0.6237
1.6272
2.4775
5.3105
6.3937
1.8788
-4.5820
-12.2524
-21.2689
-20.8948
-18.6365
-12.7916
-0.6942
0.3965
-5.4394
1.7948
3.6546
5.1626
3.9524
5.6756
9.0907
10.7856
0.6742
-12.1828
-12.3376
-5.4781
-8.5416
-11.1545
-7.5284
-13.0807
-18.1622
-9.2221
-7.1525
-7.7663
-10.3661
-3.3141
-2.5182
-5.1553
-5.7516
-5.5061
-5.6133
-2.4239
-1.9677
-2.3140
-3.4737
-4.2023
-12.2726
-13.1004
-8.1230
-4.2051
-0.6633
-1.0187
-2.1243
1.5289
0.7447
2.3848
2.4744
-1.6692
-0.8522
-0.1336
-2.3530
-2.9059
-8.7844
-7.0410
-2.8833
-0.7890
-3.1342
-3.4140
-6.8496
-3.2067
-5.2386
-11.2046
-9.3855
-5.2353
-5.1615
-7.8570
-10.5751
-9.1203
-13.4909
-14.7741
-6.9098
5.2584
13.3216
8.3512
-4.3018
-13.2527
-8.9932
2.3061
1.7042
-1.6846
-10.0116
-10.3087
-10.0612
-9.4660
-10.5044
-12.1892
-14.3839
-14.9969
-15.8707
-15.4222
-18.7296
-17.6134
-16.1870
-19.3478
-19.3984
-21.4260
-18.5856
-20.6087
-21.9766
-22.3980
-29.0673
-21.5102
-13.7063
-5.3225
3.9112
2.2710
-8.6733
-18.4046
-18.7087
-15.5817
-12.2171
-8.4960
-13.6780
-14.4700
-6.1076
-0.1880
2.7999
-2.6595
3.0390
1.3870
-1.2072
-2.0747
-4.8588
-2.3465
-1.6912
-3.1218
3.4243
1.2559
-2.9543
-1.4440
-0.8639
1.3308
-0.8234
-0.3672
0.5884
0.5893
1.7038
7.8428
3.7886
-0.7753
8.5313
16.0338
11.5319
6.5567
2.8726
3.2483
2.8801
0.5057
-3.7056
-6.0182
-6.6617
-5.8646
-5.3150
2.4787
-0.6438
-7.4270
-8.6598
-0.2881
2.4810
2.5384
-1.1969
-11.9048
-18.4761
-14.9291
-8.7692
-1.0059
1.5299
6.6174
4.9782
1.0437
-4.6380
-7.5324
-6.3789
-0.2617
3.2700
-7.6684
-10.2893
-10.9890
-8.9209
-3.0474
6.6446
4.4177
-0.1369
-4.0359
1.4719
2.0369
7.8831
13.6327
11.6775
0.9490
3.1028
4.0469
0.5426
-3.4432

Coefficient 18:
0.6965
0.1772
1.5162
-0.2261
-3.6608
-1.1936
1.3706
1.8121
1.3017
0.3051
-4.2424
-5.4044
0.9773
-0.4161
-10.9580
-0.8738
-0.0649
-1.3468
2.0141
9.5589
8.5909
2.5312
-1.3815
7.8680
13.4382
2.1746
-5.2836
-14.6475
-17.3998
-20.5190
-22.7768
-20.3691
-14.5913
-2.1482
-2.6940
-8.7790
-15.1914
-8.2434
-16.9337
-18.0228
-13.6559
-14.0352
-12.5810
-15.9704
-14.5517
-10.6931
-8.7539
-6.8425
-6.2637
-9.2546
-16.0307
-17.8362
-19.4740
-20.4916
-20.7442
-24.1315
-23.4336
-18.7508
-14.3163
-8.3853
-7.7404
-8.8972
-19.5325
-12.5557
-7.4326
-6.9963
-7.7201
-7.6736
-6.3670
-4.1772
-2.2591
-4.2132
-6.0334
-0.3126
14.8354
5.7322
4.4471
5.4289
6.2880
4.6556
2.1278
-0.4148
-4.1866
-0.0075
-5.0021
-5.8465
-2.2830
-2.6410
1.7567
0.7281
-0.2829
2.2168
3.2255
2.5085
1.6793
3.0352
3.6950
-0.5326
-2.1810
-0.0842
0.9831
0.8509
-1.7933
-3.4009
-2.4969
2.2338
-0.3692
-2.3882
-3.1326
-1.9508
-1.9138
-0.8168
-3.6419
-7.5458
-11.6686
-9.7617
-10.9463
-13.1513
-13.5705
-16.6243
-11.9932
-5.2748
-0.6194
-2.5020
-4.2737
-5.0481
-7.1687
-7.8012
-2.8985
-3.8870
7.4698
20.3937
17.0215
9.4985
6.6644
-0.6387
-3.6317
1.1251
2.7524
-6.2353
-5.3043
-6.3698
-4.5772
0.5854
-0.3033
2.7274
1.2969
5.6762
3.2009
4.8795
7.3107
11.7517
8.8255
4.1563
-1.0167
-11.5327
-5.1432
3.5675
6.8352
-5.8031
-10.7438
-14.9085
-16.9622
-16.6928
-14.2769
0.1484
2.4558
7.2339
9.5375
17.9667
21.3624
25.7872
17.1194
3.5686
-3.1620
-2.0377
1.0478
1.7538
1.2149
-0.4318
-1.0641
-2.2161
-2.2419
2.4245
1.1606
0.5374
-0.7485
0.2391
-1.4816
-1.8088
4.5961
2.0103
2.0010
6.4621
4.2849
-4.3497
-6.0920
-4.3235
-5.7787
-3.1496
-4.4249
-8.4337
-13.0765
-11.5916
-7.1328
-7.7581
-0.4158
1.1461
-0.6631
-2.0962
-2.3051
0.6437
4.4767
16.0867
15.9158
12.3939
5.4284
-5.3604
-6.8869
-1.3654
-1.7619
1.0633
0.7246
0.6555
2.1330
-3.4237
-2.4816
7.9837
9.8611
1.9967
-5.3863
-17.2694
-18.8613
-14.2825
-8.1694
-3.2403
-7.3378
-13.5698
-16.4550
-12.7136
-6.4922
-4.8143
4.3880
3.7645
1.2045
1.6487
-0.0069
4.8340
1.6974
0.6491
-12.3592
-11.4453
-7.0215
-8.0254
-8.3081
-3.5649
-4.0925
-13.1140
-10.6270
3.4440
-0.3872
4.7595
12.8311
19.5732
19.7124
11.8811
10.6900
2.5554
-5.1986
-11.0196
-7.6789
-7.6902
-16.3375
-21.7368
-23.8501
-28.3144
-31.7510
-29.4266
-21.9259
-17.8170
-14.7156
-13.4344
-13.5718
-7.1780
-2.0053
-3.0404
-2.5213
0.0369
1.1297
-2.0220
-0.5138
-12.8169
-15.1806
-7.8916
-3.4572
1.1192
13.3148
16.4758
7.0966
-2.7309
-7.7570
-10.3898
-13.0411
-14.4309
-10.0210
-7.3059
1.2360
1.8101
1.2362
-4.7725
-4.4759
-3.7184
-9.0694
-5.4913
-2.2221
1.0946
1.6721
-3.6911
-5.8418
-1.8369
1.5099
-5.2682
-10.5544
-9.9364
-9.6384
-3.2181
-2.6175
-1.6231
-0.6855
-0.3640
0.7397
1.3855
-2.4044
-5.3208
-2.7566
3.8725
5.6568
2.4333
1.4009
-0.7132
-3.7436
-3.3130
-2.1418
3.1263
4.5817
3.5088
-2.1089
-3.0625
-1.5451
-4.3813
-5.0492
-9.3493
-7.7356
-8.1046
-15.6043
-15.0654
-6.9017
1.7964
-2.7654
4.6317
13.8958
20.2570
18.3026
17.7244
15.2409
7.4232
6.2310
11.3526
10.0066
2.5455
4.5893
7.9380
5.4527
8.8428
8.0182
-0.0524
-4.7933
-0.7355
1.4215
8.2445
5.7698
-2.8559
-2.7378
-2.1729
-4.9295
-10.8449
-18.9443
-15.8813
-3.7977
4.6518
-2.0661
-4.8258
2.8258
7.0648
11.7239
14.7338
15.4215
8.7600
1.2243
-0.4137
3.0862
0.3861
-3.9659
-4.0862
-3.9476
-4.9234
-8.6254
-2.7137
8.8382
6.6688
13.0558
18.7172
16.0254
8.4125
3.7375
0.6198
-1.1449
-1.4006
-2.1821
1.5323
8.2686
8.5888
3.6513
-6.5635
-6.5606
-3.9208
-3.4911
-3.6942
-7.7486
-5.2010
0.6913
3.6372
9.1346
7.1851
9.2646
13.5585
11.0696
4.3571
-1.7914
-5.2186
-8.5818
-5.2985
3.2375
15.2957
17.1807
8.7202
5.1348
5.4464
1.0403
3.6273
6.9687
4.7679
-2.5238
-4.3837
3.7131
5.7940
2.9885
2.3895
0.0694
0.5123
1.4139
3.5173
3.0908
4.3114
-10.3802
-15.9277
-9.1317
-6.0717
-2.4384
-1.4893
4.9355
1.3792
-1.1404
-2.9027
-6.0255
-6.1590
-1.6299
-0.0488
0.5710
-6.1444
-12.5834
-11.8056
-9.2352
-8.2919
-5.8746
-2.6301
-2.0235
-13.0820
-13.8705
-8.9474
-5.6501
-7.1018
-17.9449
-18.3769
-8.5063
0.2534
-2.0829
-5.9067
-2.9081
4.4260
6.8038
7.2358
7.6677
-4.5750
-9.1520
-9.0699
-1.1461
-10.5446
-7.7838
-5.6818
1.7446
10.9474
3.8318
-5.7858
-2.5944
-0.2120
-6.8560
-8.9764
1.6342
5.0687
2.2441
7.3824
5.9829
9.5807
7.3381
-1.8664
-7.9495
-1.0621
2.6636
5.5521
7.7720
7.1690
1.8865
-2.4912
-6.8442
-15.7306
-15.2976
-16.7622
-18.4757
-13.9286
-10.6740
-13.6699
-16.2617
-16.9524
-18.5169
-20.6993
-22.4808
-20.8868
-21.6968
-23.4183
-19.4196
-9.4317
-4.1959
-5.0499
3.3210
3.9037
-1.1532
-0.1605
-0.1441
-1.5325
2.2422
2.3664
-0.5622
4.1550
2.8686
-3.1579
3.7407
-4.1473
-9.2472
-6.7800
-1.8105
-1.5260
-5.1990
-8.4576
-4.2619
-4.5145
-7.6857
-9.9463
-11.3164
-9.9276
-10.6121
-11.3871
-9.8611
-5.3367
-1.3633
-4.7871
-0.0858
9.6973
14.7763
10.0184
2.1708
1.7530
-3.5294
-7.4609
-7.6279
-4.3768
-2.2902
-3.0740
-2.8407
4.3225
9.0947
2.7707
-2.3477
-0.1076
0.8736
-1.7380
-1.5821
5.8399
-3.4821
-5.8433
-0.0993
2.0083
-4.4277
8.3125
16.8321
18.6006
8.1086
9.9476
10.6721
7.4588
1.6782
-5.1136
-6.4722
-8.8768
-15.3124
-10.7740
-11.5523
-12.6603
-11.7569
-13.5824
-19.5145
-18.1285
-11.1793
-5.3555
-1.7842
-0.5181
2.1218
6.7604
5.9746
-8.2896
-10.5908
-2.7828
-0.4841
-1.2605
3.4910
2.8878
4.6356
7.8167
5.8413
2.8998
3.3043
2.6926
-0.7391
-6.7245
-6.4167
4.4003
8.4340
5.9577
1.1558
-0.4798
2.9006
6.6973
11.2884
10.4725
9.0544
7.5696
6.6757
5.7857
-0.7154
-7.9270
-3.6452
-0.1484
4.3210
4.4174
0.9804
-4.6860
-5.1595
-4.7164
-5.1750
-1.5898
0.8178
-2.5798
-6.9534
-10.9185
-13.4399
-13.0706
-8.0443
-6.8959
-2.2925
-1.6435
-1.5767
0.7441
-6.5253
-7.0970
-6.1023
-3.9829
-8.4773
-3.2445
-0.2078
-1.1381
-1.5374
-5.8525
-10.5331
-2.0131
7.5837
2.3090
-10.1044
-15.1823
-9.0289
-0.6844
-4.4082
-4.7117
-2.3722
-2.4913
1.3246
4.9939
5.2390
3.9618
2.6553
3.9579
3.2755
2.1363
-4.1916
-6.1460
-3.5939
0.7117
-2.7980
-2.5004
0.5230
7.6790
6.6208
5.7208
4.2166
3.3496
2.2219
3.8542
-5.3147
-12.1917
-18.4721
-16.9615
-7.4182
-7.1277
-12.0541
-15.8812
-17.9276
-16.0172
-16.5741
-15.9981
-14.7830
-12.0915
-8.3701
-9.6296
-14.7449
-12.2198
-8.4828
-18.2309
-17.0458
-18.9407
-15.5091
-8.2657
-12.5768
-16.6801
-22.0277
-19.5369
-23.7363
-27.2808
-27.2219
-30.2175
-27.6494
-22.5328
-30.2548
-31.6784
-32.5589
-31.4880
-23.3123
-13.4187
-5.4619
-5.5553
-5.0881
-7.9976
-8.5882
-8.2015
-1.4830
2.0997
-0.7990
2.7144
3.6924
6.0171
4.5939
8.1811
4.4849
4.8362
7.1507
4.9416
3.2866
0.6733
3.0448
7.2002
-10.2195
-8.9160
-8.4126
-10.8242
-10.5213
0.7675
-1.0227
-9.0215
-9.7118
-7.8362
-6.9962
-15.1226
-11.2856
-11.1540
-13.0913
-5.0918
-0.5150
-7.6064
-13.1602
-13.6011
-14.9451
-20.5247
-23.2788
-24.6192
-23.1896
-19.2590
-24.1973
-25.4528
-18.1375
-16.4038
-18.8240
-21.5000
-15.1544
-11.3278
-4.7247
-0.7792
-6.4871
-6.1765
-12.1466
-13.4978
-8.8347
-4.3436
0.0339
3.9524
1.1095
-4.1612
-3.1771
0.3953
2.9485
3.1094
4.7514
7.7725
-2.5602
-9.1220
-13.2311
-13.7610
-8.4351
-6.2173
-10.0941
-14.8901
-13.0520
-8.4587
-10.2315
-12.3146
-16.1474
-17.4436
-18.9773
-19.7548
-19.7673
-19.7210
-20.3560
-14.0106
-6.8699
-0.3467
0.1002
1.0062
-8.8606
-12.6198
-7.5682
-5.6740
-6.5707
-3.2314
4.0439
6.6686
7.8984
-4.0913
-6.7624
-3.4786
-4.5144
-6.0999
-9.3695
-8.6065
1.0311
5.8562
6.7699
10.7558
5.4154
4.6793
8.8161
13.3475
18.0695
21.0527
22.9150
14.6569
10.1289
16.4059
17.8626
13.6398
3.9040
1.9155
2.6956
1.3496
6.9755
1.6484
-2.0712
-3.5872
-4.1961
0.3459
-1.8903
-5.0719
-5.2036
-4.8281
-6.2045
-6.8557
-6.0147
-7.0344
-8.5687
-12.3243
-15.6326
-15.9436
-14.3876
-11.2242
-10.7417
-6.0229
-2.8395
-6.3963
-1.3824
4.4559
6.3142
0.8700
8.9634
16.5913
17.2300
15.6736
1.2561
-4.0973
-8.8079
-9.7297
-8.5057
-10.4364
-15.1584
-15.5671
-11.8389
-15.1509
-19.4512
-16.7601
-16.5532
-9.2417
3.0712
8.2567
9.8684
6.8799
1.0183
-0.6847
-12.3071
-17.5609
-20.0208
-19.9328
-17.3714
-15.6797
-14.1519
-13.0975
-13.7274
-11.3497
-6.6219
-2.3898
1.4203
-9.8918
-13.1777
-14.5303
-13.7347
-4.7267
-1.9051
-4.7024
-4.2070
-6.2405
-5.2885
-15.5036
-12.3337
-8.0438
-2.8147
9.1399
12.8215
9.7568
7.7065
13.9633
9.8781
14.6817
18.4678
10.2536
-1.4759
-4.1281
-2.0593
0.3558
-0.9755
-0.7944
0.1526
1.4334
-1.6809
-3.5287
0.3998
1.3229
2.5280
1.7268
2.8913
-0.0040
-7.2267
-3.0247
-1.0216
-0.8648
-1.8330
-1.8818
1.9810
0.6411
1.3220
0.4886
1.1559
-1.5363
-2.8439
-1.4704
0.9874
4.6987
-4.7419
-15.8570
-14.9084
-10.0763
-8.7799
-10.6947
-13.0506
-8.5791
4.0000
8.6247
8.6108
1.0238
-5.9510
-7.7171
-12.5911
2.1631
-3.3270
-12.4193
-17.5344
-12.8308
-8.5782
-11.1106
-10.1483
-15.5130
-21.5037
-21.9650
-20.3516
-9.7702
-3.6528
-3.2654
-3.6955
-4.5288
0.8376
7.5628
4.8568
-0.2167
-0.9483
0.1410
-5.0825
-13.2155
-18.6590
-14.4917
-11.9095
-3.7176
1.1581
2.1090
-3.5102
-4.8412
-2.2852
-1.2135
1.0509
3.5517
-0.1710
-3.6206
0.0088
-6.8677
-17.6097
-22.5298
-17.1825
-12.8843
-11.0481
-8.1271
-6.5982
-6.3604
-11.8391
-16.5890
-15.0652
-6.2341
-2.4953
-3.3920
4.2185
2.0251
-0.5346
0.2474
-0.6674
-4.4966
-6.4887
-9.4599
-7.9079
-3.6264
-2.8653
-3.7557
-8.7365
-15.0055
-3.0929
1.0454
-0.5693
1.3384
1.3818
1.9695
6.1480
4.0540
-0.4343
3.1281
1.8101
4.8364
8.6919
6.3047
-1.9598
-5.5214
-4.4263
-3.6540
-0.1740
7.9919
7.3351
-1.8025
-0.8182
1.5344
2.2019
0.7273
-2.7403
-1.5965
1.6565
0.2867
23.9361
31.3216
27.3558
20.9673
16.4630
8.6903
3.3441
1.0173
-13.6576
-14.2667
-17.6872
-23.9360
-22.3817
-23.9862
-21.8346
-26.8679
-25.8905
-21.3755
-20.7329
-13.0575
-10.4471
-10.8252
-13.7035
-15.8734
-10.8948
-11.1008
-12.7992
-14.4808
-13.8511
-17.7547
-16.1934
-8.2481
-3.8367
-3.1260
-3.6091
-0.0266
-1.7343
-0.8100
2.0168
-3.1617
-7.1618
-9.2159
-9.7883
-9.3754
-11.8924
-7.1764
-2.8414
-1.1985
1.9677
0.6055
-0.9128
0.7005
-0.1936
-3.8420
2.2392
6.2581
2.4051
-0.6239
-1.9800
3.4370
9.7659
8.4347
-1.7891
-10.5029
-11.1332
-14.9289
-17.9328
-16.0528
-12.7163
-10.0837
-12.6593
-13.4964
-9.8778
-9.2275
-10.9176
-9.4410
-1.8157
5.6313
7.9434
4.0186
0.2460
-8.3423
-13.9149
-8.1825
-6.5757
-8.7597
-11.7582
-14.5700
-13.0909
-13.2261
-12.1049
-13.2929
-9.3613
-9.2990
-5.8624
-1.2532
-8.1629
-9.6741
-7.9875
-13.3729
-14.5339
-12.0263
-10.4578
-17.0188
-14.2271
-12.6452
-8.4933
-1.6427
-1.4203
1.2449
3.3761
1.5087
0.7082
-9.2579
-16.8488
-17.2129
-15.5937
-10.1459
-19.3102
-18.2145
-6.8364
-0.6466
-3.0680
-10.8828
-6.8525
-0.2739
-2.1748
-2.6353
0.1775
0.2172
-0.5565
0.7933
3.8789
-1.5591
-4.6641
-1.9240
-3.2773
-3.4889
-1.6778
0.9079
1.4512
-0.4030
-4.8489
-4.8922
-0.5754
-4.8358
6.9733
6.0857
2.6655
0.6433
-1.5921
-8.2868
-7.8467
-2.2872
-0.7139
-2.6702
-6.9316
-8.9414
-3.5108
3.4024
5.7824
4.2271
5.3593
6.9920
5.6885
5.5496
9.2751
4.5938
-1.6276
-1.7790
-0.4162
-1.1925
-3.0203
3.1078
5.3648
3.2303
0.5618
-3.4639
-3.6266
-1.7788
-0.0729
15.2472
11.3305
8.6274
3.4873
2.7254
-0.5536
-6.6909
-7.2833
-6.4245
0.8212
4.3172
-29.6992
-30.3051
-20.5445
-4.7641
-2.3539
3.1669
0.3528
-3.5615

Coefficient 19:
0.6879
-1.5164
-0.3801
-1.8045
-2.1159
-2.3233
-3.7827
-6.4404
-4.8902
-1.4623
-1.3555
-6.8347
-5.5449
-2.3884
0.3323
-5.4404
-1.9532
0.7163
-2.4248
2.4201
5.2121
6.8250
5.2547
2.6323
-2.2244
-7.0964
-7.2631
2.6866
-3.3889
-5.5443
-8.4112
-10.3085
-10.0145
-13.0607
-15.0700
-14.9836
-17.4052
-13.1343
-10.9576
-13.6312
-17.3625
-16.5708
-20.8803
-29.7285
-23.2879
-12.4407
-1.7852
3.4848
8.4048
7.0121
6.0597
4.2419
0.0582
-4.7090
-13.6717
-16.0838
-10.6403
-9.2889
-7.4649
-12.9265
-16.0798
-13.0596
-19.7852
-21.0618
-11.8674
-5.0856
0.2126
0.1452
0.0871
-3.4064
3.8198
6.5308
4.2921
-4.3727
-6.6947
-19.8615
-14.2444
-7.4862
0.4970
1.4392
-3.3055
-2.2151
-2.6577
-3.2471
-3.1884
-4.2615
-0.4514
-4.3874
-2.1924
0.5105
2.4203
-1.4206
-2.4031
-0.1340
1.9567
-1.2562
-2.8309
-3.3407
-0.4110
1.0869
1.4273
1.5513
-0.0874
-1.3123
-2.1045
-5.5494
-10.3988
-13.8615
-13.8262
-11.9414
-10.3718
-13.0228
-18.4554
-19.5222
-23.2847
-24.5443
-23.5447
-20.7565
-16.3575
-16.5418
-10.4843
-5.9875
-4.5363
-7.2111
-9.7350
-4.2256
-2.8216
-3.5037
-2.4378
-0.3212
8.5488
3.9873
4.5818
10.0242
4.3733
-0.8653
-9.3399
-4.4213
3.9492
-8.3941
-11.0755
-10.3768
-8.1309
-7.4635
3.5553
11.9060
-3.9358
-22.0001
-28.9241
-32.8462
-27.4865
-15.1790
-14.0914
-17.3722
-18.2893
-3.4220
-2.6959
-5.3659
-4.1568
-14.8796
-15.3331
-11.5995
-6.8382
-8.0765
-9.3484
-21.9573
-8.7457
-4.0911
-10.5045
-8.9202
-13.3516
-18.0317
-12.2541
-13.4023
-12.1732
-9.2538
-5.3023
-1.5503
1.3608
-3.0636
-4.4186
-2.5595
-0.7430
0.1989
-3.5007
-2.9181
-0.5814
0.4985
-0.8210
-0.0447
2.6440
-2.3435
-3.9086
-0.2129
0.2206
-5.0494
-5.9753
-2.5196
-4.8221
-15.8016
-31.4364
-32.7528
-25.1676
-26.2172
-25.5888
-24.1156
-25.8437
-18.8001
-15.0302
-6.6455
-4.3439
-7.8237
-16.3317
-28.0669
-27.6458
-21.0406
-16.8711
-19.6515
-19.4091
-17.4301
-14.3649
-12.4601
-12.7310
-10.8389
-9.4811
-10.7235
-12.4398
-4.9172
2.3298
-1.9905
-7.0174
-19.3877
-17.6634
-16.1985
-18.8137
-19.4145
-20.2454
-17.7993
-3.1669
3.5896
-1.7376
-1.5482
4.6932
1.3779
-1.1410
-13.0202
-13.5215
-9.8535
-13.6480
-1.4410
-0.8775
-8.6652
-11.8576
-15.3154
-17.1309
-11.5866
-6.0655
-10.5358
-17.5805
-13.1237
-16.7724
-18.2365
-16.9996
-22.8993
-24.7781
-21.2763
-19.0485
-11.7473
-2.0912
-5.9300
-7.8860
-8.0142
-13.0954
-12.3916
-11.2912
-12.5431
-9.4950
-5.0799
2.3874
6.7541
5.4871
3.2759
1.8843
0.7347
1.0029
-1.1904
-0.0917
-2.1507
-0.7293
-6.7781
-2.9291
-16.2751
-19.0212
-10.2065
-2.7031
-0.9803
-3.9332
-9.4299
-14.9402
-18.9600
-15.6353
-20.3689
-23.0522
-22.8144
-14.9603
-5.5344
-3.5287
-12.5781
-14.4109
-10.1501
-5.4647
-4.7148
-10.1023
-16.9805
-16.1938
-9.7689
-8.5788
-14.0530
-16.0681
-16.7264
-10.8403
-11.5252
-16.4905
-14.7749
-9.7467
2.7387
2.2320
-0.7287
-1.6597
-6.2089
-3.6437
-3.0569
-4.4573
-6.8472
-5.9490
-1.0946
0.9929
1.0223
1.4965
-4.9666
-3.8083
3.1008
7.0494
11.6512
8.5726
8.4384
2.9720
-4.7022
-6.3321
-6.3755
-3.9238
-4.8454
-7.7474
-8.7128
-7.6081
-8.4195
-18.1632
-20.6339
-19.7232
-15.7020
-15.0429
-10.0238
-2.1626
-0.1635
-0.2705
-0.6353
-7.0011
-22.1323
-28.9594
-36.3194
-36.0404
-27.1083
-25.6264
-22.3723
-18.2757
-18.7313
-23.8465
-22.1782
-28.2143
-26.3807
-22.3272
-15.0306
-7.6677
9.7155
1.9213
-9.0741
-13.8396
-9.9157
-4.8889
-2.5990
-4.0575
-7.0506
-28.1500
-36.0874
-38.3403
-38.3704
-32.8946
-31.5458
-30.1244
-26.5179
-20.8327
-19.9385
-15.7361
-11.3531
-6.1823
-3.4164
-4.2231
-2.0863
5.1044
8.6892
10.9847
10.9453
9.0258
-2.4841
-10.2038
-11.3834
-13.2742
-15.2297
-6.2070
-1.6565
3.5120
6.7474
3.3066
-3.3950
-7.3172
-5.0668
0.7520
0.4571
-3.3688
-6.6712
0.2378
1.6767
-8.8282
-6.2762
2.7768
3.5037
-6.2579
-10.9418
-6.0391
-7.6188
-2.2217
2.3294
-6.3174
-20.1024
-28.8429
-28.3010
-20.2479
-17.2707
-11.5154
-3.2107
-1.0125
-5.5592
-7.5247
-1.0137
4.8185
4.5792
3.9731
7.0817
3.7888
4.1378
6.3131
11.0673
10.5735
5.6422
-8.6706
-14.2057
-10.9151
-14.0180
-7.6964
-4.3383
6.7856
10.1760
9.9952
-7.3821
-24.4090
-28.3267
-23.2122
-3.9396
-7.3888
-10.3162
-6.3755
-8.4937
-17.9402
-21.8718
-23.3310
-24.7497
-26.1511
-26.2077
-26.5471
-27.8873
-30.0469
-32.3875
-34.7177
-23.6646
-11.4112
-6.1265
-8.3635
-7.1197
-3.7707
-18.7904
-27.6329
-25.2800
-15.3621
-7.3106
-10.2546
-11.1351
-3.5161
-6.4361
-13.0010
-13.9756
-11.0145
3.4176
4.6312
-6.9402
-7.7781
-3.2867
-1.2319
-5.3329
-5.1680
-10.1220
-16.1089
-15.5920
-10.8849
-5.5368
-2.9810
-1.5641
4.1267
5.1401
6.4836
6.8267
8.3476
7.9183
6.6601
4.7561
-4.2419
-9.8374
-8.9318
-8.1994
-10.2872
-8.8826
-8.7635
-9.8133
-2.7680
-3.9671
-3.8590
-5.0752
-10.1893
-14.3566
-12.7240
-8.2291
1.5444
6.7656
9.4467
10.6103
13.8612
4.5484
-4.9594
-7.3932
-8.4939
-7.4504
-2.7682
1.9103
1.6833
1.8024
2.4584
-1.9377
-9.0417
4.1136
6.6981
10.7197
13.3683
9.9180
0.7039
-4.0646
-3.1724
-7.1239
-7.2539
-5.1836
-4.3745
-11.8650
-15.4525
-14.0196
-6.7970
1.6471
3.6270
1.4271
-13.3395
-18.4528
-2.4681
-1.3423
-12.6936
-16.6045
-14.0096
-21.0567
-22.5143
-18.3792
-10.6144
-3.3865
-4.0881
-7.6522
-14.3220
-26.2048
-19.9585
-17.8553
-15.9148
-8.7536
-7.1605
-4.4782
-14.9705
-15.0045
-13.5386
-18.8524
-17.5265
-25.5275
-24.9512
-19.9954
-2.8613
-1.3914
-4.6240
-2.8991
-6.2372
-7.4989
-4.9750
-5.0278
-9.3186
-2.7347
-0.3555
-6.7931
-13.7608
-21.2497
-21.5949
-19.8044
-19.6662
-8.7627
-2.7369
-1.6560
3.5865
7.5935
7.2719
-10.5113
-9.7261
-0.1676
-0.0438
-6.5211
-12.9398
-7.7344
-3.2620
0.7313
0.4066
2.0791
-6.1761
-17.4329
-21.7969
-22.3250
-20.9210
-16.1833
-8.8100
-3.5783
2.9074
6.5258
6.0433
12.5728
14.3063
6.3834
0.5065
0.6015
1.0305
-3.6236
0.1426
1.2990
-3.7937
0.3103
6.4911
4.0132
2.0353
-0.9354
-0.1798
0.7127
-0.6427
-0.0792
2.9578
-3.3769
-6.9220
-11.2784
-12.4242
-11.7526
-12.8255
-13.7721
-6.7657
-1.9836
-0.9988
0.3450
-0.9560
4.8764
10.6943
2.8660
-2.9920
-0.0234
1.8411
-2.6015
-6.2556
-2.0123
-3.0389
7.9387
16.4715
9.7604
8.9562
-1.6603
0.9895
-3.4122
-8.2389
-7.9000
-8.0566
-13.6052
-13.2253
-11.1149
-9.8288
-7.9819
-10.3755
-7.1755
-2.2118
3.6096
3.0940
0.8213
0.2458
1.3151
0.8241
-0.5073
-0.2712
-3.0613
-12.2825
-21.5524
-19.1855
-14.6203
-13.6154
-11.5618
-5.6974
-5.7617
-11.3532
-17.4169
-22.3419
-21.5527
-20.8354
-17.3606
-17.3717
-17.2588
-19.1946
-19.5950
-15.7183
-14.9149
-16.1392
-18.5373
-19.9014
-2.8033
8.5565
-3.1821
-20.5472
-20.3529
-18.2472
-19.9085
-19.2349
-18.0875
-21.6816
-11.2556
0.2926
0.5665
-1.2118
-0.0559
1.2562
1.2291
-7.3035
-6.3466
-4.8689
-4.2989
-8.8438
-14.5500
-14.1796
-14.3647
-15.3996
-13.8178
-8.2101
-5.1339
0.3262
3.3477
2.0042
3.5616
6.1329
2.5371
2.9331
6.9161
7.5257
6.6474
7.0691
7.4084
6.2452
3.6565
7.7294
11.5408
-12.5670
-24.7392
-21.5545
-16.7978
-15.1628
-9.9750
-8.1303
-5.5481
-5.8284
-9.5791
-12.5405
-19.4590
-22.5015
-22.4423
-12.9903
-15.9651
-8.7846
-6.9655
-7.6917
-5.6993
-3.6453
-5.6080
-11.3958
-9.9383
-8.5727
-5.8746
-5.7456
-9.3159
-15.2443
-23.6575
-24.6692
-18.4176
-12.0015
-11.1377
-8.5042
-2.2268
1.5615
0.1001
-4.0246
-3.8636
-4.0670
2.3200
6.5385
8.0073
-0.3074
-5.7986
-3.3416
-5.1198
-6.0761
-9.9943
-3.2320
4.2862
0.9212
-0.7955
-0.3100
6.8374
12.7843
4.9431
-2.9559
-6.5663
-4.8585
-3.7958
-3.6312
-0.8745
-4.1733
-8.0881
-11.1470
-17.2531
-22.2683
-23.0056
-22.6836
-16.9574
-11.2535
-9.3707
-6.2094
-0.1239
-0.2902
-0.9724
-1.4127
-4.1409
-0.7452
2.3886
9.7727
18.9364
11.9745
-3.3024
-3.4874
-1.6731
1.9781
1.1764
-5.5742
0.2703
3.3106
-0.0311
-2.0592
4.2546
5.9836
2.9243
2.4621
5.0014
4.6564
2.0343
-3.1582
-11.8893
-9.7276
3.0075
6.4272
9.4298
10.1182
4.5838
1.9062
4.1256
4.9644
0.9681
1.5851
2.8211
-1.0664
1.1377
3.7152
1.8492
1.8939
-0.2849
-2.5941
-8.3262
-9.8307
-6.7329
-8.1495
-10.6825
-11.8553
-16.1235
-16.1239
-10.5170
-11.1006
-11.9333
-12.9641
-13.0519
-5.6051
1.2976
8.9486
9.7648
4.3495
-7.9938
-12.4238
-8.8375
-1.5862
-2.7326
-5.7105
-7.1373
-12.3676
-13.3411
-10.5293
-8.1697
-4.1338
-5.6760
-8.6110
-9.5220
-10.2828
-11.5334
-20.5244
-21.0449
-15.5595
-14.5708
-14.7292
-16.8366
-6.8257
-6.6436
-7.7448
-8.0647
-5.4260
-2.5218
-2.3055
-3.6108
-2.2203
-3.8570
-11.2556
-10.8359
-6.1897
-5.7902
-5.1426
-5.9288
-9.0210
-6.7770
-8.1378
-11.4968
-13.7485
-14.6451
-13.0920
-18.1847
-16.6501
-11.3702
-12.2933
-13.9589
-10.1703
-9.3355
-11.0883
-11.8681
-12.7286
-1.1345
10.2194
11.3188
11.4412
12.9284
10.0289
5.3512
-0.3193
-1.8776
-2.7812
-2.3621
-2.3710
-5.3571
-6.0891
-4.6928
-2.2466
-4.6628
-5.0862
-7.0479
-5.9172
-2.4726
-1.0078
-0.4147
-0.7223
-1.2541
2.0004
0.2901
0.5491
-1.9348
-1.5175
-0.6663
-1.6970
-4.6414
-5.8917
0.1440
2.7877
-3.8792
-3.1249
1.9342
-4.0985
-7.0916
-5.4960
-4.4443
-3.0960
-8.1408
-13.5357
-10.7001
-5.1317
-5.5723
-4.2502
-5.0674
6.5714
3.9248
-5.1698
-5.6984
-7.7750
-13.9034
-8.3016
-5.1741
-3.5125
0.2738
-1.6678
-2.8053
-8.5277
-9.5281
-6.4877
-3.2891
3.1710
8.1969
5.1013
3.5037
2.5968
-2.2027
-5.2028
-9.0912
-9.1649
-9.6229
-9.7725
-2.9544
1.5325
2.8334
0.9237
-0.5363
1.0093
-1.7196
-2.0668
4.3994
4.7896
-3.9717
-1.2712
-5.3630
-10.4712
-12.5781
-10.6386
-10.6944
-12.3259
-15.0443
-14.3408
-13.0248
-14.8127
-5.7423
3.7656
8.0744
12.3804
6.7675
-1.0408
-6.3524
-6.7948
-5.7363
-3.1168
-4.1713
-4.5900
-7.7435
-12.4874
-16.1796
-15.6691
-14.3017
-15.7494
-12.7857
-9.6381
-24.0001
-23.7633
-20.7130
-8.0229
-10.3993
-1.8350
1.0416
-5.5343
-6.2441
0.0050
-1.0846
0.1489
-0.3598
-1.5816
0.0152
3.7216
2.1780
5.0658
9.2460
8.0198
-2.0425
-2.5259
3.0498
3.7099
-1.8231
0.1528
1.5317
0.5453
-4.5127
-12.0888
-19.2580
-23.1324
-18.4372
-19.0515
-12.6800
-5.9082
-3.0006
-7.3494
-10.5426
-15.5076
-13.0231
-10.4812
-10.5443
-9.3804
-6.6010
-5.6619
-4.1164
-1.6417
-2.0048
-3.4953
-13.1048
-20.4978
-20.4030
-14.5732
-14.4748
-11.6222
-16.5903
-19.8997
-25.7272
-18.8278
-7.5703
-4.3254
-1.8448
-1.4586
0.5190
3.4466
5.2453
7.0027
-2.2031
-10.0632
-12.0831
-5.0377
-5.8615
-9.8615
-8.1779
-6.6866
-3.2771
1.7858
-0.2300
-1.4914
-3.0088
-1.9884
-3.0876
-0.4855
9.2881
10.9134
4.3383
6.5357
10.3018
16.1410
18.5914
12.6288
3.2479
-1.1351
-4.4332
-5.9764
-6.1444
-16.1372
-17.0268
-16.0706
-14.6041
-9.2864
-6.5864
-11.5644
-13.6553
-9.7379
-7.5552
-10.7669
-8.9653
-3.0984
-4.3712
-7.5348
-5.5765
-4.5738
-7.5387
-9.8868
-16.7542
-16.7134
-10.5761
-8.1556
-9.5226
-3.1960
-1.0748
0.1023
4.4012
4.5817
4.7582
2.1135
-8.1304
-10.5636
-7.5791
-3.7066
-6.9815
-7.1792
-4.0053
-7.1748
-8.3445
-15.8296
-25.4395
-24.5694
-23.0825
-24.6219
-31.0427
-19.5403
-11.8814
-6.6124
-5.3149
-5.3305
-4.6382
-3.6292
-7.5859
-13.0380
-14.2902
-22.0390
-26.8976
-27.6945
-26.8364
-26.7167
-20.2065
-9.5085
-0.9679
-0.8762
-3.1254
-4.8165
-5.9572
-4.6241
-4.2238
-1.9276
-1.6981
-2.7205
0.8719
4.0610
2.6878
3.9972
0.9307
-8.3559
-10.4268
-11.3970
-10.8605
-10.4714
-15.1472
-15.6022
-11.9508
-7.6795
-3.0208
-3.6350
-7.5954
-1.7796
-1.5784
0.0444
3.8477
3.8426
1.9033
5.1190
7.4518
5.2884
1.9890
-5.4783
-2.1098
2.5310
-3.9145
-7.7366
-0.7297
1.2596
0.5892
-0.2025
0.1322
-1.8110
-5.5403
-1.1924
1.1107
-3.7146
-6.2947
-3.8909
-0.6681
11.2955
13.0931
10.1591
6.4478
-0.2514
-2.1890
-5.8323
-4.4318
-1.5535
0.1627
0.0612
-3.3451
-5.5038
-2.1301

Coefficient 20:
0.5609
-3.9749
-2.1576
2.4666
-1.3116
-3.7393
-1.1822
-1.0658
-2.1625
-2.7453
-3.0807
-0.5783
-2.0623
-2.0809
1.7000
15.7888
17.2836
7.0843
-4.7418
-3.0588
-1.0612
-3.0219
-4.2736
-7.2793
-7.2116
-2.7023
-2.9470
12.7983
13.1484
14.3435
11.1143
11.3128
12.8783
-4.2375
-9.5286
-9.0911
-10.2389
-12.3294
-9.8842
-6.4411
-4.3442
-9.3502
-1.5067
8.8845
6.0266
-1.5168
-8.6956
-9.7456
-12.3800
-13.8147
-14.4819
-16.1976
-11.0330
-12.0920
-25.0123
-21.6239
-11.8519
-9.7250
-4.3906
-3.9626
-8.2127
-5.4642
-13.4648
-17.8197
-11.3393
-10.1478
-4.6984
-4.2343
-3.8099
-3.6550
-6.6177
-11.0580
-14.8467
-13.7740
-3.6932
11.0559
24.8290
30.2824
22.1951
8.1250
1.5743
0.1975
-5.8430
-10.0998
-4.6503
0.7117
1.1128
-2.8035
-2.0800
2.4285
3.1722
1.6369
-0.9674
0.1454
2.1464
-0.6461
-5.5511
-6.7180
-1.7721
2.0181
-1.2548
-0.8889
-1.9666
0.8373
2.2733
-3.1691
4.1000
4.8587
3.5028
4.1524
6.4171
4.8610
7.3736
15.7719
19.9881
24.1067
23.6862
21.7647
21.0285
18.8959
13.6525
4.4057
1.5244
-4.0176
-10.4523
-4.6802
-0.5456
-3.8808
-3.9121
-1.7311
-2.6721
-5.3133
-2.2937
-1.6414
-9.8468
-6.0540
3.0954
-0.8917
-1.0022
-3.6288
-2.2200
1.1226
0.8988
-1.4017
-9.0896
-11.9038
-9.5603
5.6490
8.1385
10.8476
9.9026
5.9993
8.6359
10.0086
11.2565
4.4106
-3.0107
-4.4208
2.3832
0.6709
8.3195
7.8024
7.0094
0.6016
-6.8001
1.8125
0.3468
-0.4177
-4.9621
0.6872
5.8548
14.0392
15.9188
10.4294
7.3878
5.6700
0.7619
-1.3440
-1.0969
-4.4312
-6.7696
-0.9667
-1.1947
0.6909
-0.7311
-0.9965
-1.6527
-1.3411
-2.0445
1.0611
0.8988
-1.2220
-4.7070
-2.8361
-2.5781
-3.9244
0.6521
3.3001
7.2987
16.6600
20.9772
22.8227
16.6022
10.8701
16.7237
25.5794
26.1853
22.4479
12.5645
8.0863
4.4340
0.1572
-0.2935
5.1508
9.1388
9.7188
6.4576
8.4772
12.4236
9.6548
5.9754
2.9775
2.2988
4.3272
7.0039
3.9410
-5.0081
-4.2234
-4.1732
-10.1883
-3.9482
9.0228
11.5805
12.7163
6.9082
2.9546
3.6223
6.7755
11.6425
11.7268
9.5386
7.9907
11.8395
7.8001
2.3120
-13.1098
-13.1485
-16.7339
-18.0378
-8.2624
4.5868
11.6330
13.6853
6.8063
3.2994
0.9319
-0.5229
3.0337
0.6966
-3.6586
0.5135
7.4631
13.7386
15.0095
18.2599
20.0830
16.9137
8.2436
3.4564
1.2221
-3.2407
-3.8293
-5.8886
-0.3112
7.4843
5.4599
0.0004
3.1304
5.5853
3.7651
3.2612
8.0347
6.1945
2.1573
1.5224
1.5105
0.9485
-5.7290
-5.9667
-9.4632
-6.9892
1.7209
-3.6392
-4.7928
-1.5510
-6.0484
-14.5496
-11.0018
-1.1392
3.6827
5.3010
5.9005
5.1734
2.1153
-2.2757
-0.8853
-4.8312
-0.2467
-7.9149
-1.1470
4.1491
-0.1302
-3.2129
-7.9779
-7.1631
-1.8181
-5.7558
-13.9737
-11.0856
-4.3569
-1.2879
-4.9200
-15.7556
-18.4815
-15.4412
-3.2803
-1.4981
-3.7942
-2.2773
-3.2230
-6.8212
-6.4760
-5.2315
-2.5473
-2.7197
3.7434
12.3160
13.1680
12.9941
12.0992
6.6201
3.4749
2.2152
3.3450
2.2990
1.5930
-1.7357
-4.5382
-4.8134
-5.3176
-1.3794
4.8065
3.9991
-0.0625
0.6002
3.0384
2.9129
7.4676
9.1716
-0.8721
-5.0821
-2.2049
1.5894
3.7418
1.1866
1.0018
-3.4829
3.1415
8.3881
12.4700
-1.9613
-4.9390
4.0660
7.9597
3.3080
3.5377
1.4211
0.2160
3.7545
7.2577
8.9859
0.2849
-6.7282
3.4591
3.7349
2.7201
4.1899
4.7854
0.5687
-2.4604
-3.3312
-2.4188
8.2381
15.5710
18.3796
13.1351
8.4594
12.5583
13.9509
11.2434
4.5774
1.5551
-2.8892
-5.9246
-7.5365
-6.3014
-4.1885
0.3741
2.6546
4.3693
4.4560
1.5181
0.0154
-0.0300
1.8090
2.8244
1.1177
0.2295
2.8758
0.7557
6.2518
10.5246
7.5659
1.5020
-3.5586
-2.0573
0.5337
0.4455
-1.4310
-2.4553
2.8091
5.3040
14.8162
11.3375
3.7640
-4.5031
-11.0309
-8.6064
-7.3142
0.6605
-0.5228
-1.7616
-1.9521
2.6753
8.3169
7.7936
18.6728
16.0936
2.3530
-3.8675
-1.7329
2.7605
4.6132
6.6172
0.4943
-3.2226
1.9575
5.9491
2.0037
1.1545
4.6096
9.4132
7.1228
2.4223
-6.7446
-9.0232
-10.8012
-7.0619
-3.1330
-6.1291
-3.6071
1.2517
3.9973
12.0055
16.7044
12.9679
8.3672
-4.2266
-11.6015
-5.9351
4.5813
-0.1554
-12.1884
-8.5502
-3.1611
1.8781
3.6618
10.3286
16.3605
14.4313
8.0009
-1.0121
-10.1104
-7.6748
-6.4621
-5.1297
-9.3667
-5.7232
-7.8168
-12.9868
-10.3774
-8.2286
-10.0567
-10.7376
-9.3174
-10.0231
-3.7303
-3.1810
1.8529
5.5944
14.2627
13.2181
11.1187
2.9222
-1.2960
-1.8017
0.0405
-2.7928
-10.8980
-10.5680
1.8068
9.8877
10.9979
5.2949
5.8179
10.5680
16.0722
6.7372
-6.3006
-11.4329
-12.4224
-8.5362
-1.1993
5.5329
-5.2912
-6.4686
-6.1885
-1.5449
-2.8260
-2.3798
-0.4284
-2.4760
-3.2916
-6.5625
-8.7854
-8.2274
-13.8995
-16.7458
-10.6321
-5.9873
-2.3249
-1.1757
1.2854
4.6703
3.2299
0.0513
-1.3675
-1.8688
-6.7752
-7.1954
-7.8911
-5.9671
-4.5750
-2.2379
1.0323
2.4019
17.0064
10.3978
7.2441
12.7019
14.1273
13.4421
4.2236
0.1311
0.3383
5.0945
9.2260
8.2595
1.5586
-3.8842
-7.4655
-8.1809
-7.5478
-4.1181
-8.5003
-9.5885
9.4086
9.0243
-6.2114
-9.8373
-16.9815
-18.9500
-18.3575
-16.2926
-18.8204
-15.9990
-5.3777
3.2702
1.1964
-4.3042
-6.6031
-8.2658
-0.9204
0.3576
-2.2335
-4.4950
-5.2896
-7.9945
-2.3062
2.4021
6.3453
3.4900
-2.7839
-10.1032
-13.5834
-11.3446
-10.3616
-4.2185
-3.9184
1.4699
2.6578
2.1397
9.8545
15.4094
8.8403
6.0032
1.7218
-0.7451
-4.3882
-3.9762
-3.1889
-7.6351
-10.2729
-6.1308
-2.6952
-3.1658
-0.3154
3.3933
3.3035
-12.8280
-8.2657
1.5057
4.1707
2.8964
3.4238
4.4552
3.2818
4.6051
1.1573
0.1607
-0.7519
-7.3345
-5.3590
0.8156
2.3248
-3.3538
-17.3654
-14.0677
-12.3883
-12.6651
-12.9819
-18.7169
-12.7633
-6.3860
-7.6914
-10.9666
-13.4074
-13.5778
-4.6256
0.6376
-5.5256
-5.9278
-2.6189
0.3891
-0.3508
-5.0069
-4.7625
-4.6718
-7.2690
-3.7117
0.6960
-7.4299
-7.5157
-1.0489
4.1001
2.1013
-0.7956
-1.1982
-2.8193
-5.2060
-6.6403
-4.0538
-3.1929
0.8543
3.5679
-0.3194
5.4714
13.5531
11.2896
9.8335
2.7318
-11.7354
-11.8792
-10.6457
-5.8361
-9.7621
-5.3743
5.8828
5.1585
2.0349
7.1137
7.4744
8.7424
12.3146
6.3077
0.3438
-2.1235
-9.5970
-17.1949
-18.5636
-13.0183
-6.8288
-5.4127
0.3180
1.0641
1.1025
-2.6985
-7.4600
-5.2881
-11.4379
-2.1527
1.4570
-0.8246
-2.6101
-9.6462
-5.2582
2.7494
4.8371
2.9381
1.0496
2.2761
9.5138
13.1713
8.5471
0.6037
0.2350
7.4437
15.3380
12.6468
6.8760
8.1812
9.5092
8.7309
7.8279
3.8722
4.2473
8.8906
10.9386
6.8733
-6.7265
-8.4097
-5.6871
-7.7438
-3.3503
3.2616
7.7233
11.0454
14.2251
11.6031
7.7110
7.6945
12.3318
9.3391
9.3845
6.7655
-0.3099
-5.5128
-9.2668
-9.3029
-6.4268
-1.1987
3.1155
3.1696
4.2124
3.7833
1.5668
2.4532
-0.6955
0.8900
6.7027
8.2713
7.4939
4.1022
3.1164
3.9189
3.4807
4.9668
10.6913
8.5625
15.1704
18.7355
20.9985
17.3300
11.7232
12.3377
10.8372
11.9351
10.6893
5.9820
-3.7559
-7.0598
-2.9295
2.1203
7.0736
3.8962
-5.0496
-8.0656
-3.4251
2.3739
6.5034
4.5982
5.5907
6.0186
2.1718
4.0144
9.0748
6.7916
3.6662
-0.4501
-0.5635
-2.6545
3.5387
4.9892
-0.0647
0.7182
0.5800
0.1722
-0.2859
-1.9002
6.6900
9.3925
5.6892
-1.5144
-2.6369
-1.2557
-0.8335
-6.4466
-7.8763
0.3360
8.2578
7.9445
12.7093
20.8639
31.1244
33.1909
25.9803
13.4406
0.5674
4.5636
4.6337
2.9996
2.9400
5.3449
9.9406
10.5907
2.2363
4.8656
8.4864
5.2791
-0.7832
-6.1832
-8.1989
-9.7427
-5.2859
2.7647
6.8092
5.1813
0.2454
1.4053
5.6886
9.1472
9.9312
4.0978
0.3294
-3.5860
-2.0598
3.8471
8.4723
2.2358
-7.8897
-9.6715
-12.2097
-19.9400
-26.4984
-23.7744
-18.1707
-14.5406
-5.8358
-5.6183
-11.4325
-22.1545
-27.3940
-20.9503
-19.5256
-21.0963
-19.4120
-12.8337
-7.4705
-4.5306
1.3369
-0.8829
-1.8840
1.6902
4.6224
-4.0282
-4.9514
-0.1739
2.6134
2.1628
2.2977
-3.9617
-8.8227
-4.7450
-1.0273
-3.9808
-1.0410
-3.9010
-5.6925
-4.6607
-1.3004
-7.9128
-6.7594
-11.1029
-11.0776
-9.1894
-6.0124
-5.9854
-8.6077
-8.5444
-1.0848
3.6143
3.5890
12.2722
9.4100
-1.2223
-7.1475
-10.1520
-6.0947
0.2346
-0.4340
-1.1757
-4.2679
-0.0866
2.6839
2.4151
-2.1357
-7.5087
-9.2231
-7.8855
-11.3862
-10.0110
-6.5891
-3.1494
-9.4206
-5.2780
-0.8009
5.0188
7.1944
5.2662
1.1532
-0.4911
-1.0663
-2.4579
-3.8377
9.2506
7.2493
8.9120
11.9456
14.1534
12.5956
4.9285
-2.3539
-5.0234
-0.8226
6.0595
10.1637
15.7853
19.2440
16.5850
5.2760
3.4163
2.8506
3.7483
1.0855
-6.2607
-3.3097
3.3147
1.8927
-6.5616
-12.4034
-9.9088
-7.9950
-2.0820
0.1817
-1.7026
-3.2951
-4.6313
-5.1660
1.0100
5.9371
5.8211
0.1706
-2.3407
-0.7547
1.6559
0.0826
-0.9847
-2.5086
-3.8043
-2.3512
1.0228
0.4095
-0.2396
-0.5145
-0.6067
-1.7207
-2.1159
-4.2850
-5.7433
-0.1873
2.2718
6.0306
6.2333
2.3542
-0.7913
1.1905
6.6570
6.2479
0.6655
2.4247
1.0378
-6.7350
-1.0091
1.2628
-6.3475
-1.2034
2.1827
-0.2475
0.6587
1.5511
-0.5341
-3.8560
-3.9080
-2.1161
-6.1935
-4.5286
-7.7989
-3.4824
-5.4057
-6.6595
-5.5230
-2.8452
-1.1689
2.2149
4.8859
2.2039
-0.4996
-1.0796
-4.6021
-10.3059
-9.0019
-4.1635
-4.2036
-0.3984
1.5481
3.2926
2.0729
-4.7134
-7.9191
-4.1720
-5.0177
3.3751
2.7821
-2.8367
2.6306
10.0879
6.7367
5.9765
4.3533
7.9050
6.7391
2.8747
1.8617
7.7722
10.6929
6.2127
5.1297
0.4072
-2.1948
-7.5108
-7.1572
-0.9141
4.0542
1.0183
4.1303
2.5475
-6.1013
0.5438
8.0380
10.1751
5.9768
-4.9562
-6.1781
-5.4748
-4.0930
10.1680
15.4726
11.5951
-14.7210
-14.6783
-9.3818
-9.0121
-6.5190
1.4681
5.7011
4.3886
3.0477
2.3284
2.4052
-0.1992
-3.6835
-5.9192
-2.7813
-1.8329
-1.9593
-2.1493
-0.8562
3.0988
0.3136
-4.8931
-2.9436
-1.9256
-4.2726
-5.7079
-7.9944
-10.8326
-8.7570
-1.7654
2.3631
-2.4306
-2.1786
-8.0282
-7.2960
-6.9484
-2.6718
-3.0771
-1.8672
-2.7411
-9.0717
-0.1992
2.0879
2.7852
0.7090
0.8000
-7.2030
-17.9539
-26.0114
-23.4177
-13.3612
-12.8420
-16.7018
-17.0208
-22.2973
-23.7081
-13.7434
-5.5642
-4.2964
-4.9837
-2.4148
1.2555
1.3117
3.5118
5.3279
2.2545
-6.2287
-8.0216
-4.8028
-2.3580
-2.3693
-0.0041
-0.4600
-1.1904
-2.5650
-4.9015
-2.3900
-1.9233
-3.6144
-2.7379
-5.1510
1.7018
8.0586
5.5684
7.6845
8.2114
7.8550
9.7522
6.8151
-4.4271
-9.5417
-5.3521
-4.4818
-6.3914
-11.3710
-15.9269
-14.4550
-13.2731
-17.6288
-20.2684
-22.8266
-22.2797
-18.1399
-13.6799
-16.4067
-13.3645
-10.7570
-6.9312
-8.7125
-8.0672
-8.1403
-3.5110
-4.7595
-7.2706
-9.7521
-6.1480
-6.2960
-4.6269
2.6309
5.1517
-3.6184
-3.6761
0.8556
4.1515
0.8960
-5.6078
-2.5085
-3.1460
-5.2792
-4.4764
-2.4496
-2.4249
2.8176
5.0373
-2.3641
-10.7080
-12.6887
-10.3357
-1.3258
-2.3496
-5.4837
-4.0949
-6.7294
-3.8582
-3.8045
-5.5782
-2.3458
1.4466
3.5295
7.2188
-8.5773
-14.9755
-14.7405
-16.5670
-24.7833
-24.6039
-20.1639
-10.0953
-1.9810
-0.7189
-5.0000
-6.5458
-6.8677
-6.0141
-3.5144
-1.6038
-1.8228
-3.1824
-5.5076
-7.2707
-5.7500
-2.7995
-13.1436
-21.0683
-20.4759
-16.8879
-14.8548
-18.6979
-18.0244
-13.3986
0.2287
5.7316
1.0479
-4.7647
-5.4841
-5.5064
-10.1035
-6.1778
-0.7891
-5.0532
-9.2139
-7.6985
-5.2499
-2.7781
-3.1313
-0.6459
1.3329
-4.3823
-7.0462
-3.5787
-6.1143
-6.0614
-1.7621
4.4268
0.4403
-5.4974
-3.0139
-10.3354
-14.6546
-16.3893
-4.4235
4.3605
3.6180
-1.2119
-3.1339
0.1929
4.2899
0.1001
7.3679
9.7201
8.8578
3.5304
-0.8168
-8.6516
-7.8385
-2.9146

Coefficient 21:
0.7666
-4.3180
-0.1569
2.7291
-7.7107
-12.7690
-3.6701
1.6863
1.2990
-3.9923
-8.1997
-3.0487
0.9023
-5.9167
-12.8004
-12.3909
-9.0657
-15.8371
-7.9608
-6.1495
-10.0239
-11.1379
-7.5642
3.5467
11.2838
11.6607
-1.3734
-11.2638
-12.8139
-18.2152
-22.5792
-24.9388
-13.0111
-12.3645
-13.3995
-13.7131
-13.7316
-15.2995
-22.1094
-21.9801
-15.4636
-14.4001
-20.6206
-23.1282
-18.7360
-16.0820
-13.0227
-9.2971
-7.1759
-4.4547
-6.7672
-5.8436
-0.7921
0.5146
-4.7928
-6.0369
-7.7071
-14.1937
-15.4503
-12.2683
-7.0834
-6.8641
-12.4567
-13.5853
-10.9352
-6.7569
-7.5163
-11.1172
-9.0439
-12.9303
-10.7138
-7.8672
-3.2413
-0.1157
-20.0181
-23.8930
-20.2662
-14.1852
-7.6802
-6.7264
-2.3270
-1.4525
-9.3270
-10.7462
-4.7223
-1.0112
1.0955
-0.9054
-1.9638
0.8095
-1.4529
1.8505
0.6126
-4.6167
-2.5814
-3.4925
-4.6732
-6.0796
-1.5861
1.1591
-0.8304
-1.2005
-1.7684
0.0512
-1.3254
-0.1072
-5.0244
-15.0783
-18.7912
-22.1383
-20.3714
-16.7688
-16.3211
-12.5304
-11.6050
-15.3616
-12.1749
-3.7577
0.7444
4.9343
4.3265
5.0492
1.6545
-2.0651
-2.0199
-0.6317
3.7540
2.3762
-1.3864
-2.7015
-8.6479
-8.9431
-13.9733
-14.7831
-17.8967
-13.6752
-9.8963
-3.0522
-7.1414
-9.0026
-11.0152
-11.1736
-8.4835
-12.6670
-20.9628
-14.7647
-20.5409
-25.7094
-22.4951
-18.3745
-13.8698
-7.3287
-12.9767
-14.1364
-8.5268
-13.0591
-12.8113
-10.0834
-11.2009
-13.4411
-1.1421
0.1223
-2.4333
-3.4143
-9.6679
-18.2617
-20.4653
-17.6947
-12.2354
-6.4714
-10.5594
-9.9398
-3.3747
-12.3925
-12.9197
-8.8023
-5.5037
-5.1110
-4.7811
-3.4942
-3.7898
-3.1955
-1.2850
2.3122
0.3639
-2.3468
-2.4426
-1.2912
0.0541
-2.5456
-4.7740
-1.3692
-2.0412
-3.4149
-3.7580
-2.7174
0.6065
-1.6035
2.5329
-3.7817
-6.1081
-2.5750
-5.4468
-22.4833
-28.9805
-29.6722
-27.2843
-21.1975
-14.6138
-10.2548
-13.1722
-17.8182
-14.5199
-11.3058
-11.0335
-10.8590
-9.0095
-6.7480
-4.9262
-11.8525
-7.8623
-2.6754
-1.5227
-4.6454
-10.1489
-12.0042
-11.9133
-9.8110
-8.7433
-12.7706
-4.8213
-4.6475
-9.1073
-13.4590
-14.8872
-16.5578
-14.1470
-11.6396
-15.3240
-12.6754
-9.1992
2.9111
11.4408
8.0434
4.4545
0.8919
1.9515
-7.1971
-7.3575
-8.5152
-6.5021
-10.1206
-9.1336
-7.3111
-17.0156
-18.7653
-18.6853
-17.1918
-11.3743
-16.2203
-13.5402
-9.5083
-14.0453
-25.4003
-16.6766
-10.9740
-7.9992
-5.8264
-1.7660
-8.0255
-10.1194
-11.1541
-7.4940
-6.1662
-8.5952
-7.8448
-7.5887
-12.5795
-8.5566
-10.9023
-10.5363
-3.0428
-2.9359
-6.6078
-3.7856
2.0475
2.4702
-4.5549
-6.0930
-7.8110
-2.9946
16.6612
11.5642
1.0407
-4.0632
-11.9719
-13.0320
-12.7658
-15.8621
-20.4414
-23.4688
-21.8663
-14.6951
-13.7591
-14.9813
-12.5927
-12.8744
-11.5257
-5.0047
-5.9395
-6.4436
-5.0117
-2.4169
0.6915
1.3945
0.9810
0.8379
1.0169
-2.1864
-13.9197
-19.5754
-16.5149
-13.5575
-13.5398
-10.8975
-7.6239
-11.3308
-6.6752
0.7302
-2.1604
-4.2670
-4.0242
-3.4133
-6.6430
-7.9439
-8.4118
-9.9414
-12.8214
-14.5199
-11.9097
-14.7480
-20.3228
-23.0141
-15.7772
-10.5771
-7.6737
-3.7226
-2.5849
-1.6401
-4.9448
-6.4403
-11.2625
-7.7357
-7.0834
-9.1618
-9.1201
-2.3394
8.5071
12.9007
8.8956
4.9633
0.2041
-6.2924
-9.0726
-8.0400
-10.3138
-18.4595
-24.0901
-22.1721
-18.0121
-10.0165
-6.5195
-5.9905
-2.6743
-0.1317
2.2922
2.7882
-1.0264
-0.5697
-3.3088
-1.8067
1.7951
2.8977
-5.7363
-4.8777
-4.1470
-9.0016
-14.1979
-14.2248
-11.5968
-15.0935
-17.2166
-13.0064
-16.2476
-17.3319
-16.2618
-15.7959
-10.5563
-9.0877
-6.1911
-4.2622
-6.7124
-12.0652
-18.8067
-16.9196
-7.7497
-1.2126
0.8248
-1.1363
2.4060
1.5381
3.4366
6.1959
5.1745
1.4458
1.3857
6.4397
9.4514
11.4469
5.5359
5.6472
7.3629
7.0071
2.0667
1.4728
3.9905
1.0505
0.7714
-0.9546
-5.4687
-4.3658
1.7553
-3.7508
-7.4049
-10.5615
-6.3496
-5.8926
-2.9340
-4.2698
-6.8472
-7.4329
-2.7290
0.9453
0.7650
2.9160
3.7426
-11.5732
-15.1667
-12.1251
-4.9003
-1.6245
0.1898
-3.0193
-8.7052
-5.1782
-1.1538
1.1868
0.5106
-2.3858
-5.6022
-1.1331
3.0569
2.9018
-1.4165
-3.0550
-4.8210
-7.2314
-5.3892
-3.1056
-7.6533
-14.3211
-12.2581
-10.7205
-9.7562
-8.4330
-8.1432
-10.0505
-11.5154
-14.4278
-9.2040
-3.5369
-9.7444
-4.6324
-9.5251
-18.5276
-21.3069
-24.2400
-22.0482
-21.9832
-20.8569
-14.5474
-11.0888
-6.0529
-0.2113
-0.2090
-1.4012
-3.8639
-5.9742
-10.1239
-6.5959
-4.4174
-6.1552
-2.5049
-12.8197
-20.0020
-27.2498
-24.1173
-25.3142
-24.7164
-19.9245
-18.2017
-14.5169
-12.9035
-19.2679
-22.6313
-23.7718
-21.8833
-19.7849
-14.4593
-13.0557
-12.1924
-9.7966
-7.4858
-17.3862
-11.7017
-9.0954
-11.0408
-6.7177
-6.2167
-9.1460
-12.3340
-10.8382
-4.2969
0.1252
4.5934
1.2717
-1.6514
-0.9464
-2.9337
-3.2552
-5.0674
-9.5103
-9.1356
-6.2802
-10.1048
-9.5509
-2.9097
-3.4433
-6.9179
-6.2137
-5.8956
-8.1194
-12.0402
-13.8989
-11.8820
-3.9067
1.4073
2.2743
1.6594
-3.0265
-6.8373
-7.1176
-8.3756
-6.5053
1.1600
-3.8246
-12.3517
-9.5896
-10.2052
-6.5383
1.0014
-1.7704
-12.2433
-16.4442
-17.3530
-9.0008
-7.1844
-5.4236
1.7028
-1.4234
-1.3889
-1.2563
-1.4593
-10.7170
-19.1876
-16.3541
-21.4471
-26.1471
-21.2586
-12.9547
-13.1994
-10.7631
-6.1976
-0.2983
1.2800
2.1204
7.8949
15.9476
15.4212
10.2532
16.4627
1.2655
-19.5123
-26.8845
-24.9308
-14.7929
-5.5793
-7.0036
-9.6037
-10.2753
-11.0149
-10.5691
-0.3228
-14.7418
-20.8525
-19.0458
-10.5792
-7.1421
-8.8615
-11.6356
-20.4650
-29.2735
-26.3214
-17.0875
-11.0048
-12.2336
-9.8322
-6.0552
-10.1092
-12.5495
-7.8846
-8.7591
-3.8295
3.8604
1.1085
-2.0783
3.0660
1.5522
-0.5084
-12.2612
-6.5199
-13.3584
-19.5943
-19.0539
-17.4936
-16.9173
-20.5228
-16.1421
-14.9829
-8.7940
-12.3765
-11.5237
-10.0397
-9.0144
-7.3914
-11.3812
-5.8136
-7.9089
-16.2136
-23.2867
-21.0259
-5.6171
-0.9984
-5.8135
-6.5399
-8.3191
-5.2019
-1.5343
1.8821
0.4051
-6.1094
-8.0978
-5.1306
-2.8982
0.0037
1.1047
-1.3146
-0.2230
3.3143
0.8747
-3.8564
-8.8542
-5.3316
-2.0459
-6.0810
-9.8380
-13.0321
-11.5531
-11.3490
-10.9100
-13.6552
-9.5826
-8.8357
-6.8088
-3.0190
-4.4929
-9.0627
-17.2494
-21.0316
-20.2619
-15.9230
-9.3913
-8.8903
-10.1582
-6.5645
-13.8903
-20.9045
-18.1992
-15.3476
-11.5237
-14.9643
-18.3794
-22.0677
-18.7009
-9.9933
-10.1682
-15.3294
-16.7282
-8.9187
-6.7341
-3.7772
1.9334
4.2972
5.7245
4.1592
2.7211
-2.6640
-6.5074
-5.9819
-12.6742
-12.7454
-15.5926
-13.1742
-8.8595
-6.6407
-4.6604
-4.8452
-5.0108
-10.2114
-13.6730
-13.6314
-17.0112
-23.9538
-19.1710
-14.6719
-14.2172
-11.8088
-11.2943
-12.4239
-11.0801
-11.4339
-14.4831
-13.4161
-9.9832
-10.4088
-13.3886
-16.2352
-20.1134
-18.6479
-11.6599
-6.0302
0.9052
0.1920
-5.4528
-12.6600
-18.3708
-12.7961
-11.6457
-13.5564
-12.7417
-11.6925
-11.1093
-10.8375
-4.4908
-2.3989
-3.7797
-1.5378
-0.8740
2.7363
4.9383
0.6569
3.0311
3.7799
3.0449
1.8455
0.0137
0.2250
-2.7136
-3.9039
2.3701
5.9180
2.9646
-0.1266
1.0522
0.5925
0.1706
0.0975
6.2574
3.2776
2.2422
-4.1863
-9.4672
-12.0040
-20.2345
-18.3759
-13.3539
-13.8920
-14.0898
-11.0240
-11.9397
-15.9933
-13.9472
-11.3660
-14.9178
-10.3612
-8.8055
-12.8110
-16.2379
-16.2569
-18.1147
-20.2935
-17.9030
-13.2469
-13.3648
-9.3574
-5.7737
-10.3386
-15.4672
-14.3813
-4.5207
-4.9855
5.0925
6.5800
-3.0179
-1.1414
0.2770
0.8712
-1.2546
-0.8625
5.7168
4.3623
0.6927
-5.0434
-5.3264
0.8022
1.4102
-2.8769
0.4153
4.8187
7.0896
13.6381
17.2772
17.1881
20.7369
24.7140
17.8000
-11.2414
-18.4501
-16.0450
-16.1307
-18.8738
-22.7921
-23.7380
-25.5696
-25.2397
-21.0731
-13.4615
-10.2164
-5.7771
-3.8026
-1.8172
-3.1081
-0.7346
2.0973
10.9542
13.4647
10.8295
2.9632
2.1950
3.1631
2.2501
-12.1774
-5.3535
0.3162
-3.8294
-7.0549
-12.4523
-15.7246
-14.7241
-7.5331
-9.4633
-8.1147
-17.5411
-17.3187
-11.3681
-8.1150
-3.7196
6.5953
9.7940
4.4223
-3.5731
-6.5360
4.1355
6.4257
3.4226
5.1216
7.0322
4.3880
4.3606
3.7215
-2.1920
-4.8753
0.0517
0.2511
-3.4924
-5.0355
-0.1976
5.2532
5.7688
5.6086
7.7904
5.5690
5.4861
4.9841
-1.7031
0.9135
0.4514
3.5605
6.2011
6.2554
0.8808
-1.0776
-7.2832
-5.1577
-5.5553
-7.1026
-7.6610
-9.1965
-28.2404
-32.0772
-29.0503
-24.8344
-17.9932
-17.5683
-18.7859
-25.3201
-25.3575
-26.0974
-21.4149
-14.0753
-12.0581
-14.4517
-6.3002
-6.1838
-8.3766
-7.8868
-1.1708
-0.7314
4.5314
7.7088
7.9984
-1.8679
-15.0298
-16.1763
-11.4436
-12.0322
-13.1028
-14.5600
-14.8647
-12.2757
-8.5596
-4.9421
-5.6387
-9.5293
-13.4801
-17.4343
-15.2537
-13.1593
-10.2655
-8.0086
-6.2145
-6.3140
-9.6347
-12.6173
-11.0840
-6.3856
-21.9639
-19.5882
-13.9424
0.2028
4.4292
4.7272
6.5646
12.8129
10.2236
2.5875
-0.6018
-9.1629
-9.2377
-6.1162
-4.8335
-3.5549
-2.7653
-1.7719
-2.9962
-6.5801
-6.0556
-7.2162
-3.6819
-3.0936
-3.3179
-6.9412
-10.0683
-8.3242
-4.4850
-1.7996
-2.4114
-6.1890
-8.4368
-4.3001
2.4052
1.7137
-3.0840
-5.3139
-5.4370
-1.1910
1.9692
-1.3206
-1.5168
-2.9910
-14.5476
-12.3725
-10.6876
-15.0606
-16.9329
-14.5138
-16.8955
-17.2671
-18.3716
-11.6525
-10.9283
-13.7582
-12.1624
-11.7827
-9.7045
-10.4324
-9.8969
-11.9585
-8.6755
-10.2231
-9.6850
-6.5476
-6.6853
-5.8872
-0.2455
0.3543
0.4550
3.1240
2.1373
0.4146
-1.5089
-1.9278
-2.1629
-2.6788
1.1584
1.2886
-3.2097
-6.2917
-6.4089
-7.4792
-6.6838
-1.1844
-2.7904
-1.2598
1.4799
1.1589
-0.7409
-7.6067
-8.1783
-5.5088
-3.9871
0.7840
-0.8981
-1.4523
-2.9900
-17.4693
-18.2721
-19.5330
-20.8562
-24.9954
-24.4801
-17.2805
-10.1791
-9.2446
-8.3131
-7.2027
-6.6014
-7.2993
-6.1684
-19.3126
-19.5985
-17.6504
-17.9377
-8.1252
-1.7135
2.2272
-0.2639
-3.4213
-8.6230
-8.8731
-4.1237
3.1670
-0.6761
-4.7757
-7.5120
-3.1312
-10.9612
-14.3267
-2.3408
8.9883
5.3911
-1.4812
-0.1624
8.7897
11.3680
8.0165
5.9694
1.8939
1.5077
-2.9617
-4.7595
-4.3870
0.3277
-2.0990
-1.3149
-2.2519
-2.8625
-2.1222
-2.4056
-8.5888
-10.9428
-7.6481
-5.8984
-4.2567
-7.0770
-14.3384
-19.0078
-19.2795
-8.6479
-0.6984
1.5663
-8.8480
-8.2441
-7.8632
-13.6171
-20.4563
-19.2137
-17.1789
-15.0640
-5.8031
0.2780
5.6846
-1.1185
-5.5294
-10.8563
-4.1267
-3.0005
-3.5364
-1.3447
0.3614
2.0272
3.6138
-1.8373
-8.3120
-5.6905
-7.2692
-9.8412
-7.9913
-5.1176
-0.4319
0.5767
0.0578
0.8532
2.1246
-4.5201
-8.1051
-5.9162
-1.9501
1.0959
0.8007
4.0296
-5.5992
-12.7407
-7.3610
-0.6500
1.6287
0.0538
-2.4487
-2.8973
-5.1725
-5.0020
-9.0452
-6.4494
-1.2024
-0.2782
-4.5687
-3.4068
-8.8424
-9.6239
-2.3441
3.0167
-4.0257
-9.9060
-5.1271
1.6785
-1.6833
-8.5517
-14.3339
-17.7881
-16.0479
-17.8468
-18.6476
-14.7581
-11.9756
-16.3829
-12.6601
-12.6411
-13.9968
-15.6973
-7.9901
-5.2006
-4.8792
-6.3129
-7.3861
-5.4243
-2.0324
1.8214
4.8748
2.0923
-1.3521
-3.9391
-5.1010
0.3310
2.2528
1.0663
0.6772
0.7553
4.8403
3.9488
-5.8137
-15.3739
-13.7916
-15.0007
-6.9521
5.6128
6.3947
-1.4574
3.3052
2.0701
-1.4214
0.7651
-2.0587
-5.4707
-4.2579
-1.4972
2.9946
2.5296
-2.5712
-1.5942
0.1160
-1.1671
-6.0928
-7.8137
-7.8866
-14.0033
-9.8667
-1.0072
1.4221
-0.3821
-0.7518
-4.4397
-7.1178
-6.1812
-3.4119
-1.0249
-1.8517
-0.6619
0.0861
2.0401
5.3552
4.1788
-8.8215
-9.8123
-11.0235
-13.0131
-10.7748
-9.8212
-8.3112
3.6948
9.2886
3.2458
-0.6932
-1.9639
-3.7122
-9.0856
-15.3091
-8.8084
-5.9899
-15.9270
-17.1483
-11.4647
-7.7177
-6.2317
-6.5415
-5.9995
-2.4942
-5.1297
-10.6345
-9.8253
-7.4872
-2.0951
2.4316
0.9625
-2.5759
1.4185
-3.1631
-7.2210
-9.5685
-5.0375
-4.1227
-15.1730
-17.4824
-13.9611
-7.2914
-3.4778
-8.7524
-23.3721
-25.8752
-17.9603
-2.0273
-3.3137
-11.4566
-4.3489
-2.7690

Coefficient 22:
1.0448
-4.7142
-2.6466
-4.0974
-14.5727
-12.4594
-0.9107
5.4407
1.9813
-0.7722
-2.2681
-3.1992
-1.2867
2.2276
-4.3228
-7.6881
-6.2073
-0.4001
-6.0193
-9.1670
-15.2410
-11.5011
-1.6766
-2.1130
-6.6649
-6.0371
-15.9434
-15.3194
-4.8136
-0.5921
3.8663
9.1926
6.5154
-6.6640
-8.1996
-5.5682
-7.8293
0.6074
1.2831
3.4571
7.3280
5.1967
-2.5707
-13.5508
-10.6054
-7.7152
-6.7666
-7.7456
-11.1413
-8.8550
-12.4334
-19.3837
-21.8183
-13.4900
-13.3818
-9.2849
-10.8176
-6.6771
-3.4569
-1.2664
3.5210
-0.2739
1.4752
2.8568
-1.3998
-2.3846
-0.5425
0.4461
2.7201
7.4008
10.2170
9.4828
9.0772
8.1033
9.4516
13.4861
9.1764
7.4621
4.9710
-1.8245
-1.4586
1.4294
-5.2626
-3.8443
-2.8398
0.6043
-0.7715
-5.4023
-4.2654
-0.9251
-0.3266
-1.9634
-3.9367
-4.8294
-7.7951
-7.9198
-1.8284
-2.2283
-2.3293
-1.5588
-2.3621
-0.7589
-4.2963
-6.1937
-3.1098
-7.3066
1.7216
7.7854
11.9339
14.2853
16.0526
11.2478
9.5700
12.0792
11.3206
7.7875
4.3198
-3.9179
-10.3927
-3.4884
-0.9774
0.9891
-0.5922
-3.1920
-1.2134
1.9147
-0.1975
2.1549
1.0399
0.8406
14.0531
20.7248
14.5970
13.2547
8.4125
3.3703
-0.6334
4.8748
1.5381
-3.8887
-7.1042
-5.3388
-2.9795
5.3147
11.7241
18.4029
17.3736
21.0709
21.8038
15.2717
6.9618
2.1557
2.4387
6.0037
11.5760
14.8917
15.3773
13.9881
10.9921
10.4408
13.5190
11.8959
10.3949
10.8288
6.9570
8.0676
-1.1974
-5.5437
-1.9727
2.1965
6.3003
9.8092
9.3655
6.4931
6.1870
1.3878
-4.2633
-5.6943
-3.8447
-2.1056
-4.5836
-6.8302
-3.5547
0.6323
0.5920
0.1778
-1.6443
-2.0055
-3.0834
-4.3925
-2.2386
-0.6398
-0.7289
-4.2114
-6.9619
-4.9410
-2.6321
-5.1565
-3.6306
-1.0761
6.0781
10.8994
13.1891
7.8029
4.9717
0.4691
-2.8538
-6.4011
-11.6805
-9.0738
-3.1912
1.3276
-0.2859
-7.3929
-4.6305
-4.4614
-3.9882
-4.5044
-1.5384
-6.7911
-10.9162
-9.5339
-6.4863
-5.1377
-8.1372
-8.2097
-5.3609
-3.9247
-4.1801
-3.0919
-1.6210
-2.9630
-0.9573
-4.1627
-5.7081
-4.0331
2.8821
5.9875
3.8194
-1.6566
-10.0203
-6.7805
-0.3559
4.5280
-0.0509
-0.6064
1.1224
0.5164
8.0019
1.3805
3.1543
5.9265
7.3781
8.1084
6.2725
3.0699
1.2654
3.9330
-3.0013
-2.8515
-5.0969
-5.7151
-3.5364
4.5587
2.8863
1.8562
-1.2462
-3.1331
-4.6570
-10.2866
-7.9471
-2.0482
18.2192
18.9682
9.3452
3.3900
5.5199
6.3507
0.5108
-5.2854
-7.6557
-8.4911
-12.9243
-9.9653
-6.7022
1.0198
3.9687
-2.8099
-4.5870
-3.7541
-1.9591
6.8433
10.8131
3.6719
-0.2604
-0.6571
7.3731
8.4468
-0.9041
-5.7268
-8.2035
-4.0417
0.5113
-1.4414
-1.5973
-6.7270
-9.2821
-13.1819
-14.2253
-11.3715
-0.2001
6.8626
7.0502
-0.3418
1.3047
0.5634
-1.3896
-2.2794
-2.9653
0.2779
4.6906
7.8944
12.8506
5.8249
-0.1498
3.3787
-0.5573
2.5804
4.9965
3.4385
2.0139
1.2134
0.3088
-3.7844
-5.8287
-2.1766
-8.3550
-11.2165
-7.7321
-3.7173
-2.1249
-4.0218
-4.6801
1.8380
4.4064
2.1392
-0.3282
-2.7343
-0.7989
1.2291
14.3005
10.2759
8.6751
12.0125
16.0863
9.5695
5.2420
5.7956
-0.0868
6.4664
8.1060
6.9572
3.8708
3.3154
11.0870
14.2909
4.6713
7.0685
10.6119
6.5618
4.3031
5.6736
-1.5203
-8.9686
-12.9178
-14.2917
-10.5991
-7.3547
-4.7328
-3.3019
1.2760
2.7491
4.8361
5.9525
7.0531
9.6622
7.6215
4.7957
9.4153
11.9422
3.9433
2.5349
3.0363
8.3349
8.5946
7.9382
1.0690
-1.8233
0.6301
3.4386
5.4228
7.0657
2.0681
-2.0326
-6.3417
-4.9205
-2.7513
-7.2354
-8.3580
-3.8808
-4.7256
-6.3486
-0.2273
1.6178
1.0467
2.6469
7.2722
10.9721
9.4531
3.6488
4.6317
5.4895
3.2448
2.9937
7.1349
7.2487
2.6982
-0.1458
-4.0405
-3.6905
1.2034
4.7777
8.5323
4.9971
4.3198
4.9853
1.9816
4.8814
3.4752
-1.9172
1.5798
9.1820
5.3638
5.8767
0.9360
0.5009
14.2245
17.2386
9.8815
-1.8721
-1.5807
2.0433
3.0550
-1.1403
2.5375
6.6806
0.7139
-3.5439
-3.9260
-6.1129
-6.5255
-3.5898
-2.9621
-4.9710
-4.3351
6.6057
7.9926
6.7818
7.6900
6.8241
0.5602
1.9254
-1.4812
-4.4185
-3.9345
-0.5458
-0.4555
6.2405
10.6070
12.1366
10.1864
-4.3602
-1.5894
4.6475
10.5624
16.1628
15.0490
9.9269
7.9553
11.7223
12.7026
7.4480
8.3371
5.0548
1.7569
-1.8574
2.1699
-1.2082
-3.9801
-9.1316
-5.4191
1.3413
-5.4314
-4.6572
-8.3557
-12.7627
-7.9026
-8.1842
-4.5026
-0.5036
-1.4881
-3.5590
-0.7800
-3.2549
-6.6846
-9.2997
-9.7735
-1.6856
-0.5010
-4.2216
2.1571
4.2657
-2.4995
-2.4150
3.3721
-1.8048
-3.5910
-5.6088
-10.2260
-11.3030
-11.1005
-9.3481
-4.7329
-1.0117
4.1761
8.7930
11.3736
6.9476
3.3803
2.4127
5.6560
2.7690
2.6855
9.9461
12.3399
11.8717
9.8229
5.9890
1.6014
1.5684
3.4440
0.1413
-2.4495
-5.2826
-5.3643
-1.7456
1.6077
7.0386
6.9035
-2.0222
-5.8540
-6.6960
-6.1535
-7.5928
-0.5980
-7.1548
-6.7624
-8.7420
-3.6370
-0.7256
-4.2589
-3.6929
-11.2960
-10.1168
-8.2443
-5.4842
-6.7042
-5.8835
-1.5317
-1.3634
2.1565
4.0187
4.9719
6.4918
3.2537
1.0381
11.1763
12.2580
11.5075
17.4552
18.8041
14.8233
8.6265
10.0445
6.9491
4.6451
5.9110
12.2723
15.5762
13.1251
10.1590
7.7100
9.3000
12.4607
13.0790
8.1681
11.0380
12.9234
9.0074
10.9066
10.1905
8.5764
1.3847
5.6205
3.6297
2.4808
1.5461
1.0769
0.5409
1.2823
1.2218
5.8843
5.4992
5.8136
2.6112
-0.3566
-0.4661
4.9819
10.2171
17.9011
18.3867
7.6448
8.9788
10.4742
3.6312
2.3721
5.7786
5.0709
0.6042
-12.7528
-7.0536
-3.0425
-5.8553
-8.9906
0.7579
10.9372
8.4702
8.1966
11.2945
7.4237
7.7441
7.2377
5.8062
3.1696
6.7407
7.6245
16.0759
10.8587
6.9663
4.5879
4.9116
8.3430
5.4393
6.1979
6.7638
2.2988
-1.1734
3.4742
6.2405
4.0204
-0.8921
-0.5679
-4.3944
-5.8479
-4.1135
-2.4889
-5.7131
-2.9600
4.1265
5.5463
1.8868
-2.7923
-1.3859
-2.4433
-2.4379
-1.4057
2.8223
4.9459
-1.7018
-4.5529
-5.2172
-4.7404
-6.7876
-4.0449
1.7206
-5.1869
-5.4966
4.5121
15.0109
17.0251
22.1022
25.5798
24.6748
19.8608
19.7844
14.7323
12.4408
13.2680
10.8065
11.9694
12.0798
9.2625
5.5768
8.1666
11.4567
12.1693
12.0579
10.6470
17.3404
17.3357
12.4036
1.9878
-1.9878
-6.8967
-6.3376
-2.0261
-5.6081
-6.7438
-6.1169
5.2240
12.9388
14.7459
14.3005
6.0016
-2.9341
2.9639
8.7376
15.3079
17.6828
18.4671
20.0496
18.4672
18.2441
17.7336
16.8447
15.4398
4.6918
-0.8669
-0.6123
0.3633
3.7183
6.7493
1.7404
0.5909
1.0900
-3.6667
1.8315
5.8349
10.2609
9.9132
4.0842
4.3859
1.7128
-6.3814
-19.2921
-20.7285
-17.5235
-14.7499
-9.4367
-3.9008
-2.8192
-3.0876
-0.4626
4.2400
10.4027
11.1559
12.0822
15.6280
16.9187
13.5066
0.5014
-0.3475
3.9752
0.2229
-0.3717
-1.5851
-1.7521
-3.9955
-3.6744
1.4894
4.2482
0.5541
0.3514
3.6377
3.4579
-1.0263
-0.7076
5.0620
4.6746
2.6633
-3.5397
-4.0565
-1.8257
11.2527
15.4563
17.2593
10.4207
7.1301
4.9018
7.3223
12.4706
10.5662
2.4073
0.7316
3.0945
10.8525
15.6724
15.2167
17.1415
15.0266
13.2073
15.6092
16.4857
9.3806
4.5048
3.0702
7.7099
7.2072
1.4708
-6.0317
-17.3636
-10.2152
-7.2059
-8.9500
-6.1841
-6.9855
-6.7877
-5.4441
-4.0923
1.5905
-1.2312
-1.6661
-5.0728
-6.6281
-1.7821
-4.1737
-10.4930
-8.7341
-3.7267
-2.4054
1.4408
-2.4723
-10.7475
-5.8246
1.9767
8.8045
10.7775
18.5269
20.2648
21.2883
24.2720
21.2920
22.0754
24.4571
27.5308
32.3576
33.8544
30.8690
23.0539
21.1691
25.9924
23.6158
17.8201
12.6111
11.8023
7.0647
7.3429
3.1937
2.8766
0.3036
-1.7068
9.2811
8.0367
7.8572
14.0670
14.0749
12.5652
14.9077
12.6336
10.1309
12.1960
11.9154
-0.4229
-1.0999
0.9797
-2.2313
-2.5685
3.1554
2.5287
-1.6697
-3.3375
-0.6107
7.3612
5.8385
4.2650
7.3616
9.4366
2.8900
-0.9144
3.3996
3.3692
-0.2198
3.8135
2.0305
0.6277
0.0616
-1.0944
4.2653
5.2537
3.9071
11.2235
10.4649
4.5292
5.8680
-1.1079
0.1260
6.4706
10.6515
11.3234
12.2263
9.1943
4.4205
-2.2159
3.1705
5.6310
2.0722
-2.6012
2.8581
8.9938
4.6466
2.3288
-1.1464
-2.5215
-0.6687
7.0460
14.7816
14.7892
6.1364
4.8675
6.2677
-2.1916
-2.6344
-1.6708
0.8291
0.4517
-5.3765
-11.4084
-4.1716
-1.1115
-2.8635
-2.5759
-4.9722
2.6026
10.7675
12.5276
11.6520
9.7905
8.8324
5.3179
3.3020
-2.6187
-4.7838
-4.8343
-4.2482
-1.7463
4.6143
10.5162
9.7464
6.8984
4.9691
6.7659
10.1896
15.3532
15.4091
14.7023
12.7380
11.6240
8.1105
1.1655
-13.6479
-16.9378
-13.5136
-5.9348
2.5748
3.6222
-1.9836
-6.2121
-6.1467
-4.7701
3.1714
4.8161
2.2588
-0.1141
0.2373
-3.8576
-5.1578
-3.9175
-3.5580
-0.4232
1.0934
0.4864
3.3727
1.8117
1.9811
3.7156
2.8304
0.9055
-3.2718
-3.6365
0.4445
2.0311
-1.0653
-2.2551
-7.9137
-9.8951
-6.7459
-3.3435
-5.4976
-6.3065
-0.0915
2.7728
13.8365
13.4347
7.0400
1.2355
10.4273
14.0178
8.5896
15.9680
20.2531
13.3982
9.2209
10.1525
8.3600
-1.0687
3.4315
2.1416
-2.3778
0.6518
1.4703
-1.1762
1.5990
1.5204
1.2236
1.5929
-4.9945
-3.7343
-2.7607
-3.1252
-3.6048
-9.1546
-7.2696
-4.8962
-7.3408
-2.4134
0.8780
-0.4284
-3.0351
-5.5907
-3.1554
-1.2688
1.1866
0.9161
0.7227
0.4601
-3.4302
-4.8497
-0.6205
1.2574
-0.7895
0.0553
-1.9050
-5.0520
-0.6105
5.7196
14.8546
18.6199
17.8540
13.2942
12.7763
8.7792
9.0507
12.2487
12.8622
10.9630
7.0488
5.9396
4.6061
5.3967
10.8197
5.0524
5.0474
4.5673
1.0942
17.2991
10.5080
12.7044
16.6241
10.0805
5.2430
7.6977
4.5345
2.3901
5.9089
2.6243
0.3133
3.0110
1.7501
-4.4668
-4.2877
-2.0378
-3.4044
-3.7838
-0.2892
-5.5101
-7.5791
-3.9245
-4.5307
1.9780
-0.1865
-4.5237
-1.2782
-0.2925
-4.1028
-1.8358
-1.8955
-0.4524
-3.5466
-5.2621
-4.3685
-8.8463
-9.4531
-6.8364
-7.2301
0.9373
2.1360
6.2227
11.2443
8.7754
6.4114
9.1851
1.7489
-2.1848
-2.0954
11.7549
21.9207
17.7564
11.0245
3.3812
6.7603
6.7108
8.4979
0.9493
4.0297
5.8439
-2.9442
-5.6843
-5.3375
-9.1720
-2.4549
5.2363
7.8517
10.5391
2.2743
-2.3789
-8.5074
-9.1275
-6.3766
-6.1206
-2.4883
0.8780
2.4743
-2.1322
-3.1274
-7.1197
-7.4122
-5.0392
-4.2239
-2.9869
-3.0232
1.0013
-6.2783
-13.7245
-8.7144
-2.7094
-0.4779
-1.2594
-2.5101
-4.9555
-11.9443
-12.4981
-11.7471
-12.4755
-16.0524
-16.6587
-17.1196
-12.4056
-6.9011
-4.5420
-10.1873
-10.7912
-13.0764
-16.5721
-11.0446
-3.1547
-0.7644
-8.4205
-5.1125
-0.0984
-1.6258
-9.7297
-17.3035
-15.6694
-8.5401
-8.3558
-13.1208
-15.4236
-17.2498
-17.4485
-11.8894
-6.7046
-4.7960
-4.6378
-5.9826
-4.0561
-3.1152
-4.1314
-0.6034
3.6072
-0.2973
-0.1498
-2.0794
-3.5763
0.5959
0.8803
-1.5920
-5.8501
-3.3880
-1.9765
-2.5150
-1.1322
6.3857
3.8798
-4.6407
-9.0200
-4.9922
-1.0154
-2.6810
-0.5579
1.4119
2.4177
-0.5209
-0.4905
2.3156
4.8875
5.4416
-3.4898
-7.6875
-1.8024
-3.7321
-5.6235
-5.5064
-6.2897
-6.7684
-9.2020
-8.8709
-5.3699
2.3365
3.2478
0.3942
-1.1391
-0.9120
-0.5809
-2.4390
-1.0363
-4.6139
-5.9834
-7.0087
-4.2371
0.7337
-0.1602
-12.2212
-11.3737
-7.9853
-2.1180
6.0113
3.3343
-1.6405
3.0298
6.3362
2.0124
-2.1858
-1.5343
-4.5098
-8.7363
-12.2180
-1.3211
-0.3481
-11.7870
-13.2210
-5.8039
-1.1254
-3.8643
-4.9273
-1.9227
3.1700
-2.9606
-13.9444
-11.3910
-9.4357
-4.2833
2.2014
4.6094
1.6924
0.0725
-5.5861
-10.6279
-13.8083
-7.6505
-3.3623
-1.0622
-3.2776
-3.7882
-3.2542
-0.7712
-5.8734
1.1572
3.3925
3.4438
1.6725
0.2024
-2.0919
-0.4806
1.9082

Coefficient 23:
1.3301
-3.6152
-6.0773
-8.6072
-5.5909
-4.8240
-0.7192
3.6268
-1.1300
0.9385
7.9770
1.4318
1.4771
-1.9341
-7.1428
-1.6530
3.3887
6.0526
1.8166
5.3653
1.7561
0.7572
3.0449
-1.0521
-5.3242
-8.4646
-20.0835
-27.7501
-28.0412
-19.9527
-16.0780
-15.3786
-9.9140
4.3420
6.2442
9.1273
6.6863
-3.2643
-6.2756
-11.5396
-13.6371
-8.4882
-0.6468
4.3772
7.1707
4.1746
-0.8627
-2.7367
-5.8617
-8.4957
-10.7793
-12.6114
-13.6830
-3.8299
-0.5249
-4.7357
-4.4453
-6.7498
-16.7197
-21.4723
-15.6820
-17.4569
-17.7794
-15.1968
-19.1603
-31.9753
-29.9784
-20.0588
-16.9037
-20.4374
-23.0354
-23.7586
-21.1184
-7.0541
-0.0380
-3.4280
-7.3470
-7.5642
-5.7893
-1.1468
1.0308
-3.5629
-4.6653
-3.4371
-4.5318
-1.4869
-2.3191
-1.4491
-3.1336
-3.5230
0.8793
-1.5725
-0.6853
-2.5289
-8.4554
-7.3461
-3.1168
-3.8078
-3.4208
-1.6805
-2.7275
-3.4174
-6.1181
-3.2608
-1.0839
0.3308
5.2065
-2.4799
-6.0343
-5.8429
-3.5118
-2.6546
-4.0868
-3.3970
0.8769
8.5651
10.7113
7.2924
4.8320
8.7486
7.8923
8.8562
1.7212
0.7125
-2.5213
0.2084
-1.9044
1.5384
2.3409
-8.2858
-16.1642
-7.0863
-1.4558
-10.7895
-17.6733
-18.8576
-22.5250
-22.4348
-18.3426
-15.2794
-9.9867
-8.0002
-11.2895
-5.5325
-4.8309
-5.9668
-13.8522
-14.8286
-7.7619
1.6968
2.9028
-2.8897
-5.1814
-5.3743
1.1190
3.9944
4.6872
5.2514
7.2181
11.2954
3.6912
6.1212
6.7624
4.8845
0.6603
-3.0395
-3.1568
-0.4909
10.5179
15.9152
13.5684
4.9578
1.7948
-7.6702
-10.8519
-10.4161
-8.3117
-6.3780
-2.6060
-1.3963
-3.8384
-5.1100
-4.7499
-1.5421
-1.0454
-1.6507
-2.3344
-0.3678
-2.5086
-6.6392
-5.4651
-2.9301
-5.2472
-5.7188
-5.1046
-5.7786
-5.7333
-7.3210
-12.5998
-10.4072
-7.7374
-4.9205
-3.5444
-5.3603
-5.2333
-8.4889
-10.3741
-7.7443
-6.8902
-9.1261
-10.5506
-10.5570
-7.6682
-8.8964
-8.0401
-4.4901
-6.9120
-5.8115
-3.4437
0.9203
4.3158
2.8032
-2.1272
-6.4041
-6.0983
-3.0100
0.9873
2.0029
0.0250
2.6357
1.4154
-1.4381
-4.6394
-1.2062
3.2045
4.2905
-0.2208
-3.2633
-4.4378
-8.6972
-9.3785
-2.9809
-2.3830
4.7331
2.8818
-18.6105
-24.3610
-23.1422
-12.1938
-4.4266
-7.1729
-12.7433
-14.1511
-10.0471
-9.6082
-7.9526
-5.2305
-7.5238
-2.3337
3.6346
-9.8187
-17.5942
-16.5224
-13.7258
-19.2965
-18.0582
-11.6331
-3.9343
-2.6985
-6.2192
-8.2396
-8.7941
-11.7632
-19.3264
-18.9239
-18.7170
-22.2227
-19.8531
-21.4483
-21.5553
-19.6342
-10.1413
-8.4861
-5.0664
-4.3547
-0.3682
0.7180
-0.3485
-1.8137
-3.7510
-3.0602
-7.3975
-4.4264
-4.9000
-6.1075
-6.1569
-10.1141
-12.1356
-7.1830
3.3480
5.5101
3.0931
-0.8802
-3.2050
-3.2562
-4.8969
-2.6741
-1.4349
1.0462
2.1485
-4.0400
-11.3870
-15.4170
-9.8468
-4.1119
-2.7025
-9.5347
-14.7745
-14.0807
-11.8725
-15.0677
-17.8034
-17.8855
-15.1228
-13.3245
-5.4658
0.2489
4.9670
7.0364
-1.0178
-1.0491
0.6125
-0.9284
-0.0389
0.8629
1.9570
-2.6340
-2.9585
-3.5257
-0.5762
2.6779
3.1875
0.8107
0.2383
0.7256
-0.6408
-1.6426
-4.0726
-3.8045
-0.7887
-3.3119
-5.1592
-2.9349
-4.7135
-5.6737
-6.4092
-3.1204
-4.3657
-6.9600
-5.4778
3.6696
5.9239
1.7509
0.0322
-0.1676
-1.6732
-5.0171
-10.2699
-7.9552
-8.1617
-6.4920
0.1102
-5.8313
-5.0957
-2.5594
-2.2839
-4.7131
-4.9310
0.1818
1.6759
5.2289
6.4595
0.5927
-1.5506
-8.6323
-15.9709
-16.1643
-7.4424
0.7211
10.7062
5.4958
-7.1590
-16.5238
-17.7197
-18.3607
-15.1782
-11.7854
-11.3742
-10.9987
-10.1685
-12.6450
-14.1433
-9.4160
-5.0235
-3.1738
2.1924
1.4704
1.1517
1.7182
2.8712
2.2706
-6.7710
-4.1665
0.1353
2.1624
7.7761
11.5761
12.2111
9.7076
3.2194
5.1240
1.8898
0.2459
8.2341
7.1659
0.1855
0.6445
-2.0021
-3.6475
-6.7553
-2.1132
3.7411
-2.2949
-13.3748
-19.7096
-22.6574
-23.0581
-19.4815
-26.2705
-22.7665
-19.0349
-18.9536
-13.2600
-13.0916
-12.5457
-14.8014
-10.2600
-7.3645
-9.8334
-9.3846
-4.6363
0.3440
3.1958
1.5556
2.3339
-0.8113
-9.2238
-8.4810
-8.3563
-5.4687
-9.4476
-9.8369
-8.8536
-6.3513
-9.1279
-15.5532
-14.2289
-7.8859
-7.3847
-13.4325
-14.4011
-11.2949
-15.2886
-19.7939
-15.2839
-3.6663
2.2854
-1.5653
4.8898
9.2056
7.8072
-4.5685
-9.4665
-12.1095
-14.1512
-15.8664
-16.5562
-17.9179
-20.5145
-19.8935
-17.5081
-11.5258
-2.7297
-0.2853
-3.1665
-4.3036
2.2198
-2.6353
-6.1386
-1.2005
-5.3277
-7.5004
-15.4175
-13.2730
-7.1886
-7.1281
-1.8587
-2.7024
-7.5527
-9.2094
-13.8140
-12.2974
-5.3499
-1.9654
3.3009
3.8092
-8.0366
-15.1959
-16.2945
-16.1723
-15.1274
-10.3953
-3.7466
-3.1282
-4.4178
-5.2183
-7.7096
-10.0302
-3.8963
1.3377
1.8253
2.1962
-4.4847
-10.8949
-5.6501
-8.9930
-13.1794
-18.6315
-13.5858
-6.1605
-8.5623
-10.2183
-14.1458
-16.7474
-13.0237
-14.1447
-19.9786
-27.2743
-26.7146
-20.9465
-12.6215
-5.5168
-3.7307
-3.0577
-4.3716
-6.2667
-6.9899
-2.9019
-3.3325
-5.6130
-9.4389
-10.1987
-7.4222
-6.4829
-9.4348
-18.8593
-34.1362
-36.2893
-31.5673
-26.6605
-28.4179
-21.1688
-21.7975
-19.4292
-22.4647
-22.5885
-18.3723
-18.8190
-15.0702
-5.5860
-5.3743
-7.8728
-7.2052
1.5726
2.4883
-0.3218
-14.4174
-19.1820
-9.3262
2.4637
7.3029
6.6033
4.9801
2.5099
0.4707
-5.1248
-6.6967
-5.1480
-3.3877
-1.2112
-8.0458
-24.4190
-16.9985
-7.6600
-3.7450
-8.0616
-9.4137
-12.8572
-19.2917
-24.0591
-25.0359
-18.3699
-9.3209
-4.1941
0.8066
0.7277
-5.1114
-4.9267
-0.0572
-5.5506
-9.8529
-12.8807
-16.7542
-15.4473
-9.6148
-11.3586
-9.4509
-7.2330
-9.4944
-13.9292
-18.6667
-17.4173
-8.1927
-2.7812
-4.5980
-3.3564
0.9537
3.9924
-1.6017
-9.9663
-6.8506
-0.7919
2.3624
3.0030
-1.7694
-3.2935
-3.7030
-5.3675
-1.3927
2.0375
3.8279
-3.0047
-5.3775
-5.9592
-7.2600
2.3350
12.2201
13.0914
15.7234
17.3606
18.3210
15.3707
14.1433
18.2463
15.8135
6.1147
5.3425
7.9796
6.7248
5.7836
0.4360
0.1441
-2.2897
-4.1033
-4.7392
-7.0642
-9.1665
-8.9925
-5.2471
-4.6413
-7.1381
-9.8319
-7.8745
-7.1827
-4.6982
0.7285
10.0534
13.9480
5.3989
6.0626
8.4133
5.7191
1.4017
0.2857
-0.6807
-6.0672
-7.3827
-4.2386
-10.8517
-16.0746
-11.5203
-14.4862
-14.0585
-15.1314
-15.9385
-18.8159
-21.1162
-26.1363
-21.1300
-17.0622
-12.2649
-9.6633
-10.8223
-7.6073
-7.3424
-13.9550
-15.3160
-14.8428
-12.4277
-6.2911
0.4987
2.9784
5.8990
6.5359
2.4504
-0.4980
-5.4521
-3.5366
-0.4845
5.1926
-14.2604
-18.7634
-19.4836
-12.0818
-1.4379
-1.4538
-10.5776
-18.6368
-24.5364
-25.4764
-21.4619
-13.2586
-18.1208
-18.8027
-18.9332
-21.3632
-11.2496
-5.0605
-2.7124
-4.8994
-7.9832
-5.0195
-2.7803
-0.8858
-1.8258
-10.7861
-16.6495
-16.1381
-15.7508
-8.7827
-2.6899
-9.4847
-12.5555
-5.7277
-3.7793
-1.6945
-2.9634
-7.4037
-10.2667
-11.2997
-8.8234
-6.0767
-2.1155
-2.5609
-4.4104
-3.3679
0.1052
-2.6001
-3.6969
-0.8731
-5.5020
-3.6252
2.9179
3.8255
-1.4134
-5.7605
-0.1976
-0.7147
-0.8272
2.8845
1.9785
1.0693
0.3418
-0.3997
1.5986
1.6321
1.1586
2.7435
-12.4490
-19.3405
-20.3992
-20.3738
-18.0303
-4.6524
-8.1373
-16.5440
-17.3078
-9.4811
-7.9697
-8.0954
-9.2049
-7.2183
-2.3614
-1.1543
-2.5925
-8.6655
-13.5652
-16.0381
-17.1307
-18.0700
-15.2314
-15.3009
-15.5150
-10.3950
-10.9172
-14.7562
-13.2322
-9.8417
-12.0859
-15.9467
-14.5313
-10.3306
-11.1458
-6.4642
-5.0282
-4.7503
-4.6629
-2.1941
-1.5611
-1.8983
-2.7092
-3.3762
-1.6678
-4.4267
-1.6712
-3.5617
-12.0403
-10.5361
-11.5265
-11.6157
-14.5936
-14.9653
-14.1785
-10.3915
-5.9424
-1.7367
-16.6012
-29.7590
-29.0460
-25.2101
-19.8300
-20.8612
-26.7624
-31.0246
-27.1137
-21.7403
-21.2131
-11.8818
-6.4046
0.1337
5.0075
6.6433
8.5528
2.5193
0.5274
1.2401
4.2573
2.7266
-0.0229
-2.6561
-5.9376
-16.8817
-13.8720
-12.5703
-19.2557
-17.7802
-18.2067
-15.2010
-11.1283
-0.2045
1.3313
-3.5665
-8.6779
-9.3442
-8.8613
-16.8066
-18.9718
-13.8259
-13.6988
-14.1421
-15.6831
-12.9391
-15.3540
-19.3584
-21.9196
-17.5133
-10.3069
-6.1647
-2.5623
-2.0907
-4.7182
-2.8429
-3.0727
-6.5699
-2.8550
-0.4071
-3.9262
-2.0541
1.1262
2.2604
4.7785
4.5260
-0.6981
-1.7231
-3.3933
0.2296
5.1616
8.0673
8.9175
9.0883
8.4987
7.1210
3.7224
6.6775
4.9265
0.1400
-6.5970
1.7843
8.7722
3.9547
-0.5106
-4.6264
-15.6296
-18.5607
-13.9027
-11.3005
-12.8576
-16.0022
-18.3445
-14.1186
-7.1410
1.5584
-4.8696
-15.2200
-20.9771
-15.9769
-2.2727
-2.8586
-1.1944
0.3647
-3.8927
-5.9286
-10.8635
-6.8486
-6.0807
-3.2908
-2.8740
-5.9913
-12.4896
-14.1591
-15.2547
-13.5751
-10.3978
-9.6634
-3.2454
-8.2648
-10.3528
-14.5861
-15.8018
-15.7820
-14.0884
-12.9123
-15.5876
-14.4180
-7.6327
-7.7718
-3.1309
-3.9999
-3.2599
3.8894
5.4616
3.5843
5.6696
9.5115
5.2562
-1.4520
-8.8937
-11.2745
-12.1732
-11.6550
-10.0889
-6.9384
-4.0547
-1.3309
-4.1634
-5.4020
-4.1241
-1.6099
-0.9570
-2.3507
-4.5498
-1.2603
-2.6739
-4.9752
-5.5705
-3.8382
-5.3776
-5.2223
1.4728
4.4352
2.8356
-2.2878
-5.5709
-3.4484
-4.9092
-5.2762
-2.3880
-3.2286
-10.9031
-5.3313
-3.7571
-7.5533
-8.1715
-3.2316
-5.2482
-10.6838
-9.1255
-6.0897
-13.5570
-19.9877
-20.1110
-22.0156
-22.2353
-17.5661
-9.9225
-16.9358
-16.1996
-18.2410
-19.9946
-20.3379
-22.7847
-27.0993
-26.9253
-23.3518
-15.8367
-15.2411
-15.0057
-19.2297
-14.8524
-10.3906
-10.3080
-6.8518
-2.8099
-4.5927
0.0159
-1.8265
-4.7028
-5.0826
-2.5404
0.4785
0.7412
1.4878
5.5132
0.6560
-1.9500
-3.1228
0.4614
3.7799
-1.4112
-3.3251
-3.4519
-10.3042
-6.0010
-0.0971
-0.5098
-12.3909
-22.6306
-21.9276
-19.6877
-17.7438
-14.8894
-16.3593
-16.4604
-17.0182
-13.7822
-5.6068
-4.7674
-8.0826
-10.1181
-12.9214
-13.1043
-13.5324
-13.1667
-14.3383
-26.8636
-31.6639
-22.1993
-21.1681
-14.8407
-12.6236
-8.5147
-3.9255
-11.8978
-14.2696
-11.1380
-7.8867
-13.5263
-11.1805
-11.1586
-8.6877
-7.2578
-5.7853
-4.1699
-4.8386
-9.4029
-9.2958
-3.5621
-1.1810
-4.6185
-3.1792
-4.8297
-5.3447
-0.6643
-2.8541
-6.0178
-4.7950
-0.9165
-1.6034
2.0604
3.8704
-2.8846
-6.2875
-6.1926
-5.5856
-4.4859
-3.0781
-10.3498
-13.8064
-7.0988
-1.5901
0.2431
-0.3043
-6.0065
-10.1890
-14.2753
-8.5689
-1.2212
1.7905
2.4409
-4.1039
-2.4191
-4.0043
-11.3156
-13.6470
-10.8622
-17.8633
-12.2845
-3.6416
-0.6736
2.2365
5.5502
7.1558
11.2955
9.3726
-0.9014
-7.6371
-11.0135
-9.6493
-5.3883
-2.2236
3.0073
3.8937
-0.4928
-2.6249
-6.4313
-7.2057
-7.0469
-5.2240
-3.0209
-5.2049
-2.7702
-1.7020
-12.3496
-12.8367
-6.4567
-7.1931
-5.4422
-3.2527
-4.0604
-7.1411
-9.6193
-8.9660
-13.8043
-17.1421
-14.4692
-18.2695
-19.6257
-13.4268
-9.0162
-11.7932
-7.8768
-3.9236
-10.6315
-5.8614
-4.2885
-2.7854
-1.3800
0.1317
0.3081
1.6922
0.9310
-0.9128
-4.0284
-1.7807
-1.0614
-6.5810
-9.1483
-12.0626
-10.3876
-9.1063
-9.9035
-11.1514
-9.2260
-10.8328
-6.4095
-7.7218
-6.7723
-0.1959
0.0210
2.6434
4.7402
2.6284
-1.6800
-0.6369
1.3944
0.1166
-6.4730
-9.6169
-7.5605
-2.8279
-5.7144
-5.4100
-7.2073
-8.8795
-8.4512
-4.6732
-1.6865
-2.6427
-7.4792
-14.2806
-18.3622
-19.0263
-20.5929
-20.4637
-23.6671
-26.1956
-26.9101
-30.7132
-19.8911
-7.0679
-3.1108
-0.2704
-1.7376
-2.8760
-0.6912
-1.6238
-3.5227
0.0206
1.4660
1.1287
-3.4323
-4.3325
-3.2399
-2.5126
-4.1953
-4.9031
-3.1960
-4.1158
-3.5443
-1.2287
-2.5545
-10.9947
-10.9342
-11.0217
-6.6691
-3.8341
-8.3212
-6.1545
-1.6511
-0.9890
-3.6789
-3.9453
-1.5936
-2.2099
-4.4744
-4.5624
-0.9063
-5.3589
-10.5843
-6.4620
-2.0325
-0.1908
1.3157
-0.1041
-0.8712
1.6828
0.2803
-4.9530
-5.0117
-3.6413
-0.4133
3.1008
2.8843
-0.6606
-0.9396
1.7099
-4.2220
-8.0000
-4.4731
4.5657
2.1187
2.2578
1.5745
1.3357
-11.2096
-16.2412
-3.6605
1.5746
3.4455
-2.8434
-7.2906
-7.0190
-8.0198
-6.5390

Coefficient 24:
1.3661
-2.1461
-8.4538
-8.9127
-0.2507
0.1066
-1.1153
-1.0113
-1.9476
-1.2571
-0.5145
-2.0821
0.0141
5.4781
4.9030
-2.5129
-7.3674
-14.4716
-8.5277
4.1857
6.9510
1.8975
-5.9203
-4.3503
2.9759
6.5349
2.4834
5.4551
5.6505
8.2158
9.4684
6.1614
0.4110
4.7175
1.9153
-1.9748
-1.8945
-2.5730
11.5319
10.3581
2.1410
2.1164
4.4172
4.0780
1.2273
-1.0147
-5.2451
-8.7407
-9.7414
-14.3219
-19.2647
-19.1411
-16.6120
-17.0920
-16.6517
-7.7845
-4.5131
-1.1545
-2.4065
-4.0590
-4.9735
-10.0168
-11.5803
-12.1048
-17.4904
-14.2400
-6.3558
-1.9137
-7.8618
-6.5488
-0.0779
4.3109
1.8173
0.6348
-4.7631
-7.8766
-8.1149
-10.2064
-14.5939
-13.6306
-8.5738
-5.4081
-4.3911
-3.4645
-5.4653
-3.9518
-3.1449
0.2886
1.0166
0.7256
-3.2237
-4.3172
1.2906
-0.6677
-3.8472
-3.6243
-2.7919
-3.1892
-5.5656
-3.2107
-0.4841
-2.3012
-3.0482
-3.5471
-0.9701
-12.3404
-13.2136
-13.9308
-13.8831
-11.2505
-8.2833
-6.7146
-8.0482
-12.7739
-10.5673
-2.4369
2.4054
7.0559
5.4112
0.3129
-3.2432
-2.9366
-9.5839
-6.4141
-4.2278
-3.8312
-7.2486
-3.9387
0.5894
0.8750
-4.3046
-10.3707
-8.5778
-11.0234
-13.9504
-10.2278
-10.0163
-14.3135
-1.9695
-4.1363
-6.6571
-9.5868
-10.5095
-4.6709
-4.7555
-4.2230
3.8869
2.4090
-4.3240
-6.4311
-10.3179
-13.8343
-8.9210
-5.0287
-1.2845
-9.2084
-5.4711
-7.3656
-10.3399
-7.8714
-15.3591
-22.2465
-26.2714
-30.6507
-27.4579
-19.8259
-18.7474
-11.9452
1.6092
11.1225
13.4083
9.9960
5.3268
4.7188
2.6824
0.5410
-3.2128
-1.7325
-1.5703
-5.3551
-2.9617
-2.3431
-3.5754
-0.6400
1.7712
-1.0396
-5.0477
-4.9388
-3.8125
-4.6789
-4.1826
-5.9712
-6.9243
-4.9828
-4.3947
-6.2233
-5.2279
-7.6584
-7.3119
-10.9352
-5.4904
-3.2070
-7.1723
-5.9835
-5.0334
-0.2761
-1.7731
-5.9483
-4.5913
-4.2261
-1.7013
-4.1736
-14.1368
-14.1826
-4.8334
-5.9474
-5.1876
-0.1481
-2.2955
-8.7813
-6.8405
-2.4181
4.9379
7.4714
4.8229
-0.2956
-7.7977
-8.5889
-3.8668
2.3921
-0.8766
-6.6778
-6.2286
-4.5619
-1.5979
-5.5011
-8.7872
-10.1453
-9.8245
-6.6208
-0.5859
-2.8255
-3.4474
1.1057
1.7582
-13.5374
-14.0513
-4.7382
-2.7699
-1.2960
-6.8826
-8.7728
-8.2247
-3.9663
-0.4021
-4.5462
-11.4940
-13.6799
-10.3412
-8.4012
-8.4072
-5.6267
-6.9077
-0.0165
6.5423
9.0423
6.3614
5.3571
1.5965
-2.0903
-1.9295
1.8948
-2.9173
-2.8608
-0.7009
1.6040
3.6367
6.9107
-0.1745
-2.1248
-4.3113
-2.3965
-2.0791
-3.9548
-6.8561
-3.5755
-0.9407
-2.3178
-2.8195
0.0504
-1.8077
8.8269
9.9279
4.9918
0.0606
-0.6543
3.3718
6.0580
11.8313
19.6263
15.9365
8.7473
4.2959
0.2266
-0.6783
-8.2204
-12.2018
-8.6528
-11.8394
-10.5647
-4.3051
-0.0872
3.6082
-6.4247
-0.7000
5.1286
0.9951
-0.7949
2.1529
-7.0007
-10.9043
-5.4895
-6.0446
-7.7250
6.9855
15.7443
24.9319
21.7697
9.1350
-0.7392
-1.6334
-3.1428
-1.4274
-1.5318
1.0683
1.5977
7.6926
7.2193
7.5903
11.6607
9.1293
5.2422
0.8361
-3.5646
-4.9120
-6.5793
-7.2146
-9.9961
-5.9957
1.5134
-6.5686
-9.2071
-4.6636
-6.6681
-6.7669
-5.8043
-4.6685
-10.3197
-5.5430
-4.9065
-11.3256
-8.4117
-9.2195
-11.0148
-9.9541
-7.6248
-5.4875
-7.0151
-6.4323
-3.5892
-3.5382
-6.6466
-3.5927
-2.8173
-2.9188
-2.1408
-3.5285
-2.1566
-3.8683
-7.7551
-10.1215
-6.5330
-5.4611
-7.3343
-3.1850
3.1674
0.3245
-7.7087
-10.7513
-2.7259
-2.6382
-10.2310
-0.3854
3.5960
2.1689
0.0017
-1.9097
-2.7732
-4.8087
-5.2904
-4.1995
-5.1234
-3.6321
-1.9147
-4.6753
-9.8750
-10.7165
-0.9202
6.0742
8.3394
5.3296
-3.0716
-6.5120
-6.1991
-4.0392
3.1749
9.6068
10.4060
7.5516
-0.1618
-2.9656
-2.5180
1.3293
7.7545
4.1536
-0.4652
0.4713
-3.4081
-0.4221
-1.9556
-0.8590
1.8589
0.9170
-10.3505
-13.9378
-13.1998
-12.3171
-15.2732
-11.1462
-4.5220
0.9051
-3.5131
-11.5324
-7.0609
-5.5074
-5.4893
-12.1500
-13.6441
-7.1995
-5.3149
-1.0155
0.9899
1.6916
-0.4556
0.5003
-0.7700
-3.4322
-3.8334
-7.6518
-8.3743
-7.6600
-8.3193
-7.2013
-7.4352
-9.7795
-15.2797
-12.8399
-11.9223
-17.1346
-20.9115
-14.9480
-9.0613
-9.6543
-9.8371
-13.6335
-12.9771
-10.4842
-5.2832
-4.7046
-2.6645
-1.3681
-6.0975
-8.0586
-6.8232
-5.8535
-7.4726
-5.5001
-2.7849
-3.4552
-3.3400
-2.8318
-1.5632
-0.3836
0.8828
-2.3445
-5.7728
-2.2439
-3.3292
-0.6623
-4.0352
-5.2562
-8.4706
-7.7204
-8.5849
-5.2445
-9.2615
-9.5740
-7.3199
-4.6266
-4.7441
-4.4819
-7.7644
-14.4825
-9.5723
-6.9325
-3.9795
-6.7309
-8.2849
-5.6197
-1.2148
1.2208
-0.3964
-1.5205
2.9081
2.2166
5.0808
11.1839
8.4696
9.4078
10.9451
8.4196
6.2523
0.7003
-4.0337
-11.8011
-17.1786
-15.5505
-13.6500
-10.1154
-11.0939
-13.7379
-14.4586
-17.3439
-17.5475
-18.6563
-17.1741
-15.9859
-17.7346
-20.9057
-23.5333
-13.7840
-0.0256
-0.2365
0.3793
0.7053
-4.7283
-8.9701
-12.0361
-12.9891
-11.4523
-12.1920
-6.1240
-5.9946
-2.5787
-2.3256
-6.9984
-5.8892
-6.0205
-4.9564
-1.2579
0.3701
4.9062
1.9548
-4.2212
-2.4274
1.2277
-0.6366
-4.0924
-9.5499
-10.1607
-10.6730
-11.8434
-12.1332
-18.1146
-17.7257
-11.3820
-5.8137
-4.4808
-11.1425
-13.1389
-12.4183
-16.1873
-15.2154
-11.9921
-9.4564
-14.4006
-14.5826
-15.0456
-12.6977
-11.6840
-7.3399
-2.2033
-4.2409
-7.8353
-7.1091
-4.2042
-6.9617
-9.9891
-1.5022
-0.0747
0.2482
1.5303
1.8543
-1.0363
-5.6751
-9.9897
-12.3080
-10.9082
-5.7497
-4.3730
-7.3115
-5.6643
-3.5129
-4.9710
-3.1618
-4.1641
-0.4557
0.7486
2.3609
6.2062
4.2070
2.3845
0.9321
-1.1087
-3.7333
-5.2802
-1.5554
-1.9380
-5.2814
-8.1351
-5.4639
-4.8629
-4.8272
-4.8318
3.8798
4.1304
1.7965
-6.9875
-8.6215
-9.7685
-7.5868
-5.1228
-0.8753
1.8449
0.0913
1.2530
11.7426
7.7518
12.8119
13.4016
11.8960
12.5307
8.7247
5.7369
8.7914
6.0530
7.1573
5.8627
3.8515
0.4160
-2.1753
-4.4165
-7.1181
-6.3327
-2.6690
-1.5086
-0.7508
3.7771
3.4040
-0.1095
0.3599
4.7171
8.9195
4.7435
5.7588
10.4825
7.6484
4.1167
1.9258
3.6712
1.8684
1.3380
0.0524
-0.5316
-2.5425
-5.0701
-4.5294
-13.2369
-16.7650
-12.6892
-2.2033
5.5321
1.3597
0.5340
4.3405
10.8405
1.6083
-6.1121
-5.8909
-9.9786
-6.4044
-10.5244
-13.4231
-8.5239
-4.8100
-2.9405
-2.2053
2.2773
3.4192
4.8541
2.7700
-0.3717
0.4778
4.9815
4.6619
-1.4322
-2.3452
-2.3548
0.0897
2.1552
-0.7981
5.1656
6.5603
6.4345
5.8449
1.0608
3.9718
6.4952
6.8663
4.5810
2.2619
-2.0089
1.1609
4.9636
3.8036
-1.5111
-0.5644
-0.9606
-5.9487
-9.0703
-3.1833
-2.5061
-0.9449
-1.8452
-5.0763
-9.1728
-13.9196
-16.0188
-13.2624
-8.1894
-1.1340
-4.6067
-14.8839
-12.1368
3.4632
8.9434
14.3365
20.8372
24.4705
24.6281
27.4852
20.8608
13.2140
8.9977
6.3456
-0.6145
-3.5458
-8.6410
-11.9185
-5.9080
-5.1950
-4.0934
-0.8848
0.7552
0.7169
-0.2704
-2.4564
-3.6910
-0.6873
0.5626
-4.4743
-5.8281
-2.0321
-2.5892
-5.6726
-4.7432
-0.8885
-1.0017
-9.1472
-12.9682
-10.2988
-6.7236
-7.0533
-16.0510
-15.5698
-13.7929
-15.3228
-14.5087
-9.5629
-5.1365
-2.7815
-1.2010
-1.3250
-13.5473
-11.7531
-11.5584
-10.2101
-6.5714
-5.2182
-2.4571
1.2525
4.6649
-2.6025
-5.4589
-3.7570
-4.8074
-7.6008
-5.1755
-3.0314
-2.0115
3.6389
0.7106
4.1867
9.9707
6.1682
4.6160
1.9978
0.0181
0.1933
-6.6267
-2.6181
-0.4017
-1.2316
-3.6555
-1.7451
-0.3195
-2.5152
-0.1607
-3.7175
-5.8631
-11.9285
-8.1287
-0.9023
0.9803
-0.1279
2.4952
4.6213
0.7380
-0.0537
-0.0307
2.7068
1.0264
-5.6220
-10.9987
-9.8137
-7.1427
-9.8781
-5.8190
-9.2760
-14.3239
-16.9909
-15.6999
-12.3895
-16.5173
-12.8549
-10.3291
-3.8719
-0.9500
-5.4017
-12.2791
-12.2411
-11.6381
-11.3470
-0.6517
1.1419
0.8912
0.2235
0.8973
0.0964
-1.8685
-4.8133
-5.4885
-6.5274
-1.9674
1.3009
-2.5498
-3.5029
-1.6131
-2.2687
0.9120
-2.6976
-9.8239
-13.2186
-9.9626
0.0067
2.3655
2.3596
-2.1159
-2.4903
2.5650
3.2027
5.0627
2.4569
-1.1828
1.9573
1.1045
-1.9882
-3.0770
-2.9366
-1.8267
-2.1778
-7.3104
-10.0564
-8.3304
-1.5073
3.4445
0.5295
-0.6801
3.0418
2.4038
-0.9245
-0.9568
-1.6233
0.9829
3.7763
4.3539
1.2621
2.6736
-4.2742
-2.7148
-2.6064
-0.4387
1.2547
-5.8819
-6.7644
-3.4319
-0.6902
2.6914
-0.1897
-7.6187
-10.3860
-1.5170
-0.9045
-0.6785
0.8599
-4.7937
-10.4045
-1.8959
1.3875
-2.4410
-1.3237
8.1252
-4.1230
-8.1413
-4.7744
-5.7620
-5.4054
-1.2203
-1.2679
-5.0591
-12.0855
-14.0504
-9.0987
-5.5236
-12.2559
-11.6455
-8.1481
-8.4153
-8.3874
-8.4864
-11.0039
-4.7523
-3.7654
-4.2878
1.7954
2.6903
-1.2222
-7.8373
-12.1019
-15.4011
-10.0583
-7.6403
0.5757
3.8759
-0.4977
-1.0371
-2.1980
-1.2200
-5.8997
-7.6945
-2.1266
-2.2557
-3.4650
-5.4648
-4.9721
-4.4372
-2.7343
-1.2059
-2.9455
-3.3732
-4.2422
1.7054
4.3259
3.3449
2.4064
-0.5326
-2.0865
-1.4981
-0.6252
-0.0649
1.8030
-3.1737
-2.2220
-3.4687
-3.7016
-5.7502
-6.2434
-7.8034
-12.6162
-11.9427
-5.8839
-14.5230
-18.1752
-14.4430
-8.8137
-7.2009
-10.5390
-13.5091
-6.1880
-2.7692
-2.6910
0.5443
0.6724
1.2819
-3.2479
2.7297
-6.1745
-2.5890
2.5352
2.8332
2.5015
1.4994
0.1859
1.5793
-0.9027
-2.5454
-3.0493
-3.4448
-12.0678
-11.1999
-9.7013
-5.6937
-0.8371
-2.1763
2.9076
3.6100
0.7323
-0.1002
5.1629
5.3114
4.3622
-0.1065
4.3917
2.3170
-5.4474
-5.6901
1.7058
5.0115
-0.4821
-7.9109
-5.5124
-5.5936
-1.8952
0.7768
9.0826
5.9807
-2.2286
-4.2246
-1.5658
-1.1055
-4.1707
-5.7271
-7.0126
-9.0133
-2.0498
-0.9541
-6.7241
-11.7339
-15.0611
-4.6305
0.4904
-2.7608
-6.0672
-2.6783
-6.8606
-4.1125
-5.9056
-1.7240
6.8567
4.7529
-0.4341
-0.4443
4.8542
3.3129
-2.6489
-5.7223
-6.8079
-5.2367
-6.3766
-2.5822
2.3168
0.9993
-0.7997
1.9374
2.5669
0.5649
7.5900
8.5004
7.4038
12.0114
10.4204
6.2702
7.2185
1.6035
-3.3474
-1.4242
1.6710
1.1828
6.8365
5.9536
1.3626
-0.7061
2.3212
0.3835
-21.9165
-32.0429
-27.3779
-19.0629
-13.3865
-13.2919
-14.8158
-11.6027
-3.0837
0.4929
1.7145
-1.3040
-2.2047
-0.2881
0.3129
-3.4261
0.0716
1.2392
1.0308
0.8074
-2.8157
-5.4637
-5.9519
-5.7961
-5.3862
-3.2717
4.2922
5.9625
1.4352
1.5427
-1.4665
-6.9671
-8.6303
-6.2168
-5.6118
-3.3132
-3.0783
-0.9454
0.9717
-1.2777
-2.3345
-3.7152
-8.2421
-9.7463
-3.8912
-6.6561
-3.8010
-4.5057
-9.7066
-9.0148
-6.9138
-7.7757
-7.4149
-7.6639
-5.5472
-2.1867
1.2856
-1.0370
-5.8250
-3.7413
-6.4758
-12.3926
-8.8083
-2.4850
1.6546
-1.1796
-4.3058
-3.0297
-4.1087
-9.9716
-13.2811
-8.9270
3.6135
8.9199
10.5386
13.5724
12.2079
8.5807
6.9777
5.0404
2.3274
4.7590
0.4180
-8.0769
-5.6123
-8.1934
-9.3811
-10.3659
-8.0398
-6.8305
-6.7448
-10.3140
-12.5820
-10.2755
-9.4217
-10.1786
-8.0039
-8.5176
-7.0906
0.3861
8.4301
5.5233
-0.7710
-8.2070
-11.1029
-9.4939
-0.0195
9.0359
11.1513
-0.1376
-7.7718
-5.7094
3.3284
11.7664
16.1235
13.4795
9.6320
6.1700
17.4130
20.2045
13.7231
11.2969
17.1844
12.3557
3.9843
-7.9062
-11.2090
-6.9423
-1.7198
-0.2027
2.9191
0.1107
-2.3509
-0.2973
0.0137
-2.1017
-4.4920
-6.7891
-8.0767
-8.0318
-4.3957
-1.5501
-2.7973
-3.6410
-3.5526
-2.3895
-3.8360
-6.4814
-5.7786
-4.4200
-1.7738
-0.6689
-1.1147
3.6160
-1.6547
-7.4787
-6.6206
-3.7989
-0.6661
-2.0247
-5.4547
-8.9781
-11.2815
-12.9564
-10.0557
-9.0521
-7.7500
-4.7023
0.2770
0.1387
-3.0769
-3.7069
-0.1145
-1.8455
-0.2790
-0.2243
0.8065
2.9908
0.2090
-2.3505
0.4230
5.3170
2.1387
-1.3235
-2.1808
6.3226
-7.9511
-9.4563
-3.1311
-1.5282
-6.7452
-9.4405
7.5038
7.0681
5.5344
0.2207
-5.4137
-14.7919
-17.9290
-13.4121

Coefficient 25:
0.7997
-2.0119
-8.0237
-9.8288
-2.2087
-2.5117
-3.1099
-1.1019
0.3524
-3.6785
-0.6185
0.3322
-1.8163
-6.2160
-5.3141
8.4640
15.6540
11.7737
-5.8873
-9.0290
-8.4605
-4.8840
-6.4969
-6.8283
-10.8459
-3.5627
2.6230
-2.9690
-5.0035
-8.2156
-10.7387
-11.7094
-3.3228
14.8849
11.2432
3.4900
-3.5480
-15.0448
-18.0647
-19.1768
-17.0563
-8.6439
-2.9520
-2.9380
4.2691
6.5386
4.1042
2.9306
5.2379
5.3547
6.2961
7.4924
12.8412
14.6975
8.2710
14.0403
12.5363
6.8001
7.7576
9.8568
6.9399
0.2862
-2.4370
-6.7167
-3.5624
-4.3461
4.4366
5.4640
-4.8931
-10.0925
-6.0338
2.0375
0.5645
-2.7287
-6.4997
-11.2760
-12.7816
-14.6208
-20.3444
-13.9333
-9.6029
-7.7550
-2.3450
-0.2462
0.3689
-1.8419
-5.4511
-0.9384
0.9553
-0.1969
-3.6756
-5.0458
-2.2820
-2.3956
-0.7229
-1.7131
-1.6006
-4.1796
-4.3051
-1.0423
0.2204
-2.2513
-2.0811
-2.2072
-2.9203
-1.3339
-7.5571
-7.6298
-9.5222
-9.2329
-8.9932
-8.2892
-7.3784
-3.6424
0.6345
-3.4084
-7.6234
-10.2372
-12.0531
-9.4437
-7.3756
-1.9785
-3.9981
-9.8856
-4.7551
-6.2325
-6.7779
-4.1946
-2.0474
-3.4164
-1.6695
7.2631
6.7552
6.8428
9.0718
6.2297
-3.6764
-16.7842
-11.4217
-19.5024
-21.6310
-18.1482
-14.4160
-12.8468
-12.7832
-13.5210
-8.8998
-5.9865
-5.7999
-0.8558
3.0901
-0.8390
-4.0385
-6.2846
-9.4874
-4.0282
-4.0269
-2.4577
-1.2025
-1.5462
-5.5082
-5.8493
-8.9034
-8.9444
-5.3718
-7.6528
-7.7267
-9.3076
-9.5334
-9.2131
-9.3017
-7.3066
-5.1394
-4.7809
-5.9215
-7.1879
-6.6281
-3.5749
-1.1819
-4.5668
-5.5150
-4.9548
-5.4558
-2.2258
-0.2723
-0.1862
-1.5246
-3.3342
-3.4161
-2.3457
-1.0300
-2.7883
-6.1836
-4.2443
-2.0819
-3.0421
-5.2832
-6.2020
-3.4761
-23.6027
-30.4624
-27.7825
-24.2496
-18.7564
-19.3043
-11.7578
-13.0255
-14.7133
-13.5089
-15.2567
-10.4265
-1.2094
-0.8579
4.7749
1.2103
-4.5781
-7.5734
-0.5004
-2.3358
-18.3331
-23.6305
-21.2909
-19.3749
-20.6412
-29.5990
-29.5257
-18.9583
-19.8157
-19.7699
-11.4836
-9.6937
-10.2447
-11.2887
-9.3289
-11.6913
-15.8020
-21.1374
-24.2458
-20.7191
-17.4483
-15.6738
-13.1926
-10.2798
-7.6946
-0.9257
-0.5795
-2.7888
-6.6527
-17.7153
-14.4979
-13.3536
-14.2513
-13.4754
-8.5009
-6.7680
-13.1775
-13.1050
-6.3312
-0.1955
-7.7926
-10.5041
-8.6393
-10.1582
-11.5067
-14.8609
-16.8153
-14.2154
-10.0001
-1.3041
2.9800
-0.3308
-6.6944
-17.6676
-17.4678
-12.7714
-6.8741
-2.0689
-0.1094
0.2800
1.4643
-3.8783
-2.0683
-1.3408
-2.3773
-6.6197
-4.4064
-0.2786
0.2157
-1.9539
1.2216
1.8786
3.3447
-1.9082
-3.8572
-5.6736
-4.7257
-2.2716
-7.8218
-13.7971
-15.7212
-25.9713
-30.2397
-25.1401
-24.9240
-22.2218
-17.7893
-13.8954
-4.4838
-2.1103
-5.3657
-10.6784
-14.2142
-11.2816
-12.5800
-10.4769
-10.0886
-11.0207
-13.9743
-12.9640
-4.8318
-4.0103
-1.1342
-2.9477
-4.7632
-10.1545
-6.8298
-1.1364
-2.2259
-3.0466
-3.7992
0.5218
-2.4650
-5.4361
-5.1962
-4.9870
-7.4032
-5.7203
-9.2554
-9.3928
-10.0228
-8.0982
-12.9156
-15.2455
-10.3685
-2.9837
-2.3490
-4.9841
-8.5614
-8.0718
-1.4430
-11.1918
-18.7369
-12.1154
-4.8235
-2.5019
-9.7674
-13.0782
-18.5918
-18.1943
-12.8667
-7.3586
-3.9798
0.1772
3.2224
9.0003
9.5549
8.3347
0.3775
-0.0323
0.3901
1.4653
-14.0953
-23.3337
-20.6806
-19.7670
-19.2833
-20.4905
-20.1023
-12.3315
-11.4778
-15.1375
-12.7780
-10.8071
-13.1428
-18.9093
-18.3671
-16.6507
-15.3789
-11.0604
-7.0900
-6.2820
-14.7451
-24.0833
-23.3148
-25.6191
-19.9856
-12.5059
-14.9780
-16.0140
-14.6478
-8.3270
-8.2623
-15.1334
-16.1184
-16.1164
-16.5904
-7.6484
2.2653
5.7537
8.2558
8.0319
1.6311
-6.1100
-8.3967
-5.6508
-2.4645
0.2919
1.3303
2.7768
-3.3636
-10.4648
-9.5461
-4.9802
-2.1058
-2.5074
-2.2259
-1.4433
-1.6586
0.5518
0.4853
-0.3564
-2.3464
-1.1434
3.0103
4.2133
-1.1414
-2.4723
-7.9111
-11.3019
-16.1434
-12.8421
-14.5612
-10.4885
-10.6546
-7.5436
-0.5111
-10.9486
-13.2664
-14.7387
-15.0044
-17.0520
-17.4603
-14.9604
-8.5876
-3.9552
-0.1203
2.1346
-1.1955
-5.2472
-6.5970
-7.3188
-4.4161
-2.7289
-5.7195
-5.4626
-7.5463
-3.8078
-8.4491
-6.5857
-6.0576
-10.5983
-10.0783
-13.3195
-13.7236
-16.6355
-13.1596
-12.6221
-2.1187
1.5787
-3.1095
-7.2402
-10.7749
-12.1916
-14.1162
-11.2310
-10.9750
-13.3546
-11.2073
-7.6012
-0.5487
-0.0296
-5.2703
-4.9260
3.2689
4.8416
-3.6193
-3.6313
-3.0193
-2.6706
-5.7505
-1.3142
3.3139
3.4948
3.8285
-2.5837
-1.7358
-5.0426
-10.0516
-10.0896
-2.6195
0.3594
0.3633
-3.0253
-1.6738
0.2150
1.6937
2.8497
3.0460
0.9882
-2.1636
-1.8697
-1.4952
2.4277
0.1038
-7.9749
-10.0868
-9.6994
-8.0483
-4.9061
-5.1488
-9.2106
-9.8328
-11.9679
-5.7507
-1.4147
5.0017
4.7515
2.8615
4.6829
2.6598
-1.1011
-6.3998
-3.5853
1.9427
2.3940
4.8429
0.7521
1.4088
-2.7986
-7.8254
-1.7348
3.7150
2.2678
-2.6401
-5.8235
-3.7457
-9.0147
-13.2815
-12.6627
-9.5704
-8.3589
-1.1328
-2.9781
-6.0641
-2.9804
1.2772
-2.3180
4.0469
12.1968
17.0643
16.4010
13.9531
9.2682
3.8852
5.9474
8.3544
5.4493
3.2608
0.3070
-9.5775
-10.7143
-3.9345
-3.5316
-7.8579
-7.2749
2.1740
-3.5317
2.7293
-0.4114
-9.9251
-16.9247
-17.8755
-14.1668
-10.2718
-4.6525
-6.0001
-6.4745
-6.7626
-4.4871
-4.5624
-3.2780
-6.6225
-9.8151
-5.2615
-5.7592
-6.8316
-1.5456
-5.0705
-12.0981
-16.9841
-20.2823
-20.6988
-10.0847
-4.8498
-4.9232
-7.4620
-7.3708
-4.4107
-4.6306
-2.2380
0.5128
1.2152
1.7919
-0.4033
3.7618
5.3067
4.2827
0.1765
-7.1187
-20.1247
-22.0525
-17.0654
-11.6690
-6.5074
-1.7958
-3.6330
-5.0557
-6.5706
-4.9156
-3.5719
-2.4912
-5.9584
-6.7072
-4.0281
-3.7440
-2.5287
-2.3576
-8.1769
-8.9335
-9.7808
-7.2273
-11.2306
-11.8651
-13.8814
-16.1598
-10.2525
-3.8100
-10.5040
-1.2485
2.7519
-8.4185
-12.7085
-8.5905
-11.4510
-15.9749
-16.4949
-12.3742
-10.8315
-9.4481
-8.2339
-8.9927
-9.5608
-10.9012
-5.5944
-3.8158
-5.9901
-9.5162
-4.0569
0.3708
-0.0696
-0.3458
-0.6141
-3.3089
-5.8260
-7.8325
-9.6781
-16.0589
-20.7050
-17.6338
-11.9289
-8.1342
-2.9240
-4.6597
-1.7187
-3.2826
0.7573
-4.7718
-3.9809
-4.9871
-6.9099
-7.4414
-2.0492
0.5789
-3.6899
-0.5076
5.2810
-0.6991
1.9700
-0.1484
-6.3160
-6.8634
-5.9221
-10.3252
-8.0259
-5.7312
-6.9870
-7.2617
-4.1318
0.0835
3.8051
3.9582
0.9902
0.4308
5.4262
4.5130
-1.5436
-3.4298
-2.1973
-1.2860
-5.7652
-19.8866
-15.7635
-9.6911
-1.5275
3.1564
-5.8491
-11.1895
-9.6231
-6.2892
-6.2224
-1.7053
0.7527
2.2789
-1.1219
-3.1690
-1.7752
-10.9995
-16.5390
-21.4731
-19.4836
-22.4360
-25.7427
-23.9689
-15.5131
-9.2168
-5.6069
-9.9037
-7.6750
-0.9076
2.3921
-0.2186
1.3739
-2.7019
-6.2288
-8.7048
-12.6516
-14.4062
-20.2534
-22.3637
-22.5127
-29.7425
-35.5689
-36.7839
-35.8972
-32.4744
-21.2757
-9.4810
-9.2203
-10.6574
-9.8113
-7.9649
-5.0474
-2.4237
-1.9695
0.2268
-3.1246
-4.8862
-2.7423
-1.8057
-1.0676
-6.2236
-8.9755
-2.7478
-0.7716
-4.7834
-4.9608
-6.2590
-6.7533
-13.6371
-3.5418
-1.3137
-2.6373
-5.0196
-3.7251
-1.0438
-7.4366
-11.4251
-14.2674
-12.9645
-6.9475
-10.7718
-13.5829
-7.0658
2.0614
2.4980
-4.0432
-9.2619
-6.8672
-5.5689
-3.2340
-7.8550
-10.1329
-12.8338
-8.5193
0.3122
3.2254
-2.8167
-8.2888
-10.4227
-5.8292
4.9829
7.0437
13.8358
16.7641
12.1409
5.8694
1.2975
-0.3603
-2.4042
-8.3867
-1.9826
-1.6845
-2.4639
-3.1137
-3.6486
-1.8379
-5.6407
-6.6265
-7.6509
-10.0928
-11.5619
-12.2738
-13.1628
-13.4999
-15.0008
-13.3165
-18.3829
-22.8089
-23.7354
-16.7566
-9.2371
-7.7652
-10.2742
-5.8415
-1.0891
-5.1059
-16.0387
-18.9363
-17.1117
-13.1482
-7.1358
-4.0053
-6.7343
-19.1373
-17.0061
-16.0580
-11.2213
-7.3059
-9.9199
-18.4848
-19.0913
-16.9755
-18.9310
-16.3423
-14.3901
-3.5588
-5.7531
-8.7185
-7.5817
-3.2093
-2.9154
-6.5507
-7.2181
-10.5476
-9.4671
-13.1554
-17.2285
-15.5987
-10.0947
-9.8463
-14.7861
-17.5668
-18.0869
-13.5773
-8.0289
-3.1855
3.2126
1.8215
-2.3400
-5.2609
-5.3890
-6.7167
-7.1849
-7.5069
-6.4350
-8.7895
-4.8390
-4.8017
-5.8895
-6.1521
-1.8066
-1.4318
-5.0765
-5.7614
-1.2047
0.8131
-3.8701
-6.5011
-8.8008
-9.9669
-8.1192
-7.1102
-10.8772
-9.5419
-7.7564
-7.5230
-9.6267
-13.3696
-9.4597
-7.6629
-7.8874
-6.0934
-5.1344
-3.6522
-8.5164
-10.4258
-5.9335
-4.1190
-8.5939
-2.4742
4.1107
-3.2410
-12.4218
-15.1497
-13.4634
-6.8259
0.5767
-1.2379
-2.7247
-5.5420
-7.0284
-3.6730
2.0115
0.0080
0.9050
-2.3567
-5.2361
-5.7294
-9.7942
-8.6335
-10.5251
-10.4157
-4.6420
-5.9578
-6.4897
-13.1369
-16.0728
-17.3599
-16.1041
-16.1676
-17.0826
-5.3879
1.1758
-0.2496
-3.6243
-0.2955
-4.2707
-3.5190
-2.4260
-2.2289
1.6120
1.6790
6.1222
4.8780
0.6866
-5.4076
-9.7872
-3.0645
0.3388
-1.8277
-2.4842
-4.5263
-5.6591
-8.3292
-4.8480
-3.7809
-2.5533
-1.9764
-4.2564
-2.5795
-1.2162
-3.5065
-6.7506
-8.3419
-5.4707
-10.3339
-8.0452
-4.5303
-1.3512
0.2747
-0.0654
-1.1941
-2.6976
-4.4606
-2.4619
-3.2124
-3.1253
-2.4628
-6.1898
-5.5072
-0.1601
-3.8651
-7.9391
-8.4326
-1.0914
-0.4792
0.7382
0.3733
1.4354
0.4121
-8.0533
-3.5540
-2.2066
-3.8695
-0.5911
-2.9939
-18.0951
-16.9456
-17.6828
-17.9277
-18.2657
-14.0529
-9.8721
-2.2113
-1.4553
1.0561
2.8272
2.0149
-2.1457
-3.1954
-4.6740
-5.8575
-0.4844
-2.8822
-0.8797
0.1002
-1.3728
-4.8040
-2.5328
-0.0816
1.4604
-1.4428
1.2279
2.8689
-3.9369
-2.4678
5.0863
10.2571
7.9650
8.1687
7.5789
5.2477
3.6498
-0.3927
-0.5328
-17.7834
-14.8801
-8.7475
-4.7146
-6.1082
-6.2250
-5.8553
-5.5728
-7.9427
-8.6946
-7.8990
-4.1805
1.3183
-5.5336
-11.0486
-3.9301
-5.1741
-8.4331
-9.7541
-0.1191
3.4770
-15.4961
-21.0350
-21.7622
-22.2257
-22.9902
-13.9915
-11.4493
-12.3322
-9.9513
-10.1109
-13.0999
-10.8229
-11.2295
-9.9129
-4.5597
-4.9665
-1.7790
0.3819
-4.4289
-5.3228
-1.4916
1.4290
3.0698
4.5590
-0.5639
-4.3351
2.5611
2.4760
-0.5509
-2.1468
2.5858
1.2859
5.5613
3.5767
3.2381
2.2085
6.1013
3.6728
1.7426
-0.1319
-8.3738
-8.4459
-2.4949
-6.6754
-16.0097
-12.9429
-16.3488
-14.1630
-9.0989
-3.6714
-1.1843
-1.0923
-6.5000
-18.6817
-25.2460
-23.0463
-18.7571
-16.6931
-16.5962
-12.5025
-13.5971
-13.8151
-16.8234
-13.6554
-4.7716
-6.8466
-10.2382
-5.4359
-0.7114
-5.0146
-5.3212
-3.5247
-2.8693
-2.7826
-6.0627
-7.1426
-0.3696
0.1025
-0.0575
-2.0358
-4.0789
-9.6279
-5.8032
-6.1621
-6.0744
-8.7460
-12.3940
-13.7594
-10.1317
-8.0594
-8.5749
-9.4317
-10.2937
-10.6705
-5.9730
-3.5712
-2.6069
2.1093
-3.0958
-4.8439
-7.0363
-10.2025
-11.0065
-10.4416
-13.3959
-12.4044
-4.7879
-1.8701
-6.0088
-9.7996
-2.0182
0.8935
4.2323
0.4828
-0.3171
-1.1501
1.9956
4.8685
0.8582
0.0464
5.6094
0.8042
-2.7864
-5.4976
-4.3583
-7.6458
-8.4363
-5.3111
-4.3718
-6.8345
-15.0489
-15.6697
-15.7093
-12.6761
-7.8356
-7.8535
-10.0319
-5.9475
-1.6728
1.0033
-3.6390
-10.2444
-13.5627
-14.9952
-5.4706
-10.5661
-11.7277
-1.1466
-0.9128
-1.1742
1.5020
-0.3983
-5.5155
-10.0850
-8.5189
-6.4854
-12.0817
-11.1424
-4.9438
-2.4547
-2.3738
-3.2949
-11.1234
-15.8760
-13.4821
-5.7573
0.3348
2.9509
0.4644
-4.6224
-2.8101
2.0521
0.5469
-4.9081
-2.1414
-4.9800
-4.4902
-3.9386
-3.9732
-3.9699
-5.1602
-6.5636
-3.0413
-0.6009
-4.8190
-3.5405
-4.7036
-6.4474
-4.5416
3.3948
2.7975
3.1602
-3.4444
-8.9364
-9.0453
-5.1488
-3.4617
-3.7441
-10.5409
-12.0098
-12.4226
-7.4656
2.3356
-0.1488
-3.8472
-7.0756
-8.6208
-6.8526
-4.2020
-4.3668
-4.1595
-1.3027
1.9367
-0.1753
-1.9546
2.0810
-0.3581
-3.9020
-8.6562
-8.5765
-10.6309
-13.3919
-14.8570
-11.8575
-15.4504
-16.9898
-11.7376
-7.4781
-9.6958
-7.4976
-9.8484
-5.4540
-2.5054
-6.7655
-10.9149
-8.7354
-6.1703
-4.5167

Coefficient 26:
0.2250
-2.5101
-3.1446
-4.9135
-7.5043
-3.0319
0.0729
-1.7690
-4.3005
-2.1540
-1.8352
-4.1150
-9.9052
-1.1095
6.5525
9.4704
2.5976
5.3965
6.4657
8.3853
4.7886
-3.1659
-7.4024
-4.3987
-5.7527
-5.5686
-4.6150
-5.3843
-4.7048
-2.5770
-1.8185
-1.1095
0.3118
9.5711
1.2668
-10.2014
-12.0302
-3.6024
-1.4113
-2.1393
-1.7642
-4.8195
-25.3259
-35.3886
-24.0364
-15.5836
-9.4092
-2.7945
0.2121
0.9670
0.2245
-2.4055
-0.2145
3.8604
-1.9571
-5.2544
-10.2331
-6.7826
-1.3201
0.4961
-0.9605
-4.6014
-6.2418
-9.3002
-11.3971
-12.7043
-8.1064
-10.2400
-10.9951
-7.2101
-5.7432
-4.7655
-7.6806
-5.3060
14.8955
5.9430
3.0509
5.2109
2.1184
-5.7845
-10.1476
-11.2976
-3.6430
-2.3611
-0.7482
-1.7807
-2.3131
-1.0072
-2.8985
-5.8603
-6.4525
-5.6556
-5.1469
-3.4446
1.1757
4.0073
1.0616
-7.1351
-6.3691
-4.3181
-4.7516
-0.2587
-1.7729
-2.4208
-6.1848
-2.8935
1.1317
-0.5275
-3.8757
-5.0745
-3.8808
2.1744
4.1180
3.5161
5.0412
3.0633
3.5581
1.8243
-3.9909
-8.2344
-9.5544
-9.6242
-6.0571
-9.5330
-3.9682
-3.4556
-2.1959
-1.7973
-1.5242
-0.9983
-1.0646
1.0766
0.0531
-7.9050
-2.7893
-0.9918
3.1233
-5.4701
-4.7267
-0.6991
-2.1380
-6.1748
-12.3429
-10.3640
-10.7373
-11.4419
-10.6192
-7.2108
-6.7043
-9.6359
-9.4379
-8.0756
-4.8267
-6.3676
-4.8943
-1.7842
-0.3256
-2.7903
-1.4711
-0.8343
4.1245
1.2720
-5.4597
-12.0296
-7.9259
-11.1791
-0.7377
5.5658
-0.0189
-6.8501
-3.5013
-3.4741
-5.0018
3.6914
7.3297
0.2575
-3.2248
-2.9693
-2.8496
-2.5824
-3.4612
-2.2940
-1.2276
-2.8847
-2.3793
-2.6183
-3.0754
-4.3141
-3.8754
1.0205
4.7563
0.9531
-6.1108
-7.1701
-2.9504
-4.4007
-2.3974
-0.8902
2.2635
-1.2714
-1.4684
-0.6458
-5.7270
3.4401
0.5764
1.1513
3.2028
-0.2483
-2.8804
-4.4786
-3.9546
-6.8292
-10.5184
-16.2392
-20.7978
-14.6709
-4.2965
3.3728
7.5145
9.2312
8.6872
4.1428
1.7350
3.5510
10.0510
5.4204
-1.2375
-3.7266
-10.9619
-5.2340
-1.5565
-5.6575
-4.2640
-0.6921
2.4535
4.2976
2.4227
1.6547
5.1678
0.3811
-6.8923
-6.1745
-6.0491
-7.0486
-2.1925
-5.8343
-5.6985
-3.2974
-2.7889
5.3358
12.5464
5.9367
-0.7618
-4.1912
0.9264
-2.1809
-5.4107
-3.2099
-1.1357
-4.7047
-4.2810
-4.8967
-3.9172
-4.1247
-3.5891
-1.1807
1.5979
2.6657
3.1962
2.1855
2.8239
4.1453
3.3172
1.3737
-0.2136
3.1645
3.0069
7.1205
3.0880
0.7704
-2.7430
-5.2221
-5.3817
-5.5338
-8.4168
-6.3529
-2.3103
-1.3005
-2.3902
1.3756
7.5644
-1.4874
-6.4881
-5.3500
-7.7155
-8.3979
-5.6709
-1.4116
-2.8346
-6.1640
-3.3292
3.0759
8.9177
4.4169
-1.7065
-7.1832
-7.3206
0.1650
-2.0356
0.4510
5.0990
4.8402
-0.5753
-4.1190
-3.5188
-3.8175
-6.0543
-7.8985
-6.9257
-10.1352
-9.8569
-9.6769
-9.6801
-11.8488
-13.9124
-9.0277
-2.0940
0.3206
-2.4329
-6.4727
-6.9300
-7.6514
-3.6654
-1.1712
-0.2894
2.1271
1.6492
-3.4932
-2.0769
0.5513
1.4367
-1.9997
-3.5349
1.2607
4.5599
2.7767
-3.4397
-7.1111
-6.4377
0.7313
0.5474
6.4117
4.8463
6.7940
11.3867
8.9272
5.9564
2.4882
-1.6724
-8.1719
-1.8997
-0.3548
4.1061
9.1496
4.8951
-1.4838
-1.8539
-6.7193
-8.7605
-9.2206
-8.1350
-4.8072
4.5027
2.1733
-2.3659
-2.9680
-1.3213
-0.9739
-5.1499
-6.8499
-7.7322
-8.3920
-6.3633
-2.4280
-0.7916
1.4147
7.5593
9.7558
3.5070
1.3910
-8.3737
-3.9940
4.9773
5.1585
3.0705
2.3874
-3.7918
-3.7894
3.8482
6.4123
3.5995
-0.7230
-2.7784
-4.2394
-7.4253
-7.2713
-5.2965
-1.4340
-2.5449
0.7947
4.1169
2.9974
2.0760
6.4563
8.7583
7.1135
1.3377
0.1282
0.3386
-1.2465
-4.1655
-3.5187
-3.4501
-3.9397
-5.2441
-5.3865
-3.4410
-0.9274
2.9791
4.8739
-1.4950
-3.1856
-0.1708
-0.4192
1.1433
2.2402
3.8498
-2.5466
-2.6142
-4.2576
-8.1279
-9.8036
-7.0691
-13.7630
-14.4746
-9.6580
-4.3989
-1.4288
0.0156
-1.1810
-1.7568
0.7397
2.4124
1.8650
-2.8237
-1.3533
-1.8038
-5.3006
-5.4235
-3.6695
-6.7553
-3.8518
0.1359
-1.7743
3.8035
-0.4309
-4.5309
-1.7348
-3.2178
-0.0860
2.8427
4.1046
2.7661
5.7823
3.2601
1.3760
-0.1386
-7.0008
-1.7300
0.1360
-4.5726
-10.5155
-6.6499
-3.7483
-4.9077
-1.8436
-3.5794
-4.4624
-6.1345
-3.5159
-3.8353
-2.3399
-2.5920
3.1187
10.2377
3.3546
-0.4324
-1.6696
-0.1533
-3.1902
-5.4169
-4.9107
-1.3290
-0.0557
3.3373
7.0096
1.4491
0.6953
2.3888
2.8635
7.1354
7.9675
9.9621
2.6841
-8.1782
-8.1222
-2.7832
-8.2306
-11.0583
-3.9236
-7.8287
-12.4851
-10.7154
-3.1445
-4.1520
0.7656
1.4038
-1.1624
-0.7452
6.0899
11.3623
8.4027
1.0077
0.5567
-1.4304
-1.1859
-6.6205
-9.9318
-13.0328
-12.8825
-14.4610
-14.7034
-8.7419
-5.0228
-3.4995
-2.9988
-5.5877
-5.7918
-12.5240
-20.1704
-17.9179
-14.8530
-12.5428
-14.3682
-12.7773
-1.8735
-2.1048
0.5785
4.7017
3.0277
1.5669
-0.3000
-1.3492
-2.6338
-2.9332
3.7881
7.9295
4.0295
3.7848
7.6843
7.3792
-2.7284
-8.3004
-7.1431
-1.1009
2.2458
2.1402
-0.8311
-2.7650
-7.8898
-5.1198
1.6042
-0.9085
-2.9675
-3.8331
-7.7583
-10.9936
-17.6001
-10.1418
-3.0879
-1.1450
1.0445
3.0281
6.9743
9.3578
7.7693
7.7987
6.9602
7.3809
7.7343
-2.8186
-9.5684
-8.0432
-6.3651
-9.3551
-13.4639
-7.6007
-10.2146
-6.9964
-8.4849
-11.1444
-7.2209
-3.2948
-4.9736
-5.0947
-7.2937
-8.1308
-10.4720
-7.0421
-4.3246
-7.6051
-7.5275
-9.0979
-7.9405
-2.5710
2.5938
0.4994
2.8208
4.8909
7.4322
12.0504
10.5626
1.8729
-4.5940
-1.7477
-3.7396
-5.6344
-3.6421
-2.2102
-6.5760
-10.1747
-11.7234
-7.6365
-6.4503
-2.1093
4.4528
3.5109
-4.0058
-2.6218
-3.5679
-3.3328
4.1379
8.0911
3.8244
3.3850
0.6329
-3.9855
7.2782
9.1400
5.0902
7.3126
11.1457
9.6259
3.9783
0.4853
4.5752
3.2812
0.1759
1.4440
0.0032
-0.0966
-1.0687
-2.9613
-1.2993
1.8690
0.3074
-10.1639
-11.9905
-10.3053
-6.2909
-2.2481
-1.3635
-4.5927
-6.5738
-5.6024
-3.9066
-10.6668
-12.5984
-10.1173
-6.0403
-1.5387
1.4347
2.6575
3.3518
2.9136
7.1142
4.4534
-1.7702
-3.2005
-2.4280
-3.7805
-11.7929
-11.8700
-15.1184
-14.0723
-12.6371
-12.5246
-10.4718
-9.7843
-8.6614
-10.0380
-10.3967
-6.5333
-3.4075
-6.0040
-4.3104
-1.6056
-2.2631
0.2643
-2.0691
-0.6078
6.5394
0.7781
-4.2589
-1.2360
1.4285
-0.8601
0.8993
-0.8286
-0.8589
-1.4963
-0.5887
0.0316
0.2231
-7.1133
-1.9239
0.6757
3.0086
3.1076
-3.5422
-13.7702
-12.4868
-14.7167
-14.7278
-10.1617
-6.5844
-3.8268
3.2668
1.7943
-2.1427
-1.7562
-0.2994
-0.9447
-1.5370
2.0235
-0.1240
-1.7092
3.2528
9.3649
9.7418
4.4671
5.0148
7.7909
4.4341
-1.9674
-4.7717
-3.2908
-4.1320
-5.5319
-8.3521
-11.6586
-7.6464
-4.4132
-4.9139
-5.2829
-4.2165
-4.2165
-6.6406
-2.9547
-1.7762
0.5034
-0.0253
-1.0617
-2.0990
-2.9178
-6.2240
-6.3243
-2.9591
-4.9649
-2.0030
-5.9672
-8.2531
-3.8606
-3.4181
-5.7065
-2.5494
-5.0519
-7.1751
-3.4015
-7.6856
-14.9073
-11.5662
-10.2308
-6.0248
-2.1905
-3.1366
-1.5515
-2.4497
-5.3522
-6.2904
-3.7763
-1.8681
1.1043
5.5368
4.1381
0.0835
-5.3999
-4.7124
-3.1244
-0.9132
-3.1925
-3.9319
-2.0988
4.0035
5.5358
5.3993
7.3072
11.1181
11.1711
10.2770
5.7665
3.5374
7.6131
9.0997
1.5635
-0.8351
-3.5504
-2.2624
-3.2187
-8.1749
-5.2020
-5.7375
-2.6018
-1.3269
-2.9132
-1.4462
-4.7819
-10.6055
-12.8229
-14.2749
-13.4121
-15.9953
-17.6955
-19.1703
-20.8240
-15.5543
-4.8939
-2.4558
-2.2321
0.2261
-0.2242
-2.9955
-3.7239
-0.1051
1.3814
1.3786
3.3337
6.2733
4.3931
-0.9569
-4.1422
-9.4831
-10.2586
-14.3455
-12.7551
-10.7875
-9.6692
-6.7969
-6.1389
-10.0851
-12.5092
-4.9765
-1.5192
-0.3277
-1.9190
0.3212
2.2132
6.4875
6.4806
1.1311
4.1556
1.8062
-5.4619
-9.0679
-9.6712
-3.4547
-7.1961
-6.4564
-0.1119
2.2338
-1.4066
-3.6128
-4.6699
-5.6074
-4.4172
-0.9956
1.6673
-2.4553
-0.8930
4.4429
1.4106
0.8645
-0.4780
-0.5816
-1.6114
-5.0263
-0.6680
-2.6959
-5.2914
-6.8086
-2.7384
-2.4612
-3.7692
-1.5906
-1.2003
-3.1927
-4.6476
-9.5236
-13.4657
-12.4934
-11.6597
-9.7175
-11.1769
-9.8556
-3.1794
1.7932
1.5180
-3.3690
5.1937
0.2148
-1.4455
-0.9779
-4.8378
-8.2151
-6.8649
-4.8362
-4.2775
0.8972
5.1422
6.1609
3.7484
5.4819
2.0178
-3.9630
-3.0348
-6.5981
-12.0017
-7.9446
-5.0942
1.7660
4.1386
1.0784
0.2551
-0.7697
-0.7106
-7.0408
-6.0610
-5.1595
-6.0055
-9.7569
-7.6113
-6.5958
-5.4790
-4.0593
-2.1333
-1.2072
1.8528
4.8501
1.7929
-4.1916
-2.9751
-8.6595
-9.4177
-14.6140
-11.1437
-8.2682
-11.0472
-9.1892
-4.6188
-1.8719
-4.1920
-7.3902
-5.8030
0.0753
2.8864
0.8862
0.2203
2.4616
5.7194
7.4055
0.6405
-0.4097
0.1202
-4.6375
-1.9000
-0.4102
1.3399
-0.0591
-3.1258
-5.8175
-5.5536
-6.5431
-5.2594
-0.2486
5.5901
-3.2931
-4.0256
-2.1339
-1.8492
-3.5407
-4.3928
-3.2336
-5.6700
-8.2229
-8.4711
-3.6780
-2.5445
-0.5466
-3.6523
0.0479
5.6459
3.7811
-2.6516
-5.8926
-6.0696
-8.6136
-11.4783
-15.6004
-12.6760
-4.7240
-2.1749
-7.0899
-6.6634
-2.3450
-1.6448
3.7911
8.2315
11.1619
8.6266
7.3028
3.4558
-0.3179
-4.5109
-5.6858
-8.7784
-5.2234
-4.3881
-4.8567
-0.7357
1.3939
-3.2103
-4.9295
0.3946
-3.8328
-4.6613
-3.7231
0.4047
6.3650
5.3989
7.0261
8.3537
5.5345
2.8003
0.4150
-3.7308
0.0496
5.1671
9.9674
12.0195
18.4142
15.6989
6.7208
3.4993
2.2081
9.3131
10.0910
3.9131
-0.5112
-3.4074
-5.0156
-4.8843
-7.8925
-6.0525
-3.6223
-6.2483
-15.4201
-15.2433
-10.4075
-4.8957
-2.4159
0.4513
3.0270
3.5316
1.5867
1.3112
3.7029
-5.7651
-5.6249
-7.2291
-7.4484
-6.1145
-5.3939
-6.2450
-5.4054
-4.6051
-12.1306
-16.8442
-11.5209
-3.8409
1.9681
2.7722
-4.7018
-7.5330
-2.3984
4.7798
5.8338
1.8332
3.9093
9.4804
10.4480
6.9245
2.8750
3.7994
6.5318
4.1367
-1.9859
-2.2179
-2.0347
3.7260
5.6497
4.0934
6.8914
6.9854
4.1113
0.2007
1.8204
1.3491
-2.6118
-6.8216
-6.0895
-9.3997
-1.7988
-3.4422
-8.5477
-9.0711
-6.7729
-1.6570
0.3823
-1.8491
9.8606
10.3341
8.3124
2.7886
1.4665
6.6952
4.9251
-3.0409
-4.8551
-3.5271
-2.3737
-0.8063
-4.1085
-11.2751
-8.2863
-3.1648
-4.6164
-7.8986
-7.3083
-4.1383
-5.6933
-8.7304
-11.1423
-6.7646
-4.2688
-4.4440
-3.3560
-2.7323
-6.8007
-5.2582
-4.0211
-5.8001
-8.2632
-12.8807
-14.9106
-12.0381
-8.5485
-8.4191
-8.1724
-6.7272
-10.4944
-12.6317
-11.4897
-7.8384
-10.3313
-12.9187
-4.8097
3.2794
5.5751
3.6085
-1.4023
-8.7640
-6.5307
-1.8439
1.0643
-2.5707
-6.2980
-3.6683
4.9584
12.7873
7.8097
-4.2180
-4.9522
-0.4738
6.2010
3.7574
1.6306
4.6575
3.7848
-1.9199
-2.5566
3.5813
1.2165
-6.4557
-5.7551
-5.0932
-7.7041
-10.0506
-6.2818
-7.6293
-9.9737
-5.9604
-3.8135
-5.8863
-8.0745
-11.5130
-9.2310
-3.2399
-5.4799
-2.7012
-3.8442
-2.3348
-9.9911
-17.9639
-6.5356
1.6873
0.5340
-7.5091
-3.4947
-1.5180
-8.4851
-10.0206
-11.7197
-19.8356
-21.0739
-15.6410
-10.7046
-15.9918
-15.4078
-4.3416
4.5573
3.9835
-4.1419
1.3097
0.3070
-2.3178
-5.4771
-4.4336
2.6971
2.0044
-1.2893
-0.7713
-2.6892
-1.1409
-3.2276
-3.0218
1.0734
6.2657
2.8895
1.1302
1.1156
2.5546
0.4757
-1.3169
-3.9219
-10.4083
-16.1705
-15.9928
-14.2434
-13.9384
-10.6341
-5.6477
-3.9658
-4.6433
1.9283
3.5500
0.2852
-1.9362
3.9751
4.3817
4.5800
3.8246
-1.0013
-5.6554
-4.3355
1.4447
-3.0028
-4.7761
-1.8590
-0.1903
-2.0980
-4.2947
-0.4396
-2.0147
-1.4415
-0.0013
-2.4195
-5.3467
-8.3780
-8.1138
-5.4744
-3.0418
-4.5681
-3.9897
-0.5971
5.0058
4.5051
2.0171
4.3907
3.4641
-7.3735
-9.2027
-5.1068
0.9788
4.4009

Coefficient 27:
0.1642
1.0630
-0.7380
-2.5351
-6.5402
-5.8785
-3.9257
-7.0856
-5.5270
-1.2287
-7.2426
-14.1479
-18.1379
-14.8161
-2.1481
2.2413
-0.6019
-4.5735
-1.3944
1.2293
-4.7625
-6.8607
-6.0770
1.1620
5.2644
-1.7975
-3.9166
-1.9440
-2.6709
-4.1839
-2.8214
1.2124
-0.0259
-3.6402
-5.7916
-5.2076
-0.1500
0.0342
-18.1468
-25.5711
-22.8362
-15.3001
-9.0956
1.2199
5.3254
2.9255
-1.5597
1.1720
1.2046
6.1855
8.6202
4.3853
2.7325
5.9217
6.3012
-4.0081
-8.6784
-11.4176
-11.8827
-8.2314
-5.5651
-6.5538
-11.4053
-13.1564
-13.8330
-3.5523
6.1056
4.9668
10.6887
11.4138
10.6750
11.4662
10.1237
11.4570
6.1825
8.1300
8.4522
4.2650
3.0999
0.6349
-1.9488
-2.4725
-0.3318
0.1383
0.3457
-1.9111
-3.6365
-1.3597
-2.2472
-3.3873
-4.5728
-5.4048
-2.6833
-3.3021
0.6768
4.3113
2.3973
-0.9589
-6.0272
-4.9990
-1.1111
-2.6422
-5.2903
-1.8507
-3.3824
-4.0457
-3.7962
-1.4326
-2.2772
-1.1758
1.7858
-1.0304
-0.8858
3.4266
1.3920
-5.6016
-10.4436
-11.6101
-13.7029
-8.0741
-2.6720
-2.4619
-5.2864
-9.7318
-10.2264
-4.7486
-3.1416
-3.1013
-2.0237
-3.2585
-10.7382
-16.6751
-12.0565
-8.0889
-1.7934
-4.0495
-5.1091
6.3657
3.6192
6.1352
6.7390
7.7001
5.3864
-3.3192
-6.8108
-9.0852
-6.6691
-0.6346
10.0005
13.8048
6.3946
0.7742
2.8573
5.2167
5.5735
-0.0964
-2.8502
-8.8332
-7.2303
-3.0163
-0.0095
-0.5320
-6.5377
-13.4436
-14.8240
-17.7761
-7.0055
-2.3883
-2.8369
-9.2130
-8.0386
-6.2179
-2.4104
-0.7315
0.6919
-3.6477
-5.0445
-1.3154
-3.9955
-4.1338
-1.8369
-2.7557
-2.7641
-4.2178
-4.5426
-7.3912
-3.4223
-3.0402
-2.7648
0.4746
2.9952
0.3146
-0.7850
-1.3667
-0.3295
-5.8585
-3.0011
0.6137
-0.1682
3.4092
-2.2925
-1.6303
-2.5404
-5.2008
-5.2878
-5.9251
6.5401
11.4531
12.9214
14.3277
10.8309
8.0813
5.0039
9.6412
13.7625
12.6818
8.1366
5.1007
3.8090
4.9053
7.5836
7.6627
7.1382
3.6759
-1.7568
-2.9671
-6.9246
-7.5440
-12.3726
-5.8750
5.1708
13.7419
13.9331
9.0349
5.6286
3.7357
5.3170
10.2332
7.6376
6.4074
3.1121
6.0036
6.2389
1.0304
1.8061
17.8545
18.9030
16.2526
14.0944
1.9590
-3.5345
-3.8362
-5.2534
-4.1131
3.5298
3.5076
5.6313
3.0570
-1.7090
2.7605
1.7377
1.7144
7.3817
11.1253
12.9410
7.1561
-2.0901
0.7990
3.6653
-4.7866
-10.2809
-6.2268
2.4856
5.5412
3.5449
-2.7289
-3.7595
-0.8186
2.3838
9.8257
8.4554
6.0563
3.8128
2.4085
-2.1369
-2.3002
-0.8338
-1.5035
-0.5231
2.9716
2.7572
-4.1456
-6.1705
-6.0162
-11.4084
-9.9017
-3.1088
1.2794
-3.4130
-12.9073
-10.5358
-5.5302
-4.8770
-8.0051
-14.3503
-11.3387
-5.9770
6.8898
-1.9847
0.2500
-0.0118
-3.9568
-5.9218
1.7419
1.1709
2.5456
-0.3957
9.2625
13.8858
13.6806
10.2885
2.1321
-8.4728
-4.9808
-2.3274
1.5629
5.2840
6.1627
3.1062
-2.5666
-6.9608
-8.4295
-3.3449
-2.4509
-1.6672
-1.1824
-0.9554
-1.7942
-0.6675
0.0873
4.4221
8.2045
6.3704
-0.5094
-4.6062
-5.0061
-3.9829
-5.3682
-4.3404
-1.8297
-6.2985
-2.4398
-6.9464
-9.7451
-11.1010
-11.9621
-13.3141
-11.9540
-9.8690
-9.7636
-16.4952
-14.5963
-11.7436
-7.6638
-7.3694
-8.4231
-6.7855
-8.3002
-8.2609
-9.8711
-2.8044
6.0080
9.3977
13.4838
14.5789
13.1899
9.0835
5.8758
5.7956
5.6197
2.7541
0.8411
1.3288
7.6932
2.8337
-0.6883
-4.3983
-9.5045
-5.8745
-2.1693
-5.8519
-1.0564
0.8122
1.9718
0.0226
-2.1929
-5.6904
-7.1769
-6.8267
-6.0641
-9.4591
-7.5805
1.6625
3.0773
3.4767
4.9190
6.2457
1.4236
-4.3804
-5.6893
-6.8258
-7.8337
-0.7264
-0.5881
-3.6172
-5.6963
-8.5137
-6.8637
-4.5124
-3.6629
-3.1897
-0.7263
-2.3009
-2.5747
-0.4479
-3.2856
-6.6872
-5.6775
-1.1277
5.8615
1.5644
-3.7784
-7.5125
-9.4013
-4.8863
1.0053
2.5991
1.6019
1.8112
-0.4667
-0.7359
4.1164
0.0590
-3.6345
-7.6268
-16.2381
-14.8469
-11.2074
-1.9844
6.1155
7.0882
9.6722
8.6183
4.0266
-0.7452
-4.5859
-4.9291
-4.6434
-4.1287
-4.5573
-5.0498
-2.6792
-3.4945
-2.2663
2.3149
4.2674
2.5105
0.3050
1.9304
4.3189
8.6799
2.4930
-1.7341
-2.1988
-4.8928
-6.5712
-7.8013
-6.3091
1.4827
4.1710
-0.5571
-5.1295
-2.7244
-3.5504
-1.6890
-2.5988
-2.3178
-3.3648
-5.8357
-4.7033
-4.8129
-1.7214
-4.5748
-5.4044
2.5967
-0.0727
1.7411
1.0532
-4.7638
0.4902
4.2011
5.3086
5.5380
-1.5191
-2.2829
6.6078
1.9842
6.2039
5.5935
1.5493
-0.9628
-0.4912
0.7209
0.8052
-3.4067
-6.6305
-2.4979
6.9271
6.9216
0.4209
2.9146
7.5204
4.8531
-5.1763
-11.6134
-2.8664
0.2476
-0.1389
5.7842
11.6223
9.4557
7.9380
5.0335
1.0723
9.6997
11.8149
11.6494
8.0201
5.7471
7.7577
11.6990
8.4741
7.6953
4.5582
3.0489
3.8395
5.4413
6.2504
6.5719
3.0751
3.9162
1.4855
-0.5021
-1.4290
3.2325
6.3880
5.5667
7.5678
8.4274
3.6422
1.5954
0.5049
-1.9242
-1.3711
0.6628
-4.2014
-3.5311
-2.4378
-1.2715
0.0919
2.6403
2.0156
3.0259
-5.0863
-11.5364
-15.9114
-18.8472
-14.1273
-6.1233
-3.1984
0.4746
1.8382
-3.6344
2.6332
4.3578
-1.5729
-11.7108
-13.7095
-8.0648
-2.1652
0.8331
3.5558
8.2707
15.3212
14.9597
11.4000
10.7007
5.4320
4.2769
11.9670
9.8229
15.1681
14.3905
8.7013
5.4629
4.1280
2.0302
1.5798
2.9238
2.0038
-0.9983
-0.7697
-2.5743
-0.9700
0.7818
-1.2095
-5.7056
-2.5600
3.3119
5.3973
1.7011
-0.0669
0.1165
2.9399
2.3448
3.1637
-1.0502
-9.3866
-8.8008
-7.9980
-4.2501
-4.2493
-2.5982
-2.6034
-5.1868
-10.6582
-6.7873
-1.7091
-2.7980
-9.2316
-12.0983
-7.6986
-5.8389
-6.6104
-5.1781
2.1941
9.0432
6.1868
1.4168
-1.1294
9.9431
10.0071
8.9066
4.5931
1.7293
-0.4317
-0.3367
2.5030
-1.1378
-4.0601
3.9095
2.7409
-2.3805
1.2456
4.8212
4.4752
-1.7406
0.0960
5.7779
1.1299
0.7760
1.2910
-1.3909
-0.6308
0.5724
0.8987
-0.4018
-1.5021
-5.7983
-3.0121
3.8685
6.7997
1.0093
-1.8148
-0.3245
1.3235
2.5359
5.4625
9.8184
8.8996
3.6594
4.3930
8.7927
6.8079
6.2296
8.1597
4.7574
10.1125
15.9043
6.5377
-6.2866
-3.8651
-2.1086
-3.1059
-1.2289
3.0848
2.2338
0.9109
5.4231
10.1767
11.6074
8.6874
3.0767
-1.5370
-2.7986
-2.7587
-6.1554
-10.1564
-6.8918
-3.5291
-7.9948
-10.0395
-14.1328
-14.1985
-7.4657
0.4159
1.5405
0.9854
-0.0742
3.6510
-3.4248
2.1604
4.4824
3.1743
6.2509
-0.0768
-2.0571
-3.9155
-11.7279
-11.8953
-8.0488
-2.6555
-0.1037
-2.5278
-5.1022
-5.6440
-6.9490
-7.6272
-3.4908
-1.6804
1.7245
1.3694
0.8380
6.5615
10.5763
0.2512
-1.5955
-3.6846
-3.8156
-3.9922
-1.0469
5.8250
11.2158
4.3574
-5.9154
-10.5003
-12.3492
-9.1693
-9.2982
-12.1610
-8.5180
0.6787
3.8628
0.3145
3.5981
9.5138
9.0910
3.7228
-0.6639
-4.7501
-2.3020
-0.7994
-2.6623
-6.2550
-2.4108
-0.8451
-2.6664
-1.4355
-1.3522
-0.6397
-3.3275
-7.2635
-5.4371
-1.6050
-4.7742
-2.7131
-5.6133
-9.5147
-1.7189
-3.2355
-3.7267
0.8932
0.0943
0.0709
3.9680
1.5952
3.6609
-0.7299
-10.6976
-12.1701
-11.2440
-12.8062
-7.3198
-0.9814
-2.1703
-1.9648
-1.4987
-4.3261
-4.2944
0.3162
0.8488
-0.2058
-1.0387
0.0679
-2.6168
-5.6872
-7.3201
-7.8487
-4.6913
-0.1432
2.1124
-4.5540
-3.2044
-0.8818
-2.2900
-4.5350
-5.1026
-2.8938
-1.1889
-7.4406
-9.4090
-6.2716
-4.4268
-0.9554
0.0112
2.6916
3.8294
0.3799
-1.6883
-1.0871
0.6360
-2.8046
-4.9543
-6.1768
-5.4098
-3.2190
-7.9079
-8.3873
-4.3779
1.9265
3.1644
3.0599
4.1370
3.6314
0.3301
1.2005
5.5466
2.1589
-1.6269
-5.8866
-7.7405
-7.3050
-6.1319
-1.9118
-1.8868
-2.6744
-1.9313
-3.4807
-4.8422
-2.7579
-1.2054
-3.3151
7.5222
11.6103
0.8437
-1.6955
-0.9904
-1.8722
0.0596
5.5615
1.5056
0.0680
-5.7576
0.6706
3.5994
1.9940
-6.1718
-12.4809
-4.9422
3.3061
-1.3359
-5.2974
0.2473
2.7291
-2.1712
1.6859
3.7952
1.6742
1.5411
-3.0198
-9.0584
-10.6397
-9.1908
-6.8415
-7.2510
-8.9879
-4.7546
-2.3779
-3.8698
-2.9439
1.6893
4.2042
-0.8886
-2.3368
-4.7873
-6.6874
-4.2771
-9.1631
-9.2327
-4.8686
-6.5793
-5.7212
-5.1363
-5.2281
-6.0732
-4.8011
-6.1965
-2.6957
-2.6537
-7.4575
-6.6799
-5.2365
-0.1084
-2.6137
-4.9278
-5.4574
-11.8456
-15.0814
-6.6105
-3.9495
2.1713
2.9588
3.9938
3.6512
0.7941
-2.4453
-3.5293
-6.1029
-5.2313
-1.0729
2.6701
4.0091
1.5450
-1.0199
-4.5027
-4.4367
0.5497
0.4479
-1.5806
-2.0531
0.2149
-1.4769
-2.9939
-0.9518
1.0798
-1.1235
-1.3124
0.2122
-0.6318
-5.8993
-7.7862
-2.7581
6.3506
4.4568
2.9986
5.3406
10.7514
12.2347
9.6661
0.5341
-4.6047
-8.4407
-6.1945
-7.4957
-8.0626
-5.4700
-2.5551
-0.4729
-2.9420
-10.2449
-12.8359
-10.1125
-6.1047
-3.0209
-1.7391
-1.9526
-2.9637
-0.7062
2.6380
3.6503
1.3075
3.1345
0.9167
-5.3586
-8.9351
-8.4358
-4.3614
0.3189
-2.6162
-4.2801
-1.2370
-2.2855
-5.3868
-5.7777
-2.1891
1.9469
0.0293
1.0652
-1.4611
-6.7789
-1.9424
6.3550
6.1410
4.0622
-0.9304
0.1193
1.9663
0.2079
2.7344
3.1804
-0.3620
-4.4316
-3.2547
-3.0005
-3.7682
-6.7658
-3.9487
-7.1985
-2.9836
-3.3269
-7.9817
-9.5743
-11.7518
-11.2668
-13.2862
-16.6602
-16.5205
-9.4094
1.3923
0.1665
-3.4001
-4.3673
-1.6611
-2.7178
-3.2303
-4.7829
-4.0000
-0.5771
-4.8134
-8.6608
-8.8892
-4.3384
0.7018
2.3354
-0.6948
0.0464
2.9069
5.1027
4.0025
6.4123
7.7572
7.3261
5.4121
4.1452
1.9560
-3.6402
-5.6424
-4.1240
-3.3817
2.1345
-1.2669
-5.0164
-6.6254
-9.5419
-11.4409
-9.6893
-5.7291
-0.7843
0.8023
-1.9605
-2.6349
-3.8382
-6.4549
-2.9004
0.5887
-1.0262
-2.6723
-1.3474
1.8959
2.5268
-1.0990
-4.5526
-8.6672
-6.6848
-1.8782
9.2448
12.7790
2.8388
-0.4371
-2.8820
-1.1543
0.9507
-5.6071
-6.2716
2.5257
2.4067
-1.1686
-6.9948
-5.9058
-2.8628
-6.0573
-8.3020
-4.8020
-2.1658
-0.7543
-1.5303
1.4435
3.7209
3.5230
6.2888
7.2293
5.6565
2.5115
2.7881
4.6862
12.5700
5.5836
-0.5212
2.0917
-0.2164
-1.1261
2.9755
3.3924
4.5318
2.9194
-4.4094
-6.5259
-7.6675
-10.6646
-2.2850
0.0908
-1.5813
-3.8452
-4.3539
-2.2266
-3.6159
-4.1613
-1.5530
1.4188
-1.8192
-11.8201
-15.7352
-18.5012
-14.0245
-9.7983
-6.0346
-8.1182
-6.8339
-5.0020
-8.9584
-10.7197
-11.6403
-10.7666
-8.6587
-7.2539
-4.3047
-4.1374
-2.8642
-5.4369
-7.3572
-6.9678
-7.3823
-6.1277
-5.1008
-5.1840
-5.5163
-9.6605
-5.0509
-4.4519
-5.9951
-3.4045
0.1046
1.5119
-6.6846
-10.4944
-8.4334
-8.0516
-8.6085
-10.7813
-12.7867
-13.3712
-6.7624
-2.9403
-3.2423
-2.4901
-4.8550
-5.8333
-3.1809
1.2236
0.8567
-3.9457
-0.0234
6.2348
7.7825
2.6446
-1.6284
1.1076
0.4973
-1.9288
-2.2132
2.2264
1.8217
-6.4670
-4.5843
-5.8473
-4.7359
-3.5472
-2.5092
-2.6901
-9.9315
-9.4614
-12.6908
-13.6980
-12.8950
-12.6813
-10.4828
-7.8865
-6.6539
-4.0375
0.5478
6.7028
7.2559
1.5302
-6.4829
-4.5875
-3.5603
0.9337
5.6067
10.1479
14.8466
12.0548
13.6768
19.3372
21.8678
24.5338
21.5980
17.7910
21.7524
14.3909
3.9238
-1.1682
-1.3650
-0.8556
-0.0802
-1.6294
-4.0137
-5.0085
1.2232
3.7598
1.3728
2.8815
3.8751
2.4686
-2.3185
0.6198
-3.4615
-3.7720
-7.8201
-4.5284
0.6017
0.6197
1.9732
1.0145
-1.2927
-0.9096
-2.0410
-5.9626
-4.5486
-6.5916
-6.3924
-3.4640
-4.9137
-3.5883
3.2968
6.8208
1.6262
1.7401
-1.5278
-7.1798
-12.1096
-13.6862
-4.3771
2.4264
1.7014
3.7576
0.1252
-3.2670
-5.7686
-6.8236
-4.8673
-6.4307
-3.7014
-1.4016
-4.9810
-3.8578
-4.4801
-6.9037
-10.0703
-9.0100
-7.3537
7.8188
9.0658
2.3567
-0.0685
-1.6888
1.0859
10.6777
9.6058
4.7112
-1.3271
-0.8209
-5.5219
-6.9190
-5.8162

Coefficient 28:
-0.0311
-0.6823
-0.4670
-1.5019
-0.2726
-1.7801
-1.6057
-2.0449
-1.4820
-1.2411
-7.9586
-11.0473
-6.8232
-0.6503
-2.6848
0.8652
-2.1510
-11.9293
-15.5122
-11.0092
-8.2733
-5.6161
-1.9927
1.9314
-0.4535
-9.7105
-7.9274
-4.9395
-8.4692
-16.4602
-20.1689
-21.8953
-17.1294
-18.2410
-18.8288
-15.3371
-2.5016
10.3311
-3.7800
-15.5034
-15.2489
-10.4837
-10.5280
-9.6815
-8.6458
-8.0148
-4.5691
-1.4614
-0.9063
2.9613
7.0145
2.9357
-0.0464
0.3423
3.8134
-4.7811
-9.0263
-9.6286
-10.6927
-8.1293
-4.3313
-5.4422
-4.7931
-0.5326
-2.1675
-8.2874
-8.3514
-8.3447
-3.8585
-3.7486
-2.6457
2.5742
7.7227
4.0752
-11.7964
-17.2902
-20.1225
-22.6482
-16.4925
-11.6265
-10.4965
-4.4040
-1.7069
-1.8542
-0.4531
-0.2124
-1.8313
-2.2931
-4.1012
-3.7198
0.0121
-1.9557
-1.4026
0.2650
-2.9733
-3.1005
-0.8455
1.9249
-3.1575
-0.5773
1.6332
-2.1592
-4.6970
-0.0301
-0.6502
2.0270
5.4196
0.6458
-2.4882
-3.3401
-6.1193
-5.5933
-11.0755
-11.8946
-12.3674
-12.2498
-9.6900
-8.8008
-9.2137
-8.2227
-8.8259
-9.9320
-11.3980
-9.8791
-4.6337
0.3682
-4.5017
-3.6885
2.5204
0.2494
-0.2834
7.8137
6.1119
9.7617
11.0795
3.2598
2.8618
4.9959
-6.9750
-19.2574
-22.6885
-17.4460
-12.3118
-12.0294
-7.9631
-5.1097
-3.7015
-14.9725
-12.4424
-14.4513
-14.1805
-6.2173
-3.2316
-0.6762
2.5512
-0.4958
1.4653
3.3918
0.1221
4.3658
2.9132
-5.0341
-5.4720
-3.6485
-1.1844
1.7402
-2.6979
0.4090
10.0492
8.3351
6.0372
4.9802
2.9208
4.1147
1.8149
-1.4686
-1.3323
0.8151
-2.1254
-0.3014
1.9357
-2.8204
-5.8673
-7.6485
-4.1689
-3.5340
-0.4041
0.1667
-0.2874
0.4409
2.3186
-0.3354
-0.9333
0.8447
-0.1784
-4.3437
-1.0439
4.2864
-1.0500
-18.9188
-23.9912
-15.2857
-4.5898
-11.3704
-10.4904
-18.5065
-19.1975
-20.2222
-21.1374
-17.4515
-17.3435
-14.7864
-16.0189
-16.6935
-18.5369
-13.8980
-9.8801
-10.8137
-11.5751
-12.8864
-12.0816
-8.4011
-7.9752
-8.9129
-13.2322
-12.5328
-9.4078
-6.3293
-5.1054
0.6352
-3.8505
-15.3703
-14.3533
-18.3886
-20.6945
-21.8578
-17.8611
-12.6641
-12.8997
-10.0123
-6.8800
-5.0983
-2.6337
1.3709
6.0273
-6.0339
-12.4603
-12.1639
-5.7670
-3.4474
-16.3109
-18.0177
-16.1367
-13.8137
-16.5880
-15.6289
-8.7626
-10.2814
-8.0642
-10.9393
-14.0942
-16.7384
-14.9028
-7.6366
-6.3925
-8.6902
-12.1646
-9.9701
-3.1087
-6.6077
-6.8026
-0.3283
5.3676
4.9942
1.6037
1.9509
1.4403
-2.2521
4.5105
8.6321
7.9380
11.5272
5.9471
2.7671
3.6055
3.7947
1.0996
-3.2808
-2.5911
1.7940
-1.7592
9.8602
8.5184
3.7229
-1.5779
-3.3733
5.6022
10.7680
10.9078
6.8412
4.5091
4.2991
7.6722
8.2235
2.9763
-2.0198
2.0950
2.4011
-7.6930
-10.1627
-11.8189
-9.6809
-7.1367
-16.1820
-16.9656
-11.3655
-7.0039
-6.1802
-10.3331
-14.6078
-13.0788
-11.2440
-13.5955
-17.7412
-19.0653
-10.5704
-5.9198
-7.6270
-8.9754
-7.6831
-8.9244
-4.8325
-1.4317
-4.4903
-6.6301
-8.6459
-11.0599
-9.2830
-10.1907
-8.4001
-6.9143
-6.2056
-4.9639
-9.2939
-9.8219
-7.3738
-3.5605
-1.2941
2.4231
5.2247
-3.6122
-10.3394
-12.1958
-15.4049
-18.1752
-21.8625
-22.9018
-17.6494
-11.4761
-6.7878
-0.4412
1.7261
-0.0786
-2.9719
-0.2744
1.8395
3.1873
5.4277
2.5349
3.3994
2.5566
-6.6195
-13.9172
-12.0235
-8.7963
-10.0726
-13.2387
-11.7145
-21.2042
-25.3389
-20.4188
-11.0633
-5.7257
-18.6803
-16.7455
-13.4017
-9.7942
-8.8202
-7.0881
-3.7780
-2.4964
-2.2479
-13.5761
-16.3839
-16.4922
-18.6215
-21.2050
-19.3788
-17.5809
-11.7680
-4.8917
-3.6938
-5.3676
-5.2386
-4.1428
-8.4864
-5.0314
-7.8398
-10.2480
-11.6532
-9.1991
-7.8977
-5.7090
-3.8912
-2.9394
-3.2579
-2.4626
-0.2927
-2.9370
-5.7295
-6.1039
-3.0367
-4.7938
-3.6901
0.9107
-3.4049
-5.1949
-1.2954
-0.4030
5.4644
-0.2656
-6.0229
-5.1384
0.9918
1.8266
3.9005
-0.8462
-4.8411
-8.9573
-8.5093
-10.1351
-9.8100
-8.7351
-4.0271
-9.5849
-10.1637
-6.3089
-4.5478
-8.7160
-9.7410
-7.5921
-2.5748
-4.0256
-10.0723
-12.7157
-17.8933
-14.2731
-10.7986
-6.7588
-1.6092
2.3547
2.3798
-3.6665
-2.4486
-4.9563
-8.7005
-8.2228
-7.0624
-3.8467
-3.5128
-3.5360
-4.0299
-8.0642
-16.5980
-22.8733
-22.4232
-21.4756
-8.0162
-5.3395
-2.2567
-2.4955
-4.6660
-10.8660
-10.8064
-10.0174
-15.4827
-18.1713
-14.6366
-14.1455
-14.3702
-15.1529
-10.0459
-11.4963
-10.1389
-5.3445
-1.9984
-2.1245
-2.9232
-6.0089
-7.3658
-12.3876
-14.1169
-9.8576
-3.2976
-4.4875
-0.2240
-5.3824
-7.9698
-2.3335
1.1977
-0.6547
3.0754
1.0159
-0.6243
0.7427
-0.9716
-2.9279
0.4298
4.3636
0.9103
3.7809
8.0759
10.8017
12.1539
7.1214
-1.0139
-10.9110
-21.2422
-26.5990
-25.6898
-26.1205
-23.9057
-14.9508
-11.3466
-14.9771
-24.7397
-25.2706
-29.4117
-27.6055
-22.3286
-19.3572
-16.1483
-12.1977
-12.2440
-10.4354
-4.8120
0.5731
4.6562
8.8490
11.7548
5.0240
7.0896
4.0691
2.7535
3.4516
-2.2972
-2.1964
-0.2150
0.8146
-2.1885
-2.1890
-4.5934
-9.3329
-4.3073
-3.8721
-14.7773
-26.9103
-25.3942
-20.5774
-16.4809
-11.2753
-13.1128
-9.2239
-12.2203
-17.7150
-21.5080
-19.6547
-23.6673
-19.4509
-11.2453
-8.3322
-5.1793
-7.1792
-6.8816
-4.2716
-3.8135
-0.9613
0.0673
-3.5604
-1.0040
-1.6777
-0.0164
0.3718
2.1758
-0.3480
-2.3536
-0.5696
-1.2209
-2.9361
2.0045
5.2693
-5.7135
-12.8383
-8.8014
-8.2785
-6.4435
-10.3497
3.5851
-3.2187
-8.5715
-8.5493
-8.9562
-9.3053
-4.8082
-8.0974
-3.6341
5.8910
7.3373
6.9203
9.2948
8.5761
2.2620
-1.7076
0.4336
6.2766
4.5804
-0.4940
-2.2274
-2.6445
2.0432
3.4126
0.0050
-2.0449
0.3167
1.9042
-2.5269
0.4027
-0.0527
-4.4780
-10.4533
-16.0691
-13.4981
-14.1302
-15.3954
-13.8864
-8.2161
0.2659
-1.3995
-6.5953
-5.8164
0.0822
0.2456
-1.4486
-0.1502
-2.3772
-5.0517
-7.4982
-13.3778
-7.5760
-3.1677
-6.5051
-13.7025
-13.4227
-8.0136
-3.7137
-1.4219
-8.5348
-8.1172
-5.0250
-3.6484
-4.3510
-1.5170
0.1811
1.9304
-0.8357
-0.2640
1.1651
-3.3632
-4.8414
-2.3436
3.2839
6.0861
6.8044
9.5890
4.9694
0.5542
-0.3240
1.8436
5.7227
6.7797
4.0012
8.5886
11.4328
8.5227
6.7792
1.5683
0.4690
0.5059
-2.3413
-0.8002
2.2400
-1.7789
-7.6231
-7.2656
-1.1009
4.3885
3.9677
-2.5256
-1.9636
-4.7276
-14.0061
-12.3044
-9.4395
-10.8521
-9.1994
-6.7539
-10.7732
-10.8743
-8.4167
-10.2850
-11.0361
-6.1375
0.4379
-0.3652
-0.4952
2.3034
3.2661
2.2342
0.0676
4.9730
-2.6051
-9.7441
-13.9883
-13.9788
-6.9438
-6.5844
-10.4576
-7.8836
-5.9900
-10.5064
-8.3902
-8.9041
-12.2857
-15.0111
-12.1676
-10.7083
-11.8020
-11.1760
-12.0485
-8.5287
-3.2130
-1.6465
-4.5570
-2.3805
3.7558
-10.2845
-14.2406
-10.2362
-10.6887
-12.6898
-8.3317
-0.1897
5.1087
0.2194
0.4294
5.3551
10.0216
9.4889
10.3413
11.7866
9.9263
10.4601
7.3704
4.3246
1.4131
-4.0548
-9.6157
-10.6551
-10.7485
-11.0674
-0.6354
-0.3344
-4.6908
-5.4468
-2.9523
-2.9477
-2.5933
-1.3827
0.4910
0.5412
-4.5768
-6.5024
-7.3670
-5.4296
-3.7298
-0.5849
-4.2054
-8.5688
-10.4423
-17.8716
-17.3767
-9.4324
-6.7377
-15.4589
-16.8528
-12.1350
-6.3651
-4.4083
-5.4033
-18.0700
-23.4576
-20.3158
-11.9134
-0.1962
5.4844
7.2519
5.4351
-0.6555
-4.1383
-2.9257
-3.0869
-7.0744
-6.4426
-4.4845
-7.5331
-10.1363
-8.1581
-10.7270
-10.6510
-9.0410
-3.5847
-8.7816
-8.7199
-3.6959
-1.0163
-0.0955
1.0152
1.2919
2.6450
-4.6197
-10.7393
-9.8616
-7.7358
-1.3410
0.3686
2.6936
3.5247
4.5238
4.2248
4.9197
10.6053
11.8999
13.2627
14.1199
13.9973
12.2830
-1.0079
-9.3844
-8.2850
-8.4457
-6.3867
-5.8940
-5.9744
-8.3684
-11.4441
-9.3527
-4.9980
-4.2128
-1.4021
-1.5242
-12.0576
-14.8397
-10.6122
-2.5960
1.2762
3.1705
5.8653
-2.8476
-10.2540
-8.9735
-4.3622
4.7704
7.3343
8.9525
3.9139
0.0728
1.1152
0.0575
3.6647
9.5967
6.8437
7.9645
3.3119
2.5278
-2.1233
-4.0077
-8.3264
-14.3319
-7.5623
-5.0524
-4.9121
-5.3053
-8.7592
-10.5010
-9.2859
-2.4553
1.7014
2.5986
4.8136
6.4174
0.3993
-0.9476
-1.2525
0.8414
1.6474
1.6098
1.1545
0.2674
-0.4285
-0.2842
-3.2606
-1.7125
-7.0755
-5.8323
-5.1728
-5.2725
-4.4773
-5.6422
-5.4591
-7.0706
-6.1501
-3.4488
-4.1447
-4.6031
-3.2325
-0.2973
-0.2624
-0.6982
-5.2440
-4.9489
-1.7789
1.8721
-0.9955
0.2027
-0.8646
-7.6847
-12.7349
-14.7902
-7.7484
-2.7918
-4.8846
-2.1088
-5.4215
-8.3819
-10.8848
-6.2499
-1.9730
-5.7476
-10.2251
-10.8794
-5.7309
-0.3481
-5.4573
-6.6418
-5.4000
-3.2627
-2.9566
-3.5502
-2.6164
-4.6840
-3.4511
-4.9194
-8.5141
-7.4731
-8.0824
-8.6363
-6.9286
-6.7790
-4.3479
-2.9897
-3.4907
-10.1504
-8.9168
-6.9649
-6.3839
-16.2395
-21.4306
-14.3708
-8.9391
0.4831
1.2331
-1.4271
-1.8674
-2.3736
2.4333
4.6561
2.2068
1.0539
-1.0465
-3.5379
-4.7493
-1.1253
1.3189
-2.3072
-0.9082
-0.0231
-2.3584
0.4700
1.1368
-2.2392
-6.8846
0.1587
5.1840
1.4344
-2.2874
-2.9692
-4.1588
-1.8436
-0.2608
1.8005
3.6294
1.0325
-0.5289
0.5595
2.4689
-0.1538
1.5052
0.7367
-1.3422
-9.2511
-8.4658
-5.6714
-3.8520
-1.2801
-0.1132
-2.3970
-6.1154
-5.7432
-2.7993
-4.6215
-10.8469
-10.2513
-6.2531
-2.5524
-9.8507
-4.5418
6.0493
-5.6145
-3.3444
-3.3829
-3.4267
-1.9089
-2.9713
-0.8359
0.6283
3.8027
6.7391
8.0564
3.3143
-1.7578
-1.0366
-3.4532
-5.5321
-5.6081
-4.3275
-3.9563
-2.1155
0.7684
1.3883
2.0594
-0.4720
-1.1448
-1.6314
0.3362
1.0099
1.7856
2.4035
2.4912
1.3287
-2.8468
-2.0766
1.2135
2.7471
1.8352
1.4449
-7.5621
-8.8344
-6.8759
-4.7478
-1.0570
-4.1317
-2.2178
-1.8821
-3.9586
-0.9077
2.6998
1.6008
-5.4955
-4.8427
-4.1263
-5.4716
-6.4969
-7.0895
0.0564
6.9167
-1.4875
-3.2827
-6.8596
-9.2060
-8.9252
-9.3335
-8.8485
-8.0013
-2.1343
-5.3454
-18.6423
-16.0623
-8.5050
-3.2530
-13.1556
-5.8502
0.9329
-4.6124
-4.8714
-3.5935
-8.8750
-9.1926
-8.4985
-4.1920
1.8685
1.7738
3.4721
4.4978
2.7819
-0.1808
-1.4193
1.7743
2.7765
0.8248
2.1206
5.0063
4.6784
1.3766
0.9383
-2.0657
8.8384
9.0916
9.7096
4.1705
4.5472
4.0550
3.4343
-5.9433
-5.8828
-5.7900
-2.9038
-3.1179
-3.9349
-3.1813
-2.0492
-4.4800
-5.0965
1.4924
1.0384
-1.1293
0.2230
1.5038
1.5855
-2.2101
-4.6506
-6.1489
-6.0111
-7.2193
-8.5595
-10.3226
-8.0893
-9.7564
-7.3761
-9.6725
-12.3270
-8.0826
-7.7176
-9.2227
-7.7415
-7.3994
-8.7730
-6.9694
-0.1857
-2.7927
-7.2564
-6.8018
-5.2395
-5.2326
0.6012
-0.3456
-2.0404
-1.7852
2.6305
-1.0362
-0.4503
4.5678
4.6309
-1.2518
-4.4906
-0.4927
-1.0383
-3.9568
3.2145
12.8784
14.2233
8.4922
4.7695
2.8340
-3.3237
-0.1353
0.9929
-5.5362
-6.8718
-1.8696
0.8257
0.6126
-1.0542
-4.8839
-2.3985
-2.1671
-4.2209
-3.8697
-0.9609
3.0503
4.7618
5.1902
4.1307
-6.7720
-9.0273
-7.4928
0.5192
3.9497
3.4225
6.2655
7.3921
0.0877
-0.1001
2.0491
-5.1821
-4.2472
-0.6819
2.5796
6.8698
8.3368
8.5555
2.4944
-3.6167
-3.7023
-1.7699
3.9064
6.1262
0.6768
-0.1697
-2.5101
-4.8655
-6.6701
-6.3807
-12.7671
-14.2796
-15.3904
-21.8867
-20.0583
-7.9229
-3.1290
-7.1785
-4.7593
2.2039
-3.6624
-3.8734
-0.7169
0.3245
0.6388
2.5932
1.9025
0.9341
5.6543
3.2756
1.2494
-0.1669
4.4753
6.9396
7.0742
5.5952
3.9381
2.8349
-1.8087
0.8338
1.6971
3.2195
11.5392
5.6894
2.0416
4.4270
0.0918
1.3104
4.3342
3.5122
0.5479
3.0223
5.2034
3.1909
0.1441
-4.2727
-8.3315
-10.1077
-7.1432
1.2769
2.0511
-3.2383
-6.4047
0.4163
3.3670
-4.3791
-5.9149
-5.7284
-9.8153
-7.5076
-4.1175
-3.4413
3.6047
14.6404
12.3007
8.9341
6.9991
-1.9839
0.8356
-2.4631
-2.3309
0.3065
5.1926
7.9315
0.0320
3.9287
3.4771
3.0824
1.9281
-0.9771
-2.1183
1.6395

Coefficient 29:
-0.5688
0.2045
-1.6960
-1.7093
1.7003
-2.2600
-0.7926
-3.8186
-1.4078
3.1043
0.2131
1.6575
4.7644
2.5665
-1.8563
-3.0952
-3.6163
-3.1156
-5.6133
-8.2620
-10.1394
-10.7228
-7.8195
-4.0610
-5.7466
-4.5239
2.0220
1.8557
11.2396
12.5120
10.1932
3.4885
-0.4710
-12.9432
-14.5569
-16.1052
-7.9706
19.9161
21.7955
11.0590
-0.0469
-9.9094
-15.1169
-11.4530
-6.8852
-8.7722
-9.7663
-11.2044
-9.5696
-6.5625
0.2351
-0.4644
1.9446
5.5535
-1.2545
-5.0126
-6.2362
-3.4843
-2.4523
-8.3189
-12.3040
-8.8849
-3.8520
-1.0474
-3.6658
-3.3622
-3.6740
-7.9806
-12.9123
-12.3911
-13.5296
-13.4685
-7.4802
-12.4595
0.1082
5.5266
1.6304
-6.3889
-10.1156
-6.4234
-4.1979
-3.6279
-0.2559
-2.0795
-1.9806
-3.2389
1.5524
2.1850
1.5506
1.1007
1.9880
1.8770
-1.1198
-0.9264
-0.1764
2.8140
5.6280
3.6408
1.6752
0.5436
-2.8493
-4.5438
-2.3756
4.5031
4.6224
1.5080
-6.8075
-9.6195
-11.0668
-11.5428
-11.7793
-8.5760
-8.9938
-10.8817
-11.4068
-10.8858
-5.5118
-4.3182
-5.2152
-0.8259
2.2895
1.3431
-1.9019
-0.2115
-2.3191
-2.1400
-5.3652
-4.2499
-2.4391
-3.0805
5.9673
-0.9515
-2.6075
0.6650
-4.3272
-5.3172
-3.1735
-7.8657
-5.3157
1.9920
2.3798
0.2746
-1.0529
-5.0861
-0.6109
-1.5399
-1.2393
-6.9265
-1.6448
2.5293
1.9100
-10.6675
-15.0496
-13.9919
-7.3409
-9.1060
-10.0859
-6.5464
-8.7386
-5.4572
-8.0067
-10.5639
-9.4343
-4.0164
-7.8479
-13.8381
-14.4570
-16.6517
-11.9418
-9.1491
-4.1420
1.0646
0.1880
-3.2856
-2.0825
-1.4751
-1.6618
1.3163
0.2966
0.9234
-1.4238
-3.1206
-4.1766
-5.7192
-1.2224
0.7459
1.3761
-0.7437
-5.1897
-3.6887
1.8484
0.9693
0.3413
2.8393
3.8120
2.1610
-0.5453
3.7514
14.6821
15.2163
10.1688
2.2817
-0.7514
2.6725
2.2297
-3.6932
-7.1271
-3.2253
0.5389
-0.5035
-4.7622
-8.7085
-0.4923
-3.6222
-8.7777
-4.4018
-4.1567
-12.2904
-9.8330
1.4656
5.3099
-4.0748
-7.3222
-5.4449
-3.3549
-2.5927
-6.6494
-7.2380
-2.9479
0.1435
2.7316
10.2648
9.0072
6.9195
5.9501
4.3365
1.3748
1.3954
4.3506
-0.4469
0.5665
-3.0580
-2.9260
0.7157
0.0209
-4.4342
-11.9825
-10.0408
-10.0201
-0.7116
4.7149
1.0163
-3.1501
-4.0499
-1.1809
4.2746
8.7220
10.1972
2.6176
-9.1277
-11.9167
-11.7788
-13.8370
-4.9398
-6.5535
-11.4203
-13.0957
-12.5000
-7.7358
-6.1791
-6.5162
-6.4087
-11.8198
-16.4466
-14.8408
-14.8498
-17.5197
-18.2443
-12.2517
-10.1086
-4.8079
-1.2520
-5.8718
-6.2656
-1.4218
0.0452
1.6742
-0.5512
0.8852
0.2505
-6.2152
-10.2317
-12.6893
-5.8632
0.7367
-3.6935
-14.0110
-15.1253
-12.2992
-12.8443
-15.1381
-17.8069
-16.4029
-10.9996
-9.4779
-7.8188
-1.7865
2.5941
2.9510
0.5172
1.6408
-1.1168
-7.9543
-18.3007
-13.7125
-12.1199
-17.2735
-17.1172
-16.1047
-12.3191
-12.9858
-14.5705
-12.0029
-15.2852
-17.3889
-13.2875
-9.9666
-11.2730
-5.7367
-2.6212
-2.8928
-1.6685
-0.8376
-2.4000
-2.5966
-1.6423
-1.8698
-5.3912
-7.2565
-3.6672
-5.3137
-8.7218
-6.8593
-3.6397
-1.8545
0.8025
-0.8653
-4.2359
-2.4959
0.2961
5.4408
6.3866
5.7872
5.6002
5.1561
3.5295
2.3027
5.5836
13.2809
11.0793
3.3704
3.1522
-6.5072
-12.6160
-12.7150
-9.7352
-4.3009
-7.0109
-5.5978
-3.0867
-1.4161
3.9696
2.2018
-4.1933
-4.4908
-2.7161
-2.5476
2.1143
2.6298
2.5651
-1.9427
-8.9996
-9.5919
-6.5800
-3.9804
-6.9713
-4.6670
-2.6088
-6.3942
-8.3158
-4.4366
-9.4140
-3.7273
0.8348
2.2215
2.7869
0.9597
-3.9352
-5.5606
-3.1756
-1.4407
-6.8186
-14.0866
-14.7470
-17.8776
-16.5051
-7.1263
1.7859
4.4212
0.9708
0.4344
3.2363
-2.9531
-0.4268
3.3446
5.3476
8.7092
9.8510
2.3215
-3.8166
-10.7708
-6.6578
-5.7234
-4.3473
-0.7679
-3.2484
-3.4300
-3.2744
-5.5303
2.0985
3.0097
-2.8379
-6.5784
-8.3542
-12.8961
-10.2063
-10.9833
-15.8479
-15.1897
-14.7841
-16.2924
-14.0622
-14.3105
-19.7157
-19.5404
-18.0837
-12.5434
-11.1559
-8.4148
-11.8356
-12.2380
-12.2617
-13.3850
-11.7676
-9.3971
-12.3916
-8.0302
-4.4961
0.5222
3.5079
4.7844
2.3741
-1.6826
3.6349
-3.4080
-2.0761
-5.7177
-10.4977
-11.7729
-9.6832
-7.2389
0.0925
3.9297
0.8814
-3.6713
-4.6519
-9.4697
-14.0862
-9.1941
-7.8793
-3.9678
-4.2534
-8.3056
-10.5882
-9.3424
-4.2277
-0.9104
-3.3348
-4.6150
-0.9509
-0.3015
-2.6631
-9.1726
-10.9707
-11.0369
-5.0146
-2.1215
-5.0913
-6.1122
-4.2859
-3.0810
-0.1939
3.5170
3.4271
0.4912
-2.3759
-5.4873
-3.8727
-11.4549
-14.9414
-4.9524
-3.1880
-16.7281
-20.6830
-15.2459
-14.5000
-8.7992
-2.5565
-7.8026
-15.8630
-21.6325
-20.2249
-13.6781
-5.4367
-4.4651
-4.0765
-2.2038
-1.0985
-2.6732
-3.1160
-3.5061
-1.2620
-0.4022
-2.2385
0.2352
3.3035
-1.5817
1.1421
7.5311
6.9230
1.6689
-3.5778
-7.3930
-11.1548
-14.0301
-12.9035
-15.0464
-16.8637
-19.7066
-14.8377
-11.0651
-2.4205
-1.6650
-3.3706
-5.9537
-11.5605
-11.1923
-10.3395
-9.6884
-7.0249
-2.3243
-2.6876
-3.1356
-2.7047
-1.0495
-5.9307
-9.3298
-16.0584
-19.3784
-17.1248
-12.9387
-13.5458
-17.4694
-9.0960
-1.3233
-0.1057
0.0481
3.0249
3.0469
-2.9659
-6.7035
-8.7703
-11.1988
-15.1207
-12.2288
-9.7572
-5.9258
-0.5232
-1.2548
1.3236
-1.4712
-9.3813
-14.3874
-12.1330
-9.7718
-10.2459
-14.6369
-11.4543
-9.2280
-8.3228
-2.8794
-1.5416
-1.6687
-2.3693
-7.7243
-16.9858
-18.3492
-5.6035
-3.0136
-4.0512
0.7245
2.2250
-1.7803
1.8551
4.2986
3.8632
-5.2981
-9.8319
-9.2742
-8.4945
-7.8236
-3.5898
-3.2936
-6.4653
-4.5255
-1.2959
-2.1052
-1.1772
0.4857
-3.7319
-7.7254
-12.8206
-8.5770
-3.9514
-2.0381
-2.9626
-1.9137
-6.3649
-5.7138
-6.3557
-9.1329
3.3927
-2.6825
-6.8195
-13.2957
-9.3138
-3.8004
-7.7740
-12.3631
-10.6783
-5.5155
-6.8416
-10.3225
-11.0559
-8.9745
-4.8880
2.6863
-3.5773
-2.8936
-0.5061
-2.1074
-8.2259
-9.0808
-5.8599
0.1270
-2.9535
-4.7340
-5.3045
-6.0917
-6.1954
-6.3858
-0.6586
3.9301
2.0368
-1.7390
-1.5107
-7.2995
-10.6116
-11.5990
-8.1979
-6.2908
-7.4202
-5.9116
-5.3191
-7.2116
-6.1825
-5.0331
-4.7477
-4.2030
0.4185
4.5041
9.4691
4.1324
2.8595
0.7993
-3.5465
-12.0277
-12.2972
-15.8958
-15.4945
-6.9575
-8.3269
-4.8529
-6.1707
-6.1097
-4.7796
-5.0093
-5.9111
-7.7896
-9.8371
-7.4885
-9.1234
-9.7234
-4.7561
-2.4326
1.0290
-0.2309
-1.2319
-4.2113
-5.4833
-4.0549
-4.6629
-3.4378
-2.3850
-3.3084
-3.1849
-0.6155
0.2539
-0.1109
-1.2150
-1.5707
-11.0303
-15.3447
-15.5323
-7.2561
-6.1815
-4.9373
-3.8086
-9.7319
-17.1309
-13.8097
-8.0603
-9.8069
-15.1123
-17.2567
-11.6674
-7.4501
-7.1401
-9.4601
-6.9278
-4.5204
-6.8286
-12.6619
-13.6083
-14.9896
-13.0871
4.9876
4.6405
1.7540
-0.5338
0.2325
0.3910
0.6566
-6.7154
-4.5077
-1.0279
-4.7324
-11.3190
-10.6682
-8.5439
-13.5358
-14.6759
-18.1959
-17.4705
-13.7930
-12.8910
-7.4300
-2.6874
-6.9802
-12.1409
-7.5784
-7.0094
-8.4980
-8.9498
-5.6856
-4.1943
-3.0296
-4.2329
-5.9710
-5.7444
-4.7108
-3.5882
-2.2900
-3.6510
-1.5773
1.5989
-3.7748
-9.3019
-7.8174
-2.3601
-0.2780
0.1899
0.4405
-3.3243
-4.7204
-6.1767
-7.4728
-11.4657
-16.6491
-21.8833
-17.8854
-9.2603
-6.8380
-9.7568
-13.5669
-15.2324
-14.5036
-11.6421
-7.1114
-7.7046
-7.4576
-4.7744
-2.3151
-1.4905
-1.3129
-2.9054
-3.7902
-1.0158
-3.2806
-8.0915
-6.8764
-11.1761
-9.6624
-3.9832
3.8168
5.2642
4.6265
2.9386
3.6149
-0.0770
-4.7746
-8.4896
-2.5077
1.7074
-2.1085
-0.4571
-1.1723
1.5834
3.0228
1.4922
5.4183
5.0897
2.7955
4.9423
5.0213
2.5197
-4.9338
-12.2641
-6.9677
-4.3907
-3.6313
-8.2288
-12.0735
-10.6695
-10.8536
-6.5400
-3.1169
-5.8647
-9.0873
-8.0967
-8.9769
-7.5174
-3.2417
-0.6082
-0.3823
0.8165
-0.9289
-5.2876
-8.9343
-7.3719
-6.5977
-8.5714
-13.6328
-19.0208
-15.0587
-12.3573
-14.0150
-14.1124
-12.7852
-10.7750
-6.7030
-4.8179
-10.5537
-9.9053
-11.4564
-12.9006
-8.1697
-8.3179
-8.1867
-11.9206
-15.1467
-17.5818
-14.5144
-11.0550
-11.5448
-6.9670
-4.7861
-0.3281
2.5567
-2.7042
-6.0501
-4.9043
-8.1535
-8.5611
-7.8766
-5.0067
-5.8252
-3.7387
-0.4658
0.0336
-3.7473
-4.3908
-6.3244
-5.8421
-4.9234
-6.2328
-6.0714
2.1951
4.8153
-2.2287
-0.6593
0.7908
-2.3392
-4.9677
-8.6565
-5.7233
-4.4964
-6.3104
1.4230
0.2671
-1.0626
-1.1735
-2.9996
-2.7084
-7.1946
-13.1198
-16.2010
-13.7007
-7.4567
-4.2803
-4.5218
-10.8987
-10.5131
-9.9697
-8.8710
-9.5041
-12.6440
-10.4548
-9.2571
-9.0082
-3.6193
0.5142
-5.2251
-7.8087
-4.6196
-6.1274
-9.4298
-7.3733
-4.2958
-0.7961
-0.6527
-0.0805
-0.4110
-4.1845
-5.3533
-5.2265
-2.7833
-0.0346
-3.4893
-9.4883
-13.4007
-15.9379
-16.0619
-11.1472
-6.5375
-0.0534
5.5648
3.5917
-0.9024
-12.7862
-15.3734
-16.1352
-13.0458
-11.1311
-7.9825
-5.2946
-3.3597
-1.3928
2.0195
-0.3009
-0.7971
-2.5944
-1.5389
-5.3197
-2.4928
0.1355
-2.1174
-0.3247
3.0300
2.0436
-0.7591
1.4469
-3.9107
-6.5946
-6.0944
-4.5674
-0.2407
2.3672
3.8857
4.3792
0.4467
-2.0885
-1.8430
0.6142
5.8790
4.4559
4.1240
-1.8106
-2.3556
0.4134
-4.6714
-6.7589
-8.9063
-11.1696
-9.8770
-3.7951
-3.1942
-5.4725
-7.6352
-5.5944
-3.8264
-9.7837
-8.1235
-8.5684
-15.0331
-11.2347
-2.5846
-2.2458
-1.9071
-4.4381
-9.1180
-10.8078
-12.3786
-16.0824
-15.0400
-2.9278
1.7885
2.2473
-0.7430
-5.4087
-3.4303
-2.9016
-7.9872
-4.4443
-1.8804
-3.8274
-3.5941
-5.7260
-11.0217
-10.0014
-8.8195
-5.4639
-0.4890
2.6967
4.1363
0.8358
-1.1903
0.0970
2.1468
1.7386
1.5084
-0.7528
0.9680
-1.0609
-6.7070
-6.5617
-8.4322
-13.0668
-9.8969
-4.7609
-2.6059
-2.0061
-6.6753
-4.4681
0.1349
6.2327
-0.5663
-4.1089
-2.6898
-4.3430
-4.0598
-5.6784
-7.5380
-3.0763
-3.9332
-8.1317
-7.8627
-3.4577
0.2866
2.1129
-2.3802
-10.4931
-5.1124
1.6719
-0.6830
0.1469
-0.2903
-1.4206
-8.7201
-8.7936
-8.4641
-7.4658
-8.9483
-9.4341
-3.0291
-3.2503
-4.9190
-5.6054
-3.0994
-5.8256
-5.6635
0.9856
-0.7617
-3.2951
-2.7718
-1.0081
1.3537
2.0861
2.7527
1.9048
-0.4277
0.3021
3.3809
5.1077
0.9153
-2.5600
-10.8134
-10.6384
-9.3757
-7.5459
-5.1370
-6.0967
-3.5290
0.1230
-0.6862
-3.1445
-7.8842
-10.4176
-6.4270
-4.0220
-2.5158
0.0326
2.1937
-3.5229
-6.1160
-9.1413
-2.0541
-0.7901
-6.2580
-7.8791
-11.9041
-16.3668
-15.2391
-11.9388
-5.6987
-0.8308
-5.5157
-9.6322
-9.8680
-9.1697
-8.8395
-5.4091
-3.5834
-0.6222
-0.3160
-4.5877
-5.5520
-1.7966
-5.5639
-11.3997
-9.5500
0.2455
3.1881
4.7877
0.6489
-4.3298
-6.7453
-3.7438
-8.4306
-9.0087
-3.9916
3.2626
4.3497
2.7596
1.2678
0.0894
-7.2371
-4.6035
4.1675
3.3630
-0.8205
-5.1760
-3.3444
-2.0977
0.3544
4.3687
3.3917
-3.9705
-9.4202
-9.9146
-11.9098
-12.4981
-14.0704
-11.1576
-3.3259
0.7561
-1.6841
2.2834
2.3254
-0.1973
2.0199
3.1066
-2.7368
-3.6764
0.3232
6.7448
6.5491
4.7859
5.1796
3.0283
-0.2709
1.3397
5.4872
-1.6132
-3.7667
0.6759
3.1968
4.9929
5.3008
4.7301
2.1910
0.8692
0.8208
-0.7644
-0.1834
0.2464
1.9846
-1.1182
0.2377
5.7125
6.5931
2.3078
3.3699
3.9273
5.3015
5.6048
6.9323
9.1271
3.8529
2.9083
6.4562
5.2320
-3.8945
-4.8616
0.3976
3.6790
-1.6367
-1.5117
1.1567
3.2026
8.9429
6.0073
2.8051
4.7809
3.2189
-0.8360
-1.4953
-3.3013
-1.3693
-0.3418
7.9641
6.7092
6.9944
7.2934
5.9530
-4.3083
-3.9579
1.9080
3.0899
4.7012
5.3657
2.3748
-1.2853
2.4104
7.2111
4.9489
0.1593
-3.9821
-5.8714
-2.4053
0.6807
-1.0489
1.2578
0.1444
-3.7858
-0.6157
1.2297
-1.4052
0.3944
-0.7597
-2.5452
-2.9287
-2.5030
-4.1268
-6.1043
-0.6981
-2.5328
-4.7602
-3.9241
-3.7129
9.1326
8.0584
1.9453
-6.3449
-6.7268
-4.3735
0.7465
0.2517
-2.5335
-8.2775
-7.2893
-4.7879
-2.4759
5.2195

Coefficient 30:
-0.7462
-0.8747
0.2689
2.1203
5.7603
0.4082
1.9648
-2.8822
-2.7278
-0.1317
1.3827
3.3612
5.7677
5.4899
-1.6566
2.3950
2.0952
2.5522
4.6914
-2.0508
-5.1658
-9.2918
-4.9582
-5.5651
-5.8317
-2.0558
-1.1275
-9.9090
-12.3415
-12.4072
-13.7925
-14.9321
-9.1226
-9.6502
-8.5403
-3.1290
2.9700
19.2445
17.0098
3.4579
-2.8337
-3.6083
-11.3660
-6.5092
0.0477
-2.7679
-7.0002
-11.2556
-7.7111
-4.1565
1.1536
5.0310
3.0315
0.5711
-0.7804
-0.9155
-3.8572
-1.0250
0.1990
1.7155
1.1816
7.5516
8.9785
8.1931
13.2276
18.8039
22.8043
18.8547
9.4339
3.5347
6.2674
10.4357
9.4264
-4.9743
3.4411
-2.0281
-5.6495
-8.8569
-7.2174
-8.8599
-6.9708
-3.4368
-1.1580
-2.3820
-1.8642
-2.1532
-0.8338
-1.4006
-0.9231
2.2810
2.7885
2.0781
-0.5217
-2.5035
0.7523
1.9929
3.2081
3.9885
4.7922
1.5883
-2.0169
-2.2507
-0.8236
1.3949
-0.2881
0.7155
-1.1037
-4.1653
-2.4578
3.8030
4.8212
3.2802
-1.2835
-2.8674
2.3163
3.3289
3.7836
-3.0703
-0.8154
-0.6492
-0.3881
-4.7681
-6.0021
-1.1954
-2.4156
-2.2058
-1.4893
-2.8656
-2.2884
-2.8504
-2.0007
-3.0621
2.6251
5.1388
-0.7656
6.1374
4.8838
-0.2563
3.5646
-3.0915
2.3214
6.2848
7.2352
13.0345
10.8129
4.3981
3.8260
7.1167
5.7143
0.4142
-1.7197
3.6759
7.6662
8.2409
6.1205
6.3789
8.6593
5.3605
2.5913
6.5765
-0.4520
-2.9861
-7.1800
-12.6065
-14.1683
-0.9267
-2.1151
-0.6817
5.4509
6.6007
6.9031
5.8370
4.1291
0.2783
-1.0211
-1.2510
-3.2286
-0.3768
-0.6638
-0.9274
-1.4243
-1.9799
-1.8981
-4.0436
-4.1162
-1.0611
-0.4407
-2.5549
-3.3352
-0.1111
3.9456
0.1975
-2.9185
-0.9257
4.4752
6.4138
3.4868
1.0820
-0.5192
-5.8233
-10.3561
-10.6649
-6.6795
-4.3320
-1.9570
1.9718
-4.3756
-7.3873
-1.0633
-0.6111
-7.9713
-6.4899
-3.4310
-5.2853
-2.8391
5.8857
4.6815
-2.1838
-2.0169
-4.7823
-2.5944
5.7962
12.9151
15.1052
15.0851
15.2726
12.3882
8.2381
5.6441
2.0707
-0.1776
-11.8677
-9.2649
-1.7599
-1.4601
0.2502
-2.3986
-4.6221
-7.0161
-7.2691
-0.0065
0.9982
4.6155
6.0274
1.9697
8.7746
0.3089
-4.2049
-4.4786
-6.5030
-9.3474
-9.8067
-8.3808
-9.3525
-12.0033
-16.7375
-16.2548
-9.6662
-3.8285
-11.6600
-12.7730
-8.2494
-5.5877
2.0946
5.6101
5.6294
2.8203
-1.1578
1.2810
0.8732
2.9517
-0.1005
-5.8323
-8.5017
-8.2195
-4.1203
-1.4400
-1.9910
2.0826
-3.7013
-6.2466
-6.1385
-6.4424
-5.3275
-2.1815
2.2377
4.2324
4.2291
1.7580
-3.0621
-5.7945
-7.6673
-4.9892
-4.9383
-2.2506
-5.2362
-18.7357
-16.8003
-9.7556
-9.7713
-12.8466
-15.7655
-11.3797
-1.4256
3.0053
-0.2364
-3.2192
-10.7850
-8.1806
-6.1862
-7.9844
-7.1719
-8.7117
6.5440
11.3572
14.0803
4.9123
-1.5421
4.4668
-0.0218
-8.4530
-12.1421
-14.5202
-2.3010
8.2089
6.7891
1.4030
-1.2117
0.6171
-2.1937
-2.1188
1.7076
5.2156
3.2156
1.5583
2.7522
0.5938
0.2450
3.5814
9.4346
6.9700
2.7980
6.4256
4.0302
-1.0875
0.4082
0.0926
-3.8270
-2.6962
-0.0730
-4.1183
-9.6689
-10.5517
-10.4519
-11.9983
-11.6718
-3.5896
-0.0842
-0.3283
0.7455
3.0400
6.2512
4.8635
7.3533
1.6238
-2.1849
-1.4047
-6.2292
-5.5833
-4.1981
-2.9914
-8.2953
-6.7660
-0.5424
0.4872
-3.0678
-7.5591
-10.5353
-7.9903
-9.1728
-7.4631
-4.5875
-8.0314
-15.8728
-11.2597
-6.1488
-1.9408
-1.9677
-0.9224
0.3312
3.9129
3.4335
0.2496
-2.2579
-7.0776
-11.0455
-12.0801
-12.9714
-9.3217
-6.2752
-0.4435
0.5062
-1.1730
-3.1348
-9.4607
-11.3842
-4.6554
2.4899
5.4631
2.4863
4.6207
11.3294
5.7335
2.8419
2.8104
2.0557
2.3561
-1.1295
-2.6210
0.0444
-3.1632
-3.3374
-3.4672
-1.5849
-4.0217
-3.8181
-2.5513
0.8404
3.5166
4.0888
-0.4286
-4.6500
0.0757
14.3447
15.7731
16.0030
13.9737
-0.0405
-2.2083
-3.3395
-2.9447
-6.2976
-10.0568
-3.3319
-1.6415
-7.9860
-6.5593
-3.7600
-1.9939
1.4262
5.1723
5.3622
5.3031
5.3706
6.9966
2.8309
1.3528
2.2568
4.4732
5.7878
6.3739
7.4268
8.3238
7.4260
-1.2279
-16.0668
-14.7830
-6.4232
-0.4917
5.2923
6.6145
7.0042
6.3086
3.5350
-3.5048
-0.5815
2.1551
-1.2093
0.0390
-0.7069
5.2383
5.4226
-0.3007
-3.5587
-7.2766
-5.9718
-4.6642
-12.7916
-18.1519
-16.0940
-13.8413
-12.1824
-8.5157
-5.3471
-4.4703
-5.3369
-4.7047
-6.2661
2.1339
1.9588
-1.4093
-2.4462
5.0515
2.5563
9.0211
8.9579
4.2021
-4.1805
-0.8580
4.6593
8.6953
9.1986
6.2734
-1.4973
-9.2194
-7.2841
-4.7915
-3.1592
2.4912
11.3854
11.0855
12.7594
16.4883
15.6986
7.8787
-0.3025
-3.0025
4.3412
5.4320
-0.6587
-2.2045
-2.6285
0.2763
0.2028
-3.3337
-10.4325
-14.6675
-13.7733
-15.1255
-15.4816
-13.8562
-15.6690
-11.2097
-6.6409
-3.1268
-3.2299
-7.8167
-9.1321
-5.3887
2.4861
5.8651
8.8617
6.2967
4.3422
4.2215
-0.8155
-4.6773
-6.1358
-3.9476
-2.7028
-1.6352
-1.9148
-0.4930
1.1193
-2.7562
-2.4379
3.4722
1.8479
6.8280
8.6266
11.8857
8.6913
8.3608
8.7235
10.0811
8.4560
9.6389
13.2098
7.3232
-3.0965
-6.9851
-9.2028
-1.7196
4.1783
8.2948
8.1626
-1.7826
-3.0228
-1.9839
0.9783
2.0548
1.7887
-6.4878
-7.5449
-2.0416
-1.1010
-5.0379
-5.8892
-2.0049
-6.7229
-7.1059
-9.2872
-9.0034
-9.2776
-7.7519
-9.8304
-8.0115
-0.9489
2.5621
0.6374
6.5542
6.2453
7.0242
-7.5894
-10.1410
-6.5749
0.4962
1.2261
0.3434
-4.4010
-7.2475
-16.1169
-14.7243
-11.6281
-7.3243
-12.7313
-12.5984
-10.9664
-5.8307
-5.9552
-3.1937
-2.3551
-6.7268
-7.8448
-3.6025
-2.3940
-3.3036
-3.8082
-1.0124
-4.3287
-8.7152
-11.2972
-6.0541
-4.2228
-6.5171
1.5514
7.9446
7.4373
8.6023
5.3936
-7.2397
-9.1470
-10.3871
-9.3035
1.3093
0.5274
3.6967
8.6394
3.3514
-2.0241
-1.9655
-4.4619
-7.5555
-4.2807
-6.1757
-14.6749
-10.8057
-8.6793
-6.1239
-5.6709
-5.2667
0.0086
2.2167
3.3750
-1.6644
-3.9472
-1.7916
1.0492
-1.0905
0.3856
3.7367
3.4917
0.1694
1.6827
0.9763
5.2491
6.6004
5.6883
0.6770
-1.5503
-3.0731
-1.9527
-3.8428
-8.5152
-8.0900
-6.5430
-13.8584
-8.4458
-9.7169
-10.2228
-6.2864
0.1668
4.1253
5.1001
3.5988
3.3396
8.0292
11.5167
12.0296
3.8546
3.4602
3.1072
4.7287
4.7988
5.3052
7.9517
-0.5071
-4.3859
-4.0632
-4.3783
-4.9693
-0.4628
6.5241
7.3453
0.3605
-1.5848
2.2465
4.5552
1.1367
1.8155
-0.9624
-7.2795
-8.7924
-9.3108
-11.0405
-9.2221
-8.5732
-14.0499
-16.4905
-17.9030
-13.0323
-8.7433
-10.4598
-12.5819
-14.5699
-13.5389
-8.5709
-12.4280
-12.1343
-10.4622
-5.4018
-7.4190
-7.2770
-5.6645
-5.9004
-12.8664
-14.8536
-16.7174
-15.5141
-11.6039
-9.9897
-5.1582
-1.7552
-5.0587
1.4131
0.1485
-2.9007
-9.3183
-8.8987
-6.4004
-5.2808
-2.7485
-5.4805
-7.1292
-9.3048
-13.3186
-14.9490
-8.2151
-5.9632
-6.1581
-2.8288
-3.6961
-5.6611
-4.6833
-6.7853
-3.6440
-3.2420
-7.0395
-6.6384
-5.5499
2.9555
5.8056
0.4937
-3.5869
-3.0497
-1.1534
-3.6471
-7.5720
-8.4175
-3.9839
-1.0613
0.3976
-4.9588
-9.3484
-6.6465
-5.8324
-8.3876
-2.1391
1.0786
-7.7852
-5.9027
-1.7263
-0.6804
-3.9502
-4.4936
-2.9373
-4.6618
-7.6817
-5.7095
-2.7354
-1.6436
-2.4630
-3.5683
-5.2931
-9.0357
-8.1656
-2.0891
2.1760
4.5971
1.9281
-4.0191
-8.1543
-8.4982
-2.4482
5.9239
2.3902
0.0592
-1.0154
-0.0453
-3.2053
-5.8046
-6.8872
-2.4023
1.1308
3.3336
2.1584
2.6965
6.9375
6.5018
-0.7571
-2.7753
-6.6112
-10.3596
-8.4374
-4.5718
-4.1941
-4.0487
-7.1817
-11.4395
-7.9114
-1.3637
-2.9163
-6.9458
-7.2961
-9.0574
-8.2930
-10.7307
-13.2416
-12.1914
-9.8157
-5.2646
-3.1747
-3.0927
-0.0866
-2.7228
-2.5082
-0.5620
-1.3223
-0.8200
-1.4402
-4.7538
-5.0848
-9.0531
-11.4342
-8.5255
-9.4985
-11.9385
-15.5674
-16.5170
-16.0532
-6.5901
-0.6667
3.8907
3.1839
3.6998
4.3845
3.1515
-1.1183
-0.9682
4.7437
4.7826
4.5665
6.9159
9.4897
8.5790
7.9194
11.4288
5.9641
3.1388
8.8247
9.1454
8.3339
5.6936
4.4487
1.3001
2.6115
1.5766
2.6929
6.3302
2.8206
1.9268
1.5475
-1.0031
-1.9043
0.0001
-0.4013
1.4171
6.3524
5.5409
-0.7395
-0.0383
0.3268
-0.7714
-1.3054
-2.3061
-2.5100
-3.0363
-7.2531
-9.4293
-6.4452
-4.6476
-3.7211
4.2107
4.4722
-4.8022
-13.6400
-18.5291
-21.0546
-24.5525
-25.1215
-19.6427
-8.0372
3.1146
1.2284
-2.7222
-0.9538
3.6293
9.2659
7.0206
-2.3144
0.9641
2.8275
-1.2747
-7.4141
-13.7762
-15.3046
-11.4637
-3.9525
-0.0841
-1.5184
-5.9612
-6.3361
-5.2158
-1.2654
1.3187
-9.7748
-12.7050
-9.3904
-7.4004
-2.6138
-4.6930
-2.7197
-3.7817
-0.4073
2.2680
-5.8943
-8.0420
-7.1371
-3.6780
10.0869
10.4197
7.0817
7.1823
10.1632
8.3956
1.9032
2.7466
1.6656
6.8417
10.6755
6.8890
5.8480
4.8069
0.0545
-1.4709
-2.1964
0.0463
-2.7609
-7.2827
-6.9727
-9.0501
-7.1112
-4.1746
-1.9227
-0.3879
0.8973
2.4718
1.6210
2.2305
-1.3687
-0.5726
-1.4111
-0.5329
0.2248
-0.2319
2.0080
3.9903
-1.0714
-2.6259
1.5998
2.0413
-4.6222
-5.4330
-5.0773
-6.4838
-9.8414
-8.3119
-4.9875
-5.9864
-6.4057
-5.3852
-4.7459
-7.3396
-8.2351
-3.2355
-1.9464
-6.1998
1.2034
3.5731
4.4966
2.5820
-1.4773
-1.4397
-1.4817
-5.4168
1.2662
-0.3496
-3.7747
-4.4863
-3.2949
-2.6328
-0.8299
-0.9611
-0.4539
-1.1480
-1.2574
0.8328
-1.3063
-3.9097
-0.0603
2.5051
0.7315
-1.7003
-1.7249
2.1279
0.2645
-3.7946
-3.3708
0.5088
0.5295
-0.3216
-1.8351
0.4502
-2.2956
-4.6229
-1.3089
-3.7758
-0.6644
1.4691
-0.9929
-3.4717
-3.8222
-6.5494
-8.2327
-5.1963
-2.2472
-11.5827
-10.8013
-4.9862
-4.0796
-8.3751
-4.6446
-3.3543
-3.5705
-3.9829
1.7102
-0.3136
0.6275
3.6911
-0.2651
-2.3520
0.2764
1.6904
0.5590
-4.2930
-1.7560
-1.1144
-2.9440
1.6016
6.5015
5.1543
6.5840
8.5264
-2.4141
-3.4622
-4.9668
-4.2083
-5.2025
-1.8193
0.1233
3.4690
4.8692
1.2236
-1.5546
-1.6683
-1.7778
-3.7709
-2.1161
0.8818
0.7516
-2.8968
-1.5010
1.8682
2.4307
-0.5637
-3.9201
-8.2649
-6.7018
-6.5266
-3.6174
-2.8366
-5.1050
-6.0330
-5.3943
-12.8322
-18.3354
-14.2747
-13.2640
-8.5369
-5.2487
-2.9096
-0.9794
-0.8263
2.3694
3.7974
6.4650
13.6872
14.1339
7.7688
4.7385
5.9236
0.9079
-7.0644
-3.4138
0.1948
-0.3761
-4.5147
-8.8607
-6.7738
-2.7188
-0.3311
1.0333
0.3040
-1.3945
-4.0133
-2.3877
-3.0225
-4.7715
-5.8667
-8.2215
-2.6431
6.7132
5.7324
0.4745
-3.6680
-5.5007
-6.8509
-5.8213
-5.5432
-2.6005
-3.9717
-2.1919
1.7429
-0.5397
0.2771
2.3772
3.4310
3.4021
6.5961
10.7243
7.5693
7.7347
11.3819
9.6638
6.3545
5.1289
5.7222
7.0583
2.3305
0.9931
-2.2870
-4.8287
-2.9860
-2.4839
-1.6055
0.4034
1.7466
5.3211
-0.6834
-3.7010
0.2839
2.4612
-1.4766
0.4869
4.6104
5.8699
6.6535
5.0932
9.0596
3.1058
2.5906
3.8498
6.8539
5.2909
2.8427
1.5199
1.7930
0.9090
4.9613
5.3529
1.0226
-4.0308
-4.0231
-3.9045
0.4542
-0.1192
-1.9352
-6.6479
-5.6129
1.9994
6.0245
7.4604
13.1061
11.7820
11.1299
10.8190
10.9279
14.0213
13.2552
8.1070
4.2695
1.8439
-2.2275
-0.5460
-0.2883
3.2895
2.4972
-1.1968
0.2171
2.0912
3.9904
2.0483
-1.0010
-1.6297
-0.5150
6.5222
10.2067
5.6155
1.8869
1.3923
-9.2483
-12.9545
-10.8014
-7.3707
-0.0654
-1.9753
-0.6082
3.3234
1.3222
2.8856
2.9428
4.8327
3.8444
1.4850
-3.0050
-1.4108
2.8608
2.8400
3.0101
4.0271
3.2285
-0.4712
4.6324
6.0014
1.1345
0.8429
4.0222
7.2350
7.2239
0.7962
-5.0842
-4.6574
-0.8459
-0.2294
3.5293
4.9542
3.6843
1.8766
2.5386
5.0800
-1.1545
-2.5410
-3.2973
-2.3586
-1.1462
-3.6350
-18.8607
-19.2394
-16.4934
-11.6153
-5.5328
0.6479
5.2757
7.8163

Coefficient 31:
-0.7852
-3.6689
-1.1155
4.1838
4.1294
0.7197
-0.4487
-1.2608
-1.7740
-4.0743
-2.2618
1.5255
0.0273
-0.3979
-6.5734
-10.0419
-3.1864
-3.8394
-4.9227
-12.9620
-11.6427
-4.4301
-1.6443
-6.8836
-7.7269
-3.7245
-2.5819
-4.9761
-4.9972
-4.2317
-4.7405
-0.1122
2.2586
-8.7454
-6.8964
-2.8531
7.6734
23.9185
32.8020
26.1402
15.1195
5.9449
-7.2222
-12.6018
-11.1314
-9.9605
-7.7917
-11.2408
-10.0080
-7.4411
-8.1809
-3.8598
-4.7948
-3.6775
1.3146
6.1263
0.3228
-5.1723
-6.6505
-4.8946
-2.4222
5.3185
10.7111
9.8835
12.1680
3.8816
-6.6768
-5.3808
-2.3416
-3.4625
-6.5451
-9.8738
-7.6014
-1.5105
-10.5103
-14.5829
-16.1648
-15.9529
-14.1664
-6.3934
-0.6977
2.2037
2.4780
2.4422
-1.3791
-1.5034
-1.3613
-4.2607
0.2746
5.7098
6.3373
4.8162
0.4095
-1.2484
-2.2779
-2.0439
-1.0207
3.7525
2.9780
0.9643
-1.5519
-0.8136
-2.0523
-0.2391
2.2469
2.7648
3.2886
3.8337
0.6212
-2.5689
-0.7477
-4.1593
-7.3790
-3.5113
-1.4450
-5.6151
-6.8305
-8.2069
-9.2023
-12.6634
-13.1186
-13.7315
-12.7427
-5.5132
-6.8444
-8.2009
-8.8090
-8.0794
-4.6433
3.4212
3.0725
3.4401
-1.6937
-0.8666
-1.3500
3.5830
-0.3638
-1.9907
3.5568
-9.6931
-16.0843
-17.3913
-12.5395
-2.7930
-0.3321
1.6736
6.0974
6.4150
1.3719
0.1050
-4.9805
-4.8576
-7.7789
-9.5548
-7.6710
6.8849
9.4583
4.4601
-0.2618
5.1725
-2.4067
-1.3714
-5.0773
-3.1673
7.2190
2.8139
3.6098
7.5229
11.7796
9.9421
5.4014
6.1648
5.6864
1.2088
-2.7447
-2.7102
-1.9931
-0.5846
-1.3460
-1.7292
-3.8267
-3.2218
-2.1531
-4.7099
-4.2577
1.0751
1.7332
-0.0935
0.5425
0.4431
-0.5851
-2.4478
-1.2617
1.0160
2.0824
2.5755
2.2524
2.0634
-3.3272
-0.7470
-1.0737
-1.0777
-2.4681
-12.4121
-12.7339
-8.4509
-12.8607
-14.7293
-7.6561
-2.6867
1.0090
1.7053
-0.5992
-3.5209
-8.0063
-10.0465
-6.2597
0.8800
1.4068
-0.5287
-7.8187
-13.3755
-17.3659
-17.1921
-16.5852
-12.3928
-6.4900
0.9537
3.3224
-0.4354
-0.3717
-6.1955
-9.8017
-7.4655
-6.9532
-7.5254
-7.6340
-4.5636
-4.1637
4.8499
12.5547
6.8615
6.8444
7.5892
2.6810
7.8798
1.1812
-0.0913
-0.1212
-3.2094
-6.8049
-7.5087
-6.1867
-6.0046
-6.5794
-3.8423
-0.4902
4.7580
4.4018
4.8664
5.8836
2.4212
-2.1136
-0.8710
-2.5445
-5.3241
-4.6837
3.5112
1.1753
-3.0167
-3.6274
-0.7939
3.4475
5.2813
3.5393
6.3566
8.1381
8.4861
7.3076
1.0155
-2.1776
-1.9017
-0.2818
-0.5838
1.0878
4.7186
0.6578
0.6743
2.3199
-1.5898
-8.3473
-12.0977
-9.6712
-15.0532
-13.5978
-5.8404
-4.6880
-8.7557
-1.2473
-0.2085
-3.9771
-1.6231
-2.0198
-3.9437
-1.8949
-0.2983
1.2759
0.9077
-3.4323
-1.7606
-3.3715
-1.0098
3.8322
-5.0836
-4.3449
-2.0111
-5.0286
-5.7859
-6.5808
-1.1082
-3.0521
-3.4460
-5.1281
-10.7630
-8.1853
-5.1939
-8.0222
-10.9739
-2.8607
-0.3749
-0.4184
0.6177
0.9569
2.4652
0.5334
-0.5514
0.4237
2.0994
6.1681
6.0671
2.6138
0.3822
1.0026
-3.5388
-4.0301
-0.6017
5.4804
4.4648
-0.9649
-2.2100
-12.4655
-13.0659
-10.8384
-10.8675
-10.7047
-12.0428
-10.3208
-9.6652
-12.3028
-12.0694
-6.0319
-3.2250
10.4432
14.1386
3.1754
-0.9937
2.2509
0.4343
1.7175
-0.9439
-0.0874
1.1403
-1.4462
-2.4287
1.0845
0.4947
0.6619
3.0161
3.7995
2.7195
2.1379
-1.5106
-6.2688
-5.1652
-9.8389
-11.0902
-9.6000
-11.2818
-4.1008
-3.7902
3.9617
7.3941
-0.1387
1.2007
-0.2536
-1.7778
-7.0047
-8.9723
-4.1198
-3.1755
-4.2706
-2.0713
3.7470
5.9409
2.9677
1.0415
1.5306
2.6536
6.2854
4.9386
2.6295
3.3375
2.3525
3.7477
4.2244
2.1923
3.7830
-2.4896
-3.6382
0.7509
3.9492
2.3007
-1.6224
1.5600
-0.6374
-2.7472
-5.1639
-2.7318
-3.2837
-3.1632
-5.4490
-4.9182
-2.0683
4.4875
8.9819
9.3904
8.5622
-4.9625
-7.1968
-9.0592
-6.2789
-7.7441
-5.9144
-6.4038
-10.5222
-10.9144
-16.6912
-14.1669
-15.5836
-19.7403
-21.6308
-17.8862
-12.4662
-5.7110
3.2371
0.8661
1.5955
5.1589
7.0294
11.0257
12.1046
12.4599
10.7531
2.9409
0.3430
0.1322
4.0960
2.6261
-1.8808
-0.8590
2.7103
2.6563
1.5856
-6.6984
-16.3511
-14.5821
-10.4440
-10.2706
-15.8529
-12.6570
-8.6010
-3.5717
-1.7772
0.7758
0.3309
-5.2492
-4.9564
-3.6243
0.1535
-1.2074
-1.9152
-1.8350
-3.9970
-0.6493
3.3016
1.5880
-2.1002
-7.5441
1.3199
-1.9079
0.4355
0.4495
-0.5557
-3.7177
-5.7213
-6.7946
-7.5468
-5.8556
-9.4104
-10.0747
-5.5769
-1.3871
6.8775
0.8379
3.1754
5.1128
4.9801
0.7553
-5.2297
-5.7358
-3.3564
-1.8195
-6.2101
-6.0535
-4.9808
-4.4450
-0.8718
3.7482
11.4014
10.7260
3.9340
-0.6220
-0.1511
3.3646
5.5145
8.2829
7.9293
8.3680
5.7820
7.1746
7.7146
3.0343
2.2865
-0.5461
-0.0307
-1.2784
-3.2417
-0.7280
5.3584
5.4358
1.2305
0.7189
2.8653
4.2012
4.3371
7.3874
1.8721
3.3928
7.2504
6.5687
7.0787
3.2953
3.9023
5.6687
-4.5443
-11.7640
-12.1187
-0.0143
6.5299
2.1419
-3.7303
0.5914
11.7115
1.9668
-7.5941
-16.5598
-16.3965
-10.5943
-12.4568
-11.1892
-7.7547
-4.4634
-2.9666
-5.2445
2.6016
5.8464
-2.9970
-6.8342
-15.6935
-18.7250
-12.3020
0.2383
8.2055
10.3015
11.2957
12.1567
9.8148
5.5970
3.0264
-1.9341
-0.8502
-8.3842
-12.2337
-13.6744
-12.4871
-7.7108
-8.5511
-9.1446
-2.1198
-1.6740
2.1565
5.5336
5.1635
6.1506
1.6413
2.1121
-2.3998
-2.5242
-2.8469
-8.5810
-9.3015
-7.6209
-3.4282
1.6742
1.3541
-1.0387
2.3109
4.9545
2.3332
-2.1201
-2.0899
-0.3428
-3.4655
-6.5294
-6.2028
-3.8538
-3.5256
-2.3690
-2.5360
-5.5676
-6.6618
-0.4234
1.6665
1.4377
-5.6185
-4.1963
-4.3744
-6.5474
-4.4569
-8.9920
-4.5839
5.2974
8.0868
4.7986
3.8223
-0.8169
-9.6647
1.2375
-0.9909
-3.5221
-0.3095
-3.0207
0.3086
4.0203
1.1742
-0.9753
1.3032
-0.8621
-5.8173
-5.2562
-6.5658
-1.2179
3.4982
-1.6989
-3.0951
1.5042
4.4614
2.8508
-5.6342
-6.9738
0.1245
3.8530
0.2427
1.6746
5.6069
13.1524
13.2622
8.4460
5.0664
-0.9766
-5.5286
-3.7971
-5.0235
-9.1738
-12.8110
-10.2549
-17.8569
-14.9275
-9.8765
-10.1931
-10.1451
-12.9490
-20.9065
-12.5798
-8.7949
-10.3152
-14.3681
-14.0715
-11.5497
-10.8247
-13.8814
-13.3897
-7.9496
-2.5316
-6.5974
-9.6429
-11.2252
-10.2918
-8.7402
-8.9882
-5.5440
0.2234
-1.4650
-0.0411
-5.0338
-4.2982
-2.7322
-1.7137
0.9189
5.2458
-1.0657
-6.0077
-9.1308
-12.4349
-11.0799
-3.7422
2.3048
-4.8609
-6.0541
0.8591
7.8017
4.9930
0.6995
-7.8601
-12.3496
-12.5711
-10.8106
-8.8163
-9.1516
-12.6915
-8.3634
-7.5127
-5.9768
-1.1222
-3.1639
-2.4736
-1.0438
0.9406
3.8591
4.1366
4.4297
1.4828
-1.2638
-4.2920
-4.8323
-9.1259
-7.2482
-1.8507
0.0585
-2.8920
1.1763
2.0700
-1.6526
-3.6952
-5.3416
-7.6965
-6.7422
-0.8087
2.0831
2.6741
-0.6933
-2.2597
-7.4415
-6.6036
-5.5298
-3.1043
-2.1652
-2.3786
-3.5748
-5.6123
0.4145
6.1021
4.1584
0.2844
-0.1118
-0.5009
-3.0655
-5.7120
-4.3053
-8.0804
-3.7153
3.2840
1.0945
0.9956
-1.6677
-4.0285
-7.4050
-1.3350
5.8890
3.1444
-0.1028
-2.1210
-0.9694
4.2660
8.1836
7.1872
-1.5354
-4.0566
-3.7675
-3.4289
-1.6512
-2.0077
-2.0871
-1.0503
6.2123
3.8705
-6.0263
-11.5938
-6.9049
1.2480
2.6204
3.5720
3.1295
1.8524
2.5300
-2.8064
-3.6333
-1.2896
-7.9016
-7.4384
-1.3795
-3.6252
-2.4122
3.4435
4.9824
5.2467
6.1609
6.9665
8.2837
4.6804
1.3174
1.1192
-1.1889
0.4144
-0.0330
0.3795
1.5503
-0.0331
-5.2054
-4.7434
-4.1177
-3.4156
-5.2511
-2.8650
2.4170
7.1703
7.3051
4.8915
3.3119
8.7168
10.1786
7.3940
4.4289
2.5097
-2.0974
0.5486
5.3985
5.3657
0.0673
-3.2331
-0.4445
-9.8859
-10.1004
-10.4509
-10.7039
-4.8862
-1.1992
-1.4464
4.7770
9.0031
6.4027
-0.7362
-7.3104
-10.3849
-10.2438
-5.2747
-6.6219
-9.1986
-9.3459
-4.1154
-0.9260
-0.7163
1.5667
-1.9943
-6.5376
-2.9683
-2.5206
-2.9483
-0.8782
-1.5473
-3.1222
-6.5248
-5.7513
-5.9215
-6.5212
-6.0922
-5.3011
-0.2642
3.3770
0.1140
5.3462
8.8292
7.7629
6.3726
1.7407
0.3107
3.8214
4.9354
2.4533
-3.0607
-3.3204
-0.9187
-1.2160
-1.6728
-4.6775
-2.7876
-0.3227
-1.3963
-8.3012
-6.1880
-3.9166
-4.7815
-6.2980
-1.4730
-2.3624
-5.3688
-8.0926
-6.0295
-6.6280
-4.9251
-0.9201
-9.8623
-16.5968
-17.3274
-9.8633
-5.9696
-4.5484
-7.9305
-10.3537
-11.0622
-8.1827
-9.5444
-0.2175
10.9600
8.9915
5.1493
5.1132
6.2420
8.0739
3.7086
-8.6534
-8.5116
-1.1212
-2.6197
-7.4965
-7.6113
-4.2103
-3.7743
-3.7841
4.8003
7.5382
-4.4074
-13.6870
-11.6170
-11.9613
-6.4101
-7.3579
-4.1676
-3.1342
-1.9598
-2.2791
-6.0527
-10.8355
-9.3743
-7.4691
-4.5560
-2.3966
-4.1902
-4.2965
-9.3287
-7.9070
-7.0725
-1.2565
5.0194
1.3579
-1.5447
-2.3262
-2.3320
-6.5338
-5.3840
-4.5483
-4.0948
-3.8713
-3.3164
-4.5147
-3.8547
-0.5467
-0.0575
-0.0055
-2.1605
-0.1591
0.8405
-0.6884
-4.5816
-7.4100
-4.2154
-0.6604
-1.4177
-5.6610
-5.7093
-2.9712
-3.5166
-0.0713
-0.3591
-2.9116
-2.1270
-1.6943
-0.6452
-3.1003
-5.4144
-7.1617
-2.6006
1.4520
1.9937
8.5850
3.9517
-12.1544
-10.5247
-14.4516
-19.1557
-15.2911
-13.9962
-5.8038
-0.2915
-2.3100
-0.2797
1.8150
1.0144
-0.6852
2.2989
1.5351
2.0581
-1.7319
-3.2407
-0.4406
-1.3528
-3.3005
-6.4708
-11.0456
-9.0795
-9.4593
-10.9345
-6.5713
-4.4711
-3.4158
-0.7381
0.4033
-1.5742
-5.1349
-5.2494
-4.6788
-3.4176
-1.4353
-0.2335
-3.8457
6.7421
3.8180
2.5850
2.7740
6.3366
7.7364
5.7348
1.9841
-2.2152
-2.3665
-0.9564
6.7697
12.7232
13.4918
5.0726
3.1026
1.0752
1.8303
-1.5619
-4.8647
0.8346
-1.0949
-0.8233
-2.3504
-3.1516
-5.2282
-1.1362
-1.4801
-5.2486
-8.2013
-12.8621
-13.2427
-4.3555
-8.8949
-3.0220
0.8485
1.8979
2.5398
-1.9883
-3.5823
-6.5390
-7.2854
-6.8936
-7.9118
-8.4938
-2.2316
-3.1101
-5.2775
-4.9111
-6.9988
-5.1004
-4.4713
-1.3082
0.7630
2.3765
-1.5278
-2.5845
-4.6704
-3.4996
-0.9506
-1.2070
-6.1987
-4.2248
-3.8855
1.1747
-0.4094
-1.4206
-3.1081
-7.1542
-6.1064
-5.0419
-1.7882
-4.4658
-0.8128
6.3537
5.5927
6.2746
5.7682
7.9986
6.8284
4.1112
0.8019
1.8034
-2.5403
-5.8754
-3.2659
-5.3557
-5.6708
-3.3615
-5.3120
-5.0359
-2.2133
-5.6087
-5.1610
-0.5919
2.8579
2.8978
-1.5430
-5.4419
-7.2317
-2.0936
-1.1956
-3.4988
-4.0213
-6.9672
-1.9086
7.6966
9.7232
2.4606
-1.0420
-2.2845
-4.3970
-6.4452
-6.0146
-5.1028
-3.4429
-0.5712
-4.9978
-7.7153
-2.6424
0.5771
1.5999
0.3701
-2.3019
-0.3693
-0.1723
0.5800
2.0975
3.9081
2.4402
-2.0132
-4.3814
-6.0771
-3.2154
2.3842
5.6108
5.8794
5.2567
4.4929
4.1190
3.7456
5.6615
8.7295
2.3991
-1.4785
0.4433
4.2402
5.2468
6.7528
7.2042
7.0304
5.1214
0.8083
0.4331
6.3222
4.9523
5.2699
3.6143
5.4010
3.4529
-4.9582
-3.8468
-4.8775
-2.0447
0.0476
5.4418
-2.2522
-7.4296
-3.7424
-1.5949
-0.5151
-3.9959
-5.3302
-5.5115
-7.8853
-8.5801
-6.2254
-5.3436
-2.0155
-3.6137
-7.0793
-6.1932
-2.3767
0.2121
0.7632
2.1614
5.1933
1.2825
-0.0982
-1.5887
1.4009
1.4411
1.5422
-1.8464
2.5888
5.7996
2.2599
-0.7062
-1.6720
-3.7864
-3.3836
-3.4249
-4.0162
-5.5084
-3.9082
-0.8458
3.0568
6.5612
10.0819
4.7215
2.8436
2.1318
6.5040
6.1903
4.9493
2.6687
6.9306
3.7089
-1.9857
0.9870
4.3417
4.6309
2.7681
-2.9394
-4.0493
-6.5814
-7.9651
-5.8071
-5.1459
0.5677
5.4982
3.8898
6.5773
3.6365
0.8393
-3.1090
-2.8911
-0.0396
0.4506
-2.3656
-3.9250
-5.3200
-6.7034
-3.6010
1.2058
3.5424
4.6452
1.7259
0.4902
-6.7609
-11.1319
2.4037
4.4668
1.3387
-3.8127
-5.7113
-3.7778
-0.9528
-0.5409

Coefficient 32:
-1.3486
-6.9178
-0.1067
0.2495
-0.9493
-2.4653
-1.2162
0.6279
-1.1295
-5.4527
-5.7877
-3.3828
-1.9982
0.4352
1.7185
-8.0888
-9.2649
-8.4821
-9.3644
-9.3423
-8.0590
-5.4268
-3.9698
-1.6940
-4.6150
-1.1069
10.2616
6.9835
12.9855
18.9175
10.6701
-0.3409
-2.5260
0.9303
8.1973
14.5850
17.5958
2.5090
14.7052
23.2708
19.6737
11.0086
-8.5119
-23.6926
-20.2179
-11.4850
-6.6119
-5.5651
-9.1496
-11.6761
-11.7489
-7.9043
-9.7835
-14.7959
-11.3995
-4.4997
-4.2595
-5.1415
-3.6357
-7.5170
-9.9872
-4.4944
6.9808
17.0862
16.2724
12.0094
3.7638
1.3997
6.7093
5.0236
4.1460
4.5779
2.7718
0.3507
-3.9755
-10.4644
-10.1649
-9.9195
-10.5106
-4.4098
-3.6524
-3.7390
0.2874
1.7575
3.6887
-0.2503
-0.5416
-1.5017
-1.6808
1.9106
1.2707
-2.2229
0.4445
-0.8741
0.6869
4.4244
1.6871
0.1311
0.7144
-1.1844
-0.3068
0.5662
-1.3600
1.4340
0.0859
-2.1810
0.7883
-2.9387
-2.6709
4.8887
10.4006
1.2458
-0.5152
0.9325
3.6445
5.4468
5.1877
4.4264
2.8814
-5.7969
-12.7890
-13.8722
-11.3123
-7.3135
-9.3992
-7.2241
-4.5285
-1.4594
-3.4540
-4.7153
-2.2576
-8.8705
-13.6409
-11.5348
-10.5348
-10.8725
-8.2997
-9.9034
0.9417
1.4416
3.9481
2.2483
-1.8573
-2.0246
-0.2741
1.2846
-1.8078
2.7264
3.7431
5.9061
2.0650
-6.9385
-12.2941
-13.9936
-10.9378
-7.1983
-6.2075
-8.8331
-9.1790
2.7928
-5.7717
-5.6306
-2.0638
0.2610
4.9507
16.9630
9.9180
-0.5776
-2.4143
-6.3843
-8.3353
-5.8927
-0.3697
0.8503
-2.5056
-2.6695
-2.9600
-0.8837
-1.6319
-2.6707
1.9697
-1.6595
-3.0421
-3.6538
-1.7312
-2.1387
-3.8034
-4.7465
-0.4527
0.4720
1.4952
-0.5948
-4.1471
-0.2778
2.3790
0.7535
0.9817
1.9521
-0.7980
-3.3482
-7.6891
-6.3123
4.3040
0.2623
-10.7266
-10.8444
-9.9429
-7.7121
-10.1226
-7.2217
-2.6397
-5.6483
-14.2934
-12.1648
-11.2828
-13.5890
-16.4948
-4.8533
-1.2151
4.4445
6.9011
9.3364
8.2756
2.7560
-5.0960
-9.3559
-8.4761
-8.9643
-10.3861
-13.4563
-10.4920
-7.0399
-6.5505
-2.8979
-1.9973
-2.6108
0.2305
-0.3439
-6.2784
-8.0717
-8.2077
-0.0068
-2.8169
0.0708
1.3383
-10.7340
-15.6250
-13.9704
-6.2212
9.3870
6.2091
0.7065
-0.3947
-5.2060
-13.7680
-10.0674
-10.4965
-6.8164
-3.3703
-6.7468
-10.3354
-12.9536
-14.3748
-14.6763
-11.8997
-8.6083
-2.7142
-1.3202
-5.9078
-10.5276
-7.5428
-0.5942
-0.8391
-1.1211
-1.3815
-1.9916
-2.0456
-3.6941
-4.4667
-8.9862
-12.7868
-4.9641
-0.5390
-2.6060
-0.0100
0.0112
-1.0676
1.6268
-0.4023
-5.7648
-12.0081
-8.0228
-7.7877
-13.0786
-12.6577
-11.1104
2.0908
2.2890
-0.3115
0.0496
-2.2390
-1.6349
-0.6726
0.1774
-1.5609
-4.4813
-0.2335
-10.4812
-9.9728
-11.6280
-13.3995
-2.9484
-5.3911
-11.5914
-3.5141
0.6325
-0.5250
-3.9037
-3.2059
-8.8919
-10.6832
-11.1862
-8.3453
-4.3056
-3.6537
-2.2204
-1.5751
2.8499
-0.2290
-3.3316
-0.0423
-2.8272
-2.1025
-1.2809
0.7884
2.8104
0.6571
-1.7330
-3.2916
-7.4986
-9.9901
-13.7185
-13.8886
-8.8297
0.3653
2.9193
6.6427
2.1825
-2.9078
-2.3451
-7.5934
-3.7471
-1.5493
-1.5905
-5.1166
-9.1650
-5.4708
-3.6279
-11.7985
-12.6917
-15.4483
-15.9061
-9.9702
-9.4181
-12.0955
-15.1722
-13.8071
-13.0935
-12.9841
-10.0522
-5.8255
-9.5226
-5.8342
-1.6631
-4.1771
-8.5841
-6.4908
-12.2615
-13.4100
-10.5646
-11.4848
-16.5430
-16.5825
-12.2605
-12.0303
-9.7111
-4.7477
-5.6747
-8.5669
-7.0252
-3.3671
-0.6219
-9.0821
-12.4257
-12.6955
-5.6017
1.8041
2.4724
1.6008
-4.1753
-11.0106
-12.6192
-8.7196
-6.8264
-3.0909
-2.0545
-0.1191
-3.7006
-6.2895
-5.6431
-5.2559
-7.8172
-4.0142
-2.3324
2.3666
3.0526
-0.7780
-3.5236
0.4011
0.6884
2.2511
-0.0166
-1.3478
-0.5107
-1.8587
-3.0871
-3.5923
-2.7974
-5.1722
-5.3731
-6.0889
-3.2752
-2.8993
-4.1138
-0.9490
0.3503
2.7944
-4.7037
-3.3987
0.0305
-1.6245
-9.5208
-13.6530
-14.4755
-12.8033
-7.4970
-4.3639
-2.8208
-0.8205
-1.6694
-2.1623
1.2940
3.5463
0.4970
0.4769
1.0394
-0.7014
0.8767
4.5298
4.2880
9.0359
11.3887
12.1317
7.0895
1.9747
-4.1141
-2.9947
-0.5223
-1.5788
-0.1666
-5.7266
-5.3175
2.6361
-1.8364
-2.4534
-3.2467
-3.1637
-7.2429
-7.5699
-4.4467
-3.6800
2.1767
10.0100
8.1308
3.3290
-2.2668
-11.9198
-15.9447
-9.3354
-7.4903
-9.8048
-14.5028
-10.9852
-4.9134
0.1987
4.4921
-1.5324
-6.7646
2.9712
-2.8619
-3.1467
-3.0150
-3.4351
-2.1507
-2.0160
-0.7929
2.0458
2.5558
1.0512
-6.0484
-6.0512
-8.9032
-9.8385
-9.5440
-16.3349
-15.5007
-11.0437
-5.7548
-3.2347
0.4118
-2.9754
-8.6106
-13.3862
-4.3057
-1.5585
-2.4600
-2.7535
-1.3029
5.7615
7.1239
5.3614
6.4029
5.3351
3.0918
-3.3515
-12.7489
-14.9481
-12.1931
-8.0442
-6.0670
-5.2552
-3.0387
-1.2854
-0.7753
-5.3222
-7.1093
-3.7429
-5.0025
-4.9891
-2.6315
-1.2593
1.8096
3.3691
1.9653
4.7462
8.8844
8.3250
10.2559
11.4484
11.1735
6.8319
1.4493
-0.4603
2.2655
3.8845
2.5148
2.4175
-0.2909
-2.4826
-3.8390
-4.1223
0.0741
8.7990
-2.6849
-12.5942
-16.2222
-9.7623
-8.6424
-14.7012
-14.6745
-8.5000
-0.3392
1.6545
0.2381
1.5077
3.5445
1.5651
-2.9922
-10.0615
-10.8776
-6.2336
-0.6879
8.3490
7.9780
7.6915
12.4537
11.4149
5.8656
5.1253
8.4854
11.4588
6.4903
-0.7302
-4.7489
-5.3981
-2.9736
-5.8486
-9.3648
-10.4353
-8.4565
-5.1330
-1.0491
-2.4743
-1.3680
-0.0059
-3.6469
-8.8842
-10.1170
-8.8701
-5.7222
-7.0593
-3.6431
1.0610
2.3995
-0.1403
-15.1519
-20.3294
-6.9682
-1.1134
0.7926
2.5885
4.3435
3.8082
4.2996
5.4145
7.7666
7.2255
-0.1402
-4.2010
-1.7715
-8.1876
-9.2684
-7.4811
-7.5631
-3.2593
1.9459
0.5279
-3.7154
-2.8876
-3.1211
-1.7405
-0.7243
-1.8206
-0.2839
-1.7936
-1.0995
-2.4592
-9.4916
-9.6463
-5.8801
-6.6672
-6.2857
1.8416
6.6612
4.4101
6.9493
4.9380
0.0223
-0.2141
-0.2047
0.8179
4.0132
4.5929
-1.1280
-3.4951
-4.1093
-1.1731
-5.4925
-6.2643
-3.6202
-4.6142
-3.4499
-0.1821
-5.8177
-4.5699
0.2955
-0.1529
-4.3814
-7.1513
-5.1969
-4.5207
-1.3730
-3.2637
-3.5615
-4.0512
-0.7304
-8.8658
-12.1075
-12.8677
-17.1700
-17.5943
-11.7428
-7.8855
-2.2874
-0.5370
-1.8188
-6.7454
-9.7480
-10.3260
-4.4518
-5.4654
-5.0199
-1.7041
0.1534
-2.1696
-3.3959
-1.5518
2.1953
2.7904
-0.1241
-1.9602
3.0148
7.4488
4.2871
-0.9234
-1.2656
-1.3711
0.7836
0.1115
3.1108
2.9539
-5.8610
-7.8582
-8.7284
-10.0725
-5.9309
-10.4511
-21.9529
-17.0221
1.1208
11.5583
3.4802
4.9664
2.8842
-0.4763
-4.5066
-8.7064
-5.4878
-3.5209
-3.0242
-3.2621
-4.6581
-1.5946
0.7863
3.0914
5.5833
0.0848
-0.6456
-0.3057
2.5908
3.8367
-1.7397
-0.5204
2.1086
0.6513
2.3130
5.5833
9.9386
6.4398
-0.0738
-2.5745
-0.3225
2.9997
-1.3319
-7.2996
-8.5575
-6.8945
-3.2099
0.7319
1.6096
1.5736
-1.8961
-7.4543
-5.2836
-7.1552
-5.1152
-0.9492
-0.0682
1.2520
-2.0848
2.1615
8.1416
1.2682
-0.3749
-0.4291
-5.7939
-4.5589
-3.0607
-4.4331
-5.3985
-3.7276
-3.3150
-4.7087
3.8003
6.5908
1.8397
-1.1741
0.1400
1.9736
2.1504
4.2841
3.0166
1.7660
-4.9378
-7.2126
-3.5899
-8.6480
-8.0828
-6.2134
-4.4072
-5.5621
-5.2368
-6.9756
-9.6704
-7.3111
-1.0456
0.0594
-2.3236
-8.0847
-5.0750
3.1608
13.1578
5.9154
-0.0779
-1.7515
-5.9231
-2.0424
-0.3227
-7.8205
-6.4340
-2.3284
0.7332
-1.0322
-0.6757
1.5896
0.6582
1.1166
-0.7085
-1.3286
-2.9426
-3.3136
-2.4618
0.1974
0.7692
-3.6784
-2.4602
-10.7673
-19.6743
-19.7763
-15.0216
-13.5195
-9.3614
-7.0439
-5.1357
-2.9533
-1.7831
-1.5412
-2.1596
-2.2184
5.8948
7.0330
3.4399
2.4706
1.5597
0.1093
-1.2553
6.0029
9.4535
1.9349
-0.1296
2.2200
7.6250
7.7228
1.8820
-5.7080
-5.3526
-3.5398
-9.0383
-7.3523
-0.4343
0.4198
-5.7654
-3.8686
-3.8259
-8.4209
-5.4053
-4.9050
-7.7142
-6.2459
-0.5957
-0.4334
-2.1882
-4.6723
-4.9849
-4.3007
0.2760
0.8136
0.8377
2.3952
5.5445
10.0553
6.1669
5.2081
1.1710
0.2502
1.5137
4.1449
3.2753
5.9686
4.8666
8.6752
9.4853
7.5677
5.4430
1.1638
-3.7065
1.6249
2.1771
-3.6503
-7.2085
-4.4915
-3.7223
-2.6179
-5.5857
-4.2722
-1.4277
-2.6545
-7.0585
-6.7307
-4.4627
-0.0266
3.8625
4.4064
8.7298
1.9045
-7.6175
-12.6252
-14.3245
-16.1737
-8.8450
-4.9363
0.1459
-2.0500
-5.3507
-4.2849
-9.1208
-9.3779
-2.6749
-1.4877
-2.7076
-1.1436
3.6227
-1.9529
-2.5836
-1.2283
-2.7872
-3.2219
-1.0641
-4.0031
-11.0077
-4.5351
-1.6236
-2.3189
-3.5083
4.1489
2.6456
2.0048
1.9850
-3.1718
1.1921
-0.3185
-10.0997
-8.7337
-4.2287
1.4507
2.7440
-2.2192
-1.9852
-7.5628
-12.9002
-6.8535
-3.5684
-1.5992
-1.9872
-6.6119
-9.1832
-9.1727
-7.2731
-6.4295
-4.3858
3.4847
1.0721
-2.0600
-0.0130
0.7936
-1.2858
-4.5726
-0.1612
-4.1924
-5.2141
-2.6289
-1.4874
1.3316
0.8399
-1.9721
0.4647
-1.7784
-1.6016
-3.4194
-2.1775
1.0609
1.1642
0.5858
-4.1416
-10.8370
-6.8120
0.8446
-1.3578
-6.3171
-6.8516
-0.8578
1.6664
7.6538
4.5075
-4.3602
-5.3264
-1.2099
-1.2583
-4.0605
-8.1810
-5.0178
-5.8301
-4.7430
-1.7407
4.3193
3.6658
4.3068
8.1105
6.4727
4.6785
5.6668
2.4490
1.4321
2.0995
5.6255
9.2997
8.7669
5.8136
5.5030
4.1141
3.5914
3.8713
-2.2171
-1.6325
-2.5927
-2.5630
0.3449
-2.7374
-1.6686
-0.6505
-2.1396
-4.2575
-4.7862
-4.0330
-4.1784
-2.9355
5.0149
3.9208
-1.6658
3.1514
-0.6061
-5.9741
-3.1530
-3.9505
0.7214
-4.7906
-11.1448
-14.4785
-13.2343
-9.5038
-6.1156
-5.7527
-7.8456
-6.1064
-4.7158
-6.4782
-2.3830
-1.0891
-4.8828
-9.1620
-7.8160
-9.4928
-8.1247
-0.9625
-0.4325
-0.0275
-5.5724
-6.1155
-8.2414
-13.0292
-13.9887
-15.8564
-19.7945
-12.6438
-11.5229
-12.9369
-10.5789
-8.1851
-10.6325
-4.8310
-3.4183
-1.4630
2.7672
3.8900
2.6886
-1.8696
-1.0163
-4.4883
-4.7196
-3.7537
-0.7925
-0.3887
-0.3101
-2.0612
-3.8973
-2.0981
-2.6693
1.2028
-2.9399
-2.0750
0.1826
-0.3481
-0.4361
-0.5445
-1.5485
1.8172
1.5423
0.5296
-3.8128
-6.9454
-6.3434
-8.1421
-15.7085
-13.0377
-11.7489
-12.0689
-8.2356
-3.5335
-1.0606
-6.4084
-4.6461
-2.6551
-6.2999
-7.7685
-3.2484
-1.6275
-2.1847
3.2447
0.1806
3.4143
11.1620
10.6221
5.8234
5.4923
0.8531
-1.8865
-1.7315
-3.7597
-2.6330
-2.0034
0.8250
-0.4393
-0.9547
-3.4887
-10.5306
-6.3015
-1.7700
-0.1283
-1.6179
-6.3747
-0.8913
7.8483
5.5345
-2.1417
-2.3098
-3.8325
-5.3374
-9.9359
-6.4790
2.3555
4.5480
-0.0807
-4.9792
-6.0303
-4.0337
-3.7626
-1.8733
1.3725
-0.3544
-4.6955
-0.4226
-1.5946
-2.4014
-1.9561
1.3409
5.5372
3.1342
5.1418
7.2673
10.0606
13.5045
10.4623
9.2584
10.8623
8.9427
5.8449
8.0283
9.4688
7.6347
4.0946
0.9915
6.1553
5.4318
7.9605
7.0143
5.8021
5.4105
2.8464
0.2202
2.6700
3.6144
7.0383
6.6219
4.6135
5.4096
2.9347
1.4985
-3.2933
-4.4567
-2.1653
3.8827
8.5248
2.1547
1.8613
5.7985
5.5682
5.5558
8.2397
10.9835
5.2027
3.7559
6.0019
6.3312
9.8617
6.5173
3.7063
6.1451
4.7119
2.7837
2.6139
6.7511
8.5864
4.5153
-0.5976
-1.0956
0.6896
0.1349
-0.9079
-4.7462
-0.2752
0.2486
-1.8345
-1.6834
-3.2336
-3.3498
-2.3488
0.0940
2.3610
-1.2482
-2.1075
-5.6143
-3.0307
0.0558
3.8978
0.8577
-4.5266
-3.4436
1.1074
-0.0772
-1.3814
4.0586
6.4253
0.9230
1.6277
6.8826
8.1513
2.2080
-0.9986
0.0493
-0.1922
2.1836
1.4373
-4.9428
-4.8741
0.6512
3.9785
4.5109
4.7995
1.7582
2.5354
1.0198
-2.6452
-6.3855
-2.2087
4.3906
11.9471
8.3495
6.4080
4.8147
4.7744
9.4141
5.8473
2.6981
3.0019
-0.7450
-1.7899
0.4618
1.1149
-1.7429
-6.0424
-1.2876
-1.1931
-1.4468
-0.5593

Coefficient 33:
-1.8249
-4.1066
-0.5516
-0.8492
1.9245
2.3819
0.1171
-0.8963
-1.2813
-2.4032
-4.9282
-6.7630
-3.9183
-0.3235
-0.6891
-9.2065
-8.8979
-4.0024
-0.4862
-0.4930
1.8718
2.4110
-1.3590
-5.6935
-6.4265
-4.4001
6.0898
-0.1666
-1.0185
1.0933
1.6499
-1.3162
-8.2507
-15.7826
-4.5462
7.3522
6.0091
-8.4079
5.8685
28.7989
34.4912
19.3295
9.3778
-8.6371
-18.5474
-17.7127
-12.8932
-8.1331
-8.2398
-8.8522
-13.6461
-13.1760
-10.6222
-12.4232
-12.6761
-8.6194
-8.5423
-8.3270
-11.3608
-16.2082
-13.8845
-11.5675
-3.0334
3.0500
5.5068
9.9943
7.3972
7.5946
9.9637
-2.1643
-7.9822
-11.0062
-12.0232
-4.6089
1.4864
-5.5216
-6.9415
-3.5701
-3.1854
-6.0210
-1.9696
-0.6330
1.1275
-1.6927
0.4582
2.1524
1.0537
-3.4967
-4.0692
2.3055
-0.6759
-4.1545
-3.3232
-0.0599
2.5918
0.6838
-4.0958
-2.9398
-0.1724
-2.3198
-5.4793
-2.9777
-2.4602
-2.4057
-1.9985
-2.3568
-5.0211
-3.7850
-7.0427
-7.9620
-3.1134
-1.2574
-4.3761
-7.8272
-5.3906
-4.3451
-6.9662
-10.6530
-16.6383
-15.4849
-10.1107
-4.9254
-6.0441
-5.7024
-8.5245
-4.3342
-3.4124
-5.9427
-8.3373
-2.7948
5.1293
6.8768
5.0586
1.3992
-0.4627
-9.0730
-12.7727
-14.0545
-5.7217
-3.0711
-3.0681
-0.5633
-3.5310
-2.6746
-4.8536
-4.2136
-8.9383
-12.1532
-10.1847
-8.7857
-7.9750
0.2897
7.6904
9.5783
8.1036
7.5436
9.4162
2.9421
-4.0234
1.8802
-0.7626
-7.3636
-11.5567
-5.2458
5.0625
4.7755
-1.6933
2.3793
9.1591
8.7756
-0.2459
-4.9097
-0.2873
0.3020
-3.2279
-7.1538
-2.9542
-3.7962
-4.2684
-3.7764
-0.6196
1.7793
-0.1112
-6.0347
-2.0873
1.1916
-3.6449
-6.4082
-4.3977
-0.5462
0.7127
-2.0100
-6.0526
-3.6292
0.0928
-1.9192
-2.4644
2.5307
3.4666
2.5444
-1.7035
-4.4049
3.3582
8.4569
-7.0374
-9.0678
-4.6219
-5.5505
-6.7288
-5.1259
-3.5743
-3.5042
-6.6685
-8.0461
-15.5313
-20.9799
-12.1145
0.7012
-1.6475
-0.0276
-2.1475
0.3380
6.0228
7.1854
1.8948
-1.1112
5.6308
5.8700
5.3611
1.2138
0.7047
1.7036
2.1855
-0.5756
-5.5957
-4.4658
-0.4817
-0.4145
1.6737
2.0202
-1.4076
-1.6137
-5.5964
-2.1267
-2.0555
11.3126
4.9237
-3.3625
-4.8796
5.6994
2.7589
-4.1606
-7.7340
-10.8040
-10.5556
-10.7941
-9.3942
-10.1487
-8.3312
5.1897
0.3816
-6.4848
-7.3045
-3.0636
1.0162
-1.5575
-5.1068
-5.1534
-9.8560
-14.7411
-14.0237
-9.4665
-0.3185
-2.2749
-1.7118
0.1229
-0.4940
-3.5239
0.8201
3.1040
-1.7897
0.0881
-0.1162
-5.7226
-5.2685
-0.8953
-2.8449
-3.0058
-4.0600
-7.2449
-8.5633
-9.8813
-9.5586
-10.7811
-14.2205
-17.5250
-18.1695
-9.6309
-9.8243
-8.7263
-9.1583
-11.1759
-8.5842
-9.2512
-9.4237
-0.0204
4.4505
0.5101
2.6431
2.2898
1.8191
-2.2301
-3.8958
3.5989
4.3315
13.2622
21.2865
16.0693
10.7418
7.2364
0.0117
-4.4972
-0.6521
-1.8499
1.3370
-3.0375
-7.8771
-3.8492
0.2328
-0.2985
0.1523
0.1243
1.1599
-0.8851
0.1930
1.7752
-5.2249
-6.3044
0.1574
4.4308
4.6098
9.1275
5.6043
2.0294
3.7666
2.4182
5.3168
3.6834
-2.1785
-1.1047
-3.2591
-10.5650
-12.0011
-7.3745
-6.8731
-15.7538
-20.0288
-9.3199
-9.4404
-7.2690
-0.9423
-0.0204
-2.5922
-4.2275
-0.0291
3.4367
-0.6249
-8.8103
-9.8446
-12.8033
-9.8987
-4.3769
0.3944
4.8164
6.0140
4.2036
4.1345
-4.9433
-7.3338
-3.2237
1.1970
-2.9335
-12.0325
-6.1346
-8.1557
-11.1922
-12.8022
-9.8172
0.1232
5.1866
6.8775
6.2134
6.0883
1.7395
-2.4959
-6.7991
-16.8379
-15.9809
-9.7154
-0.2421
7.9437
9.9318
1.6358
-0.8072
-5.0536
-1.2159
-3.2622
-11.6330
-15.3163
-13.0775
-9.3055
-10.5143
-10.0598
-10.1997
-7.5584
-8.8920
-8.4289
-4.0166
2.5061
0.7025
-1.6858
-3.5791
-3.6496
-4.2150
-2.5641
-1.5488
-1.5401
-2.4148
-7.2343
-9.6200
-6.3861
-5.2748
-9.1353
-7.9492
-3.0630
-2.1546
-1.5995
-2.8594
1.5655
4.3050
2.0894
-0.2163
0.0033
-2.7352
-5.2256
-9.0467
-11.0188
-8.5705
-4.6116
-2.0997
-6.2657
-5.1653
-10.2044
-12.1090
-5.5786
-2.0204
-4.1015
-5.5336
-2.4531
-0.9589
1.0423
2.9923
6.3343
2.9997
5.8555
3.2405
8.1051
9.1167
7.0839
8.4482
-1.1728
-2.9434
3.6815
-1.5603
1.5214
11.1008
8.9630
3.1077
3.8152
5.3921
6.4577
7.4964
4.5545
-2.5583
-9.6730
-12.1291
-13.6350
-15.5053
-15.8315
-13.5816
-8.4485
-8.0184
-4.2110
-6.6736
-5.2249
1.6347
-1.7500
-5.5026
0.1757
2.8071
-5.3432
-10.7734
-5.5324
-5.9177
-4.1359
-3.2894
-3.7670
-8.9438
-6.6948
-3.1268
-0.0036
-4.4863
-0.0884
-1.8724
-1.0954
-2.8582
-7.0574
-11.1654
-9.9805
-9.8515
-7.0861
-2.0631
0.1656
-2.8203
-2.9655
-0.3072
-1.1461
-5.7530
-6.7399
-5.9199
-2.3584
-1.1013
0.2476
-3.1889
5.0233
3.2221
-0.2462
-1.2499
-1.7127
1.2782
3.3119
7.6900
7.1544
-0.6153
-7.0155
-8.5870
-4.5433
-4.9774
-4.9905
-0.6314
0.6837
1.4439
5.4010
1.2397
5.4273
8.3196
3.0610
5.8473
6.9646
0.4050
-1.7766
-2.1662
-6.4132
-7.2231
-2.7004
-1.8671
-6.5996
-11.6663
-9.0627
-5.4087
-2.6322
-1.4631
-0.0272
-5.1217
-6.6911
-6.0944
-14.5316
-16.0583
-13.5513
-8.3880
-7.1375
-7.2019
-6.7960
-7.7702
-12.1080
-9.3654
-6.9234
-7.9586
-2.3212
5.1452
7.7614
-1.3259
-8.3025
-8.8973
-6.8050
-0.0362
-1.1525
-1.1890
-1.0281
-0.2677
4.4292
7.1295
3.0423
-5.0861
-8.2140
-10.5189
-9.5276
-6.3962
2.2257
0.6680
-0.5182
-0.4229
-4.8154
3.8574
4.0402
1.0876
1.7040
4.6938
1.0273
5.1187
7.0892
5.1613
6.4719
4.2164
1.1531
-0.4975
-2.1833
-0.9462
-4.3931
-6.6958
-4.2171
-1.9521
2.3320
6.5357
5.0616
-0.8523
-2.4089
-0.9390
-2.3089
-1.4385
-7.4210
-10.4375
-9.5964
-7.7405
-6.5111
-3.8071
-3.0741
-1.2991
0.7243
-2.2987
0.3177
1.2835
-1.6448
2.9666
3.0118
1.4621
-0.0093
1.7456
1.1819
-0.2722
-2.4973
-0.8660
1.0850
1.1857
-5.1431
-10.7271
-5.1639
-4.2003
-0.6988
-0.8671
0.3950
0.1415
-3.1155
-0.4951
2.3778
1.6337
1.9240
1.3635
1.6736
3.9791
6.0534
9.5348
10.3152
5.5987
5.4730
9.4482
6.8163
2.2173
1.0098
2.4095
0.1200
1.2195
-2.8823
1.6537
5.0137
3.4518
-11.0557
-10.6942
-8.9059
-4.4691
-5.3021
-3.5930
5.5517
4.9257
7.1896
4.8971
3.5361
1.9704
1.0940
2.9170
-3.3666
0.7207
1.9967
-0.7665
-0.4753
-1.1196
-1.0558
-0.3631
2.9171
1.5161
-1.7839
3.9702
0.8757
-5.8411
-8.2138
-4.4137
-0.3060
-2.4339
-4.1594
-4.3141
0.6175
0.0134
-0.8808
-4.6785
-4.6779
-10.0592
-7.2485
-10.1364
5.4731
21.4712
23.9316
21.8301
26.9714
20.9232
9.4423
2.3134
-5.3003
-10.7788
-9.4882
-4.5847
-1.6501
-7.3702
-7.2230
1.6234
11.9516
18.0916
11.1815
5.9361
7.2286
11.0318
10.6432
7.1463
6.2303
4.5249
0.8307
1.5246
5.3837
7.6356
2.6055
-2.6060
-3.5987
-2.1642
-0.6027
0.8219
-0.2007
-8.0555
-6.0911
-2.2483
-3.7807
-5.5429
-2.7948
0.5915
0.6190
-2.0117
-4.4834
-3.7458
0.3490
0.6081
2.6671
-0.6456
0.1826
0.9184
-2.9846
-2.5726
-1.6208
-8.0325
-6.3243
-3.5543
-4.1006
-6.2380
-4.5716
-1.1694
-5.7043
-0.5274
0.4539
-2.6249
-7.6314
-3.0121
-2.5233
-0.3708
-4.7477
-7.1221
-9.1524
-1.2551
2.7147
12.1953
9.3607
6.0189
1.0067
2.0531
-1.3361
-4.1474
-4.8276
-7.6312
-7.9502
-7.0218
-8.6302
-11.6896
-13.0295
-7.4542
-4.6729
0.1484
-1.8830
0.8744
-0.0639
0.9834
3.2879
3.1651
-0.1446
-4.9833
-2.1294
5.1356
1.4296
-4.1771
-1.1390
-0.9691
-0.4685
-6.4368
-4.8313
-5.4850
-7.5185
-8.3354
-8.5106
-6.5681
-8.5013
-11.4001
3.4039
2.2912
2.0883
0.5207
0.7014
4.2456
3.1623
5.0234
6.0184
4.5429
3.0854
2.7768
-2.3958
-4.1537
0.0147
-1.8350
-1.3266
0.4794
3.8176
-1.0210
0.2128
4.1501
6.0609
2.3313
4.9263
11.8343
13.2286
4.2381
-0.4114
0.7105
1.3063
-4.9493
-10.7876
-11.5150
-6.1739
-1.0177
3.3222
4.9608
6.8087
8.5320
7.3895
2.6962
-1.9490
0.9864
6.1539
7.0619
4.0046
0.0429
-1.7630
1.9409
2.2683
3.3536
-2.0329
-7.3680
-4.4547
-9.2236
-9.0089
-9.4244
-9.3151
-10.6303
-6.7542
-1.5899
0.9325
-3.1702
-5.2970
-3.8334
-1.2611
-2.2728
-1.2967
-0.4638
1.3722
-6.5642
-10.7312
-7.3038
-6.5391
-5.0571
-6.2130
-5.0808
-1.6595
0.3620
-0.6954
-5.4673
-7.6928
-9.2703
-4.9515
1.8295
2.7635
4.3582
2.2142
-2.8180
-3.5915
-10.1811
-11.7040
-10.0771
-7.4275
-7.8864
-4.7088
-8.7104
-8.7018
-4.7254
-0.1454
1.2915
1.7368
2.5981
2.4909
2.6125
-2.4754
-3.3778
-6.5557
-7.1253
-5.7517
-7.4943
-6.2141
-6.9905
-6.7387
-4.4376
-2.0540
-3.4836
-9.1690
-12.8220
-13.7045
-14.5115
-14.5068
-1.7874
-5.0869
-2.3878
-8.0415
-9.2196
-7.6891
5.3163
3.0942
-4.1364
-3.8254
2.1753
5.5269
1.6884
0.7848
3.4947
-0.3413
3.2723
5.2417
6.7494
5.1468
2.0758
8.7189
6.0663
3.1657
-0.0740
-0.3880
-0.3468
-0.5770
-1.1845
-2.1355
-3.8433
-3.1287
-5.0984
-2.7923
0.2635
-4.2940
-5.4526
-2.3921
-0.2817
-2.6660
-2.8984
-2.6048
0.9016
1.6554
-6.0630
-10.8838
-9.6303
-4.9432
-4.1604
-3.5408
1.7033
-0.5818
-2.8395
0.0128
-2.9077
-0.9085
-0.3249
-4.1499
-5.9785
-7.6838
-5.7158
-5.3619
-1.5578
2.5608
5.4368
-1.0944
1.2269
7.4777
2.8293
-3.9044
-6.5262
-3.8051
-4.3961
-6.3362
-3.2861
2.2182
2.3001
0.3439
3.1716
4.6337
3.4480
1.5921
2.7789
2.1070
1.0711
0.6208
-1.4867
-4.8659
-5.8395
-5.1209
-1.6457
-1.5895
-7.1307
-4.0860
1.2404
-1.2842
-2.3642
1.6672
3.3350
1.8055
2.6015
-3.4072
-6.3258
-3.5789
-0.9067
-0.5747
2.8568
0.4008
-5.5590
-3.9745
1.2429
-4.6205
-9.0644
-4.9218
-5.1610
-10.3283
-14.2686
-6.8136
-1.8243
-6.1374
-2.7471
3.3051
3.3693
3.3794
1.9710
0.9621
1.9579
5.5638
-1.4864
-10.0096
-21.7672
-22.3848
-13.1221
-13.5577
-15.7440
-10.4914
-11.1495
-10.3337
-4.5573
3.0089
3.2912
2.6221
-1.4637
0.3965
-2.1059
-4.2342
-2.0701
-2.4587
-5.0222
-3.7100
-1.5797
-5.8299
-5.7991
-3.3712
-2.4745
-2.1758
-3.7800
-4.4468
1.5179
-3.6484
-4.8377
-2.4748
3.4909
1.8629
-2.9503
-7.2060
-6.9622
-6.8576
-9.9782
-13.1299
-2.4155
0.6043
-3.0244
-3.9672
-0.0138
-1.7189
-7.7668
-6.4279
-4.6576
-5.7807
-0.3400
-0.5912
-2.7638
0.6072
-1.2507
0.0289
1.6350
-2.6105
-3.5129
-6.5249
-0.4146
-2.0057
-5.6724
-9.3707
-3.6274
0.0251
-1.8023
-1.6200
-3.1350
-7.3819
-6.2143
-2.1775
0.9224
1.1024
-1.1626
-9.6581
-8.1646
-5.7527
-0.7477
-4.3352
-7.2697
-1.1543
-0.1863
1.1922
-0.6365
-3.4492
-6.1055
-7.6700
-7.6528
-5.3582
-6.1976
-4.1577
-8.5172
-10.2323
-8.2503
-5.3971
-1.7294
-0.5496
-2.9324
-2.1614
-2.2720
0.2014
-5.0452
-12.4815
-5.7577
0.8025
6.7135
9.7924
14.7127
12.5719
6.3097
5.9354
10.9348
11.9367
3.2706
1.7117
3.5225
4.9321
2.9575
1.5775
1.7920
1.1934
3.5568
2.5264
3.4597
2.7325
2.1996
-4.8233
1.3214
0.6992
-5.0500
-2.2956
-1.0996
0.8871
2.5448
-1.5544
-0.0266
6.0371
4.8359
-1.1459
-4.4508
-4.6396
-6.0251
-11.2932
-3.9511
0.4889
0.6657
-2.7132
3.3262
4.8587
5.4784
6.0814
7.1235
4.4892
1.2208
-2.0396
-7.1675
-7.3230
-4.0886
-1.3231
-1.8009
1.1657
1.8434
2.2360
3.6733
3.1357
-1.4579
-3.3215
-0.7649
-1.0848
-0.4768
-1.7086
-2.5548
-0.8038
-3.7314
-5.9292
-5.2980
-3.1224
-4.0673
-5.8392
-5.6584
-9.9018
-12.6109
-11.0821
-7.7156
-1.9293
-1.4524
-0.3358
3.7431
0.6409
-1.8207
2.9220
3.5030
-1.0585
-1.7835
-3.6041
-4.8092
-1.0401
1.7733
1.8765
0.3845
2.6906
3.3188
-4.9132
-7.2222
-3.8791
-0.7894
0.1320
1.4961
1.8785
0.7388
1.4801
-1.4714
-3.3228
-0.2595
2.7969
1.7150
-1.6344
-2.9218
-3.7827
-1.2324
-9.5948
-16.1903
-14.6770
-9.0816
-6.9151
-3.6095
-4.5735
-4.6324
-4.4693
-5.5782
-2.8324
-4.0919
-0.8252
0.0135

Coefficient 34:
-1.5468
-4.4457
-3.2377
-3.7151
-0.1439
0.2964
-2.1542
-1.1467
1.2269
-2.5468
-7.2667
-4.9057
-2.2750
-7.6982
-4.0269
-3.1222
7.3291
7.8148
-3.5571
-6.0536
-0.6001
1.1460
1.5103
-0.9985
-5.3886
-4.6823
0.4504
-7.2273
-7.9416
-0.0267
6.2697
3.3695
0.2062
4.9767
17.0739
22.1632
15.0569
-10.5107
-8.5584
8.9247
18.4698
13.1909
6.1260
-1.3033
-9.6715
-10.0042
-5.3824
-5.8745
-6.1679
-5.7199
-4.6470
-2.8639
-6.8186
-9.9936
-7.9990
-6.0479
-9.4052
-9.9395
-9.9601
-8.5988
-4.0790
-4.7427
-2.1274
3.8672
5.9492
-0.2776
-6.2237
-5.7123
-3.8337
-2.1073
0.7086
3.8861
3.5406
0.8511
-5.0954
-11.9502
-18.5776
-13.6301
-6.6046
-3.4271
6.1511
6.4682
-1.6674
-3.7430
-1.1993
-0.5831
0.5006
-2.7594
-3.2252
0.2563
-2.4709
-3.2260
-0.6913
-1.4852
2.7612
-0.1571
-2.9204
-3.8464
-1.9935
-1.9515
-4.0994
-6.1819
-3.5006
-1.5228
0.5172
-2.4529
4.9828
11.6118
5.6434
-1.1899
-0.5037
0.2116
-1.1289
-9.1462
-6.6450
-7.2921
-4.2129
-2.3928
-7.2233
-4.1227
-2.7137
-0.2462
0.5210
3.6138
-0.5970
-7.1870
-5.0195
-2.6087
-4.9418
-6.5303
-7.6183
-1.1080
-2.3257
-4.1551
-3.1589
-1.6987
-6.1631
-4.1389
-0.7442
-8.3906
-13.9873
-16.1245
-13.7474
-5.1039
-1.6584
-0.1297
-5.2231
-6.5428
-0.5239
0.7990
-6.7314
-14.1373
-14.8981
-15.1716
-8.4639
0.9142
-1.2925
-1.2357
-6.1781
-3.9850
4.4369
6.9769
5.3066
6.4258
12.5563
9.4305
2.0943
1.2031
-3.6678
-3.3910
-5.9723
-5.2112
-2.3876
2.0335
-2.6341
-4.4601
-1.7244
-6.8370
-6.0126
-2.8544
-3.1744
-1.4580
-3.5350
-5.4503
-2.3327
-4.9990
-6.8818
-3.5293
-2.7605
-1.9147
1.5259
1.2952
-2.8665
-5.6818
-3.1067
0.5796
-3.3018
0.7327
0.1223
-7.5464
-9.6353
-10.7980
-2.7736
10.2721
-4.1002
-13.6169
-13.6223
-13.9156
-16.7782
-20.4175
-16.9707
-10.9182
-12.2069
-12.4117
-8.8674
-7.1771
-8.2072
-2.3836
-1.4216
-8.2036
-7.3475
-5.8264
-3.7204
-3.8696
-5.3627
-2.5499
-4.8344
-4.3784
-2.1524
-4.5594
-4.1350
-4.3384
-3.9968
-6.5093
-6.5327
-7.4034
-5.1063
-9.8119
-7.1673
-2.1966
-6.4231
-6.1171
-8.8325
-3.8035
-0.2051
7.3289
7.4313
2.6505
-2.3208
-5.6568
-11.0978
-9.5684
-10.0340
-5.4146
-3.9995
-6.8819
-9.7367
-5.5715
-1.4565
-0.3280
-1.5464
1.6559
0.5971
-9.5599
-13.0043
-10.2682
-4.4082
0.9094
-3.1717
-9.7269
-10.8757
-11.3886
-2.3706
-2.7591
-4.5480
-0.7962
0.7307
-4.1640
-6.9375
-1.6412
2.1923
3.7509
1.5364
0.7898
0.0158
-2.7265
-4.5670
-2.1993
-1.3237
-4.1740
-5.8007
-9.0681
-14.4757
-14.8283
-16.7913
-14.7855
-9.1186
-9.6570
-7.2124
-0.3689
3.8709
3.6698
5.9904
5.2221
3.7119
5.1676
7.8714
-3.1433
-5.8749
-8.7065
-8.1044
-7.6701
-3.9721
-3.0112
-6.4427
-1.5024
5.2208
9.1967
1.1647
-7.6937
-3.8284
-0.4121
2.7025
5.7013
-3.5834
-10.6892
-14.1133
-9.0677
-4.3684
-5.5248
-4.3324
-0.4115
0.9914
-2.5261
-2.4720
-6.1071
-12.2737
-11.0866
-3.8853
2.1579
0.3220
-3.5393
-3.5227
-3.6830
-9.9811
-12.2536
-3.6433
-0.7904
-1.4370
-3.0323
-5.2262
-0.2725
4.4529
2.8014
-0.3507
-1.5200
1.4386
4.9600
5.2868
-2.1271
-2.8772
2.1835
0.8616
-2.0136
-2.3075
1.6743
0.3838
-4.5568
-3.6176
-7.1204
1.3694
-0.5912
-4.9732
-8.4723
-9.7068
-3.6872
-0.1029
-5.5669
-1.3311
1.3457
3.5069
-1.4932
-12.1229
-16.7910
-15.6553
-14.6277
-14.1878
-13.6111
-11.2758
-6.3732
-6.7219
-4.0631
3.2026
4.3595
4.5963
0.2820
-0.0620
-1.3223
-4.1697
-8.0360
-5.8699
-4.9043
-8.4191
-0.5674
0.6647
-6.5377
-7.7303
-7.8995
-11.4695
-10.0532
-10.6185
-5.9341
-0.6624
0.1588
-0.6599
0.4513
3.0441
1.6356
1.6971
0.9628
-3.1002
-4.1658
-1.0366
1.4006
2.6069
-2.2360
-3.7054
-3.0297
-1.6016
-5.8358
-7.1497
-5.2036
1.3170
-2.8369
1.9812
5.1538
4.2257
2.3804
-3.3873
-12.7557
-12.6088
-8.1818
-5.2605
-7.7738
-14.6340
-16.7524
-12.5058
-9.4520
-11.7827
-15.7895
-17.2600
-11.4400
-3.3477
-0.6304
-3.3471
-3.9615
-5.5014
-10.3932
-7.2513
-6.0602
-7.8347
-10.3104
-6.6279
-3.4921
-0.5474
-17.3046
-19.8162
-12.8758
-3.2674
-1.2551
-6.5292
-8.3556
0.6916
5.2280
10.6503
16.4029
16.6069
8.3788
-3.4861
-8.4872
-7.2316
0.0670
-0.5641
-8.1021
-10.3700
-10.8945
-10.9716
-13.2968
-14.4535
-17.9070
-13.3542
-11.0917
-8.8592
-13.1093
-11.5057
-4.6553
-3.9059
-3.7085
2.3827
-1.3567
-4.6362
-9.5023
-15.4522
-13.6490
-10.7305
-8.0896
-9.2108
-12.2841
-13.4611
-14.7452
-11.4350
-12.2306
-5.2677
-2.3274
0.3062
-4.2588
-8.0341
-9.2592
-11.9884
-18.6195
-20.5892
-21.2781
-17.1199
-12.2335
-5.8307
-5.9883
-7.0041
-0.9882
-1.9686
2.1715
3.3160
5.2432
5.9529
-3.3164
-4.9929
-4.1105
-6.6625
-5.4432
-4.4915
-0.1746
1.3608
3.4126
1.9204
-3.5918
-7.3765
-6.4894
-5.4468
-4.8887
-3.3874
-0.8327
-1.4335
-8.4753
-6.2123
-5.5387
-2.1478
-2.8638
-3.7809
-5.4277
-5.3914
-5.8943
-3.4589
-3.4418
-6.2409
-6.5189
-2.1925
-2.4054
-11.5365
-10.8939
-6.7116
0.0968
3.4193
-2.0547
-7.5819
-5.3865
0.9085
3.6444
-0.6626
-10.5423
-14.3609
-9.4193
-10.9592
-10.3460
-3.2938
-0.4654
0.8061
3.0851
-1.7202
-8.4847
-1.7078
2.7906
-0.2958
-8.8199
-9.1591
-11.9853
-13.1034
-8.3942
-10.2289
-12.5249
-11.9994
-8.4228
-4.3663
-0.1966
-7.5414
-8.0001
-11.6690
-13.5591
-10.8191
-10.7034
-11.4103
-9.4311
-14.3772
-15.4931
-9.1378
-10.9824
-11.0048
-8.3915
-2.2650
-0.3224
-5.6599
-4.5642
-3.8708
-5.7595
-2.3927
0.0925
4.6296
3.2582
-0.3062
-1.7527
-0.5353
-5.3610
-3.9033
0.2325
0.4739
-1.9408
-0.9033
0.4396
-0.0979
-3.4311
-3.9562
-0.5757
-6.9327
-13.3380
-12.5365
-13.1179
-6.4509
-3.1039
-2.1156
2.5208
2.7510
-1.3550
-4.7579
-10.2307
-8.3833
-2.6343
-3.0673
2.4019
2.5010
10.6871
9.3871
8.4786
10.0623
10.1449
6.9680
0.7497
-3.0506
0.3768
1.9302
-2.8333
-5.5041
-4.8141
-1.9819
0.4175
-3.9360
-3.7952
-0.8939
-0.6259
-1.9493
-2.4406
-5.1228
-5.8393
-4.4601
-2.3698
-0.6149
-3.3750
-6.0373
-0.2414
3.8736
5.1730
3.7757
3.2846
7.2031
8.1752
2.2777
1.2817
2.9575
3.0458
4.9104
0.5624
-4.7915
-5.0798
-4.8167
-6.3526
-16.0555
-19.3655
-13.8270
-12.6699
-17.1230
-17.5391
-20.1222
-21.3092
-26.5818
-24.7123
-20.2392
-15.3759
-10.8884
-9.0102
-8.6152
-4.7598
-1.4762
0.6454
-0.5386
-0.2036
2.5140
1.6712
0.6577
-7.5572
-5.6635
-2.8516
-3.4241
-6.2963
-3.8561
-3.4920
-1.9175
-3.2989
-7.3902
-9.1746
-10.5815
-3.3468
18.1377
30.3885
22.8680
19.6142
25.4281
31.6710
25.3882
14.8082
6.8011
0.2218
-6.3859
-15.6579
-18.1405
-13.9499
-4.8712
1.2910
6.1883
10.2321
-0.0432
-5.1054
-4.0112
2.9189
5.4539
7.6352
5.8924
2.8108
-1.2023
-8.4215
-12.6610
-11.8753
-4.5526
-2.0142
0.8020
3.5897
1.0736
-1.4850
0.8614
2.1620
5.1368
4.4407
-3.2265
-4.8896
-3.1602
-1.9822
-0.1271
-3.5965
-4.3611
-4.9175
-1.5322
2.1380
3.3140
-2.9473
-1.6954
-1.5485
-2.9877
-5.2043
-1.8557
-4.1429
-5.9314
-7.6427
-8.1659
-14.0311
-15.8833
-14.8183
-13.6033
-2.0086
3.4020
-3.2918
-6.1319
-3.9209
-0.0132
9.7986
14.7093
14.3455
2.1385
-10.4182
-9.4041
-1.9422
-2.8750
-4.3219
-0.6088
7.8838
5.0731
2.4189
-1.0273
-6.4295
-4.6632
-1.8892
-4.0017
-2.2493
-1.0176
-1.8355
-3.2689
-5.0465
-4.7530
-3.1461
0.0680
4.2511
3.0111
-2.1733
0.0225
-1.1468
-2.6588
-3.3151
-2.9368
-3.6496
-1.2758
-0.3669
4.3755
1.6420
2.1788
-0.0002
4.0287
5.5517
5.4686
1.7577
1.0310
-1.8361
3.6713
4.7139
2.4793
-1.9753
-3.6402
-3.2643
-8.3718
-7.6449
-3.9137
-5.4793
-5.8965
-6.5616
-9.0769
-8.9921
-5.1028
-5.7150
-5.5110
-5.5759
1.8653
0.2344
-1.5664
-2.6557
4.1564
5.7328
5.6033
-2.9673
-1.8986
-2.7002
-2.2999
1.4790
1.3177
-2.4709
-1.4446
-4.8823
-5.4945
-4.3091
4.8265
4.9055
3.6658
2.7781
-2.5835
-1.9281
2.4159
4.6654
4.8196
3.7294
3.7057
2.8012
-3.1612
-3.1206
1.0818
3.9658
-0.9786
0.9097
5.1819
2.8288
2.2450
1.4611
1.9523
0.0672
-1.6313
-3.3766
-1.1442
-2.8697
-4.3088
-4.7462
-5.9742
-2.6072
0.5600
0.6231
-0.1518
-4.1595
-5.5671
-6.4388
-5.7111
-1.2154
-1.4659
-2.9342
-0.0745
4.0052
1.3426
-7.3875
-0.0176
-1.0407
-1.5442
3.5282
2.6657
7.7540
6.5324
8.7019
12.4410
2.5791
-1.2426
-6.5251
-12.7987
-6.6690
2.4989
1.8587
2.3360
1.0739
-1.6174
-4.1346
-8.1779
-5.3076
-5.7837
-3.5080
1.6961
2.4290
3.9568
4.2897
2.6168
2.7509
0.7259
3.5388
-4.5733
-9.1919
-11.3055
-9.8095
-8.8375
1.9674
5.1361
4.6376
-2.1478
-0.3806
0.1733
-3.9964
-3.1195
-5.6936
-2.6792
1.8078
3.2873
0.8077
-4.8050
-6.3276
0.4412
-2.8929
-1.6265
-7.1022
-6.4555
-2.5819
-8.6244
-9.6022
-4.6569
-3.9508
-5.6416
-2.0366
-0.4654
-0.5895
-0.1663
-1.6489
-2.1506
-0.0606
3.5970
3.4067
6.2363
5.8751
4.8966
0.9495
0.1439
-0.5001
1.8338
-5.8953
-7.9622
-1.8171
0.5082
-0.3656
-0.2636
-1.4271
-2.9687
-6.0189
-4.5616
-3.1684
1.9518
3.4065
3.2055
-0.0744
-2.0801
-4.7672
-1.3646
2.0991
2.3475
-1.7926
-5.4461
-2.7884
-1.4195
-0.8204
-0.5275
3.4594
-0.4256
-4.7611
3.0677
6.1500
6.4773
5.7460
2.3774
-6.8509
-3.5092
3.1778
10.5648
8.9889
4.2491
2.5406
-0.1939
-0.8632
-2.6770
-5.8242
2.9979
6.0398
1.0898
-1.2893
0.6885
5.9109
6.3704
7.1833
5.6810
4.1887
3.5499
3.7951
3.2813
-0.2292
-1.6476
-6.4972
-8.0174
-4.8550
-4.4025
-5.3132
-4.5880
-1.1018
-1.1905
-1.9346
-3.6018
-9.2049
-9.4737
-1.1526
6.8746
4.5119
2.1252
1.6011
4.8105
7.4857
1.9399
-3.2372
-5.8702
-0.0525
4.8070
6.8664
3.5316
0.9554
3.6371
7.8579
0.6683
-1.3476
-7.3339
-19.8648
-18.1184
-14.1486
-13.3904
-14.5178
-10.6961
-4.7146
0.4085
3.3826
0.0403
0.7042
1.2149
3.6095
6.2255
6.2622
2.5939
2.7058
1.7103
-1.2531
3.0230
0.4979
-2.1395
1.9307
1.7922
2.0424
0.1989
-0.7564
-0.8181
1.8408
0.0736
0.0530
0.0220
3.1270
2.9723
-1.6060
0.2620
3.7324
2.9853
4.2479
1.5673
3.7688
2.5086
-5.6219
-19.3233
-24.4852
-8.7546
2.6886
6.5294
4.2701
-1.6649
-4.4058
-3.4536
1.0580
2.5129
1.1735
-6.2401
-2.4647
-0.1514
-3.4175
-1.7967
-2.4386
-1.3521
-0.6534
0.2170
-2.5697
-0.6504
-0.5050
1.1379
-1.4444
-3.6640
-3.5325
-2.8098
-1.5364
0.3987
3.4878
-3.4363
-6.4701
-4.3715
1.5236
-1.0298
-5.7039
-0.7789
1.1321
1.5581
-1.0026
0.8756
-1.2953
-4.6890
-7.4749
-4.2942
-2.2562
-1.4153
-1.7294
-2.6125
-3.3456
-2.1236
-1.2754
-3.4264
-4.7056
-3.4978
0.1087
3.9532
1.9723
-2.9974
-2.7390
0.2596
2.3559
3.1602
5.9559
2.7210
5.1858
12.7250
12.6284
9.3627
0.0413
-1.5951
-0.2461
3.9181
3.1754
0.7612
-0.1932
3.9903
4.0040
3.2601
-0.8659
-4.3629
-3.5346
-6.5771
-1.4471
0.9757
-5.1994
-7.0054
-3.8654
2.4021
3.9659
0.9073
7.2809
10.3127
4.7414
2.8593
2.2450
1.2461
2.1843
1.2849
1.8775
-3.7179
-1.8297
-0.4249
-2.2609
-2.7060
0.2752
2.0864
2.1491
3.4331
1.9334
5.9725
5.7554
5.7308
7.7954
1.5375
-0.1991
2.3090
0.6822
1.4495
2.6697
1.9845
-1.7187
-2.5607
-4.1375
-1.3561
-1.0280
-0.8766
-4.8475
-5.0711
-5.8795
-7.3686
-10.7298
-6.7013
-1.5947
-2.4316
-3.2744
3.1894
3.2561
3.6094
2.7540
-3.9383
-3.4241
-2.1992
0.1467
-4.2973
-1.5658
0.0630
-2.2362
-3.3563
-1.2705
-3.8466
-2.4854
8.5889
8.9152
-1.5282
-4.6037
-0.1685
6.4667
2.2179
-2.1548
-4.2447
-0.0144
4.7150
0.7629
2.2427
2.2825
4.8155
2.0315
0.5887
1.9182
5.9237
2.1535
-1.8636
-3.0479
-1.6346
-0.6358
-9.2865
-10.6901
-5.9390
-1.8676
5.8647
8.8637
6.8288
10.2189
7.4927
1.1186
-2.4642
4.2046
10.5507
7.9515

Coefficient 35:
-1.0556
-1.4884
-3.2490
-2.4386
-3.1603
-1.5897
0.3808
-1.0731
-2.7872
1.9625
1.0100
-0.8559
-3.3538
-3.4995
-0.5469
-1.3016
-3.4589
-8.5924
-10.7380
-5.4938
-0.1389
0.9639
4.7558
8.4463
1.6494
2.1818
4.3759
12.9032
9.5880
4.3641
0.1385
-1.5298
-1.3111
9.3785
14.8670
10.3775
0.7983
-7.5580
-12.7633
0.8725
8.0552
9.3463
15.9779
11.0258
0.8417
-5.8551
-5.4793
-3.8773
-7.6907
-5.6085
-1.5522
0.7198
-3.5265
-4.2193
-2.1105
-4.8886
-8.1477
-12.3026
-14.1275
-11.8318
-8.1260
-3.2951
2.7496
4.4446
8.1144
3.5759
0.6975
1.5345
2.6250
0.2764
-5.3784
-5.0303
-2.7573
5.7140
-3.8424
-9.8640
-13.8276
-7.5942
-0.0460
1.9902
8.2280
7.7644
1.5046
-3.3938
-1.2684
1.1003
-0.3469
-1.8395
-2.9867
-3.3043
-7.1435
-7.6933
-4.6131
-0.6893
4.7275
0.5956
-4.8968
-3.0866
-1.8004
-4.4784
-7.8499
-3.8134
-0.0396
-1.7025
-4.1510
-4.2758
-15.4041
-16.9434
-17.7316
-18.2713
-12.7588
-9.2831
-12.0164
-16.8428
-8.7276
-0.4243
3.8684
0.7952
-6.1132
-2.0508
-6.5451
-6.6440
-6.0416
-3.3543
-5.2839
-7.0035
-3.2182
-1.0579
-3.6804
-3.7327
-8.0008
-12.3274
-12.0847
-10.3958
-11.3608
-14.5436
-17.8088
-15.2765
-10.9691
-11.0840
-5.3565
-2.7955
-8.9927
-10.4160
-9.5208
-10.2112
-14.3286
-13.1800
-6.7976
-6.6133
-2.3876
-0.8440
-6.8429
-7.1693
-3.8371
-7.8616
-16.3987
-15.9178
-16.1690
-11.2107
-0.1227
-2.2640
-4.6741
-5.4203
2.0119
-4.0282
-8.7855
-4.3642
-6.4058
-6.8298
-11.1642
-11.3703
-6.6675
0.7075
-1.2047
-1.7806
-3.6507
-6.0092
-4.3933
-3.0189
-4.4578
-2.0943
-4.2304
-5.3035
-2.4949
-1.9898
-3.1233
-2.6428
-4.9877
-3.1550
-0.0493
0.2936
-3.4129
-5.0374
-6.3532
-2.1175
-6.2024
-2.4993
-5.3604
-6.7296
-8.3240
-6.3384
-4.7930
2.5305
-4.0210
-10.0564
-7.9774
-10.2667
-14.7463
-20.9457
-24.0728
-21.7529
-17.8718
-21.9058
-25.7461
-21.4782
-17.1663
-13.0127
-10.7292
-4.6020
-2.9088
-4.4971
-2.9530
-0.4605
-0.9584
-3.1214
-2.8475
-5.9457
-9.6383
-11.0737
-6.6020
-0.7040
-0.4099
2.9643
1.9517
-1.8998
1.4340
-2.3270
-8.8528
-9.3468
-8.2280
-6.1433
-11.7365
-6.2658
-5.3810
-8.8937
-4.5893
-3.5638
-6.9180
-1.1811
-11.9157
-22.9321
-29.2524
-28.2425
-26.2670
-23.2309
-20.8236
-17.5230
-8.2242
-1.8535
-7.3810
-10.6735
-9.5013
-14.9471
-12.9646
-6.1335
-0.0759
0.3638
-4.0202
-4.5247
-10.6723
-7.9623
1.5646
2.6063
1.2362
5.5690
7.3714
7.4289
-0.9465
-1.7314
-0.8415
3.4164
0.9625
1.4566
-0.3729
-3.0309
-3.0929
-0.7525
-2.3410
-2.5218
-6.5834
4.8485
-1.9820
-4.5766
-8.5430
-14.1921
-9.6360
-4.0120
-7.7465
-8.3910
-5.4901
-3.0754
-2.7309
-1.8851
-5.1172
-3.7607
0.8764
1.3258
-5.9447
-13.3440
-18.3024
-18.4582
-20.4584
-23.3068
-14.0405
-8.1602
-0.8647
-6.1133
-6.8944
-7.3932
-16.2633
-15.9539
-6.9921
0.5398
1.8880
1.2409
0.6687
-1.1304
-3.0809
-4.7318
-4.3656
-3.6846
-3.4299
0.6032
5.6606
5.2032
3.3338
5.3746
0.9098
-1.6572
-3.2996
-2.2997
1.6431
3.0817
-3.3586
-3.0886
-3.9467
-4.4090
-3.2301
-3.9888
-4.3822
1.6192
-1.4287
-10.1803
-18.2673
-22.3176
-21.7510
-21.3532
-12.5815
-8.0638
-16.8972
-16.8597
-16.3241
-16.4436
-14.2666
-8.9927
-6.7777
-10.5657
-14.3183
-17.8402
-15.7163
-7.0333
-9.1097
-6.9772
-7.1074
-9.3173
-10.0275
-8.9756
-10.5615
-12.0285
-11.1529
-4.4099
-1.2013
-14.7999
-13.2226
-4.0674
-3.7513
-14.3901
-17.3915
-16.4265
-15.3047
-12.2377
-14.0539
-14.8019
-16.6500
-18.0067
-18.0116
-13.4933
-5.7006
-0.6048
2.2810
2.9997
6.7825
13.2798
14.5147
2.5446
-3.7808
-4.3271
-7.8022
-5.4493
-9.4215
-5.7735
-3.0637
-0.1885
-1.5686
-2.4155
-0.8798
-1.0102
-2.7918
0.6680
1.5830
-1.2976
-2.1577
0.3682
2.3225
-0.0969
-6.1100
-7.5526
-3.3048
-3.5325
-7.2641
-4.5295
-5.7749
-4.9551
-2.7498
1.3370
-2.7722
-5.9591
-10.1875
-13.3538
-17.9639
-18.5122
-12.8966
-4.4282
-3.1852
-9.9742
-5.6433
-2.3597
-1.3177
-2.6415
-5.3753
-9.6345
-14.3951
-7.9058
-10.8861
-8.4564
-5.9064
-6.7179
-6.5567
-9.2310
-10.1790
-10.1258
-11.5650
-9.0976
0.1090
-1.0166
-7.5780
-9.0572
-4.1809
-6.9692
-13.2404
-12.2371
-2.1476
11.7149
19.3362
21.8681
17.0616
9.4519
0.0738
-2.5025
-2.8760
3.7157
3.4898
10.6354
15.6032
10.1735
3.9643
2.7097
2.4845
-1.2983
-3.0900
-0.4486
-5.0218
-9.5228
-7.6882
-4.3576
-3.3043
-2.3794
-0.5397
-7.9767
-13.9824
-18.0794
-18.9408
-10.1533
-2.0692
1.5504
-1.6426
-3.6396
-3.5591
-5.4203
1.8078
1.1287
-0.9805
-3.4285
-14.1977
-21.8046
-24.8566
-22.1323
-17.9579
-14.8064
-15.4202
-16.7037
-14.5427
-5.8446
-1.7467
-8.1912
-8.2570
-9.9796
-11.5434
-6.1894
-10.0541
-12.7999
-12.6027
-12.2008
-6.6278
-7.5457
-13.2649
-15.5045
-13.3593
-16.4258
-13.6205
-7.2051
-0.1645
4.3970
1.2892
-1.3782
0.1512
4.2284
7.0056
8.9008
2.0415
-6.8881
-8.5041
-3.5217
-3.8157
-10.0284
-12.1538
-12.4243
-10.6518
-8.8701
-6.5861
-2.9717
-4.0677
-7.1319
-11.0761
-8.7132
-4.7897
-5.3700
-7.0920
-6.0481
-7.9027
-13.9634
-13.6985
-15.3283
-11.3032
-6.9348
-12.4418
-16.3018
-12.6109
-5.4990
-3.6657
-3.8217
-3.7165
1.0432
2.7424
2.3348
5.1238
5.1415
1.4711
3.0780
2.5098
-1.3253
-2.9968
-1.6218
-3.2232
-2.7435
-5.5361
-10.2710
-11.0598
-9.7953
-5.3975
-4.8805
-11.1479
-3.8324
-0.3757
3.7070
3.5832
0.2362
-5.3272
-14.2542
-19.8443
-20.3900
-13.4404
4.8953
0.9403
-6.9278
-11.7345
-6.6671
-4.4629
-1.5466
-8.7161
-13.1788
-13.7486
-10.1960
-5.0236
-1.5109
-0.8787
0.5048
-0.9318
-4.7963
-4.0919
0.2775
-3.3037
-8.1260
-6.8578
-2.4929
-3.9166
-4.5614
-3.7125
1.8356
-3.5719
-1.7788
0.1295
-0.4236
-5.5416
-7.8991
-6.3398
-3.8467
-2.0469
-2.3449
-5.0148
-2.8802
-1.8927
-2.5232
-3.4070
0.8764
-6.2030
-4.4291
-1.8231
0.2969
0.0106
0.6874
0.5490
-1.3488
-1.6432
3.8428
4.6100
5.7510
2.6746
0.7998
2.2464
3.7584
-3.4879
-2.1445
-0.8950
-2.9281
-2.5306
-1.1312
1.2254
1.7395
0.3917
-0.3186
3.4936
8.9082
9.6788
10.5354
6.4513
5.9979
3.9666
2.8561
5.6864
2.4289
-6.5906
-5.7633
-0.1445
4.5955
0.8958
-8.1781
-13.8249
-12.7731
-10.1832
-10.2024
-9.8364
-6.3168
-5.5191
-4.4111
-10.6262
-13.8061
-9.6515
-6.2463
-6.2467
-4.6140
-4.9943
-8.9935
-7.7857
-5.8301
-5.5020
-4.0437
-3.3710
-2.2801
-4.8553
-7.7749
-7.8691
-4.3107
-4.0230
-7.2154
-4.2467
-0.6039
-2.5321
-5.2920
-15.0414
-17.5568
-16.1224
-13.0990
-9.5016
-9.1261
-20.9030
-5.5097
12.3136
10.9704
1.1305
5.0332
10.7580
21.1447
25.2920
16.7135
5.2123
0.1067
0.8453
-5.4045
-9.8464
-11.9754
-14.8627
-16.9842
-21.9293
-6.5565
-2.0147
-11.1990
-15.7732
-10.6136
-6.4460
-8.7263
-5.5956
-0.3401
2.1623
4.4197
3.9776
1.8157
3.4419
2.3011
-5.4420
-9.2589
-15.8184
-18.7203
-18.2505
-14.1417
-8.3184
-8.2540
-11.2310
-7.1197
-6.2303
-6.2153
-2.6310
0.4795
-1.7662
-3.7565
-3.1732
1.3832
0.5974
-2.6682
-2.0420
-4.4947
-5.4379
-4.6517
-3.6351
-4.8283
-6.3000
-5.8689
-11.2622
-15.7589
-14.9256
-15.0105
-17.1784
-19.1445
-27.3094
-29.4194
-21.3097
-10.5590
-3.3335
6.4402
4.3743
-0.4224
-8.3969
-9.6748
-9.4038
1.2835
-1.7035
-14.7300
-22.2111
-13.4046
-8.8713
-8.7518
-8.2068
-6.4626
-5.2783
-8.0387
-12.1155
-11.3074
-12.8328
-11.0739
-5.7100
-4.7211
-4.0165
-0.1425
0.3942
-0.9066
-5.2937
-5.8077
-1.4562
-0.0461
-0.2389
-0.4203
-1.8978
-1.9004
-5.5288
-4.5274
-0.8848
1.1549
-2.5051
-1.8411
2.8151
1.4217
3.2353
4.0167
5.0741
3.6163
-3.3139
-11.0115
-16.8558
-19.4186
-15.4452
-12.0199
-12.8651
-11.9939
-10.5356
-15.6150
-21.7756
-17.1159
-10.2773
-4.2169
0.6455
2.6955
-0.3037
-0.8743
0.2437
-3.0345
-4.7932
-1.5617
0.7586
4.3546
1.9825
-3.5330
-4.9440
-10.0607
-12.1778
-5.2235
-6.0400
-8.7783
-6.2386
0.4973
-5.8613
-8.5114
-7.4789
-10.4297
-8.7065
-4.3243
-2.1631
-1.2391
-4.6043
-6.3714
-1.8697
-3.0025
-6.6785
-2.9637
-5.8703
-1.1931
0.4667
-2.1601
-7.2815
-7.9459
-4.8787
-3.5228
-3.6695
-4.0714
-5.8045
-9.2961
-11.1393
-11.7749
-6.3283
-5.6624
-8.7976
-9.0933
-6.8610
-3.4568
-0.4024
2.8869
-0.3879
-3.1558
-3.9372
-4.2206
-2.6575
-0.0586
-0.1623
1.2846
6.1018
7.8059
3.2671
-4.2921
-11.3512
-13.7320
-14.0421
-9.0314
-13.9077
-3.8352
10.5485
14.6907
16.6140
5.9239
-3.4309
-7.0007
-5.6479
-8.9422
-21.1418
-20.0598
-17.4290
-12.1658
-0.7076
-2.8029
-6.7996
-1.7540
-4.7795
-8.9749
-10.8563
-10.8659
-11.2491
-11.5685
-12.0311
-9.0529
-4.9117
-7.6187
-16.0594
-15.0785
-8.3756
-3.4105
-6.8214
-10.4548
-13.8893
-17.7400
-25.2038
-22.4537
-12.6658
-3.7398
-8.8394
-18.7297
-18.8468
-0.4964
-5.2719
-10.4508
-8.7619
-6.2370
-2.7262
-5.7750
-6.6750
-4.0816
-6.3317
-3.1357
-0.0093
4.8957
10.0045
4.7954
-8.0928
-2.6238
-0.3231
1.1730
-2.5265
-1.3032
-0.3644
-0.2247
-0.0740
1.5348
-1.9159
-6.0828
-4.2202
-3.7958
-1.0607
-0.4119
-3.6375
-4.2203
-4.7670
-1.7815
-2.7092
-2.9895
-1.2631
2.9135
0.6637
-3.2214
-3.5444
-2.2400
-3.0760
-3.2591
-12.5340
-18.8589
-21.3952
-19.1367
-12.3030
-11.6064
-10.6535
-14.1775
-12.8106
-11.9847
-10.7280
-8.6331
-6.4014
-3.3691
-5.3881
-7.2849
-7.5318
-1.8481
-2.9809
-3.9569
0.7504
-1.1603
-4.3002
-4.9895
4.8465
6.7957
5.6624
5.5356
0.6149
-3.3227
-4.2437
-3.8609
3.3489
5.7293
0.8433
-0.5751
-3.5831
-1.4453
-2.5568
-3.2501
-2.7656
0.2645
1.8640
3.7033
5.3231
0.8968
-4.4950
-4.0149
-6.4856
-7.7572
-6.0096
-1.3532
-3.7520
-4.6463
-3.5174
-11.7074
-20.5430
-20.2330
-15.8011
-14.6619
-14.5868
-12.4622
-11.7592
-12.4225
-10.2404
-4.6532
-7.1735
-5.3126
-7.1792
-11.8779
-13.2277
-14.4015
-17.5010
-10.6389
-9.9791
-1.7274
-7.0127
-12.4679
-11.2549
-9.5832
-8.3832
-18.5724
-22.8275
-18.1681
-10.9654
-15.3215
-12.3491
-10.7286
-10.8455
-6.1298
-6.2751
-5.6317
-6.2635
-5.4721
-4.5279
-1.4691
-3.8149
-5.8292
-5.9302
-4.9039
-6.7115
-6.7399
-4.4952
-0.5424
1.2829
1.5408
-1.6367
0.1699
-0.6934
-0.5527
-0.0566
2.5782
0.3203
-0.2594
3.7225
-1.1411
-6.8400
-8.8379
-5.3455
-4.1965
-2.8577
-4.1285
-3.6846
-10.6652
-15.5711
-17.5306
-19.2728
-17.4705
-14.8255
-4.3761
-4.8614
-2.6661
-4.6096
-5.5655
-11.8011
-13.0411
-9.3980
-9.4794
-7.6336
-6.2022
-5.1775
-4.4802
-0.6798
-2.9396
-2.5550
2.4532
2.6606
2.1170
-2.3148
-3.8311
-2.1549
-0.5872
-3.8573
3.6050
0.8044
0.2920
-0.5142
0.2892
-2.9707
-3.1040
0.1006
3.4556
2.8877
1.9267
1.9967
-1.7786
-5.3122
-3.8668
-3.7020
-5.0640
-5.7001
-6.7637
-7.2890
-5.7148
-7.9930
-7.8803
-2.1714
-3.1908
-8.9672
-6.1170
-0.0029
-2.5127
-5.3143
-4.1870
-2.5005
-1.7259
-5.2210
-1.6959
-2.6848
-1.8951
1.2809
5.0975
4.9661
-1.0768
-1.9318
0.1520
0.1363
0.1534
-1.0031
-0.7113
3.2840
3.1511
0.4738
1.7640
-6.3192
-9.4611
-5.9385
-2.3305
-1.4768
-3.6012
-5.9029
-3.8346
-0.8488
-3.0773
-4.7474
-1.4749
1.6098
-0.0580
-0.9689
3.2222
2.9436
4.7311
13.1618
2.6607
-4.3015
-3.3012
-0.8143
-1.6683
-0.0249
3.3585
-0.3070
0.0961
1.6416
-2.0051
0.3648
7.2897
5.4868
4.7477
3.1946
4.8771
3.9753
1.1702
0.0376
2.4073
0.6785
-5.2374
-6.8421
-3.3816
1.0893
-0.2254
-2.2568
-5.4929
-7.3210
-3.8274
-5.2876
-5.1622
-4.3110
-0.4425
-3.4917
3.2272
-1.7095
-4.1845
-4.5397
-5.3390
-3.5630
0.4351
0.6629
3.2247
2.2989
-0.0285
-4.2933
-3.3331
-3.1838
-3.9744
-9.0625
-10.9605
-11.7994
-12.9135
-15.6466
-10.7110
-6.9691
-4.8022
-2.8585
-6.6567
-7.3577
-4.7597
-0.5024
-1.3476
-0.7172
1.0492
4.6715
6.5051
4.2954
1.0148
0.3125
4.4583
1.9519
2.4273
3.4584
-0.7890
5.8859
6.8945
2.0772
-1.3605
-3.0709
-3.2635
-2.2064
0.1808
0.8440
-0.8178
-0.4904
1.6838
0.8182
-0.5432

Coefficient 36:
-0.8037
-0.3901
2.3994
-0.9798
-4.0843
-2.7317
-1.2068
-2.8560
-2.0867
-0.5264
1.5229
-2.1558
-2.6358
1.8548
-2.6039
1.8437
3.4052
-0.7263
-5.4565
-0.4197
-3.1172
-6.8674
-6.0011
-1.9281
-3.0832
-5.6483
-4.7006
-13.2282
-13.0551
-7.1859
-4.2796
-6.9462
-3.0983
16.0419
19.5089
13.0734
3.3173
-3.4840
-15.4833
-13.1890
-5.8334
1.3194
7.6809
18.2467
11.9032
1.1425
-3.6937
-6.4878
-6.0679
-2.0963
-5.2854
-4.6812
-2.1550
0.3436
3.6235
-7.2319
-15.3579
-16.2650
-14.9984
-11.9428
-7.4224
-5.3690
-2.6761
-3.0566
-0.3217
3.9985
1.3438
2.8644
1.0006
2.2225
-1.3217
0.9443
3.8164
3.0942
8.7636
9.4864
7.6837
5.5168
1.0454
3.1579
6.6835
2.9006
3.0583
-2.9109
-2.5904
1.4448
1.7564
-1.2692
-0.4674
-3.2859
-4.4918
-6.1024
-7.3153
-2.6512
1.5577
-3.1386
-4.4796
-4.9512
-3.7506
-5.3345
-4.6332
-0.3125
1.5291
-2.3224
-2.2059
2.1391
8.2195
14.9461
12.8088
8.3099
3.2993
-0.7971
-1.8376
-0.3693
6.8102
5.1869
2.3659
-3.2906
-6.7472
-4.3202
-0.4180
-2.1076
-8.0151
-7.0747
-4.2648
-3.3708
-2.2012
-3.2281
-5.7059
-4.7207
7.8351
13.0933
12.0206
6.9290
6.9808
-1.3036
2.2172
8.6310
5.6967
1.7115
2.2471
2.4110
0.3790
6.2845
4.2304
-0.7005
-4.6694
0.2013
6.6130
3.4302
-4.8904
-11.0733
-1.6877
3.4319
3.6883
6.9591
4.7735
7.8796
9.8092
10.0104
10.3101
10.7718
14.4894
17.2296
15.1914
9.4841
10.0027
9.2959
5.5997
3.8781
0.6640
-4.2378
0.8086
2.9323
-1.9235
-3.1133
-4.7175
-6.0214
-3.4761
-3.1222
-7.4455
-3.9918
-3.1341
-5.5848
-3.5545
-1.3520
-4.3696
-5.6642
-1.2649
1.1887
-1.5197
-2.0087
-1.8822
-3.6301
-2.5634
-3.7675
-5.5974
-3.5832
1.3225
1.8445
1.8292
3.2127
6.6784
17.3565
18.9148
10.3410
-1.0836
-10.4145
-15.0280
-19.1212
-12.5001
0.9457
-3.2056
-14.5957
-16.2980
-19.0283
-15.0642
-7.2944
-4.4620
-3.4458
1.1991
6.3036
10.3641
10.5449
1.5469
-1.1121
1.4302
5.2896
5.2736
6.0670
10.4868
8.8943
3.4839
-2.6438
-5.7335
-10.4418
-7.8208
-7.1002
-5.4958
-12.1618
-14.2008
-7.6421
-10.2772
-7.3036
-5.8595
6.1990
13.5342
9.3423
1.1597
3.8834
7.7148
0.0360
-8.6028
-9.1737
-6.9991
-5.1783
-9.1980
-8.3676
-5.0218
2.4598
-3.5571
-9.7672
-8.0113
-7.1792
-7.0780
-6.3499
-6.8063
-9.8622
-6.3782
-2.5998
-6.6533
-4.3218
-2.2422
-2.9847
-5.1789
-10.6558
-7.1048
-0.7359
0.3996
-1.1046
-1.4823
-2.4033
-5.5578
-7.1596
-5.4920
-4.9763
-3.1664
-2.1791
-3.6470
-2.2904
-2.9880
0.5934
-1.2361
-2.2443
-1.3495
0.2829
1.6857
-4.5979
-13.3284
-19.8967
-18.3968
-11.9151
-11.8421
-11.6903
-11.9276
-7.3078
-1.4369
-3.2399
-4.0089
-8.6896
-7.5873
-10.4481
-7.5773
-0.8678
4.1541
-2.3081
2.9038
9.3924
9.2295
2.9679
-0.4535
2.6599
15.4110
16.9125
7.7696
4.3618
5.0268
0.7174
0.1321
-1.4108
-0.9035
-4.8136
-6.5165
0.0698
2.7008
1.3657
-0.4067
-0.9425
-5.7575
-9.1287
-9.6227
-6.9089
-2.7355
0.1679
1.9220
2.5416
3.1660
-1.0090
0.0158
-1.9174
5.5750
6.8530
0.7266
-7.1726
-9.9622
-7.9724
-6.5010
-3.7396
1.3519
6.6361
8.5277
10.3447
11.9962
10.7725
8.6144
8.5514
3.9665
3.5917
1.1998
-1.4002
-2.1754
-2.9222
-6.6958
-6.1430
-5.3158
1.9342
5.0618
-3.3323
-11.0367
-14.1340
-13.8233
-8.0273
-6.1265
-9.0050
-0.7105
4.2277
7.9172
10.2898
9.1823
4.9515
1.8853
7.4953
9.1352
7.4939
-2.5427
-12.7968
-7.6555
-2.8088
-8.3011
-11.9422
-12.1806
-12.7368
-7.8267
-2.2378
0.9928
-0.0671
0.5506
2.4381
1.3688
3.4173
-1.2494
-4.2632
-2.8120
-2.7874
-4.3541
-7.7683
-4.8626
-5.3466
-5.8351
-2.9826
3.4341
1.3713
-1.0817
-4.3636
-1.3071
-2.3905
-3.2072
-4.3839
-2.9864
-2.6758
-1.8814
-2.1463
2.0322
3.2135
0.3371
0.5571
-2.7082
1.5124
-4.7197
-4.3521
-5.6410
-8.3408
-9.2830
-5.4578
-8.7336
-17.4707
-19.9469
-20.7319
-15.1134
-4.5264
0.2927
-0.1358
-5.4615
-2.4284
0.6642
-2.0522
-2.5402
-0.0011
-1.3267
-5.6243
-5.5084
-6.2792
-9.1110
-8.3591
-0.8656
-3.5389
-1.0985
0.6265
1.9879
0.4604
-5.7339
-5.7977
5.5978
14.5105
18.5991
24.4269
20.2201
12.7537
4.1349
3.4034
1.8597
7.3895
10.8737
16.7669
19.8934
19.5146
18.0346
20.4363
17.9533
12.5856
8.3891
8.4550
4.5675
1.8302
3.0016
1.1484
2.8105
-0.4802
0.7773
-9.6948
-6.8257
-3.2113
-1.5101
-0.9324
7.1961
3.8412
0.6867
-3.9922
-4.6578
0.5245
1.0497
-3.4191
1.2919
3.1356
1.3929
-4.0224
-7.3064
-7.7158
-1.9899
-0.5094
-0.7408
1.9841
3.3950
0.7557
2.5094
-2.8657
-1.7946
0.9432
6.3812
4.1377
1.7622
2.2614
0.5015
1.6966
3.4073
0.4687
-8.7612
-10.4343
-3.7707
-4.7589
-0.0285
3.6094
3.5183
2.6539
0.2102
-4.8896
-4.8890
-2.1127
-5.0111
-5.1415
-5.3081
-6.4805
-5.7092
-3.6416
-2.2150
-2.8235
0.3669
1.6665
-2.4816
-3.8420
-6.0947
-1.0402
0.0980
-2.0507
0.7492
11.0811
14.8539
6.7179
6.1088
4.6197
-0.1986
2.7389
6.8599
1.9705
1.8405
6.7292
4.8745
7.7613
8.7431
8.1990
6.5258
3.6179
0.4705
1.3430
-2.9753
-6.9312
4.1250
11.0230
5.2134
0.4001
3.0229
2.2240
0.7126
-1.2118
1.8413
5.9196
3.6155
-2.7833
-3.7694
-2.2554
3.1663
3.5234
7.8097
11.3344
9.7148
10.3037
9.7663
5.3332
-1.8200
-6.4854
-14.3551
-16.0560
-12.9166
-5.4680
-10.1911
-13.2937
-2.7480
2.9220
3.2306
0.1644
-3.7885
-9.1775
-11.1029
-6.5611
-4.9027
1.9524
0.3848
4.2429
3.9867
2.7487
3.6152
1.5468
-2.8483
-0.3224
6.1429
4.4819
-0.0967
-1.0979
-3.2594
-0.2014
0.8735
-5.9340
-5.3935
-5.1268
-2.2610
2.2875
6.2050
6.1590
9.5134
9.9794
-1.2611
-2.2302
-1.5329
-4.1334
-8.4769
-3.7373
4.1172
2.8302
3.5122
7.4220
1.3757
-3.7016
-0.5489
1.3716
3.9527
7.5360
9.0532
10.4754
8.6200
6.9323
4.1209
5.3408
-3.1569
-9.4577
-6.0493
-1.3717
0.8694
6.0329
9.4850
4.8518
5.0533
2.6829
2.8239
2.8514
0.0585
-2.0963
-7.2227
-7.6200
-2.0517
-2.5508
-3.1792
-4.5079
-6.4973
-4.9614
0.3325
-2.4129
6.9181
7.6170
6.7283
3.5156
-0.8266
4.3365
11.9434
14.6343
6.9197
7.7382
7.4142
-2.5809
-8.1602
-14.1749
-14.7149
-15.9670
-12.5793
-14.2344
-14.4119
-11.6994
-8.0560
-6.5536
-7.5261
-5.3854
-0.0565
-3.9741
-6.5154
-0.7447
-0.9626
-2.9736
-1.2910
-3.0527
-1.5872
0.8262
1.4855
4.6794
6.6030
3.0558
-2.5411
0.2273
-3.6280
8.8872
11.1872
1.6307
-9.5557
-2.3604
6.3412
9.1340
13.9795
20.7158
18.2144
6.2921
0.0945
-8.2279
-15.1416
-8.5185
-6.0462
-2.1872
-3.8124
11.1796
4.5276
-4.1393
-7.5395
-4.3156
2.4812
4.3017
3.6551
3.4006
-5.1496
-8.0402
-5.9464
-7.5469
-4.6091
-5.4703
-7.7604
-8.1384
-7.0795
-6.3407
-6.1950
-8.2576
-7.1910
-6.6051
-3.4682
0.2630
-0.9479
-3.0117
-1.0457
0.7763
-1.2333
-5.0981
-4.5196
-1.9250
-1.4098
-1.9723
-1.3322
-3.4016
-4.7048
-4.5709
-2.8855
-3.6542
-4.5867
-2.7432
-1.5763
-6.8632
-11.0314
-15.1682
-10.4000
-7.3138
-12.5869
-11.2825
-2.3041
7.3892
9.7980
8.9458
9.3644
6.6851
-1.7646
3.6903
3.9708
9.6712
9.4144
3.6490
-7.0884
-3.6687
-0.0259
-0.4166
-2.5643
-5.1834
-7.0201
-5.1445
-5.8832
-6.1323
-8.3736
-5.9815
-2.4006
-2.4407
-3.6495
-6.1133
-3.7504
-6.0417
-5.8925
-3.0578
1.0026
-0.1828
4.2528
3.2091
-0.8327
-2.3078
-2.8807
-3.4337
-6.3134
-3.4785
-5.5110
-7.7714
-7.8131
-14.0875
-14.1073
-10.8284
-8.3576
-6.1570
2.8495
1.4397
-3.7713
-10.8959
-9.2132
-5.2452
-1.7460
-0.5312
0.3339
-2.4013
-7.7776
-6.8931
-7.1528
-5.8671
-1.4637
-4.2743
-8.3165
-3.8234
-1.6337
-4.8190
-4.8055
-2.5019
-3.1778
-1.5787
0.2329
8.8272
5.7024
-1.5227
-2.7017
2.3078
4.2375
2.9392
0.5434
3.0342
0.9095
3.2424
4.1563
6.3361
6.5418
4.7498
2.3773
2.1331
0.8699
-3.0285
7.8740
8.0182
3.6022
2.2461
1.3961
2.1149
1.5076
-0.5616
-1.2687
1.3510
5.3213
4.2776
6.0138
4.9922
-1.0438
-1.8216
-0.8793
-5.4658
-6.5275
-5.6319
-0.0242
-0.9347
-0.4151
-0.0059
-1.7492
2.0505
3.6903
0.7506
-0.9522
-3.1596
-0.2809
-0.4777
-0.7959
1.0035
3.4857
3.5032
1.8419
-0.9571
-2.9789
-10.2089
-11.9104
-8.6564
2.8389
10.0888
23.6289
34.4449
36.7465
27.7711
9.6339
-6.8051
-16.9382
-14.8356
-10.3716
-7.9328
-4.5912
-1.1841
-4.3425
-3.2033
-7.6641
-9.7544
-9.8667
-8.1813
-4.9768
0.1347
-3.8282
-4.8804
-7.3301
-9.9151
-4.0931
-6.3226
-12.2235
-17.8375
-17.2051
-12.8312
-0.2735
-1.4955
-5.2429
-9.0862
-10.5245
-12.2358
-8.2788
2.4311
4.6850
-3.1949
-7.0183
2.4556
4.2885
0.9126
-0.6095
1.3133
3.4304
4.0747
6.0362
4.6363
-0.8763
-4.6768
-1.9611
5.2982
9.4471
3.3108
-3.9504
-6.2414
-6.9492
-3.5218
-3.9194
-1.1767
0.2982
-2.0549
-0.0276
4.8606
3.3567
-2.0782
-1.8500
-1.8191
1.6254
-1.3913
-5.4607
-2.4308
-0.3833
-4.5525
-5.7810
-3.3979
0.2767
4.6068
2.5665
0.7486
3.3546
1.0164
-5.1478
-6.1166
-11.0165
-17.7509
-20.2845
-12.8350
-5.8685
-3.2097
-6.5377
-9.2025
-9.6990
-9.1077
-6.7741
-5.1988
-5.3437
-4.5448
-6.7887
0.2941
-2.8581
-6.3972
-9.6742
-11.1330
-7.5188
-11.2013
-9.2458
1.0826
13.9406
14.8197
8.5631
5.5485
2.9851
0.0611
-1.6568
2.1213
6.1868
3.1896
0.6433
2.0698
2.6209
4.3480
4.3531
3.5864
2.8995
3.0832
2.8367
-0.0742
-0.9109
-1.4594
-4.7796
2.2456
2.1652
-3.0093
-3.5816
-1.7733
0.1386
-1.6964
-0.5126
-4.5006
-11.3395
-11.7361
-10.1184
-7.0726
-5.9510
-5.1391
-5.4898
-7.8722
-7.3196
-1.8800
-1.5073
-2.0686
-0.2381
-0.9814
-11.0535
-13.8180
-11.1500
-6.6393
-8.8663
-1.5243
3.6831
7.7824
12.3435
10.1852
6.8203
3.0725
-2.3483
-5.2675
-8.2479
-4.4579
-0.6400
-3.8182
-3.4937
-3.6939
-1.3592
-1.4802
-3.5793
0.3700
-2.7863
0.0441
-1.1489
0.5465
1.9721
0.5117
-0.7712
-0.1239
-1.2658
-0.0181
-0.6964
-3.3005
-2.2983
-2.9509
1.9444
2.6914
-0.4124
-3.6299
-4.4323
-2.9518
-4.8496
-2.4369
-2.4169
-0.4192
9.8917
9.9465
7.7765
7.3796
7.7498
6.9590
-6.6922
-8.0439
-1.7181
3.9486
-0.9389
-6.5041
-4.7315
-3.0173
-3.8727
-3.8340
-1.9590
-6.4250
-1.4674
3.2228
7.9902
7.8544
7.9165
4.7282
7.5131
7.2039
2.0814
1.4375
0.8501
0.4515
0.9278
0.8588
2.5956
-0.0874
-3.8982
4.3820
4.3227
1.0888
2.2783
3.6874
2.4444
0.6803
1.1945
2.0702
2.9715
2.5525
-0.6774
1.5085
0.2724
-0.1506
2.7236
6.1928
6.4421
1.9323
0.6606
1.4351
-1.6616
-4.6244
1.6605
4.4487
1.5110
1.8760
8.3153
7.6492
4.6052
0.2342
-0.7778
-2.8932
-0.1758
2.9871
1.9633
0.5207
-1.1532
0.5857
2.4057
-0.5849
-1.6827
-5.8482
-5.3751
-5.1987
-6.1872
-1.2457
0.7219
-1.2463
-2.8776
0.8813
-4.7782
-7.3497
-3.3657
-1.9631
-0.7550
1.6446
2.0682
1.8471
-2.9891
-1.1462
2.3400
-2.1594
-6.5407
-4.3686
-2.2637
-0.0077
1.6237
2.9001
10.6383
1.4914
-5.3743
-8.0386
-4.5423
-2.3088
-4.1233
-6.5332
-3.7712
2.1469
1.7466
0.5084
0.4597
1.4133
-2.6203
-5.0183
0.4155
4.0546
4.6667
2.4213
-3.7017
-3.3319
-0.7742
-6.0023
-5.9205
0.7985
1.8177
-1.7877
-2.4643
-2.7098
-4.2351
-2.8191
-4.3146
-3.7223
-4.7360
-6.1770
-5.1296
1.7876
3.6908
2.4797
0.5498
-1.6280
0.5628
0.8496
1.0473
1.9028
4.3382
1.5564
-3.1868
-3.0773
-1.2326
-5.4259
-3.7003
0.6548
-1.0651
-2.8755
-7.3199
-2.2920
-1.2376
-2.9232
1.4118
-0.5871
1.1573
1.3146
-0.5180
-0.8331
0.4516
-3.9995
-0.7461
4.2296
4.6552
-1.1087
-0.7168
-9.5841
-12.6064
-11.8156
-2.0452
6.3479
5.9925
-0.8643
-5.5883
-3.6820
3.7992
2.0449
-1.8968
-2.9152
-2.1832
1.5616
0.4388
1.8366
2.4877
4.1577

Coefficient 37:
-0.6657
2.2963
-2.0131
-1.8806
-3.9659
-6.6993
-6.2366
-3.8639
-0.2890
-1.6586
-2.2856
-3.9571
-8.6171
-8.6833
-8.8115
-2.0862
1.1053
4.3470
-8.1356
-7.5710
-5.1049
-2.5532
0.2368
-0.3127
-5.0633
-9.1824
-4.5283
6.3513
4.4511
6.2571
6.2015
0.0064
-1.0994
0.3574
-3.3897
-9.9441
-9.1578
4.2108
-4.7502
-10.7814
1.7792
8.7256
19.1096
24.7235
22.1731
11.7439
7.6729
4.6492
0.1497
0.0427
-2.3852
-6.7234
-4.9238
-1.8257
-3.2472
-9.5187
-11.2777
-11.9554
-5.4041
-2.5591
-2.5641
-2.6483
-3.0572
-5.7849
-8.3506
-11.9232
-11.1264
-10.2954
-11.0524
-9.6225
-9.0477
-7.2397
-7.3546
-6.1932
-0.5948
-1.9650
1.4405
3.2486
-0.9402
2.6918
4.2419
2.5890
1.7875
-1.8286
-0.1494
0.1153
-3.4564
-6.5404
-2.7374
-0.8017
-2.3803
-1.5751
-1.9881
-1.6266
-1.5001
-7.6776
-4.6006
-0.9711
-3.6427
-3.8122
-2.0319
-4.2558
-3.5913
-5.1863
-3.8550
-2.5953
-6.5845
1.0919
6.3338
4.0416
-3.0758
-7.7238
-7.8203
-6.4092
-5.3422
-11.2145
-12.8884
-15.2731
-11.5020
-5.6095
-8.5251
-8.9022
-5.9434
-1.2471
2.2255
0.4638
-2.0504
-1.6530
-2.2695
-3.6822
-3.7150
-2.8748
-3.4490
-5.8551
0.6821
1.8748
8.9762
5.0991
0.0753
5.6345
2.0693
-5.6558
-9.7694
-1.6741
1.7719
1.7669
-0.0590
-3.0264
-1.2050
-11.3727
-13.5302
-10.1240
-6.3909
-3.4679
-3.9619
-3.1059
-0.0795
5.6279
6.6054
5.6807
6.5526
9.4174
11.1393
14.0941
10.6398
5.7674
2.7734
0.6870
-2.0472
-2.4025
-1.3484
0.1653
1.5706
2.9176
-1.5942
-3.7337
-0.0443
-2.7749
-4.0763
-4.3451
-9.1687
-7.6252
-3.7281
-5.3404
-6.0598
0.3952
-3.3225
-5.8714
0.6604
-0.3375
-5.4134
-5.6490
-2.4876
-1.5797
-3.3596
-0.2007
-1.6251
-5.2868
-4.8727
-3.0611
2.9293
5.7073
8.1193
15.4445
21.0089
17.7752
8.8818
0.9027
-3.9689
-6.5481
-3.3235
1.7424
3.7387
9.7883
11.7123
9.1670
-1.9488
-4.1122
-0.2444
2.2160
-1.7216
-4.8051
-6.8834
-5.1847
-5.2146
-9.5625
-5.9903
-3.2221
-4.2768
-4.1378
-0.9262
-0.9982
-1.6523
-6.9011
-12.7376
-11.3520
-6.6261
-7.3746
-10.7344
-12.3845
-8.5841
-3.0295
-4.2232
-4.1896
-2.5999
0.2446
3.9056
4.6340
9.8427
-0.1605
5.2127
-2.0167
-8.1241
-7.7082
-2.7146
-1.7155
-6.6878
-13.1756
-11.7717
-2.3563
0.2961
4.4962
3.5172
3.6286
1.7892
-4.3984
-7.7349
-2.1403
0.5240
1.6721
1.6913
-0.7641
-1.3477
-3.5061
-5.4594
-4.2567
-2.0566
-2.1367
-7.8405
-9.4113
-8.5168
-8.4832
-13.2717
-10.9026
-4.9323
-7.1829
-6.3898
-4.1948
-1.4409
-1.0120
-1.1163
-3.1359
-5.2236
-4.8890
-3.6597
-3.7368
-5.9038
-3.1055
-10.1783
-11.4364
-10.1872
-6.0593
4.1284
6.4082
2.1945
0.6772
-0.2499
9.0701
14.2398
10.8141
0.9806
-7.2074
-5.3625
1.9213
-3.7834
-13.9005
-6.5603
-6.3846
-8.4785
-1.1038
1.2703
1.6742
11.4842
6.6136
-4.4277
-5.7072
-3.8067
-3.8659
0.6926
-3.4469
-5.4303
-5.2530
-3.5212
-2.9718
-5.3450
-9.6763
-8.0023
-2.9827
-0.4251
2.7816
5.2191
4.6950
2.1237
-0.5532
0.4250
2.2472
1.6945
-0.0693
1.8503
-2.3737
0.9153
0.2083
-0.0375
1.7612
3.7003
5.2605
5.1767
6.7831
4.7165
5.8306
9.8324
0.6460
-2.1242
-3.9276
-4.1405
-2.1238
-5.8735
-4.1530
-5.5048
-2.9588
-0.7305
9.5214
6.9528
7.4186
12.1747
10.6828
7.1472
4.2128
-1.1701
-6.2966
-5.3181
-2.6249
-5.7652
-10.1488
0.6199
8.1365
13.7922
14.1808
9.8112
9.5352
3.0922
-4.6162
-3.6161
-1.5331
-1.9574
-4.6684
-2.5661
0.4687
-1.1892
-1.8720
-2.6369
-1.3684
-3.0223
-2.7726
-7.9739
-8.0997
-9.0705
-9.6933
-7.7730
0.7854
2.4453
1.2906
-1.4449
-0.9851
-1.6011
-2.7875
0.9682
2.9260
-1.1864
-1.6660
-0.0516
-3.5634
-6.0816
-4.1716
-0.5394
-3.3860
-5.1133
0.7909
2.6364
-5.0937
-3.9871
-5.6583
-5.2439
-5.3486
-4.7115
-9.7952
-13.7506
-4.9657
-5.1375
-6.5343
-1.9882
-0.2351
1.0688
6.3487
7.3168
2.0848
-6.4432
-6.5858
-9.7166
-13.2423
-7.2657
-1.2900
2.6500
3.2494
1.1512
0.8166
1.9024
3.8996
2.7237
-1.5040
-2.9196
-4.0874
-4.3832
-1.2305
5.1535
0.0706
0.5987
-5.6855
-5.9881
-7.1623
-9.6285
-8.1118
3.7346
12.5070
15.7407
14.6711
12.5861
-0.1141
-11.0720
-15.5740
-15.1304
-0.0667
9.0103
14.3306
22.3230
31.0084
33.6943
28.6721
26.8953
21.5478
18.1651
20.8022
15.2148
10.0524
5.4014
0.3775
0.7836
-1.3475
-2.0314
-7.3940
-13.0656
-17.1453
-12.2109
-6.4335
-3.4742
-7.7149
-6.1218
-1.0598
0.3006
-4.8711
-4.4004
-8.5358
-5.2712
0.1630
-4.7327
-12.7544
-17.9132
-12.9711
-13.5426
-11.9545
-5.9370
-4.7412
-5.6970
-6.3947
0.0429
-1.1548
-2.0706
-4.9804
-4.1372
0.2752
5.1532
6.2731
8.3969
6.0358
3.6045
3.5106
-3.9571
-3.7997
2.5376
1.0012
-0.5748
-2.6698
-5.0229
-1.5483
0.2876
-4.9060
-10.3232
-8.8992
-6.8968
-3.6656
-3.7939
-6.9111
-7.6478
-0.4010
0.5611
-1.0475
2.4050
3.3712
-0.3824
0.1536
-0.2509
3.2724
1.0462
-0.8179
0.1242
8.8356
13.7455
12.0965
7.4519
6.1303
5.2914
3.0120
4.3652
12.3373
17.9919
21.2306
15.0857
12.6604
11.5624
8.4603
4.9838
1.6368
-1.6593
-0.1537
2.0292
4.7411
4.1787
4.7118
2.8525
-0.4203
1.7746
1.5866
5.5936
-0.5829
-2.1435
5.2640
5.5570
-1.5303
0.3681
6.9028
9.8990
2.8157
12.6552
17.1231
8.7845
2.3384
-0.4784
2.5146
17.4690
14.1269
-0.2796
-3.9652
-6.3851
-0.3780
-6.9353
-2.2013
-2.5959
-1.3975
0.7158
-7.1372
-7.2576
-2.8352
-3.8647
-4.4632
-1.6270
3.4000
-3.1444
-2.2297
-0.3676
-3.5113
-3.8398
-3.0265
-7.1787
-3.7287
-0.7304
-1.6088
-4.1437
-5.0875
-1.6599
1.8415
5.4595
1.1778
3.5559
3.4452
-5.4438
-7.1552
-6.1498
-9.5194
-8.6535
-4.2966
-1.0598
-0.6222
-2.2328
0.6633
6.0762
5.8320
-4.2732
-1.8089
-5.6174
-2.4687
0.7201
-3.6315
-5.6658
-2.8368
-1.5524
-6.7955
-6.2727
-7.4179
-9.1944
-8.5613
-6.0698
-0.8261
2.6171
-1.4126
-4.8075
1.1064
0.5765
-1.6662
-1.5838
-6.0804
-4.7748
-5.1961
-9.6537
-9.2513
-6.2413
-8.0798
-1.9880
2.5578
2.5943
-0.5708
-3.7207
-4.3217
-3.1804
-4.4598
-6.7932
-8.3865
3.0672
9.9185
11.9555
6.6633
5.4056
-5.1354
-5.9113
-4.4176
-8.1190
-6.8246
-0.3467
-0.9932
-8.1816
-13.1315
-12.9023
-13.6013
-13.7087
-18.2686
-20.4102
-16.7279
-17.8160
-16.1384
-12.4457
-9.9826
-3.4881
-4.0612
-6.1034
-3.2060
1.3088
-3.3705
-4.3551
-3.2215
-1.1428
-3.0210
-2.9774
-5.2429
-6.3362
-8.1631
-8.8274
0.3934
9.0630
16.1223
6.4084
-3.1171
-1.4447
-0.4234
-11.1245
-13.2758
-5.1262
11.3794
23.3718
19.1676
15.8949
15.4146
9.7238
10.9915
7.5497
7.7509
9.1937
12.0502
3.0985
-0.0691
-3.8642
0.0431
7.1128
9.0286
8.1818
8.1186
6.8013
0.6906
1.5574
0.1056
-3.2227
-6.3642
-5.1561
-2.8505
-3.1040
-3.4763
-9.3646
-13.3015
-10.4152
-6.2801
-5.7352
-0.8541
2.2269
-1.0671
-3.5988
-2.3781
0.0732
-1.5076
-3.6545
-1.4645
-1.6009
-3.4660
-2.7584
-5.7737
-5.2710
-3.7105
-2.2706
-1.4524
0.4315
-0.8834
-7.6375
-6.6343
-8.2262
-10.8574
-12.9878
-5.1847
-7.7463
-2.4790
12.6150
19.7842
22.0354
20.5512
18.2041
10.0141
7.9671
3.7906
2.5306
2.7703
5.6134
6.8146
-4.4575
-9.2552
-9.9002
-7.7564
-2.3824
-1.3591
-2.8961
-5.0744
-4.5614
-8.4686
-5.5971
-1.8447
-3.5074
-5.2040
-5.1588
-3.1851
-3.5894
-5.7157
-4.1500
-0.4820
2.0112
2.7586
5.7235
2.9297
-3.3415
0.4527
-0.4462
-0.4449
-0.5927
1.1733
3.6905
1.1948
-2.2938
-4.8701
-4.2385
-6.0139
-6.9288
-9.0250
0.6601
6.6793
6.5409
-0.1341
-7.6831
-5.5749
-2.8852
0.5299
2.9650
2.0272
0.6416
-1.0794
-3.1815
-2.2085
1.1441
0.5932
-3.7774
-8.1515
-7.7434
-6.4933
-5.9500
-5.3465
-5.6767
-5.9561
-3.1108
-6.5991
-6.5453
-7.7048
-6.7093
-6.6648
-4.8965
-0.1185
6.3448
7.3605
2.7378
0.1413
-1.4144
-4.9787
-6.2723
0.0954
-3.8311
-6.1150
-10.1104
-11.6222
-5.4225
-5.3178
-3.5875
-6.0024
-6.2810
-5.0626
-1.3438
0.0755
-0.5078
-5.0118
-4.3805
-4.9558
-1.8063
-4.6782
-13.8328
-10.6118
-6.0520
-10.1569
-9.1293
-6.4634
-3.6217
-4.5069
-5.6936
-2.5519
-1.7540
-0.4408
2.5627
1.8664
-0.0863
-2.2552
-1.9695
-0.8125
-2.8180
-4.6985
-2.4292
-2.3772
0.1934
-6.5470
-10.9595
-13.1597
-17.6707
-14.5634
-3.1368
7.6378
22.6816
34.4481
33.8728
33.6297
20.8452
5.2198
-6.3912
-13.4260
-11.8215
-9.6161
-7.8999
-11.4159
-14.6231
-13.7529
-12.7458
-12.6629
-8.3785
-6.8693
-1.8759
3.2500
8.5723
13.2807
8.6881
4.7311
6.5963
-0.6092
-7.7267
-13.0517
-12.6876
-11.8529
6.4101
-0.4168
-3.9657
-3.9481
-0.3719
-3.0544
-0.2516
7.4379
11.1953
2.4829
-5.0840
-2.1912
-5.1211
-3.6853
-2.9016
-7.0425
-7.3243
-5.4442
-1.6203
-4.2080
-9.6232
-16.6730
-10.2886
-3.7641
-1.9041
1.2096
-0.0455
0.4552
1.0686
-1.1026
-0.2407
-1.0916
-3.6263
-3.0424
0.0494
4.2096
-0.4255
-4.6079
-0.8659
-1.6568
0.2515
0.8251
-0.4881
1.4436
0.0876
-2.3655
-2.2095
-3.1115
-2.6496
-0.1919
0.9853
-0.4953
-1.1414
0.4560
-0.3010
-1.6703
-11.8623
-8.7051
-12.5850
-16.8919
-2.8799
-2.2423
-1.9918
-3.9242
-3.1891
-10.5660
-16.8680
-11.7762
-10.0151
-10.1931
-10.9514
-8.6639
-2.4858
-5.9011
-7.4111
-4.8432
-6.2714
-12.6325
-7.8123
1.4323
3.4958
3.5887
1.0456
-1.4237
-2.8629
-0.3404
1.4124
0.9937
-0.8522
-1.8170
-0.3443
3.2215
-0.2426
-0.2241
-2.4437
-3.8762
-2.5690
-2.6097
-1.4750
1.4889
-5.9454
-3.4918
-2.3437
-1.6564
-0.9607
-2.9136
-1.4353
-0.2775
-0.5335
-0.7208
-4.0015
-3.1536
-3.6739
-5.1634
-5.6871
-7.7729
-8.1419
-7.6334
-5.6607
-0.9891
-1.2070
-1.5605
0.5649
1.3468
1.0956
6.2218
0.7021
-5.1351
-6.5296
-3.4882
-6.8151
-3.2620
11.5493
22.3030
33.6902
31.7134
17.5255
9.3138
6.6907
0.2488
-10.9279
-12.8418
-6.0620
-4.4619
-9.1967
-8.4427
-4.8381
0.8559
1.9126
-2.2727
-8.8231
-6.1452
-5.3649
-2.0252
-1.6928
-2.1157
-11.8097
-11.0952
-4.6549
-2.5287
-1.0871
-2.3680
0.4561
1.8386
4.4269
5.3243
2.1599
-3.3728
-6.0036
-5.9655
-0.1282
4.9194
11.4929
13.9473
11.9105
-5.7141
-5.8856
7.8404
22.1470
23.4002
0.0200
-5.4166
-5.6356
-4.6389
-2.9002
-0.4200
-3.5573
-5.0061
-2.8565
0.6485
3.9471
3.3006
3.5612
1.2040
-3.6565
-5.3625
-6.7538
-4.5526
0.5613
4.4054
1.1967
-0.5213
-2.0131
-0.0354
1.3248
0.7232
4.8339
2.6347
-2.7462
-0.2661
1.3574
3.4170
-1.7569
1.9111
2.3261
1.6346
3.0228
4.5077
2.7667
3.2379
1.1964
5.4797
4.5211
1.9971
-1.5483
-5.0970
-5.5042
-6.9768
-6.2854
-0.6879
3.0010
0.2285
-1.3081
5.7722
9.4765
6.5778
7.1381
4.3859
-1.3561
-1.0611
1.7713
1.0836
-1.1794
-2.4175
-2.2650
-3.6167
-4.9998
-4.7517
-0.8930
-0.3821
-0.4789
-3.0344
-6.2165
-6.3993
-3.3726
0.9089
-3.5812
-3.8379
-2.6458
-2.0804
-7.8071
-6.6584
-2.6734
-1.3737
-4.4454
-1.4057
-1.2205
-4.1902
-9.1194
-8.1963
-2.1243
-4.8473
-8.0913
-0.5870
1.6640
1.7945
2.1613
-0.8482
0.0013
5.6140
3.5467
0.7729
-0.6473
2.4835
-5.3180
-9.2223
-3.8077
1.3255
-0.1452
1.4097
3.1189
2.2934
-4.3006
-7.0944
-5.2412
-0.6603
0.5732
0.7818
-0.5547
1.3820
-0.0437
-2.3017
-2.0083
-1.8494
-3.8652
-3.3827
-0.0639
2.0196
-1.8530
-1.3315
-0.7222
-1.4617
-0.5303
-0.8529
0.4736
5.6808
-1.8447
0.0092
-0.7846
-1.5029
-1.7289
-2.0300
-2.8442
-1.0122
-0.0531
2.6154
0.3927
-2.7843
-3.5104
-1.9371
-2.2974
-1.8011
1.8232
3.0260
7.1367
8.0495
4.3938
3.5148
6.3965
4.1539
-0.5776
-0.7219
-0.6564
-1.9161
-2.1092
-6.2729
-1.9530
6.7397
3.4199
-1.5399
-0.7831
4.0776
0.2497
-0.3240
-1.1983
-4.8547
-4.3615
-5.4112
-4.4619
-2.4717
-7.3222
-10.0731
0.7357
2.1664
0.0570
-0.3538
-2.2458
-4.0132
-2.3692
1.5002

Coefficient 38:
-0.6505
-1.5099
-5.1798
-1.7709
0.4548
-3.3261
-5.9466
-5.9585
-3.7753
-3.1075
-1.2073
1.8416
-4.8183
-7.1617
-2.4795
-3.1115
-3.6740
0.6145
-0.0178
1.0122
-0.0393
2.2397
7.4252
5.6561
1.9884
-1.2557
3.0290
7.3437
4.0554
2.2502
-3.8220
-11.6853
-7.2333
7.7387
8.3728
8.5061
5.5526
-3.9431
-6.9087
-6.9129
-3.7639
3.9578
1.3312
8.1278
17.0064
13.5975
13.9120
15.2013
13.2586
13.5988
6.5990
3.4489
4.9665
8.3839
9.3225
5.8665
6.9423
1.7452
2.0000
12.2981
6.4080
-1.3134
-2.6484
-0.6956
0.8909
6.3279
10.0661
3.5056
0.5116
-6.3036
-6.6948
-9.5407
-8.1619
-5.9495
-4.7312
7.6070
14.9534
16.1037
12.1598
13.3364
6.2752
3.7569
3.1382
2.0124
2.1766
0.8017
-3.7663
-8.4168
-7.6377
-5.9305
-2.9756
0.1376
-0.4529
-0.8584
0.2219
-0.4145
-3.9341
-3.3387
-2.6950
0.0945
-0.7531
-4.4627
-1.7049
-3.3001
-3.0637
-0.4593
1.7746
5.3381
14.7165
15.7139
4.8799
3.3114
2.6286
3.1835
1.1173
0.7654
2.8487
0.1200
-6.7900
-11.2910
-8.2728
-8.6864
-2.7223
7.2810
5.6609
0.3179
-5.3317
-1.8943
-1.1141
-3.4343
-5.1338
-6.0116
-3.8126
-4.0549
6.9120
13.3958
7.9305
0.3152
5.1314
11.2937
10.2544
6.9134
0.3740
-2.1541
-2.3440
-4.3056
-1.3649
-0.1582
-0.9130
-5.5098
-9.9761
-14.1574
-13.5816
-7.5142
-6.9423
-6.4290
-10.5831
-11.9621
-9.9196
-8.0330
-6.9492
0.3549
11.5317
18.0068
10.2363
5.5582
4.7272
7.3620
6.4930
4.1001
5.2225
2.6621
3.2501
4.9187
-0.2260
-5.2810
-6.0118
-3.3700
-1.4677
-3.2133
-5.0987
-5.2233
-1.9545
-0.8348
-4.8174
0.6724
1.6499
-3.8137
-1.0365
-2.2073
-5.9873
-3.1800
-2.7686
-2.1321
-1.4577
0.0107
-0.9899
-4.2355
-3.9911
-12.3838
-13.0519
-9.4322
-5.6021
8.5188
15.6802
28.1852
25.1348
19.1176
14.9894
9.6703
6.6723
0.8243
-2.0825
1.0791
-1.5241
-3.5003
5.6444
7.2541
7.6352
5.2066
0.8538
-0.8935
-1.5146
2.0072
4.0620
2.9553
2.3542
3.9995
3.7911
0.7330
2.2883
-3.7726
-5.4006
-11.4622
-17.4792
-12.7948
-9.3641
-9.6164
-11.9023
-14.6535
-11.6347
-5.0650
-2.7174
-1.3716
-2.4828
-8.7185
-3.0600
5.2037
8.0898
-1.8075
19.3779
22.1803
16.9567
11.4223
7.8348
-0.7983
-8.9394
-10.0368
-2.4948
-2.5121
-12.2990
-18.0765
-19.3108
-15.9151
-11.3021
-10.4924
-11.7047
-8.5349
2.2762
8.4715
13.3887
10.7456
9.4070
11.0579
7.9427
2.9286
-0.5737
-3.0222
-1.8094
4.4358
2.6539
3.0235
1.2119
0.9867
-2.0764
-3.7196
-0.6086
-0.5758
-1.4899
1.3704
3.8569
5.5606
7.7648
5.8722
6.0052
5.7339
4.1824
3.0210
1.4095
-0.0244
-2.9855
-8.8211
-5.0877
-1.5805
-2.6623
-1.7753
-2.2958
-6.3351
-6.0183
5.1354
9.5588
5.0240
6.8707
9.9713
3.2325
-3.7478
-3.5932
-5.2434
-2.2714
1.0975
11.0157
18.7551
23.1453
16.0282
13.0215
8.7558
2.5137
0.4789
-3.1865
-3.6790
-3.9034
-2.0015
-1.5029
0.6656
0.4853
-2.1392
-0.1445
3.1869
1.0731
1.5522
1.1762
-1.2339
-0.8545
-4.4199
-4.6861
-3.9241
-2.5806
-0.8540
-1.5789
-3.6834
3.1301
-4.6637
-3.0553
2.5139
5.5127
2.4293
-2.1873
-6.2178
-5.5556
-0.6171
-0.5897
-6.9178
-4.9881
-4.0018
-0.1980
4.4585
4.5565
0.6448
1.2814
-4.2585
-5.0999
-4.0551
-7.0534
-13.9096
-12.2603
-9.2932
-10.9393
-5.3615
-5.4557
-7.5964
-8.6743
-3.8326
0.2970
10.7491
16.9745
20.5670
31.1183
31.9744
18.4090
11.4242
3.8357
-6.0587
-9.3958
-3.1775
3.0205
2.9823
2.4639
-0.3612
0.8503
-0.7274
0.5264
4.7706
6.6417
5.4489
-3.3971
-5.0552
-9.1768
-7.7561
-2.9240
0.6081
-2.4423
-4.8797
-5.7611
-3.8945
-5.6934
-5.9631
-6.1775
-1.6201
-1.5565
-1.8470
-3.6563
-6.1081
-2.3657
3.8926
1.3308
-2.7485
-2.8304
-0.6179
-2.8349
-7.5281
-3.1052
-1.7386
-0.4573
1.4993
-1.6375
-0.7917
1.7782
10.1661
3.7596
1.5496
4.2327
5.4203
7.4578
11.6821
13.4528
7.7914
-7.6303
-14.2268
-16.4346
-16.2412
-9.6304
-6.3582
-6.0391
-10.0844
-6.5350
-4.0404
-1.5613
-0.4912
2.2590
-1.6721
-4.6369
-5.9039
-1.1241
2.9389
-1.2993
-7.2743
-13.7877
-13.3957
-9.3017
-4.9558
0.7552
1.7862
10.5335
2.7406
-0.7249
1.8681
4.8724
6.1072
8.8441
2.3856
-2.9355
5.5980
10.1054
12.5128
18.8715
20.4391
27.0740
26.8982
27.9579
23.2687
17.9924
19.5342
11.5360
6.5085
1.7914
0.5371
-1.3982
-2.9039
-2.3037
-4.1380
-5.1582
-8.9524
-11.3668
-8.1429
-3.5370
-7.3891
-4.6279
3.0387
8.8689
5.1055
0.4747
-1.1871
5.9291
10.3345
7.4843
1.6957
-7.0752
-12.2765
-7.2551
-2.8109
-2.8147
-4.0093
-0.8862
-8.7683
-8.3089
-6.2546
-7.6179
-8.2826
-5.2575
-5.5893
-9.8706
-11.1064
-4.7801
-4.8972
-4.7012
-2.6998
-5.2542
-1.1392
10.4007
8.9022
4.4426
2.7694
6.9775
14.5304
14.5703
10.6290
10.0919
10.5501
9.1886
4.0745
4.6007
1.7596
1.9279
6.9156
7.2302
1.2730
-2.1024
-0.8921
0.1167
-0.1472
-2.5486
-0.5129
-1.1886
-1.2609
1.3547
12.5142
9.6050
1.7404
-4.4144
-5.6083
-4.9493
2.2624
4.8289
13.0336
16.7820
17.6955
17.8417
15.8744
12.4267
9.3456
3.0511
-1.5961
-0.2556
8.0473
11.0252
7.0195
4.3888
9.8380
14.4613
11.1279
12.2171
8.0045
3.4583
-1.9096
0.0735
1.5892
-1.3408
-5.0166
-3.7740
2.0348
2.0971
8.7953
16.4374
12.9593
6.5496
13.8899
18.8506
19.9189
13.7944
7.5975
-0.9215
-2.9242
0.5834
1.7439
-1.7870
-10.5295
-13.4029
-10.4646
-2.5876
-1.6597
-3.7418
-6.7282
-13.5253
-8.5261
-0.5770
2.9106
-1.6036
-1.8441
3.0085
0.8188
-1.4949
-1.0342
-3.7715
2.7825
0.4641
-0.5010
-2.5798
-3.0308
0.9983
3.7927
7.4232
4.7465
4.4123
1.8460
-1.6987
-5.3072
-2.8117
-2.3450
-4.0387
-3.3387
-0.6196
-5.3863
-8.0666
-4.6652
-2.8708
-7.2762
-16.9103
-9.7447
-10.8192
-5.8784
0.4169
-0.6664
0.8494
5.3373
3.5185
-1.9096
-1.6704
-3.4924
-6.0964
-4.8713
-3.5588
1.5660
0.6232
-3.0795
-2.2128
1.2043
0.3897
-0.7968
7.0631
2.9434
3.9580
1.5359
5.6987
5.9607
3.9870
0.6155
4.8003
-0.8931
-7.8593
-6.2405
-2.8839
-3.5316
-5.4156
-6.8011
-6.8310
-7.4238
15.8762
18.8576
17.7379
14.2147
9.8808
11.5699
2.9955
-0.9597
-3.9343
-2.2133
4.9032
6.5867
9.6820
2.3942
-3.2207
-1.8258
4.4009
-2.1831
-12.2451
-16.5767
-15.9687
-13.0428
-10.0983
-3.4832
1.1890
-7.5119
-11.3736
-8.3511
-4.0534
-8.2609
-6.4540
-4.3743
-1.3914
-2.4979
2.6492
-11.7166
-12.9361
-6.4567
-4.7063
-1.2992
12.2944
11.2278
-2.1071
-14.4631
-12.8154
-13.9962
-18.5607
-22.5420
-18.8010
-4.8269
12.9916
13.0404
11.4590
17.2611
19.2190
20.2746
15.4462
8.8225
8.5972
4.3369
2.7825
4.5627
5.5399
1.9862
-4.6427
-3.8420
0.1077
1.9809
-6.7784
-13.9556
-15.6262
-12.5666
-12.9427
-12.3358
-10.5277
-9.2154
-7.2984
-4.1263
-2.4309
-1.5996
-1.5101
1.2738
1.9598
1.3860
1.3313
0.3839
-1.3797
0.3732
-1.2073
-0.6148
0.0210
0.8292
0.5941
-1.0028
-0.1047
-3.5294
-5.3035
-4.0772
-2.2079
-0.1821
2.7954
-0.6499
-7.8002
-13.0720
-11.9365
-11.3875
-11.6080
-0.8280
7.0302
13.8809
24.5449
30.1309
29.8994
13.8729
9.1213
7.8772
9.4559
6.9354
3.4072
2.5863
12.9002
7.8755
-5.3352
-10.9165
-9.2818
-8.6847
-15.4510
-17.1093
-13.8005
-12.9037
-8.0611
-11.4288
-8.9930
-2.5717
-4.6166
-5.2088
-8.0639
-3.5942
-0.2833
-1.4671
-0.1125
2.7889
4.1449
6.1532
4.7602
3.9160
1.9505
4.5055
-3.1371
-2.1306
4.9533
6.3160
6.1000
4.8878
5.0617
7.6438
8.3738
9.7351
10.4312
3.7475
1.3225
6.7219
10.3998
5.4769
-2.4869
-3.7616
-5.3466
-3.8338
-4.6187
-6.2419
-6.1616
-6.7044
-4.5028
-4.7934
-2.2124
-0.7005
0.9718
-1.3775
-1.7472
-5.8552
-10.3246
-9.6899
-3.5612
-5.0093
-5.5010
-7.2857
-7.8733
-1.6196
-4.0689
-11.6296
-13.3459
-13.2683
-11.1350
-11.8171
-7.6498
-9.7639
-16.4779
-13.9969
-7.4596
-1.2664
-1.8877
-1.1854
0.1290
2.8839
2.5869
-1.0023
0.7083
1.5455
0.8855
2.0646
5.1717
4.0880
3.4794
2.1273
3.1424
4.5415
4.6944
2.6449
-2.0214
0.8054
0.5169
0.1827
-1.3476
-0.0565
-0.6971
-2.5748
-2.9569
-2.5609
-2.5770
-6.6337
-2.6308
-1.8989
-7.1094
-6.2521
-1.7968
1.3392
-3.0450
-5.3484
-4.0391
-2.2073
-2.8762
-3.9464
-5.3782
-10.0388
-11.9396
-7.8216
-6.4653
-2.3393
2.2326
7.2405
8.9393
17.2096
17.7468
5.7097
-9.5319
-18.1068
-18.3426
-19.8441
-19.4504
-14.7990
-15.9749
-13.4253
-14.0630
-12.5266
-7.3509
-7.4394
-8.2065
-7.4727
-4.9232
1.0570
-3.5774
-8.9043
-7.4735
-2.4259
-0.6122
-6.7188
-16.2224
-15.0034
6.8224
-2.7930
-5.9575
-3.5623
1.2825
4.8627
11.1991
12.0146
13.4782
14.6142
9.0502
-0.3549
-3.0602
-10.2950
-8.9056
-1.3208
-6.6697
-4.5988
1.1108
3.6592
7.0904
-0.4505
-2.0275
-0.7876
-4.4606
-4.2110
-2.1033
-0.8763
1.5435
-1.6032
-1.4736
-3.0556
-4.3895
-5.2435
-5.0586
-1.7586
-1.8936
-1.3650
1.2758
-1.6948
-4.2794
-5.9250
-7.7927
-2.6910
1.1453
1.6723
-1.8494
-3.1034
-3.1934
-1.3131
-1.6401
-1.2937
-2.4159
-1.1488
1.2344
4.0813
-5.8739
-8.2918
-6.0030
-2.9660
8.5178
0.6999
-5.4417
-6.5267
-1.2340
-8.4598
-18.0106
-23.6283
-20.1110
-14.7795
-9.7157
-5.4797
-3.3486
-7.1856
-14.2244
-21.0396
-20.5992
-15.7915
-2.1556
3.6007
-1.1246
1.0511
4.5293
-2.3530
-3.7641
-1.3393
-2.0124
-2.0085
-1.9590
0.1443
-2.8671
-2.3318
0.0292
2.9026
3.1540
-3.9534
-3.9061
-2.0910
-3.4733
-3.7423
-4.3662
-1.8551
-1.0948
-6.1401
-5.5712
-12.4887
-9.2536
-3.7747
-0.9380
0.1013
-1.1472
12.8749
17.8187
11.6280
3.5093
-8.6720
-12.2189
-12.1404
-7.4628
4.0524
7.6223
3.3690
8.1560
8.4000
10.3744
10.3452
1.9429
-6.2620
-5.2684
-0.9149
-3.4717
-2.8907
6.6778
16.1273
29.6214
31.2722
22.2705
16.1679
11.6559
5.3104
-7.9085
-16.8167
-15.8883
-11.4179
-10.3558
-4.3557
-5.4328
-6.0269
-2.3745
-3.4211
-3.0534
3.5047
5.8441
6.9707
6.0897
6.7239
-0.7080
-3.2425
-1.5800
-1.4383
1.5176
1.7420
3.5578
1.7695
1.8093
0.8449
-3.1207
-6.6966
-6.9480
-5.5452
0.2355
5.1540
15.2766
14.9870
7.7772
-1.6855
1.9631
15.1453
20.8884
17.5111
7.1948
-10.1016
-11.7362
-6.1487
1.3287
-1.1492
1.5636
5.3871
3.5777
-0.8094
0.3623
3.4193
3.5640
-0.6685
-0.7454
1.7586
-2.2682
0.5524
4.5980
4.9490
2.0911
-0.2940
-1.3828
0.6605
5.9085
5.6571
7.2864
7.0652
2.1565
0.7780
0.6460
-0.6567
-1.8882
1.1650
0.3601
-0.0948
2.9031
6.9800
2.9494
1.0584
2.1942
5.5729
2.2529
-0.6808
1.8174
-2.1604
-5.1806
-0.6605
5.9210
9.4251
5.5804
3.8768
-0.2821
2.2160
2.5558
0.0957
-4.3128
-5.8554
-5.9021
-4.2441
0.9352
0.7832
-1.2245
-4.8761
-3.9352
-4.3798
-2.1579
0.7988
0.6939
3.5065
3.6287
6.2060
4.6055
3.3926
4.0228
3.3553
-0.5758
-2.1161
0.0809
-0.6130
-5.6879
-1.7322
0.0389
-1.2843
1.8802
5.6756
8.2734
3.7185
-0.9755
-2.6504
-0.8225
2.6405
0.3668
2.7687
3.7219
1.4845
1.0296
6.1379
3.8246
4.5216
0.9164
-0.1182
-0.8524
2.2170
0.2777
1.7688
3.2830
1.5157
2.8449
2.1554
6.5642
7.1657
9.4545
3.6394
2.7405
4.7846
3.0493
-0.4791
0.2657
2.3687
3.0500
4.0192
-0.5769
-2.6700
-3.5840
-2.3780
0.3927
-0.2678
-0.2701
-0.5746
-1.4570
-3.8421
-3.4871
-3.6674
-1.8045
1.3845
-4.7874
-1.8137
-1.4320
-2.6181
-1.0783
7.9829
6.3341
3.8269
0.8253
3.3444
1.5084
-0.5183
-1.1324
-1.3233
-3.0450
-7.6438
-4.2358
-1.0192
5.2206
8.1738
7.1200
0.0175
0.7930
1.9064
0.6062
-1.0570
-3.8901
-3.9976
-2.2484
-5.1966
-1.8517
1.9594
-0.6533
-2.2212
-3.2801
3.3590
-0.6799
-1.4754
0.5631
-1.8334
4.1158
6.8918
4.4981
1.2092
0.5188
-2.6350
0.7978
-1.4846
-0.8499
-1.3110
-1.6643
-5.7549
-2.3225
-1.4001

Coefficient 39:
-0.4766
-3.0759
-6.9425
-5.1484
1.6448
-0.5032
-2.7306
-3.5028
-1.7067
-2.6204
-3.1398
-1.0362
-0.3660
-0.8713
-0.2361
6.4694
5.3996
2.1843
2.4354
0.1179
-1.8173
-3.9331
-6.2943
-2.9010
2.5140
-0.8993
-1.8306
-0.4730
0.5474
-2.4897
-6.9150
-6.2047
-4.7098
-2.8250
-7.1647
-5.7588
-3.6128
-2.2392
-2.0145
-0.7424
2.0213
5.2164
0.3717
-1.6744
9.2821
11.3133
7.9056
0.5145
-5.7213
-2.3856
-7.1128
-11.4603
-10.8384
-6.4018
-5.9156
-4.5387
0.3958
5.4651
11.0875
10.8885
2.6018
-4.5662
-9.1886
-6.0984
-9.1574
-6.0398
-1.2018
-0.8959
4.7131
-6.5954
-16.3470
-21.6966
-17.2242
-9.4655
3.6761
10.7521
14.6488
16.2468
15.5038
10.0889
1.9893
-0.9981
2.7738
1.8613
0.8372
-1.8608
-1.9683
-1.4191
-3.9351
-4.1325
-1.3866
0.5836
-0.3652
0.3545
1.1287
2.3665
1.0205
-2.3581
-4.7523
-3.8633
-0.7315
-0.2030
1.7473
-1.5300
-2.2118
-3.0944
0.8935
7.8163
17.3485
14.3497
3.8167
2.8334
3.4571
5.2287
5.4287
6.9015
7.2727
6.0360
5.5621
3.5675
3.9265
4.9389
10.9763
9.7587
2.9809
1.0017
-0.8100
3.5054
2.5641
-5.4260
-0.6410
1.3140
3.3449
1.7771
7.6186
13.1468
7.7436
1.1985
5.4725
15.2425
9.2378
5.6713
4.6214
3.8068
4.6549
0.5841
2.7216
2.0193
-0.1615
1.5254
2.1382
-1.4690
-6.7629
-6.9624
-4.6596
-10.6837
-9.5267
-8.5445
-6.5001
-3.1013
-3.1637
-3.5148
1.2409
4.7646
2.0418
-1.8384
0.4153
2.4060
-1.1031
-3.8694
0.0427
3.6709
1.5727
4.3835
7.4372
4.1530
-0.9867
-4.9644
-4.3429
-4.9680
-4.1178
-1.5240
-1.3418
1.0784
-1.9278
-0.6023
0.1367
-3.2673
-3.6448
-0.0498
-1.4828
-2.7287
-1.7336
-2.0745
0.6871
1.0885
-0.8038
-4.1706
-5.6694
0.5419
4.9560
6.4434
1.7777
15.9171
16.7516
21.7528
28.2106
37.9619
39.2430
28.7443
16.9527
8.9327
17.9566
30.0116
32.3033
30.9810
23.0372
8.6932
9.2050
5.8675
4.9862
8.5870
10.8620
8.5043
3.5924
-1.1805
1.8892
2.7904
3.2983
-0.1488
3.1435
3.2753
-2.0005
-6.4185
-3.9452
1.1995
5.8244
4.5582
-1.5439
-6.7945
-6.8947
-3.0852
-5.2166
-5.2457
-2.8804
-4.6458
1.6584
10.6693
11.7329
3.6123
20.6526
32.2401
33.7054
24.4287
17.2888
17.3669
14.0337
4.6380
-4.0428
-8.3906
-7.9639
-7.1923
-5.0871
-0.6864
-1.2096
-9.8352
-12.0339
-6.4605
1.7842
9.2715
15.1827
11.7577
-5.8809
-4.3908
0.3094
-0.3665
-2.0636
-1.9368
-0.1485
1.6548
3.6410
2.8278
0.3911
0.9531
-0.2725
1.0458
3.2779
1.4998
0.8956
2.1998
4.4926
-1.4859
-3.1348
-1.7106
-1.5211
-5.1994
2.0142
12.8264
11.2243
12.0614
8.7056
5.9034
7.9194
9.3139
4.9397
0.0063
0.8107
4.9176
11.6795
21.7831
23.3731
20.7427
26.9963
25.5125
12.9161
4.7832
3.4271
-1.1374
1.0515
6.9246
17.5129
23.9806
18.5227
4.0070
4.1092
4.5713
-0.3807
0.1424
-0.6189
-6.7621
-2.7076
-1.4683
-1.2158
2.0626
2.7776
5.0080
6.0942
3.0855
0.5013
-1.9916
0.4940
2.4255
-0.5048
1.4858
-0.9089
-6.1957
-6.1036
-4.7803
-4.0533
-1.4210
4.7871
2.9787
6.6291
10.0155
11.2626
10.4707
5.6763
3.3480
0.0134
1.7973
-2.1449
-1.0599
5.8134
1.4240
0.5066
5.5716
5.3823
1.8178
8.6114
10.8972
0.9583
-0.4282
2.9956
3.7349
5.2969
5.1007
3.2062
4.6811
8.3402
7.6330
3.6427
-0.2060
0.7927
11.9784
19.4733
15.6610
23.5503
28.3587
15.0768
6.4507
4.9606
1.4973
-3.5963
6.0330
18.6513
23.4701
20.1212
11.4130
7.8353
4.3946
0.6800
0.8729
6.0866
6.8347
1.3689
-2.9519
-7.0269
-6.8947
-8.3393
-7.8796
-9.5822
-6.7865
-3.2001
-0.4535
-2.6059
-2.0375
-5.4193
-5.0583
-2.8661
-4.9151
-6.4940
-5.6435
1.1049
5.4949
2.5464
-0.7085
-2.7021
-3.1294
0.5511
-3.2611
-5.5418
-2.0611
-1.2613
-3.7084
-10.7053
-7.4703
-0.6978
8.4726
17.1789
21.1790
21.0558
23.3637
20.7355
27.9179
30.8253
17.4392
1.8354
-2.7778
-6.2039
-10.8603
-7.1629
-1.4484
-0.5686
0.1225
-1.3007
-4.7323
-2.0391
-4.6920
-3.8262
-2.9563
-7.3076
-6.7527
-0.0711
-0.1968
2.4215
6.8415
3.6883
3.2301
0.7008
-6.0163
-4.1948
0.4744
12.4862
4.1190
-9.8809
-14.5809
-10.2615
-0.8996
4.5516
2.3843
-2.4951
0.5898
2.6462
7.7394
12.1734
9.7501
8.7991
10.7569
16.0025
17.1879
16.4127
15.8733
7.1754
-2.0165
-5.7766
-1.4656
-0.9328
0.1432
-1.1223
10.3570
16.2941
16.2078
11.1284
7.6259
2.1973
1.2546
5.9786
12.3369
13.8158
13.8896
6.0534
2.7007
5.4502
11.8806
8.1717
5.4448
-0.3389
-3.9044
1.0580
6.4794
2.7600
1.6203
6.7821
3.6403
0.8211
1.4197
1.0285
3.6338
4.3906
-2.6047
-4.4382
1.2484
2.7145
-2.1559
-2.3167
1.4236
0.1287
-1.9722
-2.6237
-3.5780
-3.7369
-5.1689
-10.4715
-10.2420
-10.2146
-11.1172
-9.5168
-13.3275
-15.3001
-12.2004
-4.2885
-7.4701
-7.5051
-6.7665
-6.5908
-5.5944
-5.8956
-6.2015
-3.2305
-2.0519
-2.2845
-2.0678
-4.9459
-5.4451
-0.4535
8.5480
17.2036
9.0947
6.6115
4.4917
1.4991
4.1685
-0.5688
7.9489
17.1909
13.5723
15.1745
15.2595
19.2675
15.2512
6.5721
1.0468
-0.4831
-5.7918
-6.0159
-5.3719
10.0145
6.2335
4.5599
-1.2167
-1.5111
-1.1826
-1.4803
-1.8821
-2.6237
-5.3890
-5.8051
-4.3150
-5.1367
-5.5559
-2.7152
2.5007
8.0948
4.5302
4.4504
6.5177
-0.3523
-1.9443
21.5633
29.3599
25.9737
20.4753
12.1578
10.3561
4.2415
6.2189
7.3421
10.7927
7.7832
6.5472
2.2267
-5.6541
-11.0975
-8.1774
0.2382
-0.1864
-0.7710
-1.8196
-0.5427
-1.4304
-0.4517
-2.9079
-3.5921
-4.3903
-8.1052
-6.7221
-2.8056
-2.4214
-0.2495
4.8770
6.7590
11.1773
7.9341
0.1502
-1.4995
0.5952
3.7638
10.3340
9.0112
3.5763
-2.4984
-5.7003
-6.8699
-7.0752
-4.2753
-9.8237
-2.5201
1.3848
-0.4706
1.7212
2.4755
1.9493
2.8950
3.2129
2.3850
0.5283
-0.4201
-1.0364
-0.1389
-0.5710
-0.4309
1.8230
-0.1207
-3.7242
-4.3313
-0.4755
6.9824
6.7901
4.1109
3.2798
4.2183
0.9867
4.6575
5.5148
-0.5485
-0.6538
-0.1967
-2.0538
-4.2282
-8.1970
-8.4668
-8.3226
-6.0045
-3.1203
-2.4042
1.3799
14.6211
13.3382
12.7215
19.2442
17.7254
6.7130
2.1752
-2.6562
-4.6321
-1.6878
7.0651
10.7690
15.3948
24.1908
21.5240
17.5466
14.2424
8.9525
-0.5555
-6.1084
-6.9299
-4.5882
-4.8969
-3.9002
-0.2509
-2.3396
-2.0690
-2.2182
-2.5421
-2.8484
-0.7121
-2.0022
0.4219
-1.8433
5.9861
3.1750
2.0555
7.6237
10.5778
9.5651
20.1807
8.4898
-4.5463
-5.4163
0.6006
-3.4375
-1.7363
-2.7968
0.2632
1.1784
17.7467
26.5509
24.3001
27.7338
32.8705
24.1949
11.3335
-0.5613
-2.4556
-0.2611
7.1119
8.7671
12.3396
9.2046
1.4935
-2.3683
-4.4739
-3.2205
3.6352
9.4057
9.1973
3.7007
-0.9841
-2.5771
-3.4259
-5.3680
-7.7718
-14.0788
-13.9947
-9.6658
-2.5855
-0.5781
-2.0854
-0.8535
3.6052
5.5304
-1.3641
-2.2995
-1.6194
0.2980
-1.8462
-3.5813
0.2980
0.5513
0.9935
2.1962
1.8983
-1.1604
-2.3662
-3.4476
3.2707
2.9114
8.1115
7.4237
9.7767
10.4512
8.8151
11.8015
29.8545
34.5096
36.3461
29.6239
22.6357
18.6124
17.6858
19.8714
7.9403
1.4597
2.7867
-1.0076
15.2965
24.1946
19.0709
8.5701
4.4940
2.8375
-0.8122
-1.0531
-2.2408
3.4650
6.8023
-0.3563
2.0348
7.5275
4.2481
0.1703
-0.7649
0.9846
1.6343
0.1241
1.5448
2.4877
1.5527
6.0444
6.4623
4.8927
5.2427
1.5632
-2.3889
-2.3707
1.2188
1.1139
0.5508
1.5014
-3.6194
-0.5509
1.2051
5.3560
8.6772
5.4752
4.4573
11.0543
17.8699
20.0197
11.4909
4.5374
0.8654
0.3432
0.7052
0.9487
0.1962
7.4488
5.9946
-0.8911
0.3749
2.8243
4.1932
3.8496
1.1321
-3.7199
-6.6055
-7.9787
-4.2809
-2.3471
-3.2451
-0.6385
-3.8601
-1.0799
-5.6702
-11.0688
-13.7337
-12.2884
-12.1439
-10.8631
-10.0047
-6.5099
-1.4684
1.2757
6.0191
10.6002
8.5854
4.9259
6.0040
3.9455
7.2153
4.6303
1.5117
4.7601
-3.4707
-4.5875
-0.9778
-3.4010
-5.0936
-5.2868
-3.4976
-0.7928
-4.0354
-6.0117
-5.3920
-4.9649
-6.0869
-4.3115
-5.1299
0.9735
1.7758
-4.4359
-6.2779
-5.2060
-4.7050
-8.5384
-6.1775
-6.5329
-9.1390
-8.1041
-5.3261
-2.6826
-2.1893
-3.4202
-3.3583
-1.2525
-1.9720
-0.6299
4.3238
3.6968
2.1260
0.0836
-1.8833
-2.5671
-4.5411
-2.5664
0.9120
15.8054
28.4813
31.6761
22.1598
13.5382
15.3581
10.4784
-0.0146
-7.8654
-10.4698
-6.3807
-6.6456
-6.6124
-8.4688
-8.7295
-9.2919
-5.6359
3.2192
11.0235
5.8182
5.6814
3.4401
7.2287
18.8931
18.0859
6.3103
4.6149
9.3476
11.3578
17.8056
23.0403
25.8669
23.6436
23.8210
24.7434
33.3667
31.8656
19.6324
5.4972
2.4812
0.4962
-1.8308
-0.0263
-1.6466
-5.2650
-4.8165
-4.8747
-4.7847
-5.8901
-6.0640
-3.5159
-4.7951
-7.3529
-10.1520
-7.7667
0.5119
0.1925
-2.8383
-3.2901
-2.5659
-1.0561
-0.8932
-0.4547
2.0518
2.3892
1.3939
1.1303
2.8485
2.6838
0.2429
-2.6698
-2.0732
-3.2922
-3.2477
-0.9931
-4.3013
1.1500
1.8518
-1.8169
-2.2659
-2.5867
-0.8696
-0.7278
-0.1217
3.9072
3.3150
-1.4081
1.7370
-2.1093
5.2990
9.6050
19.8247
11.7948
-0.7960
-7.1527
-5.2705
-4.6618
0.9765
-0.5330
-2.5629
3.7950
5.9232
-1.8748
-3.9947
5.4299
9.6473
5.3600
-1.2672
-1.2456
-0.0489
-2.8763
-3.2009
-1.4643
-0.8161
-1.4122
-0.9407
-0.8143
-4.4312
-5.5235
-5.1807
-2.8043
-0.1503
-6.2958
-7.8469
-7.0702
-4.1149
-3.7482
-1.8746
-0.2372
0.9836
-1.8237
-5.7812
-10.8354
-7.3365
-5.4156
-3.7602
-4.2001
-5.4723
7.2397
16.3006
15.5807
7.4024
0.1148
-4.6659
-3.0479
2.0322
9.0765
7.3881
-0.9866
0.5763
-1.0426
0.6805
4.1544
1.9873
-0.6296
-4.4492
-5.9677
-1.9052
-0.5372
6.9371
14.6307
20.9799
23.1134
16.8651
4.6569
8.3225
10.9906
4.2227
0.2762
-8.0849
-11.8553
-10.4755
-3.8808
-4.3634
-5.0581
-1.4779
-2.6884
-5.3856
-4.4798
-0.9269
-0.4805
0.9429
1.2615
-2.4213
-7.4982
-2.6299
0.0842
3.0167
0.1165
1.6469
2.2696
-0.7490
-2.8445
-5.0415
-6.6447
-4.5571
-1.8090
-0.3771
2.7543
15.3363
20.2304
8.3912
-6.2081
-6.5180
0.5878
18.5196
18.6999
4.7299
-6.5787
-10.0099
-10.8390
-6.6870
1.2422
0.2114
-5.5067
-7.4954
-8.2158
-5.5343
-1.7272
-1.8013
-2.9209
-3.0193
-0.9164
-0.6511
1.9478
-1.6533
-0.8517
-0.1565
0.1728
0.8921
0.3768
3.8052
3.9124
5.8454
6.8315
4.4655
-1.7418
-0.2487
-0.7573
2.7630
3.7261
1.6893
-0.5711
0.3442
7.3361
3.0064
-1.7043
-0.8715
-1.5424
-1.4396
-0.2410
3.3531
3.7024
0.0910
-0.2749
-0.2415
1.9162
4.2765
5.2766
-0.6528
-2.3114
-2.8482
-6.8327
-10.6221
-5.0233
-0.3172
1.3852
-0.1872
-1.0171
-2.8667
-6.6969
-4.0384
-5.1402
-2.6181
-3.7651
-3.1816
2.2846
-1.0304
1.5527
-0.0288
-0.0387
4.0264
1.5822
3.1026
7.4812
6.1749
2.7769
-0.8604
-0.2599
0.6701
-0.2295
0.9207
2.6057
-0.6108
-2.4756
-0.6640
0.1198
-1.6149
5.8360
3.4225
-0.1848
0.9688
1.8035
-4.5833
-2.8539
-2.8686
-2.9871
-8.4863
-9.0810
-1.0393
-2.7866
-7.2734
-3.9064
-1.3149
-1.4333
-1.5379
1.0148
5.8045
6.4199
2.5062
-0.2095
-3.5029
-2.0027
-4.0586
-4.2546
0.2622
2.6499
0.6777
2.6232
-2.0386
-2.6162
-4.3735
-2.9097
0.3750
-2.6740
-2.5905
-3.7699
-3.0218
-1.0141
-0.7760
1.0808
2.8410
1.4994
2.1592
0.6400
1.0120
-0.0954
-5.6919
-1.9821
-1.7555
1.7189
1.3485
1.6297
0.8505
-0.0813
0.5632
-0.0787
-3.8673
-7.5793
-5.6213
-5.2205
-3.6598
0.0655
1.4995
-2.5380
-5.1653
-8.2897
-7.4596
-4.7246
-1.9477
1.8987
1.9217
-3.5980
-1.3999
-4.8009
-5.9729
-1.4136
0.7845
-5.9817
-9.2577
-9.8040
-4.5525
-4.0747
-6.2203
-6.4409
-5.1239
-2.2115
-0.1694
-3.3571
-2.0135
-3.6059
-3.0421
1.6315
-1.0947
-6.2188
0.4532
0.5717

Coefficient 40:
0.2123
-3.0763
-2.2291
-1.1239
-1.8375
-2.4644
-5.9749
-9.7548
-2.6466
0.7780
0.3174
-0.5915
1.8934
2.9743
-7.7751
-10.2792
-10.5502
-7.5703
0.3254
3.1980
6.9084
7.7262
3.7642
-4.9171
-5.3164
-2.2864
4.0628
1.8145
1.6378
-0.0679
2.4975
6.2927
4.3633
10.4595
9.8738
7.0708
4.5325
1.4888
-12.6619
-14.2856
-8.4432
-3.1099
-2.1401
-5.7263
5.5344
15.9919
16.2394
9.9451
4.3204
6.4262
8.6480
7.6948
5.0911
7.9117
6.8390
8.6140
15.3103
24.1897
27.6040
24.3366
14.1338
8.5063
2.0480
2.4051
2.3416
-0.0257
0.4096
1.9991
12.2784
15.4678
6.6253
-2.9052
-4.0577
-3.2890
9.0160
10.9610
14.2041
15.6234
14.3650
13.8829
10.6261
5.4650
3.8521
0.9940
-2.0025
-3.2064
-2.1039
-1.0937
-1.3037
-5.0662
-0.2482
1.7815
-2.3895
-3.8532
-3.8693
0.0267
1.1806
-0.8529
-4.3748
-3.3272
-1.4696
1.2504
-1.5088
-3.2018
-4.0546
0.0324
1.8794
-1.6518
1.5115
2.8326
-1.4377
-1.4680
8.5003
13.4271
7.3229
2.8399
1.0687
-1.7097
3.1285
6.4924
1.0270
0.5012
4.4948
4.1866
1.3284
1.6237
-1.8596
-0.4849
-1.4429
-3.2175
4.5233
2.9711
0.9569
-0.4933
1.4593
13.4475
18.8959
5.6113
-1.9078
9.2160
2.1424
-2.4944
-2.5001
-3.9482
1.8350
4.7583
9.1479
7.2175
4.2687
6.4362
6.9263
0.0846
-7.4442
-9.7752
-6.5185
4.6469
-2.4217
-2.1597
5.3621
12.2998
14.8343
13.6284
11.1880
9.8514
5.6587
5.4774
4.4312
2.1079
-0.6115
3.4927
-1.2361
-7.9457
-3.2921
3.5357
1.5438
-2.0531
-1.8126
-4.2893
-0.4285
-0.0411
-1.1204
2.0563
1.6542
0.0545
-1.6276
-1.8886
2.0771
-0.2756
-2.9459
-2.9162
-0.9557
-1.1729
-3.0428
-3.0619
-0.8067
1.1000
0.2082
-3.7260
-9.1818
-0.7785
-0.8959
-4.9829
-7.8537
4.6461
12.7615
17.1160
17.6161
26.1619
34.9731
32.5465
19.3716
11.7538
28.2261
40.3868
39.9719
35.0604
23.4872
5.9991
3.3217
-1.4142
2.9582
-0.4576
-5.5755
-6.1820
-4.7538
2.1379
-0.7470
-0.9055
-0.2533
-2.3121
-2.1350
-1.4846
-6.1211
-8.6590
-13.4172
-8.4702
6.6676
9.7368
9.5431
11.0269
4.2840
3.8362
2.4484
0.0398
0.0049
13.6404
19.2556
16.3994
4.6396
-0.2070
13.7975
23.0372
30.3550
31.2716
33.2803
33.6097
29.3343
25.7782
22.6027
7.5318
5.5074
0.4615
-1.6245
0.1489
-1.1687
-7.9737
-9.7100
-10.2096
-2.2966
7.8724
13.9551
11.5846
2.2239
9.4131
14.7104
5.0816
-0.0039
2.9294
6.3306
6.8014
6.7517
2.1344
-3.3787
-4.5087
-3.4942
1.1899
1.3149
0.5953
1.2682
0.1526
2.0027
15.9694
15.6540
11.2148
10.0318
8.9174
10.8786
18.4947
17.6008
11.3964
6.5150
3.1914
0.7352
-0.3428
-1.8793
-5.3059
-2.4242
6.2837
14.0631
16.7438
28.8209
30.1778
24.8526
23.9268
12.7002
3.6131
6.9351
6.5454
-0.4055
3.9692
9.0400
7.8385
3.1082
4.7603
8.3461
4.2199
0.5802
3.3587
2.2116
0.0505
-0.5674
-1.8704
-2.0073
-0.5498
-2.1282
-4.0045
-5.5077
-10.8366
-6.6898
-2.5417
-0.5543
1.5228
-3.8480
-4.3299
-5.1270
-7.1385
-4.6611
-4.9710
-1.0587
2.7063
8.4968
2.8831
4.2641
9.1027
12.9081
16.2190
10.0075
7.2771
4.7795
5.9850
8.7158
11.0983
11.0088
3.7978
1.7189
3.8229
6.1502
5.8868
13.8197
16.3509
11.9484
7.3775
4.0712
3.8892
4.3528
7.3711
6.3162
2.3177
6.9427
14.5009
14.8525
10.1816
8.1880
21.6172
15.5240
2.6066
-2.1204
-0.0110
-0.7090
-10.5900
-10.0742
-5.7196
-0.2198
6.3598
16.3919
23.2334
14.8430
5.9359
-0.0072
-5.2799
-4.4720
-5.1437
-1.2201
-2.1814
-6.5011
-3.9101
3.6224
3.9022
0.3485
0.6677
-1.4344
-3.8406
-3.4171
0.0142
-2.2727
-3.0056
-1.7080
-0.7385
-1.8160
-2.1536
-0.6835
-2.5347
-3.5123
-1.9223
0.8529
-0.4826
-3.0670
-3.8118
-1.7912
-5.6582
-4.5272
-1.2061
0.4194
-0.5142
1.3374
-1.0196
-1.8040
7.8195
18.4506
26.4554
31.4270
30.4911
26.1476
27.2454
32.9218
24.5926
18.4480
15.3480
6.4806
-3.3257
-8.8889
-7.8606
-7.2848
-10.2180
-14.4315
-12.4036
-7.3002
-7.8465
-8.1680
-3.8062
-7.4082
-4.2664
-4.2286
-7.6778
-1.1205
7.0061
4.0013
0.9162
0.2203
-1.3123
-1.3326
-2.7203
-0.4456
2.4656
-1.7918
-3.7812
-0.2000
-5.9165
-0.0705
0.6226
-2.8853
-2.4408
-0.0932
-0.5704
-9.9661
-12.2849
-10.3450
-8.7002
-8.3671
-4.6601
-0.9617
-3.3498
-1.2679
-2.9429
-3.6005
-3.8035
-2.5702
2.5945
1.1612
12.3742
20.6611
28.9794
30.6058
17.3571
8.7432
9.4629
13.5639
18.5117
19.6141
15.1502
2.6067
-0.4066
4.6800
8.7263
7.2861
10.8837
12.3182
11.6817
10.5797
7.1654
5.3605
4.4352
5.8389
2.3708
0.8193
-0.1546
-3.4781
-5.2775
0.5036
3.3548
5.7860
5.2366
0.6800
-4.6858
-6.2352
11.6092
24.6091
20.5994
10.7065
6.5070
2.8325
-0.0235
-0.3862
-0.3768
-1.2021
-0.5309
2.7698
-1.6049
-4.2355
-2.7914
3.6810
0.2470
-4.0285
-7.2354
-11.1941
-14.3577
-12.5902
-9.7740
-7.4078
-6.8083
-5.4106
-4.8883
-5.4656
-4.3087
-5.2259
0.7045
6.6739
16.0856
15.3752
8.0181
-3.1065
3.1060
9.8617
9.3488
9.2103
5.5832
6.7714
4.8592
6.9113
6.3493
7.2646
6.5275
0.5839
-0.1292
3.6706
3.9226
5.9255
11.2286
7.1157
-1.9757
-4.7404
-1.4174
-1.9452
-4.7116
-2.6628
-4.5516
-3.6582
-0.9797
-1.2848
-4.6405
-5.5883
4.0389
7.2411
7.7951
10.6825
12.9848
10.0029
0.7868
9.0790
22.5294
29.1952
25.3111
7.6170
3.9408
6.2611
5.0713
4.6419
5.5640
0.1180
3.2320
8.1689
2.1902
-7.2153
-8.7733
-0.5554
-0.4130
3.8965
1.3392
-6.2744
-7.5058
-1.8743
-1.7857
-1.0184
1.2376
-1.6957
2.4787
4.3382
2.5160
0.8006
2.3496
6.8066
14.8045
14.6733
11.6533
3.9693
-0.3296
-4.1250
4.5834
5.7347
-1.4138
-4.6622
0.7394
4.2213
1.2546
-5.3397
-9.2126
2.5922
0.3286
0.2170
2.9327
0.3063
0.7402
3.3233
4.2950
1.3102
-1.0451
-4.3040
-5.9987
-5.1126
-2.4346
-0.9718
-0.9903
-1.4404
-0.0821
2.5057
3.7030
1.2843
-3.2372
-8.9083
-6.4624
-5.5995
-4.5771
-0.7909
-2.1770
-8.9694
-9.6550
-9.3341
-3.9463
-0.1993
-3.5282
-4.3664
-4.0774
-2.3364
-2.5996
-4.2514
1.4586
22.2923
28.1072
27.1173
25.5737
18.8405
11.0010
7.4734
3.4730
2.3503
5.1851
10.2543
11.3075
17.1487
31.7170
31.0781
32.6389
31.8467
30.2494
23.4121
13.6758
3.4515
1.5621
5.1607
5.4646
3.8188
3.4494
2.4505
-4.8497
-3.6801
0.6267
2.8559
-1.4120
-0.5752
-2.1282
9.0172
4.7154
1.3581
3.3880
6.8664
10.2454
10.9412
2.1793
-2.2722
-1.8706
-1.8209
3.5543
7.6978
3.8936
-1.3857
-7.9199
-6.7349
0.9284
2.0027
6.5809
11.6558
2.6041
-2.8141
1.8404
2.0486
3.0620
9.6855
19.1220
25.6373
16.5274
10.8199
7.5564
1.8472
0.2925
-11.0762
-19.7578
-25.4175
-21.8458
-12.0201
-2.4227
4.4772
5.9908
1.7352
2.2601
-0.7451
-6.5211
-5.9708
-4.9229
-4.3782
-1.2424
0.3837
2.9979
-1.1101
-2.0737
-1.6204
0.7655
1.1382
-1.8568
1.8479
5.0599
4.0889
3.7252
3.3025
0.5610
-1.4203
0.6979
2.2925
3.0249
14.4087
17.4417
17.0055
9.9994
2.3397
8.9062
24.5008
26.1449
21.3440
11.5221
5.9894
-0.4760
-0.7118
1.6073
-0.7800
3.0724
6.5141
2.6072
6.6770
17.4576
20.4673
7.2298
-3.7257
-14.2382
-18.4637
-13.6346
-6.2787
6.6899
9.2011
4.8813
5.6069
10.9049
10.6981
7.4804
2.6802
2.6089
-1.5606
-5.0342
-2.7317
-1.0645
-3.6541
-0.1161
0.6704
-0.4744
3.0458
-2.3573
-3.1064
-1.1770
1.5609
0.6704
1.6391
3.1767
2.6069
4.1385
0.9953
0.5344
1.2549
3.1347
11.7505
20.1391
23.6456
29.9725
22.4143
12.4138
6.0234
4.5720
0.0266
-1.3547
5.5245
13.2259
9.7939
8.8768
9.2594
8.8715
9.2503
6.2152
4.9178
1.7314
-0.0359
-0.9176
1.2668
0.2760
-1.7886
-0.4377
1.8093
7.5987
2.3806
-8.2010
-11.8065
-9.8962
-8.9208
-8.0278
-0.2937
0.9283
1.8206
-2.7083
-4.0097
-2.8774
1.9900
0.8759
1.3050
-3.2500
-3.2338
-3.7788
-4.8528
0.1888
-1.4183
-2.4010
-0.3805
0.4348
3.0826
5.7786
5.0529
5.2687
2.6243
1.8766
3.2802
2.0055
3.2544
6.8201
1.6663
2.7844
2.7138
-3.7899
-5.1575
-0.7664
-2.1246
-5.7366
-6.9990
-5.8607
-6.1611
-6.2609
-2.8609
-0.5716
-0.7373
-2.1173
-2.0190
-1.8419
-2.0311
6.2566
12.8986
11.8856
9.9092
4.5624
3.8317
5.6836
-3.1931
-9.5997
-7.9851
-2.1029
13.2594
25.9893
29.2386
24.5438
26.7999
24.4485
13.0363
8.7494
7.5939
9.3542
7.0184
8.9908
6.4404
2.7483
7.3459
7.9417
7.1093
2.4654
-0.4685
-0.4105
-0.0677
6.5904
17.3474
19.9439
5.4469
0.4483
-2.1962
11.3702
22.0728
32.2554
36.3396
30.9885
25.4014
21.1027
21.6785
18.2801
11.2023
-4.9131
-7.6236
-10.3003
-9.1737
-6.4841
-1.7539
-0.7740
-1.6317
-1.2495
-6.4142
-10.4593
-9.6236
-5.1285
-2.2771
-3.3897
-1.3691
-3.8879
-4.0266
-2.2964
-2.0314
-1.1846
-1.7354
-2.3379
0.6939
-1.1415
-4.2454
-3.3352
-4.5335
-5.3943
-4.8283
-1.5657
0.7336
-2.8156
-1.5477
-2.0885
-5.0796
-4.5068
-5.0188
-1.5111
2.1636
0.1677
-4.1981
-4.1228
-3.0665
-5.7852
2.7934
9.7587
13.4487
14.2148
6.3308
9.7979
17.2335
21.4221
18.0371
13.6799
2.4828
-2.0014
-4.8255
-6.3306
-2.9356
-1.4741
-0.4057
13.4724
9.1608
-3.3387
-10.3665
4.3457
13.1296
10.3200
4.0821
1.6668
2.7721
2.3479
2.5889
7.4794
4.4317
-1.0901
-3.2103
-3.8070
-4.2915
-0.4789
0.8860
-1.2986
2.6673
3.2975
2.5797
2.3293
-1.1214
-6.5183
0.1032
4.3330
1.7897
-1.8471
-5.2146
-3.3864
-2.9862
-4.9818
-3.3399
-4.2016
-3.8979
15.3042
22.3848
32.1490
25.3488
14.2431
8.4661
5.5645
9.5019
13.8906
11.5659
2.4474
4.7053
6.5123
8.0342
5.6802
6.8503
6.4408
4.0584
3.1735
3.7685
5.1998
7.4910
0.1469
-5.9807
0.9844
11.0594
17.4787
18.7878
13.4882
5.7382
0.0534
-4.0299
-6.1655
-9.9597
-1.8889
5.5078
5.0260
2.7165
-2.7661
-10.3864
-3.7175
3.1075
0.8131
2.3047
6.1866
9.0478
1.7580
3.4312
3.5470
2.2675
-1.5531
-0.1962
0.6740
0.3490
-4.5006
-4.5841
-3.4297
-3.1983
-1.8309
2.2254
5.9932
7.5424
7.8045
12.7737
6.8998
6.4690
5.8757
-1.5584
-1.4608
10.1960
3.8834
-6.7086
-7.3144
-2.6136
-2.1332
-0.1381
5.3637
6.6728
7.7419
7.0536
6.9478
6.6827
3.2305
-1.2390
2.1744
3.1355
-0.0702
-4.7849
-6.2909
-4.9039
-0.2591
-0.9207
0.2167
-0.4848
0.1585
4.8886
5.8973
4.7475
2.5117
2.9621
1.1197
2.8090
5.4274
4.6578
3.2086
-0.1256
2.2114
-0.2887
-1.1939
-1.5815
-2.6107
-1.6210
2.8575
10.0541
6.9313
2.7812
-2.6867
-4.4010
-0.9000
3.0133
4.1441
0.1062
4.9062
7.9219
6.3649
-0.0738
1.6371
4.0550
2.3885
-1.2175
0.0369
2.6064
1.0270
4.3873
4.5444
6.7219
4.9621
1.0859
3.8185
2.9220
0.1796
-0.4196
-1.7248
-0.7577
-1.6679
2.9871
8.4509
7.4917
4.1295
4.6695
3.6142
3.7502
4.5618
2.0039
-1.1999
-2.2221
4.8770
8.0140
2.4489
-0.1852
6.2170
4.8038
6.0073
5.7569
3.4686
-1.2350
0.9704
2.7761
-1.2559
-0.1570
0.4109
-2.0981
-4.3903
0.5704
2.6710
2.6660
2.8102
4.5856
2.7644
-2.3613
-4.3229
-1.2570
-1.1429
-2.2915
0.9714
3.1650
3.1640
4.7308
4.1691
2.7566
3.3691
-1.5790
-3.1898
-2.7402
-2.6263
-0.0283
-1.7407
-1.4206
-1.3017
0.1115
-1.9548
-3.2454
-0.0653
1.0057
-1.6588
6.8506
-0.1645
-0.3121
-1.4258
0.2105
2.7404
5.2349
4.7285
4.2090
2.1899
3.0157
-0.6924
-1.4496
-2.4953
-3.4339
-2.8276
-3.5340
-3.9941
0.6090
4.4225
5.0329
0.3623
-1.3943
-4.6825
-2.5967
-0.4513
-2.6970
0.1904
-0.5528
-6.2707
-2.3769
-5.0590
-4.0009
0.2132
1.6206
0.8113
-0.5493
-0.9985
1.5476
-1.9186
-2.4814
-5.9826
-10.6181
-7.3348
1.7274
5.0595
4.8676
3.7771
1.7832
0.2557
-0.8006
-4.2676
-1.1227
0.6361
