MFCC Analysis for recordings\SueHurse.wav
==================================================
Shape: (40, 1735)
Number of coefficients: 40
Number of frames: 1735
==================================================

Statistical Summary:
--------------------
Mean: -12.4912
Std: 80.2240
Min: -659.2852
Max: 173.8591

Coefficient Values:

Coefficient 1:
-659.2852
-633.6061
-602.6489
-609.4859
-626.2636
-636.5865
-637.7706
-634.4980
-628.1807
-620.5270
-602.4586
-584.1901
-585.6976
-603.3304
-617.7301
-632.7748
-643.8121
-648.3535
-650.2324
-650.9772
-647.2419
-644.4237
-648.6539
-646.2509
-642.0062
-607.9453
-580.0878
-583.1136
-606.2609
-631.2261
-644.3736
-652.1288
-651.7576
-639.6199
-631.8392
-620.5721
-611.2313
-612.0768
-623.9973
-628.7610
-634.5399
-641.3417
-630.5473
-615.9490
-600.2274
-592.2194
-605.5789
-622.6151
-630.7308
-623.6749
-580.2618
-549.4092
-518.1284
-464.7403
-426.7625
-417.4148
-414.6478
-420.9368
-440.7472
-470.0780
-471.0193
-427.9803
-409.9836
-410.2763
-412.0210
-414.3395
-408.5710
-393.5800
-402.6223
-420.1919
-424.4711
-442.5742
-453.7617
-448.0424
-459.3924
-495.6486
-534.4496
-520.7062
-491.3536
-461.6141
-382.1240
-341.6573
-351.6565
-383.8877
-411.5657
-442.8171
-476.9253
-471.1020
-459.1662
-474.5121
-502.1846
-545.2177
-573.4854
-581.2318
-553.5911
-536.6077
-547.0669
-561.9321
-549.0879
-453.6716
-436.7834
-497.1289
-529.0980
-511.5099
-490.2978
-484.2096
-416.1724
-329.6886
-317.1781
-345.5036
-335.9692
-334.9709
-323.6353
-309.0154
-311.8146
-324.4734
-328.8697
-327.0916
-312.4102
-286.1138
-269.3456
-269.0463
-283.2962
-295.8909
-309.3501
-328.9185
-350.8333
-350.5804
-345.1107
-363.3276
-385.7712
-402.8033
-424.8945
-450.6313
-473.5296
-512.2332
-556.1802
-596.5277
-628.4001
-642.2435
-539.0361
-382.8201
-372.4714
-487.2154
-555.0201
-529.3869
-527.7932
-549.7040
-579.4387
-538.0648
-468.2609
-465.3940
-468.7162
-486.9698
-497.8388
-512.8399
-537.8835
-557.8674
-523.1465
-467.9724
-444.4246
-438.9034
-443.0405
-369.0910
-340.4480
-365.4540
-394.0219
-442.9391
-502.7269
-529.9103
-482.2034
-436.6799
-430.8797
-442.3978
-446.8240
-425.2435
-393.6927
-378.8794
-402.9757
-449.8204
-503.1864
-537.2657
-571.0629
-589.4819
-530.5299
-473.6700
-432.6279
-433.6734
-454.2084
-471.2596
-489.2378
-491.9455
-483.8253
-502.0795
-536.5809
-559.1881
-577.3433
-590.1713
-551.1295
-502.5526
-472.4859
-471.9276
-503.9244
-508.7635
-447.1755
-411.1563
-421.2496
-450.4240
-414.9416
-402.1030
-428.6406
-486.1654
-544.5208
-531.9879
-521.1869
-504.9716
-484.2963
-455.4318
-443.8298
-471.7864
-526.8412
-579.8076
-611.5151
-576.1023
-531.0398
-509.8496
-499.8790
-490.2331
-429.2575
-384.4918
-378.1086
-398.8247
-446.5522
-496.0129
-572.9816
-625.2042
-622.9267
-527.2534
-474.8684
-463.6286
-471.7084
-487.6714
-509.5891
-540.5871
-554.5936
-547.3381
-536.7178
-537.4474
-526.8129
-496.7709
-487.0154
-496.3476
-501.7794
-512.0537
-545.0587
-585.7681
-614.6863
-636.6072
-649.3221
-655.0467
-646.8752
-563.8465
-504.5379
-487.1317
-508.5586
-557.8622
-589.7653
-584.0471
-530.0521
-487.6591
-441.5803
-407.9458
-396.4719
-402.3210
-427.3525
-451.6540
-463.9161
-477.8628
-501.3333
-500.2578
-469.8694
-438.4663
-419.9508
-446.9978
-507.1751
-556.0615
-576.1849
-602.9820
-627.6862
-635.9655
-600.0281
-504.7598
-482.0593
-519.6799
-587.5988
-636.4455
-649.5300
-653.1747
-629.2891
-583.3408
-549.2037
-535.5299
-468.6239
-424.9142
-410.6070
-391.0896
-363.6813
-351.0587
-365.0206
-379.9525
-373.3554
-359.6523
-362.1421
-373.7059
-393.5708
-433.2709
-449.7095
-449.3764
-459.7461
-497.2876
-541.9176
-574.5309
-596.0064
-584.0933
-577.2147
-587.7884
-605.1363
-616.6844
-632.0867
-640.9516
-646.7672
-652.9756
-649.3885
-616.6909
-599.8390
-622.2589
-648.0644
-651.3526
-616.3274
-529.9257
-454.8510
-416.2324
-397.5431
-399.5826
-389.5693
-374.5870
-391.0318
-425.2260
-454.9401
-425.6784
-366.5893
-355.2791
-368.9521
-386.2285
-321.0096
-245.1339
-229.2837
-246.5271
-274.4915
-300.2454
-307.3994
-310.3803
-294.8741
-243.9371
-235.5660
-251.9260
-263.1118
-265.9781
-264.4310
-273.4660
-241.7245
-159.6368
-149.6321
-175.8048
-192.7885
-201.6932
-193.5175
-187.0457
-213.0607
-223.3940
-229.6919
-258.5994
-262.6981
-270.6181
-289.5571
-313.9455
-334.7867
-341.3294
-344.8898
-362.4220
-357.0554
-319.9844
-280.7057
-277.5879
-305.9100
-333.3895
-362.8557
-397.6508
-430.5228
-462.2513
-517.4427
-499.9319
-411.4580
-355.3357
-293.7170
-276.4736
-291.7068
-316.8959
-352.0877
-393.2787
-416.3246
-441.8425
-443.2677
-423.4759
-410.8043
-405.7564
-375.1164
-369.5839
-368.1353
-357.6371
-325.4776
-297.0016
-288.9954
-294.1771
-308.3942
-224.5359
-159.8623
-144.2878
-171.9127
-198.5381
-205.9740
-223.5914
-230.5353
-240.4955
-234.1198
-250.8907
-280.3280
-298.1722
-329.1791
-363.9117
-407.5154
-442.6469
-462.9669
-441.2778
-419.8709
-304.8908
-197.2511
-155.8112
-152.7776
-174.3615
-206.9739
-234.4884
-224.2982
-217.7626
-243.7754
-260.1164
-272.3855
-287.2696
-276.0121
-285.7868
-312.3749
-341.1461
-371.7544
-404.1136
-457.3743
-544.2879
-621.2379
-642.4023
-623.2680
-540.4775
-472.9800
-450.9843
-297.1190
-208.7611
-203.0151
-221.9116
-236.9949
-260.2025
-279.5200
-300.2120
-330.2644
-348.3868
-381.5636
-434.9467
-472.4765
-477.4759
-461.7399
-453.0515
-465.6768
-495.0674
-529.1746
-545.2292
-549.5594
-538.6468
-518.5692
-537.8378
-579.7581
-546.1443
-488.8430
-471.0530
-475.4882
-482.9063
-465.5210
-433.6852
-419.6643
-436.7523
-468.6885
-483.4811
-481.0277
-475.8517
-458.4550
-445.9617
-450.2697
-458.8928
-468.8440
-466.4307
-456.7996
-414.5825
-382.2065
-380.8995
-401.7230
-411.2266
-429.6843
-452.2199
-427.5497
-398.7679
-362.7844
-331.1518
-315.6995
-323.9780
-352.3911
-383.2947
-410.7425
-430.5657
-434.4175
-400.1279
-370.0672
-363.9081
-375.4589
-375.9545
-388.4269
-411.1651
-416.9527
-435.0288
-461.4114
-474.2980
-459.9095
-441.3022
-425.5355
-404.5451
-403.4572
-424.0423
-457.9202
-498.6512
-533.9585
-554.2720
-569.7605
-581.9235
-561.0580
-543.5341
-560.7788
-602.5994
-633.1316
-641.5439
-641.5937
-639.3033
-623.2354
-598.8479
-567.4347
-550.6354
-541.3354
-458.5867
-407.7854
-401.1867
-422.0960
-477.8350
-516.2327
-512.3613
-524.2716
-553.9524
-555.3157
-461.5308
-389.3910
-365.6053
-350.6768
-325.7829
-257.5614
-209.3349
-204.7893
-217.8134
-241.6224
-285.2790
-334.7085
-364.4075
-387.5254
-422.8805
-462.8115
-495.2668
-521.3812
-541.8839
-548.2863
-547.0272
-535.3601
-517.0284
-490.8248
-453.2434
-451.7650
-485.8996
-500.7433
-511.2924
-548.9648
-590.2748
-621.7297
-641.5488
-647.3739
-627.9274
-566.4595
-521.4858
-516.3413
-546.4870
-588.5516
-574.3074
-548.0256
-554.8336
-587.1446
-612.8271
-622.6520
-626.1916
-621.8234
-608.0631
-601.1564
-608.5209
-604.1073
-585.7973
-572.1943
-541.5582
-513.4620
-525.2440
-565.0280
-602.9969
-627.2648
-611.8651
-493.6124
-414.5324
-403.0775
-452.0861
-527.4507
-553.1589
-556.6412
-566.1231
-541.2112
-468.4453
-423.3358
-411.9821
-435.0301
-462.2910
-472.8684
-483.6190
-499.0435
-492.0013
-475.8563
-472.7015
-465.8146
-432.8842
-392.8798
-374.7858
-385.2018
-412.8801
-456.4675
-519.2148
-589.5173
-605.7545
-572.0975
-557.8721
-563.2543
-560.0413
-559.3669
-574.7812
-575.3096
-515.7669
-462.1527
-405.2403
-385.1120
-376.9960
-386.3940
-387.4946
-407.8737
-445.1550
-473.2784
-488.4625
-461.0449
-424.0594
-416.5132
-425.8748
-442.1756
-478.2347
-503.4560
-513.2290
-545.4822
-592.4979
-635.6698
-646.9183
-626.9965
-523.0649
-431.9677
-368.3995
-344.3626
-360.8394
-405.2708
-455.8707
-492.4956
-516.4065
-500.1104
-448.1944
-415.9565
-401.8496
-408.2080
-424.8190
-437.4586
-422.0809
-396.1282
-376.7379
-388.7032
-421.7671
-424.8262
-406.7067
-416.7959
-432.3902
-447.4335
-398.8670
-367.6725
-367.3940
-357.1916
-344.3288
-352.2409
-391.3916
-463.3816
-550.5385
-575.7888
-545.7025
-524.1929
-522.8775
-523.4534
-526.9207
-499.2795
-437.2144
-401.0424
-397.3286
-411.9409
-429.5099
-457.4753
-483.2340
-513.9680
-535.4999
-552.1393
-582.6109
-616.3563
-637.1234
-651.1790
-649.7430
-650.4611
-627.1716
-600.7167
-589.6608
-590.3790
-604.6845
-612.4698
-621.8554
-635.3447
-636.6310
-598.5127
-573.2382
-390.3277
-275.6663
-242.7265
-251.1226
-281.1281
-325.1466
-363.3005
-382.0489
-384.0643
-360.5623
-337.6096
-353.5542
-346.7721
-335.3972
-289.3481
-211.4218
-199.8038
-224.9269
-241.3101
-273.2077
-293.7892
-311.1902
-345.8651
-386.4874
-439.6813
-484.9843
-506.4581
-495.1458
-485.1246
-493.2780
-511.1519
-532.2551
-539.5722
-508.2604
-466.8465
-462.0359
-473.4843
-477.8369
-488.6951
-525.8641
-570.4971
-557.3644
-545.5990
-489.0702
-457.7852
-458.6382
-443.5671
-371.5835
-344.6953
-355.8357
-406.8376
-487.7145
-550.3853
-565.7549
-548.1396
-508.5722
-508.7852
-505.0969
-518.2310
-554.6562
-584.1242
-588.3770
-581.5059
-554.5533
-545.2224
-539.1991
-511.8888
-512.1355
-532.1440
-543.2557
-529.3547
-518.4539
-528.1330
-549.3231
-576.4932
-583.4717
-555.2163
-447.9966
-391.0366
-391.4109
-417.2195
-464.7417
-455.9914
-394.4135
-381.3716
-400.9226
-416.5139
-352.7709
-308.9584
-313.9949
-331.2224
-346.0432
-324.4293
-296.5096
-297.3784
-311.9713
-347.0460
-395.1723
-382.1581
-345.7716
-330.4683
-330.6303
-342.3184
-355.6514
-366.1594
-396.4974
-420.8236
-394.7116
-386.9454
-417.2280
-463.5233
-508.2899
-531.0510
-379.7242
-288.6434
-267.5192
-275.3576
-293.2286
-286.6306
-248.3699
-261.7394
-300.4976
-331.2795
-331.0357
-328.8550
-325.9179
-346.9055
-389.0909
-450.7289
-524.1409
-593.0327
-636.7177
-633.3475
-589.9379
-566.9468
-560.7996
-562.6148
-575.9224
-596.9690
-610.3829
-588.3101
-552.4941
-532.3595
-521.7717
-517.1121
-517.0625
-539.3709
-546.3250
-540.9294
-539.2015
-543.0306
-558.4210
-582.1973
-600.4326
-616.5730
-636.1122
-645.0598
-652.4844
-655.8542
-651.6055
-650.5110
-649.0779
-648.8021
-648.0096
-646.8979
-649.8932
-649.9431
-643.1163
-646.6394
-651.9085
-651.4356
-649.6246
-649.7273
-651.0490
-650.4125
-650.6791
-653.2905
-654.2880
-651.0714
-648.8262
-649.4750
-652.0758
-653.1639
-648.7871
-646.6572
-648.8453
-635.7243
-597.1302
-557.8721
-540.5649
-492.4540
-475.6571
-468.6173
-453.8602
-452.5478
-468.8063
-497.6588
-559.8978
-592.5549
-549.8374
-509.2097
-483.2947
-460.6171
-452.2376
-469.4068
-471.2406
-468.9892
-489.0679
-525.3995
-545.9789
-507.5885
-429.0364
-412.8287
-429.6807
-469.6054
-510.0316
-538.9822
-474.9144
-410.0563
-364.8625
-280.6517
-229.3277
-225.8355
-244.1162
-263.7696
-280.8878
-299.0423
-313.1983
-330.0714
-351.2276
-373.0381
-395.5674
-421.8118
-426.4138
-406.4880
-406.0514
-427.9001
-442.6711
-423.1230
-379.7297
-363.4629
-372.8311
-414.6025
-467.2023
-492.7622
-490.9316
-481.6408
-483.6174
-492.1761
-486.3894
-484.2397
-509.2620
-543.1879
-512.7512
-488.4990
-478.5905
-480.2873
-485.8452
-480.3848
-437.4354
-432.9247
-462.1668
-477.9628
-487.3484
-501.2424
-504.4740
-489.9590
-501.3112
-515.0249
-528.3650
-547.1118
-562.2960
-542.0591
-519.5531
-515.6906
-515.9965
-548.0269
-569.0283
-556.1747
-528.2955
-510.3993
-506.9520
-498.0911
-510.0872
-529.2402
-551.2204
-536.5747
-517.5254
-523.7577
-555.6250
-604.5193
-629.8846
-621.0445
-593.8915
-579.2115
-580.0424
-601.0686
-622.9984
-576.6462
-540.9317
-523.3320
-518.3267
-519.7241
-513.9575
-512.3448
-510.8632
-503.7889
-511.5501
-530.4540
-532.0049
-523.0032
-519.2397
-519.4783
-522.2999
-523.9513
-521.1349
-526.7659
-547.6346
-562.9310
-579.3031
-606.2634
-630.1217
-640.4201
-649.4500
-653.9105
-635.5857
-597.7535
-562.1243
-537.8239
-522.2146
-519.2136
-533.5311
-558.0454
-590.3271
-566.3837
-525.7320
-482.0129
-433.9129
-421.3765
-423.6672
-443.4128
-458.5072
-476.8515
-507.2070
-537.3438
-539.0276
-521.5506
-522.2993
-528.7183
-513.5247
-517.2834
-533.1927
-515.2158
-483.9654
-487.6564
-525.9537
-565.6022
-571.4263
-552.1033
-493.3964
-482.2386
-486.7269
-490.3114
-512.0397
-547.0479
-578.9766
-574.1995
-556.8381
-534.2326
-517.4665
-511.3598
-514.6765
-518.4897
-491.7474
-420.5871
-376.1820
-354.5030
-337.0384
-320.3314
-329.7045
-362.3827
-422.8111
-472.3341
-487.4320
-483.1613
-472.8991
-453.7083
-436.4328
-446.5316
-466.5208
-452.0838
-438.3831
-434.6645
-430.5764
-387.9275
-379.6142
-411.2895
-444.6543
-425.3276
-423.3166
-413.6448
-420.7436
-431.9175
-401.3982
-378.1450
-359.7222
-380.0810
-424.2828
-461.0053
-480.7785
-465.1687
-408.1167
-375.3621
-362.4659
-364.9105
-393.0875
-436.6377
-498.2419
-558.6040
-612.8569
-639.0686
-649.9491
-652.7864
-654.4261
-643.8473
-613.7411
-562.4358
-513.0377
-474.8301
-447.3042
-420.0192
-396.8919
-376.1056
-352.0850
-333.2405
-333.0925
-345.0899
-348.6534
-349.8970
-325.4063
-331.1282
-359.5571
-370.0622
-382.4746
-400.1558
-433.0979
-489.1346
-516.2872
-513.7051
-515.5882
-512.1634
-502.3688
-500.9338
-485.2636
-478.7555
-469.8993
-479.7484
-514.0970
-559.2280
-569.5054
-534.8212
-496.9173
-492.7709
-510.2351
-527.6710
-520.4416
-448.7227
-314.5673
-253.9393
-243.7550
-262.0906
-284.3607
-306.5045
-327.4273
-357.4455
-389.9002
-408.9450
-428.8556
-432.0099
-422.8644
-408.5918
-396.9786
-406.9087
-441.4221
-455.7158
-446.4231
-462.2162
-479.4787
-483.3042
-450.5160
-406.2984
-402.5689
-420.0058
-434.9871
-432.7656
-420.6725
-411.5375
-404.7439
-403.8181
-424.9366
-436.9727
-438.5732
-445.1078
-477.1767
-533.8109
-549.9039
-533.9976
-537.0432
-561.8436
-572.0895
-551.7849
-553.4815
-560.2647
-563.1700
-573.7410
-580.6041
-583.5379
-567.5484
-569.0142
-605.4367
-634.7913
-632.9111
-641.1245
-645.8014
-634.6624
-616.1136
-600.5692
-584.9299
-567.2409
-566.6710
-529.6006
-443.8233
-393.8351
-392.3846
-429.3897
-475.6618
-499.0193
-485.3913
-457.9560
-458.9738
-480.1345
-496.4225
-479.6479
-469.1617
-470.6506
-487.0848
-507.2249
-473.2903
-411.1101
-385.5647
-381.1808
-380.4173
-378.9445
-381.6853
-374.5465
-383.0513
-396.5310
-425.8630
-482.0681
-547.9111
-564.2093
-538.1672
-512.3411
-510.2678
-501.7881
-477.4984
-455.5715
-445.5387
-451.6428
-468.9468
-489.3637
-512.9791
-536.5380
-561.2831
-580.1703
-589.6880
-578.3018
-575.4223
-581.6419
-578.9744
-571.3461
-574.1763
-538.9977
-527.1750
-512.5944
-492.4280
-498.2264
-506.2126
-519.2164
-547.8311
-599.9177
-607.9346
-590.3182
-589.4795
-573.6118
-534.7783
-516.8578
-507.3757
-532.6027
-558.9736
-584.1510
-588.9640
-563.5833
-557.7706
-562.6602
-569.5181
-558.2937
-505.9378
-487.0383
-486.1323
-474.7272
-437.7715
-428.5764
-443.4730
-463.5281
-495.0430
-524.6553
-551.6187
-570.7701
-578.7370
-581.2713
-586.4056
-587.9515
-583.9639
-543.2327
-530.1233
-539.7985
-540.4346
-543.7465
-533.3586
-530.4380
-537.1318
-545.1722
-549.5508
-560.1577
-580.2313
-601.7504
-578.6389
-565.0676
-547.4760
-546.3911
-570.3431
-583.5665
-561.2508
-538.9011
-532.8185
-530.6920
-511.7081
-521.7808
-499.3797
-491.1714
-480.1103
-479.8683
-485.9187
-490.8634
-499.6642
-515.4423
-533.0777
-556.5491
-583.5444
-603.5964
-621.4025
-643.6027
-651.1584
-652.5747
-649.3965
-646.7591
-647.1791
-645.9597
-642.1793
-643.1743
-650.6253
-601.1279
-474.7511
-415.2196
-417.4431
-439.3101
-441.4911
-461.2349
-510.5069
-573.2834
-622.7842
-591.0466
-560.3065
-518.7786
-489.6225
-483.8522
-489.4667
-486.7395
-483.5194
-478.0081
-479.9199
-512.8040
-552.1133
-552.3245
-538.8300
-544.3215
-512.5195
-480.8107
-482.6624
-506.9485
-535.0607
-547.0361
-542.2088
-545.6724
-542.9060
-481.9900
-462.2521
-465.1166
-463.9022
-488.7302
-514.6934
-545.1650
-571.1895
-594.2843
-609.5154
-600.2990
-580.6926
-566.5029
-550.8268
-542.0219
-552.6873
-564.7092
-574.0817
-589.2636
-595.9796
-608.3024
-620.5415
-621.7134
-618.6174
-612.8045
-606.2606
-593.9831
-541.1696
-493.7140
-476.7598
-471.9598
-480.0563
-497.7181
-509.9873
-537.0080
-583.4250
-596.4473
-550.9241
-530.7887
-552.8797
-569.9099
-529.6707
-502.4517
-497.9937
-505.7989
-507.9087
-529.4848
-566.0515
-564.6377
-519.1843
-499.6240
-521.5189
-574.7460
-609.7026
-626.7416
-645.7509
-635.9541
-613.3763
-586.0750
-554.2741
-535.6171
-513.7673
-501.2093
-501.6030
-465.5931
-461.2223
-469.9520
-457.8122
-421.7942
-401.2905
-400.8885
-410.1365
-428.4470
-450.9597
-457.3949
-436.6129
-429.3070
-457.3579
-530.7289
-580.2449
-590.1989
-574.6065
-560.2137
-498.9263
-424.1929
-377.2768
-364.7761
-365.2314
-348.3681
-359.9924
-384.1702
-415.3949
-463.7654
-466.7361
-466.8292
-487.7426
-502.9478
-519.0350
-530.2378
-515.1578
-508.0354
-527.9886
-572.9940
-605.0256
-609.4743
-616.3122
-629.1202
-605.8589
-582.0455
-575.6782
-587.3004
-611.8763
-579.9766
-548.8309
-548.8617
-582.2743
-627.8115
-618.6730
-603.3466
-591.1025
-583.9032
-535.1076
-519.8762
-534.7516
-542.3536
-489.2194
-467.3130
-475.3769
-503.9916
-527.7553
-532.6450
-532.4950
-533.6530
-547.8842
-558.1523
-573.8710
-592.1108
-611.8393
-627.2351
-627.6216
-622.5814
-622.1484
-575.5049
-511.7484
-457.7068
-400.4312
-374.4513
-382.3094
-393.2328
-421.7356
-464.9231
-491.9432
-515.5196
-532.0222
-543.2853
-548.4226
-539.8274
-544.0500
-557.5440
-574.5124
-586.6731
-591.7313
-604.7659
-598.0485
-586.0918
-596.4460
-602.2958
-549.1128
-516.2534
-529.4241
-554.1379
-562.5219
-553.1074
-541.2036
-545.2409
-557.2399
-584.2773
-618.0147
-640.1707
-646.9558
-651.9462
-653.5131
-653.9741
-654.7448
-653.9010
-654.9134
-656.2523
-655.2924
-654.2466
-653.9052
-648.4090
-645.6526
-648.7189
-651.0236
-652.7120
-654.2064
-653.1082
-649.9094
-650.4286
-647.1945
-645.0490
-642.0300
-637.9256
-629.8585
-522.6710
-485.2602
-520.8636
-571.3185
-622.9415
-641.6754
-649.1025
-653.8701
-653.0747
-649.6653
-647.2753
-641.1118
-626.8748
-596.9822
-578.5175
-588.4957
-622.0196
-648.0381
-653.3322
-654.3679
-654.4397
-655.5169
-654.8502
-654.4415
-654.7955
-655.4974
-655.6149
-652.9353
-602.8334
-505.1989
-442.0531
-436.5256
-435.6003
-354.2848
-358.9439
-460.5324
-545.3700
-510.0186
-492.2095
-516.4692
-561.7853
-433.5309
-309.9517
-298.4898
-349.8222
-385.2662
-422.0192
-459.0021
-507.5604
-552.1449
-588.0885
-623.7471
-644.4312

Coefficient 2:
0.0000
30.7154
59.0392
55.8918
43.0591
30.5148
27.9331
30.1126
33.1750
37.2017
53.6516
69.8118
70.6934
60.5966
47.7991
32.3289
20.1950
14.8462
12.2086
11.2906
16.4029
18.4435
13.9678
17.9050
23.3972
56.7575
85.5209
84.9529
64.2451
36.7522
18.3884
9.9659
10.4498
27.1426
37.8790
50.9809
61.8343
61.2279
46.4220
39.5116
31.7376
16.6959
12.3486
17.1576
30.8279
37.4194
39.6451
36.1036
30.0102
31.5774
58.3898
76.6134
102.8367
131.8937
138.9560
138.0283
127.2659
120.8402
111.7243
100.9194
111.5201
116.1767
113.0053
116.3588
113.8185
108.2577
78.4721
56.4539
58.3387
83.7331
102.7757
104.7950
72.5422
47.3600
36.9691
32.3417
45.3536
87.7649
109.6975
120.4530
102.2429
96.4013
98.4060
99.6496
81.0946
63.8584
57.6873
30.3214
25.0935
54.8914
74.5929
75.8212
67.8741
61.3697
81.5617
88.1093
80.4722
61.1296
57.6363
61.6381
57.4969
62.6460
71.6634
89.3881
81.5368
64.5135
65.0113
72.3715
88.1708
107.1582
104.2566
91.9684
63.3628
53.3502
71.6120
78.3011
72.5368
46.8426
27.8044
60.0956
95.2250
97.0858
91.1450
86.5935
78.4805
68.5617
64.8482
87.7470
99.7458
96.4017
88.1683
87.8540
102.5759
111.1334
99.9536
86.5636
73.6188
52.3655
31.2685
20.9554
23.3748
20.5647
29.8344
57.1524
47.1986
16.8937
-0.6004
-2.6435
-2.7219
4.2045
6.2030
28.0881
54.7611
49.3471
12.5754
-0.4126
12.4142
21.8142
93.7103
151.4288
163.3997
164.1805
157.4493
99.1439
88.4851
107.5410
142.3382
160.8075
143.9665
118.9741
130.0950
137.3052
145.7310
152.8570
158.0627
139.9871
107.9796
82.8194
67.0493
65.4823
61.1767
57.5797
43.9036
36.6798
105.7773
133.5172
119.6633
105.9885
104.0619
108.2342
107.3973
108.3892
118.6964
116.9342
99.6852
92.2233
82.6647
76.3499
122.2865
156.8523
173.8591
172.6053
149.8927
100.5410
63.6254
58.7265
53.1847
46.8045
58.2877
72.2665
73.2479
50.8659
40.7853
63.5059
87.3263
60.3154
45.6447
76.4698
103.7412
124.4635
130.4865
96.7851
61.3499
98.5377
143.2650
153.7879
158.0464
166.3493
108.2630
56.5591
42.3448
42.3746
35.2056
25.6536
19.3790
18.4472
40.4758
120.5642
156.5938
162.3888
160.5373
157.5864
145.7798
127.9818
125.8986
132.7238
127.3548
117.1178
129.0229
154.8247
160.3391
152.4284
146.1644
141.0155
118.3476
85.8004
54.7137
29.0999
13.3525
5.8837
11.1782
70.8226
100.4838
113.3461
114.2567
88.5368
48.2647
5.0251
19.7672
41.9965
47.6531
29.9122
21.2119
29.0061
45.7347
62.5062
68.3368
77.9362
94.5119
100.1380
90.1154
74.6981
58.0878
45.4990
42.1715
21.1326
-6.5780
-12.5987
-3.5238
8.3361
13.7815
7.8286
13.4469
24.3071
27.4546
21.8046
13.1887
8.5340
39.8277
87.3249
118.7203
121.5440
50.4423
29.4442
37.4017
37.6117
34.1811
48.1284
63.4663
63.1304
64.0681
70.8555
73.2155
75.7125
89.2086
104.8761
115.6027
119.2867
127.6043
128.3118
116.1489
95.9383
77.3528
94.3744
103.8311
92.1475
71.0105
41.9653
17.3323
19.7500
17.0615
8.7643
13.5978
-2.6577
-6.6730
8.8870
10.7330
8.4137
45.8814
112.5238
114.0409
96.1293
84.7436
79.0742
61.5617
37.3840
30.0560
38.9981
57.0003
53.6672
44.2944
51.7644
64.2360
68.0371
69.7930
68.1427
75.1405
92.6224
94.9642
91.9098
91.7127
106.7189
84.6915
67.7850
78.8228
85.6949
88.9798
97.2845
107.4696
111.8412
118.7164
108.5729
110.2647
121.8182
119.3463
110.6121
95.6777
93.5832
99.5207
99.4261
95.4046
97.2739
83.6459
73.7130
65.9771
64.0098
88.8838
110.3692
126.3670
143.5034
135.0657
88.4808
73.5640
80.8389
94.0892
104.5061
118.7406
134.8116
147.8089
142.3226
118.0480
54.5660
39.4427
20.5302
0.1387
12.5009
35.1089
53.2718
59.0280
53.5612
43.2468
58.7595
112.9013
134.3797
138.6332
126.9173
96.8808
85.0749
86.2376
86.4859
53.3685
36.2167
41.1079
54.4850
62.8349
29.6188
20.3004
24.0369
38.3716
39.2213
40.4230
47.9115
55.7772
54.7095
41.8017
47.0305
42.3906
32.8738
46.7965
65.1035
80.0423
100.3875
111.4891
90.8053
81.3742
33.8151
13.6780
13.0628
15.6061
35.5313
59.4516
67.6099
49.8177
48.2481
60.3446
62.7750
46.0077
43.5806
47.0416
60.7063
67.8933
67.4957
72.3371
84.9380
91.2837
78.2678
42.3957
22.8184
38.6708
73.6348
79.7402
79.6682
57.1837
51.1537
59.1209
70.4047
74.0702
85.3200
87.9132
86.9612
80.3138
88.8579
93.2723
89.9464
94.1838
107.0764
86.3236
35.9406
0.0546
-11.1405
7.8972
38.8560
65.7634
73.6394
78.5636
77.0018
54.5248
39.8290
34.4366
22.7183
-3.0892
-26.7327
-19.1587
-15.1817
-12.0043
-13.4904
-26.0788
-13.7773
17.0592
27.8411
27.5804
25.1787
24.4348
20.3956
19.4029
19.0209
29.1319
39.2568
44.4136
37.1108
31.5492
6.9604
-24.9118
-51.7371
-31.8641
12.6868
36.0124
34.3036
28.9327
34.8174
44.3438
44.6699
34.9643
14.7938
-18.8176
-6.9987
17.3458
37.8038
59.6900
70.6774
75.6026
94.0987
95.0160
94.8098
106.1484
124.3458
132.4268
117.9478
106.5291
108.1908
115.5621
126.4805
123.4188
108.3807
94.2286
89.1598
88.9878
60.7244
7.3024
-12.1739
-10.3677
0.1341
6.1676
5.5817
1.4307
15.0390
48.7465
79.1389
102.9072
101.6164
61.1655
23.5909
28.8729
48.0635
53.9562
55.3388
84.3950
120.6859
133.6407
115.3844
93.9475
108.5487
113.7337
105.5716
82.4038
80.3342
67.5430
49.5440
44.5856
40.0870
44.4200
57.5867
69.7510
49.7799
19.4758
-8.2526
-33.9409
-49.6351
-34.7687
9.2320
48.8669
89.5520
116.3572
123.4410
103.3267
74.7655
54.7556
36.1467
35.8521
49.1153
60.4976
59.0331
45.1141
23.1824
14.5766
41.1521
74.8010
86.2806
81.9782
61.0927
34.9883
59.2541
78.3048
84.1439
81.1960
60.8198
42.0979
28.9699
27.4499
33.2820
36.0263
30.5954
40.0623
55.7060
60.1719
64.7278
81.8247
93.1438
85.3428
62.5430
39.9253
53.1207
67.3716
71.6716
83.1370
93.5224
93.0126
56.4666
30.4282
16.4933
54.6016
134.2356
156.4830
154.0646
147.3027
152.4906
159.9186
154.4002
157.7650
166.2058
172.0670
165.8618
146.1009
98.1422
44.0933
5.0090
-20.8604
-33.0607
-35.9517
-15.7202
6.0331
51.5881
72.0959
77.0065
85.7664
80.2135
72.2990
83.0081
89.9739
77.8547
70.7531
8.5354
-30.9827
-18.3544
14.3470
-8.4953
-49.1106
-84.0852
-108.4667
-114.5383
-54.9976
14.7995
67.4686
108.8419
150.9621
164.1497
149.4360
122.8393
84.0650
46.4726
18.0443
15.0883
32.7833
74.8107
83.9635
52.5123
36.9755
46.4097
65.2303
92.7635
111.8619
127.9863
138.6543
135.6617
118.9564
94.9776
90.4439
106.9855
118.3945
107.7014
111.4645
135.4697
156.5175
169.9130
145.3693
82.7948
35.9930
38.2026
49.4617
18.9917
-8.9497
-19.4174
13.9080
69.5650
104.1858
126.7681
140.7823
101.8785
88.7588
82.5282
60.0145
37.4031
10.7785
-6.3895
-3.0707
24.3197
44.9102
55.6499
59.8272
25.3204
-26.3330
-59.0755
-86.7623
-98.7325
-89.5635
-64.7094
-34.0109
-10.4775
4.6827
9.5314
9.4623
15.7053
18.9347
18.0636
19.4056
25.3705
38.8201
41.2587
33.1428
30.1418
58.0088
85.9095
52.1106
29.0344
23.0127
25.4504
40.9279
68.7133
95.7009
145.0863
172.6570
152.4774
77.5188
11.1968
-3.8101
31.1117
74.0352
72.3293
78.5063
68.2118
40.4081
37.9641
89.0246
114.8278
125.6882
134.9793
140.3648
143.4967
140.0144
143.3104
143.2754
145.2079
138.7372
125.7744
121.2015
82.6877
22.7921
-22.5137
-48.3748
-64.8183
-75.8917
-71.0666
-21.0557
45.2312
79.0636
22.4141
-46.2727
-92.0919
-82.4385
5.2620
87.8726
125.8181
144.7743
143.2292
107.0406
104.8286
93.4011
20.1283
-48.9403
-49.2245
-3.7860
48.2334
81.1025
85.7278
84.7435
44.8171
5.2858
-18.2707
17.4235
63.9841
100.0048
120.4379
135.6847
134.8619
126.3903
118.2078
101.1651
96.7544
100.8734
78.2559
64.9256
77.2722
87.1006
83.9472
82.8076
87.5138
96.9316
98.0344
102.4554
73.8563
64.7225
62.4279
72.1526
91.4698
92.2835
61.2548
32.7789
40.1950
73.4020
110.8978
124.5035
106.9010
87.8416
90.9317
92.0330
94.3584
112.1444
128.0289
134.6281
91.1738
57.3029
43.7768
50.0830
70.3128
101.7619
81.6841
92.4159
106.4050
122.9793
140.5150
109.8668
21.5813
-7.7577
0.5193
20.4951
38.4628
44.5165
64.4729
76.3679
76.2658
64.0093
51.4444
27.3319
14.0124
32.4812
74.4957
94.7653
108.4801
99.9869
73.7062
57.8753
43.0567
-13.0813
-79.7010
-109.6416
-120.0191
-110.7135
-56.7441
9.3944
53.3696
74.1565
85.4352
95.0938
95.6723
79.2414
60.4039
43.1479
23.5995
15.0647
7.8513
4.4383
10.7122
12.2853
13.4320
13.3834
15.5479
17.1475
13.0270
12.9488
21.8078
17.3140
10.2470
10.9305
13.5339
13.3910
11.5313
12.3775
11.9796
8.3768
6.9786
11.4926
14.6568
13.6935
10.0774
8.4687
14.6647
17.7053
14.6185
31.5970
78.2737
116.9553
126.9173
49.7126
-27.6234
-59.7360
-47.1810
-8.8534
38.8684
61.5058
61.4095
66.1017
124.6676
154.6324
171.0258
134.2488
64.4095
32.1082
13.1473
-24.9205
-59.5589
-70.1810
-40.5786
2.9586
94.9900
136.6700
154.1272
159.3416
130.8569
110.6907
122.7737
108.2614
93.9162
92.0533
93.8551
99.3728
102.6701
110.0014
123.4527
132.7124
137.1017
144.6783
145.4252
141.3030
136.0017
137.6343
111.8943
108.0937
129.6458
146.6343
149.7176
136.0385
81.1242
43.6518
50.0890
88.9067
112.5653
133.7481
150.3767
158.2578
159.3465
155.1844
153.3948
153.8396
137.0249
108.9052
140.0940
146.8677
141.0278
131.8699
125.0815
128.1362
77.7381
22.3886
-26.6122
-20.9432
23.9078
44.9507
39.3274
54.4162
83.7942
106.3899
111.4038
104.2124
87.2261
35.7774
-22.1793
-44.8191
-1.0619
58.4417
84.8571
46.0106
48.6597
87.8782
125.8456
137.3616
130.4875
121.1212
105.4291
19.5784
-28.2083
-50.8921
-50.5683
-26.8235
3.8010
44.6105
55.1046
62.4076
72.0331
69.6862
40.3152
-58.4552
-93.3622
-106.0085
-110.3263
-108.7476
-75.4924
-17.7847
33.6165
67.1697
90.8947
111.6645
134.2891
139.9864
138.2785
137.1072
127.7798
120.6550
112.1974
97.6229
92.5190
96.0903
94.1097
68.4668
39.6565
25.8974
13.6307
7.4652
-11.3955
-39.0295
-53.3120
-57.1073
-67.4185
-69.1822
-59.9664
-45.5769
-31.1187
47.5760
95.3248
101.1400
47.6591
-9.7387
-48.6847
-77.3795
-60.3375
-13.4986
25.2942
55.0708
72.1777
75.6989
59.0909
55.9702
97.9509
123.2585
121.5248
115.1254
112.5651
113.7726
112.2055
103.0128
105.0181
96.4978
12.1198
-40.7748
-70.9613
-70.9936
-24.4965
27.8795
61.0538
46.7024
16.8706
27.7414
69.2220
104.9585
125.9778
137.9662
146.6833
133.2357
121.4307
129.8976
139.1187
130.1838
118.4557
114.8802
107.5838
96.0731
101.8607
120.8133
136.7892
121.3481
86.8593
58.3438
52.2437
78.6452
91.7228
100.2634
97.8997
41.9829
0.0137
-14.3568
-35.4755
-16.8268
27.7010
18.5669
-16.0118
-10.0701
49.6005
74.4757
81.0898
90.4908
97.4295
109.0743
117.3650
110.0247
104.6601
99.4918
94.6196
75.4923
62.9149
59.4066
58.2078
40.9123
21.9837
16.0479
10.7619
8.8744
6.7636
20.5937
58.6351
109.9456
147.5413
144.7131
118.3023
87.1170
74.1753
84.0492
96.2662
94.9960
85.0565
84.1556
103.2145
119.8354
68.9228
22.9711
-8.7077
3.7655
47.6873
80.6519
75.4396
55.5273
69.2341
91.2540
112.9812
130.6535
148.3830
147.0084
158.3352
162.1636
171.1407
167.3721
145.6131
107.7407
66.4980
88.8321
137.9399
164.3828
159.4334
140.1183
124.2568
82.3396
72.4812
68.5903
66.4022
72.3334
74.8185
71.9398
76.7832
83.5410
98.5964
111.7977
120.6742
111.4314
84.7430
61.7866
53.0726
46.0225
24.6781
15.2120
31.9615
48.1505
70.4523
102.4537
84.3130
55.7240
43.9579
71.3374
117.9707
137.3628
141.6467
146.4290
126.1030
99.2441
83.8723
94.9402
105.0381
104.6315
84.2532
50.8297
48.4140
67.5458
74.3209
71.2765
53.7647
70.7212
96.8417
108.4386
109.8140
104.3943
100.5568
97.5117
81.9952
59.8092
41.3248
28.8644
28.6861
16.0937
8.0624
15.7100
27.5262
31.1849
35.8944
42.0002
41.1633
76.6727
133.4233
160.3088
166.2090
158.1732
118.6510
85.7259
79.9833
37.8207
-8.6116
-47.1167
-60.1028
-15.6867
37.8401
67.1343
82.5095
93.6740
100.7599
116.9525
111.8973
94.2413
88.9672
91.1936
94.3478
63.1562
35.3078
60.9431
92.8388
105.5253
93.5026
102.6611
122.2510
128.6909
120.4431
62.1249
13.8642
25.1427
59.2317
85.7693
96.5824
101.3695
105.9442
106.0448
100.1090
94.5061
86.2075
74.9487
80.8830
93.3139
94.7424
102.2614
97.3905
10.4440
-45.5286
-47.3428
13.7002
63.6129
86.4072
106.0099
107.3992
71.2772
66.2523
89.7582
92.1902
56.2365
-20.4608
-66.1474
-40.2364
21.1545
65.5258
82.5901
75.9774
95.5674
112.6297
110.7209
105.9664
99.0434
28.4197
-26.4782
-65.4187
-75.7762
-28.2629
19.8918
44.6329
46.5799
45.8278
54.4721
69.9319
85.3687
95.1492
96.6131
91.9317
85.7804
84.2845
31.9231
-14.1545
-23.7707
33.2448
92.6841
115.0777
120.4746
119.2573
118.8863
118.7307
111.0143
93.9432
36.0282
-45.0427
-47.7453
27.5750
76.3717
75.7045
82.7162
107.8033
130.5826
135.0337
101.4181
9.9888
-38.6462
19.0581
101.3423
120.9918
123.9546
124.5089
119.3262
117.9922
114.2711
115.2159
108.1374
89.9379
73.8153
51.2542
21.3675
10.0431
5.4710
5.8823
6.2270
3.7992
5.1620
10.8118
10.2713
6.1636
-2.5938
-13.4375
-5.8055
1.5775
15.7297
52.4055
73.3724
67.6050
41.1818
23.2383
68.7498
97.7755
122.9611
143.0551
157.5885
162.1288
166.0579
165.6584
163.0801
158.0761
137.3083
104.3304
96.5272
107.1411
112.3396
101.5623
99.0576
106.5850
112.1665
120.9274
128.3559
131.4411
125.3415
87.8910
-3.5694
-60.9220
-88.7960
-49.5421
6.8785
43.7701
55.5579
50.9011
46.5468
57.2591
75.0854
99.3036
112.4397
121.6077
121.8525
113.6920
109.9531
106.6660
90.9640
78.9541
58.1442
36.5582
20.4041
11.7848
4.6442
4.3198
9.8903
54.9722
89.3879
107.3059
118.5901
124.9555
128.0693
128.0006
119.2104
86.8308
66.7404
89.1322
97.5230
92.1167
89.7100
116.9399
132.8522
128.7121
110.8293
109.5572
99.2592
79.3339
95.8966
123.4222
131.2988
121.1937
89.2273
38.9057
12.8913
13.8058
1.8174
-12.0413
-2.1921
26.4000
48.6426
80.1153
107.8574
96.7283
7.8509
-57.8123
-87.7862
-66.1703
1.2344
53.7570
70.2654
77.3809
85.6422
92.4427
110.4582
126.2462
130.7906
115.0140
82.1400
39.6880
-0.5127
3.5735
39.4244
89.8413
122.2428
128.4466
123.7453
122.8907
95.8996
68.1493
36.0522
35.4717
62.3038
46.2223
0.0831
-33.6127
-66.4799
-59.1490
2.9863
53.2596
77.2035
89.3098
91.2829
70.9654
66.5074
58.1130
41.2322
64.0589
86.9394
87.5857
78.8969
61.1849
86.0240
108.1584
110.7808
86.9150
40.0842
54.9526
75.3052
83.6872
80.5766
10.1512
-35.2421
-63.4803
-83.5663
-19.6414
38.8468
72.5510
80.6443
79.6217
83.3316
94.8960
102.0824
101.4401
101.0171
90.5757
75.0985
59.7389
43.0806
37.1113
34.6241
28.8635
-29.0582
-50.8187
-7.0942
66.1246
97.9581
112.3690
127.6803
135.9156
132.5797
134.9541
133.1603
127.5231
121.2372
114.7446
115.6068
111.2360
103.0856
91.8974
88.4346
85.4075
68.4250
40.0462
49.2760
63.4761
49.7450
11.1840
31.8562
69.9610
90.8872
100.4282
113.9277
125.7862
124.6841
118.5752
94.3952
53.7127
25.5111
16.0619
10.2567
8.0816
7.4437
6.3520
7.4970
6.1242
4.2495
5.5940
7.0609
7.5525
14.5763
14.6705
9.7690
7.4512
6.8807
7.1352
8.6509
12.4876
11.1299
13.3966
14.3414
15.5164
20.5513
29.6549
60.3963
56.2883
48.2465
34.5238
34.4886
23.6148
14.1982
7.5707
8.6244
13.3911
16.8041
24.3978
36.7156
51.2893
61.4971
53.7266
33.5894
13.8702
8.2424
6.8077
6.6971
5.2673
6.2024
6.7836
6.2688
5.2843
5.1327
8.7065
44.1575
29.5508
10.1958
-3.6862
-14.6725
-26.3406
-19.2968
0.5090
59.0184
100.2630
121.6574
115.6927
83.0463
58.1847
49.3665
46.7099
49.3958
39.9960
30.2357
14.5244
-3.1430
-19.7039
-20.5922
-8.5695
-0.6710

Coefficient 3:
0.0000
20.1260
25.7759
31.2386
34.6103
26.1706
21.4401
18.0778
12.4593
10.9104
19.6805
29.0877
30.2852
28.4643
25.6262
21.1008
16.1168
13.1226
10.5269
9.9874
14.7230
14.6866
12.2667
16.4065
20.7465
26.9398
35.0753
41.1420
42.4909
33.8507
19.1202
9.5096
9.8775
25.2837
35.2413
43.8884
50.0582
49.0002
39.0749
31.6781
24.7941
9.4130
-10.2795
-15.3904
2.5185
20.3931
26.4124
21.2417
18.5911
13.3997
1.1429
-8.1561
3.8782
8.4832
21.0860
34.5538
35.7349
30.0983
32.7477
25.0803
24.4376
22.2950
18.3158
17.1136
16.1431
22.6664
32.4216
28.2724
23.7788
26.2031
27.7423
31.8000
41.6235
48.9189
58.4967
59.9319
64.4138
68.1510
61.3059
28.5290
-20.0507
-34.2839
-33.7846
-24.0912
-12.2860
-5.9276
-8.1155
2.3251
8.7203
18.9519
20.7987
18.9234
19.7394
13.4219
16.9252
15.1205
10.7061
-5.6921
-26.3526
-37.3371
-33.9335
-22.9820
0.7162
28.4668
40.5877
40.1679
50.5985
52.9282
44.9124
26.9023
7.7323
0.8413
-0.2228
-1.6073
1.2100
2.6727
3.0844
2.0924
5.8007
10.2884
-8.1940
-21.6016
-26.8514
-28.7735
-23.9434
-25.4543
-25.6285
-6.1581
0.9987
5.8938
11.3731
14.6385
17.6519
21.7538
24.9327
34.6679
41.2605
38.0366
29.0066
21.6606
-15.6305
-36.8480
-32.0986
-8.4770
-1.0662
-6.8015
-8.3226
-9.9267
-5.4368
-20.8391
-27.0386
-25.1240
-23.4122
-10.2493
5.9381
10.5214
14.2708
12.0349
25.4644
30.0480
24.0406
22.4509
24.4020
20.0623
13.8371
3.2795
2.2784
10.0056
18.1776
13.7344
10.0376
16.1587
20.7690
23.7747
27.3085
46.0944
38.7485
31.7921
26.0550
21.4708
17.0841
12.5061
0.8359
-5.1402
29.9023
16.9751
6.1462
7.8566
19.4076
18.3887
20.1423
24.8679
26.3346
24.1823
28.4997
38.6472
42.6947
45.0177
66.4236
57.3721
43.3738
36.5111
42.4845
57.1999
68.0700
68.6832
64.0991
62.3499
70.1746
58.7999
47.9529
52.4545
61.3632
79.6322
83.5083
86.2477
78.8753
58.1141
48.6222
52.5337
67.0634
63.7993
45.4708
56.4265
64.6007
61.5348
63.0101
68.4562
64.9783
28.7479
7.0927
-1.9258
-2.7096
7.3969
10.9440
17.6333
27.4821
32.0067
30.9992
29.4828
36.5993
42.7664
48.7618
60.0498
79.8324
80.5721
81.1862
76.8966
73.1370
58.9563
37.0901
26.6921
28.1118
39.1677
50.4236
49.3063
35.2153
21.6564
11.3654
5.5647
7.3344
39.1989
44.1105
36.4991
31.0392
32.8028
38.2220
46.1415
83.7076
98.6632
93.0820
80.7291
68.6832
64.0688
65.1049
69.6416
78.5519
88.5914
86.4829
82.2111
91.1989
101.0718
100.4836
87.7538
77.8547
68.4311
61.0229
43.5896
23.4094
12.4346
16.8312
0.7509
-1.6638
3.2285
7.0052
10.1675
11.8782
8.2209
32.5972
54.5307
62.0154
69.6212
130.8036
148.1100
125.5210
92.3341
72.0436
55.9290
46.4273
42.1072
38.2795
23.1748
9.8450
6.5498
11.4404
19.0785
19.5952
18.9017
25.6202
41.9998
57.6474
57.5257
49.5230
63.4327
72.2727
68.1994
55.9120
40.5589
22.5178
20.8047
16.1384
8.2969
13.0266
32.3144
39.3749
25.4084
10.6171
7.0211
24.7529
17.3176
35.5860
45.4231
52.1579
52.7404
54.8697
54.8471
54.2315
47.7859
50.1795
56.9052
50.7448
31.2519
22.8542
33.0131
10.8443
11.6240
14.8665
16.9381
19.3788
16.5031
22.4020
22.0811
22.1765
10.3677
0.4428
-3.6456
0.9677
3.4819
15.1859
18.3108
11.0022
-2.3190
-3.5045
-3.6251
-7.1553
-0.4524
-0.9851
-10.9477
-12.0515
1.4702
3.3166
-6.0594
-10.7847
-21.1970
-24.7518
-22.3740
-10.7153
-14.5457
-29.5369
-36.4613
-17.6001
-5.8028
-21.4382
-29.1781
-26.0578
-20.2347
-21.4878
-18.3699
-10.3740
0.7221
13.9996
-5.9425
-25.4670
-31.1633
-46.2226
-54.0201
-54.2083
-53.2432
-49.9291
-54.4576
-70.2234
-60.8354
-30.0491
-24.0199
-24.9769
-10.0233
-1.7870
0.2806
0.7389
-5.5715
7.7593
13.6448
8.5903
-2.7756
1.6253
-6.4554
-24.5249
-35.9280
-45.6930
-36.6052
-26.0760
-23.1147
-17.4736
-16.9260
-17.8889
-21.5055
-27.8248
-35.1502
-35.5782
-35.5490
-29.4075
-13.6784
-1.7358
17.1241
14.0741
0.5681
-23.7043
-33.4934
-38.9558
-37.0630
-35.5871
-35.6897
-26.4286
-22.2884
-21.0072
-16.2315
-13.7072
-15.8419
-9.0088
-7.4301
-6.4712
-2.8171
6.7766
13.4626
18.1496
20.3718
27.4487
20.1027
22.8242
34.9245
37.0943
38.1931
-2.7660
-14.6455
-11.5867
-14.8877
-26.7861
-29.8605
-23.0503
-17.8250
-5.2736
9.2227
4.7299
1.7535
16.1829
41.1228
75.0029
100.8699
109.1252
100.1272
93.0583
95.5917
89.0655
77.0863
60.8249
49.9788
44.6171
67.8017
87.5080
91.9959
93.9142
88.3401
85.3785
81.4020
81.0455
77.5756
68.8433
74.3640
87.4178
93.2931
95.5131
94.9426
86.6978
82.2777
82.8578
80.1139
65.3094
51.4876
46.8297
50.5376
60.0975
85.5127
91.0549
88.8947
84.2575
77.6533
60.4438
41.9977
31.8630
27.2641
27.0511
32.8198
46.3319
51.3217
42.0019
55.3432
67.4563
68.3604
63.7430
37.0651
10.1872
12.7414
33.2995
46.7430
51.0071
32.5003
8.2397
-0.3562
1.2763
7.7135
15.5242
30.0864
39.7001
45.8919
53.3822
59.6109
67.1739
70.5895
77.9085
78.7297
65.2679
43.8484
28.6998
23.1421
23.5208
25.8405
42.3956
63.0207
76.9337
86.9339
98.5450
107.1446
82.7371
56.6141
61.4825
71.4693
79.4110
81.8640
76.3514
69.5745
65.2541
37.5666
7.3348
-11.1234
-9.0498
10.9712
13.5193
7.0304
5.7959
16.7859
22.8602
14.9309
12.8249
44.2716
83.8020
102.1243
111.0651
118.1056
120.0377
120.0092
114.4414
105.8628
80.9200
54.9107
38.8369
31.7878
24.3547
15.7449
16.9796
28.8579
36.4562
31.9800
28.2194
20.7336
15.4567
35.2916
37.5970
17.3654
10.2492
8.0415
2.2828
34.3704
52.6776
52.9664
56.6827
48.1798
23.8445
1.3280
-12.1090
-27.3153
-36.2052
-32.6888
-16.6340
-9.5032
-10.3110
-9.2276
3.5699
14.0356
27.4019
31.6547
27.8092
26.5703
-4.7789
-14.3091
-15.0727
-15.0250
-17.4951
-42.6141
-60.4283
-57.8663
-28.0473
-7.7863
-0.4856
7.3782
20.6291
41.6242
50.9688
49.1389
53.0583
52.0334
40.1782
39.2996
55.3416
78.0432
73.6092
60.4382
47.4414
38.8897
25.7743
18.2028
10.2817
43.7607
80.9640
94.3687
94.4010
96.7416
95.8859
86.3049
66.4456
7.7406
-13.6441
22.0432
43.4891
57.3563
59.8720
90.9890
106.5339
116.8911
118.0580
104.1531
113.0822
83.3798
65.5111
62.3317
70.0250
65.2573
45.8718
24.6427
7.4369
1.3957
6.6787
12.6721
11.2738
-6.2716
-21.0968
-13.3260
-17.6196
-20.0986
-19.8901
-10.8984
8.4145
32.9026
40.4417
11.9591
-6.6124
-19.4988
-25.9372
-18.8451
-9.7237
-13.0526
-10.4262
-7.0046
-5.5933
2.2216
50.3624
102.5043
113.5803
114.0927
105.2876
109.2931
99.3181
91.4668
87.4578
47.7677
22.0620
13.4589
12.8576
15.0124
52.1983
79.3887
99.6141
114.4277
121.4283
121.3441
96.1802
70.1667
57.2842
46.7341
58.6701
100.7053
131.2068
146.3869
139.8650
126.5902
112.7708
83.5235
49.9184
27.2007
10.7402
12.4062
11.1578
3.9940
-5.5177
-15.3038
-17.1540
-0.1829
22.1158
32.1413
31.2323
28.3236
63.0996
89.2177
31.0422
-3.5134
-8.5573
-3.5518
-4.8273
-16.7306
-19.4261
2.2087
17.0883
39.1606
61.2663
68.1480
87.4639
84.9443
41.3524
21.1952
10.5363
8.9936
20.4787
18.1756
0.7851
-7.1916
-12.9999
-13.8009
5.2052
30.1462
42.1231
45.3571
42.7467
48.1894
56.5925
65.1177
78.1663
115.8597
147.3311
150.4745
136.8306
114.0244
91.2717
69.1172
59.9492
88.9945
86.6166
114.2065
116.1571
105.6700
109.1538
71.5941
24.8031
6.9990
2.4720
5.1273
21.3964
50.7711
79.0701
111.6114
109.8304
116.4397
118.7932
100.6189
86.0318
76.8466
79.7233
108.4838
119.4802
127.1159
148.0300
126.6006
93.0475
75.3730
66.7746
55.6967
50.6854
57.1721
67.2317
72.3973
42.5772
-20.4297
-53.5475
-61.6327
-65.6618
-69.6738
-77.8376
-76.1786
-73.1856
-73.5609
-64.9028
-31.1301
-24.3243
-23.3585
-23.5053
-18.5041
-12.1507
2.7933
12.2864
21.6549
22.1130
18.0950
9.7086
4.7809
25.0034
35.3203
31.2134
35.5300
33.9674
26.0876
19.5919
29.3841
40.3977
54.3272
70.7315
77.0050
59.9156
8.9082
2.6518
1.7834
1.0177
1.8037
30.5652
84.8253
102.3423
99.4215
90.7492
72.7780
46.5539
38.7217
33.2976
28.7562
33.6892
41.2748
40.1367
20.4653
27.4493
53.4400
60.2191
67.3940
81.1563
80.9414
61.5299
42.4254
44.9533
61.1287
76.3183
85.9242
93.8638
112.2953
97.2912
76.4639
68.5698
65.0357
59.9209
50.1614
34.2268
18.6096
8.5984
4.7099
4.7467
4.3028
3.8793
10.2768
11.9209
12.4219
11.8796
14.3964
16.0692
12.2815
12.1789
18.9232
15.6918
9.7018
10.4289
13.1539
13.0186
11.1856
11.8752
11.4199
8.0779
6.7179
11.1283
14.2602
13.1664
9.7280
7.9240
14.1332
17.2509
14.1882
26.7239
55.1518
67.7170
66.5933
94.9460
107.8342
113.0365
119.8273
127.2274
111.1740
86.5061
69.6352
64.8664
72.3007
69.6945
58.5183
63.2720
83.5856
106.9552
128.3965
147.2635
141.6086
114.7262
44.7759
41.7541
57.7958
40.6316
31.6692
24.4312
20.5788
18.9081
-15.6222
-25.6886
-13.0864
-7.1961
-12.3078
-15.2714
-15.4304
-15.0048
-15.8116
-22.6580
-23.4663
-22.9194
-20.3125
-18.5090
-18.9967
-18.6436
-14.8439
-11.4816
-15.6433
-20.2000
-15.8531
7.4877
45.1601
58.1713
63.7661
50.5799
38.4636
36.8809
39.3843
37.6504
39.0676
32.3539
24.1791
24.7681
24.8500
20.9184
37.2012
22.4736
11.0622
7.7082
11.2983
17.3168
65.2139
101.4909
105.2970
111.4942
118.0704
116.5017
114.0087
94.8161
51.0077
29.0787
24.0017
33.8315
70.9915
117.1213
122.5536
112.3090
119.2749
104.4964
95.3717
106.5380
111.3271
91.2068
73.6405
55.6631
44.6706
42.6736
60.6806
118.4941
145.7161
140.7672
110.5087
60.6646
35.0069
46.0671
69.7099
81.6290
79.6397
59.6233
38.2774
87.9726
116.1086
126.1810
129.6102
125.1524
127.0719
124.8508
114.2340
106.2658
101.8563
91.5524
76.7906
60.3898
47.2012
42.3543
34.7594
34.7568
37.0859
37.5945
51.5971
63.8805
67.8495
55.3057
35.1278
23.6494
12.8190
7.0677
17.7568
45.0929
69.5742
80.7730
76.7502
62.6157
49.7967
45.0131
40.3435
71.1536
73.0942
67.3694
88.3986
104.8854
114.9038
111.8527
113.0313
108.7019
103.0700
101.8275
91.7596
75.4163
56.4802
40.0468
44.3909
43.3125
52.4349
62.6490
55.4334
58.7935
70.6458
77.9976
77.4627
77.5416
112.6197
115.1500
104.4190
97.2003
88.7604
85.6909
82.2785
93.6152
107.9849
109.2241
96.0090
82.7348
68.7234
63.2756
33.2648
-10.8460
-16.5168
-16.1256
-10.5320
-17.5300
-22.4194
-26.4236
-40.6527
-44.2925
-21.0793
1.9671
11.8175
24.3792
51.5141
71.9106
91.6967
88.9446
65.0877
49.9027
39.2714
34.4690
19.4985
2.4812
12.2095
56.3073
60.4459
91.7498
116.4838
135.2216
112.6699
58.0667
37.0219
29.7629
29.7202
25.4939
26.0203
17.7055
-23.5450
-45.4364
-47.4738
-46.3981
-42.4884
-41.4408
-40.3094
-28.9062
-3.4419
11.3111
9.6498
8.6044
6.4655
17.1956
43.2056
61.1203
59.0617
60.5941
48.2385
32.0722
25.6440
21.4835
10.9693
1.6907
-4.7378
-6.1702
-11.4802
-21.9669
22.7590
56.4196
70.2130
81.5124
71.5238
36.3142
7.3273
-8.6585
4.1787
20.1700
38.7386
43.3487
46.4641
41.5716
40.5101
35.8138
31.6694
31.0165
35.3661
43.1074
33.9222
31.7433
39.0991
47.7636
55.7662
45.1386
4.0125
-55.8515
-39.6122
-33.7383
-25.9074
-18.6009
-20.4186
-23.7665
-27.9362
-22.2120
-15.4421
-12.3892
-5.9999
-9.4365
-14.0346
-4.9429
15.4687
26.2171
34.0233
65.4614
70.0127
65.1485
56.1321
36.8613
35.2832
28.8170
9.0317
-5.2426
-17.6749
-32.6107
-42.4220
-40.4306
-22.6023
6.2352
26.0635
24.8661
13.8742
8.8456
14.1645
14.6471
28.0716
43.9983
47.1133
47.8510
53.7489
64.1326
68.4838
76.2848
79.1456
75.0440
74.6497
75.9023
90.8125
87.1639
53.8133
23.8861
16.8360
5.9962
-2.5902
-8.0770
-19.4970
-33.0098
-41.6666
-47.5032
-45.3675
-39.3872
-56.6898
-43.5738
-15.9741
4.8436
29.1796
54.1636
85.4323
130.4980
147.3096
144.7733
142.5316
140.0852
111.5032
94.9259
87.1068
84.9061
56.1745
24.2288
3.0961
6.1949
20.2854
20.6326
23.2818
43.3363
50.4247
56.6495
53.8001
49.7285
35.0649
49.1553
38.7658
19.4159
18.2154
40.8309
41.2199
22.7809
-8.2819
-25.0317
-27.9424
-15.9635
3.8206
26.0692
47.0570
60.3801
66.6588
70.5880
71.7231
65.6416
59.4376
60.4683
62.3919
115.5735
138.4027
139.2780
142.5367
113.4007
83.1229
59.6451
54.8266
46.5434
54.6274
72.3859
74.2033
89.5977
111.2796
105.7028
108.8701
96.8056
90.6147
79.0032
72.5178
68.7294
62.3568
61.9437
65.0474
79.7535
135.4469
155.8672
148.1160
130.4300
127.7296
109.3821
97.4053
95.4356
88.7855
82.1599
73.3753
69.0903
67.3078
68.8656
65.8783
58.5089
54.1676
94.8501
108.0797
99.9660
97.3375
77.3807
72.4350
70.7129
71.2772
66.5424
62.2691
59.5060
57.8465
65.7275
76.6324
80.2513
84.8450
39.3898
26.2591
44.3687
50.0933
52.4484
50.9730
67.6919
100.0574
89.2003
71.4511
38.9077
28.6718
19.8601
13.1615
8.2587
15.8330
22.9230
37.0883
52.1870
60.2841
60.7647
44.6852
19.0682
8.3279
1.6200
-1.7320
-4.2772
-8.4030
-7.8153
1.1165
4.5381
3.2439
-36.3122
-79.7809
-82.9702
-80.6988
-72.8809
-55.8366
-52.9830
-45.1999
-31.7771
-8.6085
34.6711
53.0424
42.5597
28.0012
32.3516
45.1548
46.1198
36.2714
34.6817
40.6259
54.4620
71.5384
80.4736
72.3021
59.2493
60.8216
52.2584
47.5247
57.0249
74.8821
76.5764
71.0210
65.7092
77.7091
98.4753
93.2278
79.3656
89.8484
86.5742
73.5456
61.5373
57.6018
55.9093
50.1926
57.6135
70.4198
70.6619
57.3349
50.0565
55.5998
68.3974
77.8363
70.3657
55.1618
30.6553
6.6257
-17.8120
-30.6904
-41.1911
-43.8457
-41.5564
-16.8666
-9.7295
-6.1695
-3.2503
10.2439
27.7613
45.3760
58.6409
58.0256
44.5498
59.1639
63.5369
59.7130
51.5951
52.4745
39.7703
8.2832
-3.3097
6.9496
22.8372
29.8668
45.9904
26.8612
17.9773
34.1996
51.4781
52.7079
37.6005
17.0733
-0.9634
-19.4638
-18.4021
4.1473
11.8566
15.9053
24.6429
46.3109
91.8406
106.4792
101.4958
101.0958
101.7936
64.7291
37.3377
27.8118
23.9243
26.8924
20.2549
-8.5652
-16.4872
-4.5381
14.5336
36.2045
31.6941
30.2608
23.3527
15.1653
-14.9514
-37.8643
-42.4013
-34.7036
8.5594
40.9097
64.0125
84.0240
81.7302
96.6768
116.1019
116.6481
107.7887
107.0152
108.0497
105.2549
90.7564
81.5890
73.0884
56.6009
55.5143
50.5538
37.1313
48.9601
60.5132
59.1689
57.4534
48.0835
48.6549
50.8226
49.5240
45.1329
30.2590
47.8768
64.8189
68.1636
63.9946
112.0543
130.8892
129.5039
127.5531
153.6183
130.8594
107.7418
102.9388
91.6031
77.2183
67.6720
51.7321
56.0469
63.4165
61.1156
55.8727
49.7539
37.0471
26.2775
16.0253
6.5965
25.6594
33.6156
23.1929
-23.6963
-34.6906
-28.6967
-21.4704
-8.1351
2.1848
15.3605
27.2642
41.6611
51.1709
53.7767
48.0188
48.6332
52.7512
57.0027
62.4019
64.0377
56.5311
54.5878
63.0313
56.3642
52.0342
62.3839
66.8249
59.9531
64.8953
70.3709
67.6738
61.2512
58.3259
64.4827
65.0955
40.8818
21.2338
14.9390
9.8963
7.8422
7.2441
6.1488
7.1546
5.9507
4.1316
5.4376
6.8684
7.3856
13.3480
9.0568
3.6309
2.3438
3.9541
6.9948
8.4019
10.4691
8.1351
7.3502
6.7703
4.9974
9.0807
17.0414
14.6685
20.9879
31.9844
50.3352
35.0127
21.6472
13.6016
7.3124
8.1632
12.7672
16.2695
20.8441
19.8673
-4.2578
-7.6781
-0.8576
7.9009
9.0790
7.7323
6.3808
6.2430
5.0848
5.9985
6.5869
6.0308
5.0701
4.9611
8.3077
25.0381
72.3725
74.7954
80.9340
78.1212
1.8465
-24.8923
-8.3293
43.7408
43.7097
34.8938
31.3405
36.9630
46.2914
29.7701
19.4206
14.0329
8.5832
6.0697
1.7076
2.8789
6.3154
13.2619
17.9418
15.7259

Coefficient 4:
0.0000
13.7266
14.2630
19.6792
25.8648
20.1580
13.3622
4.8350
-2.4009
-1.5956
8.6856
17.8063
17.7740
11.8467
10.5999
11.8048
11.6938
10.6046
8.0364
8.0460
12.4085
14.2840
11.7320
14.1781
17.4068
13.3657
10.4944
18.2670
27.8111
26.0543
15.2759
8.7753
8.9739
22.5977
31.3305
37.5389
39.6307
36.6240
32.3123
24.9280
19.0176
14.3454
5.9045
2.7939
17.0547
23.0342
18.3045
15.8666
17.8151
20.2364
16.1482
9.3159
17.1523
30.1038
31.3481
32.5584
36.2939
32.3212
31.3255
27.0888
23.3102
17.6414
19.1336
16.6895
9.4210
4.6140
2.3390
-1.6112
-4.8186
9.1849
23.2145
26.0014
18.2348
17.8403
21.4957
27.2391
40.9547
60.0441
54.6174
39.6061
22.1596
12.2256
5.2531
4.0324
1.5914
6.4272
10.6837
0.0674
-1.7316
13.1302
23.6367
23.8560
23.4078
19.1848
24.9312
22.8139
25.5988
21.0632
4.6864
-12.7131
-17.2019
-16.4263
-1.1008
4.0544
6.4881
13.3745
22.4853
29.3916
24.9117
14.1648
14.4696
6.0207
-3.3328
-2.7717
-2.2521
1.9705
0.9564
-11.2016
-21.1542
-12.8384
-6.3017
-16.3814
-18.6137
-18.8354
-13.0912
-11.7610
-10.8161
-2.5942
4.5752
16.1622
23.2729
25.6508
33.2967
44.0212
46.1948
47.1909
40.6837
29.7212
22.0915
16.7278
-19.7025
-32.8079
-27.8985
-12.4861
-5.6896
-8.1402
2.5463
16.7939
30.4334
11.4838
2.8385
2.7507
3.9752
17.3733
28.4291
34.4345
47.1908
50.9512
20.7332
-18.8740
-35.5023
-34.3852
-25.6866
-9.3251
-8.2875
-5.3798
-4.2269
-15.2602
-21.5280
-27.4915
-14.7253
-11.3922
-9.6792
-4.9739
0.8912
2.5918
22.6347
34.2066
38.9570
45.3839
53.4808
61.0209
46.9508
26.0466
40.8714
47.8301
47.4875
45.6035
51.3636
56.6396
55.0673
51.9154
47.5654
39.0432
30.7012
28.4311
29.2219
27.5996
25.6945
15.5700
2.7472
4.8283
14.0398
33.8172
49.6135
50.5255
47.2128
49.8977
64.8395
64.1311
49.0437
43.5827
34.4559
39.1656
43.3184
53.5876
51.2238
33.1248
17.5271
16.7738
27.0578
31.7441
24.2649
15.0324
1.1587
-10.1026
-8.0391
-4.7998
6.7914
13.8334
12.7484
8.2971
0.7579
-2.8839
-7.7247
4.2452
14.4688
-2.3064
-11.1035
-2.0285
12.6460
22.4862
24.0540
27.6547
41.9433
38.2678
27.0838
18.9295
12.0312
-6.1807
-17.2435
-18.0980
-8.1161
10.0158
21.6293
18.3218
15.5528
13.1495
8.6831
5.0717
12.4669
52.5787
68.5240
66.7544
56.6540
44.6048
27.1570
13.0395
36.4014
56.3150
66.7066
61.9357
53.1352
43.4242
29.5276
16.3193
1.6124
-6.1226
-11.4372
-7.6959
1.3373
18.5404
26.4580
27.5526
29.2695
18.2926
14.3570
9.3548
11.8753
17.1142
21.2102
20.8194
19.4415
16.5154
18.0687
12.9045
10.4560
7.7297
22.2438
39.4311
43.6873
41.8211
27.7917
22.9921
14.5962
20.0504
28.0351
28.0553
25.1603
31.6844
54.7617
64.2544
64.3559
68.4556
70.2135
64.2710
53.9068
46.1711
46.8566
47.7930
42.6892
29.7675
18.4111
25.2417
33.4294
36.9425
35.5202
34.7977
25.6657
19.7141
14.6074
7.5474
11.7490
19.7827
25.2003
23.6647
11.9703
9.2807
19.5150
-20.0119
-38.0148
-26.5052
-4.3158
6.6500
14.8373
20.9108
24.2121
26.0764
27.8297
25.2494
15.5923
4.1099
-2.1218
-0.7450
6.7291
6.3536
12.8012
15.6205
18.7943
16.3243
12.2396
10.4794
13.9080
9.0779
1.8968
-4.0162
-7.7896
-15.4976
-18.3763
-26.3884
-17.9045
-10.2832
-2.8738
2.2974
-0.3079
1.2138
0.3038
4.7540
6.8290
12.1609
13.9157
12.9927
13.0426
5.3618
-2.2261
-6.5197
-0.5520
15.3864
19.7002
14.7749
6.6483
11.5510
11.7509
10.0845
7.9527
6.0912
7.8117
15.3616
11.8317
2.3905
-10.5108
-18.7835
-20.2054
-16.2626
-16.1364
-20.6994
-23.7947
-22.2461
-12.4308
-3.3044
-12.8779
-4.8364
11.2042
18.8337
15.0740
18.7136
13.6275
7.8636
16.2419
24.0243
15.2415
9.1449
5.8833
1.9968
-1.5273
-4.0898
-18.7433
-22.6958
-20.1622
-21.2101
-12.7241
-10.5978
-5.4462
0.7043
10.7390
13.7345
6.8088
-1.3309
1.3533
3.8123
5.1517
12.0906
1.3227
-8.9512
-8.0660
-1.0904
-3.5062
-12.7469
-21.9326
-23.6277
-16.8341
-15.0700
-14.7297
-5.7495
6.5292
7.9500
4.2280
-1.9426
6.3508
15.7737
14.8963
9.1340
12.6963
18.1587
21.6930
23.8042
21.1883
16.5399
9.4176
8.5888
18.3043
21.1134
16.7611
3.9323
-4.3832
-3.5827
0.3617
-1.0355
-1.8809
2.7913
0.3645
0.4813
5.3407
7.4637
18.4577
22.5024
10.5669
10.4544
18.5767
21.7955
27.0560
32.0565
32.1682
21.5270
21.1368
26.9475
22.1966
19.4387
35.5934
39.4086
38.6407
48.8592
68.8060
73.5710
73.4489
70.5490
66.3844
54.9888
54.4282
59.1993
60.3282
57.7998
48.4719
38.7629
31.3204
23.3076
0.0218
-22.5005
-22.5063
-19.4744
-13.4714
-23.6200
-28.5763
-17.1728
3.9370
15.5528
13.0772
13.9599
11.2024
5.9378
7.4155
9.0979
10.9994
3.5929
-2.7274
12.0669
27.8356
28.3976
15.4019
-3.3967
-15.8556
-11.5952
-7.9536
0.5310
5.1697
0.5275
-5.7641
-2.7173
7.5921
10.7634
8.1701
9.8537
13.5288
16.4099
26.7339
35.6733
37.7718
26.4288
21.1435
31.4414
30.7496
16.4699
8.4010
5.2642
2.1165
12.0080
32.9226
42.6986
40.1636
35.2532
33.7153
55.6408
63.1569
49.4310
28.9865
24.3798
9.8293
1.3771
8.1007
20.8631
-0.9699
-49.2385
-57.5988
-51.1274
-37.1444
-10.6329
0.6655
0.6590
-5.3149
-15.9068
-19.1921
-17.4127
-12.5933
-32.4184
-53.0918
-64.1299
-68.3289
-53.7907
-21.9472
13.3948
22.8987
27.7339
35.7183
35.2855
27.7930
26.0378
21.8360
8.0632
-7.8199
-9.5116
-8.9199
3.9045
15.5495
16.5429
12.0092
25.7444
69.9954
89.1413
94.1878
84.8171
56.2602
39.8938
37.4103
37.2184
37.8621
32.2294
14.2442
-0.2370
-13.5642
-28.7513
-39.6700
-34.4401
-19.7674
-10.4658
-6.5363
10.2781
27.0480
28.4911
19.2652
12.4592
16.6064
8.7430
-6.8401
-11.4832
-12.2403
-12.4467
-19.6267
-9.5805
16.2078
38.7528
41.4526
20.3101
19.7519
23.3176
20.9275
17.8503
2.1422
-11.2531
-17.3739
-23.8678
-26.0111
-20.3340
-18.7741
-10.6760
3.8179
10.9445
16.2207
15.3037
19.2200
30.7621
34.0923
40.8854
45.3571
51.6013
53.3346
51.5277
47.0056
45.6080
62.7710
98.8793
104.5735
89.0767
76.6721
70.6390
73.3192
59.0497
48.3819
40.2821
28.2017
26.4594
40.3432
24.1590
0.4337
-29.8340
-44.1000
-34.0061
-13.4551
13.1628
19.5136
17.1447
16.9570
13.3999
-2.5181
-20.7108
-24.2000
-18.6191
-10.8924
-6.4519
-1.4698
8.9596
18.2254
9.4061
27.4955
59.5740
67.3036
52.0295
37.9395
37.4080
30.6971
13.6262
3.9341
4.7761
6.8019
1.3173
-38.5052
-51.4169
-42.4419
-24.5607
-6.3678
-9.3852
-7.7285
-5.0247
6.4966
8.9508
-4.6327
-21.5580
-31.0673
-21.0180
11.2633
6.8111
9.1184
17.4923
20.5368
22.0565
37.9303
51.9051
50.4309
46.9204
44.8516
31.4715
15.8415
-1.1948
-20.2342
-35.7724
-34.6000
-26.8687
-17.7761
-4.8929
4.5815
7.5224
7.8336
33.9516
58.2529
62.2165
51.8806
44.9116
39.8171
35.4399
28.4373
24.7816
38.9718
51.0446
18.6520
1.2779
-7.3509
-15.1939
-10.7694
-3.1152
-3.8447
-8.3251
-32.4875
-44.1736
-31.4293
-9.5004
11.0179
9.7772
0.0305
2.6406
6.4251
3.2340
-8.0938
-9.0348
-10.8062
-13.1676
-3.6618
-6.5408
-12.8857
-12.2163
10.2613
28.9161
16.0358
3.9483
8.7645
27.3726
45.4984
36.8400
20.5168
8.7363
1.7281
4.3214
5.4986
6.0988
11.2111
29.9230
45.4363
42.0299
47.4598
45.7138
42.2941
10.3506
-15.9641
-34.2979
-41.7071
-35.3393
-15.5296
13.2307
25.3642
21.5620
22.1580
32.6887
45.1213
49.7608
48.5585
47.3819
39.8981
14.5211
5.5642
1.1276
8.9956
11.6309
18.3087
23.6685
13.2978
1.5546
7.8354
23.7495
38.5488
45.5384
29.1426
-3.9842
-23.8145
-24.8269
-19.0013
-19.1448
-19.4932
-18.4314
-22.1753
-19.0137
-11.2543
-12.1163
-12.5120
-9.2925
-2.2703
3.7017
4.0308
-9.6270
-18.5409
-20.5160
-18.8585
-19.0230
-28.6642
-35.6004
-37.4842
-36.6694
-45.2940
-44.7154
-36.8275
-33.4887
-23.0105
-1.0436
16.6703
37.8145
51.1829
47.2949
19.0312
2.8831
3.6518
5.1620
4.0292
7.9766
1.8890
-2.2065
-0.9148
5.0538
12.8179
21.8674
19.7091
14.8261
10.4625
10.5377
14.4535
20.0325
28.9313
20.9246
19.5592
39.7236
48.9225
50.4805
46.5797
33.9612
27.5350
25.6476
17.0675
14.3774
9.7071
8.7916
14.7967
31.8480
42.9525
53.3631
61.7520
65.0043
57.5813
39.2953
12.0258
-4.3793
-11.7416
-6.8781
-1.1738
2.3963
3.6695
9.5844
11.3316
12.5655
11.9693
12.6140
14.3816
11.1055
10.9579
14.9464
13.2533
8.8284
9.6248
12.5372
12.4155
10.6230
11.0671
10.5336
7.5941
6.2989
10.5408
13.6221
12.3311
9.1642
7.0789
13.2932
16.5135
13.4940
19.5273
30.2840
24.5357
19.7320
13.7082
25.3556
40.3895
44.8975
44.6788
49.6271
50.0773
39.6793
30.9080
30.9484
16.8281
-2.3049
-17.9449
-6.5368
14.4264
6.5870
-15.3517
-24.7846
-27.9000
-41.8832
-46.0439
-68.7202
-75.9073
-67.3810
-49.7680
-31.7852
-21.1589
4.3203
12.5712
22.0864
18.1316
12.5351
10.5635
9.3985
7.1841
3.8846
4.5905
8.0521
12.5708
13.0185
13.1611
17.1493
21.5791
15.1028
13.7422
14.4763
15.7000
10.5808
-6.3456
-19.4271
-21.6785
-9.9315
6.4138
21.7155
18.7156
2.4196
-7.8743
-5.7483
-1.5312
-0.7343
-2.9806
-3.6223
-2.5169
12.1759
21.0604
26.6217
24.2704
24.7185
22.5008
-8.0318
-18.3295
-21.9152
-6.3110
19.5571
26.6121
26.9841
24.0420
25.2148
28.9921
33.9579
37.5176
39.8835
19.2869
14.9888
13.8864
30.3899
42.2574
48.1811
35.0201
34.5653
31.8450
28.7797
31.8359
39.1640
41.3692
38.1813
3.0010
-13.1020
-17.8828
-14.9705
-6.6422
9.3302
33.7528
43.8314
50.2737
48.9426
36.5140
18.6001
-28.0555
-37.9274
-45.1857
-44.8138
-39.7173
-24.7974
-4.7868
1.2727
-5.5200
-0.6671
14.6662
11.6712
-1.8458
-6.3535
0.4862
17.8096
42.0999
65.3865
77.4989
81.6438
74.0314
56.2989
42.3197
28.3109
20.2133
11.5416
6.4355
12.2494
19.5300
21.1938
19.0449
21.0564
20.9341
16.4205
9.9371
9.3730
42.1228
58.8346
61.4788
48.0260
36.0948
31.3014
31.7196
54.0819
74.6614
71.5451
60.9438
70.0919
65.6824
50.3869
38.0717
39.5003
36.8682
38.6550
62.3740
71.8171
73.3593
71.3789
66.6731
55.6177
46.6001
30.8692
28.3981
32.2093
45.5341
54.1706
55.6505
46.4468
31.3873
20.3888
18.0476
15.6941
2.4978
-7.7324
2.0521
7.8033
15.7623
8.5867
-2.6852
-1.3952
14.1663
25.9913
28.1287
22.4343
14.3044
22.5589
27.2274
26.8647
33.2673
38.3274
29.8934
30.5187
12.3165
-6.7453
-13.2980
2.9344
20.1779
21.6406
21.8666
17.8754
34.4696
49.0335
31.4738
16.4839
8.5958
-13.0325
6.1458
18.4369
23.5993
30.8528
34.3311
49.0437
76.8944
66.2778
45.1075
39.8203
36.8952
37.6368
36.1333
32.1008
30.3578
25.1359
19.7626
10.9379
8.5276
6.0428
12.4938
23.0009
28.6195
22.5525
8.5448
13.6063
32.4310
48.9314
48.2976
39.3804
41.3628
50.4855
57.5499
49.8491
38.5851
-2.0322
-20.4004
-24.2390
-16.6746
-12.1210
-10.0387
-0.5634
16.8749
42.2413
57.6259
52.6465
19.6058
-11.1829
-24.4730
-29.1363
-33.9010
-42.1461
-39.9531
-20.4203
-4.2887
-12.1897
-24.7218
-36.0870
-26.0326
-13.2755
-18.8844
-44.5669
-38.4556
-20.6924
-7.9643
-4.2063
-0.5533
7.4486
17.9456
18.5471
23.8774
33.0114
37.5103
24.5368
34.0340
56.7907
71.0363
86.4908
92.8335
85.1403
84.8079
95.1251
98.0259
83.1474
55.7700
8.1894
-18.7729
-22.9828
-5.6665
13.6810
14.4730
6.1988
-2.5301
-2.6541
1.1860
13.8871
17.3756
30.3949
59.9289
82.1338
81.9547
90.4765
103.3662
102.1542
84.0738
61.6183
61.4985
49.9888
39.5107
38.5958
40.4853
44.7855
47.6769
52.4971
47.2673
34.4306
20.8010
16.8520
13.7156
8.1966
0.1333
-15.7318
-28.0032
-33.7348
-29.9245
-22.6329
-21.0906
-34.9689
-33.4307
-27.7518
-23.4639
-42.1390
-58.4716
-57.6466
-68.1476
-68.3501
-66.9721
-57.5752
-37.8851
-18.4717
-10.2043
-0.1280
15.7231
41.4704
42.7547
22.1253
-0.1231
-20.3042
-32.8042
-26.2213
-26.2817
-28.0328
-23.0533
-13.1673
-7.6356
-8.1025
6.1958
-0.1089
6.2031
22.5242
45.1166
63.8332
70.6559
59.0709
35.5560
19.7442
13.4041
14.7046
20.4277
28.6365
34.9190
38.5562
35.4947
38.1668
36.5607
30.6950
32.1996
32.9770
-5.7199
-21.1657
-19.8783
-1.6447
-0.8038
-12.3312
-6.8623
15.4106
29.1456
34.8409
45.9193
49.0917
32.5047
18.7515
25.5565
38.2946
47.1023
49.1183
51.4362
46.6995
39.0443
33.5727
31.9051
37.6401
38.4988
6.2044
-13.0862
-30.4913
-28.3655
-2.8802
22.8293
41.0369
46.6031
48.6948
51.1542
54.3085
54.9376
48.5230
40.9067
37.0629
40.5346
42.5063
20.4132
11.2296
9.9897
22.8694
31.6925
22.4941
18.4117
20.9923
20.8066
22.6896
27.7580
32.9185
19.7928
-8.8580
-9.0294
21.4842
47.0231
41.0401
30.5214
18.1230
6.1482
4.4114
0.3763
-0.7464
0.0758
-11.9340
-13.2386
-10.1382
-5.8853
-0.1369
5.4704
11.5755
21.6748
29.7922
30.8498
35.3541
43.4600
34.9569
15.6528
8.8075
5.5287
6.2636
7.4349
5.4671
5.9452
11.1702
9.7623
6.3557
13.4436
-10.1377
-21.0728
-20.8234
-8.5619
7.2304
12.8803
13.4783
5.1309
0.6634
32.9680
55.5554
40.5113
14.3066
-8.3983
-17.2902
-18.7372
-9.1442
8.8779
22.8986
33.2225
40.6300
49.1537
50.2702
47.1077
63.6124
74.2768
67.1614
49.3735
34.4881
28.2954
27.3330
27.7870
14.7630
25.5240
35.6329
32.8279
48.4872
58.6900
55.1030
47.0551
36.5820
32.2967
35.2994
37.0410
37.8569
32.4771
13.5697
5.8931
20.2888
38.5961
48.9314
44.2463
31.3159
12.4776
0.0147
-6.3858
-6.7384
-0.1920
5.5798
14.0052
41.5522
47.5761
38.9017
30.9399
36.3823
39.0089
43.9131
52.0900
43.9861
42.8925
66.8199
82.0372
71.3389
28.4828
-6.0568
-17.8676
-6.3388
4.8011
17.2218
32.7996
34.7319
32.8045
24.6976
31.1697
43.5595
41.6981
21.9296
15.2339
12.8530
27.3156
41.5089
56.7083
82.5697
89.8376
83.8748
68.2827
48.1379
31.0151
33.3604
21.1812
6.3098
16.3551
34.4880
47.8479
58.0480
64.0956
66.5131
65.8143
63.0188
61.4317
61.9972
56.9038
31.6030
11.7399
21.9848
44.2199
50.9057
27.7498
13.9987
9.3070
5.8677
-18.4295
-27.9920
-32.4478
-21.8058
2.7925
13.2251
10.9657
4.5770
3.4518
13.5593
34.0407
46.7359
48.0116
45.4441
41.0207
36.3968
39.6817
39.2708
30.8715
43.7443
56.5727
59.4732
52.2777
32.4097
19.7108
9.3120
9.6460
21.0254
20.8652
37.2482
49.8917
52.1290
48.1286
6.6293
-14.5508
-25.5563
-36.0210
-20.6461
-6.6745
7.7792
18.1384
25.5269
36.8260
43.6172
46.6728
53.4559
57.2272
57.6378
54.7360
43.0030
28.9138
21.2737
15.5226
11.5424
-9.9405
-0.5940
11.2401
0.3550
-7.8596
-5.0826
-1.8723
-1.2597
2.4009
2.4335
3.6082
7.7052
17.2659
23.7694
21.2501
23.8279
30.4856
38.6124
45.4111
43.8021
38.7093
37.3218
47.6403
52.7859
46.1283
45.2707
46.3646
44.0287
43.1934
36.0508
24.7503
11.4222
11.3727
22.1891
30.4926
22.9321
14.9946
11.9037
9.3160
7.4590
6.9205
5.8235
6.6155
5.6673
3.9398
5.1836
6.5541
7.1122
13.1120
11.7938
7.2154
5.3099
5.5904
6.7658
8.0035
7.9677
4.1426
3.9253
5.5190
5.4830
9.3599
17.8658
9.4106
14.2339
16.9560
14.2250
23.6621
19.8704
12.6410
6.8956
7.4410
11.7816
15.4003
15.9874
10.8453
-14.5168
-28.2166
-25.2364
-9.5199
3.6793
6.9432
5.7091
5.5263
4.7910
5.6749
6.2668
5.6476
4.7239
4.6824
7.6119
6.9449
-35.4810
-43.9398
-38.1367
-30.4204
-26.2848
-20.6825
-19.5936
-30.1621
-44.0458
-42.9088
-29.6578
-6.8764
30.0879
41.0989
37.8549
25.0523
16.4314
11.1068
6.9231
11.7908
20.5663
19.6308
7.0544
3.0687

Coefficient 5:
0.0000
11.3562
13.1320
16.5160
18.7314
13.8534
6.2716
-4.8699
-8.9583
-7.7415
1.2770
6.6539
9.4911
11.5643
8.0125
7.9620
8.2500
7.7104
5.1365
5.7673
9.8046
14.2366
11.3162
11.5604
13.9428
20.7719
21.2098
24.2379
24.1240
19.7547
14.6883
7.8003
7.8084
19.4876
26.6544
29.7429
28.3595
26.0655
26.4284
20.8592
16.0650
14.2022
8.3697
-2.8815
-6.7420
-6.7990
-2.3231
4.7181
8.8986
13.8429
23.8250
26.0532
14.5386
12.0401
14.5618
14.6781
9.2427
10.9511
16.8988
17.5962
11.8124
10.5112
10.5381
-0.4934
-7.0372
-1.8660
5.7355
3.8463
1.4999
-1.4393
1.2871
4.6258
14.7418
14.4775
2.3896
-12.3235
-15.1431
-21.1452
-29.0137
-14.6985
6.3554
7.2250
3.1856
0.8979
2.7588
0.7583
0.2096
1.7135
-3.0766
4.7601
11.4959
11.0771
9.6071
10.4908
12.6232
14.7227
18.3616
23.6618
19.6340
-1.6720
-7.2545
-4.2495
1.1113
11.0867
16.2765
17.6827
12.2543
6.2811
3.2451
11.6552
20.9963
15.8571
17.0037
13.3499
8.3544
6.6664
7.4187
9.7440
3.9359
3.2592
4.0888
0.7527
-2.2153
-2.1518
3.8536
9.6974
10.4333
2.7489
0.9630
8.9803
8.6425
6.1015
9.7767
17.0289
25.3340
30.9342
34.3571
32.4498
23.8480
15.4893
2.0260
-19.6470
-16.5107
-1.4668
5.7223
6.7771
10.0248
8.9160
16.2511
16.9340
10.9748
15.0077
26.4560
28.4098
24.4026
29.2100
46.3183
49.7718
6.8839
-17.9452
-11.2984
-1.3043
-3.6014
-4.6652
-0.9466
4.3581
5.6113
7.2848
3.1452
-15.4598
-20.1016
-18.5860
-15.9626
-15.3469
-11.3964
-4.8913
-6.3334
-11.4203
-8.3260
0.7262
5.6174
12.2163
12.3569
10.2814
18.3457
25.1494
26.1651
16.9269
6.0960
5.0708
4.2033
-2.9668
-3.2758
2.3990
0.2643
5.0031
10.0064
10.8695
-4.1369
11.4410
14.7143
16.7954
19.7283
19.8487
16.1894
11.5400
8.2854
10.9339
12.8451
20.1249
20.3919
20.6272
16.7389
22.4787
32.6165
24.2842
12.0021
4.8063
-1.2310
-0.9349
-0.1239
5.1190
4.5857
-8.8667
-20.2516
-23.3557
-21.1000
-28.3356
-15.8125
1.4409
7.4534
1.6971
-8.3197
-13.1473
-19.6110
-7.7494
3.4861
11.9994
13.4647
13.6548
16.1089
17.3826
16.6274
14.2664
17.2251
19.4604
27.5776
30.7637
19.7315
8.4737
5.4862
-0.9998
-1.0252
3.7689
2.6403
-3.4512
2.4542
6.6618
5.9080
4.4537
8.6233
5.1841
6.2498
9.8191
14.7689
20.6108
15.0949
12.2281
16.9080
8.3158
4.4338
8.2349
10.1938
12.5723
15.7893
4.4306
-14.2905
-23.9798
-20.1707
-27.5911
-39.2880
-41.8923
-34.4144
-27.4528
-21.3471
-11.6429
-8.6671
-4.3823
6.3482
15.0419
31.8532
34.4820
28.0745
28.7298
35.0517
20.4010
8.7316
7.1016
10.8793
23.6615
27.8916
29.9866
9.2528
-3.7143
-5.6694
-7.3554
-3.6261
-5.6635
-4.0492
7.0966
7.9610
-1.8842
-4.4335
4.9129
14.0278
8.2328
8.4293
1.4265
-0.7130
1.7158
-3.8570
-7.5876
-10.4522
-7.9403
-0.5426
7.8001
15.2089
12.7160
6.6394
12.0762
12.4266
6.5581
10.4094
10.5703
10.0008
9.1417
6.8837
6.7881
12.8846
12.4884
14.8284
9.0769
12.8564
17.6926
17.0127
16.1732
21.6293
26.3635
24.4914
3.7638
-11.4777
-7.8960
-3.1338
2.6593
9.5883
10.7210
12.7370
15.3117
15.8704
20.3834
17.3235
12.4398
6.4497
6.6981
-0.0219
-9.4128
-17.1186
-23.1585
-30.7221
-37.6664
-22.8400
0.7165
7.2646
5.1158
0.5300
0.5303
-12.0794
-16.4025
-10.5490
-6.9201
-6.0707
-4.9778
-4.5539
-7.9451
-11.1911
-11.9638
-12.4786
-14.7212
-7.5749
7.1016
6.6913
-6.7323
-11.7636
-9.7569
-8.7256
-12.0980
-12.9912
-11.1650
-12.6175
-16.8878
-16.7927
-15.0212
-11.5357
-16.3221
-23.4886
-29.2499
-28.3758
-19.7686
-13.1763
-7.5459
-13.7406
-4.2158
9.8187
19.3572
18.1364
11.6829
2.4554
0.5800
2.7154
9.0596
15.4365
14.8545
12.1365
10.5178
5.1106
-6.5500
-8.1798
-7.3680
-7.8367
-11.9660
-8.6259
-5.5874
-3.4639
-5.5855
0.4310
3.2549
-4.0392
-9.8430
-8.1954
-11.2689
-22.5984
-22.9520
-15.4791
-28.9323
-32.2952
-16.2257
-10.2018
-8.8124
-11.2951
-11.6077
-12.0369
-15.4877
-20.6575
-16.8199
-9.9833
-6.0413
-0.8083
-2.1386
-6.3800
-6.0661
-7.0905
-13.0793
-11.9453
-0.3605
4.9823
8.6203
14.7879
12.5318
7.8922
14.9018
19.3436
23.4712
20.3889
13.7853
11.2643
2.8894
-3.3862
-3.7500
-1.8748
2.7660
3.9251
-0.2007
1.4050
4.3354
7.8684
11.1921
17.7756
16.5203
14.7876
14.4003
12.9008
5.4681
8.3809
15.6542
28.4928
32.5760
19.4627
-0.0704
-6.7088
-9.4419
-14.7354
-9.8109
6.7391
13.2467
13.0048
14.9244
13.4518
0.7685
-3.6215
3.9807
6.8907
0.8813
1.0658
1.5308
1.2440
-3.1701
-16.9972
-33.8618
-35.9119
-36.9632
-30.8519
-17.8856
-6.1459
2.9561
-4.5702
-16.1883
-19.0276
-23.2451
-21.6320
-18.0383
-12.1654
-9.8055
-12.8436
-14.6961
-11.6295
-8.9326
-5.4376
0.1416
-2.7615
-6.5771
-3.6215
-3.7101
-7.8280
-10.0671
-3.6910
2.5605
5.9609
4.4042
16.7862
18.5324
14.5510
21.4622
29.0716
30.6408
32.4275
38.4284
31.2226
33.8035
26.7151
25.9174
31.7047
32.8657
25.3193
17.8243
19.3297
19.3176
21.7507
21.8925
26.2167
36.0795
30.9912
31.8901
38.2339
31.7993
31.6207
32.3306
18.4452
10.7964
9.1896
12.8490
-4.0361
-10.0719
7.1462
15.8459
19.6626
18.8809
11.5265
15.2917
17.9390
18.0145
17.3595
17.0389
21.7233
37.3350
45.4684
45.6895
40.0690
32.4174
31.0919
31.9780
29.1742
14.9032
1.7545
1.5060
5.0731
0.8375
-0.9807
-1.9614
16.2517
31.1510
26.1005
18.4567
14.2859
13.8503
11.8087
15.7000
34.8465
47.2260
47.9355
37.1260
17.3385
8.7036
11.8656
18.1233
18.9460
16.9115
15.2154
17.2373
13.5773
14.7187
11.1359
8.6962
7.6822
6.8236
3.2054
-2.6399
1.0102
3.1385
3.1194
3.0743
10.8744
3.5779
-16.2631
-15.7528
-11.8349
-6.4038
1.4536
13.4299
23.4118
31.0506
11.7580
4.9351
3.6939
2.2026
8.2367
16.2745
8.5522
-5.7133
-19.0513
-17.0409
-3.0484
6.6870
16.6063
22.4291
40.0162
50.0512
50.9065
45.8039
40.3199
35.1039
29.1322
23.6309
27.5393
29.7685
25.7917
21.5369
18.9763
22.9037
23.6489
45.3027
65.2131
75.7558
69.5307
49.1742
39.4447
42.1089
39.2637
35.6696
22.7968
13.9564
4.2733
6.9629
5.7449
-5.0704
-20.3514
-28.8242
-26.1211
-18.2431
-7.9890
2.4338
10.9626
11.9009
-6.8123
-25.2853
-19.8479
-12.3904
-4.4405
-1.9034
-0.3743
1.5857
2.6126
-0.1692
-8.4324
1.1928
0.8153
-10.9815
-13.7557
-5.8153
1.8389
1.0327
-9.7943
-10.2157
-0.6509
8.0756
20.4752
2.9438
-4.2696
-3.9171
-12.0652
-9.1417
-4.1492
-4.9375
-7.9397
-9.9843
-16.3844
-16.2866
-16.8836
-8.1384
1.7236
18.9640
28.7155
32.3669
37.1675
36.2235
45.8476
56.8642
60.9614
62.3943
68.9912
78.1533
73.2689
63.3428
53.0708
40.5719
36.8148
32.5764
25.1915
17.0042
8.8026
9.6051
8.9085
19.4030
27.8145
33.9375
30.3134
25.3950
26.6291
26.8242
24.9484
21.0003
18.7057
25.6196
19.4149
9.2020
5.3705
6.4889
12.3071
16.8412
14.0829
20.0070
30.8483
40.7832
35.0838
23.1735
4.9672
1.0578
-15.7148
-15.8279
-9.2239
0.3947
3.3650
-0.1765
-6.5995
-6.5151
-3.7739
1.4810
7.2675
18.6023
30.4777
34.3773
34.7900
27.5362
20.6022
21.9497
26.1684
30.8835
28.9319
20.9841
9.5178
-4.0952
-9.1795
-5.1131
0.4412
14.6492
24.3119
37.3511
26.3312
9.2020
-5.6208
-3.9915
-6.6509
-2.6145
10.3693
5.9093
2.2150
-1.3241
22.1040
32.1637
28.4136
26.5798
29.4867
35.7311
39.8650
31.8080
30.0624
43.6561
44.1926
43.6264
35.1137
24.3066
15.6409
11.0668
8.9842
19.0256
28.2357
25.3625
21.2346
21.6392
24.6374
15.3119
5.1154
0.3578
1.9800
-0.6410
1.8651
0.8803
-0.9264
-2.2557
2.2843
3.6935
1.2928
-0.6800
3.4461
13.3189
16.2161
15.4215
10.3913
0.5299
-1.6996
-0.7720
-2.0639
-0.0906
5.6938
6.4532
4.8385
5.4419
13.1806
22.0131
30.8366
22.1257
17.5982
19.4876
21.7302
26.0455
23.6586
13.9800
3.9634
-0.9023
0.6734
6.7903
-3.2354
-19.1769
-31.6506
-35.5842
-34.2122
-21.8465
-10.7977
-6.9437
-13.4224
-23.2859
-20.2934
-12.0492
-6.8172
4.5909
7.5977
8.9487
14.3558
19.8366
29.6590
28.5672
22.0017
13.8625
7.9643
-2.5067
-0.3358
0.2126
2.4851
15.9243
16.3723
5.9197
-6.2912
-9.9913
-4.7857
0.2585
1.3824
-2.8041
-6.8468
-2.7778
2.1444
3.6614
3.3550
8.6812
10.5434
11.4681
10.3092
10.3868
12.2349
9.5910
9.3731
10.7189
10.3179
7.6767
8.5635
11.7076
11.6067
9.8631
9.9945
9.3848
6.9463
5.7437
9.7584
12.7744
11.2472
8.4127
6.0181
12.2069
15.5215
12.5686
11.1904
11.1271
7.4907
11.5505
20.5435
18.7592
18.5955
18.8470
18.5364
21.7346
30.9218
36.0345
18.3951
10.3951
12.8958
5.9446
-3.7235
-10.1525
-10.9768
1.3891
17.6669
25.4790
28.1040
44.6861
58.4541
21.8456
2.6790
-6.5872
-8.9475
0.0892
-3.0510
0.4824
-2.3570
12.5087
11.3898
7.8627
12.3474
10.4580
7.2296
5.4628
7.1298
15.2121
21.7875
20.4155
20.1505
16.3670
12.6023
23.9796
24.2796
19.9726
15.5544
13.8082
16.9947
6.6391
-0.0785
-1.1920
-11.2955
-14.5265
-20.8878
-26.3907
-18.5934
-7.9554
10.4206
21.6911
19.9438
18.2720
17.0650
15.8075
28.8116
32.4783
25.4540
17.5740
13.4897
37.1153
48.8798
48.4103
49.0535
43.5349
36.0319
27.1239
30.0419
36.0540
45.9822
49.5363
44.5187
43.8438
49.2805
29.2094
15.2107
16.7961
23.7044
33.7681
44.9655
41.5190
40.0991
38.5757
43.5578
50.6482
43.6568
35.0058
41.7423
42.1596
41.2684
37.3269
25.3174
19.7140
26.7742
24.4385
21.7742
16.2522
11.1582
9.5783
27.2379
23.7354
24.0655
27.5508
25.4967
29.0649
32.3389
23.6884
10.1183
-1.8220
-9.3429
-15.3791
-10.9066
0.8863
11.0840
26.1007
42.8840
46.6624
45.0385
40.0682
37.2812
32.9210
26.0719
20.1614
16.0026
9.9032
5.6118
-9.8772
-24.2836
-18.7788
-11.6886
-5.5797
2.2485
4.0957
-1.9119
-9.0701
-1.3227
13.2191
27.9295
38.8148
28.3143
10.2631
-7.9177
1.4428
11.6595
9.6888
9.8820
10.2693
3.0854
7.4503
19.5029
19.0766
17.0320
14.0025
7.7790
13.6348
18.6585
17.3366
17.9725
18.1324
33.6386
32.9511
14.7118
9.8819
18.8256
21.3701
24.1510
31.5996
42.4612
45.1088
40.1791
27.1953
15.5223
13.9904
17.2856
25.4279
16.6086
6.9060
-4.6445
-5.2250
-4.1742
-8.5982
-5.2242
-4.7551
-6.3084
0.6831
4.7819
12.5231
2.9873
-19.9971
-30.9618
-27.4992
-30.5435
-31.9548
-26.7074
-24.6698
0.7189
8.4785
6.4547
9.7898
24.8811
35.9571
49.3134
54.6494
44.7390
37.1519
14.7446
4.9189
3.4387
6.0746
10.5542
21.2723
14.1151
5.3438
1.1959
2.1760
9.4661
14.3892
17.5067
16.8054
15.8561
10.9972
8.1544
8.0421
7.9187
5.5647
7.6156
3.9055
5.3053
16.2221
23.2767
26.8764
17.0825
3.6480
-12.7458
-12.0203
-11.7971
-14.0987
-20.2299
-23.0000
-17.0121
18.8057
35.7966
40.8909
34.3549
29.6447
37.7765
43.6235
39.4658
27.5183
22.2897
10.4992
0.5675
-6.0075
-8.4295
-17.2573
-23.5185
-19.9692
-18.7524
-11.2385
-11.5777
4.1508
9.2699
-7.0128
-13.0755
-17.0395
-20.5106
-16.9769
-22.9987
-27.7216
-20.0913
-11.4521
-8.5800
-6.0908
-3.4600
-4.0506
-1.4242
7.2974
17.8294
15.9234
17.1767
18.1192
15.3074
9.1564
4.5120
7.1367
19.0603
26.4348
22.2524
5.0897
-0.5772
32.0609
44.9636
39.7527
33.5654
29.1836
22.1983
25.8952
20.2800
10.1004
3.6080
9.1049
10.4887
10.9679
10.2936
8.3981
4.2805
13.1856
18.2753
20.8147
24.8685
25.9998
25.4957
24.3412
16.7746
12.6410
15.6447
19.3627
20.6778
16.1819
13.5410
12.1004
14.7693
17.2180
20.5086
17.0047
14.5690
11.5463
-1.4356
-11.1858
-9.3010
-10.3863
-3.6084
8.9706
13.5395
12.8262
5.0077
7.2283
7.3546
1.2590
6.8808
10.5087
15.8840
23.8180
22.0248
19.5318
23.2530
28.2940
30.7710
34.0988
10.8420
-1.9427
0.6772
4.5358
6.2488
7.1224
8.6479
-3.7572
-20.2183
-27.5036
-30.2192
-22.4214
-1.4238
10.4694
24.5230
25.0951
21.9686
31.9965
37.1418
32.7181
26.6102
27.0688
34.7865
39.4349
35.8295
22.9679
19.6276
21.8102
30.6517
29.1844
16.2114
15.9743
20.4012
21.3997
42.1065
44.0571
47.3541
36.4628
24.5005
24.4971
25.7382
21.7767
17.7419
16.0156
19.7394
22.6426
35.5866
37.2234
39.4543
39.8504
33.8828
32.3331
28.5637
30.5689
36.0741
28.9716
23.6191
23.8478
34.6271
52.3764
56.9908
54.2562
47.3179
37.7916
29.4637
24.9763
23.7911
27.1537
30.0883
35.4143
29.4676
17.3496
11.0040
11.1125
23.2222
34.4604
42.3185
32.1600
24.6909
6.2992
-11.1543
-8.5963
-1.6227
4.2642
7.2602
14.0169
22.0171
24.3724
33.1425
27.3589
17.3357
20.6797
37.6052
34.6473
23.3022
15.0683
6.8643
8.6493
15.7358
18.4457
21.3169
11.6762
3.5227
-5.5489
-3.0970
1.8946
7.5656
13.2593
24.1083
23.0494
20.5653
19.1879
25.4263
23.6263
11.6551
8.7545
8.4555
11.8790
15.1901
15.4572
16.9657
21.3373
19.2802
11.2182
27.7868
12.8273
4.0789
2.2768
4.8419
7.8854
11.9324
15.2570
21.0034
15.4619
24.1235
32.8981
40.3938
30.3791
5.9442
-13.4951
-14.0343
2.2098
13.9835
11.0691
6.0987
18.0177
24.2565
9.7043
2.6052
-5.7814
3.5377
5.3214
3.9369
-4.2138
-11.0669
-12.8739
-9.4722
5.4375
-4.3391
-9.1652
-10.7174
-1.2818
-3.5632
3.1480
15.4364
23.5211
24.9284
18.8919
12.4222
10.3711
8.7678
5.8737
9.8912
22.0434
22.8412
21.2025
18.0456
10.8963
5.5321
10.7299
20.4010
19.2295
19.2510
17.1341
13.9672
18.9051
10.5386
3.6890
2.2770
10.4103
16.9527
22.4761
23.9804
22.1386
26.2339
25.4781
23.0464
22.3442
11.5867
3.4937
0.0847
-0.5262
5.4102
2.6236
9.5601
13.3803
13.0312
25.3949
34.1075
35.7146
27.6633
22.4323
23.1199
13.0879
5.4272
8.6878
19.7539
33.7832
39.7416
35.9055
34.1894
47.4566
54.4551
47.0104
32.9968
9.7180
-0.4710
7.6848
16.9655
22.7815
21.0189
10.6351
12.9239
27.4137
29.6915
29.4225
23.9567
26.5053
22.5573
20.5956
20.8344
8.3869
2.8746
0.3216
2.3744
0.7204
15.4347
24.9982
34.9662
36.7967
27.9360
24.4174
13.6524
1.7472
-2.1592
5.1111
9.2655
0.6698
5.7239
6.2043
8.1733
14.6314
22.0293
25.9513
23.2149
27.8239
32.7029
27.7024
22.4808
13.9466
11.9355
15.1212
14.6841
15.2178
13.4041
24.5933
33.0692
36.5866
41.1579
58.7273
60.0497
58.7447
51.5473
43.1031
52.0957
53.6069
53.1392
51.9085
52.1255
46.0822
38.5096
35.9483
28.3944
24.9605
29.8371
27.5633
20.4160
14.8734
4.6801
-2.1444
4.9630
7.4111
10.8456
7.3895
4.0435
11.8569
17.4054
19.1053
24.0601
21.4764
21.5792
17.4797
17.4595
21.2679
26.2000
26.0418
25.0737
30.5158
29.7373
23.6290
21.3570
25.3722
26.7090
26.5402
28.3346
24.6632
21.5482
19.7400
11.2021
3.5307
1.6867
-2.4602
-0.9638
2.9292
0.4365
3.9927
7.9241
8.9149
8.5448
6.9541
6.4854
5.3948
5.9233
5.2825
3.6806
4.8415
6.1278
6.7390
12.9852
16.2072
12.8677
10.3799
8.3660
6.4553
7.4777
5.8841
1.3449
0.4287
2.2639
1.8032
4.7587
9.8017
31.0595
27.8286
21.1041
22.8543
25.1952
16.6891
11.3639
6.3395
6.5208
10.5082
14.2287
11.0440
8.5655
9.0544
3.7075
-2.4932
-7.0199
-0.0951
5.9576
4.8477
4.6032
4.4004
5.2534
5.8350
5.1385
4.2607
4.3071
6.5652
-5.5406
28.8209
47.1947
59.4763
64.5204
26.4914
11.1862
15.6808
21.6549
7.9162
-0.7579
-1.4889
4.1613
23.7877
19.2393
20.1665
19.2692
15.7504
18.3994
12.3457
15.3404
21.1052
20.8602
18.2715
9.3357

Coefficient 6:
0.0000
8.0616
6.7722
10.8314
12.2521
8.4593
1.7219
-8.9477
-10.9221
-7.5890
4.6722
15.8163
17.9599
16.6852
10.1133
6.8757
5.5281
4.8458
2.2667
3.4928
7.2296
10.3241
9.2604
8.9203
10.4250
25.8097
31.7111
29.7915
19.9439
10.5107
9.5869
6.6340
6.4682
16.2281
21.6219
21.0921
17.5663
18.3232
20.4014
17.8246
14.4792
8.9964
-0.8956
-8.2713
-13.6047
-13.2800
-10.4244
-6.7662
-3.0180
-5.8521
6.6903
20.1714
4.4046
-11.2024
-11.2376
-7.7061
-9.2945
-9.6436
-8.1809
-1.5525
-9.0080
-11.3250
-7.5956
-6.0229
-3.2632
0.7419
-3.9558
-8.9851
-6.0548
-6.8626
-3.4458
4.1843
5.5539
10.7229
20.4693
19.8076
16.2378
-10.4462
-15.2204
-4.8450
-5.2945
-9.9173
-12.9340
-10.7197
-0.4877
4.8810
1.5598
-1.4116
-4.2959
0.7566
8.6701
8.5013
3.3393
4.0210
1.2472
7.4739
14.1245
21.4205
21.6807
1.0657
-3.1029
2.9777
15.4242
18.4211
15.2916
15.8811
2.4846
-1.0029
4.5956
5.2731
-2.4435
-13.9657
-23.6907
-25.4958
-26.6723
-24.1454
-23.2615
-24.7365
-21.7755
-23.6334
-19.0590
-7.9466
-4.5138
-6.0120
-6.0481
-5.4173
-11.3309
-27.5854
-27.0188
-23.4836
-27.6177
-29.2431
-26.5888
-28.8913
-28.7873
-29.1379
-23.5703
-2.0866
8.3169
10.2880
3.5190
-8.1417
-7.5026
-6.6533
5.6870
12.5448
13.0997
9.0333
0.6949
11.8821
11.9160
7.5226
13.0045
5.8696
-5.0087
-4.2548
6.1772
11.1653
-10.1191
-7.7835
0.4703
7.5289
5.2154
-3.0267
-1.9279
-0.2240
-0.9307
4.6455
4.8953
-1.0856
-2.1014
-3.9304
-3.0091
-3.2595
-3.7954
-8.3078
-6.4007
-15.2638
-15.7365
-10.5706
-13.8786
-21.5655
-17.4161
-5.5778
-25.5552
-51.8729
-62.2291
-55.9659
-47.5318
-40.6409
-36.4576
-32.9086
-27.9706
-25.0077
-14.6768
0.8043
6.8151
5.8722
-23.7985
-17.2735
-10.3109
-7.9909
-5.8745
-5.3979
-15.1821
-20.8870
-23.1330
-21.8731
-34.4304
-38.2933
-35.8602
-28.7550
-22.9506
-20.0507
-19.8607
-17.2483
-21.6719
-23.6885
-25.4698
-22.2867
-18.6572
-15.3334
-9.2250
-21.7692
-17.8135
-8.0148
-0.4555
-4.6849
-6.3284
-2.8876
3.0615
4.5733
4.7506
0.5929
-5.8674
1.1900
1.1385
-14.0940
-24.4975
-31.0565
-31.7242
-27.6689
-23.8510
-13.2992
-5.4216
4.6436
7.3890
9.2147
5.8452
4.3712
2.2827
-7.7389
-20.3032
-27.9095
-26.2141
-15.8605
-3.9165
3.1127
3.4397
3.7633
0.6357
-41.3015
-54.3683
-56.6122
-48.5267
-35.1129
-20.0419
-19.2767
-25.5198
-38.9455
-51.1455
-53.4576
-49.8153
-41.3002
-27.6994
-16.9878
-13.9254
-11.3209
-5.9597
-6.7099
-8.9842
-11.4210
-15.2798
-9.3519
-5.4901
7.6439
16.5104
18.4155
19.0638
16.7856
16.4267
13.2936
7.2330
4.7959
6.3520
12.8156
6.6791
6.3854
0.7070
-10.5583
-18.5401
-17.1707
16.7547
19.4566
26.6952
22.1169
8.2469
2.3838
4.7959
-1.2356
-27.6376
-44.6930
-45.8064
-37.6620
-36.4197
-45.1268
-48.5308
-49.4467
-53.4888
-53.6599
-50.6259
-39.4598
-28.7246
-27.6615
-21.7753
-11.5842
-0.3414
12.9772
17.3339
14.9098
10.6292
5.3838
8.5990
12.0838
9.2818
7.3532
6.1541
3.3141
-5.5831
15.2475
21.9944
22.8136
21.3177
19.1042
12.4835
14.2668
19.9496
19.9423
20.1131
10.8336
0.0253
5.2746
8.0597
7.3776
6.7414
7.5421
4.4342
1.0734
6.2372
8.8365
3.0539
-2.4022
-8.3510
-8.1041
-6.1444
-5.5426
-6.6463
0.5260
13.9352
15.4804
1.2192
-8.0082
-12.3965
-13.6822
-11.8705
1.3968
11.5228
13.9633
12.3200
-0.7105
-5.8977
-5.1444
-15.3227
-17.7790
-16.8786
-17.8969
-22.4667
-38.2916
-42.3006
-38.4571
-24.0529
-12.7968
-16.2572
-14.9690
-10.1451
-11.4489
-13.3602
-15.2083
-17.1001
-12.3269
1.3335
-10.9015
-20.4581
-26.1211
-26.5526
-24.8121
-18.2529
-11.6695
-10.5460
-14.7772
-15.4278
-6.1718
-16.6489
-22.3212
-19.4193
-16.3680
-1.6302
0.9932
-12.6430
-22.3426
-12.5625
-6.1879
-9.0443
-12.9014
-9.1119
-0.0697
-4.6498
-6.9428
-10.1558
-8.1921
-4.8998
-6.5150
-3.1868
-1.1881
-4.8107
-7.5770
-2.0867
-3.0702
-11.2884
-16.8987
-30.2387
-37.1315
-37.5575
-26.5565
-19.8511
-12.3965
-13.9869
-17.5316
-18.1803
-11.8435
-12.6141
-13.1989
-13.9862
-10.6502
-9.7897
-5.8819
2.6374
1.2819
-3.9216
-3.4400
-10.4419
-21.2228
-16.3869
-6.1699
-5.9950
-5.6188
4.1909
8.2324
4.2846
11.8583
12.0297
7.8104
-2.9302
-1.7267
-0.8061
-2.2699
-5.8361
-5.8516
-3.6905
-0.5441
-2.0609
-11.4098
-12.6620
-7.1582
1.5228
12.3531
13.9064
15.7834
18.3858
24.4352
20.7643
2.8254
-8.3123
-3.7770
-5.4276
-9.3051
-4.3350
-2.8005
-7.1609
-4.5739
1.5137
0.6351
-18.9960
-30.9375
-35.8926
-31.7030
-17.2822
-20.3908
-31.4154
-31.3497
-41.9139
-51.1045
-50.8852
-45.2209
-43.2351
-38.3618
-17.2167
-2.6886
-4.3707
-9.7698
-2.6901
10.2321
19.3951
13.0365
-2.1083
-6.0895
-10.9299
-18.8109
-20.9595
-19.1193
-19.0507
-21.3027
-17.5223
-6.6995
-0.8477
-8.9980
-26.3488
-28.7993
-21.2909
-16.1671
-12.0462
-18.1705
-22.6919
-21.8411
-20.8242
-19.8228
-13.0243
-6.2751
1.0609
0.8096
-3.5515
-0.5687
3.1600
-1.2253
-3.6680
2.0781
-1.2860
-3.7769
-2.4284
6.3012
10.9880
4.0398
5.5076
4.8004
3.2546
7.0443
10.4446
2.6222
-9.7533
-20.2360
-15.4919
-20.8097
-24.6064
-17.0890
-13.2227
-10.1472
-16.7538
-13.3603
-2.7910
1.3535
-12.4139
-12.3359
-8.2151
-7.6938
-11.6993
-15.2100
-9.7099
-10.6859
-8.4176
-6.4306
-8.5931
-7.4961
-7.1660
-8.5352
2.6114
24.7255
43.3908
48.2670
37.8352
14.3038
-4.5994
-30.3125
-49.5500
-54.5669
-54.7167
-44.2398
-31.0645
-25.1746
0.5048
24.7635
28.4498
22.9716
18.6407
9.8067
7.8391
3.9836
-20.7850
-29.6495
-38.3630
-43.8848
-41.0897
-37.0560
-29.7395
-18.5180
-4.1966
4.3202
16.5915
24.4317
25.6986
34.2464
36.9646
28.4307
15.2457
2.8158
-5.0198
-16.6837
-20.0280
-21.1377
-16.1671
-1.4812
10.2114
6.7983
1.9353
0.9772
-0.3848
-0.6339
6.2007
-4.6601
-18.9752
-29.0592
-52.7375
-42.0854
-23.7676
-9.9813
3.1405
4.7888
1.3505
-0.1479
-4.7955
1.7438
11.4500
14.1435
2.7220
-6.2665
-13.7566
-8.6305
-7.4656
-7.4249
-8.5838
-18.2768
-13.7753
1.9119
8.7371
9.2523
4.3533
2.3604
-2.8836
-4.5065
-16.9534
-38.6256
-50.0915
-42.7191
-27.7141
-35.9909
-41.5263
-33.2644
-22.2781
-5.9211
11.8666
18.3654
-8.7285
-4.3860
13.6850
19.6313
3.4010
-11.6843
-30.6055
-40.9402
-38.8181
-25.8952
-5.2253
7.4495
-1.4153
-14.8245
-9.1563
-4.6107
-1.2081
2.7417
1.4542
-0.5892
0.1822
0.4635
-22.6225
-43.9313
-42.9179
-35.2084
-22.6132
-11.0024
-9.4075
0.0720
0.7995
-3.7190
1.0757
-1.1030
-13.4016
7.0806
18.5281
22.1863
11.8396
4.5532
6.2031
5.6867
-26.7437
-37.4455
-25.6447
-12.4731
-4.9026
-6.5722
-17.1136
-16.1138
-12.3954
-5.0866
7.1829
17.0500
-1.2379
-11.8325
-12.7808
-13.3411
-18.2098
-24.6293
-20.2716
-4.0369
13.0464
15.6286
15.4342
11.2305
2.5374
2.9738
4.2190
4.3617
4.6527
-4.2455
-15.7826
-18.3946
-13.1679
-4.7312
11.7204
18.7198
21.1462
18.4470
13.1676
7.5379
4.9384
-6.5587
-13.7833
-7.0080
3.5696
1.0613
-10.4904
-22.6063
-22.4745
-20.3875
-15.9919
-8.4776
-20.4787
-27.3424
-15.1984
-11.2566
-9.2638
-7.2007
-5.1571
-7.2603
-3.7245
3.6302
8.7493
11.5896
26.6263
27.6708
16.4756
-7.0022
-4.9636
3.6492
5.5985
6.1806
-6.6733
-19.8298
-10.7382
-2.5925
1.7301
-3.0301
-5.7176
-1.9281
-6.8740
-17.8908
-23.7006
-26.6892
-15.7347
-7.5453
-22.6574
-33.1142
-15.9413
5.5772
22.7306
25.1349
16.7853
-6.6202
-31.3239
-17.9656
6.3172
9.8164
8.4091
5.8070
5.9990
5.7992
-0.1506
-8.1860
4.8701
13.1470
-3.8496
-5.8796
-7.7574
-4.8673
5.5299
12.3280
16.3923
12.9206
7.0484
4.5691
6.4844
-1.3944
-7.9209
-9.1985
-9.0612
-8.8026
-9.1943
-16.5108
-18.2550
-13.1839
-4.3980
-1.5723
-7.3124
-7.8616
-0.6454
-0.9869
-2.2829
2.2335
2.4357
-3.4154
-6.2375
-7.4947
-6.7927
-5.8363
1.7961
5.2753
5.2967
6.5877
4.3304
-0.5938
4.4794
8.6698
3.6057
-1.3441
0.0465
-2.2662
-3.7998
13.8522
7.7454
3.4905
-1.9719
-0.5793
29.7402
43.0921
47.1223
53.9691
53.0082
38.5040
29.6071
24.6297
16.9825
11.3245
19.7074
29.5182
28.6377
15.7124
0.2325
-15.6629
-22.3380
-24.2493
-23.9507
-22.7848
-16.9333
-14.7291
-18.5613
0.8661
10.4901
16.8255
22.6145
27.3886
15.9924
7.1976
1.8309
-5.4690
-6.2973
-3.4563
6.6243
8.5295
6.8914
9.5169
10.0652
6.1694
3.0536
7.6255
9.5904
9.1958
7.0196
7.9410
9.8139
7.8525
7.5358
6.8568
7.2129
6.3119
7.3032
10.6966
10.6249
8.9322
8.7108
8.0530
6.1620
5.0809
8.8178
11.7568
9.9881
7.5083
4.8425
10.9506
14.3121
11.4545
3.0129
-2.9110
4.2926
10.3818
7.3418
6.8321
9.8070
11.9176
10.8710
4.7452
1.9087
3.6119
-8.1261
-19.0999
-7.2479
-3.1316
-4.9367
-0.2329
1.0309
1.8815
5.2923
10.8820
15.2673
34.9409
46.1209
28.0684
28.3719
26.9890
25.0703
22.3055
12.8037
-6.8693
-4.1700
7.3736
-6.4355
-8.1462
-7.1258
-10.1980
-10.7799
-11.8813
-16.2705
-18.4983
-23.6683
-27.6238
-26.9504
-22.0398
-16.2659
-11.7224
-19.9816
-24.4411
-19.1544
-17.8834
-25.8492
-20.5371
-14.3839
-16.7731
-28.5663
-32.1920
-28.8715
-20.8357
-5.6484
0.6750
9.1075
13.5033
16.7502
19.1217
19.2476
-18.9709
-35.5453
-42.7299
-43.5511
-38.7612
-40.1121
-54.5461
-51.3637
-43.5980
-37.2123
-28.9151
-19.6644
-6.5649
-4.7064
-1.0291
3.3860
6.5202
3.4465
-9.8792
-14.0840
0.4376
0.7398
-3.0724
-7.2183
-5.0197
-0.3053
-4.0364
-1.1732
-3.0984
-7.0857
-6.4068
-5.2286
-5.2925
-4.5643
6.7654
15.4782
18.4089
14.9711
14.5113
16.6276
19.8989
17.9014
6.7367
-6.3861
-6.9877
3.3991
14.8888
23.5488
29.2691
32.7292
30.6311
29.0658
24.0907
16.0995
2.3519
-3.5535
-2.5939
7.6665
14.1648
11.5521
1.1184
-7.1465
-16.5688
-14.2892
-14.8566
-12.0743
-1.5265
5.8599
11.7659
11.5019
8.0336
4.6513
28.1617
55.8274
62.3449
54.3983
44.4042
48.4526
58.0700
57.7489
41.0589
14.8943
0.5450
-1.8221
-2.1437
11.4531
11.1218
1.3926
-4.3477
-7.9987
-0.3896
3.0075
-6.8879
-16.7303
-11.5258
-5.7545
-10.9746
-7.7283
-6.3875
-34.7710
-52.3479
-50.3694
-31.0863
-14.9202
-14.0760
-25.1888
-19.2421
-8.0900
-3.8653
-1.4894
-1.6164
6.4682
7.2614
0.8261
-1.6750
-0.7701
6.7824
8.9490
6.6661
9.6725
10.9868
6.4141
1.0912
-13.6387
-19.6540
-22.4064
-25.1909
-24.8935
-28.7021
-24.0945
-15.8556
-9.7747
-9.1183
1.7946
24.3279
43.5108
48.6864
43.9685
42.7370
45.4982
28.7972
-13.5022
-29.5874
-33.0972
-39.5321
-44.3218
-45.9349
-45.1207
-26.8688
-23.0437
-17.0731
-18.2568
-18.9078
-18.7102
-15.5740
-17.1277
-34.0771
-48.6796
-41.4353
-28.2870
-18.7994
-11.1609
-6.2184
-0.3987
-3.7909
-4.3107
2.8954
3.0466
6.2411
7.3044
5.0726
3.6175
-9.3843
-20.2685
-20.1228
-17.0053
-18.4578
-16.3954
-26.9516
-47.6729
-49.9685
-46.9975
-40.4222
-30.8865
-26.6471
-16.5271
-32.2546
-39.3721
-43.6535
-56.2938
-60.8141
-48.6778
-34.8711
-26.9962
-20.1468
-19.5169
-25.9410
-8.8140
9.2227
14.0703
4.4550
-0.9989
-1.3843
0.0622
3.6390
-4.8637
7.9876
16.1428
7.4887
5.7154
0.6756
4.6173
24.6352
24.4912
0.1174
-8.9155
-11.8062
-5.3253
0.8615
-1.0845
-3.2284
-5.3460
-14.6733
-18.9591
-26.2269
-37.6610
-33.3775
-26.7028
-31.5393
-36.5725
-40.2407
-56.7931
-63.4176
-63.1584
-60.4000
-38.7987
-20.8338
-21.5985
-29.3543
-32.3545
-32.2414
-27.1083
-21.6018
-16.1309
-7.1159
-4.0299
-2.6120
-12.2477
-24.5613
-37.7475
-44.8698
-44.4500
-29.9388
-31.3830
-29.5058
-18.7476
-12.8982
-18.1500
-1.4464
2.9926
1.3160
-0.5297
-0.6236
-0.7357
6.5039
12.0484
11.3304
8.6834
5.1854
8.9091
4.3085
4.5107
12.1108
12.6786
12.1548
14.6135
6.3894
1.0194
4.0801
-6.9858
-15.4790
-12.6198
-11.8916
-15.2795
-10.1713
-7.5865
-1.5646
0.3878
1.2814
-5.4864
-4.5558
-7.2547
-12.8042
-12.1345
-10.8368
-8.1056
0.0250
15.2752
28.7136
33.7096
34.0756
27.4240
22.4883
11.9203
13.3847
13.6108
0.8860
-0.2385
11.7323
11.0875
2.8694
-9.8802
-16.2755
-9.5226
7.2020
18.3478
19.7986
17.4285
15.3643
10.9724
4.2123
8.2962
8.6372
-1.9920
-8.2717
-8.1435
-3.5640
-0.0422
-2.6603
-4.8210
2.8384
10.5147
-1.1672
-0.7112
-3.1755
-2.8060
-2.6169
1.0088
-1.6891
-3.0691
0.4386
-3.3488
9.8732
16.2101
3.6621
-3.4959
2.2063
5.2737
2.6422
0.9756
7.9057
5.9353
3.1523
-9.5084
-12.5825
0.2337
4.3191
-17.1486
-53.4521
-66.4881
-61.1475
-58.5879
-46.9727
-37.2400
-25.9491
-14.7747
-13.5318
-12.8675
-8.2777
-2.7629
3.4043
14.4799
27.9530
31.4807
11.4713
9.3147
11.8194
15.7946
13.2451
6.6109
9.3444
14.9307
13.9453
1.0529
8.2907
2.5686
-16.7108
-22.4566
-14.1741
2.0175
8.9516
10.9999
13.2533
0.2158
10.6974
15.1511
-13.5353
-10.7049
2.5184
15.4133
15.5777
8.2015
-7.2976
-17.1386
-16.5085
-6.2980
4.0267
9.2600
12.3939
7.6622
6.0769
3.5150
1.9108
1.0443
0.0814
2.0370
6.2610
6.2999
4.9799
2.2975
1.5064
-0.8954
-1.9947
-0.3236
-2.3044
1.8634
9.0498
16.1395
20.4251
-1.5739
-13.0962
-6.8122
2.2082
11.0698
12.7118
12.1838
10.7619
2.1364
-5.5438
-5.7899
-8.0978
-22.4982
-33.0884
-36.1521
-40.4826
-38.3442
-19.4027
-1.8757
-4.3335
-24.5812
-40.9296
-42.1975
-46.0787
-41.7720
-35.6721
-35.4448
-33.8257
-31.6176
-16.2269
-4.6092
-1.2985
-1.2410
0.3213
-7.6043
-10.5038
-7.6419
6.2283
14.9532
18.5294
5.9457
-3.9875
-4.1053
-9.0484
-3.9408
9.3440
26.9517
27.4120
20.8953
14.5716
11.2024
7.2369
-6.6427
-12.9516
-13.4384
-11.1948
-11.8420
-15.4090
-16.5629
-6.7748
-11.5765
-34.7414
-41.5200
-30.5764
-13.4559
0.4931
5.7932
3.0606
8.9811
4.0318
7.1869
4.2991
-10.7105
-19.5640
-30.0890
-27.1077
-8.8733
0.0888
9.4541
9.1599
-2.8637
-17.0589
-13.5810
-6.1015
2.6930
3.1209
5.2071
-2.7607
-0.1478
8.8238
16.8989
5.0781
-15.4301
-27.8507
-39.0402
-39.4555
-36.3841
-29.3224
-21.9844
-28.2256
-34.3071
-33.2833
-29.2232
-31.9225
-24.7449
-19.0874
-19.3615
-54.6107
-46.7009
-29.4483
-13.8069
-8.2901
-24.6696
-31.1883
-26.7575
-26.0714
-30.9749
-26.8245
-12.5930
4.2042
18.7283
24.4185
10.5647
-15.6376
-30.9401
-28.1736
-14.5231
-2.8650
5.5947
12.4577
15.0477
0.9330
-9.5029
-17.9699
-12.7271
-3.3697
-9.0251
-3.7827
-0.1594
2.8069
5.9363
11.6539
16.6189
16.9214
13.2738
2.3058
5.9687
12.0818
15.4383
-12.4492
-12.8130
-7.4125
-5.3653
-2.2836
-2.6183
-8.2081
-15.1012
-13.0988
-15.9305
-15.5445
-1.3168
9.7073
12.5641
10.6042
-4.1402
-15.2559
-23.6432
-37.4560
-43.0118
-24.4417
-14.7899
-1.6727
-0.1424
-0.1869
2.2348
0.9032
5.8269
8.9086
2.7639
1.8135
5.1246
0.1586
-1.2435
4.9690
2.4749
-0.0938
0.5139
4.4967
5.5128
8.3640
12.3304
5.1553
0.6874
10.5726
17.8773
6.0369
2.2384
-1.8971
-6.3361
-11.3622
-21.2580
-11.8717
1.2463
5.9486
7.6200
6.3555
5.9553
4.8859
5.1314
4.8077
3.3630
4.4239
5.6024
6.2752
11.4770
12.3019
9.0973
7.5713
6.6259
6.0725
6.8498
4.8707
0.1801
-2.6777
-3.3872
-7.3854
-6.0509
-1.9429
-1.5990
-0.2585
-1.4360
-1.1123
8.2993
13.4814
9.8322
5.6687
5.4780
9.0368
12.7973
7.0996
2.4918
4.4863
-2.3947
-10.5433
-12.8844
-1.5076
4.8737
3.8658
3.5446
3.9319
4.7604
5.3064
4.5284
3.7006
3.8486
5.5901
-9.3294
-16.4348
-17.5629
-13.1496
-13.3183
-3.1292
1.6569
-2.5319
-10.6538
-12.3950
-17.3178
-24.6559
-23.4328
-26.0512
-15.7928
-8.1651
-1.5228
4.1070
9.0488
4.9157
5.3356
5.6219
6.3290
7.9099
5.3084

Coefficient 7:
0.0000
4.9220
1.4517
3.7798
6.0085
4.6596
-0.1498
-7.3962
-10.8320
-7.5866
5.0954
20.0626
21.4726
16.1609
10.0707
4.9569
2.5292
2.3134
-0.1757
1.5425
5.1083
5.5524
6.5245
6.5730
7.0104
11.1866
14.4277
13.1098
7.2343
4.8056
8.7789
5.3341
5.0488
12.9098
16.4722
15.9663
13.5151
14.7470
15.1190
14.0739
12.3875
6.8979
-0.5953
0.4091
-1.2512
-6.1520
-5.2171
-2.8168
0.1254
-5.6693
7.6099
20.4041
6.0544
-1.5731
-2.3744
-3.3717
-4.5297
-9.7325
-10.7048
-5.0621
-8.9307
-5.3869
-1.7335
1.6383
4.8265
5.6238
2.9710
-2.8803
-8.1455
-16.5351
-14.9263
-7.2965
-1.2797
1.8669
6.7084
11.5854
12.4003
4.0354
12.3157
13.9502
15.9149
8.1048
3.6747
6.2610
9.5175
13.0028
22.2664
26.0213
12.1199
3.7492
-0.9731
-1.2462
0.3926
6.7562
5.8837
8.6837
13.8639
23.6150
34.2712
18.7756
12.0448
12.5602
13.9166
18.5072
22.7428
27.8938
23.6463
17.1212
14.9080
18.0339
7.9298
4.9361
6.2283
2.1263
-5.3976
-11.5899
-5.5825
-3.8204
-11.3120
-21.8396
-26.0477
-16.8261
-6.4293
-7.5979
-6.4456
-3.8276
-3.1116
-21.0247
-28.5258
-26.7500
-26.8211
-30.6253
-32.7437
-28.4166
-22.3024
-15.9817
-10.4210
-0.8534
5.2611
8.1731
38.4423
28.7502
26.1216
15.6741
8.9251
8.4411
7.7932
7.2733
0.2753
20.4326
30.5577
19.1029
6.2084
-2.4144
-9.1822
-9.5995
-5.5809
-3.7532
-12.9628
-14.6503
-16.7273
-18.6906
-21.0277
3.9203
3.4568
-6.1660
-18.0078
-31.9024
-25.7400
-8.6317
16.3084
23.1197
16.4466
14.9054
16.6712
25.1215
9.9368
-6.3787
-11.6210
-10.7060
-12.7263
-12.2467
-4.7986
6.7179
-36.9971
-52.5218
-39.1237
-25.2260
-20.1759
-17.9143
-15.0212
-15.3138
-13.1184
-10.9390
-1.9600
10.3106
15.0814
10.2641
-30.3598
-50.8829
-49.2825
-44.1020
-37.3008
-28.8506
-25.8730
-25.3106
-19.9295
-13.5485
-41.9219
-58.6370
-57.9139
-46.7943
-32.5312
-39.7891
-47.8005
-33.2076
-31.4648
-41.6371
-46.9598
-46.2178
-31.3356
-20.6552
-14.6460
-32.5581
-25.8768
-18.0955
-11.2767
-7.1270
-18.2638
-13.0795
-5.9115
-0.7143
-2.8838
-9.3502
-10.7440
-1.3142
-3.4056
-29.8541
-45.8741
-48.9443
-45.9868
-50.4662
-52.8802
-36.9366
-22.7912
-14.8807
-10.4697
-9.7930
-20.5428
-30.7948
-32.4223
-35.3043
-40.0991
-42.5015
-35.2425
-17.7569
-5.8933
1.1633
1.4056
3.0475
3.2861
-39.7182
-51.8879
-49.4573
-39.2541
-34.8998
-29.2913
-21.9000
-23.7777
-28.5825
-26.2652
-24.4353
-24.7161
-27.8649
-25.2254
-17.5439
-13.3240
-9.5715
-7.0285
-1.4983
7.0350
7.5277
5.5183
12.0436
13.0999
-0.3674
-8.4892
-9.1629
-3.1675
0.3364
-10.7304
-9.9609
-8.7272
-10.1845
-4.6864
2.3793
5.0511
5.6309
-6.4952
-34.6415
-48.8445
-51.3825
-93.7405
-99.3472
-92.0533
-64.1042
-45.1449
-30.8831
-24.4857
-22.9279
-32.3742
-27.4410
-20.6567
-23.0033
-33.0150
-43.3360
-48.6763
-50.3185
-47.4341
-35.9580
-36.1920
-34.6915
-28.3433
-30.7161
-27.3939
-17.9547
-8.6017
-2.6865
2.3925
8.2506
8.3656
4.0883
6.8893
3.3116
-0.8629
3.7019
4.3083
4.9219
-18.3584
-19.8097
-4.2281
6.0602
6.9614
-0.1428
-5.0266
-3.1931
3.6768
6.9717
2.8522
-9.4615
-12.6641
-11.1277
-15.5381
-8.2878
2.4598
8.7402
8.3000
1.7214
4.5051
7.5943
-4.1556
-7.7519
-4.6110
-5.9222
-8.1451
-6.4500
-3.3548
1.2320
-3.0959
-11.1356
-18.7550
-14.2918
-17.1190
-16.5388
-9.2541
-19.7507
-35.4949
-30.7425
-21.1590
-21.4635
-16.3677
-11.2895
-16.5598
-13.1502
-14.4218
-15.9878
-21.1879
-22.1741
-32.1587
-42.4325
-39.4984
-25.5948
-15.1300
-8.5303
-3.4516
0.6498
1.5313
1.9680
7.4056
9.7831
13.0210
6.7281
-0.8338
0.5007
-0.3492
-4.3946
-2.4515
0.8764
4.0084
-0.7788
6.8781
14.9816
-7.7599
-26.9983
-26.7199
-22.0862
-20.4195
-9.3956
-7.4528
-15.3373
-19.6036
-17.8821
-7.2509
-1.8861
-1.0573
-7.4299
-7.3233
-3.7246
-0.1307
1.4703
0.2383
-2.9428
0.6389
7.0492
4.7715
0.8715
1.1246
-2.0299
-11.8572
-17.9806
-18.0297
-9.4935
7.2136
20.0906
21.1215
-4.2848
-1.9198
0.9134
-1.5432
2.0292
0.6775
-2.2285
-5.2654
-8.5022
-6.2741
-6.4016
-5.9847
-6.1110
-7.5312
-9.0497
-12.9218
-12.5841
-9.3971
-0.5476
2.3260
4.1116
2.2964
4.0554
-3.5180
-15.9145
-21.0106
-20.4428
-11.7788
-8.3203
-5.0779
-7.2120
-16.5843
-14.4550
-11.9473
-10.7849
-9.2173
-12.4553
-9.6747
-5.2032
-8.4493
-6.3867
-3.7681
-3.4311
-4.0171
-7.7716
-18.5635
-27.5958
-27.5168
-25.7528
-32.6562
-37.6674
-19.1367
-11.4436
-4.5708
3.6707
6.0276
-1.4564
-9.7535
-10.9185
-11.0307
-8.8574
-1.4260
-11.5679
-30.7631
-40.6280
-50.9783
-53.5774
-51.2902
-46.8301
-50.2718
-53.0543
-35.8001
-10.4694
-1.9434
-2.3307
-1.1108
-3.7218
-2.5604
3.6035
-9.9533
-13.0572
-14.5838
-8.9390
-5.0677
-6.0756
-2.6878
1.0086
10.2094
24.9742
31.0735
13.6716
-18.0699
-35.6940
-30.4806
-12.5628
-4.8365
-8.7119
-15.7118
-14.3118
-11.7372
-3.5502
1.8129
-5.6287
-5.9075
-9.1230
-16.7352
-22.5506
-21.9769
-18.2516
-22.0370
-24.8917
-25.1057
-13.8318
-0.1694
9.2735
9.9862
10.4597
11.7838
10.5343
13.2827
10.5807
0.4112
-12.0141
-28.5651
-31.9339
-18.6714
-35.2503
-62.0021
-68.8111
-56.4578
-46.7374
-39.9570
-31.4598
-20.6371
-11.0268
-5.1895
-15.0972
-30.5620
-32.1055
-24.4375
-20.1068
-2.0295
-0.4980
1.9883
5.0594
5.6721
6.8317
7.0854
6.9091
6.7963
9.6894
9.2823
9.6511
1.1355
-23.1720
-26.7137
-32.8903
-42.3946
-51.1344
-45.4992
-34.9359
-20.4785
-6.6909
8.3715
17.7487
21.2506
22.6019
17.2191
6.0118
7.1959
-4.6754
-11.6632
-11.2413
-12.8272
-10.4154
-6.3035
-13.2372
-19.9932
-20.8275
-15.6725
-4.5044
12.1117
16.1905
14.5633
15.3228
18.6317
14.2154
10.3553
7.2399
0.9062
-2.0597
-6.4830
-9.7334
-5.8974
3.3787
11.1581
11.1784
10.0338
6.1920
-0.3347
-2.7892
2.0759
6.6218
15.3369
14.8835
-0.5996
-5.5944
-10.4743
-10.7116
-11.8874
-27.2667
-32.4549
-24.2283
-6.2464
1.7372
-8.5946
-18.3356
-21.9828
-27.4028
-25.4487
-17.6831
-11.8635
-6.9018
-6.3840
-1.6515
-0.4071
-2.9851
-0.4738
-6.1826
-17.0712
-15.4966
-15.4120
-15.8071
-13.1637
-7.9409
-6.2367
-11.3694
-11.2995
-20.9537
-36.2986
-45.2877
-32.1329
-11.1752
3.5347
7.0622
-22.1543
-38.2904
-30.8236
-17.4059
-12.9038
-12.2188
-14.3231
-2.5830
1.4917
-2.1868
-1.0063
5.5686
1.5178
-15.6586
-12.3287
-9.4168
-2.6348
5.4812
7.6818
6.6225
8.8551
9.1323
13.7575
7.4869
-5.0058
-12.6671
-2.9092
10.7661
17.5595
16.8503
8.3291
-5.0951
-9.8688
-16.9176
-3.2031
1.4850
12.5077
15.4173
17.0482
15.3634
10.5015
12.6544
-23.4853
-46.0961
-47.9054
-38.6949
-29.8201
-24.0890
-18.1150
-24.3266
-30.7033
-32.0169
-23.3141
-12.3203
-17.4981
-31.5313
-39.2679
-36.7769
-33.7711
-31.2653
-32.4203
-19.2138
-8.0433
-11.6851
-8.5300
-1.9351
2.6195
5.9901
6.2386
6.2134
5.7405
12.8565
24.0265
24.1009
24.8793
24.7739
28.4156
23.4887
17.3674
14.3458
-12.0743
-19.3215
10.2019
14.2838
6.2984
2.7873
2.2598
5.2604
-4.4228
-17.2509
-19.5764
-23.5688
-13.1668
-3.4936
-11.8567
-30.1771
-19.7330
-18.4338
-17.6386
-11.9473
-2.4865
-6.1304
-17.3503
-23.0446
-30.9669
-41.8817
-40.5471
-31.5305
-28.4615
-34.7386
-36.9773
-32.7062
-34.4662
-42.3459
-51.7896
-57.5354
-67.1104
-50.6356
-30.1209
-17.7832
-8.5402
2.1407
-6.6722
-16.1811
-32.3950
-30.7297
-15.6762
-1.1317
-20.6100
-59.1521
-47.1611
-34.4684
-18.1751
-4.4004
5.7337
-5.1061
-7.2467
0.5177
12.5138
7.3590
0.4044
-4.5349
-3.6696
-4.5975
-4.9745
1.4882
0.5221
-6.0177
-33.3332
-33.7295
-21.5168
-8.5639
-1.7586
-3.9999
-9.4624
-10.8955
-6.1924
-2.1148
-7.9053
18.3457
22.8395
23.8712
22.3584
20.5883
25.5729
17.0536
12.8257
11.3893
12.1560
4.8812
3.7317
3.4364
11.4902
5.9790
-1.2558
1.1117
3.2415
2.5907
-1.0354
-5.8321
3.7418
6.4667
-0.0801
-12.7736
-24.4345
-19.5780
-16.9067
-12.2875
-11.9026
-8.9026
-8.9620
-9.5418
-8.6772
-15.6517
-19.6771
-13.1486
-6.0063
-1.7381
-1.9685
-2.7469
-35.4542
-31.5245
-22.5928
-4.5662
-4.8761
-16.2264
-26.6159
-30.7471
-35.0654
-37.2414
-26.3991
-10.3710
-0.1745
1.9420
-8.3300
-36.7225
-42.0125
-40.8019
-32.0637
-20.8342
-13.1926
-7.8535
6.4854
9.8732
8.6721
5.1312
3.2131
0.1042
2.9926
14.2414
13.2798
10.7428
19.2427
18.8232
11.0927
10.0496
10.3847
15.8019
13.4330
6.6032
2.9071
6.4814
8.5128
8.3174
5.7602
5.5129
7.3164
6.0148
5.5717
3.6023
4.2174
4.8100
5.9106
9.5414
9.5084
7.8622
7.2777
6.6247
5.2740
4.3439
7.7616
10.6133
8.6328
6.4917
3.6554
9.6050
12.9296
10.2009
-3.8402
-14.8263
-10.3939
-6.7160
-10.4962
-15.3510
-5.7330
-2.3827
-8.3754
-16.3698
-19.5460
-11.2808
-13.0062
-50.1357
-56.1233
-49.9150
-41.7311
-29.5166
-17.3742
-12.6877
-16.5948
-14.7193
-9.1649
-13.7574
-21.0859
-28.7336
-23.1737
-15.0932
-5.7705
-3.8760
1.2024
12.3068
16.7608
27.3314
28.5936
27.8651
27.1204
26.7184
27.4881
19.0528
10.1589
1.9353
-0.8876
8.4000
10.3613
17.1668
23.6454
34.5760
23.4216
9.0107
-4.5288
-3.1480
-1.0278
-0.4532
3.7277
2.2817
1.4076
7.7134
12.2171
11.3685
0.9492
-4.2375
-9.7466
-20.7338
-19.4905
-10.3489
-2.7586
-50.8304
-70.4715
-71.0189
-60.5449
-43.5437
-45.1445
-36.9784
-38.7187
-36.1646
-32.5778
-28.3413
-18.9457
-14.9985
-28.9755
-29.3638
-23.4877
-22.4444
-25.4647
-20.0334
-6.5800
-7.4744
-9.4211
-19.8538
-17.6890
-8.7957
4.8917
-14.3385
-36.1587
-45.1136
-51.0035
-50.3883
-47.2143
-36.4028
-25.7727
-24.0290
-18.4575
-9.8848
-0.0635
5.0838
6.2434
-6.8196
-16.2874
-24.0172
-24.7100
-13.3530
-15.6673
-22.5161
-17.1120
-14.5381
-20.4158
-26.8827
-25.7773
-31.5950
-27.1284
-26.0254
-23.6547
-12.2380
-9.8898
-17.6150
-24.0857
-28.3544
-31.6560
-29.2316
-15.2098
-11.0215
-15.5751
-18.4389
-9.2654
4.1528
7.1926
6.0746
3.6159
-16.4041
-41.4660
-45.0845
-45.3681
-42.0521
-39.9082
-34.7403
-26.5478
-25.4031
-57.5801
-76.2536
-69.1576
-45.8175
-24.8288
-4.5715
8.0177
6.2282
-2.4366
-11.2205
-14.5019
-11.4047
1.7549
13.6665
13.7821
0.9732
-3.3346
2.3143
5.0282
-7.5199
-23.2365
-18.7413
-12.0758
-24.4131
-36.1547
-40.3512
-23.5726
-3.6107
3.6450
2.3269
4.2449
1.6554
6.9699
12.5533
-8.7066
-21.5823
-16.3678
-12.2347
-14.4474
-9.4890
3.8696
1.5381
-8.6893
-9.6058
-3.8440
-2.8660
0.4313
1.0015
10.1727
20.7068
17.7110
7.1537
-19.9457
-35.9495
-34.5042
-38.6199
-68.4988
-79.0315
-77.1089
-60.0617
-38.5716
-31.7562
-24.7610
-22.4279
-47.3450
-66.1547
-63.2711
-54.5070
-55.0320
-74.9005
-66.8820
-48.9679
-31.5251
-24.0744
-25.7907
-36.1388
-21.8355
-5.2609
6.4244
10.3287
13.6445
19.8487
27.1334
31.3977
27.9774
22.7189
13.4944
8.1832
7.0106
4.5714
1.1782
-14.7821
-35.5131
-49.2828
-47.8174
-33.0859
-18.6319
-28.2723
-46.6418
-48.6630
-46.5597
-38.8803
-25.2305
-18.6796
-15.9532
-6.1079
-9.7171
-11.5584
-25.4271
-39.5373
-36.8823
-19.0137
-17.2696
-23.3289
-21.6120
-22.0444
-17.5273
-17.6139
-24.3045
-31.9584
-23.8815
-14.1718
-11.9252
-9.9137
-7.1322
-13.1518
-23.2675
-24.8637
-16.9403
-5.1009
11.4982
20.4875
22.3249
-6.6638
-14.8197
-18.4138
-15.1648
-9.9431
-10.9212
-3.6196
3.6512
-1.5059
-10.2136
-20.0019
-21.8274
-25.3515
-24.4318
-25.2484
-21.2685
-8.8879
-11.2213
-22.0471
-21.7961
-6.1344
14.1264
28.0315
18.5376
11.8987
1.5511
-5.2458
-7.8933
-12.5137
-16.4081
-12.6215
-14.3385
-18.3247
-32.2289
-41.2404
-46.3551
-38.6135
-17.7228
-3.6007
-5.9434
-9.8523
-6.0037
-3.3346
-24.1799
-31.5041
-32.0268
-25.4531
-19.3846
-16.6020
-17.1964
-25.8985
-22.6200
-10.6314
-0.2766
-5.8868
-1.8463
-5.4678
-6.9707
-3.2549
7.8558
13.8808
18.6880
22.3846
15.1552
8.7815
10.6004
6.6594
4.5364
20.7202
31.4914
11.9431
-8.2733
-12.5516
-14.8293
-14.3014
-27.1122
-28.4371
-21.5256
-15.4666
-6.0413
-51.2837
-82.5145
-77.7795
-63.4275
-66.7144
-62.1662
-45.9001
-20.8375
-6.1981
-13.9722
-15.8022
-11.6613
-6.8571
-6.5852
-8.9758
-7.9051
-4.5411
-2.0746
-17.2771
-18.9394
-13.3429
-8.1016
-6.9337
-16.3687
-17.9876
-14.7210
-7.1978
3.3138
4.1848
-8.0038
-18.3368
-22.9139
-26.8253
-29.4053
-29.8051
-26.3744
-23.5738
-31.6909
-51.6106
-47.9185
-43.7365
-37.3599
-33.7224
-16.1981
-13.0471
-17.0298
-13.6598
-3.6042
-1.9384
11.6998
-0.1315
-13.9516
-15.5333
-10.2599
-11.6615
-24.0491
-25.6147
-24.7278
-23.3154
-23.1191
-32.5850
-34.7072
-30.8723
-31.9946
-51.6581
-53.3251
-41.5495
-26.4676
-12.5735
-7.3416
-6.6444
-10.5038
-17.7533
-17.7606
-15.3225
-18.6986
-23.7122
-36.3555
-34.0333
-26.6688
-35.3574
-35.0871
-29.8761
-26.0160
-25.4256
-26.4674
-21.4455
-14.4270
-7.7448
4.4587
-2.7197
-15.1301
-37.1501
-45.7665
-35.2632
-20.0881
-15.5532
-11.6699
-11.8458
-5.7348
-14.6902
-13.4409
-57.8113
-64.2363
-50.8019
-36.9208
-29.8129
-33.3832
-41.0876
-41.8589
-32.9716
-22.2492
-10.1235
-2.7054
2.7630
4.1971
3.8400
-0.0479
-4.3547
-6.8234
-8.9577
-8.2496
-2.8701
-0.5366
1.7038
12.9151
21.8639
17.8788
15.6076
18.7820
7.8104
10.6494
20.3558
22.5928
18.2870
-14.1293
-24.6400
-47.8000
-41.1111
-18.7086
-3.5392
-1.2923
-8.4883
-22.8067
-23.0188
-14.9802
-10.3083
-24.9132
-26.9280
-20.4900
-17.6414
-30.4892
-38.3334
-30.7690
-21.3484
-18.3563
-27.6979
-33.1754
-21.6717
-15.6988
-4.6517
3.6838
2.5563
-8.0427
-9.9276
-6.4426
-2.0444
1.3122
-3.9209
-16.3204
-24.1694
-21.2995
-7.3214
-8.8136
-9.8177
-17.1955
-21.4247
-18.4738
-25.2688
-18.3321
-7.9822
5.6079
8.9527
8.3024
11.7462
19.5585
17.8279
5.9716
-1.9926
-0.7818
-1.8203
-8.2200
-22.4101
-29.8272
-21.9231
-18.0504
-31.4198
-32.0292
-26.9147
-26.8898
-31.6713
-21.8116
3.2888
26.4425
33.0377
36.1108
28.4614
-11.6499
-42.5501
-53.1586
-47.4296
-24.8830
0.7536
13.8319
9.3352
15.6527
22.0764
22.9346
23.4882
23.9187
15.7921
-0.3027
-5.3198
-13.3423
-7.0612
2.6647
-6.6786
-28.4577
-38.7684
-42.9846
-39.3734
-24.7845
-7.4379
-10.9740
-29.3999
-34.0836
-30.3598
-26.5571
-7.9077
19.0513
33.1117
21.8928
-34.6264
-49.7857
-45.8330
-32.8009
-31.2294
-27.6434
-19.9398
-14.4600
-23.0561
-27.5984
-31.9134
-32.4888
-19.3967
-4.7579
-6.8740
-21.0806
-32.3879
-42.2613
-43.1197
-31.1924
-14.8926
-7.2876
0.4769
7.2411
-10.3186
-20.1012
-21.3974
-17.8894
-13.5236
-30.6555
-33.5112
-28.9558
-18.2879
-1.0179
0.0876
2.3922
-1.0482
-8.6779
-22.3701
-23.4636
-8.5972
-5.9109
-55.0589
-76.8340
-73.0106
-54.1407
-36.6348
-29.6182
-32.1721
-40.1196
-32.9561
-24.6745
-15.4731
-3.7201
2.1435
5.5512
12.0849
10.2955
8.1505
-10.4314
-21.9837
-24.6583
-30.0470
-29.6961
-21.6433
-20.2282
-18.7979
-12.4337
-18.4871
-23.6454
-22.0837
-28.3304
-31.1435
-32.1063
-32.0055
-33.1702
-27.4668
-22.1247
-18.4565
-10.0016
-2.8738
-2.5654
-1.0724
2.8466
-1.1507
-13.5467
-15.4308
-19.0977
-25.0420
-24.6686
-27.8095
-29.6914
-30.8187
-33.6267
-21.7213
-3.9777
2.6527
6.5849
5.6942
5.3492
4.3223
4.2964
4.2566
2.9980
3.9460
4.9938
5.7319
9.3062
5.1112
1.5840
1.0707
2.8116
5.6285
6.1455
5.0564
1.5028
0.1355
0.1375
-2.5975
-1.7003
4.4894
35.8087
37.0977
29.5914
19.0720
13.4220
11.5400
8.1174
4.9115
4.3909
7.4622
11.1574
4.7769
-5.9178
-19.1543
-22.3091
-20.0547
-12.3229
-0.3973
3.7919
2.8398
2.4304
3.4075
4.2229
4.6992
3.8463
3.0673
3.3228
4.3170
-37.0018
-35.8828
-21.9463
-13.0618
-16.0023
4.5771
4.6368
1.1079
-13.3576
-10.6198
-20.1196
-26.3122
-22.3094
-41.9116
-34.0102
-26.0054
-15.2531
-13.1622
-16.2134
-11.2212
-4.2087
-2.5583
-6.8370
-1.3244
0.9420

Coefficient 8:
0.0000
6.1728
4.1434
1.0426
1.4955
2.5159
-0.1619
-2.1816
-5.4545
-8.2925
-7.7625
-0.5404
5.6445
11.0523
8.3591
2.0899
-0.9836
0.2756
-1.9014
0.1596
3.7905
4.8489
5.2299
4.7197
4.2953
-11.0438
-15.2242
-12.2117
-7.1838
-2.0793
3.9290
3.9636
3.6450
9.5206
11.3381
12.5245
12.7523
12.3342
10.4105
8.4519
8.4144
4.3827
2.3734
3.6807
-2.6597
-7.7653
-4.4265
0.5087
3.7761
0.2533
7.3703
11.0479
-13.4980
-16.9672
-6.4156
-5.3238
-7.7438
-8.9109
-6.5620
-5.6711
-19.3825
-26.4440
-30.4571
-26.5519
-19.6459
-21.3487
-17.8697
-10.5077
-13.6216
-27.8176
-29.9615
-29.1224
-34.0536
-33.4477
-30.9568
-25.4093
-26.5400
-39.2563
-32.6915
-26.8346
-10.0754
-4.4590
-2.6054
0.1358
-4.5720
-6.3234
0.0700
-16.3629
-28.9968
-31.5299
-27.0556
-14.9880
-7.6958
-5.8723
-17.9318
-22.9947
-15.3085
-7.2687
4.0757
13.0552
12.8183
6.2353
-2.3470
-21.6772
-22.0517
-18.6033
-35.2397
-26.6274
-21.3671
-25.9805
-26.4029
-20.7909
-15.5536
-18.6068
-16.5560
-8.8019
-2.5781
-7.4652
-14.0817
-17.5795
-11.8830
-7.9825
-9.4201
-10.6477
-0.5660
5.5546
9.0972
-9.9899
-18.7639
-21.9418
-14.3399
-11.0744
-11.9761
-7.2694
-4.5143
-2.9979
1.7307
3.6599
3.3283
4.1892
-20.4966
-33.9245
-30.9365
-14.9789
-15.8432
-11.8718
-4.7847
1.1089
2.7903
-15.8198
-20.3268
-14.8365
-7.4761
-4.1234
3.2299
0.5953
-10.1445
-13.7212
-17.3376
-28.3251
-27.9149
-27.7607
-31.5955
-55.0511
-47.5476
-28.9184
-29.8727
-31.7688
-27.0931
-18.1316
-19.0259
-23.5978
-22.7498
-18.6048
-21.1756
-29.7504
-17.4471
-15.0786
-13.7392
-10.3114
-17.4120
-18.5029
-12.0400
0.0478
-32.1311
-28.3608
-21.4338
-13.1667
-8.6369
-9.9155
-11.7096
-20.4238
-29.8600
-31.7090
-21.4979
-7.4950
2.1485
0.7970
-31.0405
-48.2574
-42.6034
-37.4790
-30.9366
-21.7344
-18.5333
-17.2503
-12.3732
-7.0887
-20.4811
-26.0491
-25.4230
-23.2704
-23.1998
-35.7728
-36.3626
-35.5238
-29.9065
-28.7593
-26.7615
-25.5450
-16.7237
-9.4357
-13.0841
-41.2258
-45.2815
-40.4663
-38.5546
-38.5372
-26.9772
-13.2294
-6.5786
0.4490
1.2320
1.5008
6.8396
10.6857
2.7093
-7.0254
-7.4333
-3.2249
-8.6567
-23.1772
-28.4160
-25.6891
-23.5380
-29.4603
-34.9820
-40.1245
-44.4052
-40.7103
-30.8889
-21.4308
-15.3540
-15.9924
-15.6094
-12.4100
-6.0613
-1.1905
-0.2185
2.3405
4.6090
-16.8318
-21.8961
-25.9998
-20.1636
-9.9478
-9.7395
3.5446
-13.2066
-26.6212
-24.8683
-23.4577
-21.2653
-21.3845
-25.4712
-27.5416
-30.3416
-24.4518
-19.3877
-16.0611
-12.9676
-15.3091
-10.4533
-3.9073
-5.5204
-5.4907
-4.9107
1.0255
8.3603
10.2890
2.2660
-11.4946
-13.7120
-12.8144
-5.3091
3.1890
4.2278
4.8822
-9.7712
-26.0009
-27.6812
-19.8568
18.0933
17.4234
6.2176
-16.3169
-31.7185
-28.1122
-12.1118
-2.6378
-10.9622
-4.5716
11.9584
19.7767
14.3379
9.0154
14.6962
11.5857
2.0956
-6.7973
-15.9832
-16.7499
-16.0010
-19.6833
-19.2176
-13.1196
-9.7584
-4.7883
2.6459
5.6710
6.4018
2.7397
5.0033
8.7334
9.3844
5.2550
3.6136
3.9564
-15.2774
-35.5928
-27.5329
-24.9651
-35.0896
-41.5181
-42.6717
-31.3508
-16.2089
-13.1336
-21.3756
-24.7700
-24.8133
-28.0493
-29.1784
-20.9498
-2.5369
7.3742
10.1237
2.8842
-0.7303
0.4886
-6.6708
-15.2620
-13.9515
-20.3842
-18.9494
-14.1429
-20.7605
-17.1101
-14.2313
-16.0847
-5.5071
-3.6273
-7.3624
-10.3140
-9.2186
-1.4711
1.3164
-4.6360
-6.8965
-14.0138
-12.3768
-11.9062
-10.2959
-4.5088
-5.9323
-2.6124
-9.9246
-10.8197
-9.4939
-11.8300
-19.0713
-25.4417
-19.4810
-12.4121
-12.5886
-10.7715
-11.7200
-19.1881
-23.3200
-17.5328
-12.4245
1.3368
0.7356
-4.6468
-2.4237
-2.9779
-6.4276
-5.2434
-4.2485
-4.9596
-0.3495
2.3809
-18.8505
-16.8709
-8.8801
-4.7142
7.1043
10.5704
-0.2083
-4.8677
-4.9544
-8.9016
-3.9609
-0.1881
-0.6624
-2.6672
-3.6959
-3.3472
-4.0894
-5.9187
-10.4359
-9.3332
-3.1835
1.1061
1.9087
0.4420
-1.2644
-1.1216
-11.0940
-13.5625
-12.4839
-11.2339
-4.9916
-9.6913
-16.6669
-19.3499
-17.6095
-15.7404
-15.9366
-13.4541
-15.7809
-19.8905
-19.5547
-20.8281
-18.4275
-14.1263
-7.6014
-9.7595
-10.4722
-8.4002
-2.8672
-1.7247
-6.5514
-8.6899
-5.5648
1.3429
5.7465
0.4636
-12.6440
-38.3329
-41.9745
-40.8520
-24.7732
-15.6128
-15.6421
-16.2484
-16.2901
-13.9931
-13.7321
-12.7528
-17.1537
-32.1053
-34.5250
-33.7943
-39.0458
-48.3542
-49.1811
-36.3122
-25.1587
-23.5649
-26.1331
-28.6173
-33.5270
-33.8469
-27.4545
-27.6291
-18.7387
-23.0703
-29.1383
-27.3542
-23.3423
-27.2584
-28.0014
-9.2928
1.0026
-1.1305
-4.9515
-20.4585
-44.3392
-51.2605
-42.9657
-31.4138
-22.7857
-18.6859
-26.5556
-42.8909
-46.1974
-34.1123
-30.2261
-28.4008
-28.2461
-16.1729
-7.4546
-6.0723
-30.5240
-43.7274
-34.5305
-21.9879
-10.6383
-6.0466
-0.2167
1.0951
1.7667
1.3419
2.0404
-12.6800
-24.6979
-29.0731
-27.7549
-11.4220
-3.2449
-8.8232
-15.7751
-13.5395
-12.5611
-15.2966
-21.4282
-23.0687
-18.6650
-18.5515
-23.4425
-27.8196
-34.4085
-36.5720
-35.1432
-38.8195
-38.1868
-35.2723
-30.0487
-20.7739
-10.1535
2.0632
9.7838
4.4248
4.4506
1.8363
-7.3430
-18.6852
-37.4206
-46.5579
-34.6312
-35.3151
-48.7492
-55.3016
-48.2309
-38.1898
-51.7044
-60.2608
-48.7527
-34.4372
-13.6793
-12.3621
-5.4713
1.5983
2.0517
-2.9584
-10.1305
-12.6997
-13.7970
-11.1108
-5.9891
-1.0786
1.0203
7.2020
17.3923
24.8983
30.2743
32.7388
25.9461
-0.9704
-13.6610
-24.4815
-16.3086
-5.4455
-9.4812
-14.2738
-9.5497
-4.2899
0.2719
-0.4112
6.0946
10.9702
5.3037
0.3303
3.5192
-11.1247
-18.2911
-25.2939
-20.9525
-7.7763
-0.8104
-20.9423
-34.5434
-32.4127
-23.2323
-8.6187
3.0564
6.2311
2.9273
-3.8711
-2.3430
0.5401
10.7912
20.4730
22.8534
21.6208
15.0666
9.3570
9.9957
11.5938
9.2866
9.8280
1.5226
-2.1614
-7.3070
-10.7348
-8.0980
2.6622
13.6627
19.1083
16.1727
-2.7143
-7.1950
-3.1241
-0.6767
-7.5828
-19.0098
-23.8789
-22.3568
-17.0447
-18.7785
-19.5321
-21.1570
-18.7409
3.4499
16.7749
10.9752
11.2290
8.0130
2.7638
3.3057
-8.1499
-20.4352
-23.1322
-23.1069
-25.0660
-31.1443
-28.6108
-21.9361
-18.4891
-39.2665
-35.5209
-19.3022
-23.4014
-30.7990
-17.4074
-2.0040
8.8367
12.7918
8.1603
-20.5266
-41.3238
-46.1659
-38.6468
-36.8522
-34.7701
-19.5114
6.1816
17.8449
15.5876
4.5769
5.5638
-1.0434
-14.7340
-16.0836
-15.1508
-7.3647
-1.5537
1.0621
-1.0048
-4.7668
-2.8032
-0.2281
-8.2834
-10.9250
-8.1095
0.1978
6.4133
7.2779
4.4572
-8.6526
-22.1856
-21.0819
-21.0118
-40.0833
-41.8748
-27.7393
-25.0419
-21.6094
-13.5876
-4.9518
3.4752
-11.7432
-20.8312
-20.5590
-22.0065
-24.3763
-15.6981
-17.7017
-25.1317
-24.5851
-19.0528
-7.8402
-2.9011
1.1684
-12.3299
-14.9116
-6.2110
-5.9452
-1.0694
12.4763
23.4755
29.2434
22.5229
20.5593
19.9254
13.6892
8.6433
3.3778
1.2676
2.1576
13.2558
23.0495
25.8017
24.1913
25.9726
26.9443
20.1679
13.6574
11.8851
-3.0017
-12.3566
-8.6132
-0.7321
-2.9324
-4.9438
-8.0164
-1.8144
-4.2290
-23.0201
-30.7845
-18.9890
-5.7609
1.6937
-0.2461
-15.6879
-23.1731
-20.6025
-18.1199
-18.2139
-11.6574
-8.3123
-18.1555
-19.8010
-21.6448
-24.5697
-20.2770
-19.3891
-17.8175
-18.6981
-27.0653
-41.8389
-52.3692
-46.2336
-33.2998
-26.6559
-11.6773
3.1436
6.3938
5.3383
2.7832
1.8842
-24.4585
-48.0056
-40.5346
-29.2903
-21.6715
-11.1216
-19.4144
-36.6694
-39.6395
-32.7160
-23.8352
-15.5794
-0.0570
2.7130
2.2723
0.2800
1.1622
-12.4302
-27.0924
-25.6214
-21.5509
-17.4770
-15.2959
-15.2495
-1.5549
4.3288
-22.2604
-34.5937
-37.3384
-33.6223
-33.4079
-38.4646
-34.7381
-23.9176
-11.6808
-1.8811
-0.5307
15.4896
11.9554
9.7646
13.1106
16.4550
11.7001
7.3746
0.0700
-9.1013
-8.3252
1.3933
-0.9580
-2.6069
3.3427
3.1640
-0.1253
1.5067
1.3288
-3.0040
-12.0357
-12.2777
-19.4843
-19.4812
-15.7728
-14.6203
-18.0297
-14.7315
-18.9823
-18.2021
-6.5599
-6.5285
-4.4042
-3.7053
-4.7914
-16.9843
-24.7574
-3.0033
-3.6194
-6.6009
-9.9431
-10.4608
17.0342
-16.4538
-33.5135
-39.9001
-33.1843
-30.7497
-30.9563
-30.2106
-34.0499
-33.6928
-24.9510
-19.1084
-9.4662
-1.5746
-13.6953
-32.5811
-27.9159
-24.8654
-32.2023
-32.9370
-25.8173
-20.7628
-20.6679
-9.9966
-0.1088
3.5919
3.2247
-9.8292
-12.2217
-10.1912
-10.4338
-12.4851
-11.7393
-9.7876
-6.0022
-0.7869
3.1578
9.9133
7.9651
3.7770
2.2636
5.3131
7.3548
7.8479
5.1955
3.3204
4.9306
4.2004
3.6099
0.9117
1.5391
3.2523
4.4559
8.2826
8.2987
6.6892
5.7604
5.1844
4.3187
3.5684
6.6352
9.3880
7.2579
5.4074
2.5484
8.2465
11.4223
8.8605
-8.5427
-23.3172
-24.9487
-20.2891
-9.4019
-5.2937
-4.3984
-7.9882
-25.1794
-33.0695
-26.5338
-18.6469
-27.0832
-53.0168
-59.8200
-53.4390
-54.5198
-47.1719
-35.4799
-30.6069
-17.0855
-6.6040
1.4294
-11.6095
-12.8097
-25.5111
-30.3810
-26.6803
-21.4814
-14.0386
-14.4197
-20.6949
-20.4627
-9.3560
3.6205
9.2739
9.2729
5.2824
2.2499
-5.2824
-5.1220
-5.3168
-8.3482
-5.8294
-4.6187
-5.2352
0.4452
1.5710
-8.2344
-12.5521
-9.8519
-16.6460
-15.6054
-8.9042
-0.9515
-6.3629
-5.8701
-0.4552
2.1033
-0.2742
-19.2958
-29.1073
-35.7205
-40.8904
-38.4033
-26.7950
-15.5072
-35.6386
-30.6601
-17.3312
-6.2710
-0.7325
-9.9619
-7.1819
10.5132
19.3770
17.7495
4.4428
0.4224
-8.6630
-20.2351
-23.0594
-17.5043
-11.8802
-19.1178
-25.5083
-29.2244
-18.8241
-14.4653
-31.4429
-40.9038
-35.3037
-30.9930
-47.2678
-69.7467
-78.3788
-67.0409
-49.8002
-41.8954
-33.2267
-4.4034
8.7583
18.4772
21.8445
20.9558
13.5360
0.2631
-5.7137
-17.3349
-28.1409
-30.0115
-17.6344
11.4281
21.3007
28.1839
27.1869
23.3290
8.4907
-7.0895
-18.7021
-19.3217
-13.5066
-6.3582
-9.1255
-20.6685
-32.2215
-39.5843
-30.1228
-25.2455
-27.0602
-22.0023
-19.7069
-21.6504
-22.4742
-15.7374
-1.8749
3.4825
4.1647
2.5693
15.3690
27.4940
29.5772
28.0471
17.9770
10.6273
6.2615
0.8217
7.6863
-17.3717
-25.2873
-32.8038
-39.5055
-27.1169
-15.4811
-7.2337
-19.9120
-27.1944
-29.7171
-38.6671
-40.2811
-17.5876
-0.4381
2.1015
-7.4844
-7.3403
-8.0454
2.8720
14.0078
-0.3521
-17.7304
-28.9426
-31.2707
-18.0486
-10.1256
-6.8833
-2.5925
-2.7544
-9.5102
-16.0110
-20.2296
-20.6990
-25.1026
-45.1952
-52.3663
-47.2401
-42.3381
-46.8862
-33.1648
-13.6600
-10.3181
-16.5498
-21.8184
-25.2936
-27.4972
-26.2068
-24.2035
-16.6414
-10.7064
-15.3766
-11.3420
6.6661
0.4619
-8.0499
-21.6808
-64.8483
-69.9738
-60.4615
-45.9705
-14.2225
-2.0373
3.5302
18.5386
7.0723
-15.6436
-20.8155
-16.4588
-23.6209
-48.3121
-54.8971
-43.7245
-35.3625
-32.8926
-31.6208
-17.7574
-13.0901
-10.9434
-6.1500
-3.9413
7.8964
17.5215
19.2060
17.2997
7.8022
2.0746
6.2342
6.6905
6.2672
4.0453
0.4237
-13.0042
-30.3345
-45.4186
-44.3762
-26.8649
-23.9593
-24.2243
-27.5066
-25.8924
-21.9217
-21.1730
-14.5720
-9.7130
-14.5359
-17.7306
-5.6364
8.2776
5.2329
-4.9657
-5.2681
-1.7895
-9.7159
-34.7641
-42.5805
-37.4771
-35.8316
-38.9029
-39.0850
-36.6349
-30.6910
-38.8103
-38.0001
-27.5884
-12.5690
-15.2195
-34.1536
-44.1594
-43.9681
-24.4503
-3.6631
-0.2886
24.3496
7.5087
-5.9126
-10.1938
-4.2891
-4.4110
-2.3676
4.1474
3.0518
-3.9040
-13.7050
-18.7911
-20.4340
-22.3098
-11.1089
-4.0303
3.5350
12.4816
-3.4675
-5.1340
-4.3701
1.0338
4.1221
7.2921
16.1789
25.6741
13.6105
-5.3899
-5.9872
-4.7233
-3.5564
-12.6738
-26.9246
-41.8770
-53.0619
-38.4892
-25.9386
-18.7173
-5.6172
-8.9935
-17.2740
-18.4226
-12.6576
-20.3486
-36.8091
-41.0418
-36.7779
-32.0089
-28.5042
-25.7067
-24.2656
-26.6612
-25.1237
-15.8043
-1.9139
-1.6311
5.3807
5.7064
3.6809
-2.1823
-7.1385
-13.9656
-14.3467
-7.5500
-7.9944
-13.9895
-23.2201
-26.8306
-24.5011
-16.1566
-10.3485
7.2804
19.3908
25.8143
25.9155
24.4837
-2.1259
-21.7013
-23.3661
-21.0368
-16.0202
-2.0780
0.7267
1.4549
4.9647
7.4591
4.3850
1.7966
-1.9250
5.9827
-12.2045
-24.1053
-26.3903
-22.6622
-19.9497
-25.2166
-14.9444
-1.2850
3.7185
0.0865
0.1994
-2.8417
-10.9746
-13.2959
-8.2790
-0.0724
1.8526
3.1789
1.4959
-3.0810
-5.7118
-12.9001
-24.1939
-36.4553
-40.7837
-39.1492
-15.7900
6.9775
5.8371
-19.9917
-37.4537
-45.4876
-41.8085
-31.6959
-18.2510
-17.6507
-21.5228
-18.4267
-13.3717
9.4844
25.2725
11.3577
-10.4175
-23.5669
-23.3956
-20.6350
-38.5886
-44.0079
-39.6573
-32.6415
-24.8182
-3.3373
13.8955
28.1012
34.7235
23.6309
22.4303
29.1764
27.7387
17.7131
3.4691
-5.2428
-11.2262
-11.4461
-10.4585
-10.0217
-10.4654
-15.3872
-1.6542
2.7072
-3.2966
-22.5314
-24.8357
-26.0599
-24.4430
-23.1791
-32.2225
-36.5662
-35.4798
-26.2053
-10.6937
5.8575
-0.1782
-25.0104
-28.4389
-18.1958
-30.0648
-38.8041
-37.7526
-36.6120
-39.6258
-21.0901
-4.5385
-30.2741
-49.0498
-48.2799
-38.0645
-30.5913
-21.4087
-10.8729
2.6745
3.3606
-5.4350
-9.2825
-8.8494
-4.2400
1.6205
4.0706
3.9549
4.4993
6.3035
5.9661
5.9334
8.3955
6.3419
5.6493
-4.8412
-3.2828
-4.9314
-8.0730
-5.3033
-17.8848
-22.6683
-14.7552
-7.1155
-5.1414
-17.6920
-13.1052
-31.0194
-37.1307
-36.2152
-33.8246
-30.0509
-32.4684
-38.9019
-36.1619
-30.5952
-22.8005
-15.8258
-3.3016
10.0157
0.8439
-14.8423
-14.5713
-14.8495
-11.8278
-2.6002
0.7398
-3.5861
-10.6461
-6.8280
1.4317
7.2028
-2.9105
-17.0354
-31.6090
-35.3152
-31.8255
-19.7092
-12.1719
-19.6330
-27.5469
-24.6551
-21.4674
-24.6398
-24.9512
-26.3506
-26.0896
-24.1852
-29.6436
-24.5590
-17.7383
-16.4691
-17.7871
-22.9535
-17.6150
-10.5709
-23.0145
-28.3899
-25.0051
-23.0314
-28.3130
-26.3258
-25.9223
-23.6383
-17.1015
-6.1516
-15.0463
-19.3267
-19.9566
-26.5619
-39.6339
-34.0563
-23.7814
-1.3778
10.1027
12.5923
12.6135
-13.6600
-32.0270
-30.1644
-24.3516
-17.7433
-9.7017
-0.0663
4.4883
4.1742
-1.1086
-12.5492
-19.5371
-23.3470
-26.9236
-37.7791
-45.1281
-28.0457
-13.1490
4.8898
2.6314
-16.5322
-31.8769
-30.8194
-19.9963
-7.0287
-0.8524
-24.8056
-44.4739
-45.1328
-37.7807
-22.6044
-13.8328
1.8673
12.0679
14.3208
-2.1267
-17.9162
-12.7858
-2.6214
0.2744
-6.6631
2.5684
25.9161
25.5099
12.6430
5.0428
8.5142
18.3251
24.6610
9.9680
-14.0231
-12.9744
-6.0057
-12.2935
-21.5096
-19.5103
-15.4355
-8.7652
0.5235
-10.2599
-12.0214
-12.6795
-16.0560
-17.4800
-30.0527
-35.1516
-32.4642
-22.9746
-3.8540
-8.8034
-8.3626
-2.7448
-1.8446
3.0208
10.4419
19.5020
27.3993
-3.8778
-26.7028
-37.2518
-33.5548
-23.9167
-13.1091
-8.8787
-14.3325
-13.6174
-13.9368
-9.8567
-5.4006
-4.2195
-0.7121
7.3115
14.5897
19.8003
31.3456
37.4218
33.9846
18.3005
14.8971
15.1127
10.2101
10.1949
13.4008
-3.8419
-23.0965
-25.7978
-26.2560
-21.3553
-14.8836
-10.8734
-17.0254
-22.8050
-24.2282
-21.4838
-14.2240
-12.6644
-18.5399
-16.0995
-7.9804
-4.3793
-21.2972
-31.5387
-34.8352
-36.8467
-36.9856
-37.9549
-41.4195
-41.9918
-35.5339
-24.4174
-7.0613
1.1108
5.4857
5.0015
4.6872
3.7293
3.4722
3.6451
2.5978
3.4249
4.3200
5.1223
8.2000
5.1498
2.3257
1.5932
3.0046
5.1356
5.3894
6.0015
3.9536
6.8863
9.3839
11.0070
12.1945
13.7427
5.5057
3.4420
3.6693
8.9689
6.1216
8.7162
6.2959
4.0975
3.3301
5.8736
9.3666
4.0867
-5.0618
-17.7743
-18.9477
-13.9360
-4.6099
1.9907
2.8008
1.8453
1.3412
2.8505
3.6656
4.0332
3.1233
2.3866
2.7469
3.1029
-25.5475
-25.1767
-8.1866
-4.9371
11.1418
29.9098
30.1062
19.8139
-23.2079
-22.5752
-16.3922
-14.5214
-11.8536
8.6425
2.5290
3.1628
2.1419
-3.0982
-1.6649
7.5333
16.1345
19.8481
14.8639
15.0326
8.4589

Coefficient 9:
0.0000
9.2164
10.3866
3.9774
-0.2602
1.6103
0.7203
3.2806
6.3376
6.9281
-0.8337
-2.4353
4.1396
8.9399
7.9132
0.2607
-3.9959
-1.2259
-2.7681
-0.5304
3.2616
6.3143
5.0098
3.4133
2.8506
-17.3147
-25.4013
-20.7896
-12.3967
-4.4661
3.0316
2.5867
2.3417
6.0973
6.3785
6.1299
7.1523
6.4910
4.1718
1.0844
2.5211
3.8835
10.1314
13.0970
5.2671
-2.4338
-5.2664
-4.0521
-3.4407
-5.1981
-8.0242
-3.7496
-20.2431
-26.4921
-21.6304
-19.0399
-19.7651
-18.4749
-10.3613
-1.9673
-19.0215
-33.9327
-33.9364
-25.6522
-19.2494
-10.5421
-0.4255
5.0794
-0.4587
-13.3978
-9.3180
0.1414
10.3657
9.5599
12.1531
17.8485
9.6045
-16.6997
-20.9394
-16.3253
-10.4948
-7.1933
-6.3687
-7.9531
-4.5872
-1.9822
8.3719
15.7517
9.4255
2.0339
-1.6807
3.5382
4.6220
-1.7443
-19.6669
-22.5151
-19.2847
-18.3004
-10.5085
-2.5003
-3.4723
-7.8811
-5.6133
-9.8935
-12.5531
-13.2988
-27.9158
-32.6704
-35.3506
-27.3834
-18.5784
-7.4756
4.2846
1.2714
-0.3429
0.9063
6.0807
6.0341
0.8842
-5.2308
-7.2795
-8.9929
-11.7088
-12.5043
-4.9017
-0.0929
7.1581
-6.6157
-14.8328
-14.5013
-8.4105
-7.3041
-12.0290
-9.2964
-6.2270
-4.9768
3.3667
8.9709
6.1378
2.0152
-9.2880
-18.3696
-19.4813
-18.4501
-15.9929
-17.4801
-15.1322
-8.2915
-3.5834
-10.3607
-6.8314
-5.6350
0.1002
11.0662
14.3582
12.7542
13.3523
11.7708
10.5762
-1.7547
-6.9843
-11.7876
-17.3319
-19.2397
-13.6802
-1.2422
1.0556
4.6684
3.0532
-6.5146
-10.1188
-8.9280
-9.7747
-11.9352
-14.4632
-16.2959
-10.1823
-13.0764
-15.4636
-9.9865
-10.1535
-3.5280
-5.3390
0.0479
-10.9268
-4.3011
-7.9734
-16.4468
-17.2149
-19.1140
-17.8554
-22.8111
-31.2919
-31.9249
-17.9093
-7.4702
-1.9806
-5.6259
-17.3928
-4.6620
7.2923
8.7459
5.1421
12.2970
-1.4172
-7.0571
-4.6840
-1.7842
-10.5287
-4.9069
-3.5855
-5.6940
-12.1260
-18.1208
-13.2396
-3.9150
3.2229
11.7566
18.3322
22.1026
15.1794
2.9033
-7.5965
-36.4906
-48.6783
-47.7740
-39.1445
-32.4577
-21.0093
-7.9003
0.4302
4.1238
5.6902
11.4759
16.2492
12.4311
7.7160
28.3997
29.0737
27.5006
18.1897
12.7105
13.6405
2.9943
-12.2419
-22.8592
-26.0305
-30.5004
-35.9725
-17.9836
2.7572
14.3958
18.7338
12.9257
5.5951
-4.7181
-7.6296
-4.6786
-1.4307
1.6621
-1.6854
-25.7796
-26.9649
-25.7078
-20.1145
-8.7013
-14.9001
-19.2147
-26.2757
-32.4279
-38.4250
-41.3567
-33.9598
-23.0264
-22.3047
-25.0039
-21.6405
-18.6386
-21.4929
-15.1599
-9.7632
-16.7509
-16.5971
-7.9868
-0.1138
1.0106
0.1814
-0.7864
9.2770
16.8631
12.2221
2.1814
-4.2187
-3.7258
5.2114
9.2164
3.6577
4.1726
-9.1679
-12.1079
0.0771
-0.2529
-26.2566
-10.4156
4.8263
-1.4788
-13.4286
-25.9836
-23.2195
-21.6441
-36.4722
-40.9191
-31.8176
-25.9771
-24.9924
-24.2986
-22.8459
-20.7547
-21.2470
-20.3649
-16.1622
-12.2315
-4.0561
-2.4469
-3.5685
-2.5672
-6.2393
-0.7749
7.8702
6.9309
4.7549
1.4061
3.3460
1.3116
-1.4856
2.3497
1.3833
-0.1253
-4.9063
-24.7169
-26.7922
-25.6610
-34.1835
-39.1772
-35.4868
-29.2176
-23.1347
-18.9144
-22.2320
-20.9618
-11.7323
-6.6952
-4.9477
-6.2076
-0.3615
1.9106
3.5023
-2.4546
-6.8553
-6.1886
-9.7697
-11.4100
-19.1491
-25.5740
-31.8393
-32.5698
-32.4903
-32.7077
-31.2156
-24.8297
-18.3748
-17.6056
-16.1698
-13.2050
-12.0751
-15.9038
-21.7230
-26.0478
-27.0039
-25.4328
-21.2354
-26.7598
-36.2072
-33.4598
-22.8293
-20.7124
-32.1706
-36.6628
-35.1245
-23.7506
-12.9573
-17.6774
-12.7557
-8.5796
-15.0825
-12.5728
-15.1405
-20.3226
-20.3587
-18.0106
-16.6534
-22.3348
-23.2897
-11.8369
-10.3209
-12.0625
-12.3465
-9.7515
-6.3445
-9.4557
-13.1000
-16.3147
-22.1316
-14.8224
-12.8578
-15.9202
-23.7556
-31.2023
-34.2393
-32.3594
-26.1733
-23.1415
-20.8595
-20.6545
-22.6846
-14.1825
-14.1154
-18.6740
-20.6845
-19.8891
-17.1344
-17.6684
-13.5476
-16.1441
-23.2996
-23.7565
-22.8028
-27.1974
-39.6554
-42.8431
-38.5044
-36.4048
-39.5426
-28.6507
-20.4512
-4.1060
-11.1130
-20.6357
-25.3908
-24.7919
-26.9149
-22.7073
-20.7626
-20.7183
-21.9537
-24.7702
-24.7757
-23.3277
-13.1944
-10.1286
-3.3265
-0.8112
-2.0801
-10.0557
-15.2536
-12.7086
1.7101
-2.5082
-12.8280
-16.4364
-15.1934
-11.8983
-9.4081
-4.7400
-7.7890
-8.0571
-6.8646
-10.2079
-10.6219
-7.1289
-8.5799
-19.5177
-20.1830
-13.1717
-15.0560
-28.6196
-31.1958
-32.1515
-25.1460
-13.6510
-11.6080
-9.0689
-11.9789
-18.9376
-19.8574
-16.2184
-6.4395
-22.5729
-24.5921
-22.5113
-14.9741
-11.1202
-21.9586
-15.0523
-6.7732
-6.2307
-5.7786
-9.5497
-18.5967
-19.3224
-15.4163
-6.1764
3.0059
8.5247
9.9352
3.2820
-13.7301
-9.0490
-14.5563
-15.4278
-17.6435
-15.1406
-7.1556
-9.4249
-31.1023
-41.8566
-32.1970
-20.9266
-11.2285
-9.5474
-7.8298
-9.0937
-10.1532
-12.1916
-7.8463
-16.9467
-17.1187
-10.7827
-14.0625
-10.1802
-8.3813
-19.6983
-19.7524
-20.3311
-22.3772
-28.3594
-23.1668
-17.2584
-20.0724
-22.8738
-20.7156
-19.5046
-21.4633
-19.1171
-20.2489
-31.6871
-36.2393
-32.2491
-23.8509
-17.1363
-0.7264
5.5233
2.7998
3.0748
6.5322
1.9168
-12.3465
-17.6869
-17.5809
-11.5772
-14.1163
-21.6124
-17.7204
-24.6347
-23.8251
-19.1766
-32.9242
-46.5532
-44.1758
-33.0506
-12.0751
-14.2871
-7.7173
-3.7518
-2.1276
-3.6532
-14.5054
-19.4590
-18.2181
-18.6378
-24.3210
-26.8720
-30.2265
-38.8061
-36.2289
-30.1477
-29.3276
-24.8991
-20.1902
-26.6019
-28.3317
-24.2614
-14.0651
-5.4427
-4.5200
-2.8359
0.5804
4.8798
4.6560
-6.7094
-13.6984
-11.9435
-10.8745
-3.9078
3.0646
-13.8452
-40.1434
-47.6124
-46.1844
-38.8058
-32.6317
-36.6453
-34.9101
-28.0339
-16.8638
-7.5042
-6.3227
-1.1514
-1.8415
-6.5734
-6.2427
-3.7138
1.5332
6.9373
15.5345
19.0047
14.4981
10.9953
8.6395
7.1569
2.2475
3.4345
-2.5163
-7.5005
-9.8813
-10.0643
-6.4470
-20.1798
-23.6882
-23.1185
-18.4605
-34.6399
-37.4739
-34.5426
-24.5745
-18.8740
-11.7246
-7.8492
-14.0652
-17.6397
-15.7819
-20.2739
-13.0873
4.7242
6.8846
11.6369
9.1770
10.9273
11.3467
9.0608
8.9420
-9.3535
-12.7817
-14.1882
-17.1322
-15.9286
-16.7142
-20.6753
-37.3178
-40.5448
-36.5257
-26.5827
-19.5573
-22.8404
-19.1683
-13.9676
-9.0963
-8.5467
-1.3563
8.1168
-1.4044
2.0651
-1.2439
-12.8628
-31.3191
-34.0990
-29.0125
-19.5064
-7.1306
0.7212
-1.3740
3.3527
-0.4149
-8.4615
-15.9653
-22.5961
-22.0649
-15.2988
-15.3745
-21.1515
-28.1468
-24.4480
-26.2225
-29.5183
-22.6875
-15.8291
-11.0151
-11.4667
-15.7665
-12.6741
-16.8321
-28.8717
-31.2861
-30.6460
-25.2941
-19.1351
-9.3535
-10.3107
-19.1516
-15.3572
-1.6474
3.2329
-0.1606
15.1468
20.0382
18.9304
12.8117
9.6232
-0.1069
-7.2815
-16.6968
-22.9607
-22.3333
-15.6792
-20.7906
-28.5721
-31.0288
-29.7304
-34.4917
-35.4726
-31.8806
-26.3551
-18.3861
-11.6315
-8.2811
-5.8398
-6.8038
-0.9033
3.7173
3.3730
3.0523
-5.2101
-10.4891
-3.9682
0.0849
3.0478
7.1313
8.1307
10.1863
8.1162
-14.5713
-18.9398
-3.9887
-7.1577
-14.3619
-18.0302
-17.9209
-11.5694
-2.1289
-2.6817
0.7422
1.8941
-0.7602
5.6337
0.9824
-0.8153
-7.0516
-8.6859
-10.1264
-8.8063
-1.6325
-0.0974
0.7566
4.5503
6.3146
6.5089
0.7540
-6.8796
-3.8724
-10.3056
-17.1670
-23.0622
-27.7170
-29.3344
-24.1847
-11.8391
-1.9817
7.7726
16.4645
26.4755
29.7908
30.4822
5.1818
-7.8812
-9.0595
-11.2544
-3.1549
-1.4575
-3.0850
19.7407
20.7532
17.3401
16.7636
17.9782
13.4495
7.3233
8.0533
7.5945
5.9544
-12.9010
-27.5299
-31.2612
-23.8536
-16.6793
-9.0060
-5.0242
-2.2325
-6.9771
-30.5364
-35.5617
-34.9375
-29.1875
-28.6191
-19.9599
-14.1668
-12.7437
-8.0365
-1.6662
1.7701
-17.3919
-21.0075
-17.4201
-11.9971
-12.7041
-7.6025
-14.0436
-17.7230
-12.5834
-17.1675
-31.8357
-38.0700
-31.4194
-21.6676
-20.3805
-28.3503
-24.7184
-19.5823
-19.7445
-22.4370
-22.6270
-11.8165
-10.4610
-11.9863
-21.1562
-27.9452
-22.5897
-23.0408
-20.0342
-9.5869
4.0267
6.3349
4.9278
4.1184
9.0167
0.0076
-10.4453
-9.1147
-7.5532
-4.7212
-6.9001
-21.6661
19.6799
34.8945
27.4836
19.9841
17.0568
13.4946
12.8957
8.1277
7.7740
4.9708
2.3848
4.3087
2.3173
-13.1471
-23.4541
-17.7694
-19.3452
-23.9379
-26.9953
-18.3961
-13.5663
-6.2690
4.5214
6.5929
6.0301
2.5005
-10.4528
-7.9992
-11.5192
-22.6437
-30.7918
-28.8059
-20.6978
-11.1830
-4.0411
-2.6874
-1.2958
-1.5218
-0.0930
1.3366
4.1796
6.1616
5.8431
2.6125
1.5363
2.8154
2.5179
1.7723
-1.3198
-0.6802
1.7203
3.0081
6.9622
7.0381
5.4520
4.2239
3.8068
3.3344
2.7901
5.4841
8.1220
5.9297
4.3004
1.5905
6.9387
9.8404
7.4860
-10.7250
-23.7256
-33.3177
-31.6534
-26.2019
-22.2602
-16.6360
-14.1554
-23.0532
-22.6366
-8.7103
-0.1313
-13.0065
-22.5518
-21.4690
-24.2976
-8.8022
2.8241
8.0557
-3.1276
-7.6210
-2.4925
4.2686
0.2249
-6.4171
-12.7491
-14.6026
-15.7228
-17.9230
-14.1731
-17.9934
-38.2419
-40.7741
-27.4424
-9.8577
-2.7574
3.5799
4.0004
2.9845
0.9993
2.5908
3.6690
-0.1860
-5.6564
-8.5556
-17.9004
-20.0369
-18.5814
-24.8920
-29.2270
-34.2988
-36.4910
-32.8526
-20.9495
-13.2514
-23.0208
-24.9964
-17.3680
-23.6705
-31.8457
-44.0004
-43.6341
-29.6643
-21.3829
-17.7099
-5.9884
1.8098
-2.0652
3.7352
5.7424
3.5509
-0.3292
-5.3566
-18.4439
-26.5312
-22.9453
-25.0689
-30.1859
-22.7889
-14.1802
-11.5139
-11.5297
-14.6347
-16.6065
-16.8615
-17.2225
-13.7618
1.1503
4.0866
-15.8949
-18.5541
-16.9843
-2.8405
1.4362
-2.8025
-4.2945
-0.2397
-1.4279
-6.9598
-15.8731
-27.9427
-28.0220
-18.2009
-10.3922
-2.9275
-2.3089
-7.9321
-16.4918
-25.3946
-28.2044
-28.4170
-17.5221
-18.1166
-15.5106
-9.5139
-7.1196
-3.8752
-7.7933
-23.9453
-43.2574
-49.4317
-42.4491
-31.2594
-29.6240
-33.0417
-29.3114
-24.3760
-21.4030
-25.9693
-43.0310
-46.5761
-44.4603
-39.8564
-31.3579
-20.3479
-5.8560
0.6513
2.4260
1.5719
2.0635
-3.5407
3.8779
13.8740
18.0201
21.4537
21.6205
14.6979
8.1138
-26.2948
-19.8868
-22.3478
-13.3400
-7.4340
-12.2526
-10.4672
-24.8704
-33.7943
-26.1997
-16.1399
-16.8568
-13.6569
-6.5624
3.1808
-4.6032
-16.0175
-26.4756
-51.5639
-53.8484
-52.6732
-45.8720
-36.3220
-30.2311
-23.3280
-13.9132
-3.2865
-3.0291
-15.1474
-23.3602
-16.0264
-9.3923
-10.4321
-6.2850
-14.0293
-26.1036
-38.6475
-34.6456
-27.1411
-16.2300
2.0054
-2.6261
-9.8423
-11.9981
-11.4240
-14.6607
-19.0627
-19.9163
-20.0270
-28.6572
-33.4669
-28.5219
-30.5681
-22.4043
-10.3927
-4.8369
-5.1101
8.8617
19.0977
9.2328
-18.0156
-21.0021
-19.3084
-18.9614
-28.1367
-27.5364
-31.4068
-31.4133
-34.1994
-33.2230
-20.9089
-22.6602
-22.4536
-21.3315
-22.4035
-29.5792
-32.6818
-18.8612
-11.2979
-9.8331
-5.9295
-3.3918
-5.2773
-5.3339
-3.4054
-4.5378
2.4546
5.2542
5.4396
3.4854
0.9364
-6.7344
-10.7686
-12.5660
-7.5762
-7.6302
-11.4095
-10.3538
-1.2295
6.5296
5.8792
-3.0698
-11.0286
-14.1415
-10.7351
-15.3634
-24.6226
-25.0544
-26.2131
-22.8644
-14.6756
-9.2660
-6.5720
-25.5420
-30.1512
-27.8743
-37.7326
-42.2216
-37.2932
-22.5657
-7.5048
-8.0797
-15.2191
-17.1832
-8.7695
-8.5178
-22.1936
-34.0228
-38.6406
-26.1259
-16.3971
-1.6981
9.1972
-11.7710
-22.7524
-25.7912
-18.6453
-14.5631
-16.5907
-11.7307
-7.9426
-6.7527
-9.8046
-16.4125
-20.9693
-20.7738
-16.5696
-17.9776
-20.8463
-22.6743
-35.1761
-37.7770
-37.6708
-36.8449
-31.7738
-33.8227
-28.0580
-15.6955
-13.9657
-13.2145
-14.3189
-16.0933
-14.8459
-7.6938
-7.4827
-12.2834
-2.5901
3.8105
-8.0234
-19.4805
-24.2934
-35.0790
-40.7903
-42.9270
-39.2733
-25.2471
-21.4742
-26.9584
-41.7823
-41.8799
-31.9830
-24.3102
-22.2236
-21.3866
-16.9630
-10.5825
-0.0854
5.4694
11.6731
12.8545
12.7945
9.2059
1.5793
-0.3533
-2.5698
-11.8837
-16.6375
-14.0167
-13.7516
-15.4413
-20.3645
-19.6696
-8.8930
-23.7962
-32.7920
-25.4616
-25.0260
-23.5877
-40.6628
-52.5721
-57.1580
-52.3684
-44.6331
-26.7334
-7.1934
3.6224
-1.1934
-2.1256
-1.5908
-2.0667
9.9321
12.9947
-2.1315
-16.9282
-18.8707
-14.7086
-19.8953
-18.9887
-11.9612
-6.2979
7.8682
10.2368
13.1014
6.3814
-10.6316
-15.7846
-11.6901
-4.5200
-3.2404
-3.5800
-7.8822
-9.3659
-4.9420
-5.2120
-11.9866
-20.6322
-19.9569
-18.3554
-28.0648
-24.5444
-16.0868
-22.6200
-26.2639
-19.8630
-7.5997
-1.5817
-5.5712
-17.2736
-18.7459
-15.3321
-9.4528
-6.7961
-7.3687
-26.2009
-34.8574
-28.0442
-21.3940
-23.7357
-28.7242
-24.6301
-21.2759
-18.0026
-9.6238
-13.1064
-15.6057
-15.5727
-21.3873
-34.5564
-25.9110
-22.7913
-30.8943
-37.1138
-39.5557
-34.6154
-19.4215
-10.0762
-3.4729
-0.5528
2.6470
3.2245
-7.9547
1.1106
-0.0532
-14.7779
-19.2262
-32.1659
-35.7871
-32.4645
-30.7739
-29.0244
-28.6075
-24.7267
-8.4753
3.7139
2.5029
-22.4405
-18.8117
-15.6854
-28.0331
-35.1110
-32.9262
-27.2789
-13.0215
1.6032
17.4345
26.2087
20.9846
18.6280
15.4324
15.6556
20.3012
28.2268
32.1808
20.2721
4.9754
-4.5586
-9.6855
-8.2246
0.0711
3.7169
5.9303
8.4362
11.1222
11.9445
13.0781
15.1595
12.1291
8.5490
-2.6256
-2.0728
-5.2764
-8.0703
-9.5312
-26.5953
-32.6112
-33.1823
-31.2924
-21.3800
-23.7178
-14.0271
-12.0681
-17.0860
-20.5377
-28.5480
-32.0289
-23.9239
-17.4856
-8.7187
-5.9723
-13.4427
-11.1889
2.3981
10.0871
15.0556
20.6431
13.7403
0.7161
-6.0777
2.0282
6.2615
3.9387
2.1219
-2.9528
-5.5956
-5.8482
-18.4423
-22.2809
-11.1118
-1.8349
-6.9047
-13.7904
-15.4187
-18.7496
-20.1175
-13.1838
-16.6608
-21.7046
-20.3145
-19.0800
-21.5003
-23.6706
-22.0623
-16.2288
-9.2511
-3.5955
2.1187
-0.4038
2.3674
6.6136
-8.7983
-11.5570
-10.4909
-19.8787
-29.0306
-20.1729
-5.0477
-4.3058
-5.6699
-14.6833
-28.8521
-32.5201
-29.1860
-23.1944
-33.2635
-30.0931
-26.2654
-21.1102
-20.4521
-22.7860
-15.2469
-12.9234
-13.2959
-13.9381
-9.7878
-6.3346
-3.0245
4.5664
4.6568
-0.1503
-0.0678
-3.6298
-7.6715
-16.4145
-26.5308
-26.7080
-21.4811
-15.5803
-6.0766
14.1011
20.3207
14.1871
3.0276
-4.0249
-10.0653
-11.5909
-12.7580
-33.3842
-29.8536
-24.2490
-20.1367
-14.4599
-12.4831
-1.2496
9.6679
10.8233
18.1709
16.6626
14.3394
12.4277
7.9456
-0.2041
-3.3462
-0.0691
-13.8154
-25.4711
-11.5730
5.1573
19.1889
23.9387
10.0251
-12.7644
-12.0305
-3.4472
-7.9479
-13.0622
-17.9614
-18.8935
-14.6664
-4.6143
-20.0079
-23.6008
-29.5485
-30.1253
-17.3983
-3.8604
-1.7699
-1.3392
-3.2464
-1.7238
-14.2655
-15.1877
-10.1523
-4.2738
-11.1023
-13.9708
-14.4850
-19.5482
-30.2782
-16.5470
-15.8175
-17.7835
-27.4214
-30.5250
-23.2207
-21.2667
-16.6825
-20.5830
-21.4649
-18.7365
-13.7240
-5.9902
-3.4324
0.1354
4.5504
11.4656
13.0297
19.1048
15.7189
11.8791
15.1910
9.0986
-5.8374
-8.9278
-6.3571
-3.2014
-3.3748
-1.6578
1.7602
5.4974
7.4835
-2.7172
-13.8645
-13.4244
-15.0731
-15.5115
-12.9741
-13.2132
-14.0898
-8.8070
-7.2425
-15.0375
-20.1500
-26.4503
-33.7186
-37.4917
-34.2352
-32.3089
-32.2501
-27.2501
-20.7379
-7.8121
-1.1453
4.3680
4.3059
3.9898
3.1297
2.7036
2.9903
2.1756
2.8786
3.6007
4.4605
7.8549
9.5418
8.0331
6.9132
5.8500
4.6063
4.6036
6.9020
6.7553
10.2809
11.1914
12.4339
12.9579
10.9703
-11.2196
-7.9109
-0.6669
5.1927
2.5697
5.1339
4.4436
3.2557
2.3511
4.3452
7.4863
4.5042
5.3668
12.5695
21.9830
24.3467
14.8392
4.1605
1.9659
0.9499
0.3519
2.2844
3.1081
3.3294
2.3903
1.6850
2.1385
2.0013
-9.0799
-13.4566
-10.0307
-2.8951
2.3475
8.7321
13.3432
11.6246
3.9430
11.8833
21.6234
23.8064
15.9177
-9.2727
-17.7462
-17.2947
-14.6679
-18.1020
-19.4577
-10.8825
-5.4716
-1.7276
3.3032
0.9878
-1.8489

Coefficient 10:
0.0000
7.0908
7.8726
4.7210
-0.5658
1.3343
1.8920
6.4498
15.9597
27.0591
19.5817
11.2561
9.9050
8.2230
8.1574
0.1132
-5.2668
-2.2160
-2.7887
-0.5364
3.2140
5.1663
3.8634
2.5627
2.5294
-4.7311
-12.3354
-11.3618
-8.8911
-7.4553
-0.9996
1.2653
1.2062
2.8342
1.8720
-0.5836
-0.5333
-1.5478
-2.7120
-4.9715
-2.6059
2.8885
12.0046
15.2055
6.3349
0.0562
-1.1849
-4.1252
-4.0449
-2.7180
-7.8254
-9.5197
-15.0155
-19.7673
-14.4780
-12.5668
-15.9982
-13.4169
-11.5227
-8.0479
-19.0595
-21.9319
-12.5418
-6.1645
2.5058
2.4250
0.7508
4.5788
-0.6292
-8.5235
0.3522
3.2365
-4.9870
-6.6403
-9.8269
-15.4892
-22.0162
-28.5612
-22.1581
-16.0908
-18.6035
-12.7520
-7.5165
-8.3918
-7.8265
-7.4109
0.9777
-5.5810
-15.2322
-17.1149
-13.4072
-0.6821
15.9789
15.3908
0.5034
-3.4803
-5.2327
-4.5814
-1.6701
7.6268
6.4999
3.2462
-0.9949
-10.1205
-10.5923
0.0539
-0.5001
-7.9544
-9.6012
-10.5364
-7.7528
-4.8470
0.5616
-9.2522
-15.6114
-4.2062
3.5185
3.3171
2.5183
-6.4827
-4.9021
-0.7104
-0.2209
-6.4925
-9.4688
-3.4871
4.5852
-8.5931
-13.7260
-11.0813
-6.0805
-6.9154
-5.4045
1.1705
0.9910
0.0823
4.4386
3.4194
-0.8616
0.0014
12.0312
7.2176
5.7647
2.0284
0.7784
3.2354
-4.0981
-10.0840
-10.9481
-3.5508
-1.4167
-5.6072
-1.7397
7.8522
10.1373
1.6353
-2.9904
-1.6712
-1.5659
-7.4351
-9.3831
-6.6469
7.7858
11.0648
11.1719
17.3119
21.1054
19.7660
12.7280
7.3136
5.7639
4.0328
6.4787
10.8025
16.4148
14.4069
0.0734
-4.2240
-9.0983
-7.3606
-5.8618
0.0538
4.6473
6.1445
0.3388
2.7830
6.4889
9.7538
14.6163
13.3495
10.4963
8.5341
8.8522
10.3592
13.9737
14.9397
12.4248
3.4323
7.3206
31.8114
38.3219
32.7579
19.8740
9.7661
-14.2140
-18.1249
-16.7841
-20.6196
-31.7594
-21.5223
-12.1644
-4.1067
-2.3046
-6.2094
-7.0919
-11.0685
-14.6069
-11.1311
-6.6933
-2.4240
1.7731
4.0234
-1.8756
-15.1073
-20.8539
-11.8056
-2.7239
-4.5199
-6.4070
-1.6300
0.2671
0.5862
1.4095
-0.1756
-0.9520
6.4849
3.2224
10.0047
2.0370
-2.7496
-8.2833
-0.9825
9.1119
6.3352
-3.5866
-2.5028
2.0042
2.3196
4.9535
21.8732
23.0158
19.5561
15.8296
5.7821
0.7032
-4.9247
-12.1895
-8.0331
-2.1291
1.0203
-1.6094
-19.0847
-21.4561
-18.0657
-10.7967
-7.2671
-8.5462
1.0586
-7.0888
-13.6412
-16.4188
-16.7525
-21.7474
-23.5711
-16.4553
-11.0545
-12.9220
-12.3306
-11.5648
-8.9773
-9.9318
-9.4526
-9.8939
-11.3879
-7.1507
-9.8005
-8.4816
-8.2557
-4.4217
-0.6278
-3.0934
-1.0833
0.1571
0.7407
2.6935
6.3894
3.0509
3.5216
-5.6598
-17.6901
-8.5870
4.8377
10.2362
-5.8852
0.0488
20.1770
25.6630
8.4614
1.3819
-5.3984
-8.7895
-10.7810
-7.2735
-11.8163
-25.0965
-28.1509
-16.1947
-3.5301
1.4718
-0.2554
-4.8559
-4.9339
4.8617
11.3387
10.7341
7.2192
-1.4819
-13.5566
-10.5564
-0.5269
2.7413
0.1513
1.7690
-7.0121
-12.2504
-7.9714
-0.2970
0.8532
0.8160
-6.2994
1.3790
-1.8171
-9.0189
-10.7640
-4.2899
-6.5313
-6.8906
-4.6523
2.6469
8.4824
8.5287
7.1143
10.4189
14.2239
12.7502
5.9020
0.2834
-7.9719
-12.3672
-10.6230
-9.0953
-9.2465
4.0160
2.8751
-9.4385
-14.0007
-14.6742
-19.9638
-26.1707
-21.9705
-23.7685
-21.2285
-18.1966
-15.3966
-12.2951
-10.9972
-21.8844
-30.1462
-30.7455
-22.9604
-17.5781
-21.1156
-21.5828
-24.9126
-20.7451
-16.1703
-19.1766
-21.7507
-16.3521
-0.1400
11.4781
13.9851
11.0429
9.5652
0.9046
-0.0429
-0.7752
-6.9813
-7.3729
-6.8323
-8.1283
13.5929
9.9856
-1.9070
-6.2495
-6.2384
-7.3337
-5.1668
-1.0113
4.8925
9.1063
4.9685
-3.4644
5.6741
8.0590
6.8953
4.1664
-1.1732
-3.8733
-3.3860
-4.2865
-9.3760
-14.5866
-14.0249
-10.5834
-9.2910
-12.6704
-14.7796
-15.5945
-14.3680
-15.4947
-16.9981
-10.1458
-7.6160
-6.4797
-8.1658
-2.0355
-7.5006
-20.8686
-18.0687
-4.3572
-3.8925
-2.3138
-2.0814
-6.6969
9.0749
3.5290
-9.0869
-13.0272
-11.9013
-18.6093
-14.6188
-13.1374
-10.8657
-10.0776
-9.1033
-9.0289
-7.7747
-9.7318
-6.6602
-2.8185
-4.8690
-5.9648
-5.6567
-7.4139
-10.4753
-3.4632
-4.9739
-9.8474
-5.0000
-0.6266
-0.8589
3.8663
5.8567
1.6671
-0.0604
1.3320
-1.5211
-9.1702
-5.8054
-6.7344
-4.9613
-3.8555
-1.5233
-8.8909
-19.0760
-16.9170
-12.9735
-11.8768
-7.3498
-9.3080
-9.7807
-2.4811
4.6215
0.6853
4.3407
4.1522
-15.0935
-13.6752
-15.6067
-10.8074
-8.7767
-16.4998
-25.2618
-29.6498
-28.3675
-21.2667
-16.3212
-14.0347
-11.4948
-11.6592
-3.7284
2.0003
4.7749
7.4298
10.8759
11.2793
6.0814
3.0942
3.4059
6.7731
12.8601
20.3162
23.1675
11.3799
0.9356
1.1023
1.1009
5.1712
7.7675
5.4298
-0.1756
-2.4457
1.3053
7.7136
-1.2162
-4.7631
1.2610
0.4173
-0.8923
2.5395
-6.7892
-10.0959
-9.0772
-6.9044
-6.4726
-4.9457
-8.7198
-15.6237
-16.9339
-9.0471
-6.2824
-7.2909
-11.3497
-15.6464
-19.2807
-23.5713
-19.8351
-4.0817
3.3036
4.0501
1.0692
5.3662
4.2828
5.2720
-2.0840
-14.6697
-13.2986
-8.3728
-10.0236
-11.3871
-29.4799
-28.8732
-21.3428
-9.7731
-1.0200
-3.0514
-7.6044
-12.9396
-15.6561
-3.0714
-1.3813
2.1412
7.7216
2.9605
-8.7968
-18.2255
-14.9891
-13.9836
-9.2478
-8.5993
-13.8681
-17.7038
-13.2915
-8.1297
-7.9214
-16.0562
-16.2710
-21.6017
-16.6699
-8.6905
0.6920
1.4466
9.1979
14.7091
7.0512
2.2877
-0.1945
-6.7711
-18.6710
-24.7600
-24.1029
-20.1536
-7.3642
0.3074
-14.6726
-24.6893
-16.8472
-17.9541
-18.8827
-12.0087
-1.5372
7.8392
8.0888
3.0490
-2.0108
-9.4528
-6.2074
-6.1554
-5.4003
-6.1881
-8.7482
-15.2736
-18.6131
-13.8028
-6.7803
-14.1208
-13.8013
-10.5444
-10.6723
-7.3312
-5.1060
-17.8147
-19.0796
-16.7823
-12.0280
-10.4928
-9.8596
-2.0079
-0.7329
6.5775
-0.4863
0.3284
4.7283
8.2930
4.8683
7.0819
0.7404
-7.8414
-11.3070
-5.5181
-5.7123
-8.5752
-24.2255
-37.4593
-37.7363
-33.1177
-32.4327
-35.4826
-29.9612
-21.3033
-18.0292
-18.7563
-20.4079
-14.0736
-10.4413
-12.3040
-16.5770
-20.4456
-8.3904
-3.2940
-10.0221
-7.3555
-4.3716
-0.8295
2.2441
-6.2752
-15.7940
-17.3928
-14.4347
-13.3821
8.6983
21.8103
16.6418
7.1261
-1.1994
-11.6019
-12.0516
-5.3085
2.6703
0.2093
0.9111
2.8501
0.9956
0.6492
-7.3575
-8.9743
-4.7911
-11.2417
-20.0900
-26.4902
-21.4195
-10.8844
-1.2679
5.7050
8.1964
4.8154
1.2404
1.2275
6.0374
-0.8800
-12.6135
-18.5975
-16.0674
-23.7904
-27.5822
-27.7236
-29.3636
-25.9628
-13.1212
-8.7792
-13.8701
-20.1379
5.4100
15.9405
18.0265
20.9801
15.1090
-5.9869
-1.6400
3.7696
-0.5981
-6.7003
-6.8259
-9.4884
-10.1903
-12.0844
-10.0991
-16.0627
-22.7148
-23.3027
-13.0793
-3.9733
-0.6697
1.6083
6.6739
12.0567
9.2490
1.9345
-0.8533
-0.1762
-1.1948
0.2796
5.3900
7.9688
5.0725
1.3137
3.2167
7.2571
5.2233
-6.1518
-7.0474
-1.6172
-6.3330
-15.2277
-14.8094
-11.6005
-11.9458
3.5008
10.5500
18.3285
20.9761
12.4111
9.6166
5.9867
8.7386
7.1705
-0.0434
-6.1078
-9.2332
-4.1949
-8.7452
-3.1935
-0.4902
-3.7317
-0.7246
3.9838
7.3496
6.3757
-7.2438
-5.6362
3.6766
14.4419
11.9724
-1.7681
-15.7857
-25.2424
-24.0430
-18.9993
-13.8237
-10.4179
-5.1926
-19.3696
-35.0238
-36.9330
-25.2439
-16.3096
-9.6732
-6.0458
15.8751
26.2258
29.2695
20.2049
17.9301
17.9655
3.3018
-14.7136
-13.6066
-9.2248
-17.5965
-24.8269
-26.5666
-23.1587
-15.2055
-4.5413
-1.2107
-2.0483
-7.7684
-23.2133
-20.3611
-10.1867
-7.3855
-2.3035
6.9475
4.8500
-2.7086
-3.4902
-2.7406
-5.2378
-12.4670
-13.7229
-6.9287
0.0620
3.5302
-5.0085
-11.3045
-8.5289
-4.5002
-14.1219
-24.5812
-19.6701
-14.2573
-15.0010
-18.2270
-17.5902
-18.4625
-14.1669
-10.7240
-15.0414
-23.0067
-19.5922
-16.5876
-20.6002
-27.3515
-20.7960
-14.0652
-18.0573
-22.0910
-23.9808
-28.1077
-27.8231
-28.7665
-30.0484
-22.8300
-5.1190
-20.2164
-13.8894
-9.0677
-11.0465
-10.0482
-7.2803
-31.0407
-33.0835
-28.8577
-34.2804
-45.3707
-41.0020
-36.5521
-38.7665
-38.6894
-35.4041
-26.5150
-19.0594
-8.3210
-13.6965
-31.4618
-32.0040
-29.0548
-31.0684
-24.7491
-18.9145
-14.4970
-6.5002
-8.7329
-10.8765
-14.0343
-16.4742
-30.2904
-24.3938
-12.5202
-1.0274
8.2870
5.9508
2.2282
2.0010
3.5442
-0.9786
-6.4516
-6.2367
-1.6856
1.0483
3.1296
4.9776
4.2835
0.8133
0.2693
1.0853
1.0523
0.1639
-3.0747
-2.3517
0.2903
1.6303
5.6216
5.7671
4.1907
2.7290
2.5503
2.3592
2.0425
4.3509
6.8508
4.6993
3.2138
0.8201
5.7276
8.2331
6.1269
-10.4886
-14.9713
-18.3559
-18.2767
-34.8922
-36.8992
-38.0960
-33.9777
-29.1645
-32.9908
-37.0369
-32.7724
-20.3999
8.4310
31.2725
26.5191
0.8651
-10.0486
-13.0120
-5.5755
8.4992
12.0673
9.3745
20.3604
23.4612
22.6860
20.0648
17.2580
14.2354
17.1451
5.3219
-2.4135
7.9134
10.3899
6.6005
1.5055
-0.7147
0.0133
-1.2757
0.8155
5.1557
0.3425
-9.4112
-12.8680
-10.1544
-15.4082
-13.8101
-11.6768
-18.2317
-14.5378
-10.6922
-2.2300
10.3768
10.4776
6.9769
-8.1919
-16.8158
-10.9782
-16.0050
-21.9758
-22.6511
-14.3498
5.9461
21.1274
20.3940
22.1942
23.3439
10.8603
4.8758
0.6158
-0.2517
-4.0828
-4.4215
-0.5084
-0.0302
-2.9835
-14.2398
-22.6930
-19.3461
-26.3148
-32.0950
-26.9439
-20.6816
-19.3796
-19.8507
-24.9206
-26.4932
-21.4738
-16.2061
-29.5100
-34.7459
-26.7957
-22.3391
-24.1231
-8.4374
7.7362
16.2668
10.5155
1.1925
-8.2490
-7.7480
-7.9800
-0.7129
6.6535
12.0809
6.2886
-9.7850
-16.9953
-24.9227
-27.3804
-23.3133
-10.1131
1.3041
0.9411
4.3395
4.9399
7.0198
0.5939
-12.1958
-18.9736
-24.8438
-22.2512
-17.5505
-21.9153
-14.0863
-0.1529
3.8958
-7.4659
-17.5783
-23.6225
-25.6101
-29.5270
-37.9526
-37.9655
-24.2938
-7.7151
-1.1802
0.9528
0.6759
-10.0670
-20.2203
-22.6608
-21.0712
-20.3195
-7.9134
1.1670
6.5186
1.3083
-37.7038
-36.4298
-24.4851
-23.7290
-23.8603
-20.6620
-17.2276
-32.4721
-32.6530
-29.5800
-25.1335
-22.1378
-20.6479
-12.4695
2.5160
-6.1696
-16.6537
-20.7228
-13.0099
-6.4347
2.1306
0.4393
-8.4917
-19.3320
-25.4239
-30.9576
-20.6335
-14.0625
-25.6928
-33.1666
-22.1794
-17.0763
-11.3124
-8.5219
-5.7683
-3.5791
-0.1652
6.9853
11.8795
13.0590
4.3392
-6.5590
-13.8739
-13.3412
-7.1901
-4.9768
-7.2378
-4.5847
-1.1583
-5.5676
-5.5212
-2.0943
-16.4052
-47.4948
-60.7299
-71.4195
-49.7853
-33.0331
-23.1823
-21.5036
-6.6360
0.6236
0.8333
-0.6118
-12.8717
-6.3492
4.8284
7.6019
12.7385
26.4628
21.4964
10.5564
3.0053
7.8016
9.0010
2.4163
14.2161
22.4685
20.3896
11.5353
1.3890
-0.7784
0.3919
11.4288
17.1536
22.5231
15.3657
7.6391
5.0695
2.9069
1.9359
0.6348
4.5598
1.8320
-7.7855
-24.3472
-21.9130
-4.9389
10.1538
5.3699
-1.3735
-1.0044
7.6403
13.8029
20.4321
25.6829
28.5590
25.1168
17.2629
14.1926
5.9080
1.1649
4.3077
-7.8006
-10.0065
-9.9098
-3.5957
7.7240
16.3329
26.7221
29.0389
22.1985
12.1840
8.1356
4.3391
20.6763
24.1029
15.0020
1.9792
-6.2535
-15.1154
-11.5858
-12.4771
-22.1606
-22.6823
-19.8483
-21.4479
-16.6569
-10.5506
-14.5387
-19.1669
-26.2901
-21.4844
-11.6600
-12.4621
-8.4106
-9.5654
-8.3322
-4.6867
-6.5327
-17.7450
-23.5372
-21.9152
-20.6762
-13.1431
-1.4722
9.1642
14.0982
6.3433
-0.4381
5.9541
13.6212
20.0085
16.1140
9.5268
1.3454
0.6087
-2.2349
-6.1866
-11.7179
-15.9028
-29.1934
-39.4962
-44.2276
-36.4625
-32.1909
-31.5929
-20.2523
-18.3174
-21.0684
-16.6691
-12.4652
-12.9620
-26.0648
-30.0050
-22.1054
-3.5958
0.2215
0.9456
-0.2271
2.4121
9.7940
15.0528
26.3867
28.1611
20.3955
8.7203
-3.4659
0.8129
6.2606
8.1342
1.6413
-1.2861
3.9477
4.5850
0.3022
-6.7715
-6.7096
-11.9713
-13.6104
-7.9867
-3.5338
-10.6634
-12.5590
0.2603
2.5286
0.3703
3.4924
6.8003
14.1778
10.6133
8.2525
2.0356
-3.7794
-1.7079
5.0602
-4.4875
-2.6544
-3.2536
-6.8438
-17.5969
-26.8089
-22.2998
-9.5001
-6.0206
-9.6336
-12.8424
-17.1692
-17.7036
-22.3775
-22.0663
-15.3130
-13.4950
-10.6264
-2.0660
2.6217
7.7675
7.2866
6.9528
0.2716
1.5123
3.0064
13.4949
27.1134
31.8333
25.0481
4.1685
-11.4780
-10.4503
-7.7913
-8.2340
-9.5008
-13.1419
-29.2516
-33.4054
-25.7006
-22.6700
-20.9038
-8.5996
1.1189
3.7507
-0.4250
-8.8892
-7.4371
-8.3746
-8.9597
-9.6582
-20.6681
-23.8030
-20.8477
-12.0283
-5.8241
-4.2261
-11.6816
-8.8837
-4.6622
3.4701
6.5116
2.0700
1.4586
5.0434
-3.3676
-10.6340
-24.3392
-28.2029
-23.4169
-14.7445
-5.7002
0.7762
2.8855
-1.0054
-8.2297
-9.5779
-12.4063
-16.0220
-28.8095
-24.4944
-15.3078
-17.7868
-13.2195
-5.8549
1.7601
1.8582
-11.2088
-14.5484
9.6438
21.2647
24.7787
20.5773
11.7840
-0.5244
-4.9585
-9.1338
-9.2621
-4.1527
-0.8766
-7.7946
-9.4433
-0.5425
1.1283
0.5106
-1.8185
-3.3915
-4.4059
-2.8494
0.5095
1.5323
3.0453
13.1621
-3.0550
-2.8744
0.2681
-7.0364
-23.3160
-23.9465
-22.1761
-14.4507
-1.4023
-18.7533
-23.7105
1.8197
9.5933
5.1439
-1.1903
-5.1628
-2.0141
-1.2305
-2.0832
0.3874
-7.5175
-20.6409
-17.4121
-4.7716
-7.8250
-9.8667
-0.8391
-0.8232
-5.7807
-1.3213
1.7831
1.5420
8.1040
2.8220
3.2624
2.6718
-13.9496
-18.2507
-0.4921
10.6201
10.8349
-0.6890
-10.1525
-12.5909
-8.7700
1.1932
0.3697
2.1693
2.6422
-7.6627
-15.8092
-18.9166
-11.9503
-3.3275
2.0120
12.2210
17.9096
22.1870
23.7987
22.0037
4.0823
4.2324
2.3897
-5.7112
-6.6535
1.3540
4.4770
-2.9973
-7.8718
-21.8718
-33.1290
-34.7284
-32.2246
-11.4258
3.9489
8.7279
3.2315
-4.4622
-12.5214
-12.6408
1.2036
7.2047
6.6332
1.3788
1.6177
-0.0906
-3.4391
-1.9859
1.8589
1.0824
0.9977
-3.9738
-10.3056
-14.4556
-11.9413
0.7503
10.1079
9.3267
4.8335
4.0035
-10.7684
-16.2367
-1.9257
2.7162
5.0282
6.1831
5.9672
14.2374
12.5986
7.6758
8.2171
3.3449
-8.8848
-6.4156
-3.6844
-8.1926
-10.0504
-3.6123
2.9321
9.0996
9.3618
11.3688
11.4186
12.9120
-2.5482
-21.6906
-30.4140
-28.7321
-17.3847
-5.3541
-8.2900
-16.3050
-4.5258
-0.9035
-1.7266
-7.3445
-13.8982
-18.6592
-17.2641
-7.9662
-25.9253
-30.0965
-26.9105
-22.9598
-12.1230
15.9685
29.9351
28.6323
14.2687
0.9131
-16.1745
-18.2066
-15.5422
-12.3389
-4.5025
-3.9085
1.3733
8.6912
5.6098
13.0690
17.2988
19.7520
12.8622
10.4894
10.0138
8.9363
4.2137
-3.7682
-14.8468
-18.0550
-14.8627
-9.6093
-8.4096
-0.9393
9.3096
-0.9274
-7.6577
-4.7178
0.4881
3.2078
-2.7383
-5.5035
0.5918
4.1348
2.7075
10.1968
10.6964
9.9130
9.9453
8.1350
4.1953
-2.1971
-10.9517
-11.0659
-11.3711
-14.1370
-23.4598
-27.7404
-25.7737
-20.9951
-28.2901
-27.3697
-22.2031
-23.5041
-22.7107
-17.0766
-7.9381
-8.1259
-11.3268
-13.1684
-12.9452
-6.5366
-1.2057
3.2745
3.6317
3.2760
2.5425
2.0222
2.3099
1.7448
2.3253
2.8564
3.7616
6.5882
7.8831
6.7531
6.0100
5.0745
4.0532
3.8091
6.9520
7.9794
10.3970
8.8984
8.3222
8.2283
11.1136
8.0532
8.4276
2.2389
-13.0015
-8.9885
2.6878
2.6318
2.4124
1.4881
2.9306
5.5790
5.2242
11.1440
20.2360
26.6749
23.9759
14.9898
4.6919
1.3217
0.2072
-0.4751
1.7309
2.5630
2.6085
1.6761
0.9884
1.5148
0.7664
10.3638
20.0089
8.7505
5.3549
0.2278
-11.1413
-13.7480
-7.8480
20.2539
22.5465
16.5399
19.0207
9.1057
-29.9249
-18.2733
-11.1239
-9.2022
-10.4119
-10.7448
-9.3514
-13.6336
-11.0405
-1.9222
4.1964
5.4101

Coefficient 11:
0.0000
-0.1448
-5.3151
-2.7389
-1.3679
1.1738
3.0428
7.3144
17.8305
27.8910
21.5683
12.2667
6.6511
5.0364
5.4361
0.3803
-4.6846
-2.7336
-2.1122
0.0068
3.3654
2.4013
1.8377
1.9694
2.5029
6.5553
-0.5090
-3.9520
-6.3982
-6.2992
-0.6866
0.0554
0.2830
0.0645
-1.8069
-3.7607
-4.5989
-7.3495
-6.0000
-5.9667
-3.5896
-4.4078
-4.1620
-3.9062
-7.7387
-5.4435
-1.0667
1.1595
3.6751
6.5730
5.3329
-4.3084
-11.0258
-9.3478
-12.0557
-10.5554
-10.5775
-12.0655
-10.8058
-7.2728
-14.9557
-10.8537
-5.9569
-1.7216
2.0785
-4.8002
-9.3811
-9.3579
-10.5803
-16.2254
-18.8445
-18.2685
-17.6267
-14.1202
-5.6085
-3.8103
-10.3062
-10.2567
4.8985
5.5975
1.7839
-3.1791
-8.2085
-8.7697
-9.3365
-8.5660
-6.4273
-3.3294
-5.1182
-4.7663
1.2237
11.4680
13.6227
6.6059
-0.1305
-4.1390
-6.1843
-4.2552
-2.0460
5.6314
3.3130
2.5870
-3.0339
-7.1207
1.3366
6.3405
-0.7726
4.0181
9.2878
4.4573
-1.9388
-5.5547
-10.6441
-16.1671
-21.2815
-17.6710
-12.5663
-8.7957
-10.7821
-15.7527
-16.7434
-11.9564
-8.1309
-8.5336
-10.8034
-6.7754
-3.4967
-12.8319
-14.0726
-10.0256
-7.7468
-11.2068
-8.1259
-2.1580
0.1953
0.5801
3.2850
1.8201
-4.0581
-1.9896
10.3462
9.3835
7.6952
-3.0030
-4.7615
-3.2755
-1.6871
-5.7970
-11.8946
2.2963
3.5162
-1.8390
1.5911
2.0516
-7.5431
-19.1554
-22.4860
-22.2322
-22.3545
-20.2450
-9.4517
-8.0080
-12.1507
-1.7517
-0.7468
-0.6517
-1.3217
-0.4657
0.1134
0.8866
0.5514
2.1955
5.0270
10.1583
16.4885
20.1401
15.3094
7.6276
3.1929
0.0522
-5.4273
-6.8997
-4.4822
2.9464
-7.6947
-7.1993
0.4856
-1.1185
-1.8138
5.1587
2.6102
3.9252
10.4978
8.7978
11.1195
11.7570
8.2984
1.7985
12.9322
20.2458
12.8408
5.3069
-2.4935
-12.5945
-18.8518
-19.4602
-21.3391
-20.1800
-13.1375
-15.3649
-16.9513
-13.8684
-10.3962
-15.0149
-20.8357
-18.5875
-8.1747
-11.0377
-15.0966
-18.3439
-10.9915
0.9038
1.2929
9.2739
12.9475
16.1712
20.0355
14.4489
-1.7971
-10.5769
-8.8011
-8.9986
-7.2445
-2.4835
-3.2853
4.2645
-2.9675
-13.8195
-16.1113
-12.3661
-17.2650
-23.0017
-17.1273
-9.6502
-0.6858
14.4371
19.4059
18.5030
13.5264
7.7776
-4.8482
-12.4380
-14.0189
-18.2451
-20.1340
-16.1205
-16.3176
-9.0343
-2.2000
0.4173
2.5348
8.7606
16.8565
11.0600
3.7352
4.5702
3.8818
7.5031
-1.5070
3.6610
15.8738
23.9515
16.8467
11.5854
13.8009
11.8045
7.0236
7.1972
4.5936
-0.2790
-4.8393
-3.5285
-0.9231
-4.8813
-8.0626
-7.2707
1.0863
4.6969
6.5454
2.5033
-11.2424
-9.3978
-5.6308
-5.2448
-5.4263
0.1832
2.8299
2.9349
-0.8470
-21.6903
-23.3947
-23.0798
-5.6029
6.4093
1.9242
1.3696
13.7381
10.4626
4.2668
4.0905
8.6072
12.4779
11.4922
6.0887
-4.0595
-8.6373
2.4972
7.9694
5.3602
1.9183
5.1043
8.5655
9.6809
15.7417
16.7402
11.4944
1.5037
-1.3624
2.9514
2.0394
1.3465
-0.9693
0.4468
12.4520
18.5065
15.2708
3.3163
1.9187
-2.1847
-7.1919
-5.3590
-4.5799
-10.4712
-16.3253
-13.7524
-13.4190
-14.3558
-12.0688
-6.4706
-2.2748
-5.7266
-3.3751
-5.4681
-7.3429
4.2022
0.9768
-3.6146
-8.9849
-11.6602
-12.0833
-6.7344
-4.4594
-18.1324
-18.5354
-13.9886
-7.1329
-8.0595
-10.2826
-10.5680
-9.9883
-10.7924
-17.9787
-20.4712
-19.9592
-18.7297
-12.3048
-9.1441
-8.9356
-7.8092
-9.2047
-13.5854
-16.4213
-20.9943
-15.5944
-12.7077
-15.2134
-12.6886
-4.2894
3.7352
7.3114
7.4717
8.1524
3.4313
-5.0421
-7.9185
-4.3183
-5.2047
-10.0567
-13.3747
-14.1178
-11.1972
-14.9050
-18.1008
-16.5765
-15.2963
-12.6582
-12.8074
-12.2757
-10.5209
-0.8343
5.6342
-2.2096
-9.9412
-11.0672
-12.3355
-14.2592
-9.4768
-6.4727
2.9497
12.6576
7.2953
-0.5006
-8.0739
-9.4535
-11.1916
-12.6064
-14.5164
-19.8220
-20.9141
-13.8972
-14.9575
-16.0654
-9.5878
-16.6358
-19.1714
-16.8781
-12.2679
-9.8358
-16.8695
-12.6837
-0.2490
5.9876
9.0077
6.4551
7.7151
-5.9609
-10.5458
-18.1266
-22.6943
-17.8954
-18.6078
-17.3316
-7.7707
-6.7199
-10.6415
-15.7692
-17.8914
-15.2292
-10.6765
-6.8484
-7.5690
-8.1222
-8.3583
-8.5142
-9.6643
-7.7687
-6.4431
-6.6082
-8.1664
-17.4691
-18.8140
-19.7715
-5.8416
-6.1943
-8.4855
-8.2578
-10.0769
-12.1198
-15.3979
-13.9008
-12.4765
-11.1311
-11.2766
-18.4333
-25.9280
-19.6323
-11.9081
-0.5277
-1.0973
0.8460
2.8957
0.8406
0.6762
5.0562
7.1229
10.7436
5.2936
-11.6481
-16.3976
-18.8150
-18.7819
-14.5313
-16.4525
-23.3242
-24.7753
-24.9244
-29.6811
-25.7779
-24.8542
-26.6132
-17.0713
-8.5556
-11.1525
-12.3221
-1.8111
7.6002
21.4751
13.8004
3.7780
1.4663
5.0059
6.2908
4.5344
8.3159
16.9813
23.6231
22.2868
11.6200
1.1903
0.0327
1.3791
-2.7898
-2.9204
2.2753
2.3174
-6.4770
-2.3574
3.5640
7.0605
5.2145
5.4670
1.0995
5.4106
8.7511
7.4227
9.6569
5.3195
-9.1487
-34.9468
-42.8847
-38.7258
-39.1583
-36.6903
-32.3014
-23.9014
-20.7588
-23.2565
-26.0504
-24.0260
-17.5600
-19.1950
-12.0593
-4.3912
-2.9200
0.2605
-4.8384
-14.8156
-9.3758
-5.1767
-8.4256
-4.2752
2.1518
-1.9436
-1.9618
-0.9747
-4.3979
-0.8841
8.2467
13.1114
7.2505
2.2128
15.1828
13.2283
6.9846
-4.3095
-7.9606
-22.7694
-24.2802
-25.0304
-28.1434
-28.2518
-23.2977
-26.0081
-33.6826
-31.7988
-23.3293
-16.5740
-1.2534
-1.9026
-6.6163
-6.0493
1.4440
8.5115
6.7847
-3.6672
-13.0854
-16.4294
-21.6012
-32.1365
-34.7903
-29.6846
-25.2772
-18.5618
-8.0230
0.3686
-11.7985
-13.0978
-9.5587
-8.4063
-6.2800
7.0929
20.2065
27.3082
26.5244
12.5350
5.4114
-1.4656
-1.3516
-3.9109
-1.7787
-4.5613
-7.7616
-10.6236
-11.2992
-14.1065
-21.1864
-27.0574
-28.3168
-26.4694
-22.5775
-13.8217
-13.1504
-25.3906
-23.5010
-16.4956
-11.0463
-12.9183
2.0999
11.7004
11.6243
18.1524
22.8016
17.5942
7.8951
-1.5963
-5.5558
-10.1513
-13.4540
-6.6521
-6.1656
-8.2252
-9.8894
-15.5679
-15.7631
-8.6552
-6.2426
-3.6813
-5.4483
-2.0927
3.1823
0.7815
-12.3707
-18.0620
-19.2362
-14.6198
-11.5933
-12.2698
-10.9573
-2.8579
-3.6476
-5.8669
-6.2473
1.3986
9.8345
9.8141
10.3952
11.0397
15.8572
15.5434
2.3013
-5.0654
3.0398
15.6226
14.5034
14.1246
18.0637
18.6509
10.9331
7.9802
12.3829
5.6490
0.9358
7.6727
-1.8941
-11.7266
-13.3505
-8.8008
-5.1983
-7.2841
-13.8270
-14.7265
-11.0453
-11.4069
-19.2686
-18.1863
-13.7357
-6.3474
0.2638
-1.2986
-11.9270
-15.9455
-16.7565
-14.6344
-11.4972
-11.1883
-10.0031
-8.8826
-12.5422
-22.9581
-23.4837
-18.6141
-19.3011
-24.0120
-26.2187
-23.3007
-20.3593
-15.1713
-9.7525
-14.3774
-12.6552
-8.5073
-4.3823
-0.7892
-3.9937
3.6243
12.3111
19.8056
21.3845
19.5372
14.6373
7.4028
6.8875
9.5893
4.3648
2.6600
1.7768
-4.1958
-1.9437
1.7033
1.6495
1.7059
6.1963
6.7553
4.3360
2.6190
0.9854
-1.3549
3.2701
4.9098
3.7279
-0.8768
2.1344
-2.5181
-9.6034
-18.1859
-14.8780
-11.4997
-9.1190
6.6216
6.9594
-2.0945
-11.9712
-13.0872
-8.3473
-3.1648
-4.4388
-1.1683
-4.5079
-8.1663
-13.5193
-14.9576
-15.2646
-17.3867
-17.9733
-18.7358
-15.4530
-22.7652
-24.9545
-16.1907
-17.3903
-13.0442
0.4038
8.4568
4.7531
-6.0046
-6.1138
5.1566
16.0685
13.8712
1.5211
-3.5918
-8.2488
-19.6858
-17.2804
-16.8180
-23.2609
-20.2505
-11.5759
-3.8777
-11.6205
-13.5135
-13.9306
-12.8546
-6.3091
-2.9379
-6.5133
-6.6189
-9.3785
-13.9597
-25.5249
-33.0324
-29.9146
-19.6172
-10.6094
-6.1298
-9.4483
-4.5443
0.3502
-2.0233
6.9025
8.7626
9.3786
19.4328
17.8181
6.8992
-1.8859
-4.2391
-4.0289
-6.0712
-7.1816
-5.8075
-4.5413
3.5625
8.3339
-12.2949
-24.4216
-27.7555
-29.4145
-31.6026
-28.0594
-23.3262
-21.2962
-21.0129
-17.0516
-14.5240
-10.9681
-1.2189
2.0193
-0.6363
-3.9109
-11.6575
-11.9811
-13.2552
-16.4737
-9.1430
1.7539
-1.4784
-4.9655
-14.7834
-15.6343
-11.8647
-16.3124
-25.5564
-22.8060
-8.9123
-18.8492
-15.8834
-10.5954
-12.7400
-15.3558
0.5540
9.2621
-0.6554
-4.8599
-5.3768
-7.5029
-1.3741
-2.3093
-2.0602
6.0335
7.5642
1.2317
-0.6006
-4.9961
-8.9291
-12.3985
-12.0513
-12.4850
-9.1837
-3.4091
3.2784
4.7575
3.7512
9.6283
13.1023
12.9399
7.0236
-15.6854
-15.6424
-12.9398
-16.0729
-13.1419
-13.6696
-8.3214
1.8377
5.2223
3.3947
-1.6101
-2.4789
-0.0194
1.1022
2.1989
3.8434
4.3239
1.4532
-0.4461
-0.1991
-0.1411
-1.1349
-4.1982
-3.4332
-0.9712
0.3758
4.2992
4.5227
2.9448
1.3287
1.4540
1.4291
1.3550
3.2730
5.6028
3.5995
2.1867
0.2433
4.6388
6.6468
4.8266
-8.3280
-3.0810
1.7531
-0.0458
7.1739
14.7962
0.6378
-13.7153
-14.2415
-20.6030
-20.0996
-17.2295
-8.5428
7.9160
25.3202
24.5369
17.3516
-3.2205
-12.2104
-15.9635
-6.8919
-0.2597
2.1587
5.5856
7.3262
3.8348
3.0290
1.3088
-0.3351
2.9277
4.6025
-1.5042
-11.2517
-15.5382
-17.9721
-16.3874
-13.8414
-11.2413
-11.7654
-10.8070
-10.3246
-13.1706
-21.3106
-25.8323
-20.4742
-20.1781
-21.0504
-24.0953
-24.1779
-11.6098
-2.6656
3.7969
0.5343
3.6288
9.4571
1.6425
2.0306
4.0575
1.2760
10.5862
10.9477
4.2204
6.2200
13.0458
6.1894
8.9172
13.7059
1.2196
1.6759
12.8112
17.3934
6.8444
-0.5502
-2.4515
-1.0296
2.2074
-5.4508
-8.5086
-6.8704
0.2801
0.3752
2.5726
7.6218
0.0888
-10.6860
-17.9669
-9.5079
1.2672
6.9604
-7.0900
-10.9844
-10.6635
-13.1454
-13.2383
-0.7419
9.7926
1.8902
-7.9792
-15.6357
-24.7111
-23.1433
-10.8646
-0.3527
4.6753
5.0954
-2.9064
-13.9302
-17.3515
-20.9265
-16.2166
-11.9519
-8.0389
0.3407
4.2600
11.5607
18.7677
23.4901
13.8335
4.9605
7.5210
3.5603
0.6744
-3.0934
-1.5144
5.3396
8.0437
4.6407
5.9277
6.6912
5.2759
0.4214
-11.8957
-25.0108
-29.5234
-20.9244
-7.7311
-2.0524
-0.1958
-0.0785
18.1278
23.4802
17.0688
15.5084
12.6947
11.3831
14.6206
21.5750
21.6529
-5.9621
-4.4016
1.4325
3.0755
5.4695
9.0418
5.9314
-15.8390
-14.8764
-8.6145
-4.7619
-1.7291
-7.8135
-9.7166
-13.0250
-22.7447
-23.3845
-17.9921
-5.4578
1.0248
6.2217
2.3815
-9.1860
-13.1189
-11.0225
-3.5002
0.7707
6.9458
-0.4316
-11.2391
-12.4505
-8.9761
-19.3628
-27.4968
-19.9010
-3.4493
12.6457
23.2410
27.6913
16.3390
2.6284
-13.9399
-18.1086
-11.0180
-9.5139
-14.8947
-18.4867
-17.3991
-11.5853
-14.9265
-15.7949
-7.1509
20.0734
45.0571
54.3704
44.8538
58.3002
53.9331
43.7479
40.2084
19.3867
7.8003
6.3868
9.7585
3.4739
7.5665
8.2550
9.4216
15.7577
20.1623
11.8972
3.9761
-5.1261
-16.6008
-25.9304
-13.3062
2.2029
-4.9779
-15.9732
-19.8364
-23.5510
-21.6293
-20.5068
-11.5786
-3.6879
11.3779
12.3344
6.5957
4.4107
2.3451
2.5688
6.1116
5.5828
-1.7748
1.7370
4.2105
-6.9487
-4.3065
-0.5382
-3.8599
-7.2003
-9.3656
-8.4786
1.1013
2.4239
-7.9921
-8.8463
-10.7125
-20.0709
-21.3215
-18.1849
-26.1407
-26.2036
-20.4756
-12.1901
-8.9973
11.6944
23.5925
23.6824
20.3283
15.0598
16.2286
16.6209
14.9238
10.2736
20.6746
26.4804
19.6499
15.6871
5.2066
-10.5683
-24.0754
-6.8182
-10.6566
-9.5929
-17.4128
-23.1657
-16.7817
-8.5960
-7.8462
-13.2901
-24.6012
-30.3975
-17.0644
-1.2923
-0.4631
-10.9033
-13.1162
-14.6372
-11.4848
-8.7139
-4.9227
7.0218
5.0351
-2.4708
-29.2684
-32.1479
-25.9749
-22.4118
-12.8252
-6.8518
-9.4849
-12.4636
-9.1071
-3.7397
-2.0012
-5.0089
1.1511
5.6337
6.5371
10.3893
3.8629
-0.3623
-1.0780
-1.0698
-15.5897
-23.2121
-14.0181
-1.3206
0.0202
0.0912
1.3552
-0.8762
-1.9520
-3.0533
-4.8886
-4.0571
-6.9211
-7.8771
-8.0553
-3.2157
6.4117
7.9279
12.5513
23.4064
28.8487
3.0085
-19.7595
-18.0429
-9.1545
-2.5855
-2.7797
-14.6119
-32.1367
-28.1295
-11.4068
-9.0253
-7.5411
4.9097
18.2907
19.4497
10.7599
2.4681
7.0380
13.8775
18.7199
15.1968
14.5931
6.0674
-0.4017
2.8787
9.6977
7.9072
6.1782
8.0113
12.6079
4.0686
0.5736
-2.3272
-0.1944
-5.5468
-5.3140
-11.1954
-4.6134
-3.5867
-10.9808
-13.7524
-19.0177
-29.8586
-33.3472
-24.8507
-16.0279
-19.9404
-13.5758
1.7118
8.7434
12.1511
8.8672
-0.9819
0.7587
0.7462
9.3442
23.6695
20.0960
9.9950
5.0032
2.1926
-7.1149
-3.3579
0.0979
4.1868
17.7051
18.8842
8.0427
1.6663
-6.3582
-13.5531
-18.1667
-9.4227
6.2463
6.3548
1.4261
-8.0606
-17.5985
-16.6433
-9.2055
4.9220
0.1729
0.2399
11.2102
11.3594
3.2984
-3.0166
-9.5520
-4.0137
3.6333
10.2961
10.2987
0.3866
-6.5470
-7.4088
2.3725
1.0620
-6.7314
0.7090
2.6471
6.9846
10.0825
17.2687
20.3763
17.3000
3.9302
-7.6285
5.8663
9.3508
4.7806
3.0229
-0.8792
-11.6651
-4.9077
6.2929
10.7753
7.7348
11.9847
8.7224
10.7543
9.4812
6.8017
0.4872
-5.4450
-20.4453
-27.3909
-28.3249
-20.9593
-13.9539
-5.7934
-5.7575
-8.6579
-0.5003
-0.4452
-2.3689
-5.5911
-7.2086
-9.2853
-9.3547
-7.1655
-5.6107
-0.6448
18.6196
14.6016
11.5912
8.7535
-2.6224
-13.0216
-13.7669
-15.9319
-5.0695
13.1977
-2.2135
-15.7015
-2.9478
5.8486
2.5428
0.5621
4.3968
9.0467
-1.2160
-11.7937
-12.4302
-4.6628
-7.3367
-5.9526
0.8610
-2.5573
-14.2876
-17.0947
-15.7904
-10.4607
-2.4636
-0.4494
1.8181
-3.9293
0.2659
5.5666
3.9474
-10.8230
-13.4596
-7.9416
-8.1233
-16.6765
-18.4164
-11.2910
-8.9880
-3.1423
2.2262
4.6561
1.1269
0.8119
-3.8112
-7.0392
-10.4433
-5.3341
4.1808
4.8813
2.4519
-2.2860
-5.5057
-9.6494
-18.5183
-43.4169
-34.6265
-24.3207
-17.7711
-14.7874
-14.6418
-18.6231
-15.8734
-11.6150
-3.1616
1.6598
3.5021
-0.9621
1.2747
1.2831
4.5704
4.4264
-3.4043
-8.7466
-2.7008
9.9299
8.9583
0.5565
0.0285
1.1791
-1.3100
-3.5748
-5.5847
-0.5053
0.2850
1.3017
-8.0484
-12.3818
-9.8798
-1.3543
7.6035
3.1722
-11.7197
-25.6233
-26.5229
-23.2146
-19.4867
-13.6952
-10.5581
-13.0765
-8.8932
-0.2997
15.1109
15.2856
10.8380
7.4167
9.8215
9.8141
9.8080
9.6196
-0.6148
-3.9013
-1.5438
2.4898
3.8560
4.0511
-5.9728
-5.5043
-0.1935
-5.2204
-9.6975
-11.2916
-5.2760
0.0114
5.9761
5.1399
4.9605
21.1106
18.9507
8.7421
0.3560
-8.3659
-16.2013
-17.1207
-9.6034
-13.0399
-9.0778
-2.2258
-3.0081
-4.8900
4.1729
8.3316
9.7339
6.8486
-0.1826
-14.9968
-17.7339
-19.5787
-21.2162
-24.7392
-21.4334
-13.5160
-7.2919
-7.0893
-10.3244
-9.2323
-11.4794
-11.3040
1.1063
3.2003
1.4983
0.4285
2.6361
-1.0679
-8.0442
-10.5440
-10.9471
-11.4306
0.5170
17.3302
30.3047
35.0497
23.4376
11.4590
6.9798
6.2947
6.4324
1.1175
-7.6708
-7.5077
-0.8785
-6.9556
-11.0451
-13.2958
-16.0717
-14.9661
-15.9741
-19.9468
-14.4010
-10.3074
-8.6543
-22.0521
-25.1992
-22.5500
-20.0972
-6.1920
-0.7670
5.2268
8.3143
6.2043
9.3746
8.7928
3.4564
1.5913
-0.5476
-3.9807
-3.9334
-2.0691
2.2424
2.9963
2.5632
1.9813
1.4436
1.6217
1.3190
1.7826
2.1075
3.0411
4.4842
0.9879
-0.6568
-0.8379
0.9551
3.4881
3.0261
5.7058
7.3525
10.2194
10.1276
11.7239
12.2259
14.7112
17.5791
12.1148
5.4785
-2.4451
-4.9697
0.0451
0.9230
1.5903
0.7534
1.6600
3.7054
5.4876
5.1777
-2.1860
5.4115
9.3414
6.0608
3.9581
0.8691
-0.3484
-1.0946
1.2092
2.0362
1.8902
1.0059
0.3208
0.8923
-0.1374
7.3861
5.4937
9.5882
9.0992
-0.2205
-2.6479
2.3852
5.5927
5.9054
2.2460
-2.2864
1.3272
-0.9530
-6.1209
-5.8196
-4.5809
-7.7160
-11.7579
-13.3641
-8.4977
-10.5024
-14.8183
-16.5314
-6.4375
-0.8694

Coefficient 12:
0.0000
-4.9345
-10.9562
-8.6642
-2.6863
0.8660
3.7855
6.7982
13.4101
13.8992
8.8242
5.3822
-0.2789
-3.8558
-1.3405
-0.3079
-3.4187
-2.8092
-0.9873
0.8709
3.5291
2.3160
0.8791
1.3906
2.0294
1.6464
-4.8511
-8.0749
-8.9152
-6.5620
-3.9443
-0.9962
-0.4084
-1.8794
-4.3266
-6.0057
-8.0122
-10.0293
-4.7284
-2.5693
-0.7956
-4.3700
-7.3130
-9.6803
-4.6431
2.4482
6.1527
4.8241
2.8722
3.8847
1.7945
-5.9681
-0.3962
1.7807
1.2366
0.3862
5.5225
4.2657
2.4540
5.2671
0.9205
8.7014
8.2881
5.3814
5.5394
2.8517
-2.5999
-10.0712
-11.6491
-10.6367
-9.0772
-3.8860
9.3653
12.7931
9.8537
5.9263
2.2912
-1.6139
8.4708
12.1745
0.8125
-8.7228
-10.6520
-0.3824
8.0504
8.4099
6.9253
3.7475
-0.2335
2.7124
5.8361
9.0583
-7.3744
-19.3202
-11.0433
-5.1646
-1.7633
-2.8902
-3.2037
6.0516
7.5483
3.3720
-2.8251
-3.0339
6.0787
6.1793
-8.5640
-2.1884
4.6703
4.1606
6.7109
3.1382
-1.0306
-1.6191
-5.6280
-9.4459
-7.6842
-6.7113
-13.7413
-12.3813
-14.7164
-18.3387
-16.6705
-15.2434
-13.2399
-7.5993
-7.8816
-9.7613
-10.5747
-10.4615
-11.7224
-10.9864
-7.2895
-4.0477
6.3649
7.2205
2.4065
4.8982
-1.7071
-2.0449
7.4271
5.3997
7.0851
6.4115
-1.9644
2.3126
4.7298
3.3528
-2.5425
-7.7699
-14.1566
-15.5167
-10.0786
-4.5152
4.8371
-2.6158
-2.0512
-0.6160
-6.0899
-16.7721
-17.1487
-14.8934
-18.5564
-23.8599
-15.7090
-10.4198
-10.9302
-9.0626
-9.3455
-13.7231
-13.2962
-6.5824
-5.2681
-2.0578
-2.2677
5.4880
14.0879
13.7263
6.0589
4.0471
5.7630
-0.7498
-1.7772
4.6564
-0.5943
-2.2773
-6.9373
-16.3703
-24.1519
-19.1740
-15.0354
-19.0732
-16.4191
-14.1771
-10.9131
-7.6573
-8.7681
-10.4335
0.0268
-8.9217
-16.2919
-16.1859
-11.9249
-3.7355
5.2068
3.1026
-2.9129
0.7653
19.7940
14.5523
10.6316
10.2108
13.1297
3.9071
-3.0320
2.6691
14.4252
14.1845
14.7347
14.6063
5.8864
1.5407
1.4123
18.6202
24.1680
22.8149
24.9076
26.1892
26.1249
13.6876
11.2473
6.3708
2.8601
8.2237
10.8131
0.7712
-11.7702
-14.3227
-3.4130
6.0523
8.9364
6.0100
-1.8704
-8.0216
1.6348
14.4269
20.0335
18.5589
10.9274
-10.6961
-23.2639
-23.4842
-15.2371
-13.6919
-18.8704
-20.2395
-14.2349
-6.4550
-1.6820
-0.1442
-0.0733
13.2758
19.5564
20.2412
16.2174
12.1369
4.0276
2.3203
2.5990
4.5945
8.9246
14.9579
21.8780
26.8590
22.1633
23.5795
19.7080
17.3193
16.9403
18.9880
17.5083
19.8266
18.5770
14.6411
11.4263
7.7488
9.4136
3.7399
-0.5111
3.4328
-3.5876
-3.0401
-4.7879
-3.5446
-0.4015
2.3262
2.9629
2.4061
3.4901
-6.4591
-10.2704
-5.1109
-10.2305
-3.7471
-9.6114
-9.5136
-2.0040
1.1430
-1.7012
-12.4250
-20.5268
-13.9106
-5.4530
-5.8969
-8.8640
-4.1811
-9.4341
-17.4802
-21.0245
-13.2368
-2.1643
4.8996
5.6122
11.2730
12.9349
8.8787
1.1941
-4.4122
-2.3321
-0.8369
-0.2582
-1.9117
-0.6383
-4.5875
-3.8760
-2.2571
-0.7918
-1.6279
-3.2169
2.8692
-5.4379
1.3579
1.1426
-3.2924
-2.6698
1.1278
2.3760
3.6767
7.3568
1.5153
-9.7854
-15.1487
-17.9902
-18.7814
-9.9844
-6.3723
-3.0936
-3.0855
-2.1893
-2.3268
1.9707
2.0025
5.6088
4.8723
-3.5613
-9.5614
-9.8923
-4.7170
2.2218
1.4735
0.7574
-12.0121
-14.9337
-13.7868
-16.6500
-21.5619
-30.0119
-27.4751
-23.0404
-20.3008
-15.5758
-16.1528
-13.1561
-11.4229
-12.4279
-16.1063
-18.9169
-7.4170
0.8029
-0.9686
-0.0173
2.9058
4.3946
-1.9287
-3.4291
3.3826
5.6979
5.7569
1.9121
-8.6775
-6.9529
11.5228
12.3326
8.2065
0.7912
-6.3934
-8.1610
-7.6625
-4.6207
0.4993
5.1893
-5.7616
-8.2264
-3.2848
-5.4408
-16.6602
-24.2318
-25.7706
-22.1967
-7.2659
2.2092
3.3304
2.0284
0.2974
0.5777
-1.4633
-6.5700
-7.5958
-9.1385
-14.6386
-10.9080
-5.8769
-6.6512
-8.3396
-12.4487
-9.9924
-6.5082
-0.8080
1.4471
3.6847
4.9925
11.4895
12.5252
22.6743
19.1935
2.0747
-5.2508
-7.2754
-6.6161
-7.9233
-3.7344
1.2165
1.3858
0.6037
1.8548
-1.6907
-3.4779
-3.0643
-9.2927
-11.9168
-11.2891
-6.6672
-7.4838
-9.6077
-8.9738
-10.0243
-8.9394
-6.9126
-10.4757
-23.3944
-18.9838
-11.1692
-5.4201
-7.4697
-6.2358
-1.5911
-5.0936
-10.6851
-12.8746
-16.1569
-12.2480
-6.5270
-9.7830
-15.2659
-19.4358
-2.3880
5.3452
5.8179
4.0509
3.4088
2.5043
4.4625
8.7906
9.0408
11.3728
13.2859
6.5637
5.0781
-2.6122
-1.9620
2.1068
5.3016
2.8922
-1.9279
-0.5529
4.3570
3.2827
8.0602
6.7451
6.4615
19.9702
31.8438
28.5251
20.1470
21.5464
22.2704
23.9513
18.7482
10.4951
11.4726
9.9125
7.2251
3.8681
-1.2385
9.7807
24.6128
18.6730
7.4197
-2.7902
-5.6066
-2.0661
5.1735
9.4654
15.3818
20.4874
7.6417
3.3565
6.3153
7.8700
5.0715
1.9068
-0.7478
5.2096
13.5454
14.3114
11.6115
-0.4177
-3.6375
-15.8261
-19.6076
-12.2390
-11.0062
-13.5698
-11.0220
-9.0947
-8.0280
-6.5987
-6.3467
-2.0241
-1.8721
3.0983
12.1264
7.3840
4.3251
5.3827
-3.9468
-13.5354
-6.5200
-5.9176
-8.2643
-6.0555
8.7919
10.7272
7.1427
1.5662
-10.6173
-3.4889
8.5597
11.0735
8.8459
6.8036
7.1882
-4.9410
-12.9393
-16.2599
-9.8091
-3.5503
-6.2096
-14.4740
-21.7929
-21.7976
-15.6037
-11.6055
-16.1878
-16.8555
-16.1252
-19.6350
-14.2529
-12.3603
-12.4361
-2.4893
5.2682
3.3413
-0.5945
0.5512
5.0867
9.0969
8.9934
0.0308
-6.6522
-7.1825
-5.8349
-11.2422
-8.4806
-1.2499
-7.6717
-10.3411
-7.7949
-2.1727
-2.7483
-1.9442
8.3194
11.7324
9.3550
10.3947
11.4891
11.2503
12.5486
9.7111
9.1057
4.1222
3.5944
9.0524
12.8607
7.4249
-7.6661
-19.5644
-20.1291
-19.5676
-17.8975
-14.2970
-16.7840
-25.2375
-15.6128
-6.8799
-1.1816
0.8367
-4.5740
-7.8863
-11.6282
-9.7515
-5.1044
-3.2455
-6.9469
-7.5794
-1.8032
-3.5185
-5.2747
1.6037
3.4603
-5.9843
-10.2067
-5.5419
-7.8572
-4.7928
5.5446
13.1337
18.5993
30.3491
36.6948
22.9742
-2.4092
3.0145
4.7344
2.7850
6.8662
9.0247
0.8275
-9.2385
-13.7835
-14.1128
-23.0636
-21.7222
-11.2628
-10.7631
-9.3905
-5.8802
-1.1889
4.6115
12.2197
21.5688
10.6213
11.9457
14.2347
19.5616
20.7337
22.0831
23.5924
17.1360
12.3053
5.2550
1.2279
9.4187
11.8687
-3.4955
-14.1059
-14.1129
-10.9554
-7.6868
-15.4530
-17.9942
-13.7291
-15.4385
-13.1699
-10.9752
-11.6363
-9.6984
-8.5174
-9.6302
-17.4325
-26.0109
-17.5688
-13.2028
-14.0474
-10.1975
-0.7133
15.0213
21.4715
12.6492
-1.7484
-2.5852
2.0084
14.9309
-0.9853
-15.2235
-23.0482
-29.5129
-20.3213
-23.6172
-25.6976
-26.1988
-20.9070
-17.9374
-11.4342
-2.7294
5.8058
15.1410
12.2476
7.1846
0.8601
-5.7850
-9.4577
-9.9140
-6.1177
-5.8658
-4.0310
4.0084
5.1215
-0.0217
-1.8297
-0.9368
1.5241
-1.4393
-3.5226
-2.3538
-4.4762
-5.1119
1.1615
3.1156
2.1830
2.1803
7.7955
-3.5703
-7.3360
-16.7015
-19.6699
-15.0538
-7.7577
-3.4447
-17.0375
-19.3864
-10.5118
-0.1604
5.9508
10.6210
8.5963
-2.4419
-5.0999
-8.3154
-7.3446
-1.5106
1.1116
-15.2603
-25.5525
-27.4175
-26.0501
-27.1930
-30.6139
-18.0857
-7.5340
1.7292
5.6229
-1.2094
-7.4212
3.3994
17.0307
16.7845
19.3401
18.4298
18.8445
23.8198
23.8304
11.5154
9.6198
17.0649
27.3629
33.8657
29.3856
33.8501
10.2706
-4.4255
-13.0833
-19.4482
-17.8033
-23.5673
-17.9964
-1.2606
10.9489
9.8703
-2.9769
-9.9493
-10.9545
-8.9542
-6.3345
-4.4630
2.0879
0.8567
-4.3154
-3.2287
2.4449
6.7743
11.2330
14.8100
4.8806
-0.9281
-3.4338
-7.6227
-7.3989
-7.1015
-23.0903
-25.3722
-23.7365
-17.7388
-12.1432
-15.6757
-15.7862
-13.1609
-13.5959
-26.2745
-34.7944
-24.6600
-22.8883
-23.2242
-18.0952
-17.3302
-7.4960
-5.5277
-12.3644
-13.5124
-9.5045
-8.0749
-9.2568
-16.7254
-20.7139
-20.1381
-12.1801
-16.0460
-17.4482
-8.5533
2.3070
7.2942
7.1341
5.5913
-0.0588
-5.7343
-2.8347
-0.7703
0.4316
-6.0300
-11.2388
-28.9177
-7.6964
2.3224
-1.6739
-5.6462
5.1014
4.6907
-0.0563
-2.4870
-8.3703
-13.9817
-12.8363
-7.0402
-5.1382
-3.5952
8.2264
16.6005
16.1424
8.8670
3.0948
3.0447
4.6336
8.8916
5.6059
3.0267
-0.6218
-5.6937
-24.1439
-30.3211
-34.8743
-33.2029
-22.9391
-16.4629
-11.1193
-3.2888
-0.2458
3.8189
6.3391
4.6972
2.5649
0.9395
1.4089
2.7944
3.5074
1.0703
-0.6485
-1.0318
-1.0388
-2.0740
-4.5444
-3.9349
-2.0117
-0.7137
3.0291
3.3365
1.7519
0.0663
0.5363
0.5765
0.7510
2.2807
4.3999
2.6447
1.2516
-0.1635
3.6782
5.1227
3.6206
-4.9890
3.6994
9.0205
6.6976
15.3103
17.9086
-2.4948
-19.7509
-20.2591
-17.6907
-9.2104
-5.3763
-4.0824
-5.6025
-1.9676
1.8947
5.6483
0.2217
-3.0037
7.2437
11.2263
10.6647
6.3034
-5.4968
-12.3882
-20.3401
-17.6392
-11.9075
-6.3431
-9.4206
-9.5830
-7.1732
1.0590
-4.3778
-6.2357
-6.8306
-12.7142
-13.7848
-9.2011
-10.2263
-13.9434
-11.5981
-10.7047
-8.3458
-5.1033
-8.6497
-10.8833
-12.8169
-13.2627
-4.5312
-5.0758
-6.7851
1.6749
5.4008
8.5384
2.2689
-5.0771
-8.3884
-6.4476
4.7308
8.0581
-2.4046
-18.7465
-19.0780
-19.8346
-16.4269
-12.8012
-9.5819
-6.5849
-1.1971
2.8017
2.9638
5.0808
0.5715
-1.8405
-2.0367
-11.1648
-8.0978
-7.3804
-2.5729
1.7708
3.5802
14.5132
10.5186
-0.1677
1.2179
3.5423
9.6766
13.9876
4.2118
-2.1492
0.2780
8.1250
11.0408
3.9432
-7.0892
-9.6934
-9.1149
-5.5302
-1.5381
-11.0933
-15.2165
-8.8546
-1.5123
1.4489
-1.9689
-12.4942
-12.9798
-9.2806
-1.7762
-1.9299
2.9571
-5.1059
-10.2851
-4.8599
2.6908
2.8252
-8.9794
-10.4015
-2.4945
1.6998
2.7639
4.2427
7.9270
1.5232
-4.0430
-4.8193
8.2483
11.7303
2.3178
-1.1999
-6.2913
-11.2328
-12.7065
-11.7876
-6.4432
-2.1416
-0.9984
-0.6655
-18.1069
-29.3439
-22.9011
-11.7683
2.8127
0.6279
-9.7390
-16.5418
-15.9315
-23.7419
-3.6251
12.1854
21.5487
16.2324
4.9821
-0.7631
-20.7243
-18.3738
-12.6907
-2.5776
-2.6861
-7.1928
-6.9895
-16.0528
-21.6938
-19.6747
-19.7067
-25.9806
-13.0628
-10.5617
-13.7590
-14.4231
-4.2609
17.7246
18.9941
17.2080
13.6001
3.8397
-5.0502
-0.3059
1.2210
8.2400
19.0505
15.2431
15.7116
20.8093
14.0744
8.2509
-5.0951
-10.3699
-12.2306
-10.3393
-6.4405
-6.8253
-7.7290
-3.7103
-1.4580
-5.1718
-13.9396
-19.1346
-15.4163
-33.2300
-44.2099
-41.6055
-42.0315
-42.5048
-49.7892
-52.1284
-52.0469
-39.5049
-29.3674
-21.9563
-18.3207
-27.2372
-31.1956
-29.8441
-21.4642
-9.5869
-9.5673
-3.0620
2.1320
-0.7288
-7.6319
-8.4849
-10.8261
-4.5931
-11.4509
-12.7318
-11.9416
-13.8352
-18.7915
-25.0091
-21.1531
-11.8114
-1.8738
5.8510
4.0546
3.5767
1.8356
2.2070
7.8014
4.8825
-4.8404
-8.4371
-4.3269
-10.3955
-11.3955
-13.7999
-13.0843
-17.0066
-22.7062
-26.3884
-23.8598
-27.6324
-17.2973
-16.1171
-19.2513
-22.5730
-12.6112
-4.3967
3.2522
6.8193
5.1544
5.3936
7.1048
15.6814
13.8646
4.8279
-3.7511
-9.6178
-10.2966
-4.4513
0.9609
4.8402
4.7011
5.3666
2.1959
-0.1481
-5.3815
-12.6110
-23.9749
-25.8444
-17.0280
-15.3544
-20.7801
-23.4201
-13.8412
-5.1515
-2.3728
-10.4059
-12.2705
-9.0564
-9.3892
-14.5199
-15.3309
-10.5883
-12.7935
-13.6198
-8.7364
-0.9696
4.2669
2.2805
-12.4045
-27.7337
-26.6006
-23.8357
-16.0203
-13.9862
-11.2249
-20.1886
-27.5868
-30.3203
-23.0202
-13.8128
-10.4688
-4.9834
-2.6535
-4.0817
-4.2265
1.9730
-1.6880
-2.4500
-5.1075
-11.3636
-5.2737
1.7921
5.4042
4.4197
6.4128
7.9927
8.1877
4.9595
-7.0665
-9.9671
-8.3782
-1.6582
-2.1557
0.4153
3.8147
7.7872
9.4243
7.0976
3.9132
7.0501
1.1664
-28.3684
-33.6867
-29.8921
-19.7307
-19.1423
-19.6496
-15.7889
-9.5377
-8.1112
-7.6409
-7.7995
-5.3459
3.4878
7.9125
18.5492
22.1283
24.1807
3.6176
-27.5871
-38.7078
-35.7229
-23.5115
-18.4847
-8.3682
-0.8800
6.1488
10.9157
9.4769
8.5455
8.4147
2.3510
-9.1609
-18.9172
-19.7765
6.8738
24.7966
9.5960
-6.6556
-15.1950
-20.8635
-20.6534
-14.9275
-14.3711
-15.2593
-12.4927
-11.1303
-5.6905
-0.6308
0.4806
-0.3692
-1.0417
0.2694
0.2220
-1.0336
-8.0279
-6.9070
-9.7738
-12.2422
-6.9283
-4.0195
-1.6016
-1.4474
2.6893
4.8926
5.2916
-1.2895
-9.4466
-16.9486
-19.0753
-13.9244
-7.3345
-3.3800
-2.6472
-4.3576
-7.5858
-5.9699
4.9740
3.4322
-3.3684
-3.4328
0.9870
-5.2100
-4.7685
-3.9616
-9.5907
-11.7610
-6.1227
-2.9726
3.2739
4.7594
8.6957
9.7470
9.6612
5.2934
-6.0147
-4.7876
-6.8549
-12.9601
-13.0480
-4.4817
-1.9573
-3.0738
3.8933
6.4232
7.5131
2.2925
-2.4417
1.9880
7.1553
2.4342
-4.4397
-3.1620
-15.3788
-14.2475
-7.1167
-5.3563
0.4919
5.9701
13.1856
2.0331
-15.4812
-16.9029
-10.7863
-8.9523
-11.8143
-14.2894
-17.2331
-15.5903
-15.3903
-10.9043
-4.5771
-6.9039
-0.1889
0.4150
1.8902
4.2469
6.9690
6.4995
5.9688
5.9163
4.2772
4.4309
-8.9297
-1.7249
1.8568
-0.6873
-10.2456
-15.2978
-17.7962
-17.5315
-11.3462
-2.0495
0.9257
1.2052
-1.2162
0.8130
5.8505
10.4420
14.4297
13.8471
14.3664
18.8130
15.7124
15.5871
8.6379
-1.3441
-7.5801
0.4201
-1.7353
-8.9951
-11.4126
-10.7388
-8.4553
-13.6841
-12.6698
-0.8305
9.9116
11.4844
4.8800
-8.6475
-11.3957
-13.2317
-6.1841
-4.1793
-4.5708
-9.2061
-9.8733
-6.0907
-9.2704
-8.7485
-12.3466
-9.2395
-1.4349
3.2411
-0.7338
0.7264
8.2042
7.2491
1.8273
4.8212
0.2343
-7.3312
-15.3899
-35.9925
-34.7055
-28.2610
-18.0591
-17.2994
-18.3618
-11.9983
-3.8557
0.1295
7.8775
13.6912
13.9805
11.1167
2.9819
-2.6730
-2.0799
-5.9422
-15.2641
-19.2108
-12.7252
-6.7253
-12.9838
-20.9869
-19.7906
-15.0725
-5.8588
2.1027
-0.7448
0.2800
3.0671
1.1897
-8.2693
-11.3835
-5.3716
7.2265
6.1508
7.6215
3.8701
7.2595
6.6289
11.0300
11.8594
1.9625
-5.7797
-8.7426
-3.8776
8.3435
11.4282
7.2110
3.1967
1.7309
-0.2255
2.1659
-3.4251
-6.2817
-11.2689
5.7798
-4.6079
-15.9478
-17.5343
-14.1035
-7.0434
-8.4579
-9.4037
-17.1372
-24.8662
-16.1070
-5.2148
-4.0621
-4.4727
1.1444
2.1134
7.7005
12.5362
9.1158
6.1413
-4.8642
-12.9560
-15.1193
-9.8212
-3.2013
3.4568
0.9917
-3.0946
-0.9074
-12.4194
-16.7445
-16.2676
-11.8811
-3.5480
-11.6439
-14.3277
-12.7900
-6.9981
-2.6445
-6.9862
-8.4966
-5.3329
7.4846
0.3849
-6.1647
-4.6841
-1.1644
2.8641
-4.9330
-11.5847
-9.9504
-5.7273
-4.5180
-9.2937
-12.0150
-10.0866
-14.4637
-12.9486
-2.2485
3.1837
19.7506
11.7056
-15.1190
-28.2497
-34.3899
-37.2790
-33.9578
-24.7490
-18.0945
-15.8019
-20.2864
-22.5939
-19.4871
-14.5704
-7.3158
-3.5701
-9.7399
-7.8237
-5.2535
-3.4036
-3.1605
-2.5327
-9.3733
-5.7948
9.1762
18.0843
19.6429
11.5024
6.6528
7.0875
-2.5671
-4.4903
1.1946
5.1317
3.4353
-0.9040
-1.7181
1.3012
2.4102
1.8661
1.4547
0.9676
0.9430
0.9106
1.2665
1.3740
2.3143
3.2950
-0.9719
-2.5511
-2.6089
-0.1960
2.9218
2.2742
3.2815
4.5395
6.7571
7.1914
9.2501
9.8575
6.9519
-5.9631
-8.9495
-9.4467
-9.4371
-8.9860
-3.0679
-0.6323
0.8070
0.1389
0.5423
1.9221
4.8490
-1.8583
-17.7799
-13.9610
-9.1533
-3.4595
2.8193
0.5784
-0.7034
-1.4825
0.7347
1.5278
1.1925
0.3992
-0.2973
0.2859
-1.0593
1.2200
8.8794
5.6735
2.4253
5.8515
2.6470
-1.9992
2.2161
1.0269
-7.8257
-2.3255
4.1876
1.0472
-7.2751
-4.9184
-0.0303
0.0257
-6.5065
-0.0756
2.5002
4.7758
5.5198
2.4098
4.7338
4.7511

Coefficient 13:
0.0000
-3.4826
-2.4845
-4.8709
-2.9272
0.3891
3.4977
4.4811
4.8741
0.6780
-4.6178
-6.3303
-11.1272
-14.0888
-8.5341
-2.2775
-2.6850
-2.4801
0.2845
1.7828
3.4405
4.3112
1.2685
0.6090
1.0115
-10.4982
-12.6468
-11.4775
-9.8140
-3.9591
-2.9325
-1.8539
-0.8735
-2.8406
-5.5635
-8.5353
-11.8186
-10.3244
-2.6730
0.4767
1.8487
3.9020
10.7856
9.6400
4.0284
1.8274
0.9092
-0.1231
-1.2010
-1.1141
-6.9582
-14.1111
0.6342
3.7320
-2.9860
0.2164
12.8906
11.0607
-0.0706
-4.3830
-1.2483
-4.1308
-4.9836
0.4203
5.2026
3.4146
-3.5797
-5.4172
-8.2263
-3.2635
1.3303
-0.4279
-5.1110
-8.7432
-11.1750
-14.1384
-15.8542
-18.3272
-15.5923
-10.9410
-13.1321
-13.8474
-14.6719
-9.8728
-18.1314
-28.5445
-22.0909
-23.0148
-24.7334
-17.2895
-15.8309
-23.2729
-26.2382
-28.0667
-14.5771
-5.9121
1.5574
0.7479
-3.7594
3.4036
2.3626
1.1380
2.5845
4.7543
3.4782
5.3626
9.8328
10.1204
11.0293
14.9756
12.5660
-0.2541
-5.7786
-2.9317
-4.4733
-6.3018
-5.5720
-8.1316
-10.9005
-4.2343
-1.9910
-1.6505
-4.8634
-9.9935
-9.8330
-6.6115
-3.7395
0.8099
-0.6966
-10.3496
-11.2555
-3.7417
-3.3535
-10.0292
-10.7560
-11.2873
-7.9828
-0.4850
-2.0619
-3.9448
1.2300
5.6749
8.2471
3.4914
1.5878
13.4438
18.4484
20.7454
16.2236
6.0819
0.0058
-3.2578
-2.6629
3.0314
4.5991
3.3664
7.9478
5.9786
2.4700
-9.1635
-14.8397
-13.5901
-7.5782
-4.2921
5.0752
4.6390
-0.5889
-5.7627
-8.8158
-11.2694
-12.1383
-17.2344
-19.6469
-13.8738
-10.0248
-12.3095
-6.0898
-3.6408
-4.0040
-1.4378
0.7261
4.0222
5.8191
2.5865
9.1369
5.7217
3.2219
-0.7318
-5.4242
-8.6353
-4.8487
-9.6359
-16.4757
-16.8472
-14.7822
-11.7246
-12.1580
-15.1281
-9.2153
-16.7276
-10.9573
-0.6916
3.7763
-8.5217
-5.2324
-2.4949
-3.6620
-6.3372
1.2268
3.2316
5.9257
4.7613
3.2462
-2.2220
0.6953
-4.4852
-2.1753
-1.8663
2.6551
2.8452
0.5726
-0.5224
-1.1234
7.1373
3.7996
1.3038
-2.3411
-2.5696
0.2747
2.3918
1.8889
-0.5843
2.8733
10.4252
9.3634
0.9636
-10.6363
-3.8119
6.4909
9.8734
15.1288
24.9420
18.1436
3.4511
1.0036
2.9078
-2.2524
-7.0547
-12.9722
-20.7600
-14.4582
-7.1099
3.0409
4.2165
-1.0845
-8.5800
-5.4345
-1.3139
-0.8490
-0.6569
-1.9700
10.3547
8.9680
12.1861
13.6072
9.3211
14.3487
13.6241
4.6523
-3.5646
-8.0899
-5.7473
2.4011
10.1481
4.9278
1.5505
0.2910
0.5435
2.8163
-1.4615
1.7757
8.3839
4.4860
3.4164
8.6283
11.4626
14.1384
8.7560
7.5708
8.8107
4.4719
0.2506
-5.0004
-7.9115
-4.8455
6.5499
2.7543
1.9213
5.8592
4.5896
1.0415
-3.9107
9.8304
13.8596
15.0811
4.7283
-7.2612
-11.8136
-4.8388
-8.4508
-1.7592
1.3437
4.5141
8.9115
13.5479
14.8897
4.8820
-6.3631
-8.6378
-11.4606
-11.6207
-9.7550
-3.2907
2.4948
2.9346
1.3261
-2.1345
-11.0283
-11.2005
-4.6025
-1.7625
-2.6453
-1.5598
-8.1663
-11.1702
-6.3612
-0.4744
-1.6638
4.8701
5.2245
11.7480
12.4894
10.4198
6.8175
7.5925
13.9580
16.1516
15.9970
19.2003
12.7032
0.6495
-4.3892
-0.0739
-3.2324
-8.1614
-6.5352
-2.6283
1.2686
4.9285
-2.2570
-8.0615
-4.2834
-0.2202
-2.4870
-7.0490
-11.0644
-9.8783
-5.0926
-3.5571
-1.7779
-10.0926
-11.0128
-11.9925
-12.8627
-11.0204
-3.1151
0.9994
-2.1381
-4.2712
-0.3402
3.4927
1.1332
1.9742
2.7347
-5.0300
-6.7238
-4.6732
-5.4684
2.8850
7.5559
1.7330
-3.7453
-0.6278
0.1947
-1.3621
-1.8499
1.2859
2.4790
-1.3702
-10.5911
-6.4116
1.1380
1.1317
-4.9679
-9.0029
-9.0640
-13.6575
-17.0130
-19.9630
-17.7525
-15.0583
-26.4530
-17.2294
-2.4925
4.5438
1.9951
-1.1487
-2.8183
-1.2291
-5.8221
-8.8153
-3.6999
0.3512
-0.5455
-8.4199
-13.1101
-9.0149
-9.4057
-15.0594
-16.3885
-12.9327
-11.6863
-7.7309
-5.8450
-7.7706
-2.8287
4.1329
11.0337
12.1425
8.6952
5.6089
5.1385
3.7952
-2.5312
-5.3525
-10.8060
-10.0933
-5.9542
-4.5626
-5.8230
-4.4299
-2.8174
-0.1471
2.5875
3.6692
1.5333
1.2648
1.3557
-4.6747
-6.8045
-9.6794
-11.5530
-15.0401
-16.1253
-17.1611
-15.2620
-13.6134
-6.0120
-10.9444
-16.3169
-8.8414
-4.6342
-11.7802
-14.0338
-13.3479
-9.4809
-2.6796
-2.8374
-6.6732
-6.8550
-5.9395
-3.9275
-10.9822
-11.1676
-5.5750
-0.2465
-3.0818
-3.6494
-6.4024
-14.0388
-14.8448
-8.7680
-9.8565
-22.0161
-27.2532
-22.6043
-7.0255
10.0069
15.4442
14.8737
7.6339
-6.4793
-5.7610
0.4299
1.5511
1.1579
1.4263
12.4205
12.1671
12.4989
13.4506
14.2542
9.5009
3.9766
3.1169
-6.5047
-12.2963
-4.7053
1.9342
6.8034
5.2950
8.5142
10.9770
6.3713
1.9825
3.6593
-2.5837
-13.8673
-14.0097
-9.3963
-1.6140
6.0633
6.5968
0.3183
3.2919
-3.5019
-6.5470
-7.5708
-5.9153
-8.0216
-13.7350
-21.1310
-32.6226
-34.0868
-26.7529
-17.6514
-17.0268
-10.7833
-4.4255
-2.9756
0.9861
6.3977
4.9288
-2.4437
-8.5226
-8.7656
-10.2517
-13.7045
-9.5551
-9.9311
-5.3516
-8.1358
-9.6197
-6.4515
-4.5968
-8.8413
-11.6213
-4.3404
-2.1710
-2.5156
-5.6801
-8.7378
-5.5023
-6.3924
-8.3889
-5.0930
-5.7034
-10.5273
-6.4577
-1.5953
-9.9673
-30.8421
-32.0357
-16.1667
-8.6133
-6.8135
-3.8450
-12.4820
-19.8560
-21.7345
-16.7078
-9.2097
-0.4497
0.1954
1.7659
-0.2552
-0.3375
4.3263
6.9993
0.8044
1.8094
-2.7125
-4.1765
1.7164
3.5996
5.0831
8.5580
5.9796
-6.2818
-5.9127
-1.4534
-3.5632
-7.1354
-8.3402
-0.7536
-3.3244
4.7535
9.0921
10.6904
10.5868
3.9616
-0.5808
-1.2805
1.5735
10.6589
13.4258
14.3070
16.8845
16.7940
13.0160
7.8096
7.6454
7.7791
6.1467
0.4614
-10.5075
-14.1747
-10.4675
-6.2688
-10.4684
-10.6494
-17.6596
-10.4113
-6.4644
-1.5363
-3.0388
-2.3049
-3.5837
-8.2499
-11.8309
-9.9289
-14.2410
-15.9705
-11.4943
-3.3968
9.3400
15.3717
9.3408
7.0627
1.2323
-1.2073
-2.3010
-1.1611
-9.9757
-17.8486
-14.7991
-11.2578
-11.3501
-11.7373
-12.6827
-12.9983
-14.4519
-7.4936
-7.6781
-10.4912
-8.4034
-5.4046
-1.8634
-4.0510
-3.3536
-1.1590
-0.6765
-3.4842
-4.3664
-9.4467
-11.8618
-5.8733
-0.7409
-13.1979
-20.4602
-14.0276
-11.0546
-5.4720
2.6873
3.5494
2.6286
11.1771
23.7729
26.9681
18.3063
6.3895
0.2133
1.5125
17.2332
16.4522
12.9468
4.2230
-1.9335
0.7344
-0.9535
-1.6449
-1.3879
-0.7225
3.8446
-3.7924
-8.1303
-7.0607
-10.6898
-7.4372
-3.7798
-5.4269
-3.3447
1.8141
0.9816
0.1296
-3.7307
2.0116
4.0210
8.8013
-2.5976
-17.5105
-21.8920
-2.1508
-3.1697
-3.6844
-1.6338
1.8922
-4.3280
-8.4637
-4.6967
3.0263
8.8346
12.2343
7.0588
-5.3943
0.0861
11.9496
17.8849
17.7025
14.2110
-0.0475
-6.6425
-4.7660
1.8977
0.8843
1.9498
1.8004
0.8033
0.3095
0.8432
0.6707
-2.9431
-1.6311
5.6206
10.2661
2.4879
-2.9998
-0.6358
1.8941
3.0466
7.2601
11.2313
-1.6797
-7.8037
-12.5424
-11.5294
-7.0695
1.7975
1.9067
-9.6737
-10.3182
-3.8825
-1.8475
-3.4879
-8.4069
-12.6767
-11.0911
-9.3558
-9.6566
-9.4856
-9.6815
-7.2119
-11.5807
-14.5926
-6.9422
-3.6559
-1.3277
0.3237
-3.4911
-0.2356
-1.1532
-7.4846
-9.4632
-1.7339
11.9753
14.5744
7.2959
-8.3830
-19.5560
-27.8691
-28.6443
-26.1675
-17.1993
-18.8525
-12.5766
-0.9509
2.1091
-8.0459
-0.2804
-6.3486
-7.9402
-4.0660
-1.3944
-6.1764
-18.6809
-22.3172
-22.1046
-18.9025
-19.1964
-23.5817
-20.5649
-14.8498
-7.5900
-6.6779
-12.4248
-25.1277
-19.7275
-7.8967
1.5149
1.6925
4.6786
4.5329
2.1176
-4.1821
-4.4048
-3.9500
-9.3899
-12.0066
-14.8681
-0.3818
-0.7202
-2.2323
-4.3049
-0.6305
-15.3305
-22.6075
-22.1012
-17.9923
-12.5618
-11.6958
-8.7161
-11.0959
-14.6007
-11.4589
-5.4469
-9.1144
-18.7133
-26.2339
-26.2799
-22.3059
-18.6579
-17.6240
-14.9189
-10.7955
-7.2227
0.5075
0.2246
-5.3142
-3.1151
3.9859
7.0163
5.0433
5.8493
4.0852
-4.5814
-2.9003
-6.9150
-10.1718
-13.7066
-16.5111
8.6640
0.3067
-4.3793
-5.5963
-3.8748
4.8818
6.4902
3.5650
0.9813
-5.3083
-11.0347
-9.2460
-8.2501
-10.0363
-0.8213
7.8315
13.1393
14.5804
12.0923
8.0762
11.4454
7.4323
1.8356
-8.0801
-13.0743
-14.9912
-18.4914
-29.7194
-30.6647
-13.4931
0.4806
10.7095
10.1560
0.0387
-6.5808
-7.1370
-1.3667
7.2252
6.8728
2.8891
0.8605
0.7674
1.8588
1.7362
-0.5254
-0.4395
-1.4568
-1.6473
-2.6354
-4.1543
-3.9247
-2.7955
-1.6102
1.8397
2.2336
0.6459
-1.0259
-0.2028
-0.1713
0.2472
1.3958
3.2580
1.8334
0.4333
-0.4453
2.8360
3.6956
2.5348
-1.3039
2.6148
4.4495
-1.1093
-16.1255
-19.9818
-29.7508
-40.4409
-37.8878
-27.8711
-18.1835
-11.9691
-2.0208
-8.0325
-13.6693
-15.1312
-20.0259
-9.3462
-0.0923
-5.8878
-9.9676
-10.6193
-13.3953
-4.9118
-0.4900
-16.4732
-19.4647
-12.9134
-8.7326
-14.6883
-14.2986
4.3625
0.4602
-7.9371
-14.2848
-13.5385
-11.6905
-10.0155
-6.7339
-6.5688
-6.4362
-5.0926
-5.2168
-3.5657
-5.2588
-8.3410
-7.5059
-16.3722
-13.9888
3.9499
13.3194
11.8004
3.5377
-7.6961
-25.1464
-33.4607
-35.3087
-32.7894
-19.7792
-13.1764
-10.8419
-9.0102
-10.0744
-7.5727
-8.0561
-14.7800
-17.5379
-8.9421
-16.0045
-24.1184
-23.1641
-12.1713
-3.7610
-1.5626
3.7172
3.3865
-10.7787
-11.3721
-11.6135
-18.3293
-19.6946
-13.1888
1.5289
6.8496
5.9286
4.1577
-3.1820
-9.2336
-7.8366
-9.1166
-5.7727
-3.1266
-6.7341
-7.2383
-12.5157
-7.6450
0.2021
9.0356
14.9770
7.7667
3.1425
0.9523
1.4641
3.8859
7.0776
-1.6158
-13.5207
-16.3291
-13.1346
-5.9220
1.1853
0.2372
9.1608
9.4051
8.2236
8.9323
8.4644
-2.7980
-7.1901
2.7977
11.4257
15.7103
17.2374
15.4616
1.4438
-3.4153
-4.4974
-4.4948
-7.5905
-8.2683
-5.3439
-1.2334
-2.8398
-5.0536
-5.8800
-4.5165
-1.7147
-1.4696
-1.0752
11.2192
13.7292
7.4145
5.2882
7.3203
4.5504
-2.3390
-2.1975
7.4949
12.8052
31.5938
28.5775
6.6960
-4.6325
-10.7610
-10.4386
-23.3263
-21.6849
-13.2016
0.1169
9.4783
1.2785
-8.8005
-13.2371
-11.0035
-4.3874
-4.2483
-4.9242
-3.3197
-5.1472
1.6765
4.1190
1.9225
-3.3741
-9.6553
-17.8369
-20.6497
-23.7639
-24.1450
-14.8698
-6.7394
-15.2839
-23.9788
-23.0475
-13.6967
-14.2778
-13.4562
-17.8846
-8.5588
-9.2163
-12.9756
-13.1854
-14.6351
-10.4865
-4.9682
-3.6636
-7.4156
-1.5496
-2.7654
-4.1400
-0.2633
5.4660
1.7327
0.2863
1.3000
-2.7308
-1.8330
0.5620
2.6227
-0.2181
-1.0880
1.5268
6.5075
-0.9356
-2.5144
-4.2371
-3.1176
0.9861
2.7549
3.0818
5.5699
2.6452
-5.3481
-4.5205
-1.2828
5.4760
-0.1642
-11.5573
-16.0212
-15.4322
-19.9033
-20.9482
-13.1365
-0.6751
12.5679
12.4187
5.2245
3.2224
1.3950
0.6600
5.2157
8.6949
7.8688
4.5903
-0.8692
-11.5086
-19.8717
-24.2713
-16.8584
-10.8740
-13.1559
-21.9666
-19.8051
-17.2168
-30.5560
-25.5898
-13.2147
-11.4254
-9.4994
-12.8038
-19.1819
-14.6688
-2.7244
3.6410
5.0680
3.9629
-1.2564
-8.0618
-12.8547
-15.8542
-24.7844
-20.9794
-11.5434
-4.6573
-10.1820
-15.8309
-22.4299
-22.7713
-20.7240
-16.4730
-15.8832
-11.3447
-9.2800
-5.0110
-12.0269
-17.6954
-11.8875
-11.7453
-5.0923
-4.6709
-5.0873
1.2510
2.7258
-5.8995
-8.8869
-7.6961
-7.9182
-11.4650
-18.4431
-16.4581
-12.2186
-7.5881
-8.5445
-9.6772
-5.3036
-1.1367
0.5332
-2.8148
-8.6275
-13.3614
-13.3960
-7.6874
-10.7097
-15.6360
-17.3465
-7.5564
3.3833
-4.8365
-13.7478
-10.7500
-18.3969
-24.3867
-23.6888
-19.7874
-19.8582
-8.4849
7.8306
11.8163
6.7382
5.3501
5.9469
6.1953
7.0700
3.8579
-0.5891
1.0901
4.0135
7.1446
9.7345
8.9408
4.5057
5.2805
3.2095
-10.2625
-25.9294
-34.7765
-23.6710
-22.3786
-22.7199
-24.6828
-27.9775
-29.9604
-19.0692
-6.6439
1.5358
6.4659
3.9013
-2.7013
-10.4671
-11.6526
-17.2716
-18.8863
9.4913
8.1408
1.1941
-7.5279
-15.4519
-19.5377
-13.2272
-12.0254
-20.1998
-19.5600
-20.4206
-18.3536
-8.6455
-11.5172
-16.4095
-26.4068
-31.2878
-33.8595
-24.6180
-23.3132
-22.1105
-14.2240
-12.2323
-7.6847
-0.5249
11.7563
10.4252
-0.6125
-6.1500
-8.9993
-5.8541
-4.3320
-7.7763
-6.7121
-2.9342
3.1359
11.5399
9.2787
5.2299
-10.3501
-17.1235
-11.9660
-4.6101
1.5201
-1.9278
2.0188
4.7858
-3.1591
-11.0534
-22.8910
-27.6567
-19.3162
-12.1935
-8.7902
-7.9988
-8.3343
-6.8771
-9.8852
-6.3943
-0.4046
5.3633
6.8958
5.5982
4.1331
0.4104
-4.8678
-8.2507
-11.2152
-10.7292
-7.1564
-5.1441
0.1728
-2.7848
-2.2120
3.0792
13.7200
20.0324
18.2864
8.4433
-3.5365
-10.2964
-4.8413
2.2191
5.0272
0.4838
-5.3794
-9.2907
-5.6158
-5.4137
-5.7430
-7.5503
-9.6119
-11.2664
-6.3044
-3.5828
-12.7188
-16.8771
-18.8528
-15.9317
-15.4519
-6.8709
-9.5677
-13.7883
-16.3313
-12.3068
-6.1327
-1.4827
6.8960
7.3557
-1.8530
-12.3180
-13.9350
-8.2524
-4.2388
-5.2171
-0.0021
0.3554
3.1799
6.6425
8.8992
8.7694
9.8703
9.5949
6.4602
5.2895
-7.8903
-5.6003
-6.9420
-7.3971
-18.9696
-27.1943
-25.4238
-19.2070
-11.6528
-13.5314
-16.5862
-15.9472
-12.7886
-10.8093
-1.8079
0.2934
0.5990
-1.5732
5.3950
10.5794
10.4916
-0.3143
-21.8294
-35.9073
-37.6132
-40.9341
-27.3787
-10.7969
-6.1137
-10.9732
-14.8481
-24.5626
-26.8156
-26.8054
-27.3322
-23.2179
-23.3264
-34.6023
-34.2341
-27.8405
-21.8880
-16.3064
-14.5843
-10.1805
-10.3672
-11.7707
-16.8288
-20.9612
-21.2943
-15.2056
-1.6286
4.6420
5.5508
7.8011
11.4531
12.2107
9.3570
12.7611
10.8389
8.3383
3.8837
-7.4007
-9.3595
-11.1672
-6.6169
-5.8845
-6.0221
-2.0908
3.3313
3.8730
-7.1388
-13.2689
-12.7424
-11.0089
-8.9343
-7.7036
-4.7973
-6.9411
-12.6873
-13.7165
-9.8875
-7.8379
-12.2603
-8.9127
-10.1296
-9.2558
-0.2833
-2.5811
-7.5327
-3.2855
-8.3264
-8.0375
-15.3771
-16.5883
-16.7837
-13.5795
-14.5918
-15.2764
-8.4237
-5.5860
-4.6966
-2.2785
-1.6454
-0.4226
-12.2712
-18.8796
-19.6302
-21.3561
-24.9719
-14.0610
-8.3074
-4.5026
-2.3339
-9.2700
-25.8780
-40.6615
-44.9263
-24.8984
-17.3975
-15.0348
-11.6572
-4.8208
-7.8401
-14.0881
-16.8023
-18.3716
-20.0429
-31.7902
-35.4505
-33.1056
-30.2641
-19.0539
-10.3071
-11.0431
-15.6640
-11.8736
-1.2890
-3.8233
-9.9641
-12.2305
-9.0529
-6.9356
-6.6118
-5.8704
-3.2854
1.2340
-16.4233
-26.2298
-24.1313
-15.5888
-4.8386
-7.2579
-9.1878
-6.9795
1.0457
3.3876
3.6171
-0.9585
-0.3821
17.9160
22.8019
21.7189
13.1530
-6.8770
-19.8965
-23.3246
-19.1985
-13.8526
-13.9362
-15.7178
-15.8169
-13.1231
-8.0246
-8.6178
-16.1220
-13.7996
-13.3102
-3.4866
-7.8124
-9.9133
-3.4999
0.5198
-0.5915
-6.6879
-14.6868
-15.0091
-12.4637
-8.3277
-6.3682
1.5088
6.2559
8.9161
8.8940
4.3300
3.3502
0.5553
-5.4847
-23.6356
-22.8819
-14.3025
-16.8150
-23.4899
-20.4952
-9.5279
-5.1342
-4.5106
-4.0077
-9.2643
-8.8935
-3.9487
3.4194
7.5191
1.6690
-1.7127
0.4725
1.8768
1.1965
0.9665
0.5799
0.2897
0.5311
0.7911
0.6744
1.5960
3.2807
3.4516
2.7778
2.4170
2.4697
2.3636
1.5714
0.3186
0.9620
-0.7177
-3.1804
-5.4530
-6.0665
-6.0053
2.0601
1.3920
-3.3565
-9.0103
-7.5697
-4.2973
-1.9967
0.0750
-0.3786
-0.4299
0.2791
3.2939
0.5046
-2.9517
1.4406
5.2826
3.2739
2.0755
0.3965
-0.8662
-1.6364
0.3188
1.0338
0.5304
-0.1306
-0.8492
-0.2907
-1.8876
0.8572
-4.7986
-4.3231
-6.6860
-2.8182
-9.2921
-10.0634
-9.7385
-5.6488
-7.4760
3.0287
8.0565
0.7217
-30.3632
-26.6245
-23.8884
-16.0762
-13.0261
-1.5444
0.3340
-0.3716
2.9911
4.9612
0.5136
-0.3315

Coefficient 14:
0.0000
-0.0620
1.9660
0.6207
-1.2910
-0.1638
1.6469
-0.5710
-3.8925
-5.9801
-11.6506
-14.8665
-15.5066
-15.5138
-12.6447
-4.6743
-2.4904
-1.8275
1.4000
2.4805
2.7996
4.0190
1.0944
-0.5054
-0.2754
-12.0911
-7.4952
-3.0978
-3.5393
-3.7467
-4.8088
-2.4951
-1.1390
-2.9317
-5.6838
-7.7510
-10.0806
-7.4496
-2.0195
0.3820
1.8562
0.8264
6.9285
7.3426
2.0213
1.8278
3.2764
1.8997
2.6642
1.8839
-4.0189
-7.5989
-1.4200
-5.5155
-7.8472
-5.6286
-2.8725
-3.9714
-3.2149
-2.1771
-8.5278
-10.2571
-9.8288
-9.6212
-6.4094
-6.2881
2.9158
5.2880
-3.5209
-8.8801
-5.9542
-9.1773
-12.1671
-8.4585
0.2432
1.3116
-1.7768
-10.3544
-13.0056
-12.3731
-5.8344
-2.6642
-6.7816
-7.5496
-2.8628
-4.3904
-10.7636
-10.5654
-10.1552
-9.2766
-4.9069
-10.4046
-12.3111
-14.1532
-13.5708
-9.6680
-5.0556
-2.0684
-5.4811
-20.5284
-17.1725
-5.3674
-4.4406
-5.0861
-4.4972
6.4547
14.0436
12.0876
9.2007
3.9337
0.8472
1.1109
6.8380
7.3945
2.0018
-4.0514
-6.9941
-2.1975
-3.6481
-3.8994
-5.9946
-1.0788
-7.1339
-11.9486
-12.1447
-11.8638
-7.9051
-0.4198
-3.8340
-11.5901
-17.7366
-17.4371
-21.8243
-25.8894
-19.4092
-20.8279
-18.1588
-10.5136
-6.2546
-2.4631
22.3790
30.2261
29.2018
15.1912
13.2652
17.9623
14.6710
4.2201
-0.6062
6.3449
6.5316
-2.6273
-6.1038
-5.2178
2.8874
4.2025
5.2026
1.5942
-4.0765
-7.9536
-5.1922
-6.3174
-7.8537
14.0173
16.1475
2.0357
-4.6611
-8.7274
-2.3145
-1.6250
-2.8220
-6.3814
-11.7234
-7.6237
-9.1828
-9.2575
-9.1535
-8.7843
-10.5746
-11.5743
-5.4143
-3.3162
-5.0662
-7.1975
-5.6251
-18.5956
-20.0660
-14.7933
-12.7553
-12.7445
-12.6056
-14.1166
-15.6395
-15.8937
-12.1918
-12.7400
-17.1913
-21.7467
-18.3178
-19.1487
-12.8849
-4.8341
-1.5738
2.4445
0.0146
-2.5517
-1.7879
-3.7028
-1.4593
-2.6991
0.4146
1.9102
5.8025
3.2823
0.4284
-4.6779
-12.9127
-17.9773
-15.0994
-11.4585
-6.3144
-6.8822
-4.0363
-9.6468
-23.3262
-28.8042
-31.2851
-31.3825
-27.8108
-17.0192
-15.5305
-13.4412
-7.1156
-3.8603
-6.1093
-9.4227
-10.0426
-18.5279
-23.5065
-24.7736
-20.8333
-10.5855
-1.1488
-1.2552
-6.4952
-10.4774
-8.4833
-9.2079
-5.7057
-5.0717
-7.6313
-8.7648
-5.9039
-3.5273
-1.7675
1.2333
3.3020
3.6012
-0.1176
-1.1078
1.2074
-8.4971
-21.6729
-17.1696
-10.3568
-3.3782
-2.5541
-5.7396
-7.8477
-1.0904
1.1353
-1.3276
-4.4775
-6.9313
-13.0335
-15.1812
-10.8629
-9.3983
-10.0221
-10.6516
-7.4242
-3.0314
-2.5600
0.8796
9.3981
11.3585
11.7965
6.2234
1.5273
1.3207
-10.0734
-17.3761
-14.6066
-4.9809
2.8128
3.9703
2.1174
1.4638
5.4270
-5.2757
-15.5573
-15.7504
-18.8703
-20.4650
-22.2296
-27.1582
-30.9313
-32.2583
-26.5815
-15.8393
-4.1820
-5.6239
-11.8590
-10.4776
-10.6034
-17.5865
-25.0897
-24.7679
-20.7377
-13.8537
-10.4359
-7.7036
-6.8979
-6.1202
-7.7429
-7.3257
-6.8608
-3.4360
-0.7326
-1.1349
-2.6089
-3.1544
-2.1905
13.8581
18.2249
14.3050
3.3160
0.8170
5.9126
-0.0761
0.0855
-1.8177
-1.4512
-3.9004
-0.2845
9.5125
12.9140
6.8219
0.1274
-0.5587
1.1813
8.4968
10.3043
4.9690
-9.3425
-5.7758
-1.9615
-1.8936
1.5226
-3.5055
-5.6542
-4.1463
-13.4934
-14.7483
-12.0159
-15.2139
-13.8437
-4.5048
-2.0992
-0.8329
-7.3842
-13.5273
-12.4907
-8.6596
-6.1513
-17.5410
-21.0648
-20.9145
-19.4333
-16.5304
-13.7076
-13.4915
-14.5225
-11.3352
-9.5653
-8.0449
-8.3756
-9.1773
-12.4869
-16.4464
-5.8990
-7.5261
-8.8590
-5.0053
-5.5696
-4.5891
-0.2756
-1.3471
-7.9247
-11.0710
-3.9455
-12.3228
-12.3253
-8.7508
-9.5519
-2.8103
-5.3059
-9.0500
-12.1934
-9.8672
-2.7123
-17.7571
-21.5597
-23.8558
-13.8318
-8.9808
-15.3008
-17.0890
-16.6591
-15.6521
-16.0990
-13.6190
-14.8998
-10.6639
-6.2106
-10.7120
-5.7974
-3.3604
-7.0514
-13.9589
-13.6196
-10.3193
-6.5570
-5.3148
-10.6902
-4.0023
3.4564
7.9957
11.8653
12.0217
1.4825
-12.1809
-19.2454
-16.6268
-12.8735
-14.9322
-8.0560
-5.3557
-3.6938
-5.1915
-5.5899
-4.3364
-0.8902
1.7747
0.3949
-3.5506
-4.1805
-7.4469
-14.1455
-11.5947
-10.4048
-10.4983
-8.8796
-5.5209
-4.4743
-10.8350
-11.7927
-4.6398
-6.3793
-3.2065
0.1159
2.4895
-5.5613
-9.1595
-6.3343
-1.7053
4.9355
6.7290
5.5224
4.1193
2.7027
4.1689
8.6962
21.0072
28.7131
18.3773
10.1300
7.3479
7.0050
5.4946
5.5038
2.8878
-3.7690
-5.0209
-3.0459
0.2233
6.3360
16.3781
22.3997
21.6082
14.9279
3.9207
-3.6878
-6.1294
-4.7033
-3.0364
-5.4910
1.5696
4.3512
2.6412
0.1556
-3.5730
-7.7900
-7.5076
-1.4288
3.8237
-4.2148
-0.2583
0.1015
-1.9403
-0.9313
3.4850
8.5013
16.9583
11.6116
6.9600
3.5612
-1.0118
-1.4066
0.6905
6.5195
12.5488
10.2526
0.9014
-9.0958
-17.0682
-24.2804
-28.7694
-24.2456
-12.5101
-6.5501
2.7857
4.4271
-6.1910
-10.3427
-5.3241
-3.4312
2.0793
3.6513
-2.0151
-2.7053
-2.7978
0.6092
-3.8141
-13.0467
-8.6779
-0.6559
6.6561
2.8214
3.2207
4.8988
6.1267
3.9160
4.3136
4.6464
-3.9212
-9.7304
-3.9944
-0.5967
-1.0982
4.6508
0.7682
-1.1536
-8.6798
-10.3231
-2.6478
-10.0452
-20.7663
-17.1995
-11.1111
-9.6641
-14.1057
-5.9358
4.4013
4.8343
3.2720
-4.9490
-9.5462
-14.8147
-22.0056
-18.4162
-14.4122
-13.4885
-12.1832
-8.8767
-10.6232
-7.8026
-1.7581
-0.0195
0.4325
-2.4053
-4.8971
-9.8431
-8.9253
-11.0295
-8.4897
-6.0761
-5.5894
-13.2672
-9.5148
-2.5869
-5.6865
-8.9220
-8.8506
-1.4110
-0.0277
4.7816
1.3527
-1.8604
1.9245
7.0292
6.3237
8.1119
10.8665
12.9905
10.2256
3.8239
2.5063
2.4664
-1.8169
-3.8270
-3.1644
-11.1785
-19.1615
-21.1056
-14.3795
-10.6020
-7.0180
-7.4928
-11.2612
-6.5846
-17.5634
-32.6343
-28.6664
-22.4917
-16.3486
-16.1251
-5.5472
-7.5668
-11.0959
-8.8371
-10.9932
-17.1107
-19.5805
-17.6073
-13.5991
-9.3158
-6.4590
0.1905
-5.0557
-11.0908
-16.9658
-15.0894
0.1989
18.5458
24.1288
21.6915
20.7260
21.4781
15.1951
8.5524
-8.2115
-6.3844
-4.6631
-3.4943
-0.8291
2.1152
0.7438
6.4048
1.2493
1.7457
4.3257
2.2683
-1.7656
2.4606
8.9250
13.3927
18.8591
14.4827
1.7713
-10.0608
-14.9954
-17.1756
-12.6535
-11.2831
-10.6534
-3.6438
4.6011
13.8265
12.7109
3.8293
-0.5861
-11.5026
-17.2040
-11.8606
-8.1622
-12.6186
-11.3856
-5.9763
-6.0756
-5.2294
-4.5698
-5.8576
-11.1270
-15.2111
-13.3410
-11.5489
-17.4491
-20.2431
-17.4262
-11.3241
-4.6434
-3.6180
-14.0146
-17.2343
-16.8770
-11.9052
-11.5899
-11.7126
-20.5863
-27.7268
-32.7009
-26.7740
-19.8258
-12.9396
-5.9809
-2.3470
3.7814
0.0185
1.5833
3.5823
1.3450
1.8839
-1.1103
1.4117
11.3507
9.6656
6.0366
8.2719
10.8278
7.2359
1.7025
3.3727
2.3391
-0.3408
-3.3710
-2.2461
-0.7842
-2.1700
-2.1594
-1.2236
-0.3720
-3.5222
-0.4524
2.1001
0.9513
-0.0700
2.1904
0.9801
2.7261
7.7439
10.2152
7.5077
-1.4243
-5.8495
-8.3311
-1.1777
2.0122
-4.5174
-4.2584
-1.8910
-2.6651
-0.7709
1.0651
-2.8649
-8.6326
-11.8281
-14.9830
-11.7884
-7.2275
-10.4402
-11.1622
-13.9809
-14.6719
-11.4585
-11.3568
-9.4429
-1.7812
-3.5348
-0.4570
-4.7715
-8.5646
-8.1651
-9.5281
-12.6815
-0.0573
4.3084
6.2557
5.4330
-7.8739
-21.7762
-22.1553
-0.4798
14.7450
4.3687
-8.8524
-10.8273
-11.2707
-12.3120
-20.7622
-19.5019
-14.7326
-6.6321
1.4668
-0.5765
-11.2400
-13.1233
-12.0236
-10.7156
-8.7137
-2.1114
2.3481
3.5446
-2.3557
-3.2235
5.5760
6.8373
6.7673
11.9327
-0.2626
-11.8198
-14.5511
-17.5449
-11.4814
-8.7582
-9.3389
-11.1058
-13.0125
-19.8378
-12.3591
-9.2083
-5.0252
-4.8768
-1.2509
-12.4400
-11.3694
-9.3587
-13.0735
-16.8212
-23.9712
-23.0783
-16.4134
-12.8971
-16.6165
-9.2494
1.7710
1.7159
-3.5089
-4.1343
-5.6234
-0.2640
2.7354
3.6456
0.1503
-4.1239
1.0998
3.7257
1.5454
-9.8405
-5.7468
-5.7396
-7.5526
-9.6152
-8.5531
-7.9236
-15.1264
-20.8441
-21.6672
-14.7415
-8.8529
-23.7275
-18.2622
-14.9204
-13.8397
-21.6662
-24.2197
-20.9327
-14.5150
-7.7307
-2.3676
-0.4658
-3.2106
-9.9706
-6.6478
4.7958
7.6812
1.7743
-3.0191
-0.3862
6.7745
8.8263
10.0572
8.6166
12.9753
15.7343
14.1967
9.3197
-5.2873
-14.7666
-28.7535
-35.8869
-32.0124
-26.7481
-22.3125
-20.2183
-16.4422
-10.6562
-1.8890
1.0364
0.2609
0.6978
0.2702
1.0569
1.4422
0.0513
0.0351
-1.5563
-1.9990
-2.8327
-3.3127
-3.5207
-3.3050
-2.2991
0.7528
1.2320
-0.3439
-1.9268
-0.7774
-0.7931
-0.1473
0.6313
2.1886
1.1517
-0.2520
-0.6582
2.0922
2.3932
1.5852
1.9616
-2.0609
-8.5964
-14.8625
-4.5462
0.8273
-1.0635
-4.7693
-3.7016
-1.5610
1.1717
-0.1604
4.6090
1.9862
-10.9433
-18.4466
-6.6755
-4.9818
-4.0366
3.0403
-0.1948
-0.5595
4.0255
7.8095
1.6689
-7.3234
-16.2398
-18.2134
-7.6990
-2.8166
0.2130
-0.8099
-0.2993
0.0044
1.2835
-5.6037
-7.1620
-5.0549
-3.1274
-2.2451
0.1197
1.9173
1.6625
-0.6829
-5.8474
-3.2755
-2.5440
-0.1183
2.8578
4.8247
-0.3070
-0.4077
2.2604
-6.9368
-13.8744
-17.2544
-10.1405
2.7185
1.7585
-5.4199
-8.3006
-2.8672
7.7036
3.7314
-4.5684
-6.5161
-5.4881
-9.4952
-17.6701
-21.0233
-17.9700
-14.8505
-7.1192
-1.5176
-2.1466
-2.6019
-13.2354
-10.3346
-6.0718
2.7269
2.2050
4.8812
5.4757
6.1512
9.2689
7.9606
7.9162
5.5984
6.3227
7.6967
5.8837
8.7225
12.5199
14.9931
8.9486
7.7684
2.4771
-2.0192
-0.7429
7.6958
-2.3321
-1.4964
1.1996
1.9563
-2.1718
-5.9239
-10.6155
-5.8375
3.1837
13.3168
8.6296
7.5612
1.1533
-3.1260
-3.6928
1.0847
6.8890
6.8621
-2.4428
-8.1491
-4.8976
-5.8871
-1.6921
-5.7368
-13.9390
-11.3450
-8.1957
-10.9480
-12.2968
-8.8758
-9.9818
-7.1579
-4.8036
-5.9277
-3.4805
-2.6000
-1.0719
-1.6549
-1.3128
-3.6470
-8.4769
-10.1515
-11.4643
-17.8016
-13.4591
-8.4033
-3.7949
-3.8548
-8.5987
-19.4065
-23.7372
-11.5126
5.8604
18.7175
21.4702
6.1359
1.4703
4.8538
5.5690
-0.0549
-2.3536
4.8851
5.3250
0.4476
-5.4284
-0.1380
11.2425
1.7163
-6.5555
-3.0825
-1.1305
-7.2007
-10.2606
-11.1037
-6.3939
2.9514
7.6280
8.6503
10.9461
8.5287
9.3921
13.2084
18.7059
8.0173
-12.8949
-15.6896
-16.1382
-4.9580
-10.2684
-12.6888
-11.9374
-5.3570
-3.8338
-4.6129
-5.2105
-5.5378
-7.5153
-14.1592
-13.3147
-1.3536
-3.9075
1.0327
-2.5036
-11.8675
-8.9818
0.2900
3.8282
9.8229
20.3491
18.2708
9.7529
8.0291
6.0448
10.5068
16.2902
23.2248
25.9969
9.7154
-4.5389
-0.6392
0.9728
0.2376
0.1141
-7.5703
-17.2173
-19.4320
-23.1475
-21.4238
-13.2143
-14.5013
-13.3417
-16.0785
-11.1508
7.3943
7.1403
3.7817
2.7007
1.0175
-1.7669
-0.7085
-0.0281
-1.4923
4.2852
4.2135
2.5587
2.4036
4.7180
2.6422
-1.0327
3.7738
3.2143
3.8863
6.4596
10.5870
7.0299
19.7540
15.5236
2.6209
-5.3782
-2.8661
5.4418
6.6835
-0.8333
-9.7633
-17.2531
-20.1937
-17.3013
-21.3918
-20.1842
-21.2896
-21.5099
-14.1153
-8.5754
-7.4594
-16.4148
-18.0358
-21.8600
-20.6296
-14.2414
0.0927
10.4767
5.3698
4.7461
1.8626
-2.5836
-7.5379
-15.4013
-16.3237
-14.8407
-16.3135
-13.7313
-14.5051
-5.1249
3.5501
10.9966
19.1908
21.1479
16.3571
14.2767
1.0839
-3.8575
8.3983
28.2805
44.3701
27.1556
15.7154
12.7702
9.3953
2.5423
-5.9255
-14.4410
-17.1188
-10.7145
-3.6647
-2.5085
3.5887
11.0948
15.1029
14.9321
12.5696
12.2360
11.5837
10.6045
0.2705
0.4445
-5.7884
-7.8665
-12.2064
-6.4566
0.1686
2.8906
0.4347
0.1815
2.2994
0.4937
-2.0665
-1.9393
-2.8901
-7.0627
-8.5392
-10.8116
-11.9287
-12.8493
-9.2262
-4.8342
-5.0056
-5.6301
-0.3671
12.1976
16.4161
12.0898
2.3029
-3.8358
-3.4592
-1.0823
-3.2712
-2.6185
-11.9837
-13.6012
-16.6900
-15.2541
-11.3955
-10.5820
-8.9598
-2.0604
5.2761
-0.6884
-4.0003
-10.0938
-18.0816
-12.3202
-7.0046
-7.1201
-14.8895
-20.0177
-8.6532
-11.7347
-14.3316
-11.6207
-13.1307
-6.7579
2.0402
8.0976
12.1952
16.3699
12.0787
8.5714
7.6426
0.0155
-1.4475
-5.0924
-9.7128
-7.5069
-3.2530
1.2283
8.7272
8.3444
5.2557
6.5504
8.1670
-2.7527
-6.2114
4.5489
10.9422
5.2115
-2.3573
-0.8673
-0.0406
6.3877
16.1779
19.8142
17.8994
15.2729
11.3886
2.6295
5.7522
3.1837
-0.5690
1.6772
0.7476
1.6315
-0.9496
-2.2974
-5.9511
-1.5956
-1.3323
-5.7374
-0.8724
6.4886
10.8895
14.1732
11.2563
0.0399
-10.4459
-10.5740
-6.5004
0.3786
9.0176
7.7920
16.3492
17.3580
11.3832
-3.9918
-11.2461
-14.3820
-18.7883
-21.8696
-18.2027
-10.8339
-8.6778
1.8435
7.2284
6.7182
11.4709
17.0242
16.3875
2.4755
-4.8729
-8.5188
-5.5079
3.1806
5.3016
-6.9945
-6.6598
-7.6764
-9.4253
-7.9921
-7.6825
-8.5890
-5.4781
-1.8002
-6.1299
-10.5150
-5.2543
-4.8905
-4.3905
-0.2446
-1.8068
-2.2356
-3.4650
-5.1784
-7.6630
-6.7559
-3.4913
-1.1405
0.8458
3.0804
8.1409
9.2985
8.3746
-0.9170
-5.7285
-7.2295
-11.1485
-10.4928
-10.9126
-22.4578
-36.4356
-31.9675
-28.4025
-13.4582
-8.6074
-11.0995
-15.2558
-20.5465
-28.6064
-25.6130
-13.6892
-15.6058
-27.5958
-33.6738
-21.1425
-13.7275
-20.7590
-22.3173
-15.2886
-9.9133
-11.3714
-13.7175
-6.6134
-7.3602
-4.3800
-4.2240
-10.3310
-11.5902
-2.9219
5.2508
5.6195
1.9711
-6.2934
-12.7124
-13.7655
-11.4587
-17.7518
-17.0452
-12.0220
-5.3982
-0.5255
6.0859
9.3019
7.7520
8.8609
1.3012
-7.5859
-13.6317
-8.3594
-4.4141
-13.1580
-16.8241
-17.8049
-15.0251
-11.3466
-7.8111
-7.1463
-11.0430
-8.7034
-9.1999
-1.6575
0.1249
1.8858
-1.5167
-8.0865
-6.4265
-3.3246
-1.5450
-2.5816
-5.7441
-2.4022
4.0931
10.5764
9.3088
5.2762
3.6122
-0.4819
-2.8310
-1.7983
-6.2210
-5.9402
-10.5118
-5.2271
-5.3198
-11.7638
-10.9996
-1.5627
1.2779
1.0692
-2.7264
-4.7698
-10.0955
-9.8233
-10.0692
-9.5860
-12.1072
-22.4320
-21.1378
-12.9172
-5.5249
2.2240
7.7379
12.6665
2.2543
-5.3544
-11.3373
-24.6556
-33.7497
-33.4311
-26.7098
-20.0680
-8.5093
-8.4564
-11.8649
-8.8658
-7.3534
-2.3094
-0.0373
-0.0275
4.0054
12.3037
17.2983
15.8527
4.5830
-2.5834
-5.5387
-4.1319
-7.7356
-9.3047
-7.7706
-2.7539
-4.9581
-2.4713
2.3400
2.8879
-6.9179
-7.0480
-4.2239
-4.6133
-3.3645
-2.9737
-4.0780
-8.6881
-9.9739
-6.1893
-3.1013
-4.8257
-4.6530
0.8107
5.2033
3.6522
5.8107
5.3771
1.7909
0.7931
0.2795
-2.8599
-8.6190
-14.5892
-13.4186
-7.9010
-6.1817
-2.1973
-9.7070
-9.7294
-7.4029
-10.0771
-17.4230
-16.7816
-18.1451
-14.2239
-9.2646
-9.1651
-5.4070
-4.5940
-2.3488
2.7841
6.5441
9.9605
-0.3487
-8.6624
-12.0304
-7.9033
1.6168
-1.2065
-5.4791
-5.3982
-8.4024
-16.2477
-12.2595
-16.1833
-23.1150
-21.2248
-13.8932
-16.7003
-21.9199
-20.3329
-11.5658
-7.0894
-1.9096
7.7665
3.1242
-2.0746
-0.2312
1.3936
0.5640
0.5171
0.2563
-0.3240
0.1901
0.3678
0.0253
0.9000
2.7508
4.6940
4.3736
3.6572
2.8514
1.8211
0.9325
-2.2928
-2.3536
-5.5798
-8.2648
-12.1797
-13.3758
-11.3039
-2.0254
-2.6117
-7.7620
-9.1012
-8.7692
-4.5234
-3.1471
-0.5977
-0.8295
-1.2739
-1.1817
1.1768
6.0544
12.8801
8.4443
5.1147
4.8974
1.4197
0.2579
-0.8640
-1.5744
-0.0319
0.5495
-0.0836
-0.5767
-1.3228
-0.8255
-2.4278
3.8378
11.0592
16.3782
14.7956
9.2531
3.7139
-1.6773
-0.2644
6.8993
12.9158
8.1270
1.7143
-7.3606
-25.3233
-31.6122
-31.6333
-23.9271
-21.1852
-13.8925
-9.7708
-11.6369
-7.2194
1.4574
-0.1450
1.3061

Coefficient 15:
0.0000
1.3103
-1.8011
2.2011
1.1689
-0.7241
-1.6313
-7.3851
-10.4581
-7.9215
-10.0058
-13.7317
-13.9440
-13.5837
-12.7991
-5.3484
-1.7610
-1.0052
2.1015
2.7637
1.5680
0.9745
-0.3891
-1.9597
-1.7769
-1.8243
4.6171
7.8438
4.4362
-1.8884
-3.2979
-2.9108
-1.2476
-2.4829
-5.0815
-4.7965
-3.9826
-2.5717
-1.4079
-1.3932
0.1664
-6.1010
-6.7714
-8.4877
-5.0340
0.0289
1.2350
1.6770
2.7068
0.9127
-2.2890
-5.0555
-2.1176
-13.4156
-13.6013
-12.1032
-17.3039
-17.7636
-14.6881
-9.0653
-8.3691
-12.7046
-13.6326
-14.1113
-12.3293
-5.8752
-2.9699
-3.2659
-5.5862
-11.2791
-12.4918
-11.3887
-7.6986
-1.0952
-1.7202
-3.1839
-4.3188
-18.5315
-25.9539
-18.8351
-9.4061
-5.6325
-3.6102
-6.8137
-12.1603
-7.2307
-8.3101
-10.2600
-10.8220
-8.9286
-4.7396
-2.0248
-4.3028
-9.3934
-14.9412
-14.9405
-16.3230
-8.8342
-2.7306
4.3161
3.8147
-0.0712
-8.7298
-13.5109
-10.8522
-1.1742
-2.8968
-4.3283
-5.4243
-3.6008
2.1834
-0.0522
-2.1358
-4.3527
-6.1496
-6.6987
-9.8196
-7.9882
-5.2940
-8.6226
-8.7499
0.3567
3.0533
-0.6119
-7.6654
-6.9258
0.7110
7.3753
-0.1250
-7.3956
-12.3165
-14.7561
-12.5453
-10.9494
-19.4662
-28.2605
-32.9984
-28.5994
-12.4772
-4.3850
-18.9813
-16.3381
-11.8852
-6.6566
-8.0954
-11.3028
-7.2880
-8.0932
-3.4444
-11.6408
-25.6936
-18.2906
-3.5348
-3.6243
-17.7833
-17.8048
-1.9589
-0.0256
-8.7399
-10.5570
-6.0822
1.5644
5.0086
-16.7884
-14.6774
-2.9166
1.3587
1.4369
-2.0247
-5.6267
-11.1646
-10.4255
-9.3251
-7.2336
-4.7797
-4.8379
-5.6306
-5.7541
-9.2910
-10.8493
-13.4214
-12.0356
-12.1517
-10.0324
-26.1251
-34.6837
-33.5464
-29.5298
-25.9047
-22.8030
-21.0822
-21.5971
-19.4057
-18.1461
-22.6821
-26.6825
-28.8828
-25.4127
-24.0926
-22.8086
-23.3286
-24.9401
-21.0541
-15.7616
-14.4303
-15.1057
-12.8558
-13.4560
-8.8149
-11.2080
-9.8281
-6.7213
-4.8752
-10.7740
-20.1348
-22.7925
-27.9348
-26.6284
-24.0008
-22.1658
-20.8646
-9.5163
-6.3986
-16.5278
-26.3899
-20.4576
-14.6182
-11.9887
-6.8339
-1.6084
-5.8369
-7.6128
-3.6748
-5.5273
-5.5893
-5.3868
-9.7322
-28.8180
-28.9350
-22.4726
-19.2316
-20.1845
-14.1848
-9.8110
-12.9806
-15.9596
-18.4380
-18.5969
-7.0234
-1.7543
-11.7679
-17.4640
-14.8456
-10.0419
-7.2833
-0.1421
5.3212
5.6137
0.1740
-1.4813
1.0223
2.0813
-8.7115
-14.7847
-12.0233
-10.1908
-2.0981
-1.0100
-4.7593
-6.2197
-12.4524
-11.7121
-15.7091
-20.4785
-19.3061
-17.7929
-16.5028
-17.3278
-15.9703
-15.2199
-7.9411
-4.7114
-3.3249
-2.3775
7.7004
14.0888
11.5914
1.3557
-4.6640
-7.0422
-19.4595
-20.1660
-19.4133
-18.8352
-13.0402
-3.4877
1.6716
1.0192
2.2013
-13.4372
-26.5685
-25.4422
-10.4504
-7.4113
-7.0604
-5.3187
-10.7272
-10.4710
-7.0181
-3.2902
-10.1044
-13.8856
-8.7035
-4.6076
-8.4384
-14.9790
-11.4278
-1.9560
-3.9185
-2.3279
-1.6331
1.6560
-5.2557
-11.8722
-14.6758
-13.3876
-10.9458
-10.5950
-8.5406
-6.1364
-3.6355
-3.4379
-2.8225
-10.2742
-9.3686
-8.0889
-1.2707
-1.6781
-7.1900
-22.4923
-23.0150
-12.0867
-7.4331
-9.8559
-13.2084
-13.4101
-12.5713
-15.3606
-20.2531
-12.9375
-7.1554
-1.9807
-1.5196
-7.4770
-16.1153
-12.7345
-6.6536
-6.5731
-8.9035
-8.7993
-6.9915
-5.9291
-2.3050
-1.9534
-1.9561
-8.4269
-15.5275
-13.9243
-16.4838
-17.4747
-14.6790
-17.8130
-16.3920
-13.0184
-8.8898
-9.8525
-16.0453
-17.3076
-20.1798
-15.6762
-13.9413
-11.0066
-8.5064
-8.2814
-7.0581
-4.8419
-10.0252
-11.4329
-8.7576
-12.9712
-17.2683
-16.5278
-10.0557
-4.0371
-8.4255
-8.2532
-1.5413
-2.2536
-4.5117
-2.7823
2.0139
-0.9085
-7.8878
-13.3660
-15.5042
-11.1025
-10.8046
-15.4519
-18.1005
-19.3320
-15.9688
-23.7477
-19.2985
-16.6416
-7.8860
-6.4269
-5.5888
-7.5001
-17.2521
-20.1127
-10.6662
-12.1986
-17.9485
-15.2469
-11.9096
-8.1084
-3.4843
-4.5592
-8.9588
-10.3376
-9.9288
-8.2864
-13.5277
-14.0632
-9.3695
-4.6700
1.0266
5.2607
1.8709
-5.4213
-13.0552
-16.6000
-18.5513
-28.4518
-27.1401
-15.2153
-14.3977
-6.3647
-5.6706
-8.0076
-6.6879
-2.1596
-6.4389
-8.0775
-6.4219
-7.8203
-3.9733
-2.0247
-12.1366
-10.5398
-10.9657
-13.2937
-15.9240
-8.6118
-5.7092
-12.1447
-8.4760
-3.3213
0.0963
-1.6241
0.6694
-1.5884
-21.0282
-28.8268
-28.5485
-19.9250
-14.9692
-13.4094
-16.5149
-14.0200
-11.9903
-3.9490
-0.9823
3.4885
7.2027
-3.3641
-8.9272
-8.2429
-11.0424
-11.3797
-8.6893
-12.7330
-14.2700
-6.6416
-1.4776
-5.9164
-7.4348
-1.1394
3.1162
1.3794
3.8250
3.5754
-4.7080
-5.4790
-2.2024
-3.5515
-7.1951
-1.2513
-8.7323
-21.9307
-22.4046
-17.7112
-16.4801
-14.7670
-12.6454
-10.1409
-11.6269
-14.7878
-21.4970
-23.5661
-16.1838
0.1683
6.5472
11.4125
3.2600
-0.9282
-3.4529
-8.3729
-12.0455
-11.9373
-7.1197
-0.9365
-5.9214
-16.0961
-27.0378
-29.3415
-33.3465
-29.7103
-29.6976
-34.3603
-34.1563
-32.8942
-31.0551
-23.7543
-21.3849
-16.1238
-11.3882
-9.7020
-12.9222
-15.8711
-9.9292
-7.7860
-3.7336
1.9764
2.5287
4.1567
1.4830
-3.1790
-8.0482
-7.6817
-6.3410
-5.5911
-7.9206
-7.3607
-7.5385
-10.2747
-8.2741
-6.4174
-12.4261
-18.0830
-21.2404
-10.6572
-9.7096
-5.9305
-6.8554
-10.0934
-23.0213
-23.9069
-14.4231
-10.4259
-11.5144
-4.1264
-3.1643
-6.7216
-12.1935
-11.7976
-13.3966
-10.6328
-9.9073
-9.9260
-7.2595
-7.5560
-6.7242
-1.6656
1.7706
-6.0378
-8.0976
-13.6473
-16.5312
-8.3860
-7.8069
-12.4888
-12.9316
-15.4228
-18.8650
-23.6120
-20.5787
-16.5267
-23.3709
-25.9982
-20.9136
-16.9498
-12.1851
-8.1011
-0.8448
2.7895
1.6614
-1.9054
-5.0146
-4.3800
0.2621
-8.8248
-11.2015
-4.6695
3.8976
3.3330
-7.5375
-12.2794
-15.4057
-17.2680
-15.2090
-10.4117
-15.1186
-22.3425
-23.8850
-16.3894
-17.0471
-18.0304
-18.9423
-12.2027
-4.9250
-12.4569
-25.6046
-24.1188
-17.1996
-10.5981
-11.2533
-13.6024
-6.9947
-6.0681
-16.1759
-12.1633
3.5947
12.5405
12.2787
0.0796
-17.5137
-18.8770
-16.9364
-19.6447
-21.2137
-16.0451
-18.0792
-20.7616
-13.4865
-10.1393
-8.7116
-4.9220
2.6518
5.7837
4.9665
-3.1847
-6.8395
-9.1427
-12.2998
-9.1320
-3.9321
-2.4966
-2.0755
-3.4818
-0.7556
2.7002
-1.9752
-11.9362
-11.2483
-8.4794
-10.4393
-4.3452
2.2807
1.2257
-5.8760
-10.3009
-15.0025
-17.8931
-15.8462
-10.8265
-13.5086
-10.6126
-6.4586
-5.5551
-3.1350
-0.4600
-18.8252
-37.1471
-27.6624
-23.9526
-23.8350
-23.1523
-20.5300
-22.1485
-30.1224
-29.7463
-20.4291
-16.5524
-16.5041
-18.4866
-22.3069
-24.1834
-24.8151
-23.2131
-13.8150
-11.0847
-15.5662
-21.1019
-19.2010
-7.5861
-4.5078
-7.9547
-11.6352
-13.0992
-12.8308
-11.7025
-17.4935
-22.3611
-16.8550
-14.9675
-14.7113
-5.5859
3.7042
7.3857
-0.8323
-5.2658
-8.7882
-4.1319
11.2775
3.9740
-12.6261
-15.4804
-11.6686
-4.9806
-1.1587
-3.2953
-1.4465
-0.2761
-4.7119
-3.8508
4.2227
3.4015
-0.6500
0.2881
0.7014
6.2796
3.5833
-3.3145
-2.6808
0.8002
-0.3203
1.9311
0.0332
2.6478
2.4334
1.0068
7.6538
-0.1536
-7.2912
-9.9760
-3.6671
-1.2019
-8.5190
-8.3240
-9.7143
-14.7799
-11.7669
-4.1383
-3.4813
-7.3969
-18.3284
-18.5800
-20.1218
-21.0933
-22.6739
-20.5687
-18.6090
-14.2800
-11.2842
-7.1276
-3.5413
-4.0080
-1.8662
3.3116
-5.5738
-13.1464
-11.0625
-0.7898
-3.1269
-23.9272
-24.7319
-9.2245
3.2211
11.0081
9.3691
3.4565
8.0315
-4.5480
-9.2145
-5.6626
1.4490
4.4522
-1.7283
-12.9960
-12.7229
-13.5371
-9.3749
-1.2036
6.2027
4.0149
-2.1847
0.5715
2.4519
-1.5482
-2.0945
-0.3321
-2.5924
-5.9606
-10.1109
-18.7466
-18.9609
-15.9822
-13.3845
-15.7692
-17.3990
-24.0428
-23.3783
-20.9640
-25.2859
-22.4073
-16.0176
-10.0807
-11.2922
-17.8953
-19.6027
-16.1224
-12.8528
-10.5643
-13.5810
-18.7666
-17.7685
-12.2500
-9.1567
-8.4306
-11.8829
-12.1995
-8.9994
-9.8574
-4.0051
-6.7923
-10.7991
-18.6354
-20.6506
-17.2341
-18.6543
-20.5168
-17.9673
-15.1749
-6.3045
-4.0073
-6.6677
-10.1307
-7.8815
-5.9528
-9.2817
-15.9044
-22.5647
-21.0627
-17.5545
-16.8316
-18.2382
-19.5988
-21.2793
-16.2908
0.7122
1.7366
8.4434
5.1134
3.4795
3.9087
0.6826
-4.4520
-6.9363
-4.7332
-4.6673
2.3225
6.4633
-4.2331
5.5772
8.1909
3.8078
-0.6709
4.8493
11.9879
14.8185
13.4243
11.8542
5.2918
4.1889
3.0846
-1.0270
-11.9960
-21.9373
-26.4734
-26.4850
-30.2171
-34.6617
-35.1894
-27.9777
-22.5233
-20.4299
-13.3261
-7.3107
-2.8413
0.1494
-0.0959
0.4004
1.5816
1.2973
0.6087
-1.4357
-2.1439
-2.7078
-2.4215
-2.8649
-3.5409
-2.7788
-0.2161
0.3430
-1.1938
-2.6261
-1.2103
-1.2746
-0.4306
-0.0081
1.2012
0.5792
-0.7972
-0.8572
1.4230
1.2351
0.7779
4.2229
-4.9137
-8.3357
-12.5736
-10.4601
-1.0336
2.2491
0.2614
-1.6645
-2.1116
2.5494
-5.1270
-0.5561
-2.1911
-7.7363
-9.9618
-8.4950
-5.1722
-5.6430
-7.2213
0.3064
-2.4491
-6.7737
0.0159
-4.7542
-4.3260
1.6236
2.5690
2.1293
6.5890
4.3064
-9.6650
-5.2214
-10.6093
-8.2374
-9.3410
-11.6543
-11.1498
-11.2747
-11.7129
-8.8595
-8.8483
-11.8142
-13.3241
-8.9664
1.1867
3.1028
-11.9265
-15.6767
-18.7841
-14.6111
-19.2929
-29.9770
-17.8693
-6.4906
-3.7845
-2.5518
1.1426
-1.2373
-11.0221
-5.1901
-1.0483
-3.6923
-12.7445
-15.4550
-12.4505
-7.9141
-16.7152
-14.9159
-13.5279
-15.2150
-20.3575
-20.7227
-14.8290
-12.8627
-15.2523
-19.1117
-14.1063
-15.4256
-17.9648
-19.1825
-8.7206
0.2591
1.9103
2.4680
-6.4332
-4.2716
0.0663
4.8818
3.9892
-1.1583
1.0671
0.6829
-2.4292
-2.7323
4.7596
-1.7163
-11.6681
-13.4268
-12.0988
-3.8233
-5.6474
-9.7018
-8.5725
0.2999
-2.2417
-9.3903
-12.9539
-6.8119
-3.1862
0.3002
-1.4112
0.7633
0.2511
-3.1571
-5.9596
-7.9270
-12.1812
-19.2316
-18.6996
-11.3146
-8.1406
-7.2129
-12.2240
-9.9109
-6.8811
-3.9077
1.0275
2.1718
8.0909
10.6856
5.9091
2.1519
1.0737
0.9876
-1.2046
-0.4896
-1.6213
-1.3971
-7.4143
-5.2405
-12.3682
-13.7979
-10.1925
-3.1456
-0.4493
-0.0481
-3.4559
-10.2215
-23.1376
-23.4575
-3.3586
14.2579
15.0497
8.1801
-3.5215
-6.0477
-7.2081
-3.4724
-0.9991
2.4364
0.3646
-9.9086
-14.0824
-13.9368
-17.1884
-10.4872
-3.9273
2.6014
-0.6430
-11.3153
-8.2666
-8.6700
-3.5223
3.5411
6.1496
9.1713
6.6027
5.0867
0.1549
-3.8869
-0.2026
7.1605
4.6086
-2.6105
-7.3733
-11.1564
-14.3231
-9.4856
-9.8598
-7.2101
-12.5357
-18.3502
-13.3004
-6.4592
-7.1520
-5.9225
-16.5953
-13.5249
-6.3349
-13.4067
-20.8681
-17.7683
-15.9514
-19.1425
-17.6331
-20.0680
-23.5503
-25.9196
-15.6641
-17.1174
-21.1472
-22.6521
-24.2157
-28.1610
-25.7751
-23.6424
-35.6647
-28.4265
-14.0991
-7.1822
-10.9970
-10.6328
-9.3853
-5.5480
9.1992
9.4917
2.3585
-2.9887
-9.2472
-8.5668
-10.1284
-7.7439
-1.6945
-1.7836
0.3630
1.9435
0.6897
-4.3861
-7.8786
-18.9894
-20.3597
-27.6375
-22.3655
-7.6782
-4.7271
-1.9898
-4.2366
-5.7246
-1.5803
-1.0020
0.5960
3.2405
-12.4127
-16.8594
-8.0718
-11.0015
-18.8325
-16.0609
-6.3827
0.7700
1.8717
-4.2469
-5.6693
-5.4158
-4.4822
0.8127
-4.0140
-4.9843
-10.0553
-14.7756
-13.7758
-8.5403
-12.8897
-22.0229
-14.3171
-9.5586
-8.3324
-7.3148
1.6878
0.3641
-2.3058
-7.3649
-10.8882
-12.8894
-10.1911
-7.5237
-3.6705
-4.6102
-6.7703
-4.1652
-1.2256
2.2348
7.2364
6.4928
7.1528
4.2873
-4.3159
-5.5412
-5.6689
-6.1951
-1.2864
1.2738
-3.7500
-4.4791
-4.7377
-4.3279
-13.1835
-9.3535
-7.1734
-2.7069
1.0227
-0.0841
1.7178
-11.9974
-16.0906
-9.4097
-3.9212
-0.9407
5.0775
4.9411
5.2748
2.2653
2.6109
-0.8529
-3.1164
-5.1826
-7.7306
-7.1941
-2.1772
0.3418
3.2616
3.2962
1.3424
-3.3803
-10.1276
-8.6511
-8.4959
-11.2008
-6.4120
-8.6507
-11.2532
-1.2593
11.0930
15.5175
9.4142
4.8773
-0.8247
2.3929
-1.0057
-10.0272
-4.7970
-8.5470
-12.8219
-15.7260
-23.9053
-26.5171
-20.7627
-13.5540
-12.1089
-19.6581
-34.0619
-30.8567
-22.7465
-14.3657
-11.8918
-24.0705
-40.0623
-39.3105
-29.7919
-20.7041
-23.0746
-26.8228
-25.9013
-22.3818
-3.2216
-0.0003
-7.1244
-6.9115
-5.7988
-9.8043
-8.4915
-7.9919
1.4998
6.7336
4.0686
-4.6748
-5.3491
-2.8920
-2.6446
-10.4349
-17.5445
-9.4432
-2.8000
0.9248
3.1357
2.2812
-3.1975
-12.1858
-15.6591
-3.2035
0.1883
2.3845
2.2319
0.9550
-7.9771
-8.4480
-7.7405
-16.2520
-17.4701
-12.1756
-7.5289
-5.0455
-4.9405
-5.1313
-5.3693
-3.4353
2.9524
5.4981
1.8141
-7.6027
-7.2645
-6.6628
-7.8694
-8.4833
-8.0287
-4.8454
3.8525
6.1955
3.7933
-2.8525
-4.5507
-8.5357
-8.4553
-11.1814
-12.5376
-12.4922
-10.1147
-13.2758
-17.4687
-12.3700
-7.7663
-12.4628
-9.7317
-4.2795
-3.8831
-12.1989
-11.4886
-7.5954
-6.4502
-5.6076
-6.9330
-8.1488
-5.2189
2.5145
12.4055
7.7774
5.5595
7.5941
6.7253
4.8796
2.6820
-7.7411
-25.0135
-21.7529
-12.6900
-10.5301
-14.0158
-19.8128
-18.0707
-11.3789
-5.4073
-4.1254
-3.7812
-6.7222
-4.8153
-1.0641
-2.6976
-4.1082
-5.1026
-5.6293
-8.8110
-10.2949
-9.1331
-7.7302
-2.7023
6.8388
5.2025
4.6724
7.1141
0.5480
-4.8095
-3.8643
-2.6027
-7.0080
-5.7729
-1.9682
-10.6821
-9.1177
-9.7287
-3.3345
-2.6258
-3.1704
-5.3035
-8.1775
-11.1016
-11.0056
-11.8467
-15.4040
-13.3076
-8.7015
-8.4760
-6.9064
2.0151
8.8534
4.6306
0.4973
3.6857
2.3330
-4.1756
7.8077
9.5613
7.7701
3.8862
2.3510
-0.5615
-7.9022
-10.8315
-11.4250
-11.9202
-15.9967
-12.1813
-3.1555
-7.9086
-8.4084
-8.4021
-8.2819
-3.4514
2.3680
0.4376
-6.0088
-4.0903
-3.1869
-4.0511
-3.6332
4.1972
10.1234
3.1875
-6.4466
-7.0555
-5.3952
-5.5759
-3.1304
-6.8752
-12.5595
-14.4997
-0.7085
1.8102
1.5543
3.9142
-4.3039
-11.9065
-4.8811
2.8631
6.6803
5.0214
0.5285
2.2220
0.2074
-5.6887
-5.5159
-8.0766
-11.2501
-7.2122
-4.4929
-4.0432
6.5027
14.2603
10.9228
12.1183
15.8597
4.2253
1.4159
-5.6496
-7.3283
-0.0783
-0.8507
-0.3961
-13.2845
-14.4994
-9.0245
-6.1082
-5.5460
-7.6088
3.1386
-4.2549
-14.5400
-14.6974
-5.7638
-4.2912
-7.6074
-6.1228
1.7430
-14.4421
-23.2704
-14.4784
-6.4748
-10.2680
-19.1981
-9.3124
-7.1542
-4.1752
0.1236
-4.0541
-3.1590
-1.1499
-5.2263
-7.0744
-15.1144
-24.0611
-33.5499
-31.6582
-15.6489
-6.3478
-6.3256
-6.9321
-6.3956
8.4687
8.8488
4.7108
3.0488
0.4713
-14.6252
-11.0979
-3.0259
-0.3056
-2.3476
0.2926
-0.5331
-3.0001
-7.8974
-21.5475
-19.3272
-11.5346
-5.3728
-16.4116
-22.6906
-20.9833
-10.6630
3.2105
8.3518
7.9931
1.4714
-2.8859
-6.1632
-9.1177
-8.9105
-6.5158
-5.5392
-7.1854
-17.9718
-19.6849
-26.6720
-29.9867
-34.6255
-24.4944
-17.7080
-14.0686
-15.5190
-9.2956
-3.0482
-0.6597
-0.9989
-0.9568
1.5880
5.7817
-3.0701
-12.3633
-20.0665
-17.6258
-9.8370
-8.0391
-6.5534
-10.8506
-5.2775
0.0817
-2.7351
-7.7552
-12.9330
-11.9389
-11.0547
-15.6478
-18.2304
-11.8936
-7.0701
-7.9983
-6.2641
4.8689
3.1565
-1.8727
-0.8053
0.9535
-0.0247
0.1051
-0.0326
-0.8858
-0.1048
0.0048
-0.5593
0.2391
1.1439
-0.8610
-1.9239
-2.4411
-0.9323
1.3004
0.3664
-3.7898
-3.8730
-5.2410
-4.7467
-6.2038
-7.0007
-10.6973
-13.1609
-15.9367
-19.7212
-14.1299
-5.2089
-5.3918
-4.0737
-1.2074
-1.2437
-2.0085
-2.4281
-0.9747
3.5599
9.8403
2.7402
-1.1595
2.2354
0.7450
0.0976
-0.7389
-1.3330
-0.3148
0.0716
-0.6407
-0.9393
-1.7108
-1.3078
-3.0976
3.9559
6.0076
7.5484
7.0599
1.5340
-3.3890
-6.3075
-7.8872
-7.2202
-5.7920
-19.4416
-21.6082
-21.5371
-21.7572
-14.4715
-9.9711
-7.4659
-8.6891
-5.9554
-7.9312
-12.1245
-11.1977
-8.4183
-5.5374
1.1442

Coefficient 16:
0.0000
2.6697
0.3882
3.1516
2.7329
-1.3120
-5.2537
-13.1390
-14.9408
-8.9966
-3.4284
-5.5396
-8.6272
-10.5862
-7.0560
-1.8908
0.2572
-0.2325
2.2197
2.5309
0.0380
-0.9701
-1.5355
-3.6335
-3.7081
4.5338
5.1544
5.4161
4.3834
-2.9002
-4.9247
-3.1054
-1.2513
-1.8747
-4.2036
-4.8358
-1.7639
0.4734
-0.6845
-2.8448
-1.7539
-2.4311
0.8022
-1.9672
-0.7633
4.0121
1.6139
-2.5926
-5.7822
-5.2494
-6.6458
-12.9184
-6.6550
-4.6248
-5.2021
-7.2161
-5.9576
0.1524
0.4900
1.4960
4.1624
1.4459
-1.1617
-3.9381
-1.4002
-4.3939
-13.0000
-14.7292
-9.3373
-7.6243
-7.5005
-4.8519
-8.8471
-10.5563
-7.7452
-6.9423
-4.8243
-13.7370
-19.3872
-17.6818
-7.1865
-2.5506
-0.2764
-0.4764
-10.0802
-14.4696
-13.6914
-17.7817
-14.8579
-9.3111
-5.4543
-9.8689
-14.9074
-18.5570
-20.6113
-20.2679
-21.9320
-18.6212
-10.9251
-3.6441
-3.6983
-7.3018
-13.2824
-10.6178
-9.1454
-8.4161
-3.0584
0.5145
1.5257
2.8852
0.4202
-2.3387
-11.2516
-11.3350
-6.5887
-7.0238
-8.3878
-4.1441
-5.6293
-6.9847
-3.6381
-0.7152
-6.4841
-7.0455
-12.7887
-14.0815
-9.7051
-4.5105
-3.4578
-5.5578
-10.9499
-11.8542
-10.7132
-10.4943
-14.1120
-16.8447
-11.2681
-13.0735
-4.5770
-1.9550
-13.6752
-13.7089
-10.5924
-3.9707
0.4569
-0.1640
3.8604
5.3707
8.1290
0.8027
-10.0802
1.0897
14.3685
16.8101
14.8783
12.3442
13.0362
11.3962
-5.1815
-12.3823
-14.7667
-15.2860
-14.1364
-11.1896
-4.1262
-0.8934
-5.2249
-9.1242
-5.6863
-5.3207
-5.1611
-4.0832
-10.6654
-10.8890
-4.5777
-5.4334
4.1137
8.0801
4.7239
-1.2844
-4.5475
-2.7729
-2.8255
3.0924
-17.1108
-9.6351
-8.7557
-12.4598
-9.2960
-5.5141
-5.3834
-13.0537
-13.6383
-12.1777
-16.6312
-17.7699
-13.7739
-7.2308
-12.7616
-11.7002
-10.2196
-13.5680
-18.3055
-12.5595
-14.3487
-17.5387
-17.6675
-16.6858
-9.6003
-8.5543
-8.2646
-4.9393
-3.5662
-8.4874
-10.4722
-10.9662
-3.3099
-3.5871
-8.2938
-7.3244
-7.6229
-4.4715
-6.6348
-9.1215
-12.9117
-12.5069
-11.8216
-13.7895
-12.9974
-13.8295
-10.5891
-3.3645
-1.0229
-5.6877
-7.1796
-4.7569
-4.2787
-9.3408
-8.8830
-1.8933
5.9440
3.8999
-3.3435
-5.9176
-9.4858
-13.2023
-11.5371
-10.7219
-2.9225
-6.1078
-11.6620
-10.2128
-1.1678
5.2100
1.6370
-4.0793
1.0570
4.0053
-0.0460
-1.7648
-0.8962
-1.2734
2.5634
0.6409
-1.2018
-2.4491
-0.9797
-0.1960
-8.1292
-9.7767
-13.4400
-12.6428
-10.5476
-10.2744
-5.2581
-6.0407
-10.9192
-6.3584
-7.4415
-15.6402
-11.4983
-3.7488
-2.6845
-5.1440
-4.0349
0.2803
-0.5253
-2.3471
2.9507
7.3587
-2.1072
-12.2637
-16.6439
-16.2839
-12.3650
-2.7857
1.4540
0.5795
-3.0124
-4.5507
-11.1115
-16.7492
-18.4739
-18.0543
-20.5568
-16.8319
-12.1645
-8.6322
-8.4241
-8.4092
-7.8182
-18.0501
-22.2957
-8.8122
-4.5618
-12.9588
-3.8101
1.5547
-2.3463
-4.4033
-4.1747
-3.6617
-3.5413
-13.4224
-15.9491
-14.9440
-12.8778
-8.3791
-4.8600
-3.9553
-3.8150
-3.5081
-3.1684
0.1921
-4.4899
-2.8417
-0.1961
-3.1241
-12.2910
-20.2752
-10.8111
-3.2891
-5.9883
-11.1752
-12.7376
-11.8807
-8.9834
-5.4025
-7.7885
-10.5215
-5.8018
-7.4199
-14.6654
-17.5325
-11.0335
-9.8179
-6.0854
-7.8782
-9.3940
-6.1533
-0.5781
1.7440
-0.2829
-6.2396
-7.2216
-11.2595
-13.6736
-12.3434
-9.4971
-12.2483
-15.6615
-17.7263
-18.2126
-15.8641
-13.5918
-13.1265
-13.3533
-16.7166
-22.3621
-14.0733
-13.9975
-10.2594
-3.1729
-4.8921
-6.8146
-9.2704
-10.5751
-6.8758
-11.8042
-13.5632
-8.0382
-1.7555
-1.9478
-4.8256
-1.8790
-3.7287
1.2102
-0.8129
-8.1948
-9.3264
-5.7716
-8.0480
-13.0984
-11.3104
-6.5906
-1.9628
0.5468
0.3348
-1.2978
6.4997
12.4827
0.9171
-3.2525
-11.0132
-13.9675
-12.9404
-8.9404
-6.4286
-0.3591
-2.6322
-11.3378
-14.5174
-11.4703
-13.9981
-14.2557
-11.1653
-9.1816
-7.7215
-7.2733
-8.0386
-12.5534
-10.6609
-12.3379
-13.4903
-6.8387
0.3952
6.4558
10.5528
12.2397
5.8307
4.5229
8.5085
12.5069
17.3827
7.4308
-7.5502
-13.5079
-8.9125
-6.5363
-3.8148
-3.0545
-4.8662
-2.7961
-5.5990
-5.6792
-9.7173
-11.3323
-9.4365
-10.4803
-10.1649
-5.7310
-7.7210
-12.4025
-4.0423
-2.8632
-4.5135
-6.4158
-2.0825
5.5356
8.2278
10.1644
11.2725
4.5121
-4.3954
-2.7806
-5.6207
-14.9686
-11.9896
-12.0443
-14.5476
-11.2409
-7.6843
-4.8193
-5.2064
-4.7146
1.1727
0.5397
-7.1970
-10.3397
-9.6063
-7.1035
-13.2747
-17.8859
-12.6212
-13.0778
-14.4895
-8.1880
4.7067
0.0045
-8.9697
-10.9752
-6.6325
-2.6488
1.7514
3.2832
2.4828
5.5773
12.0630
3.4101
0.2856
5.8681
6.9578
4.2670
3.5433
-1.6897
-12.0774
-16.0455
-10.3854
-9.0285
-6.5601
-6.1652
-1.7374
1.3784
-2.0827
-12.5238
-11.8278
-14.4687
-17.4720
-19.2116
-21.1565
-16.5729
-10.5302
-10.3756
-3.8968
-7.3341
-4.5069
-5.3836
-3.5846
-2.4153
-15.9754
-24.9301
-21.2191
-13.1781
-9.8418
-14.9503
-19.3921
-12.0671
-2.3691
0.1903
0.3121
1.0094
7.3360
9.8280
7.8063
9.3077
11.5832
7.2907
9.2847
8.3924
1.7944
1.8774
3.7753
2.3949
3.9419
3.1684
-2.8264
-7.3911
-9.7030
-17.6875
-16.1398
-7.7984
2.4316
-7.7032
-13.5306
-16.1785
-12.1180
-9.3790
-5.6515
-4.2928
-4.0561
-3.6050
-10.5499
-19.6200
-18.4767
-11.4180
-9.0045
-4.4268
-2.7414
-1.9520
-5.2040
-8.4576
-12.8741
-10.7107
-2.6937
2.0444
0.4558
1.9501
2.1185
2.3963
2.1069
-7.3096
-16.0160
-19.1881
-19.1981
-12.1047
-6.4230
-4.6799
-3.0177
-6.2550
-2.9018
-8.2487
-13.5112
-11.2749
-6.2381
-0.9117
4.1912
10.6176
7.9550
5.9253
4.0906
-0.1461
-3.5292
-0.3187
-1.0119
-3.1341
-4.2581
-8.4320
-8.6244
-12.0894
-11.9960
-9.6369
-4.5698
-5.2162
-10.6460
-14.1300
-17.2605
-19.5811
-21.7154
-19.4476
-11.3537
-6.8908
-5.9670
-3.8605
-8.1171
-8.3872
-5.9401
-5.7368
-7.3092
5.5605
11.6577
-9.3076
-5.8423
-13.2679
-20.8548
-24.3396
-23.0668
-30.0957
-34.0431
-29.2351
-21.8554
-23.4204
-23.7214
-14.7688
-18.0791
-26.7582
-26.3946
-23.8409
-20.0077
-12.3531
-8.0336
-1.8057
-8.8453
-10.4263
-11.2643
-14.1443
-13.2011
-10.8321
-8.0965
-13.2955
-9.3551
-1.8094
1.5162
4.4842
1.8808
-1.1173
-3.7144
-3.3546
1.5622
0.9439
-2.8391
-8.6180
-13.9005
-10.0697
-12.5934
-17.0445
-10.3589
-8.2613
-4.1625
-2.7465
-1.1704
-0.1219
-0.3504
-13.3183
-27.5156
-34.4496
-35.8748
-31.3101
-24.0476
-22.5433
-19.7668
-22.0919
-23.8354
-22.4649
-17.6125
-7.7439
-3.7111
0.7975
3.0849
-2.6031
-11.3996
-9.0838
-7.1432
-9.8443
-9.8617
-2.1958
-10.4931
-9.9891
-12.9271
-13.5776
-21.0870
-18.8255
-18.2357
-16.1081
-13.8790
-14.0636
-15.6028
-14.7012
-15.8725
-3.9160
-8.2456
-7.6607
-5.0329
-6.3083
-9.1909
-13.0104
-19.3162
-22.7970
-22.8062
-17.8981
-12.2416
-11.5199
-12.2414
-7.4594
2.3869
0.9231
-0.0709
-3.6186
-5.0466
-4.0574
-2.5408
-1.5624
2.1099
5.6343
-1.6936
-0.3273
2.7804
-6.0516
-6.5149
-0.9940
2.0441
2.4889
1.8088
4.4226
-1.0186
2.1782
3.2076
3.1094
0.5569
-7.7346
-10.9871
-11.4173
-6.7514
-4.2021
-4.6875
-3.8842
-3.2595
-5.4980
-10.2019
-10.8247
-5.8830
-6.9316
-3.2593
-11.2258
-20.6062
-18.9774
-18.1049
-23.4142
-25.2766
-20.0774
-5.2295
-3.2221
-3.4104
-7.6737
-15.3425
-10.2761
8.1017
10.3236
9.2781
14.7214
13.8471
7.3110
2.7363
11.5252
9.5140
6.9311
14.0333
14.9386
7.7145
4.1115
3.9984
4.3440
7.5202
8.2851
-5.5189
0.3883
3.2252
2.1824
-0.6713
-1.5792
1.2108
2.3030
6.4574
6.2131
-1.1096
-0.1244
5.0666
4.7138
6.1882
7.4901
2.2972
-11.8294
-17.2695
-14.4950
-16.7833
-24.4475
-27.4017
-21.0115
-6.8787
0.7402
1.5518
-4.5069
-4.1814
1.3496
2.1989
-0.6745
0.8511
-2.3125
-5.3291
-10.7792
-12.6986
-15.2285
-11.9426
-7.2297
-2.4329
5.2181
1.0101
-7.8843
-18.6984
-15.9225
-6.0061
-10.7182
-14.8532
-11.8371
-13.9724
-16.8579
-14.6507
-14.3585
-17.5986
-16.4223
-10.9268
-7.8135
-10.7492
-14.8634
-8.7603
-9.2802
-19.1942
-17.8056
-20.2561
-17.5746
-11.1602
-16.9211
-15.7909
-8.6005
-11.2512
-16.5300
-18.2890
-20.4201
-24.5338
-27.6208
-24.8153
-28.2711
-21.8501
-12.2218
-9.5809
5.1386
11.0702
11.2362
5.2825
-2.0223
-6.2857
-4.4314
-5.9244
-6.7323
-8.6281
-9.0994
-8.1394
-10.1098
-10.8481
-4.3424
-5.4872
-5.6170
-8.7702
-16.9899
-21.3261
-21.8670
-20.2749
-22.9424
-15.8049
-9.8295
-3.4040
-0.0313
-0.3491
-0.1075
0.1254
0.2651
1.1192
-1.2072
-2.1419
-2.3242
-1.7684
-2.0878
-3.5215
-3.0585
-1.0583
-0.4288
-1.8869
-3.1227
-1.5267
-1.6091
-0.6074
-0.5257
0.3045
0.0934
-1.2036
-1.0856
0.8078
0.2334
0.1102
5.1424
-5.1519
-7.5630
-7.2801
-7.3426
-12.7511
-10.4916
-4.8253
-1.1391
3.5369
0.7631
-1.6103
-0.3645
-17.2337
-24.2696
-23.4636
-16.2456
-9.7224
-10.9171
-5.7565
-8.9548
-12.8140
-10.9288
-7.1969
-1.4565
1.6276
-3.0707
-12.9147
-16.2660
-10.4302
-7.8198
-13.1008
-17.2990
-21.0063
-18.8135
-11.7014
-8.7741
-11.9889
-8.9110
-6.4324
-9.6027
-14.1452
-15.2909
-11.7234
-7.4776
-8.1253
-8.8792
-4.2099
-5.2672
-12.1009
-16.2721
-10.6912
5.5140
7.5118
8.7534
8.5748
5.0263
7.1129
0.1998
-7.4002
-7.6148
-9.6545
-15.2144
-23.1579
-24.0386
-20.7872
-12.3985
-9.4550
-6.4443
-4.0408
-4.9121
-5.1630
-5.5296
-9.7586
-7.7495
0.6318
3.1976
4.3630
5.5109
-5.3682
-10.2319
-14.6673
-15.2329
-11.3325
-5.9383
0.8774
5.5423
1.4974
-0.5803
-0.8352
-0.5979
1.0821
0.9858
-5.0559
-18.8519
-21.1930
-8.6869
0.7186
-0.9842
0.0774
0.6765
5.8291
5.7873
3.7280
-0.9261
-4.6990
-7.1957
-3.8624
2.7779
4.0482
-0.5547
1.4006
8.9714
9.4391
11.4374
11.3886
6.5025
1.0241
-2.2217
-4.7969
-6.1529
-8.4370
-10.9719
-12.4346
-10.8246
-13.4890
-8.3369
-1.1902
-2.1572
1.6475
9.7790
13.7786
12.6917
9.9907
4.2992
-0.6245
-0.1731
-1.4471
-1.3574
10.8345
5.9552
1.4228
3.9665
8.4984
2.2880
-4.5166
-7.4988
-3.3530
10.2441
14.5017
23.4949
17.2441
9.6036
4.6798
-1.2001
-2.2789
-5.8164
-7.5554
-8.6341
-6.3021
-3.2626
-4.8819
-14.9273
-18.5011
-20.6192
-22.0168
-18.9980
-4.3081
7.0305
3.9972
-1.3466
-0.3439
0.7843
-5.9230
-12.4631
-15.0447
-7.9745
-5.0303
-6.2447
-2.0930
0.1219
-3.4146
-6.7023
-12.3963
-4.7757
0.4594
-6.1854
-15.7826
-9.3777
-7.9359
-7.5706
-5.6382
-8.3493
-7.5049
-4.3787
-8.4743
-6.1922
-7.4860
-4.7326
-10.7239
-3.1589
-6.3983
-12.6684
-6.3786
-15.7932
-12.9029
-14.0733
-16.4636
-8.8618
0.5649
8.0585
16.4892
12.8077
5.9069
3.0272
-0.5808
-7.7972
-13.9350
-15.2351
-8.4337
-1.0084
-5.0649
-14.7368
-20.7735
-18.9549
-19.5752
-18.3494
-11.9599
-5.7457
-1.3724
4.2200
2.7379
-1.6453
-0.0482
2.6404
1.2636
1.7218
0.4085
-6.3719
-13.6704
-24.5544
-23.8168
-8.2925
4.2627
4.1025
-1.9225
-6.5128
-5.0615
-2.9264
-5.8439
-5.3724
-6.3845
-16.0279
-14.1378
-10.8793
-5.5858
-6.0779
-7.3799
-7.3528
-6.3485
-3.7818
2.6677
-0.1287
1.4116
3.2070
-6.5276
-18.5857
-25.2417
-19.6711
-8.6588
-9.8170
-11.1832
-6.7734
2.5545
-1.3056
-0.5600
-5.6142
-2.8616
-2.3301
-3.8880
-7.1423
-6.4622
-9.2429
-7.7442
-9.0524
-7.9197
-4.4602
-0.9260
-2.7951
2.1551
1.8934
-3.5734
-8.3015
-15.0562
-20.1160
-15.3121
-12.8667
-8.0545
6.4881
7.9685
1.5989
0.9372
-2.4828
-6.6435
-15.8981
-21.8859
-23.8313
-25.4876
-15.1233
-8.6737
-7.4166
-11.7578
-10.7074
-6.0416
-7.2650
-4.2509
-3.8041
-9.5281
-8.8105
-5.8650
-4.7300
-5.9295
-9.2010
-6.4752
-8.2975
-8.6909
-8.5074
-7.9317
-6.6279
-1.2999
-0.2838
-5.7849
-5.3618
0.1436
-3.4083
-6.1081
0.0235
3.5993
1.3315
1.7057
-0.7515
-4.8347
-5.8638
-9.3819
-5.5099
-2.4673
0.1778
-2.6705
-6.9077
1.3988
-0.0699
-18.2214
-25.5564
-16.6934
-8.8815
-12.3768
-18.5286
-19.5037
-19.8472
-20.0908
-20.8533
-22.1190
-15.4412
-7.4075
-10.0013
-12.0450
-13.4822
-14.8456
-14.0669
-15.4335
-19.4963
-24.4158
-19.7224
-15.6214
-16.6388
-7.7503
-4.9242
-8.6842
-0.0767
4.7906
-1.7122
-5.3714
-13.2989
-17.7344
-14.8743
-13.9125
-14.1145
-6.6706
-2.0044
-2.8909
10.5443
4.4678
-7.4610
-10.7508
-14.0097
-11.8546
-0.4376
8.2508
2.2479
-8.5197
-6.5883
-10.8654
-8.7216
-7.4146
-7.1491
-11.3909
-14.3394
-15.6256
-11.4060
-13.8401
-9.9752
-6.3979
-9.3757
-9.4819
-6.7532
1.4451
0.6932
-4.9987
-7.6569
-8.6280
8.0232
14.0089
18.2147
20.0343
15.7743
20.1545
23.5156
20.5899
18.0615
15.1708
10.2534
11.7279
7.6613
-5.4176
-11.8954
-13.3416
-10.4424
-10.3425
-2.7427
-1.7508
-0.5152
-0.5037
-3.9649
-10.5898
-10.0980
-7.2482
-9.7336
-7.5988
-5.2957
-3.7520
1.5828
7.0624
1.8748
-7.9058
-17.5606
-13.4009
-6.7253
1.6484
3.9308
-0.7077
2.0138
16.3329
16.1015
-9.9253
-14.0081
-14.1231
-10.0829
-4.9677
-1.9610
-3.2084
-6.9922
-9.5229
-10.0306
-11.5502
-9.1932
-6.4371
-2.4232
-1.4562
0.4770
4.5410
7.6149
6.8497
5.5838
5.1189
4.1569
3.2263
4.8235
10.8565
13.0238
18.7809
15.1065
10.1408
7.5893
6.6031
2.2169
2.8878
7.7859
6.3730
-2.5724
-4.2635
-9.3413
-15.3904
-12.1627
-2.4143
4.7545
6.5243
4.1503
3.7163
7.4747
7.1473
-2.0189
5.7179
9.5807
-1.3657
-2.7492
-2.0272
2.2846
-0.4694
-1.3456
12.5017
6.2151
5.1789
6.9043
0.8548
-3.0809
-11.3133
-14.8751
-9.6292
-1.0225
-5.4175
-13.7549
-10.9153
-4.7019
-6.7160
-15.5548
-18.8945
-12.8159
-4.0474
-3.3762
-11.7315
-18.2854
-10.9523
1.8054
7.6424
13.3263
16.5976
11.9624
9.8454
7.7588
3.5643
2.3112
-2.4829
-4.3343
-3.0752
-6.3733
-10.6496
-6.8117
-7.3887
-5.4987
-7.2278
-17.2674
-23.9726
-15.7234
-5.9372
1.4214
7.3637
8.3706
4.6535
-12.8558
-19.4021
-15.5327
-17.0198
-17.2795
-2.6788
-0.8447
-2.6346
-12.1413
-14.8436
-15.2887
-12.4716
-6.6169
-8.2993
-8.8215
1.1948
2.8903
0.5932
3.9006
17.9145
10.9280
1.6082
-1.1739
-5.4920
-9.9126
-15.8498
-15.1571
-19.0947
-20.7743
-17.8225
-16.6211
-9.5322
-2.0828
-2.5436
-5.6127
-6.9747
-2.2767
-7.3638
-10.4514
-15.6875
-9.0503
-3.3641
-3.4268
8.4835
20.7164
21.1563
16.3416
13.3546
10.7898
5.3813
-6.5247
-10.6826
-4.3887
-1.8648
-7.8253
-7.7064
-5.5356
-5.3863
-5.2333
4.0189
2.0228
-3.9225
-6.8606
-4.8232
-24.9173
-22.0589
-14.5194
-8.9264
-3.1999
1.9897
0.8409
-2.4336
-4.5385
0.7670
4.3531
5.0014
3.9534
-6.5245
-16.1908
-20.7713
-23.1307
-26.5934
-28.8960
-31.6901
-32.0141
-28.3784
-23.9131
-17.6476
-14.5268
-10.3440
-6.0579
-12.7108
-23.3499
-23.4722
-2.6165
0.9505
-3.3604
-7.6644
-5.6868
-1.8569
-1.9019
-10.4747
-13.5022
-7.2701
-2.7657
-8.0062
-13.2612
-9.3130
-7.6251
-8.0289
-10.9241
-15.6870
-12.8843
-10.2609
-7.2567
4.5783
3.0319
-2.7573
-0.4260
-1.4070
-2.8857
-2.7941
-5.6570
-8.6052
-9.6673
-6.7517
-5.0282
-6.5548
-7.4489
0.2938
1.8578
-3.1098
-1.2525
0.5472
-0.5642
-0.2712
-0.3155
-1.3863
-0.3481
-0.2930
-1.0682
-0.3760
0.0372
-4.5023
-6.1001
-6.0145
-3.1329
0.8060
-0.1244
-3.8592
-3.3861
-3.7857
-3.1420
-4.9268
-6.1863
-8.7317
-6.8290
-3.8281
-2.6949
-3.2900
-6.5867
-5.3116
-4.7788
-1.7533
-1.6433
-2.6475
-3.4386
-2.6958
-4.1829
-0.6937
-4.8258
-9.0976
-5.0846
-0.1638
-0.1372
-0.5424
-0.9616
-0.5314
-0.3989
-1.1353
-1.2242
-2.0106
-1.7282
-3.4923
-17.2131
-9.0626
-3.2316
4.9487
9.4258
-1.0548
-4.0503
-5.0790
-5.9829
-7.9270
-9.7868
-13.3379
-12.8217
-7.4652
-7.3795
-5.8968
-6.8470
-7.5083
-8.9651
-8.3635
-10.0952
-4.8377
3.2146
1.9036
0.4452

Coefficient 17:
0.0000
6.4684
7.0822
3.0457
2.4341
-1.9966
-7.5907
-15.3847
-17.1737
-11.5744
1.2286
8.5833
9.4780
4.8350
5.8885
5.3244
2.8635
0.2575
1.7026
1.7950
-1.4613
-0.4370
-1.2798
-5.3097
-6.0220
-3.3107
-9.1021
-9.0870
-4.2866
-2.5146
-2.8902
-3.0957
-1.2034
-1.3588
-3.3660
-6.6801
-3.2726
0.3496
-1.4248
-3.5950
-3.4955
-0.8335
-0.7896
-2.4014
-2.3520
-5.0793
-6.4446
-5.3258
-6.5533
-6.3929
-13.3206
-10.3619
-6.2347
-9.9052
-11.3526
-11.1606
-11.6678
-9.3045
-9.5808
-7.5288
0.5358
2.0380
0.0386
-4.2870
-5.0335
-5.8094
-4.5343
-9.9781
-8.6601
-10.1927
-13.2794
-8.2748
-8.3417
-5.0644
4.3265
11.7836
17.4068
17.2619
22.8775
19.3871
13.5581
9.8723
4.0432
3.2241
5.6367
1.0793
-0.2696
3.1865
6.2447
3.6400
-2.2634
-4.2591
-8.0726
-10.3115
-6.4424
-6.9932
-9.5532
-11.3696
-9.9768
-2.9264
-1.8418
-5.6708
-21.3875
-15.8744
-10.9639
-7.7105
-7.4547
-12.0974
-9.5064
-4.5799
-3.4156
-4.0567
-2.9088
-0.8089
-4.1902
-8.5805
-6.8360
-6.5901
-11.6429
-9.7547
-1.2613
-1.0161
-8.5618
-10.5878
-15.0206
-13.1817
-11.7854
-8.9232
-6.9763
-6.9274
-6.1660
-4.1408
-5.7577
-8.9115
-10.0154
-5.7054
-3.5260
-7.0489
-4.8860
-3.9663
-14.2099
-10.6595
-7.0692
-0.7665
5.2048
-2.1641
0.7108
9.1210
9.5434
2.6781
-9.6214
-4.4897
5.2996
7.1113
1.3055
2.0169
3.7645
2.5673
-16.4533
-20.3202
-23.1536
-24.9605
-22.5733
-3.4296
5.2605
9.2097
-1.5004
-5.3665
-7.3628
0.7824
5.2625
2.7963
1.3769
3.0800
8.0166
0.8080
-5.1923
-1.5605
-0.3029
3.0019
-1.0407
0.2764
7.7985
19.9207
11.0438
10.0605
10.6678
10.3409
15.4791
19.5501
19.3741
11.6757
8.0051
7.7822
7.9195
8.0382
8.5378
8.6153
-1.3826
-0.0305
0.2396
-5.7214
-11.7209
-18.1910
-19.6832
-20.0195
-23.7720
-27.8380
-20.2517
-15.7448
-17.3778
-15.6838
-16.4064
-21.8566
-17.8172
-13.4191
-5.3677
-1.9021
1.0136
2.8567
4.6821
-1.2966
-5.6290
-1.6212
-2.8907
-4.5701
-2.1930
-3.2148
-15.3643
-19.7741
-13.5875
-3.3710
2.5047
-1.8290
-8.5767
-6.7741
-1.3301
9.7803
4.0070
-2.3383
-1.0858
0.9161
-2.2362
-0.5762
-2.7420
-5.7520
-10.9332
-12.9524
-13.2384
-8.9169
-1.7838
2.8563
4.6182
3.0286
0.9983
-6.4055
-4.2316
0.4175
-0.5709
-1.9540
0.6268
-21.0928
-17.8329
-9.2945
-2.3262
-2.5624
-8.5506
-7.6190
-10.8552
-8.1442
-4.0505
-1.7387
-4.1765
0.6530
4.8851
0.3658
-7.5444
-5.4836
-5.3240
-7.1170
-8.4395
-5.2628
-4.5336
-7.5096
-10.9443
-5.9127
-3.5452
-5.8051
-2.2382
3.5968
-7.4975
-23.9893
-25.6613
-13.9494
-1.9414
1.4493
0.9418
0.1455
-8.8604
0.6567
-0.5913
2.8638
4.6972
9.6119
7.5197
-3.5489
-2.1135
-6.8808
-6.5494
-1.9950
-1.5638
-2.8476
-3.6941
-2.8661
-3.4202
-8.8152
-13.1768
-15.3072
-12.3304
-8.5027
-10.9972
-5.7324
-0.3888
-11.0372
-12.5470
-12.4009
-12.2374
-8.5503
-4.0626
-1.9453
-3.6212
-3.3893
-3.6790
-1.4289
-0.5311
-0.9077
0.7324
-0.2828
-3.7902
-11.3711
-17.1881
-18.6586
-15.5906
-11.7743
-10.7585
-8.4852
-5.3242
-4.1546
-6.9341
-6.4964
-9.5672
-11.8116
-15.4166
-13.2639
-4.3850
-3.9630
-4.5557
-4.4127
-1.5662
-2.3083
-3.7818
-4.4406
-6.9075
-12.6431
-12.8604
-10.1142
-2.9157
0.6611
2.7157
-0.8340
-11.3553
-22.4651
-22.0860
-14.6754
-15.4330
-19.3810
-20.9657
-20.0414
-18.8173
-18.5098
-19.9847
-14.5403
-12.0265
-16.3210
-15.8568
-15.4272
-20.3606
-20.8722
-22.1498
-14.2286
-10.7069
-9.2649
-9.3061
-13.7280
-12.8960
-12.1691
-8.0595
-8.5418
-15.5529
-18.7680
-13.4670
-6.0009
-5.8888
-5.6246
-8.3211
-7.4382
-9.5127
-10.7896
-8.6585
1.7196
6.6041
-0.3829
-6.2104
-3.2279
1.5024
2.1082
-2.3379
-8.1390
-5.2134
-7.2985
-8.9374
-12.0969
-9.0416
-15.5424
-22.7206
-15.0834
-11.6783
-7.5974
-8.2849
-8.6103
-9.6592
-16.3582
-16.3884
-11.7669
-8.1173
-7.8923
-4.6434
-0.8611
-1.9038
-11.9747
-8.7407
-2.7476
0.6919
0.8761
-2.5305
-2.5363
-8.8817
-10.5328
-12.4783
-13.7507
-10.6371
-10.4870
-6.6904
-10.3719
-8.1681
-3.5944
-3.8149
-8.1609
-13.3072
-12.6749
-8.7925
-6.5791
-9.9248
-1.3893
1.7510
3.4309
-2.7503
-0.9700
2.9500
-1.8556
-2.7428
-5.9254
-11.9944
-19.6100
-17.1751
-13.8856
-17.8385
-17.7679
-14.0406
-15.1731
-13.0535
-7.5285
-8.4955
-16.7522
-14.3067
-10.1321
-14.8415
-15.2231
-15.2907
-11.2588
-10.7171
-16.7802
-20.6581
-26.2611
-30.1791
-30.7763
-26.1059
-12.8983
-18.0079
-24.7689
-22.0325
-17.8497
-23.9356
-22.4110
-18.4557
-19.2150
-14.4125
-9.5390
-7.6518
-3.1336
-9.3633
-9.3149
-7.6685
-4.8622
-7.0669
-13.7047
-16.0550
-13.4217
-4.5429
-1.2668
-7.4477
-15.1030
-14.4327
-13.7058
-20.4992
-23.8678
-27.3202
-28.5439
-25.1596
-27.0004
-25.4064
-17.8057
-15.3969
-7.0877
-0.8865
10.0468
13.6954
8.7502
7.1491
4.6643
-3.7025
-3.7296
-4.2904
-7.8571
-10.5508
-15.2949
-25.7923
-31.0195
-35.2588
-37.2875
-37.2508
-35.0689
-29.5662
-26.0119
-18.9159
-10.0096
-9.3118
-8.2991
-7.1107
-8.2999
-2.3802
-1.1296
-7.3448
-6.2323
-8.5547
-9.9461
-6.9921
-10.9115
-20.4377
-24.1060
-16.5296
-19.2608
-21.5903
-16.9438
-10.2873
-6.3986
-7.9817
-10.9129
-7.8364
-7.1205
-3.8894
-12.9237
-12.4823
-4.6613
-5.2342
-3.9498
-4.0915
-12.3328
-14.3119
-16.3028
-14.8652
-17.2077
-15.6305
-14.6097
-18.8422
-19.3153
-18.6333
-17.6566
-15.2214
-15.3789
-16.4464
-12.9893
-5.1638
1.7743
4.2834
2.2540
1.1539
1.4230
-0.4258
-3.3821
-6.7963
-9.9441
-5.6799
-3.2115
-0.6732
3.4602
2.8272
-1.7710
-4.8067
-4.2262
-5.9521
-10.6416
-18.6826
-18.4856
-12.1430
-10.1289
-3.1079
5.1789
5.1770
4.6594
3.6955
1.2150
-4.3124
-7.9941
-5.3096
-4.8837
-9.9005
-10.8889
-11.6401
-17.3052
-10.9273
-5.6698
-14.6274
-13.2882
-11.6667
-11.5719
-10.7723
0.5116
1.6914
2.8240
-14.4670
-11.1504
-6.1013
-4.3347
-5.4090
-0.9233
0.7955
-8.3842
-15.0132
-13.8654
-9.4783
-5.0274
-9.5219
-13.6278
-13.4203
-8.6902
-5.1913
0.2714
7.5984
10.4242
5.7077
-5.9129
-3.5799
-6.7479
-10.5752
-10.1085
-9.3285
-10.2426
-9.2986
-7.7929
-7.8615
-5.7424
-2.1817
-0.8452
-3.7815
-8.4688
-5.8271
-0.5185
-0.9579
-9.6718
-30.5126
-31.5670
-16.2196
-8.2373
-10.2340
-14.7451
-2.9638
-1.2868
0.4608
7.1917
2.4190
-1.0323
-2.7531
-1.3660
-14.6846
-17.4875
-20.4354
-19.7320
-16.0543
-11.4642
-11.2910
-11.2825
-16.7492
-16.3425
-9.5685
-13.2015
-15.1403
-7.5595
-7.2501
-13.2718
-15.2592
-19.3108
-17.3875
-12.5474
-10.1620
-5.0326
-4.9336
-14.6080
-18.0272
-12.5746
-8.5680
-11.8324
-10.1769
-7.0616
-4.1448
-4.9530
-6.0570
-8.2544
-2.2890
-0.9563
-4.1039
-9.9304
-12.5683
-10.9910
-12.4761
-7.2657
-2.2223
-3.3406
-4.7568
-6.0788
-6.2055
-4.7458
-2.5849
-0.1561
-4.6029
-6.4086
2.1066
2.9452
-1.4595
-0.6015
-0.0579
-4.8023
-7.0897
-7.1331
-6.8474
-5.9508
-11.2183
-9.5668
-2.1071
0.0229
-8.5357
-11.1194
-9.7016
-11.1271
-16.1245
-19.5421
-11.1856
-1.6899
-4.3592
-4.5561
-6.6224
-13.0960
-20.3507
-23.2584
-23.9673
-25.7459
-22.9950
-19.2960
-15.9855
-15.3123
-16.3500
-17.7366
-19.1287
-13.6216
-9.1610
-8.9436
-5.6210
-1.1276
-6.3749
-20.2930
-22.0066
-20.0650
-14.0876
-6.6996
-1.3136
-9.9254
-11.2682
-11.6612
-2.6642
-2.6984
-10.2860
-12.5756
-0.4870
-5.6886
-12.9451
-27.9026
-31.9514
-34.3333
-34.2525
-22.3007
-10.7247
-4.9077
-3.3370
-3.3312
-5.2952
-10.2141
-28.8830
-38.7932
-33.7086
-19.7141
-10.4435
-5.9686
-7.2093
-7.8814
-8.9251
-5.4194
-4.9221
-10.9858
-15.5021
-11.6487
-14.5139
-14.7577
-11.4000
-17.6424
-20.1576
-21.2050
-18.5183
-3.4511
2.2045
-3.3566
-9.2907
-12.1412
-6.5860
-3.3335
-2.1499
-2.5194
-9.2366
-15.7561
-18.4120
-10.6356
-8.4823
-10.7863
-15.6749
-16.6449
-20.1459
-21.0105
-15.8945
-17.8100
-15.0902
-4.2891
-12.1939
-18.6583
-18.9004
-15.2517
-15.5975
-19.3681
-20.8051
-19.5525
-12.2567
-18.0097
-20.6777
-18.2337
-14.3229
-9.0954
-7.7472
-13.9939
-11.5540
-14.3680
-16.2315
-12.1281
-3.3153
1.5025
-6.0101
-15.7081
-18.6983
-24.4080
-25.3501
-19.8599
-16.1392
-10.6047
-11.0333
-7.1587
-7.2154
-2.4504
5.3167
-1.6828
-10.6863
-17.0365
-10.6733
-1.5942
0.0734
-1.6810
-12.5637
-6.1354
2.6845
6.4783
5.4545
5.4915
9.3041
13.0036
12.1333
2.9958
-5.9738
-10.2835
-11.1462
-8.8248
-10.9109
-5.5201
-3.8891
-1.0409
0.3714
-0.5099
-0.4714
-1.0338
-0.4758
1.4315
-0.9741
-2.0539
-1.7603
-1.3538
-1.2819
-3.2797
-3.1567
-1.7710
-1.0844
-2.4131
-3.4233
-1.7493
-1.7968
-0.6884
-0.9306
-0.4925
-0.3255
-1.4803
-1.3662
0.2332
-0.6075
-0.4278
4.6482
-5.6846
-8.1449
-9.8604
-18.3764
-17.3462
-10.1077
-0.5440
-0.9752
-3.6880
-6.6753
-6.4228
-2.6566
-23.1494
-16.5476
-14.4111
-9.0192
-11.2367
-12.4919
-15.1720
-13.7105
-13.8201
-8.5737
-0.7193
-9.9102
-11.3098
-5.4765
-5.2616
-8.8008
-9.0406
-11.4259
-9.7502
-4.1097
-13.3320
-15.4452
-11.3444
-10.7679
-11.8187
-15.0155
-15.3645
-13.1063
-13.1504
-15.7969
-12.8963
-13.5790
-16.9439
-14.0246
-23.9056
-21.1908
-15.7096
-9.2087
-3.2298
-9.6702
-10.7593
-13.6494
-13.8773
-12.0095
-4.5514
3.6546
1.6596
-3.0683
-11.8708
-14.0280
-10.7378
-9.0920
-4.7942
5.6256
10.7458
2.9003
-1.9837
0.2656
1.3104
-7.4379
-15.0187
-12.9042
-2.6026
-2.7680
-4.4673
-4.4305
-3.5501
-2.1033
-2.7571
-2.0514
-6.8887
-4.1201
-8.2117
-15.6454
-13.2622
-10.9360
-8.5844
-8.1977
-4.5682
-1.1744
-4.2937
-19.2319
-20.4074
-16.3856
-8.0538
-5.3092
-5.9926
-12.1651
-16.7009
-15.8790
-12.3160
-5.7655
-4.7441
-4.6521
-7.5033
-5.2366
-7.1779
-8.4399
-8.7855
-10.2659
-12.1618
-7.6788
-4.9490
-10.4915
-18.7264
-15.0868
-9.0238
-11.2961
-10.9973
-11.5255
-7.0277
-7.8350
-5.4107
-4.7034
-8.5627
-15.1803
-18.1720
-13.4980
-4.4886
2.5255
2.2963
0.4902
-0.9124
-0.2279
-1.2112
-1.2296
-13.8032
-4.6118
-3.8834
-7.0401
-11.4184
-21.7952
-25.5782
-23.6684
-20.4440
-8.3779
-13.1990
-23.0844
-23.5582
-19.4913
-10.1867
-2.6060
-2.4198
-5.6240
-2.3470
-5.7575
-9.6539
-13.4162
-19.3748
-25.9341
-25.4679
-25.7749
-19.2545
-7.7773
-2.8999
-1.2934
-1.4033
-3.1642
-7.4163
-19.5434
-18.8936
-16.4915
-12.7364
-11.6246
-10.1933
-0.4938
0.7134
-2.9884
2.3207
-9.4772
-12.0333
-4.2986
-8.0807
-17.3086
-11.0549
-13.0498
-9.7405
-10.6494
-7.9561
-8.3753
-9.3514
-6.9062
-5.0623
-0.6614
-1.8512
-4.2242
-9.4124
-22.9702
-18.4483
-9.2478
-1.8720
-14.8969
-18.6279
-18.9565
-26.7824
-28.6688
-21.3968
-18.8298
-26.0260
-23.8230
-22.0449
-24.5710
-18.0457
-18.3090
-10.4376
-10.5768
-9.9465
-6.4069
-7.5060
-8.7827
-5.4553
-4.5763
-2.0699
-1.8475
-10.5523
-12.6760
-7.1538
-0.8550
-3.0753
-9.5416
-9.0397
0.9315
1.1120
1.5006
0.1876
-7.0548
-15.8519
-16.5345
-12.5805
-13.1649
-20.0045
-14.0258
-9.9778
-12.2698
-5.3632
-0.8190
-0.1925
5.1168
5.6389
6.8627
-3.0757
-11.7140
-17.6405
-17.3725
-11.7857
-9.9906
-13.2679
-15.7516
-10.5499
-6.9132
-3.0912
1.0844
-5.1329
-11.7481
-14.7468
-8.4081
-3.2490
-4.1669
-6.8850
-8.7666
-17.4838
-19.3040
-13.8104
-11.7822
-7.1723
-2.5414
1.7600
-3.0400
-6.1238
-11.7460
-14.9005
-17.4412
-13.0560
-12.2050
-14.2274
-14.8848
-17.0833
-22.6485
-29.1927
-29.7043
-23.6611
-14.3259
-6.2977
-1.8157
0.8479
5.1134
-1.0092
-9.0612
-18.0195
-16.3229
-4.8819
-1.6754
-7.3218
-10.6411
-11.3235
-11.3680
-9.5652
-8.1923
-12.9541
-18.0449
-19.7598
-19.1319
-10.7527
-1.0557
3.5976
5.1646
3.0672
-2.7338
-5.0742
-5.0681
-5.2718
-4.3208
-1.4439
-0.4668
-2.4632
-2.5224
-0.7617
-1.7575
-4.3628
-3.9384
-3.2029
-2.5620
1.0514
6.3013
8.0892
1.1174
-11.8775
-20.6616
-22.6285
-24.1071
-27.5785
-20.2409
-9.6071
-14.9012
-21.1784
-23.1233
-20.7796
-23.1203
-18.1527
-24.3705
-23.5132
-13.4220
-15.5604
-21.5693
-15.5268
-10.2618
-3.3332
-5.1840
-13.3331
-21.4237
-24.5204
-23.4565
-22.9948
-23.3199
-27.6506
-31.9629
-34.6142
-33.3830
-34.2907
-27.2125
-16.0812
-6.2510
-7.3570
-9.6097
-15.2958
-26.8008
-19.8528
-6.5912
0.8028
1.0000
0.3104
-2.9008
-1.2419
1.8518
3.5584
-3.7773
-6.8286
-6.0978
-5.7936
-9.2013
-20.2756
-26.1704
-26.1287
-24.4050
-15.7113
-15.5934
-24.4399
-25.1264
-23.8686
-9.5317
-9.9600
-9.5938
-15.7119
-19.5800
-21.1655
-28.4317
-16.7002
-1.0720
2.6146
-4.0845
-4.9228
-4.3522
-7.0203
-15.0867
-15.0112
-18.2004
-18.2248
-12.4811
-2.8984
-4.3573
-2.8265
-3.6794
0.3962
0.0627
-0.4546
-1.4831
1.1482
-4.1248
-6.5544
-9.3868
-10.4259
-13.0417
-12.9737
-8.6932
-3.6068
-10.9748
-7.9295
-3.6052
-8.6598
-3.2442
-2.1516
-4.8213
-6.0900
-8.8726
-9.2305
-8.5452
-3.3231
-6.6908
-8.9193
-13.7386
-24.3203
-22.1562
-20.1368
-17.4566
-11.8917
-15.1173
-17.4834
-23.2277
-19.4532
-11.4005
-11.7091
-1.5243
2.3257
-0.9443
-6.9605
-6.3379
-11.0248
-16.5898
-17.8590
-16.0560
-14.2682
-11.2819
-8.8262
-4.1176
-1.5309
1.2651
4.6881
5.8459
6.2137
7.6508
6.1193
3.2635
2.6247
1.6233
-0.7050
-4.3069
0.7976
3.6589
3.9203
3.8799
4.8810
2.5648
2.5780
-6.9348
-11.7800
-14.0377
-10.4833
-11.2262
-7.3799
-5.3276
-4.7489
-4.4646
-5.9211
-5.7901
-14.2794
-20.1719
-10.4083
-2.6467
-0.9084
1.8556
2.7452
3.5598
9.4226
4.2940
-3.2629
-1.0219
-5.0146
-7.0898
-5.7412
-3.4132
-6.7415
-4.4115
-9.3446
-12.4871
-16.2155
-11.6001
-5.7975
-9.3778
-10.5572
-12.4910
-12.0066
-15.6066
-17.3804
-11.1289
-6.7250
-9.3173
-16.3839
-16.6085
-3.7818
7.4371
6.6950
0.5515
-4.7307
-12.4904
-11.2936
-12.6948
-16.8945
-16.4435
-20.4428
-19.5908
-16.2148
-7.6796
-6.7783
-21.5368
-21.4293
-18.6022
-12.6064
-16.3572
-15.0338
-12.9291
-12.7157
-8.0139
-0.7108
-0.0196
-2.8213
-14.1428
-8.7960
-2.0448
-3.6621
-6.2518
-11.5656
-7.4988
-5.3254
-10.0718
-9.7447
-6.0360
-1.3516
4.9840
2.0264
-5.8898
-15.0280
-9.6966
-4.5140
1.4923
1.0466
1.2474
10.7175
10.8905
4.6708
4.0730
-0.2762
-10.9676
-12.7915
-14.1148
-11.4099
-9.5402
-12.8653
-4.4423
6.3982
13.7073
16.0975
13.4897
12.3493
16.5130
8.5562
-9.4862
-4.9336
-5.9315
1.7391
7.2243
10.8351
7.3390
2.0404
4.2707
0.3363
-7.6542
-3.9286
-5.2467
-12.1635
-13.7095
-8.3286
-5.1237
-4.6504
-4.4434
-7.0444
-13.4363
-15.5179
-13.1077
-7.6014
-23.7409
-23.2479
-19.6346
-14.1871
-3.3955
1.9889
0.3133
-2.5479
1.9617
-4.4547
-5.3690
-5.2763
-6.2229
-9.6642
-9.0544
-8.6649
-7.7788
-9.2218
-13.6107
-12.9215
-10.8731
-15.2034
-19.8356
-20.0913
-16.9235
-8.0568
-6.8271
-11.9706
-11.7707
-4.9088
-6.7763
-8.9915
-12.3064
-4.2329
4.9483
5.5146
-0.6314
-3.0600
-1.3807
-4.0921
-0.3332
-0.8421
-9.3102
-5.2273
7.0140
13.8584
15.4003
4.7689
-6.0887
-7.0697
-11.8411
-14.7740
-12.8403
-10.2253
-10.9046
-14.8571
-11.6701
-2.7135
-3.5838
-0.8831
-0.1897
-2.6413
-1.7891
-2.8074
-6.7153
-4.2917
-0.3404
-2.9456
-1.5811
0.1650
-1.0503
-0.6119
-0.6156
-1.8184
-0.5370
-0.5238
-1.4937
-0.9360
0.2563
-0.6420
-1.7301
-1.7776
-0.8626
0.3411
-0.5445
-2.7634
-1.1006
-1.3730
-2.6195
-6.0373
-8.1204
-5.5397
0.7861
-1.1719
-2.3503
-8.0290
-6.7164
-4.6197
-5.2744
-2.2362
-2.0371
-3.1952
-4.2023
-3.7627
-5.7025
-1.9842
-0.8880
-2.2334
-4.2301
-1.2297
-0.4771
-0.3285
-0.5172
-0.6864
-0.8558
-1.5647
-1.4424
-2.2238
-2.0785
-3.8252
-7.6525
-7.7226
-4.4742
0.0329
7.1158
-0.9018
-6.7279
-8.9677
-10.2934
-9.9936
-3.6662
-3.1888
-8.4011
-26.6689
-24.9038
-21.9408
-17.1761
-12.5863
-13.2751
-9.7642
-7.8231
-7.9361
-9.7198
-9.1268
-2.5176

Coefficient 18:
0.0000
9.4575
8.6677
1.4318
0.3808
-2.7962
-7.3982
-13.1058
-16.2286
-10.1844
6.1723
18.2380
25.8807
23.9342
18.7211
11.4816
4.3253
0.2955
0.6265
0.6757
-2.7546
-0.4115
-0.9790
-6.7286
-8.1062
-16.9112
-22.0414
-19.1360
-12.3695
-4.5938
-4.0801
-2.9092
-1.1519
-0.9759
-2.6672
-6.2572
-3.2544
-1.1191
-2.7219
-3.4647
-4.4364
-3.7913
-8.0782
-8.2294
0.1657
-0.7791
0.7815
3.5459
-0.2807
-6.2200
-15.2904
-6.6094
-4.6098
-15.4366
-12.5568
-8.8654
-8.5522
-9.3383
-6.8635
-3.6120
-8.0336
-8.6256
-7.3042
-4.1721
-4.1076
-5.3588
-4.8122
-6.4392
-4.9494
-6.4012
-3.8560
-1.4737
-3.1789
-0.3044
-2.5695
-2.3358
3.3595
8.9119
21.4405
18.9230
9.5853
6.6552
3.2557
4.8500
-1.2456
-5.6079
3.6506
11.5577
10.9754
12.9795
6.9951
7.0748
11.1182
10.9398
10.2108
8.4756
7.3277
8.6979
7.4902
19.7736
16.9313
5.1603
-13.2182
-15.1621
-10.9016
-8.8711
-5.1292
-8.6616
-6.8629
-4.3030
-3.8475
-6.7886
-9.4826
-8.0259
-6.3736
-5.4477
-3.4555
0.5669
1.6969
0.1736
2.9953
-1.2198
-7.1547
-10.2517
-8.7445
-6.3799
-5.4398
-0.7660
-4.2626
-0.2155
2.1518
-1.8620
-8.2341
-13.7771
-12.4316
-5.9981
-5.6339
-8.1394
-4.3888
-1.2750
-10.3918
-8.6982
-8.6805
-7.1722
-2.6009
-7.5213
-2.6861
0.7147
3.8557
-6.9355
-17.1329
-15.3131
-6.2131
3.6604
17.0420
17.5024
4.8060
2.9038
-9.2687
-14.4201
-8.6780
-1.4160
0.8794
-4.2687
0.1078
2.6030
-7.9429
-8.3090
-12.0523
-8.5979
-3.4863
-2.5036
1.7193
5.9092
5.6707
7.8930
-0.7318
-4.6478
-5.0820
3.2873
12.2106
11.1881
8.7008
17.8363
10.6484
9.5609
10.5328
11.3217
18.7378
23.8370
18.6941
14.1892
8.6620
5.3242
2.1882
-0.9050
-0.1086
1.5375
-3.1838
0.2823
-4.0604
-12.8221
-14.5931
-6.4615
-0.1605
1.2197
-0.9879
-6.9155
-11.5885
-12.6662
-9.2730
-5.5168
-3.5232
-5.3464
-7.2528
-3.0626
1.4621
-0.2079
0.5616
-1.3725
-2.8869
-4.3236
-3.3882
-2.1859
-8.2588
-10.3531
-5.5091
-0.3433
1.9941
-3.3491
2.6650
11.8728
14.9596
9.5030
5.3119
2.5487
3.2118
7.4106
0.3440
-7.5411
-9.0467
-12.3732
-10.7737
-5.2081
-4.4557
-2.1186
0.8320
-2.2099
-9.8341
-5.8637
-4.7800
-6.8492
-13.6618
-16.8483
-11.4732
-7.5648
-6.9655
-2.4795
-1.0931
-2.0565
0.7716
-7.1257
-6.7989
-5.3798
-8.8636
-16.6059
-7.3303
-0.8404
-4.5171
-3.7046
3.0976
4.1675
-0.3888
-2.3853
-1.5605
1.4976
5.9250
8.6584
2.9787
-1.2762
3.7858
3.2956
3.4558
3.8085
1.4487
-4.2594
-7.0107
-2.8567
-0.0197
0.1103
2.9676
0.4346
-2.1834
-1.3079
7.3647
3.6836
0.2820
-0.2733
-13.8182
-10.5692
-8.4956
-7.9828
-9.5452
-14.5159
-11.5358
-9.1165
-8.2183
-13.7879
-18.2807
-10.3250
-4.8695
-4.1171
-4.8775
-6.4982
-7.9134
-15.0544
-16.2892
-15.4902
-16.4267
-10.2417
-0.7282
5.9311
3.5255
-7.2605
-7.7017
-7.8792
-9.7009
-9.8748
-6.1737
-4.2284
-3.3526
-3.1150
-3.9077
2.1800
0.9318
-2.4052
-1.5550
-1.3640
-3.4869
-3.5398
-7.6473
-8.0233
-3.4015
0.4599
-3.4545
-2.0367
1.4274
-0.7019
-3.8975
-6.8652
-13.7037
-12.3858
-11.3653
-9.3053
-10.2339
-6.7017
-4.6647
1.5415
4.5361
1.9224
-2.6230
-3.9484
3.4019
2.2388
-0.3858
-0.4163
-3.8519
-8.0051
-10.9292
-13.7603
-10.2604
-6.8598
-8.1082
-9.5189
-5.8409
-0.1812
-0.0912
0.6210
1.6037
-1.9872
-5.2417
-8.6137
-9.1184
-10.2173
-6.2858
-1.0464
-5.0609
-5.9066
-7.3188
-3.1312
-8.6245
-14.5423
-15.2662
-17.0733
-15.1401
-12.7778
-13.4177
-15.7328
-18.5711
-17.3809
-11.2495
0.0897
11.7959
2.1579
-3.1427
-4.3327
-7.8872
-4.0270
-2.6318
-2.4488
2.7851
2.6928
-6.5813
-2.8713
2.8223
-0.3142
-2.7146
-1.3765
-2.1990
0.4802
-0.8925
-4.8420
-7.6614
-11.8538
-17.3489
-15.8885
-13.7829
-8.0193
-6.0288
-7.2021
-5.1477
-10.1148
-9.1360
-9.1862
-10.2588
-10.6614
-12.3003
-11.8432
-9.6262
-14.1748
-11.2193
-13.1937
-14.8214
-11.3007
-11.8860
-15.3139
-14.0746
-9.2318
-4.8997
-6.0834
-6.7722
-5.9532
-5.2785
-6.2805
-5.4879
-7.0378
-5.1682
-3.7809
-8.6297
-11.4866
-6.2643
-5.5672
-7.2639
-6.3402
-8.8469
0.2984
1.6335
-0.2476
1.6352
3.2873
0.1391
-2.0921
-7.8235
-12.2060
-8.6142
-1.8716
-6.1046
-6.7502
-9.0042
-10.3434
-4.2779
0.0789
-1.4434
-8.1010
-8.9835
-8.7959
4.1181
11.9784
9.0901
2.5239
-5.8364
-12.5308
-13.3305
-14.9111
-12.7300
-9.6924
-6.8894
-1.7907
-6.5965
-9.7756
-8.4415
-5.1597
-18.8819
-23.8870
-26.0535
-26.1951
-22.4643
-19.6206
-15.8186
-15.4138
-16.7626
-16.0356
-17.4883
-18.6507
-10.8307
-4.7683
0.1659
0.0697
0.3341
0.0705
-0.5900
-0.3457
1.8680
-0.5481
3.3281
-1.0960
-7.4410
-7.9735
-10.4876
-12.0916
-10.3697
-6.5440
0.3686
5.0216
16.6566
25.3942
20.6043
15.8682
8.0804
-7.4027
-11.8332
-11.6522
-15.4596
-15.6334
-14.8957
-12.5988
-8.1619
-12.6714
-14.5408
-11.2798
-13.9584
-16.6891
-15.9314
-11.2649
-15.1843
-15.8692
-12.5110
-3.3431
-11.3995
-13.4396
-7.1281
-3.5802
1.5517
3.0064
1.2633
-1.5880
-6.8536
-9.9555
-5.9155
-3.8173
-7.5376
-9.9743
-3.6668
-6.8060
-7.0753
-3.1503
0.0692
-2.6044
-5.3833
-8.7278
-6.8306
-8.6087
-4.8715
-3.5749
-7.0263
-0.8358
-2.1372
-5.0847
-2.5532
-3.6614
-5.5212
-11.7107
-11.8169
-5.3002
-6.1398
-2.7433
3.3903
6.8502
3.9685
-6.3208
-9.8332
-8.3190
-14.4449
-20.1518
-17.0407
-5.7366
1.7648
5.8539
6.0131
3.6108
-1.1551
-4.8484
-0.4145
-0.6758
-0.4588
2.2198
-10.6727
-10.9531
-12.4998
-11.3418
-10.2591
-13.2185
-11.1939
-10.9386
-14.1193
-13.8543
-2.0421
9.2424
11.4513
11.1219
8.5240
0.5808
-7.2188
-6.0052
-2.8560
-9.1392
-14.6379
-17.0531
-21.1572
-23.5104
-12.8452
-6.6521
-11.5379
-10.4437
-10.5015
-9.6802
-6.8450
-6.1361
-7.6703
-9.6536
-20.5506
-15.7266
-10.4375
-6.2577
-5.4772
-6.3001
3.9330
8.2922
10.2448
0.4953
-0.9651
1.0478
4.8301
-5.9310
-14.8699
-10.3159
-6.9053
-7.1967
-6.1835
-5.7929
-0.6170
-3.5417
-3.3714
-6.4446
-12.7141
-11.8921
-13.2587
-14.0948
-9.2549
-5.5355
1.9848
-2.8991
-5.7153
-4.5827
-2.0662
2.2725
1.3100
0.1553
-0.0745
1.4858
-11.2913
-6.2734
-4.6091
-2.6175
2.4348
-4.5256
-9.8513
-13.0871
-13.5294
-8.6746
-6.8590
-2.1293
1.9211
7.6612
-1.4457
-12.3615
-14.1937
-13.8577
-13.0219
-18.5565
-19.9393
-14.8172
-3.4756
-3.6297
-0.1014
-0.7841
-5.5321
-3.7933
-6.3662
-6.8483
-6.2254
-8.5172
-9.7943
-12.4459
-9.9482
-6.8068
-10.3073
-10.8271
-5.2605
3.5024
8.6348
5.5877
-5.9972
-4.7127
-9.7645
-11.6103
-10.8313
-4.8701
-5.9869
-2.8812
-0.5311
-3.0095
-6.4299
-5.4751
3.6282
2.8340
3.7683
1.7223
5.1140
4.4809
-1.6906
2.9343
-1.9521
-1.6893
-3.5700
-0.5964
-2.0405
-5.9282
-5.2709
-3.3479
-1.7204
1.9294
-3.6895
-3.6428
-7.1953
-10.2139
-10.8744
-6.5087
-3.3143
-0.3351
-6.5539
-7.6004
-12.4733
-7.9505
-4.3356
-3.0667
5.9529
5.3507
3.3959
6.4445
10.4793
1.2873
-1.2189
7.7436
5.0460
-2.8289
-14.5477
-11.1382
-7.7254
-3.1177
-5.4782
-8.4820
-8.5356
-7.0183
-8.3667
-11.7689
-14.7045
-6.9463
-2.5292
-10.2962
-6.7999
-5.1573
-1.3570
-4.0107
-14.7599
-13.1571
-16.8316
-12.2600
-2.1087
6.1116
8.7297
9.3877
10.5621
-0.6831
-10.9509
-9.9049
-8.2626
-4.9872
-8.2258
-9.7781
-17.7912
-17.3215
-16.9232
-13.9978
-8.6141
-16.1379
-12.9630
-7.5701
5.0266
15.1648
10.5397
6.3802
0.5065
-3.7911
1.7997
-2.4235
-5.4168
-6.5856
-7.2526
-4.1915
-7.8625
-6.0327
-1.1270
3.8391
4.9843
-1.8018
-7.6289
0.1841
7.5214
0.7950
-2.2850
-5.4364
-3.7062
3.4843
3.7723
2.4839
0.5375
1.1087
0.8003
-0.4838
-0.2065
-3.1510
-9.6189
-9.5846
-6.5967
-7.8041
-2.6292
1.3034
-3.4192
-10.9334
-7.7068
-6.1178
-3.8869
-2.0316
-1.2538
-3.3714
0.4810
-0.7507
-5.0395
-6.1405
-10.2134
-8.1283
-7.2295
-11.6115
-12.3422
-15.1636
-9.9538
-7.2321
-7.4685
-9.5399
-5.0088
6.0789
13.2752
12.4972
9.4626
-2.6878
-5.3432
-4.3794
-5.3372
-2.7612
-0.6194
-4.4761
-8.2143
-4.3759
0.6947
-14.7899
-26.5864
-29.2803
-25.0897
-14.8864
-10.9482
-3.7336
15.3149
15.7418
15.1342
14.4394
11.5297
9.1149
11.9193
14.1934
15.5917
11.8980
10.1039
9.7353
10.5208
14.0851
10.8932
9.2995
4.7601
1.6249
0.4609
-0.5974
-0.7030
-0.7068
0.7156
1.4555
-0.8180
-1.9343
-1.1002
-0.9071
-0.5002
-2.8602
-3.0981
-2.3566
-1.6287
-2.7695
-3.5406
-1.8939
-1.8449
-0.6884
-1.2367
-1.1804
-0.6923
-1.6424
-1.6982
-0.3034
-1.2899
-0.8518
2.9140
-7.8578
-13.0245
-10.5567
1.9148
8.9159
4.0085
3.4636
-1.7265
-18.5694
-26.9473
-21.0229
-6.2106
-8.0342
-2.6059
-3.3329
-12.7919
-13.0600
-12.2328
-7.2684
-6.0923
-4.0760
-6.2105
3.5718
14.3025
6.9321
-4.9970
-10.0435
-14.0206
-21.6822
-20.2198
-11.7807
-11.8298
-14.2356
-10.6511
-10.0293
-10.6604
-12.6804
-15.7234
-14.2800
-6.6039
-4.4733
-6.5991
-12.7654
-14.4494
-16.3847
-12.6099
-3.3546
4.9041
3.8581
-2.5361
-1.2454
2.5494
-4.6207
-3.1529
-1.8592
-4.6416
-4.2443
-7.3436
-12.7597
-12.5726
-13.8763
-9.6494
-2.7036
0.1438
6.8438
15.3643
10.3209
1.7358
2.8346
8.8032
12.3421
6.2674
2.3089
1.4773
3.3034
2.1146
-0.3547
-3.1329
-1.0878
1.0625
-0.1698
-0.9668
-4.8900
-5.5343
-5.3205
-0.6120
5.2751
9.0017
2.4737
-6.9415
-5.5261
-3.9505
-9.3306
-19.7953
-16.6389
-17.6826
-19.5587
-18.5140
-12.9979
-2.4658
-1.0660
-2.1649
-1.0449
-0.2384
-1.4059
-3.7815
-5.9466
-7.1028
-14.6431
-15.0927
-6.8501
6.4502
7.2999
8.2815
6.6598
2.4825
1.3746
5.0405
1.6785
-4.2187
-3.6709
-1.4216
2.0375
0.8582
4.4736
0.8348
-1.8730
-1.3843
-1.2804
-5.0744
-7.9688
-8.5343
-10.3246
-5.4994
-1.9068
-0.6523
-0.9835
-1.0526
7.8576
1.2161
-4.8250
-4.3656
0.3285
-1.8782
0.5391
6.3785
6.7686
3.3381
-8.7685
-5.4364
-3.3859
-7.4093
-2.7710
6.8351
8.2808
5.3127
-3.0107
-13.6574
-18.9391
-20.0258
-19.6241
-11.4314
-10.2677
-14.2263
-14.7127
-16.5820
-20.3739
-23.3663
-19.1115
-11.9107
-10.8202
-8.7875
-4.6226
4.4967
10.7478
12.0496
5.0069
-2.5191
-5.2560
-1.0458
-0.4529
-4.5079
-10.6317
-13.5774
-10.2088
-13.2718
-8.8674
0.9507
2.8819
-1.7615
-7.3185
-10.0958
-10.5898
-7.4511
-4.6099
1.1471
1.8220
-5.6312
-7.6980
1.2369
-8.7716
-10.9303
-8.9848
-3.8670
-1.2356
-2.6698
1.9215
2.1424
-0.3762
-0.3581
4.8883
9.2676
9.1169
7.0848
1.4857
-3.8279
4.2448
4.8672
5.7402
10.0987
6.8143
-5.4536
-13.9393
-3.4922
-6.4853
-11.6936
-9.8408
-6.9044
-1.3311
-4.5126
-3.9643
-3.0152
-7.6136
-4.8543
-1.2756
0.9366
0.0446
-6.1632
-13.5034
-10.7664
-13.1245
-7.3814
0.9194
-0.9813
-2.0397
-1.7363
-5.3051
-12.6523
-14.2021
-9.5216
-10.6871
-10.9946
-8.9279
-9.0638
-12.3345
-18.4716
-17.1848
-10.6880
-6.2109
-8.9409
-5.8646
-5.6228
-10.5427
-14.8977
-13.3615
-9.9523
-9.2463
-4.3095
-1.4559
-3.5916
-7.9081
-8.5218
10.4705
13.0983
-1.1511
-11.7736
-13.0609
-7.8576
-4.2311
2.4126
-0.1565
-6.3949
-10.0852
-15.3561
-7.5384
-2.2214
-5.6796
-4.1363
-4.6869
-5.5214
-0.4881
-3.9078
-10.4989
-10.3534
-12.2458
-12.4556
-7.9837
-6.6434
-6.0366
-4.9089
-7.4813
-6.0429
-8.0813
-9.6418
-7.9223
-9.3869
-5.1603
-5.1570
-6.4203
-6.1894
-5.9680
-6.7504
-5.1027
-6.5845
-11.8632
-14.5065
-20.0739
-20.6318
-6.1441
-2.4238
-6.6003
-8.1671
3.1790
2.3746
1.3662
0.2550
-5.3565
-5.7107
-2.8718
-2.0891
-7.3436
-7.8208
-6.0667
-5.5815
-2.1327
-1.7139
-3.8889
-12.5023
-25.9879
-29.8498
-25.6020
-21.3832
-11.7795
-1.9050
3.8177
4.4267
4.7201
6.7065
4.4383
9.3665
1.9894
-0.2686
2.0222
14.6263
13.4098
-3.5909
-13.6515
-13.1518
-13.1398
-14.1658
-3.9093
7.0564
9.7465
2.6661
-0.4802
4.0608
6.2174
12.2894
15.6317
12.7516
8.0765
5.3049
-0.4139
4.7606
4.8045
2.1494
-2.8584
3.7119
3.6941
6.8683
0.6522
-6.8706
-15.9732
-18.3878
-14.1262
-10.0803
-9.0745
-11.0361
-7.0947
-2.7921
0.4921
-6.3278
-13.7567
-16.7316
-13.3426
-2.2509
2.1394
4.2093
-2.4728
-11.8762
-9.8443
-5.1037
-5.3260
-6.0636
-16.2863
-20.3200
-22.8195
-17.0571
-11.7175
1.8358
7.9898
-1.5481
-8.5972
-12.7364
-8.6864
-12.3777
-12.7324
-11.2580
-14.1813
-11.5824
-11.4630
-10.2014
-2.6207
-5.6028
-11.1097
-18.8818
-17.6455
-10.2840
-7.5593
-11.9999
-13.6822
-13.4377
-8.0529
-8.0145
-14.3654
-19.4236
-9.9985
9.5514
1.3789
2.1312
-5.6407
-5.7861
-6.2921
-5.8482
-6.3841
-9.3294
-8.9276
-5.8131
-4.2899
-3.4601
-3.6160
-6.3214
-11.1959
-12.6334
-5.8932
-9.0609
-18.1027
-22.6916
-20.7823
-10.4130
-11.1825
-10.5105
-2.3338
-5.9636
-10.2099
-10.4647
-8.6432
-4.7077
-8.1511
-10.5391
-12.2958
-10.4441
-11.8504
-12.5010
-11.3331
-5.8331
-3.5133
-3.8116
-5.3880
-7.6655
-8.9600
-8.0053
-5.4677
-2.8876
-1.0679
-2.2290
-8.0478
-10.3763
-6.3919
-5.5014
-5.2159
-5.3950
-6.3497
-9.3839
-11.6592
-11.2632
-10.1857
-13.6807
-11.1841
-5.8318
-0.6589
-0.5706
0.1416
-5.5165
-8.5544
-8.2734
2.4670
6.2081
6.0411
4.3622
7.6569
11.7008
17.1050
15.3179
9.7021
0.7466
1.8988
8.3956
19.7597
26.7737
25.3498
20.0138
16.8537
13.2303
10.8068
7.9690
7.0434
7.7209
-1.0661
-6.6044
-7.8310
-12.5936
-12.5376
-14.1251
-13.5797
-11.0121
-12.7828
-12.8852
-13.2851
-7.0179
3.6907
12.3772
11.5729
-0.9217
-12.3707
-18.8294
-20.3254
-21.5117
-18.7086
-15.5867
-18.1702
-20.8177
-20.3516
-15.8375
-9.3966
-12.9118
-9.4993
-9.4628
-11.5354
-2.1545
0.3870
0.8914
-0.8220
-4.9995
-1.7135
-4.1301
-5.7760
-6.0073
-7.2717
-4.6094
-3.9915
-2.0300
3.0932
6.9494
-1.7303
6.9971
8.3085
8.9766
6.6696
8.0588
1.3714
-2.4433
4.5335
0.4621
-0.5637
1.2915
-0.2847
3.2576
3.2892
-1.2670
-9.0221
-7.8274
-5.6488
-9.9931
-3.1200
-0.5494
-0.1650
1.5089
11.0088
12.1774
16.3888
21.5640
13.8438
13.3436
10.1078
11.3108
9.0228
15.4670
12.7528
11.6007
11.3374
3.5669
0.7698
5.7007
9.8204
13.7247
4.7343
-11.3293
-6.8466
-11.2779
-16.7289
-15.9921
-8.5543
-4.9337
-4.5018
-4.0466
-4.5801
-7.5232
-9.0284
-9.9286
-8.8302
-1.3612
-0.6928
-3.9955
-5.8352
-1.1925
0.5496
-1.4245
-9.4631
-12.2428
-5.4683
-3.5593
3.2134
5.2048
-3.2501
-2.4453
-6.4602
-7.1568
-8.7188
-4.1847
3.7977
4.2304
0.8779
-2.2450
-5.5504
-6.7972
-3.7142
-6.8236
-12.7271
-5.2305
5.3244
26.1495
17.8954
11.9576
1.7544
-2.4121
-1.4693
-2.2351
-8.7748
-17.9398
-16.3598
-5.4832
-1.8430
-5.3158
-7.2349
-3.9914
0.1525
4.6011
0.0532
-3.9868
-5.5861
-8.3079
1.6370
1.2380
-1.4055
0.2374
2.6519
-4.4133
-7.0486
-5.0609
-2.7877
3.9143
4.9778
2.1937
-1.8667
-6.8967
-7.5499
-2.8032
-4.1703
-1.8034
-0.2003
-1.4794
-0.9149
-0.9461
-2.1780
-0.6711
-0.6893
-1.8310
-1.4338
0.3614
3.0160
2.3493
1.4886
0.7017
-0.0922
-0.9034
-1.2182
1.6815
3.9618
4.1489
3.6225
2.2310
0.3585
-3.3911
-2.4555
-4.4821
-4.0167
-5.0676
-5.3407
-5.5798
-2.6575
-2.4185
-3.6442
-4.7190
-4.2476
-0.3397
-3.1330
-4.7873
-6.1690
-6.6171
-2.4907
-0.9245
-0.1476
-0.0586
-0.7870
-1.2876
-1.9290
-1.6082
-2.3555
-2.3518
-4.1934
-0.9331
8.2002
6.8798
10.2313
8.5391
10.0823
10.1854
8.6616
7.1367
11.8875
11.6403
8.0028
0.8725
-10.1994
-15.1685
-13.9726
-9.9312
-6.7732
-6.2470
-4.0038
-1.9613
6.4409
5.5899
2.1679
-1.0909

Coefficient 19:
0.0000
6.8681
6.2086
0.4036
-2.5314
-3.5970
-4.6573
-6.4928
-7.6468
3.7956
19.5212
27.4139
31.7128
25.9016
19.0035
11.0202
3.4949
-0.1528
-0.8162
-0.6291
-3.6745
-2.6070
-1.9270
-7.6547
-9.2015
-21.7263
-21.4297
-16.4723
-13.3133
-5.0320
-2.5414
-2.5813
-1.1338
-0.6169
-2.0453
-5.3031
-3.7207
-2.8852
-2.4270
-2.6233
-4.0819
-1.2394
2.3021
1.9548
4.1489
2.2936
1.0590
3.3431
-1.8719
-9.4439
-7.2883
-5.7637
-8.7588
-3.5543
-1.4512
-3.6350
-8.5471
-9.7777
-4.6596
-5.7990
-6.9736
-5.5616
-4.1180
-5.1356
-6.0568
-2.8305
-2.1951
-1.4456
-2.9822
-6.5864
-6.8711
-8.8370
-1.1155
1.6960
2.1991
2.5299
3.1365
5.4150
7.5999
5.3967
5.7622
6.8233
5.6970
5.3375
11.4941
3.2713
7.0741
8.3918
5.0240
7.7366
8.3342
10.2913
19.1177
18.7554
7.8211
5.7715
12.9628
21.7500
19.3468
-5.0894
-7.2146
7.8665
3.2482
-6.2073
-5.0273
1.4875
6.6978
10.0519
11.1118
4.2314
1.0105
2.3204
0.5584
-2.8996
-3.7449
-0.9614
1.3480
2.1108
6.2633
-1.8135
-6.4387
-3.1978
1.3779
-1.0945
-4.5417
-4.0882
-2.8855
-4.0647
-8.8807
-8.0809
-5.8800
-12.3266
-17.2708
-21.0875
-20.7983
-16.0068
-15.2990
-17.6059
-8.1548
-3.4014
-16.5614
-15.1084
-11.3750
-4.9002
-6.8614
-9.7651
-4.4490
0.0656
4.0236
-1.2929
-11.6799
-10.7858
-5.4448
6.3501
18.9563
22.8958
16.8651
11.9681
-2.0342
-11.4760
-18.1441
-23.6935
-22.4634
-20.0480
-14.8614
-11.0268
-15.6443
-14.0688
-13.6090
-19.0874
-15.9015
-8.8075
-11.7765
-13.7732
-12.1039
-6.7428
-12.1282
-13.8741
-14.6166
-12.4596
-9.8706
-6.7115
-0.2145
8.2371
-7.8712
-2.3245
2.0928
1.4510
-1.0970
-1.8583
-5.9561
-1.2289
-1.6731
-6.0714
-11.6953
-14.0952
-8.7387
-6.5341
-4.5700
-2.6170
-5.9348
-5.2705
-7.2651
-1.2739
4.2690
6.1106
2.8513
0.9119
-2.2128
-6.6966
-4.6642
-3.9337
-2.6861
1.2682
-2.1574
-17.2025
-20.9248
-21.3476
-18.0660
-20.7541
-18.1888
-5.8439
-1.6367
-9.8804
-17.8837
-18.6189
-18.9372
-18.0651
-12.8459
-8.3631
-2.8475
4.3016
10.8999
5.9841
4.2459
0.7879
-1.6980
-13.5137
-11.7277
-6.5445
-5.5832
-14.2847
-15.5746
-13.6558
-10.8712
-4.3643
-1.1060
-2.1062
-6.7806
-10.0768
-16.2587
-19.8858
-21.0670
-18.0078
-13.6966
-8.2899
-6.8019
-3.0041
-1.4383
-2.0913
-0.4445
-6.1163
-14.2522
-20.5095
-23.0400
-17.6919
-18.4448
-14.0041
-16.1950
-18.6568
-14.4659
-10.0353
-10.7605
-9.4145
-13.0252
-16.0448
-14.3909
-11.0292
-2.7604
-4.9924
-7.0632
-3.5166
-3.0688
-5.0564
-2.9548
-8.0396
-10.3843
-6.8804
-7.4003
-5.8413
-16.2160
-13.2879
-8.6153
-6.4598
-2.6655
0.2409
0.0692
-0.6608
-16.5946
-18.5076
-10.3051
1.5962
11.0376
13.2124
7.5215
-1.9787
-2.2773
-5.7781
-11.6599
-10.4480
-9.8890
-3.2987
0.0545
7.1918
8.5533
0.1624
-3.1057
-3.7695
-7.8679
-6.4204
-0.1198
3.2283
1.5238
-5.4983
-4.7289
-3.9194
-6.5701
-2.5248
2.6127
1.3027
-2.3239
-2.7249
-4.3969
-11.4858
-11.9672
-6.5434
-1.8923
-3.9292
-12.0959
-5.1385
3.1490
1.7908
-0.9135
3.0093
-4.6093
-9.6630
-11.4450
-7.5393
2.6316
-3.7035
-14.9624
-13.1277
-11.4325
-11.4193
-9.7521
-4.4806
-4.3552
0.3164
-1.0385
-7.2511
-10.4652
-3.2778
-2.2259
-0.1345
-3.6038
-8.0232
-11.7387
-11.1495
-5.2059
-8.9098
-8.5481
-3.7834
-3.4745
-8.0684
-4.8759
-14.0491
-9.8226
-7.5100
-13.6682
-13.3238
-10.3748
-12.4637
-6.8880
-2.7439
-2.9268
-2.6547
-9.5224
-12.9758
-12.6284
-10.7949
-6.9754
-8.0403
-5.0726
-4.4120
-11.1076
-11.3506
-12.2723
-15.1925
-11.9797
-6.1488
-6.7423
4.8365
9.9780
-1.0376
-3.4520
-2.4206
-5.5445
-2.8275
0.2689
-4.0613
-3.2099
-5.2590
-11.3118
-7.4135
-5.4057
3.4934
2.1612
-1.2393
-4.5146
1.7952
3.9420
-6.3907
-8.2483
-5.7417
-6.8283
-6.7849
-1.8184
0.6161
-2.7311
-4.0517
-6.7320
-11.0279
-4.9908
-5.1871
-11.3936
-11.6054
-14.6151
-15.5518
-11.1201
-8.5121
-4.6363
-4.2827
-11.6133
-21.7264
-20.3243
-9.4170
-4.6487
-3.2460
-5.5495
-11.1367
-9.9475
-8.4629
-6.6174
-2.9454
-1.2488
-2.1646
0.2658
-0.6704
-10.7367
-11.2745
-8.2537
-6.4792
-8.1084
-6.3393
-1.9722
1.8528
-0.6437
0.0973
-4.4564
-12.4642
-20.2590
-25.8584
-19.8261
-17.0873
-13.6112
-8.0636
-3.9546
-3.7329
-4.7339
-6.0456
-11.0695
-13.8645
-11.6815
-7.3371
-1.4092
-1.2246
-9.9217
-14.5233
-13.2393
-15.0773
-9.5757
-3.3849
-8.7768
-10.0065
-11.4490
-6.8153
-2.1629
-0.0514
-4.1486
-3.7371
-12.9576
-13.1021
-10.0284
-18.1602
-20.3617
-16.6233
-12.5664
-11.1439
-14.9032
-18.8449
-10.8625
-7.7263
-7.3973
-7.9072
-3.9786
6.0733
9.3079
1.5906
-2.3830
-4.8962
-9.7176
-7.5100
-7.3143
-12.7769
0.0349
8.9624
9.5685
5.9288
0.5978
-0.4968
-2.3722
0.4922
8.9404
9.8821
10.1497
12.6841
8.6241
7.9175
4.4938
-2.2909
-7.3711
-9.6052
-6.4322
-0.4565
-0.4356
1.0670
0.7741
-0.5237
-1.8754
5.5268
8.4203
5.5517
8.6995
7.2917
-0.0622
-7.1693
-11.9964
-15.6792
-8.5135
-8.1725
-4.6969
-5.0950
-4.2003
-4.0751
-8.0467
-8.7349
-6.7249
-9.2824
-7.2084
-10.9185
-14.2849
-10.0171
-10.4158
-8.0713
-6.0450
-7.7349
-14.7054
-18.7001
-18.0755
-15.6313
-9.4447
-10.3472
-17.4709
-21.4152
-16.0358
-10.2279
-10.1072
-8.8245
-5.6986
-7.7619
-8.3502
-10.0322
-12.7386
-23.6411
-19.5011
-10.7243
-1.6082
3.3656
-1.6727
-12.1327
-15.1527
-12.9492
-14.3397
-16.4837
-6.7554
2.2757
1.4965
1.0370
4.0899
5.5327
5.8196
5.2267
0.8973
0.5879
-0.7563
0.8738
-9.4990
-13.7290
-15.8907
-11.4007
-6.2161
-12.9594
-15.0006
-13.7188
-15.4357
-16.2011
-7.3727
0.5857
1.9568
4.9738
4.4096
0.6269
0.3396
5.6762
0.6801
-10.6760
-16.3821
-22.2545
-23.9257
-16.2106
-9.8942
-3.0408
2.3591
2.2682
0.6909
3.6384
2.1390
-10.4171
-3.2596
-1.8651
-7.7563
-2.3797
-5.0822
-4.7031
-1.4302
-5.3472
-1.9140
2.7498
7.6524
-1.8303
-7.6719
-6.8185
-14.8244
-16.8252
-14.0033
-6.5528
-5.7616
-14.2096
-17.4592
-10.9947
-8.6966
-7.5410
-5.8456
-7.4672
-9.7054
-7.8839
-10.0839
-13.0490
-18.5502
-14.7884
-19.1700
-23.9944
-17.8796
-14.8526
-12.6101
-8.6264
-7.8472
-8.5838
-7.4462
-2.9189
-2.8573
6.9982
1.6648
-6.2523
-11.9770
-8.4689
-12.2208
-13.4163
-16.1467
-14.3175
-7.6018
-2.3973
-0.3512
-6.0552
-10.6696
-13.2724
-8.7551
-9.9081
-8.5284
-9.9508
-12.5496
-13.6178
-0.2946
4.3638
5.7482
7.7314
7.1360
5.5816
-0.8152
-8.6587
-3.4453
-3.2450
-4.8363
-4.8836
-17.2671
-23.8763
-29.0159
-26.3671
-15.1050
-8.7390
-4.7396
-5.5676
-8.5685
-7.7522
-5.7456
-5.2285
-5.8755
-11.2790
-12.7482
-8.9554
-5.1695
-7.5691
-16.8192
-22.8070
-17.5545
-16.2427
-12.1511
-6.7119
-5.9775
-12.6117
-19.0160
-11.6154
-7.9688
-2.8358
-5.3615
-5.2964
-1.9092
-0.6439
-2.2851
-1.9203
-0.7569
0.8675
1.3043
-1.4909
-4.2287
-8.3843
-10.8556
-8.9180
-4.3940
-1.8327
-7.6199
-10.1315
-8.2914
-2.7961
-8.8585
-13.7526
-8.8886
-9.9628
-4.3058
-0.5436
-6.1154
-8.3135
-6.9006
-2.9245
-9.8707
-6.6725
2.8293
0.9817
-4.0229
-8.3151
-10.3926
-11.1191
-10.0649
-16.3402
-19.3047
-13.9747
-9.9236
-11.2531
-2.0908
-0.5418
-6.1384
-8.3865
-6.3871
-3.7649
-12.4059
-21.5270
-13.4274
-9.4234
-7.6655
-8.4605
-4.1322
-1.0434
-8.7525
-17.7159
-18.7411
-12.6668
-5.6951
-2.2060
-1.8574
-10.1531
-11.0434
-9.8011
-14.0063
-18.1349
-13.8372
-12.2379
-17.0220
-19.2623
-18.3025
-11.4473
-14.7935
-14.1191
-14.5695
-12.5299
-6.9685
2.0472
0.5382
-5.7739
-9.1544
-12.3903
-8.2241
-1.4202
3.4457
6.2185
6.6890
8.7551
1.6823
-0.9411
0.8255
-10.2727
-6.9766
-3.8299
-3.1449
0.6234
-9.0462
-4.4362
-4.1484
-7.7107
-5.6171
1.9331
0.5240
-0.7658
0.6409
4.3565
1.3673
-8.1572
-8.0431
-5.4947
-7.2003
-4.5388
-5.2188
-7.6329
-10.8751
-12.0805
-10.8522
-11.5274
-11.5669
-13.3319
-12.1451
-7.2285
-4.0778
-3.8177
-3.3515
-17.3023
-24.6328
-20.7187
-12.2492
-8.5058
-15.5439
-19.9865
-21.9424
-30.1291
-35.5191
-31.5107
-21.6645
-23.9687
-31.3686
-36.1849
-39.3048
-42.8431
-41.7903
-39.5586
-24.5141
-8.4072
-1.2263
-6.3410
-5.8288
-7.6337
-8.1236
-4.1993
-5.1967
-12.8723
-30.8097
-29.5633
-21.9696
-13.9903
-11.9579
-7.8518
4.2317
15.5771
21.7496
22.4664
24.6905
25.7427
28.5672
32.0822
24.1336
15.4970
7.8084
1.7202
0.1908
-0.6280
-0.8193
-1.2596
0.4659
1.1557
-0.7909
-1.8254
-0.4264
-0.0987
0.2214
-2.3154
-2.9120
-2.8212
-2.0701
-2.9601
-3.4914
-1.9674
-1.7668
-0.6251
-1.4603
-1.7498
-1.0155
-1.7096
-2.0569
-0.7941
-1.8218
-1.1808
0.3126
-9.3331
-15.8894
-16.3904
-10.3784
-5.0322
-13.1146
-18.3209
-22.1253
-19.4683
-11.4538
-4.5941
-5.1723
2.4509
7.9746
7.8582
10.5278
-0.1789
-5.1668
-12.7516
-14.4001
-11.2942
-10.7054
-3.3167
-4.2711
-11.6191
-16.2304
-17.7000
-9.8700
-9.0421
-16.3914
-14.6458
-6.6200
-11.0352
-9.2487
-11.8542
-13.6416
-15.3155
-15.5193
-9.2772
-8.3538
-12.1788
-13.4339
-15.6625
-11.6434
-6.8428
-4.7258
-4.6193
0.5497
0.2628
-0.3412
5.4518
-7.0757
-12.6319
-8.9402
-9.9712
-8.6056
-10.4959
-11.7199
-13.4551
-4.7023
2.1094
5.6269
0.1928
-4.2651
-5.1519
-6.7888
-11.5509
-12.7517
-9.7025
-3.5330
1.2965
1.8477
-6.7551
-10.1237
-8.5657
-10.3666
-11.8577
-11.1745
-17.9508
-24.3984
-21.5810
-17.4886
-14.4946
-12.6923
-21.3461
-20.8802
-11.7975
-8.8948
-12.4158
-12.6257
-14.2175
-21.2641
-21.8652
-14.1652
-6.2319
-7.8575
-10.6021
-15.0464
-20.4629
-25.1763
-16.7571
-8.9972
-4.1299
-4.9703
-6.9791
-2.3973
-2.3613
-6.1456
-11.7517
-13.9423
-12.1374
-11.5170
-13.6002
-13.4603
-9.9463
-2.7333
3.5952
-0.1589
-5.5633
-6.9953
-7.9127
-6.1452
-5.6615
-6.0020
-4.7693
-5.3353
-1.0164
8.7187
12.0730
6.9053
-1.5787
-3.8113
-9.4488
-6.5897
-3.3001
-1.3517
-0.8177
-0.8634
-3.6686
5.1067
1.0417
-2.2324
-3.0136
0.9405
5.0630
4.0045
-0.1179
-7.7812
-13.8944
-14.6506
-15.0478
-14.9780
-20.0927
-18.0185
-12.8713
-10.1770
-8.8140
-12.0346
-8.1329
-3.1653
-1.3704
4.8696
4.2154
4.5439
0.8034
-6.8623
-4.3213
-7.2998
-5.4195
-1.1240
-1.5739
-4.8392
-6.1835
-7.0921
-14.3358
-17.6057
-16.4708
-12.1381
-8.6174
-9.5770
-12.8558
-12.8803
-21.3968
-26.0773
-16.6664
-13.9639
-13.3914
-13.4502
-6.0051
-0.1087
1.0883
1.9124
-2.8597
-4.0901
0.5142
3.7286
3.7158
-3.9404
-5.1929
-11.3022
0.1232
7.7282
11.2056
14.9325
10.7702
4.6831
5.5043
8.9064
6.6127
9.8843
4.2851
2.7666
3.6436
9.1559
9.2361
0.9414
-2.5446
-7.0282
-7.9910
-9.0212
-9.1469
-9.5823
-6.3532
-6.0067
-5.9717
-1.0120
-0.7739
-0.6427
-2.2447
-3.7544
-1.1001
-0.3038
3.0814
-0.1957
0.4906
0.7946
-0.0218
-3.9316
-7.4777
-6.4968
-7.7193
-13.8693
-10.2279
-17.0961
-13.1143
-4.1245
0.3909
0.2887
-4.8464
-4.9660
-1.3513
1.6906
-2.8153
-5.5421
-2.8929
-3.9919
-9.9456
-14.2514
-14.1254
-12.5895
-12.8739
-12.6992
-15.9612
-14.6117
-3.7114
4.2867
1.1535
-4.8478
-11.3930
-12.3779
-10.2376
-10.0875
-11.8145
-16.3494
-18.6714
-11.1760
-13.1999
-17.0466
-18.7733
-18.8248
-8.7174
-7.8066
-10.9400
-11.4109
-4.5165
-3.7886
-0.5839
1.0675
-2.7472
-6.3212
-3.1108
1.3945
2.0715
0.5248
-7.1417
-10.4364
-7.1243
-7.3818
0.9954
3.1461
-5.2516
-10.8962
-17.6140
-18.4026
-15.3183
-13.5475
-6.1222
3.5846
10.0354
12.8234
9.0116
7.2225
5.6141
3.3471
-4.1754
-3.4353
1.9673
0.2989
6.6510
5.2383
3.0207
-5.6964
-12.8041
-15.9561
-15.7422
-13.5424
-14.6270
-10.2806
-4.0127
-1.6023
-6.4530
-10.4396
-11.2613
-9.2127
-7.7689
-6.9148
-7.5860
-7.5605
-4.1125
4.9753
16.6806
22.6053
26.3328
17.5069
7.0033
-0.9748
-6.5207
-3.5137
-0.7361
9.5313
12.6426
8.9095
13.1226
22.7999
19.9656
2.8049
1.2142
2.8642
5.0784
5.6988
-8.4194
-0.7435
-4.8286
-4.8299
-0.3448
2.1133
1.5524
12.6549
25.4333
20.4960
23.9327
26.8805
18.7187
13.3700
9.8375
9.6534
15.7552
-2.2040
-21.0578
-23.7342
-15.1567
-11.8828
-12.2975
-18.4775
-24.9840
-25.8413
-21.2076
-14.0880
-10.7046
-15.1260
-8.6890
-2.6293
-1.2759
0.2773
0.2100
-13.0581
-15.1965
-7.3842
-2.4134
-0.2784
-2.5001
-3.2683
-3.6683
-4.0168
-14.8802
-17.9461
-20.4463
-27.8538
-27.7051
-16.8652
-9.6575
-12.3184
-9.9339
-7.1852
-11.2554
-9.6227
-3.1800
0.9369
-2.5979
-16.0452
-20.4199
-21.5945
-19.0936
-16.1737
-13.3952
-15.1158
-12.0414
-9.8930
-9.6755
-12.7417
-14.1408
-5.6962
0.9233
-4.5238
-15.7594
-26.5458
-22.5237
-23.3530
-15.1907
-5.3137
-11.6259
-17.1134
-18.9019
-18.6690
-18.1973
-14.9196
-8.8065
-4.5708
-5.2854
-8.3151
-0.8176
0.6212
-2.7491
0.0633
-1.7790
1.6640
-7.7893
-8.6491
-7.5773
-16.0438
-13.2749
-7.5656
5.2949
4.8384
8.0818
4.9385
8.7136
6.7471
-1.5706
-3.7831
-2.7776
-5.7164
-10.8344
-13.1034
-13.2833
-7.2261
-3.9260
-4.5688
-5.4199
-5.6858
-7.1967
-9.3992
-8.7568
-7.8406
-3.5417
-8.7959
-20.3142
-21.8703
-16.8102
-15.4215
-16.2246
-15.8303
-14.0012
-13.8416
-13.2082
-1.4781
5.4844
3.6098
1.3168
-1.7278
-5.0595
-2.4861
-1.9640
-6.8301
-11.8688
-12.9929
-5.1188
9.0705
7.7970
3.8974
-6.2687
-10.4066
-9.3052
-12.5519
-15.1112
-11.8761
-5.6465
0.7494
1.8975
3.2945
-1.7539
-5.7153
-7.7017
-8.1829
1.2906
7.0065
1.9411
-2.5750
-2.1564
-1.4318
-1.9093
-2.1481
-5.6578
-3.5636
-0.7722
-9.9827
-14.2619
-12.6472
-10.7431
-5.5623
-2.6600
-0.9584
-3.8487
-7.0653
-11.4157
-17.4916
-23.2247
-22.3948
-24.9113
-24.1087
-16.9330
-18.7607
-23.8716
-20.0882
-14.4805
-4.5501
-10.8839
-7.9058
-6.8913
5.4324
2.5914
-5.5444
-6.9934
-10.2106
-6.9274
-8.4121
-7.5264
3.3849
-9.8076
-11.5448
-11.0369
-11.2981
-13.8071
-12.1796
-6.3046
-9.9735
-4.8816
-0.8699
-0.6939
-3.4094
-11.3367
-6.3683
-6.5183
0.2049
-3.2388
-5.5889
-3.6190
-5.9469
-12.6008
-9.3936
-4.1356
8.3459
14.4485
13.3497
3.1856
-4.3810
-8.5696
-2.0059
-8.6562
-26.7664
-33.7025
-27.4347
-30.1875
-28.3087
-21.4601
-15.4569
-13.1265
-17.6655
-19.8263
-22.4486
-20.2038
-22.6179
-19.4618
-12.7259
-8.8436
-6.8506
-13.2870
-19.2286
-10.7235
-2.0167
-0.1393
-3.9635
-7.4500
-4.9146
-4.6267
-3.9609
-2.8315
-1.1974
-5.1145
-13.0633
-11.1229
8.6004
10.0851
6.9223
4.5983
0.7978
-1.7893
-3.5288
-6.2793
-8.1406
-19.4301
-18.2654
-8.2921
-4.7836
-10.7008
-9.0357
-7.3060
-4.1574
-0.1826
6.3399
11.3388
10.0184
11.9312
10.4971
1.3554
-4.6808
-6.6332
-5.6831
-10.9137
-3.6283
4.3251
8.6966
6.2901
-1.5120
-3.6542
-3.8388
-6.6001
-6.5608
-1.3215
0.6850
-4.7972
-10.7164
-12.4485
-10.5508
-11.8607
-15.4204
-14.4049
-13.7439
-12.6451
-8.4526
-6.6768
-5.8405
1.9639
3.0784
2.0159
-1.5362
-6.4919
-14.2083
-16.7959
-17.4190
-12.6523
-6.3630
-6.0478
-7.8038
-8.4933
-9.0051
-8.8013
-4.8675
-3.8810
-1.9339
-0.5526
-1.8481
-1.1752
-1.3083
-2.4637
-0.7522
-0.7939
-2.0792
-1.8641
-0.7319
-0.8635
-2.2124
-2.9682
-2.1847
-0.4923
-1.2126
-0.0767
3.7260
7.6189
9.1892
11.6430
11.4179
7.0626
4.6015
4.2391
5.7253
7.1661
1.3545
-5.9059
-5.7189
-3.0178
-2.7668
-3.9773
-4.9983
-4.4429
1.2559
-11.0675
-14.7947
-12.6142
-8.8732
-3.2248
-1.4533
-0.0404
0.3601
-0.8421
-1.6784
-2.2307
-1.7378
-2.4138
-2.5426
-4.2319
6.8663
10.8995
9.0366
6.5588
0.0976
-2.1619
-4.1233
-0.7459
5.0419
5.4784
1.5990
-1.5308
-1.6687
-5.3308
-1.2385
5.6265
7.6304
0.9468
-0.9165
-9.9503
-13.6313
-7.6193
-2.4895
-2.4803
-3.2492

Coefficient 20:
0.0000
0.0518
0.3465
-2.2767
-5.0673
-4.1590
-0.6907
2.4392
7.5990
16.7367
22.4199
21.8442
18.9858
7.9558
5.0601
3.8426
0.9559
-0.9600
-2.3550
-1.8870
-3.9709
-4.3308
-2.9931
-7.9367
-9.0526
-15.9945
-13.8492
-10.6934
-10.7716
-7.0212
-3.4638
-2.1529
-1.1709
-0.1759
-1.4261
-5.6061
-6.6683
-4.5524
-1.8918
-2.8701
-3.5869
-0.2121
3.9539
5.7754
1.1903
-0.4499
-5.3372
-4.6749
-4.3157
-8.6141
-1.5860
-3.2097
-17.4699
-16.3374
-9.7493
-1.4764
-1.6331
-5.3432
-1.7537
-2.3063
-3.9696
-2.6722
-1.8653
3.5023
6.2927
-0.6871
-4.7321
-1.7734
-0.1546
-0.8173
-6.6786
-7.6660
-3.6263
-1.6158
0.3388
2.5996
-0.9518
-4.7465
-8.3139
-2.2465
-0.7872
-0.8518
-2.1182
-3.6129
-1.5125
-2.6736
0.7980
9.5644
12.2613
10.6419
10.0720
8.7549
10.3544
3.8872
-6.6529
1.9461
9.7837
18.9834
19.3514
8.5960
6.3625
19.3006
23.5429
9.1200
0.1566
-2.9901
-1.6210
-1.6413
-0.8300
1.9229
0.7820
-4.3322
-6.4813
-7.1068
-7.9111
-3.4348
-3.7007
-6.2186
0.4368
-3.2194
-6.7273
-5.7203
-2.1567
-9.1549
-13.7129
-8.2024
-6.2288
-5.8908
-6.6546
-8.2629
-4.3169
-5.5710
-4.2708
4.3911
2.9751
2.0265
1.6606
3.4236
3.1271
-1.0741
5.1684
3.7601
5.7347
3.3895
-2.7354
-2.0751
-6.0715
-4.3079
-3.0044
2.0276
-4.7898
-7.7318
-10.3601
-13.4294
-13.6970
-7.2589
-5.7717
-11.4767
-13.6109
-11.7742
-4.9874
-2.9056
-3.1200
-3.7506
0.8940
3.4486
2.0449
-6.8179
-13.5785
-16.9657
-12.8607
-12.4409
-14.4444
-10.7703
-11.9670
-14.0116
-11.1583
-10.3130
-14.3596
-11.5131
-11.9281
-10.8862
-2.9922
0.8118
-12.2980
-21.2798
-18.0892
-18.9333
-25.5898
-28.4485
-26.1504
-16.8160
-15.7774
-17.4746
-17.4154
-17.2664
-13.5898
-13.1468
-7.3612
-3.5263
-0.7153
3.2867
2.2117
0.9225
-2.3606
-2.0357
-2.3946
-1.7050
-3.3680
-6.5672
-7.3515
-13.6203
-13.9673
-14.3872
-12.6517
5.0752
8.0463
-3.2293
-7.3921
-8.3371
-6.0302
-1.5802
-0.3979
-11.5969
-14.6759
-12.7205
-10.3880
-4.7530
-0.0692
6.3124
9.0478
11.8785
14.8296
13.2394
13.8536
5.3989
-5.7145
-15.2662
-9.1744
-8.2705
-8.9746
-13.0994
-12.4555
-12.6847
-9.8319
-8.3554
-7.6499
-5.5703
-0.9756
-11.7256
-14.8170
-13.1187
-11.8760
-9.8815
-11.4594
-9.6192
-4.1777
-1.6095
-1.6779
-2.0847
0.5659
-2.6990
-9.9490
-14.0074
-12.9393
-5.6677
5.5033
18.8987
5.9114
-4.9550
-9.1973
-5.4830
-3.4849
-1.5466
-5.9935
-10.2843
-8.7055
-6.6205
-2.3279
0.0476
-4.2342
-2.9594
-6.2225
-6.9971
-4.7116
-7.9214
-8.6246
-2.9522
-0.7941
4.1623
4.5074
5.3069
8.5465
7.9698
1.1104
-0.3418
0.1184
-0.9973
-16.4548
-11.7828
-1.9879
-4.9884
-16.1100
-14.9655
-20.8374
-24.3427
-16.3793
-10.1582
-5.0174
-1.4636
-2.6241
-3.0588
-2.4923
-5.7575
-7.7619
-7.1477
-10.9563
-13.9486
-11.6592
-13.0439
-14.4411
-11.0946
-5.4439
-6.9656
-4.7031
-2.2212
-4.1084
-6.5441
-3.1889
0.1628
-1.7184
-2.2620
-4.5730
2.2876
2.9411
-3.2835
-2.6742
-1.4626
-12.6241
-6.4892
0.1662
-0.8912
-8.8470
-7.6864
-3.2638
-0.4838
2.5267
3.3806
0.8764
1.5281
1.2455
-1.2770
-5.2788
-7.3260
-2.0946
-3.2400
-6.2953
-2.8938
-3.0510
-3.2163
0.7684
0.1006
-3.1083
-3.6579
-7.1139
-10.0603
-12.0121
-11.5531
-5.6712
-4.9130
-5.6325
-2.4167
-3.5665
-3.2928
-3.9934
-0.6368
-4.4429
-2.7437
-8.0457
-8.2306
-4.4948
-1.2108
-0.9982
0.5395
-2.6998
-1.7292
-8.7343
-9.8143
2.7031
2.9427
-7.3234
-13.6000
-10.2409
-8.0073
-10.4180
-9.1257
-7.4855
-8.2790
-2.4866
-0.5830
-4.3130
1.7786
8.0530
3.1637
0.2539
-3.0229
-6.9178
-5.1744
-4.5682
-8.5102
-5.3830
-14.9166
-17.8839
-8.0267
-3.2337
-0.2215
1.8469
1.9342
2.4678
-0.9721
0.5971
2.1876
2.0566
0.8151
-3.8159
-1.5411
-0.7062
-5.0779
-8.9081
-4.4968
-1.7281
-4.4726
-3.6795
-4.4387
-4.7397
-2.0716
-4.6127
-6.2367
-7.2524
-4.3744
-0.6543
-1.0566
-4.3993
-15.8725
-20.7262
-11.4244
-8.7327
-4.8172
1.2313
-3.8093
-11.9113
-10.7442
-5.9364
-3.1788
-2.8479
-6.7120
-5.6828
-7.5661
-18.0818
-19.0059
-15.7642
-16.9171
-16.2690
-19.9823
-21.8239
-19.3143
-8.6483
0.4803
-3.8498
-11.1017
-14.1754
-14.1144
-0.1492
-1.8243
-4.0785
-2.3640
0.2749
-4.0554
-5.4611
-5.6334
-7.3044
-11.2291
-13.9015
-11.3117
-11.9814
-16.1498
-9.6755
-3.9171
-0.8257
-1.2554
-2.5510
-7.4865
-13.0691
-16.0613
-19.3247
-15.7740
-9.4324
-0.8387
-3.5300
-6.9206
-5.4300
-5.8258
-6.5679
-6.4621
-1.9127
-0.6959
3.1579
1.3821
0.4782
0.1175
1.3321
1.8617
-1.3061
-6.3867
-8.1583
-5.7955
-6.5593
-3.2559
-2.9631
-1.7338
0.3180
9.6144
15.3932
20.7626
15.1349
4.5802
2.2734
1.3404
-2.1483
-0.3536
0.3155
-1.7292
-1.0134
-3.7826
-18.0486
-19.2852
-18.0179
-13.0837
-7.5171
4.1127
5.7453
-1.8663
-3.2260
0.2078
9.6993
20.7343
16.3016
9.7872
4.2078
6.9298
7.4705
9.0399
17.3004
16.5205
8.0737
-2.8394
-4.7079
-5.3058
-7.4869
-11.1962
-9.5873
-5.7232
-1.0815
1.5348
-0.6403
-0.7621
-6.4186
-9.8176
-4.7701
-0.0093
3.9071
8.4260
5.8094
0.4628
-3.9644
-7.3026
-21.0622
-19.5567
-9.5784
-7.1595
3.0163
-6.8289
-5.8307
2.8323
9.8184
3.0392
-1.5787
1.6864
5.0172
5.9996
6.2113
2.5159
-1.4413
0.6602
-0.7385
1.0280
5.5416
9.9609
2.3736
-9.4768
-8.8360
-3.4943
0.6639
10.9924
5.1718
-11.2668
-23.1184
-22.7699
-10.3769
1.9333
6.9494
3.1570
-0.9833
1.0746
-0.3534
0.1532
-6.5218
-11.6409
-15.0009
-14.3595
-7.1609
0.2186
0.1179
-3.0944
-11.5320
-17.2475
-13.8314
-8.8648
-8.9477
-4.1267
-2.9956
-0.4493
5.5737
10.2864
3.9117
1.5324
3.4257
4.2640
1.7155
-1.6578
-4.0827
1.3518
6.7987
4.7715
-0.9871
-1.8549
-0.0345
0.8867
2.0514
-0.6519
-4.1364
-3.0758
5.9611
11.5548
11.6999
4.6045
0.2175
-4.2388
-6.2170
-3.3011
-1.5911
-0.4395
12.5008
15.1086
20.1754
23.8058
29.1724
27.7902
24.6797
21.2991
9.3612
-2.1943
-5.9453
-5.0428
-4.2435
-5.4875
-10.3332
-14.5209
-14.3818
-13.5748
-11.8499
-9.1219
-7.6763
-2.5155
1.6051
5.1667
0.0968
-0.3303
4.9171
6.0368
3.7042
1.1311
-4.5238
-3.6533
-2.1040
1.4722
2.5124
-0.2627
-4.0288
0.3632
1.2626
-1.9674
-6.8710
-30.5696
-25.7868
-13.0119
-3.4800
-2.5659
-4.1163
-10.5458
-6.7649
-3.8817
-4.2019
-0.1624
-7.9835
-10.4931
-7.6388
-10.7540
-6.2748
1.1253
-1.3396
-3.6774
-4.4715
-8.1725
0.5585
0.9529
-1.5723
-1.8666
-3.9397
-7.3818
-11.5173
-19.9301
-8.2634
-4.2778
-3.9060
-9.6868
-16.9455
-14.8771
-21.6678
-28.9936
-25.3850
-20.3070
-17.2151
-14.3462
-14.0349
-9.0251
-7.5266
-8.4049
-4.7779
-5.3591
-11.2482
-9.5503
-8.4001
-3.0153
-3.6392
-1.7427
-0.2694
-4.1077
-5.6011
-4.4011
-2.7755
-8.8890
-7.5850
-8.9711
-9.1747
-9.0537
-7.9403
-8.9689
-5.1947
-1.8370
-11.1753
-10.4443
2.3818
9.5883
6.8744
-0.0355
-3.1784
-2.6354
4.1618
3.5819
-1.2359
5.0267
3.1476
-2.5285
-4.8878
1.1669
9.3499
3.2527
-3.4590
-2.6053
5.4888
6.0890
-0.5629
0.3264
5.2722
2.7169
-8.0282
-12.6911
-11.5911
-5.7220
-2.2938
0.1333
-3.6569
-5.2809
1.7418
9.8779
4.2806
-7.2284
-13.5314
-9.9488
-4.8962
0.3881
5.0183
1.4518
1.5520
-2.9621
-5.3125
-11.0101
-5.3759
-5.1968
-0.3437
3.3769
1.2537
-7.9905
-16.9465
-10.2512
-9.8234
-9.9346
-9.9934
-3.4380
-6.3603
-6.0581
-5.2888
-8.3339
-4.2751
-11.0441
-13.3222
-15.1328
-14.4212
-13.1446
-10.4122
-8.5282
-0.8626
3.8051
5.8250
7.1456
0.2144
-7.8992
-16.6446
-12.1892
-5.4403
-4.5934
-11.8571
-11.6832
-4.7285
-7.4038
-8.1312
-5.8372
-0.8301
-2.8375
-3.6184
-6.4279
-11.6907
-13.2915
-8.9667
-6.8442
-4.2654
-1.1650
-1.7603
0.3075
-2.6694
-7.1594
-1.9445
-7.6991
-7.0584
-0.8459
1.3379
-1.5248
0.4172
-0.2954
1.7779
2.3420
3.2083
-5.2848
-11.2425
-7.2932
-6.4524
-6.4417
-6.6019
-5.1299
0.3577
-1.8046
-4.8033
4.1525
10.1427
17.4010
16.7927
16.7360
18.5011
18.7355
19.7636
13.1463
8.0355
2.1696
-3.6209
-6.0609
-2.5413
-0.4597
-10.4908
-18.9644
-17.9019
-11.3041
-2.6397
2.4355
7.0667
9.5710
8.9088
11.9071
12.1883
11.7107
11.6077
11.4575
9.7882
9.6091
16.5358
21.6598
14.8092
7.5808
2.6609
-0.8991
0.0395
-0.6143
-0.8415
-2.7655
-1.4007
0.5528
-0.9123
-1.7547
0.1886
1.1877
0.8350
-1.7012
-2.6294
-3.1743
-2.4182
-2.9954
-3.2960
-1.9686
-1.5808
-0.5177
-1.6186
-2.1933
-1.2981
-1.7040
-2.4000
-1.2230
-2.2164
-1.4356
-2.6503
-7.7565
-4.6123
-3.0583
-8.7476
-12.9972
-11.4972
-9.7871
-10.0118
-5.2610
0.7638
1.7540
0.4743
-1.9279
0.0967
-0.3165
-1.6738
-10.5203
-10.4866
-9.3533
-3.2901
-0.8437
-3.7227
-6.8057
-1.6205
-4.0184
-3.9193
0.2250
-0.7234
-7.7482
-12.1564
-12.8960
-4.6416
-6.1945
-3.6400
-0.1126
-0.1317
-3.3958
-3.6157
-1.4072
-2.6364
-1.5372
-2.8697
-7.5028
-5.1042
-0.7424
0.4076
6.9159
3.1430
-0.4229
-1.6688
2.7290
9.5165
14.0057
12.1405
4.2428
-3.0189
-4.8082
-6.8159
-6.0549
7.3765
16.4866
10.5748
-1.4982
-9.8496
-16.4651
-24.8621
-23.1822
-24.6811
-29.0281
-29.6131
-27.8159
-23.4749
-11.1652
-3.9178
-3.3297
-3.0808
-5.7002
-6.1894
-4.0581
-7.0892
-8.6640
-8.6798
-9.6065
-8.7947
-12.9906
-6.6275
-2.0721
-3.8743
-7.8887
-7.5215
-4.3686
-0.1371
6.9240
16.3001
12.7997
11.0510
2.3613
-7.7837
-16.0237
-2.3821
-3.4615
-4.2084
-3.6610
-0.9591
0.6679
-1.6632
-7.6531
-16.3137
-22.3541
-17.3097
-8.7858
-3.2733
-3.8711
-4.5432
-3.2938
-1.0308
1.6260
-5.5202
-15.8174
-10.3785
-5.2482
-4.1194
-7.0805
-6.2973
-10.3039
-14.0041
-13.7537
-9.3719
-3.9519
-4.4255
-5.0567
-5.2708
-7.8653
-6.4081
-4.7262
-2.1698
-0.7464
-0.6941
-4.4711
-4.2517
2.5755
9.6749
12.5318
9.8018
5.2451
-0.2224
-0.3852
0.5322
-1.0039
-4.2437
0.4798
0.5489
-0.7965
-6.1313
-9.6603
-4.5832
-2.7145
-5.5462
-11.9461
-16.6958
-8.2805
-5.6692
-7.2087
-7.3903
-2.2531
7.2169
9.7423
5.5713
2.0627
-2.2855
-6.0372
-1.7117
0.3135
-0.9071
-3.4993
-7.5150
-10.6362
-6.1587
-2.0986
-1.3654
-0.0905
6.6355
-1.2099
-5.1195
-3.9070
-4.9602
-9.7956
-7.7588
2.1338
5.1566
0.5753
0.0007
-0.8958
-4.7673
-1.1785
6.8409
-0.2075
-6.9383
-7.1563
-6.9745
-11.3853
-8.7394
-4.9484
-7.7496
-10.9064
-14.1492
-23.9784
-16.0613
-7.7977
-7.8835
-6.4030
-7.4850
-14.5994
-11.3027
-8.9336
-7.5823
-6.5135
-7.0719
-6.3456
-5.9509
-9.0832
-7.4437
-1.0511
-8.1153
-5.9796
-2.0260
-0.4913
-4.2428
-8.5593
-6.7745
-6.6664
-7.2622
-0.8546
1.7682
1.8819
0.7319
-0.0444
-1.0351
-0.0836
-0.2918
-0.3562
-1.4568
-20.0985
-33.2471
-23.6398
-10.8149
-1.8317
-2.1649
-9.0252
-13.2168
-13.7797
-13.8247
-11.2929
-10.2793
-12.4693
-10.8943
-16.7923
-16.0691
-14.4667
-15.9917
-23.7740
-21.7423
-14.8824
-5.3206
2.6447
9.2432
10.6113
6.5222
-0.2795
-4.0614
-7.3325
-7.3454
5.4564
4.5266
-5.5117
-6.2728
-11.7085
-24.8148
-28.9351
-4.8282
3.5746
1.9955
0.7788
2.7556
2.2191
1.6371
0.2219
4.2999
14.6255
20.3433
20.5526
16.0913
5.6826
3.0076
0.4740
-2.3883
-1.8578
-4.5647
0.2116
3.3535
6.2770
-5.8004
-12.3176
5.5257
13.8251
10.2360
1.9761
-0.0685
-0.6796
4.9584
9.2870
2.0405
-9.7486
-11.7692
-8.8692
-3.3951
-3.3067
-12.8409
-3.2230
-4.6100
-11.5975
-17.5519
-4.3163
0.8555
-2.5460
-7.5496
-6.7496
-6.0216
-0.1971
1.9628
-1.6783
-4.0915
-9.5514
-8.0065
-3.4191
1.2698
4.0324
14.3980
30.0844
38.6585
47.4778
51.2797
46.4731
23.6658
4.2671
6.9430
13.7272
14.0138
7.6717
18.0345
18.4347
16.6144
17.4908
18.1025
15.4220
5.3699
6.7247
9.0328
7.2093
4.0767
6.0286
-2.1861
-6.4713
-12.2142
-12.1940
-12.4680
-9.0698
0.6178
9.4911
3.5509
0.7330
7.9631
6.5388
4.4677
-4.9277
-12.2447
-12.8940
-2.4760
-6.0956
-14.4462
-15.3962
-17.1282
-19.9506
-19.2554
-15.1903
-13.7240
-11.7704
-10.8584
-10.8210
-3.3644
3.7795
2.2754
4.9218
4.8548
3.1192
1.8709
-2.3297
-1.9773
0.7715
2.1721
-3.5622
-7.3845
-7.3826
-6.4700
-11.6966
-13.0648
-15.2015
-15.4725
-10.3365
-1.8979
-0.1799
-7.1213
-5.0392
-7.7227
-8.9674
-5.5019
-2.7850
-0.9106
-0.1932
3.0262
-3.6729
-6.8573
-9.5906
-13.8578
-9.7960
-13.7782
-20.3134
-19.0209
-15.7968
-11.8281
-5.9809
-5.1039
-6.4047
-10.1250
-14.7568
-17.8745
-15.1478
-4.5758
-7.0707
-2.3513
-5.8012
-13.0799
-7.8331
-1.6189
-2.5958
-6.0877
-4.5314
-2.7708
-5.6050
-7.6011
-7.3822
-4.2930
-15.6316
-18.5527
-13.4097
0.8673
6.4382
8.4719
5.0500
6.9661
3.5718
2.9909
9.9458
3.1920
-1.0788
-5.0543
-6.7858
-5.7765
-7.4749
-13.9058
-14.2672
-10.9836
-11.6113
-13.3084
-14.1572
-8.0080
-2.4268
0.2312
3.3669
5.5380
6.7817
5.0778
5.3253
4.0143
2.4948
0.1377
-12.1289
-13.9818
-14.2412
-16.7187
-18.2462
-18.3784
-12.6030
-5.1587
1.2568
-1.9177
-0.1595
0.7885
-3.0202
-3.4224
-9.3808
-6.2200
-4.1850
-6.9034
-5.9602
-4.0088
1.8335
5.4427
-6.1289
-13.8869
-4.3949
-9.4243
-14.6222
-17.3105
-17.9074
-18.7353
-17.5048
-16.5723
-6.4847
-8.8601
-10.1683
-8.4434
-9.7185
-14.7465
-7.3205
-2.6928
-0.7190
2.2872
4.0009
2.1754
2.5126
6.0839
-1.0609
-3.4396
-0.5934
-3.9291
-7.7095
-10.8453
-11.4970
-13.0660
-13.8369
-16.9494
-16.5109
-9.3836
-0.0345
0.0860
1.9025
-0.8552
-6.4547
-9.4211
-4.3667
-1.1897
1.9988
1.2426
-4.2080
-8.7297
-3.9332
-1.1696
-2.9908
-2.9142
-1.0703
-8.8824
-18.1653
-20.4670
-16.4275
-10.9281
-6.4119
6.5704
3.0912
2.7006
0.8862
-4.2685
5.4383
8.3689
-1.6761
-10.5630
-8.7037
-1.0597
-2.2455
-4.5443
-2.0809
-0.8402
2.5181
0.2886
4.4040
-1.5247
-13.8093
-17.7274
-20.0212
-21.5887
-18.1557
-9.0828
-0.1413
-4.5523
-11.1298
-12.8240
-13.7938
-9.1420
3.0605
-3.5745
-4.7748
-13.0827
-3.6202
-1.1911
-5.4360
-6.7124
-5.5238
3.3878
2.0304
6.2265
13.2411
2.2941
-6.6677
-6.6597
-3.0870
1.8546
-5.6413
-5.8824
3.2878
6.2320
2.1425
-6.2424
-7.3723
-5.0580
-4.7342
-4.0540
-13.8467
-15.1698
-14.2420
-15.9507
-11.5360
2.7765
3.9131
3.4905
3.3778
-0.7514
-4.3644
-5.1939
0.5435
2.1227
-0.2242
-1.9145
2.1993
0.0075
0.5506
-2.3238
-1.8968
-4.0107
-12.9209
-12.9423
-14.0722
-14.3325
-9.4367
-5.9047
-7.9686
-9.4757
-7.1620
-3.8968
-2.7794
4.1296
6.8933
12.9182
10.7114
4.2453
0.3321
-0.3094
0.6058
-1.2949
-2.9064
-2.0211
-5.4414
-13.2298
-17.3472
-14.9071
-7.5048
-5.1516
-5.9525
-7.0103
-8.1756
-7.0527
-4.5831
-3.3168
-2.1401
-4.4349
-5.8230
-4.6123
2.1685
4.7585
2.7242
-2.2575
-1.8902
-0.9390
-8.5585
-16.7620
-16.7562
-10.8276
-8.0863
-6.0115
-4.0204
-1.9876
-0.8912
-2.1525
-1.3853
-1.6910
-2.6767
-0.7848
-0.8447
-2.2402
-2.2239
-1.7777
-5.7714
-7.9036
-7.6769
-5.0351
-0.8580
-1.4825
0.0411
4.0288
5.4904
4.0718
4.5549
4.2427
6.5176
7.3282
5.4058
5.3460
6.8606
2.7903
-5.2929
-5.7179
-3.3166
-3.0509
-4.1720
-5.0586
-4.7022
-4.5623
-14.8736
-15.7931
-16.4139
-9.3892
-2.8518
-2.0125
-0.0336
0.6942
-0.8612
-2.0101
-2.4737
-1.8477
-2.4084
-2.6471
-4.3664
-1.1470
1.3700
4.5184
3.1042
-2.4110
-15.5110
-14.3042
-10.3420
-0.6700
-6.4719
-8.0755
-5.7041
2.6534
-8.0772
-12.9492
-10.5677
-8.1714
-9.2926
-7.0711
-4.9196
-4.6001
-5.8178
1.1104
-2.9950
-2.7883

Coefficient 21:
0.0000
-4.7449
-6.7476
-5.9305
-6.3469
-4.2156
2.5819
9.4834
16.9452
12.5546
5.9419
-4.6306
-10.8187
-13.6434
-9.8845
-3.8713
-1.4961
-1.8713
-3.6977
-2.8796
-3.5436
-2.9680
-2.5584
-7.5467
-8.0052
-10.3456
-11.9843
-12.7553
-11.5540
-6.9794
-1.7229
-1.6674
-1.2687
0.3142
-0.8557
-3.9619
-6.5604
-4.7326
-3.7593
-5.4105
-4.2556
-2.5789
-4.5989
-2.1251
-5.7049
-6.0923
-8.1421
-4.1770
0.9671
-3.3172
-0.0339
-1.8997
-12.9700
-15.9923
-11.1054
-7.1490
-6.6666
-6.4126
-8.2931
-4.0293
-2.1045
-8.6445
-16.4922
-14.9991
-10.8062
-10.2886
-9.7575
-9.7919
-8.3640
-4.8123
-7.5743
-6.7343
-9.7168
-6.0494
-8.9137
-11.3541
-17.0413
-27.5248
-33.4851
-26.9459
-15.1045
-11.6531
-11.7711
-10.4445
-12.2470
-14.0640
-15.4167
-16.2635
-13.4618
-10.1388
-9.2226
-13.8872
-15.4138
-24.8756
-30.7721
-25.4777
-20.1209
-13.3104
-8.0023
-9.1508
-7.5603
-0.2701
5.2094
3.1152
-1.3659
-1.9510
-1.6513
-2.2455
-0.2051
-2.2368
-8.8418
-14.1251
-19.0234
-20.3069
-21.1763
-14.6772
-13.0316
-8.8476
-7.2900
-13.6667
-17.1416
-18.4463
-15.1855
-16.7830
-17.0315
-18.8210
-17.0402
-14.9060
-12.2407
-17.2219
-13.6879
-13.1829
-14.5205
-13.7307
-12.1581
-9.7498
-2.0706
3.0335
0.1777
-3.1541
-4.6451
0.9119
0.0666
-7.5779
-9.3263
-6.4646
-7.6386
-7.1252
-11.0230
-4.8688
-4.6558
-10.9753
-13.4775
-13.3256
-6.9255
-1.9778
0.4455
-6.3341
-13.0711
-16.2474
-17.2772
-14.9382
-11.8294
-12.8229
-12.1626
-18.9213
-22.7130
-18.4456
-12.5067
-9.4632
-11.6331
-11.5465
-13.4480
-12.1598
-11.2721
-7.8162
4.7654
4.0098
-2.1782
-7.1632
-18.6414
-18.3027
-14.3734
-19.6368
-18.9528
-31.5147
-43.0561
-43.9360
-41.4760
-38.7199
-35.8081
-30.1142
-33.7440
-37.4959
-37.6426
-35.6093
-28.9917
-21.4382
-13.7704
-12.8247
-6.8307
0.3530
1.9520
-6.1103
-10.5039
-10.6741
-9.9557
-11.6931
-18.4016
-13.2491
-11.9060
-8.8620
-6.8907
-10.5793
-8.3407
-16.1800
-17.8596
-8.0251
-2.1848
-2.4923
2.8121
-0.0545
-0.4372
-4.8837
2.1339
-0.2014
-3.4223
1.3273
0.7771
2.7755
3.5088
6.6818
8.9572
3.5327
6.4362
0.6974
-3.2471
-7.4934
-12.0206
-8.4327
-4.7943
-2.8772
-3.0833
-5.0806
-2.3109
-6.6730
-10.5794
-7.5404
0.3659
-6.0370
-3.7878
-0.5953
-4.8341
-5.5149
-7.6339
-5.8952
-0.3546
-0.3156
-2.0344
-2.0629
-0.5159
-2.9756
-0.6763
3.7963
3.3802
-5.3581
-16.6863
-18.0906
-9.4759
-5.7954
-9.7846
-10.7243
-3.0648
1.8544
1.2385
1.2091
-1.6797
-3.2120
-4.3409
0.7338
3.4439
-0.1934
-3.3557
-4.5978
-1.1848
-6.5095
-12.3744
-9.5491
-2.3305
5.9107
7.2609
12.8581
13.8370
7.0032
0.6017
0.1592
-0.1601
-1.2644
-13.3840
-7.2176
-3.2452
1.7464
2.0277
-2.1378
-3.0385
-2.3363
-6.7308
-6.6363
-3.8894
-1.3973
-9.7607
-10.3268
-12.9927
-19.0313
-16.7299
-13.6386
-9.8383
-10.6944
-7.6966
-2.8961
-3.2543
-7.4547
-9.4802
-9.7454
-6.3760
-3.0095
-3.0068
-5.3757
-2.1987
0.8081
-1.0146
-1.7691
-5.0135
-9.5387
-7.7065
-0.9744
-1.1320
-0.7631
-9.2082
-1.7156
0.7040
-5.5760
-10.9879
-12.0032
-9.2303
-11.5063
-14.5928
-11.8440
-7.8482
3.0918
4.2518
-3.8319
-10.1212
-10.7295
-4.8655
-1.4301
-3.8129
-3.3755
-4.8748
-11.2142
-11.5518
-8.1582
-0.2046
-5.0658
-7.1698
-9.3950
-11.0807
-14.2544
-12.2268
-10.8763
-7.2723
-0.8843
-3.5425
-2.7072
-3.1640
-7.1489
-10.2347
-4.1691
-0.7584
-7.6154
-6.9494
-4.0079
-8.3943
-6.9452
-5.8471
-8.5282
-14.6790
-16.0023
-17.4778
-20.5379
-9.9247
-9.0437
-6.3983
-6.1666
-6.2443
-6.4351
-12.0885
-12.0563
-7.8778
-3.3807
-5.7658
-6.8519
-0.5917
1.5708
-1.8851
-9.0060
-11.4484
-9.0104
-7.2743
-8.2911
-0.6091
-6.4930
-10.6495
-7.9285
-10.5309
-12.7283
-9.7928
-11.6453
-15.7530
-16.2804
-16.1571
-11.3316
-14.7597
-12.1945
-5.0370
-0.0077
-2.6366
-8.0039
-7.5423
-4.6672
-2.8098
-2.5544
-3.9374
-7.6552
-8.6738
-7.1973
-9.0654
-9.3073
-10.0558
-9.8807
-3.5931
3.4314
-2.5908
2.5575
6.7098
-10.4443
-10.8714
-8.6346
-7.3232
-9.0681
-7.8918
-9.0490
-7.6175
-7.7753
-7.5608
-7.2282
-7.9972
-6.4195
-8.8619
-9.7148
-11.0279
-12.3804
-8.4305
-15.8650
-17.3035
-13.8174
-7.6497
1.0723
-4.7560
-11.4709
-7.6961
-6.4523
-5.8132
-5.9271
-10.3024
-7.0815
-2.0577
-1.8129
-2.9503
-5.9055
-8.8270
-5.9852
-1.6887
5.3621
0.0369
-3.5341
-11.3981
-10.1157
-7.2732
-3.4703
2.8816
-0.6889
-2.3800
-6.5958
-13.5271
-14.5125
-13.2068
-9.5500
-12.7371
-9.5928
-8.1105
-7.1377
-5.5895
0.8616
4.7355
1.1863
-1.3053
-3.7454
-3.7277
-1.8241
-1.4483
-2.8747
-3.7427
-9.9003
-14.3358
-12.3364
-14.9177
-10.1027
-5.1647
-5.1823
-9.2894
-18.5063
-15.7011
-9.4931
-10.2714
-12.9436
-10.5084
-8.9942
-10.5981
-12.4678
-10.2369
-12.2361
-14.2451
-21.4156
-36.4630
-35.6616
-35.9832
-35.1094
-30.8547
-18.5476
-10.4972
-9.4337
-7.4809
-11.5637
-6.5331
-1.5389
-6.2389
-9.7042
-8.6214
-9.1542
-15.4687
-15.1943
-12.7771
-8.0382
-6.5282
-10.9043
-8.2776
-9.3043
-9.5273
-12.6077
-11.0866
-6.7287
-1.3983
-1.9290
-6.6497
-7.1970
-5.8629
-9.7802
-14.7710
-16.0497
-16.5675
-23.0548
-18.4619
-12.5856
-11.9627
-9.5358
-5.8453
-14.7554
-14.3965
-5.9107
2.6080
0.6731
1.1076
0.5492
0.9382
0.9005
-5.4116
-8.5441
-7.6057
-5.5984
-4.0334
-5.7426
-7.5512
-11.6885
-3.9113
1.3346
-4.5052
-0.5468
-1.0600
-8.7086
-8.9794
-7.1690
3.0206
7.7237
10.5913
6.0940
3.8249
5.8883
0.0218
-0.1562
1.8197
0.9112
-1.3807
1.4873
-1.1363
-1.1663
-5.2325
-1.7280
-5.0938
-9.0984
-6.7800
3.6904
2.9351
-5.8810
-12.2963
-16.0084
-16.7892
-11.4862
-13.0747
-11.4814
-10.9134
-7.6311
-2.8789
-3.0437
-0.1999
7.4900
10.9558
11.3034
10.9723
4.9138
0.5247
3.6863
7.0422
2.9670
-3.8344
-8.1011
-2.2779
10.6747
7.8072
0.2761
-6.6987
-14.5763
-23.9172
-25.7798
-23.3696
-16.5258
-20.0615
-24.5141
-19.6207
-9.9735
-10.1997
-16.0330
-16.9386
-18.4134
-11.9791
-7.6879
-0.4994
3.4476
10.3435
12.3496
0.4523
-7.0921
-4.1258
-3.8783
-4.3395
-5.3011
-7.6408
-10.4812
-5.0668
-0.5525
-9.0332
-20.8862
-16.7513
-10.2880
-11.6606
-18.4072
-21.0115
-22.9329
-26.6111
-21.7511
-26.1202
-25.2746
-19.7985
-22.6112
-15.7156
-7.7019
-4.2333
-6.7106
-7.1386
-1.3565
-1.7622
-2.4958
-6.1623
-5.5986
-2.0550
0.8016
6.1172
6.6878
-0.2198
-5.0005
0.4576
5.8980
2.7236
-0.4562
-3.8598
-0.6819
2.8035
1.5798
-1.4597
2.2392
4.3129
-3.1685
-5.7169
-8.1804
-18.1137
-14.2385
-11.8000
-10.6365
-7.1381
-8.4000
-5.7356
-9.9196
-13.2225
-13.7481
-17.8520
-19.4450
-11.2692
-8.3576
-18.6583
-26.6562
-26.1074
-19.4624
-11.3400
-9.5770
-2.7242
6.5282
8.5799
11.9567
12.3268
9.9028
8.1316
4.2553
-6.4806
-11.4160
-11.3793
-5.6573
-5.4461
-5.0260
-3.0706
-3.2538
-1.5974
-4.3863
-7.1761
-4.6269
-4.3675
-5.6378
-3.5425
-5.4012
-5.7976
-2.0868
2.4433
-1.4783
-7.2067
-5.8454
-4.0535
-5.8250
-3.2284
4.5062
5.8489
3.1533
-0.6272
-13.6015
-19.5328
-15.0535
-12.0950
-14.3097
-2.2349
0.6862
-3.1053
-11.1046
-13.3687
-10.4066
-11.2028
-14.9979
-22.7876
-29.1425
-26.0853
-16.4188
-17.6470
-15.3126
-14.0387
-12.5197
-14.1023
-15.2573
-9.7682
-10.9655
-15.3067
-28.8330
-39.0765
-37.9041
-30.8857
-19.4162
-14.4212
-24.1263
-27.2716
-24.7924
-24.5964
-26.1338
-19.8252
-20.9657
-22.6906
-25.1661
-22.5894
-6.4045
-11.7464
-9.2657
-21.2642
-16.7877
-7.9058
-0.5795
-5.5256
-13.2898
-15.9913
-15.7595
-18.4314
-15.5839
-16.4192
-11.0236
-6.5336
-9.9321
-17.2514
-18.4263
-14.5978
-19.3644
-17.3149
-10.1649
-7.7732
-13.1176
-18.4575
-4.5698
1.3542
3.7751
2.1732
0.9051
12.3950
10.4538
7.3387
6.4158
5.8203
-2.8469
1.0393
3.5427
-0.3061
-5.2435
-8.7111
-11.5581
-5.8607
-1.4795
-6.8973
-7.2824
-0.8627
-3.9237
-6.0547
-9.9307
-4.7067
-3.7919
-7.3202
-5.7043
-9.5018
-6.5903
-3.6332
-4.9123
-7.0900
-6.7568
-0.1337
14.6515
6.5233
1.6282
1.7042
1.7491
-7.9390
-7.8156
-0.6093
-1.6151
-10.0419
-9.0931
-0.3786
2.1923
1.4639
1.0120
4.8154
2.9900
-6.8891
-7.6721
-7.2542
-11.4696
-13.4545
-12.7320
-4.5065
3.4926
1.4541
0.5866
2.9395
0.1393
1.0253
2.9125
3.6794
1.3834
-11.3197
-28.2569
-31.9813
-24.7356
-19.1999
-14.6197
-9.8077
-5.8920
-8.6019
-6.7201
-5.2097
-3.5539
-0.2532
-0.5654
-0.7929
-2.7496
-1.3952
-0.2835
-1.1707
-1.7335
0.6873
2.7078
1.2660
-1.0725
-2.2817
-3.4269
-2.6834
-2.8917
-2.9763
-1.8902
-1.3094
-0.3849
-1.7282
-2.5073
-1.5395
-1.6486
-2.6753
-1.5699
-2.4905
-1.6367
-5.4159
-4.8563
2.5118
0.3828
-9.5128
-7.8293
-2.3038
-0.7741
-3.0461
-5.6131
-4.4101
-5.3509
-4.2825
-14.5316
-14.8974
-14.6606
-7.9254
-5.5072
1.7052
-3.1735
-10.7387
-13.4749
-16.5540
-13.4670
-16.4858
-11.2609
-7.4243
-5.3299
-5.6437
-1.4240
-4.2041
-6.2968
-12.2858
-15.5656
-2.1801
0.8857
-3.4908
-6.0903
-4.1444
-2.6805
-9.8465
-7.0672
-2.2044
-3.5141
-5.5958
-6.2328
-8.0008
-16.1526
-26.3088
-22.6283
-19.7737
-14.1984
-12.4735
-10.3461
-9.9526
-13.7122
-18.6731
-19.0134
-12.8594
-5.3035
-8.8132
-7.9685
-9.1422
-14.9670
-18.6333
-16.3974
-18.7099
-17.4419
-19.8597
-17.2008
-12.8042
-6.4233
1.3626
-5.8851
-7.1186
-14.2560
-15.4617
-17.5245
-17.7944
-16.3378
-12.0221
-11.2152
-5.5086
-0.8672
-4.0850
-14.5824
-19.3788
-15.0720
-11.5261
-15.8168
-18.9797
-18.6379
-20.8295
-19.6578
-14.2552
-10.9830
-8.8800
-7.0893
-2.2224
1.0603
-5.7995
-2.3334
0.8329
2.6147
-1.2727
-7.6981
-3.8614
-1.0942
-6.5543
-10.7896
-10.9856
-7.5453
-5.6602
-0.8740
1.7966
3.0718
3.6583
2.3580
-6.7875
-11.4895
-3.9159
-0.7728
-3.7245
-8.5342
-14.2624
-18.7609
-16.3825
-12.8494
-13.3060
-12.1858
-13.6763
-10.3608
-15.3085
-15.7924
-9.4164
-5.8487
-2.9284
-0.7805
-0.5690
6.0735
7.9512
9.5665
12.5888
15.2472
0.8403
-7.8505
-1.2703
3.6889
5.9395
11.2643
2.9931
-0.2866
-3.2733
-1.9510
-4.0085
-11.1370
-8.7771
-8.8575
-10.4282
-10.6726
-7.0608
-7.7157
-7.8150
-13.0125
-17.9670
-17.5600
-12.8807
-22.1890
-24.1115
-18.3664
-11.6896
-14.7026
-19.6954
-18.9387
-10.4296
-7.1416
-10.0752
-14.0293
-11.6692
-12.8849
-8.4132
-10.6679
-10.4658
-9.5789
-5.9945
-5.0803
-9.4650
-15.7962
-7.2781
-0.6638
1.4019
4.3378
9.0279
1.6020
-5.9473
-9.1485
-9.9098
-12.8334
-13.7718
-10.7841
-2.1775
2.5452
-0.5171
-1.4876
-7.7007
-6.5576
-1.1777
2.4318
-4.1541
-0.2211
1.1759
-2.1812
-3.6817
-6.1012
-10.7319
-12.0860
-6.3672
-4.1016
-1.8839
-3.1100
-9.6527
-14.4280
-10.5031
-13.4470
-17.1841
-21.7892
-17.4230
-8.4339
-2.5882
-0.8689
4.2120
6.8135
-2.1778
-1.7743
-0.7763
-0.0404
0.2526
-0.0790
1.6277
5.9270
5.9132
1.6050
0.6457
-6.1853
-8.3803
-3.3675
1.0448
5.5233
6.3572
0.7962
-6.2769
-9.2952
-12.0867
-14.5939
-10.5025
-7.8681
-0.3054
-0.6647
-3.7443
-2.9365
-6.5446
-15.8898
-18.2351
-12.3371
-1.6964
-3.1035
-8.4342
-8.2699
-4.2169
-2.3490
-4.0121
-4.3668
-5.1140
-10.9616
-14.4686
-16.5031
-12.6438
-11.2719
-22.3243
-28.9213
-14.8911
-8.1615
-6.2462
-7.1006
-7.8602
-3.0207
-4.9475
-10.5519
-10.7046
-8.2124
-12.4136
-12.4564
-13.7313
-18.5037
-15.2570
-10.0133
-7.0742
-8.5755
-19.0720
-19.9784
-18.3435
-9.0370
0.4125
4.7521
-3.7067
-2.9473
-1.9355
-1.3594
-5.8707
-11.9815
-15.6179
-16.6735
-19.3075
-26.3777
-22.3489
-15.1144
-12.0198
-14.0498
-22.3761
-12.2873
-9.9219
-10.3269
-10.8810
-5.4354
0.1772
0.7531
-3.6251
-3.0168
0.7220
6.6020
7.1030
-1.6921
-8.5543
-12.7146
-5.0965
3.3109
6.3763
6.9566
17.0682
26.8109
25.8330
22.8500
20.8706
22.7243
18.0781
-0.8297
-6.2285
-9.1756
-9.2707
-4.9442
-5.0229
-12.8075
-12.4597
-4.2989
1.2516
4.6797
0.9233
-9.4225
-17.3987
-18.4337
-10.6695
7.6799
3.7318
-4.9197
-9.6574
-2.0769
1.6238
1.1926
-14.8951
-21.3249
-19.9197
-10.3227
-5.8046
-2.8000
-6.6287
-14.8309
-22.6193
-25.4859
-29.3785
-18.6277
-18.3315
-21.4483
-17.4661
-18.8792
-14.0265
-7.1609
-7.9787
-8.4432
-10.6771
-13.1175
-13.8232
-8.8821
-4.3888
-2.0925
-4.2192
-8.0983
-13.1577
-5.1903
-1.9426
-0.6646
-4.8471
-12.2094
-9.2826
-7.3538
-8.8208
-6.5957
-6.6576
-9.0127
-15.0498
-11.9341
-7.1798
-3.3570
-4.3543
-5.7173
-6.3958
-8.0330
-8.9354
-11.1757
-13.0797
-9.3678
-8.9142
-12.8605
-14.9057
-21.3852
-25.3146
-22.3513
-21.8642
-21.1906
-21.1619
-21.2961
-21.1398
-25.5276
-27.2975
-17.8897
-13.6163
-12.3879
-9.1901
-4.9526
-8.5843
-12.9448
-13.0008
-14.2714
-12.5499
-10.5576
-6.9384
-3.2817
-0.9888
1.0585
-1.5793
-5.1060
-8.5624
-11.0272
-8.9378
-11.0948
-10.2242
-8.1273
-0.7527
10.0203
9.8174
4.6324
-2.0588
-8.3187
-15.8395
-13.3173
-11.3233
-10.2626
-11.9793
-13.6840
-11.0119
-6.4659
-9.7291
-9.4752
-11.2137
-12.8731
-12.8753
-13.7137
-8.0126
-2.4455
0.5619
1.6021
0.8853
3.8151
5.4315
4.4957
1.6246
1.3299
1.4029
-4.5364
-5.8200
-6.2909
-8.5768
-7.0760
-4.1454
-5.3177
-1.0464
4.7494
-6.5054
-8.7844
-13.2902
-16.3763
-5.9871
-1.3365
-1.5119
-1.9182
-2.1766
4.0665
7.3690
0.1525
-13.1344
-22.1425
-16.9387
-17.9518
-19.9964
-25.3737
-26.3192
-23.3577
-15.6372
-12.9890
-17.5569
-15.1037
-4.2955
-6.8459
-12.0780
-13.9136
-15.6450
-15.8210
-11.5033
-9.6690
-3.2150
-0.5655
-1.1276
0.5775
2.1821
-2.5047
-5.5254
-3.7586
-1.2607
-3.4806
-10.6173
-10.0302
-13.8788
-11.5958
-2.6221
8.4084
13.9019
22.7180
23.0671
27.3618
25.9297
28.0618
27.5616
22.9148
19.1965
16.3278
14.6185
7.4220
-10.2591
-18.9741
-20.3866
-17.2415
-17.7068
-18.0065
-10.0639
0.4745
-1.3940
0.2153
5.3166
3.8999
6.2238
10.6860
10.5554
7.7782
3.3972
-9.0483
-9.5396
-5.2679
5.9815
0.1341
-0.3273
-5.9530
-0.8815
8.1477
3.0712
-7.0655
-20.6391
-20.2419
-20.1559
-29.1974
-28.4826
-21.0043
-15.9231
-17.7093
-17.5706
-11.2077
-12.7546
-6.2742
-1.3075
-4.2479
-7.0772
-6.0425
-13.0071
-14.0761
-17.4342
-0.6628
0.1314
-1.4098
-9.6437
-13.6689
-15.4217
-14.6599
-14.6506
-9.0118
-7.3026
-14.0456
-18.2474
-14.3673
-7.8347
-13.8068
-14.6875
-8.5441
-5.3200
-5.6196
-6.8276
-7.5705
-5.3214
-4.6435
-4.1975
-17.1965
-19.2179
-16.8707
-13.3673
-9.4082
-10.5890
-9.6340
-6.5260
-5.1464
-4.6972
-6.5485
-6.0409
-0.6517
3.1025
4.5614
3.6707
0.2504
-4.4852
5.3543
5.7160
3.9254
-1.5497
-3.4124
-3.0351
-6.9992
-8.8231
-7.5770
-6.0679
-4.1982
-2.2924
-1.3255
-2.3205
0.2191
2.6920
-0.2687
-2.8519
-12.7889
-10.4819
-6.3320
-10.1527
-14.7195
-15.8454
-13.2403
-9.0125
-9.6641
-11.7045
-7.7294
-6.7795
-0.8178
4.9047
7.7597
8.0033
4.6773
1.9866
0.8117
-3.4917
-4.8384
-4.3171
-2.1436
-4.2723
-7.7663
-4.0138
-4.1088
-2.4735
-2.3181
-6.0611
-16.1610
-19.3827
-15.1323
-9.5827
-5.9948
-5.9778
-3.5162
-1.9789
-1.2103
-2.3887
-1.5360
-2.0723
-2.8204
-0.7747
-0.8506
-2.3191
-2.5120
-1.4671
-2.9952
-4.8314
-4.6623
-3.3538
-1.1884
-1.7200
-0.9883
2.4075
1.6125
-2.0278
-2.9664
-3.4601
-0.0941
-0.0536
0.7486
0.1264
4.3959
0.2877
-5.4649
-5.6026
-3.5516
-3.2362
-4.2064
-4.9254
-5.2706
-8.7687
-5.2559
-0.3095
-1.0443
-1.5429
-1.4824
-2.5347
-0.1374
0.9123
-0.8543
-2.2655
-2.6628
-1.9525
-2.3499
-2.6637
-4.2887
-10.9452
-5.0042
-1.8044
-2.5750
-2.0702
-9.3707
-10.4896
-6.9320
-12.1767
-16.0817
-11.7690
-11.7020
-3.4201
-4.1857
-12.4796
-16.6764
-17.5101
-17.6426
-12.5408
-8.8192
-6.9967
-5.1755
-3.5100
-6.5007
-6.9107

Coefficient 22:
0.0000
-4.6641
-6.6950
-5.1338
-6.2276
-3.6131
3.7681
10.7634
13.5550
4.3784
-1.6894
-8.9138
-16.4803
-18.2040
-13.2912
-6.2971
-2.5038
-2.5916
-4.5953
-3.4467
-2.6287
-0.3981
-1.3430
-6.5897
-6.5158
-11.5239
-16.1009
-18.9049
-15.3463
-7.9692
-2.8239
-1.1673
-1.4172
0.6575
-0.5240
-0.4630
-2.0361
-3.1919
-6.5790
-8.1923
-5.1782
-1.3568
-3.1207
-6.0786
-6.5171
-7.8309
-6.9052
-5.1052
0.4906
-3.1927
1.3078
4.2509
3.5902
3.2290
3.8143
5.8319
9.1768
6.4736
-1.3033
2.1504
5.3057
2.8295
0.9474
-0.0743
-2.6180
-6.6326
-2.3873
-2.6736
-1.8468
2.0361
6.5301
5.5042
-0.0128
0.1069
-1.2768
2.2990
0.0927
-9.3993
-9.7054
-13.0279
-9.2413
-11.3535
-16.2236
-12.2879
-9.5520
-10.6076
-13.8115
-14.5839
-14.9395
-15.8494
-14.1896
-15.2145
-24.7963
-29.3995
-33.5159
-36.2234
-34.9482
-35.0870
-27.2291
-4.7477
-4.5061
-11.7129
-13.0790
-2.4618
0.2873
-5.4756
-4.6390
-2.9236
-4.2545
-2.0550
-4.8093
-10.7440
-10.4925
-10.9870
-12.4977
-9.1855
-12.2560
-16.4907
-9.6770
-9.6119
-6.8982
0.0230
-0.8045
-3.0815
-5.3394
-11.9515
-13.6041
-5.9106
-3.0911
-6.8546
-10.6471
-11.8398
-7.6951
-6.6849
-12.2359
-17.3795
-11.1611
-4.1324
-0.6063
-1.4813
1.1231
0.9831
0.8638
-1.0315
7.8400
10.4650
5.8723
1.9283
-1.0294
6.3168
4.8877
-2.6194
-1.4623
-0.6117
-4.0549
-9.9618
4.1587
8.1597
7.6662
4.6480
5.5238
-0.0566
-1.9183
0.5796
4.8246
8.4711
11.6506
3.2379
-4.3148
-1.6481
-1.0531
1.9258
3.2932
4.2328
2.7660
-1.7137
-5.7901
-7.0487
-5.2589
-9.8930
-15.5614
-19.9661
-24.6817
-20.4058
-14.7088
-10.8246
-4.1094
-0.2464
-0.7890
-4.9922
-8.7521
-10.9539
-17.8434
-23.1617
-24.3694
-19.1995
-13.3349
-10.2867
-7.6675
-4.1784
1.7716
2.1963
3.0222
4.8144
1.4475
-4.7184
-5.2341
4.3452
2.4374
3.9542
1.6355
5.4641
4.2397
3.6462
2.6704
4.1624
-1.3385
-0.3984
6.5732
6.7927
0.6006
-3.6471
-0.9497
4.1437
12.5789
12.5433
5.1744
-0.5715
-7.4916
-11.6940
-6.3759
-2.5263
0.7331
-2.4921
-2.0284
-5.7877
-5.1383
7.3435
4.7307
4.6953
6.7043
2.5528
-5.4161
-6.6279
-0.0111
-1.2167
-4.1142
-4.6471
2.3557
5.8543
6.8930
5.5755
2.0251
2.7143
3.4090
2.1624
1.0421
-0.9302
-2.6551
-2.0452
-2.6808
-10.0042
-10.4469
-5.7284
-5.8473
-10.8552
-1.3873
2.0528
-10.2155
-7.9604
-6.8384
-11.7591
-8.3160
-0.2985
2.0400
-0.2982
-5.1552
-9.1627
-9.8624
-9.8244
-12.1197
-8.4014
-5.1258
-3.1570
1.2164
0.6157
-3.5578
-3.6161
-4.7750
-4.4513
6.1487
12.1906
8.0544
0.3685
-0.3384
3.1082
-0.5528
-1.4492
-8.0589
-12.6592
-13.1041
-9.2698
-7.9943
-8.4347
-7.8456
-3.0513
-0.6465
0.5149
3.9486
0.1180
-3.3082
6.3015
11.7401
9.4509
2.7057
2.2314
8.8774
8.6431
9.6717
11.5302
7.8361
-0.7013
-9.9546
-11.2997
-8.2333
-5.2240
-3.1956
-0.1808
3.3679
3.9916
-0.3410
-1.2869
-5.0842
0.3005
6.5884
0.6817
-3.5743
-3.5614
-11.7423
-12.0267
-14.3199
-14.7192
-15.4641
-12.9901
-11.5524
-5.2110
-1.0459
-3.2951
-7.4386
-6.8085
-7.3859
-7.0830
1.7476
5.5698
0.1445
-3.3109
-4.9215
-3.3282
-2.7719
-4.3972
-1.8399
-4.0072
-3.3269
-4.9206
-2.1011
-0.7231
-1.8127
-4.7398
-3.9569
-1.6327
7.9093
5.2771
-0.4423
1.3803
0.7053
-3.7777
-3.3998
3.4124
5.6031
0.9958
-1.1279
0.4050
0.7541
-0.9918
0.9488
2.6286
1.1064
-0.7641
4.6387
6.7084
10.1721
5.7713
2.8457
1.2786
0.5467
-0.6433
1.6161
1.2953
-1.2413
-1.2719
-4.4088
-9.3331
-7.7786
-1.4754
5.3503
1.1302
-1.5618
1.7826
2.1315
2.9545
1.7624
-0.4809
4.1554
0.5507
0.9010
0.3158
-2.4856
-3.5044
-4.0889
-3.4316
-3.1503
-4.7832
-13.5106
-11.7870
-7.4671
-7.2689
-4.5855
-3.2293
0.0232
-0.4869
-1.4148
-1.7456
-4.8916
-6.0227
-1.2620
-2.9049
-4.3267
-2.5707
-2.6212
5.8783
7.0726
-0.0454
-2.7399
-5.5976
2.0192
-3.8999
-5.8298
-3.4734
-1.9566
-2.2657
-3.2007
-2.8815
-6.8377
-5.2979
-5.7379
-3.2594
-2.4197
-1.6075
-5.4187
-0.8335
-3.7183
-6.1707
-5.5740
-3.9213
3.2255
3.4261
-2.3526
1.4816
-3.2723
-13.3111
-10.6420
-9.3559
-9.3922
-5.5778
-4.4867
-2.4816
-1.6469
0.5761
3.3371
2.7540
5.3072
5.5215
1.9904
2.7214
-0.5039
1.0194
0.2057
-5.2679
-6.5841
-8.0736
-8.7648
-11.3270
-12.3944
-6.5018
-5.1086
-8.7596
-10.8776
-8.7216
-5.0375
-1.7105
4.1006
5.6456
-3.4152
4.5221
5.2979
-0.5629
-5.1856
-10.3606
-12.4325
-19.3423
-13.5949
-11.3975
-12.9410
-16.9148
-16.1207
-9.7957
-7.4287
-7.4872
-7.9834
-9.1943
-9.3227
-7.9504
-8.9724
-4.4044
3.7944
-2.6378
-5.4282
-5.9261
-9.5461
-12.7355
-9.6971
-6.3060
-10.1026
-15.8076
-17.5656
-14.4543
-14.4763
-13.8381
-13.4777
-14.2494
-9.6392
-9.2028
-16.4627
-23.9887
-21.6668
-23.5847
-24.2546
-26.7976
-21.8306
-13.6065
-13.6358
-9.1711
-7.5683
-3.9030
-6.6768
-10.0156
-13.4238
-9.4106
-4.7239
-6.6564
-7.2223
-7.5096
-0.5574
-0.1975
-2.1275
-0.3694
-5.1090
-8.0908
-4.2615
-3.1244
-5.1484
-7.6638
-1.7898
-1.8551
-4.7429
-6.6008
7.6212
0.9384
0.6585
3.3815
10.3881
5.9598
-2.3459
-6.5768
-3.2775
-0.0837
-6.7400
-4.8028
-2.0169
2.5024
4.8603
5.2039
3.8742
0.7907
-2.6698
-0.9226
2.0855
7.9893
3.6698
-6.8438
-6.6361
-5.7451
-6.7693
-13.4275
-6.2389
5.7900
10.8603
12.8440
4.0193
-5.6108
-6.3122
-2.1298
1.4930
2.9564
-0.4392
-0.5770
-4.6683
-3.8959
-3.5466
-2.3909
-2.1230
2.4728
1.2495
-2.0114
-8.8370
-12.0966
-14.1347
-8.2667
-11.1142
-12.1875
-11.4130
-9.7741
-7.1381
-8.4393
-7.0991
-1.9863
-2.7370
-4.4012
2.3825
4.4622
2.3740
3.6073
1.2947
1.3990
2.3589
4.2289
4.7403
4.9957
5.1270
0.7893
-1.7069
-7.0187
-5.8998
-1.9982
3.7886
6.1065
-3.0143
-4.7460
-7.9823
-8.7884
-6.4410
-5.7366
3.0600
7.2737
-2.4125
-0.4511
4.5975
4.9642
9.4831
10.5843
4.0178
-9.4220
-18.1670
-16.9932
-5.8297
-3.8619
-5.8313
-8.2970
-9.2788
-3.9332
1.8660
12.5539
8.0781
7.4375
1.5408
2.9606
3.7433
5.2175
5.2774
12.5160
13.4989
4.1941
1.5085
2.2120
1.1774
-1.9070
-11.6179
-20.3476
-15.5281
-9.7728
-6.5770
-3.5244
3.2132
17.1955
16.1320
10.6661
8.9949
8.3049
3.3641
4.5089
6.8581
4.7925
-0.1142
-10.2850
-14.6908
-11.6535
-3.1726
-3.7529
3.1313
9.6206
9.5500
2.8173
1.0104
-0.9893
5.0895
5.2742
4.9120
1.6406
-2.4296
0.7178
4.9285
11.8250
7.6822
6.8856
9.3627
11.1947
7.1288
1.5901
-8.0771
-12.5450
-15.2331
-13.6564
-12.5972
-19.0059
-13.7893
-6.1211
-10.6641
-12.6243
-8.4610
-6.5006
-9.5387
-3.1947
-0.4797
2.5664
0.8355
-0.3669
0.5532
-1.7183
-5.1129
-5.1516
-3.0177
-3.9528
-8.1636
-3.0217
0.6446
-1.5056
-6.0419
-8.0711
-6.1578
-3.2513
-7.7352
-8.9861
1.0400
4.0376
2.1597
2.5388
6.8888
4.9709
-1.5088
-0.9838
2.4717
15.0070
15.4616
13.7636
12.0675
4.2690
-4.5074
0.9782
0.6337
0.0286
2.9218
2.5843
1.6636
9.0970
12.2358
12.9708
14.0680
6.9031
-1.8033
1.7869
6.7569
1.1433
-2.8783
-2.2769
-4.3398
-2.2791
-1.0028
-0.3074
-4.3869
-4.2587
-2.1865
-1.8229
-5.1975
-4.6631
-7.9056
-0.5736
7.8939
8.2867
8.4201
9.5130
11.2808
13.6439
8.3377
-0.1940
-2.5750
-3.3975
4.6880
7.2610
6.0214
2.3784
-6.6473
-7.5724
-5.3182
-9.5366
-17.5853
-20.5000
-16.1675
-11.7128
-4.9580
-2.3241
-6.0923
-10.2077
-7.5420
-7.0725
-9.8664
-14.3229
-10.5235
-11.8110
-13.5592
-16.2171
-12.9461
-7.2184
0.8899
3.8543
10.4752
7.9114
4.7852
-1.0036
-3.1104
6.5834
7.5919
10.0209
6.9348
3.4913
-5.8170
-4.7051
3.4728
7.4407
1.8305
-3.3017
-2.2744
-3.1987
-3.1780
-4.6196
-4.9149
-3.4491
-5.1544
-9.7983
-5.2976
0.4062
3.7616
5.8132
1.0410
-2.7063
0.0514
4.3895
1.7703
4.0535
6.0943
2.4656
12.0110
13.1983
8.0046
2.0506
-2.4252
5.9394
4.5184
1.6507
-4.8382
-9.4998
-7.9315
-7.7648
-7.8146
-3.0734
-6.3514
-9.1707
-10.4116
-11.7860
-14.7913
-9.6907
-6.6944
-4.9742
-12.1764
-12.6099
-10.4998
-5.3542
-3.1879
-5.2870
-11.4139
-13.1031
-13.0129
-9.5458
-15.1458
-23.9588
-23.3717
-21.5130
-22.3851
-14.0874
-7.9995
-3.5790
-0.5006
-0.4876
-0.6975
-2.1380
-0.7538
-1.2477
-1.5305
-1.7591
1.0315
3.9430
1.4282
-0.4797
-1.8994
-3.5911
-2.8757
-2.6700
-2.5562
-1.7229
-0.9774
-0.2443
-1.8033
-2.6937
-1.7383
-1.5652
-2.8321
-1.8163
-2.6637
-1.8027
-7.4590
-5.0044
4.4401
4.6083
15.2387
13.4059
7.1897
-3.7483
-8.7870
-6.8924
-1.9586
3.6864
1.2487
-11.5304
-6.8916
-3.6731
-4.2748
-0.1171
1.3117
1.9649
-0.4812
-2.0506
-0.5258
6.3316
4.6595
2.2023
-0.9915
4.3227
-0.0225
-1.6581
-3.1570
1.3816
6.5236
2.5163
-3.6339
-3.0108
-4.8952
-9.4964
-8.8078
-7.7528
-5.5819
-5.5867
-6.6187
-8.7046
-8.8318
-9.9893
-8.4970
-4.0648
-7.6448
-5.7500
-7.4969
-12.5306
-14.7167
-14.9974
-6.3624
-3.4966
-8.2686
-2.7174
-0.6735
3.1266
-6.4247
-13.5196
-10.8468
-5.5204
-5.9144
-8.2249
-7.9768
-5.8159
-5.5601
-2.2193
1.5326
4.5486
1.8087
5.6203
-0.4679
-3.9392
-7.6587
-9.8425
-12.2236
-4.5274
-4.2354
3.1466
5.2587
-6.9300
-13.4256
-9.2564
-11.4727
-6.5264
-5.1006
-6.6234
-8.6288
-5.7803
-7.6485
-10.7037
-11.6997
-1.8661
-1.9640
1.2100
7.1596
5.3618
0.7813
2.8683
2.7179
-0.1900
-0.9765
0.7663
-2.5344
-7.3229
-15.1346
-14.2604
-7.0568
-4.6103
-8.8642
-4.5967
3.9394
5.9072
5.0982
5.1339
2.8138
1.6676
0.2325
-0.6241
-4.0411
-5.7814
-6.7921
-2.3931
0.4285
3.4884
3.3007
0.7410
-5.1667
-7.0012
-13.9692
-16.2208
-10.5503
-6.4286
-3.4678
-0.9110
-0.5025
-8.5073
-4.6905
-5.4161
1.4306
2.0864
-5.5447
-6.5016
-3.8422
-4.7142
-11.4654
-8.3641
-0.3019
5.0835
0.7580
-4.7308
-9.1278
-11.9791
-5.3470
-1.0183
-0.5363
-4.8683
-10.5631
-10.9982
-7.1911
-1.2704
-0.9375
-7.9218
-3.7486
2.9656
4.5562
-0.5002
-6.3374
-10.7597
-6.1761
1.6313
5.7555
2.3174
-0.9344
-5.7117
-3.0158
-0.6091
-9.0826
-15.2568
-16.1534
-1.0104
6.8632
9.4648
4.1425
-0.1992
-3.7455
-3.2548
-7.5288
-9.3057
-5.3735
-11.5307
-13.9946
-12.6178
-14.4440
-14.3139
-10.6198
-4.0011
-12.1557
-10.4240
-9.0612
-8.7212
-7.6048
-5.2243
-5.2822
0.9736
8.0109
7.3855
4.8496
5.7157
2.3392
-1.5194
-3.9372
-3.8640
-0.9439
2.0374
0.7177
-2.2505
-3.2775
0.9412
0.6468
-3.8773
-0.7077
-2.5164
-4.7626
-2.9974
1.5904
-0.9778
-8.0939
-7.2007
-2.2509
3.0485
2.2790
1.0441
0.1112
-0.1750
3.2290
8.5673
10.3675
-0.5062
-3.3625
12.1939
17.8129
18.4178
16.2617
10.6536
10.7208
13.0217
15.4665
20.3786
19.5791
18.4693
20.1864
15.3374
7.8853
5.1136
6.6969
0.8989
-4.6703
-2.5908
4.2419
9.6986
13.5490
7.8499
-0.3415
-3.3729
-1.8381
3.0700
1.1589
-1.8592
-1.6313
-4.6096
-4.1962
-4.9355
-7.3255
-7.6103
-7.5065
-3.1820
8.7682
2.9940
1.2504
0.5008
-0.4332
-0.0935
-0.3395
3.9691
6.0912
6.5129
3.7596
0.7752
-1.7940
3.4600
10.7681
10.7431
13.3166
14.6389
7.8975
11.1240
18.2517
24.6159
38.5168
31.2449
17.7159
11.5571
8.6185
8.4505
7.2071
5.2481
5.3529
5.6647
2.0504
-1.2665
-2.2174
0.9758
11.0554
18.6827
10.9951
13.4555
12.1693
11.4516
4.0503
-6.0200
-5.9587
7.6823
11.6073
8.6039
10.2760
10.3968
8.0754
-0.6914
-3.3736
-9.8078
-4.7614
0.3670
-0.9029
-4.1071
-2.5330
-7.6982
-12.8067
-16.0603
-13.6165
-9.4631
3.8111
-0.9046
-0.9353
-2.0510
-1.3513
1.9185
-7.9548
-10.0188
-9.9556
-14.3091
-12.5080
-7.2318
-4.7473
-7.1699
-12.4981
-11.9299
-8.0333
-14.3893
-14.2784
-2.4718
0.6407
0.6868
-3.7350
-12.5691
-10.6188
-4.4179
-4.7123
-12.5236
-20.1041
-17.6978
-18.4486
-11.4404
-1.0293
-0.1909
-5.6798
-7.7080
-3.4677
2.0757
5.3192
3.0631
-2.6362
-9.4574
-12.0997
-12.4925
-12.0414
-9.6243
-12.4903
-13.0541
-11.1556
-7.2181
-7.4455
-8.2760
-6.5668
-2.2947
2.3928
0.5099
-8.9689
-8.1060
-1.7762
-5.8106
-7.0140
-3.6657
-2.2407
-3.8499
-4.7766
-5.2879
-3.0093
-1.3323
-3.1068
-2.6835
-1.9350
-6.6134
-13.7255
-14.7278
-17.0106
-15.1798
-12.1328
-10.0296
-11.0390
-12.5746
-6.8241
-5.1316
-1.3188
-2.3552
-4.3590
-3.9829
-5.9527
-11.1878
-15.6436
-13.3920
-10.6373
-10.6381
-12.6437
-5.8971
-1.1057
4.0160
8.0274
5.6556
10.4323
13.2604
11.0546
6.4562
2.8641
1.5973
-3.3809
-4.8482
-8.2293
-1.7685
4.5404
7.1023
2.8802
0.9030
2.8987
5.6004
-0.3011
-2.3875
-5.6185
-11.6609
-10.1658
1.2288
6.3047
15.4481
17.9813
9.8152
1.1818
3.7905
10.8538
11.9028
3.1446
-6.5553
-11.5457
-12.0314
-7.2314
-4.0126
-4.0213
-7.4771
-10.5071
-8.6591
-7.5780
-6.0291
-4.7116
-2.2819
-0.4909
-9.3219
-9.4445
-7.7866
-10.2346
-7.7143
-7.8777
-7.6572
-5.8900
-3.8029
-7.3390
-11.8839
-8.1612
-5.0157
-5.8208
-3.1442
-5.5024
-10.6315
-11.7642
-11.3782
-10.7734
1.0732
5.2564
-2.6755
-5.0405
-11.8810
-14.3159
-7.9130
-2.6449
-2.5481
-3.9532
-4.6304
-9.2447
-3.9580
3.4357
-1.8795
-5.5197
-3.6832
-8.3579
-14.0168
-17.7537
-12.1766
-7.8481
-3.6001
-4.8165
-6.3065
-7.3267
-3.3536
-2.9411
-3.5761
-1.0271
-4.2093
-11.7337
-4.3808
-1.5879
1.8612
10.9217
12.7351
5.5549
4.1125
0.6421
-4.7146
-7.4772
-6.2371
-2.6184
-1.9903
-2.3146
-8.0875
-9.2233
-2.6708
2.0599
-2.5801
-2.6828
-3.4083
-6.1767
-3.2215
11.2783
14.4500
13.8738
8.3979
4.4011
2.4495
8.3496
5.4478
4.0405
-1.7048
-1.9762
1.6156
1.4617
-2.6368
-5.7212
-7.6641
-4.2407
-3.3408
-0.5652
7.7519
6.8044
-0.5912
-7.1375
-3.2996
-1.4428
-5.5018
-1.6722
7.0121
10.9362
5.3465
7.0308
12.7240
10.8060
7.9975
6.5912
6.4691
2.2539
10.7072
-6.9622
-14.8025
-11.9961
-7.5562
-12.8075
-12.8952
-10.0364
-11.7247
-16.5396
-17.8633
-14.2634
-9.7887
-14.3220
-4.7160
-3.1577
0.7886
-2.2809
-12.3576
-10.5861
-5.3559
-10.4854
-15.2275
-9.9023
-8.0553
-5.5969
-4.3284
-4.3089
-7.5413
-4.3830
-3.4028
-5.8680
-8.2913
-6.8834
-2.8243
-2.0210
-8.0523
-6.8915
-7.8856
-6.3317
0.0227
-1.8064
-5.0890
-3.0126
0.1919
-0.8899
3.4358
0.3385
2.1603
0.9081
4.1577
7.9801
5.6623
8.1064
10.2024
8.2737
1.9045
0.8813
-2.0773
-1.4381
-1.7546
-6.7074
-12.3264
-12.8757
-14.9298
-5.6523
3.4822
16.5171
18.9262
13.0368
10.8046
8.8236
3.1970
3.6020
11.2596
10.7762
8.4774
11.9868
14.0967
15.0127
13.5011
6.4952
3.1594
1.2133
2.8328
-0.7146
-3.2361
-7.3615
-8.4730
-7.6694
-2.2708
3.8200
4.7366
-1.0263
-8.4129
-6.2826
-3.7076
-5.6325
-3.3639
-4.8214
-2.3216
-1.9205
-1.5001
-2.5527
-1.6182
-2.4229
-2.9003
-0.7299
-0.8221
-2.3237
-2.7291
-0.8040
2.2593
0.9795
0.1355
-0.7876
-1.4821
-1.9274
-2.7477
-0.3942
-1.0405
-2.8842
-1.9384
-1.7580
-1.6247
-1.8188
-2.4078
-4.3972
-6.3712
-0.7656
-5.7352
-5.3974
-3.7192
-3.2917
-4.0665
-4.6297
-6.1787
-5.4357
7.8991
13.0536
7.4849
3.0829
-0.3148
-2.9475
-0.3448
0.9985
-0.8305
-2.4309
-2.8032
-2.0640
-2.2493
-2.5932
-3.9991
1.1082
4.4505
1.4463
-0.2190
-6.2146
-10.1190
-7.4129
-6.5463
-10.4577
-6.0754
-5.4306
-6.8604
-3.3171
11.0671
15.5904
13.2664
7.4597
7.2132
6.1466
4.5715
8.1529
11.4513
12.5958
5.2286
-1.2615

Coefficient 23:
0.0000
-3.0936
-1.9497
-2.1000
-4.7755
-2.4096
2.7443
6.2360
3.3723
-1.1600
-2.5955
-2.2248
-2.3438
-6.0157
-6.6798
-4.0969
-2.2436
-2.8906
-4.8971
-3.5173
-1.5906
0.1011
-1.1328
-5.2803
-4.7745
-14.1654
-16.2606
-17.9374
-15.7769
-6.9771
-1.2874
-0.6919
-1.5936
0.6026
-0.6629
-0.0627
0.1767
-1.8123
-7.2332
-8.5592
-4.8014
-2.1115
0.6906
-1.1081
-7.0061
-10.3245
-15.8832
-13.4803
-6.9471
-6.3665
-3.8126
5.0640
-0.3797
-11.9984
-15.5833
-10.8526
-6.8624
-7.1673
-10.0529
-8.3906
-11.8414
-8.0479
-3.5218
-4.0258
-8.5086
-9.3342
-9.1937
-6.9389
-3.9366
-9.9964
-13.4258
-7.4579
-4.1779
-4.0734
-10.2116
-8.9501
-6.1675
-6.9512
-4.0001
-4.1884
-8.3204
-8.6792
-8.6618
-3.8244
-5.7826
-5.2884
-7.1807
-4.9763
-4.6702
-13.1921
-11.2828
-5.2575
-2.0468
-2.2151
-0.6247
-2.9101
-5.3295
-13.1840
-13.8620
-16.5627
-18.9199
-19.2654
-18.4005
-20.1067
-18.7310
-13.6523
-8.4693
-5.6257
-6.3295
-7.6707
-7.8159
-4.9061
-2.2024
-4.2173
-8.9272
-7.5687
-9.6414
-10.3870
-13.9859
-10.2625
-4.3261
-2.2089
-3.5095
-5.5840
-5.4886
-9.9755
-7.5297
-0.3985
0.4735
0.8826
-9.6366
-16.8457
-18.9688
-15.7470
-10.8008
-13.8875
-12.8737
-8.8842
-5.0324
-3.0529
-4.4162
-4.6376
-3.9160
-5.6434
-6.0572
-3.6338
1.3907
0.3764
-11.0488
-5.3536
-1.7761
-10.9527
-17.3904
-14.7697
-10.1020
-14.1978
-10.1880
-8.5631
-2.1360
-9.2645
-15.5185
-18.6640
-16.9115
-5.8110
1.3545
0.7119
-1.3903
-1.5268
0.2415
-1.2265
-9.6870
-11.1028
-6.1228
-2.0129
0.6753
-0.6060
-7.2752
-11.5183
-9.6690
-7.8727
-6.2698
-3.5365
0.0593
9.8946
7.9693
8.1832
3.8503
-0.1300
1.3832
7.4909
10.4759
5.4400
4.1854
6.5496
11.0242
14.3052
11.0547
3.6245
0.2114
2.0377
1.3081
1.1475
0.3923
3.7187
-0.3947
-4.7494
-5.2440
-6.0750
-2.8554
-1.2316
1.8458
1.2505
-4.2926
-1.6862
-7.1890
-10.6086
-16.4455
-17.0141
-15.7003
-11.8919
-7.2243
-5.4845
-1.6712
4.3013
3.2839
-1.5788
-1.4044
-3.7543
3.5942
-2.1955
-4.7623
-3.8378
2.2329
0.8278
-3.8393
-6.8265
-3.1952
3.0369
-0.6424
-5.1604
-6.1484
-7.8749
-13.6222
-12.0834
-5.1894
0.5052
5.3656
2.7201
1.7978
3.6795
-2.3899
-5.1108
-4.2038
-1.4279
1.8381
-0.0704
-3.0957
-3.4918
-3.4321
-2.0381
-1.2613
-4.1039
-9.9939
-13.2408
-13.3256
-8.2029
-6.0336
-5.4966
-10.0418
-11.6210
-10.1802
-8.1184
-12.4579
-12.5376
-11.9538
-12.8594
-14.3894
-14.5642
-9.8788
-2.9361
-1.4093
-1.4905
-0.2846
-2.3696
-1.7792
0.7781
-2.3701
-3.6419
-4.9380
-4.3901
-2.5430
-1.0503
-3.2882
-6.0271
-2.4081
4.0632
-0.5350
-1.5471
-1.6457
-12.3838
-13.3862
-9.3461
-3.3017
0.7195
3.9461
-7.0043
-5.8423
-6.7381
-4.5539
-9.4965
-10.0524
-14.1344
-11.6911
-10.5126
-13.0488
-16.9475
-11.9029
-14.4618
-20.4565
-19.6730
-11.8959
-8.5898
-9.6846
-10.9913
-9.7777
-7.2972
-4.0272
-5.7842
-2.6553
0.5620
-0.3867
-0.8508
-5.3560
-21.2744
-20.3701
-12.5009
-3.3123
-1.9270
-13.8303
-12.8726
-8.1734
-8.1648
-10.1583
-12.5964
-9.0736
-9.4030
-12.2100
-11.6072
-4.1769
-9.9370
-10.2834
-6.7734
-4.8266
-6.4491
-3.9244
-5.8863
-6.7526
-7.1191
-2.7343
-7.0593
-10.9466
-9.2285
-9.6726
-3.3057
-1.7630
-6.1581
-4.6372
-1.8846
-4.3679
-4.7612
0.5974
-3.7484
-6.0252
-6.3051
-9.6604
-3.3014
-4.0779
0.8237
1.7405
2.4662
2.3395
-2.5464
-8.4787
-3.3341
0.4157
-3.5623
-8.6122
-12.1270
-11.2201
-6.5372
-12.3101
-12.2753
-11.1737
-11.2166
-9.0210
-12.2674
-10.6456
-8.5173
-5.9041
-5.8164
-2.3594
-7.0419
-11.0810
-12.5517
-7.9618
-10.1353
-14.3550
-10.5128
-8.8237
-9.6497
-10.4276
-13.5891
-9.6674
-16.0256
-25.2024
-24.8790
-30.1313
-22.7855
-14.2720
-13.7151
-16.5064
-13.9999
-14.7072
-12.9867
-9.5843
-6.6609
-6.2968
-6.0994
-8.3315
-14.3718
-8.7790
-4.0566
-7.8707
-7.5639
-4.1807
-8.1645
-10.6984
-8.7529
-10.1008
-7.4576
-7.8637
-17.5720
-20.2724
-21.1569
-17.6692
-4.8338
-8.7578
-11.5556
-11.9616
-12.2303
-7.2119
-6.6383
-10.0075
-10.0045
-11.4889
-13.6935
-15.0381
-9.6069
-9.7695
-10.2240
-7.2085
-6.8681
-10.1288
-6.1043
0.1932
-1.0827
-1.0259
1.3796
-4.2590
-8.8216
-8.8091
-11.6225
-23.7583
-10.3518
-4.1240
-4.2006
-7.2089
-8.3125
-3.1362
0.6986
1.8030
1.0925
-1.8374
-10.5090
-11.5908
-7.2063
-8.4846
-8.5581
-12.8736
-12.5163
-6.3124
-5.5568
-5.4209
-4.3291
-9.4359
-11.2740
-6.4766
-1.7638
2.2099
-6.5828
-9.1438
-1.9342
-0.5512
0.4008
-0.9513
-3.7129
-5.4835
-3.8741
-3.0432
-11.8872
-10.0870
-8.4117
-3.4499
-3.4640
-3.6485
-4.8216
-7.1788
-20.9800
-19.8326
-16.4944
-18.4884
-21.0858
-19.3769
-14.9339
-2.2887
4.1259
1.6664
-1.8573
-5.3085
-8.6099
-7.8469
-3.1779
-1.0783
2.4001
6.4113
7.9983
0.9493
-1.0628
0.4344
-1.4879
-0.7468
-4.5405
-5.6021
-9.7308
-13.9528
-22.4190
-12.1740
-5.8319
-7.5805
-13.4862
-15.5420
-14.7871
-17.2116
-22.1664
-30.9338
-27.2229
-19.9914
-14.9068
-14.5713
-15.1241
-15.1509
-11.8465
-2.6443
-0.5466
-5.0205
-5.4947
-4.2988
-6.3959
-6.3699
-12.5136
-14.1658
-12.2672
-9.9670
-5.5258
-5.3668
-7.3620
-8.8537
-5.6968
-2.3896
-1.9839
-6.6749
-5.7598
-5.3828
-8.7109
-8.9290
-6.5150
-12.2672
-11.1444
-6.6428
-7.0599
-8.4536
-7.4027
-5.8030
-9.0761
-4.9148
0.3231
0.1049
-4.8426
-12.7720
-11.9286
-6.1284
-7.6907
-11.5405
-19.0229
-21.9126
-7.1513
1.0992
7.4536
4.7836
0.8558
-0.8056
2.1183
5.2882
4.0407
-1.4943
0.2850
-5.0823
-6.6011
-3.7561
-3.0944
-0.3884
-5.0251
-6.3776
-6.2801
-5.7287
-7.0727
-6.3846
-2.0263
-2.7719
-0.9443
0.9649
1.3003
3.7121
8.8879
8.3184
3.6524
2.8833
8.7899
10.8218
5.9040
2.4798
1.2010
-0.8528
-1.0452
1.5874
2.6439
3.1136
1.4317
-5.2864
-8.8274
-1.0523
4.4500
6.1899
1.5968
-3.5555
-7.3020
-8.5037
-4.2026
-1.2752
-5.5367
-11.8915
-16.0067
-14.7899
-16.8041
-17.8351
-11.0991
-7.3638
-5.9704
1.0711
2.2420
3.4766
-5.4122
-2.3868
-4.0759
-6.9941
-8.3525
-8.5193
-10.2642
-11.8369
-12.2001
-16.7273
-19.7600
-18.9482
-13.3899
-11.8024
-17.1504
-19.7351
-13.9720
-9.0139
-2.8929
2.6921
2.8426
0.8799
-2.1353
-5.4569
-9.3670
-6.6879
-3.9019
-0.5246
2.4946
0.5533
-2.9761
7.2654
13.9523
7.0387
4.7244
4.8387
4.5033
0.5573
-1.9214
-0.9086
1.3921
-5.5993
-7.1299
-3.7292
-0.9551
2.3054
-7.4519
-5.7394
-4.4145
-6.9350
-10.1907
-6.9822
-6.9844
-20.5117
-14.9033
-9.9675
-11.0345
-17.7019
-17.7713
-14.6519
-8.0101
-0.0996
6.4746
-2.0034
-6.4001
-5.8254
-1.1962
-1.7416
2.5395
1.9332
-3.7833
-2.8312
0.9477
2.5777
0.2892
-1.6359
-1.8524
-6.3406
-21.5883
-28.7666
-24.0467
-21.5590
-17.1232
-14.8804
-7.6791
-7.4935
-7.4870
-3.5960
-4.0217
-2.4343
-13.1643
-14.3586
-8.3877
-2.6416
-2.8018
-7.3467
-9.2434
-6.1717
-3.0757
6.3696
-0.6479
-13.1827
-8.1955
-10.4141
-9.2993
-4.6471
-6.4110
-16.5198
-9.1375
-11.3637
-13.7318
-15.3505
-17.4541
-15.7594
-12.9465
-7.7224
-4.4989
-5.8795
-6.3096
-4.1308
-5.4531
-5.5538
-12.8136
-19.2286
-18.1153
-10.8798
-15.0468
-10.4507
-7.8521
-11.2730
-11.9473
-15.1736
-16.7154
-18.3202
-21.6507
-17.1991
-8.7437
-6.0902
-0.4521
2.1520
7.3790
3.7048
-4.0501
-8.3327
-10.6126
-8.1496
-6.8685
-5.6057
-3.2338
0.9958
3.0482
0.7035
-4.3738
1.5206
0.3113
0.4943
2.0035
-0.6716
-5.8868
-14.1313
-14.7059
-11.1026
-13.4969
-20.4440
-25.2493
-26.3747
-15.7413
-7.4297
-6.4225
-8.0431
-10.1821
-10.0969
-8.9670
-7.5891
-6.9729
-5.7124
-7.3962
-6.2968
-7.7313
-7.6828
-5.9385
-5.2687
-5.1872
-6.1596
-10.7461
-7.3319
-3.3358
1.4814
-7.2126
-12.2917
-8.0469
-9.3297
-7.8864
-14.3262
-17.2179
-17.1347
-13.7621
-9.8662
-8.0040
-5.1560
-11.7893
-15.9748
-15.6286
-19.0711
-14.4122
-5.6085
1.1498
-0.2221
-5.1375
0.0012
-0.7592
-6.7890
-13.4929
-18.2249
-16.3927
-9.2797
-4.8558
-4.0212
-4.0404
-3.4860
-0.9296
-5.4838
-4.6027
-3.3962
2.6748
-6.4249
-5.5215
-1.0797
1.4697
0.7007
-2.5963
0.7651
0.4571
-7.3642
-1.4531
-1.7789
-1.5629
4.2246
6.5949
5.1069
2.2250
-0.6580
-5.3309
-5.8117
-5.0832
-4.7301
-7.6061
-16.2629
-24.5754
-24.0203
-19.2839
-16.8458
-18.3230
-19.1688
-16.3774
-14.5162
-8.8504
-3.3635
-1.0882
-0.1251
-0.3868
-0.5782
-2.9192
-2.2558
-2.2172
-1.9402
-1.8175
1.2034
4.3770
1.2619
0.0351
-1.5104
-3.6791
-3.0041
-2.3552
-2.0607
-1.4602
-0.6108
-0.1110
-1.8558
-2.7615
-1.8950
-1.4729
-2.8310
-1.9503
-2.7572
-1.9494
-8.3761
-9.6964
-7.6541
-5.9647
-12.6572
-11.4834
-12.6700
-18.8716
-18.5411
-8.4412
-9.9426
-9.6913
-4.6850
-4.0440
-6.3184
-4.8921
2.4945
-4.3058
-13.0185
-10.2400
-10.5370
-6.6806
-4.7655
3.4462
3.0572
-1.0506
-8.5381
-10.6061
-9.8618
-2.8017
1.6073
-0.0969
-9.0212
-12.2194
-13.3953
-9.2638
-7.8673
-9.1609
-12.5201
-9.5070
-8.6883
-7.6530
-7.3963
-5.2348
3.0493
5.7580
1.5030
-4.1827
-4.0309
-2.5386
1.3503
-3.0769
-2.0761
0.6425
6.0277
4.9374
-3.5321
-2.4344
-4.1802
-4.0032
-3.7294
-0.8234
3.7113
6.0382
2.7122
-2.7649
-4.2022
4.0751
3.5837
0.8686
1.4054
-1.4190
-10.0163
-20.0667
-12.0363
-7.1897
-10.2844
-6.5586
-5.9525
-11.7528
-18.8066
-24.2540
-25.9021
-18.7542
-16.0234
-13.1225
-7.4604
-7.3730
-12.0928
-15.2111
-10.6996
-9.8174
-10.8607
-7.6932
-5.1336
-4.5322
-1.9331
-0.6754
4.1503
5.8392
-1.8713
0.0363
-0.1039
0.9126
-0.8895
-7.3322
-7.3939
-4.6919
-8.5800
-5.4788
-2.5680
0.1168
-1.1550
4.8959
9.0053
9.7039
7.5303
7.0833
4.8584
1.8119
-4.5792
-6.2325
-3.2873
-0.4702
0.6566
3.9509
4.6731
5.0310
3.5524
-0.3157
-4.4709
-4.6662
-4.7797
-5.4753
-6.6580
-6.3628
-3.6803
-1.1132
-0.4990
3.4215
2.1411
4.0293
9.4084
6.5260
10.4601
17.0557
10.8955
2.9112
-8.4946
-3.6427
-9.8436
-16.8660
-22.5284
-20.3324
-19.8169
-21.4869
-20.7962
-18.2940
-11.9808
-9.8378
-10.0805
-12.1133
-7.6145
-1.8991
0.3171
-0.1313
-8.5027
-10.6183
-11.9113
-9.8276
-11.0109
-10.2624
-4.6311
-8.5974
-12.9852
-17.6003
-17.6879
-20.8872
-18.9323
-12.7920
-3.4610
0.7934
7.1606
18.7438
10.9051
2.9765
2.3895
10.4491
5.2333
-2.4122
-10.8585
-10.3653
-5.7985
-6.2881
-5.5799
-3.9125
-3.1183
-4.0703
-4.3747
-2.4757
6.2718
-2.8447
-0.2406
-0.4240
6.2004
8.4516
5.9898
-5.0541
-19.0209
-19.7082
-14.5086
-4.9195
-10.7066
-9.2515
-12.5954
-9.4406
-9.8943
-9.7438
-4.4016
-3.9543
-2.3981
5.9561
7.2102
-5.8067
-12.2816
-9.4150
-10.3475
-8.2582
-4.5995
-4.8397
-8.0945
-6.3536
-1.1082
1.9635
2.8724
2.1553
0.1582
-0.3455
3.2830
7.3909
5.7636
-0.7269
1.4833
1.9861
-1.2715
-13.1213
-18.9810
-19.0103
-16.8433
-16.7525
-20.8075
-18.4577
-15.0462
-15.4143
-11.9871
-11.0133
-13.7051
-15.3354
-13.7953
-7.4030
-3.7395
7.0647
14.2605
15.8018
2.3561
-5.8674
-9.6427
-12.9068
-9.9701
-1.2731
2.8031
1.1567
-0.3906
1.2231
-1.1825
-5.8740
-6.1205
-1.4368
8.2201
18.6729
15.9317
1.4548
-3.0204
-1.6129
0.0895
-3.0706
-9.4612
-7.6024
-5.6549
-6.8155
-7.5895
-6.2500
-15.1743
-28.8008
-34.9079
-31.6465
-27.0999
-29.1869
-28.2029
-28.5638
-28.6238
-25.4155
-8.8949
-3.4584
-1.1055
0.4842
2.2955
3.9345
5.9033
-2.1303
-7.9545
-10.5772
-8.1088
-1.3888
-0.9439
-1.6497
-1.5390
-5.4915
-14.2716
-5.6320
-4.5464
-7.0216
-12.7804
-9.5843
-7.1135
1.0717
1.7993
1.5606
5.5905
6.3767
5.2508
2.1563
-2.4942
-6.7288
-4.5377
-5.3533
-4.9210
-6.0839
-10.5361
-23.2107
-30.5693
-30.3756
-27.8444
-29.5291
-13.6711
-0.6598
-3.1946
-7.5396
-7.8385
-1.8923
-1.4038
-12.1943
-15.9679
-22.2713
-18.0717
-15.0442
-16.5774
-13.1205
-11.9134
-6.8755
-6.8530
-3.2248
-3.9380
-3.7136
-5.5636
-6.0919
-8.2233
-6.0720
-7.0008
-14.0395
-22.7522
-19.2333
-13.6661
-11.1314
-14.7899
-4.8809
1.2895
-6.7282
-5.3271
-4.9250
-2.7899
-3.9158
-4.9339
-7.4911
-13.3778
-17.7309
-14.8504
-9.8300
-5.4083
-6.4951
-11.6407
-16.3241
-14.8937
-6.1025
-1.2904
0.6615
1.0594
-1.8548
-3.0318
-4.9639
-7.5826
-3.9900
-5.7683
-7.1547
-3.2471
0.3361
1.6363
-1.0569
-12.4070
-14.4802
-14.0358
-15.6633
-9.1215
-4.2778
-2.7326
-4.3740
-7.2025
-8.5575
-9.2322
-9.4041
-8.3175
-7.7652
-6.3643
-5.6520
-3.6837
-4.8774
-11.6730
-11.0173
-10.0917
-9.1805
-6.4254
-1.6487
-4.9243
-12.2062
-11.6025
-8.5335
-13.8943
-13.5559
-11.8419
-15.0260
-6.9914
-2.1247
0.4622
-3.5218
-3.6656
-3.5962
-1.7135
0.8630
-2.2778
-6.1942
-7.7508
-5.8365
-0.9748
-3.3142
-4.4170
-1.0408
0.6082
-0.7355
-6.4646
-6.6532
-7.2643
-11.3607
-7.4747
-2.2000
-10.0659
-18.4611
-16.2938
-9.6513
-11.6502
-11.9107
-2.2171
3.4652
1.3863
-6.8265
-9.4648
-9.4654
-5.8109
-3.7096
-3.7582
-5.4298
-5.7043
-4.2896
-6.4304
-6.6958
-6.4925
-2.8481
-1.3033
4.2029
1.6153
-1.5749
-2.3724
-3.6629
-4.0573
-6.6980
-6.2730
-6.2070
-14.4928
-18.0892
-8.6380
0.1117
-1.3494
-1.0131
-6.4430
-12.1588
-11.7978
-15.0595
-15.0349
-10.1039
-2.9588
-6.6858
-8.2634
-0.5069
-4.0708
2.5146
6.6998
4.6458
1.7125
-4.0927
-5.6589
-4.2909
-7.6753
-12.0972
-9.2008
-10.7270
-15.2457
-10.3253
-7.3672
-3.7981
-3.5483
-4.4476
-7.2137
-12.0295
-10.1357
-0.1311
-1.1670
-4.9584
-3.8016
-4.8962
-12.0085
-0.9901
9.5159
8.5585
0.0962
-5.3831
-16.0663
-22.0854
-23.6118
-28.1112
-27.2288
-24.9845
-23.5657
-20.5937
-18.4875
-18.6955
-16.3273
-8.8333
2.0709
-0.4495
-0.6018
-1.1035
-1.9119
-7.0445
-5.1023
-5.1756
-9.2293
-16.5305
-17.8284
-12.1560
3.5847
2.0415
3.2626
-3.7757
-10.0392
-9.0960
-5.7945
-3.9979
-7.4963
-0.1982
5.4995
2.8954
-0.0858
5.1360
4.4845
0.8926
-1.3857
-3.1986
-4.0153
-0.2981
8.2484
9.3388
1.8523
-5.7098
-8.1444
-12.3766
-3.0808
-0.7811
-1.7092
-0.6583
-1.3878
-5.1718
-4.4645
-0.4210
1.9022
5.2412
5.9263
2.3578
0.9510
4.1318
9.0060
9.7261
9.9416
13.1080
13.9199
8.5673
5.1018
-2.3653
-8.7414
-15.7265
-14.9297
-17.0447
-15.6174
-11.6513
-11.4169
-9.5207
-5.7488
-3.9134
-4.3715
-6.7283
-4.8285
-3.5462
-5.2585
-7.4440
-3.4853
-2.5710
-1.6498
-4.0002
-5.9961
-8.1720
-6.5317
-1.4924
-5.0641
-8.0098
-10.6606
-7.4302
-5.8626
-8.3975
-9.3996
-6.5280
-6.6927
-11.4878
-11.1707
-7.5072
-3.5779
0.1947
-0.9711
-8.0224
-7.1773
-6.1323
-0.9975
0.5634
-5.9510
-10.7903
-10.2596
-10.8207
-4.2476
-4.4790
-3.5082
-1.9764
1.9464
3.4188
5.2476
11.6459
18.4239
15.5413
9.1096
-2.0898
-6.3137
-6.8083
-6.5775
-1.7251
2.1030
0.8030
0.4629
-2.3764
-2.1663
-0.3245
2.4059
18.8129
18.5156
18.9370
14.1886
4.5513
-0.8502
0.9595
5.4686
3.8127
-2.1983
-0.9688
-2.8763
-1.8871
-1.8233
-1.7476
-2.6412
-1.6242
-2.7109
-2.9235
-0.6591
-0.7700
-2.2637
-2.8776
-1.2661
0.3116
-1.4010
-2.1717
-2.4079
-1.7376
-2.1037
-4.4715
-3.3059
-4.9395
-6.2907
-6.1474
-6.0550
-2.4309
6.1307
2.0648
-3.6770
2.0309
-0.8260
-4.7017
-5.1237
-3.8151
-3.1975
-3.7521
-4.2060
-7.2346
-1.6203
9.0103
11.2569
7.2991
1.3427
-0.1926
-3.1859
-0.6331
0.9529
-0.7983
-2.4992
-2.8999
-2.1899
-2.1166
-2.4394
-3.7816
-0.9984
5.9248
0.8153
-7.1050
-7.4083
-0.8624
1.9522
1.3593
-3.3031
-1.8488
-4.2290
-7.7610
-5.3357
-2.1881
-12.6143
-17.4257
-19.1751
-14.7245
-12.5610
-11.5653
-11.2399
-11.5789
-8.5408
-8.2586
-7.0692

Coefficient 24:
0.0000
-3.4276
-0.8599
-1.1246
-1.8108
-0.8673
0.5462
-0.4448
-4.5800
-7.4892
-5.6463
-1.6657
4.4412
5.9071
-0.7129
-2.3588
-1.9157
-2.6815
-4.5832
-3.1210
-0.6391
-0.6572
-1.6380
-3.8932
-2.8738
-10.3848
-8.6124
-8.5067
-10.0943
-6.7975
-1.7227
-0.2746
-1.7669
0.0084
-1.3874
-2.8011
-1.4486
-1.9363
-6.4969
-7.1061
-3.5412
-3.6466
1.4842
4.1434
-6.0124
-6.9034
-9.5584
-11.0263
-5.9909
-3.2997
-5.6793
-3.6421
-8.6006
-8.3038
-1.2478
2.6711
0.8273
-3.4581
-6.3550
-4.8657
-8.8038
-2.8156
-1.2293
-3.9128
-3.9091
-3.5575
-5.6451
-5.6468
-5.5420
-6.4515
-7.0283
-10.4803
-12.4787
-6.1220
-2.3711
-1.7246
-3.0351
-4.8600
-1.0239
-1.9762
-5.0353
-5.1021
-7.8473
-6.4789
-8.2368
-6.5250
-4.2352
-7.5766
-4.0854
-5.2731
-2.4230
3.9108
6.6754
8.3286
11.1244
15.0322
14.7596
10.0660
7.7933
1.8277
-3.2234
-7.0888
-8.3518
-15.9088
-15.7741
-11.3489
-8.9231
-7.6546
-5.6329
-2.3250
1.9672
-0.3801
-0.8042
-2.3719
-7.6243
-5.8259
-1.7864
-4.3918
-14.2959
-10.4479
-3.3991
-0.4518
-0.4978
-1.4549
-0.5620
-3.0831
0.1647
1.4396
-3.3459
0.3362
-4.8451
-6.6227
-8.2554
-10.8009
-8.1483
-2.3909
0.5321
1.1592
2.1270
-1.9413
-3.8988
-6.0684
-5.5271
-4.3400
-9.1380
-2.3681
3.4405
1.2396
-5.8914
-4.5600
-4.3425
-8.7853
-10.1587
-7.8136
-11.9370
-14.1711
-8.3939
-6.4272
-0.2009
-0.3538
-2.7665
-5.1811
-4.5095
-8.7338
-7.2302
-2.7970
5.4727
4.7674
-2.9756
-6.0153
-5.2147
-3.8719
-7.5186
-10.2757
-14.3705
-11.2625
-7.9013
-11.7591
-6.8435
-0.3522
0.0961
1.4013
5.0202
6.4324
2.7556
-2.9386
3.8506
4.4804
1.4633
1.5890
0.6911
0.3478
-1.1564
1.7234
3.0273
0.5259
-2.3012
-3.7129
-9.0154
-8.0616
-10.7797
-11.8400
-8.8102
-17.8468
-12.7442
-9.8986
-9.2502
-8.0388
-6.6643
-10.4203
-11.1605
-8.7738
-9.3854
-5.9396
-3.7871
-1.2226
-4.1656
-13.7222
-13.4537
-12.8345
-12.2858
-4.2686
-1.9315
-3.4869
-12.6966
-8.0403
-3.6537
-6.7278
-15.3323
-9.3593
-9.1659
-11.0363
-5.3637
-1.2639
-2.5391
-6.2647
-6.0359
-2.5728
-3.1676
-7.4053
-11.7610
-10.4595
-7.7029
-6.9026
-8.7400
-6.0902
-5.1508
-6.1829
-7.5892
-11.5928
-15.1509
-13.0266
-15.3897
-18.6693
-14.4029
-11.8237
-10.2043
-6.1630
-4.0150
-2.0348
-2.3219
-4.9129
-8.6525
-14.2909
-14.0922
-8.7648
-4.9030
0.6239
-3.2871
-5.4087
-7.1808
-9.6657
-16.4136
-19.1952
-15.8460
-18.8444
-18.7912
-13.2540
-11.6091
-13.8418
-12.4977
-11.5356
-12.9688
-11.1856
-0.6253
5.7854
4.1075
2.5557
2.9813
4.2271
7.1420
4.5329
-1.4550
-2.8147
4.8659
2.5387
-0.3948
-1.5637
4.5115
-1.3044
-3.8818
-4.5194
-5.1729
-2.1459
1.5284
2.8967
2.2083
-3.3087
-4.4966
2.1070
3.2905
-5.7943
-7.0129
-6.3290
-8.9377
-12.7960
-8.3435
-5.4233
-8.1627
-11.9057
-12.5263
-6.6932
-5.7457
-9.5313
-10.6167
-8.0305
-4.6850
-4.8952
-2.6639
2.8208
-0.1031
-0.4898
-5.2208
6.8104
12.9868
9.1781
0.3656
0.4122
-11.5471
-15.0335
-13.8261
-11.8339
-12.2085
-8.4931
-8.9280
-9.4872
-7.9486
-11.0670
-12.0681
-7.2686
-3.8410
-4.2305
-9.6572
-7.0717
-0.5420
-4.7210
-6.8691
-6.4689
0.8492
3.1031
2.2030
-6.2694
-3.0720
6.2923
3.5083
2.0091
2.7468
2.1644
-1.9337
-0.3053
-0.0247
3.9047
4.9772
0.8577
2.1671
2.9962
1.0512
4.5147
4.8109
-2.8676
-5.2087
-7.0335
-4.8613
0.2211
-0.1482
0.9578
-2.9001
-5.5691
-4.5648
-2.6747
-3.3903
-0.7903
3.2345
4.6027
2.3062
0.0519
-2.9946
-8.0814
-9.5070
-4.3413
0.2132
-1.9935
-5.8512
2.2564
12.0059
10.0166
1.7189
5.4119
7.1378
5.2663
0.5865
0.2322
3.4963
5.2501
2.4237
2.3974
-3.9704
-3.0518
-3.7467
-1.8450
4.7226
3.8632
0.6934
-2.5389
-1.9051
-1.6535
-0.5604
1.8105
-2.4187
-4.7648
-4.6083
-2.4499
-0.7987
0.0439
0.0077
-2.8346
3.1162
6.3074
1.2464
-0.2604
-3.4747
-12.6738
-10.9153
-11.4686
-15.5994
-7.5936
-3.0291
-1.6462
2.0494
-1.8937
-4.9965
-5.9703
-4.6926
-7.6290
-7.0059
-2.2772
-0.0182
-0.7305
-5.8606
-7.7046
-6.9888
-2.3799
0.2021
1.7646
-0.2924
-2.9824
-4.0452
1.0163
-2.2565
-3.8332
-4.3815
-2.3519
-7.3537
4.8778
9.8984
7.2359
5.3264
1.5290
6.1505
7.2098
1.5340
-1.9733
0.2188
-0.7170
-8.1781
-16.0619
-9.7065
-2.8304
3.3353
5.6749
0.8450
-5.1055
-6.8993
-3.3795
-6.1637
-6.3728
0.1583
-5.5805
-4.8381
-11.5514
-4.6741
-1.3480
-5.9500
-10.5337
-9.4334
-6.8582
-10.7186
-6.1912
-0.9699
-1.0616
-2.5479
-4.6940
-1.8418
-1.2615
0.3153
-3.5731
-9.6769
-11.8837
-9.8189
-5.9351
-5.6101
-9.4637
-12.7183
-10.2522
-6.1331
-5.3138
-5.4828
-3.6122
-0.8054
-1.8185
-4.1919
-4.7963
-2.6187
0.8550
-3.0704
-3.6597
-4.8711
-3.6847
-3.4572
-0.7502
4.8362
4.8293
6.6361
6.8541
2.7074
-3.1474
-2.8487
-1.8870
-0.5920
-6.9407
-4.6249
-5.3345
-10.2477
-12.8792
-16.7737
-12.9220
-11.7832
-8.4011
-9.0468
-9.1025
-7.7439
-6.1037
-1.4315
-1.7768
-2.9167
-0.0753
-3.6078
-6.2194
-3.3784
-2.3581
1.3684
-2.3508
-3.5606
-6.3704
-6.7695
-5.8768
-8.9247
-4.9955
-0.1469
-0.7736
-5.6052
-9.4130
-10.2878
-12.1910
-4.8121
0.1477
-3.7262
-1.7477
1.5256
1.0121
1.1515
-0.0904
2.7414
-0.4537
0.0424
13.1480
15.1861
11.9225
-1.2833
-6.4550
-4.8773
-2.7479
6.1781
4.7090
2.8968
1.9152
4.8424
9.5534
8.1085
7.2218
8.5739
9.1017
5.9557
4.6843
-0.3480
2.0126
4.9656
5.2674
2.4855
-1.4397
2.2366
-7.6087
-10.8484
-12.8504
-7.3340
-3.4698
1.1437
3.1501
7.1148
12.0720
12.1590
8.8109
9.1919
14.6449
15.2005
11.6412
12.7273
15.7380
13.6831
6.8529
2.0262
0.7377
7.0012
6.4082
8.2258
8.2942
-0.0087
5.1430
0.8893
-1.9391
1.4151
2.1879
5.2607
4.8211
2.6870
7.4097
14.4562
14.9695
2.0271
-2.0207
1.0995
2.9276
3.1666
2.4942
3.2891
6.0893
5.5170
5.7448
3.1526
-1.8285
-0.3944
-13.1101
-9.6134
-6.2432
-6.7574
-5.9562
-3.1222
-2.9707
-3.2005
-5.3930
-5.7774
-2.3453
-2.3534
-3.1460
-4.3781
-3.3449
-7.7484
-12.0703
-14.4953
-16.0588
-16.1375
-11.9726
-11.7614
-12.9011
-8.5605
-4.5438
2.8524
9.8185
11.0346
9.8979
2.8597
-1.7408
7.0302
6.7083
5.0732
9.0745
8.8538
3.1388
-4.8607
-8.0658
-9.8980
-1.4271
5.3477
5.0487
4.0037
2.1067
5.1435
-0.6109
-2.5054
-4.0622
-3.5266
-3.0262
0.8196
-0.7674
-4.0578
-1.6240
2.7349
-1.1651
-5.6149
-0.3975
7.7445
12.3147
8.7610
-0.2677
-3.1156
-1.2254
-3.6771
-3.6018
0.3107
-2.0216
-10.3086
-12.1122
-8.5063
-6.6112
-8.2717
-5.9263
1.5925
2.9071
2.2421
2.4762
3.5725
7.4854
7.0736
4.7723
2.1497
0.7373
0.2741
-0.6121
-4.0902
-5.1103
-3.3366
-8.6736
-8.2630
-8.8226
-10.7627
-8.9896
-6.7898
-7.2454
-5.8935
-4.4039
-3.1979
-6.4558
2.2660
10.6182
10.2894
7.6426
4.7695
-2.7483
-11.8907
-7.3244
-3.5399
-5.7246
-14.1697
-14.7966
-17.7692
-16.5936
-11.0290
-1.5059
0.6059
2.6512
2.8089
1.0331
-0.9162
-1.9900
-1.7960
-9.7984
-12.9636
-3.0910
-3.7376
-7.7073
-11.3848
-11.0019
-11.3087
-8.6944
-1.7640
2.6607
-1.4588
-8.5952
-9.9525
-7.3363
-6.9016
-3.9743
-0.1615
-2.8049
-7.8228
-13.9670
-16.2393
-18.3804
-18.5792
-20.3764
-19.5862
-11.2295
-4.4597
-5.7976
-0.7464
-3.6790
-8.5707
-14.9773
-6.3793
1.7393
2.8055
-1.2833
-2.2042
-6.3734
-12.5710
-10.0959
-9.4531
-5.2911
0.9300
-0.7024
-3.0887
-3.6116
0.0907
6.3886
10.5325
5.5454
-2.3344
-2.7814
-3.0595
-2.1492
-2.8996
-1.8668
3.6736
3.8173
5.2354
4.1218
5.1416
8.5219
8.2355
-2.4046
-1.7959
2.6228
4.8164
1.7468
-6.8773
-14.2712
-15.8805
-12.5447
-8.3424
-5.3896
-8.8402
-7.7583
-3.7924
3.7994
0.1872
-0.8170
0.8153
1.7733
2.8388
-2.0553
-6.9424
-10.0039
-6.0787
-7.3101
-15.6973
-0.1424
5.8196
3.5007
-0.1163
-1.3684
-6.8493
-2.6680
-1.9095
-6.0494
-9.0274
-7.9277
-5.1588
-5.5647
-6.8011
-10.6798
-13.8546
-19.2201
-20.1265
-8.7498
-6.7009
2.0847
-0.2555
-1.5820
-3.5010
-3.6609
-1.2555
5.3525
6.8688
4.7909
3.3870
2.1314
3.4161
-1.3645
-14.9419
-16.3798
-14.2274
-10.7634
-3.2520
-2.9820
-3.4066
-0.4444
2.2601
2.0318
3.6088
1.2080
0.2464
-0.2691
-0.4557
-3.2736
-3.3043
-3.0708
-2.3428
-1.8877
1.2055
3.7940
0.7741
0.4400
-1.1399
-3.7027
-3.0764
-1.9744
-1.5161
-1.1026
-0.2355
0.0027
-1.8942
-2.7273
-2.0136
-1.3875
-2.6528
-1.9711
-2.7924
-2.0888
-7.9605
-15.0121
-18.2602
-15.0697
-11.2083
-8.6390
-5.5817
-3.3074
-2.3144
0.2825
-3.0728
-5.6009
-4.2971
-2.2901
-0.3877
1.0692
-6.5175
-6.1491
-14.3066
-13.4674
-9.5825
-3.4567
-3.3005
-3.1686
-1.6283
-1.4618
-0.5563
2.6208
3.9466
5.9171
4.2395
-4.4895
2.3577
2.1716
-2.2914
-5.4927
-9.4122
-6.8433
-7.7527
-4.4132
-4.7258
-3.7050
-5.3402
-6.1225
-4.9790
-6.3669
-7.2681
-3.8135
-2.5230
-2.3393
-1.3420
-2.0923
-5.9294
-11.5136
-15.8300
-17.7894
-15.5722
-17.1672
-16.9501
-14.6238
-12.4447
-9.0659
-5.6774
-5.9442
-3.7568
-4.4120
-9.5868
0.4274
-4.3125
-11.4488
-13.1857
-16.6167
-20.9979
-17.5146
-11.6535
-7.1030
-4.3322
2.0043
6.9598
-0.8806
-5.4858
-13.2013
-13.9728
-6.1506
-2.7911
-4.8048
-15.5615
-16.9759
-16.4381
-15.1558
-13.7695
-8.4897
-8.3991
-4.8929
2.8948
5.0496
4.2219
2.2578
-1.6182
-6.2778
-10.3908
-3.0344
1.3056
1.7337
-0.2881
0.1447
-6.2713
-7.0447
-8.0471
-2.9765
1.8308
-0.6939
-6.3170
-0.3196
2.2157
0.9495
3.8355
7.1623
3.5406
-1.0910
-9.0180
-11.3450
-7.5075
-6.3465
-3.7790
-1.5326
-0.1785
-0.9226
-5.8556
-8.1404
-7.4543
-5.6895
-6.6592
-4.0806
-4.1656
-5.6872
-3.5289
-1.3529
-0.5533
-2.0354
-1.9396
-1.7627
0.7420
0.8646
3.0442
3.2940
1.1678
2.5451
-1.9252
0.3232
-3.5009
-7.0264
-2.8095
3.4019
4.1789
-4.3595
-9.7577
-6.0301
-1.2292
-5.3770
-10.8086
-6.6706
-2.8394
-1.1441
-5.5892
-8.7797
-5.0765
0.3330
-4.9110
-9.8320
-15.1073
-13.1762
-11.1483
-15.2157
-11.7401
-2.9838
-1.0922
-6.6024
-1.1277
-2.9027
-13.2691
-17.6485
-13.8283
-6.8146
-4.3354
3.8934
7.6764
8.7356
10.4004
3.1652
-1.6792
-5.1754
-10.4419
-8.9687
-8.2440
-5.6106
-5.8602
-6.9703
-3.6118
1.4799
-3.7349
-6.5034
-7.1361
-6.4360
-4.4687
-8.9610
-9.3277
-9.1145
1.3196
3.2650
5.3458
4.3952
-2.8206
-2.5550
-2.6229
-4.2908
-10.3172
-14.9273
-11.3101
-11.3198
-8.2094
-9.2311
-6.8354
-10.3197
-4.1520
-0.1618
-2.5882
-2.2594
1.1992
2.1263
0.2823
1.8630
7.1040
2.8050
-1.9221
-0.5716
-0.2747
-0.5568
1.8028
3.4644
-8.0485
-12.7440
-9.6548
-13.3216
-17.5645
-20.2904
-20.7284
-21.1198
-11.8258
0.6961
-1.2420
-7.8090
-8.6065
-8.2208
-8.0954
-7.0662
-4.5737
-6.0212
-1.0590
0.6259
-0.8234
-0.9277
-3.2810
-9.9485
-14.6873
-2.8772
2.8788
-2.4166
-8.2265
-2.9577
0.8276
-1.7954
-4.1103
-13.8334
-17.3365
-11.1607
-2.7625
2.2454
10.6634
12.0774
-4.4555
-10.8491
-13.8881
-9.7958
-7.7345
-15.5627
-18.4663
-12.6312
-9.4676
-12.5858
-15.3911
-18.5953
-22.1885
-19.6295
-17.5991
-14.9059
-13.2370
-9.6439
-7.9364
-6.3543
-7.6081
-13.6684
-18.1694
-21.6778
-31.4390
-37.0603
-34.4869
-29.2426
-25.0812
-15.7231
-9.3032
-6.3867
-4.7672
-1.1916
-3.7020
-2.0029
-5.6061
-9.5067
-11.9319
-8.7197
-9.5730
-6.1039
-4.1604
-2.9552
-3.3549
-4.3818
-11.1318
-8.2318
-3.4487
-1.7772
-1.3666
-4.7943
-4.6017
-5.8245
-2.6111
-2.2932
2.2537
4.6867
0.0803
-6.9597
-15.4022
-18.2582
-22.6345
-23.9437
-18.2948
-2.4500
2.4612
2.8160
-3.7292
-8.7412
-1.1003
1.3716
-0.7708
-2.0851
-1.3041
-1.1155
1.1511
-2.4677
-2.8808
-0.1411
-1.0520
-9.5384
0.0243
1.7893
-1.6709
-10.0150
-8.5310
-8.9891
-12.0148
-13.8030
-26.1060
-29.3635
-25.4884
-14.4756
-12.4687
-11.8682
-15.0626
-19.7073
-21.4448
-13.7510
-0.8048
7.0181
8.4054
7.5784
9.0784
12.1401
10.8127
6.7306
3.3576
-0.6046
-3.3189
-8.5174
-10.7291
-4.2584
0.7261
3.2132
2.5864
1.3820
-0.1314
-1.4138
0.8851
0.1508
-3.6445
-6.7065
-2.2956
-0.2333
1.1066
-0.9632
-2.3595
1.8385
0.8163
-4.5210
0.3084
4.6853
-0.3876
-2.7542
-2.5769
-2.1403
-2.8250
-2.3118
4.1071
10.3581
8.4575
10.1169
13.4468
12.0420
8.5690
7.8357
8.3232
4.9144
0.7959
-5.7422
-15.1137
-19.0662
-13.3819
-4.6811
-2.8995
-8.1171
-15.7724
-15.0045
-10.6212
-10.0965
-14.0461
-20.4401
-16.8634
-12.7245
-6.8225
-3.1371
-6.5357
-8.1435
-6.2590
-8.7353
-8.3336
-8.3795
-3.8780
-5.8840
-7.8768
-7.3993
-5.0724
-6.9431
-8.5941
-4.7581
2.2583
-1.2853
-2.9517
1.2190
-3.3611
-3.6728
-4.3418
-2.1058
-5.9314
-14.0650
-13.2875
-9.2451
-7.0237
-6.5390
-4.0136
-1.7720
1.0073
2.8434
3.9696
7.0070
5.5878
5.8550
3.8203
2.4529
-3.8622
4.7066
6.0803
3.1461
-3.7641
-5.2308
2.1041
3.1392
-1.2435
-1.1975
-20.3937
-16.9817
-6.1606
-1.9120
-2.7132
-4.1975
-3.6248
-0.9845
6.2493
1.1053
0.9274
-5.2278
-7.6259
-4.4239
-3.5593
-0.3150
-1.0514
0.0913
1.0114
1.4672
3.4216
-1.8593
-2.7250
3.8894
5.8447
3.3182
2.2546
-2.3318
-3.3998
-3.3517
-9.0908
-10.0074
-7.6846
-8.6831
-12.9107
-13.0792
-5.9416
0.7162
0.0464
-2.6923
-6.7204
-7.2911
-10.9607
-3.9772
5.7779
2.9026
-6.3500
-0.2333
1.2024
-2.3642
-4.0690
-10.9565
-11.6166
-8.9285
-9.7269
-5.3071
-0.5239
2.5848
3.6895
1.0455
-6.8473
-12.8990
-14.5713
-14.0631
-1.0399
4.1907
1.0621
-10.5584
-18.2843
-17.8183
-15.4761
-16.6304
-8.3797
-4.7353
-1.4306
-0.5183
-3.6620
-4.4192
-2.5798
-2.2314
4.2204
-0.1168
-1.9093
-5.6111
-11.3653
-10.2577
-10.1741
-9.9363
-5.1028
-4.6688
3.1597
13.2997
7.4431
3.6465
6.7683
6.6170
3.4826
-4.6922
-8.7420
-4.8399
-4.8737
-7.2178
-5.6646
-8.3435
-4.3531
1.7641
3.4557
5.2678
-2.7868
-3.9384
5.5860
9.3418
8.4656
8.0876
2.6962
2.6048
8.8346
6.2607
6.2268
3.1134
3.7422
-0.8709
-3.4868
-0.9010
1.3346
-2.5340
-8.5901
-9.6663
-5.6977
-3.6245
-4.4301
-12.7260
-15.3047
-14.7488
-8.7155
-5.0450
-6.5262
-6.0790
-4.4425
-2.3075
-4.7350
-7.4718
-6.6451
0.6364
4.3750
0.5097
0.2804
1.6507
0.8612
0.8454
-0.1363
-3.5108
-4.8479
-6.4768
-3.3036
-0.4360
-1.4365
-5.0498
-8.0920
-9.5489
-5.4627
-2.4370
-0.3084
1.2042
-4.1836
-8.3719
-6.7414
-7.2616
-7.0339
-6.2849
1.3491
4.1242
1.3929
0.9420
6.4278
8.0408
8.3462
4.7613
-1.7855
-5.4430
-4.1233
-8.3342
-7.5703
-3.9704
-2.0215
-1.3619
-2.1146
-4.4089
-5.4668
-3.6270
-7.9495
-22.3982
-20.1011
-13.1246
-8.9251
-12.0667
-13.2450
-6.0412
0.3729
-0.5243
-1.1278
0.6916
-0.6554
-0.1922
-1.6962
-1.9388
-2.6520
-1.5497
-2.9066
-2.8980
-0.5719
-0.7055
-2.1506
-2.9615
-2.1164
-5.0273
-7.5167
-7.3223
-5.4943
-1.9531
-2.2465
-5.3869
-4.9418
-8.2227
-11.2470
-14.3252
-15.5188
-10.1471
-2.1667
-6.0692
-12.3649
-12.4231
-5.8530
-4.3996
-4.7994
-3.8350
-2.9496
-3.2806
-3.6907
-8.1081
-5.1452
0.4266
3.9755
0.9702
-3.6521
-1.1274
-3.2029
-0.9675
0.7903
-0.7647
-2.4709
-2.9573
-2.3331
-1.9607
-2.2091
-3.2108
-1.0290
-7.8368
-6.3297
-2.7274
-0.3942
3.1255
5.6372
6.1635
-0.9577
-5.2168
-7.2903
-6.4802
-2.6066
-8.9708
-9.6628
-9.8421
-4.8667
1.4417
-0.1422
2.6866
0.9431
-0.9551
-0.8196
-2.2954
-1.1203

Coefficient 25:
0.0000
-4.1555
-0.5341
1.2516
2.2052
0.6594
-1.4451
-5.5182
-6.1795
-5.8517
2.3065
10.9697
12.7757
8.1414
-1.4057
-3.5714
-2.2915
-2.0434
-3.7634
-2.3787
0.1124
0.6426
-1.0721
-2.7007
-1.1534
-1.6445
-0.5466
-0.4900
-3.1680
-5.2205
-0.4087
0.0589
-1.9035
-1.0439
-2.5917
-4.6772
-2.5722
-3.5384
-6.8027
-5.9244
-2.3821
0.5444
2.7760
5.2806
2.7081
1.2201
2.5902
0.4187
-1.7891
1.4203
1.9815
0.2933
3.6572
1.9699
-2.3922
-0.8456
2.7217
-3.7942
-4.6629
-3.0632
-9.0375
-14.5936
-12.7401
-4.2535
0.0875
1.2577
4.4924
4.4186
2.3173
4.0102
0.2635
-1.3160
-2.2188
-2.0338
7.2159
14.8473
11.7812
9.7556
6.1415
5.3493
0.0721
-6.2342
-11.9616
-8.1462
-3.8472
-8.3488
-6.8274
-6.9739
-2.7426
-3.6019
-9.0762
-8.1708
-2.8133
-1.4559
-5.9986
-3.1791
2.5265
7.6663
14.6479
5.7030
0.7789
2.9169
-0.3430
-5.6919
-2.0595
-1.2773
-8.0728
-9.6964
-5.6990
0.4391
0.3901
3.9330
4.8877
1.0740
-3.2265
-3.1376
-4.9858
1.3212
1.0490
3.0670
2.2694
0.9493
-9.1179
-10.9584
-5.2728
-9.0620
-8.9703
-3.2596
-2.6821
-5.2307
-4.6897
-4.2057
-5.5647
-2.9429
-2.1651
-2.3983
-4.4189
-6.9921
-2.2698
-2.4748
-5.2953
-1.1450
-2.3186
-0.3772
4.3325
-1.4804
-3.2634
-2.5806
-9.4741
-11.4548
-5.7938
-7.7550
-6.7242
-3.7111
-5.3867
-6.6971
-7.0135
-6.7214
-9.4464
-8.8843
-0.9473
-2.7062
0.2230
-0.6389
-3.0099
-4.5170
-4.8808
-4.8915
-7.4983
-5.5199
-4.6894
-6.6898
-5.7981
-2.5391
-3.8982
-3.4308
-1.5083
-1.8556
-8.2631
-14.2752
-17.2503
-19.9613
-16.9180
-16.5580
-12.9040
-13.7631
-12.4152
-12.1809
-12.1534
-13.9754
-11.0541
-10.5056
-14.0316
-13.7615
-8.5447
-7.1478
-7.3052
-5.8626
-15.6444
-18.0243
-16.9121
-13.2304
-7.7327
-13.7282
-15.2400
-12.1219
-8.2001
-6.1629
-15.4490
-19.8236
-16.2159
-9.1486
-5.5143
-4.3417
-2.9989
-2.5667
-7.7158
-14.4684
-13.2235
-15.6059
-12.3684
-4.7412
-1.6374
-9.7610
-22.0374
-21.5060
-17.0903
-18.3878
-13.3379
-11.2300
-14.0683
-15.2490
-12.2540
-9.3156
-12.0587
-8.4065
-5.7243
-18.2902
-23.5562
-22.1166
-20.6422
-13.0172
-3.8122
-0.6028
-6.7711
-14.4314
-14.4253
-12.1196
-14.1357
-16.1583
-16.4225
-12.3810
-16.1243
-18.6115
-17.1119
-15.1796
-13.3060
-6.6392
-4.0134
-2.0183
-5.9871
-16.4289
-15.8660
-15.1886
-13.2999
-10.9892
-6.2936
-12.6190
-15.2251
-8.1232
-4.3036
-2.3229
-5.6380
-7.8061
-7.7154
-8.1311
-5.3656
-4.9839
-3.8912
-3.6684
-4.7093
-6.6517
-8.7235
-8.1490
3.3602
6.6376
7.1653
3.8437
-0.3315
1.1850
6.2569
0.8916
-7.1536
-8.4572
-5.2870
-2.4735
-0.6014
-1.5146
9.2244
4.9567
-1.5163
-6.0409
-2.8792
2.5287
-4.5130
-4.9508
-5.1498
-4.4918
-4.1705
-5.1449
-3.0638
-3.8746
-2.0553
-6.6184
-10.4612
-9.4937
-6.4238
-2.1461
2.8561
6.1747
8.3778
6.8773
1.7477
-7.1051
-9.6092
-7.1121
-4.5918
-4.0698
-0.5969
2.0244
-0.2433
-0.2252
-5.2092
-16.0204
-12.6156
-8.6785
-3.1305
-1.8922
-7.7648
-2.8918
-3.9103
-7.3684
-10.3162
-12.6859
-17.7936
-14.6059
-13.4852
-13.7831
-11.4413
-13.4993
-15.2082
-12.4358
-11.1797
-11.0394
-8.7285
-6.7232
-4.5954
-8.7519
-7.5220
-5.6273
-6.6979
-4.2282
-4.6797
1.3657
-1.0984
2.8406
0.3800
2.2584
-0.9256
-5.3252
-6.2110
-1.4638
0.8064
0.7799
2.2309
4.2877
6.3515
7.0043
-0.0055
-7.2151
-8.0479
-9.2196
-14.4683
-10.0811
-1.7041
2.0555
-3.9691
-8.2908
-9.7017
-6.6388
-10.9750
-13.3524
-14.3145
-9.8680
-10.8174
-8.1080
-6.0075
-5.9814
3.5767
10.1895
11.7315
-6.6377
-4.9406
-0.9607
-2.1609
-3.4278
0.0329
-1.4353
-4.2655
-5.5136
-5.5308
0.3590
5.3078
3.0530
-0.5528
-1.4335
-2.0747
-0.5834
-0.4149
4.2535
2.5513
-1.8299
-1.0579
-1.9256
-3.9161
-5.4496
-8.2088
-6.7045
-6.6973
-5.4122
-5.1405
-3.2499
-5.5806
-5.4443
-11.8687
-7.9900
2.9285
3.5946
-0.3572
-1.4292
-8.0036
-14.3348
-16.4084
-23.0043
-21.7115
-13.1503
-8.9722
-7.5941
-0.2099
-0.9158
-3.7878
-5.4079
-6.7781
-8.2132
-9.5911
-12.4107
-13.7648
-8.1533
-10.0032
-9.2850
-5.5140
-7.5910
-5.7924
-2.2026
-5.1593
-7.4017
-0.9604
0.7692
-1.0447
-9.5379
-4.4189
-2.4742
5.8195
6.6422
6.4259
5.2768
-0.2040
-4.1011
-3.0417
-0.4479
-7.6950
-8.9509
-6.7147
-8.8813
-8.8467
-11.6250
-14.7945
-17.7574
-14.1106
-14.0689
-13.1683
-10.5804
-6.4921
-8.7174
-14.1540
-12.1873
-6.0110
-4.8760
-9.0377
-9.2774
-6.1593
-12.5714
-22.9982
-18.2378
-17.6585
-18.9745
-21.8799
-16.9256
-14.8284
-12.6581
-11.5244
-13.8129
-19.9808
-23.2643
-18.4768
-16.4236
-12.6194
-1.7199
-2.1996
-7.2983
-6.5264
-3.8755
-4.9809
-4.3432
-4.8994
-12.8804
-11.9933
-6.2552
-5.1122
-7.0759
-10.4070
-12.5093
-12.8831
-14.0033
-19.9922
-19.6584
-14.5082
-10.8789
-11.0568
-3.2321
1.6730
-4.5221
-9.6765
-9.6624
-8.8034
-0.6731
-1.9770
-3.8223
-8.5801
-11.5121
-7.6568
-7.5129
-9.5271
-8.4333
-7.5616
-3.8653
-0.0848
1.1212
0.6001
-1.6432
-3.3535
-3.6556
-0.0192
-0.2392
-3.6577
-3.5995
-3.1823
-6.1717
-16.1048
-17.5372
-20.5428
-36.0237
-36.7979
-32.2814
-31.8651
-25.7619
-19.2535
-15.6973
-11.0735
-8.7758
-12.2484
-13.2728
-20.0477
-21.2631
-16.6073
-12.4671
-9.3889
-6.0037
-3.9132
-1.6202
2.2311
-3.9928
-8.2723
-8.3080
-4.1152
0.6131
-4.2019
-6.6487
-13.8918
-11.4238
-6.5072
-6.0383
-9.1823
-13.3815
-25.9093
-24.5852
-18.5945
-9.6286
-0.8676
0.8553
0.4336
-2.4254
2.8555
3.3210
-1.4753
2.1881
10.2114
6.5933
1.5183
0.6939
2.1661
-11.3128
-13.7270
-14.9730
-9.6333
-2.5660
1.9427
1.6534
5.5786
8.1786
5.2073
-0.7999
-2.5384
-3.8390
-6.1219
-10.3147
-5.2726
1.5860
2.5263
2.5198
1.9972
4.4456
-1.9042
-8.5884
-8.6446
-3.8515
0.9571
-1.4199
6.3847
9.1060
3.8579
-6.6390
-8.2374
-8.7049
-4.4458
1.0094
-0.8893
-2.8551
-8.4717
-5.9934
-2.2348
-2.5454
-4.5761
-8.5055
-9.2565
-7.7251
-8.2169
-4.2008
-1.1436
0.0523
3.1493
-8.3145
-10.2611
-10.6930
-10.0840
-8.8811
-8.1463
-10.4789
-7.8984
-4.0894
-5.7765
-2.3729
-6.4672
-13.2307
-11.3793
-10.7252
-9.6112
-12.7844
-5.3310
-1.1472
-9.0812
-9.8233
-10.0634
-3.8769
-1.3075
-5.1485
-10.8542
-7.0646
-3.4495
-3.5207
-4.1222
-2.0923
4.0006
21.6268
16.7247
6.6078
-0.0201
-3.7973
-3.1443
-5.4910
-8.6496
-5.8244
0.5652
-3.3143
-1.9272
-1.4447
2.3927
-1.9797
-10.6416
-13.3720
-6.4807
-1.5910
2.2854
4.1266
-10.0544
-17.8673
-13.8708
-20.7181
-20.9307
-11.3633
-5.5822
-1.7513
-9.4380
-13.4296
-14.4266
-14.2259
-13.0059
-4.7995
-3.4876
-7.8115
-11.0799
-10.2073
-9.2360
-9.7624
-7.0210
-8.6467
-6.5070
-5.1068
-10.9129
-15.2647
-19.5213
-20.6155
-16.1677
-12.5943
-10.2918
-7.2843
-7.7002
-6.9577
-3.6451
-3.9065
-2.1793
-4.3584
-6.3966
-8.2814
-14.2060
-13.6312
-9.1009
-7.8532
-5.2630
-3.3225
0.9203
-7.9359
-15.8885
-5.8502
-2.1899
-3.2562
-0.9682
-0.6345
-7.4449
-10.6435
-8.0846
-3.7957
-0.6488
-0.8147
-8.5740
-16.6351
-11.3760
-5.8797
-7.7461
-7.3229
-4.5112
-5.8443
-8.4611
-10.0933
-12.2007
-13.3913
-9.9741
-5.4148
-4.5690
-2.4885
-4.6814
-5.2403
-8.3422
-8.7077
-7.6199
-2.0627
-1.4525
1.2201
4.9654
8.6985
5.1916
3.2827
-0.4264
-2.4826
-10.9230
-5.1073
-2.5338
0.3383
-2.9703
-12.7513
-15.8346
-13.2785
-8.2855
-3.7793
-4.8801
-7.4890
-15.3136
-7.3394
0.2054
-0.5224
-3.8115
-3.8406
-4.7844
-7.7624
-9.8143
-11.6001
-13.1082
-9.1482
-7.7860
-9.6771
-4.5422
-1.7543
-0.6509
-3.8914
-0.2740
-1.4875
-5.3227
1.6212
4.1025
-4.6464
-7.3109
-5.6840
-4.2498
1.5823
5.4134
1.8833
2.1084
0.2110
1.5990
4.4793
10.0621
8.2935
6.1254
-2.7856
-9.1379
-6.7139
-5.0570
-3.1067
-2.1869
-4.1740
-10.2356
-12.1440
-5.7535
-4.0174
-10.5538
-10.1619
-10.8199
-12.1971
-8.9580
-12.1060
-18.2527
-23.8762
-15.6492
-6.8113
-14.1084
-18.8223
-13.8025
-8.0837
-5.2029
-7.7442
-2.5773
-5.7146
-8.0667
-6.6884
-3.8466
-5.2256
-4.5124
1.8212
1.9871
4.2385
12.9169
11.8489
6.2216
2.8151
-3.6787
-8.5201
-13.2320
-12.2955
-0.6642
11.7553
13.4991
8.4879
1.2218
-2.6976
-8.0950
-6.9787
-4.1987
-10.5820
-9.5568
-5.3616
-1.2202
0.5211
1.9064
1.6017
3.5279
6.1529
7.9593
7.2285
5.9220
0.8772
0.0118
-0.1429
-0.3472
-2.0440
-2.1426
-3.7075
-2.6849
-1.9462
1.0571
2.4088
0.0549
0.7150
-0.8098
-3.6730
-3.0993
-1.5562
-0.9501
-0.6616
0.1243
0.0878
-1.9241
-2.6146
-2.1028
-1.3203
-2.3030
-1.8911
-2.7906
-2.2287
-6.2493
-15.5741
-17.1721
-9.1802
2.7804
0.6122
-2.2840
-4.0895
-4.5243
-8.9392
-13.6859
-10.3421
-6.5650
-10.3319
-11.8928
-10.1647
-8.6683
-9.4788
-12.7294
-12.7440
-15.3867
-14.7484
-12.4748
-13.4917
-15.0386
-20.3226
-20.7507
-20.4845
-13.5032
-9.2950
-8.0085
-14.4486
-20.2744
-14.4608
-10.4170
-8.8517
-9.7292
-11.8504
-11.8538
-15.2450
-12.3655
-9.5079
-7.8854
-9.2540
-10.1073
-12.4182
-9.3991
-4.3972
-6.8165
-6.3661
-5.6783
-3.6213
2.6227
0.0515
-0.9880
-0.7207
-3.5096
-8.2607
-7.9673
-8.9562
-12.9660
-14.8663
-13.2864
-12.0505
-11.6848
-11.0385
-15.7903
-11.2970
-13.1813
-16.7498
-21.7808
-27.9814
-28.1356
-23.4147
-15.9767
-10.1984
-4.8420
1.5368
2.8252
5.7718
5.2198
-0.4651
-1.3517
2.9317
2.4507
-4.1474
-1.0121
-1.5385
-0.0888
1.5780
-1.8287
-2.3987
-1.7263
-1.7852
0.6839
-2.1844
-6.6944
-3.2280
-5.3903
-4.4070
-2.9576
-8.5836
-7.2866
-2.9757
-3.7267
-6.6192
-9.9778
-8.9121
-8.7824
-0.2337
3.7486
3.9666
-0.0036
-0.4957
-5.4746
-5.8001
-7.2838
-12.1924
-18.4308
-23.2363
-23.9551
-20.2639
-12.3465
-7.5274
-9.9003
-9.4676
-10.0777
-8.5541
-8.5103
-5.7637
-3.8815
-5.0837
-13.0923
-12.6485
-5.9262
-4.5507
-3.0505
-1.5927
-0.6522
-4.4556
-4.3281
-3.8421
-6.9789
-8.2290
-12.8231
-16.0690
-18.0275
-17.1943
-13.4355
-9.9689
-7.5606
-0.3535
2.7256
4.8982
5.9176
-4.6074
-11.3348
-10.8899
-9.5280
-11.3376
-12.2689
-7.0484
-7.6791
-4.5482
-3.5772
-5.8142
-7.0835
-8.1875
-8.3476
-8.9783
-9.5388
-10.5327
-12.0392
-4.6405
-1.1310
-1.1037
-1.3307
-5.1984
-8.1178
-6.0324
-6.4422
-3.6309
0.0616
-5.6614
-11.3182
-13.9587
-11.1681
-5.6709
-3.9782
-6.0483
-6.7427
-7.4097
-10.2947
-5.0592
-1.7865
-4.0002
-4.9805
-10.2444
-9.4916
-4.8262
-6.5891
0.0954
1.7903
-2.6459
-7.6424
-10.0662
-7.8597
-1.6254
-8.5829
-10.9770
-11.2384
-1.8691
-11.3465
-14.9795
-11.3627
-6.9257
-5.5061
-8.9615
-13.9828
-9.2745
-9.1669
-11.2111
-9.7071
-13.3734
-7.9427
-2.0075
-3.8088
-3.1211
-7.9358
-6.1199
-3.6752
-4.3378
1.0852
-2.3595
-3.9104
-0.8407
-0.5097
-0.7470
-0.7078
-1.3502
-12.3240
-17.5062
-22.1792
-13.9573
-5.2340
-3.9918
-0.3527
-0.9527
3.9265
10.2911
7.8671
4.1600
5.1325
2.6149
4.3375
7.4431
5.2121
-3.0757
-11.3716
-12.2369
-6.5803
-7.0783
-13.2835
-21.0987
-20.4702
-9.6320
-7.1262
-6.3635
-9.7907
-15.3449
-12.0704
-7.0355
-7.2884
-5.0487
-9.0519
-11.5854
-9.2306
-2.6370
-0.4206
-2.2479
-2.0137
-16.9082
-16.6214
-9.5094
-6.6221
-13.9548
-16.0897
-15.2522
-16.4879
-14.5698
-11.2904
-3.9007
-5.1584
-10.8040
-8.4041
-0.7468
5.2014
7.0729
5.4030
4.1584
-4.4369
-15.3732
-21.9086
-18.8819
-15.1164
-17.2070
-17.7337
-15.7651
-11.8789
-10.7189
-12.6240
-10.2645
-8.9800
-13.1136
-12.9069
-6.5688
-3.1898
2.4689
5.7589
4.7079
5.7778
8.6514
8.7378
0.9282
-4.2446
-11.2782
-15.2089
-13.8604
-12.0738
-7.4223
-5.8476
-1.1973
-1.7068
-2.4995
1.6846
3.5836
5.7815
6.2423
3.9642
4.3831
4.0396
6.4582
9.5203
12.3311
2.7079
-4.1375
-9.4768
-13.7668
-9.5575
-3.8086
-1.4273
-4.5847
-8.9178
-7.6468
-2.6233
-2.9955
-3.4137
-6.1057
-7.6994
-4.7732
-4.3485
-3.4440
-9.5468
-16.1267
-13.0961
-9.8633
-7.7193
0.1855
5.3588
4.1407
-2.6900
-0.4836
3.7436
0.6432
-6.0697
-15.8411
-13.3264
-9.5441
-4.4559
-4.7981
-7.2843
-9.2163
-8.9722
-6.4421
-1.2518
5.6702
8.6876
5.0548
1.6084
-0.2403
-6.3093
-10.4554
-10.9964
-8.9675
-8.9915
-6.6727
1.0113
-1.0784
-8.1440
-13.8750
-11.4915
-13.6015
-14.1372
-10.5012
-5.0744
0.7465
0.5692
-2.8799
-6.5967
-1.7778
1.4875
-2.2356
-1.0293
-3.3050
-0.9946
0.7896
-1.7846
-6.0114
-4.9872
-3.6454
-3.7727
-4.5779
-3.8234
-2.2180
4.6050
-1.4816
-3.3393
-1.6600
-3.6590
-4.6916
-7.3832
-10.8823
-9.4067
-11.1132
-6.9708
-1.3253
4.8702
-0.7306
-3.1029
-4.6249
-6.6540
-9.1000
-12.2921
-11.7689
-4.5589
-1.8961
-2.0992
-5.3855
-9.1096
-7.7113
-4.2761
-2.1541
-1.2995
-3.1469
-13.4424
-10.8897
-9.7157
-9.4902
-3.8593
-7.5367
-12.5772
-16.9787
-10.1988
-13.6026
-13.3531
-12.2003
-10.0530
-8.0813
-3.2161
-1.1576
-9.9962
-15.1531
-13.2350
-7.6561
-4.6357
-3.8037
-2.1548
-1.5764
0.8302
0.1885
-1.7128
1.9232
3.4742
4.1763
1.8732
1.4508
-1.4696
5.3634
9.8713
6.8439
3.8048
3.7538
6.9213
9.7036
1.3832
2.8537
-11.7097
-12.1338
-10.4119
-7.2243
-14.4038
-22.8314
-17.5203
-3.2466
1.5670
-3.1417
-4.3066
-12.7357
-9.8478
0.1565
6.6318
3.0003
4.9647
6.0347
5.7991
4.4133
2.7433
-0.6927
-1.5552
3.5676
11.4575
11.1589
7.0095
1.9451
0.4135
-11.1998
-19.5427
-16.5158
-12.8975
-13.0842
-16.1099
-11.6376
-4.9062
-7.1506
-11.1672
-11.3552
-10.9199
-10.9181
-9.1232
-7.5884
-5.6801
-4.1648
-3.9620
0.6349
9.2811
11.4924
7.0306
-4.6776
-11.7056
-11.6943
-14.3785
-13.4117
-4.7434
-0.2333
2.5699
0.2756
-5.6696
-7.6161
-7.4685
-7.7485
-7.7002
-8.6147
-4.4006
-2.4836
-1.9718
3.1660
1.0263
-7.7408
-13.3909
-18.6907
-16.6761
-6.9426
-3.7085
-10.5100
-7.2647
-3.8028
-1.7351
-8.5408
-14.5219
-12.4424
-9.6731
-13.0870
-18.7380
-22.9176
-21.8313
-17.3405
-3.5429
6.9071
-3.5426
-9.9911
-11.3476
-15.8866
-15.6181
-12.3479
-12.5382
-9.4247
-5.1412
-3.8398
0.7386
-9.4228
-2.5776
-2.4559
-2.8477
-10.2854
-8.8889
-9.5932
-14.4579
-18.7802
-10.6076
-5.4497
-4.9808
-6.8383
-10.9002
-8.2423
-1.6666
-0.0301
-4.6296
-5.5612
-13.0687
-13.9448
-10.7706
-12.5341
-13.8238
-9.5017
-5.4952
-3.7091
-4.5659
-6.4538
-5.2904
-2.8879
-0.3522
-3.9860
-18.1091
-23.8047
-18.1541
-6.4163
-5.1618
-6.0715
-6.2020
-8.4727
-4.7859
2.1638
-0.4646
-3.7158
-7.2646
-8.1109
-11.6087
-14.5031
-13.4436
-14.1705
-12.2907
-6.8005
-4.1965
-5.6448
-8.4383
-5.6887
-3.0684
-1.1319
1.0735
-1.2771
-5.8421
-7.9468
-3.5563
-1.0460
-9.8332
-17.9121
-18.5950
-17.3018
-14.9406
-15.9120
-13.0390
-14.3835
-15.3881
-12.0802
-12.7721
-9.5242
-4.0142
-6.3253
-6.7697
-4.3985
-1.1900
-1.2678
-4.4095
-8.4970
-10.5020
-9.3998
-6.5920
-13.9022
-16.8348
-16.8922
-9.0744
-4.9695
-6.4251
-5.3448
-4.8732
-7.1800
-0.5656
1.4667
1.2886
-0.2632
-1.5463
-2.0605
-2.5847
-1.3955
-2.9877
-2.8326
-0.4781
-0.6389
-1.9970
-2.9857
-1.7646
-3.5816
-5.9267
-5.8577
-4.5717
-2.1265
-2.3542
-5.0547
-4.8700
-5.8134
-7.2323
-9.3628
-11.1601
-10.5629
-3.7739
-4.7057
-8.9290
-13.9528
-9.2677
-5.0529
-4.4392
-3.7760
-2.5629
-2.6879
-3.1198
-8.4638
-11.4401
-7.9960
-5.1894
-3.8281
-4.5236
-2.4603
-2.9791
-1.3056
0.5371
-0.7354
-2.3547
-2.9786
-2.4917
-1.7890
-1.9121
-2.6734
-9.0843
-12.8492
-11.1202
-7.7652
-2.0961
-8.6397
-7.5049
-5.9875
-7.9341
-9.8431
-7.4962
-7.0026
-1.8170
-11.4860
-12.7505
-14.1142
-9.6012
-0.1598
-5.5219
-3.5703
-4.2040
-4.6096
1.6741
-2.2750
-7.4354

Coefficient 26:
0.0000
-2.9771
1.6752
5.4804
5.1965
1.8825
-2.3869
-7.4374
-6.7126
-4.4860
0.3716
5.0541
5.7207
0.7088
-4.4309
-5.1305
-2.9157
-1.1767
-2.6449
-1.4749
0.4635
3.5646
0.5231
-1.9108
-0.1401
3.5691
0.6541
-0.5896
-0.9748
-4.5790
-0.9365
0.2919
-1.9723
-2.2709
-3.9731
-6.2391
-4.2617
-6.2762
-7.3325
-5.0495
-0.6749
1.2173
2.3017
7.1363
6.6659
3.3622
0.1884
-3.3777
-5.0702
-1.2108
6.0287
9.2312
4.3098
-6.1774
-5.8573
-5.5649
-3.4114
-2.5715
-4.0590
-8.7375
-8.5576
-10.6817
-10.0246
-2.2957
3.0867
1.3684
-2.7003
2.1653
1.9544
-2.5475
-5.0069
-4.7655
-4.5210
-4.5075
-2.6582
0.7469
-1.0702
-0.0800
-4.3264
-2.0074
-2.8906
-5.1138
-4.4703
-2.3237
-3.9740
-10.6632
-8.4940
-1.5820
0.2554
-3.5597
-5.6050
-4.6037
-0.1557
-3.1470
-10.6897
-17.6954
-18.7928
-10.9590
-0.7755
3.2691
3.8174
3.7318
2.9094
-0.2333
-2.7289
-0.8394
-4.6101
-3.1750
0.2272
-0.6051
-3.1911
-3.8266
-5.8855
-9.2615
-11.4802
-9.8243
-8.6059
-7.3154
-4.2169
-4.3638
0.6308
1.4428
-4.7322
-4.1750
-0.9907
-3.1178
-0.9575
0.9009
1.5292
-0.6591
-0.7032
-0.9507
-5.4341
-6.3434
-5.9421
-4.8663
-7.8976
-11.5874
-3.3506
-1.7840
-3.8792
-4.3649
-4.4629
-0.6191
6.0346
2.0985
0.0025
-4.4576
-9.0484
-4.6394
-0.0949
0.3431
3.5303
5.3016
3.7296
5.5548
-1.4758
-3.1795
-10.3198
-9.0068
-10.5966
-12.7271
-17.2304
-18.1809
-15.7396
-15.6962
-12.8862
-9.0811
-6.4304
1.0593
-6.0512
-5.0450
-3.1979
-4.8682
-4.3539
-4.6559
-7.4424
-5.2916
-6.9339
-14.0896
-19.1538
-16.6960
-9.0557
-5.8647
-5.2576
-4.6696
-5.4218
-5.9704
-6.9879
-9.2160
-3.5447
-7.3474
-6.0096
-7.0604
-1.0995
6.0766
5.4358
2.3183
-7.7325
-5.1684
-2.6714
-1.3517
-1.2759
1.2328
-3.2142
-6.8662
-7.3451
-9.3527
-16.4580
-16.9328
-16.2732
-11.3447
-3.2789
0.9770
0.6068
-7.2305
-15.0640
-23.1147
-21.9320
-19.2714
-14.1938
-7.6613
-1.2805
-6.4850
-12.9302
-16.1640
-9.3069
-2.4176
-7.1703
-6.1360
-6.8635
-3.8624
-5.7924
-3.1656
-1.0699
-2.4070
-1.1443
-11.3449
-9.4447
-8.8935
-11.9624
-13.6064
-7.1293
-2.5242
-4.8724
-15.0201
-20.3071
-16.1333
-12.8178
-9.8096
-10.7323
-9.4682
-7.9862
-4.8906
-6.4796
-8.2840
-8.8840
-3.9544
-3.2441
-1.9680
-3.7148
-15.3544
-13.0929
-7.2929
-4.1865
-2.9489
1.9168
-2.9454
-16.7877
-17.3572
-13.5830
-9.6307
-6.3414
-2.3666
-4.9468
-4.7538
-1.3905
-2.7115
0.5534
-0.4834
2.1919
3.7103
3.2894
-0.4504
-1.4288
-0.7177
1.7473
3.6981
1.8252
-2.4178
-6.0970
-7.1945
-8.8635
-8.2283
-7.7808
-3.8419
-0.7755
-1.4229
11.7291
1.3854
-7.7202
-3.9988
-3.4700
-7.6017
-13.4598
-8.0851
-0.3386
2.8051
2.2667
-1.1202
-3.7618
-0.6198
1.6139
-2.8083
-4.5529
-5.0186
-6.9972
-7.9724
-5.8516
-0.7011
1.0554
5.9765
5.7160
-3.4520
-6.1695
-5.0785
-3.6303
-4.0529
-1.3546
-0.3853
-0.4419
-0.0700
-4.8221
-10.0087
-7.1940
-6.2967
-1.5708
-1.6275
-0.8130
3.5461
3.1471
1.5647
-1.2688
0.3830
-1.6121
-2.0100
-3.9576
-2.6898
2.2082
-5.1055
-14.5431
-11.8853
-8.3960
-9.0548
-12.2957
-5.8875
-0.5656
-4.3419
-10.2565
-3.3864
-4.0420
-3.3820
-1.5331
1.8663
-0.7459
-3.2936
-6.0157
-7.3002
-10.1150
-14.1049
0.0086
10.4495
12.8294
9.9651
6.7274
2.1133
5.8159
4.9114
-5.0233
-3.3003
0.8047
-2.6642
-0.2461
5.5947
3.5910
-0.2975
-1.8812
-2.3806
-3.8725
-4.7425
-3.1241
2.8191
0.5207
1.7776
-1.3297
-0.7220
-1.7534
2.0341
0.0112
4.8469
10.3497
13.2890
19.0968
13.7992
10.0042
6.1843
5.9447
10.6805
8.5475
5.7890
6.2452
6.7399
4.5679
-4.1081
-13.3187
-6.4896
5.8911
6.9190
0.1755
-5.0531
-3.0907
2.1126
7.4533
5.2351
0.0391
-0.1007
-0.2612
1.7756
1.4768
-2.1690
0.3895
0.5924
-1.6449
-1.8236
-3.9032
-2.4693
3.1017
8.0047
11.4275
2.9190
-2.6324
1.2688
-2.1316
-4.8621
0.5935
1.0572
1.2113
1.9698
4.1097
3.2449
0.9032
-2.2210
-1.3521
1.6388
0.3192
-1.1283
0.9784
3.4404
0.1762
-1.9191
-0.6139
-6.0612
-8.1206
-2.8667
-3.0846
-4.2573
1.5320
0.5768
3.1672
7.1332
8.4752
8.9288
6.5411
9.6696
9.9046
6.1001
5.1427
1.5748
1.3831
1.4635
-3.6014
-6.3641
-7.4911
-4.4844
-2.7050
-0.8528
1.5982
0.8772
-1.2545
-5.6510
-7.3406
-6.1961
-0.3446
0.7950
0.4792
0.4415
0.6434
1.3961
-4.1796
-8.2794
-9.7784
-11.6249
-15.4230
-17.3725
-14.5728
-13.2497
-10.3216
-0.4368
1.0512
-7.0427
-11.3629
-10.5439
-7.8239
-9.7662
-5.7478
-0.2597
0.9162
-6.3031
-8.8959
-5.0152
0.8268
6.5191
8.2222
6.6186
0.4769
-6.1250
-3.1116
4.2116
4.6272
0.7609
-2.5945
-5.9425
-2.9444
-3.2120
-1.3658
2.5917
4.0991
-0.0090
-2.8729
-0.5201
2.8034
0.2199
2.7196
3.4629
3.0888
3.8637
8.0436
13.6428
11.8466
8.5727
3.1775
1.0671
4.1887
5.1899
6.3278
6.1619
3.9310
3.7377
0.4861
-4.2228
-9.5264
-7.7181
-2.5547
-2.8288
-2.9346
0.4540
-3.0884
-4.1803
-7.4635
-8.2351
-2.6213
-11.8440
-17.4950
-24.8777
-28.9636
-18.0335
-9.9418
-14.0051
-11.6449
-5.7503
1.4310
-8.1162
-11.1116
-9.8845
-7.8860
-2.3547
6.0821
5.1713
7.1917
4.3082
6.1888
2.7367
-2.2092
-6.6425
1.0862
0.6944
-2.4765
-1.8115
-3.9815
-8.2379
-6.3166
-6.7175
-15.8024
-23.3581
-14.1750
2.4889
9.5221
8.2699
4.0610
3.1690
-0.0358
-2.6107
-0.2606
2.2161
0.1597
3.4937
3.2546
1.1148
-0.7724
0.2203
0.9167
-1.0319
-0.7266
-3.4962
-6.0322
-3.5077
-3.1006
-5.8760
-8.5831
-9.0954
-9.6081
-10.1431
-10.0801
-10.8164
-9.6326
-7.7393
-0.5799
3.7327
1.5543
0.1577
3.2243
9.0897
8.4942
1.2182
-4.2505
-7.5347
-3.8642
-5.4313
-2.4077
-2.1175
-5.7046
-12.7358
-16.9227
-16.6540
-10.5206
-9.2165
-6.6555
-7.2026
-6.4822
-5.3704
-8.3096
-9.0729
-8.8790
-14.7554
-10.3176
1.4499
6.7132
8.4286
10.5898
10.7391
6.9698
-5.6045
-6.1352
-5.5921
-7.1977
-5.5565
-4.2998
-6.6386
-14.3607
-12.1163
-1.4961
-7.3882
-12.3086
-15.1547
-10.4839
-7.5798
-4.1841
-1.0262
1.4140
5.0702
-6.0215
-10.6503
-13.5862
-12.6411
-6.5946
-3.5855
-7.1675
-10.3135
-7.7536
-8.5643
-5.8234
-2.8109
-2.6628
4.4994
2.1168
4.1410
2.3950
-0.8188
0.8313
-0.1377
-3.7796
-5.0458
-13.1212
-12.7550
-9.8887
-4.5579
2.4278
-3.9646
-11.8082
-5.7344
-0.6206
-3.0481
-7.3187
-9.9032
-3.7479
-1.3683
0.8747
-5.5727
-3.9181
9.2472
12.8105
15.9143
4.4244
-3.1948
-1.9649
-1.4902
-5.1749
-4.2661
-1.7736
-2.5233
3.5726
4.6907
8.0830
12.8270
16.0621
9.6507
2.4477
-1.0333
-1.3795
-0.9687
-2.4234
-5.8442
-2.1779
3.1560
-0.4498
-1.2843
-1.1232
-1.1649
-2.8874
-4.1958
-2.9079
-10.2360
-10.4205
-4.6351
-5.6943
-8.0125
-6.1025
-4.6319
-4.1802
-2.3989
0.6293
-5.0283
-6.2001
4.9500
9.2519
6.3785
8.7012
5.1067
-0.0933
-3.9452
-6.8095
-2.3977
-0.0799
-2.0048
-4.8725
-16.7081
-2.9322
1.2958
-0.3392
2.0567
1.7991
-1.1610
-7.3187
-8.2493
-7.5350
-11.3322
-8.8702
-3.4434
3.9444
-5.0437
-8.7496
-5.5101
-9.3303
-7.3516
-10.9017
-21.9171
-18.0151
-7.7456
2.1511
12.1895
12.1997
6.7324
2.8029
1.0955
-4.9357
-14.6131
-8.1639
-2.4550
-9.0856
-14.0485
-11.6916
-14.5798
-16.9745
-12.2979
-8.7132
-7.6007
-3.8990
-10.0330
-7.9963
-9.9066
-10.7116
-5.7431
0.0307
-1.3375
-4.2300
-2.1085
-5.1283
-4.7288
-6.2777
-8.1364
-8.8991
-5.5891
-0.1825
-1.2667
-4.0532
-10.1497
-8.7509
2.4585
9.9312
10.1656
8.3531
6.5023
3.4889
0.0136
8.1819
16.8726
16.4935
13.9818
5.3888
7.0970
9.4791
6.3291
3.1260
-1.3975
-7.0037
-17.0188
-17.5704
-12.6169
-9.7675
-11.3604
-2.7505
-4.2035
-9.4432
-12.6553
-15.4762
-10.5199
-4.2053
3.4477
-8.2107
-12.6016
-8.2704
-10.0030
-12.5061
-6.8883
-2.8061
-4.9460
-5.5969
-2.7302
-2.6026
-6.6155
-10.5599
-5.6044
-9.3615
-6.8757
-0.9108
-6.3942
-8.7357
-5.7971
-1.6461
1.0844
-0.2507
-2.9331
1.2971
-2.4805
-3.7031
-5.4962
-9.6074
-9.3481
-10.0906
-5.8076
-1.1515
1.9798
-2.8948
-7.1103
-8.7555
-12.5164
-13.5145
-19.1575
-13.7457
-13.5094
-10.2594
-11.7316
-7.8951
-6.3123
-8.3148
-5.2241
0.0215
3.0551
1.7711
-1.7113
-0.1688
-0.0192
-0.2656
-1.6132
-2.0297
-4.0595
-2.9243
-1.9707
0.7907
0.7495
-0.7438
0.8526
-0.5376
-3.6001
-3.0789
-1.1287
-0.3910
-0.1609
0.4469
0.1384
-1.9488
-2.4521
-2.1754
-1.2778
-1.8127
-1.7360
-2.7712
-2.3729
-3.5280
-10.3778
-11.8261
-9.2010
-14.2354
-18.5208
-19.1710
-19.5736
-20.8016
-23.3520
-21.2147
-20.8021
-11.8830
-11.4865
-8.7340
-5.9568
-8.7222
-5.0146
-8.9113
-14.2330
-16.3210
-15.9706
-11.1103
-10.7480
-10.6373
-9.5767
-8.8744
-7.1298
-10.3465
-10.9341
-10.3529
-15.4220
-12.8078
-7.6241
-9.1551
-9.3814
-7.1202
-5.6032
-4.9564
-8.8518
-10.5262
-9.4553
-5.1656
-2.0012
-1.5397
-1.3431
2.4035
0.2282
-11.0929
-17.7312
-18.0620
-11.3800
-13.6092
-8.5446
-7.2126
-11.5519
-11.6570
-6.1959
-3.5922
-5.3981
-6.5896
-4.0592
-1.7758
-1.1811
-4.7757
-5.3062
-6.7682
-5.9327
-2.4181
-1.5134
-2.6648
-7.7042
-17.2390
-21.5800
-21.3884
-9.6091
-6.9150
-4.0826
0.9541
-7.7065
-17.9386
-14.6206
-8.1504
-4.7811
-1.8612
-1.3881
-6.0403
-4.5261
-7.8591
-9.5836
-3.3624
-2.4001
-3.1178
-11.7865
-16.2174
-8.6867
-6.7752
-3.2051
-8.8576
-15.2338
-16.6584
-13.9457
-9.0507
-2.5257
-0.6228
0.0624
-9.3178
-7.8300
-4.0920
0.0201
1.0548
-1.2603
-1.4387
-2.5433
-7.3457
-7.7375
-7.5011
-14.9198
-17.8629
-14.9316
-8.5663
-4.4592
-4.9416
-9.0584
-17.3056
-17.7985
-12.2363
-11.3906
-11.6689
-13.5043
-13.5063
-6.8659
-6.8978
-11.3918
-5.6532
-3.1690
-2.3435
-1.7984
-0.7771
2.6212
-3.0938
-8.2589
-7.1664
-3.4383
-4.3675
2.9060
1.1776
-2.3496
-4.9351
-13.3176
-13.4005
-18.8271
-16.9777
-13.8648
-9.6056
-13.3458
-16.8951
-17.8662
-17.0968
-12.7195
-3.4808
0.6759
-1.9601
-2.5741
-2.6606
-1.2988
-5.6561
-10.7802
-13.6146
-13.3697
-8.8785
-8.5816
-9.7578
-12.8032
-10.0312
-11.6670
-12.1880
-8.9647
-6.3709
-9.5947
-8.7615
-2.5597
-7.7431
-16.1199
-12.3996
-9.6427
-7.3611
-0.0135
7.1765
5.8739
3.7520
-0.0310
-2.1940
-1.1463
-1.1246
2.1289
-0.4055
-2.4469
-9.5136
-10.4167
4.3706
3.0972
0.8729
-5.4309
-17.1261
-14.1401
-10.7478
-13.6746
-6.9450
-2.6492
-2.8638
-4.8779
-13.4176
-17.0454
-14.9589
-14.2397
-15.5058
-15.6438
-8.8564
-7.5096
-4.7002
-3.9218
-4.5069
-6.0433
-3.8263
0.2640
-3.4739
-4.8433
-2.7390
-1.7954
-2.1702
-5.7843
-9.2553
-11.7058
-4.2516
0.1793
-0.4302
-0.8618
-3.4213
-5.3153
-3.9915
-7.1433
-12.7465
-20.1247
-13.0323
-12.8594
-9.0082
-15.4364
-17.3295
-14.1102
-5.6193
-5.1027
-8.2152
-12.5261
-14.2523
-12.2359
-14.0905
-9.9452
-12.0974
-8.3338
-0.9476
-3.0157
-5.2007
-13.3914
-12.3389
-9.6747
-8.3253
-5.0660
-0.4425
0.1045
-4.0463
-6.2297
-9.6282
-18.4213
-27.3945
-21.2877
-12.4917
-8.9671
-11.4082
-11.2726
-6.3099
-14.1563
-14.1578
-12.6799
-7.5864
-4.4598
-1.5663
-3.3637
-2.9930
-3.7678
-3.9716
-1.2798
-0.1213
4.7366
7.0003
6.2844
4.6716
-2.1215
-15.1033
-17.8062
-21.9912
-26.9214
-15.3460
-6.7592
-2.7355
3.1014
8.5150
6.3140
-1.6843
-8.7271
-11.8689
-6.6204
-3.9144
-3.6542
-1.2337
-3.5356
-8.3080
-10.5370
-8.9971
-4.3441
-4.9015
-6.9623
-7.5517
-10.9083
-15.0220
-16.3525
-14.8649
-13.8933
-12.2808
-6.9496
-6.1745
-4.9262
-2.8457
0.1664
2.1875
1.5760
-0.9435
-3.5802
-3.1370
-3.1009
2.4043
8.1351
11.5726
13.3232
7.5853
-2.3380
-4.0115
-5.3810
-3.0730
-10.1967
-17.5177
-14.7534
-16.6826
-5.1319
2.2270
2.3107
-2.1487
-0.0049
1.6258
0.5478
6.8766
7.2433
-1.5787
-9.9397
-8.4783
-5.1740
-8.4295
-4.7980
0.8984
0.4846
-3.1449
-6.7904
-12.2295
-10.8491
-9.9166
-10.4222
-4.1464
-1.8146
6.8176
-0.1098
-11.4398
-19.1272
-16.3230
-12.1209
-13.8814
-15.0496
-9.8918
-5.3185
-6.1718
-0.6640
-9.0745
-10.2439
-10.3944
-13.5045
-17.0581
-16.4051
-8.5647
-2.6483
-7.4869
-12.8892
-8.2838
-4.1585
-5.2856
-7.3410
-7.7526
-2.2842
-3.0758
-5.4472
-12.0836
-15.0525
-14.0866
-21.7343
-20.3675
-16.9646
-8.0262
-9.2882
-14.6069
-11.1290
-6.1178
-7.1334
-11.4462
-12.0486
-12.6969
-11.5860
-3.0111
-7.8351
-10.3798
-5.9499
-2.4625
-0.9305
2.6781
6.5053
7.9556
2.0732
-0.5956
-0.8752
-1.0935
-4.2783
-11.5226
-14.0884
-16.0712
-16.9829
-18.2713
-17.4591
-9.0414
1.3056
4.5085
-1.8543
-8.3707
-4.2459
-4.0572
-5.0933
-5.3831
-8.9604
-8.0756
-9.4529
-5.8458
-5.8992
-5.5914
-7.9979
-10.3292
-15.8621
-13.7313
-18.1540
-19.8941
-17.8601
-19.5260
-24.2582
-27.0537
-20.7444
-13.8566
-5.8400
-0.6718
-2.5824
-2.7753
-1.7047
-0.5312
-2.6667
-3.2398
-6.9480
-9.5787
-7.5063
-7.0544
-5.7682
-5.5341
-2.6600
4.8914
7.0056
10.0121
12.3338
16.1750
14.0644
10.9103
6.9803
0.3503
2.8558
1.4392
-7.5736
-12.9144
-8.5860
-8.3840
-8.9494
-10.3730
-13.3797
-16.3817
-12.8990
-12.2805
-7.9015
-0.6101
-1.5992
-5.8223
0.9944
2.4423
-3.2724
-5.3598
-4.7834
-5.0516
-5.1570
-3.9788
-4.3294
-1.2425
-1.4086
-3.1557
-9.0299
-7.0478
-11.4002
-14.1358
-14.0568
-10.9200
-11.3914
-13.3871
-11.0967
-10.7072
-15.5442
-12.4544
-9.8633
-11.8402
-11.7198
-6.1713
-5.2622
-8.8921
-4.0627
-0.8349
-4.3489
-3.6440
-2.2506
-8.3036
-14.0758
-12.4243
-9.9942
-11.9931
-17.9239
-20.0014
-16.8544
-11.8207
-9.0250
-0.7600
-4.5497
-3.9879
-2.4967
-9.8434
-3.5039
-3.3992
-9.0707
-9.7736
-6.4993
-6.9981
-7.4275
-15.0968
-25.2797
-24.0188
-15.3098
-9.2850
-6.2662
-2.6590
-1.1266
-3.2297
-2.5822
-4.2855
-2.6126
1.0796
-3.5543
-11.0357
-15.3389
-11.9515
-5.2126
2.0810
7.2334
2.0370
-5.0076
-4.6255
-7.1789
-8.1904
-3.9835
-4.7992
-9.7366
-13.9539
-14.1982
-5.8990
2.7182
0.4250
-1.9028
4.6634
-6.9267
-5.2294
-2.7782
1.5300
5.2854
-2.4517
-2.3261
2.6660
-1.0529
-6.5683
-4.7313
-5.2426
-8.9949
-11.0625
-8.9941
-8.9903
-8.0822
-9.6730
-13.8700
-12.2132
-8.5243
-5.3336
-4.3450
-4.8603
1.5063
5.1994
4.0346
-0.7021
-4.5570
-16.1101
-17.0896
-12.5296
-9.4485
-5.7463
-4.3885
-4.8977
-12.6748
-13.2227
-11.3654
-10.1227
-4.9518
-1.6247
-5.8621
-9.0559
-7.9252
-7.0994
-5.8146
-1.3205
1.9257
6.5253
3.9368
-3.0849
-8.4813
-10.4678
-6.7040
2.8659
3.7979
3.3242
3.3185
8.5568
3.0934
-9.0356
-10.1996
-8.3880
-2.0436
3.5754
6.5520
1.4895
-6.7100
-15.7227
-12.7171
-10.3855
-10.4369
-8.7145
-5.9173
-3.9163
-3.7903
-1.2568
-2.0705
-3.0685
-4.7728
-3.9324
-0.4039
-0.9403
-2.4260
-4.5925
-5.6795
-7.6180
-8.4126
-9.1477
-9.3347
-5.6233
-3.9783
1.9531
1.4937
2.5019
0.7032
-1.3797
-2.1029
-2.4416
-1.1679
-2.9426
-2.7363
-0.3873
-0.5795
-1.8160
-2.9565
-0.6927
2.2368
0.5025
-0.3082
-1.3765
-2.2558
-2.4275
-3.5612
-2.9132
-0.5039
1.3386
2.1696
0.7319
0.4244
5.1518
3.5206
-0.7827
-1.4419
-1.6506
-4.5775
-4.0543
-3.6375
-2.0705
-2.0261
-2.5274
-8.0857
-11.0780
-7.5116
-3.8338
-1.5024
-3.0595
-3.5687
-2.5259
-1.6028
0.2279
-0.7143
-2.1671
-2.9663
-2.6588
-1.6073
-1.5615
-2.0853
-2.0133
0.9722
-0.0629
-2.8637
3.8165
-0.4193
-3.0171
-4.4466
-6.4772
-0.7728
2.9609
1.1130
4.1483
5.0681
0.3823
-0.0141
6.7078
9.6882
-0.3535
-0.7691
0.4798
5.0215
6.4587
4.7337
2.3659

Coefficient 27:
0.0000
-2.2501
0.6303
4.9709
4.8626
2.6934
-2.3181
-6.2672
-8.4963
-8.6706
-11.6870
-13.2953
-9.9721
-3.9020
-2.9882
-3.9121
-2.7663
-0.3168
-1.4774
-0.6183
0.2451
4.1352
1.1756
-1.6229
-0.1113
1.4465
-2.8278
-4.5708
-3.4581
-3.0283
0.5936
0.4171
-1.9500
-3.3300
-5.1747
-9.0590
-9.0273
-8.9626
-6.4096
-3.6749
2.0769
-1.8063
1.4866
4.1878
2.2501
2.3912
0.4142
-4.5123
-5.8267
-3.7843
2.3939
1.6971
-5.6740
-14.4093
-12.8990
-8.1691
-7.9432
-13.1580
-16.9729
-16.5323
-11.1450
-10.7963
-6.7960
-4.4376
-5.8649
-4.0290
-7.4035
-5.1002
-3.7813
-7.7158
-10.8707
-5.7076
-2.6030
-5.2382
-1.8824
0.0310
-4.1481
-4.2616
-11.7203
-11.4635
-3.2372
-2.9584
-0.5477
0.3497
-3.5609
-6.1620
-4.6242
0.1902
1.1481
0.1659
-0.5664
-2.0991
-0.7462
-3.1398
-6.4187
-14.7952
-19.3741
-19.1190
-22.1474
-13.7230
-10.4985
-13.9992
-12.5897
-12.3272
-12.5686
-12.1462
-16.4132
-12.4843
-14.5933
-18.2927
-14.4330
-10.6469
-5.5974
-4.7217
-9.7058
-13.0106
-14.0012
-13.8478
-5.2184
-5.8004
-9.6619
-8.0601
-7.3358
-8.8487
-9.7950
-8.7248
-7.4770
-4.0066
-6.8049
-6.9802
-3.1426
-1.7616
-1.8520
1.2208
2.5672
0.6331
-2.1231
-6.9801
-4.8206
-1.1412
-7.6613
-10.7267
-9.8717
-6.4901
-0.9118
-3.1313
-3.4440
-6.0185
-9.6788
-3.8677
-2.3336
-1.7569
3.0252
6.0717
4.4121
3.8194
2.9840
2.2130
-7.9166
-12.1570
-13.7658
-7.0249
-3.9205
-7.7024
-5.2838
-1.7397
-0.2175
-0.3258
1.0647
4.7463
-7.0975
-13.2992
-17.6631
-17.8591
-14.3887
-8.7875
-8.9912
-9.3613
-7.7403
-1.8642
-3.8780
1.0140
11.3206
10.1859
0.5263
0.7912
7.0446
11.7873
16.4976
14.5489
8.9299
5.5496
6.9666
5.4973
0.4170
-1.0999
0.8833
-0.5212
-3.4876
4.0931
3.9434
0.4944
-0.9065
0.0660
-1.9374
-2.6384
-6.7496
-10.2164
-3.7043
-2.7069
-7.4870
-7.5014
-4.2460
0.7082
0.8493
1.2743
5.7239
7.2411
3.1884
-2.2129
-6.5890
-6.5525
-1.1393
3.8294
4.0234
0.7924
-2.6096
-1.4346
-3.5363
-6.4692
-3.5192
-0.2650
0.6253
4.4858
5.7117
-2.4539
-5.7044
-8.0411
-4.8265
-1.4069
0.1387
-0.5547
-1.9939
-4.6655
-5.7826
-5.4056
-2.9378
-0.5988
1.5073
6.8605
0.3158
-1.3032
1.9853
1.8770
0.7949
-1.6924
-0.8488
0.7276
-1.8444
-1.8678
-1.5884
1.3393
4.4276
3.4908
0.7071
-0.5621
3.7290
8.4199
3.0425
-0.2360
-0.7281
-5.7165
-4.7862
0.6081
5.1736
-2.4228
-4.9140
-1.9677
-1.5525
2.1100
2.3948
0.6898
-0.5502
-4.5371
-7.7401
-4.7607
-0.9559
-0.9493
-3.6267
-7.4997
-5.6773
-4.9080
-5.1697
-8.9983
-8.0271
-0.9216
-0.4774
-1.3157
11.8259
0.4098
-6.7424
-13.0417
-7.6531
-10.4877
-3.0388
0.5643
3.3641
0.8666
-4.9811
-8.4817
-10.0906
-5.0997
-2.9070
-1.3605
-1.2963
-6.0113
-7.1239
-9.0446
-10.5943
-9.8934
-11.1583
-1.0125
4.7556
0.6960
-1.8655
-2.8432
-2.1058
-3.6206
-0.9753
2.2353
-0.1825
-0.0292
-4.5123
0.3907
1.8317
1.4761
0.9909
1.4109
6.6611
10.4671
-1.1077
-1.1948
-0.6085
0.4598
1.5384
0.5131
-0.6170
-1.0222
-1.8284
3.6253
2.2131
0.4841
-4.5009
-7.7115
-8.3655
-5.9385
-4.1819
-7.5424
-7.7860
1.2264
-2.9833
-9.5464
-8.1048
-2.2179
-2.2304
-2.9322
-4.1167
-6.5930
-8.9575
-10.2836
2.9992
7.0083
5.6121
4.5833
1.1893
-0.4186
2.6060
2.5579
-1.3928
-4.3341
-4.8661
-6.7496
-2.2651
0.4839
-2.0992
-3.3007
-7.4493
-8.0934
-6.5403
-2.9206
-0.0974
-0.9337
-6.8680
-5.9512
-10.3028
-14.6316
-15.3219
-14.1842
-10.3428
-10.3063
-8.7553
2.4404
7.7440
2.7784
-1.2919
-2.7821
-1.2122
2.9061
-1.5357
-6.1357
-7.2939
-2.6401
-1.2384
5.4808
5.0598
-2.0411
-9.4913
-10.5227
-2.9130
-5.7430
-10.6705
-2.8006
0.8877
-1.7801
-1.1925
0.4194
-4.4249
-3.2316
-0.5043
-3.0582
-6.8873
-6.9904
-3.0707
-2.0945
-2.2019
-1.0660
-0.8936
2.4346
1.1174
-7.1602
-4.7391
0.9865
-0.6947
0.8346
-1.8033
-4.8090
-7.3051
-4.3384
-2.8791
-1.4420
-3.1099
-9.0801
-11.1597
-8.9843
-11.1030
-13.7565
-8.5674
-2.2074
-2.2387
-4.9721
-1.6784
-5.8922
-11.0808
-9.8939
-9.4748
-6.0376
-1.1873
0.2248
0.2095
-0.3205
0.6865
2.1609
-3.0127
-4.3531
-3.7436
-1.7159
-2.5632
-4.5764
-4.1259
-1.1883
-0.7208
-7.4660
-9.2104
-9.2599
-7.4716
-3.3475
0.1549
6.7024
7.2918
3.7927
-1.8741
-1.8374
5.8160
4.3391
5.7593
5.2254
-2.2809
-9.5451
-13.3186
-21.2724
-17.1270
-13.7835
-19.8483
-24.4196
-23.6850
-20.1027
-14.3721
-2.0849
1.1904
-2.0415
-8.3070
-12.3530
-10.0690
-4.2377
-0.6320
-5.3555
-8.9875
-10.1428
-10.7570
-9.8041
-14.1492
-14.4883
-8.8641
-13.1396
-25.9802
-23.7428
-12.2067
-1.6302
-0.9114
-5.8079
-8.0818
-8.7854
-5.0623
-6.5701
-2.6967
3.6003
4.4509
-1.9904
-3.5503
2.0666
2.9016
-5.2086
-9.9640
-9.8855
-7.5988
-6.8054
-1.1653
0.4518
-0.3613
1.1311
-0.3761
-4.4293
1.0314
1.6972
-3.8045
-7.3243
-7.7882
-6.4502
-9.5404
-8.3425
-10.0796
-7.2800
-3.6622
-0.8967
-2.8032
-1.5664
-3.2845
-1.2206
-1.8432
-1.9722
-1.7262
1.2618
2.9009
-5.4115
-12.2907
-5.0670
0.8280
-12.1325
-13.3294
-8.3618
-4.2768
-11.4181
-11.2585
-9.4266
-6.7821
-6.9050
-2.7886
-0.5608
2.5247
1.7372
3.4250
1.0295
-2.1292
-7.5240
-11.8242
-10.4626
-4.4080
2.3704
1.7266
-5.9601
-8.6115
-5.8716
-7.3435
-4.1558
-8.6665
-6.9767
-6.2626
-4.4795
-2.1914
-9.3787
-12.4408
-9.1081
-0.0380
0.9178
-0.9855
3.2237
2.2590
4.7269
3.2983
1.8545
5.0068
0.1792
0.4249
-2.1185
-3.1297
-4.5054
-6.0801
-9.4970
-15.9992
-14.8555
-9.4314
-1.4874
1.5565
2.1341
-0.0805
-5.6017
-7.7891
-0.1017
4.8374
5.0001
4.9739
11.3891
3.7468
-5.2577
-6.3611
-7.9364
-3.6411
3.4507
-1.7750
-8.2390
-9.8277
-6.4426
0.7814
3.0879
0.8556
-1.6538
0.7308
0.3090
-4.5409
-7.8657
-6.2608
-4.5523
-1.4177
-4.0063
-9.6768
-8.6081
-9.9120
-14.1429
-10.0510
-5.1902
-3.4143
-7.2233
-11.5750
-11.5162
-5.6942
-4.4286
-5.8796
-9.3082
-10.4452
-8.0785
-6.7123
-2.0738
-6.4102
-6.7982
-8.8851
-12.3182
-8.4188
-3.6407
-8.2426
-12.5379
-22.6085
-17.1203
-11.0100
-8.9368
-1.8543
2.7391
0.1193
4.4382
4.7369
-0.4206
-3.4294
-1.7467
-2.8935
-6.0454
-10.3323
-7.9454
-6.1489
-7.7452
-6.9895
-3.5727
-1.1110
-3.3233
-3.0351
-4.4462
-6.7513
-8.0733
-2.1212
-2.2365
-5.7422
-6.2645
-2.6816
-3.4800
-11.0120
-15.8349
-12.6978
-4.2068
-0.9451
3.1542
-1.0730
-0.7305
2.3357
4.0827
-4.7302
-6.8258
-2.4817
-0.0928
-5.5420
-3.5618
-6.4691
-0.6869
-0.6352
-1.8636
-2.0636
-6.4874
-10.6340
-13.5649
-15.0536
-14.9279
-15.3116
-13.4791
-16.5771
-15.4426
-8.9550
-3.4437
-2.7602
-3.7965
-6.3461
-4.5690
-3.1697
-3.0602
-2.2339
-7.5420
-4.4805
-1.7957
-3.1080
-4.0993
-4.6924
-2.9307
-2.8706
-0.9950
-7.5441
-14.3409
-5.4063
2.4056
5.3619
7.9004
9.1337
5.0228
5.7968
4.2370
7.7960
2.5725
-12.7286
-14.6647
-5.7337
-11.8241
-2.9423
3.3292
3.8398
1.0303
2.0161
3.5390
3.4148
1.6125
-0.4876
-1.9308
-1.8843
2.0631
0.0458
-4.8878
-0.6841
4.5224
4.3769
4.1692
2.0755
5.1910
2.9957
-0.9342
1.9343
1.8789
0.4114
0.7004
0.8435
-4.9022
-10.5063
-10.1101
-11.4895
-6.0391
-15.5307
-15.3526
-11.4667
-7.7879
-10.2449
-12.9207
-11.2413
-10.1497
-11.4664
-5.2404
0.2061
2.3966
7.3364
4.2279
-1.8981
-1.5702
-0.1533
2.3424
3.2909
0.0888
-4.1845
-4.4517
-7.1528
-10.5868
-10.4373
-10.4732
-14.6624
-12.6854
-7.4423
-2.3749
7.8765
2.9104
-7.1720
-7.8275
-4.8767
-4.4847
3.8852
3.0577
2.4271
2.4157
-3.4083
-0.2890
-4.2774
-7.2462
-9.4750
-11.8543
-9.1994
-3.0862
-0.7755
-3.7498
-8.0889
-8.3025
-2.2917
-2.6095
-3.6777
-2.7909
0.5397
2.8213
-0.3566
-3.7297
-0.0852
-0.4391
-5.6005
-8.4621
-8.6665
-8.4594
-4.4585
-3.8600
-5.2594
-2.2954
2.0826
-3.9404
-5.9133
-10.7159
-10.1175
-9.8321
-7.3305
-11.9553
-12.1279
-6.0869
1.1921
1.9845
-2.3438
-5.9437
-4.7189
-3.2725
-1.0536
2.9366
4.3674
3.5406
4.9559
4.8082
5.9970
2.8452
4.0730
6.1892
5.8857
5.0688
7.0699
3.7250
1.2993
-3.5639
-3.0850
-1.2846
-5.3259
-11.0564
-15.5570
-13.2659
-6.5945
-3.8190
-4.0181
-3.8303
-0.0593
0.0886
-0.2194
-2.1934
-3.2539
-4.1006
-3.0344
-1.9430
0.4467
-0.6287
-1.4575
0.8567
-0.3367
-3.4936
-3.0207
-0.7187
0.1323
0.3636
0.7143
0.1511
-1.9698
-2.2714
-2.2459
-1.2628
-1.2346
-1.5423
-2.7513
-2.5215
-0.2833
-3.5285
-1.7002
-3.3337
-1.1208
-1.9916
1.8555
-2.6541
-9.8433
-14.9854
-15.8971
-10.0147
-6.2958
-2.6012
-2.1954
-2.1640
-0.4155
-0.2294
-5.0242
2.7885
7.8050
1.4850
-1.5820
-5.2424
-1.0758
-6.1968
-12.5253
-13.3666
-13.7785
-15.8200
-9.5682
-2.7929
-2.3027
0.4690
-6.7489
-12.2994
-10.6684
-8.1197
-5.1860
-7.1237
-11.9362
-15.0327
-15.1715
-10.4707
-13.7129
-10.6361
-3.3389
-1.8761
-1.3110
-5.4770
-9.2223
-6.2333
0.6627
-2.1794
-3.4734
-8.0193
-8.7975
-2.5532
2.7515
4.7577
2.4147
2.4053
-1.4268
0.1518
-1.7320
-0.7883
5.2509
7.5333
4.7423
0.0131
3.9667
11.7942
12.5047
2.9931
-4.0691
2.9103
3.8402
-2.5774
-3.1328
-2.0615
-6.2630
-5.3246
-5.4023
-2.4985
1.8484
-2.3328
0.2468
0.3160
-0.7275
0.1432
-2.4903
-1.4174
-5.1690
-11.4250
-18.7812
-18.5269
-16.9823
-8.8453
-6.3592
-3.5655
-7.2487
-9.7609
-5.9641
-2.8344
-5.2890
-5.5261
-9.5198
-10.2701
-5.6241
0.6397
2.5501
2.5085
1.3470
1.0048
-1.0966
-2.6503
-1.2207
-5.8775
-2.4327
-0.0590
3.7883
-0.4199
-4.8010
-2.8723
-5.8079
-6.4985
-0.3585
-3.6507
-9.4786
-8.6752
-4.4245
0.3278
0.8718
-2.1839
-1.8119
-1.7714
-1.5435
-1.9441
-0.9068
-5.4667
-6.8989
-9.4240
-11.8569
-7.7885
-3.2621
2.5511
1.2400
-7.3819
-11.1806
-8.4267
-8.8313
-7.9372
-2.3112
3.5228
7.1008
0.7686
-2.4682
-7.9263
-3.5131
-5.2753
-5.9808
-5.1095
-4.5296
-9.2905
-9.4611
-9.3660
-10.8478
-4.1193
-5.2021
-7.9732
-7.2889
-4.0240
-3.1803
-3.8763
1.6193
5.7971
5.1537
3.1743
1.8744
-1.4771
-9.5279
-10.1683
-16.5259
-17.6580
-15.5439
-10.6633
-9.0140
-9.1151
-3.5604
-2.3996
-2.3526
-7.7162
-11.3351
-8.0479
-7.1678
-6.9496
-1.7603
-1.6636
-4.9943
-7.5995
-12.2586
0.6057
1.8297
-1.3974
-4.6227
-6.5151
-8.2391
-9.1850
-7.6987
-6.5835
-7.7399
-4.5367
-2.7270
-4.9068
-7.7322
-6.6721
-10.3576
-10.5964
-14.0879
-11.9787
-7.0175
-8.9720
-14.1581
-15.9888
-3.1683
3.7450
2.2119
-2.6212
-7.7166
-11.0549
-12.6408
-12.2388
-9.2683
-7.4499
-5.9647
-2.1311
-0.7649
-0.8846
-5.4532
-7.4282
-1.2069
0.3648
2.9784
-3.6943
-11.1930
-17.3339
-19.4022
-20.5837
-15.9669
-15.7081
-13.7830
-8.1028
-6.2934
-4.8516
-6.3763
-7.6277
-10.2879
-12.4905
-14.0911
-13.1330
-8.5191
-1.0763
-2.5882
-6.9529
-1.6735
-1.8309
-4.0988
-2.5532
-4.9495
-6.0181
-4.9654
-2.0968
-3.2749
7.7443
-0.2494
-3.0725
-4.8061
-9.0879
-11.6398
-2.9618
-0.7874
-6.2536
-10.5560
-14.9499
-14.9217
-9.5597
-5.5501
-7.3810
-1.5761
-0.4891
-0.7613
-7.0563
-9.7632
-8.6620
-6.3094
-6.8224
-6.4377
-5.3174
-4.1331
-1.0337
-3.8978
-0.3667
9.9543
2.0608
0.4058
-1.1120
-2.0010
-1.3940
-1.7491
-1.5585
1.5125
0.7576
-4.3295
-4.7196
-2.2586
7.1279
7.5314
-2.3413
-7.6866
-4.0474
-4.6302
-3.7553
-2.4515
0.0089
-1.5278
-1.2775
-1.7175
-3.3221
-4.6388
-3.4577
-4.9033
-6.9787
-6.1697
-3.5317
-0.8869
-3.1716
-3.9801
-4.1175
-2.2330
-4.7923
-4.9010
-5.4968
-12.3111
-15.4556
-11.8636
-6.8679
-9.2523
-13.8783
-18.0916
-14.6798
-19.0964
-17.0196
-15.1092
-12.3797
-2.8855
1.8237
0.8347
-2.5009
-10.3044
-14.3831
-15.5729
-13.2508
-0.2242
-0.5642
-9.4492
-12.0409
-13.3328
-16.3854
-19.8233
-16.6282
-21.1824
-19.0907
-16.6225
-11.7760
-7.3823
1.2722
0.2747
-1.2449
-2.3133
1.2378
-1.7770
-9.2570
-10.0305
-9.3317
-15.2933
-16.1271
-13.4081
-7.4323
-7.8578
-4.4550
-3.0241
-3.7943
-7.7369
-8.3112
-10.6941
-9.1913
-2.9989
-4.4704
-3.1260
-3.7362
-2.4926
-3.1450
-6.0651
-7.5749
-6.8121
-2.5229
-4.4253
-7.1814
-5.2868
5.2974
11.1535
4.3153
0.2078
-2.6466
-4.7684
-3.6653
-6.8411
-5.2134
-1.0672
-4.5871
-8.5812
-7.4707
-4.7823
-1.5331
-6.1623
-11.6341
-5.9508
-0.7384
-0.6549
-3.1725
-2.9138
-1.6153
3.6674
1.0908
-1.3363
-1.4852
-6.2759
-10.3290
-5.9520
-2.4751
-4.0941
-3.1362
1.2541
7.9704
8.5896
5.3088
0.0658
-4.8215
-5.4358
-0.9439
-1.1760
1.6959
-0.9151
-7.9870
-11.3415
-6.3150
-4.1916
-3.1419
-5.2835
-4.8307
-9.0272
-4.9479
2.0164
4.0648
2.8597
6.2361
11.4273
8.7826
-0.2603
-6.2897
-9.0161
-5.1131
-0.1406
0.1162
-1.8669
-0.4854
0.6406
-1.8093
-2.1937
-2.9084
-2.3294
-1.1109
-3.3701
-4.0811
-3.5214
-1.0409
-2.1326
3.8553
5.4194
2.7113
9.8784
6.9623
3.6019
1.1699
-1.6236
1.6370
4.0342
-1.4663
-5.5150
-8.2184
-5.0162
-6.9439
-10.0874
-13.9241
-12.8374
-8.4986
-5.9578
-2.9251
0.7055
-2.3118
-9.5922
-10.9661
-10.7232
-8.6492
-6.2372
-2.3401
-4.5748
-3.8892
-1.8766
5.3051
5.5438
8.5655
7.0167
-3.9342
-4.8788
-2.2123
7.8956
9.4554
2.9184
-7.6262
-11.8229
-11.2080
-14.8232
-13.6214
-10.3218
-8.3204
-7.7920
-7.9344
-2.6264
-0.1483
-2.2920
0.1010
4.1775
2.2268
-5.2299
-8.0227
-9.9363
-14.1583
-10.8607
-11.0850
-7.5631
-5.5229
-7.6923
-9.6103
-13.0567
-9.5766
-6.1811
-4.0447
-2.9725
-3.7184
-9.7554
-9.3619
-10.7410
-15.1089
-17.6554
-14.4796
-12.8748
-10.0741
-14.2330
-15.4085
-16.3984
-15.0090
-10.7568
-9.2542
-6.9970
-2.7021
2.5085
2.6670
0.8323
0.3852
3.0309
0.4956
2.8717
5.3816
8.3061
7.1896
-0.2823
-2.6566
-4.1905
-8.0898
-7.7244
-9.6683
-11.5314
-10.0244
-4.9748
-9.5585
-11.2174
-10.4867
-14.2578
-11.9602
-4.2775
-2.7947
-4.2379
-11.5187
-13.4232
-13.0245
-12.3357
-8.5801
-2.8068
0.8111
5.1019
0.2350
5.0882
4.8302
-0.1626
-1.1553
6.2572
7.2755
0.1804
-5.4656
-6.4924
-7.4180
-7.3140
-6.3240
-5.4686
-5.5641
-5.3572
-4.6167
-6.0482
-7.5663
-7.2817
-3.3497
-6.5253
-8.0347
-5.1311
-6.3624
-4.5552
-2.8604
-3.0047
-8.3510
-13.6363
-16.4504
-14.0868
-7.3302
-3.2461
-9.6125
-12.5730
-13.6036
-15.7860
-15.0815
-10.4671
-7.6077
-8.4534
-8.8909
-8.3681
-8.5354
-8.9855
-5.9389
4.2031
10.2272
11.6258
8.5787
6.6292
1.5286
-1.0677
3.7155
1.7553
2.7086
0.5075
-5.1253
-6.0308
-6.1850
-5.1756
-2.9581
-2.3103
-7.9426
-9.3392
-3.6088
-2.9904
-6.0290
-5.2675
-4.7745
-5.2429
-2.3039
-1.1473
-0.5063
0.0571
-2.7571
-3.0272
-5.1107
-7.2200
-2.7991
2.6734
3.2080
4.3692
5.1951
5.3013
1.0585
2.7356
0.0463
-1.2023
-2.0609
-2.2279
-0.8794
-2.7733
-2.6178
-0.3080
-0.5350
-1.6203
-2.8807
-0.6114
2.1384
0.2736
-0.3963
-1.6132
-2.3395
-2.4694
-1.4806
-0.2683
1.9743
3.0730
3.1985
1.7237
2.9901
-4.3739
-5.0395
-3.8331
-1.3923
-2.9146
-4.1123
-3.6531
-3.4220
-1.5199
-1.3573
-1.9444
-6.9477
-4.6506
-3.2082
-2.0545
0.6572
-2.7238
-3.7805
-1.8859
-1.8184
-0.0996
-0.7040
-1.9296
-2.9215
-2.8238
-1.4197
-1.1723
-1.2897
5.7808
3.7594
-2.2736
-7.2347
-5.1973
1.0133
1.7259
0.1138
-3.0726
2.5192
5.1094
4.4983
6.8483
0.7880
-7.4151
-9.5203
-4.0856
-0.2387
-5.3230
-5.1305
-1.6680
3.5923
4.5149
-4.4315
-5.8738

Coefficient 28:
0.0000
-5.3868
-4.9636
-2.1728
1.5444
3.1670
-1.8222
-2.9689
-4.8180
-1.5056
-3.1754
-2.5140
0.4229
2.1640
1.5275
-0.7970
-1.5501
0.3551
-0.4925
0.0018
-0.4265
1.7947
0.4012
-1.8099
-0.8491
-2.7684
-4.1549
-5.4345
-5.9073
-2.4556
0.2393
0.4366
-1.8241
-3.9964
-5.9579
-10.0000
-12.3688
-10.0710
-5.3838
-2.5958
4.1614
1.1260
3.5744
1.2374
-2.8160
-4.1003
-6.2571
-2.4514
-0.3417
1.9820
-0.6004
-7.9099
-4.9582
-7.0397
-10.0827
-10.4448
-6.3788
-7.0437
-5.7271
-5.1644
-4.1396
-3.8664
0.2962
1.0135
-1.2933
-3.8579
-5.3631
-2.4057
0.5005
-0.2699
-5.6074
-3.9722
4.3528
2.7940
0.7063
1.3420
5.8998
4.8055
2.0594
-0.0544
4.2178
1.2036
-0.2402
0.5565
-0.7214
5.7353
6.7565
5.0384
5.9132
8.9930
7.0083
8.5682
5.1994
0.1911
1.0378
-0.1806
0.6781
-0.8801
-12.9936
-15.9412
-13.1611
-11.4960
-13.6720
-10.8281
-6.5195
-0.7167
-3.4455
-6.0472
-11.9731
-15.4013
-10.4942
-12.7124
-8.9380
-3.8309
-4.9553
-5.9591
-8.8346
-8.4794
-4.3988
-0.1377
-5.6095
-5.8485
-5.0362
-7.5324
-8.1418
-3.5649
-3.4961
2.5263
5.9380
5.4372
2.3345
-1.1070
2.1209
10.0227
11.4286
4.0519
5.8661
1.1335
1.0024
-1.0331
-0.7030
2.1856
1.5041
-1.9031
-1.7675
-3.5186
-4.1611
-0.4102
-0.8824
0.8948
6.2679
6.9640
4.9414
6.1932
2.7568
-0.1818
-1.6024
-0.0441
5.3590
4.0500
1.0667
-0.4638
-0.5023
-1.7315
-3.8274
-1.7301
4.2576
3.6618
3.6810
-0.4884
-4.6661
-7.1452
-9.7262
-7.5612
-0.6966
3.3935
-1.8232
-7.3582
-7.6494
-1.3860
3.7910
10.3046
18.9400
16.2784
5.9235
5.1994
-0.0687
-3.3691
-3.3424
0.2580
2.1856
5.8137
8.5689
8.0394
4.6481
-1.1291
-0.4887
-2.5822
-5.4864
-3.0967
1.3492
3.3283
2.0137
-0.0044
6.8473
2.4985
-3.3774
-4.5382
2.0924
6.5734
4.5548
1.2438
-3.8505
3.9415
7.8311
7.0692
7.7547
11.2035
8.9942
1.8706
-1.8408
-2.5667
-2.0893
10.2374
10.7122
1.0559
-7.5064
-6.8206
-2.7753
-3.7528
-2.1831
-3.4343
-4.5679
-6.4617
-3.6090
-0.9850
-5.2745
4.9739
9.4601
9.4425
8.1087
4.6543
-2.0737
-4.9682
-5.1443
5.8379
7.6144
7.9021
9.1172
7.2121
5.9420
6.6391
8.1402
4.1481
4.2265
1.4918
4.7012
4.9355
-0.1766
-1.7124
-5.1243
-5.4138
-4.9578
-7.9754
-8.6699
-8.5187
-2.5780
-1.1330
-9.3275
-7.6066
-1.4664
2.7604
2.9204
6.1092
7.5206
5.2001
1.9510
2.7954
0.9064
1.4389
-2.2490
-4.4954
-8.5095
-11.2065
-7.0840
-5.0602
-1.0383
-1.6588
1.2689
3.0529
1.4172
-0.6308
-2.5476
-1.4409
3.5395
0.1066
-0.1646
-1.2198
9.8648
4.8293
-0.0284
-2.2414
-8.2490
-6.2787
2.4317
7.5462
3.2337
-1.4671
-2.3536
-5.6658
-6.0074
-3.0356
-5.3895
-4.5085
3.3318
3.0361
-2.6565
-8.9931
-11.1144
-6.3976
0.6426
3.1466
3.8416
3.8598
0.7578
-1.1227
-0.5172
-2.9982
-0.5440
-0.3369
-0.3976
-0.1000
-3.9477
-7.4598
-5.4687
-5.7204
-1.8653
-0.1673
9.9001
9.9134
9.5560
5.9287
3.9356
0.8961
2.2124
0.6486
-0.5462
-0.9185
-3.1802
4.8952
7.1599
6.0931
2.2717
-2.2315
-3.3612
-1.9619
-1.0967
-0.3443
-2.6821
2.3941
3.0440
-2.4577
-4.1598
2.7294
5.6349
8.1035
5.2448
3.7141
1.6482
0.7551
8.9579
10.3097
9.9030
8.1023
6.3603
5.2502
5.4666
5.6410
4.3932
5.8865
6.2713
0.9332
0.3477
4.7475
3.0878
1.8965
-7.9676
-10.0895
-6.6573
-7.2008
-0.3762
1.6303
-2.6038
-0.8783
-0.2083
-2.4628
-10.6813
-13.5782
-10.4260
-12.2386
-13.2459
-3.7641
11.2623
11.9649
7.1046
8.9597
9.6406
8.5802
6.8729
6.7210
7.0764
6.6381
-1.8448
-1.3141
-5.5945
0.4782
6.9495
0.0400
-7.7449
-7.6493
-5.8793
-0.3066
0.7672
-1.6281
-2.8855
-0.6202
5.1561
3.3554
2.9539
0.1398
-0.9300
1.0480
4.5854
4.9730
-0.0544
0.3833
4.7206
8.3082
8.3397
5.6650
10.4813
9.0281
4.7711
10.4345
11.7819
5.7351
1.2311
0.7320
-0.5885
-5.0993
-5.2901
-6.2674
-2.4732
-0.2347
-1.7840
1.0799
7.9838
9.2787
4.3960
5.0755
9.8310
7.2174
1.2855
-1.4318
-3.1314
-3.6270
-2.9529
-0.1554
-2.2523
3.7087
6.1362
6.8565
0.0043
-4.2460
-5.0732
0.9388
3.2892
5.1366
6.9693
8.5457
8.3067
2.9817
-0.4115
-3.6279
-2.8760
1.7633
0.1912
-10.0277
-12.1112
-8.6304
-4.1587
0.7361
3.3855
7.4829
8.6725
6.5931
2.5054
2.7071
-0.9211
-2.8055
-6.3254
-10.5834
-13.9457
-14.4944
-11.4875
-9.5791
-6.8866
3.4072
4.2391
5.8126
4.1538
2.5750
-3.8801
-7.9659
-5.4829
5.0025
4.9607
6.0909
4.3872
-2.1513
-13.4073
-13.0246
-5.7320
-9.4316
-16.2456
-9.6478
0.5771
3.7018
1.6787
-2.9488
-3.7755
-5.0589
-0.3827
5.9475
6.9417
3.4988
8.6514
7.3368
6.3806
13.1983
16.9985
9.8056
5.8036
4.1224
2.4525
-7.8681
-12.2137
-11.3998
-5.3645
-6.5343
-2.9580
-5.9501
-11.5614
-13.5776
-15.0111
-13.8055
-16.4434
-11.0117
-5.1230
-0.6442
7.0864
4.6956
-0.6831
-3.1778
-2.3256
1.2661
-3.6236
-0.3353
8.2057
8.3193
-4.9555
-3.4248
-6.0605
-10.5396
-14.4452
-10.6864
-0.7523
-4.2577
-6.4389
-2.2929
3.4650
5.7471
3.2568
-3.5945
0.0185
4.1395
5.2757
4.2304
4.8325
3.3946
0.6973
1.6604
0.6256
1.6061
4.7700
1.0224
-3.7662
-2.2784
-4.3346
-9.2002
-8.7451
-8.6738
6.4841
12.4877
15.5644
19.9944
17.8388
16.6291
17.4288
10.5885
6.8619
7.6561
3.4436
1.4754
0.9907
2.7628
1.4579
-1.2592
-1.9825
-0.5921
3.0110
-5.8745
-6.4954
-6.0357
-4.9712
-4.4447
-2.8863
-2.7874
-4.3835
-1.2979
2.8882
10.6956
13.8075
11.1893
7.0934
7.0477
8.2165
7.6910
5.7410
8.1885
5.2484
8.3732
8.0152
7.8328
6.5621
4.5247
4.6691
1.8898
-1.0331
-2.0937
-2.4763
4.7606
3.5398
0.0563
-7.1171
-11.9198
-8.5637
-2.2830
-4.9888
-3.1021
-4.1130
-7.7874
-2.1180
5.0227
-0.9276
-4.8942
-7.7720
-12.2729
-10.3711
-9.5024
0.7458
2.3784
0.3914
-0.7679
-3.1642
-2.0462
-4.7287
-9.8433
-9.0307
-10.0482
-7.9768
-11.5639
-8.2490
-10.5240
-15.1162
-19.1063
-14.4463
-8.9015
-4.8075
-4.8704
-12.7399
-3.9813
-1.5256
-3.8845
-5.0580
-4.7204
-1.7985
-0.4898
1.1326
-0.6035
-3.3552
-0.5957
-0.7453
6.3612
12.0276
6.1047
9.6797
7.7751
7.6926
9.3431
6.3339
1.0552
1.2850
1.3735
-0.6654
-2.7310
-0.2255
1.9735
2.3800
2.2653
3.9741
-2.3011
-5.7249
-9.3471
-1.4021
-2.2302
-2.5252
1.2224
-0.8812
-3.3825
1.6083
3.2428
-0.7330
-5.5458
-11.5900
-11.3666
-5.7358
-0.3487
-4.9317
1.2989
1.8550
-2.9241
-3.7863
-4.2902
-9.7924
-12.7123
-8.8894
-6.0361
-5.8793
-1.0746
-6.8820
-4.3356
-1.2094
0.4894
-1.9394
-4.1067
-3.0208
-2.3464
-1.7703
-2.7678
-2.1445
-2.1262
-1.0160
-7.0531
-10.5633
-7.9539
-7.7487
-6.5339
-1.6155
1.0772
1.5563
-0.6736
5.4610
9.8678
7.6134
4.0129
4.0386
0.5302
4.7419
2.0598
2.9250
4.8127
3.4931
-3.7212
7.9801
14.0770
6.3419
10.4030
10.8002
4.4731
-0.5057
0.4792
3.3475
0.7299
0.7541
-2.8675
-9.4331
-9.9444
-6.9961
-9.5254
-9.4131
-6.4850
-0.7304
0.0608
-2.4523
-8.0143
-8.4439
-12.4065
-8.6897
-3.0612
-3.8676
-3.7700
-2.0739
-3.4492
-9.3087
-13.7653
-11.7341
-7.8366
-12.7181
-7.5176
1.3970
5.8104
2.8594
-2.2647
-9.4106
-12.6768
-13.2476
-14.0034
-8.4899
-10.1807
-6.6126
-2.0827
-1.6122
0.0064
2.5551
2.2439
-2.1130
-7.0301
-10.7919
-8.7229
-4.7313
-1.9053
-2.1558
0.9724
-5.1535
-5.0180
-5.2055
-8.3848
-2.9636
8.8215
9.9298
8.2644
3.7196
0.7918
10.2051
16.9956
18.7762
13.9346
6.3862
3.1103
0.7463
1.6713
0.2015
1.4386
0.6671
1.6464
7.5372
3.6168
-1.1589
1.1276
-1.8253
-2.3368
-8.5621
-3.1598
5.4943
5.3460
5.4820
4.2834
7.9461
5.4330
1.1984
1.7133
6.2733
3.7036
6.7126
8.7977
5.2015
3.0363
6.9260
9.3785
5.8362
-0.7923
-2.6050
-6.0230
-7.5726
-5.6897
1.0948
7.7446
7.6566
6.7245
2.8130
7.7196
9.1295
4.6836
0.4124
-5.2330
-3.6986
-2.6029
-2.9784
-0.7604
0.5462
0.9701
-2.8017
-3.8184
-10.4643
-12.5043
-11.1642
-14.9345
-10.3573
-14.1535
-15.9763
-16.1845
-15.7321
-9.1037
-5.7460
-3.4930
-1.2956
-4.9553
-5.3431
-3.2749
-0.0267
0.1659
-0.2124
-1.4585
-2.4817
-3.8476
-3.0062
-1.8514
0.0680
-1.4208
-1.9633
0.7415
-0.2156
-3.3621
-2.9306
-0.3505
0.5919
0.8669
0.9127
0.1251
-1.9877
-2.1031
-2.3283
-1.2738
-0.6355
-1.3526
-2.7447
-2.6711
2.8904
0.7341
-2.4295
-8.6319
-12.0041
-5.8038
-3.7757
-12.6143
-19.5532
-21.9289
-19.8006
-9.2439
-2.6516
1.0624
0.1956
1.4789
2.5460
-0.9940
-5.2462
-5.3851
-4.8281
-7.3501
-4.1745
-1.1637
1.5587
-1.5353
-1.9150
-0.3165
1.3976
1.9634
1.0263
-0.0224
1.5946
5.1162
-1.0464
-2.1466
-0.4241
-4.5223
-2.3892
-0.4826
-4.9238
-6.3094
-5.7142
-2.2656
4.1580
2.9051
0.4474
-4.5141
-3.4088
-1.0307
5.1521
5.4153
6.1109
5.2018
-0.6442
-2.1046
2.1341
2.3997
1.6437
4.8698
0.6488
-2.0478
-5.7707
-9.7707
-14.2710
-8.8198
-0.1260
-0.4136
-7.8721
-10.3641
-3.6544
3.2285
8.2472
4.2439
5.6978
3.8184
3.2048
1.3788
1.1643
-3.4032
2.6014
2.7267
2.9975
4.9348
5.4460
-3.0945
-8.4253
-2.3048
1.7270
4.8346
6.5246
3.9421
3.9058
6.4284
10.5590
11.9175
9.9673
5.3702
2.9916
0.4019
-5.4979
-12.4441
-10.5325
-6.0009
-1.6279
0.8256
-7.5468
-7.1169
-3.3902
-2.7425
-4.0063
-4.3066
0.1886
-5.4598
-8.5206
-6.3702
-4.1504
-9.1229
-1.8189
5.5628
9.5260
6.6870
3.4646
3.5135
3.7737
-3.2385
-2.9963
-0.6702
-0.2848
1.9677
3.4852
2.3120
1.4180
-0.6642
-0.9262
-0.5535
-0.7935
-2.0150
-1.0203
-1.0704
-5.4969
-1.4817
-2.3379
-5.1709
2.6291
7.5836
7.3672
2.1553
2.2297
2.3896
0.0894
2.5925
3.4493
-9.7396
-12.0607
-12.2414
-13.5769
-11.5673
-12.7413
-7.5915
-3.2827
-1.2051
-0.6264
-9.3588
-9.6118
-11.5267
-14.3076
-10.7581
-11.3030
-6.5199
0.9671
0.4047
-12.9600
-11.6702
-5.9236
-2.3627
-3.5078
-0.2036
-0.7304
-4.0280
-5.5034
1.1245
1.3343
4.7083
5.5681
3.5914
5.5650
-7.8910
-3.6223
-2.0918
-1.0417
0.6649
-2.3836
-2.5904
-2.7473
-5.3898
-1.4363
-7.9517
-6.2758
-1.7418
5.6172
-3.4624
3.4254
5.6367
3.8143
-2.5001
-3.7292
4.7352
4.6397
1.0074
-1.8296
-5.5592
-5.9428
-1.1865
-2.9774
0.8672
1.5206
5.0627
4.4177
2.8020
2.0250
-2.7072
-11.3416
-12.3582
-14.1232
-13.0048
-11.4434
-5.1506
-5.5820
-8.4503
-10.0965
-10.1038
-6.1732
-3.5275
-6.5427
-2.2787
-0.9875
-0.8426
-6.1391
-7.5064
-5.7534
-5.7099
-5.1475
-5.6142
0.4176
14.5414
13.0011
7.3278
4.8784
0.3254
1.1568
0.0090
-5.8686
-6.0200
-3.7249
-4.5178
-1.6282
-6.3903
-10.6000
-11.7916
-10.6424
-6.5807
-7.9540
-1.5816
1.0384
-1.8195
-9.7726
-9.8983
-10.5549
0.8988
3.3647
1.9145
2.9734
9.2298
0.8194
-4.0490
-1.1994
-3.7491
-4.0193
10.5866
16.9599
8.9204
0.0483
-10.7257
-15.1612
-8.0205
-4.7291
-7.9369
-6.7521
-2.6540
2.2733
0.7679
-2.7445
-5.8470
-10.4957
-13.3348
-7.4241
-4.0685
0.4095
-3.9704
-7.5564
2.0608
10.6844
12.3704
10.6067
5.0466
3.5408
5.5739
5.8528
5.9825
2.4897
-1.1384
-2.4587
-4.4034
-9.3020
-3.9400
-1.3387
-1.4259
-0.2091
-2.7948
-0.9019
1.6160
4.8088
1.6535
-2.4060
-2.7238
-6.4458
-3.3468
-2.4467
-2.2580
-2.9911
-1.3106
-1.2191
0.8537
0.1810
-1.0933
1.9420
5.3750
5.4889
2.7206
1.6855
3.9357
0.2570
-2.9517
1.0291
10.7073
11.6622
4.6680
-5.1811
-4.4733
-8.3074
-14.8129
-12.9956
-8.0949
-6.2758
-5.4093
-9.6905
-10.5498
-10.2472
-10.9317
-13.7453
-0.8801
-4.8811
-5.4350
-0.8352
2.3111
0.0961
0.4276
-4.1292
-7.4099
-6.1070
4.2397
8.9745
2.7663
-3.0376
4.0138
5.0630
2.9079
2.1905
8.6986
5.9812
-0.1064
-3.7568
-4.7880
-5.6037
-10.2494
-9.5483
-7.1612
-4.2468
-4.6769
-2.6248
-0.9963
-1.0582
0.5043
0.8249
-0.2405
-2.1851
-8.1548
-6.9572
-2.8779
0.6780
3.4874
2.3079
-0.3301
-3.4350
-4.7049
-6.1951
-7.0175
-8.9538
-4.0649
-1.4095
-5.4799
-9.5233
-10.0439
-9.5102
-8.6267
-0.2127
3.9149
2.6195
-1.5110
-0.4342
-4.0574
-6.0319
-8.1825
-13.1515
-12.0138
-8.0042
-0.9418
-1.0816
-5.2524
-2.0759
-1.0731
-2.9969
-1.3135
-2.3211
-1.5376
-0.9010
-6.2234
-11.7833
-11.6930
-12.7115
-6.9380
-5.4338
-5.7029
-6.7108
-11.3383
-10.4803
-5.4696
0.0766
-0.3776
-4.7171
-10.4514
-12.8993
-12.8931
-8.3869
-1.0909
-2.3588
-3.2403
-2.3064
-1.2159
-4.1202
-9.1219
-8.2045
-6.5641
1.9501
3.9087
1.1596
-3.8406
-2.2693
0.9158
-3.6801
-12.7169
-13.5453
-6.5647
-1.9312
-0.1480
1.2628
0.2186
2.2165
4.4060
5.3601
7.3548
6.6953
5.7330
4.2263
2.9987
-6.3268
-0.2141
1.8707
3.4044
14.2474
10.8791
7.7875
3.5866
1.0730
2.2714
-0.3161
-2.7365
-6.3027
-11.2006
-9.0320
-5.6123
-1.2483
-0.4728
-0.4081
-3.3688
-1.2549
-8.0099
-12.8452
-8.8828
-3.7475
-10.3547
-11.2620
-7.1303
-2.8866
-2.0663
-2.7209
-0.9723
-1.0605
-1.4183
1.2924
-1.3159
-4.6648
-12.0219
-7.2219
2.3884
5.4813
1.8591
-5.3013
-11.1437
-10.6960
-9.5576
-10.2299
-3.3108
-0.9566
-0.9244
-0.7743
-2.1904
-0.7407
0.7012
2.6983
1.7817
-0.6273
-3.8573
-3.1210
0.7086
6.2109
6.9792
9.8152
7.2483
9.7509
14.5573
12.5407
3.8173
-3.7956
-3.8792
-10.4897
-11.4639
-7.6086
-4.4186
-2.4019
-9.2418
-9.5501
-6.2838
0.4895
7.1511
6.8680
5.2924
0.8780
4.1555
-0.2001
-4.9605
-2.8489
-8.0437
-5.2695
-1.4735
1.0830
-0.4749
-4.7309
-6.6187
-8.4548
-7.5292
2.0447
1.0796
-2.4606
-7.3457
-16.7444
-19.5480
-15.9765
-10.1895
-4.6255
-5.9538
-13.8441
-14.3592
-1.1373
-1.1314
-5.7672
-3.6597
-4.6961
-8.7082
-8.1500
-10.0004
-11.9186
-6.0410
2.2323
4.2397
1.2262
-3.8041
-9.4834
-4.2551
-4.8334
-5.4530
-1.8442
-6.7167
-7.9417
-4.3023
-1.2804
-2.4337
-4.6722
-3.6041
1.7677
1.8165
-4.5712
-5.0929
-6.0804
-7.2110
-6.0372
-9.1737
-11.1807
-8.6262
-6.1583
-2.1807
-1.2099
1.8566
3.0907
-1.7087
-2.8466
-1.8391
-1.1352
-4.3265
-7.0919
-8.5673
-7.5299
-6.0893
-2.0900
-2.0967
1.9615
8.4918
4.6543
-1.0669
3.9105
-0.0627
-3.0611
-2.3784
-2.2210
-3.7256
-4.8019
-2.1329
4.2932
7.3651
6.9998
2.9045
-4.9392
-3.1010
-5.2593
-3.7517
-0.5627
2.9579
1.4651
-4.5989
-8.2639
-6.4110
-2.4398
2.7064
0.8668
-6.2256
-7.5249
-2.7402
-2.2814
-7.8288
-8.0148
-6.1428
-6.2134
-16.6422
-18.0305
-12.4827
-11.7605
-13.7051
-11.3110
-4.6865
0.8240
4.6520
6.9518
6.0488
4.8109
6.7110
5.6863
0.4481
1.9924
-0.3434
-1.0200
-1.9357
-1.9523
-0.5480
-2.4951
-2.4850
-0.2481
-0.5109
-1.4224
-2.7655
-1.3920
-2.9805
-5.4379
-5.3674
-4.5729
-2.3764
-2.4840
0.3744
2.2803
3.3621
2.3940
1.8382
0.3368
-1.7655
-8.0793
-7.3269
-4.8253
-1.6067
-4.2403
-4.5321
-3.2420
-3.1361
-0.9666
-0.7460
-1.3975
-5.2119
-0.7440
1.3553
5.8890
5.9924
-1.1426
-2.6300
-1.1268
-1.9203
-0.4088
-0.7055
-1.6659
-2.8448
-2.9733
-1.2292
-0.7615
-0.7351
6.1721
14.2205
6.6246
1.3212
-0.6082
5.9627
3.0783
3.6015
4.9933
3.6832
6.2236
6.1224
3.0560
23.5056
14.0202
7.7339
3.3918
3.4039
4.8275
0.9154
1.5565
-1.1650
-4.0187
-2.8718
0.1864

Coefficient 29:
0.0000
-9.6802
-10.6326
-9.4939
-1.5561
3.4552
-1.4009
0.4010
2.5988
6.8162
3.5693
4.3224
5.5817
3.0625
1.6977
0.7960
-0.1465
0.7655
0.1450
0.2538
-1.2259
0.6499
0.0258
-2.3309
-1.8753
-2.4368
-1.1689
-2.8013
-5.3652
-1.4405
1.0232
0.3609
-1.5956
-4.2609
-6.2962
-7.8609
-11.0507
-9.8323
-5.5117
-2.5230
3.9162
1.2673
-3.7047
-2.6225
3.5844
3.1103
0.9586
-2.3824
-0.0448
6.6169
0.6285
-5.6493
-3.1915
-5.2632
-8.9715
-8.3182
-5.0430
-4.7480
-1.5649
-5.2749
-3.5787
-3.3898
-1.8890
-1.5554
-2.6255
-0.2425
-0.5028
-1.7205
-3.7030
-6.8040
-10.6628
-9.4710
-8.2159
-14.3053
-15.6797
-10.2145
-4.0525
-1.6324
1.3703
-0.5012
0.3273
-1.4828
-2.1785
0.1765
-4.0792
1.2775
4.7965
10.0535
8.4985
9.4190
15.5827
21.6624
18.5866
6.1061
2.9743
5.4186
10.3920
13.4010
3.8390
1.3412
0.4881
6.3037
9.0056
1.2095
-2.8208
-7.2394
-4.2151
-9.7986
-13.7456
-14.6096
-14.1066
-14.5845
-9.5778
-6.0098
-10.2173
-10.5188
-8.3475
-6.4710
-6.1114
-1.6101
-4.8260
-3.5416
-2.6637
-7.1025
-8.3643
-5.1102
-3.9600
-0.8103
-2.9932
-3.7335
-6.1702
-5.3038
-4.2312
-6.6671
-1.3578
0.9051
0.8886
-0.2419
0.6419
0.3705
0.8821
3.3756
2.7671
2.1648
6.4012
5.9155
2.9554
-1.3456
-2.7394
-6.7844
-3.9148
-2.1826
1.4810
-6.1958
-12.8198
-12.3663
-9.9299
-6.6681
4.9910
3.8198
1.4362
1.2983
3.4859
-0.0633
-3.5670
-0.7590
1.7148
1.5832
0.2546
-1.8560
-7.8019
-7.2953
-6.5511
-2.1469
4.3805
0.9890
-5.8895
-8.4837
-9.3373
-7.4114
-6.6347
-7.2591
-0.0100
5.8140
2.9916
-1.1529
-3.8114
-1.7112
-1.9173
-5.4376
-7.8798
-12.5323
-11.2193
-8.6570
-5.1590
0.9005
3.0362
-0.9447
-7.6560
-13.7327
-3.3613
3.0469
3.5070
1.1756
-5.1963
-5.8248
-2.6978
-2.2909
-6.8123
-7.6206
-5.8012
-4.4951
-7.1412
-3.4171
-2.2540
-5.3276
-6.8254
-0.5903
7.0602
7.4294
1.5942
-2.6154
-3.4808
8.0294
6.1203
2.5073
-2.6873
-0.9233
1.9829
4.0401
2.5296
-1.6981
-5.3101
-7.8078
-5.4900
-1.9068
-5.8629
-2.4654
-2.8311
-1.0158
-2.4830
-7.8520
-9.8857
-5.5586
-1.1776
8.2418
9.8088
8.2052
4.8587
2.7378
6.1608
6.6856
4.0329
0.8167
1.8939
1.3388
5.9220
6.6641
1.3937
-1.5102
-3.5288
-9.8087
-15.6232
-12.0334
-9.7628
-3.1209
0.3381
-0.3871
-11.1123
-17.4293
-16.9895
-12.9558
-7.2332
-1.3009
-2.2607
-1.4452
-5.1819
-6.1170
-7.0357
-4.3204
-4.0222
-3.8739
-6.8325
-6.1917
-1.8247
0.2713
-0.6629
0.0875
5.7573
2.1431
2.0491
-4.8663
-6.6535
0.7729
4.2766
-1.8456
-0.2950
-1.1575
6.5957
4.6863
-2.9158
-12.2281
-6.8644
-7.6155
-4.2804
-6.6837
-5.5702
-4.6045
-1.9461
-5.7841
-4.2183
-7.9334
-3.4958
3.8972
4.0051
-0.5919
1.8913
2.7271
6.2148
6.7607
7.1622
4.3233
2.8848
5.7110
1.1463
-0.0930
0.7201
0.5558
2.9946
0.4190
-0.1846
-0.2729
-3.4558
-3.9300
-4.0457
-3.4637
-1.2773
-1.6488
13.2647
2.8353
-2.4947
2.4293
8.3305
5.2865
-0.3479
1.8895
5.8590
2.5202
-7.1829
-9.9260
-7.6306
-5.6434
-3.1837
-0.4083
-3.9307
0.7175
-0.2661
-0.3614
-1.5376
-0.5506
-1.5506
-3.4667
-2.5574
-1.4787
-0.4059
-5.3074
2.4692
2.3411
-2.3305
-4.0988
-6.5191
-7.6068
-3.2200
3.4852
2.6029
-2.4345
-2.3566
1.1661
1.9303
4.6142
5.8926
4.1856
5.8712
5.5018
6.7713
6.0518
-3.3077
-3.6968
5.9736
5.2529
-0.2907
5.1755
3.7110
2.0648
-2.8154
-2.6349
-4.3330
-7.9312
-4.4318
-2.5174
0.4501
4.3773
12.3383
19.2647
14.6306
11.7038
7.2121
7.5186
6.7943
5.7477
2.9700
4.5909
-0.8532
5.9057
7.4813
3.3481
-4.3477
-6.7748
-3.3124
3.0925
4.0069
1.2054
-2.9494
-3.6894
-4.5251
-8.0603
-2.9925
-4.6690
-6.0199
1.6457
4.6971
2.9622
-0.1028
0.5883
-7.0903
-7.1589
-3.1504
0.7025
0.1910
-0.2447
6.1085
4.7110
-4.0263
-9.1328
-13.2093
-11.7746
-7.9094
-6.0039
-3.1604
-1.0943
-1.8428
-2.3080
-1.5997
2.0815
3.2232
0.1015
-0.6204
0.0963
2.8694
9.0752
14.1013
14.0181
8.2011
2.8888
0.7616
-0.4271
-0.3573
-0.3570
-4.9935
-8.9133
-10.5553
-10.7129
-0.0858
-0.3319
0.9393
2.1551
2.4193
4.4186
7.7700
8.8343
8.1312
1.6504
-4.4866
-7.5987
0.6369
4.5098
8.9968
7.2711
7.9814
6.7530
2.0568
2.3171
3.8265
7.1630
4.7277
2.7344
-0.4771
-4.6993
-4.8876
-5.6413
-4.5174
-7.5456
-12.0765
-9.9212
-9.2435
-10.2067
-6.7338
0.0766
-0.0133
-1.6546
-4.2216
-3.7179
-6.0493
-5.3100
-5.6929
-0.5741
0.1725
-0.8368
-2.4155
-1.1033
-1.6579
7.7866
18.9220
19.1929
14.3789
12.0434
11.1215
12.1023
14.6486
12.6090
9.4523
4.7898
8.1720
13.1124
9.4556
-3.1366
-0.2956
0.6803
-0.9625
-1.5512
-0.8156
-5.0652
-3.7617
-1.9709
2.9562
1.9971
6.2461
2.5231
-1.5085
-4.3419
-2.0938
3.5789
5.6857
0.8637
-7.1460
-10.6169
-8.2420
-5.1142
-1.0402
-3.2587
-3.0863
-0.7969
-1.6982
-2.1277
-2.4420
0.3319
-3.8846
-2.3968
-1.7258
-2.6933
6.9245
17.0314
14.8676
-0.0111
-11.8332
-10.8781
-4.4448
-11.8604
-12.9565
-7.0540
-9.8961
-7.6060
-8.5396
0.6057
8.7503
9.2901
-1.6635
-0.5121
2.9428
3.6013
5.5489
3.0253
-1.8494
5.2514
12.8074
8.5211
7.1278
7.9563
4.7589
-4.6714
-12.2427
-16.3470
-7.8598
1.0154
0.8383
3.9167
4.2856
-1.5376
-0.4432
0.1504
2.5196
5.3883
5.7906
1.1586
-0.2738
0.3395
-8.9297
-9.8272
-5.6764
-3.7546
-1.6894
-6.1323
-7.2837
-8.1416
-7.1184
-3.3677
1.8214
5.9098
10.2182
10.5145
5.5872
6.8567
8.8932
8.9290
1.5468
5.3187
8.0362
7.5969
6.8871
4.4935
3.5442
1.5091
8.0110
10.6479
8.8334
3.7568
6.4680
-2.6908
-4.2079
2.0138
-0.6228
-0.4239
-0.7079
1.4835
4.3473
-0.3768
1.4444
-2.3647
-11.0993
-5.7413
-1.3543
-2.4493
0.5069
-1.9970
-0.8477
4.5617
12.6643
13.6144
6.0258
-2.4473
0.5916
7.3273
1.8143
0.9963
1.3684
-1.9147
-8.0702
-10.7972
-13.8953
-22.3693
-23.0613
-12.4994
-6.6096
-3.7336
-4.5590
-1.5002
1.5241
1.2044
2.7637
8.8862
-5.0290
-13.6367
-19.5109
-19.0220
-9.3106
-8.8537
-10.5471
-9.2619
-8.6916
-5.5545
-4.0217
-1.5845
-0.9560
-2.9725
3.3894
9.4348
11.4239
3.4057
2.3132
2.1684
0.4114
0.7493
-9.2957
-7.8509
-4.0117
-1.6605
-0.1040
2.6228
2.3069
-2.2569
-4.3538
-13.6435
-10.4906
-3.7698
-0.8486
-0.5940
-1.1847
5.6668
1.4937
-4.3033
-6.3140
-4.4756
-4.7808
2.7849
6.6646
11.4489
10.8464
4.2349
-9.0039
-8.9632
-5.7649
-4.0862
-1.9715
-2.0483
-0.8087
2.2551
6.6175
5.7872
-2.2705
-8.6171
-7.5736
-6.6958
-5.2643
3.5436
1.3907
-1.0271
-4.7670
-2.5414
-2.3477
-1.9678
-1.6247
-3.4418
-3.0651
-5.4554
-6.5995
-4.5954
-2.6987
-3.0936
-0.5307
0.8962
-8.9805
-10.1742
-6.3526
0.8053
4.4621
5.8072
7.1624
1.7915
11.8730
12.7188
9.2551
5.9312
10.0929
4.4500
8.9222
15.0069
5.5454
2.5597
4.9908
6.5754
3.1802
1.8683
1.7353
2.9660
1.8265
4.2179
10.3685
2.3518
3.2736
-1.3845
2.7403
4.7588
4.9058
5.9712
4.0532
6.5716
2.9939
-1.9334
-7.4264
-2.3408
-0.6550
-2.9216
-6.1053
-9.3368
-10.5972
-8.6243
-3.9530
0.1923
-1.7124
-0.7823
-5.1738
-4.1488
-9.4856
-6.8040
-2.9235
-7.1182
-4.1698
4.2093
4.9069
-6.8843
-9.4020
-8.5964
-4.9017
-3.6727
0.8393
5.1126
5.2768
0.1003
0.2423
-1.5623
-4.9254
-7.8179
-11.4769
-13.2326
-11.8337
-6.2598
-6.4311
-11.4930
-16.7982
-19.1624
-12.5423
-10.1315
-11.0236
-10.2769
-7.6451
-5.0829
-0.6959
3.3175
0.5887
-2.7966
-0.6412
-1.0055
-4.2500
-4.3142
-1.2221
3.9588
5.7108
1.6296
-2.1621
-1.0072
0.7539
-0.4721
-5.0963
-2.6154
-3.0056
-6.3094
-4.7543
-4.7074
-4.1319
0.5733
-0.8475
0.1702
-1.5902
4.0579
6.1670
1.9799
-0.6267
-2.5228
-0.0678
2.2807
2.9830
-1.1885
-2.4186
-3.3034
-7.2931
-5.9812
-3.1800
-2.1754
5.0710
5.2373
-3.6936
-5.8124
-6.3607
-2.8022
-0.2330
-6.2983
-10.6881
-14.3237
-7.1857
1.3932
3.3447
-0.7974
-2.1182
-3.5559
-2.7174
-6.6981
-8.0288
-11.6693
-9.2311
-8.2872
-4.8654
-1.7270
-3.1434
-2.0741
4.4240
7.9871
9.0304
0.4425
-1.1563
-0.6317
0.2604
0.1986
-0.2442
-0.3521
-0.9607
-3.3550
-2.8464
-1.6910
-0.3053
-1.6706
-2.2134
0.5292
-0.1778
-3.2139
-2.8153
-0.0449
0.9618
1.2994
1.0332
0.0610
-2.0029
-1.9736
-2.4329
-1.3067
-0.0859
-1.2098
-2.7615
-2.8163
5.4150
2.4370
-2.4982
-4.2759
1.6198
1.1938
-1.9176
-1.5378
-3.1759
-8.0731
-13.8779
-8.0091
-1.1131
-4.0153
0.3412
7.9461
11.0201
5.2528
-2.8506
-3.8977
0.9442
2.0260
3.3475
-5.4574
3.2141
6.2498
10.6497
12.8094
12.1093
6.3488
2.0749
-7.4047
-6.2476
-0.1606
2.5562
-0.0624
-1.5678
-2.4856
1.1191
-0.9908
0.3434
-1.5594
-2.2038
-5.2074
-3.2671
-3.5613
-4.1170
-0.3532
4.3881
1.2239
3.0325
0.9438
1.4379
2.8348
2.6959
1.7204
-6.2772
-10.0441
-7.5944
-4.9555
1.3842
2.8872
-0.2456
-3.0589
-3.2814
-6.0002
-10.0122
-14.8080
-18.5140
-15.1870
-9.4154
-13.5462
-11.7996
-2.3095
4.2466
5.0274
7.3635
5.5081
-1.5226
-7.8495
-0.7061
-1.6696
-1.7898
1.9413
-2.2511
-9.2765
1.2443
4.3342
2.0476
-0.7607
-4.1315
-3.6597
-1.8784
-1.2172
3.0203
-0.0879
-0.3649
-2.0604
-1.2403
2.4330
4.5955
1.5769
2.2025
-0.6945
-3.8255
-3.7009
-5.6426
-9.7797
-6.5689
-4.4496
-3.8141
-0.2831
4.2004
4.7723
2.8735
-0.0262
3.0193
1.8859
2.0147
-3.5985
-5.0153
-7.9876
-5.2902
1.2923
5.6771
3.2309
-2.3390
-0.3131
3.4092
2.2238
-0.2050
0.8667
3.4993
-3.0493
-3.6098
0.3561
-0.2155
-2.0088
-1.1000
-0.3248
-4.9121
-1.0903
1.1511
-0.9553
-0.4869
1.5435
1.0812
0.2502
3.6195
-0.8235
0.7436
-0.6023
-3.6319
-8.8942
-5.8674
-2.2886
-6.1809
-15.6539
-16.1952
-10.8982
-10.8519
-3.1553
3.4562
-0.8182
-0.3298
-1.5805
7.1062
8.6851
4.5576
3.1618
1.1886
-4.4204
-4.1593
-3.8336
-1.3598
-3.9322
-9.4589
-11.5734
-8.2774
-7.2372
-4.0582
-2.7724
-1.5624
1.0462
-1.4461
-4.5478
-4.9217
-6.4758
-3.8396
-6.5782
-4.6354
1.3722
0.0047
-1.0087
0.5897
-0.7233
-0.8954
-7.2481
-7.1989
0.3532
4.9605
9.1965
7.9833
1.8631
-5.5891
-13.7326
-8.4893
-1.6509
3.6129
6.3383
8.5726
8.6321
-0.7913
0.4976
3.1098
-1.8322
-2.9232
1.8861
1.6411
3.0515
1.7458
-3.1822
-3.9377
4.6869
-0.9670
-2.5681
-0.5511
-9.6812
-15.7421
-14.3511
-14.6090
-13.2517
-7.6033
-8.2483
-5.0253
-0.1765
-0.8185
-0.7848
-5.2365
-5.9093
-6.8150
-9.8694
-4.4574
3.9572
10.7446
28.3814
23.8625
12.9134
14.2190
9.1608
0.4400
-6.0342
0.5848
7.4520
3.1111
-0.0700
-1.3920
-4.5476
-8.2400
-10.2747
-14.4892
-14.3621
-10.5000
-7.8483
-7.7636
-3.1556
-1.9105
0.5766
1.6120
0.3402
-1.7000
3.4647
6.2855
13.4332
11.0187
6.2853
1.7559
-0.4053
2.4382
5.2937
4.9074
5.6773
-2.7407
-12.2404
-13.5817
-5.7753
-0.3761
1.4306
3.0273
5.1308
5.7092
-1.8490
-3.4870
0.7418
3.7372
1.5820
6.9070
6.5465
6.2306
4.8174
0.9055
3.4675
-0.0845
-2.7746
-4.2630
-4.7037
-0.8627
4.1308
4.2794
7.4582
10.1987
6.5944
6.3858
9.7146
2.9972
-6.3467
-7.8263
-7.0299
-2.5518
-2.9711
-1.8926
-7.8503
-6.3341
-1.0814
0.1492
-4.6081
-5.2449
-1.4227
-1.5727
-3.4796
-2.9411
-5.9501
-7.2092
-5.1605
0.5401
3.0332
3.8247
5.5718
3.7955
1.4750
3.6871
9.9300
11.7905
11.6884
17.5198
10.9720
7.8797
7.9412
9.8317
7.7504
7.6872
7.3407
5.7763
4.9611
1.0203
4.8689
-6.4215
-16.1225
-17.6255
-13.0394
-13.6230
-5.3544
-3.7801
-0.1795
-8.5826
-8.3228
0.4827
3.5070
8.4807
11.3591
11.7035
3.6110
0.8084
-1.1434
-0.2472
-3.3482
-0.3005
3.1333
10.6557
7.0734
1.0885
3.0408
6.5148
4.0974
5.7740
5.4542
3.3684
-0.2225
-2.5875
-5.7341
-5.0939
-4.1504
-0.8007
3.6277
2.6095
1.3052
-3.0054
-4.5336
-2.5413
1.8499
-2.5390
-8.9833
-5.7190
-0.2399
-1.4514
-3.9899
-4.7199
-4.6576
-2.2777
-3.4258
-3.1232
-5.5903
-13.1223
-17.4360
-13.1803
-7.7961
-2.5771
-2.7150
-3.9339
-5.5428
-4.4335
-4.6722
-9.0435
-5.5903
-0.3627
-0.1417
-8.0117
-11.9763
-12.7947
-13.6578
-13.0939
-8.8330
-1.9484
1.2761
-1.8412
-3.5266
1.3218
-2.0810
-2.1571
-5.4421
-14.9179
-14.6779
-14.6591
-12.2963
-11.6640
-19.3892
-18.5071
-11.4105
-2.0032
-1.1691
-1.5526
0.5864
1.7042
-0.8031
-0.0040
1.6065
-1.8658
-4.7040
-3.0872
-2.1460
1.5787
2.3655
-6.2093
-13.6199
-15.8097
-16.9137
-16.6970
-19.7966
-18.4642
-9.3546
-4.9380
-7.3014
-11.5554
-7.4283
-2.5838
-0.4771
1.3632
0.2185
1.4373
0.7951
-1.0007
0.6790
2.5734
3.7101
3.3229
2.3544
-2.5196
-10.1309
-11.8322
-11.2056
-1.2917
3.9184
7.1487
6.5638
4.8026
2.8162
2.8169
-3.5782
-9.8188
-9.3848
-7.0889
-2.6918
5.5185
8.3729
2.8575
-1.5644
-0.5408
0.0278
-4.4268
-11.0608
-13.9746
-7.2347
-3.8203
-4.2280
-3.3592
-4.6899
-7.6151
-9.1673
-10.9673
-7.4583
-2.0805
-3.1862
-7.5941
-15.7509
-14.3977
-10.9099
-4.1886
-0.8295
0.0255
-2.8794
-6.3280
-6.2203
-2.7260
0.9432
-2.3836
-1.6631
0.6948
-2.1278
-1.1050
-1.5835
1.4108
0.9545
-3.9458
-4.4156
5.3220
12.0868
13.5657
14.4117
18.6086
20.2889
19.2319
18.6445
10.9391
5.0104
2.0900
0.1701
-1.8798
-6.8305
-6.8286
-2.3746
0.9694
-9.5376
-8.0244
0.1096
7.9488
18.4659
20.5879
16.8182
10.6186
11.9746
10.3784
5.4972
0.0973
-2.7067
-2.5656
-0.4729
-0.5433
-4.2347
-12.7204
-13.3015
-13.3970
-10.3713
-9.3200
-10.1410
-8.0699
-1.7535
-6.0374
-10.8172
-12.2938
-4.8067
-1.0089
-3.8062
-2.4333
-1.5376
-6.4612
-6.3847
-3.0516
-0.0163
3.3126
0.0926
-9.2995
-21.3253
-27.7305
-21.1637
-17.4810
-10.0653
-6.1914
-5.8650
-7.6496
-9.6374
-12.4464
-10.1325
-14.1860
-17.6634
-13.1670
-6.2406
-8.2175
-11.2268
-7.1990
-6.8504
-7.0870
-8.7767
-5.7557
-3.7351
-7.1364
-8.9547
-6.8089
-2.3388
-1.3318
-1.9702
-6.0553
-4.0746
-5.0643
-3.5818
-2.1564
-2.1469
-3.1033
-1.5153
0.1315
-1.6827
-5.2404
-5.0733
-0.6696
-1.5320
0.8219
4.8342
2.1446
5.7195
3.7872
-0.5874
1.0149
-2.6507
-1.5003
-1.2324
-4.2269
-7.0933
-10.3342
-5.6295
3.0564
4.4394
6.8837
8.2245
10.7457
7.5457
-1.4607
-3.8363
-0.0973
6.5187
9.9323
13.3075
7.6076
1.3150
-0.9772
3.7866
3.7486
4.1878
8.2264
9.0643
7.2911
0.8085
-6.1458
-4.7313
-3.2903
-4.0794
-3.5086
-2.7436
0.5601
-1.5046
-2.0567
-0.6271
-3.9833
-4.8708
-2.7894
-2.8720
-5.4426
-2.1599
1.6831
-0.1497
0.5089
-1.0931
-0.8393
-1.7354
-1.6266
-0.1955
-2.1351
-2.3450
-0.2135
-0.5109
-1.2332
-2.6185
-1.3604
-3.2589
-5.6477
-5.6067
-4.5302
-2.3666
-2.4751
1.3002
3.2760
5.5229
5.3644
7.6984
7.2170
2.1824
-15.1811
-16.0341
-9.7276
-5.0919
-5.0183
-3.7490
-2.8261
-2.7905
-0.4662
-0.2506
-0.9081
-3.1659
-1.8858
0.0036
2.3612
3.5383
1.0103
-0.4868
-0.3326
-1.8892
-0.6684
-0.7185
-1.3990
-2.7362
-3.0921
-1.0377
-0.3468
-0.0475
3.8620
0.0745
-4.7641
-8.7433
-3.1512
-0.4341
-2.6221
-0.8241
-2.0998
-4.1283
-2.4495
-1.1126
-2.6823
7.2560
1.5547
-1.5877
-0.6404
0.3653
1.4105
0.2488
4.1015
-0.7331
-5.2975
-3.8654
-1.4907

Coefficient 30:
0.0000
-8.8723
-10.3659
-8.7473
-1.9574
3.6366
-1.1185
1.7259
5.5901
2.1550
-4.4544
-6.5690
-8.3668
-6.4386
-3.8033
-0.5875
0.3059
0.9459
0.3646
0.0881
-1.9350
2.1171
0.8517
-2.9703
-2.8325
2.4052
2.9944
-0.4332
-3.0946
-1.1056
0.7860
0.2078
-1.2780
-4.2903
-6.3343
-6.6714
-9.2590
-9.2111
-4.8913
-2.3148
2.1995
-3.7786
-15.8328
-14.5201
-6.0633
-4.2530
-3.2073
-6.8199
-3.2958
2.9153
-0.7160
-0.9678
3.7690
-0.5658
-5.6331
-5.1704
-4.6582
-5.9492
-3.0778
-5.5026
-7.9872
-6.3835
-6.7919
-9.8473
-6.5015
-1.1324
0.9057
1.4872
-1.5204
-3.9105
-5.3468
-9.3206
-3.4351
-1.7325
-3.8948
0.6731
1.2673
-7.5721
-10.8229
-11.5212
-11.8063
-10.1996
-6.9886
-2.4086
-3.0615
-2.1264
-0.4377
0.5208
0.7385
3.0003
8.7046
9.2670
5.7212
-5.5962
-15.3817
-12.3166
-4.2155
1.8045
-0.1706
-2.7214
-2.1766
5.1927
10.5670
5.9695
-2.4779
-7.9632
-2.4472
-4.8581
-8.4881
-8.1565
-9.8893
-13.3251
-8.1945
-2.5991
-0.1340
1.3269
-5.2130
-3.6556
-2.6143
-3.2498
-6.9960
-9.0107
-5.4124
-9.2742
-9.9630
-8.9794
-6.0406
-5.3135
-6.6281
-8.1803
-12.4089
-9.3508
-6.2084
-4.9389
-1.0633
-4.8688
-6.1347
-3.1077
-0.9999
-0.4532
-1.2992
1.3684
2.1462
2.0514
1.1415
2.0953
3.2864
2.6496
-2.2253
3.0694
7.2234
2.4989
-7.8536
-5.4103
-4.2732
-4.8059
-5.2729
-4.4698
4.9165
0.3768
0.1082
-4.1826
-6.9927
-1.3207
0.8231
2.2999
1.6854
-2.3042
-0.9529
3.1265
2.7256
-0.8333
-2.5121
-1.5731
1.2951
6.4963
1.3798
-0.8564
-2.7614
-5.3396
-8.8329
-13.4490
-18.4263
-16.6964
-17.1903
-24.9645
-28.2599
-26.8268
-28.1325
-27.4619
-22.9558
-22.2357
-20.6245
-21.6163
-21.8202
-13.9646
-6.5426
-8.1037
-11.7055
-17.3639
-14.4833
-9.0375
-2.9900
-0.0848
-4.8053
-4.1910
1.1650
4.8556
-2.3804
-10.3118
-11.5402
-1.5739
-1.2052
-1.5752
-2.9939
-1.8031
-3.9333
-7.9336
-7.9944
-9.3397
-12.0124
-6.8413
-5.3031
-0.3221
-3.3614
-6.7615
-12.9619
-13.6861
-17.1253
-16.5886
-10.0725
-9.0467
-8.5730
-7.0517
-2.5328
-1.8370
-5.0552
-2.3502
-5.2683
-7.4038
-3.5953
-4.9590
-6.6721
-4.6185
1.3060
0.7051
-4.1945
-3.6013
-3.5176
-3.1763
-3.5071
-8.3984
-9.6564
-5.2588
-1.6974
0.3300
4.6255
5.7236
2.6748
-1.2807
1.7839
12.4968
4.8454
1.1618
0.8388
6.6934
9.8798
9.8548
1.8255
-6.9023
-12.9545
-9.6352
-4.7491
-1.6128
-1.7946
-3.0897
-1.2239
-2.9019
-6.2174
-2.8155
-0.3857
2.2604
3.6157
2.3799
-3.8257
-1.4592
-0.4305
-3.5252
-4.8723
-8.2003
-9.4852
-9.1394
-8.8984
-6.0627
-2.5494
-2.0978
-0.4640
-1.1434
2.9337
0.0614
-9.3111
-10.3087
-8.2525
-6.1491
-6.5881
-12.6286
-12.1615
-7.1548
-0.1087
2.1966
-0.5691
-10.1384
-15.4561
-11.0046
-9.7832
-15.6724
-11.5353
-6.0606
-3.4940
0.4561
0.3076
-4.3099
0.0900
7.4151
1.3626
0.5708
1.4529
1.9140
4.0612
1.5815
-0.1295
-0.5325
-2.8943
-2.1404
-0.5782
-2.3018
-0.9930
0.9447
15.7643
0.2806
-2.3305
1.7074
10.5657
4.7850
-1.9492
-4.1501
-2.3301
-0.8694
-4.5621
-2.6683
-6.5141
-11.0667
-12.1045
-11.7408
-0.4004
2.0043
1.2046
3.1874
9.1169
6.5292
0.3761
-6.3025
-9.3672
-7.7957
-3.1639
0.5176
2.8895
4.8792
4.4732
0.2190
-0.3310
-1.9282
-0.6364
-1.8037
-1.6894
5.7463
1.7225
-2.4431
-1.1814
0.9887
1.1304
2.8242
-2.1012
-5.9391
-0.7337
2.0251
-4.7608
-10.2295
-7.4732
-10.8959
-14.0685
-7.3048
-2.1419
2.8174
3.9617
1.6798
0.6107
2.9483
8.5233
8.9135
6.4079
12.7621
10.9321
3.1642
-5.3527
-3.7811
-3.8404
-1.1758
2.2630
3.3268
-1.3471
-1.0256
-9.8928
-11.7520
-8.7148
-9.1678
-8.0724
-7.2443
-3.9925
-0.6987
-2.3828
-8.1584
-14.9964
-15.6401
-6.2871
3.3103
7.2752
6.0558
4.4309
2.2926
2.0874
-0.0225
-5.8868
-3.7537
0.4359
1.9806
2.4048
5.3590
6.0020
7.7736
8.2755
4.2204
0.5574
-5.9435
-8.7531
-10.0040
-6.7046
-8.6998
-8.9032
-3.9578
2.4597
2.9952
3.0751
-0.2343
0.0160
1.9114
1.2790
1.3531
6.4633
11.1967
12.1812
15.4921
7.8207
4.7627
7.5811
8.4290
2.6582
-0.5980
1.0329
4.3905
0.7696
-7.1180
-5.1194
-4.4041
-2.4066
-3.9322
0.9059
0.0242
-0.0301
1.1262
0.1848
-1.5654
-2.3368
1.2877
4.2037
-2.4503
-2.2796
4.2992
10.5016
11.4729
4.2635
-0.2149
-3.1513
-11.5595
-16.8493
-11.6359
-3.3984
-5.1777
-9.0725
-8.9973
-6.3874
-5.6574
-6.6682
-7.9779
-4.6866
-1.1342
-0.0744
1.7918
0.9184
0.4829
-0.3272
-3.4644
-2.2873
3.0197
-1.9018
-12.7421
-17.2775
-11.1550
-7.6987
-6.1407
-1.3371
0.2220
5.0207
6.8807
2.7481
-0.5291
3.9775
8.5235
11.9305
13.5230
13.8087
13.3732
16.5058
12.4313
7.0615
-3.0013
-10.7569
-16.2416
-18.1279
-15.1566
-8.7433
-4.0596
-3.6078
-4.8136
0.6786
7.0155
7.8108
8.5790
3.7327
2.8647
7.3360
10.1920
15.4228
20.9640
20.3431
9.5555
-0.2786
-3.4794
-1.7052
-5.2911
-8.3886
-4.1849
-4.3448
-2.9097
-1.3951
2.0771
-3.8236
-5.2839
-4.7854
-4.7437
-9.0003
4.9531
16.2631
18.5227
16.6980
20.1864
17.6256
4.8881
-4.1004
-3.6553
-1.6874
-5.8210
-9.8429
-10.6791
-1.5323
3.3203
-0.8692
1.3680
-0.1628
-5.4808
-3.3981
-3.6281
-4.1617
-2.0872
-2.5467
-8.7697
-4.9740
-2.3259
-2.0331
-3.5543
-7.7051
-9.0030
-9.6610
-16.3853
-12.8867
-2.4647
5.0187
6.1940
5.3223
2.7821
4.5014
6.4498
4.2104
1.0603
1.7677
-0.5909
-10.4584
-9.1806
-8.5634
-6.1537
1.4237
9.1723
4.2241
-2.2907
-5.4935
-1.9581
2.2188
4.5520
8.1102
5.5693
-3.7420
-3.9383
-1.3831
2.0773
-5.9386
-3.5743
1.2076
1.2876
5.8828
1.2274
1.3194
-2.0596
7.1955
8.0561
3.6754
0.8295
3.4242
5.0408
5.9068
9.0623
-4.7891
-15.0057
-18.1084
-17.0207
-14.0396
-13.1311
-9.3879
-9.3031
-9.2708
-10.3936
-11.8876
-14.6481
-12.3384
-1.4097
4.2357
-0.1399
3.6008
6.4948
-0.5183
-8.2249
-1.2072
7.2983
1.1200
-2.2756
-2.5980
-0.7500
-2.4897
-3.5453
-6.9641
-12.8248
-14.5293
-13.8457
-5.3481
-4.2051
-1.0051
0.3700
4.0918
1.4978
-2.6799
-5.2163
-10.1789
-17.9849
-26.4948
-23.1347
-10.6343
-8.5487
-4.1638
-4.5491
-5.9357
-5.4600
-5.0472
-2.7002
1.4408
12.2106
8.6737
2.4552
2.4675
1.1297
0.7091
5.3414
-1.2703
-5.0699
-5.5293
-3.8011
-1.5577
0.6230
3.6075
3.9876
1.4968
1.4503
3.7234
-3.6218
-10.6489
-16.0146
-17.6183
-12.3797
-7.5516
3.0250
9.0044
5.0435
-2.7252
-0.0682
-4.7302
-5.0733
-13.6502
-17.6362
-18.3330
-1.9671
-2.8922
-6.0721
-10.1846
-7.3707
-0.0307
-3.2621
3.7501
10.1332
9.4284
8.0332
7.6205
4.2383
-1.7223
-7.4675
-4.5156
0.5083
-1.0213
-3.7555
-3.9245
-2.7735
-0.8331
-1.3573
-1.9815
-2.3839
-1.9230
-1.4243
-2.2181
-0.4082
-1.6490
-0.0968
0.1680
1.7417
1.2098
2.7611
-8.6759
-0.3311
1.9197
-0.6901
0.3362
2.3638
9.9432
0.8547
-14.0981
-11.2583
-19.1577
-16.8206
-9.4463
-3.5433
3.3615
1.6463
5.4821
5.7982
3.0770
4.4943
-0.5543
-6.0766
-3.7785
-7.4679
-8.5525
-11.5643
-6.8296
-12.6347
-18.1369
-14.0498
-13.0894
-10.5552
-11.8646
-12.4064
-6.0276
-3.2854
-3.1992
-4.6077
-1.1710
1.9363
-0.5660
-6.5650
-6.4931
-5.9664
-2.8134
-1.3777
-6.3380
-8.1036
-10.3600
-7.1090
-10.0554
-7.9740
2.4878
1.5440
1.8751
2.6736
6.5665
2.3780
2.7388
0.8689
-6.5361
-7.6614
-5.5722
-3.3770
-3.2376
-5.3089
-3.4076
-6.0008
-7.3916
-4.7614
-5.8165
-9.6495
-10.9640
-8.4462
-8.2607
-12.7206
-14.1598
-2.6878
-0.9041
-4.1019
-5.7874
-6.6798
-3.3396
3.9539
6.0024
5.1050
2.6756
3.8700
7.4952
5.2660
2.1924
3.0890
-1.9205
-3.4322
-3.9567
-3.0465
0.4119
2.1510
-6.1749
-7.5774
-9.8325
-11.6625
-6.3841
-3.2248
4.6285
10.5517
2.3625
-8.5055
-10.2696
-8.3771
-11.8357
-1.6569
1.5944
-0.4283
-1.4383
-3.3446
-2.0145
0.7972
-3.9489
-4.3289
-1.2693
2.4398
5.0158
6.5634
3.2649
1.8048
7.8433
10.5704
11.5550
11.8794
9.0852
2.8487
1.6096
-4.4106
-8.1585
-8.9052
-7.5584
-4.6451
-5.1861
-10.1121
-13.0108
-5.7409
-0.7273
3.0071
4.2582
4.7162
-0.6369
-0.5782
-2.6910
-2.3299
-1.1489
1.0848
5.1407
8.0601
11.1581
5.5067
3.7426
1.4013
0.7411
0.1749
-0.3105
-0.8841
-1.5647
-2.7050
-2.5744
-1.4640
-0.6399
-1.6538
-2.2340
0.2470
-0.2217
-3.0568
-2.6822
0.1818
1.2200
1.6130
1.0715
-0.0394
-2.0166
-1.9022
-2.5637
-1.3556
0.3509
-1.1507
-2.8075
-2.9498
6.8524
4.5365
-2.8349
-7.5983
-3.0426
-0.7709
-1.1008
8.0694
15.0028
10.2631
-1.4968
-2.5096
1.5485
-13.0172
-11.5083
-3.9855
1.8443
6.0987
0.4378
-10.1400
-13.6318
-13.3597
-6.0028
-5.2743
-3.3193
-10.5027
-14.4489
-15.2093
-9.8686
1.0574
1.4096
-4.6882
-3.1070
-0.5511
3.9371
3.4688
-1.0362
-3.6842
-3.3179
-2.6068
1.2825
1.2120
-0.7443
-1.2233
-1.7979
3.4562
3.2771
-3.6787
-1.1789
-3.0889
-7.8520
-10.4903
-9.4465
-14.4566
-10.6284
-7.5347
-11.2989
-15.2387
-18.5375
-14.1128
-10.7987
-7.3282
-4.8307
-4.3226
-1.0083
-3.8608
-7.5616
-9.4237
-12.6440
-19.2409
-16.8170
-18.1820
-19.0267
-22.5559
-19.5574
-12.7860
-7.9182
-8.6698
-8.3632
-5.6700
-4.1572
-0.5324
-4.5642
-8.6730
-10.2120
-8.8349
-7.3215
-4.1056
-3.2261
-0.9357
1.2323
0.1433
-1.9365
-12.3271
-7.6901
2.3403
-0.4008
-3.5566
-5.1411
0.5827
7.6830
0.9843
0.1662
-2.1139
-1.0882
2.1791
-0.8801
-3.7009
-1.3106
-2.8279
-5.0391
-5.2093
-0.6141
0.7285
-3.2583
-6.4143
-6.3008
-9.8486
-14.4330
-20.4434
-23.4179
-19.8617
-11.8074
-5.3846
-2.3574
-0.2499
-0.4902
1.8361
4.4055
7.3816
7.7385
6.9216
4.3489
-0.0694
-3.6482
0.9097
0.1119
-1.9346
-1.1336
-5.8651
-9.8816
-9.3918
-1.1456
1.2357
-1.9533
-4.6358
-1.4110
0.6433
-2.4946
-9.0910
-13.1726
-15.7325
-11.0983
2.0254
6.4604
3.7418
3.9671
4.4031
8.5512
10.0307
4.8662
-0.7117
-1.8871
-4.3704
-1.3454
3.3460
-2.6986
-14.9397
-18.2507
-7.1440
-0.9115
-5.2970
-8.5580
-6.9860
-1.7229
3.3174
2.7277
1.0224
1.0483
1.7272
-6.8151
-8.1317
-4.8058
-4.4757
-3.0367
-5.5581
-7.3901
-1.9236
-3.1313
1.7801
4.4135
-0.1054
0.2636
3.8090
4.4140
2.5758
2.9541
0.4042
-4.3991
-6.6163
-9.1984
-5.6176
0.9234
2.6758
1.1068
-3.3371
-4.3200
-5.0155
-11.7828
-10.0989
-8.7483
-5.1234
-12.5768
-12.7567
-10.4706
-7.6827
-10.2050
-10.2234
-4.4145
4.6396
8.4984
7.0212
-3.2945
-9.3147
-12.2306
-13.4741
-6.9057
-2.8697
-2.0945
-3.5539
-0.2156
-0.7360
-7.9888
-7.2881
-3.5389
-1.2833
-1.0654
-0.7491
-2.9884
-3.2236
-5.9237
-10.9373
-10.5550
0.3484
13.5443
20.9858
5.5248
-9.1805
-7.4869
-3.4944
-3.7503
-10.3971
-11.1627
-6.6783
-5.6509
-0.2478
2.7483
-1.2504
-9.1149
-8.9564
-8.2354
-16.0344
-13.4091
-17.4230
-22.3457
-19.5104
-15.2826
-16.3377
-11.2644
-9.3898
-8.7873
-1.8454
1.5898
-0.0945
-3.7318
-12.6705
-12.1207
-3.6082
4.1488
-0.4076
3.3246
9.7249
5.8591
-2.8599
-10.6539
-9.1640
-7.3108
-10.0534
-12.7568
-15.4816
-16.5141
-12.6071
-9.6697
-13.7921
-14.1332
-11.3708
-7.1063
-5.4854
-12.4809
-13.6624
-11.8857
-14.1916
-16.1954
-17.6256
-13.7028
-8.1000
-6.0570
-7.3488
-8.6750
-8.7234
-9.6589
-2.1764
0.0616
3.2617
-4.1586
-13.6621
-12.7735
-3.2446
3.6061
-5.6416
-6.2911
-5.3069
-3.4664
-10.5187
-9.4313
-10.6290
-6.1787
-4.9940
-5.8923
-4.1963
-2.1585
-1.5699
-4.0653
-5.2518
-1.6437
0.4674
-2.2636
-3.1073
-1.6384
-1.8916
-2.4754
-2.6053
-0.4690
-2.3771
-0.4459
-11.1588
-16.5103
-17.7146
-13.7576
-5.9731
-0.6802
0.5278
1.8490
0.6844
-3.4482
-0.2182
-7.4645
-11.0861
-7.5061
1.9683
3.7341
0.7348
-10.4852
-10.7882
-7.7392
-6.2055
-2.4384
-5.3310
-4.7990
2.0164
12.4596
8.4120
0.9960
1.5107
-0.2771
-11.1537
-12.0882
-11.4289
-9.0035
-3.1396
-3.3521
-11.1526
-15.3683
-10.8727
-12.0808
-4.3567
-0.3256
-0.2775
-3.7507
-4.8429
-7.2299
-7.1334
-4.9590
-3.1740
-5.5963
-9.7612
-12.0163
-11.4310
-6.4179
-0.7946
-4.7254
-11.8088
-6.3868
-2.0902
-1.6132
-3.5096
-2.5192
-0.6220
-2.4122
4.4213
10.2765
13.0518
3.2951
-3.7048
-5.4297
-8.3659
-11.6802
-14.7429
-12.7363
-11.1862
-7.0822
-9.6538
-7.0376
-6.4244
-12.0255
-6.8084
-11.2054
-11.9087
-10.4858
-9.3679
-6.4197
-2.7403
-5.5590
-2.9558
-4.8820
-7.4989
-7.7623
-6.3200
-2.0631
3.9055
-3.5533
-7.5876
-7.8509
-3.7866
-1.1723
-9.2080
-11.0945
-9.0935
-2.2158
-1.5457
-6.3365
-1.7642
0.7721
-4.6913
-7.1543
-3.5077
-7.7495
-7.3883
-8.7231
-7.3258
-4.5203
-0.9569
-2.7267
-10.7947
-9.5127
-5.6203
1.0508
3.8510
3.2024
-0.2864
-7.7333
-5.3692
-3.4908
-6.2837
-3.4569
-1.1125
1.0726
-0.8598
-2.1866
-4.8454
-6.0373
-6.3593
-6.5005
-5.9005
-5.4436
-2.3694
7.4554
0.7432
-6.2874
-7.8038
5.7329
9.4463
3.5618
0.5239
4.5509
3.3981
11.5621
1.5155
-13.9064
-12.3657
-7.4692
-7.2529
-6.5104
-3.3314
-2.5766
-2.3793
-1.4639
0.3661
-3.7947
-6.0748
-12.1248
-22.8728
-21.8092
-18.3584
-12.8283
-9.3213
-10.4348
-14.8183
-15.3231
-11.3309
-9.4938
-6.7931
-2.9088
-2.6324
-1.8244
1.1183
9.1943
7.6061
1.3115
-1.4417
-4.4133
-4.1921
-2.4053
-6.8731
-11.5710
-10.5908
-9.3874
-5.7619
-1.2364
0.0589
0.5351
1.2177
6.6517
9.1694
7.3943
4.4998
3.0788
-5.9389
-10.1740
-8.5320
-10.5205
-13.2458
-14.2973
-14.0446
-6.5166
-4.2011
-0.2832
-3.0563
-2.4478
-0.1873
-2.1141
-6.9330
-2.7512
-2.5264
-4.8192
1.4479
7.3466
6.2632
-1.0090
-0.8184
1.8452
1.6769
-3.4977
-5.6703
-6.7859
-2.0736
1.6529
2.0143
-5.0437
-7.5830
-10.8246
-7.3081
-9.9335
-12.7854
-8.1018
0.4450
-2.1990
1.5808
1.0298
-1.1771
-1.5880
-3.4623
-1.1175
-3.5846
-8.9683
-9.7762
-11.3088
-10.3662
-3.4368
2.8497
-4.8149
-12.5854
-18.6676
-13.4679
-7.5940
-11.4875
-15.9158
-13.6598
-15.5518
-16.4428
-15.5194
-9.3582
-2.1777
-3.5325
-3.7698
-1.4151
4.0054
0.8507
3.8157
-1.6219
-2.2960
-5.0853
-3.8613
-3.3145
-8.3286
-10.3540
-7.5223
-1.9025
-4.9297
-8.0508
-10.5799
-5.6743
-9.6736
-9.4498
-7.7149
-6.8355
-4.8279
-1.8865
0.3399
-4.3915
-11.8099
-10.5506
-6.1122
-4.8637
-2.4440
0.8040
-3.2823
-3.8685
-0.8470
-3.4004
-7.8322
-9.2508
-10.2137
-13.2571
-13.8453
-8.7384
-8.3190
-7.0231
1.2195
5.3922
9.0695
10.0565
8.1414
7.1356
0.8624
-4.9799
-1.1486
3.4029
3.8878
-1.6903
-4.0736
-3.6799
-3.9275
-3.6646
-1.7431
-0.9466
-4.6056
-8.1995
-6.5109
-4.2237
-3.1441
-2.8560
-0.4353
-1.6870
-2.5654
-0.8862
-5.1385
-8.8167
-12.1959
-11.4787
-8.2709
-2.5469
-2.8428
-5.2655
-10.2263
-10.3328
-3.6017
-0.6728
-1.3185
-2.4155
-0.6676
-1.4747
-1.2655
0.1538
-1.7295
-2.2037
-0.2088
-0.5361
-1.0625
-2.4473
-0.4016
1.7930
0.0512
-0.1940
-1.2023
-2.3112
-2.4440
0.9997
2.8003
3.8617
3.6222
6.8883
7.4249
3.8754
-7.7315
-4.7941
2.0503
8.1107
2.4322
-2.3965
-2.4097
-2.3996
-0.0664
0.0858
-0.4920
-1.1345
-2.0030
-0.6961
-1.4069
-1.3494
3.0753
1.4841
0.4085
-1.7209
-0.8558
-0.7412
-1.1478
-2.5957
-3.1654
-0.8467
0.0545
0.5244
-5.1003
-9.5272
-6.1833
-4.7048
-1.6239
-2.4330
-6.2958
-3.1503
-2.0700
1.7254
3.4590
0.0765
-1.0634
-0.8584
-0.6443
-1.0490
4.8298
9.6712
10.9192
6.4577
4.7961
4.9216
6.1948
3.1483
-1.7516

Coefficient 31:
0.0000
-2.8913
-2.0519
-0.4590
-0.7296
3.6187
-0.7723
0.8860
3.7575
-0.9150
-5.0745
-5.6594
-10.0213
-11.8991
-8.0264
-3.1147
-0.3416
0.9841
0.1908
-0.4541
-2.5022
2.2766
1.1867
-3.4921
-3.5630
6.6630
5.7740
0.9286
-1.4926
-0.5468
1.3982
0.0005
-0.8963
-4.2808
-6.2445
-7.4445
-8.8979
-7.8034
-2.5740
-1.3311
0.6186
-0.9325
-6.7100
-8.5920
-3.1137
-1.1941
-2.6276
-4.8836
-1.6415
0.0224
-2.2061
2.5338
12.1326
5.6052
-0.9168
-1.0831
1.8510
2.5600
3.7906
-3.1423
-4.2106
-8.7220
-12.2028
-8.8872
-7.5214
-2.7323
-2.7984
-0.3828
0.0766
0.6824
-9.1884
-11.3680
-3.2398
2.2079
-0.8836
2.1305
0.8811
-8.0962
-13.3905
-13.4628
-10.8989
-9.5872
-9.0132
-4.7648
-7.9191
-9.8838
-7.5649
-2.6520
-3.8016
-5.6556
-4.3617
-8.5559
-11.5591
-18.4274
-27.0092
-24.6247
-14.4182
-9.7702
-8.0743
-2.8264
-4.0574
-3.3258
-3.3160
-3.2824
-4.1161
-6.9243
-8.4704
-12.3099
-13.6243
-8.9514
-5.7886
-6.1395
1.5301
10.6820
7.5093
2.5118
1.6778
5.0439
6.1301
4.9263
-1.0374
-3.1939
-1.5853
-2.2352
-1.7426
3.8045
6.7642
-1.4098
-2.9158
-7.4749
-13.2067
-12.1390
-6.4422
-0.1585
1.8194
-8.3896
-9.7234
-5.0101
-0.5331
1.1287
-5.4979
-9.7640
-8.9384
-5.9546
-0.5979
3.8060
3.9135
6.0885
5.9957
6.2365
5.5268
0.6491
-4.9655
-4.8446
-4.8062
-0.1826
0.0627
-0.1795
3.0414
-8.3435
-15.3150
-15.1792
-7.2631
-12.2479
-10.7241
-10.5220
-9.6078
-5.7385
-0.7962
-0.2919
-8.3516
-7.0909
-4.9892
-7.1150
-12.1285
-15.0758
-3.0617
2.6268
5.1217
1.7231
4.1806
7.2592
2.5807
-4.9953
-7.8004
-15.3158
-19.6098
-14.3909
-12.1722
-9.3513
-7.3918
-9.3330
-7.3169
-7.0776
-10.1680
-10.3849
-6.2070
-6.2708
-7.3244
-5.3277
-7.5208
-5.8863
-2.8003
6.1753
1.4058
-0.6501
-0.8689
-0.5477
-2.1995
-11.6181
-16.6206
-11.9117
-8.3038
-2.7288
-4.4556
3.9363
-0.4424
-10.8107
-12.7754
-16.6908
-12.3137
-7.8476
-5.8174
-4.5848
-8.4309
-7.4726
-5.6683
-9.1648
-10.8391
-10.8142
-3.8973
1.2219
1.1880
-0.8324
-5.2611
-1.1412
-1.6990
-8.9598
-13.0083
-12.3192
-1.9828
-0.0580
-2.1895
-3.7939
-1.0441
-8.1131
-12.4971
-10.0030
-9.4009
-8.0270
-9.3024
-10.5229
-7.6054
-2.0959
2.2043
1.1566
2.2297
3.6593
3.6598
-1.0494
-0.5072
4.5298
-6.0155
-10.3299
-7.8240
-3.2713
-3.3815
-2.5090
-3.8279
-9.1417
-12.3104
-10.4069
-11.9862
-13.9893
-13.7749
-12.0072
-10.0187
-10.6443
-12.7482
-14.2180
-10.8926
-3.6164
1.0696
-0.8262
-4.9557
1.0612
5.2314
5.0009
2.3375
-4.1527
-1.4072
5.2052
2.9030
-0.2587
3.1847
1.6041
-0.3713
-1.1826
-0.2892
0.2378
-5.1189
-8.7141
-7.9487
-6.0138
-10.1743
-1.1653
-3.0345
-4.8043
-6.9044
-5.7712
-6.5036
-15.0994
-17.9478
-12.3366
-5.1772
-7.6891
-7.0779
-1.8587
4.5802
3.5386
-4.7511
-6.4022
-0.5785
9.5623
3.2744
1.3553
1.7991
-0.0512
1.1488
-1.3013
-0.5378
-0.8594
-2.4142
3.2985
2.5783
0.9834
-1.9189
0.2566
9.9719
1.0567
-4.6540
-7.8640
-6.8494
-10.7496
-10.2165
-9.5680
-5.2301
-7.2543
-6.4669
-9.5066
-14.7392
-15.2687
-13.0047
-12.6788
-7.7871
-4.2943
-2.3551
-2.5307
4.8770
5.9564
-1.6032
-8.7997
-12.9811
-11.4982
-10.2510
-10.9211
-10.0318
-8.9358
-4.7455
-4.7175
-3.4962
-3.5157
-0.9748
-2.6714
-1.5336
0.5155
0.5504
-1.3901
-2.7912
-2.9907
-3.7265
-2.4803
-4.6890
-7.7394
-8.4422
-4.9268
-4.0766
-2.6434
-3.7302
-1.8220
-7.5415
-5.5412
-3.1651
-0.1559
1.4160
-5.5826
-4.9493
-0.1352
1.4744
3.5983
1.0138
-5.2355
-3.0478
4.0644
9.5408
9.1911
3.9944
1.6405
4.4670
2.3513
-1.6910
1.7724
-3.5965
-11.9380
-10.5161
-7.5282
-8.4355
-7.4054
-8.7507
-5.6823
-5.4613
-5.8293
-10.2494
-9.0779
-6.9433
-1.0930
-1.2239
-2.8726
-1.5786
-0.5896
4.4889
1.3481
-7.3150
-10.5977
-7.6873
-4.9564
4.1591
3.3883
0.9420
6.7439
3.9087
9.8978
4.9275
1.8767
0.1397
-14.0697
-9.3706
-6.7393
-8.5779
-5.8239
-6.4656
-9.1744
-11.6079
-9.2942
-5.5774
-1.4765
1.4851
0.4435
1.8964
2.5083
0.9153
1.5409
-2.9074
0.5658
7.0668
5.9876
0.3947
-1.2226
7.2095
-2.1339
-8.7419
-10.4103
-3.0659
-6.4523
-2.7797
-1.0447
0.8104
-1.3937
-1.6799
1.8007
-1.1750
-8.3889
-12.9808
-10.6693
-9.0390
-8.5587
-1.4419
-1.5198
-6.5384
-5.4750
-6.1754
-11.3042
-10.2993
-9.3621
-9.6091
-7.8764
-5.2993
-5.4116
-3.8204
-4.0690
-4.6026
2.2078
2.6769
-7.7677
-8.4777
-5.3105
-5.7985
-5.8387
-3.5126
-2.7456
4.9999
10.1747
7.3680
7.9219
4.6908
-1.9913
-5.1013
-2.8398
-0.2888
-4.4975
-10.4864
-11.0653
-9.3044
-5.5807
-9.5373
-14.0917
-8.6457
-7.7019
-8.1858
-4.0607
-0.3332
-4.1486
-6.9140
-21.5589
-15.8293
-15.2039
-18.8132
-16.8433
-14.2905
-4.3283
1.4520
0.0255
-11.0982
-17.9585
-19.8200
-19.8880
-10.1377
-1.4713
-2.3006
-1.0389
2.5144
2.4187
1.5032
8.9397
6.3261
-2.9157
-5.0296
-7.0529
1.1924
0.8442
1.1466
1.4567
-3.1621
-3.4419
-2.3824
1.6913
-3.2352
-7.3424
-8.8171
-7.8279
-8.5370
6.1079
15.8647
15.7180
9.7738
9.6302
10.9730
0.5755
-7.4023
-7.0859
-3.0304
-11.2412
-15.7869
-14.0172
-12.0174
-11.7959
-3.6622
-1.3640
-4.5062
-5.8163
-2.8124
-1.4822
1.7267
3.3012
3.9658
-3.2477
-6.9645
-0.9721
0.2547
-4.2153
-10.6476
-13.8093
-3.6011
-3.5602
-10.7801
-3.8215
2.3786
6.3163
5.3233
0.8711
-2.8827
-2.9341
-0.4700
-0.9611
0.2313
-2.5149
-7.5382
-9.9929
-12.2009
-8.4079
-1.0477
2.7230
-0.7009
-0.3321
-1.6210
-0.8627
-1.2682
-4.0101
-3.4141
-3.8388
-7.6052
-4.0612
-1.2299
-0.7378
1.6969
11.0142
15.9005
11.2561
5.0871
1.2950
-0.6696
-2.3750
-2.4455
-5.3409
-5.6996
-5.5289
-1.4417
0.5976
4.3566
7.0898
-4.1881
-11.9626
-10.1235
-9.1340
-11.0795
-11.2357
-7.4252
-2.8672
-4.8355
-10.6889
-7.7876
-7.0750
-6.2314
-7.1006
-8.9568
-9.1180
-1.4524
3.4572
-1.6905
-5.8683
-3.1898
13.0115
7.3584
1.4646
-2.3770
-8.5369
-11.8108
-9.3380
-2.2813
-2.0347
-8.0199
-6.6060
-3.4610
-6.2939
-7.7251
-6.9395
-1.0900
1.2706
-2.0313
-0.0081
6.7107
-4.2419
-11.1407
-8.0120
-7.4824
-4.0666
-3.4101
-5.0929
-4.6868
-4.4529
-2.7845
-1.7265
0.8712
-1.7756
-2.3338
-5.3373
-7.2684
-9.6502
-7.7443
0.0183
-0.8370
-2.8455
-0.6216
3.7005
1.9894
4.7072
7.8203
10.4538
4.9002
-3.9682
-2.5483
-1.3551
-6.7652
-4.5889
-4.3425
-6.7497
-2.8060
6.4167
8.2577
4.9409
1.3160
2.0598
1.4169
-5.6717
-10.8011
-8.3802
-6.8244
-5.5288
-4.3596
-6.5538
-8.0537
-7.8884
-4.4790
-6.1951
-4.7859
-6.4919
-4.1037
-0.4342
2.6749
0.6757
2.2221
4.0408
3.5768
5.3963
1.6726
-1.4349
-4.4818
-2.4366
-1.5027
-1.1035
-1.7340
0.4171
0.6824
-1.9518
-5.3601
-2.4286
-7.0834
-3.8040
0.3560
0.8091
-3.0272
-0.0882
4.1396
2.1802
3.1810
-2.8524
-6.7883
-2.9812
1.2006
-5.9734
-5.6787
-11.7264
-4.4693
1.5302
5.4808
10.7485
3.6449
-2.1893
0.4372
0.5724
1.5326
4.1416
-8.7450
-15.0554
-20.9975
-19.3589
-10.5621
-6.7799
-6.9108
-9.8037
-11.0242
-11.6278
-10.6055
-10.7959
-2.2819
-4.7858
-6.6322
-4.4305
-3.0536
0.9497
4.5040
4.7912
4.7474
4.3719
-0.1076
-5.6892
-10.0249
-8.7086
-5.2029
-11.2660
-19.5624
-17.7902
-14.1348
-8.7593
2.1699
4.5902
-3.1060
-3.6249
-1.8483
-6.7392
-10.2941
-12.0196
-9.1706
-9.4730
-10.2710
-8.7599
-6.1391
-4.8532
-1.4516
-4.8564
-4.6525
-2.9399
-2.2873
-3.5089
-6.5977
-6.0732
-6.9446
-11.9218
-8.6559
-6.6138
-2.4165
-1.0477
-2.4255
-0.6681
0.0326
1.9335
-0.4995
-5.5720
-9.4790
-5.5778
-5.2059
-2.7936
-4.0682
-6.8670
-2.3124
-1.0082
-3.0639
-2.0213
-5.9150
-7.3835
-0.9987
4.7375
2.0824
-6.0862
-9.1454
-5.2321
-3.4202
-5.3533
-6.0582
-4.1507
-5.6793
-2.2049
-0.3843
3.0689
4.0932
9.8324
1.6304
-5.5141
-11.0870
-13.1511
-9.7637
-12.6458
-14.6869
-14.4080
-9.4821
-4.9483
-4.9759
-6.6061
-6.5476
-2.8835
1.8972
3.8254
4.9052
4.4004
0.4840
-2.8839
-3.4625
0.4753
4.8659
2.9002
0.8773
0.1996
0.6702
-2.0237
-6.7278
-8.7462
-9.2427
-6.4265
-13.7966
-19.5918
-23.4895
-18.1273
-9.7930
-5.3214
-2.9358
-0.6615
2.8266
3.9386
3.9842
0.8594
0.5922
0.0881
-0.4046
-1.3171
-1.9295
-1.9944
-2.2178
-1.1781
-0.9124
-1.6441
-2.0969
-0.0755
-0.3402
-2.8982
-2.5400
0.3181
1.3499
1.7677
1.0281
-0.1736
-2.0310
-1.8988
-2.7166
-1.4138
0.6280
-1.2006
-2.8842
-3.0640
6.9988
8.0720
-0.5204
-10.6311
-15.3974
-6.5585
-3.5292
0.0917
2.3036
-2.4693
-5.7423
-5.3431
1.5227
-5.5308
-4.2990
-2.0452
5.8661
6.5217
-1.8741
-9.2389
-10.0991
-6.6242
5.8021
1.3474
5.6664
-1.9972
-9.0586
-12.5373
-11.4472
-4.7030
-5.1113
-1.6146
-3.0337
-3.7031
-2.0299
-0.3035
0.7502
0.7031
1.5935
0.9301
0.2670
1.2116
4.5585
6.1395
3.2548
7.6783
7.5234
-4.5025
-11.7529
-12.2260
-10.6144
-8.3351
-2.5003
4.0538
5.1179
5.4013
-4.6274
-15.8460
-19.6670
-20.2347
-14.4299
-7.1276
-9.7731
-9.8389
-8.3845
-7.9657
-2.5030
-0.9472
-3.2419
-7.6844
-4.2216
-2.7414
1.1831
0.7989
-0.3224
0.6619
5.0597
5.0412
6.5609
5.8386
-1.6040
-10.1973
-12.5205
-12.5750
-11.8100
-11.2587
-10.1132
-4.8070
-0.7682
-0.0018
-1.4209
-3.8413
-5.0190
-8.0023
-10.1544
-10.0923
-6.7242
-4.8022
-2.0663
4.7535
3.2563
3.4901
3.9785
-0.5943
-2.0083
-1.3148
0.5969
-7.3942
-8.5627
-8.3936
-7.2749
-0.6171
5.8944
0.5054
-2.7558
-4.5624
-2.6983
-5.0894
-15.1503
-24.1810
-29.0755
-22.8546
-15.6014
-14.1599
-11.8710
-7.7913
-2.6781
0.0943
3.4071
5.3013
2.5612
4.8510
4.3554
2.5750
-1.4757
1.1347
0.1646
-1.8110
-1.1155
1.3829
-1.1023
5.9739
8.9886
10.1283
9.6166
6.6213
5.4793
0.6102
0.3956
-0.1003
-2.8881
-7.8185
-3.4395
3.3387
1.4918
-3.4755
-10.5153
-12.1115
-10.0415
-2.8792
-3.0569
-6.2845
-4.7646
-5.0151
-4.3102
-1.8857
2.8639
9.0014
10.9858
8.9463
3.5982
-2.3692
-7.9314
-9.6480
-8.2422
-3.3156
-4.1651
-7.7157
-8.4637
-6.6114
0.7960
1.4312
-0.8438
-7.1103
-8.7158
-16.2297
-19.1294
-7.3732
-5.9554
-2.9210
-4.5483
-2.4463
1.5673
2.7633
0.6104
1.6126
1.4645
-1.0962
-3.5733
-3.8136
-1.7816
-5.9370
-0.9494
3.2282
2.5385
-0.4649
-2.1600
-1.6959
-3.3481
-1.1368
2.5210
2.8625
-4.5774
-5.1556
-4.2007
-4.8369
-6.1256
-8.7516
-10.0377
-4.5852
0.5739
1.4462
2.0581
-2.3094
-4.1390
-1.2375
-1.0870
-6.5159
-8.4458
-12.1761
-13.6950
-4.4309
-1.0149
-3.1924
-2.7579
-1.4234
-1.3767
-0.7414
-0.0373
-0.1242
-3.0874
-6.8752
-6.8893
-8.1603
-5.5154
-7.0195
-16.4582
-21.4625
-19.0317
-9.9774
-7.7157
-15.1865
-12.5516
-3.1102
1.4489
1.0402
6.6817
2.9955
-8.0613
-8.3964
-4.3316
-11.0116
-10.0388
-11.0963
-7.7604
-7.3969
-3.7398
-7.3245
-9.8219
-17.5446
-17.0099
-9.1229
-3.8446
-4.5716
-6.4163
-10.9091
-12.4551
-6.5660
3.3006
-0.0569
2.0170
4.2892
5.8054
3.1674
-3.6585
-7.4841
-4.6496
-6.3243
-9.3187
-6.1519
-11.3989
-13.5397
-9.4221
-4.7834
-3.1075
-4.5989
-5.3451
-5.6053
-6.7197
-8.8741
-11.1713
-13.6903
-8.4631
-6.9124
-1.5122
-1.1658
-2.5670
-4.1847
-9.0354
-10.9754
-11.0792
-17.4055
-19.7898
-16.1027
-15.7985
-17.2081
-14.4605
0.1671
1.7341
0.5696
2.8975
3.5364
2.9846
7.1227
7.4700
-0.3241
-1.7996
-1.5098
-3.8022
-1.7088
-0.5836
-0.5252
-3.1822
-5.5378
-4.0382
-4.4240
-4.2395
-2.8721
4.1304
5.3092
6.7864
3.6488
1.1553
-1.1886
-1.1366
-8.2375
-10.1321
-8.6217
-4.5201
-2.2502
-0.3837
0.3954
-1.7786
-2.4013
-2.2000
4.8291
4.6893
-5.3000
-8.5633
-4.0050
3.2693
-5.2962
-12.8143
-14.7460
-15.9028
-12.5534
-13.1516
-13.6432
-10.0080
-6.0389
4.2664
5.8106
6.3508
4.4459
-4.4736
-11.5235
-11.2032
-8.8419
-7.8948
-5.9413
-2.5764
-2.1291
2.1489
0.4649
-0.0967
-3.3306
-2.3161
-3.9867
-6.3710
-8.3120
-8.8507
-8.7172
-9.3335
-6.5765
-8.1159
-11.1499
-16.0914
-8.1828
-1.9555
-2.5218
-5.3688
-5.5045
-7.5548
-2.0692
-0.7601
-1.8121
1.0742
3.9921
5.1734
4.4102
0.4793
5.4574
-2.6244
-8.9924
-10.5645
-7.0924
-12.3176
-19.0236
-14.2934
-10.1599
-1.2635
3.9174
-0.9915
-5.9650
-14.9104
-4.5226
-6.1144
-8.3949
-9.3134
-13.1504
-14.0341
-11.5653
-14.5638
-10.4010
-8.0599
-7.6610
-13.3572
-10.6850
-7.4845
-5.6539
-7.3287
-14.3105
-18.0505
-14.0659
-5.7967
0.9836
1.4126
-0.7072
-2.5847
-3.4011
-5.3049
-7.6400
-5.5801
-5.5027
-5.9840
-5.0283
-9.4306
-6.1827
-10.1614
-8.6426
-7.8730
-9.5162
-6.6199
-7.1556
-5.0846
-2.9065
-3.7019
-7.1213
-9.3665
-12.7377
-17.5399
-11.0854
-3.6505
-4.9377
-4.2938
-1.6503
0.5789
0.0007
-0.6698
-0.1297
1.5680
0.5685
-1.9192
-2.6561
-0.7563
0.9714
2.9380
-2.8312
-4.4841
-3.8415
1.4809
6.3213
6.3626
4.4304
7.0642
5.1407
9.2787
-0.7266
-9.2655
-9.9129
-7.6065
-4.5796
-9.6725
-14.3686
-11.4414
-5.9962
-2.6313
-0.5973
-3.7996
1.7085
0.6976
-5.5093
-13.7541
-20.5203
-21.3853
-16.5608
-12.4842
-7.8012
-5.4150
-0.6413
2.1161
-0.1943
0.8906
-0.5831
-5.3867
-9.6769
-6.9539
-5.2230
-4.0266
-0.7552
-5.2317
-5.0970
-8.5733
-15.0841
-15.1139
-13.4228
-12.2185
-4.6319
0.4068
6.0583
3.5812
1.4980
5.6619
0.7707
-7.5343
-12.3987
-6.7658
-10.0599
-17.0631
-19.4511
-21.4581
-23.3365
-20.6377
-14.4137
-11.3028
-8.0294
-4.0845
-6.2735
-4.8303
-2.9010
-5.9779
3.1931
4.6157
-5.2711
-14.9494
-17.1451
-11.3115
-5.0129
-4.9848
-8.3867
-8.9630
-8.1263
-7.7596
-2.5779
-1.7746
0.2775
1.6565
3.6111
1.0684
-6.4642
-9.4192
-4.2591
-5.0187
-4.4380
2.2491
7.2983
9.4452
11.6171
4.7186
-3.5278
-4.4040
-3.0564
-6.6772
-6.6873
0.3028
-0.4285
-9.5263
-11.0822
-8.9629
-3.2717
1.0343
5.5414
9.3068
10.0532
8.8747
8.6583
8.6359
8.6335
5.9039
4.8423
4.8651
8.6082
12.0369
7.3088
5.2386
1.5538
1.4657
-6.2296
-6.9392
-7.0463
-10.2558
-9.5320
-5.6968
-4.0007
-9.1327
-10.9628
-7.9985
-9.4812
-16.4809
-17.0255
-13.7039
-5.1108
-2.5074
-3.5481
-5.3885
-9.4541
-5.0083
-2.7715
-0.7396
1.3307
-4.7314
-11.8771
-10.6544
-5.2268
-1.4466
-0.3998
-2.1426
-2.9722
-4.2333
-5.6603
-6.8107
-7.1962
-8.3974
-9.6474
-8.5049
-5.0811
-1.4449
-2.1401
-0.2104
1.9458
-1.1590
-6.0549
-16.2411
-13.4302
-16.5785
-13.4975
-13.3437
-11.0672
-17.9577
-19.0529
-12.5021
-14.6571
-12.0884
-7.6486
-4.6430
-3.7423
-8.2567
-10.7483
-8.0917
-2.1315
-1.9582
-2.0645
-0.8693
-9.7965
-12.3846
-10.2556
-4.6245
-2.8658
-6.7315
-7.7616
-4.5323
-4.4789
-9.7860
-10.0836
-10.4652
-10.1814
-6.1558
-1.1447
-3.0416
-2.5580
-0.5128
-1.1735
-0.8861
0.4758
-1.3183
-2.0654
-0.2365
-0.5856
-0.9178
-2.2592
-0.2058
3.0142
1.5131
1.6300
-0.1819
-2.2130
-2.3900
-0.3015
0.6596
-1.9204
-5.0665
-4.7521
-4.3265
-6.2194
-4.5549
-7.4568
-7.0768
-6.9013
-5.0505
-2.3237
-1.9968
-1.9810
0.1999
0.2406
-0.1594
0.6031
2.0350
0.0526
-5.9882
-4.5008
0.2494
2.2877
1.0161
-1.4271
-0.9592
-0.7707
-0.9252
-2.4234
-3.1798
-0.6576
0.4261
0.8629
-2.4447
-10.2408
-9.1047
-10.8787
-9.5930
-5.4176
-4.3405
-3.2580
-3.6739
-2.3439
-4.2642
-2.3784
4.1540
4.8833
-1.1779
-1.8222
2.1989
4.3041
0.8208
-1.8889
2.0360
-1.4362
-2.1914
-1.7518
0.9086

Coefficient 32:
0.0000
1.4752
4.7710
3.2775
-0.5486
3.1614
-0.3525
-0.4393
0.8461
-0.8156
-6.7590
-8.1824
-9.6348
-9.7184
-6.5156
-4.1721
-1.0641
0.9575
-0.2776
-1.2532
-2.8257
-0.6709
-0.0223
-3.6984
-3.9271
7.3410
7.3140
3.0310
-1.1609
-0.4597
0.6252
-0.2346
-0.4835
-4.3055
-6.0815
-7.0809
-6.7530
-5.5495
-1.2451
-0.9383
-0.6045
3.2052
6.0435
6.7209
6.7199
3.9135
1.3103
-2.2489
-0.4537
1.7618
2.3033
4.0140
11.3090
9.6193
3.0183
-3.1966
-3.0893
-2.4311
-6.9033
-10.6559
-3.3049
-9.0634
-14.4185
-11.8751
-10.3831
-11.1659
-11.4811
-7.2219
-2.2870
0.3932
-7.6951
-16.7529
-11.2133
-4.3001
1.4355
-2.5622
-4.7010
-8.3898
-10.8763
-18.0630
-13.7116
-11.5611
-11.3942
-5.0671
-4.7587
-6.4205
-8.1823
-14.0537
-12.9512
-9.4435
-7.8665
-6.3545
-5.6006
-5.4290
-5.5558
-5.5136
-3.7987
0.4434
1.3408
1.3258
2.3573
3.1997
3.7448
1.2535
1.7117
2.8715
-2.7900
-6.6273
-9.1165
-11.5587
-10.8665
-6.2776
-7.6823
0.3090
5.6520
8.1918
5.9548
3.8300
2.9068
5.4045
3.8053
0.1194
-0.4448
-1.0818
-1.8723
0.5239
1.6517
-7.8821
-8.5029
-9.4184
-7.8021
-5.5505
-3.6836
4.3316
3.0778
-1.3826
0.7715
0.2987
2.7892
-0.6714
2.7227
7.7470
6.6626
2.8784
-4.2538
-4.2228
-0.5862
-1.5988
-1.4894
4.8985
5.6339
1.7338
-2.9295
-4.5507
-4.9776
-1.8395
0.8945
2.7853
2.3469
-3.3551
-5.2075
-1.7766
2.8728
2.0201
-1.4389
-1.9348
4.9851
3.7161
0.2565
-4.1366
-8.7977
-5.1614
-4.6592
-7.7521
-9.1451
-4.1288
-6.1240
-7.3831
-7.3324
-6.1721
-1.0156
6.3031
5.2808
6.3857
12.3233
5.4137
-1.8205
-10.5883
-12.9206
-6.0351
-1.9179
-1.3325
0.1297
0.7993
1.8731
5.3211
8.3717
9.7597
5.0491
7.7923
3.6672
4.2330
3.8644
-4.7173
-5.8650
-4.3334
-5.2690
-3.5608
-4.6801
-6.9240
-10.8144
-10.0865
-6.3712
1.0950
2.3722
-0.6133
-6.3800
-12.0352
-6.7938
-5.3581
-10.6725
-6.1390
-5.0097
-3.1940
-7.2565
-5.3073
2.1916
4.1364
-0.6105
-3.7758
0.9857
3.5536
4.5455
5.8037
0.0008
-1.5645
-4.7268
-3.3045
-5.9763
-8.4632
-2.8767
-3.5346
-4.1152
-3.5371
-5.4458
-10.4925
-11.2579
-8.4979
-4.3102
-4.0404
-1.1783
-1.8328
-2.5686
-1.8985
-0.2212
-1.4971
-0.4918
2.3752
4.3879
-0.8394
-2.4675
-0.2092
-5.1011
-10.3033
-13.5575
-14.2739
-4.1649
-0.6460
1.1328
-5.0032
-7.4252
-10.4535
-12.8568
-14.3044
-14.0091
-14.9663
-15.7359
-10.1339
-4.7753
-4.5285
-6.1284
-3.1677
0.2103
1.9540
-3.5582
-3.6918
-5.1144
-3.5023
-0.3794
0.9839
3.9959
6.0201
1.9595
1.6593
0.7875
1.2776
-0.5244
-1.2705
-2.5194
4.2353
1.7195
-1.5966
-7.0590
-4.9939
3.7110
10.4957
1.9487
-2.1725
-6.3067
-8.2247
-8.1626
-8.2516
-6.8617
-2.8381
-1.6092
-4.7534
-11.0597
-8.1369
-3.0683
-6.0328
-7.2467
-0.0417
2.4179
10.9147
6.1451
2.5148
2.0122
3.5055
3.7098
0.2908
-0.6400
-1.2309
-2.0550
-5.8549
-5.3052
-2.9669
-3.6815
-2.5571
2.7865
7.8591
5.5038
4.1453
6.6087
0.5166
-8.8668
-11.4166
-6.9478
-9.4133
-8.2509
-11.3684
-16.8760
-12.8133
-4.0928
-2.7797
-7.5646
-3.7608
2.1410
7.0488
7.9140
4.9288
3.0775
-0.1280
-5.4922
-5.8927
-6.4578
-13.2273
-16.9672
-11.1289
-9.0613
-10.8434
-8.9389
-6.1064
-4.1293
-2.1802
-3.3112
1.3119
1.7116
2.1043
2.2304
1.7314
1.6664
-0.9288
-4.2311
-4.8811
-6.0048
-4.7159
-2.1161
-4.5871
-9.7686
-8.5152
-5.5826
-7.4453
-4.2500
-3.9139
-4.0680
-3.6244
-10.4438
-10.1782
-5.7757
-3.7025
-5.0969
-0.8906
1.7288
-0.7141
-2.1368
-5.6693
-6.0432
-5.2731
-4.9503
-10.0315
-11.0375
-9.9681
-7.7049
-12.1770
-16.3674
-18.0500
-16.2590
-19.3642
-23.3698
-19.9479
-12.9652
-10.4008
-11.2952
-8.0067
-9.5390
-6.6072
-3.6163
0.8863
3.9491
3.3689
2.1309
-4.7418
-14.5251
-12.1390
-8.8717
-6.4179
-3.1744
-5.2358
-8.1937
-3.6165
-9.6218
-8.3864
-5.3391
-8.7271
-18.0129
-1.8177
-6.1967
-5.7016
-6.2671
-5.9409
-5.8237
-10.9315
-14.3676
-11.9657
-9.8228
-4.1208
-5.7176
-8.7837
-5.0668
-5.2990
-3.7408
-0.6192
0.4537
3.8893
7.8822
4.0751
-0.7755
-2.0529
9.7903
3.7613
1.7669
2.3728
-2.8124
-5.4554
-4.5851
-2.2429
0.0355
-0.0523
-2.9440
-1.7793
-4.5105
-7.8134
-10.3662
-5.0598
-4.9052
-3.7318
-1.4579
-1.4212
2.4059
8.4922
2.7221
-7.8217
-8.2681
-2.2059
-4.0565
-6.3010
-6.7994
-2.2028
4.5220
7.9668
7.3152
9.6634
13.1361
11.3296
9.1420
5.6405
-0.9849
-3.2541
0.8895
-0.7803
-1.7524
-1.0409
-1.8175
-0.6103
4.1186
5.2666
2.1018
2.8060
2.3481
-4.9081
-8.7693
-5.7220
-4.9285
-3.1186
-2.3837
-1.2652
-5.4753
-9.1317
-8.1468
-9.4918
-9.9198
-13.8958
-17.0479
-17.1063
-10.4098
-5.3432
-1.8244
-1.1185
2.8119
2.7622
2.9478
2.5721
-11.4028
-23.8546
-24.8250
-22.8475
-21.0046
-22.0492
-22.0630
-13.1162
-9.7299
-10.6354
-13.5100
-13.7588
-16.2589
-22.6467
-19.5211
-13.4171
-5.8829
-2.3740
4.3877
4.0606
-0.4434
-2.3168
-0.5073
2.4646
-2.0095
-9.1055
-7.9690
-7.0202
-6.7121
15.3133
20.1066
26.5847
18.3432
6.1757
14.8607
18.5840
13.2272
3.3427
2.4514
-0.4301
-2.2677
1.6634
-1.0729
-3.2653
-1.1045
0.0231
-5.0686
-3.0623
4.6009
4.6943
6.4824
3.5160
6.8583
4.4280
3.1446
6.0719
8.2598
6.7769
0.1897
-2.1907
-0.6090
-4.7770
-6.5189
-8.1935
-10.8228
-5.9936
5.2989
11.1582
4.9457
-0.5648
-4.0515
-1.6697
2.0734
-3.4718
-12.1220
-14.9601
-14.7784
-8.9884
-6.3041
0.0162
5.3338
4.5468
0.4332
-0.2052
-4.2738
-6.6367
-5.3402
-2.9050
-1.4008
2.7293
3.1092
1.9284
1.8346
2.6705
0.1600
-0.8967
-1.0468
-1.2888
-3.0339
-4.7856
-1.4513
1.9914
2.2932
1.4706
-2.0546
-9.8416
-8.5604
-1.6437
8.3272
7.5002
-1.1447
-13.2329
-21.7407
-22.6574
-8.7269
0.3509
-1.0576
-5.7500
-4.2778
-4.3918
-7.6177
-4.8441
-2.6534
-3.4539
-0.2647
4.5583
6.2922
7.8019
3.5111
14.5698
9.6223
2.0973
-0.0381
-4.4956
-1.2485
3.2077
-0.3821
-4.5906
-8.9823
-8.8034
-5.0060
-0.8071
2.8985
-2.1145
-3.7207
-4.6853
-4.5504
0.8919
16.7503
10.3302
5.8675
9.6318
8.1413
7.7024
1.4218
-5.9700
-4.7992
-2.0603
2.8966
-1.1667
-0.5930
0.1584
-0.7388
-3.5814
-2.6663
-4.0410
-2.7652
3.1026
-1.5637
-3.4081
-7.4952
-5.9612
-1.1023
0.7354
4.7042
7.9231
6.6907
6.4600
4.6694
5.0818
3.3229
1.8635
-0.8832
1.9138
4.4880
7.3823
10.4384
1.1561
0.0048
2.2929
7.9065
4.1148
0.2281
2.1936
1.8628
-3.3276
1.3933
-1.3054
-5.8569
-4.2743
-2.9831
-4.1278
-9.3039
-12.5651
-13.1189
-8.7323
-4.4024
-3.0580
-4.2975
-3.5181
-4.9319
-0.3937
0.4682
-0.2205
-2.7977
-1.8172
-0.0282
-0.3181
-1.5353
1.0539
3.0785
2.2405
-0.9500
-1.9895
-1.6113
0.0507
0.2587
0.6545
5.2192
6.9603
5.4790
7.8336
7.2084
2.5896
-0.3897
1.1471
-0.1275
1.1246
-5.3848
-2.3178
0.6387
3.9777
6.8252
15.8561
13.8393
6.2728
3.5749
0.6437
4.8276
3.7732
1.5194
1.5232
-1.0444
-3.5620
-3.5617
-10.5246
-16.5102
-15.5117
-21.4676
-27.8500
-24.7219
-17.3197
-9.5465
-3.3232
-4.4839
-2.7292
-4.8868
-3.9517
-2.5298
-2.0178
-4.9417
-5.5357
-4.7230
-5.0951
-5.1214
-4.2146
9.3190
5.0259
-5.5422
-5.9367
-5.9673
-9.3015
-0.9915
6.7762
-0.8804
3.4647
4.6430
0.2677
-6.4441
-9.3872
-10.1838
-11.1863
-11.6207
-9.4843
-4.8990
0.6451
4.7592
3.7832
1.4035
0.4555
3.7300
7.3279
2.5336
-0.3355
-4.7054
-7.4336
-3.7133
-12.4519
-11.3188
-8.3607
-14.6606
-15.6873
-6.9643
-6.9266
-5.9903
-9.1448
-6.4576
-3.4503
-5.7176
-1.2503
0.5466
-1.0757
-5.4259
-4.9681
-7.0823
-3.6016
-7.1215
-9.2262
-7.9443
-3.5098
-0.4984
-3.7433
-8.0300
-11.3410
-8.7764
-9.4348
-10.2981
-4.6333
-4.7130
-5.8736
-2.4355
-4.1723
0.3014
1.4750
-5.8223
-8.1966
-7.0856
-1.2977
0.2307
-2.6128
-4.4155
-3.5449
-8.0082
-5.3136
-1.5018
0.3566
4.3295
6.6508
1.0953
-7.6676
-1.1009
-1.3330
-0.0633
-2.5523
-5.9155
-3.4771
3.0726
4.7347
1.4172
-4.4214
-5.1201
-3.0470
-1.4748
-2.2995
-2.7301
0.3320
1.9739
5.3950
0.3905
-5.3864
-6.6018
-12.7141
-14.1997
-10.5755
-6.6390
-3.2277
-0.7376
-1.4861
0.1020
-0.0624
-0.5175
-0.4506
-0.3616
-1.3202
-1.8075
-0.8460
-1.1104
-1.7326
-1.8837
-0.4090
-0.5217
-2.7451
-2.3982
0.3576
1.3420
1.7368
0.9080
-0.3392
-2.0493
-1.9632
-2.8799
-1.4748
0.7222
-1.3697
-2.9892
-3.1516
5.9218
10.2523
5.4068
-2.6593
-2.5101
-1.4066
-0.9705
1.2914
3.7830
2.7893
4.9047
6.3995
3.7838
4.8223
-1.2910
-3.4667
-5.9935
-0.3776
-0.8554
0.0956
3.2952
4.4778
11.3352
5.8272
3.8779
-2.0234
-3.4346
-8.6670
-11.9435
-8.4585
-7.1306
-11.1678
-10.7430
-8.0728
-5.2030
-0.5025
4.0185
2.5534
3.6620
3.9512
0.5929
0.7975
1.0960
-4.9122
-5.8778
-0.5915
-2.4283
-5.0922
-2.2601
0.5263
0.1034
0.2458
1.2371
-1.7048
0.1347
4.2836
0.7418
-2.5757
-6.8101
-8.0622
-3.1221
-1.1320
-3.6377
-1.3385
-3.3369
-8.0516
-4.5426
-2.7550
-0.9152
-0.5668
-3.6506
-8.2897
-5.6242
-1.0206
2.6671
4.3346
8.2832
10.3825
6.8261
5.5766
0.2309
-6.0337
-9.5235
-11.2143
-10.1515
-9.5297
-7.2422
-8.3561
-6.6152
-7.4904
-12.7500
-12.0238
-1.4487
1.1584
-1.7010
-4.3809
0.2692
2.5444
-0.2222
4.3887
7.0673
8.0880
9.0917
3.8467
1.0200
3.6809
6.4144
0.3144
0.6503
0.4488
-1.7226
-2.4210
-0.7095
7.5605
10.1517
6.4386
8.7885
11.1191
4.7801
-5.3443
-9.7264
-12.2001
-13.2656
-13.9291
-11.9741
-9.9833
-12.0546
-13.1535
-6.3873
-1.5590
1.9990
6.1883
6.0063
-0.5493
-2.5455
1.1139
-0.0281
-1.6620
-1.0473
-3.8805
-8.9715
-3.7958
1.5304
2.8232
5.6429
7.3680
10.2064
8.5186
0.3162
-3.7265
-6.3866
-5.6742
0.0652
1.4262
1.4665
6.3201
3.8254
4.7774
4.6488
4.6214
3.7517
1.2160
4.7724
1.7709
-2.4738
-3.7718
-9.6856
-12.2946
-9.0112
-4.2155
-3.6974
-9.9050
-14.4241
-11.5089
-9.7875
-6.7850
-10.6468
-15.6466
-9.9678
-4.7989
-6.6355
-8.9033
-9.5971
-9.7559
-7.4258
-6.7494
-9.6467
-4.9120
-3.0334
-0.2051
-0.1454
-3.4772
-7.2800
-8.4708
-7.5556
-3.5476
-5.3782
-11.2960
-11.5953
-6.0156
-3.2145
5.5145
4.2988
-0.5290
3.6796
4.3528
1.1684
-3.9227
-7.9303
-3.3895
-1.3481
-0.9540
-3.6751
-5.4101
-4.8661
-3.6147
4.2039
0.4160
-5.9430
-3.4386
0.3032
-2.8243
-9.4773
-14.7799
-9.0245
5.1102
9.6503
-0.8921
-6.0881
-4.3869
-1.5089
4.6164
6.6380
1.1495
-0.6566
0.6859
-1.2387
-0.7385
2.7824
2.6357
4.5819
3.8123
-3.2335
1.7692
12.0667
9.6695
9.7950
2.3130
-5.4178
-3.3481
0.9220
0.4546
-3.1993
-0.6239
3.7899
2.6347
9.7868
14.8229
2.6144
1.9021
3.6387
-4.7456
-10.8915
-10.3955
-7.3925
-7.6280
-6.3611
-4.8019
-2.7735
-3.4113
-4.1637
-7.6185
-5.4533
-5.7351
-4.0214
-14.7874
-14.5147
-5.7430
1.6875
-3.8323
2.9282
10.1591
8.0875
-0.6895
-6.8373
-4.4861
-5.5818
-11.8315
-15.6198
-15.5533
-16.2301
-10.9808
-6.9597
-8.5851
-6.6111
-4.7660
-7.3745
-6.0888
-0.8325
-3.1248
-7.2773
-11.7236
-2.8537
4.2070
0.3909
-7.1120
-10.9265
-10.8933
-11.6386
-14.6521
-12.0843
-4.0510
-6.3503
-8.6959
-4.6551
3.7668
5.0838
0.6309
-9.6197
-9.8578
-11.0985
-11.0505
-4.2720
-4.1691
-3.3988
0.9108
1.7060
0.5436
-1.2940
0.7588
-0.6660
-6.4166
-8.3360
-9.6431
-6.0406
-3.5207
0.6052
4.7687
11.3862
10.4989
13.3737
12.9538
3.5591
2.0950
7.3693
11.1045
7.8118
-1.3169
-3.6596
3.2662
-1.2918
-9.3251
-14.2235
-14.9789
-7.9378
-2.3835
4.4060
1.4728
-10.2435
-17.1594
-13.2689
-5.3368
-4.2375
-11.1350
-7.7999
-7.1260
-13.1390
-16.7916
-19.9446
-17.1809
-13.8422
-12.7913
-5.4274
-6.1004
-7.8826
-6.0447
-3.1946
1.4019
2.1399
5.2958
-1.5335
-5.5717
-11.6015
-8.0729
-8.3597
-10.5500
-13.2328
-12.5040
-11.4926
-11.1293
-5.9200
-6.9749
-9.3681
-6.3731
-3.8137
-7.2138
-9.4717
-6.7171
4.5794
4.7593
8.5409
8.0209
3.9357
0.6648
2.5042
0.6141
4.7863
7.9329
9.4291
8.1170
2.5482
10.6401
9.2866
5.1851
-1.9529
-0.3516
-5.1493
-10.5630
-9.3781
-6.9180
0.1764
2.6475
5.0072
3.7701
4.7228
7.3093
0.2751
-5.8236
-8.7292
-9.7237
-12.7846
-13.2691
-13.0120
-10.3222
-4.5945
-1.7837
-6.2560
-5.3200
0.5062
2.1122
3.5619
-4.2262
-7.4240
-6.6336
-1.8932
2.1942
-1.9982
-4.5231
-7.1665
-8.8457
-8.3323
-4.1539
0.3867
2.9675
2.4257
1.7150
-0.1650
0.9974
-2.2036
-2.6979
-0.2710
1.6902
3.2812
4.7205
7.4297
3.3305
-3.1878
-6.2363
-2.6965
-0.7179
-3.1003
-3.7064
-5.4389
-6.1556
-4.5705
-1.7463
0.0735
1.5904
3.0688
5.0817
5.9278
6.3347
6.4669
4.0023
4.0695
3.7674
-2.6203
3.3153
0.0817
0.1817
3.1087
5.3914
7.5254
6.4220
5.2223
2.3001
0.1418
-6.1230
0.0624
0.3673
0.7968
1.0933
-4.5804
-7.1844
-10.6536
-6.6671
-2.3256
-9.5961
-16.0790
-10.0431
-3.6720
-9.4710
-16.9213
-17.9374
-20.3425
-18.6753
-13.2416
-6.3706
-2.8920
-3.4588
-4.5667
-6.0300
-3.7839
-0.1844
-3.5672
-2.2255
-3.1066
-2.8387
-3.4270
-0.1118
-3.1371
-6.7731
-11.1391
-11.8099
-12.2063
-13.1819
-7.8877
-2.7074
2.1945
8.8679
4.8409
-0.6868
-5.2116
-8.1878
-4.1540
-4.9974
-4.1063
-2.7706
-8.3325
-8.5594
-6.0747
-4.8270
-7.2379
-8.4126
-4.1021
-1.3532
-2.9295
-13.6259
-16.5852
-10.7703
-9.7023
-2.7985
-4.8982
0.3043
-6.2940
-7.0569
-4.9855
-5.7549
0.8291
-1.3432
-4.8429
-5.8517
-5.8692
-3.4970
-2.9799
-1.5292
0.8629
0.6105
-0.9158
-6.8617
-8.3018
-5.5762
-7.7740
-4.7655
-6.2960
-2.2018
4.4111
2.5373
-2.2026
-1.9604
-1.4285
-3.1741
-8.8735
-8.5749
-4.5763
-2.3821
-4.0340
-7.4587
-4.4321
-1.6750
11.9993
9.1574
-0.4531
0.5469
-5.4368
-3.5506
-8.9107
-13.0196
-15.7013
-11.3244
-9.2345
-9.0657
-6.9935
-3.9455
0.2485
-3.6100
-9.2955
-9.7283
-9.2375
-2.2053
2.0477
-2.2442
-2.5227
-3.8714
-8.9806
-10.4515
-8.0702
-6.1165
-10.5639
-10.4494
-9.2854
-5.8273
0.5080
-4.5233
-6.5979
-7.0721
-2.5574
-3.8648
-2.8005
0.1513
-1.5543
-1.7846
2.0656
2.4278
-0.1734
5.2239
8.9839
11.7471
4.7058
-2.9642
-4.1737
-6.8158
-7.9585
-7.1318
-6.8525
-7.3212
-4.6992
-2.0658
-0.6691
-0.7711
-5.7936
-8.5827
-13.0607
-8.6103
-9.8874
-8.2077
-7.6972
-4.5779
-3.8396
-10.1782
-14.2442
-15.8275
-10.4210
-6.7533
-9.1094
-9.5674
-8.3931
-6.7347
-4.5438
-2.1738
-1.7099
-1.6464
-1.5188
-6.3177
-9.9437
-9.4410
-9.8822
-12.7845
-12.9018
-7.4020
-7.2060
-4.6405
-2.9504
-0.5580
-4.4221
-6.7209
-5.4001
-1.6018
-4.2711
-3.7618
-0.3832
-0.8556
-0.5065
0.7486
-0.9404
-1.9333
-0.2970
-0.6568
-0.8050
-2.0612
-1.2119
-1.5117
-3.2664
-2.6601
-2.7337
-2.0765
-2.3108
-1.9635
-1.6711
-4.8952
-8.4539
-8.9195
-8.9795
-10.1621
-9.9963
-10.4345
-10.0916
-7.0154
-2.2053
-1.8661
-1.5916
-1.5540
0.3189
0.2155
0.0850
1.8629
5.1478
3.7210
0.7094
0.8883
-0.5264
2.0918
1.4292
-1.0341
-0.9778
-0.8032
-0.7364
-2.2208
-3.1249
-0.4722
0.7540
1.3106
-0.9186
0.4380
0.5653
1.3877
-0.0026
5.4696
4.4167
3.4038
-2.7706
-1.7332
-0.8161
1.2088
4.0588
-9.6060
-1.2371
3.7688
6.0276
10.2186
4.7040
-2.1344
-4.7834
-9.9543
-10.4470
-8.8032
-6.5378

Coefficient 33:
0.0000
0.9995
1.0804
-2.3426
-1.7974
2.0244
-0.2939
-1.3531
0.2611
-1.6033
-9.4333
-10.4004
-10.0776
-3.9422
-1.8897
-2.6657
-0.7827
0.8867
-0.8990
-2.1366
-2.7316
-2.6019
-1.1445
-3.4740
-3.7336
6.0945
7.6545
4.6900
-1.4536
-0.3264
0.7326
-0.4700
-0.0763
-4.2587
-5.7336
-5.9259
-3.5952
-3.7713
-2.2300
-1.7146
-1.4841
-1.1219
1.8934
6.3567
3.6057
-1.4410
0.6388
-2.7589
-4.0613
0.3627
2.3058
0.9016
10.3121
14.4937
0.6189
-10.4728
-10.0742
-16.0326
-14.9024
-10.8184
-6.4442
-8.4897
-9.7558
-10.0435
-14.3761
-15.6808
-10.7294
-3.9550
0.0714
1.5295
-6.0179
-10.0557
-10.9593
-10.3286
-6.7999
-6.7581
-7.5501
-10.4290
-16.5710
-21.4264
-16.1706
-14.6913
-14.3419
-8.6033
3.2306
-0.8263
-2.8812
-0.4251
2.8130
3.7949
4.7275
6.3125
7.6406
11.1762
8.4840
2.9427
2.8385
7.1903
3.8971
-8.1495
-9.4792
-4.7557
-1.3774
-10.1427
-9.3080
-3.1906
-1.6373
-4.4957
-6.6783
-9.1488
-7.7935
-5.2250
0.6854
5.5672
7.6522
10.0046
10.6851
3.7848
3.0477
1.4465
-1.0032
-5.8084
-8.4209
-10.2886
-14.7307
-13.4258
-12.4631
-17.0129
-19.4082
-15.4670
-9.0539
-6.0771
0.7826
9.4705
11.0362
5.5692
4.2849
2.3270
2.5851
0.8543
-6.0567
-8.0662
-9.3455
-7.9798
-12.9534
-9.3863
-3.7481
-9.6980
-11.1704
-5.5463
-5.4332
-5.6913
-6.2392
-5.3343
-5.3300
-5.2801
-4.8425
-7.6577
-4.4744
-8.0711
-9.0254
-14.8999
-17.8622
-20.0132
-23.7187
-22.6609
-9.0535
1.5177
2.9916
-1.3762
-5.4592
-6.0697
-5.6508
-3.3376
-3.7871
-1.2284
-4.1675
-6.9262
-13.2433
-15.2501
-10.0908
-10.4615
-17.2223
-11.7039
1.4328
-1.6323
-7.6941
-9.0769
-13.2365
-14.6944
-13.2359
-8.5285
0.8237
-1.2442
-1.5857
6.3651
11.1375
15.6053
5.7388
0.7412
0.2128
3.4863
4.4058
-2.1285
-9.5102
-6.6694
-8.2507
-8.9881
-6.3018
-6.7823
-9.6057
-8.1572
-7.1464
1.2481
0.5004
-3.8921
-3.0525
-5.8101
-2.8233
-0.6562
-3.2635
-4.1856
-2.0241
1.9414
-1.6531
0.5091
-0.8763
-1.8456
-7.7445
-12.1056
-8.5177
-6.8098
-4.0519
1.0166
-3.7699
0.4512
-1.3370
-6.2145
-5.9730
-6.7929
-5.7130
-4.5736
-5.1100
-5.2302
-8.5531
-9.6189
-10.5271
-9.9779
-7.8320
-8.6673
-2.8555
-0.7842
-6.8299
-8.9906
-10.3870
-6.3817
-1.5621
2.5932
4.7976
-0.6648
2.3031
8.2641
1.8491
-3.8588
-6.3257
-9.2901
-10.7956
-14.3469
-5.3495
-2.9071
-9.0597
-17.0161
-19.6959
-16.8650
-12.5100
-18.3124
-22.8720
-15.9805
-15.7917
-18.2996
-15.1703
-13.3271
-9.9060
-9.2635
-15.8371
-10.9644
-6.0886
-3.7698
-0.5244
-1.1073
3.5671
2.3426
0.7729
-1.4333
-0.2690
-0.2070
-1.1533
-1.3944
-3.5781
4.4148
1.5115
-1.8409
-7.3704
-5.0282
4.0197
6.3266
2.2274
-2.5280
-4.7452
-3.0944
-7.5973
-7.3595
-5.3449
-4.0692
-3.0510
-3.7278
-9.3411
-9.7342
-9.4012
-7.6113
-5.2921
0.7400
3.9793
10.0779
7.8245
3.8679
2.2939
3.9423
3.9394
-1.8347
-1.4276
-1.6227
-1.7534
-3.0819
-2.9186
-3.6104
-3.8373
-0.9477
1.9696
0.2456
-3.4736
-1.1315
0.2564
-4.0059
-6.3388
-8.5571
-6.4059
-12.8459
-14.8425
-18.8827
-19.5397
-11.9584
-2.9205
1.5990
-5.6920
-6.0956
-3.0863
3.0820
6.3800
2.4864
1.8819
-0.9749
-4.6842
-4.8361
-7.6815
-11.9073
-16.3933
-15.1946
-6.7596
-1.0898
-2.0685
-5.7987
-6.5789
-6.1835
-4.4239
-1.6707
1.3765
-0.6984
-2.4108
-3.3338
-4.0450
-4.8336
-4.5872
-3.9583
-3.7314
-2.3322
0.9877
-4.8219
-8.7335
-5.4684
-3.4887
-1.7199
-3.0925
-4.4817
-3.3665
-4.7856
-12.4743
-7.3042
2.4776
-0.6438
-10.8893
-2.6609
-0.6422
-0.9149
-0.3276
-0.4416
-0.0360
-0.3799
-1.8806
1.2936
2.3620
2.5286
0.1363
-1.6223
-3.5388
-10.5894
-5.4185
-4.0289
-10.3130
-12.7087
-12.9173
-9.5382
-10.0589
-7.8868
-11.2755
-9.6495
-8.2884
-4.1464
-3.9102
-4.3878
-3.0007
-4.0765
-9.2222
-8.3477
-6.8725
-5.8508
-2.2243
1.5297
-1.8006
-2.3922
0.9934
4.6527
2.2938
-4.9000
-6.8077
-5.5876
-7.5881
-7.3337
-7.2795
-4.4537
-8.9635
-13.6725
-12.5061
-5.9409
-6.6032
-4.8869
-3.5047
-6.2797
-9.0530
-8.8932
-7.2985
-1.4824
2.8914
1.4268
1.9055
3.6986
-1.2188
-2.5529
5.9184
2.2389
-0.6174
0.4489
-5.2454
-5.8547
-4.2757
-4.7197
-6.9333
-2.1666
-4.8312
-3.8681
-6.0224
-7.8632
-3.9845
-4.7974
-11.9116
-10.5780
-5.4721
-5.6617
-1.1959
5.4855
-0.8531
-9.7816
-10.1178
-2.7548
-6.3218
-9.3743
-10.0314
-9.6226
-7.5119
-2.1645
-4.1129
3.7139
7.3318
13.2190
13.3840
10.4575
8.8799
-0.0687
-0.0899
-0.5888
3.6067
1.0437
-4.5289
-7.5538
-6.0441
-5.4549
-12.9889
-9.8708
-8.3189
-5.7165
-5.6057
-9.7347
-10.4009
-11.6569
-9.7211
-1.8921
-8.7063
-14.0345
-6.9450
-7.5443
-8.7310
-4.6077
-5.1617
-3.3002
-0.6378
0.1435
-2.9046
-7.4410
-9.7848
-10.7189
-10.0145
-3.0104
-1.9144
-4.4813
-3.0142
0.2318
-4.4235
-4.9920
-8.1934
-10.9652
-13.4966
-13.9736
-14.2237
-12.5073
-5.8943
-10.1196
-9.8666
-12.2888
-6.0929
-5.3742
-2.6480
-0.0309
-2.9495
-4.4099
-2.3778
2.2035
-0.1700
-10.7093
-16.2687
-15.1559
-13.8674
18.3905
27.2035
25.6686
16.3901
8.4201
14.8783
14.5264
8.5091
4.9920
5.4064
-1.3099
-11.8159
-10.5936
-13.9303
-18.5367
-11.0208
-8.4627
-3.5978
0.0930
-3.1560
-8.6115
-12.2582
-21.9308
-16.9825
-10.0117
-3.6637
-1.6058
3.0218
1.9886
-0.6152
-1.4846
-9.8348
-12.2032
-18.1234
-14.4891
-19.9767
-22.1822
-16.9721
-12.4956
-8.4640
-5.2394
-4.0125
-2.4672
0.1998
-4.6810
-13.6658
-13.8434
-12.6332
-7.0904
-3.3079
-6.2389
-5.7140
-3.0668
0.3538
0.5171
-4.1802
-1.3783
0.7133
2.1560
1.8134
3.6808
1.3366
0.5346
-6.5437
-8.8793
-12.2072
-10.9543
-9.2994
-6.9468
-5.6046
-6.5195
-14.1887
-8.5109
-3.4708
-4.9111
-4.1687
0.3731
1.2377
2.2859
20.0686
14.4205
2.3743
-3.7957
-8.4369
-5.0921
3.7870
4.1714
-0.2782
-3.6232
-3.3220
-8.3127
-5.9246
-1.6761
2.6221
0.7141
0.1063
0.2042
0.1511
3.2529
2.5506
11.2702
1.3146
-9.1605
-11.2455
-14.5573
-8.2010
1.0771
4.0931
5.9086
1.6495
-8.1263
-9.0368
-8.5541
-7.3566
-4.5760
-1.9612
-5.6593
1.6562
3.6259
21.1998
25.4834
23.4783
22.5951
13.1378
2.6684
2.0638
3.7750
2.1965
0.7164
2.0600
-3.0412
2.7503
-3.4802
-8.8451
-8.2213
-3.3756
-1.1385
-0.3276
3.0651
1.6517
-5.2788
-8.9467
-9.7400
-2.8095
4.5753
4.0849
6.7382
6.2136
-1.7660
-2.9750
6.9064
2.2160
-5.3737
-7.8255
-4.7283
-2.7036
-4.5510
-2.6501
-3.0775
-4.0745
4.1384
13.2321
7.1993
5.3895
5.4463
7.0167
2.7187
-3.3800
-10.4042
-11.9402
-10.3668
-4.2628
-7.5341
-9.0540
-8.1431
-10.2786
-9.7786
-5.5911
-3.4969
-4.0817
-1.9751
0.4281
3.5354
-0.2277
-2.9549
-5.4555
-4.1281
-0.9385
-0.6465
-2.1057
-0.5192
-1.7204
-1.9826
-4.2958
-4.6072
0.2740
3.9118
0.0248
0.9333
8.0782
7.6843
-1.3151
-8.1763
-4.3873
2.4699
2.6033
-0.0591
-4.3166
-4.4835
7.1808
11.3442
1.7663
-3.2567
-1.5467
9.2571
12.7907
1.8852
-2.5509
1.1660
5.4035
3.1360
9.0572
9.1325
-7.1011
-13.0432
-11.2322
-10.5835
-6.6454
2.2680
4.5147
-3.5903
-8.9389
-9.9972
-13.3991
-13.3089
-6.6810
-0.9548
1.8673
-1.6846
-4.2052
-2.6455
-2.0618
6.1192
9.1369
4.9347
2.2562
-0.4123
9.9131
6.0319
1.1458
-1.8879
-2.2066
-6.3060
-1.3852
13.1448
7.7826
-2.7119
0.0968
2.2497
-3.3207
-8.8211
-9.7149
-8.1911
-9.7165
-8.9161
-7.5334
-4.2915
-3.1196
-2.3853
-11.2118
-9.6775
-5.3121
-1.0089
-0.4920
-2.5164
-4.6329
-2.4661
1.0144
1.3203
-2.1928
-3.5343
-4.7516
1.0488
3.0846
2.7260
4.1870
-0.0535
2.9356
4.2446
-3.8746
-8.3568
-7.9971
-6.0447
-5.7667
-8.8015
-12.9736
-6.5483
-5.3440
-8.3450
-9.6133
-8.9631
-12.7217
-14.3383
-13.8808
-21.7719
-18.9396
-13.1776
-15.4332
-18.1095
-15.2737
-14.5764
-11.5286
-8.3198
3.1749
-1.3269
-6.6637
-9.4655
-11.0656
-10.1419
-10.2544
-14.0052
-8.3572
-7.0657
-6.1331
-8.5217
-9.0359
-5.0408
-2.2766
-2.2995
-7.6550
-7.4884
-1.0975
4.7894
0.8792
-9.7598
-12.9166
-6.1255
-1.1732
-2.0691
-2.2355
-6.4890
-17.7665
-13.9457
-5.3247
1.6796
0.7787
6.1363
4.1347
-4.6361
-12.6527
-11.2934
-10.4533
-10.8748
-12.1027
-9.9496
-9.3298
-9.0913
-5.4958
-3.0162
0.0665
-0.2698
-0.6396
-0.5097
-0.0411
-0.7660
-1.3735
-0.4840
-1.2330
-1.8177
-1.6619
-0.7276
-0.7507
-2.6041
-2.2668
0.2994
1.1953
1.5121
0.7199
-0.5332
-2.0756
-2.0853
-3.0352
-1.5332
0.6370
-1.6512
-3.1162
-3.2066
3.9313
7.8732
3.7587
4.9480
2.9273
1.9559
3.2305
8.7870
19.4537
17.0724
14.1781
9.7236
5.1512
11.3746
10.7124
9.6761
9.7790
6.2211
0.0564
0.1765
-0.3430
0.1938
5.0695
10.2938
14.2636
7.4594
4.3883
-0.6417
0.9921
0.8427
-0.0258
-9.8010
-13.1609
-9.1995
-1.2603
2.1764
3.4332
-1.8741
-2.1319
-0.1809
-4.8147
-2.8484
1.4950
-5.6004
-8.2010
-6.9833
-11.2702
-12.6276
-17.5668
-11.3255
-4.0392
-5.1915
-14.1966
-20.5305
-13.2556
-4.9342
-5.6404
-5.8733
-4.8381
-5.8020
-6.7905
-9.4307
-8.2724
-5.4072
-1.8831
0.4426
-2.3215
1.4668
3.8697
2.7609
-2.2039
-6.5635
-7.0541
-11.7764
-14.5162
-19.0526
-18.4526
-16.0567
-17.0927
-11.0261
-9.8674
-12.7239
-9.3244
-8.8819
-5.4322
-8.4855
-12.6860
-11.6316
-7.8081
-7.8329
-8.1511
-7.5595
-10.7207
-7.4355
-6.1484
-4.0197
-7.2437
-5.2801
-4.8979
-1.4947
0.2179
-0.5301
-0.2905
-2.4277
-2.3783
1.0542
6.9350
-1.3758
-4.2097
-4.6041
-3.4701
1.1281
4.4319
-3.2143
-2.8608
-1.5148
0.8977
0.9973
-2.4716
-4.5054
-6.7542
-7.6150
-6.5018
-9.1597
-10.6352
-14.1096
-16.3453
-20.0014
-13.6662
-3.5659
0.0118
3.3401
1.9875
-3.3119
-4.6488
0.9559
-0.3951
-1.5135
-0.9377
-2.9213
-1.2646
0.2554
2.7337
3.6545
6.7449
4.2070
2.8194
1.2069
-7.0804
-2.6439
1.3574
-4.6798
-7.1722
-6.7962
-3.3753
9.4904
11.9143
10.6852
12.5065
11.5942
6.3840
5.8237
8.3637
3.7173
-0.6278
-4.6024
-7.6908
-9.6399
-9.3845
-7.9615
-4.7773
-10.9964
-10.1271
-7.1375
-3.7832
-0.3062
-1.1965
-0.7603
-5.8480
-5.7912
-2.8794
-6.1710
-6.9785
-4.7069
-6.9336
-9.9175
-10.4218
-10.7030
-11.6237
-12.0722
-7.4718
-3.4992
-6.2947
-10.4785
-10.2660
-3.9051
-2.8928
-9.5804
-10.3626
-5.3719
1.4286
4.4303
4.8750
-0.1310
0.7363
-3.0910
-2.7908
-3.8092
-0.3724
-3.9778
-8.2882
-5.8911
-3.8789
-5.3146
-7.9824
-7.6924
-2.8576
-2.6298
-3.7545
-8.3358
-7.4520
-9.8667
-12.9820
-20.4672
-14.1087
0.7893
2.9470
-3.6219
-5.1830
-4.6668
-1.9987
1.8091
2.2842
3.7846
0.4400
-0.5277
-1.4014
-0.7110
4.7021
4.2988
9.9832
11.2891
11.1506
9.7333
14.2011
7.1277
13.0576
8.4061
4.4612
0.5887
-2.8709
1.8999
2.5352
-1.3621
1.7668
1.1935
6.4172
10.5540
4.6787
2.6991
1.9358
2.2293
0.1760
-6.9350
-12.4126
-5.9438
-5.2592
-5.5557
-4.2091
2.3493
3.0603
0.0350
-3.2129
3.9841
15.3157
4.3813
-2.0083
-1.0762
-0.3030
-4.2353
3.2261
17.3365
15.2208
4.3682
-4.4700
-5.7867
-12.1160
-15.0728
-14.0273
-15.0922
-19.8763
-19.9910
-21.9115
-23.3438
-19.9464
-17.3563
-19.2417
-19.0239
-10.5286
-16.2918
-24.4226
-26.4001
-17.2669
-14.2322
-14.0887
-11.4817
-12.4710
-10.9552
-6.0912
-0.5769
1.7518
-3.2448
-4.2877
-7.7128
-1.9380
-4.4594
1.6591
-0.7858
-4.4240
-7.6816
-8.7142
-8.1522
-4.6851
-8.2833
-10.3952
-8.4159
-4.5579
-3.2807
-2.0964
-1.0908
-3.4031
-2.5747
-2.7633
-6.5081
-4.1426
-0.3493
1.2027
3.5631
3.8790
2.7860
-1.8901
-2.1585
-4.9635
-9.7194
-8.9170
-2.9436
-3.2896
-4.5919
-6.9946
-10.9458
-17.8151
-22.2399
-22.5409
-16.3281
-10.2323
-10.1895
-1.0122
5.4915
3.6552
1.2745
2.1667
3.8094
7.6552
8.6851
9.4223
-2.3276
-4.6225
-5.4388
-4.8753
-0.3363
6.7648
4.7210
1.2357
-3.5446
-10.1893
-6.7137
-7.3196
-13.8412
-18.5523
-6.8641
-3.0411
-1.5583
-4.6887
-6.4645
-8.1972
-11.3042
-12.7265
-12.7613
-16.6962
-14.3093
-11.2259
-10.3595
-9.7502
-6.0492
-2.9730
-2.4747
-8.8713
-6.5742
-2.3173
-1.9819
1.1718
1.2124
2.6727
6.2635
4.6777
1.8825
6.9952
10.2324
3.5204
1.4780
5.2333
18.0856
17.0611
6.4516
2.2352
2.1024
0.8450
-5.8551
-8.4678
-9.5443
-8.8404
-5.4066
-8.9260
-6.2115
-4.8315
-1.5348
-3.5116
-12.7806
-18.1928
-17.2404
-15.7643
-12.9689
-10.2500
-4.3001
2.7788
4.3788
0.4408
-0.9366
-3.4170
-2.3620
1.8600
-5.7356
-12.2247
-16.6592
-14.0405
-7.8399
-7.2573
-7.0554
-11.4953
-14.4388
-9.0925
-1.9582
5.8647
4.6220
2.8862
3.4647
4.1230
3.7861
5.2592
2.6824
-5.0435
-13.9927
-8.5695
-9.8712
-3.6182
-1.9168
-2.7560
-3.5432
-0.2364
1.0001
-1.9367
-2.9328
-3.3148
-6.9434
-3.5617
-1.1986
-0.2978
1.0225
1.6222
0.1506
-1.3757
-0.6126
2.1015
1.9448
3.5052
3.1056
6.9793
3.3247
-5.5070
-7.0825
-1.9123
0.8893
-1.7531
-2.4865
-4.3684
-2.5677
-0.1165
-5.1211
-1.5961
-3.5497
0.1015
-0.2016
-1.9659
-2.0808
-3.4227
-3.1389
-1.6731
-0.7267
2.9656
0.2767
-9.2201
-4.8160
-1.0702
-0.5990
-4.1947
-9.1312
-12.7523
-14.1939
-11.3099
-7.3402
-7.3530
-4.3687
2.7728
12.0509
5.8325
6.0536
5.8812
1.3472
-2.4250
5.1617
-0.8360
-6.2615
-6.0593
-0.7064
1.1320
-2.4835
-4.2826
-4.6745
2.6859
5.0497
1.0513
-2.6042
-3.1100
-0.5707
3.4568
2.5477
-1.8868
-4.4686
-7.9647
-8.0735
-4.8306
-6.3150
-10.2869
-8.9424
-6.0283
-0.0407
3.7914
4.2085
1.9098
-0.9197
2.3964
2.4165
-2.9990
-3.8021
-4.1952
-5.0819
-8.0434
-16.0982
-9.9800
-5.7240
-5.4733
-3.2637
-3.0253
-3.9625
-4.0269
-0.3837
-0.0285
0.6190
-3.2679
-10.2746
-10.7879
-8.0028
-14.1631
-9.0308
1.3668
-2.8126
0.2257
3.6341
0.6612
-0.2821
-4.7947
-4.5172
-6.5578
-6.4368
-1.9662
-2.4436
-2.3152
0.3968
1.5896
0.2940
2.9244
-4.5251
-10.6383
-11.3656
-15.8593
-17.4041
-16.5927
-16.4231
-17.6645
-14.0948
-12.9300
-16.9648
-15.7515
-10.6725
-7.1159
-7.8083
-6.6460
-3.4610
-5.0170
-6.1854
-6.7395
-8.1052
-6.2086
-4.0370
-7.4851
-8.7067
-7.6229
3.4611
0.1998
-6.7209
-9.9554
-7.2860
3.3016
2.9527
-1.0620
-2.9864
0.2002
-4.8158
-4.9724
-2.5227
-2.7375
-3.7966
-2.0790
-1.8763
-2.8133
1.1826
2.4703
4.9428
4.0051
-2.9377
-4.1668
-5.3896
-1.9032
-2.3594
-5.9381
-4.2282
-3.9273
-4.6143
-0.3799
2.4394
1.4286
2.3629
0.2340
1.7725
-4.3853
-2.5894
-8.1783
-11.6821
-13.6787
-11.2186
-3.9767
2.9799
3.3734
-0.5170
-8.5534
-10.0603
-2.3931
4.0806
4.5429
1.7265
-1.6939
-1.6722
0.5463
0.3924
-3.5788
-6.0698
-5.2550
1.5998
1.4141
4.1054
4.9030
1.2169
-0.4332
-4.1143
-7.7843
-6.5936
-3.7625
-2.0280
-4.7642
-3.0377
-0.2861
-0.5459
-0.1450
0.9548
-0.6290
-1.8090
-0.3890
-0.7450
-0.7274
-1.8599
-1.8194
-3.6791
-5.3424
-4.5240
-3.6041
-1.9076
-2.2045
-3.2179
-3.7270
-3.9238
-4.6708
-3.5347
-4.0235
-4.8468
-4.5712
-7.1060
-8.4760
-4.8642
-0.9027
-0.6427
-1.1991
-1.1382
0.2976
0.0353
0.2412
2.5695
3.0693
0.5102
-1.9087
-0.2486
-0.7112
1.5594
1.6138
-0.5799
-0.9215
-0.8341
-0.5800
-1.9900
-2.9943
-0.2929
1.0271
1.4322
-2.0294
-6.9047
-7.0594
-4.3632
-8.8898
-9.9917
-6.7510
-8.0042
-7.5265
-8.0715
-7.9892
-2.8545
0.2504
12.3319
17.4506
19.3273
13.4394
7.4560
0.7870
1.5596
6.9377
6.6405
4.7834
6.8514
4.7827

Coefficient 34:
0.0000
0.2503
-3.6893
-4.7760
-2.4300
0.1595
-1.2164
-2.6758
0.9787
1.6380
-2.0029
1.0964
0.1630
2.5933
2.8976
0.7623
0.4162
0.7320
-1.5225
-2.9163
-2.2273
-0.9160
-0.7141
-2.8107
-2.9116
5.3906
5.8399
2.5422
-1.9366
-0.3439
0.3127
-0.6796
0.2895
-3.9330
-5.0041
-6.0048
-2.8467
-2.4734
-2.7461
-2.1171
-1.5124
-3.4340
1.1794
6.2446
1.2406
-4.8794
-7.0668
-4.8552
-4.9998
-3.3354
-1.4522
1.3278
7.2763
12.6939
5.2625
-4.8328
-5.6453
-4.0164
-3.8128
-2.5669
-1.9967
-1.1641
1.8656
-2.2942
-6.5742
-7.3819
-4.4656
-4.7098
-2.1355
8.8223
5.3101
-1.0064
-2.8064
-0.6963
-2.1724
-1.4129
1.8395
6.6251
5.0766
5.9533
1.5695
-3.6721
-7.9265
-6.5285
-2.4512
-0.9781
-3.0401
1.3298
4.1051
1.5477
-0.1032
-1.6677
0.1830
3.0938
-6.5018
-12.7593
-12.7569
-8.1649
-2.8684
6.7732
3.9404
-0.8602
-3.4527
-3.9940
-2.2878
-2.8408
0.9522
-8.4128
-7.0756
2.7109
1.7477
-2.5879
-2.3044
4.8668
11.8757
17.5215
14.7281
4.0144
0.3565
-0.4872
0.9332
-0.4270
-3.6160
-4.0499
-5.1618
-2.7332
-2.5033
-3.8931
-4.6236
-7.3886
0.2057
8.7600
11.7574
13.7585
11.5352
7.2722
0.4781
-3.1573
-3.0193
-1.4019
0.5045
1.4264
1.8286
1.8211
-1.9248
-6.2563
-2.4995
2.1766
3.5260
7.7836
6.5761
0.8317
-7.9941
-6.6924
-0.3453
1.7808
-3.0478
-4.9708
-3.0040
0.5502
-0.5650
-4.8941
-4.1584
2.8416
-0.9249
-6.0967
0.9214
3.6706
2.9733
-1.1799
-3.1317
-6.7846
-7.6488
-9.3869
-6.4919
-1.3655
2.1025
-1.7480
-4.1601
-6.2509
-6.8504
-6.2883
-3.4389
-5.1780
1.6790
-2.9020
-5.1173
-7.8126
-6.4183
-1.7691
-4.4572
-3.4115
4.2674
4.9072
4.7570
7.2217
5.6914
12.9412
1.3913
-8.0985
-3.2394
3.6750
5.0544
6.0708
-2.6115
-9.1168
-10.2233
-5.6837
0.1621
-0.1684
-3.6340
-3.4104
-3.3363
4.7086
2.8320
10.7395
20.0172
17.6132
13.8886
10.7022
4.4798
-0.8546
1.5843
2.8919
0.6234
-0.3841
-1.3730
4.9394
10.7248
6.1655
5.3686
5.6800
2.9589
2.9269
-2.3412
2.8560
1.5780
-3.0617
-4.7714
-2.3777
-3.7879
-7.4721
-11.6899
-11.8160
-10.7497
-11.3689
-10.9659
-9.5595
-5.0128
-0.5128
2.0939
-0.7445
-1.6527
-2.6811
-6.0500
-2.6920
0.3490
3.3650
4.7113
-0.5268
1.8198
4.7067
-1.1433
-1.8332
-6.9979
-4.9241
-1.7859
-1.6404
10.8988
8.8334
-0.5877
-6.9625
-11.1850
-8.8331
-0.4137
-4.0752
-11.5592
-5.4941
-3.8638
-9.1849
-15.6947
-11.9160
-5.4009
-7.5474
-11.9623
-6.9263
-2.3726
-0.0213
-0.6033
-5.6951
-4.4467
-5.1197
-5.1110
-8.9625
-4.8456
0.0198
-1.6347
-1.5368
-3.6442
2.4495
0.1476
-6.9494
-11.9013
-14.1934
-11.5336
-3.3131
0.2039
-5.4428
-10.4025
-7.0759
-6.7866
-11.8167
-15.4130
-9.9925
-2.6629
2.1554
4.4246
5.2943
0.1140
-3.2912
-1.6952
-1.9601
2.6744
7.5538
7.5383
4.8931
2.6658
1.7836
-0.8229
-3.4806
-2.1200
-2.0100
-1.7066
2.3665
1.3234
1.8868
-2.6243
-0.3473
-1.4056
-5.4873
-6.7921
-6.1208
-7.0223
-3.5708
-8.3848
-13.2606
-6.1389
-4.4639
-7.8891
-12.1601
-8.9142
-4.4010
5.7638
13.2979
-1.9662
-7.0153
-2.1810
0.4045
0.9077
3.4680
5.1571
3.1492
-5.3794
-9.5685
-9.2408
-8.9400
-8.2031
-11.8836
-9.6993
-4.2379
-1.3517
-4.0492
-6.9502
-7.4376
-5.3943
1.2657
0.9870
-3.5380
-3.0231
-2.2910
-2.6711
-2.7332
-8.2362
-9.1803
-8.7529
-8.2297
2.8087
1.4098
-4.5309
-9.0330
-3.1516
-1.8276
-8.0452
-11.0309
-10.8715
-10.6590
-12.4402
-3.2061
4.2984
1.6041
-6.3583
-3.8495
1.6203
-0.7423
-0.6773
-1.4042
-3.3193
-1.2249
-0.4211
-1.8371
-8.2160
-8.6906
-6.0936
-1.5763
-4.5574
-15.6195
-18.9707
-13.0706
-12.2722
-14.0210
-13.9768
-6.8461
1.0941
1.1242
-10.6039
-10.3852
-9.3486
-9.8598
-11.3418
-9.3412
-3.1900
1.0232
-2.5215
-8.2480
-10.4014
-9.2467
-9.2792
-6.6745
-2.3141
-4.8606
-5.1791
3.1366
6.2238
-2.1021
0.6154
-1.7191
-2.0115
-3.9115
-4.9130
-3.4048
-7.4866
-8.1595
-3.0070
0.3372
-2.1809
-9.2502
-12.2669
-9.0233
-4.5731
-3.6422
-1.0001
-0.6473
3.0812
6.5592
9.3118
6.6591
0.3845
-2.5543
-0.8457
-1.2675
-0.1297
-2.6664
-11.6003
-8.3820
-4.9655
-6.2850
-1.9413
1.3475
-2.7274
-1.0504
0.3319
4.8443
9.7364
5.3733
0.6375
-4.6198
-8.7771
-6.4438
-3.2095
-0.9424
-1.9493
-11.8291
-12.3210
-13.3120
-8.0811
-3.8559
0.1049
9.2876
13.6474
13.4175
8.7410
15.9574
18.0567
18.2447
18.2690
13.7425
11.5979
2.6905
-0.3221
-2.1341
1.2571
1.9230
-1.7587
-4.1537
-6.1600
-1.0870
-4.3596
-7.2404
-4.0969
2.3165
0.9113
-2.1978
3.0236
4.6924
-5.4180
-8.0286
-6.4770
-7.9865
-5.0178
-6.6567
-6.1713
-6.5238
-5.0713
-0.6600
4.2578
7.0885
-7.0811
-14.3711
-13.1728
-7.1589
-5.2117
5.7256
10.8715
6.0839
-2.7176
-1.4002
-1.0585
3.2566
2.9533
5.7429
4.7959
3.7594
7.5039
13.5707
19.5427
6.6316
2.6094
2.2133
3.8946
-3.6243
-6.9839
-4.5404
-4.2275
-1.7589
0.0289
2.1471
2.1156
-10.0252
-19.2441
-20.9501
-16.9770
-2.1538
7.8113
14.8992
17.3650
18.7887
19.5096
21.0874
16.3628
10.7228
3.2897
6.6980
-2.4525
-4.1719
-8.4500
-15.8787
-14.4675
-8.4282
0.3794
5.2089
-4.1583
-10.0070
-8.6253
-10.1340
-12.3818
-4.0072
4.2963
2.5905
9.9806
11.7144
11.6302
17.0438
8.8482
-2.3370
-1.8367
4.9610
5.6290
1.4172
3.6604
10.2578
5.0895
-4.5225
-1.7934
-1.1415
1.7147
-3.5003
-6.0457
-6.4779
-7.1158
-6.1084
-4.9096
-9.0799
-9.5282
-7.3682
-1.7995
1.8358
-1.4387
0.6362
-0.3131
-0.6091
-3.2089
-0.8434
-1.7938
-3.3673
-3.9173
2.3167
0.8491
0.3091
-4.6195
-8.3980
-7.2420
-4.9655
0.9807
-0.7859
-1.9830
-1.7538
-1.3919
7.5647
7.7596
-0.6947
9.4384
1.3813
-2.9570
-0.6870
1.1737
3.9312
1.7210
2.1385
0.5055
-4.1537
-4.3846
-4.0312
-2.6079
1.4477
-0.4235
-1.5655
-2.3239
-0.6920
-3.8368
-2.5127
-3.4245
10.5487
12.7160
1.0535
-3.5250
-6.8336
0.4922
5.6642
10.0593
10.2784
4.9386
-1.9103
-8.3782
-13.3060
-13.3026
-10.2175
0.0334
-0.6807
-1.8316
1.7731
26.7687
42.9556
51.9696
45.3199
22.9708
6.5191
4.2169
9.5313
5.8095
0.9207
-1.5831
-3.9983
4.0200
-5.8050
-0.2848
2.9069
2.7791
1.3474
-2.0559
1.1423
2.3224
-0.9357
-1.4608
5.6093
11.5236
7.4742
-2.1622
-2.3864
3.2396
4.6834
4.5795
12.5920
12.1478
16.0005
16.2342
6.7149
6.6777
3.6912
7.5640
11.6873
1.0659
-0.5581
8.4241
4.8281
5.3769
5.0210
4.6571
-0.4441
-1.6599
-8.4101
-13.1413
-7.2884
1.3999
1.8205
6.2025
1.4209
-5.7036
-7.9261
-4.0922
-4.4473
2.4705
4.8064
1.5423
1.9412
2.0402
2.9110
-0.4026
0.0331
0.7220
0.3407
-2.0446
-2.1150
-5.2016
-6.2934
-6.4800
-4.3672
-6.2736
-1.5768
-0.3803
0.2522
8.8998
6.0599
2.2871
-12.8191
-10.2947
-3.3691
-0.0939
3.1657
-0.4787
-0.8823
-6.7716
-5.9916
0.0993
4.1534
2.0570
-0.7903
3.5399
-1.3415
-2.5592
-0.6146
-0.8050
0.0349
12.2325
14.7219
9.8814
4.8361
3.4226
-1.0094
-1.7963
9.7382
8.4056
-3.0223
-7.0940
-0.8076
-7.4240
-11.9743
-12.9066
-4.8604
1.6527
4.4842
3.9237
5.3083
2.0318
7.1012
7.8642
7.0307
-2.2653
-4.0969
7.5420
4.5041
0.9856
-1.9074
-1.7805
-6.3611
1.8396
16.2757
11.6964
11.8912
5.6389
7.5686
0.8078
-4.3506
-9.8254
-9.3317
-7.5094
-7.2285
-3.2629
6.0762
7.6673
5.6487
0.3072
-2.5817
-3.2434
-5.4138
-6.8648
-7.7238
-4.9411
-1.0963
-8.8263
-10.9261
-7.7908
-5.2790
-5.6148
-1.8506
-4.8347
-6.4087
-4.1576
-3.5195
-3.4726
-4.8910
-4.2899
-1.6104
0.2522
1.3655
-1.0616
0.9536
-1.4360
-0.2033
-0.4378
-7.5556
-5.2956
1.0529
4.3399
-2.2953
-7.2072
-14.8134
-17.1836
-13.0866
-8.9687
-10.6241
-10.6397
-8.1658
-2.3392
1.6012
4.3702
5.6114
2.2941
0.1757
-2.7539
-5.0012
-6.1674
-8.2305
-7.2467
-10.7197
-9.3079
-8.2005
-3.8474
2.2415
2.5425
5.2106
4.1025
4.1030
2.2009
2.2728
-0.6922
0.6772
2.7487
7.3203
7.4592
3.8833
0.8272
-0.5283
7.7766
5.9886
0.9692
-0.4452
-0.8887
8.8989
10.9536
13.4445
4.1388
-1.3558
-1.9883
-0.6389
2.6639
0.4318
-5.8983
-8.0035
-5.3738
-2.0366
0.1313
-0.5205
-0.7617
-1.6401
-1.3195
-0.3925
-0.9426
-0.1103
-1.2890
-1.7512
-1.4801
-1.0103
-1.0086
-2.4805
-2.1554
0.1475
0.9178
1.1055
0.4756
-0.7527
-2.1144
-2.2474
-3.1607
-1.5852
0.4008
-2.0227
-3.2562
-3.2252
1.4908
1.6448
4.7248
7.9284
0.2978
-0.2811
3.2754
8.1851
15.4065
13.4431
6.7286
4.0809
1.9499
5.9868
9.2998
6.0400
3.3433
4.9277
1.0964
-0.1347
-2.2376
-0.4074
1.5712
3.2481
4.4484
9.9402
6.9663
3.3156
-1.7478
-6.4710
-1.6571
-3.3185
-12.3013
-10.2979
-3.6476
-0.5441
-2.2440
-1.4005
-1.1838
-2.3993
-4.7106
-3.9938
-3.6924
-5.6792
-5.1979
-4.7041
-4.6658
-4.4987
-8.8108
-12.1241
-8.5388
-8.3751
-14.0654
-8.7567
-0.5777
5.5434
-1.9872
-10.4594
-17.7792
-17.2902
-14.1620
-12.9918
-13.9058
-12.2159
-5.4773
7.3876
7.7564
9.1585
6.4903
4.5193
1.8713
0.5140
6.1668
3.3907
0.1263
-2.3558
-4.3434
-5.6528
-5.9319
-3.9186
-6.1417
-7.0921
-6.4379
-7.2455
-3.6433
-2.1356
0.5653
-0.4361
3.9353
0.3046
-7.9390
-12.5029
-1.8484
0.6401
-4.5080
-0.2048
-1.4528
-5.9562
-9.1723
-3.6016
4.6855
10.3800
8.5066
2.7920
1.7139
4.5255
10.2155
3.8979
-0.1898
2.2743
1.2390
1.4103
0.0888
0.8888
2.2826
4.0763
6.0912
8.3348
5.5229
1.4706
2.7587
-3.3496
-4.6441
-4.4270
-7.7776
-7.3000
-7.1685
-11.8660
-9.5334
0.6335
0.2284
2.1391
0.0977
0.3115
-2.1319
0.7660
-0.8424
-1.3891
-0.8006
1.6402
-3.9374
-6.4849
-3.7644
0.5050
1.0537
2.1691
-3.1636
-4.5895
-9.7773
-7.5917
-14.5899
-9.9683
-9.1166
-11.2508
-10.9793
1.2833
4.0316
5.8494
3.6725
1.1979
3.0791
5.6120
4.1723
-1.4210
-6.0354
-9.9204
-15.6756
-17.7122
-11.0369
-0.1279
1.1449
1.0063
-0.5139
-2.4482
-1.5529
3.2164
2.8230
0.1207
-2.7502
-8.2551
-6.6703
-3.9800
-3.4421
0.4238
-1.0355
-1.7838
-2.7559
-6.7544
-4.5976
-2.2236
-0.4294
-0.8001
-3.1717
-5.7693
-2.3815
-1.1794
-1.6122
-3.2575
-5.7322
-8.3089
-7.3424
-8.0992
-5.0619
1.3431
-0.3762
-3.4742
-4.1531
-7.9934
-7.6198
-5.3038
-4.4979
-4.5408
-6.6508
-10.3191
-6.2131
-2.7422
5.3189
9.9118
7.0771
-1.2697
-3.8436
-5.0579
-9.1104
-7.4757
-6.4124
2.6065
-3.6881
-11.2819
-12.8769
-12.3191
-9.4647
-4.4131
-3.6694
-4.8014
-2.3880
-1.9208
-1.7329
-0.6466
5.2492
4.3495
9.8397
9.5774
1.8644
-6.1175
-6.0678
-19.8910
-16.0083
-12.8292
-14.2826
-16.2897
-17.5382
-16.0625
-18.7274
-19.7933
-10.2126
-6.4803
0.4932
4.5087
-2.1628
-8.1083
-9.6359
4.7685
10.0584
-3.1740
-7.5440
-5.5478
-10.9382
-4.8847
4.3131
7.1591
5.9755
0.7826
-3.0457
-8.6623
9.4307
6.6478
4.0720
2.2275
-1.0141
-2.6596
-1.9984
5.0486
12.6322
13.6509
7.6769
1.5437
1.1259
1.1823
1.1002
2.0098
4.1063
2.1548
-5.1307
-7.9937
-14.5927
-17.3530
-12.9974
-10.9807
1.9234
5.9960
0.4107
-6.0619
-16.5396
-16.1552
-8.4699
-0.6837
0.2137
-3.0632
-4.1051
-2.8533
-2.7044
-9.7523
-13.2891
-15.9734
-7.4536
-4.4444
-5.8453
-8.1716
-6.3379
0.2681
0.1122
3.2963
2.2536
-1.1565
-6.0143
-9.2648
-9.6491
-9.5307
-7.1800
-7.4007
-9.2008
-9.2329
-7.5642
-6.5020
-4.1841
-1.8570
-3.8924
-4.0862
-7.8388
-6.3298
-9.3877
-11.8235
-9.3728
-10.0594
-12.0803
-11.3695
-9.4449
-12.0793
-13.3585
-9.3529
-7.3873
-11.3551
-15.5265
-13.8258
-10.1495
-7.2588
7.0896
12.6519
15.9514
17.5574
12.9772
-7.4933
-9.0889
-16.1563
-18.7331
-18.4723
-9.2183
2.6340
8.6243
7.2375
15.1603
15.4429
12.7743
10.0465
-4.8694
-6.9262
-4.5612
-8.1249
-12.5545
-17.1931
-9.8211
-7.8432
-7.2864
1.7093
2.6117
-6.1584
-8.7540
-9.3631
-14.1838
-10.0115
-1.9180
-3.2050
-10.7127
-14.4995
-12.8300
-8.8858
-3.9965
-1.3211
-0.4489
-2.5729
1.0692
-2.7291
-1.7138
-3.6899
2.4275
4.6373
8.9793
10.5026
12.2406
10.6488
5.3675
13.5767
17.3933
16.4684
5.3376
4.2811
5.5866
-3.4857
-9.9840
-13.7179
-15.1661
-12.7455
-8.5227
-1.3411
-3.1661
-1.5090
-0.1593
0.6664
0.7126
-0.7565
-2.0225
-2.8238
-1.1986
2.0973
6.8886
7.2427
-1.5821
-5.7682
-1.6292
-1.4718
3.6533
3.1791
-4.1423
-13.7448
-16.6010
-17.1973
-17.9982
-16.5873
-15.0379
-13.9293
-8.4267
-2.1453
2.2067
-4.6739
-5.4168
-1.6122
-3.0264
-3.2771
-0.6687
-1.4762
0.1326
4.9891
6.0716
-5.6863
-13.5487
-14.3694
-7.8134
-7.0080
-12.1955
-12.5152
-11.2310
-9.0498
0.2558
-1.1158
-1.1347
0.0096
-0.4655
-0.2842
-1.6232
-4.4019
-4.5114
-5.4821
-5.2792
-6.6739
-5.7437
-1.7851
-4.1659
-5.0299
-4.6903
-2.9457
0.7988
3.8247
5.0784
2.3658
-3.0035
0.5871
1.4970
-6.6647
-11.4513
-14.3037
-10.2513
-9.9575
-11.5071
-10.3503
-8.6492
-5.1935
-2.6157
-8.9363
-5.2305
-6.4016
-7.9520
-6.2552
-5.9786
-7.2013
-7.9531
-7.1386
-11.0259
-12.4967
-9.1255
-2.6412
1.7258
1.5135
3.0245
10.2693
3.4122
-11.0897
-15.2812
-16.4575
-11.2262
0.6869
0.4972
-3.6685
-1.2469
2.8105
-0.7176
-5.5999
-7.5606
-7.2053
2.6908
0.3216
-2.0571
-1.0012
0.7868
-2.1925
-5.2608
-1.7853
3.6509
4.0040
-4.3980
-11.6581
-13.3929
-16.0698
-12.3156
-7.9066
-6.9898
-5.8002
-1.8356
-5.9486
-9.5413
-8.5936
-4.8736
-9.6869
-14.8114
-18.4146
-19.2478
-22.6966
-23.5742
-21.8339
-15.2239
-16.8930
-16.9341
-13.2696
-6.6500
-2.7281
-0.8821
-1.7378
1.7861
6.1419
5.3280
-4.4570
-12.8015
-10.5383
-12.1322
-4.3941
7.1197
8.9102
8.4398
5.4868
4.4855
-2.6531
-9.3390
-11.7166
-12.1967
-10.9432
-13.4869
-10.9279
-7.9289
-5.8376
-1.4352
-1.9209
6.2110
8.1536
13.2735
3.1535
0.3850
2.9413
4.6378
3.1669
5.0609
11.7522
10.6555
6.7626
5.0736
0.7853
-0.8248
1.7236
3.6866
4.2298
-9.6647
-10.8690
-10.0211
-6.1625
-4.3074
-2.8992
-4.6274
-5.8821
-6.6243
2.7666
-1.2191
-6.4632
-8.1905
-5.9987
-3.7322
-6.8673
-7.1962
-1.3236
1.0300
-5.3115
-6.4116
-4.1774
-7.8265
-7.7462
-4.0136
0.0288
1.4537
3.4908
-2.8815
-3.7972
-4.5834
-10.2528
-14.8570
-10.7379
-10.0174
-11.6521
-10.5066
0.8869
4.5724
-0.9655
-0.0650
2.4472
-0.5943
-2.6300
0.6711
6.4150
0.9710
0.5929
1.2207
1.2814
1.9729
-1.8567
-5.7942
-2.2152
0.5938
-3.2784
-8.1816
-8.7994
-4.4389
-2.5364
-1.3598
-1.2142
-2.8167
-3.2818
-2.6813
-2.1257
-6.3268
-7.4585
-3.2622
6.5732
-0.1787
1.6861
4.0474
1.0220
-0.5651
-5.9444
-9.9677
-7.5228
-3.0146
-2.3286
-4.4684
-3.3020
-0.2277
-0.2682
0.1817
1.0832
-0.4072
-1.6928
-0.5092
-0.8446
-0.6863
-1.6609
-1.2941
-0.2291
-1.2162
-0.0431
-0.6575
-1.7139
-2.0722
-3.5007
-4.1235
-3.7579
-3.7631
-3.9040
-5.4565
-6.3926
-0.7204
-2.1158
1.4772
5.0819
1.9829
-0.5999
-0.8246
-0.7520
0.1616
-0.2559
0.3136
2.7415
-0.4111
-3.2679
-1.9984
0.6952
2.7882
1.2298
1.5672
-0.1103
-0.8091
-0.8585
-0.4485
-1.7351
-2.7868
-0.1226
1.2372
1.5420
-8.0771
-4.2019
-1.1671
0.6267
-3.3001
-3.4547
-3.9587
-3.5881
-4.1032
-2.3481
-5.7355
-4.2126
-3.4611
-6.3738
-3.7393
-1.4649
-4.1752
-9.0445
-9.9605
-9.9555
-8.9381
-6.0931
-4.7509
-7.7294
-8.2985

Coefficient 35:
0.0000
2.6236
1.7462
2.2967
-1.5297
-2.1623
-3.3248
-4.9268
-1.2721
0.6415
1.6066
5.3478
7.3030
7.6324
7.2835
4.1482
1.2948
0.4318
-2.0157
-3.4270
-1.5670
0.5712
-0.0036
-1.8046
-1.6511
5.1455
2.5128
-2.6189
-2.2085
-0.6690
-0.0965
-0.8403
0.5832
-3.1760
-3.7664
-5.2301
-2.6510
-0.6349
-1.1600
-1.5056
-1.3432
-1.5663
3.2699
4.5180
-2.9846
-7.1479
-6.0648
-2.3765
-1.7845
-3.0816
-1.9318
2.3323
-2.3696
-0.9661
0.7547
-1.8620
-8.9531
-8.3365
-6.1030
-3.1961
-7.4664
-9.8744
-8.2231
-11.6953
-10.2662
-7.9558
-3.6295
3.4331
2.6818
6.8388
5.4105
2.8208
-1.2190
-3.1765
-2.4997
-4.6670
-3.2659
11.4912
14.2257
13.9326
5.1484
1.7441
-0.6771
-1.5977
-0.7711
4.1406
2.0202
0.5392
0.3296
-4.2575
-9.5073
-10.9948
-9.9213
-2.1926
-11.6121
-18.5559
-17.8767
-15.1643
-7.9110
-2.4845
-4.1071
-6.1562
-1.7226
-6.0267
-7.9989
-7.9587
1.0665
0.7672
6.9948
15.1110
14.5612
9.0004
5.3944
8.1746
13.1436
18.0790
11.9598
0.6059
-1.2005
5.9992
2.9696
-4.2463
-7.4194
-5.5500
2.5387
5.1242
4.6683
-0.8667
0.2381
-0.5354
0.2133
10.1745
11.8025
12.0971
7.4144
0.4949
-6.3279
-6.8216
-2.0207
0.2237
1.0633
-1.9777
-3.0303
-4.1601
-2.8146
-2.5466
0.2882
2.5170
3.6505
0.2587
-1.9002
-4.4798
-3.1162
-1.9312
1.6743
0.1126
-6.2591
-3.1233
2.2111
8.2815
11.6766
7.2742
2.6285
-1.8240
-8.2888
-12.7416
-7.3363
-4.0393
-0.9316
-1.6259
-2.9010
-5.6586
-7.7601
-14.3902
-17.7651
-12.0383
-8.7134
-11.3489
-6.3509
-0.0396
3.5405
10.8486
15.6886
12.8623
20.1126
11.2339
-0.1522
-0.7970
0.3678
-1.8564
2.8023
10.3642
13.4092
13.2940
16.3857
15.2465
9.6960
13.1915
7.0922
-1.0557
0.0176
4.6659
5.7497
1.5538
-6.5911
-11.4963
-8.4699
-4.2237
1.0500
-0.2904
-4.7295
-4.1927
-0.6148
-2.1308
-2.7035
-9.5862
-2.7566
1.9254
1.7845
6.9118
13.5084
5.7232
5.1220
0.5567
1.8241
-6.9299
-13.5209
-6.1573
2.8109
4.8899
5.3525
8.0343
0.0711
-4.1145
-5.5565
-0.0962
2.3464
-7.2693
-15.4673
-17.3552
-17.2508
-15.3107
-16.4528
-14.3640
-12.5454
-15.5095
-15.2756
-11.1526
-8.9229
-5.4394
-3.3775
-0.3838
5.4795
6.9798
4.0763
4.8326
2.6588
2.9858
3.9799
-0.4153
-3.3537
-1.4953
-5.8111
-6.0163
-8.9605
-6.3597
-7.0978
-8.5385
8.1462
12.7905
-0.4937
-7.4028
-8.5851
-7.6426
-5.9917
-6.0441
-7.2865
-12.0584
-6.9810
-6.7918
-5.6375
1.3859
1.9925
-1.7978
-3.9194
-3.0907
-4.9546
-6.0870
-4.7140
-6.8576
-0.7174
3.4930
3.7760
-0.6844
4.1696
3.5158
-1.6708
-1.6784
-3.1403
3.7611
0.7324
-1.8444
-7.1728
-14.3072
-14.7572
-10.9481
-3.3545
-3.7450
-10.3487
-8.6850
-4.2498
-12.5573
-20.7562
-24.3761
-23.2870
-6.9789
-3.6867
0.0924
-5.7737
-7.2974
0.2802
2.9465
1.9511
5.0504
6.3524
5.0468
2.9615
2.3746
-0.7929
-2.2956
-2.6176
-2.3689
-1.6291
-7.2215
-9.3896
-5.6005
-5.4664
-3.3099
-8.5272
-12.3725
-7.0262
-5.3368
-3.1989
0.7825
-7.1517
-14.5012
-10.2232
-8.0862
-11.8558
-8.3271
-1.8942
1.9246
7.4524
9.6901
6.5248
-5.0645
-2.9458
3.0228
-0.3496
-3.2514
1.8734
5.8479
3.8744
-5.0195
-6.1200
-5.6118
-9.0012
-12.1436
-7.6032
-7.6977
-1.2587
4.6492
1.8488
-3.1130
-4.2033
0.9562
-2.8271
-6.0683
-3.3527
4.7249
-2.7890
-3.6207
0.7747
-2.6814
-3.8263
-2.2306
11.7379
10.9758
-0.3175
-14.2691
-18.4366
-12.3791
-12.5526
-12.5533
-14.5037
-12.8702
-9.0883
0.7200
4.2241
5.5428
5.2256
-11.4857
-10.6113
-5.1138
-9.7612
-9.7174
-5.8038
-0.0746
4.4327
3.1806
1.1944
-1.0502
-3.2256
-9.0543
-9.9430
-13.2892
-12.6696
-10.4759
-14.8314
-13.6441
-17.0279
-6.5107
5.0520
7.2238
-1.3341
-11.8638
-7.7388
-5.3979
-4.1025
-3.5234
-3.1252
2.2651
2.4316
-0.7305
1.6010
3.7137
4.5748
0.3401
-2.3977
-2.8323
-0.6549
8.8235
7.1686
3.9867
7.7061
4.7250
-1.7538
-1.7839
-1.2196
-1.7811
-1.2415
-6.7410
-7.8198
-5.0917
-4.1997
-0.6074
0.1872
-3.5990
-2.3025
-0.1494
-2.3368
-1.1936
3.3079
1.0345
-3.5444
1.1796
-0.6041
-2.3334
-2.5774
-2.6496
-5.6646
-8.3941
-9.1940
-7.7866
-6.4644
-6.5248
-5.2710
-4.0513
-5.5004
-3.3005
-0.3478
6.5697
10.9115
1.4479
-4.1612
-10.9702
-10.8899
-6.5063
-3.8274
-6.1406
-5.8426
-6.8427
-6.0477
-14.8587
-13.9253
-7.0263
-1.7645
10.5642
17.6084
12.6708
4.0970
7.7825
15.0033
16.7511
15.1854
8.5009
4.5543
-2.8804
1.5078
0.6113
-2.6413
-3.6588
-7.9604
-12.3638
-7.8401
-0.5780
2.4265
-3.8091
-8.0545
-10.7792
-10.1770
-5.1578
1.8168
8.1816
4.0426
-7.0132
-11.5754
-7.1018
-10.5545
-12.3527
-10.1407
-12.5837
-11.6725
-2.6454
4.1816
7.6632
6.8958
4.8481
-4.9672
-11.7560
-4.1602
11.6600
11.6415
4.4131
-7.8841
-20.0010
-25.6885
-18.0437
-7.2930
-1.1950
-1.3737
-3.7759
1.6686
5.0775
4.5106
0.8143
2.6260
2.4450
4.1296
1.8427
-0.7893
-0.2308
-1.0965
-4.7683
-2.2384
1.8528
4.5575
-5.2551
-14.5809
-15.7920
-15.1650
-13.0859
-11.6890
-11.1629
-8.5859
-5.6337
-5.4479
1.5229
4.1804
4.0413
5.7304
10.9452
-2.7953
-11.4918
-14.5832
-14.8910
-11.1341
-8.4195
-5.1090
-5.4496
-9.8169
-11.2640
-9.7708
-7.8022
-9.7470
-4.2327
-2.3266
-5.5849
6.6680
11.0151
10.6240
12.1304
15.5249
8.4105
4.1139
9.8366
13.6265
8.8709
6.8681
10.1235
3.5491
-3.5956
-0.5886
-1.1268
-0.3941
-2.7683
1.9607
0.2262
-1.7511
-3.9478
-7.8703
-13.0812
-7.2238
-2.7157
-0.4509
3.3886
2.0239
-3.9691
-7.2617
-7.3215
-7.2348
-3.7135
-1.2022
-0.5568
2.3880
5.7338
-0.4746
1.4776
2.8773
-4.7475
-7.8008
-5.4712
-6.6352
-5.6998
-6.0647
-3.4203
3.0972
-0.5092
-4.8413
-11.8616
-6.1406
-6.5962
-15.7110
-16.4439
-15.7097
-12.6257
-4.8761
-2.0969
0.7286
-4.7555
-7.3166
-10.1870
-15.0284
-10.6411
-3.2057
-2.1505
0.4325
2.7029
-2.7332
-3.9076
-1.8400
1.3455
4.1036
0.1078
-6.7132
-9.7956
1.0050
9.1374
8.9559
6.8301
0.7355
-9.3910
-13.9237
-16.9021
-16.5032
-15.0994
-11.2823
-7.0985
-5.7383
-4.7633
14.8008
27.6032
24.3744
13.7334
2.4088
-4.8940
-0.1693
7.1606
4.4847
3.8956
2.2906
-2.3684
0.7098
0.2223
2.8832
-1.2486
-2.6917
-1.6958
-8.6195
-7.0379
-2.2447
0.6323
7.5665
14.5218
10.2422
0.1660
-8.5611
-4.1394
-2.0571
-0.1758
5.3791
16.7028
24.6191
19.8470
13.5930
10.3315
10.1810
8.3953
7.9513
-0.3349
-7.1960
-11.6576
-3.4130
-8.3717
-16.8309
-17.6601
-11.6307
-9.9963
-7.0583
-11.2472
-6.2998
0.9330
3.3510
1.2157
-6.0349
-14.4136
-17.1405
-20.7570
-16.8904
-8.8920
-2.8504
-1.6037
-4.0564
-4.8963
-2.6195
-2.3267
-5.9293
-6.1370
-0.7894
-0.4555
-2.3149
1.3075
4.0125
3.0498
2.9856
3.5007
-1.9157
-1.4315
-0.8130
0.6986
14.6522
11.2201
8.7945
-3.9064
-8.0205
-10.7365
-3.9424
1.1933
1.8041
0.5983
-5.1182
-11.7218
-10.3768
-1.7876
-5.0444
-17.6736
-13.4035
-8.6535
-4.5829
-2.4850
-3.2047
-2.7943
8.1927
10.5528
8.4371
5.1724
6.7958
4.4764
-1.3997
4.1504
2.2824
-2.8131
-7.9510
-10.3572
-11.3008
-11.7898
-11.1913
-12.7455
-12.3684
-11.3648
-10.9580
-11.7099
-7.3628
3.3866
3.1565
-6.8767
-9.5570
-6.8400
4.0841
3.8424
1.6222
-6.4934
-10.4132
-8.7396
5.4651
12.5771
7.0890
-3.0201
-7.5542
-1.7629
-4.2840
-7.8825
-5.4719
-4.6221
-5.8645
-3.1775
-2.5535
0.9964
-2.1340
-9.3620
-20.2564
-14.4340
-11.7038
-9.4032
-3.8872
-4.3321
-3.4219
-1.3029
-10.8280
-7.1517
-2.8699
-0.2194
1.5970
0.3691
-8.6128
-11.7578
-9.4323
-3.9581
1.0891
1.4381
2.2932
6.8781
9.5791
8.3388
4.4958
-1.8553
-7.7561
-6.1477
-3.4887
-11.4054
-12.3803
-5.6736
0.5655
0.1601
-0.8416
-7.3801
-9.1212
-6.6439
-14.0369
-15.8889
-14.8699
-11.4952
-5.9633
-6.8028
-8.6817
-2.9728
-3.4504
-2.4819
-4.2460
-6.1673
-12.2240
-8.1684
-8.9454
-11.7058
-11.6441
-13.0584
-9.8487
-4.0913
-5.5550
-3.0705
-3.9539
-1.5988
4.0650
0.1890
0.3757
7.4930
10.2299
12.8152
11.3629
4.4899
2.7660
3.1635
-5.0981
-5.3790
-5.9557
-6.5706
-6.6492
3.5062
16.9658
22.1708
23.0849
20.3794
12.5358
9.4391
10.0549
6.5629
-0.5245
-0.7814
-0.5158
0.4959
0.0340
-0.7952
-0.8756
-1.4734
-0.9153
-0.2308
-0.5367
0.2553
-1.2944
-1.5168
-1.3736
-1.2430
-1.2756
-2.3786
-2.0726
-0.0893
0.5264
0.5485
0.1888
-0.9944
-2.1700
-2.4269
-3.2354
-1.6291
0.0619
-2.4498
-3.3982
-3.2060
-0.9041
-4.0037
1.8000
3.4550
1.2819
-1.7344
0.6525
-0.7187
7.5377
12.1157
6.8841
7.6752
4.3013
6.0240
7.4508
0.2524
2.1205
8.7616
5.3057
-5.1245
-11.7292
-10.3193
-5.8279
-1.2929
2.1071
13.2746
5.1527
-5.2445
-5.9027
-2.0458
1.6935
-0.6424
-2.5460
-2.4872
-4.0973
-1.7649
-6.7944
-7.9246
-6.8215
-9.7592
-12.7176
-14.1922
-11.4522
-6.8864
-8.2171
-10.0963
-7.9377
-2.2786
-5.7406
-7.0583
-6.7004
-3.9703
2.3878
1.1673
3.2855
8.2069
4.7564
-2.0629
-6.7534
-7.3831
-11.2287
-10.8470
-2.4472
-5.4724
-6.5390
0.7972
6.8821
5.1505
2.0710
-0.0298
-4.9893
-6.3149
-8.2924
-11.7740
-5.1954
1.5116
1.2731
0.4177
-5.6236
-8.2282
-15.0940
-16.3093
-11.8656
-12.1213
-6.4931
-6.7524
-13.7144
-12.3899
-7.5308
-8.4706
-14.9993
-13.5601
-16.1170
-15.7326
-20.5125
-15.1851
-10.2743
-9.1997
-13.3996
-10.7303
0.5079
0.0676
-1.4298
-4.3112
-4.0918
3.0872
10.7321
5.6900
1.7316
2.1099
2.8402
1.9856
1.0027
0.1948
-4.8056
-7.5061
-6.6402
-1.5764
-3.5419
-4.1027
-7.6380
-13.7535
-10.7103
-9.4448
-10.5986
-9.1518
-7.3772
-5.6751
-5.1026
-0.9702
4.4793
6.0057
4.7515
5.2599
2.0673
0.6210
-1.2754
-1.3075
-0.6540
-5.8509
-1.9996
-2.0775
-6.3415
-7.9651
-8.4880
-6.7799
-7.6152
-5.2461
-11.0119
-21.0411
-17.8479
-7.7142
-6.2894
-11.7200
-9.4412
6.0332
8.8590
11.4159
10.9292
5.7342
5.2980
2.5473
-1.4847
-4.9666
-6.9025
-8.0542
-13.5808
-18.5317
-16.1302
-9.3959
-4.3619
3.7180
2.4527
-2.0521
-4.9632
-8.6714
-12.6184
-13.6063
-14.2806
-10.9210
-7.7610
-8.6873
-14.4676
-17.7227
-14.1527
-11.3080
-6.0759
-2.4630
-3.6790
-3.6141
-5.4683
-6.4221
-6.4223
-10.2710
-5.8314
-3.1378
-6.3533
-8.2145
-11.7862
-14.6156
-15.7965
-8.8574
-3.5497
-0.4376
-9.5170
-15.1778
-16.8395
-9.6422
-9.1393
-9.5262
-8.2566
-4.8631
-2.4258
-10.9216
-10.5115
-5.1626
5.8556
5.2740
-2.1141
-10.4486
-10.0560
-4.4758
-1.9283
-4.0243
-2.3314
-1.0445
-3.7080
-4.3148
-8.1774
-9.8538
-5.3073
2.0498
-1.4580
-10.3809
-4.1471
-0.7865
-1.6010
-0.5583
4.3760
2.8128
8.9671
7.5842
-0.1395
-4.6534
1.8700
-6.6465
-3.9376
-1.1588
-6.1826
-10.8442
-14.0936
-16.8717
-16.4297
-10.8832
-6.0665
-2.3336
0.2674
0.3179
1.9999
0.3298
-1.3159
6.0201
11.9568
4.7206
-1.7479
-11.3716
-23.0647
-15.6312
-3.6249
-6.5267
-9.4396
-4.6432
-4.2032
-1.0338
21.6152
21.3182
14.7675
3.2831
0.8172
1.7836
-1.6994
8.5829
14.2402
15.0783
9.7953
-2.1903
-5.5633
-6.8254
-11.4609
-3.6867
1.8793
0.5732
-6.2266
-9.2418
-7.8714
-8.4337
-7.5165
-6.0962
-0.2138
-5.7634
-10.5398
-8.1091
-9.6834
-21.0802
-19.8573
-14.4090
-15.2741
-18.6545
-17.7359
-17.4991
-20.6416
-20.3044
-14.5161
-14.4528
-8.3351
-1.9504
-5.1069
-13.5095
-15.1442
-8.3414
-14.0575
-13.0684
-4.8342
-1.6145
-8.8078
-16.9917
-19.3076
-18.7885
-16.2192
-13.5549
-13.7326
-10.9485
-6.5777
-5.6864
-6.8115
-4.9351
-4.5281
-3.4783
-6.2413
-5.7915
-4.7220
-7.3553
-12.7744
-7.1160
-2.7035
-4.1757
-2.5147
-0.3869
4.6538
3.8406
5.0797
0.1527
-7.5496
-7.2401
-5.2762
-3.2074
8.8407
15.1105
21.0599
25.1522
17.6905
3.9960
-0.1788
-2.4667
-7.7925
-12.4531
-9.0689
-5.0450
-3.3902
-3.3426
6.1043
3.5939
1.8805
3.1913
-1.2682
-3.5649
6.1898
9.6358
9.3616
-2.6003
-0.5917
-3.1706
-5.2330
1.5676
-1.5704
-10.4953
-11.4419
-6.0406
-1.0792
-2.4197
-2.3549
-2.0515
-9.1130
-18.9838
-19.0664
-11.0822
-7.3273
-3.8845
0.2560
-5.2832
-11.6166
-16.0234
-13.5312
-8.0028
-1.8814
4.4925
8.0418
8.9965
5.0739
3.4484
-2.3638
6.6463
14.4825
12.2217
10.6398
7.7783
3.5944
-2.4142
-7.2803
-10.0298
-10.2143
-6.4834
-1.7992
0.2025
2.0504
4.2224
0.5556
-2.0433
-0.7662
-1.1520
1.4218
2.1851
5.4754
7.1567
9.0344
10.0976
-0.5197
-6.3958
-5.4546
-0.7236
6.8287
14.4876
8.8381
0.8864
-6.6689
-12.0258
-11.7013
-10.7229
-7.8047
-7.0134
-6.9098
-4.0737
-0.1199
1.9601
-1.8721
-4.2632
-6.0266
-11.2114
-16.0974
-13.6383
-6.9248
-4.5085
-3.7171
-5.9592
-8.8405
-11.2067
-7.3074
-3.6841
-5.4348
-5.0320
-6.2172
-7.6866
-1.5893
1.6611
1.9126
1.7106
-0.4433
0.4107
0.0908
0.3092
2.1868
0.5674
-1.4432
-2.5252
-0.0444
2.2618
-3.5496
-2.1718
-1.2164
2.2230
3.2450
1.6257
1.1740
5.7523
3.6054
3.8400
-1.2816
-4.7838
-13.7809
-17.5644
-13.6542
-8.0856
-12.6096
-16.2625
-15.4802
-10.8014
-5.2198
-5.4007
-7.7664
-9.0936
-9.3751
1.0393
2.8939
-5.6001
-10.5486
-7.7070
-6.9193
-4.2530
-0.0130
-2.6918
-7.3337
-7.5466
-3.3534
6.7558
-1.3468
-11.7443
-11.3528
-11.2838
-8.2181
4.8522
5.1333
-1.4089
-4.2658
-5.0547
-5.3813
-10.7179
-15.7034
-7.8115
2.7447
-0.3679
-0.3894
2.0323
2.5232
1.5533
3.3802
8.5390
16.1707
18.1566
4.8350
-3.3232
-7.8178
-9.2078
-1.2756
0.9820
-0.4107
-3.6276
-3.8371
0.3578
-1.7707
-5.1077
-0.5908
-0.1780
-4.1339
-2.3405
-1.3000
-3.4654
-1.3404
2.1762
0.1293
-10.0844
-16.2771
-18.6683
-9.2043
-2.3831
-1.7737
-0.2894
-0.1151
-0.2417
3.2145
-1.0842
-9.7109
-14.5767
-8.0955
-0.2459
6.8380
5.8837
-0.5661
-6.6401
-3.5819
-12.0137
-15.4947
-13.2230
-11.6651
-10.0951
-19.9383
-18.4427
-13.0259
-6.2496
1.5124
-0.1247
1.3973
-4.3523
0.9483
-5.7823
-6.4924
-13.2285
-12.4984
-10.8506
-9.1192
-7.2839
-3.6039
1.3401
8.5585
4.1273
-1.6492
0.2589
-3.7327
0.7045
-9.2228
-6.3683
-1.2261
0.1020
0.6443
-0.4873
-0.8217
-2.3793
-5.1382
1.6960
0.4419
0.8239
-0.9749
-3.5978
1.1539
3.5222
0.9722
-2.1889
0.6043
-5.1463
-6.8995
-3.9339
-9.6316
-11.9450
-8.6657
-4.0056
-1.4944
-1.0679
-8.3624
-13.2690
-12.9413
-15.2258
-17.8627
-13.2382
-10.7374
-7.4387
-3.3189
2.4056
5.0093
2.2879
-0.2847
0.1885
-2.1036
-2.2176
-17.7997
-16.5560
-15.2748
-17.4975
-16.9155
-14.9972
-15.9024
-15.4664
-14.3072
-13.3109
-11.9847
-13.0473
-12.8168
-13.5348
-16.5313
-18.0251
-16.3692
-10.9493
-5.1376
-6.1926
-6.1449
-4.7230
-7.5182
-11.4174
-10.1383
-13.9790
-20.8548
-21.6352
-15.5268
-4.6595
-0.4491
-2.9109
-5.4127
-4.6649
-2.6709
-2.3551
-3.5146
-2.1966
-0.2119
-0.0429
0.4587
1.1291
-0.2854
-1.5841
-0.6527
-0.9491
-0.6809
-1.4696
-1.0660
2.0537
1.6098
3.1442
1.3116
-1.5043
-1.9186
-2.6905
-3.3647
-3.0437
-3.7610
-5.8725
-8.7283
-9.0641
-10.0975
-10.1800
-9.5068
-6.2957
-6.8273
-0.4980
-0.4744
-0.4110
-0.0498
-0.6024
0.3098
2.4657
0.2377
-3.2546
-5.1693
-2.8931
2.6985
1.0969
1.3170
0.3268
-0.6645
-0.8712
-0.3315
-1.4616
-2.5061
0.0348
1.3799
1.6489
-3.1379
-6.4680
-2.9577
-0.2393
-2.0514
1.1491
7.8850
8.4024
-3.5296
-5.0580
-5.6758
-4.9728
-4.3172
-2.3922
-2.8459
-0.7582
3.0463
2.4580
2.5384
3.1025
1.9081
3.6931
-1.2260
-0.2117
2.6504

Coefficient 36:
0.0000
4.2538
7.9535
6.5252
-0.8485
-4.3784
-5.9844
-7.0071
-4.0860
-4.9217
0.4881
3.4113
7.1434
9.5015
8.9105
4.8530
0.7279
-0.0405
-2.2842
-3.5585
-0.9718
-1.2220
-0.6117
-0.6282
-0.2939
4.1297
0.3883
-5.1507
-1.4915
-0.9032
-0.6303
-0.9340
0.7828
-2.0199
-2.0891
-2.0881
-0.4156
0.5341
0.2215
-1.2691
-2.5137
-2.4458
-0.5385
-1.0156
-1.4295
-3.4466
-3.3209
1.1219
-1.4575
-1.9151
-4.1164
-2.7918
-5.8048
1.2833
9.1573
8.5129
-3.7745
-7.0763
-5.7421
-2.0614
4.4312
9.3667
4.9502
0.2447
0.3248
-0.2176
-1.7133
-1.1905
-2.5056
5.1522
8.9389
6.3745
0.1881
-3.5248
-6.9088
-10.0361
-2.3318
10.9218
11.9100
5.6198
-1.6001
-1.0929
-2.0444
-2.5497
-0.6846
4.3871
5.7443
-0.9465
-2.5855
-3.1194
-0.4150
5.4870
6.9870
16.0291
13.8936
8.3698
6.0785
5.0503
5.1279
0.4461
-3.5551
-7.7028
-1.7468
-6.5298
-9.4369
-9.4035
2.2826
4.0729
10.1603
22.5925
26.6602
23.0669
15.6218
15.2402
19.3021
19.9641
17.7167
13.9949
12.3645
13.0291
5.9355
1.6238
-0.6740
-3.6991
-2.8229
-2.8663
-0.7420
0.6466
1.3801
4.2050
8.8100
17.5372
21.9942
17.7768
9.1313
4.4523
1.4226
0.2598
-0.7496
-1.7370
1.8199
5.4420
3.8399
-0.3046
1.4764
4.1233
0.3870
-1.4615
-0.7355
-1.8286
-1.8780
-6.1518
-10.2625
-4.9228
-2.6511
-0.8679
-2.9112
-1.0301
1.8620
12.1486
15.7311
16.4595
15.1180
15.4605
7.6135
-2.7573
-5.2668
-4.2455
-5.9048
-3.4085
-1.1054
-1.0905
-5.4914
-4.1811
-1.6318
-1.9666
4.5511
-0.2681
0.6417
1.2089
-2.6569
0.6459
5.6423
3.8900
14.4417
17.2991
14.6552
13.1491
9.2103
2.0312
-0.5816
5.7694
10.0516
8.7849
10.8360
12.1200
7.8317
4.1445
8.4123
3.3111
-2.9873
-2.8586
-0.9539
-5.1966
-8.9374
-8.4961
-8.2230
0.8555
15.6302
11.1086
4.9392
1.5354
7.7952
12.9728
9.3780
0.5169
5.3513
19.3432
19.5211
19.1856
17.9442
11.3092
6.6803
-3.2538
1.9152
-2.5019
-10.8898
-10.9673
-10.4485
-3.1906
-1.6475
2.8046
1.1599
0.6924
5.9384
5.5583
3.1213
-0.8645
-5.0240
-6.0008
-7.9676
-7.9042
-7.4804
-7.0366
-11.5026
-14.2897
-5.0265
0.5385
-1.3651
-2.0314
0.7519
1.8738
1.3580
1.4873
1.3449
3.5322
1.1228
0.5400
2.6699
-0.3133
-1.5446
3.5731
7.6748
-1.0287
-7.0095
-6.2175
-12.3250
-9.7984
9.3706
16.2876
12.8284
4.3277
-4.7309
-4.1802
-5.0508
-7.3911
-10.7108
-7.8966
1.0770
11.0502
25.7295
26.4037
17.2733
9.1046
8.0360
6.8656
5.7287
3.6101
3.2549
1.3249
-0.1613
2.1399
5.0022
5.1670
4.2163
0.2987
-1.7682
-1.8018
-2.5670
5.5366
1.0764
-5.1608
-4.9498
-2.3931
-1.6067
-6.3981
-0.5426
-5.7839
-11.4817
-6.3261
5.3091
4.5872
-3.1576
-6.7026
-0.7401
10.4648
13.2513
13.4883
8.5395
5.5138
5.9982
7.1094
1.2827
3.3290
5.2376
4.1036
2.9345
3.3459
-0.2641
-5.0042
-3.4323
-2.6775
-1.8508
-7.7265
-8.8249
-6.8183
-4.2474
-2.6244
-7.3241
-0.8444
0.3035
-1.0399
4.8410
10.2674
4.3250
-4.6869
-5.1272
-2.5512
-2.1860
3.4872
13.2804
23.3992
26.1105
24.2657
7.7365
-3.3805
-4.0772
3.0031
1.4619
-3.0770
4.3224
8.1117
0.9668
-7.0854
-3.5545
2.2990
-0.4413
-3.0610
2.1157
2.1117
-2.1911
-1.4054
-1.5020
-1.0485
-1.4434
-3.0638
-3.2434
-2.2241
0.0457
-0.4910
-9.0510
-8.9202
-5.3175
-5.8400
-1.7229
4.0233
13.8464
17.7655
9.4831
-5.3580
-0.9919
-0.3798
-7.7370
-8.2584
-10.3881
-9.9129
-8.5363
-2.8875
-0.6968
0.0716
-0.8039
-5.1778
-7.1760
-0.9395
-2.0763
-6.4049
-7.3500
-4.6577
0.5763
-0.4399
-2.8187
-1.0285
0.7692
4.7283
5.7976
-2.9602
-8.5891
-5.0516
0.3148
-4.4489
-7.6184
4.5787
11.9771
14.0888
10.4989
-1.5286
-5.0101
-3.5435
0.7618
6.6228
5.9412
7.1187
4.6187
3.9481
2.7687
-2.2396
-0.2205
-1.5509
-4.0863
-5.3382
-7.2313
4.7192
7.3462
9.0768
20.5917
16.8570
1.5725
-2.3137
-1.8179
3.2049
4.0941
-2.7278
-5.7199
-11.2673
-12.3410
-5.0169
0.5908
0.2465
1.9090
0.7838
-3.9120
-1.1832
3.2826
6.4513
5.2117
1.1500
-1.8894
-2.0297
-4.1067
3.4250
-1.5586
-9.2224
-2.1147
0.2804
-0.6926
0.1219
0.4306
-2.7258
-3.5862
-0.4532
7.8707
14.5282
13.6742
4.2660
-1.9912
-11.3453
-9.1840
-0.6331
-1.3282
-4.4737
-2.8934
-0.5436
5.3927
12.2611
7.9992
2.9058
-0.1980
3.9698
9.6883
6.4166
4.3226
13.9051
20.6989
15.1732
10.7739
8.5896
7.3621
-0.5660
3.6977
4.6978
0.8089
-2.2997
-6.5389
-10.2700
-6.9614
-0.2442
3.1657
-9.3174
-14.5311
-10.7210
-8.0131
-6.2774
-4.9785
-2.9505
5.2061
2.1738
-7.2289
-6.9934
-7.0196
-5.6292
-3.7932
-4.0752
0.3947
-1.1861
-6.3173
-5.6813
1.6674
2.9116
-0.9207
-10.1745
-9.5132
2.6816
8.1125
8.6880
2.7798
-11.2795
-17.3803
-12.7357
-7.9871
-6.2474
-7.7965
-8.3616
-7.7276
-7.4337
-9.0361
-7.6598
0.5477
3.4045
2.6009
7.6716
7.3970
3.9126
-0.2479
-1.5126
0.0496
1.1612
6.7974
2.0672
-3.7399
-5.8102
-8.4671
1.2901
-2.3439
-3.1315
-0.5336
-0.6314
-7.6399
1.7531
5.5016
1.5943
4.7626
19.4913
16.5259
11.3239
5.6703
-0.1773
-3.7544
-3.9939
-3.5935
-1.8926
1.0737
-2.2198
-1.9167
-2.1805
-2.9927
-4.7443
-8.7573
-8.1563
1.5536
9.8484
15.0847
19.7528
22.1563
15.4195
4.7602
4.0709
3.6860
4.3993
3.9589
-0.2664
1.0173
-2.5710
-2.2566
-0.8244
0.8369
-1.3204
3.2624
0.1048
-2.3873
-0.8780
-1.8059
-1.8651
2.4897
3.3544
4.3838
3.9199
4.0119
-5.2705
-6.1831
-7.0981
-4.3446
-3.1315
-2.4566
1.0221
-1.5539
-7.9620
-7.9167
-4.2521
-0.3032
-4.3120
-7.8921
-9.3286
-2.9953
2.1231
1.2327
-3.7476
0.0129
-1.8649
-3.9692
-4.4786
-3.1508
0.3103
7.4687
12.9815
9.7443
9.9180
11.0791
4.5476
-0.5203
-6.6190
-1.4351
2.4904
-4.0126
-7.2483
-7.2004
-9.7394
-2.8819
0.4606
1.7326
1.5111
3.9215
6.3516
10.3310
7.4087
0.1866
0.3674
8.0221
10.1327
11.1815
18.0289
9.1731
3.0537
-0.8062
-4.5263
-11.9076
-15.1723
-11.0948
-3.8950
3.3589
6.9170
21.0038
19.8212
12.5251
1.7522
-0.4444
4.0409
2.7330
1.6998
0.2439
3.0431
2.3875
-2.2235
-5.7163
-4.1507
-3.5155
-2.1232
-0.6394
-0.6740
-3.9580
-3.8329
-2.6970
2.9800
9.7079
10.5506
4.9413
0.3277
-2.4933
3.4485
2.9854
-6.4796
-10.1891
-1.8818
6.9787
11.8905
7.5328
5.4272
1.3879
0.5981
2.1257
0.1955
-2.5317
-4.5167
7.2882
10.8505
1.9057
-6.5585
-4.8456
-7.6886
0.8991
1.2754
-0.1518
5.1574
6.6975
3.2372
-7.9894
-13.4061
-12.3129
-15.6227
-9.6042
-10.5770
-11.8137
-6.7357
-0.6733
3.8595
2.9848
3.2472
1.4281
1.6676
1.4128
0.8425
-1.9382
0.3153
1.2816
-1.6375
-3.3466
-1.2864
2.1608
2.8795
-1.1636
-0.6689
9.1751
6.5624
3.0909
-2.1271
-0.0161
0.8384
6.4813
6.0624
5.6397
5.5504
6.6069
13.5937
13.4727
7.5628
-1.9087
-13.0774
-18.9969
-12.9612
-5.0259
-3.2277
-4.8132
-5.1980
9.9448
19.8590
25.2319
19.6235
13.1310
13.6532
8.9295
11.4009
8.4280
3.4040
-0.3403
4.0399
5.0682
-4.0970
-5.3087
-4.9518
-4.1482
-1.9449
-4.0412
-6.3473
-4.2467
1.9457
3.9105
4.1735
0.9686
4.5039
14.8005
19.2985
12.9009
5.3830
3.5760
2.4557
6.8606
9.6758
6.1590
2.5032
0.2598
7.7837
7.1577
3.5585
-4.4453
-4.1650
-1.2223
-5.1295
-1.0969
8.1632
3.2994
-4.1285
-5.9764
-6.8447
-7.6542
-4.1055
-0.1276
0.8055
-2.1499
-0.7541
4.1834
-3.3062
-7.5785
-4.9696
2.7091
6.5316
-6.9525
-8.7455
-6.7822
-5.3843
-4.8090
-5.5393
-6.2178
-3.6337
-3.8478
-8.7024
-4.1066
-4.3657
-5.4577
-3.3376
-3.2032
-6.0108
-8.9752
-9.1155
-2.3906
5.7766
4.6972
-5.3420
-8.7684
-4.5448
-2.0914
0.7070
-6.0051
-7.8915
-0.2737
1.7563
-1.8979
-8.2713
-7.5908
-9.0711
-7.4324
-5.8542
0.7788
3.9738
5.4099
7.8903
3.7046
-2.6733
-2.3756
-0.2414
2.7154
6.3210
8.3922
9.0523
14.0086
6.0365
1.0560
0.3593
3.2762
7.3834
5.8245
3.2217
2.6327
-4.8718
-8.6863
-5.9232
2.4069
8.1051
6.7694
11.5261
18.8138
28.0134
27.5448
24.0651
22.5806
16.7272
11.9450
8.4870
4.6957
6.4106
4.1740
2.0433
0.1119
-1.0712
-0.9751
-0.7877
0.1069
-0.2817
-0.1727
0.5931
-1.2692
-1.2934
-1.3692
-1.4183
-1.5323
-2.3010
-2.0249
-0.3982
0.0461
-0.1106
-0.1253
-1.2544
-2.2455
-2.5997
-3.2426
-1.6650
-0.3202
-2.8906
-3.5306
-3.1507
-2.8460
-5.3641
4.0364
4.9812
6.8025
3.5352
9.2845
5.5360
10.8556
17.7982
16.0674
8.9274
5.1829
10.7624
9.3347
1.0250
-1.0142
4.6707
3.1494
-0.1421
-2.3692
-2.8907
-2.2027
-2.8201
0.6237
16.7252
15.9086
4.2641
-2.4695
0.1819
3.5816
8.4167
0.3784
-4.8501
-2.6103
0.0938
-3.1185
-5.0732
-6.4696
-9.6812
-9.2280
-11.1716
-12.9819
-10.3900
-10.5913
-12.3994
-9.5886
-5.3897
-6.1842
-4.0156
-5.2016
-4.1430
-4.1305
1.2008
7.0811
13.4247
9.9332
5.4866
0.4642
-9.4596
-16.5893
-11.8035
0.4606
-0.3621
-2.7000
-9.5775
-5.5621
1.6023
6.7942
10.2652
4.8312
7.1783
2.3207
0.0980
-0.1212
2.2463
0.5230
-1.9595
-6.8132
-4.0313
-4.8300
-3.0147
-3.0116
-6.2768
-0.4495
-0.8495
1.2565
4.2534
6.9529
6.2144
-1.0425
-4.5864
1.4068
15.4023
6.8235
-2.2973
-2.6863
-5.4674
-8.8757
-1.0735
4.7470
6.2102
1.7091
-4.2334
-0.6893
3.7050
9.9759
7.1517
1.5680
2.5216
2.2299
3.0633
0.0662
-5.7986
-9.8283
-10.0137
-8.0517
0.1824
1.1508
3.3015
2.0709
-5.2673
-9.9089
-14.3857
-12.8560
-8.0240
-8.4813
-7.8579
-7.4941
-6.5365
-2.8615
-3.4772
1.9809
3.6169
2.4085
0.5552
-1.6174
-1.2800
-0.5172
2.6047
1.2348
1.0087
-2.4546
-2.6998
0.2148
1.2932
0.2395
-5.6099
-5.7076
-6.3994
-0.1076
9.2959
5.3260
-1.3107
0.5222
15.4843
16.1467
14.5545
12.9018
4.4937
-1.7026
-2.9837
1.7051
11.5061
6.8681
-1.0188
-5.2566
-14.0393
-12.8092
-6.9303
-2.8111
2.6769
5.2339
4.4467
6.4628
8.1260
6.4173
5.0949
0.1069
-4.0251
-8.7875
-5.2085
-13.1457
-18.2308
-8.7612
-4.2882
-2.3460
-1.5208
-1.2424
-0.4456
-2.2833
-5.2717
-8.6666
-8.5118
-2.5117
-3.0852
-9.0388
-12.2749
-13.9585
-6.2013
-2.3698
-4.9800
-2.2173
-0.0085
-1.5351
-8.8999
-14.1048
-11.1507
-7.5340
-12.4233
-7.7076
-9.8905
-2.6149
-8.5055
-10.4655
-6.9234
2.4951
-0.6460
1.7132
0.2856
2.7696
4.5210
4.4209
-0.8789
8.4737
8.2802
2.6196
-4.7006
-8.9055
-8.8764
-5.9214
-2.1064
0.5344
-3.5654
-4.4470
-2.1640
-1.6829
-0.4717
2.4520
0.3448
5.2503
4.9874
2.8353
9.9154
15.7712
13.9262
10.3695
8.2944
-2.5677
-2.2804
8.6990
4.3727
2.8850
5.0755
6.3810
8.1190
8.7824
15.6057
17.2575
7.7196
1.7360
5.9022
14.6447
20.1435
14.1134
-2.9100
-12.2680
-4.1602
1.6449
-8.2036
-9.9684
-4.7452
-6.1724
-12.7507
10.2505
21.7157
18.6907
3.7077
2.5796
5.5225
-6.6373
6.2675
11.9867
14.3350
11.5966
6.2849
7.7391
9.8695
2.8930
1.3156
5.2292
2.6852
-2.3105
-5.4934
-2.5209
-2.1726
-3.4193
0.1167
14.4787
16.5176
11.1140
2.9912
-6.1949
-1.6180
-5.9914
-5.2734
-4.5789
0.3677
0.6116
5.8587
3.3848
-1.1420
-3.6531
-3.1751
-9.0148
-18.9608
-20.3780
-15.3838
-11.8766
-7.8072
-13.1221
-13.2150
-9.1365
-2.6790
-2.8028
-10.5223
-13.3715
-15.5894
-16.3801
-14.0760
-13.7358
-6.9490
-1.9320
-0.6704
-4.6505
-3.7473
-0.3582
2.3336
0.6012
-2.6115
-6.5276
-6.3085
-9.2083
-8.8891
-4.9600
-0.6698
-1.5152
-6.4722
-6.9726
-1.0909
7.9789
9.8285
4.4464
-0.5465
-0.7565
4.2053
15.9420
15.2754
17.8919
18.6411
12.1420
10.0895
4.2037
3.2774
0.0067
-1.9114
-0.6953
3.0168
4.3414
6.0961
12.1411
8.9783
7.2641
13.8776
6.8348
2.1902
-1.8227
-5.5954
-5.2043
-6.5227
-2.8813
2.5176
10.4125
18.3492
19.3548
15.8637
9.4175
11.7259
13.1085
7.4214
8.9990
7.9361
-1.9942
-13.1072
-11.7362
-4.0176
1.8559
2.5946
5.4489
0.2185
-4.7155
-6.4970
-11.4295
-12.1737
-3.1811
6.5313
7.8927
6.4359
5.3373
0.9497
6.0761
14.4048
21.7067
17.0024
11.0634
10.2020
14.2339
9.4726
2.0731
-0.4632
-2.7588
-4.4934
-4.3152
-1.6362
4.7315
6.8036
7.3144
4.8097
2.6685
0.6082
-0.3592
0.0235
8.1209
13.0278
13.5586
13.9284
9.7339
-0.2590
-3.1580
-0.8913
8.5823
23.7404
18.8631
6.1547
-3.4664
-5.9168
-4.8073
-3.5053
-0.1658
-0.5108
-5.7096
-1.2475
0.9045
0.7679
-3.4742
-0.6926
-1.1051
-12.1198
-23.0464
-19.6293
-14.1890
-12.7579
-8.4611
-0.4017
-2.2784
-1.4791
-7.9392
-15.2640
-15.1581
-8.7288
-5.8155
-4.0688
0.6063
4.4216
4.7007
3.5954
-0.3106
1.5333
2.9689
3.4715
3.5000
3.6986
4.4634
1.7989
2.8942
4.2919
3.5532
0.0405
-4.0521
-5.1125
-4.7244
-3.8268
-1.9169
-2.6496
-1.5455
-2.0536
2.2081
6.0398
3.0736
-2.9923
-13.1068
-22.2212
-23.7566
-17.2664
-8.7705
-5.8300
-4.9757
-8.1387
-9.3893
-12.6493
-9.5816
4.9843
12.3391
10.2834
2.8626
-5.6192
-10.8279
-4.7577
-0.0674
4.0585
0.3337
-2.2616
-1.6816
9.8807
7.5737
5.2968
5.3139
6.0784
3.0466
7.0489
9.6568
-0.3471
-10.6078
-13.2068
-14.0406
-16.4582
-12.2141
-4.4630
2.2190
-0.1904
0.6146
1.7722
6.0367
8.8115
8.0048
5.0119
6.1980
10.0207
6.3879
-0.1367
-3.7792
-7.6239
-10.3230
-12.0792
-5.6118
-0.5417
0.3273
6.7068
3.9140
0.9048
0.1021
-9.9314
-6.4215
11.7636
19.2341
12.2385
7.8785
7.5407
0.6650
-1.1678
-6.2822
-10.0987
-6.1858
-4.9165
-3.7266
-3.3972
-0.7429
2.8438
3.0709
-2.2884
-7.5031
-17.6598
-6.9879
2.8677
2.7677
-0.2647
-0.6783
-2.7840
-5.4973
-7.6435
-9.2901
-9.7027
-2.5922
-1.0049
-11.0017
-15.6331
-11.0697
-6.5842
-3.3604
-2.8785
-6.3638
-20.5921
-21.0735
-22.5144
-21.3164
-17.2570
-6.9357
-1.8943
-0.2149
-3.8851
-10.4403
-5.6462
1.5725
1.0773
-2.8195
0.2135
-0.4430
5.3036
-4.7490
-11.6864
-9.9349
-6.3707
-2.2083
1.7049
3.1779
1.2384
-3.3162
11.1032
12.9251
6.1744
-0.5587
-1.9539
0.5938
-3.4608
-4.1980
-3.2743
0.6235
-4.2626
-6.7081
-2.3114
-3.5742
-4.3115
-2.9311
-2.2639
-0.2000
4.0097
-1.0848
-9.5298
-8.7482
-8.7662
-8.4437
-5.8180
-9.3626
-7.9582
-0.6522
3.6702
2.3383
0.1583
-0.9595
2.5248
9.6039
15.1553
17.4700
9.0087
2.2925
-6.0645
-0.8960
4.8467
0.6303
-2.1714
-8.1870
-12.2405
-12.1045
-14.8364
-12.2160
-9.5458
-8.5649
-10.6003
-11.8541
-8.9400
-8.0488
-9.1153
-8.9085
-1.8346
-4.4382
-7.7882
-3.5526
2.4823
-0.2460
-7.0045
-11.8792
-5.3658
-4.4446
-4.2096
-2.7054
-0.3748
-1.7004
-1.9686
-2.1668
-1.4833
-0.2396
0.1158
0.6748
1.0947
-0.2605
-1.4813
-0.8135
-1.0517
-0.7086
-1.2903
-2.0666
-1.2275
-1.6712
-0.0991
-0.6348
-1.2884
-1.7522
-1.1497
-1.2799
1.5100
2.5734
2.4326
-0.8019
-1.5473
-13.0254
-15.3097
-13.6885
-8.4182
-0.5486
0.8452
-0.1553
-0.1267
-0.2902
-0.9456
0.2401
1.8703
3.5643
5.3828
6.0482
6.7999
5.3873
1.2545
0.9157
0.6857
-0.5144
-0.8675
-0.2185
-1.1767
-2.1614
0.1750
1.4537
1.4987
-1.6090
3.9151
2.8972
1.2313
4.2591
4.4693
5.3592
5.0180
1.1873
-2.0039
-1.5867
-1.5651
-5.0543
-0.3484
2.2712
5.4987
4.8711
2.9480
-2.3508
-5.3142
-2.2133
-3.7192
-10.8394
-7.4326
-6.0510

Coefficient 37:
0.0000
1.5386
2.8940
0.2351
-1.9329
-5.8277
-7.9042
-7.6031
-4.3091
-3.5755
1.0430
-3.1485
-0.6594
3.5516
4.7330
1.6454
-1.1055
-0.6363
-2.2828
-3.2771
-0.4560
-2.8762
-1.5071
0.5129
0.8811
2.6756
0.7741
-2.0729
0.3454
-1.5560
-0.6964
-0.9490
0.8769
-0.6941
-0.2428
0.3756
1.2626
-0.3865
-0.0266
-1.7569
-4.4718
-2.8322
-1.8439
-1.2501
2.6693
-0.0378
-4.5732
-2.1741
-2.4156
-1.7822
-2.6009
-1.4472
-3.0811
6.0193
12.5544
8.8169
-4.2302
-7.9348
-6.2186
-3.6410
4.3237
7.6036
10.5336
16.1926
17.4437
16.8241
14.3984
8.3972
1.5196
4.7701
8.6883
11.4611
8.4274
3.9961
1.7816
0.8502
4.6450
12.8523
13.9110
6.6581
-1.4305
-0.2474
-1.7980
-2.4235
-3.4600
-0.4905
-0.8590
1.3539
5.1607
6.6894
7.9545
11.0069
8.0722
16.7288
17.9520
14.0484
14.9092
14.8427
12.5674
3.2058
-0.0722
-0.0989
7.8373
4.4462
1.6553
2.6319
7.2450
10.6636
16.3885
19.7095
22.8197
21.0785
13.6436
8.8818
10.0104
12.9160
10.4943
6.1818
2.2766
2.3206
3.8416
2.1001
-3.6251
-2.5060
1.1217
0.0199
0.5550
7.4275
6.9354
8.9565
15.2093
17.9250
17.4205
11.4818
3.7130
0.4313
-1.1319
-0.4610
-1.8713
0.0869
2.8959
2.6521
1.9898
0.3069
1.3031
3.1428
-0.1009
-4.7000
-4.7690
-4.5267
-0.2578
-4.1637
-5.9317
-5.3483
1.6722
2.6224
-3.2273
-1.2466
1.7074
12.3754
24.7416
31.2586
23.8764
16.5433
14.3804
9.2888
4.9170
-1.1560
-4.0229
-5.8238
-8.7052
-14.7476
-13.4524
-6.0794
-2.9576
0.3008
2.1785
0.1596
-2.8506
-7.2164
-11.2185
-7.0373
-6.8189
-15.0342
-8.5663
3.8651
10.6083
9.6596
6.4608
2.6321
-3.4303
-0.9248
-3.1047
-5.0200
-5.4882
-3.4528
-6.3737
-8.7640
2.0562
-1.9262
-6.8511
-5.3702
-2.3966
-4.7569
-7.3205
-5.5376
-3.9741
1.9160
11.4921
12.9450
12.9552
9.9389
10.4331
10.2652
6.7543
7.9040
9.3959
25.3458
26.0917
19.1584
14.4497
10.4355
6.1341
-3.3946
-2.5535
-11.2205
-12.6105
-8.8293
-8.2478
-5.4337
-6.4210
-4.4095
-6.0144
-6.3208
-2.3897
-1.9285
-0.2603
-2.5949
-5.3220
-6.8590
-8.4424
-2.1030
0.6568
0.3160
-5.8382
-6.7172
-0.2484
3.4960
-3.3402
-7.2259
-5.4430
-3.3993
-7.0340
-2.4584
-1.3930
-2.5327
-4.1206
-3.1761
1.1286
-0.2048
0.7257
1.9187
0.0952
0.6911
-3.3856
-3.7367
0.1739
-1.7237
8.3659
17.8675
20.2987
11.1078
5.2688
12.1959
14.0601
10.4008
10.5653
18.2035
22.5465
26.9235
33.0413
31.8436
23.3031
15.6979
11.4245
11.3553
9.9834
3.2647
0.3500
-0.5496
-7.8270
-12.9222
-9.5258
-6.7436
-9.1104
-4.4676
-2.0540
-1.8944
-2.3366
4.1767
3.4124
4.2743
3.2171
2.1245
0.7957
5.4485
3.6953
-1.5542
-4.6535
4.1941
16.3201
12.0823
2.6624
-2.7775
1.4960
7.9761
15.4409
16.3915
9.7787
6.7035
6.5586
0.9118
-1.0091
1.9890
3.9999
2.3168
2.4155
2.5005
-1.5868
-3.5520
-3.4624
-2.9167
-1.8968
3.2699
1.1077
0.7201
-1.9061
-0.5768
-1.4975
2.9467
-0.3790
-2.3174
2.2676
9.4101
7.5021
0.8821
2.3450
3.8667
0.8827
6.1963
21.1581
32.9433
31.8539
24.0659
2.8940
-6.3403
-7.4112
-4.3201
0.7813
3.0740
6.3688
8.8366
8.5163
2.4538
5.7457
11.1939
4.8377
0.3285
-4.3080
-7.7515
-10.4010
-4.7590
-2.5178
-2.3214
-3.8341
-0.2783
-4.1276
-2.8012
-1.6269
1.0529
2.3554
0.4929
-1.5196
-3.0676
-3.6353
-3.6597
5.3734
15.9040
11.4285
-5.6117
-11.5607
-10.1989
-12.3698
-11.0788
-12.4285
-8.5209
-3.8027
2.3571
0.4488
-3.7666
-9.0329
-5.3551
-10.3253
-7.2409
-9.7674
-11.4235
-10.4684
-10.5346
-7.0836
-7.5671
-6.5544
3.9745
8.5217
2.7143
-3.0872
2.2479
8.1991
7.1053
11.6403
9.7093
4.2000
9.3160
12.4422
14.5860
9.6078
-0.2116
-5.0566
-5.4074
0.8373
5.4353
3.1371
1.7083
3.2455
6.9996
-0.6434
-6.5530
-3.7929
-3.9200
-6.5163
-5.9651
-5.2342
-0.4115
-1.9628
5.4423
16.9278
9.5064
-3.0336
-6.9282
-7.3084
-1.3418
4.3459
-0.2972
-6.6207
-13.5703
-17.5446
-12.8968
-4.5693
-2.5287
-8.2136
-8.0980
-8.8597
-9.2335
-1.5068
-1.4724
-6.0069
-6.9472
-2.6940
-1.5317
-3.4902
-1.1873
-9.0656
-13.4917
-14.2393
-10.5425
-11.5747
-6.9412
-3.8322
-3.2033
-2.3058
-4.5664
1.3470
9.1727
9.7709
6.5347
1.8392
-7.0990
-6.8490
-8.8265
-6.2728
-3.1200
3.3451
5.1991
8.3294
15.8025
16.0214
13.3242
8.2704
5.4504
3.7564
1.0385
0.5291
11.3492
10.3931
12.7788
13.1123
13.8609
7.3229
-0.2920
1.9372
0.3294
-1.1640
-1.7449
-6.1010
-11.3308
-5.9209
-0.4657
-0.2660
-1.7698
-4.9920
-0.6996
2.8590
5.8375
3.5583
-1.4125
2.9511
0.1859
-5.4162
-6.9941
-9.2870
-9.1771
-8.2761
-1.0298
4.1480
-3.4709
-12.2828
-11.8133
-7.1435
-8.7191
-14.1179
-13.2974
-10.3003
3.8452
15.2399
15.3109
6.4153
11.5594
14.5445
10.2808
1.0635
-4.6939
-3.4803
-0.8455
-1.3395
0.8182
6.3025
9.1471
7.5175
4.6042
2.9423
1.2645
-3.9339
-3.3237
-3.3739
-4.4604
-1.8979
0.9419
8.4795
8.6604
4.1196
-0.6665
-6.5293
-3.5696
-10.3607
-8.2560
-2.1110
-0.9731
-5.1150
-0.5724
3.3613
-2.0184
0.5235
27.1201
30.0065
25.1308
19.4305
11.2524
-3.9186
-13.0017
-15.2307
-13.4614
-8.1754
-5.8509
-10.9451
-14.6615
-8.1291
-4.2791
-8.4183
-3.9250
5.4507
14.5813
13.6740
16.1309
17.1616
9.5471
5.2837
-0.7545
-7.8979
-13.0081
-10.8966
-12.5666
-9.7962
-2.8856
-4.6605
-2.3358
-1.2637
-0.2007
1.5440
2.4808
0.9844
2.3848
0.1652
2.0349
5.3800
7.1993
7.7720
2.6536
3.2583
0.1171
2.0172
-1.2465
0.7080
-0.0408
-6.4508
-5.9112
-2.4398
-1.3860
-4.8214
-7.0514
-5.9733
-7.6894
-7.1698
-11.2650
-3.3415
-5.2570
-5.1617
-10.7352
-13.8681
-4.1051
-1.0018
2.0380
0.6304
6.9055
6.9738
4.4830
-0.7396
-0.1090
-2.2268
-4.7956
-2.8045
-1.7295
-0.7352
-2.9350
-7.6151
-10.6419
-10.0138
-5.1539
0.8455
1.1279
3.5462
1.7885
1.2609
-1.9133
3.9044
9.4137
5.7420
4.2714
7.5465
6.7828
10.7606
15.9519
11.8382
2.6439
-2.1659
-5.8281
-11.0188
-10.4646
-4.4294
-0.3809
1.8304
3.8854
14.1679
11.0589
-1.4929
-6.0123
-5.2082
-4.4919
-6.3913
-8.6789
-11.0715
-8.3494
-6.9627
-4.1711
-11.3417
-16.1362
-14.7681
-5.0000
-1.9721
-2.4471
-2.3919
-1.8413
1.8916
6.5539
4.0746
2.4609
-1.6870
-7.2889
-10.3423
-5.1928
-4.7584
-5.1959
-5.9501
2.2522
7.6793
7.9411
10.2246
8.9380
-4.8752
-8.6436
-4.0912
0.2025
0.8382
0.7698
5.7725
19.1411
8.7388
0.1095
4.9012
1.8724
5.0608
0.8475
-4.4654
0.2221
3.0681
3.5793
-2.6582
-10.7910
-17.8693
-19.4034
-12.3752
-3.3657
-2.2638
0.0810
-3.0881
-5.3240
-2.8692
0.3956
-4.4625
-6.8901
-0.9704
-0.2868
-2.8518
-7.0278
-10.9384
-13.5232
-13.7843
-6.4053
-0.1243
0.8431
-1.5173
-1.2937
10.1986
8.4360
-1.5073
-3.4796
-0.9171
-0.4745
-0.3631
0.9981
4.9127
7.5320
2.9319
-0.6477
6.1537
5.4567
2.1126
6.9067
1.0102
-6.4403
-7.5148
-6.3455
-4.4108
0.5255
3.3760
6.5962
18.9652
22.8934
16.8663
8.0798
5.2723
17.6164
26.9656
26.6939
16.4399
8.4165
-1.2855
-1.2070
-3.5927
-2.7024
-3.7416
-2.4389
-3.0254
-6.0740
-2.4915
2.2916
8.1985
11.5786
3.6301
-1.0043
-1.4634
10.7547
1.6792
-3.8539
-8.0753
-1.2735
5.2951
8.9911
10.3091
11.7811
3.7640
10.7050
10.5381
7.1274
2.7566
2.8181
2.4246
3.0648
2.2585
3.4557
-1.1255
-6.2650
-10.6020
-5.2663
-2.7790
1.4524
2.4037
-0.2449
-3.0098
-1.5286
4.9948
9.0778
7.0917
4.4824
-1.3761
-2.7674
-10.9094
-7.9700
-1.8647
0.2927
4.6680
0.1439
-1.3806
-1.2700
-3.4194
-7.5121
-6.1494
-2.6488
2.0755
0.8456
2.9179
3.4227
-5.7879
-10.6544
-4.5955
5.7988
4.5594
-0.5483
-0.4458
0.3808
0.1928
-2.2114
-10.2153
-11.4793
-7.2272
-2.6707
-3.7818
1.3198
5.5613
0.9075
-4.3655
-0.3951
-5.0898
-11.7592
-14.6506
-11.6500
-15.0875
-14.1052
-11.3886
-11.1098
-7.7292
-5.9379
-8.1267
-5.1835
-0.2666
-0.0109
0.5470
9.5560
14.7709
11.7684
0.6924
-3.2278
-1.9267
3.3633
8.3064
5.1834
-0.6797
-4.9383
-4.5854
6.6245
8.0859
9.8235
15.6766
16.1141
20.2459
20.6852
15.3469
11.0998
8.1525
7.6813
4.1375
1.1552
-0.0495
-1.3257
-1.0567
-1.4785
-0.9835
-0.5182
0.1360
0.8836
-1.2341
-1.3478
-1.4772
-1.5365
-1.7613
-2.2484
-2.0161
-0.7629
-0.4921
-0.8123
-0.4513
-1.5275
-2.3420
-2.7437
-3.1741
-1.6947
-0.6846
-3.3025
-3.6419
-3.0638
-4.1016
-2.8409
6.4557
12.7812
5.5070
0.7204
4.9365
-1.9336
-2.8177
5.1223
9.0382
6.5959
1.4007
11.6190
7.0976
1.9815
-1.2867
-2.0057
-0.7828
0.9651
1.1246
2.6267
4.4053
-1.6597
-0.5501
21.2261
29.6954
22.0028
9.6661
8.0924
11.7834
12.6979
8.1044
-1.6941
-5.4004
-0.4070
-0.4329
-1.5959
-4.2419
-3.6592
-1.4929
-7.0810
-10.9325
-9.4779
-12.2010
-17.8207
-12.5541
2.1627
1.5885
-2.8485
-9.2257
-11.1641
-10.1419
-11.1045
-7.7454
-2.4848
-5.7343
-5.5405
-11.2116
-15.8344
-16.7771
-14.1911
-9.0271
-6.2173
-10.4682
-12.9121
-9.2633
7.6616
15.7512
16.2637
12.5279
13.8696
12.2876
6.8868
1.5919
-3.6835
-3.7317
-2.5859
-5.1199
-3.4708
-3.5513
-4.2690
-4.8884
3.0624
12.9907
8.0255
5.8484
7.1578
9.1083
8.5633
-0.1772
-8.9377
-7.1872
5.9940
1.1901
-7.3268
-9.4098
-7.6573
-3.3538
0.1413
3.0938
2.9830
-0.7909
-5.5516
-4.6977
4.7042
10.8354
8.7871
3.3763
3.7520
4.3534
0.4147
-2.1688
2.3586
-1.1624
-3.4273
-1.9939
7.7086
10.9154
15.9132
14.1194
3.1685
-6.4626
-13.5116
-12.0386
-5.2020
-9.7815
-13.5217
-8.3519
-3.7054
-3.7608
-6.9269
-2.9749
0.8061
1.5992
0.5581
-1.8237
-1.3097
-0.4085
-2.2437
1.6345
1.2317
-1.3976
-2.6807
2.6372
3.8365
0.2936
-3.7944
-3.0440
-3.0485
-3.4994
-9.6956
-1.3953
-3.6013
-9.9852
0.8461
4.5761
5.9038
3.5993
-2.0445
-1.7324
0.2732
6.1763
14.7077
16.1599
3.8437
-2.3774
-10.1256
-11.1157
-4.5921
5.3144
10.2808
4.2210
0.2811
-0.5617
-1.0398
0.5911
2.0229
-2.6281
-11.6891
-7.1212
-2.6343
-8.1569
-13.0740
-7.6231
-9.7634
-4.5912
-5.1810
-7.5480
-4.9881
-1.7368
-2.4683
-1.4596
1.2428
2.9371
0.1867
-4.8844
-3.4691
-8.3692
-4.9198
-11.4556
-10.9238
-10.5073
-4.6944
-3.5655
-12.6190
-13.3845
-4.0470
-2.9000
-9.0109
-3.5334
-5.0701
4.3020
0.7828
-3.9932
-2.7006
7.7555
17.6047
16.1410
7.6018
4.7308
3.8590
0.8848
2.4922
6.0320
5.0231
5.3948
-0.8724
-2.3213
1.6893
2.5604
-2.0023
0.4367
-4.3331
-7.5872
-4.0246
-2.0419
-0.4053
0.1238
-2.0479
-0.2193
1.7456
6.1789
6.5124
4.7263
4.7127
-0.3456
-5.1020
-14.0287
-15.6023
-14.3556
-12.5206
-9.0342
-0.2774
3.3744
1.8663
8.0090
14.9871
8.7819
3.0665
1.8363
8.4206
15.7879
21.6989
14.5095
-0.4145
-8.6616
1.7366
7.6892
2.7753
-1.9477
-1.6783
-5.0736
3.2048
23.7855
24.4108
14.4421
2.6090
0.7251
-1.4574
-4.0265
-1.3959
6.5316
15.0231
15.3275
11.8355
16.8994
19.3711
13.9074
13.5019
24.1988
21.0027
15.8233
9.2342
2.1007
-0.3413
-0.1601
3.5746
11.2807
19.5235
20.5370
12.5254
12.7211
4.6537
4.3350
6.2855
10.1439
6.2768
-1.6309
-2.6641
-6.3874
-7.6500
-4.4167
-2.9006
-12.3747
-10.1005
-7.3038
-1.8482
-0.0816
5.4695
5.8059
2.2937
-1.3045
-1.0765
-2.7036
-6.9818
-9.2108
-12.5776
-13.4639
-9.7677
-10.2338
-9.8432
-3.1168
0.4500
-2.4520
-1.2227
-0.5602
0.3242
-2.4473
-5.7124
-2.8842
2.3141
8.3107
5.6673
2.7284
-3.6094
-3.1703
3.0528
4.8628
0.6464
7.5848
11.8650
9.4091
7.1945
7.6737
9.0713
25.2442
26.4932
25.4953
20.8364
7.1694
10.6233
0.4847
-4.6200
-6.0627
-4.1465
-5.2262
-5.3266
1.6033
5.7972
6.1634
4.3195
4.2322
5.8514
8.7942
0.1956
-12.2821
-12.3877
-9.3493
-5.9493
-0.0703
7.0775
17.2012
26.1700
35.0204
36.7348
24.4733
20.9115
17.5770
11.4998
4.9133
7.0376
6.6358
1.9573
3.4687
8.9752
10.2649
2.9616
3.8914
7.2384
3.1648
-4.6877
-7.2252
-1.5983
-0.6499
5.0432
5.2358
3.6936
-0.1041
1.0619
-0.6909
-0.1112
12.2081
17.1535
12.5571
8.6609
17.2788
15.5326
8.7028
5.9499
-3.6260
-9.6514
-8.3055
-6.3185
-0.1560
6.0096
14.2033
18.0418
15.3140
13.2301
9.8704
10.7521
14.2343
17.8868
15.0929
14.4983
15.9312
6.6929
2.9252
-0.9630
4.2337
20.5837
26.3561
15.9216
3.8595
-2.5637
-3.2659
-2.1234
2.6887
0.9731
-1.2927
5.4023
6.8139
3.0757
1.7321
-0.1858
0.9485
-5.4788
-12.7769
-11.7135
-6.3336
-3.2386
-5.8020
2.2302
-4.8253
-13.7219
-20.3996
-19.2409
-17.2948
-11.2904
-5.4440
-2.0403
-0.1355
2.9267
7.0886
5.2861
-0.1780
0.5659
0.9313
-1.8597
-3.4695
-2.1723
0.8523
0.0738
1.9486
2.9596
3.5511
4.5130
-1.9382
-3.4964
-1.7399
-5.4373
-11.6242
-9.6763
-6.3250
-5.5465
7.6597
6.1249
7.4846
5.2056
-8.0284
-16.7385
-15.4321
-13.5576
-5.7088
-2.7034
-6.6428
-3.1665
-1.6807
-6.7214
-7.1483
2.8086
11.6546
5.0733
-2.0129
-9.7955
-11.8254
-4.8925
0.7401
-0.2917
-0.2668
-2.5006
-4.5900
7.7692
5.9646
-1.4675
-6.6625
-6.4680
-2.1877
6.0958
10.8526
1.3545
-9.8909
-10.7787
-9.1963
-10.4202
-2.2606
0.8959
1.8075
-3.0408
-3.9687
-3.1406
-1.8601
-5.3414
-10.5417
-14.3303
-11.7768
-5.7432
-6.3127
-8.9785
-8.7952
-14.2675
-17.5297
-13.4964
-8.2185
-0.4079
2.6079
11.8007
7.9123
1.2723
-0.7903
-1.8992
2.3397
-2.6634
-3.3002
-7.7852
-11.7369
-10.6923
-8.9816
-4.8312
-3.5696
-2.0883
0.1908
3.2635
2.2150
-0.2151
-0.0794
2.6397
6.2960
3.7608
0.8578
-4.3835
5.1950
7.0875
5.2613
1.3420
0.6800
1.6416
6.9701
2.9070
-6.0592
-6.5625
2.0783
0.3824
0.8103
-4.3010
-11.4869
-14.3174
-11.9102
-7.5307
-0.9191
-3.3274
-1.8625
-1.2902
-5.3514
-10.7731
-9.4460
-6.3761
-3.3908
-2.0061
1.0742
1.7951
-4.1236
-6.1834
-2.1507
2.1532
2.4702
9.1845
3.9114
-2.9907
-3.0997
5.4182
4.2510
4.7328
6.5026
4.3777
-1.3714
15.9518
18.6556
13.7245
5.5949
0.9493
3.9643
3.4096
0.5057
-3.9428
0.9018
-2.7564
-6.0103
-7.3965
-9.3292
-3.7087
1.3225
-0.6920
-0.8079
5.2300
0.1383
-6.7956
-4.2185
-2.1211
-4.9985
-8.7819
-8.2989
-3.9956
2.0455
7.7866
6.3638
0.9293
-1.4610
1.3658
8.8973
10.3268
16.8552
13.2919
10.0771
-3.9197
-7.9350
-6.1758
2.2538
2.3016
0.6772
-0.8540
-5.5595
-11.6154
-10.5290
-12.2725
-11.2728
-11.0801
-13.6819
-11.9170
-11.4795
-11.6175
-7.0905
4.7432
5.5517
-0.2126
-0.4207
2.0914
-3.0699
-7.6489
-10.3387
-10.8283
-5.1940
-1.9382
-2.1438
0.0283
-0.1513
-1.1147
-0.7448
-0.8555
-0.3080
0.2003
0.8228
0.9883
-0.3168
-1.3821
-0.9843
-1.1458
-0.7649
-1.1265
-2.9758
-4.6237
-5.0475
-3.2605
-2.3280
-1.0761
-1.5836
0.4444
0.5641
5.0957
7.4616
9.5856
6.7158
3.8786
5.9956
8.1035
6.4896
0.4882
-1.2758
1.2683
0.1256
0.0944
-0.5144
-1.2337
0.1162
1.1042
3.9802
8.0668
4.9787
3.1274
4.0480
1.3489
0.4319
0.9288
-0.3837
-0.8437
-0.1015
-0.8893
-1.7663
0.2933
1.4600
1.5510
1.4539
-14.9791
-15.8587
-14.8872
-13.0528
-5.7525
-0.9130
-3.3309
-5.2872
-6.0631
-1.3507
2.7670
-1.3888
1.2186
3.7199
5.9352
8.3830
6.6156
5.8433
7.2612
10.5766
6.3696
3.1142
4.7783
1.8472

Coefficient 38:
0.0000
-1.7453
-5.0207
-6.3934
-3.4527
-6.0290
-7.8878
-6.5032
-4.0291
0.0517
-1.5876
-10.7924
-10.2973
-6.0388
-3.0527
-3.1265
-2.8547
-1.2333
-2.0216
-2.6294
-0.0121
-1.0950
-0.9518
1.4296
1.7184
2.1690
1.7005
2.4066
1.9855
-1.8191
-0.8626
-0.8804
0.8660
0.4875
1.4176
0.9003
0.9248
-1.3960
-0.2820
-1.5301
-4.7384
-2.5674
-2.4359
-3.7409
-5.4937
-6.1388
-6.8154
-1.6622
0.3435
0.2214
0.9138
2.4306
-3.8717
-4.5192
2.9034
7.9598
1.9394
-4.1167
-4.2045
0.1454
11.5217
11.9901
18.4713
29.7327
30.8454
22.7236
14.1612
7.0498
5.1899
6.3051
7.4080
11.3634
7.1076
6.2566
9.2743
10.0700
3.1379
5.9467
6.7624
13.4791
7.6996
5.3308
4.9683
0.5473
-1.6680
-1.7664
-1.3177
-6.9413
-3.5185
-1.2508
-0.0584
-8.4002
-10.7514
-4.1067
-6.3340
-9.4374
-10.2372
-5.1438
3.3085
4.2142
1.4825
0.2424
1.2116
4.5498
0.2554
0.6747
11.5796
15.7692
15.5170
12.3616
12.9898
14.5439
8.8290
1.5171
-1.0631
2.2376
3.0196
2.3546
-0.6190
-0.8394
3.9207
-2.6161
-4.6159
0.0593
2.4420
-1.9165
-2.3480
6.6129
12.4952
10.9279
12.3554
8.5069
1.2151
-3.1053
-3.3310
-0.8721
-3.1266
-3.2539
-6.7981
-1.1672
6.6931
3.9904
4.6765
3.8794
1.0259
-0.3284
-3.4862
-2.0759
1.6183
4.6108
6.6225
1.4273
-0.2047
-0.1751
0.2313
2.1301
0.5826
0.0821
7.3945
6.0463
9.2613
14.3723
16.6884
16.4475
14.4412
11.7291
5.7825
3.8636
1.5494
1.1683
4.9507
1.2990
-5.5085
-6.6234
-2.2296
0.7993
4.6124
3.7222
6.0985
2.8181
-5.6587
-3.7302
-5.1064
-11.9870
-7.0585
-0.0888
7.1294
5.3330
4.8113
6.4961
7.9426
15.9881
8.5638
3.3450
-1.0752
-3.4582
-3.5735
-5.8617
4.2686
2.3690
1.2509
2.6654
3.9190
6.5011
4.6966
0.9582
1.1034
1.7203
10.3962
16.7004
14.9073
8.6951
7.1638
-0.5581
-1.5003
-7.6403
-3.1476
7.8698
6.8678
6.1168
7.8479
6.2079
3.5374
-1.8484
-4.8567
-3.2413
-2.1552
0.3903
9.7462
6.3100
3.7403
1.4503
-2.7155
-3.5316
1.5780
1.8997
0.6616
-2.9008
1.4574
-0.1873
-4.7823
-0.7048
4.9699
4.9158
1.8239
3.1996
9.8865
11.3678
-0.9809
-7.0849
-6.1566
-5.2180
-5.4632
-1.2142
-0.9442
-4.9231
-7.9067
-6.1008
-0.1521
-0.0819
-3.6630
-1.7476
0.6769
7.6769
4.4475
1.3461
1.3856
5.1525
15.3880
23.7139
25.4832
18.9774
16.0291
23.6741
29.3381
32.0358
30.9629
26.5731
26.8295
32.2750
28.0798
23.3780
18.8605
13.0911
12.1745
6.9474
-0.0399
-1.3461
-4.0668
-8.8614
-6.3931
-1.6397
-0.9728
-2.5012
-7.6337
-5.4685
-1.9828
-1.9498
-2.6543
3.3863
7.5856
4.7382
1.5913
-2.1763
-2.1296
0.5774
0.8778
1.1154
-2.5315
1.9542
17.1172
22.6038
21.8480
20.0573
20.8162
16.9464
16.1217
12.3737
9.3692
5.7967
-1.1081
-2.6276
-1.5839
1.0924
2.3633
0.3159
1.4331
0.0666
-3.0067
-3.2185
-3.5265
-3.0712
-2.2085
-10.1603
-13.3231
-9.4118
-3.7968
-2.6191
-2.1629
6.3887
2.4233
-1.8883
-0.9093
8.9958
9.1659
2.6791
4.1897
4.1390
3.5410
14.8040
21.9482
24.8052
22.0945
14.1532
4.9362
-4.0534
-3.7909
-0.4015
3.8541
1.3178
1.1568
8.2117
12.3933
8.3422
12.4243
17.0916
13.4515
14.3196
11.1933
6.4038
-3.0694
-7.2515
-4.1252
2.4445
5.6155
1.8974
1.5652
-0.0314
-0.2332
1.7802
6.9314
5.3202
2.8002
1.4791
-0.8235
-0.8811
5.7282
12.1019
12.9311
4.3836
2.2399
1.8655
1.7983
0.4511
0.9424
6.9043
10.3433
10.6523
10.1879
8.2883
1.2042
4.7855
0.9041
1.4073
-0.8988
-0.7248
-1.8510
-9.3763
-9.0973
-5.0216
0.7511
8.6589
10.4276
10.1940
8.8324
0.4966
-5.4907
-3.9389
14.2220
22.4764
16.9259
18.6842
16.9746
14.6534
13.1116
8.9988
0.7927
-3.0618
-0.8083
7.1329
9.9067
9.9954
9.2507
8.3441
1.8605
-1.9626
0.4893
3.4466
-1.1823
-0.5673
-0.7165
-1.2312
2.6391
15.1552
24.0837
21.3369
3.1000
-3.4962
-1.1082
2.1691
7.0899
7.2038
6.0889
-0.5323
-4.4453
-1.0139
-0.9494
-1.8767
-4.0818
-4.6141
-2.9451
0.7397
3.6003
3.9298
3.4831
-2.3892
-1.8471
-0.9708
-4.7539
2.6972
3.1931
-1.4744
-5.8645
-2.5780
-4.8035
-6.6803
-1.8702
1.0774
2.7844
-1.5347
-0.2386
3.4231
2.9162
0.4664
-3.1645
-2.3319
-1.6270
-8.2963
-8.5112
-5.1502
8.0915
17.3482
19.7594
22.5876
20.3461
16.0804
4.0324
6.3062
6.1710
3.1144
1.3247
4.8763
0.7562
3.6159
2.4488
4.7582
0.0662
-7.0990
-5.1636
-1.0836
-0.3656
1.2252
0.2057
2.5136
7.3777
9.7708
6.0928
2.2349
8.7731
17.5491
14.8907
8.7065
8.4220
9.2706
7.5473
5.2621
3.7230
2.3074
0.0447
-1.1590
-5.4354
2.7109
5.6440
3.0566
0.6894
3.4814
8.1725
4.9498
0.3660
0.0477
0.6692
4.2312
15.7288
24.8641
21.6641
19.6383
20.5506
17.0909
14.5204
5.6455
2.5860
2.4386
7.0579
11.7866
13.9418
14.3633
15.5981
12.9197
7.1483
4.8110
1.3190
-1.3542
-1.8045
-1.6768
-0.4255
-0.1666
9.3273
13.1386
7.9077
4.5128
1.0576
-5.1012
-3.0400
0.6848
-1.0417
-3.9472
-5.1188
-2.6314
1.7576
-1.0409
-3.1663
14.9286
20.3239
22.8723
22.2585
19.0468
10.0172
-0.1396
-5.6716
-1.6795
0.4790
0.7109
-4.3663
-7.5218
-3.7179
1.0456
0.7754
-6.6379
-0.5629
9.4494
9.6393
8.6679
17.7860
17.9776
16.5219
13.2573
10.5432
6.7770
-7.5703
-15.7396
-14.4337
-7.2538
-5.3509
-2.2768
-0.1711
1.7824
7.6528
12.8457
11.7089
6.8570
-1.4773
-1.7519
-1.2013
1.7860
3.8300
0.4936
0.6116
1.8572
2.7841
0.4634
2.1416
3.2327
-5.7654
-10.0731
-4.6676
-5.5523
-9.2794
-9.2776
-5.4377
-5.6683
-5.2129
-8.9189
-2.9027
-7.5557
-9.4928
-11.1070
-12.0426
-10.3048
-9.1962
-5.3221
-2.6635
9.5298
7.2766
4.3413
7.6775
11.6599
2.7733
-2.1161
-2.9536
-2.7132
0.6285
2.2891
-2.6666
-4.8513
-4.0737
1.2170
2.5721
-1.2611
-3.5766
-2.6439
-8.3828
-6.6257
3.1287
7.2147
7.6816
12.8598
15.1987
11.7507
7.8447
4.8833
7.9840
6.3429
3.4431
3.4173
2.3781
0.9252
-0.5822
1.4658
1.7527
-0.6983
-3.2213
-12.0903
-11.3764
-8.4667
-1.5960
-0.7007
-5.7961
-11.3564
-13.0718
-10.5140
-8.1909
-3.5083
-10.8118
3.8171
4.0371
-4.3763
-6.7312
-1.9553
4.1171
3.9442
4.9168
5.2846
2.0190
-3.1505
-8.9618
-10.0175
-12.2865
-3.6292
-4.3270
-8.1778
-3.9699
1.6982
5.6051
11.9374
18.9525
10.7408
0.3170
-3.6262
-2.7732
-7.5175
-10.5801
-9.3566
-5.6037
11.4218
13.5175
13.3714
12.4297
9.6965
16.6445
16.8274
15.4868
14.9879
12.0610
6.8699
2.6651
0.0103
-7.2391
-6.7498
-2.9711
-4.0228
-2.5638
-1.6371
-1.9565
-0.9338
1.7341
2.0704
1.8091
2.1987
1.9255
1.3726
-1.7791
-3.4556
-2.6022
-1.5394
0.1986
4.4685
3.6599
-0.2840
-1.7300
-1.7209
5.8532
6.5702
1.9553
-6.6874
-2.6942
-0.8341
-7.5587
-8.2719
-3.5714
0.6515
0.5564
-0.6492
-1.4863
-2.8874
-6.3688
1.7862
4.4769
0.6823
-3.8161
-9.9076
-6.2478
2.6419
-3.1908
-4.1231
5.0997
10.0105
13.2567
12.1699
12.2989
14.3191
28.9678
31.2426
25.3211
22.7275
13.6519
2.6417
-0.4265
-2.2667
-0.2689
-3.8404
-8.1442
-7.6784
0.7102
-1.2893
-1.4922
-7.0072
-5.9076
-1.5696
-6.6205
10.3073
6.4357
1.4143
0.2874
2.1543
1.8122
4.5722
1.6804
-8.2913
-12.3484
-2.1236
6.3332
7.2856
3.3137
2.7491
6.8547
5.6347
5.4287
7.4678
4.7014
4.1251
-0.5212
-2.6838
-3.7330
-8.2687
-13.4390
-10.0906
-3.1139
-2.4773
-1.0623
-0.4526
-3.8188
-2.9261
-4.3272
-4.6236
-12.9731
-9.2250
-2.8907
0.9838
4.0398
-1.3683
-0.0941
3.3242
4.3961
5.4584
4.7968
0.2202
-5.5087
-6.4901
2.5769
5.6808
5.9380
-0.5048
-4.0248
5.1616
14.9934
17.7703
12.0693
3.8464
5.1263
3.5880
0.1360
-1.0732
-1.4520
-1.6335
4.3286
3.1956
8.8934
7.5057
3.4571
0.0300
5.1209
14.8756
9.5332
5.0727
5.8579
2.4780
2.2832
2.7611
0.4881
5.8572
5.7682
5.0089
4.1872
2.4751
2.4931
12.0430
16.3987
15.5789
8.7636
3.1521
2.8954
0.5248
-0.1289
0.1907
1.0671
-0.9748
-0.2389
6.8779
9.8715
13.3265
20.0919
17.0939
15.6132
13.4590
8.9620
7.6887
6.7356
2.3514
-0.3430
-1.0778
-0.6785
-1.5385
-1.1193
-1.8664
-1.8714
-0.8922
0.3793
1.1091
-1.2070
-1.8282
-1.6779
-1.6038
-1.9487
-2.2192
-2.0464
-1.1649
-1.0532
-1.4926
-0.7741
-1.8074
-2.4580
-2.8416
-3.0324
-1.7211
-0.9791
-3.6477
-3.7224
-2.9529
-4.6404
0.3012
4.3394
6.9797
8.0098
5.7858
4.6699
-4.0367
-5.8470
-2.8683
-1.4335
-1.6499
1.8949
1.2111
5.6402
6.6600
1.4747
4.2554
9.7975
7.8910
3.9389
2.0658
0.9943
3.7053
-1.2220
5.4794
17.5336
22.0399
12.4524
5.9390
9.4511
10.3709
5.8285
-2.5341
-7.4217
-3.4134
-0.0566
-2.9295
-2.9380
0.7816
-0.7694
-1.7632
-7.4170
-9.7142
-8.8895
-9.6005
-8.7733
-9.0895
-10.3692
-9.7549
-10.5833
-16.1950
-16.3535
-16.8308
-9.5603
0.5701
1.2660
2.5818
9.4928
17.2509
17.0779
7.5114
0.7574
3.2682
-3.4525
-4.5551
-4.9371
7.8268
12.3974
18.4017
19.7656
17.6933
20.1236
19.5010
12.6669
8.4213
8.3192
6.6478
2.4397
9.5563
10.1062
8.6826
8.6745
9.7445
15.9040
15.4859
2.6789
1.8137
3.1498
7.8529
4.7491
2.4776
-1.9690
8.2664
5.2183
-2.5482
-7.6733
-5.1996
-3.6734
-1.5071
1.1430
-1.7374
-5.2684
-7.9371
-3.6770
0.9989
7.4925
8.3889
4.9967
2.4036
2.8078
2.0380
-0.9719
-0.6460
1.7515
-1.3938
-3.9901
5.9124
13.4287
20.2859
24.2359
19.7944
10.8728
3.1762
0.5271
4.8179
4.3213
0.7345
1.7409
-1.6951
-2.6371
-2.0196
2.4744
4.4867
3.4795
0.5831
-1.8863
-1.3920
-0.3429
-1.5184
-0.4368
-4.8972
-5.1215
-5.4987
-3.3805
3.4909
3.8613
1.4313
3.4926
-2.0451
-9.0002
-5.1889
-1.9266
-0.0402
-0.0801
8.4581
8.9266
9.9408
9.8853
4.2041
0.8122
4.3104
5.2826
8.6945
10.8195
6.2881
9.0370
7.2757
3.0240
2.6630
2.9429
12.2642
10.4909
6.0736
4.0919
0.5071
0.3849
0.8373
1.9160
4.2433
-6.7420
-4.5763
-2.7273
-1.2445
-3.3499
-4.7465
-7.4301
-4.3142
-2.5395
-2.1366
-4.2369
-7.4654
-9.3186
-4.2757
2.7054
3.5493
7.6629
8.6636
2.0869
-4.7155
-4.5380
-3.8574
-1.0357
5.8786
6.3947
2.5857
0.4991
3.5533
4.3442
1.2640
4.1537
1.5694
13.9172
14.5842
0.8982
-0.2429
5.4339
21.1158
19.7461
12.5825
7.5902
7.2850
9.1308
15.9581
16.5754
14.4575
12.5287
5.3613
0.3271
1.1387
2.4889
-1.7544
-4.7988
-11.5139
-8.6285
-2.7797
-1.9141
-0.3591
-1.9052
-3.5460
-1.5393
4.6665
9.0076
-0.0179
-9.8896
-9.2168
-5.7275
3.6611
-0.7031
-8.8720
-16.0160
-13.3559
-8.2785
-9.6530
-14.0867
-14.9388
-5.9107
1.1817
1.7663
2.7568
2.2565
4.9632
9.3437
16.8025
23.1796
19.7014
13.8583
14.6509
16.1497
11.5742
1.1634
-2.7087
-4.5115
-1.7526
9.5619
11.1538
4.8183
1.2802
-3.0118
-4.2390
-1.2614
-0.5916
2.9758
10.7377
11.2421
11.2875
12.4856
14.7690
14.1596
12.5528
13.2541
10.4862
8.8320
13.6689
6.8111
1.4717
-0.2889
3.2207
7.2375
11.0752
11.0002
2.0772
3.6320
8.3709
7.7287
5.2380
5.2417
-3.9716
-14.9622
-12.9297
-10.9740
-3.9147
-1.0208
-2.3240
-8.4331
-3.5677
-3.2646
-1.9888
3.0766
-0.0582
-8.8196
-9.8980
-6.3281
1.3340
2.9082
2.7000
-0.6642
-3.5330
-5.1650
-4.2347
-4.6501
-2.0775
2.7324
2.5323
-1.9078
-2.3267
-4.4288
-5.8248
-7.7137
-5.5700
5.9669
13.3075
15.8294
18.6674
13.5004
3.8157
-0.3193
3.4629
7.8064
12.2197
14.4421
12.8964
10.9208
11.0750
9.2653
7.9321
19.8312
22.6788
22.3677
17.8039
9.6163
9.3222
4.1807
-0.4020
-9.8903
-12.4023
-14.0394
-12.9933
-14.9876
-15.1206
-12.4565
-10.3591
-11.2321
-3.2981
5.6897
-1.6083
-2.3973
1.8851
-3.3199
-5.1954
6.6891
20.9170
23.3975
23.0536
25.9416
31.4589
27.2635
18.6720
14.5256
10.6473
7.1901
12.4321
11.8785
10.0697
9.9621
13.8566
11.8942
3.1806
-0.0847
6.0996
3.2821
-2.1502
-3.0333
1.1090
1.9622
5.9844
4.5579
1.4665
6.2089
4.1258
-0.7216
-1.3236
9.8658
14.8063
13.6445
7.6183
16.8305
18.4667
11.1364
8.4462
1.6318
-0.8440
-0.4985
-3.7997
-3.0018
3.1648
10.7267
13.3218
9.4224
10.5250
13.4208
15.7710
14.7672
14.4530
9.9103
11.0719
10.7346
2.6063
-2.1286
1.8267
6.4679
17.5007
26.3253
23.4390
14.2797
6.9563
4.1678
4.0744
5.4433
1.2507
-1.2490
-2.9070
-4.1652
-0.5010
-3.2688
-4.7867
0.4166
4.6633
3.1755
2.2836
5.4319
7.3564
3.2964
9.9630
7.5899
-1.6298
-10.4804
-13.0061
-16.5637
-22.8250
-24.0178
-12.8960
-4.8626
5.0738
9.1721
6.4223
-0.1452
-0.7006
-1.8889
-4.6112
-4.2201
-4.4458
-3.8261
-6.3071
-5.7371
-1.3152
2.8135
2.0397
-4.2017
-4.4290
-5.8558
-7.2255
-8.1820
-6.4782
-0.5288
-2.3462
3.6940
0.4290
-1.0436
-1.8179
-5.1992
1.9573
4.4769
-1.8886
-4.5563
-5.2464
-7.4576
-6.4223
-5.8363
-2.6484
-0.9992
5.0380
15.8896
17.4291
16.7617
6.9049
1.2421
5.0843
8.9027
8.6543
0.5281
0.1317
-0.9619
9.2221
8.3154
5.4222
2.3628
0.2612
1.9351
6.3908
12.4425
5.2360
-0.2899
-1.0643
0.1929
1.1729
4.2701
4.9236
3.1153
-5.2879
-8.1186
-7.1588
-9.1195
-10.2096
-6.9525
-4.5563
-0.7780
2.9544
5.2443
11.0181
12.4357
4.0097
-2.9435
-3.7341
-1.9399
0.4230
-2.0285
7.3053
7.0040
5.8246
-3.7365
-6.0150
-2.4051
-5.5605
-5.3038
-3.7747
-2.8885
-1.0228
0.5205
-2.6162
-3.0458
-1.8465
-0.6205
-0.7539
-4.1299
-4.0509
-0.3304
2.8861
10.4204
11.0855
7.9713
8.3745
12.3558
11.4954
8.3628
4.7820
2.9707
6.1979
20.2015
17.2765
4.1489
3.4764
10.8153
12.9894
14.2790
2.7973
-4.2509
-5.4997
0.9585
2.8349
6.9358
10.1902
13.8316
14.6295
10.7100
5.5326
-0.2239
-1.7735
-3.9930
-2.2334
2.0674
7.2607
0.8248
-2.3280
-0.4014
5.1031
3.9808
8.4957
2.7781
-2.8883
-0.6381
0.5186
0.9221
6.4734
8.4446
6.5553
0.4608
9.9985
12.7912
15.0992
9.5831
4.1555
-1.4018
-7.6030
-8.3177
-5.2285
0.2048
-0.8496
-4.6951
-5.3196
-4.2503
-4.3870
-3.6472
-3.6611
0.1675
4.1763
-1.7240
-2.9105
1.4992
7.7402
1.0178
-3.6819
-4.1916
-2.9140
4.1530
8.8918
9.0815
5.1606
-1.1788
-4.5958
-4.6377
-7.7647
-16.3326
-18.0761
-4.8076
-5.4727
-5.5467
-8.3812
-5.8804
-4.6021
-3.9570
-4.5566
-2.3564
-3.5154
-2.6825
-6.1794
-8.1921
-9.9593
-8.1999
-6.7846
-13.6082
-12.9927
-10.2912
-1.4593
2.2796
1.7618
2.3226
4.9996
3.3164
-0.2155
-7.6412
-13.2267
-14.0096
-15.3539
-9.5740
-1.9065
1.3631
0.1251
0.4582
0.2295
-0.4108
0.2112
0.9001
0.8227
-0.4291
-1.2843
-1.1574
-1.2253
-0.8444
-0.9811
-2.5735
-2.6304
-2.5195
-0.2504
-0.1839
-0.8774
-1.4231
1.4001
1.9837
3.3581
3.2310
4.3638
1.9578
-0.4433
4.5497
7.4589
9.6632
3.6052
0.8915
0.9184
0.3611
0.2512
-0.6853
-1.4294
-0.0497
0.3167
0.5521
4.2776
2.3853
-1.0280
2.4671
0.9434
-0.0608
1.0298
-0.2932
-0.7972
0.0224
-0.6090
-1.3382
0.3854
1.4025
1.4565
2.0149
1.3946
3.0421
-0.7235
-0.3325
6.0513
4.7911
2.0600
0.3239
-0.5311
0.3025
0.8957
1.1068
-1.9649
-3.6513
-2.9604
-5.5848
-5.3979
-3.6900
-4.6022
-0.9080
-3.6284
-4.8592
-4.7903
-3.1468

Coefficient 39:
0.0000
-0.9737
-3.4462
-3.6475
-3.0167
-4.9148
-5.6415
-3.8957
-3.0188
-1.6460
-5.6406
-11.1051
-12.0564
-9.7680
-7.6200
-4.9886
-3.3070
-1.6820
-1.5650
-1.7314
0.2343
0.9431
0.2746
1.9902
2.1113
2.6006
1.0149
2.6669
2.0371
-2.6177
-1.2272
-0.7305
0.7612
1.2950
2.6236
2.0541
1.5007
-0.4659
-0.1458
-0.5027
-2.7491
-3.0723
-2.4290
-2.3266
-3.0353
0.4368
-1.5941
0.3361
1.2985
0.3714
-1.6597
-3.9613
-4.8837
-1.4323
3.8531
4.4463
3.5038
3.3349
2.0560
-0.7705
7.5607
14.6984
18.8147
22.8533
23.8802
16.4931
0.8924
-7.5324
-5.9982
3.0851
8.4236
6.9496
1.8839
3.8280
3.0513
0.8148
-3.5531
-2.9497
-1.9780
4.3881
4.3034
6.1147
5.0432
0.4818
-0.1194
-5.0839
-3.6633
-8.4255
-5.7956
-8.1938
-8.0361
-5.4645
-3.9850
-5.8009
-7.6779
-8.9253
-11.6450
-8.3195
-4.9421
1.0040
2.7591
2.2266
-4.2459
-6.5141
-2.5030
-2.0973
1.5030
3.8743
3.1956
1.5462
4.1725
8.8296
3.0713
-1.7668
-5.9152
-6.2288
-1.2365
-1.9010
-1.4603
-0.2754
-0.4537
-3.5600
-2.3375
0.1337
-0.1584
-0.8475
0.1059
7.0738
10.4324
10.5551
11.4407
6.1466
0.8114
-1.6925
-2.1633
-1.8867
-3.6577
0.0977
-2.6634
0.5398
-2.4005
-4.7136
-5.3134
-4.4368
-8.3426
-5.1612
-4.9370
-5.5262
-5.9143
-8.6072
-7.8143
-7.2986
2.3201
-1.2672
-8.2054
-7.2545
-8.8293
-6.8060
7.8733
6.2513
5.2938
9.7501
12.9202
13.2145
11.5727
12.1743
10.9421
4.8970
1.1241
9.2570
13.3901
11.2392
6.8252
8.0381
15.1836
15.1783
7.0249
6.4998
10.7467
8.6038
9.5884
11.2729
6.4852
10.1698
14.8071
14.0259
15.1746
16.0262
17.9703
21.6538
22.9071
22.9996
18.9039
14.7766
8.3681
5.1516
5.6827
-0.7846
7.9684
8.4944
4.7599
1.0178
1.1273
-4.0460
-5.8490
-8.2547
-8.6214
-7.9610
5.5157
11.0375
11.6072
6.1521
5.6921
-7.2229
-7.2147
2.6606
8.1565
8.3777
1.4273
1.1386
4.3320
2.9452
0.2353
-0.7275
-6.2160
-3.2407
-1.5135
0.9446
0.2617
-3.8701
-4.9391
-5.3801
-4.6574
-7.1583
-9.5326
-3.7005
-1.3822
-10.2823
-7.1871
2.0280
4.6489
5.5927
12.4846
10.0610
7.1991
9.8229
10.5084
10.2740
0.0196
-2.3903
-4.9837
-1.2497
-1.7196
-5.1473
-5.7554
-3.2133
-6.4634
-6.3865
-0.7989
0.0507
-4.4176
1.9143
2.4188
5.2251
5.8237
0.6418
2.4439
3.8283
6.4639
8.5867
17.0348
18.7118
17.7709
19.7870
24.0615
28.5333
25.8777
23.1169
23.8742
19.4962
12.2523
1.6576
0.7533
1.6230
1.9940
4.0578
0.7015
-0.0147
-3.8299
-3.0825
1.1161
2.7529
1.6549
-2.2177
-1.1283
-0.1219
-1.5671
-1.9677
-3.4775
4.9091
9.4262
11.3982
9.0006
6.6503
-1.1326
-4.0754
1.0935
4.3726
2.0473
2.8978
12.7898
14.4405
17.6655
23.6679
24.1034
17.6539
18.7673
10.6745
1.8444
-2.2435
-0.6089
1.8095
1.2830
1.4559
0.9754
-1.1939
0.2358
0.7048
-1.7136
-3.8549
-3.3852
-3.1301
-2.1889
1.6202
0.5138
-1.2422
-2.0831
-2.8413
-3.4231
2.2372
2.8062
-0.0093
-0.9271
5.0900
11.1491
2.3188
1.0340
9.0383
13.3938
14.6081
10.9677
3.2820
0.1039
-0.2115
2.0425
-4.7346
-7.3741
-3.6036
1.9192
1.5680
0.2734
4.6537
7.3797
4.7279
7.7002
15.6015
14.7972
8.9858
4.8074
-0.8545
-7.5046
-11.8511
-8.9078
-3.1094
-4.6757
-3.5957
1.8799
1.9966
1.2996
0.9665
3.9232
3.9283
2.2746
0.6227
-2.4994
-4.1580
4.2102
13.3979
17.8484
6.9747
-5.5742
-7.0483
-4.1723
-1.4641
1.6320
3.9330
12.2843
13.1002
5.0191
3.5670
1.0985
0.5752
-0.1696
0.6074
-9.2275
-10.3498
-7.8879
-9.6933
-11.7460
-9.8826
-6.1890
-1.3660
5.3961
12.0200
14.8030
11.4895
2.3540
4.2360
11.0962
14.5937
15.9531
20.0968
12.9978
3.6222
8.1886
7.9181
0.5169
-1.3796
-2.2027
0.9761
1.6277
6.1959
6.3370
4.0961
3.2034
3.3559
0.5717
-0.0706
-2.2984
-1.9126
-3.2464
-4.5002
-1.3570
7.4545
9.2108
1.0519
1.4021
1.4614
1.5416
1.7977
7.2056
8.9210
12.0174
8.1144
-0.3388
-3.1360
-3.3983
-3.4434
2.0198
-0.2401
-2.9626
-3.0745
-1.0053
0.7157
-0.7698
-3.6886
-0.5631
-0.7643
-4.0251
15.9461
15.3331
8.2735
-0.2345
-0.9866
-0.9582
-5.3822
-2.7500
3.5606
1.9062
-1.6697
-0.9054
0.0191
0.5861
0.8382
3.2391
-2.0256
-2.1756
-4.5071
-7.2074
-10.6703
-1.5161
9.0278
9.1701
7.0996
6.2972
6.2486
3.5915
-8.3859
-8.8074
-5.9616
-4.1646
0.2869
-1.9209
-4.6051
-3.2544
0.7231
-2.4846
-0.8697
0.1750
-2.8101
-4.8152
-2.4606
1.8396
5.6679
5.4771
-0.1889
6.3907
5.9468
9.1392
8.3973
4.6117
0.8036
-3.2993
-0.0760
-2.8740
-6.5024
-4.2994
1.6230
0.4924
0.1477
-0.9762
3.2139
2.2680
1.0683
3.0393
9.9229
17.2479
17.4383
11.9140
3.8631
3.3657
5.6669
3.8722
4.8994
8.3844
4.6623
-1.0646
-3.3589
-2.6006
-4.0012
-0.4190
1.1624
-0.4007
-0.1759
9.1460
13.9266
13.6153
11.7563
4.1348
4.4595
0.8513
1.7475
-0.1254
-3.6240
-1.4172
-0.0693
9.2039
16.0147
13.5688
8.4413
2.0830
-1.8334
7.2613
14.6231
15.4020
11.7412
7.5169
8.3816
5.6991
0.3792
-7.7646
-1.9983
8.7175
16.5270
19.7846
19.0056
8.7945
0.9290
-2.6831
-4.8347
-5.4701
-3.1163
-2.3011
-0.3459
0.0853
4.8795
1.7703
-6.5514
1.6394
11.8004
8.4957
3.0322
7.4738
9.7259
10.2532
3.3242
4.4475
4.1897
-1.3212
-3.9057
-3.8412
-1.5502
-3.3480
-2.3329
-1.9887
2.2961
12.6376
16.2939
14.8824
8.7247
2.2560
5.7959
-1.7800
-4.5695
-0.6713
-0.7076
-1.4950
-4.1241
-5.1308
-3.4914
-0.3976
1.4377
-2.1589
-6.3597
-7.0533
-5.0685
-1.8356
-3.0075
-1.5757
-0.5423
-3.2589
-4.4312
-2.2406
-4.4457
-4.4316
-1.5264
-2.7964
-1.4129
-4.2188
-2.9332
2.0446
12.8683
17.0064
15.6327
18.7469
17.0981
6.6986
-0.6312
5.3543
10.1020
11.6433
8.1353
-1.1299
-8.0540
-3.8593
-2.6056
-3.1689
-5.1100
-4.3346
2.1113
3.0321
-1.0967
3.2874
12.6433
15.6033
15.6983
11.3932
3.3483
4.5561
6.0472
7.7932
3.2232
5.9109
10.6135
9.5629
6.6405
3.7552
2.1621
1.5520
2.0373
-7.5614
-16.6173
-14.8260
-5.2647
2.0053
-1.0145
-2.2910
0.4163
-0.5274
-0.1897
-1.5332
-1.0869
-6.9079
0.9636
-1.5582
-3.1906
-3.6987
-0.6497
-0.3480
-5.8817
0.0010
2.0883
1.5628
-3.8603
-1.6926
3.9848
1.3363
2.9737
7.0825
6.9984
-0.2204
0.0829
-2.4300
0.7697
-0.0917
-0.5266
1.2982
-1.8439
-6.9074
-9.2473
-9.6963
-8.8908
-7.4050
1.1626
7.2604
5.1203
2.6143
4.7466
15.4601
14.7285
9.5879
9.1911
9.3399
8.5486
10.0301
19.2099
11.5794
4.1502
6.9821
1.7872
-5.5159
-6.4601
-4.8268
-2.0456
-0.6169
2.0658
-1.6905
-5.8499
-1.2499
-0.0568
-2.3057
1.0694
3.1814
1.8160
1.7278
2.8442
3.3970
1.2751
-1.5409
-2.1087
3.7553
6.2682
-0.3509
-4.9821
-5.6798
-6.6354
-9.1034
-7.1936
-5.8272
-6.2557
-9.0054
-5.2176
-1.7070
-6.1074
-3.7201
-2.7786
-10.4609
-11.7001
-9.1677
-6.2615
-2.3428
0.9012
-5.2379
-5.9501
1.4548
5.7136
4.1194
5.2275
3.5769
1.9089
13.7171
22.4345
25.3658
24.2859
18.2958
10.6801
4.3489
7.8155
9.2200
4.9239
-2.3652
-2.8042
6.2380
3.2257
0.0731
-1.3085
-1.4980
3.7746
0.3536
10.0495
10.1724
7.7551
5.4965
6.2632
-0.4037
-0.1400
0.3634
4.2582
-0.1129
6.3429
12.1888
14.1743
9.9447
6.3101
5.6398
4.7021
3.4461
2.4394
5.5427
5.4198
-3.7091
-8.8794
-9.9107
-11.6004
-14.6175
-10.0172
1.0071
1.9326
1.4414
1.8462
0.9197
2.4043
-2.5241
-7.4930
1.4440
3.5782
0.4926
-4.0605
-5.5170
-8.4928
-9.2942
-10.1879
-10.8041
-5.0632
-5.6346
-3.9899
-5.7087
-5.5696
2.3613
7.5094
1.3228
0.0544
0.6347
9.1479
17.6525
18.3496
12.3782
2.1099
5.7686
17.0175
17.6395
15.3729
19.1492
11.6785
0.4033
-19.0118
-7.4523
1.3701
2.7222
1.9813
-2.5308
-3.3926
-1.8024
-6.7803
-9.2583
-9.3787
-17.4835
-14.7372
-8.7989
-6.4333
-7.3502
-7.2098
-1.9749
4.8243
2.1745
9.6022
13.8812
12.7481
7.1707
1.5846
0.8474
-0.9903
-3.3130
-4.2557
0.1851
0.1566
0.0171
1.0065
-2.8679
-4.5466
0.7155
2.2271
2.0739
1.1587
-1.0008
-0.7773
-0.0434
-4.7804
-4.7627
-2.2449
-0.8905
-1.6953
-1.1647
-0.7731
-0.7896
-1.3430
0.5487
1.2549
-1.2010
-2.6117
-1.9127
-1.6316
-2.0856
-2.2099
-2.1122
-1.5843
-1.6014
-2.0911
-1.0801
-2.0864
-2.5890
-2.8835
-2.8313
-1.7475
-1.1676
-3.8983
-3.7646
-2.8273
-4.6041
1.7078
3.8688
4.2522
3.3514
0.3734
-0.1303
-1.8431
-1.7361
-1.1690
-0.9343
-4.4773
-4.0274
-11.1510
-5.7344
0.5064
0.9776
0.1095
2.6351
-0.3532
0.2110
-0.3218
-1.7054
2.5465
-1.0247
-6.3830
0.6968
12.5738
7.7718
1.9345
6.5983
10.1432
8.1952
-3.0139
-3.6004
-3.3605
-2.7867
-0.3102
2.8848
4.6498
-2.4648
-6.2634
-11.2330
-14.5672
-9.3416
-8.6951
-11.1996
-10.2216
-4.7728
-4.2086
-3.4410
-6.0801
-2.9212
2.2199
7.4452
15.2702
16.7485
19.5977
23.9850
33.1694
26.5639
16.6584
14.6398
15.7795
6.9240
-0.8031
-1.6389
0.9507
1.1459
11.2801
19.3024
18.1486
11.5488
8.0710
8.4635
8.0056
14.4487
12.9243
3.1177
2.2596
8.2275
9.1128
8.6933
11.8164
12.4196
8.3431
8.1923
7.6014
6.8359
14.1269
9.8073
2.1432
3.2966
13.1255
10.2671
-1.5807
-8.3971
-7.3007
-4.8418
-5.9102
-1.9524
-1.4463
-2.7068
-5.2086
-3.2515
5.3905
8.4578
7.3611
1.8549
-0.1115
0.9449
-2.3044
-3.9705
-4.3632
-4.7774
-2.6130
-3.6792
1.1482
7.3319
17.8584
22.9642
24.4976
24.8684
25.1825
21.8291
22.5417
22.1029
20.9596
13.7102
7.6759
2.9139
2.5354
6.1029
6.3578
4.3213
0.5649
-1.8300
-1.5155
-0.3308
3.3907
9.4303
9.3836
1.4158
-5.5298
-9.1968
-8.5572
-5.4618
-5.7277
7.1992
5.4705
2.3242
-3.5278
-5.9221
-0.8716
3.3671
5.2587
2.4590
0.7753
0.8750
-4.3835
-7.2743
-9.9297
-7.6701
-2.1681
-1.0704
2.3153
11.0254
9.1016
4.1910
2.9449
1.2047
8.0956
8.5176
4.1827
0.7072
-0.9336
0.5046
4.7609
2.3731
-4.4968
-3.1084
0.1408
6.4895
4.9908
-5.3332
-13.4231
-11.2687
-6.4647
-4.7594
-9.4574
-12.1947
-11.5538
-9.0039
-4.6644
0.3692
6.6464
7.7078
6.7088
-0.7482
-7.0265
-11.5077
-8.3210
-0.0152
2.9065
9.6509
18.6848
21.1263
24.6876
14.3677
5.6227
6.6914
3.1371
8.8962
6.6327
0.5920
-1.6101
-2.8158
6.6664
12.5602
4.4890
3.4569
7.3529
8.8683
10.1621
8.2264
2.7200
3.6833
0.3828
-5.3545
-4.4090
1.3332
-4.6813
-8.2502
-10.1129
-6.5417
-3.0169
-1.8413
-0.3225
-3.1021
-3.9631
-4.0202
4.9620
6.4397
5.1239
2.4764
8.7241
9.4222
17.9231
11.6322
1.0264
-3.6347
-3.0754
-5.2574
-7.5467
-7.4117
-6.5179
-0.0204
5.2176
12.0289
13.2937
12.5644
20.8549
21.0878
22.6722
31.7991
26.6285
19.4721
12.8907
6.2582
2.0602
-3.8802
-4.9802
-2.9474
-2.9864
-1.6526
-4.3633
-5.3614
-0.4797
-3.1858
0.9830
10.9212
9.6282
5.5634
3.4904
0.8865
6.3313
11.1268
12.2281
9.7991
11.5932
22.2786
24.8329
26.5072
25.5537
20.4423
14.1848
10.8089
12.2056
15.7873
22.9381
26.8756
24.0298
24.0279
10.6748
7.9200
2.9126
1.4259
-4.2258
-9.1663
-11.1200
-7.1103
-2.2130
1.8132
1.3294
-0.8499
-4.6610
-0.6963
2.8628
4.6395
-0.4899
-5.3071
-9.5326
-10.4993
3.7185
13.5228
13.4704
5.6133
-1.1669
-1.2171
-0.5241
-0.1876
3.4837
7.8777
6.9846
-1.0421
-4.3307
-3.7371
-4.5819
-1.7209
6.9333
7.9683
4.9026
1.3578
6.2943
3.1562
4.4863
0.2567
0.7242
2.8752
7.2389
9.8447
13.1800
9.2378
8.2035
7.8036
3.1493
-1.9507
-9.0789
-8.9128
-8.9217
-8.5106
1.1566
15.1454
12.3970
11.4019
9.6479
4.8275
1.4868
-9.6030
-11.9587
-6.0454
-6.2892
-4.3093
-4.9712
3.5139
1.1250
3.4223
5.6908
4.4485
-3.0865
6.6399
12.8641
11.4320
0.7845
1.1497
6.1233
7.7213
10.1076
11.7715
6.7491
6.2423
12.3600
13.8067
10.3273
7.8471
10.8298
11.6456
4.9546
-0.0493
3.0690
6.1000
4.1742
0.9153
3.8373
2.3363
3.7860
2.1824
0.0624
-3.1386
-4.9467
-2.8073
-4.0019
1.5557
3.0905
6.9226
3.8958
14.4935
16.6296
13.2319
12.7345
9.0071
3.9192
1.3416
1.1124
3.1624
3.6419
6.1578
11.6248
18.4956
17.3465
10.0579
7.0873
8.3321
6.9263
6.2088
7.5505
5.7540
3.6112
0.9034
0.6619
-0.2963
5.1584
18.4717
23.2385
17.9139
9.5183
2.9138
4.2548
8.7457
6.1419
3.8636
1.6062
-3.2352
4.2283
4.3999
0.0304
2.6965
10.0216
9.7393
9.4686
4.3999
5.0246
2.9224
7.1248
5.2477
1.5362
2.6770
7.2308
6.3574
-3.5139
-13.2295
-11.0075
-0.2120
12.1179
10.3750
6.7408
-0.2662
0.1059
-0.0952
0.4585
1.9100
0.3711
-0.7013
-1.8905
-0.2288
2.3337
2.7462
4.3943
1.7378
1.3428
-3.0883
-0.7927
1.1048
2.8430
5.3723
-1.2795
-0.0640
5.2226
5.2051
5.9932
9.7830
20.2594
18.5267
16.0673
9.3480
6.8880
5.3357
6.0267
2.2434
4.5231
4.1378
10.3317
15.9714
16.9208
19.9561
14.1807
9.2615
12.0585
10.5827
5.1316
3.6008
2.2074
-0.6921
6.6596
10.7104
7.5510
6.2237
8.3525
7.8759
8.1325
12.1133
9.9652
9.8400
5.6911
3.2030
4.4383
5.5382
8.8087
5.2436
-1.7746
-3.7554
-3.6522
-0.7025
3.8094
5.6787
4.2982
3.9245
7.3981
17.5758
25.5541
25.4293
14.8055
-0.8479
-6.9249
-6.3180
-3.0137
1.7386
15.2112
15.6846
11.3786
-0.2727
3.7234
9.1475
10.4480
12.3780
11.4982
8.1090
7.6789
6.1371
5.1031
-0.1450
-2.6569
-1.3539
5.0012
1.6902
-1.5959
-2.1927
-0.7375
5.2449
7.3059
8.2282
8.5018
6.2833
4.0338
6.0040
8.5186
7.6769
9.9336
17.4616
11.1402
6.1966
-0.7129
5.8988
7.1452
4.8351
4.6774
2.6441
-0.8893
4.2238
4.7100
-3.4029
-6.5357
0.7417
7.3728
-2.6095
-8.9483
-14.0747
-10.6334
-0.5780
-2.5241
0.3777
10.5837
8.9704
-3.3713
-5.8417
-2.7026
-2.8679
6.1323
11.3512
7.1923
6.9589
8.2893
6.9779
6.9538
8.6786
7.5079
1.9658
8.9789
10.5095
10.0840
6.9440
4.8647
1.6938
-4.5455
-6.6606
-6.3797
-0.9641
1.1642
-2.6964
-4.9398
-5.6615
-1.9294
-3.2693
-2.9277
1.0182
4.3166
0.7699
-1.7086
-3.7723
3.0210
-0.7698
-5.8983
-9.9711
-10.9620
-1.6198
3.1309
4.1616
4.2134
-0.0775
-3.5227
-2.8106
-1.2291
-9.1188
-13.4126
-1.4946
-2.9357
-6.7598
-9.1960
-9.3072
-9.8896
-11.9201
-11.3774
-3.7188
-2.8271
-2.1650
-1.9485
-8.0050
-12.5061
-11.6937
-8.0878
-11.7177
-11.3088
-8.1664
1.6620
4.7856
1.4843
0.4474
5.9913
7.5756
3.8454
1.2127
-4.0801
-12.1770
-15.1300
-7.2475
-0.1753
2.6099
1.5286
1.2405
-0.1091
-0.5385
0.1561
0.9082
0.6137
-0.5660
-1.1854
-1.3248
-1.2852
-0.9405
-0.8559
-1.9074
0.8063
1.4682
3.6655
2.3343
-0.7010
-1.2780
1.3123
1.8103
0.7167
-1.4618
-0.6032
-2.1481
-3.0234
-8.3165
-4.3674
-2.3473
-6.4802
-1.7703
1.4914
0.5447
0.3477
-0.7798
-1.5154
-0.2454
-0.3633
-2.3721
-3.0213
-5.3819
-9.1485
-5.2327
-0.3493
-0.4949
0.9770
-0.2563
-0.7269
0.1500
-0.3463
-0.8972
0.4476
1.2866
1.3463
-2.3049
0.3888
-2.2847
-4.6623
-4.7448
-7.9787
-5.2647
-6.9051
-4.9203
-3.9285
-5.9563
-0.8450
1.3578
3.2074
-0.9700
-2.3836
-2.1458
0.4914
-0.9449
-3.2823
-3.0557
-4.9916
-1.5992
-0.2423
-1.4638

Coefficient 40:
0.0000
1.0462
1.7968
2.6154
-0.7331
-2.8978
-2.0371
0.0803
-0.1416
-4.2855
-7.9553
-10.8004
-10.1440
-7.6765
-4.8428
-2.2165
-2.5101
-1.8763
-1.0232
-0.7433
0.2063
-0.4127
0.2583
2.1460
2.0038
2.3938
-0.3463
-0.6223
0.8780
-2.4902
-0.7092
-0.5086
0.5822
1.6950
3.3062
3.9840
3.5694
1.0025
-1.1761
-0.2794
-0.6272
0.0540
1.4283
2.0342
5.8297
4.4077
2.3947
1.8476
-1.6826
-1.6838
0.0228
-4.9922
-2.2268
7.8984
9.3647
7.7427
7.7500
11.6660
10.6587
1.9327
2.8331
11.0063
12.0091
6.1722
5.5271
6.2170
0.3342
-2.1698
-4.0965
-3.6655
-0.1805
6.1131
2.9104
4.4390
1.8123
-4.1848
-0.2374
2.3890
3.0373
5.7730
15.3180
13.2409
7.0959
4.3324
2.3065
2.1458
0.7859
3.2755
5.4455
0.5678
0.3373
1.5239
-1.9451
-0.0260
9.9985
13.0948
8.7988
6.9816
4.6561
-2.9597
-1.0211
2.3255
1.0019
2.7895
4.8922
1.3280
4.5650
1.2446
-3.9208
-3.4863
-0.6159
1.9748
1.8379
-1.1274
-5.7943
-10.5301
-2.7037
0.6551
-2.2545
-1.0129
1.2985
2.8581
-3.3374
-0.8635
0.6718
0.9042
2.0035
4.7816
5.5775
8.0888
6.3819
4.6706
-1.4431
-3.1220
-2.5822
-3.9092
-1.6979
4.6300
-0.3953
-0.1157
2.9271
1.6544
0.9682
1.8719
0.0782
2.1869
-1.6441
-2.0347
-4.2410
-0.5921
4.7884
2.3750
0.0654
-1.8377
-4.2901
-1.2416
-1.5234
1.3792
6.7690
3.3063
-2.3531
-6.9738
-7.7704
2.2465
8.0421
14.1911
16.5553
8.3614
1.6333
6.1534
12.8110
19.2268
18.6799
24.5627
32.3454
27.6434
17.5323
17.0801
19.4703
12.5171
5.1703
6.4345
4.8668
3.6189
7.6368
9.4307
19.7496
28.8570
30.6112
25.4422
18.1017
9.9612
5.6761
-2.3228
-3.7674
-1.6120
-1.8801
-4.0207
3.8224
0.9602
-5.4212
-7.7675
-4.9083
6.6135
4.9295
2.2479
2.8432
1.2769
5.1388
7.7340
9.8313
3.8148
4.2157
1.8149
4.1341
4.0197
-0.6696
-4.7933
-5.5902
-3.1535
0.5576
-0.7898
-2.4749
-2.2498
-3.0972
0.1470
8.7331
10.9390
1.9881
1.0653
1.5001
-1.0408
-2.8185
-1.4480
-7.9998
-3.3200
-2.9870
-9.9866
0.5783
12.1704
14.5332
9.9509
13.0434
11.4913
9.1636
14.6941
19.8704
17.7542
9.0229
0.7416
-0.4054
6.5373
6.1119
-0.7242
-3.5221
1.3439
-1.6902
-3.7744
-0.7653
0.1763
-0.3089
1.5792
-1.0762
0.4233
-2.0243
-5.0156
-6.0176
2.5576
1.7013
0.2835
8.1986
21.0211
22.7630
23.1205
22.1784
21.3613
17.9800
15.0588
13.9315
5.1884
-4.3073
-11.0082
-10.7739
-7.3755
-7.1093
-1.5662
-4.3940
-2.3849
-0.0544
-0.2775
-3.5051
-8.3386
-8.8032
-3.1950
1.5158
0.1185
-1.4947
-1.9533
-4.5546
3.8263
8.0407
10.0070
9.1457
9.9709
4.4918
3.7191
5.5477
5.6327
7.0536
6.8771
12.1027
19.1548
29.0544
30.8027
27.8702
17.6167
7.6688
0.2627
-6.1289
-2.5567
2.8373
0.8383
3.6401
2.9474
0.6368
-1.7590
-0.7949
0.7371
0.5325
-0.8825
-2.6903
-3.0879
-2.3701
-7.2945
-6.6237
-5.1560
0.0005
-0.0161
-0.2817
3.9776
3.3061
-0.9757
-1.1923
4.8945
5.1337
-2.4488
-0.2310
8.5028
11.1176
9.3482
3.0133
-4.9049
-9.2008
-9.3453
0.2110
0.3044
-5.4219
-7.6192
-2.2564
3.3904
1.1912
-0.3308
7.1499
10.5437
3.7486
6.9796
11.6369
9.2613
1.3659
-6.5422
-10.9665
-11.8039
-11.9849
-3.2454
-1.3450
-1.4487
-0.1460
-0.8084
1.7142
3.9124
0.6876
0.5330
3.9744
5.9813
1.3158
0.3016
7.8201
9.0569
14.0664
8.5861
3.8670
-2.8546
-3.5880
0.9783
5.4897
8.0441
12.8575
7.7347
-3.0687
-5.8859
-4.8194
-4.9417
-7.6052
-6.5860
-8.2467
-7.6834
-6.5595
-6.6489
-5.9609
-2.0584
1.4854
1.1009
9.5804
18.7176
22.0179
14.7868
7.7259
11.7940
23.3326
26.3311
27.8358
22.2173
11.7071
5.8268
6.8662
9.8007
4.6674
2.2917
3.1147
3.2807
0.3128
4.1970
6.0134
5.0608
3.8978
1.8265
1.0154
2.9936
7.1728
3.6732
-1.2937
8.3545
6.0652
3.7543
-7.7276
-3.8472
4.0152
1.6908
-2.8139
1.7099
10.5141
16.5664
18.5858
15.4022
10.0586
7.3852
6.6927
8.3825
7.4934
2.7728
-2.1860
-0.4820
2.7358
0.5439
-3.4181
-7.5013
-2.4081
-1.0010
-3.6238
3.3597
3.4858
1.5729
-0.0811
-3.6467
-1.8579
3.6556
1.8141
-1.1056
-1.7706
-0.1403
0.2356
2.8703
5.3138
0.5574
6.8745
9.8849
-3.6887
-7.0703
-3.0219
-7.7956
3.7041
11.7912
9.4683
-3.0070
-3.2220
1.2721
0.9732
2.7655
0.7829
1.2884
0.4896
0.9127
-1.2226
-2.4000
-0.8860
0.7491
-1.3717
2.9096
3.1316
2.3197
2.1972
7.0983
11.4113
10.2009
11.8170
0.9115
8.0135
16.7215
17.9407
15.2215
7.9994
5.6142
5.7590
3.1401
1.2614
1.0523
3.4306
4.1606
-0.6445
-3.5752
0.2687
8.0028
8.4155
5.0179
0.7626
4.5784
16.3122
22.1139
14.8024
1.4197
-1.4986
-2.2769
0.8761
3.6590
9.8734
17.0281
16.9910
7.0220
5.8691
2.6724
6.8972
10.0740
6.4903
6.3516
6.8969
10.0487
14.3497
13.6112
10.8763
12.7192
6.3547
4.3353
-0.2762
-2.1650
-1.2138
-1.4141
8.1424
16.7909
17.5309
12.4002
7.4837
-1.4345
-4.9386
-6.7585
-6.3246
-10.5127
-9.6586
-3.9992
1.9335
0.9242
-8.0193
-8.3759
0.1904
3.3807
2.5545
5.5263
7.4798
4.0506
1.3397
-1.6541
-1.3671
1.4928
9.2486
13.0848
10.6927
9.4949
4.6045
2.2218
6.0719
12.2377
3.5950
-2.2057
-1.9181
5.5629
4.0680
-3.9438
-3.5313
-1.8564
0.2771
-4.6189
-3.0289
-1.4590
-1.0168
-0.7526
-0.9072
2.2029
4.8295
10.1075
11.9621
7.9221
3.4645
6.8484
3.5497
4.3696
3.7135
-0.1576
-1.2560
-6.8025
-7.7915
-5.5132
-3.4646
-4.9572
-3.9557
-5.3256
-2.8114
0.4978
1.7965
-2.3576
-4.0933
-2.4624
-2.7250
-1.1482
7.8287
4.1421
-1.6538
-2.9958
1.0421
7.1810
2.6352
1.8447
9.0558
11.7463
9.9090
11.7645
12.1620
6.0760
0.4034
-2.9231
7.1558
16.6818
17.2085
10.2698
6.1223
6.0321
3.4164
2.0744
2.5335
2.2506
-0.1270
0.1688
-0.9680
0.3474
9.5764
16.3476
16.8841
15.9969
10.7704
3.7948
4.2692
-0.2872
-1.9382
1.4647
5.9931
18.7167
18.4490
19.1090
14.2745
11.5415
7.9883
8.1569
-0.1953
4.1170
7.2095
5.0848
7.0648
4.1560
0.7260
4.1230
0.2579
-1.8498
-3.8210
-1.6251
-3.3269
-7.1378
-14.3061
-9.9459
-6.6559
-3.4260
-3.1351
1.4026
5.9695
5.6922
0.6079
-3.1595
-2.9900
0.7472
-3.5977
-8.9710
-10.8238
-8.1412
-13.0846
-15.1648
-15.1462
-12.8363
-2.9785
4.1792
3.2282
-1.2156
-7.0587
-3.9190
-3.7214
-6.2108
-11.6272
-5.5432
8.5979
11.0563
6.4821
2.1633
18.6518
22.9391
15.3099
11.2382
7.3603
8.0999
12.1217
19.7824
13.7605
7.5436
8.3128
8.0936
5.3488
-0.4923
-1.0398
-1.8706
-0.4287
1.7889
1.4455
1.4990
2.0979
1.8800
-1.3501
-6.2655
-8.0364
-8.8498
-9.4267
-8.1033
-1.2052
-0.1278
-1.0093
-0.5726
2.7478
5.2520
13.4434
4.5243
-0.1047
-3.0136
-1.4503
0.1662
-3.2126
4.1932
9.5377
6.5666
0.6675
0.6634
3.1142
-5.0408
-6.6346
-5.0840
-5.8917
-4.5413
2.8259
1.5570
-0.4967
-4.7402
-7.8979
0.6681
9.5994
10.7936
7.1845
-1.4352
-4.9330
6.4851
14.7362
18.7856
17.4108
13.3096
6.8509
7.0941
4.4084
-0.2848
-2.1476
-3.0497
0.4177
-5.7970
-2.2872
4.3062
2.2855
-0.3522
-3.6798
1.0466
9.2088
5.8116
-1.7890
3.5261
1.2267
1.7711
1.3526
4.5581
1.7542
7.3907
15.2374
14.6934
8.6075
4.0468
7.5490
10.8460
7.8660
5.4690
12.2935
10.2678
5.9279
3.9811
-2.4398
-6.6249
-10.4814
-3.9024
7.9592
10.9547
16.2974
11.9893
4.5398
-1.3403
-4.4168
-4.0209
-4.6520
-1.6083
-5.4687
-7.2350
4.9489
5.0967
1.1670
0.6012
1.7052
3.4524
8.6164
2.5492
-0.5184
-4.2281
3.0100
9.7473
17.2144
9.2718
3.3047
11.0441
18.3849
15.1641
11.0618
10.1219
9.3204
10.9459
10.7700
10.7810
14.1444
1.7889
-2.0137
2.5254
5.1281
4.8384
6.6193
6.5145
4.5856
5.3475
7.4617
0.4847
-2.2166
4.1980
-1.6433
-3.6299
0.5915
4.0655
5.1934
2.8148
0.9270
-0.5589
2.0632
11.0881
14.7758
5.6309
-2.1424
-5.2687
-4.1608
-2.7061
3.9374
3.7311
4.7622
-0.1092
1.2846
5.7207
-4.1103
-4.6977
1.3033
-1.1164
-1.0940
1.4037
-2.2274
-6.0589
-6.4757
-7.8753
-5.1730
-1.1501
-0.5656
-1.7900
-1.1969
-0.3822
-0.7263
-1.8065
0.6375
1.3105
-1.2220
-3.3285
-2.0958
-1.6345
-2.1681
-2.2145
-2.2060
-2.0009
-2.1029
-2.5575
-1.3574
-2.3551
-2.7273
-2.8666
-2.5943
-1.7767
-1.2351
-4.0392
-3.7641
-2.6981
-4.2310
1.6424
-1.7375
-0.9589
5.0688
3.4024
1.9162
-0.4245
-4.4826
2.9850
7.4232
2.2973
-1.3559
-11.0278
-5.0533
0.5233
2.1963
4.1661
9.1305
3.9174
-0.1584
-2.7168
-0.2050
5.6268
4.1391
-1.1920
2.0485
7.7111
6.1831
1.2525
1.1346
9.7681
6.2276
2.0336
-3.8891
-2.3452
1.3948
3.2783
7.6425
15.5519
12.5520
9.3060
6.5823
-1.7815
0.1470
0.3925
-3.0348
1.7173
9.2180
7.5855
1.8456
-2.4465
-4.9136
-5.4164
-2.0520
4.0082
4.5155
2.3492
10.5507
17.8259
15.6375
11.2773
10.4029
9.9092
4.9963
2.2068
1.7344
0.0732
-4.1784
-3.7654
8.3520
10.1141
5.5816
0.0429
-1.1714
-0.7161
3.1287
5.6651
0.7738
0.1646
12.8393
16.6025
16.4871
16.6429
14.2903
6.9097
4.1140
3.7316
3.6143
11.4417
10.3784
4.6802
0.8643
8.9220
10.6379
4.6160
-4.7991
-7.0241
-2.6950
-1.2066
-2.7515
-6.6639
-6.1247
-4.0505
-3.6758
-2.3159
4.1301
6.1331
3.2404
0.7975
2.7740
0.0907
-1.9248
1.5505
1.9080
-1.1654
0.0287
9.0658
14.8583
13.5193
14.9092
19.5323
28.5096
35.2095
36.6545
29.2878
23.2354
22.1772
13.9130
10.0682
2.6441
-0.2652
1.1061
1.3410
1.3799
0.4412
-1.7018
-1.6642
-0.3763
-3.9329
-1.7083
0.1959
-0.7380
-2.2089
-2.5742
-5.2550
-1.5740
0.5925
13.4879
9.1419
5.2542
2.4324
-0.9406
4.9946
4.7516
0.4753
1.0059
1.4247
2.1188
3.1443
4.6956
2.0827
4.0329
4.2562
2.0363
1.1157
16.9292
22.0745
17.5926
10.7523
9.4350
7.2474
3.7209
3.4082
0.1712
2.4462
8.5884
15.4470
16.4351
8.3317
1.7677
3.2203
10.1348
2.7474
-7.7925
-13.3072
-16.4528
-14.7827
-9.8170
-8.8044
-8.3535
-10.2069
-8.8953
-7.6395
-3.6782
-3.1463
-1.6076
0.0236
-5.1667
-2.4315
-6.7394
-3.3500
-3.3104
-3.7605
7.5097
19.4681
27.9401
23.6664
20.6805
12.9224
8.2739
5.1251
16.8748
16.3542
10.5825
5.6971
-1.4179
-2.1222
3.7334
-2.1723
-2.6441
1.5870
4.9874
12.9953
12.8313
7.9073
5.0906
6.7721
2.8250
0.3534
1.4033
-2.8329
-5.6834
-6.9831
-6.5876
-4.2329
-2.1443
-0.2928
-3.2618
-3.7752
-10.0803
-1.9506
10.5462
13.1769
5.0713
6.2752
0.2570
5.2377
11.5803
10.1180
4.9128
3.2695
-7.8978
-14.9657
-11.4129
-9.8303
-10.4883
-9.9648
-3.0379
-0.4953
2.1444
11.2415
8.3606
7.7837
21.1814
29.4988
29.6259
17.0412
5.3441
-1.2710
-5.8691
-4.9660
1.9854
3.4342
-1.1196
-1.0678
-2.2744
0.1284
0.7661
0.4680
0.2255
-2.0785
-1.5213
-0.1874
3.1624
11.3413
16.4719
18.8281
18.2965
17.0390
20.1174
27.6172
24.1007
23.9438
20.1531
13.4413
7.6991
2.0678
0.5339
5.5091
12.0521
15.0987
11.8598
9.6514
5.4528
7.0992
9.6176
4.8834
-4.5989
-4.4125
2.4075
13.3610
15.1002
12.5174
6.3723
0.0368
1.6281
7.8327
10.4524
13.7568
13.7312
6.2879
-0.4959
6.9672
16.4542
14.4217
8.9407
2.9905
1.7772
3.1605
4.5986
4.7342
6.4757
5.3579
-1.3402
-2.9576
-0.1755
0.0672
7.5540
15.0659
8.6343
-3.3079
-5.2234
-2.0925
-7.7198
-7.6112
-6.4199
-4.5677
-7.0109
-7.0554
0.6989
8.4350
5.6824
3.3078
6.3342
2.3599
-7.1335
-15.4045
-12.4398
-7.0042
-4.6672
1.8672
12.5630
11.5429
2.3681
2.0312
1.5474
3.6254
7.0088
8.2487
3.6159
-3.0018
-2.8094
-1.3259
3.2131
4.5194
1.9369
-0.2266
0.5976
-0.5744
6.8638
4.7224
-3.1599
-12.3823
-8.3817
-4.8838
-0.6272
8.1768
9.3747
4.2982
3.3910
9.6492
15.1582
11.2536
8.5494
9.5700
6.1032
4.4096
5.5159
10.9952
9.4618
5.8569
8.0945
6.8315
2.3317
3.5848
1.7125
-0.6304
2.7147
3.1989
0.6615
-5.2659
-0.2953
5.8318
9.8479
6.4986
12.4185
17.4629
17.8663
17.8336
14.6988
9.4559
8.5176
10.7848
11.0563
11.0193
10.2510
14.0685
15.2403
16.4273
12.4282
8.6860
2.8324
4.6552
5.5554
4.6518
7.9163
10.6196
7.4817
6.0689
1.5655
0.1368
1.5290
15.4641
22.6279
20.5946
16.3170
19.8753
20.0626
13.9717
5.3125
2.3254
1.1028
8.7880
5.2198
4.5435
5.4465
9.1063
7.9545
9.2577
17.7389
12.8478
7.1644
17.6470
22.6900
23.5664
25.0065
25.2045
26.1762
21.8231
14.1807
9.5926
11.8012
14.7447
9.8397
6.1344
-0.5293
1.0903
1.9499
2.4088
1.6703
1.1206
2.3969
1.2154
2.4872
4.2023
-5.3848
-6.7574
-3.4129
1.0061
1.2567
2.7430
4.5335
6.3813
4.7350
-0.2415
3.9806
9.4445
12.4025
15.5644
26.2740
41.5803
36.6781
26.6513
16.2138
14.4154
13.2688
8.6383
5.1959
6.2390
2.5772
2.9292
5.9135
8.8084
11.0773
14.0555
14.3856
13.0962
9.0664
2.4499
-0.8526
3.9940
1.9233
5.9940
9.1926
7.6361
-0.2883
0.5469
5.6409
3.7432
7.1041
12.7341
14.0641
8.8457
8.5165
9.3309
7.7238
10.0485
5.4799
4.2371
4.8922
4.1218
5.6918
5.3729
-0.6019
-6.1280
-7.7347
-3.3497
5.5628
11.8777
12.8954
4.2379
-7.0325
-9.1992
-6.5451
-1.6776
5.9089
11.2561
9.0768
7.2516
6.4377
9.4166
7.1203
3.0002
0.9552
2.7449
0.2527
-4.4504
-1.8423
6.5157
4.7096
2.1566
-0.3059
2.6553
-0.8090
-3.3022
-1.0920
1.3484
2.3549
4.7996
7.3060
7.9974
10.7212
5.4879
1.6123
4.8160
5.3456
10.6929
14.9699
14.8644
12.3534
6.0323
9.8255
10.3080
8.6002
9.3917
7.0691
5.6098
0.7806
-1.5616
3.1386
4.1237
1.0972
6.1301
-0.6707
-6.5499
-5.8116
-6.5417
-13.2724
-15.5857
-9.5861
-1.1165
4.4474
7.6220
2.1177
-4.5415
-4.2193
8.8089
18.0140
14.9433
8.7443
7.1889
6.7765
6.8367
7.3480
7.2399
2.9872
12.8129
13.2140
11.4637
8.4979
5.0366
4.6163
-5.1091
-7.1805
-4.3187
-0.5757
2.9838
-0.1984
-1.8477
4.1006
5.3541
4.2733
1.6586
4.0252
9.3791
10.6419
2.2146
-1.1722
4.4551
5.6255
6.6736
3.7917
-0.0285
4.3988
0.5315
0.0975
1.4609
1.2218
0.5718
1.2689
3.9479
9.9152
6.3253
7.5680
7.0986
2.2202
-2.7577
-6.2689
-2.8941
-3.4923
-3.3717
-4.7796
-4.0667
-1.0761
4.9982
0.0164
-2.9865
-3.6754
-3.9898
-6.7067
-6.2409
-4.9609
1.3474
8.1559
10.4740
7.7983
-0.9720
4.6092
7.0155
-0.3831
-10.7542
-13.4449
-10.4706
0.4234
5.1534
3.5066
2.7838
1.5270
0.6778
-0.6787
0.0494
0.8528
0.3772
-0.6953
-1.0833
-1.4787
-1.3216
-1.0461
-0.7522
-2.3385
-0.6198
0.0005
1.6941
1.1173
-0.5549
-1.1517
0.2327
0.8349
0.0067
-1.2518
1.4174
1.0029
-1.1715
0.5074
1.6143
2.1112
4.5172
3.8467
1.3821
0.6705
0.3925
-0.7916
-1.4960
-0.4593
-0.8498
-2.3600
-2.7005
-0.4478
-3.3461
-5.9004
-1.7269
-0.8197
0.7741
-0.2781
-0.6340
0.2718
-0.1118
-0.4641
0.4770
1.1187
1.4116
7.7133
10.9009
10.1872
5.9293
1.1730
-1.1046
-1.6304
-2.7978
-3.8530
-4.5834
-2.8794
-2.7039
-3.2767
5.4844
6.8672
6.3145
2.1647
4.2956
3.0723
1.0623
5.2708
8.9490
4.8558
1.0676
1.9348
