MFCC Analysis for recordings\VioletaJakab.wav
==================================================
Shape: (40, 1709)
Number of coefficients: 40
Number of frames: 1709
==================================================

Statistical Summary:
--------------------
Mean: -12.1182
Std: 79.2409
Min: -657.3997
Max: 195.6945

Coefficient Values:

Coefficient 1:
-657.3997
-636.4097
-612.0817
-607.6194
-614.1438
-620.1940
-631.8594
-642.5572
-648.1321
-646.1375
-643.4305
-639.5774
-637.2935
-634.2314
-630.2024
-603.6938
-586.9559
-603.5431
-628.2244
-630.6116
-628.7627
-631.8102
-632.4778
-634.5557
-631.9972
-630.7189
-624.6790
-622.6951
-626.3016
-625.2660
-588.7336
-528.0483
-503.1979
-536.3358
-599.6127
-606.7183
-577.9639
-528.3737
-476.6852
-445.2637
-442.8953
-452.7810
-474.3897
-499.6478
-526.7333
-557.4870
-573.0966
-577.6786
-586.0609
-593.6080
-592.8317
-593.3172
-595.9161
-597.7736
-589.2205
-560.8077
-536.5309
-529.9892
-463.2849
-394.2837
-383.3423
-412.1304
-426.0133
-392.0809
-378.6473
-384.7990
-400.0093
-417.8584
-418.0178
-407.0677
-403.3600
-401.3484
-387.6081
-398.4718
-421.0857
-430.1612
-427.8113
-392.4008
-375.0034
-361.0770
-349.3027
-363.5807
-379.3185
-394.9135
-427.3816
-406.5442
-373.8913
-388.8179
-410.2255
-436.6499
-477.8094
-469.3901
-413.6449
-397.5838
-430.5617
-458.7343
-430.8125
-412.6179
-415.2615
-430.5699
-436.7527
-437.4043
-401.8675
-376.5815
-401.2806
-441.0166
-434.2291
-390.1430
-376.9783
-394.8603
-442.3918
-476.7769
-496.0413
-513.0400
-513.9192
-503.4601
-487.5110
-494.7769
-519.4703
-546.9946
-573.2756
-568.1723
-564.4109
-582.7413
-594.6171
-539.4672
-473.5401
-428.5677
-411.2888
-400.8475
-402.0309
-388.1703
-361.2929
-371.2569
-402.8542
-435.7035
-453.8738
-462.1796
-468.4003
-473.1784
-470.3699
-463.9034
-472.1822
-495.5041
-538.9500
-593.8307
-625.3647
-643.9930
-642.9447
-633.9475
-629.3221
-627.4597
-630.6778
-631.2629
-637.4158
-644.0148
-644.5659
-645.4967
-639.0714
-638.6007
-641.4276
-644.6492
-648.0410
-650.8041
-651.3015
-648.9404
-647.4102
-644.7155
-644.1926
-645.2845
-598.7881
-498.7989
-425.8868
-390.7485
-379.9414
-370.7385
-361.4709
-357.7661
-359.8251
-357.3378
-374.2706
-372.6404
-373.7148
-402.5362
-446.5591
-493.7216
-517.9326
-531.2503
-552.2436
-528.5169
-461.1740
-414.9949
-389.1188
-383.2957
-392.8416
-391.3152
-382.4777
-382.5062
-385.2827
-397.4422
-455.7766
-482.7721
-422.0840
-400.2557
-423.8951
-476.4177
-547.8239
-605.6032
-631.0573
-643.3340
-648.1290
-617.3924
-590.2837
-580.1696
-590.3931
-614.2011
-632.4311
-643.6971
-640.5867
-602.3406
-550.6066
-502.8212
-482.8808
-470.2635
-481.4081
-495.2539
-492.9094
-457.3725
-417.0327
-430.4611
-464.3702
-451.9456
-383.4926
-367.4238
-378.1572
-408.9225
-457.0849
-499.3276
-525.5552
-493.0225
-465.2655
-468.7837
-481.4780
-466.9854
-429.7664
-415.3634
-416.1910
-401.6120
-413.5508
-441.2114
-458.8488
-461.2841
-463.3311
-470.3763
-467.6454
-449.4661
-411.0729
-401.0876
-423.4986
-481.4945
-557.6971
-596.6412
-598.7352
-593.7803
-605.7126
-620.9771
-628.4208
-623.5168
-612.5515
-606.9666
-612.0410
-623.1862
-626.1586
-622.1666
-604.0537
-584.0260
-569.6823
-567.2896
-576.1915
-599.2700
-615.1902
-624.3080
-636.1786
-635.2133
-613.4835
-599.1664
-600.5140
-609.4711
-619.0252
-623.1219
-627.6896
-635.4390
-643.7474
-647.9417
-649.4294
-646.0587
-642.3085
-645.1078
-648.3839
-649.1690
-644.1147
-639.9981
-639.5374
-644.6239
-648.2711
-647.3423
-644.5141
-643.4351
-646.0555
-644.4368
-567.0408
-494.3306
-477.4006
-486.7194
-451.0847
-402.7576
-386.6057
-382.2171
-300.3980
-273.5594
-295.9535
-304.5742
-324.6475
-362.5644
-384.3769
-398.8627
-420.5909
-431.3842
-429.0266
-443.6008
-454.1641
-476.9800
-477.0934
-457.9797
-448.2769
-463.0233
-467.4132
-338.4621
-283.4996
-281.2614
-292.5138
-329.6259
-403.7557
-380.5040
-288.2861
-246.9629
-275.0769
-309.6255
-298.8285
-283.9842
-301.4604
-329.3964
-362.1392
-356.8976
-323.0897
-313.7601
-312.5451
-326.0415
-340.7244
-267.6995
-237.3189
-274.7480
-320.6773
-328.1316
-361.5348
-380.7255
-330.2618
-303.6763
-360.0659
-467.5981
-522.0619
-522.5692
-513.5776
-416.8141
-376.3991
-428.2706
-544.1989
-599.3810
-590.1661
-575.5469
-568.5574
-573.0440
-592.5529
-598.1716
-616.5905
-623.9463
-612.3817
-624.2406
-645.1036
-650.5969
-649.9269
-651.6740
-652.9305
-648.6431
-648.9869
-650.1039
-647.1535
-645.0443
-646.0651
-647.8232
-653.2184
-654.6086
-649.8478
-650.6374
-653.8574
-650.8149
-645.5917
-642.7306
-640.0814
-643.5858
-646.1382
-643.1678
-644.4870
-647.5266
-646.2212
-641.0801
-612.5958
-569.0219
-482.1551
-368.6442
-274.1068
-227.7221
-222.9349
-237.6796
-262.9678
-292.7422
-309.1271
-314.3107
-311.3897
-302.6275
-295.0976
-291.2793
-294.7843
-308.8926
-327.8819
-358.8888
-407.0374
-458.2087
-504.1513
-554.8932
-599.8398
-618.5186
-539.2728
-456.3628
-394.4171
-369.0176
-365.8926
-368.1253
-378.1667
-376.1495
-386.2572
-398.7280
-401.6445
-392.2068
-382.6752
-366.8127
-340.1852
-323.8106
-335.8694
-361.6781
-368.0076
-380.1168
-412.5240
-457.8876
-501.7627
-537.7539
-557.1108
-546.8809
-486.6960
-426.2274
-392.3824
-360.8405
-343.5394
-347.9263
-327.9688
-304.8713
-297.4062
-290.6740
-253.7978
-253.9786
-299.7565
-351.6612
-312.1319
-293.0470
-272.2623
-265.2716
-259.6888
-276.9258
-310.3075
-320.7430
-334.2818
-353.9712
-350.3311
-378.7390
-465.7299
-506.7947
-439.2938
-390.2758
-358.4872
-343.6290
-331.0077
-322.3215
-330.8411
-347.6230
-374.6260
-360.5587
-326.0084
-335.5110
-372.2496
-361.2740
-335.5393
-335.2683
-340.8878
-345.4988
-331.6789
-332.3583
-359.9879
-418.5405
-472.8946
-472.8737
-443.5601
-412.6064
-397.2628
-407.0225
-448.5969
-500.9405
-517.6844
-518.8763
-514.0370
-511.4946
-507.4907
-443.0298
-366.4416
-334.7954
-318.7156
-317.6698
-340.2192
-357.6242
-377.1950
-399.8806
-413.0154
-419.0804
-419.5132
-405.6831
-406.1847
-443.0994
-524.4197
-536.9968
-514.6154
-508.5487
-518.9622
-540.1614
-571.4720
-587.6461
-587.2600
-590.7382
-593.6956
-603.7742
-626.5061
-639.6962
-645.7018
-528.8613
-423.1052
-384.8733
-387.0770
-376.3100
-333.2248
-307.6410
-332.7264
-355.1454
-378.7964
-408.8248
-463.2077
-525.6880
-506.5478
-472.4210
-451.1532
-446.5693
-424.0652
-390.7376
-400.7389
-429.1147
-443.6125
-456.3574
-454.7121
-387.9263
-352.1354
-340.9538
-331.0984
-322.4089
-329.1949
-342.1360
-356.8965
-371.1060
-392.0583
-414.2625
-439.0013
-453.9952
-472.3183
-502.2445
-501.2630
-459.4530
-445.9608
-453.2965
-452.1560
-465.6610
-496.4131
-521.9298
-522.9376
-469.5464
-435.5437
-423.4733
-392.1898
-376.0730
-374.0110
-357.7273
-332.3039
-324.4819
-352.2664
-371.7766
-379.4698
-400.7253
-417.7341
-420.8084
-444.8892
-511.9768
-504.5645
-449.7594
-381.7103
-324.4501
-308.8792
-332.7801
-359.0938
-391.0595
-419.3388
-439.5983
-452.5424
-467.7506
-477.7762
-479.7843
-482.5469
-479.0409
-481.4636
-518.1063
-574.7175
-615.9487
-649.3286
-650.4750
-649.3181
-648.4535
-649.1622
-650.7799
-651.0943
-652.2238
-652.1655
-652.8595
-652.8211
-650.4783
-595.8326
-557.5996
-538.2575
-510.7993
-431.3617
-356.1793
-342.8637
-359.4205
-372.8246
-356.6102
-366.8004
-387.6362
-398.2897
-424.1714
-461.6333
-486.4446
-494.8083
-390.7119
-305.6438
-280.7967
-272.6649
-263.1315
-274.5092
-305.7610
-328.7912
-349.7826
-377.0222
-424.5171
-459.6447
-447.1665
-460.0831
-514.5154
-558.1799
-597.3698
-548.9449
-449.4575
-393.1982
-377.7370
-385.0364
-388.9329
-393.4274
-397.2722
-404.4964
-410.6412
-425.9303
-464.9461
-534.4672
-593.9263
-631.3970
-581.9656
-559.6118
-595.9767
-605.0565
-503.9070
-402.0114
-373.3347
-396.1490
-415.3234
-443.4421
-474.9213
-498.3607
-519.3299
-548.8899
-568.1077
-587.0667
-606.6700
-621.9450
-632.2931
-640.7988
-645.7581
-646.0957
-641.4207
-633.3395
-634.0096
-637.8845
-643.7852
-647.5511
-647.3801
-642.5477
-579.6202
-454.3353
-437.3835
-450.3444
-450.9724
-474.3970
-499.9202
-521.7674
-536.1444
-542.5463
-552.6506
-579.0422
-590.3254
-533.1537
-500.3350
-475.1656
-451.5474
-461.5753
-486.1906
-497.2044
-524.7005
-503.9939
-395.0505
-340.3271
-331.2336
-346.5430
-385.9764
-426.0371
-449.3261
-469.2148
-493.3401
-520.1849
-551.1249
-572.2630
-575.2095
-604.3528
-617.6998
-597.3289
-561.3586
-516.1076
-488.5102
-485.6793
-498.7137
-518.7756
-535.5709
-536.7410
-519.1537
-500.3304
-500.9178
-520.7018
-532.9357
-540.7270
-550.0112
-560.3218
-577.6133
-599.0757
-589.2142
-491.9046
-419.9334
-367.5266
-340.1278
-345.8374
-368.4460
-392.2014
-430.2917
-450.0922
-421.2816
-396.9922
-408.7826
-431.6747
-430.1277
-413.2493
-428.2656
-441.9971
-420.3714
-369.4733
-310.4626
-258.1797
-231.8301
-234.0241
-258.2132
-276.6295
-282.3081
-280.5250
-285.5395
-303.2310
-309.8138
-305.7116
-289.8786
-291.5026
-302.8114
-327.8111
-345.0256
-331.7585
-332.8625
-358.9119
-342.8814
-330.3250
-347.5641
-362.4237
-312.5562
-306.2894
-304.6304
-304.6732
-302.7217
-318.1363
-331.9088
-346.8442
-376.7483
-411.0113
-418.8164
-367.3532
-339.9821
-333.7882
-327.9525
-330.7549
-336.6431
-330.7911
-342.4547
-362.1637
-348.6461
-330.7560
-324.0264
-328.2379
-347.8915
-379.5553
-404.1541
-417.9738
-435.4357
-476.6519
-536.1370
-554.8928
-487.7790
-450.3934
-445.0116
-436.3115
-420.1441
-414.3548
-391.2374
-355.8781
-361.1767
-363.0201
-378.8814
-425.2769
-449.1371
-434.0284
-418.7494
-415.2720
-440.9224
-482.9838
-530.7416
-560.4413
-520.4461
-487.1318
-461.8612
-440.4737
-430.1478
-443.6669
-431.6545
-422.3922
-417.0406
-415.8757
-421.4929
-424.6941
-418.0451
-423.8783
-439.9319
-453.9063
-465.2875
-468.9934
-484.6258
-520.5576
-504.7169
-423.8721
-388.8634
-388.8199
-417.3061
-471.2310
-469.4360
-458.0974
-439.5208
-433.9440
-452.4376
-493.7010
-556.0760
-585.6213
-538.6954
-491.5551
-454.6327
-449.2257
-485.4343
-524.2868
-537.8008
-547.8416
-553.7781
-556.3525
-559.4486
-564.3681
-570.5198
-571.0090
-533.6562
-472.8311
-416.8340
-401.4666
-409.4391
-425.9034
-449.8912
-464.3743
-467.4623
-475.0298
-481.4898
-488.6848
-492.3555
-492.4124
-492.1353
-490.8566
-508.0841
-540.9076
-536.7075
-486.5342
-436.9206
-424.4520
-424.3412
-404.1657
-373.3773
-366.6606
-391.9283
-433.4828
-493.3395
-551.6035
-503.8795
-444.0188
-445.4839
-482.0800
-519.7027
-529.7628
-491.9190
-425.1455
-372.1315
-366.9110
-377.6747
-375.6669
-378.4180
-374.1715
-376.0027
-387.6274
-389.6302
-397.5435
-417.4110
-431.9752
-444.9885
-463.8387
-484.8267
-520.4551
-554.3606
-586.6874
-611.9730
-620.3983
-616.8063
-614.4680
-616.8709
-608.9587
-605.8766
-609.2642
-620.4026
-629.0170
-639.9376
-644.0652
-573.0802
-510.1245
-470.6204
-439.9424
-438.3013
-440.6190
-426.8667
-426.3746
-418.7528
-422.9228
-440.8742
-456.2945
-471.9249
-491.7046
-514.0481
-499.7018
-471.3078
-462.4352
-475.9000
-479.9970
-475.8437
-505.9563
-550.7705
-514.4490
-460.3553
-423.2933
-391.6099
-365.1065
-328.0396
-305.2470
-299.6628
-302.0928
-302.1916
-297.6259
-304.6111
-311.5061
-311.0553
-317.9216
-328.1970
-323.4339
-330.5970
-366.3438
-410.9860
-410.1749
-414.6034
-440.7021
-483.1179
-521.3452
-561.3412
-597.2101
-625.7732
-646.7936
-650.2967
-653.8056
-650.2145
-648.9893
-651.5437
-653.4623
-654.8149
-654.6686
-654.7071
-651.5236
-647.9374
-647.2384
-647.6998
-650.5391
-652.3857
-653.9825
-621.6469
-553.3070
-503.3145
-477.8745
-463.6293
-456.5329
-450.2154
-454.1818
-460.3430
-447.8487
-441.8631
-448.8878
-446.2220
-457.4578
-498.5179
-555.8998
-589.9292
-617.7264
-620.3985
-584.0562
-551.1476
-510.6012
-477.8773
-448.1635
-421.2098
-415.7589
-416.0288
-403.7383
-408.8048
-418.5088
-428.5798
-428.2657
-430.4815
-433.4445
-432.6256
-439.1429
-451.7111
-460.2873
-465.7589
-459.6729
-460.6639
-469.1215
-477.0042
-487.8840
-500.4009
-515.3389
-527.9278
-538.7411
-517.8109
-462.0649
-438.4019
-435.1871
-440.1848
-461.0160
-478.8191
-481.4631
-484.3958
-485.7673
-462.3494
-461.1083
-486.7701
-513.2425
-513.3776
-500.7512
-482.4424
-473.2345
-470.9832
-479.5983
-487.0731
-465.9465
-466.2645
-504.1660
-559.5979
-540.8168
-446.7142
-404.6156
-428.8118
-501.4768
-487.9492
-409.1883
-345.1856
-306.2497
-288.5177
-294.7917
-322.4753
-365.6945
-401.4458
-408.8639
-418.9938
-429.3955
-441.3891
-435.5280
-403.6809
-385.9653
-401.5170
-425.2082
-474.4673
-543.0017
-541.9552
-464.4855
-445.0088
-458.7836
-465.0441
-471.9943
-462.4376
-451.0181
-470.9359
-462.7488
-450.1690
-429.7959
-375.0835
-338.7723
-351.5064
-396.9861
-352.9030
-328.4506
-325.9074
-312.7354
-307.8661
-298.5726
-296.7256
-303.6644
-311.1328
-322.7229
-340.6480
-363.4214
-410.1339
-433.9996
-434.7586
-422.9105
-426.5003
-476.9830
-582.9232
-645.3459
-651.3674
-651.7017
-650.6165
-643.9902
-639.3332
-641.1796
-644.5502
-648.6927
-647.7161
-643.1885
-642.7307
-642.1055
-642.6555
-642.6346
-626.9122
-600.9631
-578.5037
-536.8135
-504.3042
-488.3584
-477.4299
-476.5875
-493.7785
-528.6079
-581.4517
-623.0478
-647.2039
-652.1602
-651.9144
-653.3721
-651.1475
-650.8310
-652.4753
-653.2904
-653.3086
-651.9693
-648.5994
-647.2603
-645.7585
-646.4944
-645.7811
-610.6931
-593.0544
-587.7439
-606.1188
-644.2771
-581.1854
-504.7715
-462.9803
-436.5835
-411.2404
-393.9133
-392.8110
-393.4772
-398.6013
-413.0231
-413.1582
-410.2192
-423.0374
-441.2144
-454.6607
-466.2210
-478.7450
-490.8825
-509.2637
-532.1096
-546.1764
-570.2234
-598.3510
-615.5607
-631.6118
-646.1654
-653.5792
-652.2989
-652.0699
-652.0016
-652.5358
-651.3140
-649.3170
-650.9171
-651.0966
-652.2562
-650.3266
-652.0720
-655.0165
-654.2201
-655.1707
-655.6653
-651.0218
-648.1146
-651.2582
-654.5193
-653.4846
-649.2497
-584.0945
-506.2556
-465.1336
-418.9180
-350.4465
-329.1707
-363.5356
-371.3953
-363.0598
-364.0089
-361.0364
-356.9581
-356.7871
-363.6330
-335.0248
-311.6414
-336.1663
-370.0912
-407.1641
-429.6816
-367.8484
-344.9362
-366.2820
-396.0443
-411.5024
-419.4337
-424.0541
-416.9072
-416.8837
-423.6080
-427.3225
-416.7831
-419.8310
-443.8517
-478.9671
-555.6401
-605.9598
-552.2945
-477.8630
-448.9815
-473.0226
-502.1147
-419.4939
-359.6125
-373.2382
-443.0801
-513.8448
-482.8899
-418.2110
-361.3172
-329.1707
-307.4745
-292.9967
-296.2693
-286.8760
-281.4310
-279.5506
-293.5205
-318.1208
-345.7526
-358.4081
-383.3773
-430.2269
-460.2542
-434.4090
-427.6339
-425.9481
-407.5735
-416.5708
-450.1057
-483.5186
-517.4800
-440.9216
-373.7387
-377.9928
-397.9023
-381.5117
-355.4027
-360.5102
-374.6205
-381.6940
-365.3638
-371.7862
-402.3910
-427.0269
-441.3026
-430.4736
-412.7857
-405.7803
-367.6972
-313.7627
-292.7924
-305.9917
-338.9328
-353.4678
-319.1236
-313.2285
-337.4428
-354.4796
-359.5395
-358.8457
-382.7413
-416.3035
-457.0641
-498.7157
-456.9015
-384.4632
-363.1080
-359.7689
-379.1395
-441.0774
-507.9870
-508.0167
-493.9189
-477.3152
-455.2919
-441.3065
-437.3105
-443.9450
-454.7873
-470.5820
-487.6989
-521.2050
-553.0419
-557.3069
-548.9324
-544.4432
-546.6610
-571.4972
-602.8986
-619.5599
-615.9896
-613.7308
-615.8278
-625.4575
-637.0425
-647.0083
-653.0388
-638.9208
-602.4422
-551.4186
-518.1475
-487.2807
-463.4900
-471.9213
-501.1103
-524.0657
-534.9150
-465.8036
-371.9554
-342.7064
-351.2895
-365.1108
-385.9785
-385.0518
-359.2903
-353.6461
-366.2755
-379.2792
-385.3148
-393.5197
-406.7965
-425.6518
-438.3444
-434.6097
-456.3362
-495.0341
-471.7089
-420.5632
-360.7653
-327.0528
-311.4125
-306.1148
-304.3320
-314.8995
-330.5999
-364.4059
-411.6674
-449.5839
-484.2910
-474.3178
-432.1256
-422.9938
-433.7554
-444.7109
-455.3897
-466.4651
-476.6168
-479.7382
-478.4791
-471.8936
-474.4317
-486.5661
-501.5460
-509.7025
-508.1178
-469.6301
-389.5212
-356.7288
-351.5267
-364.0926
-390.0150
-415.7526
-449.6107
-480.3991
-495.9838
-510.0315
-500.7172
-477.7685
-474.2511
-481.2121
-490.0880
-493.5209
-485.5281
-483.1878
-502.2680
-536.9943
-499.1819
-442.8169
-419.4548
-434.2824
-460.7664
-475.5791
-472.6760
-459.1967
-428.7303
-424.6074
-429.1434
-436.4058
-430.0083
-421.9066
-431.4094
-465.8071
-453.5069
-401.5389
-375.5212
-374.7092
-380.1621
-388.1889
-397.4628
-419.5418
-436.3230
-451.9704
-463.3928
-483.9684
-506.0181
-489.9726
-458.2833
-435.6747
-429.5783
-431.3729
-422.8163
-412.9410
-412.2202
-421.9633
-447.2852
-476.3137
-495.7895
-494.4839
-479.5603
-465.8174
-464.1390
-473.6978
-485.2393
-512.5060
-515.2420
-489.6101
-454.2113
-449.4288
-456.4579
-468.7617
-460.2509
-468.6469
-496.0251
-511.2251
-501.8350
-474.1051
-477.4466
-527.7917
-606.6760
-650.9368
-652.5778
-650.9517
-652.3281
-656.2637
-655.1345
-653.6845
-644.9438
-568.7140
-469.5605
-381.4413
-334.4498
-331.2762
-360.2921
-398.8763
-434.7982
-444.1604
-432.6603
-449.4684
-479.9676
-502.9849
-525.1815
-533.9817
-522.6924
-517.8645
-519.5244
-529.5530
-542.9892
-537.1092
-497.5774
-463.5010
-438.8080
-434.9394
-461.3624
-505.8121
-537.5682
-567.1110
-563.8901
-520.5031
-489.4778
-479.4653
-476.4836
-467.4753
-465.9845
-482.6384
-503.4377
-520.4952
-565.1306
-615.6030
-641.8542
-643.9462
-644.2298
-646.4400
-650.1617
-654.2001
-651.0142
-648.8933
-650.1653
-651.0672
-652.5399
-654.1027
-653.7499
-649.0303
-648.8151
-650.0224
-650.4379
-651.2137
-652.8459
-651.9604
-649.5397
-633.6940
-470.5988
-385.6536
-347.4666
-339.9315
-372.2115
-429.3203
-478.3959
-480.2807
-410.9731
-377.0085
-381.7961
-391.4123
-383.2231
-372.5190
-373.4291
-387.0582
-395.9967
-402.4682
-429.4458
-466.9721
-486.9978
-509.1671
-549.6465
-586.3713
-610.6960
-629.0461
-645.2838
-650.6439
-653.7651
-650.1945
-647.2764
-642.0447
-557.9056
-404.6052
-316.5822
-308.0128
-354.1831
-419.8897
-497.3269
-584.9033
-627.6633
-632.5358
-626.0330
-623.9774
-625.8566
-627.9865
-630.7556
-627.7368
-634.8873
-647.2089
-625.7911
-592.3063
-579.2229
-546.8552
-387.0415
-335.8994
-354.7258

Coefficient 2:
0.0000
28.8400
56.3058
60.3892
53.4242
48.0162
34.1208
20.3467
12.8158
12.6635
14.4774
18.4302
21.3369
24.4732
29.6119
53.3228
67.4453
51.9294
34.0316
34.9510
35.8252
29.9379
25.7662
21.3006
24.1212
26.0297
30.9601
32.5079
27.6196
26.2826
2.6429
-7.1125
11.6602
25.6082
41.3248
41.4500
48.0696
65.7373
78.5008
82.9844
83.4626
78.8239
71.4748
59.0704
50.3147
47.9978
53.5715
63.5956
64.5576
63.0308
62.1021
60.4672
59.7441
59.4271
77.5586
112.5436
136.2602
140.9783
137.2878
148.3532
152.7068
148.7493
141.5117
129.7084
118.9529
111.6261
111.5580
114.8416
120.8801
116.4599
103.6739
102.5911
119.0984
130.2460
140.1580
158.4434
166.0576
151.5362
128.5008
109.2695
106.4402
110.2352
123.8296
134.4281
130.4798
84.1085
91.1164
116.5251
121.8148
122.8621
125.6758
131.7804
143.1205
150.9451
148.0380
146.5080
151.0331
154.7621
153.6915
161.9451
155.8178
148.1005
101.3734
55.7041
18.4920
-1.4312
2.5091
46.1540
87.0207
98.2788
98.5242
78.2117
79.1115
87.2033
86.4402
70.6602
47.2936
31.3866
22.8253
23.4018
24.9027
7.2725
4.4205
12.6305
-9.3603
-78.4964
-112.2565
-117.0851
-113.5400
-107.4643
-108.8240
-89.6093
-35.0216
12.3804
29.8800
23.8380
28.5365
35.0545
35.4832
36.0934
34.9383
46.3855
56.3370
63.9879
67.4232
61.1468
41.7444
18.2421
10.0456
9.9508
10.0339
12.6050
15.4918
17.2377
14.5185
14.5029
18.0048
16.6630
24.7183
25.2502
21.7026
17.6014
13.0720
9.2232
8.5191
11.7210
11.5080
10.7809
10.7710
9.6329
61.1197
128.3678
158.7932
159.1712
158.1026
159.7597
159.7334
160.1432
160.5623
157.7800
146.9355
154.1930
170.9543
180.1139
184.0657
169.7652
153.6175
144.6264
128.9659
137.2192
179.4557
195.6945
178.9009
151.1610
128.3791
113.1996
107.3248
96.9626
86.5833
96.0273
108.0133
72.2368
26.3109
16.7598
25.0990
33.2803
36.9098
19.9281
17.9577
15.7710
13.0207
53.5245
89.1777
102.4205
89.2315
58.0226
34.0315
18.8611
23.1359
73.4664
114.6857
140.4066
144.1661
138.9462
136.9190
134.2568
127.4296
103.1935
57.3602
23.9345
4.1587
-13.6086
35.0472
82.2951
102.4919
109.4409
108.5060
105.7131
96.8841
47.2546
8.8748
-20.3079
-47.1316
-63.4883
-68.2868
-60.0020
-29.9099
39.4517
105.3664
149.5319
162.6857
155.1953
141.9937
129.3044
121.6762
117.4055
128.2985
134.2430
125.1935
117.0011
84.1225
66.7789
65.1426
67.1702
61.3244
42.4555
29.4236
30.6978
35.4185
24.3835
11.8153
12.2248
14.5041
-1.8790
-11.3495
-13.3044
-13.1348
0.0188
14.9111
13.0599
7.1573
4.4331
0.2459
5.0918
12.9360
12.5882
8.4494
5.6904
5.4003
15.1315
26.3442
24.9184
17.5289
13.1187
11.1352
15.8566
20.9812
17.0624
12.6109
11.3645
18.4150
24.2199
24.6131
17.7068
12.6659
13.7194
17.6228
19.4129
15.7789
17.5837
58.0379
82.6356
114.1577
143.4312
156.9379
155.7268
169.3421
194.3136
154.0305
122.2081
105.7746
104.5333
109.2011
122.3026
135.3163
135.4596
119.2841
52.9233
21.3571
6.6384
22.5783
46.8745
60.2874
32.3259
4.0478
-5.3181
-5.7036
26.0858
45.9201
73.0199
84.0872
88.7177
99.9658
109.6376
124.0336
132.7075
139.6041
142.8907
116.9220
107.3507
91.0375
90.6706
113.2213
147.7910
141.6057
142.3276
152.2464
142.7958
135.0000
103.5259
80.2485
46.5653
3.0412
-6.1324
17.0218
91.7839
145.9939
154.3802
143.1811
129.7924
129.0479
135.9494
133.8083
76.4936
57.1258
51.0165
64.1102
69.5174
83.5580
99.1926
107.8894
104.0097
71.4563
42.2729
35.5803
17.7133
8.9447
14.8436
16.5408
9.5086
10.4168
7.9884
6.2564
12.2799
11.5391
8.9078
12.3568
14.7830
14.5555
12.6247
5.6900
3.4082
8.7131
7.8593
4.8337
8.3021
13.9756
16.0171
19.2819
15.8950
13.2081
16.2765
14.8892
12.5440
15.2438
19.7634
40.0546
67.1144
105.2043
115.6230
102.2897
86.1982
71.0183
55.1058
44.0238
36.0661
30.8441
27.2243
20.0491
21.0093
22.6767
30.8864
47.5971
58.8514
72.1352
81.1525
87.6196
97.3904
97.1530
72.7752
40.5884
35.0040
112.0121
150.4496
163.4159
154.0705
137.4251
130.7864
129.5886
137.3495
132.4183
127.2555
124.8171
124.8085
124.6731
123.2709
124.8540
137.1205
143.1120
135.0800
123.5134
114.2272
105.1497
86.4769
67.8718
43.2625
8.2563
-32.0998
-29.8982
25.9473
104.2405
134.9704
122.4511
112.6215
83.2797
31.5280
-16.8116
-46.5664
-15.4865
25.8326
52.4317
66.2944
92.1559
90.5868
87.8803
86.3058
91.6797
108.2710
123.5274
112.6370
118.6225
133.1355
148.9371
149.9034
134.5466
128.2681
150.4009
147.4146
127.5554
102.6831
97.3125
107.3091
112.6660
86.8685
48.4681
20.0562
31.8251
68.7047
91.1461
64.7428
9.8886
-34.6801
-59.9572
-63.7073
-37.7372
6.9221
48.2813
52.4378
54.7312
80.9548
115.3697
121.7996
120.6389
127.7329
131.2157
111.4721
43.4659
-1.9434
-33.5424
-49.7636
-61.7314
-4.3580
59.9718
78.5104
69.8576
78.4253
75.5743
68.3082
70.7670
81.8896
92.2316
98.1090
97.8475
62.8148
25.7953
15.6836
35.4288
25.1488
2.7552
-13.1401
-19.3241
-20.4710
-22.8673
-23.3099
-16.2201
-8.7027
-0.8878
6.0701
12.2568
16.5587
12.0620
-11.1511
22.0431
79.1270
116.6939
134.3506
125.2462
127.7882
144.4027
135.5785
112.0073
115.3207
130.6531
119.8153
127.0256
138.4251
137.6614
129.9809
107.4178
57.9399
17.2067
-19.7535
-37.4888
-50.3201
-41.4846
31.6777
84.6034
110.7288
137.0702
137.5200
120.2211
116.6893
123.1416
111.9514
102.0081
115.6434
139.4045
150.1816
152.4059
143.7536
89.1617
58.9701
81.8349
97.5852
94.0985
103.8855
121.9844
124.6971
117.4897
115.4657
125.3407
115.6719
53.1158
8.7612
-15.3927
-51.9708
-61.0945
-30.2640
12.3083
33.4554
48.6825
61.5903
78.1989
99.1561
103.1077
88.4886
7.8680
-58.9408
-78.4499
-34.8852
34.5096
97.4008
123.5540
140.6995
154.7013
170.7457
173.8886
161.2296
151.8322
141.3834
132.4518
129.5979
105.8918
66.3040
30.1159
16.9047
8.9103
9.6160
11.2930
12.4964
11.5077
9.2298
8.7796
7.1864
7.2823
6.2935
6.3594
9.6168
57.4734
85.4334
102.4269
114.9881
79.7347
13.7526
-25.0785
-47.0292
-70.1919
-52.4497
-15.8114
14.5959
6.9240
-3.0722
-12.2054
-21.1117
-31.6259
37.8571
88.5926
122.3349
137.9087
139.8576
112.8032
81.4607
72.1966
82.2178
112.9867
150.3236
147.1801
130.8890
129.0277
126.8907
109.8799
76.2424
85.9645
125.1882
137.9099
134.6999
125.3933
128.9719
136.1759
150.9376
156.7502
163.2334
159.7568
154.0292
124.9745
69.7713
26.1413
-1.2045
-9.1805
-9.5993
-6.7259
63.8898
126.9463
143.1754
155.9451
169.2556
175.5889
177.9445
173.2025
157.2342
132.0050
114.0029
92.4195
68.2355
48.5541
34.8573
23.0848
15.2760
9.4985
10.1629
13.7390
10.0422
11.1678
13.7636
13.2250
13.9673
20.7460
47.9182
56.8240
66.5574
63.2510
67.5056
82.0801
87.1917
76.4124
35.0944
5.6385
5.6784
25.3455
30.7439
43.9339
59.0788
57.1364
20.9978
-7.3423
-22.9582
-33.7973
-30.1013
16.2619
84.8930
130.3244
151.7018
158.9437
166.6836
170.0753
178.0380
182.2012
175.3108
153.3250
123.2901
81.8965
62.8513
57.8323
45.2966
37.7782
29.5282
29.5845
31.5732
22.5202
14.8537
17.5677
29.7642
32.8445
36.3631
48.0939
52.5520
53.2820
54.3483
53.1095
57.2793
60.9217
62.1042
58.7562
78.6825
155.4928
170.6451
166.9251
160.7811
149.6874
146.3773
162.2245
179.3093
179.8619
170.9732
140.2382
113.3069
113.8918
140.4079
149.2046
149.3708
156.0158
156.5332
142.7063
117.5764
95.5576
79.1566
65.2899
62.3395
68.5694
77.9827
80.1423
74.6504
80.5147
107.6769
106.3632
47.7960
-6.8148
-44.9308
-54.6009
-59.8928
-37.6651
4.5935
39.0057
18.9147
-9.5095
-16.9103
-9.9386
36.9250
87.9675
124.1263
131.6150
131.9518
133.1625
137.7707
138.8051
146.9849
160.6134
164.0177
176.2257
164.4908
146.2470
132.3563
119.6819
115.3981
117.7319
107.4387
92.1518
96.2796
108.4308
118.5693
124.9345
128.7182
126.2327
125.1790
129.2737
132.5344
137.8316
125.0165
68.4888
28.5694
40.7505
86.5393
127.8655
157.5102
162.7422
158.5046
144.3303
119.6875
103.5135
102.2332
121.2244
131.3652
133.0270
135.9813
134.3127
144.7454
144.7244
123.1976
115.8902
101.8381
74.5605
77.8093
72.7511
56.2219
38.9948
26.2646
18.2413
13.7484
20.1164
32.9330
50.5462
57.9106
65.4998
72.3112
74.8580
78.9437
86.9254
96.4213
110.2744
127.5543
140.0286
132.8100
112.1891
70.3689
16.4536
-31.4650
-74.7464
-73.6637
-37.5118
14.1521
43.1747
51.8937
60.6339
108.1350
135.1528
130.3013
98.2416
52.6548
3.4535
-23.8202
-50.1978
-55.8784
-56.9655
-54.6978
-57.2932
-67.2433
-74.1818
-32.9329
30.2954
90.9882
121.3692
121.1888
109.0018
97.9881
91.6855
93.6086
85.2529
73.8559
68.7625
62.2677
55.4706
58.7042
74.3528
99.9455
111.2482
99.5722
99.9772
114.9732
139.4691
133.0124
122.9857
114.3173
112.9445
116.4718
115.5704
115.7283
108.4989
116.4562
149.8396
166.4946
167.0768
154.9100
149.2475
167.0859
157.5670
126.9360
91.9751
61.2020
49.9949
46.2954
46.1118
46.1344
46.9881
49.0106
47.1160
42.6544
38.3348
43.2866
51.2566
66.2969
77.9629
83.6821
78.8668
58.9819
35.5154
17.5597
4.4758
2.3173
2.6343
1.1421
6.8754
10.8860
13.5613
12.8112
16.8486
92.0741
156.8528
193.9589
188.9761
168.6693
153.5074
150.2648
145.3316
161.7275
172.7035
166.9191
154.1053
148.5843
147.6493
149.4250
173.1067
191.4592
187.4017
177.4040
165.0681
165.2331
149.6747
99.2052
56.3130
36.8206
51.3097
77.3147
96.3808
112.8116
105.8000
94.9853
85.1905
84.8720
84.4031
76.6557
80.1902
88.0635
77.5981
65.6817
84.4767
113.1062
133.5919
139.0687
145.7469
139.1680
126.0109
106.6157
83.1028
59.8271
41.2364
23.1863
10.8646
9.9123
5.0350
10.0967
11.8090
8.1803
5.4993
3.6149
3.7964
3.7426
6.2139
9.1910
9.6766
9.4619
7.3585
5.3699
4.7507
38.5510
106.7352
149.4318
170.7823
181.9862
178.9196
163.6114
147.5251
136.6495
144.5252
159.2408
153.3834
148.9658
147.1300
137.0487
106.8435
62.5203
30.2588
30.4938
68.6014
102.1144
114.6133
102.3885
42.4964
-21.4153
-53.2452
-74.1837
-85.8455
-97.2832
-107.5056
-113.9469
-111.4356
-108.5051
-120.0535
-132.9128
-137.6277
-134.6862
-127.9900
-122.8591
-121.9742
-124.1488
-129.7209
-128.6770
-112.4091
-70.1101
0.1075
55.0332
92.8754
87.2709
83.2664
84.3283
84.0766
84.0521
80.0872
76.5272
77.2186
80.0759
81.3436
104.6066
121.4528
128.0634
124.8380
109.2851
111.9942
121.4540
121.6299
103.8207
70.9466
34.1245
16.0608
30.9363
71.9968
90.6075
101.3919
114.6900
120.4515
130.8411
116.7045
87.7195
87.9757
86.2132
90.8582
104.4997
114.3118
129.7064
149.5446
161.4451
164.7422
147.9338
111.6331
94.9599
98.6935
127.9035
132.4606
130.4684
109.4205
73.1686
68.1849
72.4853
93.1933
122.9077
135.7441
107.5398
58.4687
35.4047
90.5912
155.3625
178.5529
179.2275
177.4873
100.0854
34.2128
7.3371
-3.9864
42.6952
103.3318
139.5900
143.2769
134.3073
137.8716
133.8151
116.2468
105.2715
89.4754
76.1474
77.1382
85.6018
69.8920
41.6201
14.5693
-15.1259
-20.8965
-0.4652
9.7110
8.3721
7.9057
9.1133
9.1534
10.1072
8.4302
7.2460
5.6192
7.9568
10.5282
8.2354
8.4714
8.9401
6.4800
-9.4603
-25.3433
-39.0406
-57.7366
-72.5458
-80.0659
-75.8383
-66.0242
-59.8848
-55.6212
-36.6224
-16.5338
-1.7857
7.3154
7.6565
5.6369
8.7372
9.1855
6.8640
5.7308
5.7259
7.5520
12.2133
14.1105
16.2232
15.2330
10.1333
-20.0573
-26.2951
-31.1803
-26.1285
4.2259
85.0950
149.6211
164.7684
164.4416
171.8186
177.1131
176.1826
174.5196
171.6664
161.8048
163.1901
171.1474
170.1332
172.5094
175.9743
175.1359
165.2245
160.2898
145.9579
117.4616
100.2306
84.3453
63.7018
45.8511
30.1918
13.3699
5.3261
7.0580
7.3387
7.4416
6.7354
8.1563
10.6960
8.6118
8.6161
7.1195
9.6402
7.2427
3.3355
4.4063
3.0921
2.3094
8.8958
13.0031
8.6273
4.0320
5.4441
11.3009
-44.4262
-53.9595
14.8692
106.9665
127.1925
144.8556
167.3111
176.3489
159.9389
146.4257
138.9485
125.9834
114.4261
117.9928
122.9227
82.0081
40.3809
18.9211
10.5220
12.1678
74.7999
118.2569
138.0925
130.0976
128.4756
126.6451
126.1917
137.7855
145.4434
123.2539
70.8675
37.6780
27.8727
26.2096
26.1436
35.9161
38.2086
98.1255
142.8671
156.2957
154.2411
140.5853
121.1542
129.0029
137.5614
142.5081
131.3331
88.6772
97.6717
112.4168
117.0889
120.0446
118.6306
117.4325
67.5296
11.7964
-9.2242
-17.1746
3.5448
39.7651
72.2788
88.0777
91.6124
72.1000
23.6199
10.0447
12.7751
-7.2129
-22.5567
-31.9382
-39.8986
-32.3190
29.2570
72.1577
99.4504
91.8738
57.7549
-3.3540
-48.6766
-68.1186
-71.1879
-42.2778
2.4920
36.6712
48.0653
51.4457
52.9907
67.1009
59.1434
64.4054
98.7433
130.2154
148.7759
163.8552
166.1120
169.4203
157.9423
141.0342
132.9969
110.6436
95.3805
97.3211
98.3967
98.1835
111.7400
134.2486
136.7718
120.1884
116.2036
128.5356
133.8463
101.9047
92.2735
142.4055
177.8618
176.9540
160.3644
149.0556
147.2733
126.6978
90.0542
60.3445
33.1247
29.5899
24.0992
-3.9325
-11.0072
-4.3331
1.5496
5.7578
3.5537
5.4142
4.1231
5.4524
6.7708
8.4498
7.8654
5.5285
23.5849
68.7818
125.1595
158.8344
149.0507
95.5977
49.1620
6.1163
-24.8188
-59.3556
-23.3826
28.6772
62.8405
77.6666
77.4010
77.1295
93.9609
129.8831
147.5522
151.2235
163.9848
167.2651
164.2133
159.3294
160.0426
160.8904
168.2550
165.1818
128.3104
76.2101
65.4780
84.6299
93.3435
110.1330
121.5109
119.0045
121.6826
131.0745
139.7505
151.3433
157.3996
156.2529
117.7174
75.8721
62.2821
69.0356
74.9381
70.4550
71.2472
70.5625
66.8545
61.9207
61.1158
64.8883
69.3403
68.7929
71.8736
52.1954
63.2207
112.1102
133.7378
140.7124
156.6634
166.1763
179.9636
180.8934
171.9555
163.5886
148.5673
150.6560
156.0675
153.2659
159.2703
157.3697
164.2712
180.0937
185.0887
168.6952
128.0902
103.3813
99.8396
92.4422
87.4738
87.6862
98.6279
64.2116
22.0613
61.6787
124.9684
161.2158
180.8398
193.7007
186.4307
179.9255
170.8384
177.7413
185.2184
176.2450
165.3118
163.3992
160.9717
165.1728
171.7239
175.9594
167.8031
171.4649
168.5210
159.8176
179.7332
180.8149
155.4105
154.6974
162.2314
147.8074
131.3064
123.4429
131.4294
146.1214
155.8240
153.5125
158.9517
158.4767
164.8486
177.2832
184.7433
180.8974
162.2289
156.9010
153.5212
167.3365
169.5940
174.7359
167.9919
113.8999
63.6866
10.0418
-35.8732
-70.8159
-83.4025
-72.5561
-49.4818
-25.7860
-0.8786
6.2870
9.0417
7.1116
1.5911
3.1669
5.1965
0.4451
51.3829
108.6691
152.2276
162.5819
156.4519
147.1273
143.1839
155.2570
170.8706
175.1279
164.8784
154.5078
147.1636
141.3795
116.4249
66.8099
71.0554
100.9476
113.2126
123.1549
138.2917
161.4150
163.5879
158.0580
157.1463
152.0744
141.7532
127.7030
107.9502
115.8001
151.8035
161.6505
155.4664
152.3517
156.1786
143.3635
125.7748
75.7184
30.9742
14.1148
6.6771
1.2785
6.3364
9.4338
9.6475
7.2854
4.4667
8.9652
11.9262
10.0991
8.8184
6.7792
4.5899
5.1030
11.7219
12.0542
10.3473
9.6823
8.5850
6.3611
7.6032
10.9930
26.8983
127.6058
174.3889
190.4098
177.1226
161.1185
145.7027
105.7035
55.0526
83.9969
115.3516
135.8695
145.5671
157.4245
152.4089
146.1096
144.9427
139.3371
142.3913
152.9662
152.4268
149.2432
135.2664
111.5478
59.2502
21.2691
4.0558
8.8794
8.6105
5.0716
10.0668
14.0468
19.2801
63.9242
72.6009
62.4190
62.3658
60.5211
46.5137
34.9966
12.8361
-0.4449
4.2687
6.3326
7.7770
8.6805
9.8986
9.1547
14.6970
15.1342
10.7125
42.0509
83.9703
98.9991
61.0321
-8.4647
-18.2343
-20.3752

Coefficient 3:
0.0000
26.4651
42.7023
42.3094
37.7276
37.1439
28.5595
18.4989
11.9730
8.4094
7.8701
9.9836
11.8272
11.2873
14.0863
10.2358
6.1716
4.6989
18.2960
29.2937
29.5433
20.0285
8.8224
0.1087
2.3727
3.9323
1.9800
1.0419
-3.3462
-2.4970
17.2227
22.9775
13.2729
8.4650
14.5949
16.7276
-4.5417
-21.3554
-25.1576
-18.4214
-14.3042
-13.9185
-20.9760
-29.5374
-30.9443
-25.6869
-13.2683
0.5528
12.0204
22.2974
25.3087
25.4480
27.7921
28.3052
48.2038
70.2106
80.6142
85.6070
49.4624
33.5680
27.5964
25.5532
6.8164
-7.3035
-6.0706
2.2108
4.1425
3.4603
3.7598
1.3169
-0.2552
5.0727
11.3897
10.1791
14.8216
18.0731
10.7822
-3.5127
-1.2381
-0.5184
-1.5502
1.9303
6.3427
18.4851
28.3182
21.0451
25.0155
30.4363
31.8293
38.6924
54.4458
63.9802
44.2831
36.6603
45.7098
48.3260
42.0533
40.5829
31.6861
22.3310
30.0279
40.3878
69.0563
79.4309
77.8136
95.3503
106.2699
86.3101
56.9308
48.6583
54.3626
57.4730
53.3173
56.8033
58.1763
79.0965
113.5059
116.6442
107.0502
96.0733
79.3063
87.0050
85.3410
68.2759
54.5589
70.1777
64.8708
51.1217
36.9541
34.5644
38.7758
48.8675
64.0166
70.5789
74.8027
74.3679
63.5049
56.6778
53.8335
57.5806
60.1177
64.4757
73.4012
75.0200
66.7849
51.1137
35.1986
16.1996
0.5431
-9.6549
-14.4852
-15.4722
-8.3738
-5.4759
-0.8939
10.1333
17.5769
16.1626
21.3178
21.4767
19.1908
16.3625
12.5900
8.9147
8.2083
11.0194
7.8680
0.1949
-1.2231
0.0507
23.4102
25.3753
22.9768
15.0995
16.2127
20.4061
17.6190
12.5493
10.9363
9.5701
12.5176
6.0069
12.7759
26.1167
40.0777
58.2550
66.0479
73.3715
83.2572
75.3219
76.7989
61.7905
44.3252
33.7768
29.5886
28.1416
26.9367
26.2245
21.8350
29.1941
31.9023
46.7827
13.7252
-19.3012
-40.5780
-46.7057
-45.9054
-29.3020
0.2293
11.6020
12.7538
44.9210
73.0764
83.6175
73.8081
49.3589
30.3608
17.3636
21.2771
61.0341
60.5832
61.8822
69.1294
63.6471
55.5982
59.8208
70.1901
88.4354
96.1973
94.2327
108.7729
104.1131
90.9323
61.3313
49.4506
48.6474
48.6911
49.7578
60.8075
102.8349
130.7205
136.6459
122.8128
80.6650
34.8400
2.2841
-1.5378
25.3866
53.8192
88.5309
99.1154
92.5820
89.9397
84.1635
72.5647
64.3099
27.1503
-9.5551
-25.5689
-12.7853
21.9885
42.1695
41.3086
44.9076
42.1474
31.6766
14.5690
6.0685
2.1469
-1.4779
-2.9895
-0.1106
9.0647
18.4026
30.2173
30.0912
18.0389
10.1871
9.2577
11.8703
19.6240
24.5362
22.2772
26.3162
32.8343
32.0878
26.5579
18.7854
11.9301
10.1118
12.3574
15.0208
13.8018
12.3806
10.7347
15.3202
19.9302
16.1641
12.2024
10.5710
17.3363
23.0883
22.8754
16.7113
11.9611
12.2856
15.9140
18.4384
15.0675
15.6015
31.0153
44.9387
48.4728
58.0230
45.8382
28.6730
25.6505
23.5941
11.9990
8.8691
12.1969
18.4894
10.1597
-0.8252
-5.2011
8.7141
33.0376
71.0591
74.8022
58.5510
64.5225
65.5297
75.4716
90.0294
73.5095
69.1725
74.1964
73.0753
64.0628
72.5767
73.8010
63.0769
59.5107
43.0555
25.7577
6.6602
-7.8818
-13.6549
-13.0040
-17.7560
-16.5449
-10.5278
5.6521
3.7968
-15.9787
-28.2530
-27.3850
-26.3174
-23.2665
15.0625
50.5683
73.6347
71.9756
53.8891
41.3263
32.2038
33.6850
26.6424
21.7720
36.0664
46.7378
50.1762
48.9141
61.1981
52.9111
45.0574
44.1265
50.4790
56.0374
60.3222
66.2591
68.0278
57.6962
50.0554
38.7506
15.8771
7.6440
13.6721
15.5117
9.1788
9.9724
7.6671
6.0668
11.9724
10.6346
5.5110
7.2590
8.4664
10.9432
10.3547
5.1250
2.9300
6.7182
6.0445
4.5605
5.9571
9.2660
9.9435
11.4911
9.0310
6.8466
7.2848
6.9629
9.0850
13.7939
15.1861
3.7164
-5.4150
-8.0052
2.4398
-5.6295
-8.7681
-12.0641
-22.1881
-26.4900
-25.1090
-27.1920
-28.4743
-35.1872
-42.9561
-55.5317
-55.3121
-46.2698
-42.0769
-42.9334
-43.7720
-42.6429
-41.9107
-41.8620
-41.8382
-29.9699
-2.0652
25.7752
39.7183
37.6243
26.6115
21.8461
22.0036
32.4044
35.0417
34.6017
40.7880
40.9167
33.4053
28.6148
23.2600
4.3139
1.2037
4.4770
0.0282
-9.3969
-22.5390
-32.7042
-41.5993
-41.0883
-22.5335
9.1044
39.0879
66.5755
61.9204
29.2275
-0.2874
-6.9836
-1.4033
36.3753
69.8236
75.8596
64.5251
52.2214
32.0614
25.0056
43.3055
15.5989
-4.7859
-34.3208
-52.8253
-43.3707
-28.6806
-43.6267
-41.2331
-29.0543
-14.2405
-10.8216
-10.8250
-2.3189
13.1180
28.2435
33.2997
27.2614
8.1645
-4.1188
-7.9311
-2.9829
19.1090
26.4127
8.6860
12.8464
14.4179
8.7351
17.1099
36.6491
42.5529
35.7876
38.6500
55.9813
57.0801
55.2804
62.2086
36.9093
9.5660
30.8306
37.1482
28.6605
31.9202
42.3973
65.9698
105.0811
110.9473
108.6766
105.2710
95.1753
94.4102
44.8059
-1.6167
-10.6773
-8.9026
5.4906
15.0593
25.3037
31.0628
32.7589
43.5620
56.9750
69.9615
53.1867
38.3576
8.0278
-22.7082
-34.4088
-40.5507
-38.8699
-38.3406
-34.8306
-24.7217
-22.1796
-19.8254
-15.7345
-19.0530
-13.3416
5.0234
6.4449
-13.1138
5.2289
23.2876
38.0916
37.7632
18.1331
5.5237
-2.9863
1.7231
16.2747
29.5555
36.5646
53.0958
39.7903
24.2318
8.3543
15.5255
45.5935
78.5756
85.4766
95.0702
100.9898
103.6234
108.5881
77.0664
37.1949
26.2913
13.2741
-1.1287
-1.7404
-2.0137
-2.8338
4.2180
16.8300
22.4771
24.7773
37.0760
53.9517
66.1606
65.1244
67.6537
79.7476
75.5833
78.4726
75.4156
65.9965
65.2211
66.8738
51.5265
44.1609
52.1435
50.2628
31.9430
25.2840
13.9770
12.1744
28.8236
42.4267
38.8343
32.1307
32.1610
41.3451
49.2857
62.2321
73.3950
116.3785
97.4384
57.1987
54.7458
56.8175
58.4704
65.0872
73.4055
73.8414
69.0017
63.5230
53.7241
52.5095
66.6778
59.2583
37.7375
16.1331
1.9219
6.0579
3.9089
6.9333
9.0980
10.8933
12.0381
11.0890
8.8420
8.3774
6.7966
6.9312
5.9457
6.0448
9.1131
69.2259
100.7349
92.3358
79.4777
71.9613
41.3452
30.9325
43.2163
54.6985
79.0605
88.5205
91.1804
121.4809
128.8649
117.3653
107.3276
101.2591
63.1811
3.3448
-41.3137
-51.8204
-47.7855
-30.9283
-5.6997
12.8744
31.2994
43.9871
47.2409
71.4386
80.8940
69.0981
52.4673
56.0877
53.9098
36.6165
36.5671
25.3944
20.1296
18.1437
22.0765
21.3921
25.7377
21.4428
21.1745
23.5784
34.9547
39.2463
28.0357
11.0445
9.3215
14.0908
26.3482
27.6666
40.4781
35.1599
35.3685
43.6936
60.1182
70.9373
79.0261
75.1570
74.5831
81.2831
82.4410
73.5048
58.4709
44.0059
32.9568
21.9347
15.5767
14.7852
20.3807
25.8158
22.3944
14.8183
10.1993
11.6411
13.3702
19.9835
2.6955
-18.0258
-17.2885
32.9873
76.7649
86.9632
101.8713
124.6111
136.9066
135.7909
126.4010
97.1221
82.5765
102.2998
102.1699
114.5379
131.3042
128.7828
125.9751
115.2550
103.2547
40.1503
10.8927
-5.3953
-27.2664
-33.8606
-20.7915
6.9634
32.8283
56.9235
71.7248
69.2832
62.6081
46.7354
38.1497
36.7346
28.8450
4.8379
0.6760
0.7049
0.0481
7.0777
12.6822
10.6628
9.1966
7.4190
-5.0451
-16.6500
-23.6680
-25.6567
-26.1924
-19.7405
-12.8905
-9.3862
1.5991
23.2313
44.2145
32.9172
42.4718
32.6115
18.3042
7.1895
14.1161
27.2998
39.3964
35.5378
12.2183
13.3891
27.4802
30.6272
15.4456
22.2378
35.0461
49.6240
57.2506
46.4912
11.0094
-21.4414
-36.4693
-28.6906
-11.5241
-10.6520
-10.2339
-18.6315
-23.2709
-23.2108
-27.9409
-13.2025
34.2035
51.7878
46.9820
46.4988
51.4365
74.3553
73.0520
59.6899
57.9417
44.7692
32.4995
31.1155
18.7893
2.0922
-18.6276
-32.8608
-43.4676
-41.1397
-28.9817
-15.4798
-4.1553
16.0682
40.1907
22.9579
-3.3364
-14.2110
-5.9892
-2.0178
-3.7895
-19.5932
-24.4047
-15.6611
-17.0937
-15.1129
-10.6071
-6.3554
10.4808
26.5980
35.4711
40.1689
44.0233
39.4583
33.7464
46.5827
41.7171
29.6954
19.5175
35.2641
41.0469
35.5662
10.9662
-8.4690
-12.6084
-4.0696
9.2472
15.4865
12.4496
10.8304
18.2882
27.1144
29.5484
40.0694
60.4130
79.2384
79.3533
81.2048
82.8792
82.0603
76.1358
78.4561
69.9630
67.4957
64.0564
54.9366
47.7627
34.5195
24.7702
23.2628
24.0180
24.2413
26.0595
26.0514
38.3227
53.5419
53.3481
28.0276
9.8628
14.5397
53.4391
100.9640
115.9912
104.1077
110.3578
115.4853
111.3616
103.1121
80.1400
48.6261
53.2326
43.2790
58.5668
94.6680
127.7452
138.4611
134.9698
121.6770
115.3372
112.6579
110.9035
106.6996
101.8061
102.0127
133.9736
132.8092
85.4866
52.4038
42.2116
43.9954
50.9424
55.3108
60.7323
63.9543
74.3762
79.4770
91.3147
105.3536
110.8988
103.6753
89.6848
81.5937
94.8539
77.1970
41.2124
5.5341
-10.3729
-18.1167
-15.0123
-0.9174
18.7210
38.0495
51.8754
61.9155
63.7476
62.9581
59.2614
61.7335
70.1350
77.8011
52.4691
8.4098
-7.9400
-1.9927
11.6762
20.2285
34.3288
42.3910
47.1392
51.7885
55.9496
64.2236
78.6886
86.9016
89.9754
89.6951
90.9874
86.1307
75.2658
66.1088
46.7817
15.0756
-4.7003
-14.0755
-19.5146
-23.6197
-29.8597
-33.4595
-32.2688
-22.3172
-5.3338
12.3018
31.8019
45.6520
56.6040
63.3940
64.0394
56.4200
47.5199
42.7752
42.8625
48.4617
52.4832
58.0847
61.6975
55.3532
51.7899
69.6109
74.4316
64.2920
59.1615
46.4371
36.1546
50.9277
45.8572
5.1778
2.1192
11.7740
5.8293
-10.8087
-28.4517
-40.7611
-41.5886
-42.8016
-38.1459
-36.1177
-34.8997
-31.4912
-31.4008
-32.4582
-27.5941
-37.6631
-42.2321
-38.3792
-27.4718
-28.8746
-35.2072
-36.9854
-39.8893
-34.6959
-29.6361
-17.1176
-9.3537
4.9862
9.5206
4.8932
9.9046
11.5564
7.8814
5.2953
3.4947
3.6031
3.5511
3.1290
2.1906
2.0331
2.1072
2.4770
1.7765
4.5138
14.5289
28.9310
48.2448
56.3280
59.5085
56.4675
53.2975
54.1133
53.5122
47.0795
50.6388
59.5710
66.5530
66.4908
60.8051
46.5170
36.3367
23.4028
33.5250
72.9602
85.7253
60.5300
41.2680
56.4692
50.8987
52.6885
55.7385
46.6715
35.0513
31.6330
33.4522
25.3346
15.8422
14.1231
26.7051
39.0185
47.1104
55.4484
58.9836
60.1148
58.0537
52.9353
51.0165
59.4772
72.5716
89.7565
103.9148
106.9611
104.6073
75.8111
50.1673
39.7815
49.5321
62.9971
63.3129
59.3048
59.9980
60.4354
54.9757
50.7961
61.7306
73.1258
88.8673
79.2878
64.3072
60.3000
70.0800
95.5979
106.0300
90.8073
70.9054
62.1493
67.5082
69.0143
43.2147
18.9769
18.5509
31.1647
10.9855
11.0658
-5.5672
-25.0530
-27.4354
-24.2458
-16.4000
-10.8118
9.8926
45.3934
74.2650
102.4462
108.1954
94.1108
51.6643
17.9307
6.3253
37.0177
64.9330
67.4646
37.9855
24.6679
39.7376
69.9648
90.2178
81.8911
61.6652
83.0412
112.9671
110.8324
91.7557
50.9600
31.6081
12.7993
-0.0383
2.4727
22.5407
18.5337
-1.0153
-13.7808
-23.6865
-30.8237
-34.9007
-39.1385
-38.6685
-21.0500
-0.7699
10.7902
22.9480
38.1826
43.0657
35.4512
4.5854
-14.2646
-19.0775
5.7270
7.9114
7.4625
8.2305
-1.4700
-6.7377
-7.5653
-5.0804
-2.1117
0.7503
-1.7926
-7.8000
-8.0589
-6.0420
-3.3633
15.2966
27.3420
21.5361
6.2593
-12.5944
-28.0532
-28.6678
-21.2154
-11.6973
-10.5985
-3.4053
11.8406
10.8473
7.0391
7.3590
5.4622
8.4280
8.8782
6.5693
5.4941
5.5493
7.1760
11.5312
13.4387
15.5161
14.6745
15.2386
49.5294
65.3026
73.4054
54.7270
16.1875
53.7604
68.6997
66.3994
68.2674
72.7172
72.0953
67.1053
65.7690
67.7083
67.1856
65.8062
65.2540
63.1664
67.1667
73.9796
81.5279
80.2472
77.8037
74.4510
66.3586
54.9952
42.7106
33.8514
26.6658
19.2366
8.4100
5.1081
6.6051
6.7609
6.8822
6.3223
6.9056
8.6529
7.0574
7.7631
6.6676
8.6013
6.4082
3.2324
4.1412
2.9159
2.1218
8.5338
12.6247
8.4554
3.9099
5.1744
10.6543
25.8986
39.3429
52.1196
35.4887
13.2146
13.8757
23.1660
19.5162
16.5496
36.4109
46.5251
43.5123
41.5010
39.9508
39.6814
65.2803
81.5496
88.3010
92.9778
110.0661
108.5817
93.3545
95.3642
105.1018
113.6260
113.4743
104.7958
87.4141
73.5635
74.8696
87.6948
71.4093
43.0420
34.5138
38.1027
39.5630
31.1906
48.1995
30.7240
35.4686
46.7688
50.8518
48.0926
39.3639
38.3364
45.4390
46.5384
16.1213
13.5279
1.9739
-27.1437
-52.8907
-52.9568
-28.0881
26.7616
47.2466
61.7866
65.4218
73.3360
78.9133
68.8333
58.7668
63.8856
100.6096
130.7235
117.3958
116.7880
136.8213
133.9290
123.3680
113.3831
111.5526
108.5804
80.6177
56.3094
58.6339
73.9021
92.3545
87.8985
74.7359
71.0182
88.7756
96.1214
85.1749
85.4612
101.0323
91.1312
65.9213
49.0775
13.9260
-11.5534
-18.3990
-17.6465
-7.5428
5.6892
-4.4190
-9.6559
-8.3005
-8.9337
-6.3935
13.2281
34.4133
56.2862
85.7102
108.1382
90.2760
47.0515
13.7279
-3.1879
4.5111
20.5325
39.9102
63.6601
84.2239
100.5350
102.1832
92.1284
78.4752
72.4840
82.7560
107.0335
125.5462
120.3878
80.8942
7.7033
-26.6621
-38.8581
-34.1561
-28.7441
-26.6488
-24.0758
-27.7413
-33.9869
-33.4756
-25.4970
-12.6761
-1.5334
5.2826
16.6831
46.1197
67.4917
75.9178
89.0973
115.5109
129.1100
126.9328
119.6509
109.8049
127.9200
92.5572
46.6135
11.6347
12.6339
16.5690
-3.0720
-26.3125
-27.8588
-19.7120
-5.8128
4.1520
11.1731
24.7220
46.4630
55.9809
48.0210
43.8203
45.4774
24.0946
30.1712
25.1070
3.7494
-19.5470
-29.4784
-28.0823
-23.3415
-9.7119
10.2175
28.9983
48.4873
61.3518
92.8045
97.2908
80.6270
69.0331
66.8229
66.7332
69.3119
70.2613
66.8274
69.1633
73.0344
76.9629
77.6336
76.3258
85.0699
115.4206
127.8316
94.5119
57.9073
33.8156
25.6790
9.4414
7.4637
22.3228
45.8924
61.4785
67.0914
59.9851
52.9273
41.0006
39.4951
46.7520
57.5131
68.3421
76.9746
75.8649
53.2621
49.8377
55.5622
35.4075
11.6576
10.9922
16.2859
50.2744
38.7110
35.4652
45.2028
55.2521
49.9421
26.4018
19.9371
32.0877
43.1518
32.2825
-1.3874
-35.5018
-58.6290
-61.7728
-55.1091
-40.3104
-17.3244
-0.2583
8.4351
21.4555
33.2721
51.0668
65.4534
67.7035
58.6552
57.3291
36.6222
17.2686
12.5964
19.4479
17.8415
19.5324
29.4181
47.3020
63.6283
57.3349
53.4611
51.1673
55.7253
64.2446
72.0719
82.8083
77.0175
77.5910
75.2197
75.8135
79.1886
113.0702
134.7937
133.5206
111.0815
63.7384
19.0547
4.4755
5.6861
18.9152
7.5595
6.3440
8.8135
6.9320
1.5461
3.0591
5.0261
15.1688
32.2777
-19.5699
-77.4453
-93.3935
-75.9865
-41.9772
-17.0217
3.6318
20.8955
25.5702
39.3982
61.7578
81.7259
97.9371
82.1249
63.3427
68.9808
70.9848
76.2645
90.6446
79.3456
45.5498
16.2241
-5.2835
-10.7990
5.5178
37.3439
53.3516
65.5003
76.3197
71.5658
69.4565
68.2194
63.6988
50.0373
36.1952
17.3971
-15.3288
-46.5797
-53.6843
-32.5236
-8.5136
-0.5974
4.2261
6.1297
5.3861
4.2951
8.7720
11.6191
9.7097
8.4149
6.5033
4.3760
4.9306
11.3859
11.7994
10.0938
9.2038
8.1080
6.1312
7.3404
10.6331
15.5092
-27.8117
-49.2893
-49.6549
-32.9865
-3.9054
22.8472
45.5063
74.1710
80.1434
63.7717
50.8773
46.8998
33.1047
25.3045
28.5093
33.9256
39.3564
40.7770
37.7848
40.3984
38.8330
35.3299
42.1974
43.6200
37.4530
23.5510
8.2404
6.2434
4.8778
9.7038
13.3014
13.3710
44.9326
43.5423
38.3279
34.0282
32.9207
22.7084
20.8856
14.8982
0.0416
-1.6196
-3.3902
-1.5945
-2.5987
-4.0028
-5.6194
0.3492
5.7775
7.8016
34.5290
63.5344
71.0788
55.3173
18.0116
10.9903
10.7558

Coefficient 4:
0.0000
22.9673
31.8136
27.8727
22.8494
24.1404
20.6199
15.6828
10.6603
9.1613
9.8760
12.5998
12.7875
7.5120
6.8189
-11.8890
-23.8406
-20.4573
6.1329
24.8277
26.6621
14.0772
0.2177
-10.2159
-6.9116
-6.7423
-11.4318
-13.5705
-17.2282
-19.7133
-13.7349
-0.1388
-0.4607
4.8769
20.6882
26.5718
26.1041
26.8347
27.4837
27.0626
27.2632
27.8294
21.2828
16.1812
11.2655
9.4786
8.0788
8.4468
9.7209
16.5697
27.9809
30.0206
31.1919
30.6617
38.4759
47.5393
48.4924
45.6012
21.7639
9.9022
10.8844
14.4856
34.7965
38.6439
37.3241
35.5351
33.4179
31.2443
22.1869
4.2751
1.0277
0.3007
-6.8981
-4.0591
7.6691
3.3979
1.4025
11.9018
18.1711
22.8844
20.0323
23.1958
24.1031
24.9936
28.6819
10.7317
2.7138
-2.8013
-3.1850
-3.1447
9.0795
2.2640
-12.6569
-9.9729
0.5336
-8.9635
-29.3896
-25.2839
-17.0090
-17.5527
-12.5453
-10.6835
-26.6614
-36.7191
-33.7896
-29.0250
-11.5510
-16.9753
-14.1106
-1.9556
13.7824
33.5546
59.4050
67.7508
71.7923
63.9357
45.1078
23.2313
9.0816
6.4923
2.7393
-10.8014
-11.9261
-2.1091
5.1395
4.7207
9.6899
14.9968
16.7273
23.4422
31.3757
48.9891
68.3674
78.3471
97.3272
104.0060
106.1663
114.6630
116.6747
103.6627
87.5440
85.9940
88.5884
77.6484
68.0323
48.7885
26.4151
13.1415
11.0154
14.1192
12.8904
7.3035
6.7843
6.1801
7.9173
14.0158
16.8855
15.3624
16.2929
15.9175
15.4565
14.4636
11.8107
8.4150
7.7038
9.9286
7.5487
-0.2929
-2.0000
3.0519
6.3721
-28.0748
-40.0513
-31.4797
-14.3653
-6.8031
-15.5204
-22.6036
-24.5521
-26.8032
-27.2484
-41.8750
-41.4130
-32.6988
-21.4500
-3.8622
8.1267
18.7940
38.1291
13.7459
-21.1480
-40.4585
-51.1555
-45.2887
-38.7151
-40.0037
-37.7892
-39.1156
-37.2647
-29.7655
-22.9882
-32.9872
-31.1647
-32.1770
-33.4650
-33.7967
-22.1133
2.1682
15.2452
14.7604
12.3184
32.3187
49.6917
56.9614
51.6115
36.6131
24.7738
15.0419
18.3876
42.6998
21.8608
-3.9542
-10.3957
-16.2815
-14.6143
-2.9078
4.3765
-13.8865
-32.4626
-33.1549
-26.9260
-15.3608
-12.6590
-12.6871
-7.6293
6.2796
32.6618
55.3624
67.1339
45.1132
33.6817
21.3770
7.6416
-10.8603
-15.0901
-11.5955
-3.5057
-1.9178
-9.8907
-7.2211
-0.9619
9.3198
19.4303
21.0705
18.0768
13.2762
9.7000
21.8789
29.7844
27.7001
36.7541
38.1792
27.7531
25.0093
33.5705
33.7645
16.5171
5.0506
2.6583
-1.7826
-7.7937
-6.4916
-3.1085
-9.4857
-21.2185
-38.2935
-51.1889
-56.5928
-51.0205
-36.3347
-21.7173
-11.0791
-1.8837
4.1780
-8.7385
-22.1487
-25.8832
-26.2165
-23.2733
-15.0752
-1.2148
8.2643
11.1720
11.2439
10.0954
14.4562
18.2801
14.8548
11.5506
9.3527
15.6646
21.3219
20.5695
15.3060
10.8714
10.1412
13.3537
16.9212
14.0895
13.0607
11.1904
11.7125
10.3804
10.3072
13.8798
3.3334
-10.9635
-29.9223
-14.0224
1.9604
17.5878
17.4779
10.9826
13.7733
19.3421
19.0019
12.5795
-0.7721
12.9663
28.6868
53.8273
71.6491
71.6811
51.4714
39.7193
40.1375
37.3441
28.8676
30.1679
32.8625
27.4985
20.3570
30.3326
7.8657
-33.5674
-49.5534
-56.4173
-56.0524
-47.2130
-51.2831
-48.1021
-44.6371
-36.8558
-28.5809
-29.4146
-31.2064
-22.5767
-7.7261
-5.0731
-38.6763
-52.1291
-42.3851
-25.1418
-20.4669
-19.7334
-53.2483
-70.1580
-57.1468
-41.1125
-29.1047
-10.2109
16.9117
22.6495
7.1367
12.3249
16.0684
22.7545
29.7860
27.7443
22.3648
25.6318
32.3837
43.1765
47.7935
36.0548
37.4563
50.9761
36.9859
13.8125
8.6502
9.2619
7.1498
5.7582
11.4715
9.5948
2.1154
2.2625
2.5563
7.1254
7.8971
4.4698
3.4015
7.8475
6.8000
4.3954
3.7339
6.6837
8.5095
7.3282
3.5482
0.9697
-0.9640
-0.4678
5.4459
12.0366
15.2732
-0.7210
-13.5850
-42.0943
-53.2354
-54.5917
-49.9915
-48.3617
-51.7231
-53.1514
-49.5563
-55.7376
-64.5570
-66.0098
-63.9150
-68.4112
-69.0634
-68.5184
-69.8512
-75.1175
-82.4655
-80.0487
-77.4441
-74.2769
-67.8370
-46.3353
-15.7008
-39.9376
-65.1577
-81.7436
-87.0808
-76.7794
-62.3878
-57.0725
-59.0753
-55.3837
-51.2487
-55.8037
-52.8823
-48.2048
-42.9391
-40.4147
-50.6688
-50.7525
-43.7136
-36.8514
-35.2743
-40.1989
-50.5559
-52.5992
-56.0242
-53.0881
-43.9746
-14.5040
-22.2844
-31.1816
-13.6348
0.9288
8.7985
-10.4762
-25.8236
-20.5533
-7.2300
-1.3539
8.6625
24.9251
34.7071
17.8737
7.5296
-20.3766
-31.2667
-27.8685
-17.7197
-0.3933
-3.9914
-8.4563
-6.1042
-19.2878
-32.3766
-26.2209
-45.4460
-74.2906
-87.7599
-81.0133
-64.3316
-63.3201
-68.0537
-63.2602
-60.9677
-53.3804
-55.4820
-41.9151
-35.0513
-23.0537
-20.9028
-19.5425
-8.9480
-3.6824
4.3424
35.3700
47.3633
56.0342
55.6289
21.7124
-28.5366
-36.3921
-30.3754
-22.6487
-6.5613
12.3968
24.0755
2.5306
-16.1762
-27.6687
-29.4088
-21.5022
-12.7195
-26.9823
-9.1820
8.9937
20.7299
29.7101
29.3174
32.5383
38.5578
53.2700
69.4094
63.5315
37.9494
18.7136
11.2157
11.0188
-2.0385
-14.5800
-15.0641
-9.5227
-6.6614
-0.3409
8.1856
10.4673
13.5598
18.5571
16.3385
5.3491
3.8486
5.0683
-6.4817
-3.1883
-14.9615
-27.8124
-52.4294
-57.6965
-35.2349
-12.8492
11.7604
25.0516
40.6531
46.4332
37.3101
0.7468
-18.0403
-27.8054
-33.4179
-50.0947
-73.3357
-72.2709
-52.4813
-31.3794
-13.4529
-6.0728
-41.7700
-51.8258
-49.4578
-47.2832
-41.7714
-32.0081
-20.6485
-9.2461
-5.0364
0.8737
6.5348
9.1271
5.3944
5.9686
10.9349
8.6802
10.4486
25.9788
54.2852
65.4135
60.2557
48.1140
39.5262
28.2837
6.1058
-9.9332
-18.2801
-12.2655
-1.5023
11.6122
26.5294
45.6316
62.7067
76.8652
77.0528
56.5913
39.0732
30.4933
24.2530
27.2807
43.5846
33.5792
39.5769
23.3081
10.7042
-10.2848
-15.7493
-18.1620
-18.3419
-15.3210
-17.0160
-22.8950
-24.2454
-29.1502
-32.6174
-21.2645
0.4777
22.4720
27.5259
33.0724
23.0887
7.9997
8.2777
10.2530
11.2999
10.4129
8.2220
7.7408
6.1791
6.3719
5.4567
5.6063
8.3088
32.7472
52.2705
73.7048
86.3204
66.6824
53.7601
37.3533
36.7776
44.4488
61.3189
69.1039
72.8207
60.7520
40.5344
11.5200
-9.0269
-16.6336
-57.7548
-55.9348
-36.8877
-21.6795
-15.6475
-20.2436
-12.3220
-0.6104
9.8435
16.0874
18.6390
8.7892
-19.0273
-31.4030
-15.6023
13.7234
26.3015
-26.3660
-60.2242
-69.1614
-70.8758
-64.0480
-58.8997
-60.1501
-58.2749
-60.1766
-63.5067
-55.5010
-38.3366
-14.4649
-0.2453
3.4417
-18.6165
-20.9150
-8.3781
-7.9940
-6.2053
-12.3412
-13.7183
-17.5935
-21.7389
-16.6817
-8.3025
-5.1598
8.5650
30.6476
44.3793
48.4174
44.4931
37.0901
29.9368
20.1042
13.9089
9.6281
10.6544
9.1940
4.7350
3.8173
5.5892
10.2160
12.4072
18.7489
12.0942
2.2650
-3.7045
-5.4459
20.6591
41.1700
39.2192
26.6791
6.4874
-2.6606
1.2572
17.3305
17.3034
42.8817
68.7877
65.5869
49.6358
40.5334
29.9234
14.4769
-0.7490
8.1683
-19.0996
-43.5543
-42.5832
-39.3127
-37.7299
-44.5829
-45.2913
-28.6559
-9.4777
2.3772
10.2157
21.5000
22.7909
30.1676
27.1716
10.7089
-7.8041
-8.7012
0.4625
9.7163
13.6098
18.5779
28.2827
35.0853
33.1093
32.0109
29.2028
26.8104
26.7712
26.3819
23.9431
16.3226
14.6426
21.1404
21.9147
-38.0204
-63.4960
-63.7927
-60.1388
-52.2672
-32.0912
-14.7336
0.6115
15.6310
37.6779
52.6841
60.4928
61.1225
34.4964
4.0882
-14.2241
-27.6190
-63.0763
-83.6784
-75.9981
-58.3466
-38.6269
-15.8432
6.4629
19.2178
26.8617
7.0112
-15.4278
-20.4741
-9.8661
-0.5340
-3.3789
8.7240
14.5409
11.2385
11.2795
41.7843
53.8719
56.7509
52.1828
45.3614
33.9112
9.5722
-41.0968
-65.1231
-76.3662
-74.6943
-71.6232
-69.1989
-64.0352
-57.2945
-49.4358
-39.5340
-32.5177
-66.5053
-76.7691
-80.2558
-85.5280
-85.4328
-84.8436
-87.4748
-79.2275
-75.1128
-86.5917
-94.9458
-98.0081
-98.9996
-90.9794
-79.6972
-75.8763
-75.5825
-71.0705
-51.4851
-27.2413
-31.6063
-59.1779
-59.0155
-58.6845
-64.6721
-55.6408
-29.2295
-36.5467
-54.5707
-57.2653
-48.4227
-32.4435
-22.6661
-16.6624
-11.0845
-1.3407
2.1886
8.9179
32.3512
45.4982
46.3523
74.5400
88.6411
78.0526
61.7104
53.7443
53.0647
62.8486
65.9355
66.8225
67.5618
64.1745
51.3024
40.8513
33.4195
25.1712
23.9797
21.4642
10.7356
10.6453
14.4428
18.7791
13.1612
12.7881
12.2135
5.5670
8.0922
17.3913
25.0623
49.0299
70.3718
82.7588
74.6553
51.1896
36.7074
24.7625
10.2830
3.8001
-2.2556
-3.8900
-13.7886
-21.5065
-30.7803
-33.8933
-32.6420
-32.4379
-37.1677
-44.1007
-46.6749
-27.3991
-8.3826
2.4746
13.9581
22.5727
29.6653
33.3971
38.7150
50.4576
63.3618
74.9913
81.8275
76.5865
68.6006
66.6722
65.7892
64.0685
52.7154
43.6590
34.4773
29.1884
29.4698
28.2701
25.0084
19.6345
31.3081
54.5482
64.4701
58.3346
35.6721
-4.5486
-35.7660
-42.4900
-22.8362
5.1547
12.2945
-16.9435
-9.9437
9.8386
24.2957
40.6196
45.6080
42.1571
34.0529
29.3471
26.9758
29.5156
41.3915
55.6286
65.0160
72.3783
79.0156
85.5016
84.5276
70.4560
48.7471
31.5797
16.5555
11.4931
6.0636
4.7844
3.0901
-2.5577
-10.1523
-11.1185
-11.9074
-4.4094
7.9711
-17.7870
-39.2992
-49.0282
-60.1431
-64.7646
-73.8166
-85.1852
-83.5793
-83.8357
-73.1194
-64.2411
-59.5806
-52.8327
-48.4401
-34.7751
-26.7551
-35.8685
-41.2730
-28.1151
-13.2584
1.7613
17.6940
47.6322
46.7550
34.9738
47.6656
50.2663
38.8997
15.0199
1.6032
0.7266
-2.7135
-3.9575
-1.7903
-0.0662
4.9178
1.6118
1.2025
0.1328
-18.9015
-23.4665
-12.7468
-8.5365
-26.9189
-34.2894
-30.5320
-33.1682
-30.8403
-22.3831
-13.3206
-8.3616
6.1674
8.8885
4.6611
9.5899
11.1441
7.3990
4.9650
3.2992
3.2953
3.2459
3.4430
0.9543
1.0923
0.2590
-0.5147
-0.4475
4.1469
0.4953
-26.2489
-41.9020
-46.5042
-52.6185
-57.1332
-51.7773
-45.2604
-45.7923
-62.4989
-63.9307
-58.5268
-56.3017
-41.9637
-23.2827
-3.4039
-2.1583
-1.5536
16.0448
43.8976
72.4479
99.0594
104.5151
82.4276
71.3279
58.7893
42.8680
35.9710
24.0054
16.9964
11.9010
2.8872
-3.1188
-0.1884
18.3323
30.3608
41.2008
51.9222
55.9416
54.2200
48.5193
47.6668
48.4960
45.5094
52.7047
57.7176
59.0216
61.3883
54.7199
62.3971
87.5871
99.3820
101.4892
103.9526
105.8167
111.6621
108.3204
101.0924
90.4767
78.3442
69.1862
57.4910
43.7331
54.4580
76.0821
86.8414
84.3517
60.3481
39.4830
25.4912
26.9614
41.4355
54.4331
61.0527
31.3049
27.7343
39.3439
48.8636
41.9044
37.5486
42.8497
25.9697
4.0572
-11.1241
-10.6612
2.0154
-6.4065
-31.4798
-50.3973
-53.4259
-22.8799
8.5857
15.0798
41.2474
61.4089
54.0707
36.8420
25.2473
40.3546
24.0251
7.8616
-1.0237
-1.3899
6.2977
3.0461
-0.7699
-5.3990
-17.9291
-35.9237
-34.5178
-14.7636
-8.2859
-15.3085
-18.1002
-43.6269
-62.1286
-58.4781
-56.3040
-52.2482
-53.7821
-56.1437
-45.7719
-35.7640
-24.3766
-8.0356
6.0121
21.0847
14.2903
16.7784
22.7366
19.9867
12.1067
9.6988
10.5270
7.1941
6.7691
7.6545
6.8421
6.3188
4.7355
3.8635
3.0873
4.3723
3.7703
-0.2463
0.3323
1.5562
1.7616
-2.7573
-6.3673
-9.3953
-7.0340
-10.0855
-16.8526
-19.8729
-12.9694
-4.6932
-3.9184
-4.9952
-2.5208
1.0226
6.6002
6.8788
5.1775
7.9279
8.3810
6.0963
5.1149
5.2642
6.5728
10.4405
12.3653
14.3780
13.7737
9.8672
-2.1171
-1.5202
-0.1559
-0.0467
6.7257
10.7047
-14.5294
-23.7129
-38.4526
-46.7262
-39.9793
-41.0645
-38.9245
-39.6859
-40.1060
-43.0142
-42.7929
-36.4525
-30.5208
-30.9954
-21.4041
-11.9126
-3.1616
8.8789
17.4550
22.0971
19.3189
18.8446
18.0498
12.2452
5.7820
4.7752
5.8944
5.8577
6.0052
5.6851
5.1287
5.7462
4.8178
6.4683
5.9512
7.0250
5.1465
3.0644
3.7181
2.6357
2.0860
7.9608
12.0118
8.1756
3.7122
4.7504
9.6650
25.8775
43.5137
39.0184
33.1660
23.4429
24.9219
24.4319
-4.7153
-22.7853
-36.7795
-47.6644
-45.5446
-36.4885
-28.2373
-30.1983
-41.2272
-45.6106
-44.4839
-43.8793
-22.9571
-24.7160
-33.4990
-33.9125
-21.1990
-16.9516
-14.4714
-15.7727
-25.1615
-26.1054
-32.4025
-32.1329
-6.7342
12.3718
36.9084
47.8726
46.0104
34.5164
24.9916
10.9295
23.2991
27.9267
26.3845
12.7138
3.8497
5.4007
16.3111
21.6238
9.4534
-0.2336
-8.0113
-21.9399
-25.8287
-30.8910
-36.1044
-37.9442
-26.8260
-16.6030
-8.5863
5.1722
17.8159
30.1368
29.4461
19.7408
12.8811
33.9860
51.3391
50.0437
35.6580
28.2491
21.8844
13.4698
-0.1137
-14.9455
-21.7989
-16.4829
-10.1760
-7.2778
7.8215
22.4930
28.3223
35.9695
52.2191
62.2266
63.5727
60.7190
63.5861
82.1396
91.8548
92.0158
60.3583
17.2976
-9.9498
-15.9614
-3.7629
-2.5898
-23.9760
-31.5590
-13.8650
-1.5034
3.9724
11.5045
20.1638
12.3769
3.8692
11.4423
5.3505
5.9468
0.4872
-5.7151
-3.8218
0.4702
-6.8260
-11.3920
3.1217
17.3467
7.9778
0.1815
-1.4878
2.1253
-11.8831
-34.9934
-36.7456
-25.9680
-18.1757
-17.7984
-22.0573
-21.6294
-16.9058
-11.1840
-1.3588
6.3461
3.9976
-3.3533
-7.2647
-5.2293
-4.1744
1.3303
5.6502
7.4176
19.3032
12.0873
3.7886
-3.9928
-10.6933
-9.8467
-2.5900
2.0877
-6.1599
13.8977
11.1768
14.4575
26.9259
38.3723
45.0551
31.8073
12.8877
3.9554
6.6177
11.7136
7.2451
-10.2684
-25.5271
-29.4717
-22.3199
-16.5009
-5.2849
9.5206
32.7528
38.0484
34.7177
38.5602
27.9966
21.8011
11.9826
-4.6813
-14.9800
-1.3170
13.5607
19.8066
16.0335
17.0548
40.2787
49.0000
55.4932
62.0357
61.5788
63.2743
78.2191
84.9802
80.6462
84.2813
88.1860
86.1855
82.5980
63.9336
35.3068
1.2762
-46.5903
-40.7373
-20.3400
0.7503
2.3829
-6.0623
-11.9036
0.5082
16.3144
18.2457
10.4000
-7.0005
-15.7775
-16.3067
-15.3287
-16.0658
-19.4052
-12.2491
-1.7145
4.8093
12.9597
29.6817
56.6933
82.9578
97.2559
92.1256
55.0921
28.6360
3.4412
-17.1626
-36.6805
-41.0233
-38.5073
-39.0833
-32.2316
-23.6407
-23.5126
-28.5245
-26.5545
-18.1727
-19.7524
-19.4215
-21.2011
-28.0107
-37.1741
-39.8005
-34.6866
-27.8886
-17.2102
-17.8914
-27.9802
-42.3241
-33.0543
-4.5792
12.1568
15.6345
12.1183
-6.5367
-16.9363
-16.0255
-12.3337
-8.4450
-14.7807
-19.1102
-15.6262
-7.0242
-4.9740
2.2204
7.9189
-1.6589
-19.5183
-33.5635
-32.5268
-18.1354
-28.4001
-32.0927
-24.8457
-25.2599
-20.7422
-11.1180
-6.7770
-5.8925
-2.7469
1.2629
5.8076
8.4421
6.6415
1.4749
2.8847
4.7485
2.3344
-17.8973
-33.7528
-15.8830
-9.8914
-4.3564
3.1266
8.8629
12.5003
8.8499
-14.6493
-18.6511
-12.8278
1.9687
24.6023
31.0013
21.6740
40.2261
70.9040
81.2788
74.2017
42.6846
-7.6761
-31.2179
-28.9223
-28.3780
-30.8456
-21.0074
3.1175
32.4023
35.5475
-0.1214
-29.1283
-38.2569
-36.9150
-30.2615
-16.7500
-4.9012
15.3110
17.2740
16.8329
14.1457
16.2927
14.3757
14.8208
12.6371
8.3152
4.0177
8.4573
11.1184
9.0797
7.7664
6.0578
4.0325
4.6525
10.8465
11.3869
9.6825
8.4416
7.3547
5.7692
6.9162
10.0581
10.0147
-34.3840
-39.9006
-37.6558
-36.2770
-31.2153
-32.9195
-46.9407
-59.3480
-65.6392
-59.4013
-47.3026
-38.6725
-45.8477
-56.7410
-55.7010
-49.4356
-44.3583
-29.6768
-19.7067
-18.2209
-12.1735
-2.2890
-0.1342
-3.9445
-6.4241
-10.9196
-3.7833
3.6039
4.5865
9.1160
12.2332
7.2478
1.6871
-14.0325
0.6155
11.5566
16.1782
18.5689
28.0742
35.3983
28.3570
21.2975
24.1889
27.6025
23.6629
16.8020
11.9720
18.5643
16.1064
8.1496
23.3436
38.9975
41.0074
29.7790
8.6128
8.5118
12.4118

Coefficient 5:
0.0000
18.8496
21.0775
13.9123
8.8077
10.6550
11.9196
12.2444
9.0036
10.1927
12.4648
15.8592
14.5563
7.0407
5.4230
-4.7312
-8.7780
-10.1610
4.7255
21.4532
21.7255
10.5368
2.5392
-3.3705
-0.6924
-2.0024
-2.6303
-3.5843
-6.0513
-6.1623
3.5266
10.1091
8.7503
10.5412
10.7621
20.7627
32.7297
32.2601
29.5196
28.8271
30.7599
34.3098
46.9479
51.5249
46.7295
42.9235
35.1246
29.0210
24.0161
23.1771
30.4269
27.9254
28.8685
31.7385
31.0013
32.9085
26.8436
16.4615
29.1661
32.0601
24.1933
15.6173
13.8300
10.8387
0.6142
-4.3651
-3.4016
1.1641
0.8214
0.1333
4.9099
10.2013
17.6452
16.5541
6.4202
6.3219
4.2053
-3.6762
-3.4272
0.1287
3.8641
7.7642
3.8427
-2.0789
0.2146
25.8648
28.1601
14.0901
3.6554
-5.4764
-8.4043
13.4943
9.6790
4.6563
6.1965
24.5911
36.6376
37.7286
33.5334
23.1229
9.1116
-1.4743
9.9340
31.2058
37.5434
43.9788
65.3860
55.2999
32.3692
26.1565
31.6155
42.2667
46.6031
43.5415
47.6186
60.7632
69.6665
64.6396
56.9863
49.4036
35.6217
29.0225
28.9169
27.6692
10.6123
-9.3756
4.9210
21.0371
25.6803
28.4967
28.9276
32.0447
34.9889
26.3336
9.5266
-10.6938
-16.6056
-19.7915
-19.5251
-20.4252
-18.9748
-18.5580
-14.9838
-13.1746
-5.7152
9.7347
14.2666
9.5156
17.7431
27.5966
30.2664
26.2062
22.4055
21.0262
17.9287
16.6734
15.9609
14.3099
10.4743
9.5139
11.0851
12.1241
10.7684
7.7448
7.0249
8.5530
7.2817
4.1171
3.7906
9.2462
5.0751
8.3118
9.5121
9.1039
8.9773
3.2036
1.1371
-7.5760
-14.9134
-19.0893
-21.1167
-20.9838
-23.4845
-20.0811
-16.2489
-6.9751
-2.6736
-0.0854
8.8333
3.7916
-27.0308
-56.0628
-72.0785
-69.0187
-59.3391
-50.8290
-39.6804
-27.7183
-20.3942
-14.1479
-11.4580
4.9692
21.1227
13.0625
3.4205
6.1822
13.0029
26.6214
26.5706
17.4134
11.7281
17.9085
23.3442
27.6753
26.7824
21.9331
17.9764
12.1338
14.7529
21.5144
27.5932
23.7609
19.5333
14.0383
5.6504
-1.3307
-14.4279
-6.1512
20.9497
32.9901
47.6285
63.4932
54.3004
30.9140
17.8515
18.0394
29.2488
32.3701
29.7580
51.5525
65.5983
60.7383
54.3167
70.4461
67.1417
52.9043
52.9425
35.7048
-0.2333
-24.8398
-36.2382
-43.4762
-40.9484
-36.9322
-37.0982
-23.9043
18.8566
41.1382
43.6723
42.1415
35.4339
23.7019
20.1163
24.0127
30.0649
33.7346
20.3047
11.8557
10.9015
12.0996
12.4609
6.6546
2.5858
5.4431
6.4698
5.6699
11.3307
10.8257
12.3568
11.7044
11.4991
12.6608
14.3144
17.8194
20.5830
22.6699
19.8573
16.5567
11.5500
8.0500
9.5032
11.0931
10.8092
9.8112
9.2566
13.3076
16.1699
13.3359
10.6959
7.8491
13.5712
19.0847
18.2918
13.7603
9.5108
7.6079
10.3189
15.0053
12.9948
10.7533
21.0939
16.5367
1.2121
-9.9570
5.9955
13.0377
10.5905
10.9834
16.6823
17.3960
25.3637
23.7673
18.0098
14.3372
10.7553
14.1202
22.2155
33.4757
31.7372
32.6241
42.4985
34.9759
36.9018
48.0458
48.5668
47.1779
42.1038
27.8753
25.3015
21.4882
21.1261
18.0066
9.2328
34.8070
26.4239
9.2819
-3.3638
-13.5850
-12.2516
-19.5403
-21.0414
-24.8793
-27.7281
-15.4687
-10.6991
-9.6376
-4.3819
-4.5089
-8.3708
8.7879
28.2027
32.8200
32.6945
31.0718
24.3805
3.4379
-18.4307
-16.0335
-7.0117
-7.6755
-10.3973
9.4384
22.0145
55.4407
56.2046
47.4083
30.3493
13.7072
9.8846
1.9202
3.5428
11.6048
20.7351
18.6773
18.3700
8.8285
3.5669
7.9162
11.0939
7.9520
8.3281
6.4624
5.3415
10.7942
8.8293
0.6467
0.2244
0.5731
4.9773
6.3976
3.9785
3.4942
7.6516
6.4133
4.0606
2.7628
5.5905
5.9637
2.7987
-0.0485
-0.8236
-3.3649
-2.9775
3.3324
10.5203
15.8585
15.2295
1.4158
-0.7925
10.4610
19.0802
25.1868
28.7097
28.2641
26.7888
24.9066
30.8683
27.7515
22.7204
28.6726
30.7412
35.2035
40.7411
37.7356
32.6792
22.6097
13.5355
14.7097
2.4928
-5.7682
-1.5796
4.1038
-45.6847
-58.7046
-58.8935
-52.0434
-39.9016
-30.4265
-33.0946
-35.5575
-33.4212
-35.9156
-34.7909
-33.9851
-32.7719
-25.7858
-19.8032
-12.9482
-1.6773
9.9578
13.8211
16.6918
11.9383
0.5511
-6.4910
-1.9567
13.2621
29.1144
41.9283
26.4590
8.8751
-11.3100
-15.5193
-10.7862
5.9904
13.6505
18.4777
24.9232
12.8269
2.7564
-0.2872
10.5418
9.7588
-1.7118
-9.0936
-16.5903
-19.6675
-15.9627
-18.2307
-11.7806
-9.9908
-22.0723
-33.3533
-36.4224
-33.3986
-38.0810
-34.8607
-35.4438
-35.1612
-16.2149
-4.6991
-11.5112
-13.9034
-6.1667
9.1760
16.2878
15.5115
4.9020
1.6683
22.8117
26.0418
23.9693
29.4781
30.6542
39.5938
28.9347
15.7251
14.5902
28.3619
41.8391
35.7285
10.1994
-4.3733
0.8098
8.3140
22.3113
49.1863
52.3690
51.1088
53.7759
59.1575
58.8214
37.0385
18.0800
12.1319
5.2034
4.9568
4.1542
-4.3880
-12.7920
-10.6991
-8.9491
5.5861
23.2948
31.0065
30.9721
27.8912
36.9171
36.7699
38.4671
42.4722
40.2469
38.1445
33.8697
23.1718
17.7718
12.4312
11.4809
9.8939
3.3518
4.4371
1.6797
5.0382
-8.7810
-20.8799
-27.6319
-15.4522
-4.1020
-7.4079
-14.5823
-19.0591
-17.6948
-15.5524
-12.9196
8.2010
17.0889
21.7701
19.3423
5.3398
9.2417
22.7086
45.0655
57.1510
55.3760
54.1980
34.5693
19.7475
6.7710
-1.1969
-8.0289
-12.7155
-16.0502
-16.2505
-13.5341
-8.8465
-5.5865
-8.4211
-4.9810
-2.7562
0.3270
23.1966
30.0382
30.3229
5.4600
-13.9135
-17.3588
-12.7561
-2.2321
14.7930
29.2788
25.1957
25.6361
44.1089
51.7728
53.1894
47.2705
47.7100
36.6644
17.2430
15.2605
21.7598
23.9696
27.8188
30.4542
32.7335
39.6803
36.8230
41.1858
43.2660
36.7429
14.6125
-4.8104
-7.4070
-15.6427
-20.1380
-25.0941
-30.5743
-25.5520
-7.9119
9.3606
22.4403
23.5346
25.9738
27.3090
29.4039
19.6184
6.5758
7.2146
9.4089
10.3185
9.5107
7.4068
6.9170
5.3790
5.6411
4.9032
5.1159
7.2538
26.9367
39.5312
41.3658
30.6308
60.3479
60.9863
51.5752
49.2769
49.3656
47.6089
37.3859
24.1319
33.6361
38.1090
33.2517
28.9133
30.7469
23.5903
3.7351
-5.0218
-0.5972
3.4503
3.9510
-6.0457
-14.0409
-12.8051
-11.2586
-16.5841
-7.0547
9.8097
5.5576
-4.4884
-3.9563
1.9835
6.0637
-0.1397
-9.9601
-15.5387
-16.4798
-20.3956
-26.9376
-27.7539
-20.9000
-19.4311
-17.5184
-14.8008
-8.5691
1.0514
9.6221
33.6642
34.6338
32.7072
33.9677
35.3151
23.2800
12.5116
-4.6329
-23.1742
-33.7499
-37.8295
-22.0389
-9.8082
1.9487
13.0979
23.9097
29.0382
28.6768
26.0042
17.7133
13.1087
11.5260
14.8527
18.0145
16.7123
13.2008
9.0283
9.4562
11.1244
17.0942
24.4867
20.8903
16.4354
23.9933
37.5167
39.5938
39.6706
51.3020
68.2334
76.1017
75.3796
63.4201
54.4323
68.6960
52.7794
48.3633
64.4972
65.2159
69.0905
79.3347
77.3561
89.0232
58.4804
27.0036
2.3532
-5.7307
-9.1544
-6.5736
-12.7128
-15.5451
-12.2606
-9.8690
-7.6640
21.1462
32.6897
27.5537
31.1009
49.2141
65.5016
76.9154
78.6449
73.1962
69.1842
69.4601
69.5996
68.0594
66.3101
66.4555
67.4390
62.2315
58.6701
55.8794
53.3245
48.4779
44.7088
35.6886
14.9953
-6.4414
-19.0919
-21.0134
-16.3279
-9.2655
-1.3599
6.9605
8.3133
14.6658
27.4974
18.9909
6.6196
3.7613
5.5964
9.7430
1.8081
-20.3907
-42.5471
-32.9961
-14.5561
-1.7393
-3.6225
-12.4662
-17.3931
-24.4837
-16.8450
-6.9606
-5.8762
-14.9374
-22.4155
-12.6807
12.5156
24.8330
31.8832
30.3685
22.5246
24.3435
14.1773
5.2709
27.3666
42.0897
44.8510
39.4435
9.2746
-9.0842
-10.7296
-1.0646
7.5806
12.1204
15.3541
17.5476
18.6595
13.5468
7.7041
-2.8311
-14.1210
-18.5875
-20.3941
-17.0358
-8.0501
-5.9164
-8.1096
-5.5541
-9.6335
-23.3033
-39.0943
-41.4502
-36.5515
-31.2747
-32.6117
-30.7043
-31.8620
-28.8408
-29.7839
-16.8841
9.4829
20.5485
17.5900
6.3314
8.2920
2.9536
11.5028
29.1586
31.6368
17.2800
6.4837
-0.0214
-3.5562
-3.1149
-0.8723
5.1109
3.2659
4.8713
9.4686
14.2879
21.4985
40.4666
33.9032
10.3474
1.1694
-0.5619
-6.6976
-11.4244
-13.2483
-8.8732
0.2011
9.8824
8.7474
4.2991
4.2120
4.5594
4.2780
-1.8318
1.0196
5.3297
12.4319
14.4840
13.9671
16.8340
22.9536
27.3113
25.7573
14.7618
19.6757
25.1171
24.4895
24.7552
27.0723
26.8017
27.2702
30.3360
32.0970
41.4123
55.4163
60.0455
63.5449
60.0867
55.4222
55.1257
58.8616
57.0095
56.0621
57.4631
53.8262
48.4537
45.9752
42.8845
42.6487
40.0404
38.6194
37.0933
34.1355
20.2890
13.6421
14.7428
10.3737
7.3538
9.3503
7.4398
-0.2776
1.1967
24.7481
46.2327
29.4663
1.6630
-16.0165
-16.5189
-15.9969
-20.9529
-23.6735
-16.4171
-9.1108
0.3955
20.2352
17.0500
5.4554
-6.8856
-12.7408
-17.6327
-17.1989
-4.8012
4.4502
10.0662
6.8447
-2.4887
-19.2198
-32.6333
-36.5930
-34.8565
-33.7234
-34.4223
-38.5186
-33.9541
-25.9632
-16.6668
-6.5238
6.3344
9.3139
12.5677
16.4370
19.7192
24.0783
18.9839
21.8187
31.1393
31.4028
32.4635
29.2139
21.3482
11.1059
5.0801
-29.9022
-51.3624
-55.9362
-53.0385
-44.3433
-30.0766
-19.4338
-13.0935
-15.4801
-18.9031
-19.9288
-17.5731
-16.0246
-27.7806
-47.6684
-57.8977
-48.1528
-24.4024
-11.6655
0.2670
8.2024
14.7986
21.3381
7.9569
-1.2811
-2.7015
-10.8214
-24.4846
-28.9745
-30.0080
-28.7556
-30.2542
-33.0802
-32.7769
-30.7390
-26.2157
-27.5036
-32.8371
-25.7386
-17.6008
-21.7442
-15.4879
-7.3420
-11.5786
-11.9042
-11.0068
-9.4027
2.2392
14.0262
19.7645
15.2576
11.1619
8.0460
4.3451
9.1606
10.5848
6.7554
4.5224
3.0352
2.8925
2.8462
5.7848
5.2972
6.0846
4.3999
0.9312
0.5888
3.6873
3.5665
-22.9945
-30.3656
-27.0325
-29.6686
-28.5979
-24.2777
-20.6937
-27.2583
-35.5987
-35.8993
-29.4767
-24.0726
-20.2318
-15.2427
-12.2605
-7.6228
1.0947
13.6668
24.2371
33.0900
47.7523
56.4682
74.2444
78.5119
67.7365
59.8337
48.7913
39.6138
35.0585
28.1780
23.7676
28.5393
30.6205
30.7281
29.2909
29.7134
31.4094
28.3891
23.6583
14.5799
13.5004
14.9568
11.0251
16.2465
20.5681
17.5373
13.3612
15.9387
22.5911
12.3893
-7.3402
-19.4851
-22.2174
-18.0276
-16.3935
-17.2324
-16.2625
-14.8418
-2.9703
5.8307
11.8734
9.6178
9.4728
9.0814
6.8860
12.1594
28.7224
31.9503
22.4872
19.1005
22.1682
27.3153
32.0130
31.3443
23.6587
20.0035
18.7548
15.9052
-6.2879
-25.7506
-24.5638
-16.0820
-21.2132
-31.1628
-31.9317
-35.3415
-34.0262
-29.5476
-13.4086
-1.9706
-6.4713
-26.0132
-27.6238
-21.3782
-10.3685
9.2023
8.2230
3.4862
0.5972
-10.8270
-5.3992
16.0036
30.9269
40.8036
15.0945
-25.9762
-46.4782
-40.0802
-0.0208
28.9880
30.0198
22.6033
9.6642
-16.1147
-26.9369
-14.8400
-0.3672
4.0620
3.0867
5.2072
0.9270
-14.9853
-24.5445
-25.0932
-25.5308
-28.1232
-4.3483
14.9793
19.1405
20.4624
19.2836
15.5463
5.7376
6.2885
5.8877
7.0695
16.7582
22.5346
21.0247
16.6022
10.9990
11.7686
16.3385
16.7578
17.8530
17.5602
14.5093
16.7999
25.8842
30.4000
30.1488
27.8595
23.1969
20.8047
24.5223
29.5807
31.2475
23.8464
15.8892
7.2655
6.0281
6.2383
4.7921
7.2590
7.7155
5.4703
4.6152
4.8832
5.7757
9.0070
10.9554
12.8668
12.5738
12.0491
31.4457
41.3774
33.7226
23.2528
10.9838
-2.9913
-25.1830
-35.4058
-39.3885
-43.6541
-46.4587
-43.4493
-39.9156
-36.1298
-39.3356
-41.8459
-43.8027
-41.3677
-32.8316
-25.2418
-20.0278
-17.4212
-16.5289
-15.4102
-9.1550
-2.5648
0.0956
10.3621
15.0880
10.5862
6.9534
4.3492
4.9873
4.7117
4.8874
4.8918
3.2083
2.6003
2.3374
4.8983
5.0214
5.1161
3.6283
2.8375
3.1634
2.2702
1.9347
7.2188
11.1903
7.7979
3.4472
4.2072
8.4514
-3.0223
0.1505
-18.4915
-20.2238
-13.6724
-11.1400
-9.5066
-13.9214
-29.7395
-46.4075
-49.5615
-42.9482
-42.5073
-43.0502
-31.1347
-9.7038
-2.0969
0.9974
2.7420
-0.0616
-20.2520
-44.0657
-54.3297
-55.5544
-59.0617
-62.6428
-66.3463
-61.2216
-48.7778
-20.9084
-6.3718
1.1790
3.3945
-2.3391
-4.4782
-6.6336
-1.6511
-19.5118
-19.5398
-9.8405
-0.5124
11.4855
30.1890
24.8518
19.9827
17.3294
13.1758
35.5098
33.4440
16.5286
8.4365
6.5003
7.8662
6.0057
3.1383
3.0289
14.7530
25.8612
31.7926
31.8884
33.6858
28.6226
20.2707
21.0244
20.5854
26.3353
35.1816
46.4899
50.7952
55.3893
59.1471
50.1252
41.1165
28.2094
15.9982
8.8624
19.5333
33.0468
37.0970
37.1351
41.9414
49.9408
43.5603
28.7975
21.1173
22.8177
20.4122
10.0704
10.8836
16.4004
0.3002
-8.9119
-17.6097
-27.4149
-31.5573
-37.8378
-33.3168
-30.9202
-35.6110
-33.6206
-23.6159
-13.3796
-1.8521
0.5316
3.4851
5.0387
-8.4184
-15.4049
-11.5455
-10.0774
-10.2763
-5.7184
5.4096
1.8773
-10.2396
-24.0255
-32.2794
-29.6541
-24.0828
-8.5381
20.9780
31.8966
30.8630
27.0916
30.8698
37.0922
36.1752
34.0636
29.4550
28.9321
30.0062
30.6827
24.6537
23.8044
21.1408
15.8738
10.7202
4.8035
-1.6115
-2.8925
-16.1733
-20.8663
-19.2947
2.4555
18.4894
33.2147
47.2447
57.4604
42.0551
38.7749
29.8237
19.6310
15.1554
11.7116
12.0105
-3.6877
-23.7035
-27.7057
-23.1992
-22.1906
-19.2166
-9.9835
-0.0874
4.2868
13.8968
13.4266
12.3553
29.3929
15.6057
-4.8548
-10.0200
-20.0757
-23.3946
-29.2112
-27.5703
-24.1115
-14.2431
-8.0975
-7.8665
-6.2975
8.4619
0.9724
-8.9976
-16.0993
-19.7910
-22.0683
-21.9206
-19.2027
-19.2024
-18.6009
-21.4535
-21.4656
-18.2761
-8.6120
8.1230
36.4182
47.3125
18.3505
0.6173
0.5761
1.5336
10.9355
9.2742
0.9576
1.0044
2.5797
0.0134
3.5083
2.5650
-14.1825
-38.8084
-50.8504
-53.3080
-61.2754
-61.0264
-42.5825
-8.9473
23.3613
25.6578
20.1903
8.1054
11.2948
15.6557
40.8352
62.1048
35.1647
-8.4055
-32.2003
-36.5714
-38.5078
-36.6479
-35.1980
-31.8821
-17.8568
-5.4825
-6.3094
-12.2997
-17.8966
-21.6183
-30.4111
-32.7735
-32.6763
-27.7978
-18.8585
-14.2009
-18.2107
-34.1096
-42.0073
-40.8342
-32.7765
-15.6992
-6.9430
-5.1049
-1.2318
2.9401
-2.8191
-16.9001
-26.3595
-28.9870
-29.7393
-24.3151
-9.5468
-7.6434
-15.6570
-19.8495
-26.1652
-44.7279
-54.1395
-49.3786
-43.6107
-40.8989
-19.0805
2.4757
20.4538
39.0416
49.9081
48.8930
42.1750
32.6178
18.5572
4.0764
5.1290
7.9407
6.2523
1.3829
2.6513
4.3732
10.3637
3.7585
11.9603
9.4782
4.2733
2.4583
6.9451
14.7760
23.7827
26.3215
17.2192
4.6724
-5.3024
-9.6627
-4.8013
21.9730
47.3764
57.4396
54.2625
44.4678
38.5149
31.1807
15.9781
8.8778
4.2973
2.2747
2.1930
3.6388
10.9915
23.2935
10.7417
-13.9228
-23.9493
-27.4136
-25.9614
-32.3406
-28.4367
-17.0978
22.1520
45.0191
46.0662
28.5240
11.7857
12.5140
13.3865
11.7085
7.4463
3.6467
8.0318
10.4405
8.2364
6.9073
5.4635
3.5782
4.2821
10.1326
10.8339
9.1296
7.4453
6.3837
5.3036
6.3507
9.3029
9.8542
8.4053
7.6587
-2.7998
-5.9455
-9.0540
-10.6448
0.8161
10.2758
-7.9543
-41.6281
-62.6153
-67.8824
-71.1358
-73.2169
-71.2734
-68.3414
-64.0223
-61.2457
-60.4614
-53.0059
-37.1111
-23.1628
-14.3973
-2.2318
4.8089
3.0275
-2.9710
1.9382
4.2318
8.3282
10.9967
3.8842
9.4221
45.1977
42.4571
37.8534
31.1486
23.4560
19.4836
8.7840
2.2421
-3.3584
-7.2893
-5.5012
-4.0087
-6.4403
-9.0563
0.5121
3.6593
4.0305
10.2628
16.6703
18.4535
28.1235
9.2286
4.3346
3.3821

Coefficient 6:
0.0000
14.5652
14.1360
4.8286
-0.9962
-0.4216
4.0858
8.5804
7.1559
5.9476
6.1907
7.6789
5.7755
0.2609
2.5362
9.1080
16.2212
11.5687
11.3763
18.7949
16.8252
12.9839
11.2952
8.9511
6.6447
4.9610
10.3959
11.6409
10.7385
8.6609
-1.6851
-9.8558
3.9829
14.0648
9.6911
10.4568
18.1336
10.3790
0.1493
-0.7419
-0.2821
-2.0617
1.7564
9.3117
13.4692
16.6973
11.7432
7.2081
6.8697
9.4381
7.6983
3.6442
6.7109
10.9126
8.2304
3.8321
4.9548
1.5197
-5.8087
-17.0066
-19.6328
-10.6569
-17.1747
-28.3892
-30.7835
-34.3313
-34.3889
-31.3769
-28.7262
-24.3845
-17.2944
-7.7701
-4.1997
-1.7459
-2.0053
0.0555
4.7942
5.2426
12.0617
9.9595
7.2358
6.1098
2.1486
-3.2794
-2.4134
-0.8254
-0.0955
0.8304
3.6743
10.9567
16.5750
14.8693
8.9195
0.0571
0.1866
18.4048
31.8029
29.6027
17.8117
9.7420
5.0073
2.7312
19.8433
29.7456
26.1382
17.3976
8.2017
14.5410
25.6018
32.2447
25.3359
2.2888
-16.8579
-31.0321
-35.5613
-41.5636
-49.3486
-50.2375
-45.6582
-34.4192
-27.8732
-20.3304
-12.9072
-7.5219
11.1198
15.6992
1.6045
-8.9650
-11.8286
-4.0740
-1.9000
-3.8843
-18.8904
-35.1967
-42.1998
-45.1086
-41.5556
-39.5062
-29.7417
-23.4618
-24.4556
-33.4237
-37.6706
-38.0190
-20.4332
-0.4965
4.0882
5.8229
4.7999
2.8891
2.7713
4.8723
7.8798
9.2809
8.4049
10.8220
14.8414
13.0642
4.7887
3.3107
6.7316
9.5982
9.5081
6.9313
6.1976
7.0142
4.4169
3.6842
4.6386
5.7314
-5.4867
1.7856
1.6092
7.8731
3.7078
-4.0872
-2.1710
-1.8261
-1.5887
3.8508
4.9132
11.9366
9.4304
6.0230
7.5886
0.2866
-4.6297
-5.6114
-6.7401
-3.8473
-16.1580
-10.3223
-2.7152
3.8231
5.9670
7.9753
5.7013
-1.9942
-2.0351
-0.2617
2.2923
-8.1680
-11.3971
-9.1497
-1.4840
7.7573
15.3909
19.2231
14.9107
13.4010
11.0010
4.0375
-1.3973
0.6063
3.4392
7.6418
10.7930
8.9288
10.7222
0.8215
19.2465
25.6036
27.0989
28.5069
30.7946
21.8054
14.2830
26.7499
35.1346
29.8857
19.2790
14.9900
17.9819
31.2371
38.4213
34.6812
13.5855
0.2695
-9.6546
-36.0502
-40.7982
-34.9969
-26.8425
2.0805
16.7931
20.9651
31.2704
21.9002
2.6094
-7.8132
-11.9710
-6.9294
-1.0148
2.5469
3.6667
5.1403
0.8788
-5.1415
-2.9083
0.8853
-8.5285
-7.3845
1.8477
11.7552
21.6113
22.4795
13.5052
7.3509
2.5860
-4.1795
-7.9144
-5.3134
-2.7880
-1.4605
0.9937
4.5254
15.7502
27.2084
27.5855
21.6419
13.6718
11.0200
7.0547
7.4208
15.0868
23.7314
24.6030
22.4882
20.0657
20.0616
21.4322
16.0070
10.9028
8.1878
8.2684
11.9302
13.7695
11.7692
9.6888
6.2255
11.2619
16.5775
16.4497
12.2839
8.0138
5.0524
7.2389
12.8625
11.8243
9.2469
28.1000
30.9452
25.9666
19.2425
24.9260
30.8967
27.8341
24.1567
8.9790
0.7049
1.6511
6.6868
4.2130
-0.2595
-1.3194
0.0563
-1.8743
-5.0460
-7.3969
-6.7203
-4.2442
-12.5989
-29.8602
-36.0875
-20.0763
-8.6106
2.8393
7.8319
5.8609
-14.3936
-39.9642
-42.4177
-36.5747
-20.8896
-24.6318
-21.7409
-21.4399
-20.9801
-16.8676
-9.0551
-12.8410
-18.4936
-29.6712
-41.0501
-48.8536
-47.9300
-47.0802
-47.7301
-37.5155
-11.9884
-12.3423
-15.0875
-21.1388
-21.0293
-22.3644
-11.4618
6.9748
8.2984
7.4829
0.7992
-4.1468
-17.2214
-19.1306
-20.0051
-15.4361
-13.3623
-3.2529
2.7812
2.3259
-2.4471
-2.0808
3.4857
16.2827
18.7423
15.9982
4.5726
0.0534
5.0119
9.0340
7.1219
7.2252
5.6390
4.8314
9.9632
8.5085
1.7928
1.9888
3.1775
5.1913
6.3041
3.7615
2.6208
4.0067
3.1227
3.4463
3.3058
5.3765
4.1636
1.4899
0.5701
2.0742
0.9018
0.2435
3.2334
9.4489
11.9635
14.2938
14.2740
11.7236
16.0210
18.4591
13.7101
13.6075
15.6743
10.7553
11.8330
23.8515
28.1487
18.6187
12.4862
7.0375
4.1303
11.3879
20.2185
23.7158
21.3571
21.3192
28.3446
45.1238
48.8370
39.9385
28.4816
-9.4783
-17.3369
-12.4674
-8.3709
3.1854
8.9556
12.7121
7.0868
-1.7548
-7.6189
-6.9599
-2.7228
0.7076
8.3405
19.9685
22.1164
19.2717
16.8481
13.6028
15.4134
13.8905
16.0789
18.6471
14.5302
4.5616
-9.5651
-17.8277
-31.8817
-40.3553
-51.8139
-51.4785
-46.6548
-35.1705
-25.8484
-23.4098
-23.3731
-45.8133
-56.3467
-56.1510
-53.8170
-46.6448
-45.8413
-43.2598
-60.0878
-72.2614
-68.6097
-59.7251
-55.8353
-48.6935
-35.2037
-21.6787
-19.7416
-12.4706
-0.2147
-7.1216
-15.4240
-18.1989
-17.6904
-17.9756
-22.0795
-22.6253
-12.6324
-15.0371
-11.8806
-12.9307
-8.0921
-7.5952
-19.9700
-27.3662
-25.0653
-21.2462
-25.9943
-34.2634
-49.0224
-53.2374
-47.5906
1.0859
37.2101
30.9235
23.1938
17.7632
14.9934
17.5566
10.0088
-9.1949
-18.5283
-25.4948
-30.7587
-28.4785
-25.4879
-33.1725
-43.8332
-43.4785
-41.4892
-45.5590
-43.8096
-40.7606
-42.3411
-43.8811
-45.9024
-47.0786
-42.6898
-38.4027
-36.1949
-27.4672
-15.4922
-14.6775
-12.3777
-5.2565
-3.0602
-3.2012
-7.9770
-13.4467
-15.5963
-13.2691
-12.5504
-10.1883
-1.9295
2.2810
24.9542
16.1671
0.0193
-8.4231
3.6651
7.9621
-16.9230
-38.9472
-51.1259
-52.3346
-51.5072
-44.8120
-38.4208
-11.5616
-5.0654
-5.1100
-3.4331
6.6319
6.8629
4.3959
-3.2322
-11.6736
-19.6832
-22.0354
-24.6052
-20.8239
-24.7187
-22.8214
-17.3013
-12.0111
-10.3635
-3.1855
-2.2222
-10.4330
-5.6558
1.0499
-4.0552
-8.8226
-8.6482
-22.4728
-40.8898
-49.5704
-51.2509
-42.6553
-30.0690
-21.8361
-14.7629
-4.1753
-2.2141
-5.7869
-9.9502
-9.7895
-10.3963
-17.9911
-31.5421
-31.9452
-38.9848
-51.2947
-51.5714
-34.7626
-21.4791
-5.3253
9.3111
13.2893
4.7710
-9.3103
-7.5137
-4.6284
-8.0841
-7.5062
6.9761
12.2499
13.0725
7.5793
6.8627
8.1798
14.2640
18.0606
10.2740
1.5784
-0.6458
2.4481
6.3073
14.8384
14.6245
4.3185
5.9834
8.4080
9.1419
8.4234
6.4438
5.9647
4.4526
4.7854
4.3202
4.6056
6.0124
-0.6606
-8.6544
-25.6558
-43.6301
-33.8230
-11.8952
-10.4938
-5.6231
-0.8060
-12.9497
-30.4673
-43.8824
-55.6627
-50.2669
-32.6943
-23.9388
-19.3379
-24.8087
-34.0140
-30.5638
-25.1064
-26.7826
-26.8044
-27.5306
-34.5755
-36.3390
-35.9810
-28.7648
-23.3731
-29.7594
-31.7391
-23.6343
-17.3612
-13.2339
11.2866
12.2372
13.5804
15.7529
15.6983
12.6544
10.4357
4.7888
10.8755
15.7353
18.0381
21.9674
21.5955
16.7987
13.0043
14.6433
13.8472
5.1096
11.6836
2.6110
-10.1034
-14.6227
-14.6207
-7.0602
-3.5966
-8.1076
-4.6498
0.6596
-3.7079
-4.1792
5.1835
14.7720
19.7594
21.4206
14.9132
11.4084
9.5583
11.5009
14.8494
13.0684
12.1257
11.2238
8.8692
9.5815
15.0881
23.1949
25.5367
22.8682
20.4116
11.4711
-12.0144
-27.7806
-22.7178
-12.6516
-6.9532
-2.0414
6.4865
-0.0262
-28.2849
-44.7902
-62.2089
-67.6921
-51.7271
-26.8262
-10.7001
1.0442
-11.5197
-18.0599
-2.8815
0.8014
-0.4646
2.6729
7.0164
10.5135
11.4121
10.1768
5.7272
1.0762
-1.1504
-3.9267
6.0319
21.1982
39.6787
44.0866
28.1934
18.9559
20.3622
22.4904
22.0195
16.4056
6.2401
1.0929
6.2495
13.9985
16.7331
16.4577
18.6281
26.2379
35.0997
38.6132
31.3280
11.4994
16.6300
5.3637
1.2549
2.4582
3.2308
-1.1401
-1.7971
-5.0572
-8.8728
-24.3299
-29.1682
-33.1636
-38.1932
-31.0824
-36.9058
-37.8641
-30.3279
-12.9518
1.9938
0.9880
-8.1176
-21.4132
-31.1067
-34.7263
-36.9983
-39.0445
-32.8474
-17.7002
-6.0765
-2.9750
-11.3596
-22.8384
-31.5771
-30.8964
-28.5899
-31.5071
-41.8462
-55.5992
-59.8156
-51.0891
-39.7715
-28.4269
-11.1674
-9.1733
1.7440
-1.7865
-9.7949
-14.1186
-19.1144
-17.3878
-16.1239
-25.8649
-24.9843
-18.8014
-18.9063
-18.7211
-13.0340
-17.3748
-22.9916
-24.9475
-23.7330
-27.0298
-19.6840
-11.1705
-12.2294
-16.8548
-14.0377
-13.7421
-13.8467
-10.0058
-4.9140
2.9930
6.3961
-4.4918
-17.1600
-22.5486
-5.6661
19.2669
12.8723
-7.9916
-23.0891
-26.4663
-32.5634
-31.1789
-38.6037
-40.1622
-29.7246
-18.3812
-16.6918
-20.7400
-14.5380
-3.3646
-8.3296
-19.4946
-13.3407
-32.6617
-58.1568
-78.5573
-89.2355
-87.1407
-78.4252
-82.4790
-80.9309
-75.7693
-72.3907
-72.9001
-68.1608
-58.0315
-41.7932
-28.8129
-17.4609
-13.2651
-10.1871
-12.0339
-10.4271
-7.7953
-35.2071
-47.6162
-39.5226
-28.4111
-25.1777
-30.0973
-40.4516
-39.4482
-43.2526
-42.3691
-27.5040
-5.5406
17.1114
17.3943
19.1495
18.4207
10.1497
-6.0043
-21.4153
-22.5899
-21.7622
-19.8765
-17.6603
-18.3379
-20.4170
-18.9547
-15.2702
-28.0848
-44.0900
-50.5750
-56.5368
-62.6382
-68.5101
-75.7710
-74.0519
-64.7299
-55.8702
-47.0508
-42.4207
-39.1269
-31.7103
-26.3725
-25.5898
-23.8474
-22.9483
-33.9571
-47.4162
-57.8358
-52.2593
-35.9877
-16.8119
-22.0019
-35.7159
-48.4692
-50.0348
-37.1035
-22.1339
-11.7948
6.2569
7.0720
0.4527
-7.8508
-17.5783
-0.1436
-17.0314
-40.9845
-54.4860
-61.5116
-62.3550
-59.6621
-58.5754
-47.1817
-42.4846
-48.3608
-51.8852
-58.2141
-58.1827
-62.7974
-52.3593
-36.6469
-22.5773
-12.6385
-1.7257
4.3159
5.0598
6.3618
13.1309
11.0105
15.3306
20.5458
25.1688
24.1139
23.6259
17.3293
2.9649
-14.5482
-17.4006
-11.0044
-14.3597
-15.8606
-4.8013
4.5434
9.4230
9.3531
8.4743
9.8780
3.0080
-0.8390
-7.9253
-22.9492
-38.6950
-24.1254
-5.4783
-1.1284
2.0933
6.1568
8.4156
-5.5119
-22.7565
-26.4646
-55.0430
-80.0892
-85.3735
-73.2094
-67.0576
-66.8596
-66.9110
-66.2664
-64.9201
-62.8225
-56.6009
-54.7379
-55.4558
-52.0692
-37.7134
-27.9935
-21.2910
-20.3589
-28.2052
-22.3158
-5.9700
18.4467
30.8028
35.4820
31.3732
21.3414
10.4818
7.0319
3.9538
8.6275
9.8957
5.9802
3.9861
2.7115
2.4191
2.3760
5.7474
8.3076
8.9092
8.1095
5.1106
3.6720
3.1789
10.2114
0.6977
-5.5820
-0.7156
-0.4566
-1.2190
3.8368
6.3472
3.1720
1.2499
1.6184
2.5932
4.5616
4.7797
1.3619
-1.0402
-2.6299
2.4721
7.5389
-1.1506
-18.3480
-43.7120
-37.5891
-29.0131
-31.0728
-29.8455
-17.6081
-15.5170
-15.5771
-9.3695
-9.1814
-3.3039
3.8948
4.3670
2.8176
0.0857
-7.7780
-15.2240
-17.9552
-24.8526
-31.4013
-31.8622
-28.0362
-22.5082
-13.9551
-7.9019
-3.6261
-5.1486
-8.2423
-28.2589
-38.8989
-40.3743
-35.4048
-30.0774
-26.0800
-24.2983
-21.2121
-22.4399
-41.0811
-47.2880
-44.4312
-39.7598
-38.4584
-54.5353
-65.8565
-60.1654
-52.0731
-47.8384
-35.5793
-24.9254
-20.9717
-14.5141
-5.5176
-8.1461
-14.5779
-20.8848
-22.0565
-19.7300
-30.0301
-57.7287
-68.8694
-61.3660
-43.4205
-25.6349
-22.8502
-25.5712
-21.8912
-21.8589
-18.2361
-18.5578
-31.7726
-19.5774
-1.5928
-12.1575
-24.0280
-35.0707
-37.4173
-33.9166
-7.0454
6.0715
-1.2493
-19.0036
-34.3753
-37.4722
-32.3572
-53.6220
-53.2776
-54.7463
-34.4771
-23.9506
-18.8230
-10.7567
-8.7879
-12.4175
-14.1251
-5.8578
-14.0770
-20.7878
-19.9274
-24.1798
-28.7324
-25.5946
-28.3766
-35.6737
-37.7641
-38.4293
-35.6047
-32.8068
-33.2986
-35.7519
-27.6569
-19.3149
-7.7418
0.4835
5.2775
4.8943
5.7986
8.2830
9.9780
10.4654
9.1903
6.7069
9.2229
12.7475
12.8337
13.2813
13.6709
12.5577
16.5821
22.2808
21.7301
21.8771
24.0314
29.0669
30.3497
30.7517
31.9728
27.9311
16.8558
7.4955
5.3945
5.3593
5.4664
4.3187
6.4500
6.9100
4.7249
4.0237
4.4235
4.8284
7.3161
9.2918
11.0587
11.1318
9.0826
3.0635
8.7714
22.9682
19.2938
8.8296
-9.5733
-14.3509
-17.7372
-28.1007
-34.7789
-38.1312
-36.1596
-32.9233
-31.8756
-35.8278
-35.8241
-33.0538
-31.6054
-26.8306
-23.6869
-24.9469
-26.4478
-22.3591
-18.4432
-17.1577
-10.8712
-2.3400
10.8486
17.3717
11.7510
8.5444
3.8406
3.9611
3.4262
3.6247
4.0218
1.5431
-0.1274
0.0923
3.2442
3.9434
3.1108
2.0512
2.5593
2.5111
1.8429
1.5594
6.3582
10.1941
7.3353
3.1260
3.5875
7.1524
17.7188
21.4985
-4.6115
-31.2788
-34.9297
-33.4257
-28.6971
-24.4626
-26.5262
-39.5775
-35.1949
-24.2115
-21.0026
-21.5548
-5.8763
-7.0483
-17.8467
-24.7025
-20.0472
-15.9915
-12.0407
-11.2367
-10.3806
-12.3097
-20.4795
-26.1458
-27.7133
-16.5452
-7.4979
-15.3428
-19.2742
-31.9199
-39.0258
-31.8317
-19.0740
-11.8795
-7.6142
-32.4351
-32.8984
-20.7631
-15.5224
-15.3953
-25.2355
-18.4578
-10.0568
-4.3479
-9.1866
-39.0582
-54.7700
-61.1059
-51.1648
-25.5644
-16.5252
-6.5711
-3.9884
-5.9205
0.0421
3.6958
1.8570
-1.4487
-10.6293
-16.9141
-15.9899
-10.2102
-16.4712
-24.6004
-31.6304
-37.7052
-31.9880
-23.0187
-20.2273
-16.6466
-31.0303
-18.6876
-6.7086
11.8606
15.0728
10.3910
-3.9727
-11.4005
-17.7296
-23.7292
-32.9173
-32.6060
-24.0815
-28.5307
-48.6974
-60.6442
-61.0684
-53.3664
-53.4706
-35.6361
-16.6152
-5.1488
9.5039
13.0049
10.2268
6.5892
-4.4992
-20.0309
-35.7865
-48.0200
-51.6808
-50.2479
-42.8136
-42.3704
-30.1945
-20.9831
-3.0095
1.6312
1.3054
-5.9047
-14.0401
-16.0475
-15.8191
-12.4408
2.4240
19.9410
24.8256
18.9957
0.0161
-11.3690
-19.3595
-16.7482
-1.5347
5.2755
9.0315
9.6454
9.8661
10.8881
10.0446
14.2648
16.5106
17.5644
16.3503
16.4529
10.6043
4.1605
-8.0164
-16.8476
-19.2966
-13.7443
7.1129
12.5976
5.2553
-2.5966
-4.5082
-4.5079
-41.3320
-49.6976
-52.2599
-47.8873
-43.2964
-35.2039
-31.5980
-28.7146
-23.2586
-22.1614
-15.1445
-11.2395
-3.7994
-0.3947
-2.8194
-12.4439
-12.4861
-8.7831
-24.4259
-48.8529
-54.7355
-58.7680
-54.7955
-50.3180
-49.8855
-46.6945
-41.8447
-36.7894
-34.9729
-33.4555
-33.4232
-29.9578
-37.5870
-52.0942
-55.8460
-56.2729
-55.1560
-46.1981
-36.0852
-31.3506
-30.6326
-30.5065
-29.0736
-24.2694
-19.7198
-18.8927
-28.0808
-45.5960
-47.4482
-33.5894
-16.9752
-19.1619
-31.8853
-25.9754
-15.6112
-9.8852
-11.6973
-16.8624
-21.7742
-16.5681
-11.9797
-7.1176
-10.7541
-16.8723
-20.5454
-29.8063
-32.0355
-22.0305
-8.5692
-23.5323
-48.0581
-61.4782
-65.2838
-65.8744
-70.9684
-67.3892
-32.2291
-40.6316
-53.2336
-56.1091
-41.0759
-25.8148
-20.0288
-20.4177
-13.8849
-10.2159
-21.1563
-25.6081
-25.5853
-24.5709
-21.6583
-24.6383
-24.0578
-13.3846
-3.9812
-0.1318
0.9872
-1.6592
-18.4971
-16.0007
-0.5317
2.5372
1.1402
3.2790
-1.5730
-1.5464
8.4061
14.3458
6.3765
-9.2764
-16.9868
-4.8035
5.1877
3.5536
-2.8805
-9.9132
-13.7656
-22.9992
-25.5965
-24.1734
-20.9912
-18.0528
-14.0022
-9.5559
-6.8752
-4.4126
5.6509
19.6701
31.2958
30.6906
25.1952
8.9267
3.4897
4.8076
7.3270
5.7808
1.2766
2.3686
3.9127
3.5762
-8.8146
-15.9972
-36.6122
-42.0749
-35.8998
-36.6201
-33.5144
-29.1491
-30.3620
-14.9725
-1.0577
1.9143
-6.7562
-16.0108
-6.4345
1.8332
4.7189
0.3329
-4.3651
-0.7271
17.8009
32.5935
24.7238
13.7408
11.5410
19.0752
26.3062
28.7911
25.8238
3.8324
1.2043
-3.4558
-3.1618
4.6003
6.0015
2.6607
-7.9092
-28.8730
-20.2957
-2.2600
0.6540
-10.5807
-3.5664
1.3210
3.6221
3.0430
3.1982
7.5097
9.6072
7.2162
5.8825
4.7479
3.0377
3.8369
9.2820
10.1635
8.4562
6.2784
5.2685
4.7687
5.6699
8.4121
5.6629
11.1797
1.2093
-7.6291
-11.8314
-12.1820
-9.8152
-7.2194
-7.0694
-11.5397
-14.8474
-16.3128
-10.1417
-5.9831
-8.5708
-6.4588
-4.5829
-8.7794
-13.6833
-16.0136
-14.4677
-11.0026
-7.2144
-7.8658
-15.1875
-18.1802
-14.0695
-6.6622
1.9509
3.8399
7.3734
9.6678
4.0531
-10.4960
-7.8846
8.5167
16.2254
16.5812
13.4490
3.1499
-4.2726
-2.5327
-8.8488
-15.8794
-14.4922
-13.9258
-16.8311
-20.3739
-14.4035
-6.7162
1.4448
-2.7022
-2.2908
2.6143
2.1402
-3.0962
-3.1805
-4.4053

Coefficient 7:
0.0000
10.4575
12.4655
6.5940
-1.3899
-5.4381
-1.6491
5.0729
5.2793
1.4561
-0.6528
-1.1731
-2.8153
-4.3942
3.6796
14.4138
22.4402
20.4214
18.1080
17.5889
15.4458
18.1965
17.2408
14.3957
7.0753
5.7250
12.5983
14.9745
15.3905
15.3571
15.5331
3.7852
-9.0229
-14.8278
-4.3367
10.3996
13.4054
-0.3910
-8.0456
-9.5042
-7.5965
-1.8544
-3.7648
-0.6665
6.0911
4.8306
-5.2927
-11.6338
-7.1843
0.8118
-3.5598
-4.3433
-1.1263
0.6609
-6.8047
-22.2213
-19.2950
-10.8594
-31.6525
-39.9911
-31.8333
-15.5709
-9.1152
-8.0473
-10.6685
-14.0708
-14.0420
-13.2590
-3.5119
7.0036
12.7061
11.6866
6.5009
9.3130
10.8893
2.9035
-3.1842
-0.2522
2.8489
2.0960
-3.6803
-6.4445
-6.3971
-6.1530
-15.4632
-36.9897
-39.6148
-25.9187
-12.6675
-11.6470
-15.8289
-42.3815
-49.6786
-48.9210
-38.9205
-23.3402
-28.4908
-31.9925
-24.2667
-18.1920
-8.6662
2.5229
-18.5471
-35.4734
-44.0437
-49.4765
-68.3609
-73.4182
-68.4535
-60.3698
-58.6097
-59.0656
-57.2810
-42.5366
-28.8657
-20.6257
-21.8670
-22.8014
-17.1605
-6.8122
-3.1529
-13.1463
-17.3063
-12.8466
-15.7622
-16.7937
-22.3157
-24.2126
-20.7750
-11.4150
-3.5226
-11.3607
-33.8569
-41.4765
-37.2991
-21.0457
-13.3789
-6.1333
2.5224
3.0215
-2.2002
-6.4034
0.1677
0.9563
2.3624
-4.7286
-3.7133
2.5269
-2.4984
-9.7203
-10.9804
-7.1173
-2.2960
1.2186
2.2944
6.5341
13.5695
11.6912
0.0823
-1.7454
2.9983
7.1343
8.0824
6.0065
5.2530
5.4326
2.8271
2.3744
3.1577
0.4132
-22.4718
-31.0805
-30.6511
-27.0620
-23.8130
-17.8863
-12.9554
-14.4112
-14.5031
-10.3253
-6.1357
-3.6664
-12.5562
-22.5163
-23.6803
-21.0984
-22.6430
-17.6084
-14.9567
-8.6934
-6.8283
15.2396
29.0683
41.9404
47.9555
51.5161
53.4689
51.1912
50.7097
40.9384
27.9774
8.0334
2.0739
1.2333
2.4947
2.9240
2.5432
4.4780
2.3618
9.4482
10.1593
-7.2887
-20.7251
-20.5842
-15.1117
-4.2401
4.0385
5.7324
6.6664
-16.4053
-12.0792
-11.1269
-6.9729
3.9777
15.5937
19.5055
15.0753
5.7676
-17.3072
-31.4393
-28.5380
-33.5137
-47.8393
-44.2086
-48.4826
-48.5375
-42.3113
-38.6905
-28.8283
-21.5262
-21.2330
-16.7638
-15.2993
-19.2016
-19.8899
-22.0081
-8.4189
-5.5118
-10.1981
-0.9502
8.7915
18.1412
22.2268
25.0971
34.4605
40.0835
5.7176
-6.5917
-3.4315
-12.0058
-23.3092
-16.5332
-8.0580
3.0518
14.8887
15.0890
11.4291
8.7073
8.7040
3.2707
0.9070
3.4231
8.0274
2.4322
-3.2070
-2.5686
2.9583
19.0079
30.1277
28.3625
25.3838
21.4876
11.5631
9.7910
24.3654
33.7553
30.4974
27.7527
23.3097
20.9476
21.7241
15.2276
8.9745
6.4862
7.1868
10.3886
11.2593
10.2285
8.5849
4.6487
8.9499
14.0134
15.1033
10.9597
6.5158
2.8222
4.5203
10.6685
10.5418
8.6513
-21.5216
-41.5921
-29.3547
-9.2501
9.7266
23.5127
22.0279
13.1917
-5.8188
-9.2906
-11.4662
-25.4090
-29.5850
-23.9425
-24.0279
-31.8019
-33.8222
-33.7279
-37.7385
-34.3934
-30.9757
-27.3677
-27.2819
-31.1701
-22.2098
-16.5215
-8.3932
2.1194
5.7858
1.4238
0.7931
1.4301
-4.2945
-13.6169
-8.6231
2.0298
10.4982
9.4610
11.1666
15.6170
23.3339
27.0009
20.7906
10.0113
18.1412
22.9182
18.0514
23.0147
29.7415
19.9729
13.3705
4.8411
-6.2070
-12.8921
-16.7619
-15.4750
-5.8985
7.9918
9.8087
1.0893
-13.6079
-38.3599
-44.4337
-25.3827
-15.3679
-12.8483
-9.3287
-4.0242
-3.1587
-4.9465
-6.6696
-4.9194
7.2569
5.5678
4.4659
15.1420
21.7545
14.3033
6.3789
6.2026
6.0151
4.7198
4.2453
9.0061
8.4706
4.5942
5.9118
7.8922
6.8986
7.1150
3.7275
2.2514
1.9563
1.2076
2.8990
4.8417
7.0786
8.2418
7.7928
5.9692
6.9388
7.9268
5.9756
4.2339
8.6248
8.0112
-3.8769
-9.2413
-6.1803
-0.2925
-0.5866
-5.7666
-8.3616
-4.6851
-4.7249
-7.0205
-3.0034
0.2620
-4.7578
-6.2872
-1.8357
5.6883
19.8320
29.6084
34.4531
35.2100
33.8791
30.4536
34.1581
39.1718
35.5587
27.1983
17.4830
12.1957
11.9489
18.1441
24.5774
29.5319
34.4066
28.7982
28.4311
29.3870
29.0891
32.4580
40.6863
41.8448
31.5325
19.5291
8.3488
4.2528
6.1282
2.2798
-1.1205
3.4971
10.5712
11.0962
8.2369
6.9807
-11.5073
-25.0066
-32.6141
-23.6028
-16.1090
-6.8409
4.5998
5.4745
0.8504
0.8458
-13.3857
-18.9479
-16.2007
-19.7767
-15.7484
-6.6081
11.3203
17.5709
16.6885
15.2729
19.6468
27.0693
29.4090
25.1810
20.2154
15.1663
12.1887
29.6165
43.9791
47.8024
51.0322
46.5130
49.5664
48.9977
44.4190
21.4098
12.7506
9.1417
-3.2120
-3.1642
-5.8793
-12.7456
-1.6504
5.5302
8.8205
6.6777
-6.5619
-16.3253
-14.3121
-15.5939
7.7755
12.9863
-4.0985
-7.7925
-9.1218
-20.6274
-31.6546
-29.7085
-14.4887
-13.5843
-5.5738
3.4993
11.8256
-11.4943
-24.2100
-26.3105
-22.8437
-17.6818
-16.1750
-13.5144
-14.1896
-11.3103
-9.1266
-20.2616
-26.0783
-26.3034
-23.8100
-20.2801
-14.7910
-8.6147
0.3805
2.8380
3.9158
3.3352
0.0697
-7.2476
-12.4891
-15.0970
-11.0431
-11.4601
-9.5320
-0.7750
1.3892
-16.8441
-22.8401
-15.5916
-8.1725
8.2572
15.2846
5.5279
0.5507
0.5923
0.3167
-6.4126
-10.7556
-12.0208
-18.1964
-8.5869
2.1635
10.9435
-2.8100
-6.1800
-5.2143
-6.2986
-1.3392
2.5522
-10.1746
-28.0466
-23.2095
-18.1078
-10.2456
-8.7039
-5.3778
-10.5330
-8.5517
-6.4811
-10.9401
-11.7348
-7.1011
-6.9620
-8.2244
-6.4428
-2.9499
-17.1829
-30.5510
-30.4979
-13.2476
-6.4202
-9.8722
-11.1022
-22.3479
-33.7161
-25.8022
-15.2065
-21.5990
-23.4854
-28.0114
-39.5472
-39.0893
-41.9512
-40.2531
-37.3518
-29.1425
-16.1396
-5.8378
-9.4371
-12.0373
-9.6267
2.6353
0.3786
-6.5225
-20.0177
-20.9956
-6.5260
6.3348
13.7715
14.5983
14.4840
10.9219
9.8889
11.4163
14.9077
10.6981
9.3949
3.7850
0.3751
-1.8626
7.7394
3.8732
4.6665
7.3041
7.8263
7.1998
5.3869
4.9485
3.4625
3.8576
3.7012
4.0671
4.6588
-14.8460
-20.9038
-12.3749
-4.6310
-22.5051
-18.3177
-9.2057
-3.0354
-3.1155
-22.0776
-32.1284
-32.3138
-30.7473
-13.6315
9.4218
14.9721
9.5922
-21.3242
-1.4026
18.1106
33.5535
32.3988
29.8456
22.4549
13.0205
19.5296
22.8352
24.1321
13.4860
-12.4869
-21.5000
-21.3108
-19.0748
-17.5556
22.0351
45.4179
56.8935
57.1946
57.5332
60.9349
64.9324
64.3632
58.1404
53.0789
54.6037
49.4964
27.6362
22.5472
10.6257
4.2948
7.3133
5.5728
6.3072
-19.6965
-17.1340
-10.8830
3.2783
19.4262
24.2542
14.6565
5.0041
5.8755
0.1822
-8.4899
-5.6710
3.6162
11.2893
16.4786
11.8715
9.5660
7.1169
7.7122
12.1494
13.7031
14.8455
12.2312
7.5566
7.8480
12.8122
16.5890
16.3230
15.5437
7.9017
7.0154
7.2605
5.7696
7.3888
14.7334
20.5152
24.2667
25.9334
21.4280
18.3347
23.3116
23.6177
15.1825
12.1617
14.6935
13.8343
18.2859
-2.5915
-5.8678
3.0587
21.2885
33.6788
30.4549
28.0794
21.4948
23.2235
22.0450
13.3328
9.9066
-4.7873
-13.0702
-8.9070
3.3232
5.4961
6.8350
2.1553
-0.6304
0.2765
4.7794
11.5889
25.5142
28.2582
23.1738
21.1778
19.4932
21.0541
25.4897
27.0571
23.7681
24.7703
18.2755
18.5104
10.4813
5.0546
12.3302
8.3912
8.6274
6.6408
-5.2411
-16.9533
-24.2426
-26.0015
-32.3659
-24.1774
-23.2680
-22.0731
1.7794
13.4581
11.0129
12.5790
35.5042
46.9913
45.5148
19.3907
5.3434
-12.2971
-27.8654
-27.4787
-25.9480
-22.9396
-16.3689
-10.5197
-15.2583
-15.8860
-13.3593
-5.4043
-3.3127
-7.7266
-13.9811
-27.8778
-30.9205
-27.8643
-44.7879
-45.5530
-42.1579
-21.8918
-7.2024
7.4660
15.8589
10.5130
8.5234
5.9041
5.3632
2.7708
3.3554
3.7020
-28.1660
-38.5542
-12.5646
11.0959
19.8611
23.3724
26.8560
29.1818
23.6491
16.2556
21.9789
33.1757
37.1130
36.0349
32.9666
28.2531
33.2042
26.0882
7.2727
2.5126
5.9730
-5.0905
-29.0754
-15.1453
12.7246
21.1581
19.7616
20.7255
19.0624
21.6641
20.6872
13.9941
7.0764
-3.2408
-13.3260
-14.3210
-22.0494
-21.3983
-18.1491
-17.6999
-23.9149
-26.1275
-40.5755
-33.4631
-17.2318
-5.5047
-3.5776
-11.6420
-9.8123
-3.5910
-1.2115
-8.1609
-20.6685
-31.0291
-37.7688
-34.6800
-24.5111
-15.3000
-14.8277
-12.8222
-12.0154
-20.3601
-29.4821
-36.5825
-38.1305
-41.2086
-47.1535
-49.7833
-38.7466
-22.6408
-14.1099
-21.2551
-26.7545
-24.8979
-15.7849
-22.4877
-49.0246
-47.7823
-44.0982
-44.0731
-35.0759
-16.3811
-1.3107
4.5882
3.9021
8.6176
15.6664
15.0151
15.3342
18.8702
-10.2340
-39.0078
-31.9103
-24.7910
-23.1418
-17.3522
-18.7264
-16.2070
-8.1786
-3.3905
-6.3258
-6.9831
-7.8305
-8.9531
-6.3941
3.4713
1.2545
-9.8156
-29.1055
-49.7351
-36.7008
-10.4122
6.3947
8.7604
-5.9821
-15.1435
-12.0532
-5.9242
-12.6616
-26.3052
-49.9374
-37.6061
-18.0013
-8.5488
-11.6717
-11.6774
-6.1363
-15.8430
-21.0916
-24.1746
-22.5348
-12.4887
4.4380
12.3669
8.6653
3.2691
4.7162
13.4840
15.3967
17.4063
13.2478
3.3461
-1.7156
-5.9320
-10.4089
-15.1193
-6.2817
-8.1063
-13.9650
-14.1121
-9.7198
-11.3113
-11.2861
-10.2313
-7.7584
-0.4143
8.0654
1.0774
-1.4041
5.3304
13.3926
25.4760
29.2534
33.1507
32.1254
24.9776
19.0497
20.3955
23.4919
21.1728
18.6604
12.5997
3.5682
-7.8405
-1.1885
0.1021
-3.3490
0.5333
-0.9387
-5.0047
3.1561
19.7875
11.9270
-10.1549
-29.7427
-32.4683
-28.4731
-24.1084
-20.9610
-22.3287
-22.3161
-19.2150
-15.3887
-15.7945
-19.8604
-23.1351
-26.5855
-25.5988
-19.9328
-14.3452
-16.8207
-5.7160
0.2161
5.0942
12.2072
13.5736
16.4655
12.4103
7.5342
4.1810
5.8921
3.4977
8.0041
9.0974
5.1079
3.3779
2.3388
1.9012
1.8618
3.2376
7.0094
6.8851
7.7728
7.7063
5.6358
2.6658
5.0454
7.1977
12.4861
16.6538
17.7230
18.3499
14.9693
14.0730
16.4283
23.7656
27.3763
31.3998
37.2674
34.2849
22.0335
7.7344
4.1495
3.0764
-5.9548
-25.9525
-28.7650
-34.5854
-38.3155
-33.5976
-18.7685
-5.9637
7.7192
16.7420
15.7495
11.5998
15.8810
25.4331
24.3693
29.5815
34.7004
35.6323
33.9064
27.0242
24.7171
25.9965
22.0841
20.4930
21.0728
17.2958
12.2846
-5.2714
-22.2252
-23.6793
-32.8578
-38.2464
-29.2877
-20.0513
-13.2379
-14.1941
-17.7623
-18.7257
-14.7534
-19.5194
-35.3949
-48.6651
-59.2208
-68.0579
-80.1918
-75.6831
-51.9528
-31.4337
-24.9983
-28.9362
-12.4219
4.0081
3.0185
0.6667
-10.7633
-22.0025
-24.7098
-18.8718
-13.2561
-14.7951
9.0303
-6.0819
-19.0005
-21.1786
-17.7323
-8.5995
2.8540
5.6041
9.2001
14.0559
14.1239
8.1194
11.5147
-10.0358
-32.8787
-35.2227
-31.0777
-38.4965
-48.7691
-46.6054
-26.7008
-12.2436
-1.8544
9.0538
8.7084
11.6072
10.5875
-16.5969
-22.2564
-0.6775
14.8638
-4.1032
-8.1319
-4.1312
-3.0303
-8.3197
0.4228
14.2687
35.7457
46.3208
46.8000
38.4488
33.4225
26.5157
12.8240
2.8180
-1.1987
0.3649
3.8487
-3.3658
-10.5767
-9.9085
-7.9560
-8.3634
-5.6678
2.5601
4.2469
3.8696
4.1087
-2.9557
-7.7523
-6.4853
-4.3724
-2.0206
0.4788
-2.1619
-6.0282
-5.6248
-3.3745
-3.0622
-6.1656
-6.7369
2.9802
7.7607
10.0543
9.9662
5.3979
3.8589
3.0991
0.1238
-1.0031
-0.9457
1.8323
4.6333
4.5960
3.7723
5.5347
5.9980
3.8986
3.3734
3.9050
3.7817
5.4667
7.4681
9.0427
9.5144
7.8529
17.2263
19.6963
10.5017
8.1479
6.3718
-2.5133
18.3221
38.8479
45.7296
43.8904
47.6015
50.8673
54.8192
50.6608
46.4247
50.4394
48.6635
42.4200
36.9323
29.4757
20.7085
18.2970
20.1315
18.4472
19.4766
20.8464
13.1216
7.4595
9.7334
6.3273
6.5060
3.2609
2.9009
2.1143
2.3216
3.1539
0.4526
-1.8991
-1.5135
1.6892
2.7899
1.2379
0.6074
2.2393
1.7999
1.3803
1.2846
5.4331
9.0635
6.8035
2.7616
2.9368
5.9066
16.2026
7.3258
-14.5574
-17.1107
-16.0096
-28.1227
-32.2900
-15.1144
4.8774
11.8470
25.7122
34.2304
38.0119
39.4721
24.0020
9.1634
5.1947
4.3271
8.5845
2.6677
-17.6090
-15.7565
-4.7378
1.6946
8.1379
12.1164
18.2785
25.1313
20.8226
18.8928
10.6853
0.7735
-2.4744
0.9909
5.1488
9.6921
0.6374
-36.4815
-43.9544
-33.8183
-27.4761
-25.6644
-36.5504
-37.5909
-30.8936
-26.2507
-27.3431
-18.7496
-21.2158
-15.1226
-13.4574
-9.0609
-3.8169
-0.5544
-7.3849
-1.1187
3.8174
6.2885
0.6374
-11.2551
-26.6857
-28.8253
-23.2244
-21.9788
-30.0368
-38.3927
-51.3297
-48.0639
-31.3517
-13.4203
-8.9865
-8.0335
-36.8593
-37.8928
-37.4228
-41.5539
-35.3223
-27.3207
-28.2737
-30.8304
-32.0653
-42.0350
-38.7745
-25.9958
-20.3788
-29.7335
-26.9604
-7.8269
2.9335
-0.2405
-5.0394
-5.3621
-6.8012
-13.6411
-17.3795
-12.0443
-5.4964
0.5169
0.7836
-2.7278
-6.2681
-8.0456
-2.1112
3.0102
-3.4735
-20.1954
-18.8083
-19.0057
-15.5632
-22.9197
-30.1172
-25.3888
-31.5320
-21.6888
3.2983
26.2163
33.9401
34.5317
22.2233
12.5709
7.0521
3.5199
-1.5637
-12.9702
-15.7059
-3.9600
4.7765
8.9500
0.2549
-6.2298
-9.8696
-7.9339
-1.0260
0.7305
-1.0119
-0.4730
1.3470
4.3277
-10.3570
-23.6352
-16.7353
-8.3754
-14.0785
-7.7924
-5.2941
1.0800
4.8511
13.3691
-22.8159
-38.4753
-38.2584
-32.6717
-27.4885
-20.7914
-23.2291
-24.5779
-22.3529
-19.3305
-23.2684
-25.6212
-21.6021
-19.5354
-18.1115
-9.6422
7.0310
9.9201
13.4582
3.5166
-19.3333
-26.9722
-22.8425
-21.0782
-19.5543
-14.4233
-6.4477
-3.8421
-12.0305
-29.2811
-35.5788
-32.7140
-21.3781
-13.2746
-6.2622
5.8790
12.9717
16.9306
12.8066
7.5704
8.6714
13.8008
14.6759
13.0506
9.9257
4.9900
6.3115
14.3829
2.3515
6.1934
7.5033
7.5238
-6.9130
-27.4168
-32.8147
-25.4398
-22.1545
-12.0200
-1.4838
-5.5607
1.1337
8.7673
8.7332
7.6394
9.3556
6.8842
4.4225
3.4222
-3.8108
-43.5506
-64.0162
-68.0418
-56.7434
-45.6373
-47.3948
-32.8790
-32.0841
-41.7485
-29.0227
-16.6325
-14.6694
-13.9342
-6.2534
-6.5853
-5.5799
-26.6773
-41.4904
-30.3826
-16.7772
-11.9463
-7.3671
-4.2305
-5.3577
-10.0704
-12.2941
-16.7534
-16.6565
-9.4443
-15.8563
-1.0350
7.3498
-7.7872
-31.6132
-40.9508
-39.6793
-36.7498
-33.3145
-26.9853
-20.5872
-19.9255
-4.9886
13.4108
12.7178
-4.3499
-16.6773
-14.3563
-8.4746
-6.7467
10.9228
17.8076
16.2240
5.3677
-5.9093
-13.3674
-17.4649
-25.2448
-42.0316
-39.2698
-14.5586
-4.4050
4.5023
7.3409
1.3081
3.6533
6.6222
5.2463
1.1634
2.0486
3.3822
6.1788
-28.2576
-48.5357
-37.1614
-35.4171
-39.5751
-39.4499
-37.3300
-40.9717
-53.8935
-51.6123
-37.0528
-23.4118
-11.5088
-13.5663
-33.9501
-54.0247
-59.9814
-55.5866
-47.0315
-38.1644
-11.7177
4.5284
18.7503
36.0843
40.8475
37.6625
32.3180
27.4428
20.9699
4.1123
14.8958
22.6271
30.0355
37.5408
47.1799
48.0022
37.0877
22.4531
18.5001
13.6809
8.7822
4.1828
3.4682
5.7256
5.7360
3.6885
2.6914
6.9076
8.6449
6.0621
4.7444
3.9435
2.4396
3.3376
8.3377
9.4024
7.6876
5.0123
4.0908
4.1998
4.9046
7.4356
-3.9969
-21.2207
-18.0464
-9.3167
2.7805
2.1108
-8.3848
-1.6754
-8.5754
-20.0602
-7.8067
7.3771
15.8850
21.5186
25.9165
34.5586
31.2139
31.2149
30.4879
29.8428
25.8191
21.9015
16.4106
4.4611
-0.4052
-4.5966
2.7442
1.4462
3.4551
3.4229
6.2912
8.2258
5.9413
18.1385
19.9274
13.9592
8.6292
6.8072
6.8526
9.4736
15.4677
15.0144
11.0467
13.5755
15.5210
14.6552
12.0756
9.5174
9.2538
8.5000
4.5567
-13.6504
-19.3086
-12.5289
-4.0343
-0.3156
2.0778
3.7234

Coefficient 8:
0.0000
6.7862
8.2728
8.2005
2.0165
-5.2656
-4.7190
2.0324
3.5245
2.8425
2.1482
2.2716
1.3263
2.8364
14.4496
16.0914
15.9648
16.2255
19.3625
17.1244
13.4424
14.7614
13.0977
12.0382
6.3567
4.9146
7.3302
9.4039
10.6635
6.2078
-4.1043
-12.8977
-26.1745
-28.7792
-11.3457
4.2127
7.1487
0.4717
-1.5423
1.9977
4.9261
4.6379
-0.1668
-6.1021
-5.5264
-0.0472
9.6881
14.3629
17.5692
20.9787
13.6986
10.7754
11.7847
15.0997
2.0178
-21.5802
-27.5637
-21.7669
-28.7290
-40.1231
-41.3134
-34.9734
-23.9076
-30.1937
-36.1536
-32.9202
-26.5221
-20.4304
-15.2755
-16.3151
-26.0613
-41.6716
-59.5158
-61.2654
-49.2594
-41.7909
-38.0302
-50.4613
-59.4881
-53.4369
-43.3220
-40.6285
-40.5378
-39.2490
-30.0422
-23.5791
-38.6243
-46.0314
-31.8108
-18.5561
-10.4423
-30.0768
-63.4982
-77.3271
-62.5093
-50.1819
-51.1144
-49.5432
-48.3267
-40.7927
-41.0857
-45.5680
-32.0440
-23.7618
-14.6492
-0.2932
-23.0105
-63.4888
-78.1928
-70.9253
-55.6495
-27.0463
-7.9680
1.2583
3.8262
4.7062
0.9845
1.2496
0.4947
-3.8498
-7.3624
2.3135
5.2075
0.6100
4.2889
-6.4528
-14.6108
-23.9317
-30.4701
-27.7255
-20.7856
-34.1746
-57.5337
-57.5453
-51.4605
-44.8231
-44.2866
-47.4556
-48.1189
-50.1655
-57.5818
-62.0958
-56.6130
-45.7755
-30.3981
-19.4051
-9.8597
-0.0243
8.5358
10.1781
10.1460
12.1426
13.1872
16.4378
13.6367
10.2450
12.1890
10.2571
-3.0334
-4.9814
0.3280
4.9383
6.5484
5.0053
4.2261
3.9103
4.0561
5.5419
6.1771
3.9259
-29.0043
-67.9878
-82.8282
-79.4411
-74.7543
-73.4535
-73.3881
-77.2944
-84.0971
-91.8792
-83.8438
-83.3842
-92.9539
-88.8582
-67.4055
-40.4698
-37.2730
-27.7365
-16.9431
-15.2096
-33.6877
-53.0250
-64.7894
-65.8560
-63.4924
-57.3408
-51.5443
-49.0028
-54.6946
-57.4977
-43.3828
-20.8307
-35.3689
-34.4758
-31.6066
-31.1880
-25.4305
-6.7137
6.3567
11.6358
9.2277
-14.7958
-32.3639
-33.6619
-26.8263
-12.3745
-1.6023
2.8292
2.9349
-28.1094
-55.8105
-64.0104
-66.8657
-67.9145
-53.6839
-40.3217
-36.6024
-40.8671
-37.1330
-23.8132
-6.5922
-19.6064
-64.9527
-81.8240
-80.8394
-67.6732
-44.8910
-32.5849
-19.4221
-0.6872
2.5891
1.1008
-5.8805
-23.7602
-33.7237
-42.8728
-46.2335
-45.9513
-38.3126
-27.8494
-23.3618
-29.9576
-39.6773
-39.8372
-39.7794
-51.8488
-53.8418
-37.0437
-26.3752
-17.4757
-8.3424
-3.6773
-2.4741
2.8967
14.2092
18.4371
20.4779
24.2771
33.5504
36.2671
33.9582
29.4350
30.7000
31.6329
31.8813
33.9074
31.0458
28.5379
26.0469
19.5837
23.1008
21.4150
12.0481
8.7114
14.5783
16.7036
12.1189
9.2979
7.6087
6.7613
9.4478
7.2388
4.9193
4.8341
6.0692
8.7523
8.8098
8.7011
7.4394
3.2629
6.8275
11.5929
13.9907
9.7442
5.1337
1.1863
2.4776
8.5795
9.1287
8.5949
-32.9303
-62.2218
-58.9500
-37.3684
-23.5294
-17.6714
-20.8351
-27.3156
-15.0908
-12.4026
-7.5464
-15.9333
-29.6613
-37.6026
-46.1275
-39.3142
-21.1188
1.5734
-0.0324
-2.3135
-14.9788
-17.5178
-8.7194
-3.6477
-6.8342
-6.6781
-11.1498
-22.2833
-22.8590
-29.1052
-29.6827
-23.6133
-15.3220
-32.9832
-38.4749
-48.4631
-48.6614
-36.5118
-30.4913
-25.1863
-21.7293
-17.6241
-23.4550
-45.4955
-56.1825
-60.3094
-69.9821
-68.6320
-62.4774
-39.5438
-26.5445
-12.3151
-1.4234
-0.7378
-3.0842
-27.3991
-57.4021
-54.0668
-41.5112
-28.1902
-29.7145
-39.1893
-35.4915
0.3607
4.3112
4.7578
8.0054
-5.1872
-13.4991
-17.2545
-21.7611
-22.0898
-12.4364
-9.6021
-4.3398
-1.9191
-2.4519
-0.5018
4.0329
5.2386
4.7619
3.7486
3.6034
7.9541
8.3281
7.0470
8.9884
10.9711
8.2568
7.7072
3.6447
2.6638
2.8093
1.8146
2.5039
6.2940
9.4324
11.4391
12.4040
9.9263
9.7097
11.9576
9.3731
4.7861
7.6664
8.8676
-8.7474
-36.0377
-51.2743
-50.5562
-35.9280
-30.3805
-29.4276
-23.9693
-17.5453
-16.6254
-19.1374
-23.4256
-25.6326
-22.1643
-17.7412
-13.4663
-7.4160
-3.0839
-2.8368
-4.4103
-6.3646
-3.2163
0.5094
1.3729
5.0534
2.5113
-5.2553
-43.8234
-66.8189
-68.4384
-62.0202
-53.7777
-49.9035
-48.6623
-37.7861
-34.7335
-33.4308
-33.3661
-37.1901
-43.9560
-54.9830
-61.4705
-57.8913
-46.8707
-31.5151
-19.3727
-17.4603
-18.8888
-14.5790
-4.2252
0.8658
4.3745
-14.8242
-21.1840
-31.4688
-39.8220
-39.4311
-30.5374
-21.7741
-9.2939
-3.7225
-6.5708
-20.9368
-22.7051
-16.2114
-14.9921
-27.4145
-35.9743
-31.8396
-25.3464
-29.3801
-35.4924
-46.7043
-59.7133
-57.6537
-50.7958
-52.9246
-47.8954
-32.6976
-13.2809
-7.6649
-11.3709
-14.1422
-12.3191
-9.0259
-12.9512
-9.6114
3.4156
11.0172
1.3963
-22.6217
-35.5800
-34.8858
-24.3069
-22.2467
-10.0387
5.6614
10.8070
-9.6503
-20.8544
-21.5109
-17.4364
-22.3789
-38.0112
-66.3569
-76.2984
-71.4065
-63.2016
-52.0271
-47.1697
-42.6314
-39.2176
-29.6501
-22.0058
-12.0526
-36.6481
-44.4771
-43.5485
-27.9554
-20.8776
-18.1872
-14.5802
-9.4818
-7.8552
-12.1958
-19.6743
-27.8914
-17.1081
-3.6506
2.5877
6.2614
5.7363
12.1270
16.7595
16.2035
10.5172
5.5417
6.5784
13.2037
15.5898
13.5340
14.1008
11.0776
9.8440
6.5975
-3.6430
-12.4522
-12.6498
-24.3383
-39.3295
-52.8926
-57.3716
-52.8929
-37.7597
-19.2039
-10.6350
-11.1260
-8.5609
-40.6937
-56.4692
-58.0295
-58.5274
-42.2540
-29.6966
-18.5431
-4.7971
-0.3231
-0.2952
-22.0820
-44.6607
-59.5516
-59.0800
-51.0786
-50.8860
-48.6182
-47.0608
-45.5475
-45.2237
-42.3188
-45.2371
-49.0997
-49.2271
-46.9565
-36.9824
-15.1386
-29.2414
-37.1845
-31.9561
-27.4578
-27.6071
-30.1923
-30.9853
-26.6704
-28.1490
-40.1771
-51.4419
-36.6351
-31.7918
-30.7581
-35.7108
-36.8552
-42.6705
-40.2230
-35.2220
-40.8836
-44.5007
-50.6204
-64.0869
-63.4222
-56.0884
-53.8643
-49.8073
-53.3514
-73.8123
-83.5409
-84.0508
-78.4896
-74.7760
-73.8509
-63.5039
-52.9783
-47.2916
-48.9836
-51.4166
-51.3227
-47.1045
-36.9519
-24.3903
-13.1138
-2.6460
1.3276
3.3461
6.1531
6.4326
5.8931
4.2922
3.9325
2.4712
2.9119
3.0339
3.4864
3.2712
-23.5374
-26.2805
-18.7644
-6.0003
-11.1235
-13.0828
-15.6370
-14.2647
-7.0536
-21.2744
-23.2571
-18.8732
-11.5109
-4.9026
-3.2745
1.4194
-1.3834
-30.8725
-36.0205
-34.5926
-27.7150
-12.3812
5.0955
14.1858
8.6789
-4.8089
-19.2973
-27.7560
-31.3503
-26.0714
-21.2050
-15.5310
-9.5861
-13.6347
-16.2463
-16.6198
-16.4631
-13.6007
-10.7954
-8.0960
-8.8634
-12.1715
-17.0956
-15.3664
-10.3529
-3.0165
2.3030
11.5909
5.1549
-3.4188
4.2358
7.5150
7.7354
-9.8240
-9.9168
-11.7488
-8.7862
-12.2180
-11.0691
-10.0853
-8.6995
-4.3326
0.9276
-6.3167
-9.6328
-3.6281
4.0304
11.4761
8.7573
8.1594
8.8029
11.3846
13.9088
13.2947
11.1547
7.3107
5.2335
5.9984
10.3565
19.3197
27.0459
25.2027
18.2038
9.4945
1.3346
-1.1501
-11.8762
-10.2124
-3.8896
-1.7388
-1.9982
-14.1749
-31.8015
-33.3310
-25.3362
-14.0754
-9.3767
-9.0543
-12.8401
-16.2085
-12.6158
-9.4282
-18.6024
-17.8442
-5.8196
6.5491
15.3877
13.5051
5.9801
-4.0655
-4.6613
2.3476
4.7723
2.4306
-3.5808
-2.5303
-2.9987
-4.2508
-9.1881
-3.3749
8.5623
19.5547
24.3622
22.9922
26.9338
19.9670
11.0383
9.3872
16.3286
18.1564
15.1409
10.0690
12.8077
13.6263
20.3518
15.7434
-28.5150
-63.4983
-75.8121
-77.7034
-73.4929
-70.5388
-66.2065
-50.5573
-39.4404
-30.7231
-27.8632
-17.2718
-12.0984
-15.2227
-19.7885
-21.0150
-23.4448
-21.0485
-29.7933
-36.4068
-25.2394
-14.8201
-13.0418
-12.9673
-12.9467
-12.5858
-16.8464
-25.2279
-39.3030
-63.1998
-61.0417
-30.6600
-12.4428
-9.5219
-7.7769
-9.3305
-24.9942
-24.6052
-21.0562
-11.9312
-12.3194
-17.1448
-17.0223
-17.8847
-25.7664
-29.2952
-20.4640
-17.3668
-19.5457
-22.8622
-32.5284
-39.9251
-34.8564
-21.9107
-22.8190
-27.9211
-24.3804
-19.2876
-14.8649
-18.6874
-24.3678
-23.3037
-27.0015
-31.0397
-26.9969
-23.7828
-21.5493
-19.2838
-23.8308
-21.7219
-27.0017
-29.3580
-20.1267
-4.6450
1.1231
-10.8454
-8.5087
-16.7469
-27.8157
-29.7946
-33.8839
-36.2902
-29.9710
-17.8578
-24.8450
-33.0999
-36.0152
-29.2064
-28.6012
-36.7817
-52.3206
-51.2895
-38.5736
-28.4256
-21.2520
-4.8361
-4.8431
-5.7263
-9.2526
-8.5677
-3.2720
2.7443
4.3388
4.2771
2.7369
-1.8041
-7.7170
-11.9050
-18.0533
-23.5071
-28.7464
-30.0072
-38.7289
-43.8949
-35.9495
-32.1990
-35.3702
-38.7590
-26.7759
-11.8631
-6.9054
-0.4119
3.4379
-2.0423
-14.3267
-22.9654
-17.8570
-13.4232
-29.8283
-69.0470
-75.9361
-66.8191
-52.8769
-38.7899
-21.9640
-18.3875
-14.7859
-14.1377
-12.4361
-10.3573
-10.8922
-5.7056
-0.3305
-28.5929
-41.3963
-36.3827
-35.2568
-31.2842
-27.1737
-24.3017
-20.0394
-17.1471
-18.2301
-22.5475
-23.9048
-31.3697
-35.4592
-34.0281
-24.9357
-20.9816
-24.6126
-36.4632
-38.6726
-36.1082
-32.7404
-31.4545
-27.7831
-26.8550
-31.1604
-28.9920
-19.0948
-16.2435
-16.1930
-46.9017
-60.1653
-54.8631
-38.0563
-25.7098
-14.6694
-30.1808
-27.8346
-24.6029
-24.7230
-31.2438
-35.8207
-34.6252
-32.1393
-36.1178
-38.8772
-40.7876
-40.7146
-39.0678
-38.0451
-37.4088
-38.7031
-34.3796
-32.4154
-28.8957
-24.5494
-14.8692
-4.7264
3.5523
5.5469
4.0892
0.8759
-4.3172
-8.3452
-10.6250
-8.3786
-0.9216
0.1008
-7.0113
-6.7580
-5.2482
-4.1205
-3.6840
-8.1140
-15.2088
-21.0948
-24.3542
-25.1828
-20.1498
-18.8863
-15.1272
-10.8726
2.9407
1.1187
-12.2860
-34.4106
-39.5392
-37.4497
-40.8052
-36.8490
-21.6349
-8.3301
-14.5930
-18.3583
-8.4992
-3.5207
-7.2078
-8.5091
-9.9741
-13.3200
-14.6283
-9.9758
-8.7276
-9.9869
-10.7153
-6.9147
-2.8769
-21.9068
-39.7556
-50.0284
-47.7023
-35.8097
-32.1062
-29.2044
-21.8574
-19.4054
-12.9066
-1.5929
2.8087
1.2891
4.6763
2.9891
7.3057
8.2137
4.1765
2.7220
1.9288
1.3643
1.3298
2.0383
4.4783
4.2947
5.3385
5.8721
4.3299
2.1857
-10.2977
-13.8596
-18.8615
-20.8646
-23.2560
-32.7278
-40.1664
-38.1013
-32.9804
-31.2393
-24.5271
-21.5852
-23.5500
-21.8649
-18.0544
0.5334
7.0208
3.3407
-5.6425
-21.4776
-22.7454
-11.1424
-8.7992
-7.2669
2.2674
7.2380
11.7352
5.2121
-7.4098
-16.0119
-17.4315
-10.9935
-7.7742
-3.9962
3.9705
18.3145
26.1698
21.6125
14.9646
14.7518
14.6769
10.6362
9.5736
2.4167
-12.2423
-26.6583
-41.4467
-43.4822
-28.0924
-23.4744
-25.2670
-25.2666
-26.1917
-30.1590
-34.4380
-34.3567
-29.1869
-22.4925
-13.5501
-10.9483
-17.0988
-31.8819
-33.8289
-25.4018
-14.1353
-3.9578
9.4355
6.4030
-2.3784
3.3009
5.0122
-8.3155
-21.1601
-20.8714
-31.5000
-36.7308
-32.7556
-23.4236
-20.2241
-32.6355
-32.4187
-39.1115
-49.9535
-58.2096
-64.6446
-54.8952
-49.8515
-63.9966
-63.6801
-44.1860
-31.1006
-54.4711
-76.7101
-61.0587
-42.2371
-28.6428
-9.3531
-12.0374
-54.7224
-67.3257
-60.1529
-50.2723
-31.5747
-19.7477
-21.0522
-31.8568
-30.9000
-20.2800
-27.6126
-37.2032
-32.1855
-29.7764
-29.1056
-24.5357
-22.9322
-33.5115
-42.2530
-38.4528
-30.4808
-24.8685
-18.5169
-11.2779
-4.7855
-0.5266
2.8901
5.1301
4.7369
0.5543
-3.4868
-4.2377
-3.1437
-6.5101
-4.8422
0.4247
3.2753
2.8900
2.8596
2.8239
1.0418
0.8251
0.1035
-0.0228
-0.2155
-4.2894
-8.5706
-7.2305
-5.0626
-4.2929
4.4161
12.4607
15.4589
8.0510
5.5676
4.7452
4.2799
3.1664
4.4333
8.2062
11.3561
16.5333
7.6003
3.8881
3.6623
3.1697
4.5502
5.0160
3.0331
2.6995
3.3495
2.6904
3.5644
5.5809
6.9163
7.7949
7.4813
13.4990
20.2527
19.2758
18.1716
8.2704
-9.2101
-7.2509
-7.3215
-9.6388
-17.6159
-20.9224
-20.7989
-17.1819
-17.4800
-17.7224
-15.5021
-16.2218
-13.3250
-3.9578
-1.3376
-1.9738
-4.4761
2.3448
-0.1225
-2.7885
-6.9381
-10.5289
-15.0380
-12.7887
-6.3271
1.0663
2.6378
1.8915
0.8869
1.0809
2.3556
0.1014
-2.4189
-2.2348
0.3793
1.6346
-0.3168
-0.5470
1.8879
1.0707
0.9087
1.1818
4.4940
7.8433
6.2195
2.3681
2.2979
4.8316
-4.1569
-31.1331
-36.2117
-31.6620
-33.8834
-36.9435
-42.5656
-54.8930
-60.2924
-58.7707
-60.5302
-60.6727
-57.4085
-59.2829
-53.8273
-34.1177
-13.3245
-1.7180
8.5371
11.0873
-21.1888
-36.5712
-41.7799
-39.6751
-35.4300
-36.9475
-41.7279
-60.8414
-74.1275
-80.7632
-63.5760
-42.6603
-30.2645
-28.3949
-28.7269
-21.6117
-14.7078
-36.8287
-51.6518
-53.3299
-40.7423
-18.1688
-35.4231
-58.8404
-63.0345
-47.2250
-26.3920
-27.0619
-37.7225
-47.9679
-46.3129
-38.7645
-33.6623
-23.6884
-17.0835
-8.9537
0.4072
3.0283
-4.6239
-22.7826
-32.1132
-32.4066
-30.9443
-17.5730
-3.3929
0.0838
-0.6134
5.9331
19.0242
26.5746
21.5442
12.4595
-34.6136
-60.2150
-66.8040
-60.1409
-55.3719
-44.0352
-30.5251
-24.8118
-20.2733
-28.7382
-26.9562
-19.5591
-17.2486
-15.1903
-11.7919
-16.0737
-26.7984
-46.7210
-58.4481
-69.0890
-66.2084
-63.0190
-67.2353
-74.3759
-72.9995
-66.6487
-57.8814
-49.3630
-49.4335
-44.9491
-38.1470
-33.4536
-25.7011
-58.5824
-77.6974
-76.3240
-75.1639
-77.5116
-65.4517
-37.6508
-38.0536
-35.2003
-18.8400
-13.3498
-25.0982
-39.2773
-48.5736
-36.6198
-22.6375
-8.9685
1.1608
-10.8710
-30.6108
-28.1796
-23.9105
-16.8615
-15.4868
-8.4269
-1.3179
-1.8308
-5.6506
-7.3801
-7.1982
-7.5591
-2.0121
3.3741
-8.5511
-25.3805
-22.4622
-21.9985
-9.5837
-0.9801
5.1304
15.2770
14.1442
15.1460
-18.9902
-35.0124
-38.2218
-38.9009
-34.0478
-30.3112
-38.3367
-57.6692
-74.1084
-80.6253
-78.4847
-73.3123
-57.8490
-47.6105
-34.1989
-26.0980
-23.1645
-14.3138
0.0838
18.8483
-7.5260
-28.6084
-34.3130
-35.4504
-46.6409
-51.0473
-54.2576
-63.7270
-60.5687
-45.2980
-28.3531
-19.5324
-13.7063
-10.2950
-15.7703
-21.4215
-24.2262
-24.4797
-25.9140
-35.3447
-36.7289
-31.9202
-34.4698
-36.8316
-37.5855
-41.6429
-42.1632
-48.1736
-63.4801
-83.4403
-82.0212
-61.6125
-41.2328
-39.1894
-41.9685
-31.6589
-18.1006
-0.3332
11.4590
-3.2657
-11.9776
-15.7979
-12.7156
-12.8626
-1.8839
4.6178
-1.0099
-5.3699
5.0883
0.3256
-4.7233
-2.1606
-1.4870
-7.5235
-14.4311
-14.7611
-23.0325
-34.8254
-33.0136
-37.2871
-35.2559
-37.3831
-40.9264
-45.3927
-38.7446
-62.3639
-70.5157
-56.8763
-45.2868
-40.4421
-39.5172
-36.3674
-30.7126
-37.5135
-40.3423
-39.7020
-37.0058
-27.2293
-30.8991
-35.2568
-43.2984
-55.0533
-68.5051
-67.7074
-65.5103
-64.7193
-64.0705
-50.8425
-32.9255
-27.1791
-16.9756
-20.8225
-36.1182
-36.4338
-32.0776
-26.6679
-16.0970
-7.7105
-15.0163
-30.5481
-34.1563
-36.4146
-36.6109
-17.6400
2.4462
13.1885
4.0333
-6.9335
-12.3167
-16.6467
-15.9415
-1.3236
3.6659
3.3649
5.8502
4.6698
1.0506
1.7038
2.7989
2.9061
-37.6097
-48.4192
-31.9829
-14.6717
0.6431
6.4197
2.8088
2.0495
-13.8514
-28.4915
-26.8127
-22.4116
-11.5964
-9.4407
-14.6945
-17.6181
-28.3487
-31.8303
-33.7003
-34.4476
-38.5762
-32.1633
-23.9655
-15.4793
-11.2488
-10.7363
-6.5869
0.1326
4.6378
-0.0376
-3.1083
-15.0187
-13.9642
-12.5164
-12.1904
-8.7366
0.6868
2.5112
-5.7506
-3.6388
7.4055
15.8840
13.2801
12.5936
10.0253
5.3053
2.1469
6.2441
7.5837
4.8219
3.5499
3.0862
1.8154
2.8068
7.3455
8.5803
6.8514
3.7211
2.9329
3.6289
4.0884
6.4249
-8.5389
-33.3425
-22.2302
-30.2706
-37.8191
-34.7808
-22.6648
-12.6417
0.4672
-23.6143
-41.1821
-52.2384
-55.4715
-58.7868
-64.9717
-59.2850
-47.2906
-36.1672
-41.2321
-42.9512
-29.3109
-17.3219
-9.6724
-3.8918
-2.5124
-2.3176
5.2152
4.0476
5.4866
2.9798
5.1254
6.6056
6.5334
-19.8694
-15.4367
-12.6761
-14.1204
-17.0784
-13.1376
-12.2870
-8.2025
-0.4805
5.4255
6.4314
5.1025
6.2622
8.4096
9.9417
12.7014
10.0940
4.9115
-21.1111
-33.6621
-28.5664
-12.7487
-5.3335
2.8747
10.6268

Coefficient 9:
0.0000
3.7714
1.4293
3.8093
2.8940
-3.2768
-5.2939
-0.3412
2.0147
5.4705
6.8448
7.8242
7.8621
11.1834
23.3183
19.4008
13.0830
10.8947
15.2379
15.6300
10.4219
5.6588
4.2580
6.9261
8.5457
6.6122
3.4656
5.1084
7.2674
2.3259
-5.6815
-7.8218
-7.4170
-8.4294
-7.5225
-9.1341
-3.0454
-4.2963
-6.9645
-15.5111
-19.6650
-18.7629
-17.2460
-16.2067
-4.2925
19.4893
34.9639
39.8214
35.2685
33.5535
27.4621
24.0448
23.8692
26.7114
9.5783
-9.9320
-17.0332
-14.1988
-34.0685
-36.9392
-23.4712
-11.7276
-0.0492
2.5394
-4.7946
-3.8232
1.6592
2.7461
7.3255
2.9756
-1.1359
-3.0325
-11.6683
-19.5557
-23.3223
-26.3108
-21.6900
-9.7185
-1.7853
13.2724
20.7142
15.8519
4.6716
-6.0690
-0.4941
-0.0956
-19.5508
-31.1946
-31.6621
-28.2083
-25.1170
-28.7967
-26.4078
-21.1124
-14.2766
-13.5906
-16.3234
-21.4812
-19.0998
-12.0656
-1.3902
-3.2690
-18.8121
-17.4419
-9.0068
-9.5196
-15.6315
-32.8495
-20.4593
-6.8737
-7.8638
-28.0042
-28.5783
-24.1834
-32.2890
-41.5019
-41.5553
-33.1773
-25.1849
-16.9541
-8.5297
-11.7796
-11.5873
-7.4724
-9.6236
12.7441
33.1190
39.0151
36.0423
31.1795
27.8118
14.8490
-8.3441
-13.3710
-14.0276
-6.5224
0.3545
-6.7363
-7.0471
-4.2954
1.4232
-3.9223
-18.3767
-23.8203
-19.3922
-20.0831
-11.7641
-1.6465
11.9010
19.0624
20.5866
20.7969
19.3721
19.0764
15.6169
11.5301
10.7414
8.8226
-4.2838
-6.1116
-1.0665
3.1469
4.9643
3.9636
3.1539
2.5190
3.3116
5.9753
7.6870
7.8942
-23.5030
-29.7201
-17.5651
-3.2972
0.1969
-5.5536
-3.6504
4.3573
2.9735
-3.8277
-2.6195
0.6426
-4.0007
-14.3063
-24.1792
-24.5742
-27.1070
-22.0276
-13.4242
-17.3256
-19.7831
-14.0895
-4.7570
-3.5160
-6.7404
-12.1420
-13.6972
-20.5385
-28.6283
-33.0832
-28.9725
-24.1562
-18.8245
-10.4895
-6.5726
-5.5100
2.1856
11.5186
19.3297
14.5241
8.2326
-18.1338
-35.9235
-37.9357
-31.1358
-16.3054
-5.6672
0.4500
-0.1824
-33.4672
-62.0169
-65.2712
-59.9742
-58.8876
-49.8566
-36.6089
-24.0119
-36.3495
-39.0419
-27.1201
-18.7911
-16.6492
-44.3412
-40.2792
-29.7103
-24.8532
-24.1225
-17.8807
-21.7274
-49.0212
-56.3578
-50.8667
-38.4453
-32.4554
-36.8567
-35.8452
-31.5450
-36.5649
-32.1106
-23.6765
-16.3738
-3.1288
3.0312
1.3921
-5.8095
-14.4699
0.4471
-1.3832
-6.0445
-16.5354
-5.4119
-1.5306
0.5183
-0.8522
10.0942
18.1958
20.3972
24.9244
33.9173
31.6734
26.1557
20.9283
14.6947
6.0687
3.0895
4.3474
0.5853
-4.9418
-1.6637
-0.8322
2.9664
0.8150
1.2029
-0.4134
-4.7572
-9.9445
-17.0325
-17.4740
-18.3109
-19.3519
-11.0252
-2.2939
1.2922
3.3618
4.9696
7.0905
6.5644
7.1337
6.3024
2.1710
5.0434
9.4810
12.7164
8.5294
3.9508
0.2916
1.2829
6.7126
7.6351
8.4199
-31.6007
-58.3597
-58.7158
-53.2546
-40.8577
-27.5545
-17.4672
-13.2472
-8.6168
-10.9691
-17.6848
-27.7857
-33.2874
-29.9418
-30.8768
-35.8047
-37.5881
-36.6510
-30.5606
-30.3364
-52.1196
-60.2376
-51.4650
-35.8069
-31.5239
-34.1275
-46.9321
-57.6338
-52.1936
-50.2799
-43.8331
-34.1114
-25.2760
-32.8721
-21.3529
-11.6596
-9.4804
-18.1060
-30.1440
-35.0574
-27.3334
-24.1537
-32.0470
-42.5080
-42.6897
-29.4610
-22.3031
-25.8871
-38.6861
-69.9586
-62.9858
-45.3783
-26.2884
-17.6675
-11.7565
-23.2091
-30.2520
-26.9911
-17.3907
-2.1155
-16.5550
-28.3024
-21.9976
-24.5399
-18.6801
-8.8008
-2.4764
-12.8891
-27.9494
-37.6708
-43.5984
-42.8955
-21.7629
-10.8287
-6.9481
-6.3357
-7.1694
-3.7980
2.6250
4.2731
3.5276
2.7702
2.9269
6.8410
7.7115
7.3429
8.8065
9.9788
7.6196
7.0415
3.2868
2.3431
1.4744
0.6739
1.9507
6.4491
9.7702
9.5329
10.1236
8.6677
7.8865
9.5168
7.4313
3.8519
6.3270
10.0521
10.7060
-0.0653
0.4236
3.3776
1.6449
-9.9853
-17.8270
-18.4069
-15.4371
-6.7893
-9.7756
-12.2827
-9.2642
-11.2535
-14.7863
-13.9240
-9.5202
-18.5249
-21.7143
-18.1957
-17.1300
-16.1130
-12.6445
-11.6914
-14.7411
-18.5482
-21.9488
-16.5289
-16.2372
-13.4386
-6.0974
-0.1949
7.5471
12.2607
15.7122
12.0259
10.3247
10.8301
9.4609
13.3367
14.4770
7.9348
7.5173
10.4259
9.9655
4.3723
-0.1289
-1.4511
1.6734
-1.1172
-12.8188
-15.7705
-43.1990
-35.4653
-30.9315
-28.4325
-18.7743
-19.6231
-26.3754
-29.5931
-22.6335
-26.1406
-39.6946
-40.6791
-29.8580
-28.1762
-29.7156
-23.6184
-15.1943
-18.0909
-29.8001
-34.0106
-25.7504
-24.3110
-22.0509
-19.7653
-27.0728
-30.7293
-28.7457
-26.1636
-24.5779
-18.8619
-11.1501
-4.2357
1.6357
-1.7511
-5.7725
-8.0076
1.6003
-0.6341
-21.6335
-28.0629
-25.0225
-37.6342
-31.8679
-20.0199
-13.9240
-12.6335
-38.6110
-46.9760
-41.6685
-33.3858
-44.4912
-53.6394
-65.9570
-61.3294
-48.1140
-35.1485
-25.2726
-26.5050
-36.7027
-42.8940
-42.8088
-35.9536
-25.6563
-39.5815
-31.1839
-29.2266
-29.4046
-24.1748
-20.3525
-27.0099
-33.6006
-38.4109
-33.4707
-25.9479
-15.6948
-5.8739
0.9286
3.5727
-1.5253
-16.1465
-11.2398
0.1569
4.0708
5.7155
1.3864
6.4762
12.5071
13.3711
15.2513
20.9160
22.3433
16.4040
9.6634
-8.9898
-25.2430
-21.9248
-4.9951
-4.1464
-19.3884
-34.1978
-39.9481
-45.3902
-42.5417
-35.5829
-24.6384
-17.0737
-34.8292
-48.2560
-56.9408
-60.4008
-72.2271
-76.1003
-67.8525
-43.4561
-31.4642
-26.4425
-40.5824
-46.6151
-41.5678
-29.3127
-21.8946
-14.5261
-5.4750
1.7536
7.4288
5.1801
3.9830
0.3653
-12.2820
-28.3461
-31.4261
-19.7621
-23.7276
-50.6714
-60.6308
-48.9195
-42.3503
-45.2157
-49.3844
-42.0079
-45.2372
-59.4776
-50.8617
-37.4165
-40.5630
-35.5503
-32.3723
-32.7395
-38.3145
-45.5616
-34.8430
-21.1777
-25.9791
-32.2947
-35.9341
-45.6546
-42.6585
-29.3618
-16.5278
-17.1362
-24.1434
-46.1517
-59.7154
-56.8679
-53.4315
-55.9633
-56.9589
-53.3428
-46.4842
-38.0547
-37.7990
-32.0885
-35.2543
-42.3467
-38.9968
-30.8226
-25.2290
-13.8545
-1.0676
2.0967
5.0094
5.0224
4.5584
3.2137
2.9740
1.5352
1.9997
2.3412
2.8829
1.9260
-36.0021
-50.8906
-57.0454
-52.6718
-33.1103
-25.6099
-23.1734
-23.9086
-24.8738
-40.4623
-46.0469
-47.3885
-38.1804
-28.3666
-22.8453
-13.6625
-6.8606
-6.8706
-17.8899
-11.0912
-8.4338
-22.7534
-33.2214
-30.4165
-28.3873
-33.4828
-43.5668
-51.5312
-50.9122
-41.1257
-26.9117
-6.1441
-3.2159
-6.8368
-33.3555
-57.2985
-67.0477
-68.9726
-70.2961
-66.5243
-64.5750
-67.0419
-69.5270
-62.7830
-56.2590
-40.8372
-17.8283
-3.0885
2.1093
-4.0592
0.2078
8.5318
4.1375
-28.0283
-23.4791
-18.2723
-13.0947
-11.2321
-11.6704
-16.0830
-19.9695
-16.0496
-4.4232
-4.3604
-9.4462
-7.2676
-1.5384
6.6915
5.7270
5.5945
2.7117
0.7678
-2.6343
-3.6137
-2.1532
0.1617
2.6007
4.1082
7.8145
22.5394
24.2998
18.7692
-6.4812
-30.2442
-35.6770
-24.7870
-12.5631
-10.9530
-11.5393
-7.1103
-1.7661
-3.6110
-47.0649
-48.2624
-44.5355
-43.7839
-30.5881
-17.3301
-11.5200
-8.6991
-9.2437
-18.6223
-22.5317
-30.4622
-38.6386
-42.1923
-41.7846
-33.7726
-28.8315
-26.4903
-25.6535
-16.1113
1.7016
5.1317
3.1484
3.1584
2.0499
-3.3955
-18.1791
-23.5527
-15.7702
-0.7192
11.3731
15.4338
10.6622
2.6833
-9.1735
-11.0492
-7.8756
-5.7578
-4.2533
3.6245
13.4041
20.7191
20.4278
19.3545
-13.1220
2.6496
19.8476
21.4375
25.0192
18.7803
3.3160
-21.5662
-41.6910
-40.9010
-33.8860
-28.0983
-33.3724
-44.2437
-39.8473
-31.9247
-20.3982
-19.4990
-29.9405
-26.8461
-16.3555
-8.0895
-9.6853
-18.1773
-22.7360
-21.3652
-10.5403
-6.4652
-7.9715
-12.1348
-21.3538
-30.1641
-23.9908
-21.0883
-19.2162
-20.4958
-40.5051
-45.2812
-44.6480
-34.0959
-17.7627
-12.6940
-18.6462
-32.9133
-35.6071
-36.4151
-35.2218
-30.5093
-28.2601
-25.6604
-23.0445
-18.1933
-19.2274
-37.4861
-36.0131
-41.6005
-50.9018
-63.5301
-72.7672
-60.7880
-43.5165
-29.5507
-23.6474
-33.6259
-37.6092
-41.5126
-48.1549
-47.3118
-41.6089
-29.8536
-26.6800
-33.1180
-31.6182
-12.1578
-14.0604
-30.7102
-33.4806
-35.1509
-32.7643
-39.8999
-52.2846
-43.7501
-34.1076
-30.5470
-32.8794
-30.6073
-25.8754
-21.5298
-18.3613
-13.8101
-13.1467
-13.3439
-17.0751
-9.9065
-11.8265
-54.2954
-78.6593
-83.7832
-71.8892
-56.9206
-46.2328
-45.2375
-39.9668
-43.9147
-44.1287
-46.9124
-49.4763
-41.8719
-40.2874
-34.9579
-29.1038
-24.3880
-21.1439
-17.0475
-12.5895
-30.5690
-49.0609
-46.6435
-41.5711
-33.7062
-17.5061
-22.9215
-29.9570
-43.7567
-61.9591
-62.3021
-53.3289
-31.8886
-27.8984
-55.6017
-55.0259
-51.3139
-47.8779
-35.7276
-31.5090
-32.1109
-27.5030
-24.1892
-19.1934
-13.2549
-9.7476
-5.7117
1.4133
-28.0733
-40.5076
-42.0417
-37.0008
-31.3434
-28.3366
-20.3382
-22.5386
-24.8284
-28.6395
-32.0851
-29.2416
-32.1504
-32.7833
-30.8812
-29.7400
-27.7367
-24.5870
-23.3617
-26.7552
-24.8171
-19.0273
-11.5223
1.5559
4.3530
-5.0786
-10.5525
-12.2315
-8.9356
-5.8695
-28.5199
-46.4865
-45.7725
-39.7001
-32.0139
-22.5839
-35.2478
-35.3234
-33.8014
-32.6384
-29.7359
-26.9788
-21.5333
-14.9259
-7.9142
-8.4357
-9.8288
-14.4029
-22.7026
-30.0399
-32.1576
-40.7962
-45.2125
-39.3183
-28.4233
-19.0714
-19.7429
-7.6969
2.0132
5.7639
5.9538
3.3087
0.7142
3.8074
8.2940
4.1533
0.0344
0.6724
-21.0727
-29.1276
-36.6551
-47.6601
-48.5888
-46.0586
-42.9851
-38.1684
-35.6262
-32.9766
-27.1888
-24.5727
-24.5910
-22.9457
-8.9748
-12.4008
-32.6124
-38.9746
-34.8970
-42.0628
-54.1500
-48.0736
-48.0594
-55.6500
-62.9540
-69.3597
-54.5592
-33.8798
-32.3793
-29.8800
-28.8908
-31.3780
-32.4875
-27.9603
-24.2192
-17.3750
-14.6924
-14.3109
-4.5195
-2.5027
-0.1139
-6.4943
-19.5616
-15.6197
-6.8348
0.1612
3.6514
7.9719
8.4210
9.7071
10.2997
4.5339
3.4351
2.4414
6.5496
7.2699
3.2248
2.0436
1.4935
0.8309
0.8040
2.9670
2.7466
3.1198
2.7365
0.9068
0.6267
1.7651
-20.7231
-29.0915
-33.3566
-33.8520
-39.4223
-39.5807
-28.6133
-18.6087
-12.3708
-17.9582
-22.0904
-21.4743
-20.2606
-18.7877
-18.5017
-13.2830
-12.8963
-18.1042
-29.8022
-54.5423
-68.1792
-60.8931
-42.3675
-21.1202
-6.7380
-0.9179
4.4152
0.0986
-7.3961
-14.5852
-17.2183
-17.9846
-14.6305
-12.2585
-9.8141
-3.8516
-1.2021
-3.4684
-5.2145
-9.5635
-10.7476
-10.4545
-11.4456
-16.8980
-25.5381
-26.5141
-27.2670
-23.2913
-27.2957
-38.8537
-30.0504
-20.8558
-19.5613
-22.4678
-29.2714
-32.8876
-32.7518
-34.4106
-35.9352
-29.5554
-20.2459
-25.8872
-42.2530
-56.2494
-65.3042
-65.0851
-60.4169
-59.5301
-53.2564
-45.0533
-31.0605
-27.1141
-27.4766
-45.5314
-65.7617
-54.8213
-38.6384
-21.4636
-44.2835
-59.7299
-47.8722
-29.0055
-16.2408
-15.5881
-21.0940
-23.6386
-17.4954
-15.0222
-22.3751
-39.4949
-58.3974
-44.0051
-13.0037
-5.2036
-14.9211
-21.7068
-10.5060
-14.0189
-23.8884
-44.7790
-34.9689
-23.6939
-22.7016
-30.0867
-42.2303
-42.1616
-15.4752
-3.4317
-12.6744
-13.7883
-23.1262
-15.3618
-11.3393
-16.0433
-32.8190
-35.6727
-31.9994
-31.8251
-31.2204
-35.5503
-38.5773
-34.3063
-28.1726
-21.4778
-24.4344
-32.9695
-41.1560
-28.6720
-17.3513
-11.1277
-4.4747
-8.6526
-6.1072
0.0439
2.4240
2.0185
2.1443
12.1385
16.5443
16.2097
12.3677
7.5538
6.9132
7.9315
7.6176
8.9727
9.4208
7.2578
0.4149
-7.7024
-21.2738
-34.5341
-37.0584
-35.1346
-32.8138
-30.8040
-27.1538
-26.6658
-31.6469
-20.8993
-2.0276
3.1568
2.7001
2.5290
3.5344
4.0013
2.1697
2.0371
2.7796
1.6096
1.7142
3.7227
4.7786
6.0482
3.8084
-3.6126
-1.1429
7.2604
6.2735
3.9136
-16.5525
-30.3472
-42.6855
-45.8979
-51.8313
-55.7166
-57.5617
-57.3156
-59.0398
-59.2632
-57.9845
-58.0273
-56.3908
-44.8372
-31.6284
-26.8989
-28.8193
-23.8677
-18.0523
-14.4435
-19.5680
-22.8713
-27.7416
-24.5714
-15.1539
-3.3832
2.0129
1.0091
-0.1586
-0.0072
1.6755
0.4640
-1.6960
-2.0333
-0.5972
0.5459
-1.4370
-1.3146
1.5165
0.3628
0.4528
0.9409
3.5837
6.5800
5.6015
1.9599
1.7067
4.0070
1.6954
-23.0950
-21.9437
-22.5221
-29.8734
-42.2597
-42.4963
-29.8546
-16.9227
-19.5906
-23.9117
-20.2577
-9.9332
-10.7535
-27.3340
-39.0259
-33.1323
-24.5953
-20.1490
-24.4438
-43.6107
-34.4798
-16.6731
-5.8780
2.2085
7.5251
8.3541
-8.1161
-17.8873
-17.1504
-20.9186
-19.8183
-18.8499
-8.2546
-7.5937
-15.6315
-9.9012
-11.8741
-10.0316
-5.3357
-4.7236
-1.1883
-33.6855
-35.0432
-26.0477
-14.0569
-6.7860
-30.8519
-49.3673
-38.3703
-22.1503
-13.8579
-17.0650
-23.1449
-18.9533
-6.0288
10.2128
21.7041
14.0975
-3.4555
-13.2429
-9.3992
-5.7426
-6.8281
-17.1901
-22.8539
-33.3005
-38.9681
-32.3070
-24.5367
-23.1456
-23.8740
-48.0913
-44.6839
-33.3109
-33.4341
-29.0014
-20.6174
-14.1088
-14.0522
-16.2857
-32.9266
-42.4463
-42.7462
-30.3680
-33.3938
-39.2060
-38.1080
-34.8112
-26.5305
-12.1985
-9.4171
-14.1931
-20.2453
-16.4242
4.1770
17.7296
26.7390
33.2533
29.4899
18.1509
14.0430
18.9172
22.3822
22.2463
9.8355
9.1415
12.6698
13.9410
10.5578
7.8229
8.3970
-7.8862
-18.3669
-9.5395
-9.2475
-11.3560
-15.7076
-26.6871
-34.5207
-35.2411
-34.1155
-21.4089
-17.8198
-19.3096
-23.5972
-24.2961
-17.7871
-9.7150
0.4136
9.1863
4.6370
-5.6499
-7.3266
-4.5495
-0.7504
4.4612
2.4217
-3.8314
-22.6269
-32.5070
-38.4288
-52.4693
-56.6631
-41.4575
-17.9099
-12.5654
-19.1955
-43.9386
-44.3699
-35.1608
-26.1323
-14.8409
-10.4495
-7.3361
0.2725
-1.3295
-14.4701
-14.2490
-0.6249
-0.3721
-12.6318
-12.3760
-15.5338
-32.3172
-32.7417
-12.6241
-3.4166
-27.9690
-30.4439
-20.2074
-6.4799
2.6795
11.1603
14.5837
10.0975
7.0982
4.0427
1.0844
0.2255
-23.2300
-44.2053
-41.5411
-31.5861
-29.3919
-25.6282
-23.4420
-24.6376
-22.9825
-20.1613
-22.1600
-22.0493
-23.3262
-31.7311
-29.0002
-20.1741
-17.5851
-13.2085
-4.1280
-3.8426
-11.0718
-19.0866
-28.2599
-25.9469
-16.8882
-10.4489
-11.5401
-30.2131
-31.0675
-16.6554
-8.0936
-5.1862
-0.5893
2.1441
-4.5042
-13.5937
-0.6397
-2.4602
-11.9520
-14.6282
-19.9451
-23.1314
-22.9902
-24.2152
-24.0510
-29.8053
-29.1517
-32.3487
-31.9666
-34.1432
-37.7601
-43.7235
-38.8833
-30.4786
-17.2650
-5.7944
-4.4159
-9.3654
-9.1634
-11.3972
-19.8257
-21.3160
-26.5105
-28.9977
-27.4339
-25.7618
-35.4507
-39.3710
-28.1035
-27.0232
-15.2278
6.3259
11.9680
17.7084
9.3057
0.0087
-6.4244
-10.4095
-14.1385
-23.5512
-32.8472
-36.5420
-40.1721
-38.4140
-26.8140
-16.8566
-13.0356
-22.9274
-33.2816
-43.1049
-46.6408
-52.0259
-44.8781
-27.2649
-14.8845
-4.2742
-8.6649
-12.2939
-7.7142
-5.5091
0.8685
2.3458
5.0368
4.0733
0.9449
1.3475
2.1812
2.9170
-6.1853
-0.9517
-7.1827
-4.9142
-5.6818
-10.2511
-14.1519
-7.0669
-9.5900
-26.5046
-25.4884
-22.5591
-20.4885
-17.7964
-13.3007
-5.1675
-17.0313
-34.3074
-37.6389
-39.6393
-43.8635
-31.3607
-27.1409
-27.6928
-32.4670
-32.4282
-27.2557
-18.4623
-13.5085
-11.5239
-29.7760
-36.1967
-27.0587
-24.2827
-38.1207
-53.1960
-55.5123
-44.9830
-36.6677
-29.0001
-17.4518
-5.6798
-1.1726
1.7765
2.9458
1.3368
1.5863
5.5386
6.4555
3.5452
2.3563
2.2133
1.1967
2.2679
6.3502
7.7274
5.9760
2.4748
1.8696
3.0808
3.2558
5.4286
-3.7022
-31.5347
-33.7500
-32.0643
-31.9092
-30.1634
-21.6940
-4.8845
-10.7613
-42.9190
-48.5871
-38.7909
-35.4045
-31.3592
-32.5830
-29.9594
-26.2327
-22.8693
-31.1505
-38.4104
-32.5100
-30.5663
-26.3050
-15.0316
-2.9149
4.0470
11.2366
10.4356
6.8159
2.5059
3.9221
4.7853
3.7992
-37.9083
-60.5739
-46.8113
-38.2260
-32.1205
-25.8120
-15.3058
-4.1856
-1.0274
2.1365
1.9698
-1.8492
-4.6410
-3.5178
-1.2073
1.8018
2.3157
3.6368
-24.2740
-41.3173
-39.5449
-37.9511
-21.2910
-10.1802
-2.9266

Coefficient 10:
0.0000
1.5860
-2.5093
3.4802
4.8180
-0.3343
-4.1407
-1.9738
0.8322
2.9514
2.7086
1.8276
3.0539
6.6271
16.9818
19.6469
14.4524
8.8773
9.1753
12.2345
7.3504
-1.2690
-2.7271
1.3905
7.6831
5.6594
0.8794
2.6213
5.6797
-0.7504
12.5366
18.8520
7.1448
-2.2492
-6.3220
-8.0566
-9.7186
-11.7451
-1.4632
1.7032
-4.4344
-4.8066
-6.6520
-8.2813
-2.5292
4.4206
8.0429
9.6501
5.6127
8.2684
11.6073
15.9480
17.8187
14.6209
-3.1140
-12.2705
-16.7108
-20.8157
-1.3196
8.5476
12.9664
11.0527
-4.3214
-19.3846
-29.5031
-29.5802
-23.3928
-20.6286
-21.7926
-25.3678
-23.8088
-18.2223
-26.7528
-27.4072
-22.4620
-20.0440
-10.3168
3.7665
7.5010
9.1933
3.2055
-6.2773
-19.2104
-30.8393
-29.4590
-8.3896
-10.1655
-17.7851
-23.0252
-28.3022
-34.0397
-10.8525
-6.6224
-14.5581
-12.6044
-0.3773
-1.1924
-17.7222
-28.0955
-25.3602
-30.4567
-41.8244
-42.1746
-34.6434
-18.2935
-13.8242
-0.7754
-3.4681
-9.0681
-10.4062
-14.2133
-19.6581
-18.9514
-10.8399
-6.9605
-7.4089
-11.2865
-11.1212
-9.1140
-4.4760
3.3076
15.3560
14.3589
8.1742
8.9435
11.4804
22.8796
33.1091
34.2520
31.6927
30.2793
18.1845
-3.6600
-9.2388
-15.7164
-22.7149
-23.4295
-23.8304
-19.6569
-14.0780
-9.7878
-15.3326
-21.5808
-23.4998
-19.7383
-16.1301
-10.8225
-2.3325
-1.4401
-1.6146
-1.7116
-3.7119
-3.4886
-5.5525
-2.4409
4.9798
9.2637
7.4381
-3.7622
-5.2674
-1.2235
1.8159
3.3861
2.9163
2.0741
1.2939
-0.5380
-1.8529
-0.0052
1.9995
-13.7265
-14.2201
-10.9685
-11.3364
-12.8175
-15.4075
-15.4933
-9.8958
-10.0874
-12.7793
-9.1799
-1.8344
-5.5543
-5.9627
-3.5924
-4.9400
-7.1009
-7.8498
-10.3185
-15.7017
-20.9422
-28.7241
-24.2751
-18.8089
-13.4391
-3.1296
9.7159
15.8562
11.0271
8.2415
3.1373
13.5178
16.5856
17.1274
20.0583
22.9671
19.8412
15.5513
14.2952
10.9583
7.2011
-17.8368
-32.7675
-34.4489
-28.9770
-16.4439
-7.9677
-1.2527
-2.4845
-32.9146
-37.3955
-33.8575
-41.1508
-43.8612
-39.3908
-32.1758
-30.5806
-29.5946
-21.8832
-13.5482
-8.1397
4.4683
-8.0513
-13.0993
-15.5947
-18.8433
-21.3019
-18.7099
-16.8636
-8.9695
-10.9784
-7.7845
-5.0141
4.1000
10.9477
4.7392
-2.8698
-12.2004
-17.2892
-22.0086
-28.2983
-33.2428
-31.5471
-28.3458
-26.0373
-29.3179
-31.6391
-22.2195
-6.7444
-0.4470
-4.8276
-4.8839
-0.8021
-0.3587
1.3715
7.3458
2.7566
-1.5649
-0.4996
3.2330
4.0826
4.3641
6.7071
11.6908
15.0204
13.6882
12.1049
8.0779
8.0643
8.0456
5.9900
3.3860
6.5693
5.5803
3.1967
1.1802
-3.7555
-4.3441
-6.2426
-10.6879
-9.6232
-3.6369
0.5288
2.1703
3.9347
5.4686
4.6260
5.4973
5.2149
1.4218
3.6857
7.7896
11.0018
7.2330
3.0070
0.1425
0.9436
5.1336
6.1401
7.5037
-2.7120
-21.2764
-40.5218
-48.5952
-26.5675
-8.9305
0.9456
-5.2274
-15.0622
-16.6578
-14.8705
-2.3311
2.6428
5.0246
12.6114
19.9707
24.0359
27.1748
28.8077
20.5887
1.5184
-10.6465
-10.5966
-7.4154
-2.4782
-9.4959
-12.4872
-13.3570
-10.7055
-15.3695
-17.9524
-12.3906
-8.0528
2.9334
4.2568
8.8702
14.9288
20.9877
20.1709
19.2822
22.2610
16.7177
-0.4917
3.6392
26.9221
36.4824
35.5414
33.5508
34.2978
30.9608
23.2392
12.4558
9.0414
3.6216
8.0686
1.8157
1.3762
7.1491
13.5604
6.5993
-12.8498
-23.0886
-19.8074
-13.0560
-10.1227
-3.2979
3.4858
-19.5881
-39.7362
-53.5640
-57.4610
-53.8992
-34.9707
-25.9233
-19.2716
-4.5461
-5.4199
-6.2722
0.8292
3.3448
2.3678
1.8277
2.2380
5.7015
6.5017
4.9824
5.0513
5.2657
4.5591
4.8150
2.5756
1.3632
-2.1376
-2.3084
1.2776
4.7682
7.0240
7.1501
6.7993
4.5925
2.2775
1.8191
1.0532
1.5956
4.6776
6.6218
31.4636
43.6954
24.2263
-3.5465
-8.5159
-10.6948
-14.1561
-11.3087
-9.0897
-1.8504
-0.0728
-4.4242
-7.3049
-5.1137
-1.3325
1.3438
8.1598
0.6531
-8.9343
-7.0519
-9.9006
-15.9221
-10.3192
-12.3722
-14.0695
-17.6501
-32.5132
-24.6615
-23.0616
-30.1327
-30.8841
-27.6064
-24.0357
-19.2404
-19.7718
-29.3176
-33.7260
-33.1248
-35.2785
-32.8844
-29.0666
-33.7603
-31.4856
-21.1273
-20.3860
-24.0482
-16.2105
-9.0258
-0.9294
12.5279
14.1003
15.0829
-8.7739
-3.4700
2.6464
-8.5376
-12.6903
-20.6005
-36.8808
-44.4946
-33.1259
-26.3948
-40.2782
-45.8857
-41.5145
-35.2374
-31.2200
-22.5389
-6.5058
-8.6598
-16.2919
-14.8795
-8.8254
-6.1814
-5.8662
-14.3028
-23.0445
-19.7115
-0.0491
-13.4838
-49.5515
-60.9426
-57.3929
-40.7622
-35.3213
-34.2703
-37.8793
-32.1726
-16.3593
4.1493
-6.1748
-10.6857
-8.0726
-3.8911
1.3350
-2.5108
-6.3441
1.4130
-18.6359
-24.8199
-27.3093
-28.0257
-22.4608
-22.5291
-32.1273
-20.5597
-8.3598
-6.6761
-5.2338
-3.3958
1.3150
4.9453
10.6729
15.4552
21.0303
0.2842
-2.8868
-8.6232
-8.4008
-6.3676
-2.7386
1.7363
5.8156
7.1482
3.5513
5.4969
2.4796
4.5918
2.8233
-2.3129
-11.4725
-10.8635
-8.2243
5.6084
12.6869
12.8216
13.6597
19.2431
25.6636
27.0243
26.3678
25.0478
15.7856
10.4942
5.0774
-5.6908
-24.8355
-33.4665
-40.0799
-43.4855
-16.1406
-9.3650
-11.8860
-17.2315
-17.6437
-15.8564
-15.2074
-10.0823
2.4743
-0.5480
-5.5747
-5.9179
6.7423
5.9651
7.3510
10.2954
15.2945
22.3911
13.0623
5.0740
9.5579
21.2046
22.1955
25.3408
28.6434
25.0071
20.5913
19.2207
16.8679
12.4909
6.3531
-5.2692
-10.0631
-13.9836
-2.2593
-4.8366
-19.0065
-25.1812
-25.5375
-29.4417
-33.1269
-27.2896
-9.1743
11.9274
17.4239
8.8110
2.7198
9.5993
14.3920
10.4097
0.4590
-12.3192
-21.3417
-21.8685
-20.3687
-19.4461
-21.3902
-19.1658
-9.9332
-13.4723
-22.7005
-13.3146
-7.2706
-19.9653
-24.7344
-17.2743
-12.2427
-16.0680
-19.7432
-21.1429
-22.0958
-13.6978
-15.0291
-21.9971
-3.4372
8.4586
19.2694
29.1151
32.4633
22.6582
0.4212
0.9796
3.9219
3.6547
3.2495
2.1994
2.1183
0.7007
1.1655
1.6914
2.3192
0.6930
-27.5582
-29.5148
-33.7204
-38.0204
-22.9635
-18.9932
-20.7030
-23.3656
-27.6981
-38.6957
-41.8607
-41.2802
-30.9898
-34.6408
-38.3914
-37.9792
-33.1210
-16.9193
-12.7224
-15.5409
-18.0873
-15.6245
-6.1109
-2.5227
-11.4555
-27.2083
-38.6910
-39.3052
-28.5486
-17.4208
-12.6333
-12.0313
-8.3191
-1.6127
-28.0198
-14.7012
7.5913
24.1936
32.5320
36.2307
31.0512
21.4684
11.6382
8.3444
4.1644
-5.9988
-11.8418
-8.5333
-1.5253
10.8916
15.9384
16.3358
9.2513
-19.4303
-28.6678
-27.3861
-21.0172
-17.0547
-23.6597
-23.2974
-17.0759
-17.8458
-11.5703
-5.6176
-7.9696
-8.3665
-5.2578
2.3617
2.9127
4.5852
6.9844
9.6983
8.2876
6.4022
2.8314
-1.2679
0.6821
2.2488
5.2788
20.9075
25.8245
20.0541
-4.7710
-20.5103
-20.5864
-10.2309
-4.3701
-2.5837
-1.6151
-1.5466
-6.6271
-16.5577
-36.4389
-33.1768
-23.2430
-19.9741
-19.4509
-17.0648
-11.2028
-5.3916
-19.1964
-22.2846
-24.0344
-22.6080
-18.8439
-17.7961
-25.5685
-30.7983
-29.7092
-33.5899
-34.7651
-29.9104
-15.8409
-7.1632
-6.8588
3.1290
13.6474
13.0066
-8.3805
-18.3159
-21.2536
-22.7303
-20.7268
-25.2169
-23.5394
-17.6563
-15.9832
-14.4783
-13.9279
-14.6384
-14.3501
-10.5320
-4.1166
1.6783
-1.6391
12.1119
8.0823
-2.5223
-10.5477
-15.5830
-15.2569
-23.8077
-29.6316
-21.4441
-15.6688
-30.7871
-33.5619
-37.5505
-47.0546
-50.3809
-48.6608
-40.1170
-35.1139
-39.1638
-26.4940
0.5800
2.1222
-6.1346
-10.7625
-16.3834
-16.8546
-14.0072
-8.0593
5.0354
8.1600
-3.7409
-13.2301
-11.4198
-6.9746
-7.3529
-8.2587
-7.0602
-23.3297
-29.4828
-36.0456
-22.6436
-7.7794
-5.5550
-11.8404
-24.1665
-16.6996
-11.7805
-17.5159
-19.3320
-18.4108
-16.9627
-18.6059
-20.9475
-21.1074
-5.2579
8.0085
20.0977
12.8868
5.0673
-1.4418
5.4938
3.8851
-0.2471
0.2213
-2.5179
-3.6110
0.3555
9.4464
17.1402
17.0266
16.3167
10.8609
4.7972
-2.1086
-8.9450
-6.9359
-2.4453
-0.0406
-10.4983
-18.0341
-22.8853
-17.1765
-10.3996
-7.1634
1.1932
5.8637
5.8078
5.3827
12.3863
15.7843
14.2445
8.9722
2.8446
5.2541
7.4598
-5.1878
-19.9358
-24.5774
-23.6448
-21.2084
-22.7692
-20.3669
-19.7668
-15.5594
-15.0632
-19.2296
-28.7332
-32.2601
-25.4281
-23.5354
-8.9567
6.0287
11.0017
6.8718
2.9126
1.3036
-1.9550
2.8068
0.0550
1.6231
0.7650
0.1192
-4.8103
-8.2351
-24.2880
-42.8195
-49.1415
-45.1685
-35.9364
-21.6822
-27.8679
-22.7494
-9.7858
-2.6170
0.5462
-3.5840
-13.6792
-15.6750
-16.5839
-10.9989
-5.1364
-6.1712
-3.5585
-0.6007
-22.2950
-33.4787
-33.8616
-36.5031
-40.2247
-43.2357
-36.3876
-29.0790
-23.5664
-22.8926
-28.1112
-26.2648
-21.6194
-17.4082
-19.5519
-25.7123
-26.0231
-22.3411
-17.0414
-4.9026
12.0423
16.7837
21.2951
21.1393
12.6432
-3.8878
-19.9056
-29.7410
-24.0903
-12.7503
5.4312
-3.0156
-14.2068
-22.5847
-23.2551
-24.9511
-14.6872
4.4845
-1.5898
-7.6059
-16.3959
-16.2164
-16.2710
-13.3973
-14.1329
-15.8429
-20.6249
-17.5219
-16.4761
-10.9741
-8.7381
-17.0602
-16.2215
-14.6184
-14.3842
-18.0145
-20.8345
-21.2663
-11.1965
-4.6623
1.3474
12.6418
18.5641
16.9135
12.4180
7.4201
3.5296
1.9218
-23.0214
-29.6471
-32.7997
-17.0776
-3.8082
3.6137
14.8638
23.4268
19.6290
15.2552
8.3326
1.6121
-4.5964
-12.2711
-12.1253
-22.0092
-26.2816
-20.2165
-19.9313
-14.1031
-10.6991
-13.8152
-14.3388
-0.3731
-10.3427
-30.1150
-34.8819
-21.0260
-17.9624
-13.5343
-11.9877
-15.9534
-19.1521
-19.7907
-18.5550
-14.2263
-17.1870
-15.9157
-13.0587
-10.1969
-3.4318
-1.3203
-1.0172
-14.0042
-11.7940
1.4184
10.5231
16.9451
10.7224
2.2392
5.6615
6.2027
2.2171
1.8689
5.7539
6.2924
2.2903
1.3675
1.0452
0.3185
0.3042
2.7861
0.5406
0.8913
-0.2454
-2.9835
-2.4008
1.4155
-16.9188
-22.5580
-26.9015
-23.6367
-25.3122
-21.4547
-10.2936
-7.6164
-11.0074
-16.6591
-14.9383
-17.7438
-20.9476
-26.5918
-26.7024
-14.2180
-12.4572
-12.6468
-18.0007
-31.0759
-41.5324
-42.3695
-34.9232
-28.7206
-24.2910
-24.2158
-23.5425
-25.8883
-27.5187
-21.2113
-10.6823
-7.5724
-3.1969
1.4724
0.0375
-1.8442
-3.6560
-8.1854
-9.3457
-11.3456
-6.4945
-7.5357
-9.7892
-12.9323
-30.7093
-40.7956
-43.3985
-34.0115
-30.6464
-38.0050
-33.8239
-31.7446
-27.9163
-24.8143
-25.0505
-29.8293
-36.2509
-40.3193
-49.9607
-51.7994
-46.1489
-33.7041
-21.0678
-32.7957
-46.0256
-50.6283
-41.2328
-31.4007
-18.0122
-14.1777
-13.8385
-22.9140
-22.4766
-16.0182
-1.1778
-3.8089
-11.9349
-6.3294
-14.0139
-27.5410
-33.8342
-24.9950
-11.7051
3.1771
0.3600
-9.7902
-20.5453
-26.6954
-20.5193
-12.6468
-7.6037
-4.0719
-5.5883
-14.4983
-23.8335
-24.5920
-10.8590
-3.8107
0.2958
-31.5070
-35.0018
-32.1496
-23.9340
-16.9662
-21.2941
-21.7345
-24.1117
-35.9172
-37.3341
-29.5347
-3.4700
3.3811
2.4858
-5.2263
-3.6970
8.9844
25.3919
34.8087
32.0752
27.1016
23.4692
16.8044
15.0489
11.8224
4.9186
-3.2047
-12.8226
-4.4133
4.1821
8.7890
15.8205
11.8748
13.0378
3.1997
1.7310
1.2989
1.2864
6.2670
8.6516
10.5832
9.1079
6.1117
8.1502
11.5371
13.1212
13.6782
13.8586
11.5302
14.6474
20.9515
31.0845
36.1861
29.3482
22.9229
18.0981
19.6731
24.4642
26.7590
25.8013
19.1546
8.7648
2.4645
1.7419
1.8687
2.5241
2.9904
1.3472
1.4186
2.2170
0.5914
0.0133
1.9759
2.7254
4.3469
5.0000
17.6601
21.6869
12.5722
12.3501
5.2853
-23.2913
-30.3753
-21.9664
-10.2191
-2.2754
7.3101
11.4275
12.9107
11.8459
5.6648
4.8170
4.3182
-2.0896
-14.1656
-26.9136
-31.2579
-30.2716
-27.7237
-21.1600
-14.6732
-13.3679
-11.8387
-16.7214
-19.8325
-15.8166
-3.3168
1.4238
0.3138
-0.9472
-0.8733
1.1391
1.3353
-0.0355
-1.0787
-1.2187
-0.4187
-2.0883
-1.6692
1.1369
-0.2885
0.0332
0.5816
2.7337
5.3193
4.9672
1.5511
1.1884
3.4642
15.4540
2.0416
-7.1742
-16.6299
-17.0729
-20.0482
-18.1262
-21.0695
-18.7887
-11.5224
-4.7831
5.7882
15.1697
15.0442
15.6685
11.5100
10.4219
14.7586
17.0737
5.2579
-26.0397
-33.8233
-26.8060
-24.0310
-24.8848
-26.1316
-30.1585
-36.5383
-36.7123
-32.8879
-22.4442
-19.5622
-14.7537
-10.8391
-9.5311
-4.4695
-2.1849
-4.9044
-2.3111
1.5291
3.5746
4.4508
4.8992
-5.9400
-13.5668
-14.6566
-9.6741
-8.2671
-18.0619
-13.6821
-4.2144
4.6991
17.1300
19.4789
4.5426
-3.4619
3.2557
6.1511
-3.3804
-13.0009
-26.9544
-28.5535
-28.4274
-27.7595
-27.8756
-30.5492
-27.4585
-17.2738
-12.1770
-7.1107
-2.1102
0.0024
-2.3494
-8.3365
-10.9159
-12.8184
-15.6762
-14.7087
-7.9026
-6.2386
-8.4918
-21.3610
-36.7694
-47.6894
-40.5492
-32.6020
-33.6539
-37.6663
-34.4885
-24.4711
-8.2586
4.9361
9.4420
4.1246
5.5163
15.8316
14.6713
8.7306
1.1092
-5.7182
-12.1321
-18.0096
-22.5343
-23.2868
-22.3474
-16.9687
-12.2841
-9.1936
-5.0128
-1.0930
2.7278
8.9114
14.6449
-0.5994
-5.7639
-11.8860
-15.7127
-12.4251
-10.0766
-6.6584
-1.1329
1.7177
7.8870
10.6110
19.4104
24.6439
22.8006
27.5538
29.0333
26.2480
21.3869
20.5104
16.7412
12.7824
11.9870
11.4816
7.9615
2.4764
1.7227
-15.1028
-33.4465
-36.8486
-27.0254
-20.9156
-9.1147
7.1722
9.7498
5.8501
-2.6577
-5.7591
-6.5378
-8.0129
-9.4055
-6.9734
-0.8440
1.8806
5.2234
2.7776
8.6734
16.7936
21.0543
9.6682
-4.7148
-16.6501
-24.0456
-19.9300
-13.7822
-3.3095
-15.5091
-21.0386
-15.6851
-5.6310
-3.0076
-3.9033
-7.3917
-15.5660
-17.3612
-6.7333
-1.6745
-9.2780
-8.9045
-13.4488
-18.1639
-22.4657
-27.3791
-37.2562
-38.0737
-30.6461
-31.6515
-34.2553
-30.3015
-26.1851
-23.2844
-26.8527
-29.0762
-26.1908
0.7093
18.5536
23.9173
22.5977
13.0558
6.3416
-3.3633
-10.8816
-16.5937
-23.1055
-35.0408
-39.0603
-30.8194
-20.1996
-15.5523
-16.1050
-13.2106
-11.2751
-16.7605
-23.4036
-17.6362
-14.4255
-15.2161
-16.8235
-13.9891
-17.2925
-16.8249
-9.2310
8.4632
0.9987
-8.6131
-15.7518
-21.3523
-6.6519
13.5483
16.8823
2.9734
21.3240
50.2589
53.9309
37.6659
22.5888
25.0737
25.4512
16.6396
22.7009
26.7007
9.3029
-5.3265
-10.6887
-20.8081
-12.6669
-1.4492
-3.0788
8.9431
14.2570
11.7062
11.5613
6.5100
-1.8353
-8.2038
-9.7725
-8.1212
1.3107
4.9262
-12.2031
-31.5210
-32.5675
-21.9944
-11.9499
-8.0925
-13.2968
-15.4060
-22.2455
-26.8653
-21.9945
-16.4652
-5.8147
4.3909
18.7783
21.4092
17.5603
19.2051
16.3483
1.6198
1.8008
4.2080
3.4779
0.8516
0.9924
1.5478
2.8766
19.5546
23.1540
20.1465
13.7195
9.5645
5.9871
0.8225
-7.3522
-0.4740
4.0548
3.5635
0.7370
-8.0042
-13.0573
-2.9714
4.8420
-6.4786
-20.5593
-34.3977
-43.8694
-28.9650
-13.7807
-11.6174
-11.8762
-13.8222
-18.1196
-26.5814
-24.3101
-25.5351
-24.1767
-42.7466
-45.4386
-33.3605
-22.3437
-11.3024
-3.7998
-13.9852
-14.1038
2.0614
10.2610
3.7588
-6.8699
-6.7475
-3.2953
-1.3007
-1.0396
1.0302
4.8102
5.2936
2.2814
1.2184
1.3613
0.6140
1.7434
5.3931
6.8733
5.0896
1.3342
0.9620
2.5715
2.4400
4.4889
3.5322
9.1939
11.7640
17.8322
27.3390
30.1167
26.7543
25.8180
21.6070
-1.4034
-7.0623
-1.9368
7.9815
11.3525
14.0885
18.7613
18.7328
18.3255
15.7176
5.5324
-5.1287
-5.2015
-5.6282
-7.1589
-3.3805
6.5129
12.1035
8.4518
6.5861
2.0039
2.7275
2.8460
-1.8209
-22.1238
-6.6398
-13.3561
-14.2631
-13.2678
-8.0899
-2.2229
-1.2533
3.7169
9.1656
17.0246
15.7385
9.5385
10.7229
15.4166
12.4401
10.2437
5.2127
-23.0870
-38.7399
-38.5191
-23.0490
-4.8218
2.3335
4.9134

Coefficient 11:
0.0000
0.2866
-3.5636
6.6670
8.1779
2.9056
-2.3329
-2.9069
0.0124
-0.5064
-3.2509
-6.4927
-4.3687
-3.1756
2.5227
12.8930
11.6466
6.3245
4.1096
7.9820
2.8936
-6.1947
-7.6998
-3.4773
0.0053
-1.8383
-4.2248
-2.8139
-0.1745
-1.0744
-10.1945
-5.0478
4.3650
7.7884
7.9955
5.4126
-7.8946
-15.1848
-12.0976
-13.7129
-18.0828
-22.5137
-31.3851
-33.9825
-32.8720
-31.9129
-34.0883
-29.9179
-26.0341
-19.5832
-12.3802
-4.6584
0.0702
-4.4499
-16.2322
-20.4599
-18.9873
-20.9813
-26.9194
-19.7108
-7.4698
0.8296
-2.8805
-10.4393
-13.0141
-12.8927
-15.3029
-18.0374
-17.1470
-12.2442
-5.6427
-6.8574
-17.5581
-17.8182
-10.3592
-3.4372
9.7030
9.5152
-0.1422
-9.9708
-15.9130
-19.5584
-15.4851
-14.6697
-14.8849
-8.2876
-12.8101
-12.2635
-8.1642
-4.6761
-6.5590
-20.7235
-31.4581
-34.9554
-28.3061
-8.0625
-3.6022
-7.5053
-8.9150
-4.0378
-5.1276
-2.2394
-5.7328
-5.8231
-2.7596
-9.2297
-27.7167
-28.3142
-25.2666
-19.7743
-17.6046
-18.8169
-21.7564
-22.7580
-18.1383
-16.8410
-17.3491
-17.2267
-11.2237
-6.3454
-1.0832
-1.9072
-5.1368
-4.6205
-10.9456
-17.0210
-16.3652
-8.4877
-3.8089
2.8497
12.2508
-0.9388
-21.5982
-16.2575
-3.4857
2.3214
5.3706
-2.4753
-9.1648
-9.6441
-5.3990
-6.5215
-7.4259
-6.6517
-7.2974
-9.9259
-8.6750
-2.2302
-5.2755
-12.3789
-16.2096
-19.6530
-17.3064
-15.5926
-9.7791
1.3883
7.7878
6.1409
-1.8859
-2.9419
-0.4016
0.9237
1.8653
1.8960
1.0230
0.2360
-2.1118
-8.4670
-8.9608
-5.6314
-0.3299
3.6300
5.0972
9.4645
9.9121
9.8194
8.2006
8.1639
5.0227
2.5168
5.7313
8.9116
-1.2535
-8.6108
-8.7382
-7.0365
-3.2305
-3.5497
-13.0935
-24.2438
-20.4778
-14.5099
-10.2788
-6.0061
4.6882
8.6452
7.9413
7.4707
0.1751
-9.2675
-12.4370
-23.9570
-42.9907
-46.8858
-43.5409
-38.0836
-28.7888
-16.8335
-4.5805
5.7672
6.1598
-15.0760
-25.4660
-25.9367
-22.5456
-13.8589
-8.5898
-2.2178
-3.8753
-27.9010
-11.3996
-1.8670
6.4447
9.4757
5.3298
-3.6789
-2.9921
6.5340
7.2092
-0.0411
-11.5949
-28.7696
-36.3247
-33.3161
-25.5364
-23.1814
-16.0760
-1.3688
-6.1332
-20.6977
-22.8528
-24.2705
-30.4955
-36.5367
-36.3599
-31.4196
-24.4399
-29.2767
-35.6075
-32.5101
-24.8544
-19.6671
-11.7965
-12.5389
-12.0958
-3.6712
-10.5269
1.3377
10.2351
12.4951
5.4761
6.3146
4.9711
1.1767
1.0751
0.4064
-9.8376
-21.7199
-27.3636
-32.3180
-29.8804
-20.4398
-12.8079
-12.3054
-14.3472
-19.9746
-16.4943
-14.0750
-16.2033
-14.7773
-14.9524
-12.2044
-4.8654
-5.9929
-4.1556
-2.4583
-2.5541
-3.7057
-5.8142
-7.6262
-4.7783
1.0575
2.2794
1.3064
3.0011
3.9439
3.0515
3.8362
4.2064
1.0072
2.7752
6.5671
8.8651
5.8663
2.2977
0.6072
1.3109
3.8537
4.6752
5.5593
9.8456
5.5059
-5.3453
-15.6841
-5.5588
3.4924
6.5612
-2.5965
-8.6631
-11.9592
-14.1696
-5.6022
-6.1810
-10.9241
-11.0978
-17.0072
-21.9847
-8.1745
-0.4519
4.4993
-1.6295
0.4681
2.0566
-8.9031
-4.7961
-1.8578
-14.5086
-29.9782
-30.0701
-27.0017
-13.7077
-5.9600
-16.8667
-20.9712
-26.3589
-34.0062
-38.6345
-34.6312
-18.1996
-8.0411
-5.1504
-8.1210
-7.6541
-1.8273
-17.6015
-28.6850
-27.4309
-20.4398
-8.3870
-17.9566
-18.5155
-11.2103
-0.3789
-7.8205
-5.8090
-11.3400
-21.5702
-16.2166
-11.6985
-10.4708
-18.2089
-26.8056
-27.9018
-31.9430
-34.3131
-29.6234
-27.4734
-30.9008
-42.8072
-53.4560
-52.2603
-46.9549
-35.9032
-22.2248
-14.5284
-4.6180
-3.2229
-3.2497
0.1725
2.4863
1.3283
0.9603
1.5584
4.5701
4.9142
1.0772
-0.3686
-0.5348
0.1250
1.6646
1.6363
1.2406
-2.7533
-2.6970
0.8371
1.9878
1.9624
2.8193
1.3952
-1.4007
-3.6097
-6.1852
-5.6995
-0.8286
3.0348
2.7384
28.4198
51.4995
28.0189
-13.2627
-25.1213
-31.1290
-33.8852
-39.5382
-40.9355
-31.7713
-30.1940
-37.1799
-41.8596
-42.1384
-35.6999
-27.8936
-23.8084
-21.7370
-19.4204
-17.6071
-19.1201
-18.2229
-18.7413
-12.4629
-3.6924
-2.8948
-23.6358
-21.4781
-25.6409
-30.8680
-30.2662
-24.9220
-17.1265
-10.0446
-13.6428
-13.1253
-11.2537
-16.8383
-16.9597
-7.7519
-3.0426
-12.2132
-20.7062
-25.0346
-20.8943
-18.1859
-15.5655
-12.8115
-12.5351
-15.7265
-18.5098
-6.2576
-20.4686
-33.7553
-35.2469
-42.0552
-38.3289
-36.7548
-25.8075
-21.6467
-16.1903
-7.9689
-17.2275
-14.9374
-4.0304
-0.7476
-9.5449
-11.3185
-7.5026
-9.4777
-11.4510
-11.1109
-11.2763
-11.8119
-10.4700
-11.2502
-11.1908
-8.3307
-7.4971
-9.1744
-8.1031
-12.4502
-9.8985
-8.9727
-13.6829
-16.9704
-12.8116
-11.5985
-7.9865
6.3217
-3.3385
-9.1232
-6.8902
5.4104
3.8866
-0.2972
2.2552
11.0873
-1.3524
-5.8229
-1.9914
-2.1824
9.6746
9.0508
-6.3283
-12.9849
-11.2711
-15.5405
-10.6758
-17.4696
-15.0834
-5.8668
4.8035
10.7552
14.6132
-11.5735
-32.6631
-38.5264
-37.6479
-31.8898
-38.3775
-44.3099
-38.9587
-31.6313
-26.7622
-22.8210
-15.5608
-18.4808
-28.3209
-35.5340
-38.2509
-45.9860
-44.7237
-31.8810
-20.7309
-16.3537
-8.8344
-6.0400
-3.9823
-4.0686
-3.9972
-4.5318
-2.9985
1.5552
0.2216
-4.6855
-26.3268
-30.7769
-27.1048
-23.6347
-22.9542
-22.5324
-16.5457
-10.2952
-8.8965
-8.9953
-11.2482
-11.3504
1.7079
6.5130
4.6986
-6.8711
-26.5385
-22.7797
-15.0773
-7.2633
3.5807
7.0329
-5.2204
-30.9698
-37.1459
-28.7200
-27.8626
-30.2467
-32.3122
-35.2173
-36.9358
-38.1552
-39.7431
-39.5411
-30.9337
-30.4631
-31.3592
-30.2172
-34.2569
-30.7752
-34.3400
-31.2519
-22.9035
-11.8077
-1.7827
-3.6045
-10.3734
-9.8460
0.6915
4.6602
3.6278
2.2815
0.9319
0.7544
-9.5153
-17.2940
-16.5577
-16.7473
-8.1393
4.4443
7.2277
1.1633
-0.1190
3.8532
-15.6439
-28.8467
-23.7815
-21.3414
-12.3889
-0.2748
6.1444
4.3784
0.1133
-3.2701
-2.1302
2.7439
11.9741
14.2335
19.7033
23.9749
19.5888
16.9789
12.5523
10.0514
0.0150
0.0383
2.9304
2.3823
2.0159
1.2885
1.3956
-0.0010
0.4440
1.1681
1.8726
-0.3700
-33.7380
-29.6155
-13.8273
-9.6073
-16.7364
-12.1681
-5.5332
-4.1887
-6.6084
-15.7485
-11.8654
-7.2607
-13.6959
-13.4109
-12.3300
-17.6309
-12.7292
-13.9750
-25.9727
-27.6897
-28.0564
-26.4706
-31.0332
-34.8463
-30.3542
-24.9552
-22.7077
-21.3660
-25.2246
-32.5904
-28.1904
-19.5053
-12.0529
0.4641
-18.4112
-16.8105
-14.2911
-14.6030
-15.8304
-8.8010
-5.0630
-10.0349
-10.5904
-10.0914
-11.1008
-10.7725
-7.3128
-5.8059
-7.5443
-3.7899
-3.6545
-2.8940
5.9912
-9.2355
-12.7216
-20.5068
-32.4668
-36.9457
-33.9084
-20.3097
-7.3395
-13.9256
-15.9158
-8.9161
-7.0494
-8.2257
-7.2606
-1.3331
0.4152
1.7910
-0.6817
-3.7053
-7.2747
-7.2338
-1.7263
-0.1759
-0.1756
0.4848
2.8360
0.5897
-1.3943
-2.0370
-10.3362
-19.3166
-17.8973
-16.7667
-13.6557
-19.9355
-21.4407
-17.9256
-15.1764
-14.1004
-28.4598
-21.8770
-9.6947
-5.0968
-2.7885
-9.0853
-14.6661
-15.3180
-17.5112
-24.8644
-18.8437
-17.2201
-23.5208
-27.4864
-34.8362
-28.8596
-21.4587
-20.7186
-28.7778
-30.8852
-33.5308
-26.5554
-16.1739
-5.6722
-8.5240
-10.4111
-14.2574
-18.1041
-17.6028
-15.5644
-15.3534
-25.9171
-29.2210
-27.0839
-25.8101
-24.3972
-17.3287
-15.1268
-19.7115
-24.4521
-28.4174
-27.4525
-22.6063
-1.1844
8.9269
0.9286
2.4205
7.3898
9.2921
2.7234
-4.7338
-0.8142
9.0505
4.6881
0.9959
-4.5023
-7.5853
-6.0302
-3.4277
-6.3776
-15.5915
-36.4825
-35.0843
-31.5711
-31.0811
-26.4779
-21.8342
-18.9233
-14.1441
-8.1961
-5.9019
-13.5174
-19.7169
-23.6934
-18.7514
-5.5189
3.3724
8.7014
10.2060
10.1384
1.5480
-1.7623
-1.0803
-11.7559
-15.7437
-16.6704
-18.6879
-20.8370
-19.6840
-22.1545
-23.9736
-21.8899
-19.6303
-18.5118
-25.5087
-25.3196
-23.6454
-27.3300
-23.8322
-17.0377
-1.8318
0.8249
1.6556
0.2386
5.9025
10.9743
12.8373
5.8950
-0.6566
6.4460
9.2210
2.1320
-8.0319
-16.1180
-17.5175
-16.7255
-14.5379
-12.1222
-17.8157
-9.6833
-11.8216
-26.7181
-28.5689
-20.4929
-12.0512
-18.6087
-28.8251
-32.7711
-27.9815
-16.8694
-18.4607
-24.9868
-25.7258
-30.5960
-32.4027
-25.1464
-17.6366
-14.0020
-9.5541
-5.8083
-5.6182
-8.7353
-9.2898
-10.8497
-9.0792
2.4062
8.0562
11.5615
9.5645
8.1056
-3.8259
-17.5316
-17.9888
-11.8639
-14.6689
-21.0571
-25.0574
-25.0756
-16.6892
-22.4143
-29.2700
-30.0851
-28.1950
-27.6531
-12.1185
11.1361
24.1757
14.3277
2.2967
0.8929
6.0610
0.0735
-10.6042
-13.2756
-13.4402
-16.7309
-25.3025
-27.5782
-24.6898
-23.8144
-20.6111
-19.2022
-17.5605
-14.3634
-11.8182
-7.7426
-1.4154
-15.0845
-24.0800
-21.6356
-16.2942
-6.2201
-0.3670
4.1284
5.3696
11.8755
13.1744
14.2798
18.1588
10.7383
3.2505
1.6206
-1.9917
-4.5902
-7.6899
-5.6974
-13.5699
-14.9168
-18.1655
-30.9841
-32.6469
-19.1052
-12.1740
-10.0108
-15.4715
-13.5439
-9.1572
-15.1391
-16.0281
-15.4684
-11.7376
-9.6809
-18.6829
-4.1032
-3.7237
1.6441
2.7390
-5.4021
5.6935
16.3386
19.1998
24.0337
28.2537
30.3284
27.5270
20.1039
15.6463
7.8186
0.8160
-5.1075
-2.2512
-2.8367
-9.7562
-16.3378
-21.9325
-21.4088
-13.7537
-18.1712
-25.7502
-22.7346
-17.1879
-8.2792
-1.7593
2.6862
2.1547
-7.1970
-8.2379
-10.4649
-16.4685
-15.5931
-13.5396
-11.5779
-7.0470
-11.0611
-10.5049
-6.1886
-9.8613
-13.6509
-6.8834
-8.8280
-21.9004
-15.6827
-4.5243
-1.1590
5.8589
7.4751
4.9815
6.2997
-3.3201
-23.4242
-22.1617
-10.2132
-3.4261
-5.7888
-13.5160
-16.8254
-13.9159
-13.7064
-13.5474
-12.6126
-8.5801
-7.5653
-10.3171
-20.1360
-23.6524
-19.7804
-17.2745
-16.5899
-21.4375
-25.8133
-29.4746
-34.8392
-31.5256
-30.3407
-26.4130
-12.2047
1.4630
1.0663
1.2864
4.9374
5.3075
1.4071
0.7166
0.5956
-0.1608
-0.1550
0.4467
-1.4617
-1.8832
-2.1293
-2.6347
-2.3435
1.1338
-5.3630
-5.2892
-4.1573
-0.8523
-1.4027
-0.2341
0.5476
1.5933
0.2283
-3.7041
-0.2132
3.0728
-2.0303
-8.3924
-6.2363
-6.0135
-15.7953
-17.6635
-25.0204
-37.6428
-25.3014
-9.8558
1.6442
-3.3673
-6.6780
-6.7945
-10.3319
-20.6029
-27.3868
-18.7804
-7.9639
4.3623
12.6238
12.7538
10.8546
13.2007
13.6715
4.8913
-0.0506
1.0482
5.5931
4.1441
3.8473
2.1793
-13.8449
-22.4465
-30.6311
-23.9949
-18.1837
-12.1086
-5.9406
-5.2083
0.5916
6.6007
11.5394
15.6948
14.4255
12.0529
3.3860
-7.3377
-16.4908
-19.3329
-31.2041
-30.1684
-22.7254
-17.2083
-10.4930
-11.3167
-19.8244
-31.1871
-37.4613
-41.1961
-36.0328
-21.7958
-20.6264
-23.0250
-19.7424
-16.5422
-10.4667
-24.2505
-28.7108
-22.3974
-19.4316
-14.6187
-18.1913
-22.9911
-11.5062
-10.4016
-16.6166
-16.7620
-12.0161
-12.5344
-17.0100
-5.5236
-3.7933
-3.1569
-3.8829
-0.7641
4.0143
-7.7555
-14.9102
-15.2728
-13.7909
-16.9092
-10.0736
-6.9282
-21.0525
-34.4312
-24.5133
-13.1389
-8.2195
-6.2376
-5.1547
-8.0770
-6.9805
-7.5574
-11.0908
-23.6804
-27.2750
-26.3978
-24.8097
-31.3177
-37.5073
-30.5153
-20.0840
-25.1591
-27.3374
-29.6845
-32.4237
-35.2806
-22.8403
-18.7787
-10.2165
-0.4042
1.2077
0.7521
0.1266
-3.4000
-6.5843
-4.1169
-3.1075
-1.7075
0.4528
-0.7661
-1.9164
-0.9888
0.7369
-0.6694
-5.0904
1.3509
6.2901
-1.8310
-6.4786
-8.2889
-14.4730
-14.8826
-7.7380
-0.2351
8.0715
4.6597
-1.7641
1.8267
0.8162
1.2066
1.5528
2.0167
0.5992
0.8714
1.6815
-0.3185
-1.4551
0.4078
0.8432
2.7570
0.7713
-3.5743
1.3138
2.2539
2.7103
3.0859
-17.7542
-18.8899
-16.4805
-11.3645
-8.2926
-7.7520
-4.8070
-3.5078
-6.3195
-10.0910
-8.2745
-7.8988
-9.5424
-10.4678
-10.7586
-12.0631
-9.9440
-9.8082
-13.5203
-11.2954
-8.9457
-7.5169
-6.1413
-10.7842
-9.3326
-0.1089
0.8881
-0.1553
-1.4342
-1.4753
0.7502
2.3863
2.0421
0.2980
-1.5261
-1.2174
-2.3147
-1.6543
0.7606
-0.8544
-0.3347
0.4223
1.9627
4.1042
4.3336
1.1545
0.7558
3.1838
9.9839
1.8764
-6.7779
-16.9154
-24.1556
-31.3405
-25.9724
-7.4175
-4.7840
-16.3851
-28.5065
-29.7904
-25.0610
-20.0869
-29.9705
-32.4432
-21.4941
-14.5626
-9.0481
-6.6744
-10.3636
-17.3683
-24.8785
-28.2008
-28.4621
-27.6634
-28.3231
-22.1920
-20.1975
-17.7259
-14.7006
-9.9531
-6.0410
2.3409
2.5234
3.6577
0.5668
-18.0464
-34.8766
-35.0449
-31.6042
-27.7095
-25.0872
-27.2320
-26.0994
-24.0751
-20.5725
-2.5689
-8.0811
-14.7353
-18.8615
-18.0253
-14.9968
-8.7712
-0.7936
-0.5656
2.5339
-0.2660
-11.9570
-19.5536
-25.8107
-21.7454
-19.3474
-23.1368
-15.8377
-10.0319
-13.9167
-17.4236
-21.2574
-20.0895
-15.7168
-12.3433
-18.9708
-23.5174
-20.3512
-17.0425
-7.8610
-11.0671
-4.1253
7.2869
3.9478
-15.2377
-20.2891
-16.2862
-12.1886
-12.5777
-11.5524
-15.2351
-22.1095
-31.2148
-19.6829
-11.1180
-9.9276
-8.2974
-4.9877
-17.8616
-22.0927
-27.1573
-23.0162
-14.7106
-11.5790
-14.9028
-11.4639
-11.2057
-9.6536
-18.6763
-24.4736
-24.5082
-24.5760
-25.1160
-18.6003
-6.2113
-4.0744
-10.9305
-18.4319
-26.6729
-22.5548
-16.3762
-13.6160
-17.4409
-14.9208
-12.2323
-11.6379
-12.8293
-1.0504
-0.4392
-5.6731
-7.4941
-7.9103
-5.9675
-8.4590
-6.9217
-5.3037
-1.6750
2.2119
2.9329
1.6387
1.6059
5.9110
-4.3476
-19.9118
-16.7926
-6.6351
1.6385
5.8046
8.6874
1.3350
-6.0879
-16.6836
-23.0359
-18.2677
-21.4337
-26.2287
-22.0621
-16.3750
-10.4094
-12.5878
-17.1996
-16.0379
-16.6294
-17.7135
-19.0867
-18.7474
-18.5025
-7.5299
-1.4383
7.2728
12.4249
-3.5961
-16.6357
-20.1397
-17.0883
-17.2440
-21.5299
-30.2885
-34.0822
-34.0001
-29.0199
-28.9052
-29.1642
-35.7212
-27.4035
-20.3075
-8.7904
-2.4828
-1.1648
-0.6130
1.5619
5.7499
7.9285
9.9151
7.7418
4.7549
0.4860
1.3122
1.3757
-3.6659
-15.5338
-26.1543
-22.9608
-15.4925
-2.2591
7.2481
4.1914
-6.8635
-11.8380
-15.2577
-8.1291
-6.3987
-11.3386
-16.9839
-25.6702
-19.3053
-16.2153
-20.4826
-21.6845
-22.5766
-46.1577
-48.1230
-31.1246
-20.6656
-18.6615
-15.3827
-5.3968
4.6688
-1.9789
-13.7618
-18.3924
-15.6533
-8.5639
-2.0695
-6.0230
-8.0672
-5.8770
-11.4596
-14.8840
-9.6606
-3.3507
3.2397
7.5278
9.9729
12.1461
13.7931
6.1753
-4.0788
-7.2166
-8.6677
-7.2871
1.5779
7.4588
4.0140
-3.9884
-6.9435
-5.2202
-1.5680
-2.6812
-6.8107
-5.2729
-11.6432
-0.5564
9.2017
7.1987
5.4849
0.9985
-1.3621
-11.8088
-20.7428
-16.7505
-11.2855
-9.8304
-7.3389
-10.0794
-9.0225
0.5387
2.3508
-1.3946
0.7584
2.4924
2.6526
4.5968
2.0382
1.3749
3.3896
2.9034
0.7742
0.6503
0.9172
-0.6798
17.1275
-7.0861
-17.3943
-17.6804
-20.2627
-23.3716
-25.8798
-22.1593
-10.2965
-8.7904
-5.1880
-10.6949
-17.1093
-20.6258
-26.9978
-34.5613
-41.3848
-36.1013
-26.3572
-23.4727
-13.5415
-16.9209
-15.7710
-15.2137
-10.6160
-8.2079
-15.7052
-24.7118
-31.9488
-29.8453
-30.0606
-20.7163
-14.3076
-12.0617
-9.9824
-3.0131
9.8404
30.5151
42.3695
39.8578
28.8547
12.4768
7.4904
6.4220
4.4443
1.5201
0.4979
4.0771
4.1306
1.0766
0.1845
0.5645
0.0946
1.2542
4.5093
6.0450
4.2182
0.3466
0.2523
2.1070
1.6713
3.6389
3.2054
-10.4740
-14.0643
-19.5552
-25.1658
-28.5902
-23.3760
-5.0889
-1.8701
-5.0351
-15.7881
-20.9097
-23.7892
-27.0122
-33.0662
-33.8082
-33.6103
-25.7650
-15.6552
-6.7566
-3.3147
3.3692
5.8735
4.3551
1.8362
4.1179
8.3653
6.6086
4.7443
1.4908
1.5854
0.9624
-7.6478
-28.4544
-21.5541
-15.5601
-11.6507
-6.1338
-0.8572
3.8663
1.8646
1.7911
8.4044
11.7706
10.5185
6.6005
8.1635
12.1177
12.5413
9.0489
3.8514
-18.2127
-27.3648
-26.0756
-26.2666
-8.2660
-6.1482
-5.4024

Coefficient 12:
0.0000
-0.2578
-2.5243
4.3013
6.6473
3.7882
-0.9036
-3.2693
-0.4569
1.5440
-0.1626
-3.3710
-1.1503
-3.4623
-4.4148
1.8482
2.3684
0.3859
0.7351
4.6760
1.7777
-4.2167
-6.0282
-3.7697
-6.6834
-9.1140
-8.9743
-8.8072
-8.2268
-6.8887
-3.9719
3.3850
1.8593
-0.1714
6.5250
4.3839
-2.7570
-7.7933
-5.4358
3.5140
7.1011
7.5474
2.5415
0.8761
-2.9362
-7.4599
-13.1722
-13.7297
-14.8225
-13.7721
-9.7579
-6.9894
-3.2843
-6.2349
-13.3670
-16.3855
-12.0275
-10.5403
-17.2693
-24.5838
-26.6286
-21.6047
-8.7081
-13.8011
-15.2871
-14.9016
-13.4634
-13.1743
-13.1410
0.9809
12.5446
13.1531
3.4125
-4.7035
-9.4424
-11.9894
-7.8826
-13.1103
-19.1789
-16.2877
-14.2498
-15.1586
-11.8314
-12.7244
-16.5232
-14.9245
-19.5312
-13.7399
-6.9571
-7.3545
-8.5574
-21.3186
-23.9570
-29.1309
-33.6771
-31.2089
-26.6009
-15.6550
1.6498
11.7929
17.9125
23.3748
17.2159
5.7793
-2.1072
-5.2932
-16.8886
-13.7705
-5.3769
-5.2580
-16.2202
-14.7488
-6.8783
2.8321
8.9584
21.0407
17.3456
13.5624
13.2712
13.0429
15.8898
13.3414
3.3840
-0.4649
5.0987
19.1195
17.9073
12.2462
9.6653
8.8564
9.8953
-0.7865
-13.9133
-13.8099
-15.5377
-12.6875
-10.2840
-13.9980
-14.3425
-12.6161
-10.5001
-14.3692
-20.1163
-24.5257
-23.1807
-12.7220
-5.4394
-1.5951
5.9199
6.4042
4.3675
3.2193
2.7059
5.4637
5.0311
5.2701
6.3398
4.9538
0.7103
0.1368
0.9933
0.3892
0.4460
0.9310
0.0343
-0.6800
-0.1963
-4.5525
-6.7782
-3.6336
11.9568
1.7820
-10.3461
-8.8722
-6.3970
-6.9160
-10.6478
-10.1464
-8.3054
-11.5883
-18.7040
-18.6724
-14.5736
-12.8787
-10.8003
-17.0750
-13.7990
-11.8616
-18.9987
-14.0421
-6.0616
3.6977
5.4498
-0.2890
-2.6672
1.7884
-0.5044
-5.7218
-6.4170
-6.5998
-8.9451
-5.3717
5.7803
-0.4291
-8.2630
-3.8861
0.4637
-3.4219
1.1032
7.1441
5.1340
-11.2845
-17.0032
-16.1218
-14.6734
-9.9430
-7.8500
-2.4763
-4.3653
-20.4481
-7.5553
-4.1737
-3.8604
-5.8869
-2.7967
3.4154
5.6106
4.5062
-13.2639
-18.0739
-9.8855
-20.7053
-12.2042
-8.3434
-9.2684
-14.4779
-21.7685
-28.0254
-32.9708
-20.2559
-15.6916
-16.9845
-22.0769
-28.0819
-17.8307
-7.0035
2.6139
1.9125
-2.4439
7.7616
12.7553
15.2932
21.1422
16.8301
10.6646
8.5426
7.0010
0.7049
-6.0403
-6.2002
4.5957
17.9884
24.1109
24.1092
12.6677
6.0524
-3.2150
-13.9645
-15.9234
-8.6766
-2.4388
-2.8826
-3.5863
1.6468
5.1605
-0.0070
-3.1577
-0.5355
-2.8831
0.2091
5.4800
8.5831
6.5278
4.3783
20.1674
25.3078
23.6513
21.0180
17.6472
15.6201
12.2042
8.3726
3.8593
0.7665
2.1934
2.5630
1.8521
2.2742
3.2941
0.8684
2.2694
5.7968
6.6376
4.5463
1.7789
1.4483
2.1159
2.8348
3.2057
2.7784
-16.3398
-13.0615
-9.2845
-5.7405
-3.8668
-7.4966
-11.1322
-17.8039
-6.2948
0.4247
-1.3751
-8.3302
-12.8983
-12.6331
-17.9158
-17.1842
-15.9407
-20.7387
-25.2914
-24.1695
-32.2424
-34.4934
-32.0766
-32.9147
-23.8035
-14.7805
-24.4562
-35.7841
-29.3266
-25.1524
-33.4287
-27.1118
-21.9496
-37.7573
-39.7788
-34.5261
-28.3672
-30.5512
-32.6018
-31.7167
-25.5695
-19.2200
-16.4766
-34.8214
-37.0804
-29.9190
-28.6709
-31.1096
-30.6774
-45.6104
-44.1086
-35.7786
-29.6038
-26.7736
-22.3140
-28.4918
-32.0673
-33.0950
-29.1285
-24.3572
-30.7685
-33.6167
-32.4093
-39.6233
-41.3336
-34.1191
-33.0033
-33.6600
-36.6620
-37.0744
-30.9879
-27.3654
-19.5928
-8.2351
-9.3796
-8.5421
-8.0151
-5.9700
-0.1568
1.7222
0.4435
0.2008
0.9085
3.4796
3.3828
-2.3344
-4.5845
-4.4134
-3.7935
-1.2001
0.7329
1.5851
-1.1988
-1.1782
0.5576
-0.3406
-2.2976
-4.2616
-7.5752
-7.8826
-6.0617
-9.3838
-8.5547
-2.1796
1.7116
3.0693
3.6165
29.5302
31.3930
14.6452
6.0052
1.0877
-5.7692
-9.1840
-8.9286
-5.7183
0.9379
1.9671
-3.4134
-5.2618
-5.1249
-5.1211
-6.4707
-0.9616
8.8831
13.0140
13.5714
13.3988
7.4833
0.7372
5.4829
5.5681
-0.6632
-0.8381
10.8881
22.4673
29.1624
31.7802
30.2256
31.4004
31.2966
30.3313
31.5084
35.2076
34.6243
34.6308
30.8116
15.9335
6.7325
7.7444
15.0725
14.4991
12.6545
15.5569
11.4985
10.6071
11.1611
20.4719
5.8144
-11.3568
-19.0623
-16.2451
-5.0540
1.0135
-7.3572
-13.0127
-9.2120
-9.7058
-20.3814
-20.5919
-11.7007
-13.0617
-5.6818
-8.2648
-12.2802
-12.4105
-9.9089
-12.9289
-22.5114
-28.8703
-24.2725
-15.0618
-17.4853
-21.0973
-20.3701
-9.1977
-2.0742
6.2093
13.5977
16.4019
17.2742
16.2084
11.6576
1.3449
-7.8719
-18.0126
-21.7889
-9.7981
-7.1235
-14.0076
-22.9956
-24.4084
-14.0150
-4.0876
-14.1920
-23.7471
-27.7698
-28.3483
-25.7383
-31.0782
-38.8379
-38.7451
-37.9826
-34.8458
-29.8401
-20.3928
-8.8782
-6.3570
-5.0904
-6.5753
-8.3815
-19.1197
-19.5073
-13.2095
-4.0848
3.4928
13.0745
16.6905
14.7960
10.9837
-0.8999
-11.7272
-23.7148
-30.8516
-35.7112
-38.8389
-35.0266
-22.2783
-12.9590
-5.3460
-3.1035
0.9727
-0.5686
-8.6043
-11.5662
-11.6724
-8.1874
-4.2107
-3.6152
-0.7676
-1.8364
-8.9314
-31.2860
-31.9412
-20.2281
-0.3265
3.3334
-5.0921
-14.1292
-21.0124
-25.9190
-26.9656
-21.2899
-17.9513
-26.7796
-30.2337
-24.3046
-10.0583
-1.1600
-14.3314
-17.4402
-14.8799
0.2942
5.7559
3.8496
-13.7041
-22.8062
-19.1531
-25.7978
-23.5442
-20.1755
-14.6030
-14.1974
-14.3974
-13.3599
-13.0500
-15.9196
-23.6188
-26.1419
-24.2041
-5.6638
10.1311
11.6553
8.4322
8.3041
2.9190
0.6018
-2.5262
-1.7606
-8.2963
-12.8056
-17.3989
-17.8177
-16.6524
-18.6546
-16.0663
-23.1099
-29.2967
-19.4745
-12.6230
-17.2703
-18.0471
-17.4534
-29.2027
-27.1025
-17.5567
-6.2669
-15.6647
-11.8673
-9.3803
-7.4850
0.9073
5.0324
11.8923
23.0759
26.7337
25.6311
21.7630
14.4862
5.1747
-9.0062
-21.1737
-42.6028
-43.4332
-34.9179
-22.1525
-3.2915
-0.7028
2.0644
1.2490
0.9004
0.5088
0.8189
-0.5543
-0.1428
0.8208
1.5878
-1.2206
-18.6072
-14.1920
-20.5432
-25.7526
-32.9906
-20.6936
-9.1637
-0.2524
1.7099
-7.2257
-3.4662
-2.7704
-7.1994
-12.3379
-18.2606
-27.7634
-30.6180
-26.6476
-33.3103
-27.6035
-19.4802
-14.5619
-10.5247
-13.1395
-14.8587
-14.7743
-12.0943
-9.6709
0.5219
10.1885
10.8240
3.8774
-2.4520
-0.3942
-8.7146
-9.1203
-13.0235
-12.1409
-12.3465
-9.5271
-7.8918
-8.6330
-11.5041
-15.1225
-15.2044
-9.9361
-5.2210
-3.7720
-9.3600
-5.7896
-4.4718
-1.9573
4.1795
-6.9084
-10.7202
-6.1666
7.5662
19.2674
24.4849
16.9216
1.2896
-12.4124
-16.1319
-11.3328
-7.2758
-7.8971
-7.8951
-4.2788
-1.6999
1.0667
4.0715
6.5123
10.5690
11.5318
10.8036
4.5521
-0.6001
-1.1295
0.5636
-10.8746
-10.4174
-6.8530
-26.0281
-39.4357
-33.5685
-24.7909
-13.8022
-1.4900
-3.3203
-4.4327
-8.2649
-10.9142
-30.6084
-31.7640
-22.6033
-9.9577
-2.5770
-2.8330
-14.5281
-22.3441
-2.3067
-14.0820
-19.3374
-16.2051
-9.5746
-5.3641
-6.3746
-1.1636
-4.5593
-18.3057
-23.1664
-22.6946
-17.3641
-11.8204
-7.7594
-10.2286
-7.3197
-5.1798
-7.2192
-5.7266
-6.2284
-4.1725
4.3623
3.1763
6.7449
9.3901
8.5606
9.5558
4.0046
-3.7685
-0.9838
-2.4302
-11.2277
-15.4758
-14.6106
-11.7687
-18.6631
-25.3377
-23.7133
-12.7709
-7.1603
-8.4812
-13.8665
-20.0681
-21.7841
-12.9602
-3.5330
-5.5481
-7.5308
-6.4088
-7.4242
-8.7326
-12.1513
2.2051
18.1308
2.9929
-13.5307
-13.7931
-2.9759
6.0891
10.8765
18.0848
14.9613
9.3679
3.2128
-2.3192
-17.0556
-26.9119
-28.5588
-19.2132
-9.0492
-8.0427
-14.0537
-17.4361
-18.2691
-25.4984
-33.3922
-34.3063
-21.5127
-13.7360
-19.0434
-29.9075
-34.1312
-35.8719
-33.8903
-28.4136
-24.9162
-28.3009
-27.6149
-12.7523
-21.2023
-32.5583
-40.3480
-39.2097
-40.4654
-45.8155
-43.5191
-48.8875
-55.7609
-62.4175
-61.6187
-51.1152
-37.1587
-28.5786
-22.5580
-17.4630
-8.4595
-14.8018
-22.8451
-18.6208
-4.3248
2.6899
-1.7890
-27.5722
-36.8254
-35.2685
-35.9961
-34.0870
-25.1858
-21.2345
-14.0637
-5.4071
-9.9052
-16.3581
-12.3540
-8.6273
-12.2960
-23.5766
-29.1711
-21.1403
-8.4384
-15.0449
-8.9126
-1.5033
1.6245
-0.9568
-8.6828
-15.0226
-9.8077
-1.1767
4.5343
10.9912
10.0415
4.0023
1.9947
0.2036
-2.5268
-3.4825
-8.8475
-13.6455
-11.8624
-4.8945
3.3007
1.5552
-6.2219
-13.2429
-9.0789
-10.7708
-9.7076
-22.2449
-29.7753
-26.6061
-27.5303
-27.1586
-31.8346
-31.8361
-32.1713
-31.3828
-23.1729
-10.6616
-3.0374
-8.7655
-16.4289
-18.9440
-15.8771
-9.7902
-7.0561
-4.8794
-2.7830
-11.3283
-7.5616
-1.8604
4.7661
10.3810
7.2365
5.0352
0.9881
8.5108
18.4433
19.8172
11.3312
1.7664
-3.7977
-6.0273
-13.8432
-18.0090
-22.1103
-11.4815
-14.7461
-21.4556
-24.0322
-26.7901
-17.8144
1.5253
11.7871
13.0111
8.6538
7.8611
5.0146
4.4729
10.6194
12.1389
5.8528
-2.4685
-9.0234
2.0788
7.5322
15.8680
11.8812
8.1715
8.4584
6.9301
5.6735
0.9354
-7.9909
-2.2369
7.1862
7.1017
3.9303
-4.4576
-10.9639
-11.8706
-11.7519
-8.2330
-6.8252
-9.0512
-2.9629
2.0025
1.8482
1.5047
0.0543
-2.6867
-2.4810
-1.9538
-0.8554
1.3890
0.6821
11.4295
8.7909
7.7265
9.7142
9.5406
3.9389
1.5644
-0.9165
-6.4488
-9.9867
-11.0721
-14.1240
-14.7097
-5.4300
-4.6585
-6.6364
4.3658
-1.9296
-14.1162
-17.7020
-19.1963
-10.7985
-11.3875
-6.8374
-14.0377
-12.1167
-8.7998
-11.5726
-8.3374
-7.4959
-6.4120
-3.7216
-4.2654
-4.5233
-2.4127
1.5004
-0.9260
-6.5350
-13.3773
-19.0489
-18.6073
-17.6058
-15.3637
-23.2202
-23.0548
-14.6512
-12.1268
-15.6438
-20.4802
-20.4689
-15.0887
-3.6158
0.0198
0.7085
4.1189
4.3405
0.6041
0.1114
0.1558
-0.6005
-0.5643
-0.7385
0.0786
-0.6806
0.1100
1.1470
0.3240
0.9034
1.5581
-0.8512
0.9467
2.2580
5.0329
4.5105
0.8390
-0.4151
1.5278
0.9790
2.4578
4.0765
6.6216
2.4250
-3.7326
-6.6054
-5.4027
-1.7331
-12.0487
-21.8510
-24.6113
-26.7939
-33.2549
-29.0923
-22.2222
-16.2626
-17.1531
-24.2787
-24.6168
-17.7073
-6.6298
6.6601
14.7914
11.0394
4.2809
10.1680
13.9123
9.4689
4.9394
0.6740
2.6877
4.1459
4.3606
-1.8309
-16.9910
-19.2969
-15.3610
-12.5599
-20.5848
-10.7344
5.2533
9.7545
11.4921
5.7716
4.1108
4.1869
9.5217
11.0559
4.7652
-1.9875
-8.7259
-6.6665
-5.5342
-9.2673
-16.2398
-18.1633
-17.8460
-16.1207
-17.4987
-15.6750
-18.4592
-27.8651
-25.3986
-29.6915
-28.2710
-15.1617
-13.3434
-17.8789
-29.1394
-26.8644
-11.7374
2.6411
3.7055
7.5193
6.5107
5.1551
5.7971
14.3159
21.6487
15.0904
3.5733
-8.6323
-5.8062
1.1277
-2.2392
-7.0902
-6.6653
0.8257
-14.2508
-26.4416
-37.0180
-32.3214
-26.0070
-24.4716
-13.9313
-15.4252
-14.6449
-9.7833
-1.8334
-7.3821
-11.4039
-10.7235
-11.0616
-10.9971
-13.9692
-23.7108
-35.0166
-36.6401
-35.2596
-36.4094
-37.2473
-36.5999
-24.2657
-16.5093
-16.1456
-29.3457
-38.1296
-34.8892
-27.3896
-16.7784
-6.5826
-4.4055
-5.7586
-0.2722
0.8405
0.3759
-0.6595
0.2579
-1.7100
-1.6072
-2.8572
-2.5538
-3.8259
-8.6021
-11.9758
-10.1972
-8.0431
-4.7235
0.6811
2.2835
5.8853
0.5957
-5.6943
-2.0953
-1.8431
0.1719
2.4285
4.4759
6.4580
3.9540
5.7007
1.2496
-0.0533
0.5599
0.6495
1.1088
-0.0478
0.4169
1.1901
-1.0834
-2.6273
-0.9314
-0.7950
1.3349
1.9816
3.3518
6.4450
7.8081
9.4877
1.4696
-3.0432
3.7624
3.8355
3.4739
5.1648
5.3362
5.4468
6.3870
3.9052
5.6119
8.4984
7.7090
4.3210
-1.1301
-3.7919
-8.9733
-11.6852
-12.7182
-10.0306
-3.8898
-5.6611
-7.0954
-0.8846
-2.7352
-1.9733
1.6360
0.4078
-0.3837
-1.6076
-1.8007
0.4945
3.2489
3.9304
1.6865
-1.6065
-1.8262
-2.2221
-1.3709
0.3983
-1.3146
-0.6413
0.3758
1.2780
2.9727
3.7159
0.7810
0.4099
3.1024
-5.8710
-19.0072
-22.5268
-37.1796
-36.6453
-35.0254
-30.3225
-19.4549
-4.1672
1.0416
-1.2151
-7.3820
-4.0808
-3.8834
-3.7751
-3.6731
-11.7834
-11.4659
-9.0776
-11.5780
-0.4272
-0.4426
2.5430
5.0861
8.1679
11.3464
16.9896
19.0486
13.1330
0.0330
-13.2551
-16.8407
-18.5646
-20.3135
-19.4692
-15.1829
-5.2747
-21.3493
-26.7307
-25.5201
-30.6912
-28.8216
-20.1298
-16.1547
-17.7539
-21.3938
-25.1057
-14.9977
-10.4590
-4.3957
-11.7791
-24.5438
-23.5079
-24.3214
-31.4253
-24.5645
-10.0476
-2.0628
-15.7181
-22.2135
-21.4407
-23.0563
-25.4686
-26.2556
-25.3981
-18.5423
-15.1851
-14.6131
-16.6700
-18.8782
-16.3270
-9.5904
-19.1883
-13.2646
-12.5759
-18.4122
-23.4672
-14.7357
-11.8161
-12.5691
-13.7648
-22.1242
-19.8738
-14.8381
-19.0340
-25.0562
-20.7895
-7.0910
4.7834
10.2066
13.9143
3.8808
-1.9740
-0.5035
-6.5034
-10.9156
-9.1602
-9.3053
-6.0212
4.1698
10.9095
2.7219
-8.7154
-10.8914
-17.5420
-3.3738
6.6949
9.7946
6.1798
5.3367
5.4884
-4.2048
-15.4754
-7.0621
4.5168
16.3711
27.6129
35.1602
35.5591
23.9741
8.1781
7.7409
11.9639
11.3248
5.5865
-0.4287
-2.2641
-2.0460
-4.6837
-6.4365
-10.5341
-12.9868
-10.2106
-8.1452
-10.3340
-8.5665
-4.1555
0.5612
7.1480
5.2905
-1.5113
2.9813
1.8159
-9.1338
-14.9411
-12.5074
-12.2288
-12.8945
-2.8397
4.6451
8.0549
13.5629
16.9187
17.0625
9.6877
6.8929
6.5359
3.8422
-0.7763
-1.5823
3.9651
10.5878
13.2468
7.5452
-0.7849
-5.4475
-11.6690
-34.0155
-35.5729
-21.7392
0.0150
9.2270
9.8357
4.9464
-4.0875
-15.0223
-14.3726
-9.3915
-12.2065
-18.3383
-10.7081
-7.7048
-12.3443
-17.7851
-17.6227
-12.6380
-6.6880
-0.4421
-4.3314
-8.2514
-8.1398
-9.0148
-9.0124
-9.3837
-11.0850
-9.7683
-10.4359
-6.3013
3.3933
9.6388
5.1411
-5.3885
-5.0309
2.0953
1.1641
0.4339
4.6439
13.3372
13.7812
14.7045
12.4385
7.5979
8.6387
7.9257
6.7768
4.7387
0.1369
0.9298
-11.4316
-10.6248
-9.3211
-14.5947
-13.5429
-13.7618
-19.6085
-14.3141
-8.5963
-0.0685
5.6707
8.1988
16.4656
11.1192
2.7193
-8.8394
-11.4748
-14.2195
-17.9863
-16.9553
-12.9025
-9.5296
-10.7521
-13.8159
-14.9533
-16.4632
-19.6716
-17.8884
-3.8357
8.4821
10.9181
6.2434
-8.2256
-11.6239
-6.2812
-5.9924
-3.8881
-6.1062
-5.7167
-2.3780
5.3412
14.7444
20.6426
22.7201
27.3960
24.1790
12.6040
7.7035
19.8366
25.7339
27.1021
24.4748
21.6436
14.4016
5.9351
1.8214
-7.2145
-15.9745
-13.1052
-12.8584
-16.7901
-12.2222
-0.7079
0.5841
2.6058
2.3668
0.7144
0.3311
0.3069
4.1931
-3.9552
-22.9204
-25.7485
-23.1541
-16.2817
-5.4837
-2.8000
-10.1663
-11.4194
2.1289
18.0841
15.9303
9.5739
1.7162
-12.0274
-13.1676
-22.5190
-27.5687
-25.0315
-17.1804
-14.3209
-39.5180
-53.0926
-50.7225
-39.3519
-32.2999
-29.0694
-32.1818
-34.8000
-25.7461
-8.4795
4.5526
15.3694
21.2437
16.0989
1.7596
-0.9359
-10.1429
-11.1787
-6.5595
-3.5557
2.6917
3.8624
3.7310
2.9691
0.4504
0.0060
3.3556
2.9975
-0.0279
-0.7056
-0.1472
-0.3388
0.8178
3.7257
5.2660
3.3845
-0.4574
-0.2391
1.6850
0.9752
2.9007
-1.8854
-34.7827
-42.0074
-29.4186
-13.9798
-9.9199
-15.2017
-18.8023
-18.4075
-4.1006
-0.1949
6.1704
17.2859
28.4433
27.7987
26.8692
28.5481
23.1032
16.3767
16.9887
12.3121
2.8834
1.9118
4.0520
5.5956
3.2128
1.5374
0.0960
2.0480
0.9960
0.5357
-0.6727
-10.5444
-17.2138
-12.5854
-3.4506
0.9465
1.9230
6.6386
5.7367
-2.1912
-5.9804
-2.2593
-4.3873
-8.8020
-8.1607
-8.2020
-7.7424
-3.0529
-4.0529
-0.8640
-10.8573
-13.5173
-11.0991
2.8709
9.0132
7.5934
7.0521

Coefficient 13:
0.0000
-0.3589
0.2370
0.7366
1.4411
1.6106
-0.5492
-3.2371
-0.6281
5.0787
5.3780
2.4970
4.1641
1.4571
-3.7969
-9.7559
-9.1634
-7.2601
-1.5276
2.0319
4.7160
5.3910
4.1180
2.5648
-4.1941
-8.3414
-8.3922
-8.5579
-8.8240
-6.3351
12.4881
22.6394
18.3371
14.5958
5.4343
2.6707
7.5404
20.4217
20.0438
19.3781
22.2809
24.6582
27.5235
31.2457
26.8217
21.1372
12.9692
10.8189
3.8731
1.1890
3.7556
1.2617
2.3967
-2.6223
-9.7726
-6.9249
-8.1785
-13.2675
4.9537
20.9858
16.7409
6.4734
-3.5131
-7.7437
-3.7263
-4.4291
-13.2238
-16.0819
-12.5805
-11.7022
-17.2611
-23.5864
-25.9616
-26.5685
-29.5389
-30.5147
-26.7461
-12.8839
0.1284
13.0850
17.0164
10.4817
2.2840
-1.9944
-5.5355
2.2089
-1.6193
-5.9204
-5.7578
-10.3157
-18.6239
-0.8464
10.4568
5.2635
0.3991
-4.9761
4.2033
9.6501
5.9878
-2.5371
-6.9558
-15.3369
-12.3418
-1.7660
1.2668
5.6101
12.9232
8.5436
5.2465
3.0737
-0.6857
-1.4144
-1.9893
-5.9852
-3.5850
-8.2985
-11.5896
-15.8389
-16.6449
-13.2432
-10.5067
-3.4726
2.8271
1.8556
-4.5347
-3.9360
9.4502
9.1513
10.4671
12.4084
12.0040
3.1889
-8.2985
-10.7433
-12.5826
-10.2049
-13.3078
-15.0057
-19.4580
-21.9828
-21.2925
-23.5576
-20.2374
-16.0514
-10.3205
-3.1029
-2.2035
-0.7294
6.5215
14.5211
17.1574
20.5851
18.1252
17.1476
12.0296
5.7468
4.9409
3.8851
3.3166
3.1720
2.5050
0.0986
-0.8361
0.0453
-0.8627
-1.4929
0.1410
3.5612
2.9032
2.8090
11.1796
6.6899
1.5836
-3.3196
-4.8467
-3.5230
4.5377
2.3923
-1.0880
-1.1561
-1.9473
-2.0716
-1.5430
-4.2936
-10.4526
-16.4291
-19.3538
-19.2824
-20.7525
-1.8997
4.8196
5.6141
1.5178
-5.3909
-12.7649
-19.2466
-22.1085
-26.0547
-27.3280
-21.8825
-18.3258
-13.8492
6.5412
17.8233
21.2317
25.0424
30.8599
31.9079
18.8296
9.8396
4.1463
-7.7601
-9.9689
-8.3996
-7.9454
-6.0465
-6.2157
-2.1393
-4.0600
-12.6341
-17.6594
-10.3045
-5.3536
-2.6506
0.2707
5.9357
6.7044
7.8097
15.3373
13.0671
11.4014
13.8439
19.7308
12.6328
8.0076
1.9668
-5.6679
-12.3554
-17.7480
-11.3931
3.4191
3.5234
3.9375
7.9132
15.0511
17.5159
15.7863
18.3070
14.7180
13.3940
9.4822
7.2365
8.4717
5.1377
3.2041
1.8358
7.9159
-2.9374
-13.7707
-16.4300
-0.2591
14.6475
25.5237
22.5235
16.7977
8.3909
3.8583
-1.6874
-4.2903
-8.8811
-9.6014
-10.2713
-15.5585
-12.2781
-1.3808
8.0206
3.8935
1.0611
-4.8155
-3.5777
4.2948
5.3996
-0.0456
-4.0769
6.1119
8.2140
7.3654
4.8466
2.6194
4.1333
7.5363
8.6212
3.2465
0.5211
1.5237
1.3599
1.0003
0.9733
2.4836
0.9101
2.0746
5.4034
4.8051
3.4445
1.3802
2.3716
3.0268
2.0034
1.6986
-0.2454
-11.7324
-7.4165
-0.4174
10.6899
15.3891
-3.0052
-13.2812
-6.6182
-8.0323
-6.5366
-5.5497
-7.4140
-5.1019
-4.3219
2.7405
8.1119
5.1088
2.8614
1.0426
-3.3737
-10.5406
-13.6912
-10.5244
-7.9292
-10.3573
-14.8546
-15.7269
-15.4543
-13.0069
-12.0025
-19.9884
-22.4830
-23.2227
-9.4946
-6.0931
-18.2218
-25.1861
-23.4030
-30.6755
-33.9814
-33.6869
-24.0684
-12.7814
-20.6806
-23.0656
-19.4161
-13.0850
-10.0727
-10.1194
-5.2285
-2.0987
-3.8702
-7.7254
-3.6352
-1.8364
-13.4666
-31.6007
-36.3558
-30.2733
-33.4459
-34.1775
-26.8785
-22.0694
-20.0068
-17.4778
-15.1017
-22.9034
-24.7831
-25.2348
-14.6059
-7.7060
-9.0798
-18.8651
-27.6118
-21.4670
-11.7501
-17.4742
-14.4289
-0.6438
1.0687
-0.2648
-0.4260
0.3070
2.4598
2.3140
-3.5321
-5.5561
-4.8573
-5.5904
-2.7102
0.1207
0.9830
-2.4726
-1.9934
0.1365
-1.0592
-2.5359
-5.5968
-10.5387
-9.3222
-3.7500
-6.0957
-6.0238
-2.0231
0.7981
3.7274
-17.3382
-22.4633
-17.1197
-24.1679
-20.8359
-16.2664
-13.7654
-15.8318
-12.5506
-9.2272
-3.7256
3.0440
0.4995
-3.7255
-3.6796
-1.4712
-5.9921
-14.6867
-12.7781
-6.6365
-7.0389
-6.8376
0.1768
5.7803
6.8344
0.2941
-0.7186
-25.0920
-39.9601
-41.9916
-44.0737
-43.2109
-40.3493
-33.2448
-29.6158
-29.2416
-22.9605
-19.2320
-21.6440
-23.7812
-28.5901
-40.5215
-44.4014
-43.7354
-38.9332
-39.3765
-35.3453
-21.3979
-13.6115
-12.9545
-11.4052
-8.0293
-7.9298
-5.3643
-10.4213
-13.5578
-17.1315
-27.0806
-21.2830
-20.4317
-20.2046
-27.4232
-28.0909
-33.4952
-35.7953
-24.2911
-13.7685
-13.1236
-23.0983
-34.5217
-37.5124
-38.0985
-35.0176
-32.0131
-29.9247
-25.3590
-29.7422
-30.2955
-18.2449
-1.8024
-18.5299
-32.1633
-38.9885
-38.8473
-38.9355
-39.0805
-40.4826
-32.9002
-32.1213
-32.6242
-29.4248
-23.1097
-27.9179
-39.5646
-28.8260
-22.8188
-15.2925
-7.2477
-12.7164
-25.3618
-32.7455
-31.3585
-30.7517
-17.0661
-13.5498
-26.2979
-34.4158
-32.7236
-27.4739
-23.4594
-24.4964
-15.7749
-9.8500
-6.9462
-2.6452
1.7890
6.4086
1.6498
-9.9432
-19.2638
-28.7237
-37.2279
-43.9978
-42.2538
-41.5024
-42.8856
-42.6997
-31.7209
-25.7680
-25.5119
-13.9799
3.5011
8.3917
13.4115
18.2241
15.7706
13.5649
14.4105
10.4142
6.1197
1.3574
4.5104
2.8367
-3.1909
-2.9625
5.5801
-10.5290
-10.8964
-6.9064
-1.4638
-14.6792
-27.6687
-30.4207
-26.4274
-22.3697
-21.5074
-18.6257
-14.5204
-23.1875
-20.2954
-12.0673
-4.5966
-2.2304
-0.7147
-6.0443
-16.9091
-12.7035
-6.8613
-2.6355
2.0420
10.3253
15.9453
19.1427
16.8461
13.1334
20.8908
23.4922
21.0980
17.9340
10.9481
5.4409
-0.4740
-4.5328
-6.0206
-16.3432
-5.6681
1.6947
-7.9192
-17.8534
-23.6294
-15.5844
-7.6884
-7.7674
-12.5471
-13.4271
-17.1720
-20.2471
-15.0543
-9.6012
-3.2837
-9.2832
-18.3868
-23.8772
-26.0673
-29.4819
-26.7371
-26.2203
-28.5617
-24.6315
-13.9267
-10.7526
-18.5797
-10.4176
-6.8078
-16.1631
-17.2563
-11.8624
-10.1203
-8.3461
-12.1386
-16.8111
-20.7053
-17.0922
-12.9989
-13.5865
-11.2197
5.0228
14.7650
8.8550
0.3374
-3.0921
-1.2379
1.3410
0.2878
-0.0629
-0.1238
0.3844
-0.9603
-0.5855
0.6352
1.4487
-1.8338
-19.9097
-18.7359
-19.1902
-30.0037
-29.8708
-22.3409
-15.1151
-17.8435
-25.0995
-24.7346
-22.0067
-27.1533
-29.5726
-29.7540
-24.8082
-20.3120
-13.4565
0.0188
-2.0426
-9.9810
-15.8388
-16.7541
-19.2815
-18.3736
-16.1986
-16.3416
-16.1440
-22.1089
-21.1548
-3.5964
1.0433
-2.7799
-0.3126
-3.3942
-21.5144
-34.5740
-29.5551
-25.5630
-25.7675
-23.4674
-22.3959
-25.1110
-23.2487
-20.3761
-15.3203
-11.2082
-9.2736
-5.7750
-5.5303
10.8419
17.1261
11.3295
7.8381
2.9276
-0.5018
-3.5506
-4.0959
0.1868
3.1406
-0.7800
-5.8672
-12.6906
-13.3579
-11.1177
-8.3955
-7.9004
-7.6206
-6.4295
-3.4009
-1.4165
-2.5163
-5.1151
-5.0125
-5.9161
-1.9073
1.7479
-1.4929
-2.5514
-1.4744
-4.6655
-6.2111
-3.2091
-2.5658
-5.8164
-7.0558
-8.7549
-12.7812
-17.8627
-17.9473
-17.4864
-17.2078
-15.3116
-30.2916
-32.2795
-29.2438
-26.5363
-20.6494
-11.1919
-11.8371
-19.6113
-2.3924
-3.6138
-10.9577
-24.0521
-31.2485
-24.0916
-23.1801
-25.4800
-20.6918
-19.4224
-18.2382
-12.7357
-8.0204
-6.1742
-0.2444
-7.0284
-5.7316
-9.5212
-15.0903
-6.6791
-1.0830
3.9067
9.6988
-1.2857
-7.8893
-4.3803
0.2407
5.5949
7.4474
10.7478
15.8145
16.6520
15.3099
12.4405
3.6766
-19.6392
-26.8400
-31.8964
-40.7380
-37.0258
-29.4369
-21.8202
-25.7226
-28.6671
-36.8740
-40.7021
-42.9675
-39.2311
-38.9827
-38.4515
-38.5476
-37.6208
-38.9658
-40.1937
-54.8119
-53.9292
-36.7494
-23.0538
-18.5442
-18.9011
-15.8011
-12.8096
-9.9602
-14.1100
-15.3323
-12.0693
-10.6580
-7.8510
-14.3203
-17.4061
-16.0504
-17.1482
-25.8866
-29.9363
-33.5312
-29.1560
-26.8871
-21.4882
-17.2981
-17.1920
-15.5997
-18.1950
-20.6859
-21.0743
-23.9941
-26.1658
-28.4004
-25.2672
-22.0495
-20.7203
-20.5946
-17.6165
-20.9212
-22.9351
-16.6805
-15.8350
-9.6491
-7.1293
-5.2744
-6.0173
-15.3346
-24.1624
-28.5138
-32.7060
-31.8830
-26.6772
-16.6924
-14.3010
-16.9605
-19.5709
-6.8551
5.9190
11.8749
-1.1012
-12.1235
-28.0204
-30.1706
-23.9529
-20.7399
-17.1981
-18.5219
-16.5355
-12.9564
-8.9016
-5.1068
-2.3534
-0.1990
5.1176
8.7242
8.3198
2.0739
2.1512
0.1923
-10.8520
-29.7150
-41.8453
-36.5667
-32.5014
-35.6851
-36.3850
-29.1886
-21.9424
-16.8362
-14.2487
-13.5296
-17.0760
-24.3794
-20.1387
-9.7498
-5.8779
-3.2141
-1.0221
12.6242
16.8589
17.7610
16.4619
20.4606
6.9811
-3.2616
-13.7703
-18.7905
-25.4628
-27.2728
-22.7712
-14.3537
-6.0363
-7.9609
-6.3525
-3.7749
-9.1788
-4.7983
-4.8459
-5.1001
-3.8129
-0.1610
1.2835
-1.4560
-1.7123
-1.2787
1.4713
20.3689
22.3693
17.3560
11.0753
5.8731
4.6969
-1.0578
-1.9837
-6.9200
-8.8833
-8.0367
-12.6019
-16.6950
-18.3455
-20.7511
-15.3684
-7.9588
5.1531
13.1976
18.1324
21.4511
15.6765
15.4687
12.6500
6.6019
-2.8759
-6.1864
-1.4154
3.9435
-3.1204
2.3221
2.7902
4.3864
-1.6134
-2.0710
3.1359
4.7456
-10.6309
-18.5622
-25.9317
-32.2351
-33.0753
-29.1930
-22.3576
-18.4501
-18.9388
-19.3199
-17.7884
-16.2598
-17.5509
-12.4171
-9.2026
-12.8297
-10.7832
-8.6241
-3.7035
6.9220
19.1035
25.0664
24.7160
24.3830
23.0548
19.4087
15.0610
8.2725
2.8883
-1.7610
14.8887
4.1897
-2.6568
-6.9611
-15.4029
-28.3483
-30.5647
-32.6063
-34.0822
-34.2085
-33.7577
-37.2914
-35.7681
-20.5439
-8.3780
0.4258
-4.1041
-12.2443
-18.1195
-18.8267
-16.7629
-11.7421
-6.9001
-11.6501
-11.2240
-12.4815
-9.0266
-2.0056
6.9762
11.0532
8.5306
6.5352
4.7883
5.1794
3.3354
3.9508
6.3621
10.4096
7.0848
2.2006
0.7214
0.7022
-3.3917
-2.0794
5.2483
11.1266
8.2233
7.3491
5.3618
9.5439
4.5888
-2.3191
-0.8939
0.1496
3.3167
3.4146
-0.0963
-0.4313
-0.2641
-0.9984
-0.9195
0.9478
4.3480
4.1162
4.9681
4.4070
2.7260
0.6993
0.4061
-10.0261
-13.6814
-13.7388
-15.5951
-18.6589
-21.0654
-21.4066
-20.3903
-16.5337
-12.3981
-12.5440
-14.1113
-19.1196
-17.5447
-12.1166
-5.3186
-4.1692
-16.4464
-19.8703
-24.5317
-23.4023
-17.9381
-11.6335
-8.2386
-10.4380
-14.0213
-14.4030
-15.0781
-16.3314
-16.5844
-15.9995
-12.4206
-13.7081
-16.0273
-10.2811
-3.7238
-9.6094
-15.4262
-12.6070
-12.3911
-15.2214
-13.4694
-15.3836
-31.1976
-38.4383
-37.7851
-32.3638
-5.8435
2.3012
-10.1362
-18.0966
-20.7322
-25.6331
-23.0142
-22.4796
-16.9592
-13.6729
-16.4334
-12.5212
-2.9788
4.8954
7.7156
-1.3916
-8.0241
-11.4795
-12.4786
-10.0602
6.9697
29.0977
33.0252
18.7860
3.3713
-3.8794
14.1798
17.0754
12.2878
4.6092
17.9143
6.4381
-6.5641
1.4812
-2.0032
-7.2282
-14.6024
-18.0858
0.6195
9.5014
-2.6637
-7.4884
-4.5250
-9.7358
-0.1735
4.0133
-0.1192
-3.9421
-2.8504
3.0837
-16.1040
-9.4049
-12.5996
-15.3111
-20.3735
-12.6425
-1.8247
-10.8328
-18.4159
-3.1795
-0.6677
-1.7520
-2.0482
5.9681
9.9258
8.0470
-7.2350
-9.5109
-9.4742
-5.9754
-2.3477
-3.6826
4.9736
14.7381
15.8524
15.7852
13.2584
9.0624
10.9854
11.5200
17.9178
33.9912
38.4557
36.6389
24.7670
4.6011
0.5953
0.1475
-0.6999
7.9433
10.8086
10.1362
6.7059
3.2110
1.2941
0.2269
-1.1388
-0.1411
0.3207
-2.4338
-7.3915
-11.0207
-9.9022
-13.5677
-14.0028
-10.0159
-4.9318
-2.6568
-6.4442
-13.8968
-21.2109
-14.8649
-2.3484
0.7307
-0.8484
-0.0560
-0.1628
0.2896
-0.5758
0.0683
0.7561
-1.6775
-3.4619
-2.0098
-2.1336
0.1241
-0.9860
2.8365
5.8570
0.1759
0.5141
2.6310
5.7204
10.5593
12.3612
6.7430
0.7941
0.0559
-0.1897
1.6364
-1.7899
1.5467
5.4172
3.8123
0.4940
-3.6299
-9.6670
-12.3676
-10.6162
-8.9497
-2.9164
6.5942
4.9149
-1.1088
0.6066
-4.1043
-2.6244
-0.5450
-0.0143
-0.3817
-1.4886
-1.8667
0.3463
3.6103
5.0845
2.6947
-1.5704
-2.2401
-1.9509
-0.9542
0.0600
-1.6581
-0.8833
0.1362
0.6776
1.9559
3.1267
0.4391
0.1411
3.1253
4.0198
-8.8544
-6.6318
1.0377
7.9313
10.2814
4.5318
-9.7046
-10.7711
-5.0836
1.5571
10.3479
14.3160
15.4683
25.1280
16.5057
5.7887
4.6283
7.6619
8.6303
16.8382
11.0633
6.6176
-2.3054
-9.4678
-13.2554
-8.3688
-12.7229
-17.8712
-15.8031
-7.9072
-5.0647
-5.7577
-9.1830
-5.5797
-0.2201
1.0272
-2.4736
10.9431
11.7965
3.5670
-6.1693
-1.1593
1.1599
3.6507
1.2045
-2.5338
3.0794
4.0291
1.4063
2.3846
3.1324
2.6538
11.8226
8.9963
1.6967
6.7268
11.1815
2.1058
-2.3588
-1.7002
-10.3403
-16.5118
-3.7710
-0.4949
-4.1266
-1.5650
6.5469
7.9924
1.9690
3.0416
0.3354
3.8421
-0.5826
-1.7858
-5.2671
-7.9042
-4.2577
-2.6372
-5.0832
-7.2684
-13.9503
-14.3842
-15.8407
-21.3195
-16.5677
-12.7247
-13.2791
-15.2378
-4.3569
-3.5659
-12.9188
-12.7432
-10.0050
-7.8017
-0.6816
1.1048
1.8117
6.0296
-3.0894
-12.0668
-16.3259
-18.2828
-18.0123
-17.2571
3.5791
6.6601
5.7410
3.0701
6.9684
2.3722
-2.6463
-7.4227
4.8171
13.8089
16.3449
4.5119
-6.1146
-6.5746
-10.4774
-11.5977
-11.4300
-3.2123
-1.4609
11.5772
24.8384
28.1857
30.4950
26.9568
20.3407
16.4529
16.8367
17.8796
12.8727
5.3209
-0.9883
-0.4063
0.6548
4.9623
8.9084
7.0374
5.6035
7.9017
12.1886
8.5548
5.7241
4.1645
3.1154
22.7386
28.9567
17.1507
9.9071
1.4110
-0.6587
-3.8624
-13.8897
-17.3141
-9.6685
-0.0791
0.4109
-10.0065
-20.7028
-26.3778
-20.1721
-11.9792
-9.3051
-12.9122
-4.0391
12.1404
10.1629
7.1658
6.9592
10.4305
6.9274
-2.7000
-11.9380
-15.3977
-15.7351
-16.4906
-11.1140
-7.1634
-18.3873
-23.2091
-27.1540
-34.7906
-39.9821
-35.8943
-32.5623
-31.9775
-30.5461
-24.6327
-21.0836
-16.7148
-17.7074
-15.9050
-13.0267
-5.2942
-1.6031
-5.5892
-4.1752
2.7829
8.6873
6.0295
1.4372
1.2428
0.5312
-1.0417
-7.3180
-12.6151
-5.4482
-2.8389
-1.5252
1.7340
5.7017
7.3827
9.2350
14.3370
14.9782
10.8503
-2.6278
-9.6260
-13.9279
-18.9596
-20.9096
-18.7219
-9.0305
-7.0439
-6.8968
-5.1825
-3.3585
-1.3581
-1.3479
-1.4974
0.1028
1.4525
-0.3663
-8.2739
-14.2293
-16.9365
-10.8645
-5.8057
-4.8798
-8.8102
-17.6254
-22.9564
-23.3296
-6.7565
-6.0066
-19.3109
-27.4224
-13.1499
6.5908
12.9111
15.0008
17.1055
12.2484
10.0428
8.8151
15.5675
13.1822
6.7293
3.1447
7.2439
9.4494
7.4598
8.8364
13.9362
8.0989
1.3389
-2.3182
2.6621
13.6594
18.0782
14.1202
8.3510
7.8543
10.1820
10.0087
9.5056
5.7796
2.6783
0.6980
1.8780
1.8822
0.6717
0.0430
-0.2674
-3.7747
-31.3405
-24.8547
-11.4792
-0.3782
3.5868
0.6758
-3.1676
-4.0626
-11.7252
-15.3320
-8.9451
-9.6512
-13.3807
-10.8120
-1.7780
13.6274
12.9173
15.5740
11.9355
1.2383
-19.0452
-40.4344
-48.3488
-46.2609
-43.6102
-44.7668
-40.9861
-35.9012
-32.2000
-16.2539
1.6858
4.1840
0.2949
-5.5611
-0.6515
-1.8925
-12.7208
-31.3549
-31.8927
-31.9996
-24.2044
-11.5760
-10.3101
-7.4304
-4.9644
-3.5818
-0.4320
2.6598
1.9225
-0.9981
-1.4230
-0.7496
-0.6693
0.4481
3.0601
4.5546
2.6073
-1.0651
-0.5142
1.2972
0.3715
2.2852
-3.1049
-0.9363
2.1206
2.5973
1.3853
-2.8026
-6.9637
-3.5379
-1.3997
17.2654
19.1867
11.7759
1.9344
0.9134
-3.3600
-3.5324
-6.2100
-4.4824
5.3880
8.7052
2.0058
-0.9607
-0.7754
-1.1521
3.2557
-1.0801
-3.6054
-2.8743
-0.3437
0.5519
-0.3881
-1.9398
-9.0244
-3.3150
9.6703
11.0595
9.7506
8.9785
10.4128
7.2005
-0.7423
-1.1761
-6.4465
-5.7441
-8.4513
-7.9515
-7.2113
-5.3152
-4.8311
-5.1820
-2.9930
-2.5146
-3.4848
-2.7440
-21.0738
-13.1263
-7.3720
-4.8777

Coefficient 14:
0.0000
-0.3986
2.5918
0.4113
-2.0811
-1.5818
-1.4639
-2.9929
-0.5833
3.3208
2.0823
-2.9745
-2.0131
-0.6783
-4.8272
-17.6995
-17.0805
-12.1774
-2.6859
-0.5602
4.2549
10.1283
11.8397
9.1204
2.3621
-3.5199
-5.2876
-2.8480
0.5817
-1.0409
-1.0351
0.8831
7.9881
12.0016
11.2497
7.3470
7.7453
18.5048
19.7076
14.9005
9.2517
2.3609
-1.1541
-2.6671
-12.6230
-19.1958
-17.3897
-9.5083
-8.9211
-5.5326
-5.1457
-9.6783
-7.0061
-11.6820
-15.2739
-5.4298
-4.2957
-10.9090
-8.1883
4.8480
10.1679
2.1114
-6.1950
0.0250
3.1585
-2.9444
-9.8294
-5.6906
4.6195
7.8376
2.3414
-2.4096
-5.5527
-6.4877
-6.0842
-2.5126
2.9549
6.7969
6.1744
3.5960
1.3574
-3.6413
-0.9923
-3.1612
-10.7248
-15.1910
-15.7049
-10.1262
-12.0236
-21.1180
-22.6046
1.1037
7.9302
10.5592
11.3178
3.2698
-0.7961
-7.4414
-21.1958
-23.7681
-15.8384
-21.2057
-21.1227
-15.9049
-14.6355
-13.6748
-11.3357
-9.1837
-2.2949
4.1992
5.9773
-4.8625
-10.5440
-8.6795
-1.5338
8.9709
-2.4753
-12.3730
-12.1937
-6.0344
-0.0070
-6.5005
-9.2777
-9.6623
-6.1751
-10.2319
-6.8758
-7.7707
-10.0000
-7.9934
-7.8476
-7.8053
-11.5518
-7.8106
1.6571
0.0045
1.8298
5.6622
12.2347
12.9008
9.5465
9.8075
12.9938
12.3045
13.6181
4.7853
-0.0049
0.0779
-5.5206
-6.2508
-4.8159
0.3308
2.1610
1.8652
-0.2662
-0.6787
3.6090
2.9313
5.2970
5.4664
3.7274
-0.0656
-1.9548
-0.7430
-1.6438
-2.2410
-2.0420
5.2891
6.3241
2.8601
-1.6985
4.8146
6.3924
9.9842
7.7679
1.8179
-3.5315
-3.3685
-1.9782
-0.1414
1.0473
-1.6981
-0.5901
2.6879
0.4042
-6.8377
-14.7732
-17.9679
-16.6959
13.3171
15.9442
0.8765
-1.3110
-1.8429
-3.6512
0.3853
0.3118
-2.5718
-0.5199
4.5645
4.5675
-3.0104
-8.9602
0.5352
-1.3733
-5.8180
-0.8813
6.7451
8.6342
5.8336
3.2165
-5.3514
-5.9476
-4.5859
-3.9211
-3.1741
-4.2085
-1.3768
-3.1371
-6.1326
-15.3129
-4.9278
0.6131
-0.3369
-5.1004
-4.0504
-0.9954
-0.8585
13.0904
12.5732
8.8542
10.6861
10.3446
16.3179
15.2627
14.1140
10.6403
12.6715
9.5709
4.5816
-5.3765
-12.8188
-10.8279
1.4006
-1.0289
1.7360
2.3545
8.7627
9.8708
11.7803
9.2948
10.1680
16.7368
16.2753
15.6191
8.7916
5.1302
2.1294
-3.0747
-0.3441
7.1425
7.7629
12.0581
12.8943
5.3878
-2.1419
-1.7076
-3.2650
-4.2933
-2.4789
1.2358
1.8033
-1.5705
-1.2525
4.5443
14.5200
16.0557
16.5176
16.5306
16.5649
21.7510
14.6744
5.2803
2.3356
13.9472
16.2755
12.1592
7.3874
2.1243
0.4016
2.7885
5.0271
1.2029
0.5332
0.9933
0.3550
0.4403
0.0650
1.7715
1.0200
2.0654
5.2677
3.7586
2.6993
1.0199
3.0829
3.7144
1.2683
0.2082
-2.7773
-3.5940
-1.4851
0.9516
6.8964
15.8983
4.6128
-5.4624
-11.2731
-11.4330
-9.5234
-12.8904
-7.7649
-4.8272
-3.1438
-0.4666
-10.4455
-16.2238
-16.8138
-9.6211
-5.0687
-6.7397
-8.1112
-5.9746
-3.1558
-1.9961
-2.9401
-13.3170
-7.3416
-6.8562
-3.3312
2.0385
-0.1304
-7.6860
-1.6316
-4.8514
-8.5785
-7.0670
0.8006
4.1566
2.6267
-10.8926
-19.5289
-13.2748
4.0448
15.2731
17.6799
13.4382
12.4696
11.9468
0.2695
-4.8824
0.7342
-1.8225
-5.0322
-1.3102
-1.4050
-1.7791
8.9653
13.8294
1.8286
-12.3135
-16.1491
-15.3764
-15.0602
-6.6629
-1.2424
-9.5495
-12.6172
-12.3121
2.8736
4.9333
-2.3511
-6.2047
1.4312
-1.6500
1.9113
1.5867
0.6775
-0.0150
0.5341
-0.7875
-0.9043
-0.2304
1.5365
1.8564
-2.1499
-3.2548
-2.5043
-4.8678
-2.5641
-0.0962
0.1515
-4.7059
-3.6236
-0.2641
-0.1358
-0.1773
-1.3294
-5.5968
-4.9633
1.4016
0.8609
-0.3214
-0.9640
0.1406
0.7108
-15.5439
-35.7438
-17.7077
-7.6701
5.7856
8.8747
9.8290
7.2224
1.5371
0.2164
-1.8317
1.0610
1.4383
0.1520
2.2692
3.8519
5.6821
1.6050
2.6766
7.8600
5.9850
4.9628
1.4573
-0.6566
0.0392
-7.9608
-11.1678
-17.5342
-18.0048
-15.2949
-13.9060
-8.3292
-3.2598
-0.5389
-2.6147
-10.4155
-10.5293
-11.9068
-14.3972
-13.6003
-7.0352
-8.7834
-8.7511
-5.0839
4.0869
11.4070
15.2766
22.8332
20.3269
13.8392
9.4064
3.2236
5.1913
13.5496
5.1390
3.6864
10.5988
6.7885
-6.7754
-7.5105
-4.2274
-8.4921
-10.7056
-11.0351
-6.3771
-3.8009
-0.1080
5.3377
5.2476
-0.4059
-2.0432
-3.5449
2.0565
3.8732
-1.1492
-6.2672
-7.0011
-9.1363
-15.7565
-14.7399
-25.6143
-25.4959
-21.0462
-14.7241
-11.0570
-10.4580
-14.2342
-14.5909
-14.1347
-7.9960
-0.7772
0.5848
-2.7206
-3.9990
4.9525
3.1206
4.1361
10.7129
6.5427
5.0636
9.1746
3.9582
-2.2927
14.4663
25.1534
31.6430
30.4123
20.6262
10.8016
12.0056
11.7187
12.7251
16.4065
17.3270
22.5527
22.4584
15.7541
10.4886
9.2424
12.7987
16.8393
16.7071
15.8601
16.3757
19.7792
24.7169
21.2901
11.5162
11.7633
12.4489
15.5118
18.1437
14.6058
5.0509
-1.6014
-0.6835
2.3800
-1.0545
-8.9233
-7.0412
-6.0577
-4.8390
-8.5056
-10.4929
-6.1599
27.0660
20.6820
16.4273
10.1071
4.0307
3.6180
0.8964
-0.8244
-7.7531
-12.8324
-13.3586
-5.3708
-6.2295
-2.0556
5.7804
12.2407
19.3888
3.8510
-5.7220
-2.6215
0.3497
1.0235
-3.0056
3.3827
15.8341
14.2918
10.4573
3.5332
-0.6076
-6.5396
-9.1719
-10.0104
-8.0742
-4.3163
-2.6598
-4.8250
-4.6874
-4.0685
-10.0994
-2.1464
-5.4787
4.8867
16.1193
23.9559
14.3110
0.6091
-1.2674
1.8728
12.2514
14.9988
12.7514
6.8768
0.8932
-0.4118
6.3355
-3.5018
-7.0454
-11.5883
-6.6786
-7.8892
-11.7891
-14.4466
-6.6707
-1.1331
2.7890
1.2783
8.3077
19.5393
22.8392
15.8718
15.2763
11.7813
4.6156
-2.1625
-6.8649
-7.8878
-5.6053
-6.5734
-8.5170
-1.5254
5.6626
2.3839
6.8421
8.4958
4.6255
-1.4955
-1.5775
0.7660
-0.4807
-0.8504
-0.6055
0.0739
-1.2342
-0.8876
0.5450
1.3895
-2.2032
-8.3468
1.4678
11.7808
9.2357
12.5281
6.9127
8.9635
10.3662
12.6355
14.3243
5.7405
0.7813
-0.9484
-1.0462
-0.7548
12.8263
20.9384
13.4426
12.3012
12.2507
10.9993
7.9191
4.0552
-7.7846
-14.2725
-10.4066
-8.9387
-12.9471
-13.6986
-1.9233
-1.5575
-9.9062
-6.2144
-6.8713
1.9184
8.4293
7.1202
5.5918
3.1342
1.1866
2.1562
0.9423
5.0502
6.2742
6.1924
-1.0463
-9.4549
-7.7897
1.7169
13.2829
20.2222
17.4928
5.5006
1.6382
6.4210
8.1623
11.3061
10.5988
7.4076
0.4476
-5.5328
-9.8375
-9.4430
-8.9512
-9.8759
-8.2091
-6.9011
-7.8022
-4.6860
-2.0763
0.4778
1.7759
3.7866
4.5950
4.4276
-0.2010
-3.0751
-3.7503
-3.2286
1.5017
-9.6703
-8.4939
-15.6347
-13.9087
-4.1613
1.3340
1.2645
-1.0379
-4.6733
-7.4109
-7.5232
-2.9653
-3.4242
8.1986
13.3201
2.9075
-2.0138
-2.6948
2.7158
-4.0377
-5.3287
-2.4922
-1.1161
3.7461
-0.2425
0.4556
2.4309
-1.9631
-12.1478
-18.4877
-12.9261
-4.7740
3.2273
6.3389
-2.9290
-6.4172
-1.0007
4.0517
5.0371
3.6856
2.9185
0.5211
2.0405
3.7180
5.5869
9.6805
13.5646
12.9793
8.6322
4.9744
3.1772
-6.3377
-2.4954
3.9661
0.5402
-25.2277
-14.0630
-10.5875
-5.6387
-1.4232
0.3111
3.2739
4.4942
5.7516
4.2353
11.8267
15.8723
10.1852
-1.3769
-4.8648
-5.9689
-6.1086
-6.2466
-3.8713
5.3385
13.9836
7.0932
-0.3940
-2.4012
-3.1192
1.4246
5.3721
9.0855
11.3124
10.9171
12.5264
11.3035
7.9061
9.0732
13.7385
14.2097
7.7487
-1.9360
-3.2926
-4.0595
3.4875
6.3907
8.7724
3.0366
-0.2396
-0.8466
6.9208
8.3259
7.3052
9.6966
11.1628
1.0267
-1.6530
2.4688
11.5864
13.1215
15.2980
11.7934
7.4438
6.3761
7.7669
14.7126
11.9914
4.3291
11.2704
19.8377
17.5707
18.1690
15.1465
7.0352
3.9089
-0.7344
-15.7935
-15.5667
-8.5665
3.8254
11.3458
11.7601
-4.7178
-6.8684
2.6136
10.5353
16.0221
13.3500
9.6139
15.3488
25.1351
23.7527
21.8408
30.1166
34.2293
27.8439
23.5711
17.1650
12.7364
1.8800
-1.3543
10.7414
25.2680
28.0940
29.8826
33.9495
35.7196
31.0097
25.7234
15.4643
12.8018
19.8634
27.7725
27.0923
24.2917
23.6628
26.9630
28.4251
28.9013
11.7494
-1.6276
-6.4923
-12.5569
-20.0416
-24.4842
-16.1646
5.5681
14.5388
8.3525
6.9846
5.8767
7.8608
3.6515
2.3926
4.6078
15.6736
21.6979
18.8242
9.4512
3.2910
1.5122
-1.1574
-5.1641
-7.2465
-4.4181
-0.5776
-0.9559
0.0591
-0.2889
0.4327
2.0550
5.9781
7.6076
3.2664
1.0640
3.2006
5.6853
4.8378
6.8408
7.4826
11.2876
15.8597
19.1357
23.9210
20.2710
2.2182
4.7795
34.5013
27.8037
17.0147
12.0621
3.7974
2.5806
7.3340
7.5286
9.0084
1.4587
-4.7726
6.2697
13.0563
20.4356
13.0790
-1.1789
-0.2414
5.1909
24.1556
30.3472
22.7301
14.8812
18.5184
20.3612
18.5994
19.6381
25.2994
32.3228
37.1357
34.5433
37.4944
38.2704
35.4862
30.7460
21.3775
12.6888
-1.0030
-1.0902
-3.5176
-4.4126
0.3152
-2.3521
-10.3596
-9.0394
-0.6414
3.0621
4.9435
2.5194
-4.2187
1.5144
-11.9572
-18.1753
-12.7474
-9.9599
-9.0668
-1.1317
-0.3526
0.5208
-7.1630
-12.4466
-17.7233
-16.6173
-13.2848
-10.1228
4.4490
0.0990
-1.5628
-9.8132
-4.5425
-1.4638
-4.0424
-0.1941
12.0739
5.1123
-1.2892
-1.7551
-6.0017
-17.3648
-24.9757
-23.2814
-21.3148
-19.9762
-18.2383
-19.8977
-20.1597
-23.4053
-23.1019
-16.7066
-10.1212
-10.9011
-16.9001
-18.1008
-10.9068
-17.6478
-17.1372
-12.9587
-7.7534
-0.6459
18.1699
17.8198
1.7598
-1.6555
-0.3772
2.5481
2.5503
-0.6792
-0.8990
-0.6553
-1.3555
-1.2200
2.1103
4.9629
5.0163
5.8446
3.7901
2.2946
0.4930
-2.1459
-13.8737
-15.5466
-12.6203
-12.7629
-16.4768
-10.2345
-5.7388
-4.7153
-5.0880
-5.7158
-8.3245
-8.5013
-14.6953
-20.5631
-12.0942
1.6513
1.3641
-13.3406
-7.4738
2.8694
7.5698
4.7833
-0.9701
3.7290
3.7979
4.1607
11.3911
13.8882
15.8188
10.4357
2.8828
6.1309
5.9097
6.7612
9.8192
8.6513
6.6698
3.5922
7.7623
9.8944
5.9518
7.0399
11.6994
7.3797
-0.1366
-6.2050
-10.7821
-14.4958
-11.8545
-3.8068
9.2144
19.1732
26.1423
29.3568
26.7495
23.2681
25.1811
18.5347
11.4410
8.0317
3.9797
1.3819
2.9493
8.4458
12.4219
6.4341
-1.7581
-7.5069
-3.7349
-1.9895
-4.9734
-6.7097
5.1178
12.1476
10.5095
6.1049
3.6355
7.1274
4.4711
4.9466
6.3400
3.9250
1.4163
-0.9052
-4.0066
-5.8854
-6.8030
-5.3079
-10.2667
-8.4325
9.1685
20.6260
23.0921
19.5895
5.9869
-9.1218
-9.8103
-6.4871
-4.4318
-3.3907
1.0469
5.4017
2.0762
4.4629
-3.9645
-1.7704
9.9400
2.9855
-1.4234
1.5600
9.6769
10.3599
8.8466
-8.4424
-2.1092
14.7242
24.7179
29.0227
30.7231
29.2473
16.5948
-6.4300
-13.4474
-7.1973
-8.5610
-5.9808
-0.5087
-0.0386
2.2141
6.9901
12.1709
9.6403
-0.5741
0.4255
0.0293
-0.5255
4.7140
7.0703
8.7291
7.0231
4.1708
5.6773
9.2933
10.6484
10.4921
9.7700
8.3865
8.0341
13.8007
15.2130
12.8513
15.7778
16.5456
20.4568
20.2693
16.8713
8.5630
3.5785
7.9117
3.6075
0.2614
-1.5563
-0.6277
-0.8678
-0.4247
-0.9759
-0.1692
0.3887
-2.0871
-3.9426
-2.8129
-3.1364
-0.8462
-0.8862
-1.1843
3.0531
4.2836
2.7883
-1.3075
8.6509
4.4417
2.6036
1.8181
1.1257
2.3679
1.4136
4.1930
2.3906
0.4979
-0.1365
-2.3962
-0.1949
6.1292
8.4363
10.7442
8.2021
2.5695
-3.8144
0.3690
-2.3219
-10.6139
-7.2864
-9.9422
-6.5029
-4.2028
-0.3641
-0.1825
-1.1275
-1.7156
0.2747
3.2910
5.1507
3.0393
-1.5249
-2.4716
-1.6453
-0.5467
-0.2460
-1.8835
-1.0626
-0.1544
0.1544
1.0769
2.5761
0.1349
-0.0675
3.1444
7.8947
-0.0544
0.9982
9.4455
4.8111
0.9064
-3.2379
-4.0912
-6.6283
-3.6036
-2.8007
-10.8147
-19.7253
-22.2503
-18.1205
-12.7188
-15.7029
-12.4582
0.0611
-0.4980
1.4498
7.4394
11.2871
8.3649
5.6854
6.1567
9.9430
0.4143
-8.1068
-10.3603
-10.8201
-4.7949
2.1173
2.5385
3.1737
4.3691
-0.6490
-2.2347
0.4376
5.1078
1.4994
-0.2985
16.1565
19.4497
15.1062
13.2169
14.8816
9.4974
1.2562
-7.0923
-9.3824
-9.1440
-1.8226
2.9983
4.4341
8.0648
15.9961
11.5021
9.4300
14.1552
12.0357
9.4831
7.4064
-3.0088
-5.6614
-9.4932
-17.3351
-18.0758
-13.4407
-12.4288
-8.2370
-1.4805
18.4815
24.3705
26.1560
22.4474
25.4704
19.4115
19.0369
12.0196
4.3318
-5.6364
-1.9366
8.3104
7.3781
2.9316
2.2088
12.6184
14.1329
16.2634
18.0319
18.3792
10.9490
6.6062
14.3410
17.8365
14.1391
8.1216
-2.1200
-0.5080
8.1411
8.9054
1.8458
-5.3147
-15.1343
-7.9035
-4.5685
-2.2842
-2.5791
-3.1906
-9.3809
-12.3437
-10.3255
7.5585
21.6961
23.6972
20.5592
16.7251
12.9688
6.5068
-2.9629
-10.6654
-4.6266
1.2115
-3.4317
-0.4300
-0.8033
2.3857
7.8236
11.0572
10.5693
13.1799
9.8929
6.6639
7.2176
6.2075
5.1966
0.0081
0.1060
4.6533
0.5366
-4.7562
-11.7609
-10.1637
-7.0093
-6.2052
-1.4467
-2.2426
-0.3524
-6.1242
-4.2652
-3.6509
-3.0140
-0.4952
5.7698
9.8417
9.4357
13.6810
19.6577
20.0469
12.1333
9.7681
5.3211
5.5003
9.0725
-1.2058
-19.9223
-10.5373
-2.0286
-5.0025
-1.6125
2.7471
6.5764
8.1197
6.9936
9.0136
6.8774
6.3557
7.5126
2.0554
-0.5634
2.8667
7.4861
18.2143
32.3411
38.7716
39.0781
29.9071
21.4728
21.6315
24.4434
25.7741
29.5414
31.2458
24.8700
15.4599
6.8654
-2.6905
3.7114
7.5255
6.9369
4.8185
1.9927
3.1571
-2.1996
-4.2124
-7.9944
-14.8819
-13.2846
-13.1542
-16.2397
-16.6146
-14.3513
-8.8074
-6.0063
-2.0252
2.1262
-5.6266
-16.6273
-18.6043
-18.0244
-18.3448
-21.4709
-14.1684
-6.7833
-1.6914
4.4070
2.3427
-11.9171
-20.2292
-17.1318
-11.4639
-11.0910
-5.5031
-13.4253
-13.6110
-13.6745
-11.5379
-12.8044
-8.1012
-1.7775
-4.6682
-5.1562
-8.1015
-13.8475
-15.9920
-9.9668
-12.7931
-4.7917
1.7765
6.7146
7.2432
5.9183
9.7403
13.9019
14.4212
10.5802
8.4225
4.4787
-5.6642
-7.1503
-12.0252
-14.3740
-9.3381
-2.7397
4.0537
-2.1947
-12.9149
-17.9846
-17.8631
-17.2682
-20.5340
-14.5330
-8.4673
-3.3497
1.5256
2.1048
8.5867
11.8783
3.5526
-1.1271
0.0522
1.2247
1.4596
0.6440
-0.2087
-0.7922
4.7807
-4.2333
-18.4534
-24.9738
-24.9511
-22.2286
-12.5686
-7.2947
-2.4073
6.0697
4.9587
6.8717
3.8610
4.8116
4.1636
2.9510
2.7177
8.1981
8.1181
5.3765
0.0888
-14.3998
-14.5035
-10.1451
-15.3823
-24.7032
-29.8519
-31.0742
-24.9536
-22.9944
-8.6954
-1.5066
-2.7277
-4.7211
-11.4338
-17.5425
-13.4770
-8.3825
0.1930
0.5478
0.0745
3.6016
3.0815
-1.5836
-2.0986
-2.5619
-2.3401
-0.8066
2.0005
0.9301
-1.8086
-1.9508
-1.2250
-0.8866
0.1546
2.5211
3.9240
1.9006
-1.4811
-0.5957
0.9328
-0.1266
1.7921
-0.0433
-5.5070
-8.5994
-9.9787
-3.6391
-4.2897
-11.6999
-11.5787
-6.8659
-4.9377
-9.1365
-7.3338
-13.2236
-13.9038
-7.8805
-3.0714
0.4848
0.5473
-5.9689
-5.4676
-8.4731
-9.9529
-7.6930
-9.1458
-6.7110
-6.7151
-5.5196
-5.1366
-1.4714
0.1814
-1.1596
-2.8415
-4.2545
8.2578
15.8628
16.0556
15.2544
18.9972
21.1323
16.4490
7.5853
5.7961
-2.5512
-4.8871
-5.3829
-7.4580
-8.0396
-6.6598
-7.3271
-6.3582
-4.0169
5.3210
1.3129
-2.1783
-11.8686
-11.2358
-5.7837
-3.4725

Coefficient 15:
0.0000
-0.6703
3.0365
-2.9392
-5.9679
-4.9402
-3.3399
-2.6926
-0.4189
-0.2367
-4.1840
-11.6848
-11.5052
-5.2416
-5.1734
-14.9932
-15.4076
-10.0097
-1.8199
-0.6407
3.1539
7.5944
9.4510
6.3976
1.4736
-4.1442
-6.0291
0.4445
10.4298
7.8233
6.9224
4.7281
-1.6235
-4.9843
-3.4169
1.4211
-3.2432
-2.1115
-1.3716
-9.3172
-15.8352
-18.3879
-20.2123
-22.1770
-25.3423
-30.4714
-30.9678
-25.6053
-23.0987
-15.1972
-16.1156
-16.7659
-11.6013
-14.4528
-14.7742
-6.7976
-1.7033
-2.6125
-17.8254
-17.5831
-13.0606
-13.4072
-5.8294
5.9467
8.1031
2.3601
-5.7892
-10.7995
-9.3148
-18.9275
-23.8884
-10.0344
-1.5114
0.4020
4.2165
9.3746
5.2078
-0.3911
-4.5673
-12.6157
-9.1198
-9.4301
-9.5011
-8.7245
-9.9124
-13.3292
-7.7102
-3.8337
-3.7271
-0.1443
2.2849
9.9796
0.2668
-3.8190
-3.2364
1.0635
4.9527
-1.7741
-4.3945
0.8980
8.0464
7.5729
-2.8922
-4.8941
-7.3670
-10.4849
-6.7917
-1.5300
-3.1968
-5.0231
-14.0654
-12.6107
-10.7074
-15.1673
-12.0845
-14.3084
-10.0233
-7.3417
-4.2531
-3.3622
-7.5403
-4.9072
-3.5150
-6.1432
-1.8873
-16.2369
-33.8591
-38.0939
-39.8381
-36.3537
-32.0663
-26.4940
-26.2045
-27.7739
-37.4268
-52.0906
-52.5458
-48.6344
-41.9123
-34.5801
-29.6657
-23.6910
-21.4882
-19.3192
-17.2647
-6.1321
0.6726
0.5988
-5.7867
-12.4339
-17.2169
-14.9578
-10.2375
-7.6349
-6.4601
-3.1251
2.3600
2.0804
6.2106
6.5574
4.3836
-0.1985
-2.8933
-1.4211
-2.2911
-2.9495
-2.5436
1.1191
0.2756
-2.4509
-11.4867
-12.0239
-13.1244
-9.9099
-6.5648
-6.3607
-10.8985
-11.2991
-10.3761
-11.1690
-12.1508
-11.8470
-6.6328
-1.3529
2.5033
-4.7268
-11.1262
-13.8538
-12.1100
-1.1282
4.7801
5.3682
-4.1672
-16.3184
-20.1623
-19.7522
-13.1455
-6.4165
-3.9644
-3.3085
-6.3306
-8.4026
-17.4020
-15.8572
-20.5984
-22.1204
-23.1068
-17.9672
-7.1742
1.4178
2.3607
-4.3032
-5.2530
-4.5112
-2.8403
-1.8119
-2.3081
-0.3899
-1.8169
-1.9109
-9.0932
-8.9834
-9.8491
-14.5534
-8.5702
-2.4813
-2.1055
2.3939
-8.6681
-13.5006
-6.4321
-0.0322
-7.6519
-8.1287
-9.2947
-15.1258
-22.7796
-26.2232
-21.9381
-12.6902
-11.9709
-15.3511
-19.3268
-18.3745
-13.2957
-6.5165
-3.8202
-3.5519
-2.9860
7.4331
12.0519
11.1740
9.8224
7.7460
-0.1914
-8.1206
-19.2726
-13.0523
-7.3471
-1.1427
7.2425
5.5336
-2.4558
-7.2357
-5.5730
-7.9844
-3.4577
-3.3007
1.0251
2.8447
3.1118
6.1242
10.4230
11.8673
8.0237
8.4459
16.0062
12.1054
4.9642
3.5376
6.8015
2.0245
-1.1052
-2.5016
-6.0721
-8.5939
-9.4386
-11.8132
-14.3601
-13.7385
-7.9259
0.0900
0.1784
0.7537
0.5939
-0.4441
0.1021
-0.4106
1.1480
1.0900
2.1083
5.2453
3.5824
2.3394
0.6230
3.3428
3.9135
0.5418
-1.1188
-4.2620
-10.5472
-19.8229
-15.6488
-8.7288
0.0983
1.6553
7.3069
10.8045
-0.6332
-7.5287
-9.4417
-3.6169
-4.5008
-6.1492
-7.2071
-10.2507
-9.3990
-10.9503
-13.4657
-13.8174
-14.7452
-16.4177
-13.9276
-11.9217
-6.8180
-6.3927
-14.1225
-9.0902
-9.5452
-6.7720
-9.2031
-15.9891
-17.1713
-20.8127
-19.2477
-15.3473
-14.4180
-14.8342
-9.7230
-1.8378
-0.2049
-6.2559
-11.5136
-1.9633
-11.8545
-25.6770
-22.2995
-20.1652
-19.8680
-2.3452
-1.2592
-2.0660
-0.8524
-2.7378
0.1084
9.6825
-3.2767
-10.3176
-11.8741
-8.6217
-5.4213
-5.7371
-8.1162
-7.8860
-1.8136
2.5418
-4.8135
0.3999
0.8497
11.6850
5.2613
-5.9129
-4.2333
-4.7522
-6.2350
-2.9091
-2.8347
-1.6516
0.1004
0.1187
-1.1269
-1.2281
-0.6908
0.7306
1.8246
0.6264
0.4380
0.5993
-2.6222
-1.3891
-0.0184
0.3595
-3.2969
-2.1956
-0.3655
1.5866
1.5607
-0.1319
-1.9363
-0.1034
5.6368
6.3085
4.3650
-0.0936
-0.4776
-1.7988
-2.2743
0.8154
1.8631
-15.4738
-18.8201
-15.9734
-11.7243
-13.9038
-12.6857
-8.7193
-10.1022
-5.7284
-2.6931
-10.4282
-13.9527
-15.0505
-11.3459
-6.6370
-5.4946
0.2000
-0.1762
-2.4337
-5.5424
-9.1813
-6.2772
-7.2162
-11.4735
-5.9845
-1.4772
-0.1434
-1.8633
-0.6723
-4.8998
-9.6820
-9.8776
-9.7820
-17.6219
-19.1444
-18.0393
-13.9165
-4.0330
0.3188
-1.3414
-2.7378
-0.5786
-6.2009
-4.0184
4.0209
8.7648
4.1610
2.8917
9.9519
12.4034
10.9301
2.4572
-5.6655
-12.7263
-14.7063
-17.1675
-17.4393
-17.3109
-18.0461
-10.0612
-2.6915
-2.4817
-6.4871
-7.0273
-12.1754
-18.9619
-13.4791
-6.3471
-2.5073
-0.4360
-8.6979
-12.3666
-19.2085
-15.8268
-11.4624
-6.4904
-1.2590
7.8815
8.1204
4.1002
-2.6387
-6.5709
-4.7157
-2.8140
-6.3339
-11.7513
-8.7326
-6.1409
-6.6501
-3.7613
-8.4738
-16.1485
-15.2157
-16.3748
-17.0715
-18.2483
-13.0062
-9.9423
-8.2524
-14.5411
-8.1416
-6.6948
-3.9929
1.4558
2.6333
-2.8529
-3.0736
3.2721
2.8966
3.1781
5.1267
8.1513
-3.7676
-5.7473
-4.8234
-1.7060
-2.0941
-8.8283
-8.3394
-5.7292
2.6033
6.1754
9.2127
4.0456
1.5331
12.5076
16.0539
11.0779
-3.9198
-11.6012
-16.3296
-20.9983
-21.4616
-22.5322
-21.7209
-20.0762
-16.6759
-16.4057
-19.6735
-18.0460
-10.6415
-6.4269
8.2457
7.8414
8.6971
8.4471
1.6773
-4.4425
-9.5236
-14.4253
-5.9368
0.4269
-4.0165
-6.8864
-5.9004
-5.5014
-10.8119
-18.6540
-18.8072
-3.7442
-6.1133
-11.3684
-1.7445
9.6488
5.3406
-1.8821
-8.7041
-18.2750
-26.3120
-27.5718
-30.7926
-31.4583
-29.7603
-26.2618
-22.3898
-21.0822
-18.6581
-14.6251
-11.0379
-11.2006
-13.6882
-34.2564
-29.7304
-16.5467
-5.7973
-10.4396
-13.1043
-21.8948
-24.7662
-23.2198
-8.7717
2.7146
7.0775
10.8111
5.3273
2.7144
3.1814
-13.5908
-17.6939
-14.3422
-10.4567
-12.2404
-13.0699
-9.0824
2.7670
4.8516
4.0688
6.9583
-2.2093
-2.7593
3.2430
0.8018
2.1062
-5.3233
-11.2797
-19.0923
-20.8440
-15.5650
-10.4918
-6.8374
-4.6014
-6.0051
-7.0670
-8.0625
-4.8282
0.2682
3.1109
-2.4103
-1.7439
0.3342
-1.0483
-1.4492
-0.9432
-0.1413
-1.4026
-1.0634
0.4782
1.3390
-2.3400
-8.2104
-4.1773
0.9614
6.4075
3.1041
-3.8718
-5.6308
-6.7804
-9.4191
-12.6224
-21.4872
-21.8935
-17.1028
-11.7636
-7.8894
-0.1783
-0.4442
-23.0784
-18.1202
-10.4090
-4.4406
1.1181
0.8238
1.1171
6.8392
7.5201
7.4259
0.5662
-18.0757
-34.8550
-34.7653
-24.6296
-12.1269
-8.6143
-6.2427
-3.0277
-1.0317
-0.0844
-4.6665
-13.2822
-15.8883
-15.1938
-13.7111
-13.6709
-10.5054
-7.1328
-1.1650
-7.2315
1.1677
-3.0597
0.8823
4.0734
6.3427
9.8878
22.7917
25.1231
19.9016
15.5695
4.0772
-8.2684
-7.4331
-4.9581
-6.2177
-7.0250
-11.2349
-8.4607
-6.1190
-8.4665
-5.5763
-3.7928
-2.8298
-4.0978
-8.8919
-12.2800
-10.5895
-7.2158
-4.6710
-4.7080
-4.6665
9.8278
2.3009
0.0100
-1.1243
-1.1593
-8.8446
-13.9028
-12.2408
-10.8096
-11.4258
-13.7941
-13.4716
-11.5728
-10.2297
-13.2666
-15.0425
-5.4989
-2.2941
-2.5852
2.7156
3.3444
-3.2110
0.4001
-3.6425
-9.4649
-8.3083
-3.0847
-0.8330
-1.2066
-5.8547
-5.0778
-2.6951
0.5454
-6.1365
-6.6081
-8.7306
-11.8091
-20.9212
-28.4497
-20.2079
-14.9965
-9.0048
-9.9524
-21.1834
-24.7933
-21.9952
-24.4573
-23.1532
-22.6562
-25.0503
-30.4217
-34.4689
-37.7687
-29.2946
-18.1291
-16.5526
-23.3380
-4.3391
3.2159
6.7724
4.7419
1.0300
0.7899
0.1896
-0.5202
2.7106
5.2166
-2.6740
-13.6763
-17.3016
-6.2502
4.0156
6.5772
8.8310
-1.2719
1.7755
-0.3490
-5.0408
-4.9369
-4.5190
-0.9115
-0.6080
0.7486
1.3714
-4.0960
-8.5573
-0.4372
2.3751
-1.8694
-3.7995
-5.5620
-6.7279
-9.4148
-14.9680
-10.1783
-5.5229
-9.8843
-7.4114
-1.9213
-6.9566
-3.2611
-9.2687
-9.2220
-6.8988
-5.3581
-1.5782
2.5322
4.7400
4.5096
3.2549
-3.2786
-11.7555
-13.5097
-11.0651
-3.2937
0.8206
-4.3305
-11.6150
-22.7881
-34.4442
-31.5208
-29.1285
-27.9005
-26.3408
-28.3940
-27.5533
-25.9115
-13.7714
1.7143
8.7825
6.1796
4.6169
11.1468
2.1532
-6.2432
0.6190
6.3022
6.3548
4.4166
1.6051
0.1229
-5.1768
-6.8754
-9.6002
-15.2324
-16.2084
-12.7714
-12.1243
-13.5991
-9.9686
-7.9202
-6.5565
5.2620
1.8332
-9.6938
-19.8855
-22.5828
-17.1057
-10.8256
-9.6414
-7.2757
-13.5561
-22.5123
-18.1958
-12.2455
-11.1793
-8.4864
-9.4600
-14.1426
-18.8347
-17.8856
-21.1767
-28.6473
-19.1950
-10.8877
-7.8360
-12.0423
-22.3607
-31.4500
-28.6929
-27.7178
-21.1987
-18.1619
-15.7478
-14.6924
3.4706
10.9397
-2.1375
-8.2288
-8.0674
-1.5963
3.8024
7.7548
4.7185
3.4347
2.8943
2.6285
1.5035
1.4178
-2.0423
-3.7660
-14.0586
-18.3486
-12.6068
-7.0855
-5.3210
-4.9684
-5.6019
-4.1546
1.4332
1.5459
-2.0870
-7.3010
-13.9805
-17.8818
-17.1041
-12.5934
-8.1329
-10.1321
-12.3369
-24.0446
-26.1206
-27.5416
-35.0254
-27.0947
-16.5204
-11.7202
-12.6883
-11.2552
-12.9616
-9.5089
-8.8788
-3.3325
-1.9684
0.3451
-3.2100
-8.7444
-27.9168
-35.1537
-34.9221
-26.7754
-24.0171
-23.7347
-23.5666
-27.3347
-24.9349
-30.6632
-34.9705
-36.0690
-38.1937
-34.2116
-28.2259
-26.3142
-27.5820
-22.0766
-9.7624
-1.7665
-7.7002
-17.2163
-26.6115
-29.1942
-29.5173
-25.9457
-18.5178
-12.0719
-7.0924
-2.5515
-6.2411
-14.0514
-19.1805
-20.7733
-26.9348
-26.9116
-19.3856
-18.9537
-23.1008
-20.7993
-14.6882
-7.7880
-9.7508
-6.3322
-6.3757
-9.7030
-4.4829
-8.4513
-3.6011
0.1796
-5.3656
-11.7771
-16.1123
-15.8893
-5.8119
5.4160
6.1985
4.5811
8.9237
3.7910
-5.1870
-6.4940
-4.7470
-5.6676
-8.3495
-12.9739
-13.8452
-12.0748
-13.0377
-21.9954
-22.6604
-13.2530
-6.4292
-6.1696
0.0603
-0.3211
-0.4796
-4.6479
-4.4332
-4.5552
3.0647
5.0016
0.8762
-2.2557
-0.8596
1.8285
1.7646
-1.1376
-1.2838
-1.0099
-1.6737
-1.4677
-0.2094
-0.8272
-1.4188
0.0090
-0.3408
-0.8436
0.2589
-0.5778
-5.8878
-11.2739
-9.5534
-10.8855
-11.9570
-13.7667
-17.9478
-21.1269
-21.3034
-18.4160
-12.6462
-8.4472
-7.4729
-10.6819
-8.7971
0.3836
-0.4666
-7.6652
1.5692
4.2030
-4.3306
-6.6854
-2.5475
0.1340
0.1367
0.1481
3.3303
7.6678
7.8702
0.2133
-2.2077
2.4631
5.8799
1.6945
-1.4966
-4.1775
-8.7426
-7.9478
-5.8264
-3.3512
-5.4583
-2.6005
-0.8750
-3.3656
-15.9435
-24.7030
-23.2402
-14.5937
-10.3497
-9.4818
-9.4736
-7.0783
-0.8968
-2.5353
-7.7584
-10.6804
-5.0073
-5.2651
-14.0779
-21.7000
-23.1319
-17.3561
-10.3587
-5.9533
1.9584
5.9310
2.4131
-0.5418
-0.7909
-9.8805
-21.5289
-19.9192
-18.7261
-20.5126
-16.8822
-14.6902
-16.6803
-7.7941
5.9110
0.5525
-10.3716
-18.9064
-23.0356
-20.9861
-17.4724
-7.4745
-3.5284
-7.7350
-5.6232
-18.3028
-16.3372
-22.3960
-18.7156
-8.2577
0.5719
-3.4554
-4.5216
-4.5829
-8.3811
-11.6589
-8.5274
-2.1188
-2.1168
0.8915
-3.1096
6.4547
6.0714
5.5851
3.0175
0.5757
0.7441
-0.0635
0.5180
-8.5393
-7.7333
-14.4055
-17.1850
-19.9956
-22.7708
-25.4344
-19.2664
-15.0104
-7.8207
7.0054
10.4475
6.1655
4.8115
-1.5797
-11.1869
-12.7961
-12.0441
-11.7667
-3.2474
0.2808
-0.0238
-0.6648
-2.0829
-3.7414
-1.2525
-1.5911
-1.1097
1.1074
2.8310
3.3676
3.9537
4.1639
2.9553
0.2324
0.5990
-1.0817
-2.1503
-0.1480
-3.7188
0.1743
4.0412
3.3108
-0.4578
1.3685
3.5022
-0.1051
-0.1697
-2.1685
-1.1438
-1.4563
-1.0252
-1.2484
-0.2988
0.0925
-2.3106
-4.0773
-3.3413
-3.7878
-1.5624
-1.7462
1.0960
5.4648
4.6631
3.4116
1.0618
-5.1489
-23.0646
-35.7682
-39.4398
-37.3391
-35.3021
-35.7876
-34.7433
-36.6242
-38.0351
-37.5186
-35.0911
-33.5184
-27.0590
-16.7039
-7.5373
-11.5367
-17.0486
-16.5639
-14.0090
-12.8256
-16.9550
-8.0537
-5.1217
-5.3960
-4.9942
-0.6260
0.1625
-0.5965
-1.4093
0.2495
2.2900
4.0479
2.6080
-1.5519
-2.5478
-1.4248
-0.2715
-0.5130
-1.9981
-1.1855
-0.2365
-0.3003
0.3498
2.0709
-0.1284
-0.2362
3.0587
5.3849
2.6264
-5.1533
-31.1847
-39.4449
-37.0667
-34.4978
-28.1535
-31.3614
-35.1718
-39.0981
-33.1129
-28.6620
-26.0668
-18.5058
-13.2969
-17.1071
-15.5987
-7.2850
-2.7635
-11.0335
-13.5962
-8.3245
-6.2112
-4.0166
-1.5856
-4.0189
-4.3984
-5.4623
-8.8020
-11.3888
-9.9067
-10.0976
-16.1708
-19.2134
-19.8536
-14.8435
-24.1692
-31.7698
-32.3198
-24.7141
-15.1791
-18.6894
-14.0176
-10.2092
-4.6117
-3.4174
-7.8134
-16.0814
-21.2424
-18.9430
-17.6497
-15.9970
-13.9833
-21.9596
-25.6408
-15.4140
-10.2057
-6.7932
-5.1146
-12.4425
-16.6969
-15.4927
-14.1986
-18.1203
-22.2943
-25.6394
-25.4612
-21.4551
-16.0499
-8.9919
-4.6224
-5.1479
-8.8160
-4.4168
0.4891
-1.8422
0.8147
-7.9376
-20.4158
-20.9215
-22.2855
-19.2807
-16.8002
-12.5101
-3.8640
2.9105
-3.8282
-9.6260
-17.3836
-25.1692
-21.9796
-21.4256
-16.5968
-17.4540
-31.4291
-38.0157
-35.0009
-29.4783
-26.9826
-24.5169
-18.1170
-17.9074
-23.4919
-23.6675
-27.0401
-35.5839
-38.6176
-33.2503
-24.0739
-21.2512
-13.9826
-7.0083
6.7208
5.7973
0.8829
-7.4463
-7.3708
-2.9016
0.0293
2.0382
-3.3986
-7.9063
-14.0205
-22.7830
-25.7326
-28.9222
-27.2707
-17.2462
-13.6528
-11.1723
-12.9661
-18.0450
-17.2155
-10.4104
-1.7819
2.0013
-1.0153
-5.7477
-4.7161
-12.8846
-16.0391
-15.0178
-15.5714
-14.9109
-20.7405
-16.1654
-11.0700
-4.5074
-20.5985
-17.5829
-7.8500
-6.5481
-7.0575
-14.2188
-19.1595
-19.3914
-12.9173
-10.7423
-14.1168
-18.6015
-20.1021
-21.9025
-18.6474
-15.3690
-16.9158
-18.7303
-20.6984
-15.0142
-13.6319
-18.3973
-22.6171
-26.7606
-33.8349
-36.4658
-29.3612
-23.8108
-19.6978
-16.3467
-15.4999
-19.6564
-15.4997
-18.8256
-25.8301
-30.2961
-27.7043
-26.9698
-27.5250
-26.5058
-30.7278
-34.9336
-37.0383
-33.3413
-31.2166
-27.5377
-25.6691
-22.3023
-22.4367
-27.5223
-27.0694
-24.1204
-11.1410
-7.9691
-7.5240
-7.6855
-8.5208
-8.0424
-7.7546
-4.9986
-1.2216
3.4639
1.3644
-5.5429
-7.0720
-4.9915
-5.3502
-11.6466
-10.2112
-7.6207
-4.9827
2.0419
5.8301
-3.4886
-5.0440
-8.3015
-10.3980
-11.6391
-19.6228
-17.6793
-9.5734
-13.0334
-16.1929
-11.9612
-11.0489
-23.0873
-23.1843
-15.0796
-10.9452
-11.4044
-12.5738
-15.4955
-14.3495
-8.9981
-10.3628
-10.1599
-8.5583
-13.1012
-16.3237
-19.1409
-13.5748
-19.8408
-33.3182
-44.9889
-47.4116
-39.9819
-25.3244
-18.6472
-15.1486
-16.5713
-21.6486
-19.9137
-16.1562
-9.9050
-7.6575
-5.1263
-5.9394
-4.3961
-10.8703
-16.7791
-21.0429
-22.3029
-13.1995
-8.6918
-7.0890
-4.5965
-2.5330
-3.1685
-3.1150
-2.0243
1.4920
1.4314
0.2651
0.6603
1.1053
0.6275
-0.4206
-1.2567
-3.3565
-8.1289
-21.4874
-18.6629
-15.6961
-6.4625
3.0310
6.2519
-3.0034
-2.4255
-9.6207
-14.4402
-19.8765
-21.3374
-17.1189
-5.9040
-11.2028
-13.3709
-8.8477
-8.7950
-10.6750
-2.4082
7.4594
12.6550
12.0550
5.6896
-0.8466
-8.1888
-7.1715
-11.9912
-7.3315
-13.0937
-14.0250
-13.7581
-16.5664
-21.6723
-14.5479
-0.6378
8.5596
8.8149
8.2411
12.7379
8.8556
7.0020
4.2884
1.9313
-0.2239
-1.1118
1.3860
0.0403
-2.4430
-2.2843
-1.5629
-0.9873
-0.0580
2.1080
3.3811
1.2733
-1.7253
-0.5230
0.5820
-0.5132
1.4119
1.2449
-17.0079
-16.3776
-17.0329
-20.9834
-16.4977
-15.5229
-8.3330
8.8347
-10.4652
-19.9129
-16.7087
-15.1185
-23.0722
-28.3829
-23.6718
-22.4127
-22.6723
-15.8300
-18.0646
-21.8982
-19.9643
-15.0549
-14.9381
-11.0198
-2.2180
0.5465
-2.3778
-1.0509
-0.1113
-1.7609
-3.4757
0.7183
-15.3137
-17.5818
-21.0939
-19.2758
-15.0357
-13.7682
-6.4594
-5.4995
-4.9478
-9.1535
-14.5002
-16.9406
-16.4013
-17.4935
-16.7483
-15.6120
-13.2286
-6.0186
11.4155
4.2333
-2.7454
-1.0600
3.8480
3.0767
3.8401

Coefficient 16:
0.0000
-1.2686
1.0609
-7.1751
-11.0319
-8.4492
-5.5176
-2.4451
-0.2301
1.1300
-2.0374
-9.1213
-9.9942
-0.8990
2.7361
-1.0309
-3.8964
-1.4123
1.1810
2.7333
6.4900
4.4506
0.4180
-5.0529
-7.2180
-9.1100
-8.7633
-1.3870
11.2057
9.7095
1.4950
-3.3175
-5.8125
-9.9716
-8.2544
-6.0442
-8.5604
0.1323
-1.3293
-6.5319
-4.5469
-7.1374
-7.1363
-6.5119
-7.4961
-6.1014
-4.8171
-4.0824
-6.6829
-5.0545
-4.8058
-0.5398
3.5981
-1.3180
-4.1092
-4.7577
-2.2212
0.0745
-7.9378
-14.0832
-13.6383
-12.3957
-3.4066
1.2272
-1.7947
-6.0421
-12.0231
-16.2255
-16.7798
-19.0167
-18.2206
-5.1225
-7.0923
-8.9769
-5.0462
-3.3657
-8.4029
-23.0095
-29.1315
-24.1674
-16.0567
-10.2341
-15.4820
-15.5647
-16.3497
-19.4737
-9.1323
0.8978
2.4811
-1.7433
-5.7152
-16.4427
-12.0889
-14.8592
-16.0029
-0.5278
1.3732
4.2577
9.6937
7.3647
-0.1696
-2.6284
2.0336
5.6232
3.0334
-1.3477
0.7521
-0.5998
-4.9745
-8.0670
-13.1271
-9.8328
-0.8296
0.0351
2.0628
3.3605
2.4556
0.4299
-5.7240
-7.6862
-6.8344
-14.4490
-19.9322
-19.1012
-21.4837
-13.7016
-10.3525
-5.5728
-4.3753
-3.2239
-3.4025
0.0544
-0.2626
-2.0470
-1.3546
4.4762
6.4469
6.5577
4.1781
2.4952
2.0639
0.7026
-0.6719
0.5744
0.2079
-0.4670
0.7169
0.6963
4.5113
7.3717
3.0469
0.2401
0.2030
0.6722
0.8816
0.9175
1.2094
1.3160
5.8841
6.2904
4.3712
-0.3565
-3.6439
-1.9813
-2.7934
-3.6229
-1.5366
-2.5699
-6.2599
-5.6203
-11.4097
-20.8637
-15.7993
-16.2120
-17.4316
-14.4453
-10.6097
-10.3570
-10.7092
-10.7637
-9.5483
-9.4066
-13.6605
-13.8229
-8.2880
-10.1735
-12.8021
-12.6382
-10.6923
-16.4689
-17.8933
-20.7052
-17.5446
-14.3580
-8.4789
-0.4407
0.4290
0.2073
-4.4970
-7.4178
-1.2508
3.8866
6.0953
7.3507
3.5776
0.1666
-0.7489
-1.4898
0.5201
3.5986
1.5910
-4.2896
-7.0457
-6.6535
-3.9116
-1.9110
-0.8751
0.6193
-0.3303
-0.1416
-0.3810
-4.6563
-2.3880
2.1332
3.4896
-1.5029
4.7978
7.3305
0.3015
-0.5648
6.6450
8.0752
-5.7689
-11.0982
-12.7084
-17.1203
-9.0448
-1.6036
-8.9899
-4.3420
2.0193
5.5813
9.1744
6.8084
-1.0874
-2.9533
2.9413
-2.4319
-9.5567
-13.3099
-14.7741
-7.6195
1.9723
10.5187
13.2742
16.3797
13.3523
-0.8693
-6.2896
-6.3430
-1.5122
2.0893
-0.2774
-2.8981
-4.9689
-1.5323
4.3231
4.2856
13.3116
17.8243
19.8333
16.9287
13.8957
11.1740
6.8481
-0.4333
0.7183
-1.5355
-5.5367
-8.3124
-5.7808
-6.1143
-3.7363
-2.3133
1.3200
2.3798
1.1232
-3.4893
-7.3159
-7.6433
-4.7904
0.3974
1.3612
1.1085
0.3104
-1.0419
-0.0860
-0.5278
0.6009
1.0362
2.0837
5.1888
3.9908
2.2576
0.1354
3.0086
3.4700
-0.2421
-2.1389
-4.5609
-0.7208
-1.0015
-1.8952
-8.5435
-17.0396
-10.1599
2.0041
7.5284
5.7204
2.0603
-0.8599
-3.1582
-3.1930
-1.6146
3.7012
6.4328
2.4154
-2.6075
3.8685
9.3064
12.8168
4.6077
-1.7349
-4.6084
0.6658
-1.2058
-0.6312
-10.1384
-11.5334
-3.3341
4.6562
2.7477
-1.1164
-6.8510
-1.7440
-3.8756
-5.4508
2.9367
6.7035
4.6123
7.5718
4.3822
5.0702
8.4177
5.5145
-2.0198
-2.8493
-4.0886
-1.8913
-9.1085
-7.0755
-12.4531
-12.0451
-9.5697
-7.5890
9.2847
-3.3144
-8.8949
-12.0016
-8.1679
0.4686
2.8888
-7.6565
-28.8787
-24.5154
-12.4008
-4.5260
10.9153
13.4897
15.0767
1.0311
-10.2761
-8.4517
-3.2317
-3.7134
-8.3542
-14.5580
-11.0928
0.4514
-0.1832
-1.2949
-1.4010
-1.0654
0.0572
1.8197
2.8097
2.9667
2.3953
-0.6113
-0.3452
0.1136
0.6208
-1.0812
-0.0777
-0.3906
2.9884
3.1971
0.5236
0.6692
3.3455
6.0163
6.4384
4.9210
-0.1147
-1.1135
-0.1455
-0.6219
3.7144
1.1385
-11.5206
-11.2075
-8.4764
-6.4329
-11.3541
-12.0097
-9.7922
-10.2029
-0.2540
10.0651
7.5537
-1.5151
-2.3754
0.4651
2.5926
-0.1684
-4.7391
-9.2840
-9.0913
-6.8799
-9.2475
-5.0763
0.4276
-15.8035
-19.8365
-24.8515
-28.1223
-30.1142
-26.9393
-28.2662
-29.0811
-24.7692
-22.0952
-20.3950
-17.8764
-17.2046
-4.5428
4.5497
6.0343
-0.1695
-11.1032
-15.3017
-21.1986
-21.5938
-21.1410
-19.4675
-19.8433
-18.8862
-20.4606
-10.8204
-15.3204
-22.6474
-29.2991
-22.4356
-9.1647
-7.5819
-12.1666
-14.0296
-14.4642
-7.0397
-9.2752
-14.5472
-14.1797
-12.2574
-11.5912
-17.6854
-6.9555
-0.3185
0.6491
4.6310
6.9087
8.5952
3.4756
11.8399
13.9324
8.2285
10.3279
12.0863
14.7511
15.2456
13.6416
11.2459
6.5482
0.2197
-7.7693
-16.4454
-17.2022
-17.6548
-17.1304
-17.1869
-17.5074
-20.1646
-11.2713
-4.7074
0.3363
-1.1455
-6.6883
-17.5935
-12.5093
-6.8584
-6.2772
1.2405
-1.2491
-13.6572
-20.7653
-17.7091
-6.9241
0.9651
7.9978
16.6598
14.1249
8.7945
-3.7734
-4.0021
-5.6940
0.8096
2.6548
1.1826
-0.6620
-4.0820
-8.3111
-13.7651
-16.9733
-12.0851
-9.8833
-1.0871
1.6006
3.6024
3.4400
1.5042
4.8970
6.4319
4.1924
8.6935
12.3218
3.7818
-8.9532
-11.9013
-7.9535
-0.8506
0.3338
-0.1656
-6.0548
-10.9111
-9.9346
-8.1454
-10.1694
-12.2995
-18.5136
-21.8455
-13.6390
-13.5663
-17.4289
-13.2944
-13.1182
-11.3852
-7.8186
-3.8270
8.2378
-4.3454
-16.1791
-23.0745
-27.0559
-17.9461
-14.4836
-13.1400
-12.6398
-12.1995
-9.1550
-0.4370
-3.2356
-1.3569
4.7594
7.0078
5.7761
2.6371
2.3475
-3.6944
-11.3683
-13.4457
-10.2950
-1.8452
-1.4285
5.4411
2.4315
-4.5913
-13.3212
-20.0669
-20.5121
-35.1955
-31.5753
-20.6660
-18.2131
-17.9950
-18.3210
-16.6609
-13.5116
-17.3037
-17.2848
-22.5125
-31.3380
-32.1162
-24.3727
-11.9462
-8.2048
-9.5613
-7.6809
-3.9741
-12.3507
-24.3392
-20.2060
-14.9673
-10.9999
-4.8595
-1.7815
-2.8643
-3.3864
-4.6916
-1.1034
-0.2585
-6.4500
-12.6593
-16.2469
-20.0433
-14.9321
-7.8629
-5.1679
-2.4191
-1.7670
0.0322
-1.4186
-1.8576
-1.1527
-0.2960
-1.4991
-1.1360
0.4009
1.2629
-2.2711
-3.5940
-8.6765
-16.3687
-25.4865
-15.2115
-14.9868
-14.2918
-5.6134
0.7837
-5.4063
-14.0119
-16.6709
-4.9778
0.9042
3.2243
8.0500
7.4405
-15.2608
-13.3029
-9.9592
-9.0454
-8.2085
-9.4580
-12.8912
-16.1760
-24.3159
-21.0894
-14.7688
-9.5887
-7.3501
0.1308
5.2085
-4.2818
-7.5100
5.3135
3.1371
1.5864
3.2149
5.9151
7.6428
10.7685
12.5622
8.8328
4.3491
3.9263
4.7418
-0.7282
-7.2304
-3.5153
-5.7381
0.2554
3.7435
-1.2395
-11.8360
-9.7734
-8.6213
-5.1071
-6.0526
-9.5815
-10.7682
-5.0879
-3.8904
-5.1099
-7.0865
-12.0797
-8.2625
-5.5224
-8.5305
-6.1081
-4.5668
-3.0325
-3.1841
-5.9782
-5.9225
-4.2717
-5.9395
-5.4322
-5.4172
-5.7721
-8.8747
-12.1170
-9.7930
-9.1896
-9.1695
-17.2348
-15.9614
-7.4349
-2.9782
-3.6939
-6.0190
-4.8336
2.0305
3.8728
-6.0732
-12.5257
-15.4661
-9.4488
-4.2024
-3.7673
-9.5143
-5.6086
1.7370
10.1925
12.8282
6.3997
2.7010
3.5911
-0.1066
-0.8220
1.7916
2.8334
2.3228
3.8625
6.8501
-2.6893
-14.4860
-15.5329
-11.6885
-15.2740
-21.0840
-26.1866
-32.0999
-33.0573
-33.3064
-34.8478
-32.0127
-26.2929
-22.7782
-22.6751
-24.0368
-21.2319
-22.7776
-21.5367
-20.5003
-22.5920
-15.2195
-13.6487
-20.1818
-18.6679
-14.6566
-14.6644
-18.0531
-22.4636
-26.1229
-29.4881
-35.2910
-38.6212
-33.4411
-28.2822
-17.9169
-11.9567
-7.8290
-9.1355
-18.3466
-23.8107
-21.0239
-8.3879
-6.0008
-8.2039
-3.8001
-4.2001
-6.3462
-7.4489
-12.0919
-10.4645
-5.8457
-6.2497
-4.3500
-1.7531
-1.8260
1.3213
2.8554
-3.9393
-7.3131
-11.2565
-12.9514
-11.7334
-7.9565
-6.7953
-2.1159
-0.9679
2.5707
3.9159
4.4199
1.5726
6.4736
8.6872
-0.5973
-6.2857
-21.0728
-14.2490
-0.6570
-0.4788
1.7885
7.1285
1.4277
-2.0188
-3.5166
-2.5314
2.3674
8.2310
11.6447
8.6139
6.8832
3.1719
0.2084
1.3451
1.8162
4.9254
8.7126
7.3639
6.1506
-4.4295
-11.8100
-9.8708
-3.6603
-3.4686
0.6205
5.4708
4.8253
1.4406
3.3424
6.7652
1.9982
-9.3842
-11.7479
-7.0673
-4.7664
-1.9125
-8.9613
-10.2465
-8.5711
-1.6730
-1.0826
-10.1659
-20.2294
-22.2085
-26.3237
-20.8655
-15.4619
-9.0828
-3.7618
-2.6723
-8.2168
-7.7786
-3.7155
-1.3327
-3.1669
-5.9391
-11.0076
-11.0373
-17.1541
-11.3947
-12.2790
-10.8431
-1.0088
10.2708
1.3871
-0.1083
-1.9104
0.1139
-10.9537
-16.7703
-13.3616
-4.7908
-6.3561
-12.9698
-18.8507
-21.3220
-14.4932
-1.4291
8.8407
11.2793
11.4198
12.7102
12.5280
12.6252
6.8872
4.7934
5.6946
7.6466
6.0017
4.6098
3.3157
-2.4944
-13.5504
-17.7258
-19.2986
-21.5439
-23.0000
-20.9465
-18.9886
-17.6994
-19.9482
-17.8062
-11.7601
-6.1220
-3.8540
-4.2507
-1.3611
-4.6048
-5.2110
1.7636
2.0629
-1.2782
0.5458
-1.5325
-6.1391
-3.5020
-10.9545
-12.1749
-7.6377
-2.9035
-1.0245
-9.1760
-16.2746
-22.6445
-18.7048
-14.3027
-7.4266
-9.1610
-11.3128
-11.0708
-11.4492
-8.6633
-4.2860
-7.8956
-12.8647
-18.0965
-17.6277
-14.2991
-11.3116
-11.0132
-6.9842
-5.3851
-2.8121
2.1983
3.1336
2.1663
0.6999
-2.6437
-3.8385
-6.1532
-5.5097
-8.1836
-6.6919
-7.2832
-17.8135
-12.0457
-10.8131
1.7453
10.9730
20.2994
17.8658
12.7236
9.3613
9.0832
9.8052
7.6346
3.0059
-2.7630
-10.9985
-11.4080
-4.1121
-2.0183
-5.1686
-13.2360
-19.1372
-23.5353
-14.6243
-8.5692
-5.4773
-9.0890
-12.4056
-2.2394
1.6190
-4.2755
-5.9834
-5.7339
-7.6433
-5.5710
-3.2602
-5.6021
-7.7662
-11.4614
-13.4692
-9.7462
-9.3644
-4.0967
-7.0378
-26.3051
-28.8067
-19.9689
-16.3988
-15.5219
-16.7424
-17.8710
-14.7026
-4.4007
-2.6942
-1.2875
1.1717
1.0708
-1.4722
-1.5822
-1.3214
-1.9540
-1.6654
-3.2055
-6.5300
-7.7299
-6.1649
-4.3154
-4.0170
-0.0204
2.3118
4.4827
5.7738
4.3205
6.6699
7.5017
9.1440
10.5474
6.6514
7.6444
14.3751
16.8497
10.5703
1.8163
-3.0581
-4.0156
-0.1558
-0.5354
-9.1914
-10.0725
-20.4736
-18.5819
-11.5781
-11.4789
-8.2908
-0.4625
2.0373
-1.4537
-0.1473
-2.1771
-4.6393
-4.7075
-2.7623
3.7587
7.4720
3.5500
7.8365
8.0122
2.5676
-1.2125
-3.3125
-4.6363
-2.6303
-1.1919
-4.3187
-15.0406
-17.8509
-20.4743
-11.3608
-2.8856
-4.7784
-7.3999
-3.6631
-3.9048
-10.8095
-15.4688
-15.4674
-11.2051
-4.6600
-5.6206
-3.2900
2.8587
5.5689
0.0319
-2.5529
-6.1126
-8.2267
-1.9088
12.5640
21.9727
13.5125
2.5560
-1.8832
-23.3657
-27.5310
-24.6485
-19.8821
-15.8197
-19.6168
-17.8754
-16.8696
-18.2561
-18.1165
-12.6360
-11.0623
-13.2473
-21.6302
-20.6693
-19.4251
-18.9645
-15.2700
-10.2871
-9.0148
-8.5223
-9.1309
-18.3079
-19.8705
-13.5208
-19.4125
-19.9801
-14.6532
-6.9387
-9.3874
-11.1509
-8.2475
-4.8342
2.0558
-4.3620
-1.1591
-8.6533
-25.3743
-19.6891
-12.1442
-5.8429
-5.2145
-1.3557
-1.8081
-4.3484
-5.4386
-6.6933
-6.9945
-3.5671
-6.9052
-15.7172
-17.3046
-15.3515
-12.0922
-18.0196
-17.3688
-18.0503
-16.5505
-13.1237
-8.5205
3.1776
0.1167
-0.0572
-0.8242
-0.2282
-2.1286
-2.2142
-4.1597
-3.6164
-5.0223
-7.5526
-9.5567
-8.1163
-6.9943
-5.5426
-4.2280
0.4473
-0.4993
-9.5507
-12.6046
-10.7267
-8.1065
-6.6431
-2.7937
-1.7423
0.2218
-2.2983
0.5375
-0.5741
-2.6806
-1.5954
-1.9256
-1.5094
-1.4023
-0.3313
-0.1323
-2.3584
-3.8969
-3.6077
-4.0923
-2.0258
-2.8503
-2.9677
0.7944
-2.9370
-3.1185
-1.4541
-10.9281
-8.7770
-1.0983
2.9631
6.9809
6.3586
7.7424
8.3302
8.5443
8.4033
11.9100
10.4959
6.1612
1.0557
-1.3102
-2.3971
-6.5338
-13.4735
-12.7934
-11.1804
-7.8539
-6.1656
4.5934
6.5096
0.5179
-1.8692
-0.8006
0.5895
0.0185
-1.0201
0.2446
0.7838
1.9811
1.4799
-1.6919
-2.5063
-1.3640
-0.2103
-0.7361
-2.0168
-1.2611
-0.3228
-0.6929
-0.2202
1.6149
-0.3504
-0.3848
2.7915
4.7314
3.6816
-11.0275
-17.7983
-11.5655
-7.2972
-3.1512
-6.2813
-8.3579
-10.6065
-9.0448
-2.4490
1.4267
10.7217
10.3556
5.4749
2.0054
-1.4194
1.1198
7.1001
-1.0591
-3.6359
0.2254
-1.3822
-4.3848
-2.4820
-5.3016
0.8326
-0.6365
-4.4434
-3.8492
-6.2147
-6.7573
-10.6131
-16.1163
-16.3312
-12.7254
-15.2493
-13.5462
-9.8956
-11.9010
-16.4446
-13.5028
-16.9752
-20.6294
-15.7846
-9.1582
-6.4416
-19.3787
-17.0356
-8.9291
-12.2747
-15.9526
-13.0583
-12.7118
-14.5254
-8.2715
-8.6751
-4.1207
-2.3013
-2.0602
-0.9845
1.8179
8.5851
7.5882
5.5005
0.9083
-1.2844
3.7662
11.0524
18.3844
17.6458
-3.7023
-18.4929
-23.1431
-25.7122
-16.8509
-16.9978
-15.2939
-10.5870
-0.0201
-0.7580
-4.2280
-5.8826
-8.1185
-4.2059
-3.2295
-12.6942
-19.5689
-19.6800
-24.3090
-20.2541
-10.4886
-3.8782
-6.7822
2.4428
7.9326
8.2916
3.0380
-2.3995
-0.3454
1.7637
-2.6627
-4.8961
-1.8720
-2.3340
-8.0863
-9.4421
-6.5367
-1.4319
-5.2523
-20.4006
-19.1345
-13.3979
-0.6479
4.4404
5.2968
6.8925
4.0365
-0.5300
-3.5268
-5.7844
-11.5949
-16.6191
-11.5640
-4.4442
-8.7314
-17.5496
-15.7534
-10.1468
-9.3354
-15.6491
-16.1474
-15.2039
-14.8812
-11.9797
-5.3658
-0.8138
-10.5991
-13.7921
-21.2615
-17.9651
-9.0517
-5.6316
-1.4420
0.1834
3.0997
4.4959
-0.9680
-10.1135
-15.7514
-19.0264
-17.9467
-21.9218
-21.6834
-18.5864
-13.6639
-4.2368
-6.2670
-5.7045
-3.0200
-2.0816
-1.7858
-4.3017
-3.1790
-3.3537
-3.6613
-6.5297
-1.2752
-3.8983
-4.3735
-5.1724
-5.4181
-7.2633
-4.1769
-9.8888
-13.0343
-8.1693
-3.8383
-7.1100
0.3513
-5.1067
-4.9237
0.8277
4.3613
1.3102
-5.9936
-10.9054
-10.1971
-6.9926
-3.0271
-1.7830
-1.7619
-4.6726
-9.7875
-10.3298
-22.2539
-25.4775
-24.5636
-24.8523
-23.4658
-17.5783
-11.6101
-8.9692
-8.6849
-12.2049
-10.5337
1.0700
5.5176
-2.8840
-6.3093
-11.3700
-12.1651
-14.4088
-15.8131
-16.7455
-17.4396
-11.1943
-2.1217
-2.9775
-11.2137
-12.5536
-14.6434
-14.6374
-12.7250
-12.3374
-17.4468
-13.6586
-6.3130
0.5282
5.0428
5.9222
1.8581
-2.3818
14.9787
16.1126
5.3739
0.5522
-3.0235
-5.5135
-5.8116
-1.0102
-0.6102
-4.6312
-7.4058
-9.6450
-15.0652
-7.9988
-5.4859
-4.1097
2.7749
13.9001
20.2021
20.3611
13.9820
3.4648
-2.0989
-6.6097
-7.8518
1.5764
3.4505
0.2329
-2.6899
-4.5550
-6.0103
-5.8774
-11.1017
-6.9221
-3.3712
-4.5730
-6.9699
-13.7157
-13.4788
-12.4696
-5.9439
-2.4765
0.0300
1.9485
3.9451
0.9194
0.7392
0.1853
0.1946
0.8218
0.6175
-0.5924
-1.6531
2.6492
2.1686
4.6369
-2.1989
-9.4717
-19.2912
-16.5966
-14.1109
-18.8812
-17.2609
-16.7738
-18.9734
-19.3139
-13.3858
-9.4766
-11.7704
-13.4173
-11.6493
-6.7417
-1.4835
-1.3349
8.0315
7.4261
-1.2257
-1.0599
5.5564
7.1238
6.8978
4.3326
-5.4911
-10.5823
-17.5238
-12.4622
-8.7913
-2.7436
8.5187
9.3129
-0.4696
-17.4451
-18.7909
-12.9000
-6.5130
-7.2507
-6.2009
-5.4408
-4.3233
-3.3794
-1.3455
0.8213
-0.7321
-2.8947
-2.4307
-1.7603
-0.9748
-0.1900
1.8125
2.9276
0.7296
-1.8292
-0.3469
0.2392
-0.7891
1.1278
-2.3401
-17.6387
-12.6854
-10.4724
-6.2649
-3.8145
-7.1562
-8.7937
-0.7241
-9.8382
-12.1062
-12.9512
-12.9494
-12.9526
-17.3694
-18.1610
-13.4278
-13.0994
-10.0498
-7.4070
-3.4168
-7.0395
-8.7781
-13.2131
-15.1543
-4.2705
-0.5945
0.3524
0.4166
-0.3410
-2.1826
-3.9532
2.9720
8.5031
2.3754
-3.4735
-3.7078
-0.6517
-1.4400
2.9364
4.8037
-1.3236
-6.8748
-7.8705
-11.6763
-12.7141
-11.0943
-7.0037
-7.0644
-7.8141
-5.2893
14.9830
8.8279
2.0394
11.4636
12.3763
12.2578
7.1559

Coefficient 17:
0.0000
-2.0970
-0.8110
-4.3612
-11.7605
-10.4440
-7.2248
-2.3049
-0.0976
4.1581
3.2069
-2.4093
-4.3596
6.0179
12.0628
10.6201
6.5729
5.6535
4.0810
5.3472
6.6881
-0.5005
-8.1457
-12.7653
-11.6188
-7.6086
-5.5456
-2.6850
4.2526
5.7655
-4.4424
-3.0718
0.8052
0.1390
-1.3226
-8.4203
-12.0576
-9.3735
-18.6966
-19.9201
-17.6652
-18.5611
-17.4957
-13.2018
-9.0020
0.4934
9.2012
14.3884
11.5603
5.4178
1.6308
3.7531
6.9151
2.2365
-0.4529
-5.9712
-6.2781
-0.4029
24.0493
19.4859
19.2726
21.4205
8.4502
-1.7599
-12.7473
-15.4894
-13.5075
-13.4816
-5.9795
-3.3313
-8.6430
-10.3185
-14.7374
-17.4546
-11.5177
-8.7216
-1.2613
4.9368
4.0263
1.4046
-3.0927
-4.2385
-10.4928
-11.8534
-9.9171
-3.8268
-0.7506
-2.4664
-6.6482
-5.3972
-4.4856
-2.9984
3.6673
2.8563
-1.6271
-1.4282
-4.8458
-7.8809
-6.2860
-8.1824
-10.6988
-8.5502
-9.6852
-11.4371
-9.1639
-1.1991
-11.1792
-19.3625
-15.5807
-8.0857
-0.9400
-7.0422
-3.9127
-1.1885
2.6215
-6.3695
-9.1349
-9.0594
-14.9037
-15.4356
-13.2847
-9.1287
-9.1505
-8.3931
0.6286
-3.2294
3.0822
-3.7447
-9.8088
-9.0991
-5.9577
-6.5346
-5.8911
-2.8031
0.3851
-0.5754
-2.6816
-3.0919
-4.0743
2.6521
1.6580
3.1196
5.5172
5.8179
1.8281
-2.0065
0.1144
0.3351
2.6834
8.7212
6.4118
3.1720
2.5351
0.5910
0.0683
0.7321
0.1724
0.6213
4.4210
4.8201
3.7637
-0.5520
-4.2067
-2.4211
-3.1463
-4.2418
-2.6977
-3.8199
-7.3388
-5.1472
-10.3754
-28.4133
-23.4314
-22.1652
-19.7190
-19.3046
-21.0565
-18.8778
-18.6975
-25.7748
-29.0616
-24.1180
-19.3535
-18.5635
-14.0652
-11.2589
-11.7981
-10.8463
-10.1263
-23.6030
-23.0051
-18.5216
-16.0644
-14.8898
-8.9707
-8.4937
-15.9245
-21.5561
-20.4795
-19.2173
-21.9055
-4.2729
9.7030
2.7863
-3.9602
-7.4708
-4.6698
4.2644
9.8625
6.0488
0.9157
-4.6060
-9.7638
-9.2413
-5.9197
-3.0118
-0.1051
1.4745
1.1105
-0.3250
-9.1565
-25.9489
-26.4420
-27.4774
-26.3048
-25.5415
-28.5364
-27.3973
-14.6571
-3.9573
7.6196
1.2045
-9.6970
-9.8215
-8.8839
-2.7920
11.3225
15.4736
13.8247
9.8893
-2.0471
-2.4318
6.0212
11.8207
6.5079
0.4329
1.8168
-9.4221
-8.2758
-10.8268
-8.2660
-6.0313
-11.0792
-11.8563
-9.7126
-3.9471
7.5846
5.0151
-1.7141
-2.3696
-4.7081
-3.1044
-1.1796
-3.8225
-4.2158
-1.5961
0.8742
-1.2784
3.9444
4.6491
3.3989
2.8005
1.4445
2.7382
-3.4659
-14.0127
-20.1657
-19.2016
-19.3530
-14.8472
-12.7951
-8.4055
-3.7905
-0.7393
-4.2981
-8.5104
-4.2955
-4.3195
-2.3119
3.1378
4.1066
3.8304
3.2822
1.5013
0.1237
-1.4524
-0.1864
-0.4461
0.1186
0.8129
1.9052
4.9688
4.4489
2.2508
-0.4649
2.0577
2.3643
-1.1141
-2.8219
-3.9976
-13.4440
-8.8225
-12.7829
-14.2272
-7.9677
-4.3191
-5.4124
-4.3516
-1.0650
-2.8785
-3.9920
-9.3096
-14.4866
-21.9929
-20.8578
-8.5046
-5.8560
-8.6988
-6.0374
-7.3643
-8.2134
-9.9594
-5.5403
-3.1295
8.3022
14.5072
3.2463
-14.3625
-15.8196
-9.5889
-12.1397
-16.8887
-9.8868
-14.3148
-17.7380
-19.8052
-18.3375
-12.3144
-9.3030
-13.0120
-15.9729
-17.5260
-18.8526
-21.6208
-21.7275
-20.8691
-20.8165
-25.8869
-30.0037
-20.3981
-21.6288
-20.1489
-15.9597
-5.8930
-0.0454
11.6330
-6.0268
-16.7000
-19.2799
-11.8273
3.7539
5.2243
-2.3737
-13.0846
-10.2101
0.7950
9.0839
20.2739
22.5478
16.6270
0.0667
-7.6877
-1.4171
4.3949
4.5031
9.9036
7.4405
5.9513
1.2907
-0.3828
-1.3119
-1.4352
-1.3489
-0.4743
1.4758
2.8375
2.6536
1.9045
-0.2998
-0.4149
0.0659
-0.1078
-2.1689
-0.7641
-0.5783
3.1128
4.9471
4.1311
4.7605
5.0135
2.4050
1.4298
1.4471
-0.8316
-1.5923
1.1371
-10.2850
-17.3774
-20.4234
-23.6426
-20.7991
-21.9112
-21.0669
-15.6443
-15.1160
-15.1281
-17.4239
-18.5779
-18.2255
-17.6098
-22.3992
-24.8725
-18.2822
-11.2786
-4.3081
-0.3262
-2.8270
-6.7040
-5.5088
-2.9805
-1.9751
4.4317
-10.4408
-10.1124
-8.1449
-10.0917
-13.6826
-15.9272
-15.8483
-13.2283
-13.0435
-6.7399
-3.6482
-8.1998
-12.6204
-13.5223
-18.0565
-23.3168
-27.2805
-28.6437
-29.7723
-32.6905
-36.5401
-31.4655
-23.1129
-18.7963
-12.5435
-5.5256
6.4880
0.5334
-6.2746
-10.2588
-12.8295
-6.5862
-11.5069
-18.4297
-19.4548
-14.9833
-14.4427
-19.7575
-25.9537
-22.1013
-11.1599
-12.5950
-19.1162
-18.5522
-15.0825
-16.2014
-19.3149
-21.0747
-19.3945
-16.5056
-19.7160
-15.5909
-10.1420
-1.8268
-10.1903
-21.2856
-20.7018
-10.4337
-4.8267
-11.6217
-10.9884
-14.8346
-14.9758
-11.5009
-8.6993
-5.6747
-8.7929
-18.3403
-18.2553
-10.8719
-17.2876
-15.1979
-8.5911
-11.5984
-19.3551
-20.3018
-14.5924
-15.5231
-12.0849
-3.6713
7.4836
13.7842
6.2925
0.4740
-5.0611
-3.2626
3.7430
2.7744
3.3217
3.0748
-5.9156
-6.7173
-4.3305
-1.8767
-4.5457
-8.1467
-10.9926
-11.1363
-7.3812
1.0185
5.1888
-0.4840
0.4765
3.6365
13.6811
25.2291
20.8979
14.8971
8.9684
0.5902
0.4080
4.2126
10.7858
15.0260
15.4792
18.4553
14.3783
7.2581
3.0565
-6.8996
-14.1151
-8.4310
-5.6443
-4.1541
0.1327
-0.8300
-7.2135
-5.4025
-3.8186
-6.1993
-10.8016
-11.5697
-12.2529
-12.8555
-15.1940
-18.4826
-18.5439
-19.9501
-16.5216
-10.8980
-8.4575
-14.1813
-16.0391
-13.5429
-17.2336
-14.7667
-7.2275
-2.9521
-1.0412
-0.0132
0.0540
-3.5010
-8.8417
-9.3196
-10.8867
-11.2996
-12.3262
-10.4425
2.6848
-7.5850
-15.2462
-19.1694
-14.3107
-7.2340
-2.8543
-4.6349
-4.4455
-2.7005
5.5543
4.9191
-7.1422
-15.2474
-15.3839
-12.7087
-25.3426
-26.4091
-19.7938
-12.6437
-5.6041
1.2180
8.2855
6.9261
0.9151
-5.9041
-7.8294
-5.6017
-21.4452
-25.0903
-22.0299
-15.6055
-12.3399
-11.6960
-15.8817
-19.8116
-19.4734
-18.8651
-14.9458
-13.5473
-23.1227
-21.1442
-17.2254
-13.9558
-11.0488
-6.2652
-1.9316
-1.6788
-0.1597
-1.6058
-2.0842
-1.2561
-0.4256
-1.5593
-1.1335
0.3278
1.1736
-2.0358
-3.9375
-4.8702
-1.6588
0.2007
-9.8800
-5.5779
0.9158
8.0546
6.3594
-7.0237
-13.8101
-9.6956
-6.4981
-2.8803
-0.6101
0.6573
0.5269
-10.7057
-11.5730
-8.8376
-10.4280
-3.1949
-1.6566
-8.1081
-8.0215
-6.5237
-5.8002
-12.8979
-11.6342
-6.3959
-1.0746
-1.5062
-5.1445
-4.0987
-21.2231
-20.7347
-21.1183
-22.0259
-19.8334
-21.4520
-24.5321
-23.8624
-20.5897
-19.4084
-18.9750
-17.0294
-13.5872
-10.4437
-9.5855
-5.5525
2.5825
5.1424
-2.1602
-18.8663
-25.7603
-27.7187
-24.3987
-22.1009
-23.3667
-13.7160
-8.5120
-7.7156
-6.4033
-9.0778
-12.0548
-7.4458
-5.2109
-8.1248
-6.3256
-5.2537
-2.1434
-1.3981
-3.6198
-5.8975
-5.2187
-4.3487
-5.2270
-5.8804
-6.5461
-20.7599
-22.1128
-16.5999
-8.5138
-6.2412
-8.0631
-5.8096
-4.8958
-9.2058
-8.7434
-10.1117
-8.8775
-9.7978
-8.0797
-2.9154
2.6778
-1.9311
-4.9193
-3.9538
-1.7548
-2.7285
-8.1936
-17.4050
-14.9165
-18.7166
-16.5211
-15.7994
-14.9592
-9.9106
-5.8105
0.5763
1.3225
-0.2313
-2.6885
-2.6862
-1.7594
-10.7462
-3.2513
-2.3764
-7.4617
-12.3554
-17.6811
-21.2267
-18.1885
-17.7037
-24.9670
-20.5684
-13.7540
-11.9505
-11.1681
-10.2026
-6.9833
-7.4639
-13.4681
-17.6123
-18.6830
-10.9064
-22.6210
-25.5334
-29.1447
-26.7506
-23.6692
-18.6447
-12.6752
-14.6340
-21.9837
-19.3375
-15.3183
-12.5852
-12.8558
-14.6092
-20.0862
-22.9735
-19.6079
-16.4428
-5.4189
-6.8719
-8.4275
-3.4353
-11.5950
-19.1291
-15.6580
-18.0008
-17.5926
-16.9784
-22.7123
-22.9068
-15.0170
-10.2112
-12.2134
-11.6572
-7.9915
-0.2981
-4.1150
-7.7294
-9.8558
-12.3677
-16.1915
-17.7984
-16.6681
-16.4878
-18.7852
-27.8908
-32.4678
-38.3972
-37.3892
-28.8754
-28.3956
-31.2998
-31.3023
-20.0225
-10.5987
-14.3522
-17.0684
-22.1033
-25.8055
-29.1600
-36.0263
-36.0495
-36.1100
-38.3587
-30.5990
-22.5377
-17.5131
-16.7065
-12.4939
-7.9303
-8.8247
-11.6710
-9.5117
-1.7864
-2.5605
-1.7830
-11.1964
-13.2046
-13.3801
-20.1380
-21.6478
-22.6455
-24.4165
-19.1111
-20.2653
-25.3064
-26.4262
-19.9571
-13.2622
-12.3611
-8.8175
-2.4120
3.2213
-3.2693
-6.1870
-2.8075
-11.3649
-13.1372
-17.6769
-22.7091
-24.1324
-21.3623
-23.6968
-25.0493
-25.9130
-22.8818
-17.1491
-10.0518
-9.4798
-15.2132
-17.3517
-14.2783
-11.0971
-11.5397
-9.0166
-2.8408
-5.8746
-6.9157
-10.9152
-13.3957
-6.7685
3.1022
5.2868
-3.1796
-7.1502
-11.6469
-10.1360
-5.9845
-8.3860
-16.2831
-13.2084
-7.3509
-2.9419
-2.6289
5.7535
11.6228
10.1834
6.8240
2.0225
-0.7478
1.0878
1.9166
-2.1702
-9.8377
-9.9357
-8.7454
-10.2336
-13.5641
-12.3972
-13.6292
-8.1027
-1.1018
2.8288
-1.0148
-0.1831
4.6095
11.6637
11.3397
13.9738
11.5474
5.6724
2.3178
2.9543
-6.9245
-10.2565
-4.5974
-4.4270
-9.0091
-10.4256
-3.1340
-0.7043
-3.5588
-0.6994
-9.5774
-13.5006
-16.6974
-13.3842
-7.1057
-14.3550
-25.1253
-6.8123
-11.2406
-11.2323
-8.9190
-12.8669
-18.3260
-23.3752
-19.3874
-13.4486
-15.0631
-14.9075
-6.5515
-3.6494
-7.6157
-13.9296
-9.0077
-2.6189
-3.8141
-3.2712
-1.5674
8.2022
15.3469
16.0056
16.7461
17.9125
14.8203
10.7999
7.2922
1.0281
-4.5178
-6.4040
-10.0762
-2.5315
-2.3000
-1.7825
1.3665
1.5428
-4.3730
-8.9115
-13.0872
-17.1442
-17.8710
-16.4399
-14.8392
-11.9221
-16.2354
-20.4378
-16.6632
-19.3331
-15.4062
-13.0754
-11.8676
-12.8266
0.3206
-14.5770
-7.1356
-4.9100
-7.8063
-9.8350
-7.2547
-10.2659
-14.7900
-17.1501
-22.2803
-21.6434
-20.0655
-20.2522
-20.2839
-19.1094
-20.9487
-23.2580
-27.2341
-29.8446
-30.4812
-27.8526
-27.2397
-26.6655
-27.0434
-25.0686
-22.6397
-20.0096
-15.6661
-6.5685
-2.9791
-1.6521
0.5890
0.4780
-1.6909
-1.7953
-1.5844
-2.1953
-1.8152
-2.6085
-4.9866
-5.8133
-5.3073
-4.6455
-4.5190
-0.3503
0.7379
-0.8782
-7.8153
-11.6981
-11.8051
-15.7805
-17.2810
-16.0623
-18.8282
-19.1727
-15.8997
-14.2658
-17.8803
-20.6522
-13.3975
-2.3661
6.4789
10.1051
8.4076
9.1166
4.5327
4.3212
3.8347
6.8667
13.6888
19.8350
15.6319
4.6649
-1.0927
-4.0621
-8.3525
-13.7328
-9.1901
-8.0075
-5.5314
-4.8322
-0.8898
3.6367
4.2528
3.4456
1.8001
-0.5929
0.5388
7.9943
17.3277
9.1276
-2.8286
-11.0926
-2.7365
-2.9775
-0.6990
2.2375
10.0099
10.6850
7.2005
1.9414
0.8355
1.2631
1.4797
2.4870
4.7492
12.0166
12.6465
2.0332
2.1216
5.6043
0.1355
-8.9775
-13.2090
-4.2990
-4.4899
-6.6332
-7.4179
-4.4888
-9.0246
-8.0929
-4.0149
2.2630
-4.5751
-15.3441
-18.5751
-23.8514
-22.2766
-21.9627
-17.8172
-13.4624
-11.3985
-18.6169
-17.5232
-11.3795
-5.4779
-11.2617
-14.1066
-14.8432
-5.1015
1.5316
2.8878
9.6096
-9.8360
-19.7526
-13.2769
-8.4766
-4.8095
2.8844
5.4412
8.5509
-2.1527
-13.7236
-11.0262
-10.9163
-8.6121
-11.7198
-7.2271
-3.7680
-4.3184
-7.0425
-9.6332
-17.9347
-20.1433
-20.4045
-20.5602
-15.6776
-14.8964
-20.9880
-23.1580
-16.6259
-11.5785
-11.7313
-7.5712
-9.4130
-12.0723
-11.6028
-8.6234
0.3833
-0.0975
-0.1093
-0.4872
4.5135
5.3948
3.8491
1.1463
-0.6609
-3.0080
-4.1456
-6.2496
-6.2702
-6.2880
-3.4167
-1.3667
2.0792
7.4171
8.6140
4.4587
2.8545
4.8872
6.8006
5.1486
0.3076
-0.5031
-1.9788
-0.3158
-0.9602
-3.0909
-1.9761
-2.2789
-1.8811
-1.4533
-0.2836
-0.2892
-2.2508
-3.4512
-3.6346
-4.0733
-2.2518
-2.0618
4.7847
4.9429
3.4384
0.4566
-2.3693
-19.5456
-21.8657
-16.9293
-12.5042
-8.2225
-5.9428
-5.8598
-4.8169
-5.6301
-7.1452
-6.7365
-7.8517
-10.8290
-10.5440
-12.4873
-10.2825
-8.0108
-6.6344
-9.0055
-9.3863
-4.6573
-2.3089
9.2224
13.9417
8.7995
1.6693
-0.9090
1.0299
0.6288
-0.6224
0.2394
-0.9188
-0.6126
-0.0990
-1.9394
-2.3898
-1.4830
-0.3912
-0.9126
-1.9599
-1.3001
-0.6338
-1.0257
-0.6368
1.2089
-0.5326
-0.5294
2.3044
1.2960
2.7924
-6.3649
0.1367
4.0398
5.0303
1.3744
-10.3533
-13.5623
-14.6709
-11.5809
-6.3012
-6.9794
-11.0175
-17.8271
-16.8947
-9.1120
-0.5228
8.4223
8.0035
-5.4271
-14.3708
-16.3446
-15.4773
-22.1831
-22.2042
-22.7026
-16.5042
-14.3331
-13.7675
-13.7709
-7.5498
-6.6317
-7.7677
-12.3159
-13.4231
-9.3121
-9.2973
-18.6496
-18.7834
-18.2636
-13.0264
-6.6836
-5.0584
-1.8876
3.3135
3.6154
-6.1596
-18.2517
-15.7785
-2.1285
8.6611
7.0669
-2.4281
-6.0771
-5.1231
-5.4003
-16.2646
-11.7029
-3.5483
-0.7827
-1.3408
-5.6578
-9.4774
-10.9138
-6.0025
0.8679
2.7548
6.2435
14.8333
18.5184
11.6877
-20.9954
-15.9433
-7.2709
0.6264
-3.8914
-6.4245
-4.0088
-4.3528
0.3711
-3.1788
-2.1907
-5.9492
-6.2052
-6.4097
-1.9967
-0.8165
-2.8457
-7.6007
-10.6174
-14.0624
-17.7020
-16.3107
-15.0951
-19.3439
-16.9081
-6.2362
1.5636
-8.3769
-14.1949
-13.5579
-11.9155
-15.6420
-13.0672
-18.4692
-22.0007
-17.4580
-15.4572
-16.8019
-18.5318
-7.1646
-13.5073
-18.6159
-29.2480
-29.2063
-23.8807
-18.0152
-13.7834
-9.1118
-9.5357
-6.4729
-6.1938
-4.0799
5.8944
7.5776
2.2599
-1.5835
-0.8119
6.3416
10.0991
12.6836
16.2888
13.3432
6.9808
-2.3195
-5.2935
-1.1101
-12.7985
-18.2415
-20.1229
-16.0169
-20.2781
-19.0261
-13.7722
-7.5356
-0.7365
2.6102
-9.2492
-6.0015
-5.8830
-4.0451
-6.0244
-7.8936
-11.0414
-11.5476
-14.2609
-10.7509
-8.1505
-6.8677
-6.3416
-6.6573
-3.7283
-9.1842
-12.7873
-9.2349
2.0775
1.1831
-11.3749
-18.8305
-14.4233
-14.4334
-15.3501
-15.7013
-12.9674
-10.8626
-11.0917
-11.3467
-12.4934
-5.4881
4.5025
4.9451
4.2333
3.3416
-0.6513
-2.4156
-3.8675
-3.6676
-2.8972
-3.5177
-5.0012
-3.3012
-2.5814
-3.8548
-3.7145
-0.2703
-15.5353
-19.7104
-11.9366
-2.2497
-0.4736
-2.2474
-3.7383
-2.9497
-5.9675
-11.0065
-10.6232
0.9190
-4.3239
-9.6774
-11.1072
-13.3493
-7.2506
-8.9380
-11.0439
-14.9188
-13.3962
-20.5408
-27.8237
-22.7966
-10.7701
-2.8294
-7.2493
-9.5489
-19.7513
-23.0679
-26.7074
-26.1533
-20.4348
-18.4143
-20.3498
-19.5455
-17.1373
-24.9724
-20.6346
-16.6097
-4.2240
4.8574
3.4791
-0.1702
-0.8910
-2.5277
0.0036
0.1363
-5.2319
-11.5153
-17.6069
-13.1358
-12.2721
-9.7744
-9.8714
-13.6510
-13.6635
-11.8661
-9.7694
-3.0917
1.7133
-1.9821
-13.6196
-22.9126
-20.7873
-18.5440
-14.8429
-14.7209
-10.6004
-11.0304
-17.6835
-17.7206
-14.4187
-12.4717
-15.0920
-8.7730
-10.0376
-20.1558
-21.0050
-11.3292
-6.5842
-3.7691
-1.0756
-0.3881
-0.9464
0.1374
-0.1667
0.6077
0.6093
-0.7254
-1.9765
-0.1540
-7.5392
-3.0557
-7.7288
-12.5035
-5.3500
6.3544
11.6851
7.6989
-6.1543
-4.4637
-2.4411
-4.9057
-7.6427
-9.2156
-6.6819
-4.8600
0.3614
3.9631
-0.6926
-0.4146
5.1893
4.2094
-0.8450
-6.8890
-7.2615
-3.4803
3.4783
1.1114
-3.3654
-13.4453
-19.7064
-20.2608
-16.9751
-13.6145
-11.2529
-5.5073
-9.4136
-24.1024
-26.8228
-16.9771
-8.9438
-6.1893
-8.5440
-8.1804
-7.3697
-4.6695
-1.5091
0.3084
-1.3775
-3.1665
-2.4076
-1.8213
-0.8585
-0.2457
1.6197
2.5595
0.2689
-1.8319
-0.1234
-0.0954
-0.9614
0.9185
-3.6375
-5.3227
-5.0823
-8.7961
-13.8014
-13.2750
-2.8164
-1.5935
-0.5849
-4.8517
-14.2916
-17.7940
-11.3148
-7.7728
-13.2557
-13.8123
-5.3783
-0.7843
-4.3265
-6.8926
-9.7239
-8.7613
-6.0767
-7.4562
-5.4308
6.4571
8.9127
4.3515
1.9423
-0.5330
-2.4244
-4.3150
1.5812
-2.3822
-4.3327
-6.6377
-8.5101
-9.5948
-11.0328
-4.9550
2.2857
6.2150
3.9131
6.8175
3.7749
-0.4580
1.4513
5.3428
2.1766
0.6085
-2.0719
15.7703
14.8043
11.4660
6.5296
0.2858
2.5155
3.4058

Coefficient 18:
0.0000
-2.9752
-0.2126
0.0899
-8.6705
-9.6712
-7.8278
-2.2786
-0.0762
2.0518
0.1331
-5.8486
-8.3432
1.8071
9.4827
6.9270
4.7470
3.8693
3.6844
4.3743
2.5141
-3.4645
-7.0720
-7.0674
-4.2352
3.1089
3.4286
-0.1995
-2.7043
-1.0265
9.2145
11.5079
5.3920
1.6589
-2.0228
-4.8111
-6.0532
-10.6121
-5.9902
-1.0622
-0.5481
-4.3547
-10.5262
-10.5103
-7.9114
1.5888
8.3908
6.3453
1.8055
-4.3488
-10.3890
-7.3008
-2.9460
-5.1294
-6.5281
-10.7197
-18.5472
-16.1195
-22.5499
-25.5865
-24.6799
-19.2870
-15.6267
-28.3465
-30.7026
-28.3618
-21.9632
-20.2439
-16.2355
-13.1051
-14.1260
-13.9527
-9.4032
-9.8570
-7.7538
-6.8190
-12.0161
-16.0438
-16.8512
-10.9015
-6.1553
-2.2037
-6.8525
-4.8665
0.3484
0.0277
-8.6661
-10.9609
-13.0069
-15.5270
-14.4873
-10.1393
-20.2444
-22.2965
-16.2869
-9.9079
-2.4984
-9.9799
-9.8469
-7.5489
-9.3301
-6.5319
-0.9389
-5.7238
-4.0942
0.0852
-4.3101
-16.4134
-18.9166
-17.5223
-12.2466
-13.5891
-22.0916
-26.3208
-21.6987
-22.2012
-19.3670
-14.6780
-13.4060
-12.3427
-8.5698
-4.8975
-3.5951
-4.0106
-10.4778
-9.1565
-12.0225
-17.3297
-22.8471
-17.6728
-9.3170
-4.2931
-1.8155
-1.5343
-4.7117
-10.8295
-9.0058
-10.9223
-10.2496
-10.0665
-18.2329
-22.4487
-23.7693
-25.2650
-24.9487
-13.2691
-1.7292
-0.4252
-7.1893
-9.4608
-10.7209
-10.5985
-9.4031
-10.0119
-9.8069
-5.1570
-0.7355
-0.0168
2.1531
2.5445
2.7722
-0.7602
-4.5886
-2.7417
-3.3523
-4.7675
-4.3099
-3.2952
-5.6617
-4.2010
-12.5126
-17.1023
-11.7511
-6.7069
-4.0878
-5.1716
-6.6737
-7.5776
-10.0702
-14.3557
-15.0371
-10.9602
-11.6504
-12.5743
-9.6789
-5.7758
-6.2610
-5.3376
-7.6342
-13.8324
-11.5295
-6.6804
-5.9568
-7.9225
-11.6235
-13.4061
-13.5900
-13.0788
-7.8802
-2.7753
-3.3799
-8.3413
-3.0780
2.9888
5.0299
4.3823
1.7616
3.8059
6.6429
3.1067
0.3388
-4.4550
-11.7133
-11.0175
-7.7589
-4.4546
-0.0189
2.0476
2.3361
-1.5626
-9.7216
-9.6132
-11.9325
-12.7492
-13.0847
-6.4211
-6.0951
-10.7849
-20.2889
-18.9948
-12.3584
-14.2905
-26.2610
-25.5866
-15.2518
-9.7960
-10.7893
-11.5076
-8.5643
-17.4684
-23.2389
-22.1752
-8.8052
6.0149
2.2982
-7.0538
-11.0171
-21.5441
-20.0885
-15.3144
-12.6181
-13.7337
-12.8716
-13.6475
-17.5945
-20.3787
-17.6958
-17.6393
-17.7975
-10.1989
-6.9688
-6.4371
-6.5831
-5.5822
-8.3014
-11.2404
-14.8201
-21.7858
-19.7135
-16.6723
-13.5244
-10.8626
-10.1984
-6.2335
-6.3271
-5.0659
-5.1166
2.0414
1.6696
-4.2364
-5.4455
-5.2696
-4.6422
-2.1667
3.5603
4.9880
7.8879
6.3876
5.9566
7.8634
8.9525
6.3818
3.5095
1.8407
0.0137
-1.6971
-0.2453
-0.3429
-0.3073
0.4200
1.5315
4.4917
4.4182
2.1080
-1.1646
0.5872
0.7095
-2.0627
-3.2692
-3.1959
-1.4514
-3.4717
-9.5099
-14.3699
1.1365
4.8455
-2.1316
-0.0655
-3.9183
-0.4782
4.8233
4.3578
-6.2063
-13.9594
-14.3159
-13.0210
-9.1815
-10.2555
-14.2227
-16.0415
-13.2696
-15.1753
-10.7166
-4.7624
-6.4070
-5.3273
-11.0049
-6.5631
-1.0340
3.6061
2.3616
-3.1508
1.7988
12.1076
5.0929
1.3789
-3.2131
-5.5422
-0.0255
4.5601
5.1908
3.4412
6.0759
3.3683
8.9863
11.8199
11.6958
12.2201
11.8159
2.4819
2.1407
2.0028
4.3903
4.9402
7.0139
10.4220
3.8761
0.3640
-2.8641
-0.9078
4.8951
-0.9284
-11.7182
-14.5555
-16.1744
-14.5131
-9.3535
15.4977
23.8214
16.0423
3.2943
1.2132
6.8580
10.6378
5.6374
3.0653
2.6938
3.0970
1.2178
-0.4950
-1.2039
-1.3507
-1.5402
-0.8611
0.6830
0.5178
-0.3681
-0.4971
-2.0131
-1.8125
-0.2491
-0.6049
-3.0374
-1.3221
-0.6708
1.6289
3.4833
2.6649
2.8639
2.0762
-2.5703
-4.8645
-2.9996
-1.3809
-1.6531
-1.4086
-10.0354
-21.9987
-12.5040
1.5794
1.8246
-0.9336
-0.0028
3.9941
4.5521
4.1775
2.5427
4.1964
5.5514
4.7672
5.1745
4.7702
6.8218
5.9144
0.4695
-0.0542
-2.0507
-2.3039
-1.6801
-3.4314
-4.6936
1.8878
2.0268
2.1799
7.8376
11.0782
7.6230
11.2229
11.6679
8.0622
10.4371
9.8979
11.4880
8.6865
6.5093
4.0641
1.1646
-2.1061
-6.8273
-4.3411
8.7207
13.7073
7.7368
9.5979
9.6091
3.6333
3.7657
9.9495
27.2425
25.3957
16.9605
4.8151
-5.5877
-8.0636
-4.2203
0.9390
-6.3827
-6.6650
-8.0637
-3.1098
-2.2383
-3.9217
-2.1515
-2.3310
-4.8015
-3.9933
-4.3326
-3.0599
3.6986
9.4857
6.4364
7.9564
8.4877
3.4469
-6.4847
-7.0469
-5.8941
-3.0909
-3.8121
-6.1630
-9.1024
-20.0419
-18.0616
-4.1094
-3.4211
-4.5493
-5.1982
-10.3552
-8.4274
-3.9424
0.6334
-5.6396
-16.2211
-15.2427
-8.5792
-8.2185
-10.7873
-16.5902
-9.1505
-5.4814
-11.6940
-21.5212
-14.0876
-9.4794
-10.2265
-16.5263
-19.2426
-10.0342
-0.0878
6.4981
5.3000
2.3014
-4.5841
-12.9167
-10.6091
-6.0316
0.4124
1.9359
2.3773
5.5936
10.8231
10.3272
7.8335
-2.9563
-1.8393
2.6623
1.9749
9.9193
13.6093
17.6464
17.2945
14.4441
9.6346
5.1897
9.8340
11.7181
10.0557
6.5841
6.8889
4.1123
0.9260
3.9926
-5.2920
-6.6217
-4.5231
0.4378
-1.4518
-0.3470
-1.9430
-0.6722
-0.1239
-7.3717
-2.7107
-2.5667
-11.6411
-15.9129
-12.1398
-10.0740
-21.0321
-22.7065
-21.3195
-12.1232
-8.8875
-10.5531
-6.3014
-1.0592
-5.1715
-5.8682
-9.6725
-13.3051
-10.1662
-8.9726
-10.2374
-10.3714
-2.6796
4.2067
10.2401
7.9053
5.4524
9.2900
6.3164
-0.3665
-9.0596
-12.2679
-9.1135
-2.4089
4.6832
7.1377
2.0940
-1.6548
-10.4432
-14.9993
-5.9209
1.9700
5.8770
0.8437
-15.7229
-20.4338
-19.1755
-11.8000
-5.7884
-8.2815
-12.1495
-15.7676
-11.7714
-12.1453
3.0810
18.3423
12.7124
0.6139
-8.0076
-4.5076
-5.8578
-9.7727
-10.1820
-10.9930
-15.8394
-17.6542
-18.3144
-22.2156
-25.6130
-24.9716
-23.8020
-18.1603
-14.5257
-12.5094
-3.3542
-1.5102
-0.2646
-1.6331
-2.1467
-1.2792
-0.5615
-1.6162
-1.0859
0.2924
1.1016
-1.6819
-3.1752
-2.8702
-8.1669
-11.8218
-7.1935
-1.9690
0.7335
4.0863
9.2903
3.5602
-1.1242
-8.8897
-13.1459
-12.6825
-7.4067
-6.6652
-10.9327
-17.0518
-9.7422
-5.9042
-3.2942
-5.0730
-4.0122
-0.3834
-0.8080
5.4521
9.7103
4.9725
4.3699
-8.2323
-12.2354
-10.6979
-9.5867
0.4913
-4.0113
-4.0050
4.3211
5.0612
2.8490
-4.5220
-12.8056
-14.0545
-6.5751
-5.8576
-11.0002
-16.4873
-20.8087
-13.1396
-7.1737
-3.9996
-2.2372
-1.9407
-0.1450
-12.8663
-16.4646
-12.7944
-9.4823
-2.5108
2.4448
-1.3011
-7.9402
-10.8613
-8.8025
-11.2642
-10.9013
-6.1641
-5.1559
-7.3871
-6.2748
-6.1646
-5.6001
-6.8375
-5.9935
-2.7117
1.9045
0.5847
-4.7663
-6.1082
-7.0036
-16.5714
-23.3403
-18.2156
-8.7782
-11.8695
-13.7103
-12.5609
-9.6347
-5.0464
-1.4213
-0.7691
-1.6529
1.3137
3.5192
-1.6935
-2.6473
-2.9711
-1.4090
0.3345
6.5459
9.8469
-7.9906
-9.7362
-14.4400
-17.5469
-18.9361
-15.9406
-10.5632
-3.0277
-4.8125
-7.8423
-6.1322
-5.1391
-5.5000
-7.5493
-7.0037
-7.6631
-7.7919
-5.9825
-1.3149
-5.0273
-2.8529
-1.0256
0.1625
-1.3985
-7.5242
-14.5843
-18.2042
-20.9750
-22.9697
-19.0189
-15.7150
-9.4869
-16.1155
-21.6885
-18.3445
-11.5913
-12.6827
-5.2927
-0.2306
4.0660
3.6473
2.6453
0.6350
-2.7154
-5.1731
-11.1740
-5.6720
-5.3591
-9.2054
-16.2980
-14.9714
-10.1089
-5.2338
-0.8610
5.6563
6.1653
-2.8742
-7.8783
-12.2129
-8.8783
-2.3559
0.2552
0.2238
0.3721
-1.5882
-2.9262
-2.0255
-2.8970
-5.8603
-11.9614
-8.5642
-2.4036
-10.8706
-13.7466
-11.7453
-5.4344
-7.4838
-7.6669
-7.6044
-16.8441
-21.1305
-8.7875
7.2378
13.4040
11.8649
6.9716
15.5969
20.5653
14.8652
2.8357
5.6090
-0.5136
1.5648
8.5531
6.3101
-0.0932
-1.2081
0.2934
-0.2057
-2.9993
-2.2555
-7.5631
-9.4326
-10.6405
-12.9450
-16.5137
-16.1803
-7.7471
-6.5283
-8.4634
-9.2190
-4.5373
-4.3622
-9.1138
-12.0586
-8.6878
-9.0540
-0.7284
-0.1122
-3.6140
-10.9272
-14.7871
-10.7417
-8.2957
-2.1667
-5.7454
-12.6775
-15.3288
-12.5404
-9.9740
-11.8976
-16.5429
-16.3118
-15.1694
-11.4504
-10.4736
-16.8977
-19.1293
-21.5271
-22.9668
-25.4880
-21.5722
-19.0512
-20.6501
-19.9444
-19.7268
-19.1772
-19.9488
-19.0431
-17.2319
-13.8662
-17.0390
-19.0674
-21.3833
-16.7590
-7.1794
0.8480
-0.4509
-3.5624
-9.9268
-11.4482
-7.5085
0.9160
2.4811
-2.2376
-9.6077
-9.9471
-11.7909
-11.3023
-6.8760
8.4303
12.5754
14.8658
14.7573
14.2990
13.1992
13.7161
9.5591
6.5502
-1.2947
-15.0851
-22.3449
-27.2282
-24.8104
-18.8517
-14.1386
-12.9799
-7.7039
-12.4928
-12.1047
-9.0890
-9.5495
-9.7274
-14.9035
-13.7003
-7.8526
-2.9663
-4.4691
-10.8550
-8.0669
-6.5324
-8.8108
-11.2057
-11.1725
-9.4443
-8.6011
-3.9023
-1.6765
-0.2927
-5.5626
-9.5805
-12.5168
-11.0408
-12.6525
-14.0890
-23.1303
-32.2189
-20.0152
-10.6811
-12.2599
-11.4189
-15.1179
-23.9961
-19.6062
-15.8237
-15.6211
-19.7020
-25.9886
-28.0120
-32.5566
-35.5530
-30.0109
-20.3909
-15.2247
-6.7167
0.1366
4.6750
2.5389
1.0551
-0.5356
-2.8378
-2.7047
1.1206
4.6455
5.2544
0.7794
-3.3867
-1.8821
-1.5452
-7.2543
-15.4219
-17.1789
-16.1090
-15.7771
-13.6478
-13.1485
-14.6483
-16.6193
-15.5051
-15.4814
-18.7236
-23.0852
-21.3810
-19.6958
-13.8138
-10.3833
-7.6680
-6.7694
-4.4611
1.8094
5.1564
10.6187
12.0821
-0.4362
-9.6686
-9.1245
-8.2376
-10.4111
-15.4066
-18.2039
-17.1957
-15.7208
-17.1537
-12.1090
-10.5322
-6.4569
-2.6732
-2.9608
-5.2312
-11.9144
-13.2627
-9.3006
-3.7427
0.4582
-3.0598
-1.9637
-3.6594
-2.0495
-3.2167
-3.1251
-1.9471
0.0890
-0.0089
-1.8073
-1.9279
-1.7947
-2.3936
-1.9179
0.3084
1.1645
0.9849
0.7740
-1.2698
-2.1127
-0.7225
-5.4718
-13.7368
-13.4694
-12.7786
-12.8596
-8.3920
-5.1420
-8.7209
-10.8019
-11.2437
-8.1169
-6.9987
-3.3766
-3.8875
-5.7904
-4.1573
5.8242
10.9640
4.6750
-2.9175
-2.5733
-1.1286
-0.6080
-2.5971
3.7704
9.2729
10.9069
6.8906
9.0067
7.5740
-1.7639
-5.4615
-5.1948
-3.7619
1.6456
4.7900
1.9439
-0.9239
-1.5392
2.7379
5.1416
2.5997
4.6227
10.6529
21.5397
12.6426
-2.3023
-4.9310
-9.9016
-14.3877
-14.6681
-14.7685
-10.4615
-8.3262
-9.1605
-9.9383
-7.9850
-8.6478
-14.8425
-18.2779
-14.9210
-4.6231
-7.6733
-24.3691
-30.3255
-25.9513
-17.4939
-10.5629
-2.7135
2.4860
-8.2749
-15.0008
-14.3865
-11.9881
-7.6300
-8.7450
-5.5690
-0.5519
-3.4184
0.6750
-4.6937
-9.9444
-8.0486
-4.7964
-3.5559
-9.2180
-14.4528
-11.5156
-7.8408
-10.6775
-16.0125
-11.0501
-12.8013
-12.7120
-9.9294
-13.5801
-11.8591
-4.1828
3.3536
0.2059
-7.8663
-15.0207
-11.1496
-7.8062
-6.9601
-4.5798
-7.1528
-3.7375
-1.3977
-0.4181
-8.8069
-12.8375
-9.0670
-11.2913
-10.8499
-11.4832
-0.2596
12.3849
16.8447
17.8229
15.3632
5.8306
-0.8383
1.5114
-0.3532
5.6508
6.1706
1.7427
1.8988
3.7301
3.4142
1.1220
-6.3194
-3.9537
-0.3745
-0.2056
0.1487
2.9369
4.2808
4.6927
3.4832
1.4980
2.8505
6.4489
6.4206
4.9032
3.3016
0.1896
-4.4700
-3.1674
-2.4039
-2.7913
-5.1711
-6.1683
-4.9072
0.5732
4.5934
1.3494
-0.4012
-1.2662
-1.6185
-1.3312
-3.3997
-2.2817
-2.5244
-2.1495
-1.4229
-0.1775
-0.3855
-2.0164
-2.8047
-3.4509
-3.7701
-2.2679
-3.4439
-6.1809
0.5069
4.1914
1.9944
0.7920
-8.9995
-6.7359
-11.3237
-15.4839
-18.3881
-14.3431
-10.1916
-8.4149
-9.4245
-11.5629
-8.1453
-6.7342
-3.0167
1.5146
6.0886
5.0062
1.8478
1.1787
4.1997
10.0808
10.1693
1.0815
5.5772
13.3778
11.5644
1.6520
-0.9777
1.4176
1.1524
-0.2839
0.2182
-2.4537
-3.1734
-1.7788
-2.2488
-2.2411
-1.7511
-0.7873
-1.0416
-1.8511
-1.3133
-0.9084
-1.2958
-0.9117
0.8508
-0.6790
-0.6797
1.6035
-3.3660
-2.6962
-3.2820
0.8980
-7.5219
-12.1994
-11.3253
-17.7865
-6.2410
-5.3061
-11.6858
-12.9673
-13.4648
-7.1921
-19.1157
-21.9293
-17.9422
-11.9157
-11.6591
-7.0011
-8.3227
-15.4221
-15.9914
-10.0010
-8.8487
-11.9251
-8.6713
-5.7971
-5.9875
-8.5745
-16.3437
-18.4626
-21.9119
-16.1960
-14.5407
-16.1658
-19.5309
-10.3006
-19.5199
-20.6018
-18.4381
-11.3554
-10.4761
-14.5464
-14.0199
-7.8662
-1.9144
-5.8280
-10.5738
-12.9097
-18.2556
-20.9146
-17.8326
-14.5907
-12.5006
-11.4595
-11.6453
-10.8554
-2.6495
-0.4175
-3.4648
-7.8530
-13.4268
-11.3913
-15.4457
-17.1431
-16.9684
-16.4595
-15.4201
-8.3087
1.8068
-0.4869
-15.5901
-17.2243
-15.9404
-9.5985
-2.3799
-1.5213
-4.5502
-7.8508
-4.0621
-5.8454
-9.3589
-11.5641
-9.9302
-11.8416
-9.3402
-9.2102
-11.7608
-13.4304
-6.4322
0.1413
-2.2139
-7.4644
-4.1338
1.2308
0.5604
-6.8799
-12.3780
-12.2246
-7.4973
-4.4712
-2.6824
-5.2234
-9.3269
-12.3312
-14.3228
-9.6473
-1.9041
3.6256
4.5708
5.4203
-3.5214
-9.2911
-4.1833
-4.7118
-6.2211
-4.6268
-6.6721
-11.4669
-12.3515
-13.6268
-5.8928
4.5294
4.6997
1.2318
-6.7266
-13.1201
-13.8271
-7.1831
-2.3395
5.1863
11.4447
8.7996
6.0883
4.6537
1.2080
-1.9669
-11.5765
-17.1733
-14.1703
-13.2113
-8.4943
-12.6246
-13.0320
-11.6178
-13.0946
-11.7006
-12.8086
-10.1693
-14.6785
-18.8038
-17.6449
-12.5459
-9.0935
-11.6140
-12.1615
-9.8422
-8.8945
-8.6793
-10.5236
-11.0657
-0.7756
6.7593
3.7222
-0.7243
-1.1575
6.8555
6.2761
-3.8116
-10.1822
-13.0869
-8.0892
-9.1964
-7.5386
-3.4424
-9.4129
-10.5899
-12.9977
-9.8136
-14.4679
-11.7421
-11.4797
-5.8591
1.4803
6.2240
7.8140
9.4111
9.8518
11.4525
12.2686
11.5153
7.6771
3.1155
-1.3344
-7.4482
-11.3749
3.7108
6.9871
1.3872
-4.0531
-7.9860
-8.6236
-7.8050
-3.2644
-1.7000
2.5753
4.3270
7.8150
6.3191
2.6075
0.9776
2.5114
2.5028
3.9068
-2.0816
-10.8089
-11.3750
-9.5480
-4.2140
0.1351
-1.3229
-8.1476
-11.5478
-13.3094
-12.3334
-8.8628
-0.4092
-5.8004
-5.2781
-4.9860
-8.6739
-11.1060
-7.7455
-12.9186
-19.3468
-15.9757
-12.2587
-13.8880
-17.4857
-18.7580
-22.3932
-13.4012
-9.7931
-6.4623
-6.3173
-13.4623
-17.7858
-22.4488
-19.4484
-15.9401
-16.8524
-17.6053
-13.2154
-12.9253
-12.0963
-9.0939
-2.1511
2.9813
-1.9958
-3.7319
-13.0398
-20.1360
-18.8744
-11.9450
-8.6308
-0.4287
3.5160
4.6322
3.1241
3.1036
6.6481
6.0153
-2.5122
-4.5373
-10.8503
-11.1038
-8.4805
-7.3794
-2.1171
3.1510
0.6440
-0.4227
0.4584
0.5979
-0.8232
-2.2253
-0.6461
-4.6878
-2.9886
4.4038
1.7643
-6.0075
-14.6144
-12.1040
-4.8694
-13.5901
-20.2363
-19.3662
-10.3488
-2.9993
-1.2901
-0.6020
-1.5814
-3.3216
-1.9865
-2.5577
-4.5790
-7.0053
6.7843
12.6408
9.4269
4.6410
6.3213
6.4652
0.9034
-0.3107
-12.4561
-15.1361
-11.1260
-1.2588
6.1368
-0.8957
-8.7308
-7.8623
5.9249
12.0325
8.2033
1.9252
7.3946
5.4294
2.0520
-0.8035
-1.3067
-1.6071
-0.1526
-1.8917
-3.2697
-2.2408
-1.7566
-0.6534
-0.2335
1.5102
2.2686
-0.1127
-1.7750
0.0934
-0.4149
-1.0427
0.7608
0.9054
-13.5835
-15.5980
-14.7915
-12.7290
-16.8294
-16.2113
-6.1469
2.6725
0.1664
-6.4936
-1.8709
3.1109
0.2022
-3.4455
-8.7142
-9.8368
-12.3559
-18.0199
-14.1923
-9.1857
-9.9957
-6.8466
-4.0658
-6.0455
1.5175
6.7436
4.7182
2.5827
-0.7102
-2.4938
-4.5058
-1.8955
1.1703
-0.8580
-1.9378
-1.2918
1.8449
0.9322
5.2234
10.1594
-1.2848
0.3612
2.6786
0.4003
0.8050
3.2015
5.2418
0.3400
-0.6784
-1.0361
14.0335
18.6436
18.8335
19.6308
10.0420
6.5630
5.6751

Coefficient 19:
0.0000
-3.7625
-0.7321
-0.6788
-6.9683
-7.0265
-7.0207
-2.3374
-0.1898
-2.0840
-6.2054
-12.5605
-14.9356
-8.4491
-1.8495
-5.2321
-4.5037
-3.3325
-0.7421
1.7641
2.0878
1.8788
4.2454
6.2262
7.2158
11.1271
7.2407
0.8623
-5.7302
-6.3010
-4.4280
-8.2859
-8.1803
-11.3798
-6.0789
-2.0473
1.7755
-3.5585
-1.9926
5.6995
4.8027
2.5505
-1.1458
0.2971
-2.9767
-0.4018
0.2633
-9.3773
-13.4607
-16.9539
-16.7265
-4.9692
0.4055
-2.9948
-7.3489
-8.0702
-14.8247
-20.4289
-21.5498
-8.8135
-1.0178
2.3226
-5.8781
-19.6057
-22.3681
-18.2238
-18.2206
-19.5096
-19.3569
-14.4905
-13.7040
-15.1909
-18.2832
-21.9676
-18.6441
-12.9320
-8.9685
-10.4619
-15.1400
-18.6554
-18.6153
-15.2123
-14.0137
-7.5472
-3.2080
-10.5308
-21.5970
-23.9381
-24.2519
-23.1623
-18.5102
-16.7109
-13.2469
-9.0388
-4.1386
-7.4530
-12.6317
-10.1741
-10.7044
-8.5528
-4.3328
-2.7506
-8.2024
-7.0987
-1.3798
8.0842
10.2474
2.6659
1.1466
-3.5663
-3.2391
2.1156
9.2801
9.5997
0.4486
-3.7396
-0.0041
3.0929
-0.0481
-1.4688
2.2853
1.6964
-0.2226
0.0985
-1.1248
-1.5142
-2.8509
0.4775
0.7830
1.2394
1.8515
4.7200
4.0439
2.2162
1.6717
2.8785
1.2907
-4.7799
-4.7762
-2.4889
-3.6501
-8.5539
-11.0195
-10.9354
-13.8782
-9.3688
-2.8491
-1.4486
-4.6698
-7.6936
-10.0547
-7.9563
-7.0143
-5.4720
-7.0291
-6.2263
-1.4998
-0.6054
-0.4534
-0.0089
1.6788
-0.9345
-4.8015
-2.9480
-3.4197
-5.1500
-2.3040
-0.4370
-4.2419
-4.1486
-13.9037
-1.8358
0.7193
-3.0635
-4.0366
-6.9558
-6.7104
-5.5063
-4.7676
-5.7281
-7.0399
-6.9126
-9.8085
-11.6973
-11.6922
-5.3322
-5.3049
-1.2513
-4.9639
-8.6583
-1.5721
1.5936
4.8878
3.4774
2.9481
3.5008
8.2803
8.7798
1.6580
-6.4800
-7.8991
-10.1693
-19.2419
-10.2233
-3.7388
-0.0791
1.4864
6.0545
0.4358
-0.2247
-0.1389
-3.2335
-11.6313
-11.3255
-8.6751
-5.6079
-0.4881
2.2704
3.2335
-2.8912
-13.2283
-16.6499
-13.7412
-12.1812
-14.2166
-15.0983
-14.9398
-19.6950
-22.4095
-23.0859
-21.9288
-11.5174
-13.7091
-12.8105
-16.2405
-16.1715
-8.6994
-2.5985
0.5470
-11.4248
-12.4277
-2.2493
5.9005
6.7461
4.3953
2.5936
-0.8920
-15.4762
-18.7303
-7.0871
-7.4049
-9.5310
-10.0268
-8.6492
-9.2190
-10.5645
-9.1306
-7.5661
-4.6100
-3.2143
-5.4656
-6.3090
-6.6851
-5.1811
-6.2823
-10.5722
-16.7527
-28.0795
-29.7985
-26.5047
-19.5763
-13.8463
-8.4113
-6.4782
-12.2840
-12.0906
-3.6404
4.0671
6.7881
7.9586
8.7317
5.1089
0.4861
2.8477
-0.2569
-1.1906
5.1683
7.3272
9.0665
12.3286
11.3631
5.3638
1.4126
2.0691
-0.0387
-1.8023
-0.2899
-0.3395
-0.6798
-0.0991
0.9699
3.7121
3.6059
1.7030
-1.9170
-1.2067
-1.2743
-3.0365
-3.6191
-2.7860
-4.4280
-3.5908
-7.2317
-7.7553
-6.4395
-4.3706
-10.0473
-8.1072
-3.2497
-3.9551
-4.8487
-7.0598
-5.4174
-3.4987
-10.2332
-4.3627
-1.3727
-10.2647
-7.3644
-9.4029
-7.6824
-4.7558
-6.0450
-10.8020
-13.9980
-11.4057
-14.1993
-9.9004
-7.9133
-15.1493
-19.7985
-16.1360
-4.3338
-12.7470
-19.2936
-12.7058
-3.4640
-11.8715
-19.3458
-17.5642
-13.9036
-15.5253
-15.2839
-14.5229
-25.2702
-30.7979
-27.6316
-24.5480
-30.7816
-20.6694
-13.6376
-10.4869
-11.2672
-15.0050
-11.6618
3.0272
-5.1386
-11.9330
-11.4200
-1.5266
7.0491
4.0634
-0.8764
-19.3127
-21.0935
-17.3524
-8.3296
6.2401
16.5638
11.4310
6.1464
9.4529
8.4379
6.6410
7.2726
-2.9512
-5.9065
-4.4724
1.7136
-0.5374
-1.0016
-1.1733
-1.6417
-1.1062
-0.3443
-2.8767
-4.3347
-3.5118
-4.7856
-3.8665
-0.7212
-0.0938
-0.4411
1.0205
-0.5094
-0.7475
-1.1821
-4.1402
-4.4859
-3.4706
-5.4859
-7.8339
-4.7819
-0.9981
-1.1998
-2.8698
8.5593
-10.2433
-14.7200
-5.6773
-2.2456
-2.6072
-0.8706
-0.2561
-0.3293
-4.5296
-6.9371
-6.8441
-4.3947
-4.6009
-6.2458
-10.4559
-12.9550
-7.9037
-12.6105
-18.5369
-22.3960
-20.2590
-14.9006
-14.6308
-8.0142
0.1858
-2.0997
-17.6298
-16.9182
-16.0842
-15.3873
-12.2401
-8.2826
-6.0197
-6.6396
-10.4076
-11.5090
-12.0839
-9.9783
-10.7537
-9.3352
-9.9727
-12.7251
-11.5678
-5.3981
-2.8506
-4.4800
-4.2639
-6.8413
-4.6604
-1.6534
-2.6694
7.9529
11.0528
6.2734
-0.7633
2.3346
6.2675
-2.6311
-6.2284
-2.0453
6.3393
-1.1832
-6.1269
-8.5499
-5.8834
-7.6356
-11.6714
-12.0009
-7.8928
-0.5114
6.1344
-5.3576
-15.5816
-12.7955
-7.2547
-4.7270
-2.9531
-1.7962
-5.5587
1.1389
2.4285
2.4117
3.9479
1.5483
-8.2820
-4.4238
-8.7954
-5.6239
-11.2021
-13.5183
-17.9757
-21.1733
-20.3086
-19.2654
-18.4243
-9.2188
-6.2058
-3.6208
-10.5022
-16.3696
-17.9465
-8.3012
-19.0309
-21.9185
-23.0929
-21.9628
-14.6798
-12.1215
-9.0138
-6.1009
2.1007
2.5168
-0.4142
-3.4359
-15.6774
-25.3720
-23.3032
-20.5272
-18.1190
-15.9161
-10.6705
-0.7909
2.2771
4.5720
0.3454
-15.2995
-14.4636
-4.2990
0.3236
-3.3880
-3.0866
-5.6261
-4.8068
-8.3893
-9.1890
-9.2140
-12.9699
-6.4632
-2.1341
-3.1640
-0.0916
3.2108
0.7572
-1.7418
-5.6499
-16.2274
-17.6091
-19.6912
-21.4858
-12.4070
-9.3082
-4.1806
1.4645
-1.5845
-12.5072
-9.6237
-2.3475
-5.4878
-22.5889
-24.4850
-26.0513
-27.4549
-31.4833
-31.5517
-29.6133
-27.4098
-14.4796
-6.3130
-10.7707
-17.0658
-13.6232
-1.6100
2.9691
5.0960
6.3854
3.9590
1.5956
1.9202
10.9269
12.6384
2.7975
-7.9433
-7.5439
-20.4747
-19.5225
-14.8224
-11.8062
-8.0305
1.1040
0.4163
-1.7934
8.6182
-1.8989
-15.8922
-20.7039
-17.6516
-9.9746
-6.0949
-6.3573
-11.1485
-13.6233
-10.4674
-4.6115
-4.3669
-1.5148
-2.4032
-9.0279
-11.9068
-11.1916
-10.9498
-14.8908
-17.0689
-26.4101
-32.0192
-28.6261
-24.8641
-19.8936
-13.1040
-13.8332
-19.0092
-18.6238
-13.1750
-11.2926
-10.1312
-9.8463
-11.9701
-8.2647
-6.1858
-2.8318
-2.7762
-1.2875
-0.3058
-1.5294
-2.0703
-1.2487
-0.7270
-1.6958
-1.0213
0.3023
1.0533
-1.2612
-4.0056
-11.1977
-12.5055
-11.4349
-11.9875
-10.0636
-7.3186
-7.0013
2.1330
2.4938
0.5845
0.1598
1.5157
-3.0414
1.0391
0.7278
-10.3655
-15.7699
-11.9050
-7.0973
-4.8674
-1.2959
-2.0563
-3.5181
-12.1334
-12.4260
-9.3261
-11.0649
-17.0574
-28.4682
-29.2876
-20.9073
-6.8227
4.9323
-10.3119
-21.0780
-18.6693
-17.7216
-15.4836
-13.9383
-15.0712
-17.9674
-15.0716
-10.3295
-12.4076
-15.4912
-14.1368
-9.5937
-3.2639
-9.8544
-11.0716
-9.8760
-5.8953
-16.8627
-11.6395
-12.3172
-14.8659
-10.3100
-11.7444
-14.1143
-9.7723
-9.2066
-10.1169
-11.5605
-8.6482
-4.8143
-5.2432
-6.4485
-5.9994
-5.8166
-1.1919
1.1398
2.7110
0.9976
-2.0281
-1.5139
-4.8576
-6.1174
-7.1728
-8.9980
-4.0922
-0.6210
0.8428
-3.1056
-0.5878
-2.0524
-7.8913
-6.5441
-7.8196
-6.6707
-5.8294
-9.4214
-3.5930
-4.4442
-1.0409
5.6601
5.2893
-1.7793
3.6742
4.5912
-5.4785
-6.8793
-2.8146
0.6355
3.1922
4.3638
6.3257
4.9953
1.6808
-9.4089
-9.2901
-8.2825
-15.3951
-20.7955
-14.0307
-9.1906
-12.7373
-13.8243
-13.5538
-15.9916
-20.4626
-25.3358
-24.5562
-19.0269
-16.8558
-17.9094
-13.2276
-15.7491
-22.5994
-18.2224
-15.6483
-11.5871
-14.2131
-19.1212
-17.7201
-7.0064
-2.4524
-5.8081
-5.1896
-2.1714
-0.9045
-4.0298
-6.6523
-4.5746
-6.3608
-13.2394
-13.2966
-16.4094
-16.1002
-20.6328
-21.0321
-24.7284
-26.6399
-22.8776
-27.9150
-18.5857
-18.7808
-13.6228
-12.9530
-14.2674
-16.9424
-22.6087
-25.7338
-19.8307
-13.4850
-12.9795
-16.4195
-22.6732
-12.7593
-11.7566
-14.0289
-12.5756
-19.0935
-18.9955
-17.0768
-8.6946
-4.2639
0.5919
-5.3557
-17.9464
-14.0024
-11.2984
-6.8771
-5.3853
-6.4917
-7.2286
-12.3210
-14.3363
-9.2609
-9.7962
-10.0473
-8.0768
-10.5036
-3.3710
-0.0958
-3.9052
-5.8714
-5.7118
-10.2752
-12.8541
-12.6058
-12.1282
-5.3977
-0.6524
0.6012
2.3944
-5.2935
-7.1322
-3.3097
-5.4643
-10.5280
-19.7389
-16.2985
-9.5968
-3.3356
6.9100
-1.5342
-3.3332
2.9054
4.2102
-0.9817
-2.9817
-0.9673
-5.7232
-16.3041
-26.4412
-30.4243
-26.1644
-18.6281
-17.1613
-18.4167
-23.3879
-30.0137
-32.6518
-30.7252
-25.6763
-22.7190
-24.5205
-28.0598
-32.9900
-41.1118
-44.4816
-48.7667
-43.2626
-34.6176
-20.1160
-12.8022
-10.2138
-14.0322
-16.6054
-13.0600
-5.2419
-12.8501
-16.7921
-21.2481
-19.2330
-11.9661
-0.7405
6.9900
5.1152
3.4136
-3.6693
-9.8193
-9.0241
-4.8713
-6.3466
-9.0690
-9.0885
-6.4825
-6.6110
3.2882
6.9151
7.2717
8.1686
7.2432
2.8180
2.7957
2.2980
-1.1085
-7.5940
-9.5816
-10.9143
-11.2176
-13.9875
-15.1607
-15.0272
-15.4860
-12.9138
-10.2718
-4.2833
-3.4472
-9.0585
-10.0496
-7.6198
-7.4232
-11.1637
-9.0204
-19.0264
-38.6151
-23.6017
-17.2241
-15.0794
-12.1550
-9.5026
-11.0522
-10.4802
-6.3093
-1.5053
5.8243
-4.7972
-17.6454
-20.6538
-16.3328
-10.8074
-6.9597
-4.0926
-6.7678
-2.1848
-5.2871
-6.7665
-2.1589
4.4184
3.7747
-0.3031
-6.7547
-5.0525
0.9572
1.0871
-0.0132
-3.5793
-6.2424
-4.6937
-4.7982
-4.1571
1.2527
1.7628
4.4012
0.7386
-3.0839
-5.6805
-10.1790
-7.9005
-0.8511
-0.0698
1.1614
2.2831
0.2961
-0.9521
-6.2165
-10.3700
-7.9939
-6.9765
-5.3465
-3.3877
1.1807
1.3857
1.8913
-1.6403
-4.7133
-3.1276
-12.1739
-19.5094
-15.3120
-17.9866
-12.0495
-7.7284
-8.4143
-5.0002
-3.3987
0.6382
4.0002
2.1322
0.8335
-5.5557
-5.4445
-5.3433
-10.5729
-12.7958
-15.0917
-15.6302
-17.6836
-20.0730
-22.7569
-22.8823
-27.5404
-26.2857
-20.9217
-13.4417
-13.1661
-12.5797
-25.0056
-23.9562
-15.4461
-7.0789
-3.1677
0.6563
1.6885
5.7133
-0.1873
-3.1519
-2.1684
-0.3224
-0.3893
-1.8397
-1.9882
-1.9496
-2.5419
-1.9725
0.7618
3.4463
3.1000
4.0663
2.4651
0.7949
-1.1164
-10.9755
-22.6818
-27.1059
-21.1643
-22.1817
-23.5299
-15.3857
-11.9114
-13.1639
-15.8329
-12.7704
-10.5191
-9.1769
-9.9458
-13.0654
-6.3417
6.2426
11.4407
9.6215
0.6338
-9.8540
-8.5465
-1.1240
-0.0874
-1.4812
-4.5929
-6.4154
-4.1974
3.8657
1.2978
-4.5064
-11.0742
-13.3858
-13.4780
-8.8878
-4.9597
-2.1390
-5.0827
-8.6646
-11.0068
-13.6264
-18.7814
-19.9516
-14.3762
-3.6592
-11.5716
-16.4359
-15.7507
-24.3928
-26.3911
-21.4422
-14.9924
-13.5339
-8.1575
-4.5755
-3.6847
-2.4273
0.6281
-0.8510
-4.2730
0.8727
5.1879
-5.4711
-18.5280
-16.3065
-5.8289
-1.3593
-2.4236
0.8047
-8.5522
-22.7139
-24.1588
-16.6591
-20.7328
-23.3019
-24.4575
-19.8680
-12.0579
-7.0063
-16.0750
-17.4659
-26.7474
-24.4375
-16.4505
-7.6485
-4.0958
-4.8298
-8.8396
-8.4693
-9.8169
-9.9627
-1.6056
-4.9055
-5.2614
-2.1484
-1.3043
-2.1102
2.0517
-1.9024
-12.8502
-16.6726
-19.6703
-19.7371
-18.6876
-20.8318
-23.4591
-28.5020
-21.0385
-21.3386
-14.8623
-11.0509
-7.9207
-5.8468
-8.9841
-12.6379
-6.6877
-10.8193
-16.0451
-13.8929
-10.2433
-13.5320
-16.4440
-11.9459
-14.0910
-22.2228
-18.0524
-13.8629
-11.4666
-10.0742
-5.5275
8.5504
17.5452
14.5947
2.2428
-0.7062
-0.3556
0.4475
-0.4393
-0.8812
0.6696
-0.2485
-0.4108
2.2229
5.9839
6.6861
6.2982
5.0400
5.0669
6.5097
3.3095
-5.6518
-15.4144
-13.6999
-13.5432
-17.2871
-20.8093
-21.0904
-19.6522
-18.4292
-8.6647
-0.1576
-1.6839
-3.6081
-2.5101
-2.6741
-2.3274
-1.3353
-0.0376
-0.4308
-1.6894
-2.0306
-3.0898
-3.2344
-2.1111
-2.3942
3.8551
2.5574
-6.2157
-10.7910
-6.1449
-7.9484
-8.9777
-7.1684
-4.5979
-1.9510
-0.2241
-2.3910
-2.5418
0.7055
-1.0679
0.3618
2.8561
0.1371
-3.7501
-12.0045
-17.4624
-17.5578
-13.8758
-6.4834
1.8104
6.4848
4.8457
6.4860
7.0089
5.3275
-1.7730
-1.0208
1.6961
1.5227
-0.0580
0.1692
-3.4928
-5.1545
-3.1909
-2.5483
-2.0978
-2.1006
-1.3249
-1.1243
-1.7144
-1.3100
-0.9751
-1.4963
-1.0633
0.5367
-0.7945
-0.8382
0.7382
4.1592
6.2322
7.6472
-7.2723
-10.1860
-8.8818
-11.3173
-10.9621
3.4798
0.4783
-6.9674
-4.1620
-7.7982
-15.0519
-19.7617
-18.3526
-12.8905
-9.4194
-14.4055
-11.9275
-10.2134
-12.4066
-15.3908
-17.3263
-15.8806
-15.2260
-10.2182
-14.9858
-20.8561
-18.2627
-11.8693
-14.9547
-12.7820
-5.7053
-3.7423
-8.7324
-4.7651
0.7999
1.8561
2.4056
-1.8762
-6.5087
-6.1880
-8.6857
-10.8627
-10.1767
-5.1305
-3.6643
-10.0860
-6.2804
-5.7185
-5.6723
-9.4836
-14.6837
-9.7006
-8.1025
-12.9394
-9.7495
-2.0657
-9.9551
-8.0954
-3.3100
-8.4645
-9.3592
-4.7671
-5.9805
-10.6634
-8.3385
-2.7273
6.5569
8.2998
2.3116
-5.3310
-11.3328
-17.4511
-23.1463
-19.5496
-16.6132
-15.0442
-7.5556
3.8547
4.2509
2.2579
4.6453
3.0424
-10.8240
-16.6051
-14.4052
-15.6412
-17.7194
-15.0884
-12.0895
-3.6938
-2.1944
6.9505
3.7725
-0.0593
-1.3716
0.7943
2.6670
-1.2733
-1.7292
0.1438
-1.2706
-6.6411
-22.8115
-16.4373
-10.5299
-7.4671
-5.6630
-3.8304
4.1383
2.5929
-0.4959
-6.2274
-10.0783
-8.8541
-9.8921
-10.6240
-9.9997
-12.2622
-13.1657
-5.1482
6.5837
-1.6638
-4.4262
-9.0299
-12.0728
-9.3237
-3.2629
-2.1817
-1.2521
0.6610
-1.1209
-2.3097
0.8246
2.9005
-1.6079
-7.2599
-12.6177
-9.7702
-12.2856
-20.3289
-19.0974
-14.0886
-9.3318
-4.7089
2.1079
-4.4411
-8.9151
-10.4585
-13.9312
-18.5035
-23.5649
-27.2291
-26.3977
-21.3572
-13.0536
-3.4626
-2.5377
0.6968
3.3661
0.3413
-3.9286
-9.0224
-2.8882
2.4867
1.2628
-2.6429
-10.7556
-12.0468
-14.1866
-15.3825
-8.1286
-1.2645
1.1606
-0.1547
-0.4684
-2.0224
-5.9700
-4.7893
-6.4183
-13.1558
-20.3372
-21.5846
-15.5184
-9.8740
-4.9153
-6.3437
-9.9158
-8.7121
-2.3876
-2.8673
-7.5194
-8.3070
-7.1208
5.0966
12.0037
7.6155
2.8135
-8.0148
-11.2334
-4.7359
0.3863
3.3014
6.3408
11.4805
7.0117
2.4037
-2.7860
-4.9198
-8.7083
-9.4912
-5.9393
-5.5407
-5.5388
-4.7951
-10.5993
-15.3584
-21.7007
-22.4067
-20.8176
-19.3201
-21.5847
-6.3936
-0.4549
-7.2604
-8.4505
-6.4808
-4.1789
-2.8949
-2.3407
-2.5438
6.7570
9.7362
10.4755
4.7760
-0.9083
-4.7896
-5.5027
-1.3147
-0.3483
3.6786
2.2261
0.5086
0.9621
-7.8074
-4.2960
5.5326
8.4300
12.2471
12.0018
12.4529
12.0638
10.3642
5.0617
2.7946
2.9032
0.6584
1.9573
0.8913
0.8062
-0.5402
-3.7928
-7.7123
-5.2005
0.2716
-2.4670
-6.3282
-8.7809
-7.5596
-7.6120
-7.3623
-1.3593
3.4250
-6.4654
-6.1169
-2.6621
-0.5573
-1.0483
-2.3665
0.3954
-0.5767
0.3668
0.5795
-0.8906
-2.4006
2.6724
16.8874
7.2090
-1.8613
-8.7706
-10.4809
-7.9871
-3.2419
-4.3895
-6.3664
-6.2423
5.0444
14.9584
14.9761
7.1806
-1.6668
-9.3860
-11.2074
-12.6172
-15.2678
-17.8509
-13.2164
4.0110
5.2301
4.0806
2.0592
3.0670
4.0921
3.6340
5.1348
-8.4128
-13.8452
-20.7547
-22.1213
-22.3541
-18.5864
-22.7309
-20.3069
-2.4832
0.3486
0.7864
-1.7781
1.0428
1.4541
-0.0311
-1.2719
-1.6518
-1.6462
-0.5640
-2.2755
-3.2229
-1.9624
-1.5821
-0.3784
-0.1648
1.4622
2.0433
-0.4222
-1.6979
0.2565
-0.7072
-1.0496
0.6318
6.9284
-4.7001
-6.3157
-5.2993
-8.4942
-8.6113
-3.2300
-2.3000
-5.0040
-16.0957
-12.8291
-7.8890
-3.6435
-1.1066
1.9691
3.5065
1.7189
-0.1003
0.4263
1.6342
-2.1388
-0.0353
4.7491
-2.4524
-3.5411
2.8709
5.9773
3.9380
1.9212
-0.8819
-2.4061
-4.4204
-4.6038
-5.0412
-9.3188
-11.2807
-10.2461
-10.0069
-9.8739
-8.7821
-1.1931
-0.8777
2.5641
4.6977
1.7429
2.9413
6.1650
8.3452
7.7734
1.8497
-1.2384
10.4233
17.7745
18.9616
9.4609
0.9729
0.2021
3.0755

Coefficient 20:
0.0000
-4.4091
-3.4478
-1.7196
-4.7428
-3.4644
-4.9042
-2.4337
-0.4307
-1.1494
-3.9263
-7.8557
-9.7132
-9.1448
-7.1943
-8.4666
-6.2589
-6.0382
-6.1703
-0.8792
2.8092
6.8945
11.2804
12.4200
10.0156
5.9915
-0.5924
-4.3463
-6.2016
-7.5053
-13.7995
-17.6790
-19.9387
-17.7397
-12.5943
-6.7057
0.8702
1.3031
1.7784
3.8168
8.6412
7.6434
-3.0220
-8.3349
-6.6691
-8.4097
-9.3752
-11.7916
-10.2198
-13.5080
-14.0043
-4.3026
1.2253
-1.1043
-2.7365
0.8585
4.7739
2.8704
-1.3787
-6.0165
-9.4703
-5.8599
-6.6808
-13.7958
-15.6398
-13.4683
-13.7406
-11.9504
-9.6274
-16.5189
-25.1147
-25.5628
-18.0651
-12.0857
-5.7081
-2.4613
0.6115
5.5658
14.3352
16.9221
12.5258
4.3393
-6.4760
-5.1688
-4.5822
3.8480
-1.5448
-4.9287
-9.3371
-18.8984
-14.5687
-14.4754
-6.8978
-0.8559
3.1640
4.7428
12.7393
19.8656
13.2623
-1.2928
3.3690
0.6328
-10.9945
-10.2672
-4.2867
-3.3955
-13.7005
-9.5298
-5.2581
-1.2150
2.2912
2.8934
-4.4812
-12.9762
-11.8313
-8.5332
-3.2729
-3.9245
-8.1538
-11.1029
-8.4018
3.4593
6.8278
3.7909
-0.3029
8.0396
19.3280
24.5673
21.7768
15.6720
16.2626
15.7622
10.8984
13.6677
13.3936
12.4065
9.8020
5.5505
-2.7362
-6.9114
-11.6199
-7.0936
-0.3324
0.6951
-8.3769
-9.2762
-3.2266
-2.5491
3.6847
5.7742
3.0375
5.3146
6.8927
9.5456
5.0379
-1.8935
-2.1085
-1.1443
-2.9101
-2.3153
0.7591
-1.0264
-4.8610
-3.0472
-3.3625
-5.3405
0.7741
3.8953
-1.6283
-4.0082
-10.7342
10.1895
8.9294
4.8140
2.3127
4.8119
7.1565
6.4188
6.3957
3.5221
0.8667
-1.3421
-2.2598
-4.0621
-9.9142
-11.1620
-10.0464
-3.3042
-4.5054
-9.6088
-2.3463
-0.5914
-6.4264
-12.6937
-10.0138
-14.4319
-16.0103
-11.6093
-8.6668
-7.8511
-6.6226
-1.4968
1.5579
2.6979
1.4555
-0.8117
-4.7613
-3.4632
-2.2831
0.8221
-0.5202
-0.7388
-9.0604
-9.8545
-8.2922
-6.0490
-1.2852
2.1380
3.7520
-3.5788
-2.8138
4.1655
2.0260
-1.7195
-9.7700
-11.3172
-7.1380
-2.1278
5.8855
7.0732
2.6073
0.7534
-0.9230
-4.8035
-4.4186
1.5408
9.8700
5.5051
-1.0465
6.1156
4.4929
3.6649
6.9872
7.4314
12.6442
16.0425
12.2323
3.4358
-0.5639
-3.4441
-5.2420
-4.5237
-2.2907
-4.1341
-3.2260
1.7912
3.2756
2.2777
2.0858
1.0890
-1.0530
0.1169
1.9574
0.6299
1.1806
0.3779
-2.2850
-11.2922
-15.7170
-19.9233
-16.7074
-14.1505
-14.2681
-8.4618
-3.6173
1.5868
11.4283
14.0314
7.1780
3.9736
9.1969
6.3590
-0.4231
0.8129
0.9561
1.5504
0.5896
0.3848
-1.2777
-2.9373
0.8802
0.1527
-1.1690
2.1679
-0.0499
-1.7959
-0.3300
-0.4564
-0.9971
-0.6666
0.2716
2.6371
2.0937
1.0464
-2.6519
-3.0674
-3.3037
-3.9531
-3.9272
-3.1181
10.3719
12.4861
9.5610
6.4735
0.5778
1.1878
-4.4643
5.1615
1.7186
-0.8617
6.0119
9.9107
7.1997
2.9978
-3.2848
-4.5344
-4.5071
5.4317
7.2349
-0.5054
-3.7500
-4.7925
-9.0891
-7.8587
-7.8701
-3.4077
-10.4636
-19.6667
-19.7480
-22.0354
-17.8269
-17.8459
-19.1143
-26.4544
-16.8295
-13.8081
-8.4209
-2.2904
-12.8247
-11.6665
-6.7718
-5.0841
-6.5256
-1.7644
-5.8142
-5.7341
-1.8718
-1.8462
0.1292
-6.9444
-7.4488
-3.7157
-5.0960
-7.5599
-4.2981
4.7026
-11.1084
-18.5389
-16.3520
-9.7179
1.7167
8.5569
8.4501
6.0895
3.4917
0.3682
-2.0846
0.1609
6.0026
3.8336
4.9557
11.0442
13.4429
5.3027
6.4335
11.3538
9.2259
6.6858
1.8135
-0.5290
-0.7377
-0.9327
-1.6597
-1.2184
-1.1957
-5.4080
-6.9641
-5.6465
-6.9725
-5.4419
-1.1098
0.0328
1.3200
2.6738
-0.4133
-2.5446
-3.9657
-6.0955
-6.7701
-5.7091
-4.5532
-5.4523
-2.3856
0.2963
-0.4508
0.0663
25.0536
25.4408
17.4612
8.8963
3.2802
2.6065
6.7069
5.8644
1.3725
0.6869
0.6573
-3.6638
-8.4601
-15.4544
-17.0572
-15.0369
-11.6797
-4.0746
-2.9864
-8.1298
-8.9649
-7.9016
-7.2646
-6.1157
-3.1962
4.1160
5.4836
-7.9034
-13.4897
-14.1932
-20.0864
-24.7857
-20.8326
-16.1789
-18.8626
-16.7557
-16.1000
-17.7773
-17.2149
-18.3580
-26.9284
-27.8137
-26.5133
-23.1511
-16.6053
-14.6549
-15.1671
-10.3016
-8.9541
-6.2703
-0.9538
-3.0659
4.7277
7.6650
5.8431
3.1385
-3.9919
-11.7731
-15.4737
-11.6272
-2.2668
3.7925
-10.4520
-17.5217
-18.0801
-13.2941
-13.6731
-20.2679
-23.3165
-24.9202
-18.2429
-7.1176
-13.6894
-15.6370
-11.9635
-10.9089
-9.4940
-4.0517
-4.2655
-12.3030
-17.1980
-21.2026
-21.9343
-19.7553
-19.8108
-25.9654
-25.3450
-16.9960
-7.3132
-3.7858
-0.8383
0.7892
7.2295
9.0296
-1.9993
-3.7193
7.0392
9.5160
7.8854
-10.3997
-19.1609
-15.3275
-9.5948
-8.5029
-10.5263
-7.1402
-7.6085
-4.1279
-2.9549
-3.4490
0.4407
9.6759
13.9258
13.0793
8.4974
-0.2393
-2.5795
-11.6020
-15.8239
-14.9031
-13.6853
-11.4508
-9.1291
-11.7438
-11.4038
-15.3515
-17.9896
-10.9332
-1.5538
4.8707
1.4085
-7.8255
-4.4308
1.8257
3.1250
3.2752
7.3012
10.9910
10.6093
8.5155
6.9311
2.1565
0.5689
0.0202
-2.5072
-8.6745
-13.4985
-14.9577
-13.2480
-4.9659
-6.8140
-7.4692
-1.7602
3.6227
2.7627
-1.0540
-0.6762
1.8825
6.4114
7.7146
7.9458
7.7162
-3.5442
-11.8058
-12.4773
-1.6384
3.8781
5.3651
6.3186
-6.7082
-17.0016
-15.4836
-8.5381
-8.9585
-9.3499
-9.6530
-6.9310
-11.3242
-15.2372
-12.9972
-15.9318
-10.2614
-13.4314
-20.0662
1.0494
19.8451
17.4325
4.7448
-11.3512
-12.5536
-9.0970
-5.4127
-6.5624
-5.3860
-6.8026
-1.0975
-2.0923
4.3612
8.2510
7.0540
3.6448
-0.8273
-6.0117
-11.0977
-7.3263
-4.5141
-2.3462
-7.2421
-5.2591
0.6862
13.6891
6.0845
4.0553
-4.4027
-11.8129
-13.3641
-11.7520
-5.1616
2.5968
9.1021
9.8986
7.6522
4.4137
0.5382
4.4392
8.4981
8.3034
11.3966
11.8634
9.9407
-0.5722
-1.0308
-0.3049
-1.3277
-1.8851
-1.1900
-0.9346
-1.8148
-0.9636
0.3188
0.9906
-0.8247
-2.8900
-3.8980
-8.9976
-8.8378
0.7318
4.9595
8.3471
10.0806
14.7692
10.4190
2.8323
-3.6929
-8.6616
-14.6633
-11.5899
-4.3539
0.1579
-10.1933
-11.5097
-6.9281
-5.3574
-2.8810
1.9235
0.3749
-10.5595
-8.8449
-7.6882
-4.3077
2.9498
8.3605
8.9613
10.6853
9.3603
7.2920
18.2794
7.6192
3.1859
1.0147
4.2718
7.4153
6.7970
1.2769
-0.5904
3.3085
-0.5341
-2.4520
-5.0512
-0.9341
1.9274
9.7306
6.4579
2.5005
0.7751
-10.4053
-20.0800
-20.3353
-10.9528
-4.3240
-1.8829
-1.4881
-3.9155
-5.2917
-8.7877
-9.0230
-5.7694
-3.8371
-5.3254
-5.4234
-5.5394
-6.7080
-6.5871
-8.5993
-11.4136
-10.3787
-7.7454
-4.4408
-5.5800
-5.9296
-7.0918
-10.4950
-10.2815
-5.9600
3.4365
2.3295
5.0287
1.1413
-0.7593
-1.2087
1.4031
3.6566
0.1954
-0.7672
-4.0343
6.0762
9.2825
9.6005
7.4033
5.4748
4.2224
4.5883
-0.4003
-6.9230
-7.0824
-11.9129
-18.4790
-25.0608
-25.0483
-18.9391
-10.4567
-7.2514
-7.7695
-7.5712
-6.6019
-10.8113
-9.6362
-10.0678
-16.9619
-20.3970
-22.9937
-13.2702
-0.8001
-5.7490
-11.7588
-7.1945
-4.5646
-1.2188
3.6784
-0.2470
-2.2499
-0.2711
-0.8747
-2.8051
-3.6387
-9.2134
-10.1488
2.9860
-1.9350
-3.5093
-9.7744
-7.1998
-4.0951
-6.9558
-11.0872
-12.6210
-14.1972
-1.7887
9.0835
9.4658
6.9103
0.7799
-0.3696
-6.2581
-8.5618
-6.0696
-12.5943
-16.6906
-4.9859
-1.7728
-9.3215
-16.5196
-19.8340
-12.8435
-6.5759
-6.7598
-13.9549
-16.0801
-15.1100
-14.7382
-6.3393
-5.4355
-2.3803
1.5144
-8.5664
-12.4700
-12.7773
-11.4779
-6.9427
0.2539
-4.5513
-13.3739
-13.2795
-15.8525
-19.9694
-22.5139
-25.3938
-19.5380
-12.8697
-3.9788
2.3132
-7.0301
-15.4301
-12.6334
-7.8654
-7.8573
-15.5253
-18.3201
-21.0046
-16.3121
-14.5057
-10.8267
-21.4046
-28.9872
-30.9325
-25.7518
-18.7534
-11.9764
-9.1502
-5.7543
-5.2890
-3.2636
-3.9710
-4.8498
-10.0895
-4.8992
-8.9957
-14.5276
-8.3526
-12.9270
-19.2287
-19.3922
-14.2623
-13.5367
-18.5622
-21.5021
-25.8217
-27.1543
-26.2605
-14.6952
-6.8840
-8.2507
-11.6425
-12.9226
-13.3853
-17.7158
-9.1367
4.0014
20.4517
22.7277
11.0635
1.1865
0.7603
4.7973
2.6330
-3.5181
-5.6220
-7.4378
-12.6962
-15.7017
-18.5608
-19.4546
-17.2582
-10.4124
-12.7230
-12.5419
-6.3432
-1.9291
-1.8811
9.0232
17.0561
7.1172
-4.9593
-9.0264
-6.6249
-5.3656
-4.9496
3.3892
4.2645
8.9752
3.5071
-2.6851
5.6063
9.0002
7.5863
6.6908
4.9803
4.1172
5.5393
6.1287
4.3666
-4.0777
-1.4727
-6.2243
-9.6662
-7.0499
-5.2941
-3.1128
-6.1712
-9.7581
-8.4888
-8.8016
-8.7412
-9.0020
-2.5164
-0.3503
3.5715
3.2681
-0.5918
-0.4566
2.6036
2.1433
-2.1821
-5.2818
5.3866
9.1301
5.3979
-4.1276
-8.3867
-3.3699
2.7254
2.5370
0.0448
-1.1300
-3.7517
-2.5034
2.5428
8.8746
15.5279
14.2389
16.1721
16.5131
4.3032
4.1142
3.9784
1.3532
-3.8914
-6.6167
-8.1024
-13.8974
-10.6354
-4.7306
-1.0091
1.9250
0.9020
-2.9141
-1.6018
1.2075
6.7550
4.5575
-3.9340
-6.7134
-14.2862
-15.4805
-8.9141
-5.0450
-3.3959
-1.9637
2.5727
-4.1977
-6.9512
-8.8913
-10.7431
-8.2026
-4.3062
-7.3186
-9.3962
-8.6625
-7.9483
-7.5134
-4.6732
0.9599
-4.3505
-8.4753
-4.2746
-5.6682
1.1544
-0.4633
-2.7286
-4.1738
-3.8819
1.5891
-0.2109
1.9546
3.1456
6.6253
7.3010
12.9206
9.9969
6.6366
1.6825
-2.6032
-4.8795
-8.2415
-12.2357
-12.4157
-11.6596
-17.0717
-21.4792
-20.7763
-24.0283
-18.9381
-22.4516
-28.5089
-28.6832
-19.8574
-12.3040
-4.7530
-0.5278
2.2255
-1.9381
-3.0821
-2.3140
-0.6422
-0.6663
-1.8090
-1.9864
-2.0476
-2.6309
-1.9767
-1.8400
-0.3067
-1.2119
1.5069
2.9911
1.4289
-1.5018
-12.1473
-15.7225
-7.3904
-0.0507
0.6757
-1.9317
-10.1403
-11.7278
-8.6284
-11.8903
-13.3795
-12.8726
-7.0699
-5.1799
-3.7722
-4.0666
0.4036
1.6603
0.6211
-3.3939
-7.5298
-8.9186
-10.8092
1.5284
10.6630
13.4508
10.6521
14.2103
19.7604
21.9687
22.0580
18.8192
9.5148
5.7460
12.8592
14.1569
12.7551
18.2850
15.7183
15.6190
11.3392
6.7154
8.3274
14.8691
25.8929
27.9103
19.9646
9.6172
12.0903
6.0107
0.2836
-4.7242
-11.0197
-13.5015
-10.0885
-9.2089
-9.4153
-8.5889
-4.4558
-1.5228
3.2413
9.1227
6.8123
-2.8563
-9.5629
-9.8702
-4.8518
-3.3680
-1.9548
-2.4560
-2.2986
6.3922
4.8167
-5.8750
-7.8135
-2.3559
2.7098
-0.6931
-8.1555
-15.0817
-8.7007
-5.0119
-0.9066
-0.3262
-1.5077
0.1317
-2.8378
-2.3898
-9.0255
-3.8589
6.2859
1.3438
-3.6467
-1.5113
-4.3902
-7.9930
2.5427
5.9524
12.6649
0.8240
-5.6142
-2.1585
0.7823
-2.9541
-9.4587
-15.0894
-10.5192
-4.4076
-4.2616
-6.0815
2.0102
5.8830
8.1578
5.0814
-3.0446
0.3427
0.4086
-4.6010
-13.5105
-19.2436
-13.9454
-7.8892
-6.7430
-9.9144
-8.8584
-3.6832
-3.8542
-0.8606
0.8931
3.7325
12.3849
13.8243
9.7062
2.9325
-1.0665
-0.5529
0.3178
0.3477
-0.7139
-1.5554
-3.5803
-3.0075
-3.7686
-3.8889
-4.7018
-3.9210
-3.8693
-1.6772
-1.9411
6.6029
11.7649
16.7704
21.1966
15.0499
9.1020
2.6576
0.4480
5.8823
5.8342
2.1213
-1.6968
-2.0093
-3.7181
-2.6611
-2.7420
-2.4300
-1.2163
0.1112
-0.4363
-1.3067
-1.2051
-2.5881
-2.5268
-1.8248
-2.7180
0.2322
4.2326
10.2384
9.6074
2.8114
2.4231
6.2865
8.7243
7.7125
5.2998
5.6199
2.8929
3.0093
4.6393
6.0551
4.8876
6.6399
8.4362
10.7461
11.2897
8.0225
9.1785
8.5046
3.3210
6.8163
10.2905
7.4574
5.3066
1.6354
-0.9011
-4.6073
-1.0378
1.8242
1.6953
0.0208
0.0830
-3.8250
-6.1506
-4.0346
-2.7597
-1.9887
-2.4474
-1.9015
-1.1635
-1.5724
-1.2978
-1.1163
-1.6190
-1.1152
0.2606
-0.8850
-1.0007
-0.2079
3.6597
9.2102
11.0970
3.8241
2.6284
-0.9876
1.4484
10.9062
18.7793
10.6332
-4.6858
-9.7955
-3.0682
1.1246
-3.4469
-5.7549
-6.1342
-7.5433
-4.6014
-3.8871
-2.7604
-4.8160
-3.7775
-5.5035
-5.7811
-6.8243
-8.6520
-7.1381
-3.7344
-1.0453
4.2530
4.7010
5.2095
8.0792
11.4035
13.3499
0.1198
-9.7987
-1.5173
4.1300
1.3547
-5.8606
-16.2039
-11.1342
-5.0508
-5.1827
-6.3888
8.6925
6.1313
4.0659
1.3780
-1.5530
-2.6441
-7.6684
-6.2230
0.1199
4.8068
3.5061
6.2299
1.8992
2.7027
5.5088
-0.4989
-1.5321
0.4873
0.9092
5.1822
7.7786
8.7436
10.4688
9.0388
2.8265
-5.6078
-3.6226
-2.6512
-8.2377
-9.5221
-4.6856
0.5306
1.2382
2.9829
0.4818
2.1424
8.0274
8.9420
5.2412
-0.2288
-3.4384
-4.9620
-0.1518
3.9702
1.1178
6.1538
3.0849
-0.8612
3.7856
2.7189
-0.2507
-1.9218
-3.8272
-10.4079
-9.8755
-0.8932
2.9127
2.9618
8.1134
15.2028
12.9815
7.1207
-0.9674
-6.6243
-0.2813
-0.4676
2.1153
3.7398
-2.7808
-5.7155
-5.4255
-4.1978
-4.6269
-6.9094
-2.5138
-0.5430
-0.4452
-6.4828
-6.8538
-2.6211
-0.9048
-0.2919
0.6196
-0.7416
-3.7391
-7.8872
-7.9891
-7.0594
-8.0659
-2.7034
-1.5507
-1.1208
-7.2417
-8.1350
-7.3192
3.1659
5.2043
2.2227
-3.6229
-4.3483
-5.0752
-11.9007
-9.9659
-5.7402
-5.2219
-1.8316
6.5147
11.9253
6.2206
1.4225
1.2547
2.9061
9.0173
6.0807
6.4631
5.2247
4.0166
10.0405
10.2046
5.3319
4.8911
-6.9465
-4.7850
2.4461
11.8959
12.4062
3.8466
-4.5744
-5.2573
-2.5998
-0.8470
0.7893
0.0198
2.0324
4.2121
-1.1323
-0.9110
5.6949
13.2126
15.6744
11.5968
7.3990
7.1443
8.2052
9.7571
10.3379
11.2557
12.1936
4.3552
-0.2438
-11.1836
-14.1963
-7.6586
-2.6229
1.0809
5.4863
5.1064
3.8858
4.3981
5.4199
6.4391
6.8865
7.5857
6.4139
3.5119
0.8488
-0.1567
-4.6545
-1.9413
3.5204
-1.8923
-10.5785
-18.4241
-21.6540
-18.8710
-21.1043
-15.9449
-13.7210
-12.1368
-15.6934
-18.3559
-16.0177
-18.7698
-27.9747
-25.3023
-17.1045
-10.6384
-11.5045
-7.1980
-0.8029
3.5621
4.8969
3.9266
4.6277
9.5491
8.4974
8.4648
5.5117
2.6394
-7.1336
-11.0892
-3.1228
1.2036
-7.6632
-15.6009
-11.3366
-9.5350
-8.6524
-7.4431
-5.4916
-7.5905
-10.1815
-9.1230
-4.6811
4.7958
7.6511
3.9447
-4.0021
-10.5468
-7.3824
-8.0508
-9.1831
-11.3392
-11.5054
-8.3561
-4.6807
1.8345
3.0097
11.6882
11.8210
11.1803
14.3474
12.8115
3.9357
1.0432
-0.6359
0.3238
0.5513
-0.9333
-2.5060
-1.9912
3.1343
-8.8104
-12.2450
-9.2808
-2.3573
1.3999
2.2441
7.5456
3.9910
-8.0933
-4.6141
1.8094
4.8070
2.5323
1.1897
-0.7964
-3.9631
-8.7624
-8.8361
-7.1616
-6.2538
-7.2885
-6.8214
-0.0693
5.4262
7.4451
11.5433
9.9138
7.6110
-4.5714
-7.6573
-2.7982
1.8814
-2.5357
-7.5798
-5.2256
-10.8594
-11.4163
-5.9523
-6.4111
-9.4364
-8.8334
-9.5942
-8.5360
-7.6278
-4.6924
-1.6348
-0.9291
-2.5347
-3.0505
-1.6076
-1.3181
-0.0555
-0.0530
1.4531
1.8698
-0.6685
-1.6335
0.3319
-0.9571
-1.0010
0.5114
8.3779
13.4533
7.2066
2.5245
5.1377
3.4523
-1.8998
-2.6968
9.8219
0.0682
-4.5204
-4.5434
-3.1850
-0.7474
-1.3103
-5.0218
-9.8826
-9.5083
-7.4826
-6.5221
-2.5999
1.5526
3.3852
-4.1216
-7.4530
-2.4673
0.9909
0.1079
0.2508
-1.0408
-2.1827
-3.9912
-4.4079
-5.2489
3.7308
0.7050
1.1634
3.9696
1.9802
1.4603
2.2684
2.6929
5.5221
9.9419
8.2213
5.4322
6.3656
8.4201
10.6999
6.2018
-0.2546
5.8096
13.5061
13.5407
5.9058
1.3568
2.6747
8.3597

Coefficient 21:
0.0000
-4.9168
-4.9324
-1.1079
0.0894
0.5482
-1.9432
-2.5151
-0.7647
2.1866
2.5844
1.8571
0.9059
-1.4360
-4.2861
-0.7125
1.5325
-2.1558
-8.6292
-3.5579
0.0599
5.3782
6.3611
5.4546
2.3540
-6.1397
-12.0063
-11.4897
-5.7268
-5.7641
-14.5622
-22.1602
-18.9198
-12.4441
-9.1437
-8.9489
-5.3380
7.4602
8.7218
4.5373
1.4033
-1.4010
2.5423
3.2383
1.9482
-2.7939
-5.0994
-4.8308
-5.3235
-6.7382
-12.7521
-16.0163
-12.6201
-10.0090
-3.8633
3.0923
8.4639
7.2606
-2.9971
-12.6917
-16.5391
-15.3867
-13.6821
-9.0029
-9.2513
-11.0000
-16.1738
-14.2968
-17.6441
-27.1426
-27.1056
-20.2271
-15.1173
-18.2521
-27.3366
-25.2477
-15.8787
-15.1087
-10.4831
-9.0248
-10.1251
-8.2322
-7.7581
-7.8051
-7.0847
-10.3151
-2.4044
0.9554
-7.5072
-10.0237
-5.3975
-16.3545
-24.9878
-28.0687
-22.1345
-16.6148
-18.8557
-19.8823
-19.0625
-13.9192
-11.2981
-13.2322
-9.7580
-6.5699
-7.2458
-12.8601
-20.0166
-10.3916
-5.1198
-2.8690
-1.3190
-11.4038
-14.9003
-12.2781
-9.6242
-14.4041
-16.7216
-16.9314
-15.7772
-12.4258
-4.2631
3.3082
8.1084
6.1791
0.2257
8.1283
9.8787
1.3723
-3.2262
-4.3370
-4.0185
-4.7912
-10.5773
-5.0926
-6.3979
-10.5499
-13.9525
-13.8856
-15.6078
-12.8887
-15.5246
-12.9936
-6.6875
-9.0925
-18.1602
-11.0532
-4.4059
-3.5204
0.0289
1.3856
-1.9368
1.8716
6.1964
7.1091
3.3066
-2.3000
-2.5539
-1.6262
-4.8139
-3.9706
0.2128
-1.0040
-4.7850
-3.0487
-3.1989
-5.3033
0.1740
6.4867
2.7061
-2.5169
-3.6865
6.5959
3.9254
0.3435
-4.2256
-4.7014
-3.0562
-5.9294
-6.1839
-4.5557
-3.6836
-9.7158
-8.0565
-5.4229
-0.4408
-5.0432
-9.3317
-6.4498
-4.1615
-4.5054
1.7496
-0.6987
-4.7483
-5.8214
-2.3463
-5.7340
-8.4642
-8.2389
-11.6609
-9.5357
-8.9956
-5.4236
-2.3849
-1.7450
-0.1959
-0.6297
-3.0934
0.2806
2.6016
2.7743
-0.8104
2.7623
-4.4391
-6.5802
-6.6164
-5.6539
-2.1474
1.7020
3.8978
-3.3051
-4.9964
-9.9648
-7.9497
-4.5003
-0.7601
4.9718
11.7223
7.1276
0.7414
-0.8305
0.5508
-5.1874
-9.9806
-9.0243
-6.9484
-3.5071
-0.0656
-3.0364
-5.0366
-14.9049
-16.8831
-15.3067
-4.5159
-1.2974
-1.4256
-1.4059
-0.0443
2.6104
-0.0989
-5.9714
-2.5184
2.2060
3.5973
0.8143
-8.9440
-7.9380
-7.9581
-8.7353
-7.3436
-3.5021
-0.6037
8.1354
5.9553
3.4394
1.7772
2.7442
4.2834
1.8918
2.6044
5.0204
3.6293
1.1297
-6.0946
-7.9211
-10.5132
-9.0904
-5.2160
-6.9070
-9.6848
-7.6015
0.5053
1.3642
-1.6375
1.2700
-1.2838
-2.9809
-3.8883
-4.6701
-3.0128
0.7624
0.7640
-3.3929
-2.0327
2.1378
-0.0324
-1.7056
-0.3630
-0.6188
-1.2524
-1.1864
-0.4805
1.3240
0.2838
0.2718
-3.2885
-4.7239
-5.0838
-4.7143
-4.1331
-4.1110
0.8072
-6.4364
-5.6208
-4.8030
-7.0524
-10.0790
-11.6661
-4.2196
-0.8248
-0.7228
-1.5296
-9.8271
-8.8339
0.4650
-4.7133
-11.0547
-7.7877
2.7260
-0.1114
-2.7041
-6.8793
-4.4453
-6.6360
-10.5144
-9.2069
-4.1528
-2.3358
-8.2141
-4.6402
-6.5823
-5.1531
-7.2467
-4.3094
-7.9289
-5.5334
-9.0680
-10.3363
-11.5813
-11.4648
-8.4647
-11.3542
-18.2512
-23.1819
-15.3712
-9.5981
-12.4274
-12.3873
-14.0296
-11.6973
-5.0251
-4.6534
2.2023
5.5565
7.3031
8.2474
2.6498
-4.0090
-4.4952
-5.4333
-4.9192
-3.6239
1.3056
4.8291
7.5054
1.4247
-5.2844
-7.7210
-0.8579
-0.1033
-2.2153
0.7804
5.9831
11.2745
8.1065
4.9215
3.8492
3.2975
3.0788
1.2154
-0.4896
-0.4464
-0.6600
-1.6031
-1.2114
-1.5108
-5.6616
-6.8001
-5.8800
-7.2496
-5.6387
-1.1896
-0.6969
-0.2605
1.4779
-0.4980
-2.6384
-2.7169
-3.6730
-4.7405
-4.4388
-0.7863
0.3578
2.5128
1.6387
0.1530
1.8211
14.8843
37.5697
29.1045
20.1275
12.4413
10.0328
9.1119
10.4283
5.7603
3.6494
5.9530
5.3705
9.2243
9.4281
1.8692
4.2269
2.5134
0.5916
3.8286
0.8922
1.9186
10.5292
11.7209
9.9024
4.6321
8.3793
15.2456
-7.1473
-15.0758
-12.2714
-14.2645
-15.9962
-10.8904
-10.9728
-14.0454
-7.4435
-7.3065
-4.6670
-4.4194
-3.1510
-2.0388
3.7411
1.4951
1.9370
6.4124
8.5214
8.1998
11.2070
13.0292
14.3569
11.1605
11.8844
23.8909
27.5144
18.9428
-3.0306
-8.9901
-8.2553
-13.1099
-7.9998
-4.3547
-3.6835
-0.8709
0.1283
-1.1423
2.5276
-10.0000
-17.8900
-11.7658
-16.1969
-19.7221
-18.2366
-17.0225
-22.9666
-21.0392
-16.4947
-10.0601
-5.1819
-5.3677
-6.6788
-3.3172
-4.4089
3.1193
5.5942
0.5828
-1.2711
1.5650
-1.2774
0.9300
6.2756
17.9093
24.2922
28.0891
20.2932
10.0643
11.9976
16.3352
18.2153
18.7013
1.3799
-8.8597
-9.2103
-5.6637
-5.4103
-5.6089
-12.3702
-19.9464
-10.2307
-6.0800
-6.8773
-6.8721
-1.6954
5.7792
2.5495
-5.3680
3.1003
5.6656
2.1694
-4.1262
-10.5705
-13.1025
-11.9813
-9.6455
-4.3255
-0.8095
0.5154
-1.0307
-2.5644
-3.2219
-0.1546
-6.2549
-14.9236
-15.9699
-22.3199
-25.8086
-21.9405
-12.3686
-6.3606
-9.5536
-8.0874
-7.0431
-5.8201
-5.7823
-3.7761
-3.4565
-0.8298
-3.8402
-6.5099
-6.9450
-10.6188
-17.8411
-16.6047
-10.4748
11.5856
25.5063
28.2587
18.5524
10.0598
4.2404
8.8557
5.6100
6.9953
10.2758
12.3784
14.4161
23.9687
24.2530
24.9466
23.4092
6.3959
-1.2337
1.2678
-2.1705
-10.9958
-14.4254
-16.0945
-15.3563
-16.8227
-16.8994
-14.0766
-15.1062
-8.9123
-11.0049
-18.1051
-0.6686
12.7777
10.1086
14.9638
9.6126
4.4770
-0.0538
-7.4789
-9.2899
-7.8576
-10.0285
-7.3773
-3.7083
0.5222
2.0025
3.6159
9.2571
0.4024
-9.7255
-21.4285
-15.0283
-7.8489
-11.6819
-18.4756
-15.1578
-9.4015
-7.8730
0.9394
5.6489
5.3580
4.0580
-0.5108
-2.5621
-3.8928
-8.0399
-7.5790
-2.8482
-0.7302
-0.9876
1.1155
3.2379
-2.4139
-10.0199
-14.0222
-16.6493
-16.0237
-1.8059
-0.7546
-0.2801
-1.0616
-1.6245
-1.1254
-1.1850
-1.9783
-0.9297
0.2760
0.8506
-0.4191
-3.8966
-0.2181
9.5419
10.3584
3.4892
-1.6460
0.5174
3.2510
2.5137
-7.7292
-12.7754
-13.8406
-14.3288
-11.9237
-7.3835
-1.4122
-0.9673
-10.6417
-0.5236
2.4399
-2.9809
-3.3756
1.3217
6.0668
6.7500
4.6673
0.4677
0.8955
4.4403
11.2106
14.9749
15.3919
12.2726
6.0364
6.9147
1.9253
1.8163
0.9429
1.6228
1.7905
-0.4207
-5.3695
-11.4672
-15.2364
-16.7994
-10.1138
2.4765
4.6666
1.4488
-4.6704
-3.0314
-2.8310
-6.6620
-9.8849
-9.6100
-10.1690
-14.0181
-12.3317
-7.4695
-5.8093
-4.9363
-3.6522
-5.1532
-4.5190
-3.1142
-3.5059
-5.2706
-4.4035
-4.9311
-5.5789
-0.6052
2.1846
-0.9199
-2.5650
-5.3555
-7.3437
-6.2318
-5.5701
-6.8061
-0.6595
6.9906
4.1881
-1.9147
2.8732
5.7456
5.3994
4.8216
-0.9477
-4.3491
-2.9309
-3.9603
-8.8843
-13.1258
-11.0307
-6.5680
-11.9760
-12.4940
-9.3668
-10.3619
-4.2948
3.6731
2.6133
-1.6520
0.5111
2.0463
-0.4887
-7.9998
-7.1565
-2.5979
-1.2769
-4.0350
-5.0759
-5.3350
-7.5284
-6.1066
-6.6046
-7.5442
-3.5264
-0.5207
-2.3713
-4.4957
-7.9970
-14.2115
-13.2199
-15.4395
-11.7978
-13.5748
-16.7935
-15.6004
-16.0432
-20.0958
-21.5451
-14.7588
-9.1936
-5.6891
3.9075
-11.8034
-19.5479
-20.0419
-16.1028
-8.7622
-6.0418
-9.1199
-9.3038
-11.9027
-14.7973
-19.1301
-21.7109
-16.2174
-17.6603
-15.5084
-11.6627
-16.1266
-15.9157
-1.5668
0.1672
-5.9450
-14.8802
-13.3167
-9.2806
-10.1074
-10.9791
-11.9658
-12.7442
-7.8798
-6.4623
-8.2271
-2.4622
3.8834
0.6987
1.7973
5.7867
1.8053
-2.9512
-6.2482
-13.1822
-9.6995
-4.4861
-6.0273
0.0831
0.0686
-3.4046
-2.6253
-0.9434
1.6161
-1.1626
-6.5750
-4.0768
5.1851
10.9241
3.4446
2.1124
5.6219
6.6695
-0.5065
-6.6618
-2.8523
1.2439
-4.9467
-3.1838
0.4947
5.5333
2.8110
-0.0712
-0.7664
-1.6399
-0.7690
-1.0848
-2.7485
-1.4449
1.4070
6.2889
-1.5765
1.6740
-0.2136
-7.1940
-7.6647
-9.0456
-7.4250
-8.5270
-6.0095
-4.6269
-8.9688
-1.6617
17.5429
21.3374
21.1366
15.4956
10.8470
5.9173
0.3865
-17.5504
-24.8643
-29.2519
-9.9446
8.7772
23.5706
33.3004
23.9264
-0.9426
-15.1826
-18.6045
-15.9046
-14.3583
-11.0430
-15.3991
-15.9301
-9.7448
-7.2291
-11.4840
-14.7336
5.9455
14.8536
7.8715
-2.7482
-0.7522
6.8280
7.9995
7.2667
0.3508
-6.2347
-2.5432
0.6063
1.8290
-9.6347
-1.7711
-2.2432
-9.9640
-11.0114
-8.8928
-1.8626
1.0625
2.9218
3.8201
1.2844
-2.1892
-1.7264
0.4134
-0.2423
-0.7441
-0.4387
-2.2417
-1.4613
-1.1234
-8.1059
-13.2202
-10.2857
-6.8422
-3.9647
-1.2005
-0.8072
-3.4076
-3.1747
0.1859
1.8652
-0.2410
-2.4887
-6.5333
-0.4412
0.1424
-1.4474
-1.2167
-0.3710
-5.8221
-4.6735
-5.9071
-3.6461
-4.9343
-4.1221
-2.4123
-2.2212
-0.6931
1.7995
3.5826
7.1234
8.4008
8.8728
-0.9548
-10.4992
-9.2653
-10.6522
-12.7571
-12.4507
-8.6799
-2.4929
-2.4335
-3.1192
-2.0130
2.2231
4.0611
3.3442
-1.9528
-3.8858
-4.8071
-1.3052
-2.3635
-0.0143
1.8748
1.7284
1.3347
0.2473
-1.9101
-2.8489
-3.7566
-5.6272
-7.6989
2.8501
-3.8713
-1.1308
-0.3691
-4.1857
-4.7011
-6.7744
-5.2989
-4.6438
-5.3753
-4.5496
-3.7193
-1.3560
-2.8959
-4.3049
5.2627
7.4459
4.9837
-1.4609
-4.8042
-7.7725
-7.8306
-4.6469
-0.1831
6.2484
9.7922
14.5213
16.3139
13.9244
13.0023
11.7818
5.3388
1.4507
-0.7777
-5.8264
-12.0897
-16.1680
-14.7334
-13.4474
-14.5488
-12.8026
-5.3461
-6.2761
-7.4118
1.9131
2.4194
-2.1644
5.3562
11.6227
8.7868
2.3521
-2.6702
-5.1099
-2.9393
-2.3844
-0.8705
-0.8467
-1.7374
-1.9343
-2.0891
-2.6511
-1.9273
-3.2859
-4.1889
-4.9263
-2.3967
-0.1733
-0.7835
-1.8441
-10.5851
-7.4342
-5.6752
-2.6149
-0.6927
-6.5189
-10.9583
-9.4570
-9.1701
-12.0108
-9.9752
-6.5579
-0.5312
2.8606
-0.8131
-0.3060
-0.7436
-2.1406
4.7411
2.8840
7.5848
-1.0623
-11.1561
-14.1660
-8.6946
-1.9918
-3.7865
-3.2301
-2.8034
1.5735
4.1853
3.6157
-0.5326
-1.8413
-0.4810
-5.3144
-8.1692
-0.0361
2.6157
4.9651
0.2005
-1.7681
-2.0368
3.8434
17.8387
15.6170
2.1544
-5.4671
-4.2336
-7.4618
-8.7612
-4.1475
1.1589
-1.4082
-0.5010
0.2428
-1.8356
-2.4351
-1.6273
4.8522
9.7038
13.7528
7.7035
0.0435
-13.0095
-19.0723
-27.7983
-26.9893
-16.0264
-8.5228
-10.1708
-5.1544
-0.3075
4.3953
-6.7406
-13.2332
-10.9684
-1.1184
3.1729
2.6003
-5.1854
-12.9435
-16.4640
-10.0784
1.0690
3.6161
-2.8521
-5.6651
0.0041
1.1914
0.2516
3.0409
11.2841
5.7073
4.6847
5.3615
9.3728
7.8861
4.8818
-3.2044
-10.5425
-18.5460
-10.9135
-8.5525
-4.7123
-7.1790
-8.0480
-14.1290
-13.5178
-11.6938
-3.2893
-1.7056
1.0782
3.5994
-1.3598
0.1717
4.5904
10.6072
17.2587
21.9063
17.7968
12.6095
6.5494
5.8157
14.5070
14.0117
4.8011
-0.3754
-1.5915
-2.8179
1.2865
-1.3943
-6.4357
-1.6554
-1.4157
-0.7765
0.2869
1.5972
1.3863
-1.6501
-3.0258
-3.1116
-5.0420
-5.9095
-7.9316
-8.7679
-8.9402
-4.9051
-1.2152
-2.1511
-6.2671
-2.9495
2.7285
0.3979
-3.6054
-4.3306
-1.5156
4.5835
2.9764
2.5587
-0.3347
-2.2932
-3.7320
-2.7360
-2.7428
-2.4737
-1.0898
0.2453
-0.4142
-0.9053
-0.4017
-1.9844
-1.7119
-1.4552
-2.8772
-3.3645
-4.6001
-12.3447
-15.1728
-7.5408
-3.9370
-10.2052
-16.5354
-16.0063
-12.1488
-12.4720
-12.5221
-10.7321
-6.9875
-3.4693
-4.1117
-3.2284
-2.7903
-3.6140
-1.1740
-1.0742
-2.3439
-0.9249
-4.2247
-6.2230
-4.6713
-1.2508
2.1449
-0.1190
-2.6691
-3.7223
-1.0291
1.7799
1.6515
-0.0603
-0.0475
-3.4072
-5.9906
-4.1452
-2.8182
-1.9307
-2.7135
-2.4072
-1.1637
-1.4440
-1.2814
-1.4188
-1.6570
-1.0944
0.0158
-0.9563
-1.1580
-1.1315
-0.2684
7.5605
17.4783
8.4496
-4.1536
-10.0095
-11.7246
-3.2355
0.2233
-2.9442
-10.0963
-15.7798
-15.7153
-16.5630
-18.0637
-12.9636
-13.7707
-13.4153
-9.6965
-9.2468
-4.6265
-3.6502
-3.2125
-4.6736
-0.1409
-1.4475
-6.9150
-5.0927
-7.2252
-10.7995
-10.0038
-2.2567
-3.0425
-1.3538
1.2754
0.0848
-4.3733
-4.8831
-2.5114
-0.7902
5.8471
5.3592
-12.7934
-9.9543
-11.1113
-12.0968
-8.6306
-12.2917
-10.6313
-7.3298
-8.2955
-10.5461
-11.4192
-9.5436
-10.3417
-9.1874
-8.4512
-4.9257
2.6310
4.5449
-3.1595
-10.2594
-14.5415
-13.0497
-10.9244
-12.2531
-15.6570
-17.2669
-14.5211
-9.7858
-8.6733
-13.3474
-12.9562
-16.4340
-19.0444
-20.0916
-16.2908
-11.7308
-8.1098
-4.8733
-2.2695
-5.0964
-6.3259
-10.5948
-8.3206
-12.8409
-17.5741
-21.4382
-18.1517
-16.5261
-13.3526
-15.7267
-13.5901
-7.3229
-9.2125
-11.7124
-10.7087
-12.0391
-10.8879
-16.2640
-15.7291
-13.8976
-10.8459
-11.6820
-10.0305
-2.2124
-4.7522
-8.6482
-12.0323
-16.6706
-7.9828
7.4116
4.0873
1.7290
-3.3953
-7.7383
-8.5643
-8.2941
-6.9800
-8.2153
-4.6419
-3.2672
-5.3396
-6.9100
-2.5120
-8.2064
-7.2507
-1.5627
-3.1487
-6.1178
-7.9162
-12.1215
-13.2444
-14.6688
-15.0737
-12.3053
-6.2065
-2.2610
5.0724
-2.5609
-6.2170
-1.6061
3.4910
5.4195
7.5471
3.9117
-5.3144
-0.2393
7.6821
4.8082
-1.0457
-5.6006
-12.5753
-12.7863
-7.9129
-10.6793
-14.4969
-15.3571
-10.7232
-6.4878
-2.7091
-5.0434
-7.5750
-12.2113
-11.3029
-10.9582
-17.2414
-25.3930
-35.8050
-30.4868
-32.7641
-29.9391
-19.0123
-9.4032
-7.2089
-7.3735
-5.4130
-4.7055
-2.3872
1.9719
-13.2168
-12.9832
-7.5376
-2.1497
-5.6968
-13.7783
-13.0581
-12.9479
-11.6573
-11.4710
-12.0780
-14.3237
-15.6936
-15.0419
-13.1134
-10.6754
-6.5807
-2.4082
-0.4717
5.7597
4.4752
-5.8086
-9.5710
-7.0828
-3.1985
-3.0164
-4.9233
6.9154
7.3887
7.5577
8.6318
9.8675
9.2773
6.0364
1.5030
4.5563
5.8369
-3.8557
-9.3708
-15.7390
-21.3463
-27.4636
-28.5719
-23.2617
-12.2643
-5.2330
-3.2832
-3.4356
3.1440
3.0111
0.6881
3.1104
2.1086
-2.5348
-8.6440
-16.5052
-19.2106
-17.9754
-12.5670
-12.8699
-16.5999
-13.3857
-6.9186
-4.3485
-2.8305
0.3872
-3.8636
-4.3222
-11.8466
-12.7656
-15.1556
-13.7172
-8.5639
-7.5988
-0.8931
6.8967
6.3930
1.8705
2.1376
4.1230
4.1588
1.5439
-3.3877
-3.2309
-1.6328
-0.5072
7.4894
9.9789
7.5318
8.6130
10.9633
-0.0871
-3.7805
-4.0640
-4.7778
-4.0423
-2.8651
-1.4441
-0.7979
-7.3451
-1.4751
0.9546
-0.6108
0.3192
0.5119
-0.9574
-2.5475
3.1454
5.5515
0.9845
-0.4530
-1.0399
-1.8300
-1.9715
-4.5627
1.7222
11.1205
9.0633
5.9748
6.9635
8.0983
5.9412
-2.5632
-8.2332
-7.1885
-2.5599
3.1179
8.1206
2.2649
-13.4708
-12.8388
-9.3626
-3.4625
-2.4761
0.5423
1.8461
2.9435
-2.7619
-4.5731
-3.6244
-5.1073
-5.2187
-4.2217
-4.2889
0.3086
-4.7504
-1.6613
-3.1405
-2.3525
0.4674
0.0794
-1.7557
-4.0491
-2.6920
-1.5823
-1.2518
-2.6788
-2.7809
-1.2121
-0.9877
0.2923
0.0872
1.4613
1.7335
-0.8610
-1.6054
0.3006
-1.1493
-0.9171
0.3833
6.0850
-3.5453
-10.9260
-10.0497
-8.9800
-3.7024
-6.9003
-13.0144
-4.2695
-3.6391
-9.7584
-15.1774
-18.6908
-18.0499
-18.7571
-19.2688
-22.4599
-26.1706
-25.7855
-24.8371
-24.3699
-15.7370
-8.7124
-5.6968
-6.3978
-5.6556
-1.9943
-2.6310
-1.6204
-1.1687
-1.8495
-3.2559
-1.3482
-12.9494
-6.3427
-4.1688
0.5368
1.6605
1.6858
1.2423
-2.6677
-2.8045
-2.7639
-1.0521
0.5464
-2.7530
-4.1580
-3.1226
-3.5213
-1.9183
-1.6473
1.0912
9.6014
8.7863
6.2827
-4.1445
-3.7897
-3.9756

Coefficient 22:
0.0000
-5.2643
-6.8142
-3.3257
2.5279
3.8756
1.1741
-2.5357
-1.1396
0.6622
1.0800
1.0598
1.5489
1.4725
-3.0104
4.1902
5.4471
0.5699
-6.9520
-5.2897
-2.5320
2.2412
-2.2105
-6.2150
-6.1290
-10.8073
-14.7226
-12.5484
-4.4326
-0.3736
-2.1542
-12.0018
-8.9348
-4.5043
-1.4854
-9.6204
-15.0853
-6.4846
-2.5887
-2.3497
-1.8994
3.5704
10.8545
6.7350
-0.5269
-9.8272
-7.4172
-8.5712
-13.7546
-10.4900
-8.7405
-15.6613
-16.3317
-12.7064
-6.5273
-0.9427
4.5445
6.1759
6.4120
5.0536
-1.3532
-7.6334
-13.1425
-5.8677
-1.2800
-0.3925
-5.2903
-5.2021
1.3341
2.9301
3.3594
1.8174
-1.3006
-1.1507
-2.8954
-5.6618
-6.3623
-4.9248
2.9442
6.6615
6.4611
5.2474
2.3697
-7.0617
-13.9911
-21.7610
-8.2427
5.3707
-1.5004
-4.7272
-3.7795
4.4999
8.9644
6.0598
4.4907
-1.8795
1.6764
-1.0815
-2.7533
0.5701
0.5365
4.7611
7.4556
8.2314
-1.7497
-7.9959
-5.4935
2.8047
2.4543
-1.2011
-1.7166
-12.2999
-6.3614
-1.8020
-3.7802
-8.1462
-8.4294
-4.8692
0.0137
2.4333
1.3286
9.5444
15.1593
9.7581
7.1592
6.8492
0.4013
-5.0194
-3.7442
0.8845
2.9001
1.4872
-5.1532
-5.8151
-6.1368
-11.6951
-13.4353
-13.3342
-17.5484
-24.2148
-18.0364
-17.9053
-14.2496
-9.1086
-10.6537
-8.5418
-4.0918
-4.1669
-7.1096
-8.3166
-9.2006
-7.2735
-6.3736
-7.9866
-8.6967
-7.1615
-2.8349
-2.0383
-5.9225
-4.7705
0.1183
-0.8647
-4.5928
-2.9629
-2.9502
-5.0262
-2.1536
5.1481
4.1569
-0.5250
6.7571
16.6225
20.6820
16.9409
12.3726
10.1305
6.0116
2.5857
4.3110
5.1434
3.6842
-4.1447
-0.7676
7.1631
11.4421
6.0117
0.0878
-3.6676
-0.8396
7.1044
10.1885
6.0333
7.4778
8.7360
11.2123
10.5496
9.1387
7.5598
6.8431
11.8097
12.6135
0.5319
2.1352
4.8249
8.7685
8.2085
3.3887
6.0371
4.7073
0.6942
-1.0169
6.6125
1.0938
-2.0226
-4.0768
-4.5832
-2.8385
1.0558
3.7228
-2.1898
0.4339
4.1541
6.0416
7.7646
3.8240
0.2972
-0.5371
-6.7327
-7.9517
-4.6577
3.9879
5.4347
5.0644
4.3529
1.5644
-3.5116
-12.0961
-14.7203
-9.0563
2.1208
2.3799
1.3324
8.6275
5.5968
2.0281
2.6949
0.4732
3.0514
4.8764
7.5681
6.4709
12.9736
15.9896
16.0480
15.5347
19.2219
17.0717
7.2384
4.6491
4.0272
1.7136
7.6245
-0.2062
-5.5711
-3.9028
-3.1030
-1.6463
-1.7999
2.1483
4.0100
3.9807
4.5256
4.4481
7.4070
4.0383
1.7926
-0.3750
-6.4126
-8.4758
-8.5210
-4.4111
-1.6904
-1.7682
1.4982
3.2727
-2.3162
-10.1656
-11.5864
-9.5998
-7.4414
-4.9151
-5.2954
-1.0155
1.9795
0.0047
-1.5567
-0.3800
-0.7076
-1.4367
-1.5628
-1.1893
-0.1295
-1.3075
-0.4360
-3.7509
-5.9381
-6.3594
-5.2249
-4.1385
-5.3041
-2.2554
-6.1513
-8.3103
-10.3893
-5.0857
-3.6536
1.4433
2.0780
-2.0597
-2.7887
-2.6785
-4.2769
2.2654
5.9267
3.9850
7.7430
5.4740
-3.9678
-9.6464
2.9782
-0.3603
-6.2870
-7.7319
-6.3069
-8.2213
-8.9883
-6.2554
-3.7509
-5.7476
-14.7576
-12.0077
-11.8021
-12.9771
-5.2649
-3.7264
-6.4151
-5.1162
-9.0883
-4.9112
-0.5384
0.4981
0.2542
1.1276
-5.6072
-9.0648
-12.0690
-6.3488
-7.3740
-10.2663
-11.2811
-8.8371
-6.5562
-4.6754
4.0317
9.5216
7.2550
6.5523
0.3995
-2.0096
-0.6888
0.8783
-2.7027
-1.2517
-3.6700
-6.0498
-7.2799
0.2127
3.0245
1.8143
-2.8381
-2.5916
-0.9976
4.0748
1.2373
6.0117
-1.4081
-0.6642
-1.3497
1.1849
-0.4390
-0.1608
-0.3859
-1.4836
-1.1032
-1.1968
-3.5930
-4.0175
-4.0961
-5.4066
-4.3416
-0.8870
-0.7907
-0.5237
1.3276
-0.4437
-1.1304
0.1918
-2.2658
-3.2997
-1.8224
2.8620
5.2419
6.3278
1.9494
0.2323
-1.4340
-13.3910
1.8368
19.4441
10.6618
6.5137
11.6101
13.7022
13.3893
9.1806
4.6140
9.5086
7.9218
3.6094
-0.8971
-3.6176
-1.7103
-3.5004
-2.9259
-1.9672
1.3595
-1.0184
-4.3120
0.5525
7.5717
4.2417
6.2084
17.5113
1.2232
-7.7032
-8.2061
-10.8177
-12.2614
-9.6492
-8.1563
-9.9918
-12.2250
-10.9385
-3.1977
2.4198
4.5321
3.4523
1.0244
-1.7121
4.4103
0.0602
-0.0511
1.2242
3.5479
3.7845
5.6723
9.3570
10.1661
10.3205
16.2665
19.6074
15.6506
5.2424
-0.5465
-12.9615
-20.5540
-16.7883
-10.5267
6.7164
-0.5931
-7.2973
5.8426
-0.6999
1.5326
10.3526
9.2466
4.4723
-0.2836
-10.0690
-16.7430
-11.2900
-4.1800
0.3231
3.5413
-2.6373
3.6277
-1.8186
-8.2070
-11.2209
-14.3550
-13.9103
-8.7012
-2.5080
-1.0954
-2.6948
-1.6920
16.1911
28.7554
37.1924
35.0283
16.6903
11.1561
17.1093
19.5597
20.7692
13.0021
-1.4279
-4.8051
1.0373
-0.0094
-6.6245
-10.8532
-16.5398
-11.4408
-3.7526
-8.5619
-11.5235
-12.5518
-13.9326
-15.4355
-15.7550
-3.0958
-11.1342
-12.4774
-10.9473
-9.9140
-10.9767
-16.0053
-25.4063
-24.7089
-21.8473
-17.7731
-3.1844
-0.3008
-1.7844
1.9061
3.6975
0.0491
-4.7898
-18.7135
-25.0878
-24.3881
-13.5133
-5.9134
-9.0709
-11.6664
-13.5128
-13.5295
-8.0443
-9.6968
-7.2351
-4.3216
-1.8284
-7.3522
-5.9211
-2.9723
0.4089
13.3017
20.1265
23.1067
21.6213
16.6360
8.3924
6.8914
18.8909
32.8575
36.3579
30.6834
28.0290
17.8187
14.9171
17.0461
16.5882
13.8562
3.2756
1.6856
1.0243
1.5394
5.7849
9.5414
6.2295
5.8264
8.7140
6.2324
3.9187
2.5491
-5.7824
-1.8900
0.8023
-1.4049
-13.6297
-4.3158
-1.5795
-9.7434
-20.1598
-18.4449
-19.3221
-24.0198
-19.1843
-17.9507
-16.9545
-13.9405
-13.9375
-17.9978
-17.8531
-10.4658
5.2150
0.0581
-11.3383
-22.6299
-22.9753
-21.9726
-17.8268
-12.8086
-9.4827
-4.4345
-7.8999
1.2769
2.4774
4.0510
3.9459
9.9692
10.4926
15.3413
13.7782
9.9463
6.2170
8.3435
7.1125
3.1156
-4.6259
-10.3321
-13.6493
-10.9418
-7.2650
-9.1183
-3.3999
-0.4683
-0.2446
-0.7637
-1.3219
-1.0725
-1.4680
-2.1799
-0.9284
0.1279
0.5896
-0.0827
-1.3499
1.6474
0.1611
-8.0425
-16.4025
-11.0779
-3.7405
-5.4539
-4.6285
-4.2186
-4.6444
-11.9123
-5.8889
2.4506
9.9609
6.5961
-5.9952
-3.9985
0.6696
13.7345
18.9430
15.9367
10.5137
-0.2057
-4.0144
-5.3170
-8.8359
-8.4945
-12.6627
-6.1018
1.4530
1.8002
-1.7454
1.7828
5.5054
-4.0717
-1.5967
0.4168
1.3868
1.4758
3.3863
0.5383
0.0498
0.4862
-0.1514
1.6170
1.1474
1.6537
1.0499
-4.5135
-3.3019
0.8364
-4.0310
5.4395
11.2843
6.1772
-4.0856
-3.2088
-3.5727
-4.0812
-3.8560
-4.5591
-1.4148
-0.2238
-1.5704
-3.8024
-4.9972
-3.4553
-4.2088
-6.1877
-5.8237
-7.7197
-13.7807
-13.9571
-10.7560
-7.3621
-6.0760
-5.0669
-6.3653
-2.7193
-2.0929
-3.3038
0.0171
4.2476
4.4887
-1.7972
-1.3642
1.3795
1.8549
3.7218
0.0650
-2.7273
1.5584
4.9888
5.5120
9.0118
8.6587
8.2250
9.0604
8.2705
8.8353
3.0062
-0.7033
1.1880
0.9282
1.4427
-7.3980
-9.9215
-1.8275
0.0996
-3.7067
-4.1092
-4.4092
-1.7780
-4.9543
-2.9339
-13.6272
-18.3520
-16.9190
-13.5179
-13.3575
-15.5248
-20.8826
-17.6336
-19.0273
-19.2843
-19.7627
-16.8773
-12.3313
-8.3582
-13.8952
-18.9664
-17.1789
-13.6413
-11.3880
-8.4425
-9.7558
-8.7549
-2.1015
4.5217
12.3164
14.8775
10.3046
2.5846
-12.1227
-12.9207
-18.8526
-26.4205
-21.8916
-8.3479
-8.9381
-9.6186
-13.4160
-17.9599
-9.6099
-2.8005
-0.2857
1.1083
-0.6754
-1.3693
-0.4747
0.8982
-3.5250
-7.7123
-2.5998
-2.0380
-4.1425
-9.6867
-13.3436
-11.3474
-2.2637
8.1761
11.1038
2.0168
-10.0989
-16.1443
-13.7794
-11.9243
-7.1194
3.1666
1.8373
-4.5954
-4.5396
-3.7035
-4.4493
-5.4365
-2.7204
3.1230
10.5111
6.8510
2.6821
6.4919
2.4630
5.1745
5.8596
2.8879
-2.0073
-7.1367
-11.1639
-17.8281
-12.1844
-5.6943
-0.1492
3.5817
0.3973
-4.1751
-1.0692
-1.6993
-5.4693
-3.3669
-2.1855
-1.3739
-4.3911
-2.2604
-1.4205
1.8790
2.8819
5.2116
2.5755
1.3219
9.2030
11.3121
8.3666
3.8186
3.7273
-0.4320
-0.1749
1.0017
3.7741
6.5632
7.9810
-6.7541
-9.7442
-2.6615
17.3491
27.5073
27.7704
37.1198
35.8609
23.0770
6.7408
-10.0791
-15.6137
-11.5509
-13.4973
-23.8696
-23.8779
-18.6895
-11.2969
-5.2231
-6.2143
-4.8702
0.0023
-1.1972
-7.8193
-11.6403
-11.9289
-7.5819
0.0263
4.0481
2.5663
-0.1972
-2.2496
-5.1825
-9.1067
-3.9667
-4.6061
3.7969
4.2332
1.5651
2.5890
-0.4029
-2.6774
-1.2842
0.8945
0.0650
-1.0258
1.1190
0.6230
1.4463
-2.9620
-5.9125
-3.7300
-3.2531
-7.4487
-6.2840
-6.5629
-3.7443
-1.8786
-0.4622
-0.1481
-4.4310
-7.6388
-7.2803
-6.9348
-13.3733
-13.9699
-6.5819
2.4390
6.5104
6.7318
2.3944
1.1723
9.0798
7.4455
-3.6351
-5.1753
-5.4297
-9.2267
-7.0780
-0.0124
2.8575
3.9076
1.8260
3.1776
4.1539
-11.2815
-12.9206
-9.9503
1.9768
4.4186
3.5184
-1.6663
0.4502
4.7707
12.1859
10.3259
9.6991
6.6327
11.2791
17.9345
14.4779
6.2938
2.6171
2.1038
-5.2151
-8.4173
-7.0980
-5.9360
-2.0766
7.7440
9.1605
2.9509
-1.3935
-6.8226
-8.9824
2.2604
1.9936
4.9725
3.7140
6.2212
3.6025
-2.0411
1.7763
1.7924
-2.5191
-2.2902
-1.5769
-0.9193
-8.0515
-3.4253
14.2610
9.1345
2.9430
3.0208
2.6073
-1.3788
-4.2257
-2.7159
0.1518
-3.5195
0.2207
8.7814
5.0461
7.2944
14.9932
20.1555
17.9600
15.7854
18.5827
16.7228
8.5534
-2.1286
-3.4297
2.0627
0.9473
-3.3510
-4.4624
-6.2088
-12.5979
-4.7180
-2.3928
-7.8598
-2.9696
3.0281
1.1934
-1.1295
-3.3843
-4.5598
-2.7461
-2.3823
-1.0098
-0.9400
-1.6458
-1.8440
-2.0757
-2.5940
-1.8216
-1.6768
-3.9838
-4.0139
-3.4815
-4.0725
-3.7356
-2.1104
-9.0226
-2.9040
3.8997
4.6233
5.3685
1.5809
4.4770
8.8577
7.4670
9.1540
10.8232
4.5301
-7.2897
-8.3879
-6.4620
-3.9612
-6.5664
-6.0700
6.2379
2.3515
-1.4318
-1.9094
-4.4031
-11.4002
-15.6437
-8.9038
-5.5926
-6.7162
-7.3428
-6.2155
-3.1434
0.4183
-2.4327
-3.7582
-4.9777
-7.7835
-6.2295
-2.5145
-6.4594
-8.1246
-10.4433
-14.9749
-16.9292
-12.5847
-2.4742
-0.2193
-4.6938
-3.0142
-11.3798
-12.6480
-8.6091
-8.0622
-7.9071
-14.1166
-21.2528
-20.6509
-21.5063
-19.6922
-20.7237
-14.0196
-6.2697
-2.2206
-3.0262
0.7743
-3.2729
-7.5159
-8.6210
-7.9794
-2.6807
-5.3181
-4.5926
6.0296
9.8276
4.5369
-0.0681
-3.2570
-2.5302
-4.1354
-2.2989
-2.2478
-1.7250
0.7121
-2.8300
-7.7583
-3.9769
-1.1861
-1.9009
0.4578
1.6203
1.5455
-0.5940
2.8666
2.3921
3.2713
-2.3640
-5.4305
-2.9936
4.8350
-5.4243
-10.8270
-13.2898
-8.7511
-9.4010
-7.9168
-5.5070
-7.2751
-8.7088
-9.9012
-9.2115
-10.7899
-13.5153
-13.2705
-12.3562
-6.3552
-7.6948
-2.7683
1.5713
-4.7743
-6.1328
-2.6404
-1.3228
-7.4420
-12.3517
-10.9228
-18.5690
-25.9415
-25.7014
-15.9498
-11.9294
-15.1293
-9.3615
-8.9299
-4.9336
0.4055
-1.7083
-0.9960
0.5860
0.6644
1.2181
-0.7356
-0.6738
-1.2893
0.2468
2.5128
1.2086
-1.2257
-2.8414
-2.6938
-4.2010
-4.3084
-6.3367
-2.4973
-3.9954
0.5281
2.4766
-3.0067
-6.5227
-5.3570
-4.8828
-8.9839
-3.8724
-2.5194
-3.6528
-2.7374
-2.6908
-2.4744
-0.9771
0.3442
-0.3764
-0.5191
0.3145
-1.3192
-0.8545
-1.0486
-1.2228
5.6596
3.9330
6.4417
5.8077
2.3150
0.3453
5.7317
9.2291
4.5843
2.5817
-3.5106
-4.6695
-2.7589
0.1459
5.1801
3.0964
0.7258
5.0263
3.9967
1.7830
-0.6048
-3.6235
-3.7693
-4.3504
-4.8215
-4.6473
1.0186
3.2527
0.3972
-0.9902
-0.4578
-1.0086
1.5617
1.3989
-0.2927
-0.2261
-2.3740
-4.7711
-3.5284
-2.6882
-1.9280
-2.8459
-2.7461
-1.1305
-1.3429
-1.2631
-1.5567
-1.6087
-1.0291
-0.2049
-1.0140
-1.2984
-1.9278
-9.2634
-3.3717
3.5562
-3.5805
-4.4471
-6.3303
-7.2282
-6.5449
-2.9579
1.1673
1.3897
1.2419
15.5223
19.0950
7.9755
-0.6968
-5.2639
-3.9802
-0.1499
3.5903
-0.5259
1.0436
6.1379
5.7353
7.2487
1.1083
-4.6381
-4.4502
-6.6666
-7.1471
-4.8575
-4.0485
-5.4483
-0.7079
2.5788
2.2542
4.1353
12.2018
2.6624
4.7251
3.1076
-7.9451
-4.4086
1.6102
-0.3134
-8.0951
-8.8119
-1.3593
2.7685
8.9324
10.7870
1.2712
-0.2070
-6.0378
-4.2428
4.6287
4.6642
3.9782
1.1553
5.4002
-0.1460
-1.3481
-5.5992
-6.7457
-8.8031
-13.0884
-10.0827
-5.3393
-8.1140
-10.3690
-7.0133
-6.3625
1.3905
5.0548
2.0207
-2.0772
-0.6964
-0.7526
-0.3651
3.9258
1.4589
1.4494
3.8036
-3.7684
-11.6581
-18.9297
-15.9665
-7.6729
-1.2685
-3.5646
1.9633
9.2702
15.1327
13.1687
14.7746
13.1399
9.7755
8.4679
7.6170
5.4250
1.8637
0.0776
-0.3521
-4.6970
-0.8858
10.3350
5.6019
6.6890
5.7976
6.5563
8.0948
10.4849
7.0547
4.1609
5.6533
7.4452
8.6663
8.6136
11.3773
12.0790
5.5624
-0.2680
-2.5306
-0.2981
3.5326
4.1126
3.7007
5.6115
7.9712
2.4018
-2.8807
-0.8884
2.9094
0.5904
-0.8243
-1.0314
-2.6529
-1.8201
9.6330
1.1881
-2.3418
2.1242
-0.0907
-7.4074
-8.7029
-7.0623
-11.4105
-12.7196
-4.5075
-0.1318
-0.3665
-1.1796
-0.1876
4.4624
8.5301
8.1763
2.4108
-2.0024
2.5474
7.8551
4.6737
1.9226
0.9287
-0.1293
0.5589
-2.1702
-10.6052
0.2384
2.9551
8.3414
15.4599
19.3130
16.0179
7.4688
6.6259
4.2990
2.8674
1.4727
-2.1695
1.2615
9.3535
8.7390
4.8141
5.4251
3.9768
-1.7315
-2.7070
-8.0465
-12.9477
-8.1235
-11.7888
-13.6405
-13.9457
-12.2620
-7.9654
-7.0173
1.2844
7.5693
6.9074
-1.5513
-6.7780
-5.9402
-3.9096
-6.1248
0.2515
3.0287
-1.2047
-0.1377
-2.0910
-7.0915
-10.3742
-11.6674
-5.7295
-5.1758
-6.2134
-3.0318
0.1357
9.0322
0.9824
-5.6005
-12.1796
-8.7233
-9.3505
-11.7765
-2.3328
0.0477
2.2428
4.2203
3.3717
1.0079
-3.3211
-2.0555
2.6822
5.9535
0.1721
-2.5440
-3.9342
-6.1906
-3.4802
-0.1495
-2.6767
-3.3018
-2.4998
-5.1073
-6.1926
-0.2251
0.6150
4.1521
8.1959
5.5511
15.2525
18.9990
12.8904
14.4019
14.9837
16.1237
13.7208
13.5241
9.9654
9.2198
11.6472
8.7193
-1.7666
-0.3013
1.2944
-2.0494
-5.2866
-4.9784
-3.8706
-6.7864
-10.1699
-5.8843
-3.1099
1.1760
-0.3713
-10.3922
-11.4112
-9.5491
-5.3948
-2.9707
2.4938
1.2174
-0.5144
0.3420
0.4615
-0.9687
-2.5324
-2.1020
-3.5080
2.0345
-2.9271
-6.0486
-6.5809
-6.3535
-3.2128
-6.0625
-7.2852
-10.6448
-9.5520
-6.3926
-6.9225
-0.2391
10.3202
10.4576
5.4243
-0.5968
-5.8832
-7.7618
-1.2158
-8.2681
-9.4554
-14.9946
-11.3891
-4.8854
-3.0290
-4.7254
-4.7162
-1.8262
0.8799
5.3291
2.3946
1.3624
5.0384
4.8056
8.5545
10.1836
12.3083
12.1272
6.2435
5.8516
6.8070
4.4612
1.1727
-0.2096
-1.4980
-1.5362
-2.7209
-2.4442
-0.8093
-0.6152
0.6419
0.2413
1.4679
1.6200
-1.0090
-1.6255
0.1607
-1.2721
-0.8173
0.2364
5.7185
3.6925
2.0091
0.0515
2.8349
10.1222
8.6916
7.5376
6.0612
5.0332
9.5434
8.8471
11.4989
8.5670
8.4390
11.0338
9.6309
8.3982
4.1345
0.6542
-3.5044
-5.8990
-8.2148
-6.5678
-4.3926
-4.7609
-1.7187
-4.8652
-2.8184
-1.2482
-1.4355
-2.3590
2.4313
12.7418
13.3965
7.3308
3.0057
1.1562
3.4887
1.6904
2.8411
-1.0851
-4.0795
-8.3029
-7.3637
-8.1691
-9.9609
-10.1657
-7.6361
-8.5298
-4.9354
-2.9741
8.2966
8.5073
3.6676
-4.1081
-7.0529
-7.3971

Coefficient 23:
0.0000
-5.3792
-9.2761
-5.8188
1.5464
5.7450
3.7283
-2.4623
-1.4962
-3.6084
-5.1027
-5.5045
-3.4689
-0.0891
-4.4429
0.3813
-0.6480
-2.0119
-3.2512
-5.0437
-4.6361
-3.4924
-8.0864
-11.4319
-7.6247
-4.2859
-7.1234
-6.4031
-2.8717
1.4602
-1.5703
-4.6399
-7.0867
-6.2807
3.2741
-4.6912
-6.5062
-5.4684
-2.9941
-1.8672
-7.7556
-11.3280
-5.9801
-10.2746
-23.6474
-25.8159
-14.1621
-14.0502
-18.2670
-13.5094
-4.9296
-7.1770
-8.3603
-5.5216
-1.1184
-0.0314
0.3961
2.0660
2.3626
-1.3329
-8.2885
-9.2467
-8.0210
-17.1465
-19.5054
-12.4814
-6.3560
-4.6950
10.7079
21.6996
19.2181
18.1251
11.8023
4.4356
-3.7411
-0.2134
-1.9370
-11.0056
-16.3127
-24.7306
-26.8589
-22.6104
-14.1445
-7.5363
-2.1766
-11.3814
-7.5603
-8.3237
-7.6444
-4.8612
-1.4614
-0.9724
-3.2776
-7.3724
-6.4607
-13.5566
-5.6405
2.3907
3.6165
9.6666
8.8666
9.9740
8.9495
2.8353
1.5856
2.2538
-4.0298
-10.3978
-13.7694
-15.3092
-10.8089
-6.5282
-5.5387
-5.5653
-4.5965
-8.0983
-5.5080
-6.0820
-4.0561
-2.9399
-1.9843
2.9111
7.8730
5.2372
2.8112
-7.8912
-5.3844
-8.4702
-11.8122
-12.6227
-5.9617
-3.7366
-18.1947
-22.5228
-21.9587
-27.7847
-28.3983
-25.8777
-19.0665
-15.8958
-19.1877
-19.8317
-14.7778
-10.5702
-7.6427
-4.0402
-2.5707
-4.3338
-2.7179
-4.5624
-6.4655
-8.4564
-9.8495
-9.7276
-9.4306
-6.8157
-2.9576
-2.3648
-6.1878
-4.7346
0.4207
-0.6392
-4.3038
-2.8014
-2.6395
-4.5255
-2.3942
0.1957
-1.2401
-1.8105
12.8929
3.2684
-3.2054
-2.4559
-1.0666
-3.4497
-5.0965
-8.5056
-8.7750
-10.1435
-10.5875
-13.0397
-9.3993
-7.0106
-2.8436
4.8283
5.3291
1.3979
2.7741
13.2760
6.2292
-3.2629
-8.7149
-14.2785
-18.6688
-22.4478
-23.7924
-25.9045
-24.8240
-19.3868
-12.5883
-5.3601
-2.0395
7.5518
8.8882
4.1496
-1.8188
-7.6220
-3.5627
-2.5007
-1.1487
9.9614
6.0979
2.5912
-1.4735
-3.1859
-3.1969
0.3158
3.3080
-0.6793
-3.6911
-9.0597
-11.1177
-6.7165
-5.2396
-2.3649
-10.5099
-15.3981
-15.5868
-13.8419
-10.1063
-9.5864
-5.6468
-2.7983
0.3704
-2.0194
-8.3343
-9.6954
-9.4704
-9.2720
-5.5303
-9.5238
-8.3479
-0.9679
1.0164
1.6465
3.7289
9.2087
6.1132
3.0038
-1.0620
-5.3569
-11.3279
-16.2187
-13.3074
-9.8336
-7.3228
-5.8772
-8.5847
-2.8051
3.0719
4.7198
3.2884
2.1964
-1.6706
-1.9754
-2.7680
-4.8030
-0.0571
5.2997
7.2662
11.2922
12.5269
6.9182
7.4596
6.2864
-0.1621
-7.6172
-8.9669
-9.3781
-11.5268
-11.2122
-8.1106
-3.4391
-0.4227
-2.6159
-5.1912
-4.2309
1.3169
6.5185
2.7635
-2.5800
0.0167
1.6960
0.0557
-1.3711
-0.3727
-0.6312
-1.5407
-1.7192
-1.7622
-1.6002
-2.3028
-0.9346
-3.9822
-6.5437
-6.9558
-5.4103
-3.9135
-6.0845
7.0707
8.7931
0.2967
-12.1061
-12.9425
-20.6015
-16.0397
-11.2494
-12.1953
-11.6570
-8.0590
-1.2083
-4.6652
-11.7383
-8.7175
-2.8791
-4.4894
-5.6599
-8.3146
-4.0855
-10.5064
-13.5354
-10.7962
-5.3527
-8.2234
-10.4442
-14.7928
-12.7062
-15.4760
-22.7399
-26.4175
-26.3182
-28.3300
-20.1065
-13.6199
-12.4977
-6.8362
0.1018
-6.8742
-10.7437
-7.7737
-6.7373
-5.2397
-9.9456
-9.2004
-5.7337
1.7613
-7.0937
-11.4642
-6.9953
-3.7865
-3.5346
-8.9309
-11.6116
-8.7463
-4.3244
2.4317
-0.6988
-4.7142
-3.8791
0.0688
6.1819
0.7690
-1.6630
0.1096
2.6123
7.3545
5.4581
7.7611
1.1064
-3.0664
-5.3131
0.9496
-0.3872
1.0173
5.6794
5.1636
1.9905
0.1834
-0.3955
0.0876
-0.1382
-1.3147
-0.9150
-0.4869
-0.5248
-0.2631
-1.1805
-2.4708
-2.2908
-0.3289
-0.1115
1.9999
3.5063
-0.2267
0.8900
2.9577
1.0657
1.6745
2.8338
3.6931
5.6194
6.1961
0.7712
-0.2546
-4.0351
-25.0766
-15.0774
-7.4655
6.0470
8.4773
14.1169
12.3682
5.4380
1.4680
-1.8888
-0.1665
2.5720
5.5632
0.0606
1.5022
4.9146
0.5756
-2.1730
-2.3658
3.6835
2.3408
-4.9998
-1.1655
-0.9018
-2.3948
-0.5572
26.8803
27.0381
16.6601
3.6109
-6.6210
-14.3574
-16.2036
-17.2406
-17.7914
-18.3669
-14.1130
-9.6915
-5.3685
-5.2177
-11.6394
-9.2716
-7.6101
-6.4856
-3.2493
-0.4900
1.9630
3.3782
1.5211
0.6922
-5.1924
-8.3764
-3.0078
-2.4565
1.5053
-11.1629
-26.6151
-27.5189
-20.1152
-16.7298
-18.9536
-13.6372
8.6784
-2.4453
-17.4707
-13.0694
5.4491
5.2130
-1.1782
-2.7220
-8.9653
-14.3620
-13.9995
-16.3261
-19.6053
-23.1791
-19.6932
-13.5535
-12.8124
-3.1657
-6.6457
-4.7389
-8.1358
-14.1847
-13.5360
-12.5658
-13.3121
-9.8783
1.1709
6.1524
20.2124
24.0292
22.2880
24.5428
15.7987
9.9365
13.0725
13.9467
20.7508
18.9254
4.5673
-5.1229
-0.6469
2.5092
0.3768
2.8842
-8.6678
-15.5736
-14.6317
-10.9019
-11.0912
-7.3463
-4.9358
-5.0370
-1.2576
7.8185
2.6405
-5.0064
-10.5781
-14.6147
-19.4076
-26.1392
-35.2177
-36.2595
-35.6413
-27.5846
-17.9310
-11.8717
-7.8393
-1.0092
1.1679
8.7505
17.3813
17.0847
12.6205
12.0170
13.1036
7.1650
1.5339
3.8624
5.2355
2.6216
-8.0261
-10.0670
-6.3276
-3.9982
-0.8367
-14.3981
-15.5852
-19.2571
-21.6417
-10.5373
-0.7542
9.8891
19.2496
23.3474
15.4299
8.7922
24.5083
27.2461
22.1229
19.1360
27.0484
31.5276
22.7405
23.7168
25.8528
23.3252
16.5639
20.2582
5.5865
-3.5560
-9.4658
-17.3799
-22.2291
-24.8993
-31.1682
-31.2874
-32.2461
-36.6175
-32.8350
-21.7156
-15.2685
-10.2945
-12.6947
-1.3606
-3.5866
-15.1141
-23.8492
-22.4026
-20.3677
-21.0156
-15.5824
-14.9760
-15.5726
-11.1640
-8.6561
-14.4342
-15.9245
-9.8876
5.5595
3.0904
-6.6712
-11.0463
-8.6648
-8.5868
-5.2902
9.5141
13.5513
13.3475
11.4993
1.4646
-7.1829
-5.0206
-4.1351
-5.4359
-0.9820
5.1740
4.3687
-1.5132
-2.8078
-2.1091
-1.3873
-0.0785
-1.3783
0.4959
1.5282
0.6905
1.5633
-0.9399
-1.6182
-0.1786
-0.2069
-0.4628
-1.0094
-1.0437
-1.7641
-2.4037
-0.9603
-0.1153
0.2184
0.1568
-2.8388
-4.6242
0.1471
3.5158
-1.0119
-5.3173
-8.2959
-10.4306
-3.3044
-3.4485
-11.1859
-15.8073
-10.1426
-7.6879
-4.2652
-2.4046
-1.8808
-0.5105
-10.4299
-14.8274
-16.0884
-19.5242
-19.3642
-11.9948
-10.6870
-8.3307
-10.7855
-13.5298
-15.8893
-17.5298
-12.5620
-14.7073
-12.6289
-3.1538
-9.7241
-12.4977
-13.2734
-13.0844
-14.8710
-17.7608
-18.4101
-17.7741
-15.5893
-15.0674
-17.6465
-14.5660
-8.4549
-6.0471
-1.9922
-5.8465
-3.6415
-5.6114
-8.2954
1.1323
11.2085
15.6604
8.6522
6.4192
7.7196
4.8629
-2.0335
-5.1024
-0.0728
1.6869
-1.6204
-4.4333
-4.4909
-2.6213
-3.4075
-4.7184
-0.6721
1.7694
1.7952
1.4650
-0.7984
-3.3134
-5.0916
-4.4500
-5.8201
1.8841
3.9077
-0.0877
-3.5825
-9.3952
-10.4378
-0.7670
4.0364
0.9081
-0.9720
0.3822
-2.1035
-7.0742
-10.0801
-7.2964
-9.0298
-9.7280
-8.1199
-3.5031
3.2391
0.5575
0.1619
3.8589
-1.5179
0.8842
3.4427
6.5075
1.4370
5.1665
8.7513
-1.1150
-4.6248
-5.2412
-4.5069
-0.1961
-5.7978
-3.4168
-4.1995
-2.8672
-3.3294
-4.0897
-5.1613
-5.5300
-4.8264
-4.0977
-3.3464
-2.4741
-3.9490
-7.6200
-6.2499
-0.5259
4.2478
-1.0404
-9.2759
-12.0502
-15.2787
-18.4337
-4.1895
-14.4441
-16.6381
-10.9399
-14.3454
-16.4287
-14.6508
-21.0727
-21.6716
-2.2545
6.5056
8.8945
10.8459
5.9625
-0.6998
-8.1719
-9.5932
-4.7205
-8.8184
-15.2514
-12.0044
-11.5348
-8.6526
-10.3984
-14.5155
-13.8447
-9.9552
-7.0591
-5.0131
-1.4930
-1.0095
-2.8890
-2.9101
-4.0037
-2.6899
6.2084
14.8261
2.4241
-12.9090
-14.7156
-14.7286
-12.4890
4.7297
26.8398
17.8349
-4.2915
-15.6791
-17.1396
-18.3728
-20.5600
-20.5647
-27.3059
-29.7562
-16.2359
-2.3839
-4.0220
-7.3185
-2.2132
-3.1627
-14.0265
-22.9524
-18.4919
-11.7582
-18.6028
-23.5009
-25.5675
-23.1450
-17.2646
-12.6103
-8.5707
-6.5161
-10.7445
-13.4408
-6.4577
-4.4226
-0.0170
-1.4945
4.8765
4.7044
4.6635
3.0728
-6.2040
-2.4937
-0.4354
8.5653
7.0818
0.5461
-5.5085
-4.9316
3.6898
11.9951
13.7061
7.5718
7.9057
3.5840
-4.2221
-3.5973
17.1781
40.8433
40.2164
36.0747
42.6562
50.7414
49.9684
39.2118
23.0518
14.9770
11.6379
7.8650
1.1874
-1.6596
-4.6693
-12.4272
-17.3673
-16.6544
-13.8209
-10.5402
-12.1217
-17.1844
-18.1408
-21.3327
-19.6390
-8.1025
-2.4311
-8.2510
-16.6438
-17.3078
-14.4285
-5.8922
-4.1211
-8.8919
-8.9003
-6.4689
-7.3908
-3.7146
-7.1502
-6.9210
-5.9743
-7.8846
-8.3334
-6.1004
-2.1593
-1.1290
2.6058
1.6623
0.7109
-0.5611
-1.3046
-10.2600
-11.5605
-8.6478
-4.6701
-1.6370
-0.4209
-2.3959
-3.6910
-4.2471
-5.0408
-2.4003
1.0417
-1.5027
-5.8779
-0.7892
-10.6114
-8.6884
-4.8006
-6.9914
-11.7424
-13.6104
-16.9781
-15.2230
-15.3711
-11.9662
-12.9771
-9.1623
-6.0198
-4.2833
-3.8208
-6.0440
0.2044
4.0925
0.4084
-3.8833
-5.1901
-5.1313
-6.6610
-12.4860
-12.4500
-11.1519
-7.5295
-4.2962
-5.1093
-14.6730
-17.5243
-19.6955
-20.6433
-17.8515
-13.4104
-7.6619
-6.6773
-7.0133
-3.3073
-1.1442
-2.3456
-3.5780
-4.4760
-3.6169
-2.5803
-3.3018
-3.8037
1.7130
7.6629
5.8176
1.1933
1.8322
-1.7008
-5.2303
-0.8383
-1.9532
-3.1457
-4.8293
-11.8401
-15.5337
-18.5117
-5.8374
14.9811
9.0077
0.6624
-2.2313
-5.1815
-4.9563
-1.6347
-0.1282
-0.6664
11.3868
17.6659
17.4413
13.3097
7.3559
6.6760
11.8372
19.8915
19.3198
14.7755
14.7793
13.0001
7.8920
1.0924
-4.4519
3.5127
5.9650
9.4484
11.2631
0.0390
1.9810
-2.6173
-10.9760
-9.9991
-6.4685
-6.6206
-4.8883
-2.7567
-1.2944
-2.5233
-2.3124
-1.0657
-0.9581
-1.5531
-1.7273
-2.0109
-2.4546
-1.6585
-0.1453
-2.0631
-1.9611
-2.6599
-5.1581
-4.6527
-2.2751
-7.0475
-5.7949
-9.9829
-10.3852
-10.3701
-15.2046
-18.8997
-22.2457
-24.8251
-23.6658
-17.9302
-17.9866
-20.1646
-17.8715
-16.7956
-11.7687
-12.5095
-9.3847
4.9553
-1.2594
-6.5875
-3.3826
-3.3887
-1.2860
-4.3762
-7.0595
-11.5235
-9.7823
-6.5773
-2.4481
4.8617
8.9736
2.9941
1.8678
-0.3628
-1.4121
-2.4324
3.1243
4.5304
1.1859
-3.4128
-3.7527
-3.4819
2.2334
8.2446
9.5580
8.4384
5.6479
5.2689
6.0965
-0.5717
0.3392
-0.5512
-2.9407
-4.7044
-3.7379
-3.6341
0.0149
-0.1707
-3.2753
-4.1173
-4.7615
7.7180
10.9118
1.4713
-8.5671
-16.2768
-15.3245
-9.9960
-5.3334
2.1059
8.3301
4.1456
9.6136
1.1216
-7.3771
-10.6377
-8.4114
5.1469
16.1539
0.6535
-11.9345
-11.5291
-10.3662
-15.0538
-20.6192
-14.0820
-6.3009
7.0621
7.5188
4.4161
1.6250
-8.5948
-10.3972
-16.2464
-19.5118
-20.0024
-11.9438
1.6913
1.7190
-2.3817
-7.2998
-3.4137
-3.0168
-1.5082
4.2708
2.7577
-1.7254
-3.5844
-3.5870
-2.6744
-7.5315
-7.9257
-3.0599
0.6864
1.8860
-2.9896
-5.9487
-11.1608
-13.3127
-11.6432
-9.6346
-5.7376
-0.2531
-5.0580
-6.1697
-5.1670
-4.4635
-2.2052
2.3134
4.7486
2.6803
6.2179
0.4273
-1.9011
-1.1773
0.7561
0.9115
1.7181
1.1872
0.4840
0.0086
2.9887
6.1645
6.0942
5.0777
3.2403
3.1801
3.7485
-0.7050
-5.1799
-8.9921
-10.2210
-7.3923
-7.6716
-9.2234
-8.3036
-9.1877
-10.0373
-7.3179
-1.0054
-2.6717
-3.4846
-2.6692
-2.5987
-2.4462
-0.8942
0.3928
-0.3334
-0.1772
0.8908
-0.6343
-0.0159
-0.6478
-3.3161
-5.7904
-3.7390
-5.1201
-7.9152
-5.9155
-5.8684
-11.1581
-12.9674
-9.7898
-8.2960
-5.5995
-3.4460
-1.7380
-2.3169
-5.1167
-9.9702
-13.4834
-13.1868
-10.0891
-12.6788
-12.6690
-12.6147
-11.2226
-12.8249
-11.6719
-9.7348
-3.1678
-1.5710
-1.0897
1.4986
1.0532
-0.9985
1.1883
0.9689
-0.6492
-0.4517
-1.0031
-2.8257
-2.3529
-2.3718
-1.9723
-2.8273
-2.8549
-1.0701
-1.2766
-1.2426
-1.4918
-1.4798
-0.9472
-0.4086
-1.0625
-1.4109
-2.5088
-2.5714
4.9605
-0.0806
-15.0526
-24.2901
-22.0883
-22.3709
-19.6228
-19.0995
-10.8698
-8.6821
-4.3649
16.3897
22.5839
12.1252
0.2815
2.7005
4.0203
2.3227
7.9171
-4.2962
-12.0658
-16.5149
-13.4428
-10.0886
-14.3784
-17.5229
-15.1990
-14.5480
-15.2087
-13.0345
-11.3489
-12.6737
-9.0106
-4.9508
-1.0833
0.4802
1.4861
-11.5878
-15.5290
-19.3223
-20.3572
-14.1962
-9.9047
-8.4583
-4.1006
-3.4827
-0.9224
-5.5464
-15.9615
-16.6730
-19.1433
-18.1896
-13.7858
-16.4410
-11.2164
-9.6942
-10.1590
-9.2939
-6.8511
-12.9516
-15.8469
-20.7848
-18.1954
-14.0619
-14.8795
-11.5158
-14.4442
-16.3064
-15.6773
-13.1052
-6.7627
-4.9943
-5.6950
-1.4193
-3.6955
-8.2569
-5.1304
-6.5856
-8.4815
-7.2159
-8.3813
-7.0553
-3.7497
-1.9783
-1.5778
1.0753
1.8982
9.6502
-0.1006
-11.1929
-16.4572
-22.2898
-24.4930
-27.3654
-26.6365
-21.1020
-18.2153
-19.1948
-17.6377
-13.5400
-10.8420
-5.8631
-6.6704
-8.3674
-11.6265
-19.0176
-25.6567
-29.4496
-20.0511
-9.8095
-7.4047
-8.1845
-11.4210
-10.9146
-10.1829
-9.3813
-12.8974
-14.2829
-14.8275
-8.7844
-7.9414
-7.8490
-3.6566
1.5989
4.9638
8.7540
6.7069
5.6922
4.3153
3.7788
9.9679
14.5563
14.6735
13.0100
6.6427
1.2542
-1.4470
11.4681
4.1472
1.2328
-1.4070
-0.5270
-1.1570
-1.5677
3.7767
-3.7625
-1.4123
-6.3831
-11.8217
-13.6251
-12.8829
-12.8461
-10.9109
-15.9725
-16.8105
-16.3969
-20.6646
-15.7898
-9.2474
-2.1462
1.4038
-0.8155
1.1026
-0.3531
-1.7770
-2.9399
-1.2629
-6.6084
-9.8877
-12.4866
-19.3511
-16.5016
-15.6777
-18.3034
-20.3592
-19.0462
-14.5235
-11.6143
-9.0576
-7.2511
-14.3569
-23.4753
-22.5647
-15.3217
-7.3413
-1.9482
-5.2656
-13.9266
-13.3232
-13.4866
-11.2617
-9.7392
-6.8758
-4.0264
-2.2329
-0.1866
-7.3466
-10.2257
-5.6561
0.6654
1.8375
-0.8495
-1.2279
6.7859
7.4749
3.1159
-4.6221
-8.1098
-8.6329
-6.0931
-4.9497
-1.0970
-1.7135
-1.7042
-4.1628
-6.9481
-14.5082
-14.5795
-13.1917
-6.5776
-1.2400
4.4362
7.4462
-4.1257
-12.9147
-17.2721
-7.9060
0.0980
-3.4150
-8.9034
-10.8292
-7.9894
-5.3381
-0.6972
4.4291
4.0113
-0.5678
-0.4944
1.8219
1.5645
1.5360
-1.3216
0.9851
-0.0820
0.5730
4.0839
0.0036
-11.4013
-16.6733
-9.8647
-14.4126
-20.3081
-21.0918
-19.9080
-13.4280
-11.9394
-6.1003
-2.9804
-6.0961
-3.1800
4.4970
6.6408
7.9464
0.3494
-0.8992
-0.0398
-0.4608
-1.2331
2.0373
1.3163
-3.1499
0.9220
-0.4062
-0.5027
0.3055
-2.6204
-7.0469
-8.0022
0.3871
1.0265
1.5147
-0.3617
0.3815
0.4014
-0.9723
-2.4696
2.8567
10.4624
7.3509
-0.0174
-7.3823
-14.8419
-12.3944
-6.2513
-5.2212
-4.4362
0.2174
-2.0224
-1.1412
-0.2882
6.4895
7.8268
6.5396
-0.7769
-6.9563
-7.9996
-7.6104
-6.9049
-1.6551
-10.8399
-16.5106
-16.3854
-11.6262
-10.6665
-9.8635
-7.6338
0.1958
1.3484
0.7747
-0.5518
-1.0267
-3.6819
-7.7176
-10.6853
-5.7597
-5.0730
-1.4478
-4.2190
-5.2718
-4.9568
-3.5911
-3.8487
-2.8206
-1.3913
-1.7860
-2.6765
-2.0709
-0.4285
-0.2249
0.9716
0.3955
1.4574
1.5167
-1.1206
-1.6938
-0.0736
-1.3203
-0.7189
0.0646
5.7772
2.0848
-0.9792
-0.8907
-5.7380
-10.3984
-8.9426
-8.2774
-3.4691
0.7947
-4.5342
0.2570
3.2269
-5.0180
-9.6154
-4.4412
-1.9766
3.1252
3.0166
-4.2423
-12.3583
-13.2669
-11.4503
-7.0478
-4.3721
-7.8952
-5.1773
-4.0554
-2.8584
-1.2736
-0.9712
-1.4833
4.1976
17.5386
11.8184
7.3299
4.9695
2.4197
1.5330
-0.8448
3.9631
-0.6157
-4.4095
-7.6077
-7.2375
-6.1079
-7.4098
-7.5002
-2.5020
-3.3925
-4.6366
-5.8841
8.2311
10.3842
18.1861
7.8510
2.6262
2.3181

Coefficient 24:
0.0000
-5.1890
-8.2542
-4.5532
1.5375
6.3841
5.1580
-2.2781
-1.7799
-3.4989
-4.0705
-3.0991
-0.2873
4.3511
-0.5846
-3.1360
-6.1642
-4.3802
-0.3468
-3.3734
-6.4715
-10.1285
-9.7206
-8.7417
-4.2341
4.0276
3.0150
1.3613
-1.6840
2.1858
8.2773
6.4325
7.8280
11.3920
5.9618
2.2623
2.7843
-2.3280
-6.6603
-4.9726
-6.4448
-5.3624
-4.6975
-2.6740
-7.0600
-3.3746
-1.5752
-3.3248
-7.3430
-5.2609
-5.8424
-6.8235
-5.9259
-3.1230
5.4646
3.6544
-7.1878
-8.4850
-5.0364
-1.1664
-1.1981
-8.2878
-8.8820
-9.1457
-4.9769
4.3584
19.3139
26.9447
39.0845
38.2096
37.1897
35.3941
29.7941
22.6349
17.4795
13.1558
0.2185
-7.3149
-6.1061
0.5550
0.7402
2.2823
-0.2705
-2.7750
-2.9109
5.1493
7.8555
2.5413
-1.6517
-3.6318
-1.6921
5.8869
3.5024
-2.8154
-3.7065
-5.4902
6.2177
7.9399
6.4123
2.5927
-0.7994
1.1954
0.8464
0.2560
1.1911
0.4676
4.4559
-0.5185
2.2989
1.8978
-2.4964
-7.6880
-14.6337
-15.8162
-16.5552
-15.2142
-13.4039
-10.2265
-9.3733
-8.9650
-9.4164
-4.9808
-5.7668
-6.7617
-1.3502
0.1940
0.0895
-4.7011
-5.5034
-2.0718
0.6080
2.6977
-1.9782
-3.4891
-8.7568
-16.2012
-22.2081
-18.9462
-20.4609
-19.6777
-13.1310
-5.8819
-1.1336
-2.9577
-6.3516
-3.9590
-2.3112
-3.9338
3.2339
1.2171
-2.4620
-3.2779
-2.4395
-0.8469
-1.5547
-2.3242
-2.9367
-2.5904
-5.7402
-4.0749
0.9538
-0.3852
-3.9372
-2.5762
-2.2904
-3.8465
-2.5055
-5.3836
-8.7487
-6.9741
8.9003
13.8258
12.9296
7.8896
6.1381
5.6927
10.5524
10.7559
8.5145
7.7668
5.4444
5.9282
12.2607
7.5622
2.0543
-3.6369
-3.9286
-1.1453
0.3599
4.1478
6.7205
8.6897
3.8145
-0.1120
-0.1688
4.1548
5.2290
-2.2809
-7.4918
-0.1508
2.9097
4.1408
5.4133
6.7338
5.3512
2.2982
-1.0168
-2.0800
-2.8464
-0.9957
-1.2158
12.0151
9.2954
5.7047
0.3039
-1.8596
-3.1605
-0.3997
2.7464
0.6583
1.0531
0.4864
3.9150
9.8286
11.7400
11.8132
2.1676
-6.8467
-13.3218
-9.4614
-8.0708
-0.6025
9.0825
9.1761
4.3459
4.8606
7.1142
8.4905
5.1810
5.7871
3.2024
0.8703
5.2852
9.4349
14.1952
17.7834
12.7887
3.2463
2.6768
6.9021
10.0835
4.6852
0.5784
1.6441
6.9229
12.7320
9.1177
1.9812
-8.5151
-9.3989
3.6393
9.9924
10.7397
8.3213
6.3258
5.1235
1.9486
-0.3609
3.7202
4.4932
2.4925
2.6557
4.5870
8.4621
11.2804
7.6272
6.1674
1.9199
2.7178
5.8235
1.0582
1.0926
1.5727
4.2719
5.2197
2.7603
3.1322
4.3014
6.1180
3.9468
0.9737
-0.9652
-0.5525
1.3111
0.1171
-1.1663
-0.3387
-0.3810
-1.5574
-1.6134
-2.1289
-2.9577
-2.6354
-1.1914
-3.9562
-6.4708
-6.8037
-5.2316
-3.5279
-5.9821
7.7789
6.8743
-1.7996
-10.5878
-9.4123
-10.2636
-8.6348
-5.8467
-3.4796
-3.9064
-5.0248
-10.0538
-15.1650
-11.0675
-7.0424
1.1140
-0.0639
-3.2736
3.6318
1.8098
-2.3353
-6.0340
-9.2490
-14.7393
-18.9404
-14.3062
-20.9005
-20.1672
-12.8054
-5.9322
-5.8253
-4.6327
-4.4513
2.4609
-4.7779
-10.0743
-4.6661
-0.1117
-8.8632
-16.4033
-20.2753
-22.5319
-21.6116
-20.6414
-13.0374
-10.2823
-6.9009
-4.0801
-3.7325
-16.7420
-16.3741
-12.7361
-15.3188
-11.8987
-6.1328
-4.5866
-5.8603
-11.5476
-13.2706
-5.2056
-3.7983
3.1610
1.4835
-12.4622
-13.8142
-7.7058
6.6047
4.8617
9.7611
4.5140
-1.9787
-5.8282
-2.3743
-3.8210
-2.4491
0.6600
-1.0316
-1.0256
-0.7541
-0.3758
0.2709
0.0599
-1.1110
-0.6703
0.1937
1.6838
2.3359
1.3227
-0.0920
-0.6349
0.2271
-0.1891
2.3278
3.8185
-0.1882
2.2374
4.7646
5.3546
8.0635
6.9074
1.1678
1.2211
2.0188
-1.3237
-0.9577
-1.6623
-9.5329
-6.5527
4.3759
10.4345
11.2542
16.4235
14.0948
11.0672
10.7642
6.0076
7.4576
14.0924
13.5764
6.9708
0.7819
-3.5558
-5.8196
-4.9931
-4.9657
-3.4109
-3.5954
-3.2427
-4.2504
-6.4216
-4.5152
-4.8206
24.9769
26.3680
7.3757
-6.2188
-9.1538
-6.9641
-13.8841
-20.0755
-20.7121
-20.4262
-18.4960
-18.6711
-20.7134
-16.7246
-12.4086
-3.5011
-2.7942
-6.1713
-2.9692
1.8567
0.9825
-0.5522
-3.3373
-1.4209
3.9281
11.2037
14.5512
6.4363
10.7759
8.7533
4.4405
1.6290
-5.9708
-6.0477
-5.6263
-4.1990
18.1809
17.3013
4.9502
1.8893
34.5684
46.4617
31.1144
16.6790
8.0869
-0.0781
-0.9129
1.7842
-1.9319
-1.5343
2.9503
1.3126
-4.1777
-1.3308
-0.1072
1.7519
1.4498
-7.9588
-11.4781
-11.2862
-10.2602
-12.2819
-6.8884
-5.5076
6.0896
8.1080
9.9036
19.3557
27.9017
22.7511
13.8737
11.4402
16.7319
25.8743
15.6426
2.8182
4.7856
7.5866
3.6334
-2.5396
-6.6078
-4.7354
-5.0777
-9.5456
-7.0226
-5.5431
-6.7201
-2.9086
-1.4167
6.4590
8.9614
12.3439
6.7392
-1.6031
-4.2809
-4.7607
-8.9683
-14.1323
-11.3517
-4.4626
-5.8443
-6.2508
-5.7343
-4.7795
-3.1861
-0.3627
-0.4630
2.3005
0.7285
-0.8874
-8.8601
-16.8334
-15.6448
-9.2683
-11.6814
-14.1200
-9.1460
-2.4047
-0.4553
4.6554
17.5297
8.4705
-0.4375
-7.5196
-3.1975
9.6082
17.9419
13.4464
10.8773
15.0213
10.7151
6.1412
21.2656
25.8375
20.0468
16.0887
28.5456
30.7651
25.2778
13.5216
7.9877
10.9292
17.9298
24.8822
12.0587
6.5454
7.1045
2.2637
-5.5591
-5.0818
-6.8684
-7.7802
-5.5075
-8.5566
-1.8415
9.5277
9.3049
4.4364
6.1766
15.1068
7.0933
4.1409
-0.8813
-2.4140
1.1964
-3.7427
-12.4566
-13.2932
-13.8802
-15.3074
-20.2048
-20.0107
-14.9076
-11.0588
-1.8600
1.8826
-4.4177
-12.0688
-20.3773
-32.0171
-37.6295
-31.3176
-26.0765
-14.7744
-8.0325
-6.8457
-8.3649
-6.0125
-3.3156
0.8893
5.9714
3.5803
-0.7523
-7.5950
-12.1313
-10.5658
-5.3606
-6.3225
-7.3306
-4.2896
-7.3066
-6.9660
-4.5565
0.8125
-0.4387
0.1084
-0.1709
-0.1830
-0.7149
-1.0462
-2.0480
-2.6263
-1.0188
-0.3894
-0.1997
0.2838
-0.4379
4.3718
-2.9788
-15.6295
-5.0844
-7.2747
-6.9123
-7.6845
-7.3606
-1.4918
-1.2427
-0.0270
-3.6765
-9.7549
-9.3180
-6.2337
-1.9066
2.9574
0.9707
-5.4481
-9.3533
-4.8143
-6.8062
-14.2458
-15.3601
-6.3686
-3.2691
-2.1725
4.4102
7.3089
7.5222
-4.7206
-10.9987
-6.9834
2.4210
10.5112
9.0122
6.7209
6.5424
6.4507
9.1316
15.8862
14.1561
11.1886
9.7391
2.8656
-7.4992
-9.9553
-3.6789
4.5396
7.0268
2.6935
-1.3033
-0.5857
-0.6883
1.1958
-0.0145
0.0030
0.2640
-1.7800
-3.7789
-4.1957
-1.9028
0.3439
-3.0505
-4.9700
-3.8012
-1.9239
-2.5644
-4.8013
-3.6847
-4.6135
-4.8503
-5.3928
-4.8296
-1.6652
-3.9624
-3.7508
-5.2196
-3.5424
-0.1726
-0.1579
-0.0485
-2.0178
-0.0519
-8.2095
-5.9111
-3.6195
-3.1379
-0.3550
-1.5408
-1.6723
-5.7060
-12.5510
-16.1930
-19.7102
-17.9155
-11.2819
-9.9525
-10.2887
-9.5356
0.5013
-2.0056
-10.3946
-17.5004
-15.1716
-15.0768
-12.1477
-5.2334
-3.6271
-4.7137
-6.4427
-3.8016
-1.6658
-3.0775
-6.3749
-7.9619
-6.4074
-6.4555
-12.9833
-15.9131
-12.1480
-10.9261
-10.9939
-8.6504
-8.6293
-11.3067
-13.0058
-11.2286
-10.8180
-4.8273
-3.1813
-7.3029
-6.2047
-8.9189
-14.8408
3.2415
3.6241
-5.3742
-2.5554
4.0942
6.5060
3.0159
-6.8749
-9.8945
-4.4952
0.8073
14.0798
21.9555
11.1315
-1.3875
-8.9270
-6.9027
-3.4586
-1.0054
-6.4426
-11.4683
-14.2219
-9.9642
-2.2387
-3.1381
-3.0929
-7.8169
-11.2288
-10.7925
-9.2282
-5.7327
-6.8735
-4.1820
-3.7228
-2.7251
1.7798
7.6151
-3.3268
-11.7304
-14.3379
-13.8989
-10.7845
4.0714
34.4343
32.5662
13.1752
-4.9725
-12.1403
-14.7615
-15.4378
-11.6834
-5.9635
-5.0879
-7.2242
3.2015
4.0822
-1.4032
-7.2654
-13.8319
-17.3086
-4.4884
11.9918
19.2013
9.8804
1.7952
-2.1728
-6.2797
-9.8952
-13.1478
-7.2727
-10.3216
-12.3077
-10.8156
-9.4384
-3.7787
-3.3374
-5.2602
-1.8743
-2.1598
-8.0141
-9.8775
-20.9492
-20.6516
-21.4033
-15.7778
-7.3371
-12.0315
-14.5109
-2.6528
7.3181
12.3480
16.1687
10.8986
0.9687
-3.9915
-3.3015
2.4462
24.9222
26.6437
14.9222
5.1299
8.0091
19.8070
30.3067
31.5715
20.1208
2.3699
-3.0936
-7.7508
-11.4402
-15.5924
-17.5091
-21.7352
-19.2745
-15.9745
-6.3359
7.9183
10.1384
-1.1651
-10.2936
-11.8111
-10.1045
-9.0498
-1.4640
-1.2080
-4.8088
-6.9995
-1.9039
-1.0955
-7.0368
-11.0428
-13.5215
-16.7335
-15.7354
-11.5371
-7.3956
-5.7859
-6.2095
-6.9263
-7.9236
-7.8534
-3.5031
-1.4187
7.5140
10.4508
11.9519
16.1149
12.6573
4.4739
-1.5793
-2.4059
-2.5197
-2.4834
1.7950
4.2421
4.9919
6.8557
4.7312
-0.5654
-4.3033
-1.9264
3.2358
6.9437
5.8173
4.6645
-3.2480
-5.4612
-0.9051
5.2424
-1.4981
-10.2681
-9.6708
-8.0652
-9.8153
-7.1846
-6.1934
-7.6471
-7.0582
-13.7707
-13.7085
-21.3652
-23.3873
-22.7797
-23.2594
-20.7927
-20.6940
-21.8389
-23.6879
-23.8606
-20.4779
-13.1974
-2.6311
-2.6219
-5.0350
-3.5740
-4.5254
-4.9562
-4.9692
-5.4714
-6.8227
-1.8049
1.1508
2.8271
0.3915
-6.0816
-7.4133
-0.0276
5.1683
4.3065
2.4820
0.6034
7.4225
3.1135
-0.3770
-6.5367
-7.5845
-5.6904
-6.5694
-9.2373
-7.6539
-0.4311
3.5423
3.8212
3.2366
11.7885
15.4803
2.8566
-5.8628
-3.0478
-4.5171
-6.3976
-4.1783
-2.1123
-5.6383
-13.9898
-12.1410
-6.6919
1.8997
9.7012
18.4793
20.3119
24.5609
26.6304
24.6874
29.7921
33.6359
33.0882
32.7725
30.0475
26.1595
18.1491
19.0796
19.6278
14.5952
6.8755
3.6223
1.9849
4.1792
7.5226
7.7742
-0.9552
-2.6494
-0.2632
-2.2878
-2.1812
-1.0458
-0.9145
-1.4745
-1.5948
-1.8998
-2.2331
-1.4402
-1.0826
-1.3672
-1.7275
-1.7527
-2.5888
-2.6748
-2.3244
-3.0278
-3.4213
-2.3922
-1.2029
-3.6212
-1.7483
1.3169
0.3435
-2.0331
-0.5686
3.8384
3.3858
-0.0346
-4.4743
-9.2412
-8.7919
-5.0078
-3.5480
10.5143
12.8045
10.7708
-1.2540
-9.4915
-14.8301
-15.3009
-14.9069
-9.7395
-4.9609
-4.4546
-3.2631
-0.7063
4.6796
1.6196
-3.1152
-0.0062
2.4127
1.6722
5.5460
4.9958
-1.6008
-0.6911
-0.3344
0.9472
4.3210
7.6906
12.4513
4.6512
-5.6465
-11.8766
-9.3954
-4.1918
0.1594
1.0315
5.0194
5.7965
1.0830
-0.8495
-1.2755
1.0953
3.0954
7.8853
2.8227
0.4240
3.6864
-0.9345
-9.1187
-15.8569
-19.8182
-18.7705
-12.6573
-8.7864
-2.2941
4.9769
-2.5481
-6.8843
-4.5970
1.2128
-2.0854
-6.0770
7.4813
1.0810
-2.5987
-5.7798
-13.6877
-18.7801
-17.0750
-12.2938
-7.2674
-1.2468
-3.9448
-11.5469
-7.7943
1.2848
6.7770
6.0752
0.6620
-2.1438
-0.7920
-0.6095
0.4672
-4.2673
-6.2462
-1.5873
-6.0799
-12.0691
-4.3527
-6.3414
0.9391
6.6517
13.6279
-1.2684
-5.5591
-3.6470
-3.0885
-0.3302
1.9178
10.4489
7.3027
-0.6993
-5.8693
-9.7364
-7.5283
-12.6064
-19.1350
-26.1553
-26.3158
-23.3182
-19.2947
-11.2919
1.0908
8.8875
7.5054
5.7980
-2.2790
-1.9615
-1.2887
0.4098
1.7903
2.1056
0.1514
-1.5761
-1.2235
-1.2790
-0.8895
-1.0331
-0.4310
-0.9974
0.0408
-1.0200
6.6352
8.0405
6.3903
1.3059
-5.7786
-12.3802
-9.7581
-5.8704
-3.8243
0.2868
-1.3311
-2.6848
-2.7373
-3.2330
-2.5359
-2.4768
-2.4010
-0.8517
0.3813
-0.2944
0.0983
1.2902
0.0281
0.7500
-0.2899
0.2534
5.9205
1.8716
-4.2634
-2.8450
-0.0226
0.3190
-8.6158
-13.2140
-11.5498
-10.0765
-4.4245
-1.0952
0.7995
-2.7942
-6.7766
-6.8714
-5.1634
-1.4268
0.9324
2.9701
7.4554
5.7480
1.5115
0.3080
4.2737
3.3597
-4.7370
-9.4538
-6.9991
-2.0783
-1.2368
-1.0107
0.6957
0.4119
-1.0888
-0.7160
0.3541
-0.6392
-0.9064
-1.9087
-2.0450
-2.6781
-2.7123
-0.9895
-1.2463
-1.2179
-1.5407
-1.2853
-0.8744
-0.6014
-1.1050
-1.4879
-2.8187
2.9274
10.4797
1.0624
-3.6867
4.3706
5.7061
4.6446
9.4345
8.2367
16.4726
18.5440
16.3608
22.7533
25.1164
18.5606
9.5726
7.6135
11.6764
9.5289
9.2105
2.0297
-1.9966
-6.5833
-10.2273
-3.7189
-3.7484
0.5995
-1.9098
-3.7892
-3.8887
-0.7654
1.9655
-0.5685
-3.4475
-6.3204
-7.9511
-4.4875
-1.5693
5.3512
4.8584
-1.6472
-6.5765
-1.9753
-1.6581
0.8695
4.4151
1.8926
5.6304
3.7361
-0.0452
-4.5963
-13.6367
-12.5492
-10.0332
-6.0999
-4.1514
-2.2811
-1.1984
-2.3271
-1.6843
-0.3717
-3.2359
-8.1945
-14.2375
-14.5090
-15.1193
-13.3375
-10.5868
-8.0754
-9.4386
-7.0921
-2.6919
1.3915
-7.7349
-9.0730
-4.7895
-6.2117
-8.3003
-6.1727
-4.3640
-4.9228
-5.2934
-0.8215
0.0300
1.4376
-3.0751
-1.0048
14.2563
27.3422
30.4138
6.7584
1.8210
3.0937
6.0102
2.7085
8.0016
11.4078
10.8034
12.7435
9.8392
9.7877
13.6455
8.9853
5.8343
14.2272
15.1045
13.1008
15.1119
10.3106
10.7128
7.8338
-0.2965
2.8165
-3.3096
-3.4221
-1.1313
-2.9671
-7.1257
-6.5992
0.0299
2.6019
-2.6407
-2.8789
2.7031
9.9285
15.4634
17.9088
15.7188
11.4181
6.8826
2.8650
5.7630
8.1840
7.5557
3.6864
0.1861
-0.4191
-2.0067
10.3616
6.1960
1.5708
-6.7769
-15.2657
-17.9639
-19.1892
-11.6991
-2.1003
-0.9868
2.7549
4.5904
6.6079
2.7977
4.2699
10.2538
7.8882
6.4108
2.8008
-0.9585
-5.0863
-7.8390
-7.8039
-5.3386
-4.5186
1.7617
2.4263
-0.7048
-1.2005
1.7519
11.9737
5.2432
-0.9643
-4.8941
-6.2051
-11.2419
-13.7969
-14.2190
-9.9815
-7.9642
-9.6738
-7.4334
-5.1030
-3.3858
-2.6573
-1.0663
0.0216
-0.5312
2.4913
1.6551
4.6442
9.2432
7.5556
11.2173
11.6691
11.0045
9.5004
0.6081
1.8810
-2.5607
-8.2968
-7.2055
-3.8872
-2.3470
-5.0018
-2.4968
-1.4010
-2.8951
-0.6257
-7.6368
-1.1744
2.3984
-0.1579
-0.4584
0.5271
-1.2322
-3.5089
-8.4080
-9.5163
-4.7422
-5.7581
-6.9124
-2.9392
9.5728
14.9117
11.9578
4.6491
-3.3300
-2.6158
-5.3139
-1.9978
1.0356
-8.8954
-10.5791
-8.2345
-9.8012
-10.0780
-13.1205
-10.9114
-11.0897
-8.8813
-8.5004
-7.9406
-5.5166
-5.8351
-2.8718
1.6750
-0.4110
2.8025
-7.8291
-5.7575
-2.0234
3.4896
11.7838
8.4248
4.4615
2.9531
-3.4302
-5.3812
-5.1605
0.7885
-0.5016
-8.6918
-7.2817
1.0466
3.7972
-5.2904
-6.4548
-2.2257
3.5559
2.4083
-5.3727
-6.5919
-0.6339
-2.6535
-1.9516
4.3273
8.4032
6.0121
1.5023
1.3226
-0.2885
0.2328
1.2514
-0.1685
0.4278
0.3344
-0.9725
-2.3683
-2.6667
9.5688
2.6564
4.3528
7.4410
8.2191
5.9820
4.4732
2.2801
2.7273
1.9599
-2.3732
-6.0752
-8.6482
-3.9061
4.6400
3.3979
1.4056
3.1722
2.6788
0.5990
-5.6703
-0.1309
-0.0275
1.6037
3.4656
4.4845
1.9175
-3.4395
-4.6704
3.0662
2.2610
3.8246
3.2767
3.6393
4.3988
5.7089
-1.9765
-14.9626
-20.0048
-20.3393
-12.5400
-6.3559
-5.2805
-4.3995
-5.7184
-3.5357
-1.2704
-2.0038
-2.5626
-1.6895
-0.0929
0.1606
1.2626
0.5378
1.4185
1.4130
-1.2020
-1.7993
-0.3754
-1.2967
-0.6363
-0.1333
2.6381
-2.8138
-2.8191
-3.4099
-4.1926
-0.7892
-3.4295
-6.5607
-1.1124
17.2197
10.2224
1.1026
-4.3945
-5.9821
-10.5674
-14.6850
-13.5858
-14.5551
-18.0964
-18.6278
-17.6365
-10.4857
-6.1299
-2.2977
1.4171
1.8748
2.9931
-2.0210
-1.8677
-1.2554
-0.4866
-0.7570
2.5200
13.5968
10.6677
5.9984
3.5503
2.6306
3.6776
1.5509
-2.3891
-1.8272
-5.0244
-5.4948
-2.4589
-3.2247
-3.7947
-5.1745
-6.8837
-3.9126
-3.4682
-7.4395
6.4026
9.2051
1.9787
-1.2896
-0.6173
5.9810

Coefficient 25:
0.0000
-4.7111
-6.1240
-3.6487
1.1772
5.7837
5.1946
-1.9842
-1.9506
-0.8008
1.2457
3.8178
6.2859
11.3666
6.4174
-1.3494
-3.2803
-2.3668
0.3536
-2.0624
-5.2875
-9.0407
-6.0544
-4.1890
-1.7048
6.6188
9.9105
6.3479
-0.2011
-0.5311
0.9499
-3.8661
-6.8198
-7.0902
-5.0770
1.8650
0.4612
-4.5165
-7.0937
-2.9484
-3.7619
-7.8677
-9.1397
-1.6396
0.3786
4.4818
4.9573
4.6106
2.9976
3.2980
-2.9313
-4.6663
-6.2622
-6.4951
3.7418
0.1387
-6.0474
-6.8965
-7.6866
-13.8481
-12.1472
-12.3439
-11.2981
-10.2007
-1.8415
7.6388
18.1211
28.8664
33.8125
34.5563
38.6308
40.1961
38.3566
25.4608
8.1405
-0.2019
-1.3044
-4.7232
-8.3482
-13.6695
-23.5827
-24.3291
-18.6773
-16.4440
-15.3452
-2.6627
4.5058
0.5718
-1.4437
6.0904
6.1699
3.2263
-7.9922
-18.0450
-18.3137
-13.3756
-2.9716
-0.9962
-4.9947
-12.0398
-11.5056
-15.2270
-22.8205
-18.5801
-15.1798
-18.8451
-12.3513
-7.8822
-9.1357
-16.3413
-15.8434
-15.1424
-20.0439
-19.7073
-12.5118
-12.0547
-10.9213
-8.0042
-6.2000
-4.4441
-7.3154
-5.5644
-3.9133
-4.8351
-3.5200
-5.5245
-9.9481
-11.1360
-9.1468
-12.3556
-16.1774
-11.8939
-6.9538
-4.7419
-14.9919
-23.2546
-21.7364
-24.7355
-28.1127
-19.9630
-13.3963
-16.3936
-13.1417
-9.8464
-6.2179
-2.5837
-0.4329
-2.9671
-1.3318
-2.0022
-2.5332
0.7291
1.5949
0.2842
-1.6260
-2.7538
-2.7946
-2.7035
-4.8350
-3.1208
1.4891
-0.1735
-3.5116
-2.3001
-1.9257
-3.0577
-4.6179
-6.2382
-8.7762
-8.7822
2.6342
-4.5247
-9.7142
-12.6433
-11.3642
-11.8663
-11.6077
-11.6116
-14.7610
-16.6628
-21.3688
-22.1486
-11.2666
-10.5892
-6.4279
-14.4737
-18.3042
-11.7571
-8.5705
-6.4939
-1.3275
1.4603
-2.4431
-12.7265
-16.0239
-10.6670
-7.0874
-5.6519
-2.3583
-1.4856
-7.5864
-11.5400
0.2847
9.0917
8.9660
3.9374
7.2219
12.9162
5.8557
1.8667
-1.2284
12.2649
9.9555
6.2690
0.7120
-0.9175
-2.7675
-0.9895
2.1267
1.3567
-5.7047
-12.8003
-15.6360
-16.5497
-18.9489
-20.0283
-24.0194
-20.2841
-11.4604
-6.9928
-13.9775
-12.2797
-5.9904
-9.4954
-11.8996
-13.4175
-20.4093
-24.2497
-24.0845
-20.9164
-14.4463
-10.5380
-0.8727
-3.2245
-6.5469
-0.7312
-1.0186
-11.4459
-9.7749
-7.8968
-7.8102
-11.0234
-14.0063
-7.4542
-0.9992
4.7116
6.5051
-0.7841
-5.9350
0.2994
6.0545
11.1105
10.7199
11.9237
6.4644
4.2773
-2.3376
-4.5273
0.2629
2.0937
-0.0506
0.0333
-2.0520
-4.4161
-3.6760
-2.7245
2.0638
4.4583
-0.4635
-3.5578
-6.0866
-6.6285
-7.1950
-4.8325
-4.7540
-3.8655
-1.1297
1.8101
5.4084
5.0890
3.2805
0.2792
-2.2467
0.8757
0.1863
-0.9557
-0.2839
-0.0418
-1.4849
-1.2464
-2.2537
-4.0823
-2.5573
-1.2915
-3.6818
-5.7534
-5.9450
-4.6940
-3.0849
-4.8962
8.0804
4.3458
-4.4410
-5.3736
-7.2273
-3.0704
1.4405
7.3196
-1.6961
-9.8481
-10.5361
-6.0791
-1.3111
-1.0849
-0.5369
-2.4273
-1.7271
-3.4964
2.9687
3.1589
-2.1097
-7.1708
-6.4585
-3.6951
-1.6762
-4.3834
-9.0220
-9.3906
-12.0792
-9.2701
-10.3058
-14.6199
-13.1207
-3.5897
-12.3609
-10.4802
-4.4332
-0.9953
-1.7164
-1.0312
-5.9395
-11.1377
-7.2568
9.9542
8.0789
-6.4320
-10.8824
-13.5717
-11.4913
-10.6953
-8.0130
-8.5173
-7.9849
-13.2542
-12.0386
3.2366
14.7741
12.5728
7.9989
-0.2518
-4.9041
-3.5101
-4.3318
-4.1671
-3.5457
-1.1290
4.6083
0.4754
3.2734
2.8097
-1.8620
-4.2567
-0.3000
4.4981
5.6462
-2.9722
-1.5803
-2.4148
-1.3389
-0.3938
0.3665
0.1910
-0.8875
-0.3931
0.4750
1.7705
2.4109
1.9777
0.4398
-0.2463
0.5379
-0.8311
-0.0260
1.7763
-0.2865
2.2271
4.6889
4.5077
7.1954
6.0367
-2.8181
-4.8309
-3.5274
-3.0821
-1.3570
0.4876
3.8332
-3.5628
-4.8787
0.3752
2.2961
7.0462
6.0721
5.9363
1.9706
-2.3904
-3.7297
-2.1853
2.3191
2.4317
0.6029
0.4573
2.1709
3.1137
1.5134
5.0776
1.0489
-4.0757
-2.4285
-3.9407
-1.3615
-3.9961
9.6348
16.9923
6.8076
-1.3272
-10.4488
-10.2088
-11.2824
-13.0021
-14.9358
-12.3402
-15.9490
-14.8230
-13.4816
-14.4735
-10.7122
-0.8683
-0.4158
-7.9800
-8.1373
-8.3250
-12.5679
-6.5133
-1.3910
-3.3561
-4.2690
1.6630
-4.5477
-6.6126
3.2747
10.0379
4.6329
-7.6299
-8.8394
-16.0847
-13.2124
-10.2634
8.1015
18.8208
15.6595
7.6508
28.3904
31.4510
14.3257
5.8061
6.3916
4.5322
-4.5224
-7.0949
-10.9466
-15.1833
-13.1572
-8.9357
-6.5225
-4.1293
-7.4783
-18.8533
-22.1219
-26.0484
-27.8756
-23.5379
-18.2281
-13.3740
-14.3497
-11.1590
0.0646
-2.2031
-15.9579
-9.8292
2.9453
1.7490
-5.9501
-5.2295
4.7170
18.3180
12.4244
0.3491
0.7336
7.3145
1.6231
-15.4491
-20.4939
-20.8155
-18.7635
-15.2723
-15.5560
-16.4512
-17.2515
-13.0722
-5.2094
19.3098
9.4699
-4.5867
-15.0916
-19.2500
-18.7369
-15.9298
-11.6772
-12.4014
-14.5403
-10.6486
-13.7771
-10.6268
-16.8168
-23.3995
-20.0998
-25.2866
-20.1425
-9.2788
-1.1904
1.3674
-1.3032
-3.2389
-8.0458
-11.5790
-9.7075
-3.2774
2.1527
4.5441
2.3033
-10.8764
14.2558
18.8034
8.9223
2.2091
11.4327
25.7153
23.7203
6.1954
8.9900
14.1774
11.3805
5.9909
1.7994
-0.2489
2.8249
5.7662
7.3396
7.4695
8.1467
2.6683
-5.4037
-3.0113
12.9715
34.4261
30.7529
16.2468
3.2952
-0.4875
-6.5375
-9.2430
-11.4076
-9.6674
-11.1996
-10.1638
-7.7662
-10.2279
-10.1616
-7.3366
-6.3196
9.2202
1.9815
-9.1818
-17.7568
-21.2311
-17.3178
-15.5832
-25.7210
-19.9681
-17.8506
-15.0710
-9.6823
-5.6421
-3.7698
-4.9432
2.6755
14.0026
10.8950
-2.6396
-12.2371
-17.6444
-13.7489
-12.0613
-13.9036
-15.8819
-16.6353
-7.7249
-1.9811
-3.1308
-4.0635
-0.8406
6.4481
-2.6126
-4.0651
-4.0250
0.6733
-0.0403
2.2605
1.7863
-4.1478
-7.8041
-3.3094
-0.9359
-0.8201
-1.3238
-0.8806
0.3855
-0.1371
0.0577
-0.4613
-1.0818
-2.2927
-2.8204
-1.0910
-0.6173
-0.5879
0.2954
-2.7709
-3.6619
-7.0720
-12.4725
-13.1141
-8.7224
-6.1862
-7.4978
-9.5821
-0.3885
-5.4550
-9.1086
-4.0694
-4.1400
-10.1342
-9.7130
-8.2616
10.1179
6.6719
2.1763
1.9507
0.8100
-2.3917
-10.1591
-10.1896
-13.1819
-12.3374
-12.8597
-11.8200
-8.5599
-3.6872
-2.7151
-7.8360
-9.2509
0.0583
-4.3234
-8.7391
-7.2216
-10.4735
-13.7128
-12.2737
-4.9934
-4.2216
-3.7145
-5.5729
-10.6556
-8.3713
-7.0407
-4.5854
2.6650
7.4212
3.9931
-1.2269
-3.4068
-11.8705
-13.4154
-12.9709
-12.4365
-6.1859
-2.4509
-2.9196
-3.3841
-5.3315
-3.2804
-5.0035
-5.0427
-3.0247
-1.3703
-1.7199
-3.4848
-1.2741
-0.1412
2.6734
3.1116
1.8761
-0.6998
-3.3521
-3.0019
-4.6087
-6.5353
-0.2704
1.8560
4.6742
3.8888
3.4220
1.0501
-1.6613
-3.5404
-2.0480
1.0552
-0.7554
-3.9204
3.8387
4.6844
5.2490
1.6816
-1.4097
-1.4800
0.0391
-1.7067
-2.8629
-10.5705
-11.9701
-2.6713
3.8715
6.5454
11.3143
3.2462
-2.3650
-4.1267
-3.0323
-6.5200
-4.8188
-10.7044
-3.2405
-7.7497
-9.4816
-13.1468
-13.1349
-9.9039
-6.1967
-1.9948
-4.2402
-7.3891
-5.4790
-3.6751
-2.4689
-1.2943
-4.1795
-8.6956
-8.3735
-7.0311
-4.5932
-0.0708
-2.8691
-6.3426
-0.3817
-5.6996
-18.4998
-22.2735
-18.3759
-12.9692
-8.5366
-5.4929
-1.4059
12.8310
22.9565
32.8220
37.2672
20.8375
7.6560
-8.7233
-11.5180
-7.0240
-6.9249
-7.6279
-6.8793
-9.2558
-5.2739
-5.7527
-10.8867
-13.3516
-16.4879
-15.2285
-5.2154
1.2140
-7.6818
-16.4517
-21.6235
-18.3204
-17.1225
-12.1969
4.0607
1.8137
-4.7318
-9.9412
-7.4530
-4.7816
-4.1689
26.6853
29.9305
21.8386
15.6355
9.2095
6.4960
7.3914
3.1137
-7.1757
-15.6898
-8.1370
0.0098
6.1247
8.5882
8.9763
3.5323
0.4233
14.8845
31.9605
36.6799
27.6473
12.3808
0.1278
-6.8890
-14.6945
-18.7395
-19.4362
-20.7600
-16.6291
-11.2592
-13.8545
-7.8420
1.6943
3.3128
5.8239
2.7886
0.1006
-3.4872
-0.7704
-0.1736
-8.5935
-8.1135
-6.3336
-8.1980
-9.9141
-12.4871
-16.6241
-20.4121
-16.9961
-13.1118
-16.0381
-11.6311
-4.8793
8.5117
25.5544
18.6926
6.3781
1.4066
5.9880
17.6324
30.7642
41.1244
43.3090
26.7643
-0.0464
-13.7162
-21.1789
-14.2893
-7.3463
-4.1881
1.4113
4.9025
13.1850
1.7619
-12.8538
-17.3127
-19.7366
-21.1235
-17.3560
-11.0455
1.6975
2.3298
-5.9179
-8.1796
-8.5726
-0.9256
5.4591
-2.8694
-9.2138
-7.9264
-3.8744
-11.3158
-12.7678
-11.4856
-9.8816
-7.8405
-6.2111
-4.1356
-3.3054
-4.0360
4.1772
2.7177
-4.2938
-9.8495
-15.9077
-26.9149
-30.8831
-29.3878
-24.2888
-20.6384
-22.4494
-24.9453
-24.7561
-25.4833
-27.5223
-28.9230
-25.8671
-19.4728
-10.9036
-16.8332
-12.8074
-9.8955
-7.3332
-4.6178
-1.1359
-5.6212
-12.2598
-13.0492
-10.4074
-9.3123
-3.4623
-1.0050
-3.0357
-3.9452
-8.3758
-15.8558
-15.5702
-18.7410
-18.7160
-17.6341
-16.3053
-17.0283
-17.1753
-17.8019
-12.9994
-11.4121
-13.1413
-14.3057
-12.5183
-12.0492
-14.4579
-19.1411
-18.0423
-11.3145
-7.4390
-6.8669
-6.4840
-3.2590
-2.1855
-2.0179
3.0268
4.5956
4.8713
6.7466
4.6643
3.8154
1.7069
-1.8961
2.5971
1.8063
-1.6715
-1.7288
-2.6090
-2.5470
-5.7017
-10.3533
-5.9465
-0.4688
-4.4450
-6.6253
-5.7515
2.2445
6.3474
4.2649
-2.4930
-12.3686
-19.5694
-24.7173
-14.2114
-9.2334
-12.1046
-2.9672
0.8641
-0.3833
-2.6305
-0.0350
-2.7398
-4.1182
-2.8753
2.1108
8.4162
12.8038
18.4217
15.3448
11.3595
15.2862
16.4911
19.7609
23.6516
26.9613
26.7897
12.9764
6.5586
8.2473
8.8170
6.9522
7.7731
0.5581
-1.7751
-2.4927
-2.0530
-1.9969
-0.9599
-0.8237
-1.4202
-1.4553
-1.7492
-1.9356
-1.1721
-2.2232
-0.7484
-1.0796
-0.1036
1.0875
0.3922
-2.2590
1.7905
-0.0327
-3.7957
-4.6996
-6.7066
-10.2829
-13.5821
-15.7273
-18.7934
-18.4604
-15.9950
-19.8024
-21.5710
-20.1390
-15.3994
-8.7698
-7.7083
-6.7412
1.8956
1.5501
-2.9559
-4.5636
-4.8078
-3.7987
-7.5360
-9.1231
-1.5332
-1.8233
-4.5075
-3.9383
-3.9403
-1.5572
-2.8341
-6.9916
-4.2616
0.4898
3.3276
4.2091
3.7421
-1.5212
-5.1954
-3.8773
-5.3513
-7.1383
-6.4404
-2.3031
-5.2283
-2.9247
-2.8933
-14.5335
-16.5084
-10.2029
-8.3973
-7.4241
-6.3367
-5.7268
-6.6138
-8.6469
-10.5154
-13.2103
-7.6007
-1.5080
5.2568
6.0301
-0.3418
-4.0577
-6.6556
-5.3461
-5.8383
-4.7194
-4.0448
3.3529
15.9062
5.4099
1.3056
-5.2521
-5.9331
-7.2221
3.2559
27.4201
21.3890
8.7163
3.0241
1.9479
-0.7412
-4.7591
-9.1497
-13.8173
-10.8351
-8.9321
-10.4336
-15.4794
-8.7839
-11.3714
-15.5651
-18.4905
-16.6367
-8.7714
-6.8160
-3.4094
-6.3453
-5.5343
-5.7829
-5.5092
-2.3219
7.4483
8.3183
5.5303
4.9068
3.9456
2.0609
-4.3531
-6.7859
-2.3688
10.4201
3.8955
8.0327
13.2647
14.7117
10.8456
9.8277
0.9091
-5.9272
-2.3123
-8.0468
-17.8635
-19.7483
-19.4255
-15.7099
-11.5741
-3.4780
-5.5273
-9.2295
-1.1621
-1.8734
-1.3075
-0.1021
-0.1448
-0.9005
-4.9641
-5.1430
-3.8359
-5.0894
-6.2207
-7.3823
-8.0276
-8.0627
-1.9623
3.1028
-2.9002
-1.9195
7.8700
9.3403
3.3393
-1.0339
-5.5280
-6.9165
0.8312
4.7326
0.7080
-0.6048
-2.7091
-2.9058
-2.3429
-2.3327
-2.3473
-0.8535
0.3066
-0.2661
0.2930
1.4928
0.6264
1.3987
-0.0043
-3.3874
-5.2931
-6.1976
-3.5424
-2.7873
-3.3852
-2.1642
-8.2097
-9.7656
-7.2363
-4.8703
-3.8780
-8.4964
-9.6783
-9.7875
-10.1096
-9.8349
-8.6797
-6.8529
-4.7194
-6.8196
-8.4959
-12.5710
-16.7801
-16.6081
-11.3876
-6.2882
-6.2392
-6.5761
-9.6874
-9.1941
-4.9517
-1.0365
0.1321
-0.2095
-1.5626
-1.0027
1.3582
1.2708
0.4752
-1.3676
-2.1200
-2.4482
-2.3415
-0.8956
-1.2474
-1.1853
-1.6623
-1.0484
-0.8324
-0.7885
-1.1431
-1.5272
-2.8430
-0.4376
0.4272
2.6658
0.1275
-6.7498
-6.1583
-7.1392
-1.9117
0.2131
1.6806
3.3885
14.8627
26.3724
30.0292
30.7127
19.9566
12.5220
16.7289
12.6499
9.3798
10.6845
7.4570
1.1093
-6.4076
-9.6998
-10.9224
-5.1974
-2.6117
-2.9686
-4.5277
-4.0806
-4.0816
-0.3692
0.0010
-1.8841
-3.0183
0.2340
0.3889
4.5623
1.8925
-0.7337
-8.8704
-12.8561
-12.7277
-15.0005
-8.7720
-12.6506
-18.7222
-6.6800
-8.1543
-15.9822
-21.5903
-14.6983
-11.7917
-10.5253
-8.4736
-7.5220
-8.8308
-11.1677
-11.6229
-9.4710
-10.7668
-11.8647
-6.9017
-13.3251
-17.5855
-9.6852
-2.5740
-0.0858
-2.5889
-2.8183
-0.1534
-3.8856
-4.8790
-1.2475
-1.5377
-0.6477
-7.9659
-6.5691
-1.0147
1.7917
3.8181
2.3904
-0.4942
-0.6445
-5.2548
7.7722
28.4624
33.6823
45.0695
27.3752
13.2300
2.5021
-0.9440
-4.6716
-8.3810
-7.4039
-7.1518
-9.7659
-14.3743
-13.2453
-8.4715
-9.9090
-9.8735
-5.9013
-1.4232
-13.2874
-22.1853
-25.9309
-23.5793
-17.8428
-18.7202
-11.5000
-13.2088
-8.4049
4.6985
4.3757
1.3641
-0.3349
-2.0527
-7.6840
-0.7506
1.1642
-6.0176
-13.3141
-11.9192
-9.6869
-12.6981
-12.1202
-10.5611
-12.2746
-13.7903
-13.9741
-16.4523
-18.2471
-12.3986
-3.5606
-1.5611
6.9560
7.0848
-0.7820
-9.0728
-3.5955
-4.5598
-7.8059
-11.6000
-8.5045
-8.5236
-3.5008
-4.7007
-8.0768
-13.0189
-18.9909
-20.2229
-15.2145
-10.9922
-1.7284
-4.1938
-4.3435
-2.4556
-2.0411
-2.2820
-7.1982
-9.7681
-12.4539
-12.6860
-14.8557
-8.0964
3.0061
-0.9894
-1.0729
-3.0341
1.9175
5.6905
4.7010
0.6311
-3.3215
-2.0243
-3.4015
-3.1267
-8.4281
-8.4879
-10.0499
-13.5613
-16.8008
-15.1709
-10.7134
-10.3715
-13.3612
-11.9830
-8.2108
-1.6942
-0.4841
-0.6456
-4.9712
-5.7214
-8.4551
-3.3272
0.4195
-3.2023
-1.1240
1.8078
1.9832
-3.2848
-9.5524
-11.4119
-8.0945
-6.7782
-6.6969
-10.8777
-14.0338
-11.8032
-7.8510
-9.0089
-14.1076
-17.0906
-14.6104
-9.0266
-4.4680
-0.9085
11.9830
25.8012
26.6169
26.9915
23.7999
7.4543
5.4849
5.4101
1.7486
-6.4828
-2.1436
7.8766
3.8353
-3.5084
1.6056
1.5761
-0.3708
-3.9134
2.2970
5.5897
3.1845
-2.3231
-4.5178
-4.3730
-0.1921
-2.3787
0.2662
6.2092
8.6389
9.9966
14.9178
11.6778
7.0820
2.3799
-0.5846
-3.0321
0.8755
-1.5922
0.4005
0.2663
-3.8246
-10.4073
-7.5198
-5.6772
-7.2318
-3.7225
-0.6603
-0.1058
-2.4757
-4.5283
-7.4011
-13.4294
-12.5820
-11.3323
-11.7026
-12.2320
-8.4571
-6.4538
-1.9420
0.9577
3.0441
1.7352
0.0490
0.4721
0.2637
-0.9721
-2.2379
3.4305
11.9375
3.9420
-2.4406
-4.8741
-12.9096
-17.8445
-12.6812
-11.2464
-6.4411
-4.9564
2.7762
8.5207
9.4465
2.0300
-11.9883
-10.5457
-6.7996
-2.9248
-0.7504
-1.0302
-2.4403
-1.8082
-3.9328
-7.8850
-11.1162
-11.7873
-8.9472
-6.3491
-2.3840
4.1533
0.6069
-2.6168
-6.3172
-8.2762
1.3674
3.0648
6.8911
4.3645
-2.1091
-6.2587
0.4326
4.8417
6.5342
5.1705
1.1294
-0.0745
-1.1421
-2.1911
-2.3970
-1.3254
0.1815
0.5212
1.4993
0.6586
1.3445
1.3017
-1.2573
-1.9222
-0.7083
-1.2125
-0.5794
-0.3540
-3.8888
-8.3667
-5.6150
-7.1219
-6.5688
-3.4459
-1.1625
-4.9749
-4.8486
2.1490
4.0532
6.2054
9.4731
9.0171
2.4663
-3.4328
-2.6338
0.5526
-1.3299
-3.3201
1.2799
0.4093
-0.2658
-4.2574
-3.4668
-0.2045
1.5077
0.8662
-0.4744
-1.2159
-0.0101
-0.1966
-1.7515
-0.0323
6.5949
0.7340
-2.1058
-5.5066
-4.0615
-7.7748
-11.8673
-3.3702
-0.3368
-4.0123
-1.9895
-0.8756
0.3405
-2.6379
-7.3227
-7.2895
-3.8896
-7.7228
1.7716
3.0233
2.7435
-1.4532
-3.9542
0.0897

Coefficient 26:
0.0000
-4.0956
-4.7268
-5.0934
-1.6171
4.0380
3.9147
-1.6011
-1.9892
-2.4541
-0.9017
0.6747
2.1013
7.6473
5.1022
-1.3899
-0.1606
-0.9410
-1.0283
-2.2771
-4.4187
-4.3766
-1.6967
-1.1224
-0.3487
6.1638
12.5855
7.4521
1.4120
1.7106
-5.6803
-9.8237
-7.6474
-9.5388
-5.9786
3.1985
7.1541
10.9018
3.9504
-3.0041
-6.0794
-10.7281
-13.6218
-11.6629
-7.4853
-1.0429
-0.0385
1.4034
1.6475
1.0088
1.2877
0.0953
-5.9504
-7.6525
0.5326
-5.4306
-3.5843
-0.4120
7.3015
2.9783
-0.3730
-9.4285
-5.3491
5.3537
18.2184
29.3708
29.8441
33.4322
31.3572
17.6020
13.9830
16.6880
25.3485
30.3134
21.9889
7.3669
1.2318
-10.1680
-16.5425
-18.7580
-18.2974
-18.2782
-18.5820
-20.0732
-21.4549
-12.2707
-0.5377
5.4501
7.8740
8.9287
1.7038
3.5224
6.1911
1.3694
-1.4158
-5.3917
-8.1330
-6.1964
-5.8208
-14.3106
-14.0748
-12.3572
-4.2110
-2.7679
-4.6668
-21.5191
-23.3154
-14.0184
-10.6510
-11.5969
-10.3842
-2.9143
-0.3638
0.0288
0.1292
4.6206
0.9765
-1.3248
-1.2003
0.8889
0.0930
-6.9047
-6.8921
-5.5907
0.4815
-10.8116
-10.3047
-7.3875
-3.0018
-6.7921
-5.6245
-1.4479
-1.0963
-0.0244
-4.5919
-10.9277
-9.5172
-8.5290
-7.8811
-4.7142
3.0407
3.8636
2.3828
3.6637
8.1936
7.6375
2.3431
-1.5289
-5.5611
-6.0806
-2.6980
0.8841
-0.2752
-1.8800
-5.3891
-6.3562
-2.5599
-2.6992
-3.7753
-2.2223
1.7982
-0.0701
-3.0443
-1.9859
-1.5661
-2.2405
-5.2853
-0.5512
-0.4916
-2.5858
7.3366
2.7926
-1.2533
-4.8828
-6.3230
-8.6986
-14.0420
-15.4035
-16.0284
-15.8676
-13.8214
-12.3618
-8.5619
-11.5964
-8.6837
-13.0376
-20.7570
-19.3343
-16.1252
-4.3853
2.3476
-0.7729
-4.2701
-10.9682
-12.0925
-10.2965
-9.8747
-6.2718
-12.2065
-17.5143
-15.4042
-13.6749
-13.3141
-10.2832
-8.7591
-9.0288
-6.5176
-1.5183
0.6019
0.1141
-1.1966
10.6283
8.0864
4.4079
-0.1392
-0.5000
-2.1342
-1.3831
1.5214
1.2212
-7.0031
-6.9320
-4.0094
-4.6915
-10.1801
-10.8965
-8.7490
-6.5897
-1.9538
-4.5133
-8.0035
-8.3024
-6.0007
-5.9206
-5.0822
-1.4309
-3.5697
-6.4539
-2.3518
-5.7925
-10.8273
-8.7767
-6.8546
-8.6846
-6.8178
2.5300
8.1857
-2.1420
-3.8578
-6.8644
-4.8963
-8.3909
-14.8149
-10.9860
-9.6827
-6.2185
-2.1759
-5.2202
-9.2279
-5.0975
-1.1833
-1.2451
-4.2511
-4.9017
-1.4692
-3.4709
-11.9674
-16.6591
-16.2927
-15.8506
-13.0873
-9.3577
-6.3246
-0.8514
-1.3018
3.6891
13.4474
15.6942
13.1073
12.1867
10.3362
10.3088
8.1238
7.2288
7.0666
7.2960
5.8717
4.7248
3.7547
-0.3760
-1.5437
-1.4555
-3.1608
0.4505
0.2609
-0.7489
-0.2229
0.2453
-1.3277
-0.6637
-2.1423
-4.8814
-2.4826
-1.3846
-3.2031
-4.5190
-4.5200
-3.8484
-2.6364
-3.1506
1.7688
0.8347
-5.9625
-4.6742
-8.7220
-3.5016
2.1851
1.3539
2.1405
-5.8812
-14.6686
-18.3227
-12.3240
-13.6385
-14.6141
-11.3177
-7.9924
-7.4720
-3.3198
-1.7729
-11.6351
-16.9887
-17.4585
-14.6461
-6.8006
-4.8231
-7.2714
-11.2744
-14.9898
-3.5384
11.0070
11.0672
5.4746
10.2534
-1.2308
-3.8653
0.9598
-1.5631
-5.8889
-5.2316
-9.0336
-14.0706
-12.7759
-3.6918
-1.5338
-3.8856
-0.9938
8.6828
4.0928
1.6946
1.7405
-4.3157
-3.9335
0.4200
0.2344
1.4092
10.7118
10.5981
4.9576
-7.5605
-8.0108
-0.7664
2.1251
17.6838
17.4809
14.0219
12.3911
-4.1931
-8.3927
-3.5266
-3.3325
-2.6083
-3.8897
-9.7287
-7.8490
-1.1569
-1.6573
-3.7892
-2.6747
-0.4596
0.3584
0.2449
-0.6589
-0.1075
0.2532
-0.1874
0.1299
0.3316
-1.0449
-1.2110
0.5111
-0.5585
-0.0035
1.6285
-0.1945
0.8441
2.8399
1.4538
2.5870
2.4757
-5.4092
-8.3615
-6.9485
-3.4337
-1.1164
-1.6510
-5.9411
-0.7313
4.1782
16.8772
24.0931
17.1175
10.8870
8.4480
6.0270
4.4295
3.3266
7.8099
11.6188
9.2748
4.4883
2.4226
2.0820
2.2911
3.5405
8.2371
10.9634
10.2904
7.1177
1.5410
-0.8278
-1.6931
6.0013
20.9549
23.1866
14.9206
1.6598
-5.7279
-3.2175
-3.4712
-7.1903
-3.0767
-3.4906
-4.5699
-6.9971
-6.0702
-2.1038
1.7805
2.8409
-3.2601
-8.6019
-7.5752
-8.7501
-8.8021
0.2742
5.0725
0.1696
3.0143
-2.3081
2.5143
19.6281
31.2803
23.5742
3.9293
-2.2506
0.6781
2.5239
10.0371
21.7336
32.3615
27.2627
9.7377
17.8328
24.3073
20.5703
23.4408
28.7043
19.9890
6.8216
0.2698
1.4630
2.4186
11.5976
11.8023
1.6146
-3.3285
13.8999
14.3355
9.9222
6.0923
-1.8801
-3.5558
4.6316
6.7867
-1.3358
2.1470
9.2201
9.2445
3.6345
9.4464
22.2018
15.6261
6.6757
7.7970
17.3761
24.7649
21.5958
9.9743
3.1893
7.7345
13.9449
5.6116
-3.9451
-4.2578
-7.6883
-7.3722
-4.3345
-0.8792
1.9744
3.2641
8.7854
36.9016
35.4821
26.6215
13.4620
6.7967
-5.4218
-10.2133
-12.4982
-14.6011
-18.4895
-21.2501
-19.7486
-14.0296
-12.0756
-11.0753
-11.6511
-6.8464
1.7439
6.0361
6.9314
7.3199
8.0250
15.6604
24.4737
23.4995
22.1606
19.1083
12.4508
3.6083
1.5854
8.7217
29.5478
31.8423
21.5953
13.9823
18.0903
25.4974
20.3071
14.6631
15.0681
15.7478
18.0996
19.5266
3.8998
1.2139
4.1858
0.0905
-0.5930
12.0647
19.4154
17.7337
16.5559
12.5480
21.5785
42.7967
46.4323
35.3127
18.2756
9.6280
0.6433
-4.2322
-5.5104
-7.7159
-8.5571
-9.4192
-9.0720
-2.2093
-1.6445
-5.9785
-11.0239
-1.0487
-0.6386
1.4003
-1.9944
0.8926
-2.8396
-12.4525
-15.6026
-10.2908
-4.0615
1.4775
5.9796
10.1722
8.2951
9.0690
20.3225
27.5153
20.3997
2.5819
-9.3667
-9.2270
-6.9029
-4.1991
-3.8437
-8.0840
-1.6594
-0.7537
6.0838
3.6113
-0.0304
-2.9815
-5.0528
-7.7955
-11.0468
-10.3028
-11.0724
-14.6960
-13.0297
-9.0677
-9.2942
-11.2773
-6.3185
-5.7557
-9.7782
-7.6782
-0.2934
0.6429
-0.1038
0.2478
-0.2650
-1.1480
-2.4731
-2.9592
-1.1607
-0.7573
-0.9022
0.2001
-1.3963
-9.6074
-16.8410
-11.0752
-2.3265
2.8605
3.6373
4.8042
1.2928
8.4696
-4.0794
-13.7535
-17.1559
-11.8846
-13.9751
-17.2030
-11.6711
17.2525
10.4183
3.2689
-2.5244
-4.0078
-7.7907
-11.2539
-6.9754
-4.1052
-0.0029
-6.6211
-7.4631
4.3284
-1.5419
-12.5953
-14.4227
-10.0286
-2.6625
-3.7324
-7.8924
-6.7522
-7.6630
-10.6774
-11.1069
-9.0428
-9.6507
-6.6699
-4.8225
-8.1710
-9.0136
-2.0444
-2.1811
-2.5849
1.5063
2.1545
-6.2573
-11.1150
-5.4504
-4.2286
-3.4333
-1.7689
-3.6534
-8.7997
-6.2172
-3.6742
-7.9816
-6.9301
-6.3729
-4.4978
-2.2766
-0.9573
-0.9166
-2.9364
-0.9604
-0.9234
-2.6251
-7.0907
-10.0489
-5.7888
-3.2430
-2.2364
-4.0259
1.4042
3.2105
2.8294
5.1607
3.7203
-10.0184
-11.9574
-7.5011
-10.6606
-9.7580
-5.5091
-3.8650
-0.4284
-3.6484
-8.8079
-8.6385
-13.5489
-14.2397
-6.0369
-2.1910
-4.0523
9.7459
6.1908
3.8417
3.9004
0.2374
-2.5835
-5.5697
-2.7959
-4.4247
-4.5750
-2.5381
-6.6157
-9.4541
-11.7952
-8.2681
-6.1840
-7.5933
-7.8824
-2.9235
-3.4771
-3.8000
-5.2462
-4.7652
1.4879
1.5924
0.4600
0.8129
4.9724
3.6592
-1.1100
-0.5467
2.6054
4.5613
-0.4602
-5.2070
-4.1027
-0.1833
9.4762
10.3314
0.8504
-5.6114
-5.6531
-7.3431
-13.3714
-3.7494
13.5663
29.0571
40.2973
46.6685
36.6495
23.7722
5.7448
-3.8213
-1.4919
-6.4375
-9.4277
-11.0085
-12.0839
-10.4723
-12.2239
-11.6927
-7.5730
-8.9719
-12.0307
-11.9286
-9.5191
-10.4299
-10.6293
-12.7991
-11.7696
-13.2005
-5.4109
19.5547
20.1199
9.2509
1.8247
2.5995
3.1978
-3.3138
13.3098
20.7889
21.6031
18.2251
10.1012
-3.4233
-9.9024
-11.5289
-15.4882
-13.0864
-3.4806
0.4982
-1.7412
3.3485
12.2963
7.4939
6.5395
23.6825
28.6002
25.5720
27.2907
13.5328
-5.6967
-11.5542
-7.5329
-4.1935
-4.4899
-4.3285
-7.9404
-9.1230
-17.0934
-5.3956
1.2534
5.4503
6.8277
7.2357
-0.1283
-5.7208
-2.9777
-10.0143
-15.3656
-20.7293
-20.3407
-21.7001
-23.2449
-20.9145
-21.0369
-16.4388
-8.8328
-6.4124
-13.5093
-16.8335
-5.4599
10.8411
22.2691
15.2889
5.1516
3.1488
-5.0032
0.0687
16.8646
27.2128
44.0585
48.9809
40.4152
29.5598
15.8145
12.1373
13.1033
20.0097
23.1467
18.1081
11.6932
-0.7926
-7.7470
-15.1732
-14.5220
-14.0126
-19.0616
-20.5639
-4.8977
-1.8113
-12.6423
-16.6919
-15.5926
-7.2672
-2.0198
-5.4322
-14.2732
-17.8261
-14.4193
-16.2689
-12.9984
-9.7055
-8.7535
-10.5981
-10.7172
-8.4368
-4.2481
-0.5833
7.1017
-3.5222
1.2061
5.1479
7.5601
8.7266
2.3529
-2.1617
-1.1181
-2.4386
-3.0955
-3.2923
-0.3212
0.7199
0.4846
-4.6280
-6.2650
-5.6705
-7.9481
-14.9415
-23.3245
-18.1079
-15.9510
-24.8451
-31.1717
-28.0081
-17.7756
-10.3422
-15.3041
-10.4083
3.3391
-2.7113
-4.4675
-4.0371
-11.5798
-13.6880
-21.5819
-25.9115
-17.0704
-15.0967
-23.9137
-29.6772
-29.5070
-26.0386
-26.6643
-25.9323
-27.1370
-25.8304
-22.1186
-25.2617
-29.7665
-31.7833
-33.1389
-38.3059
-32.1125
-17.6508
-8.2582
-9.4146
-11.4703
-10.9953
-9.5675
-8.2695
-6.9744
-6.8436
-8.6306
-7.2266
-5.9680
-4.8998
-0.4680
3.1848
0.6568
2.1421
7.0216
7.0229
5.2642
2.8187
1.7174
1.4733
4.3541
6.8069
7.3814
9.0553
2.0198
1.1403
-5.6377
-11.0532
-15.0927
-22.7404
-19.8576
-16.1915
-17.5733
-12.5540
-7.5273
1.8254
5.3171
3.5897
5.1848
5.6643
5.7575
12.2506
18.1985
20.5842
23.8351
23.7220
27.6933
26.5693
15.4161
18.6425
21.8176
18.4727
24.1951
23.1575
14.8001
10.1653
10.2743
6.2475
3.0092
1.4272
-0.2709
-3.8324
-1.8281
-1.7689
-0.8193
-0.7001
-1.3956
-1.3156
-1.5669
-1.5749
-0.8641
-1.1005
0.8136
1.1884
2.1010
2.4110
1.8058
-2.0942
4.3960
2.0093
4.7004
5.6575
1.9689
-0.4833
-3.2788
-7.0239
-8.7592
-6.7275
-2.8253
-4.6725
-4.7757
-1.2704
0.1207
-2.7411
-0.0567
-3.6005
2.5086
5.6681
-3.0458
-1.8607
-5.1847
-3.1338
-5.7256
-8.3422
-4.2138
-6.2965
-5.8415
-2.5650
-1.1361
-0.8750
-0.3904
-1.0999
0.5330
2.5730
-0.4317
2.0989
0.1516
-1.6886
-3.1992
-6.8106
-6.6276
-4.7861
-5.8647
-2.8292
-0.3887
-1.9656
-8.3013
-7.8465
-5.7940
-4.1524
-0.2413
0.6123
3.1270
8.6867
11.5928
14.1026
10.7126
7.4740
6.3445
2.4162
-3.3188
-4.2068
-5.6868
-6.7501
-5.1778
-5.4250
-12.1530
-7.8138
-1.9957
3.1232
10.4410
2.6546
-5.5501
-7.7634
-5.2344
-7.7260
-10.0590
12.8384
16.5460
6.4836
-14.5919
-20.6253
-19.8863
-19.6407
-20.8825
-22.5240
-19.5842
-15.7867
-13.8137
-14.8907
-15.3723
-16.0552
-12.8012
-13.7594
-18.2113
-12.4464
0.6620
4.8452
-5.8769
-14.5258
-23.8371
-18.4437
-9.6199
-4.3288
-1.2772
4.4204
5.8510
3.4701
1.9906
2.5771
1.3952
2.1253
17.1777
6.9569
-6.5631
-6.9932
-5.6138
-5.4891
-10.2173
-12.4532
-11.3595
-17.8660
-15.7374
-6.9498
-0.7472
-13.6848
-20.9240
-18.0732
-11.5657
-6.8860
-6.7878
-3.2609
-1.6410
-1.2236
-0.2305
-1.4132
-2.1454
-5.7218
-4.5737
-3.6745
-1.9620
-1.5942
-3.0858
-5.1926
-6.2327
-4.6443
-6.9261
-13.1554
-17.3915
-15.3288
-8.4745
-6.7180
-4.5890
-5.9297
-10.1397
-8.0473
-11.5820
-8.3876
-3.7797
-2.5877
-2.5135
-2.0963
-2.1710
-2.2904
-0.8975
0.1722
-0.2527
0.4009
1.4961
1.1217
1.8973
0.1888
1.0477
3.9595
-1.6056
-5.5135
-3.3663
-1.9400
3.9899
-0.7805
-1.5028
-1.5428
-3.6508
-3.5607
-5.8778
-6.3695
-4.2648
-0.5022
-4.1769
-4.2203
-5.6627
-8.2955
-11.4736
-10.6397
-7.3787
-8.8942
-9.2232
-3.7949
0.3886
-1.6027
-4.3919
-9.2772
-11.8579
-6.1414
-1.0563
-0.4471
-0.8287
-2.0209
-1.2881
1.7639
2.4760
1.4863
-0.8310
-2.1683
-2.2016
-1.8024
-0.7950
-1.2702
-1.1408
-1.5489
-0.7994
-0.8381
-0.9733
-1.1768
-1.5332
-2.6113
-6.1158
-10.1841
3.4293
2.8143
-9.6244
-8.8618
-3.5009
-1.7920
-7.0442
1.2366
11.1674
15.1306
9.4895
11.3841
26.4598
24.3987
13.8395
13.9695
8.6894
3.2108
0.8627
-0.6792
-4.7539
-10.0762
-13.9879
-17.5799
-15.1137
-5.7362
4.3959
6.3989
-3.5532
-12.1242
-7.3146
-2.2951
-4.8097
-5.3293
-2.9776
-2.5912
-13.3218
-17.7484
-16.0379
-14.9541
-15.5278
-17.6151
-15.4745
-9.7719
-12.2167
-14.7620
5.0272
5.1494
-0.6612
-8.8188
-10.0191
-10.6851
-16.8316
-18.1994
-12.5712
-10.5991
-6.5662
-7.8559
-15.3510
-18.7775
-18.9076
-15.8529
-11.3485
-14.6467
-18.1710
-16.4335
-10.6516
-10.7167
-11.0114
-4.2383
-4.3685
-7.9692
-9.8228
-6.9930
-7.0706
-4.3245
-2.3803
-6.2652
-8.1039
-1.2645
-10.1467
-20.7193
-17.2735
-8.2478
7.0059
16.5979
14.8742
31.0036
24.2630
6.0412
-10.9181
-10.0663
-11.2223
-13.9844
-12.5100
-12.4403
-11.6812
-11.5605
-4.6518
-1.7020
-7.1594
-6.8596
-6.9427
-5.7052
-7.0278
-8.5164
-6.7359
-4.6287
-7.4588
-11.0083
-9.4334
-9.1042
-11.5932
-12.6007
-14.1888
-9.9070
-7.7976
-6.0597
-1.8464
1.3249
5.3290
0.7258
-6.8113
-2.5696
2.0172
4.3577
6.7257
1.7303
-4.9972
-6.5223
-9.6025
-8.3786
-6.9242
-5.7061
-2.4982
-0.9992
2.4646
6.8506
-2.3608
-5.3850
-4.3859
-0.8478
0.9549
-5.1179
-0.7724
0.3091
-4.4540
-3.2773
-7.7702
-13.3873
-20.0317
-23.1746
-19.6187
-19.2963
-16.2881
-16.5395
-16.7679
-9.5325
-6.4403
-3.0041
-4.7941
-1.6737
-2.2914
-2.6023
-6.4222
-5.4424
0.7034
-5.7032
-13.3028
-16.9249
-17.1132
-19.7796
-17.9934
-21.8073
-29.9038
-34.8431
-32.2274
-28.2194
-21.7368
-13.9549
-11.8838
-13.9873
-12.8096
-13.0766
-14.6563
-14.3404
-2.3373
2.3195
4.9651
3.8273
1.3800
3.0244
-1.6790
-4.7581
-2.5573
6.7009
7.1725
3.7622
-1.6559
-4.3622
-6.1362
-5.7950
-2.8988
1.6715
1.7330
-1.2846
-5.3932
-8.3858
-8.8590
-4.9790
-0.8037
-2.0318
-5.6655
-8.3264
-9.5446
1.8740
5.7518
9.0121
20.3402
25.3922
23.9529
17.4928
5.5659
-11.3134
-16.0390
-23.1620
-29.0196
-25.6984
-24.3931
-18.0660
-14.0573
-20.3336
-21.8909
-15.9152
-12.2468
-8.9804
-4.3664
-2.4079
-3.0002
-3.8824
-7.4155
-3.5785
1.0946
-2.8295
-4.6171
-9.1495
-8.3295
-4.7507
-9.0041
-10.2772
-2.0106
0.5322
0.9433
-0.2798
-2.1856
-0.1486
-3.9676
-11.2474
-14.7161
-11.0697
-5.1136
-6.9223
-3.6809
-9.3374
-7.0337
-2.2034
-5.7021
-7.9419
-2.6316
-0.5084
-3.7749
-0.8565
1.0659
-2.4452
2.1349
1.5629
4.2605
3.5383
-0.8810
1.2822
0.2753
0.5070
0.1929
-0.9725
-2.0874
-3.5157
-1.5073
-10.6416
-11.5985
-11.0113
-3.9055
6.4950
8.7646
5.4663
-5.5390
-9.7996
-7.0214
-4.3960
-7.2887
-15.1752
-14.8158
-9.4381
-8.3583
-12.2631
-13.9377
-8.7429
0.5861
1.2475
2.8364
2.8980
-1.3987
-4.2367
-8.0330
-9.6792
-5.7212
1.1485
-1.7517
-2.6986
-1.5615
-3.1436
-3.8165
-7.1472
-5.3632
-2.3175
4.2847
3.5341
4.9438
0.8438
1.6479
2.9397
1.0058
-0.3487
-1.0120
-2.3485
-2.1970
-0.9994
0.3862
0.8401
1.6707
0.7509
1.2333
1.1787
-1.2881
-2.0370
-1.0320
-1.0863
-0.5540
-0.5906
-7.3847
-12.3333
-11.8969
-10.5012
-11.4267
-6.9981
1.1818
-4.8398
-6.4201
-0.5242
-6.3271
-10.2795
-8.0473
-7.9037
-10.9946
-13.7796
-9.7795
-10.1350
-10.7844
-13.4276
-11.8169
-13.0378
-16.5950
-12.1017
-2.7434
0.8746
3.6905
2.7187
0.5555
-1.1778
0.4333
0.2769
-6.0618
-8.3121
-13.9558
-15.2454
-16.0017
-16.6747
-19.2141
-18.9387
-12.5610
-3.6095
1.6918
-0.2939
-0.0759
3.0072
4.8455
4.2539
2.8084
2.0115
-0.8542
-7.0241
-3.4918
-4.6437
-0.6609
-4.4175
-6.4562
-3.3233

Coefficient 27:
0.0000
-3.5714
-0.8395
-4.2170
-2.2294
1.9092
1.7010
-1.1685
-1.9010
-6.5971
-7.6437
-8.0397
-7.9009
-4.6070
-4.4473
-6.5787
-4.7420
-4.5949
-3.2979
-2.6026
-4.7314
-3.1251
0.1255
2.0324
3.1793
6.8764
9.5672
3.5781
0.1981
0.1851
-1.4120
-5.7907
-0.5083
4.4327
2.1699
-1.4363
1.4740
3.5612
-1.9504
-0.4219
-0.6240
1.1317
-0.5745
-4.2107
1.0709
5.5523
5.8041
3.7208
-2.0229
-5.9480
-1.2293
0.7112
-4.5139
-3.8059
3.8372
-1.8890
0.6657
-3.7549
-6.9880
-12.7112
-16.0761
-20.1708
-13.1944
10.2244
17.8107
15.3906
4.9198
-0.2138
-7.3823
-8.0607
-5.1321
-7.3988
-0.3161
11.7325
9.5433
-1.1645
-3.1771
-2.4610
-6.5199
-10.6374
-8.8040
-5.7311
-14.0665
-20.3622
-18.4571
-14.3669
1.5235
10.0639
13.3072
9.6201
-1.4722
3.7203
1.3296
-6.4951
-11.9380
-16.5462
-15.7400
-10.3678
-10.3819
-17.7944
-17.5368
-14.6902
-16.5343
-14.3838
-10.6625
-14.9933
0.4111
10.0602
4.9988
-2.6444
-3.1095
-7.5799
-18.2712
-26.8721
-20.7737
-16.1076
-10.9668
-11.1650
-13.0606
-11.6540
-13.1504
-9.3611
-5.4060
-2.9240
-6.8613
-13.6975
-5.1795
-0.9184
-1.1791
-1.0807
3.7944
4.3057
2.1260
-0.1952
-3.9731
-9.6112
-12.6933
-11.6807
-4.4336
2.8050
2.7539
5.4742
8.0638
10.4023
12.7322
4.9756
3.0985
0.1963
-0.3361
-3.3959
-2.7835
0.6992
1.8709
2.7352
-1.3801
-4.7979
-2.2649
-2.5811
-2.8328
-1.6573
1.7128
-0.1180
-2.5520
-1.6467
-1.2296
-1.4765
-2.7464
4.7048
5.4479
3.1919
15.0042
14.0133
11.1151
6.2732
5.9934
3.9086
-1.1902
0.7516
-0.5731
-1.3998
-3.0674
-6.4308
-4.3018
-2.6716
3.7290
0.8438
-11.0637
-16.4486
-15.2644
3.3476
9.5313
6.4579
2.3120
-4.0234
-3.1529
-6.2193
-12.2675
-9.7716
-11.5017
-16.5393
-14.5274
-5.5366
-17.4650
-27.5968
-27.6127
-24.5458
-18.4703
-11.0263
-5.6035
-2.1310
-1.1303
7.4671
4.3906
1.3276
-1.5570
-0.5538
-1.4176
-1.5493
0.9799
0.3935
-10.9839
-9.3609
-8.1991
-10.6546
-13.8462
-14.7707
-10.2091
-9.1977
-14.3728
-11.8190
-7.5544
-5.9097
-6.3962
-7.2088
-7.9691
-1.3259
3.9709
-4.2852
-9.6941
-15.1692
-16.3654
-9.7625
-3.1920
-3.6581
-6.1875
-2.8612
1.0524
-3.8041
-1.4995
0.3371
-3.7603
-3.3771
-0.2668
4.2591
-1.8003
-1.3925
2.8453
-4.4919
-6.9565
-5.1410
-7.5038
-7.1861
-7.0413
-5.3397
-2.6494
-2.4083
-7.5729
-14.1626
-17.5203
-16.0483
-11.3187
-7.3584
-6.8741
-8.4610
-13.9085
-9.9274
-8.9206
-6.2000
-3.7267
-4.8393
-3.6158
-5.5230
-7.1751
-6.5377
-3.5845
-6.3428
-13.7160
-13.5954
-10.4392
-8.5758
-4.6912
-2.4548
-2.2463
0.0771
0.3369
-0.5526
-0.1760
0.3518
-1.0970
0.0520
-1.8399
-5.3011
-2.7526
-1.5974
-2.5921
-2.9642
-2.7407
-2.7853
-2.1714
-1.3538
-1.3775
1.9577
0.2052
0.1141
1.1384
4.7224
9.8450
5.1966
-7.2348
-11.7137
-14.2022
-9.1208
-12.5396
-14.0167
-8.6653
-9.6256
-9.4893
-3.6204
1.4564
10.4505
4.8619
-1.6101
-11.0038
-18.2049
-16.4994
-9.7844
-14.9930
-22.3608
-15.4767
0.7314
13.6369
15.6033
8.3374
-3.6414
-11.6353
-7.8056
-4.0666
-3.4640
-11.0972
-19.2485
-19.9883
-19.0006
-17.8131
-10.8724
-8.3103
-12.1483
-9.0428
-8.4685
-17.5327
-21.5777
-20.0264
-16.6968
-11.7439
-4.1113
-3.1634
-6.6790
0.0931
0.3721
4.0918
4.6465
-0.3847
0.9543
-1.3674
-3.7988
-2.7315
0.1528
4.6766
-10.6615
-16.8383
-9.2244
-4.6007
-1.7274
-1.0444
-0.8839
-2.4980
-1.6955
-5.3291
-4.3519
-3.0619
-0.5785
0.2389
0.2185
-0.4391
0.1637
-0.2575
-2.8615
-2.9259
-2.6642
-3.5131
-2.8008
0.2509
0.1019
1.9087
3.0351
-0.0251
-1.1703
-0.2976
-0.0111
0.3511
-0.1931
-4.8787
-7.1342
-6.3919
-2.2453
-0.3193
-2.7991
-16.6705
-12.2804
-2.1662
-5.0263
-1.7783
-5.7473
-11.6149
-9.5752
-9.1588
-7.7598
-9.5809
-5.5531
-5.7686
-4.3321
-5.8371
-7.7607
-7.8725
-6.0945
-4.7408
-4.7957
-1.8554
3.4059
7.2192
1.5917
-3.3904
-1.6324
-2.3147
10.4549
15.9850
11.8425
-0.7247
-9.1692
-12.0020
-15.2693
-17.9570
-19.7809
-16.8083
-15.8430
-13.6349
-11.7143
-11.9054
-11.3253
-12.0348
-10.9790
-12.9739
-8.6192
-5.9375
-4.1378
-6.6256
-18.2107
-21.4466
-10.4829
-10.0718
-5.3852
-0.1079
9.8003
29.1446
23.7627
22.5035
14.0847
10.0797
9.8099
7.3877
15.7932
29.6085
17.4650
2.3632
5.2468
9.8126
15.3204
26.3892
24.0527
17.4101
9.0361
8.0336
2.2268
1.1609
-0.0894
1.2774
-0.5125
-4.2261
-4.9520
-9.1928
-14.1223
-20.0331
-12.3225
1.2853
6.7506
-10.2806
-11.6795
-10.4425
-4.5647
2.7315
-3.5133
-5.4252
2.1894
0.0578
-1.0856
-2.6724
4.2509
11.4884
11.8911
2.9104
0.5916
7.5961
11.6000
-2.9690
-11.0583
-14.9186
-12.4980
-12.8729
-15.4821
-11.4108
-6.1568
-7.1640
12.2970
19.7113
20.3883
15.9082
8.9747
-1.7705
-9.0820
-15.3238
-13.3202
-12.7555
-14.4541
-17.5768
-20.4815
-23.7267
-22.0585
-15.9021
-17.6702
-21.3156
-17.7052
-14.9567
-10.1351
-3.1856
2.6256
5.5013
6.9571
3.3207
1.8759
4.4190
1.6808
0.2088
-15.4223
7.7518
25.6864
33.1378
35.4797
40.7135
35.7607
16.1681
-4.0784
-6.9578
-3.2615
6.1494
14.5325
-2.5616
-11.1450
-12.8549
-10.1812
-14.5929
-12.0029
-6.0460
-9.5901
-10.7004
-11.0282
-12.1424
0.6005
14.1405
15.0174
4.9936
-1.4392
-4.2642
-3.3401
-3.5649
-8.7262
-8.5548
-10.9548
-16.2397
-15.4945
-16.5470
-15.3141
-14.9973
-18.1214
-15.7089
-15.1486
-16.6424
-15.3093
-7.3475
-0.9010
-8.7989
-15.4047
-20.4962
-23.1862
-25.7433
-17.2451
-13.8099
-13.1048
2.0793
12.0298
9.1336
-4.9153
-9.4466
-8.6246
-14.4659
-19.8373
-22.4573
-19.5223
-21.2938
-23.8629
-15.8528
-11.9369
-13.4102
-12.4720
-9.4626
-6.3457
-9.4560
-13.2056
-8.2191
-3.5675
-0.6025
-1.2657
-1.7625
-7.4282
-1.5981
3.5399
-0.6054
-0.9993
-0.1456
0.8682
-0.0688
0.3818
-0.1352
-1.2388
-2.5699
-3.0195
-1.2107
-0.8228
-1.1502
0.0165
-4.2760
-11.4928
-19.7175
-17.9653
-29.2149
-20.0388
-12.3506
-6.4569
-6.3190
5.0414
-6.0728
-19.9040
-22.3926
-18.6845
-15.7082
-20.5189
-14.7916
3.6322
-5.0724
-4.4688
0.3466
-2.7768
-2.1776
-4.4145
-13.9407
-16.8499
-14.5414
-18.0718
-14.9409
-10.6446
-14.9085
-17.8601
-14.7393
-9.7354
-5.3160
-3.1282
0.1821
3.1406
3.1614
2.7761
3.5974
2.5363
7.6203
6.6961
3.2410
-1.0174
-5.9146
-0.3368
1.1300
-1.5089
0.6867
2.4924
-0.0326
-12.5476
-7.1455
-5.9141
-1.4258
4.8848
1.0670
-1.7254
-3.9359
-4.4825
-8.7678
-8.3980
-6.3443
-3.4518
-1.6616
-0.6765
-0.1973
-2.1599
-2.0015
-2.6300
-4.8929
-5.3639
-3.3377
-5.1922
-3.0107
-1.4868
-3.5021
-7.4284
-6.8415
-10.2434
-9.4725
-5.5364
-11.4361
-6.1599
-3.7333
-5.7581
-5.4809
-1.7085
-1.6183
-3.1852
-11.5480
-12.7865
-9.7107
-5.1847
-9.3090
-13.7731
-13.6598
-10.6612
-4.5092
-7.7443
-8.7561
-10.7264
-8.3495
-8.8162
-10.0042
-1.0864
-3.6293
-7.4104
-4.6171
-7.8564
-9.1784
-15.4422
-13.1277
-3.4879
-2.7495
-11.2163
-15.7758
-12.2440
-8.0375
-9.0544
-9.4697
-3.9616
-3.5738
-12.8513
-15.0548
-11.8298
-7.4766
-12.8687
-11.5294
-7.3000
-6.2560
-8.4688
-7.5220
-5.7534
-0.5560
12.5890
8.9499
-4.7686
-7.6793
-6.1943
-3.4282
-3.4514
6.5809
16.9982
9.0992
-0.3364
0.6047
21.4050
29.3189
23.3945
3.9962
-8.1831
-14.3539
-16.9372
-9.2014
-11.6802
-20.1733
-26.2888
-19.3645
-16.1784
-13.8603
-13.4376
-23.1803
-18.4092
-14.8216
-16.3939
-17.0704
-17.6668
-18.0195
-10.1408
6.6499
12.4875
5.2745
-6.4471
-11.1879
-7.3737
-13.0563
-18.2338
-6.3337
6.4943
14.3497
11.5979
-0.5052
-4.9625
-8.3475
-13.2168
-13.9583
-5.5171
-6.7526
-14.5334
-16.5486
-14.2103
-5.9787
7.3752
22.9495
24.8372
18.2025
29.2046
27.9555
1.5817
-12.7550
-15.7033
-16.6851
-16.1566
-19.1101
-17.7056
-12.9199
-13.3839
-13.3280
-23.9757
-20.5310
-14.9388
-14.1028
-13.7741
-19.7955
-26.4461
-28.0825
-26.4385
-28.3397
-24.9122
-19.5174
-18.5800
-19.6063
-21.9602
-22.2324
-17.6088
-15.1193
-20.3990
-24.7481
-7.5533
7.0037
-2.6071
-19.8433
-16.5510
-6.0252
-15.7088
-24.6873
-24.4317
-16.4439
3.4888
23.1275
32.6562
32.7921
28.6524
31.5735
34.5367
37.6921
36.8495
32.5056
14.3668
8.1563
-3.0886
-10.9711
-11.2889
-7.2635
-6.3055
-6.3667
7.4661
9.5160
-0.0106
-4.5665
-1.5907
5.7972
4.7383
-0.8489
-7.7046
-12.3535
-12.6074
-14.0975
-11.5913
-8.2742
-9.2669
-10.0606
-9.7137
-5.3460
-4.8296
-6.6355
-1.9175
-12.5232
-14.6570
-9.9351
-3.9000
-4.5112
-11.1208
-15.5779
-17.3042
-25.8280
-31.0133
-39.6971
-40.1651
-36.8074
-30.9859
-30.1514
-26.2009
-17.0611
-13.7093
-3.9498
-6.6614
-13.0853
-9.0314
-5.1100
0.2796
2.6774
-2.3690
-5.4606
-9.1329
-7.1040
-2.7003
-14.2462
-15.9757
-10.9748
-14.9080
-11.6951
-17.7505
-22.8004
-20.4507
-15.2941
-12.4572
-22.1361
-26.6127
-24.9307
-23.2032
-21.5779
-18.1709
-19.9462
-24.1316
-26.8735
-23.4830
-18.9830
-11.1046
-4.7996
-4.7128
-8.9030
-9.8991
-9.8308
-13.2311
-12.2736
-8.2409
-1.9367
-1.2108
-6.1734
-10.0106
-11.7470
-10.0648
-6.2605
1.7457
4.5886
-3.0256
-11.8083
-16.0026
-18.8345
-17.7905
-14.2814
-13.7841
-10.5403
-7.1518
-7.9118
-11.4181
-15.1264
-9.9324
1.5398
-4.1328
-11.9140
-16.8604
-21.4424
-17.8197
-13.9075
-13.4525
-13.5544
-12.3067
-14.4283
-22.3785
-25.5543
-22.5031
-21.6195
-22.1046
-18.9480
-18.5276
-14.8203
-7.6926
-5.4087
-1.7228
1.7459
6.8519
11.7191
7.8292
5.5196
20.4431
27.6677
16.7269
6.9024
7.2435
8.3659
7.9119
3.8352
0.3563
-1.5775
-1.6182
-1.5074
-0.6368
-0.5578
-1.4007
-1.1803
-1.3620
-1.1694
-0.5295
0.3873
0.6868
1.3439
1.7618
0.2374
0.4328
-1.8578
5.0096
-2.4155
-3.6823
-1.9894
-3.3354
-5.9147
-3.8256
-5.8955
-9.5930
-12.1576
-10.7552
-14.2498
-16.2110
-13.3191
-10.7061
-4.5093
-1.8392
-4.6577
-0.2608
2.7907
-2.4225
-10.3672
-14.4553
-19.5166
-20.4161
-17.3363
-15.1313
-16.9194
-13.1366
-8.5357
-7.5421
-5.6479
-5.7880
-5.6995
-0.8668
-1.0746
-4.5460
-0.5565
-3.7982
-4.3944
-1.6471
-1.9176
-0.8436
-3.2458
-10.9475
-3.3550
-0.9075
-8.2237
-12.7942
-15.4683
-13.7739
-12.3578
-13.0334
-13.4128
-10.2573
-5.7522
-9.3453
-10.0048
-5.3172
-2.3436
-2.6709
-0.3186
3.2506
6.0772
0.6103
-9.9116
-11.6505
-3.3530
-4.7591
-4.8464
-6.3195
-0.9992
3.6781
5.3217
-8.6291
-13.7240
-13.0057
-10.5531
-11.5510
6.4110
27.2173
23.8624
9.2634
-0.8460
-5.9594
-4.2188
-6.8682
-8.0515
-12.3592
-14.2776
-15.0026
-13.5226
-10.6181
-5.5327
-3.8512
-2.9840
-6.3305
-2.9838
-4.2641
-9.0583
-22.2982
-28.8258
-21.2961
-12.5687
-9.8901
-8.8983
-7.2906
-3.8696
-4.8420
-8.0315
-17.0267
-12.2710
-8.4577
-3.5129
6.5316
1.3047
-5.5463
-8.9334
-6.8241
-4.3480
-4.9300
-4.7052
-6.0053
-7.5794
-7.8956
-11.5079
-15.0201
-16.1131
-18.1598
-18.9695
-17.5041
-16.5545
-11.6049
-4.4236
-1.2891
-1.0423
-0.1084
1.8554
2.4911
0.8161
0.3283
-0.1713
2.6733
3.7560
3.1079
2.3115
0.5536
-0.9318
0.2780
3.1815
0.1873
-4.8577
0.3035
2.1700
-1.2429
-5.8681
-4.7335
-0.0963
-0.7226
-2.2154
-1.2383
-2.3817
-2.0690
-1.8027
-1.9940
-2.2324
-0.9758
-0.0130
-0.2560
0.4242
1.3139
1.4800
2.2252
0.2788
-2.8972
-3.7104
-4.1839
-5.6422
-5.1165
-1.9849
4.5192
-6.0505
-13.4940
-16.2559
-14.1495
-15.5957
-16.2780
-14.1379
-9.7101
-8.6710
-8.9731
-6.3501
-4.3097
-8.3468
-10.8441
-12.0458
-12.1064
-11.7915
-10.2235
-11.1087
-16.1343
-15.6362
-9.9503
-11.0673
-10.2224
-3.8740
-1.0591
-0.9864
-1.3830
-2.4186
-1.5442
1.4777
2.7337
1.9206
-0.3781
-2.1618
-1.9987
-1.1791
-0.6937
-1.3017
-1.0800
-1.3194
-0.5712
-0.9025
-1.1580
-1.2044
-1.5160
-2.1923
-2.9968
-5.4598
3.4936
-0.7467
-1.1608
1.3330
3.9456
4.5612
0.3356
3.8144
7.1053
9.4256
2.7106
-5.0275
3.5626
10.2173
4.3217
5.0828
4.9723
-4.8371
-10.3354
-8.9152
-6.6898
-4.9004
-3.2293
-5.8176
-6.1371
-5.8147
-11.0359
-10.8752
-8.6798
-5.5861
-3.2685
-2.5292
-5.3659
-6.1662
-4.0763
0.9506
-11.5659
-16.7682
-14.2912
-12.0632
2.6265
-2.0689
-6.5459
-10.5027
-7.9622
-6.5739
17.7652
19.2406
11.5927
7.1548
4.6138
0.3301
-5.9730
-8.5360
-6.3902
-4.7107
-1.4488
-5.0815
-16.5400
-19.0904
-18.7345
-12.0332
-9.7826
-13.1737
-14.0978
-13.0663
-11.1167
-9.0730
-5.5519
-4.0876
-5.4089
-11.9418
-11.5670
-11.9805
-15.5937
-14.0417
-6.1478
-5.1577
-7.0624
1.8362
-4.8303
-16.4805
-22.7937
-13.0190
5.3631
10.8003
2.1482
17.5852
32.7289
20.3132
8.6687
5.9445
4.4190
-0.8461
-0.8253
-1.7165
-0.5738
-5.1423
-3.5403
-6.4864
-13.6011
-8.1974
-3.0980
-9.9152
-3.2959
3.2938
3.1998
-3.1601
-4.7643
-1.8773
-1.6603
0.0402
-6.1472
-5.5481
-2.3239
7.1395
9.8866
6.6671
2.6759
-1.6309
3.3253
1.2514
2.4626
-4.6672
-5.4440
-1.8960
-0.6657
-1.9702
-0.0889
3.8760
5.7218
7.2860
8.8327
4.9426
0.3936
-1.5246
-1.7653
5.8950
-1.2518
-0.7958
-1.9771
-2.3410
-0.1935
-7.7915
-8.8806
-5.6165
1.6557
7.5663
5.9768
-0.4816
-6.1177
-7.6496
-6.1852
-3.8173
-0.6281
3.1609
3.1242
1.1180
1.7059
-1.5680
-9.4321
-7.7649
-6.3871
-4.8377
-4.9279
-7.9514
4.8822
4.0882
1.1749
-1.3699
-3.1596
-8.1069
-7.5506
-8.9309
-16.9244
-17.1651
-15.2765
-24.1754
-33.6017
-29.7000
-30.2122
-24.0126
-20.2931
-21.6385
-20.3367
-15.6360
-8.4297
-8.6440
-10.2472
-11.4673
-15.0416
-15.6000
-14.7338
-12.7492
-3.9720
11.3402
10.9920
6.7334
3.4919
0.4987
-0.1002
-2.2489
0.7555
4.8270
2.4943
-1.3508
-2.9569
-7.3885
-6.6547
-6.8865
-3.4842
-2.5443
-2.1897
-2.2600
-3.7334
8.4565
10.7522
18.3516
27.5772
26.1572
20.2157
21.1919
17.5571
11.1139
5.8541
-2.4412
-1.4082
-1.5273
-1.5938
-3.1477
-3.9329
-0.1363
0.8892
-5.5027
-14.7696
-15.2768
-14.2188
-17.4799
-11.9384
-2.2869
-0.5717
1.1272
0.1846
-2.6120
-3.4369
-3.0320
-1.8202
-2.7098
-7.9798
-11.2106
-1.7706
0.4190
0.5845
-1.2590
-1.1733
0.0358
-1.4132
-2.5042
-4.0378
1.6782
0.3782
-1.8001
-3.1421
-2.5873
-4.8888
-6.1198
-3.8368
-1.7773
-3.2725
-7.5399
-10.4209
-9.5844
-0.9847
-4.8155
-5.9635
-5.8866
-2.5454
-5.4429
3.0254
1.4924
0.4960
0.5271
0.1254
-0.9739
-1.9251
2.8629
7.0431
3.8882
2.8916
5.6578
1.6202
-1.7489
-4.3350
1.8592
-4.6534
-6.2488
-6.7459
-6.0516
-6.0091
-9.3902
-9.6857
-5.6272
-0.6128
-1.3827
-6.5870
-8.5591
2.0712
4.0840
-0.2113
-2.5188
-5.2023
-7.6340
-13.5568
-16.6322
-11.7123
-5.4391
-6.0431
-10.9883
-12.4999
-7.5074
-2.3757
-1.8855
-8.0327
-12.2862
-10.2233
-7.2928
-7.1325
-9.2974
-7.0346
-3.9475
-4.5722
-3.0172
-0.8841
-2.4752
-1.9795
-0.7271
0.5201
1.1048
1.7699
0.8110
1.0869
1.0434
-1.2940
-2.1161
-1.3080
-0.9416
-0.5611
-0.8336
-5.1418
-5.7665
-2.5372
-10.8493
-15.2552
-19.9300
-18.1495
-6.5219
2.4134
12.2136
4.7499
-6.2574
-4.8630
-10.1944
-20.3005
-23.3461
-20.4513
-18.0638
-10.4201
-11.4820
-12.7174
-11.1586
-11.4051
-7.4420
-5.6958
-5.3668
0.7796
2.3350
0.7262
-1.1530
0.8224
0.7607
-7.8538
-15.9753
-17.9118
-15.1345
-14.3321
-16.2691
-17.6692
-13.9492
-9.9625
-0.8873
6.0578
10.7230
11.7061
8.6379
8.3921
8.2481
6.0416
7.4508
2.7515
-5.7397
-6.3052
-8.6518
-6.2845
-9.2521
-7.7423
-3.7106

Coefficient 28:
0.0000
-3.3210
1.9168
-1.0105
-0.0363
-0.5984
-0.8727
-0.7441
-1.7138
-5.8343
-6.5887
-6.8284
-8.0286
-9.9456
-9.4254
-8.2807
-9.1284
-7.8045
-4.4569
-1.7481
-1.4246
-1.4737
1.6790
5.0134
7.4690
6.0276
0.0763
-4.5619
-5.0842
-1.5019
-3.3952
-6.4905
-6.5989
-5.5361
-4.5842
-4.6677
-4.3157
-11.8764
-14.0842
-6.1112
-2.2951
1.5560
5.0232
0.4489
0.4539
5.2011
4.6250
3.1063
-2.1717
-8.2167
-3.6832
1.9014
0.1309
0.2559
6.1745
4.5085
7.8368
3.4216
3.2755
4.1302
-2.4694
-10.5915
-15.6311
10.0275
18.9664
11.6362
4.6558
-0.5212
-7.6748
-7.3145
-14.1388
-28.1653
-25.9172
-7.4500
17.0320
23.0519
13.9654
-2.0481
-11.7384
-9.0979
-3.4714
3.7865
8.3652
4.6204
-2.6150
-5.3339
5.4492
15.3378
25.2940
25.4306
14.7307
14.8966
11.6454
-1.9758
-6.6043
-4.1652
-6.8366
-6.2052
-12.8689
-19.2359
-14.8797
-14.7514
-10.4971
-10.4038
-11.4609
-12.9781
0.8147
5.5562
-1.0369
-6.8822
-11.2250
-10.0301
-8.9398
-8.8502
-1.8421
4.2634
4.8774
-0.4849
-4.9538
-5.4847
-6.0795
-8.1479
-6.4141
-4.0981
0.2452
7.3055
6.4012
3.2996
2.1966
6.5088
4.5800
7.0455
8.3656
6.3104
8.0176
11.9951
14.6832
10.4064
7.7359
8.5664
8.5045
8.6549
13.4146
17.9068
20.6332
10.8120
5.2567
1.9596
3.0638
-0.0430
-2.8816
0.8579
4.4398
3.8608
2.2819
-0.5328
-1.9427
-2.3622
-2.1865
-1.5658
1.1675
-0.3244
-2.0498
-1.2957
-0.9304
-0.8348
-1.4789
2.2795
2.2985
-0.2494
9.7482
14.0577
6.4593
3.5123
3.6805
0.8934
1.6031
8.3499
9.9993
8.6285
2.7811
-2.1131
0.9491
2.7214
3.4511
2.6266
-3.8063
-8.8746
-8.1751
7.4888
4.1484
2.6034
-7.8341
-13.9337
-10.0647
-8.4732
-10.7057
-12.2957
-13.5534
-17.6655
-17.2250
-15.2661
-12.6271
-0.6534
8.7439
6.7985
-0.0317
-0.8776
0.5009
-0.2619
-1.0384
3.4827
0.0151
-1.4875
-2.6817
-0.8752
-0.7741
-1.4962
0.5273
-0.7011
-4.6608
-4.4556
-7.6499
-7.6362
-11.1843
-13.2919
-13.1228
-14.2828
-16.1051
-12.7609
-2.9594
-0.8489
-6.8080
-8.5441
-13.8487
-13.8572
-13.6129
-17.4357
-20.9894
-20.2480
-14.7364
-7.6369
-1.1525
1.0780
-4.5921
-7.3196
-4.5124
0.0714
0.2500
-0.6987
-0.5766
-2.0604
-3.6234
-5.0531
-11.7481
-6.8202
-6.8919
-1.7980
3.6544
2.4516
0.2576
1.6189
-1.1273
-1.0847
3.9177
6.8718
7.5609
3.6355
-2.7302
-4.6691
-4.4609
-3.6053
-5.1903
-2.0739
1.2137
6.9699
9.7376
8.5844
6.3173
5.1527
5.4131
5.1274
6.1137
4.7471
8.2387
9.8091
4.3346
0.7489
0.3009
-1.6291
-4.4155
-1.8250
-0.5188
-0.2323
0.4093
-0.3712
-0.1651
0.2243
-0.8108
0.7937
-1.4233
-5.3322
-3.4458
-1.9595
-1.9374
-1.3210
-0.8540
-1.6219
-1.6834
-0.1323
-6.0390
-4.9539
-3.9435
-4.5391
-0.8398
8.4353
10.6911
2.7280
1.5417
0.4956
-6.0806
-6.8514
-7.8037
-9.2538
-6.5771
-6.6489
-3.8406
1.4078
-5.2908
-2.6424
-2.2693
-3.5693
-14.7115
-14.6885
-7.1323
-1.6944
6.1091
-3.8890
-2.9459
3.4830
12.4221
19.3338
12.3547
-5.6892
-4.3883
4.9726
4.3858
7.0895
17.2064
8.5298
-3.6283
-3.9188
-9.6176
-6.9905
-9.5355
-11.6834
-7.3780
-5.5156
-0.5597
-3.5833
-9.9314
-12.1737
-9.6636
-8.4685
-8.9873
-6.3152
0.9789
1.8295
4.6476
4.3205
-4.4691
-4.8949
-4.9792
-15.4994
-14.3001
-12.6253
-8.2235
-13.9358
-16.0668
-9.3768
-3.8783
-1.6790
-3.9662
-4.1053
-2.3452
-3.9208
-5.0860
-4.3711
-3.4276
-0.7506
0.0095
0.1159
-0.2401
0.4002
-0.6637
-4.5132
-4.7183
-5.1075
-5.3742
-3.9323
-0.0110
-0.2208
0.8525
1.9017
-0.0763
-2.5226
-3.5832
-3.1986
-3.1622
-2.7097
-1.8044
-2.3355
-2.8445
-0.4166
0.5801
0.9862
-3.2737
-16.7084
-14.5112
-2.5565
5.6969
5.1856
-0.0102
-6.4464
-13.1129
-13.1309
-10.7402
-8.0085
-2.7169
0.4107
-0.0931
-2.4669
0.5126
-0.5135
-1.0766
-0.4050
-1.8627
-5.1998
-2.1613
0.6476
-2.7731
-3.9384
-8.8129
1.1327
14.4037
21.3594
17.3162
6.4652
-3.1517
-12.4543
-18.2041
-16.9654
-17.5128
-18.1408
-21.6601
-26.2225
-26.4431
-20.5455
-14.5922
-10.4407
-11.6483
-15.8305
-15.1611
-13.1208
-16.3157
-17.7909
-15.7264
-12.5548
-13.8260
-12.8043
-19.9081
-1.7581
21.1405
27.1390
24.9333
19.3442
8.9795
6.6468
-5.8832
0.3790
17.2366
15.0909
-21.2447
-29.1304
-10.6966
3.6839
10.8065
16.7981
21.8627
8.9469
-4.3725
-4.8302
0.4038
0.5956
0.3896
10.4612
0.7674
-8.3953
-14.1058
-20.7654
-22.0744
1.3964
18.9434
19.4548
4.5224
0.3683
-4.0384
-3.8848
-1.6276
2.3344
-3.3361
-3.4455
-4.5500
-11.2852
-13.9262
-5.6784
0.2249
5.1700
-0.3892
-0.1794
8.4058
2.5356
-13.3872
-21.5184
-19.2311
-11.3256
-3.0086
-1.6853
-0.5502
3.5371
4.8407
9.5402
15.0941
13.6009
11.3900
10.4081
3.8699
5.8598
1.4553
-7.3165
-13.9642
-20.6256
-20.8033
-13.6975
-10.5792
-9.9524
-8.4955
0.1523
0.6402
-3.4324
-9.1726
-10.6760
-8.2538
-7.7180
-4.2477
-1.5737
-1.4226
-0.3057
1.0055
3.6984
0.6511
-7.7036
6.6385
17.0628
17.0961
15.2154
20.9778
10.0173
-0.4926
7.6451
12.2753
15.4592
7.8046
0.3124
5.9518
4.5554
1.4799
-1.8088
4.8679
5.8194
1.9332
-2.4415
-1.8661
3.1894
-0.3325
-5.9739
6.7830
13.5419
3.5319
-8.3999
-17.9600
-23.6684
-21.5507
-23.4153
-22.2324
-24.0034
-18.2656
-4.7079
-6.1652
-8.0490
-1.8766
-2.7037
3.9743
7.8570
2.9106
-5.7856
-6.4363
-3.2035
2.9573
-6.9172
-20.7528
-20.3958
-19.0907
-14.8550
-6.7286
-2.6658
8.8762
19.2640
32.0710
23.2339
11.0893
3.4401
1.8659
-1.6276
-4.6420
-4.7412
1.1674
3.3089
0.2258
-0.0637
-5.2999
-8.8732
-2.2918
1.2676
0.1927
2.5681
-1.7200
-5.5763
-3.8028
-3.5801
-3.0059
-9.1768
-9.5608
-5.5962
-6.8526
-6.6266
-0.4814
1.0468
-0.0307
0.4600
-0.0745
-1.3453
-2.5722
-2.9851
-1.2251
-0.8598
-1.3695
-0.2292
-2.3006
-8.3934
-12.0192
-9.9036
-1.8762
-5.9458
-6.7504
-3.6307
-4.5474
7.6992
0.5949
-8.3904
-6.4530
-2.2745
4.8925
3.0986
2.2348
6.1119
1.0809
-7.7583
-11.4176
-8.3057
-12.3990
-11.6123
-14.5185
-13.8678
-7.6407
-8.7414
-4.4706
-3.6335
-6.4672
-10.5210
-11.8491
-9.3172
-1.6910
-1.8767
-2.1934
-5.6063
-7.0415
-5.5800
-7.0717
-5.9806
-0.5291
-1.3421
0.0574
0.4684
-1.3456
-1.6404
0.8658
0.4358
5.8618
5.7525
2.8742
-6.0946
-7.3552
-10.7924
-15.5971
-11.1989
-10.9635
-4.3515
-2.3302
-5.5565
-8.2022
-6.8300
-4.8053
-2.2238
-1.2480
-0.5163
0.3991
-1.0722
1.4246
2.3547
0.0020
-4.0126
-6.1368
-5.8502
-2.1202
-0.7846
-3.0594
-7.5522
-11.6766
-11.7747
-12.3457
-13.4205
-13.0311
-8.9445
-9.1165
-9.1731
-10.7256
-7.7802
-5.7309
0.0846
1.8965
3.1667
1.6477
-1.9089
-3.5545
-2.9078
-0.7555
-1.8037
-12.2971
-6.5900
-6.0891
-0.5669
-4.3115
-3.9184
-2.4405
-2.6866
-5.9843
-7.6165
-7.2723
-9.0065
-12.8235
-17.1128
-13.7890
-2.6766
1.1281
-2.5656
-4.7039
-0.1274
5.2657
6.5330
3.5529
2.7006
2.1023
-4.9813
-3.1388
0.3888
-0.3284
-3.5462
-1.9398
-2.9234
-5.0300
-3.7498
-3.7530
-5.3146
-1.4468
4.5962
1.1149
-11.6000
-12.3228
-9.9319
-7.2754
-0.0145
6.4980
17.0446
16.3013
6.2843
-5.5230
15.3803
32.7484
39.3144
25.9256
16.7325
15.2279
15.1341
7.6950
-1.3945
-10.6813
-12.5426
-11.4590
-16.6433
-20.3520
-16.1317
-12.0133
-4.5082
-3.7064
-7.7778
-9.8113
-10.3547
-14.8637
-11.3748
7.4808
20.8440
21.3090
6.7113
-4.2474
1.9007
4.2171
-11.6417
-11.3216
1.5758
18.3628
16.9362
14.0184
19.7466
15.5473
4.6026
-3.8803
-2.3789
-5.5527
4.2804
16.2974
14.8908
14.7723
28.4962
28.7497
13.5707
10.4562
20.7579
36.1459
23.3359
4.4159
0.3297
3.4248
-1.9358
-5.3059
-9.2493
-10.1096
-8.4661
-3.0942
2.5137
3.1617
-0.1766
0.2608
1.1353
-8.0488
-25.0396
-25.1277
-20.4932
-19.7530
-21.3463
-20.1694
-26.2067
-35.6541
-37.3606
-42.5218
-43.3752
-37.9227
-32.7627
-27.8211
-6.0202
12.4392
3.8117
4.9841
8.6729
6.4528
9.4965
1.6940
-11.3088
-16.6970
-6.1152
14.6886
28.3125
30.8223
42.1112
48.7376
44.0048
45.5346
40.3625
30.3456
22.0681
17.8562
8.1434
-4.0650
-2.5884
-3.4220
1.1246
1.9322
12.3170
13.1358
5.8232
-0.3769
-1.7147
-1.5686
-6.6799
-12.9158
-19.8681
-23.0592
-19.5799
-14.7626
-10.2283
-5.2101
-3.5888
-3.6651
-2.1281
-1.0144
-1.1827
0.6041
6.1085
5.7035
-5.8738
-10.4423
-12.0774
-16.1077
-20.4265
-20.4303
-18.5249
-12.4553
-9.4676
-12.1217
-12.2878
-10.2987
-9.2514
-10.6059
-13.2327
-17.2526
-18.6375
-21.9259
-16.1984
-10.8946
-12.0386
-16.1678
-13.2285
-12.3714
-12.5761
-9.1680
-7.8633
-7.1830
-0.2882
-4.8307
-10.7521
-12.7567
-13.2542
-12.5759
-12.2167
-9.6857
-2.3469
7.5481
21.5839
12.5410
3.1513
0.9790
0.6593
-0.0986
-3.4786
-2.7770
-2.3536
-3.9334
-9.5709
-18.0687
-21.6854
-25.5293
-19.2440
-11.7259
-9.4495
-7.2926
-8.4215
-6.3277
0.0014
8.7239
8.3624
6.4319
4.3762
-2.1399
-4.1531
-5.0411
6.0124
4.2321
-4.1300
-1.5472
-1.7065
2.0661
0.8819
2.7017
0.8224
6.6082
11.7498
11.8123
10.8662
1.7150
-6.1563
-3.0663
-5.6718
-6.1009
-2.7596
-4.2565
-8.8207
-7.5436
-4.3746
-7.6974
-3.2338
-3.1398
-5.7012
-6.8169
1.3928
6.9335
8.0462
12.0727
11.6258
12.1680
14.2674
13.8697
16.4903
15.8314
14.0930
19.7131
17.8546
7.5344
7.4711
12.0915
12.9827
11.4815
9.1305
11.9723
6.7997
2.7369
-0.1125
1.3851
-1.4256
-1.2232
-0.4256
-0.4101
-1.4305
-1.0515
-1.1440
-0.7417
-0.1844
-0.5555
-2.5290
-2.4427
-2.1812
-3.2959
-2.2596
-1.5856
7.6165
-1.9458
-2.9299
1.7273
-0.3089
-5.7824
-7.7274
-7.1629
-6.3338
-3.9197
-5.9284
-9.1386
-13.9186
-16.9753
-14.5519
-5.0598
-1.6816
-1.9661
5.3202
3.8979
-0.3871
-10.4735
-6.5695
1.1157
0.6666
-1.1378
-4.6449
-5.5097
-5.0260
1.1914
2.4345
6.6587
6.8437
5.1720
3.5853
1.0437
-2.4375
4.7967
11.1621
7.2084
2.3357
5.8593
7.9668
3.6794
-2.6098
3.6056
3.8058
-3.9801
-0.4671
-6.5653
-15.5682
-22.5850
-24.2395
-23.1693
-16.2617
-11.9166
-15.2299
-18.9378
-16.9801
-17.6037
-15.6751
-14.0340
-14.5932
-1.3249
6.0701
-3.3560
-10.8792
-6.8980
2.0392
6.0436
-0.4414
-0.2263
7.1580
1.8827
-11.7304
-17.9665
-17.4127
-14.4575
-1.1013
9.9051
22.6915
25.1602
12.1113
3.7165
-5.7572
-10.9794
-7.1069
-7.1827
-8.7439
-16.5284
-15.6865
-17.7680
-23.3844
-24.9685
-17.6828
-21.5502
-20.4311
-12.3208
7.8304
11.7021
4.0500
0.5415
4.7753
15.3092
13.2842
2.4005
-9.0959
-15.3370
-16.9383
-13.7057
-7.5521
-7.1606
-8.7436
-3.9814
6.1394
10.5061
14.3065
12.2518
14.4199
14.3782
9.3358
4.6591
-3.3292
-2.9394
-3.3531
-4.6475
-5.9575
-3.1013
8.0051
10.5347
9.2562
10.0408
7.7978
1.2843
-0.8603
-0.7839
-0.3029
3.5577
4.1262
2.6119
0.9579
0.8852
0.9432
0.4608
0.6968
1.5978
0.5466
2.6089
1.5946
-1.0781
-0.3726
-1.2579
1.2101
4.4059
7.6145
7.9609
6.9436
6.4071
4.0057
-4.9141
-3.1006
-2.1074
-1.5875
-1.4695
-1.8020
-2.1725
-1.0764
-0.2351
-0.2753
0.3719
0.9736
1.6751
2.3740
0.2641
0.9008
1.2942
-3.5590
-2.1342
0.0980
-2.4366
9.8357
3.1565
-3.0657
-2.8025
1.7142
-0.4134
-0.5912
0.7840
5.0338
4.6664
1.0221
1.9456
4.3338
2.0621
-3.1685
-6.5488
-9.8318
-10.8713
-7.7788
-6.5244
-11.5254
-15.8696
-10.8766
-8.6268
-5.5217
-1.1966
-1.0485
-1.4358
-1.8199
-2.7206
-1.7427
0.5765
2.0354
1.7133
-0.0688
-2.0776
-1.8790
-0.5619
-0.5968
-1.3273
-0.9996
-1.2731
-0.3953
-1.0305
-1.3427
-1.2232
-1.4900
-1.6821
3.2226
1.4117
4.8001
1.6297
-7.2659
-7.0758
1.2000
0.5215
-0.5521
-1.1891
-4.3169
-6.6232
-13.2163
-10.0562
-0.3426
1.0918
-1.3586
-0.2877
-0.1827
-3.7910
-6.2101
-7.7468
-7.3421
-10.5992
-16.4549
-17.1454
-19.3135
-17.1475
-9.6593
0.6069
3.4888
0.7055
-5.0998
-5.5196
-4.4914
-0.7754
-1.5733
1.6731
-9.5423
-19.1708
-18.3839
-6.5144
-0.1518
-13.6586
-25.5180
-23.7408
-15.4428
-3.4100
22.2014
31.9440
31.8857
18.8664
12.8146
11.2537
6.5278
8.5678
7.3519
6.3005
8.1379
1.8642
-8.2113
-8.1355
-9.3581
-6.4204
-3.1959
-1.8987
-5.2730
-4.9867
-2.6053
-2.0901
-4.7340
-3.0202
2.5032
-2.9789
-8.3399
-7.6212
-5.9494
-9.6109
-5.8446
-0.0706
-1.9874
1.7309
-2.2042
-3.1185
-6.6281
1.1654
18.0720
11.8669
-5.6399
-17.0855
4.6553
5.5332
1.1290
-5.1647
-9.9955
-9.8696
-9.6751
-4.9662
-3.1543
-4.2960
-13.3469
-17.0484
-18.3683
-16.1337
-5.8175
0.9430
-5.0291
-10.2681
-13.3624
-14.2354
-9.3136
-7.8630
-2.7481
0.0538
-2.2008
-10.3801
-9.2559
-5.8386
-7.6452
-10.1043
-8.3959
-6.4688
-3.2860
0.8929
13.8987
13.8901
11.1977
9.7081
5.5178
-0.7373
-0.2964
-0.7255
3.2737
3.5952
2.4386
1.0549
0.0777
-1.2159
-4.6814
4.7100
0.4393
-0.8295
-4.3616
-5.0189
0.8637
3.9508
6.6859
9.2904
7.6764
-1.6613
-13.7897
-20.8593
-21.3183
-21.6891
-17.4776
-15.9154
-17.9924
-13.9538
-9.8858
-9.5690
-14.4531
-16.7219
-17.2320
-15.7264
-14.9688
-10.7833
-8.9357
-8.9993
6.2718
10.7914
6.2076
6.8482
3.0847
-4.1218
-4.1564
-9.4722
-16.9854
-22.2258
-22.9824
-23.0660
-23.5598
-24.9046
-27.9191
-26.3498
-26.3261
-21.0271
-15.7943
-18.5746
-20.8829
-19.5048
-18.4187
-19.7732
-16.9653
-15.8692
-18.5641
-13.9317
-3.9673
4.7074
1.4614
-0.6613
-3.6291
-8.1006
-2.0636
-1.8246
-7.3545
-6.1500
-2.4713
-5.9301
-5.6580
-3.9814
-7.4261
-9.5346
-7.0670
-7.2394
-7.3419
-6.2765
-5.0823
-2.2877
5.9749
21.3880
24.0421
19.3073
17.6851
8.2291
3.7586
10.8867
6.3987
-1.4774
-2.1360
-6.4723
-13.0562
-8.0109
-3.1482
4.3894
0.5009
-9.8343
-10.9874
-14.2536
-11.7579
-12.7334
-7.7526
-7.3334
-7.0352
-6.3601
-5.9702
-3.0622
-2.2939
0.2060
-0.1907
-2.2845
-3.4132
-9.8029
-9.9102
-7.6316
-2.6797
1.3620
-1.7106
-4.0867
-2.6424
0.7726
0.5857
0.5263
-2.9069
-2.9467
-6.8223
-2.0444
-2.5674
-4.4325
-4.1940
-3.8034
-3.8475
-0.3341
-0.4057
-3.3319
-2.8533
-3.6252
-5.3223
-8.2422
-6.6673
-3.5201
-0.1664
1.2983
0.6988
0.5286
0.0640
-0.9752
-1.7579
-2.2077
-0.7177
-2.1429
-4.8880
-13.2247
-11.2541
-2.4347
2.5198
0.7285
-5.5417
-3.7868
-4.1383
-8.2830
-15.7920
-16.3267
-11.4972
-5.6932
-4.4320
-0.6406
2.5967
0.6786
-1.3595
-0.4264
2.2908
-0.3570
-5.2349
-5.8648
-3.8857
-12.1091
-14.5159
-12.4974
-11.8820
-14.9738
-15.3480
-13.6652
-18.2795
-20.8943
-15.8982
-12.7830
-12.0033
-9.7081
-4.0315
-0.8737
1.7444
2.3305
-1.0127
-0.9490
-0.7609
-2.5695
-1.7593
-0.5183
0.5884
1.3069
1.7951
0.8378
0.9110
0.8980
-1.2727
-2.1337
-1.5040
-0.8028
-0.5974
-1.0718
-2.3684
-4.3462
-2.9398
-2.8620
-2.6669
-5.0909
-5.5679
-2.6308
1.2264
8.6923
5.2414
2.2556
3.5179
4.1422
2.3819
2.1909
5.2789
5.1565
7.6893
5.1038
5.5465
7.8956
5.9377
1.2665
-2.5957
-5.4175
-0.8579
0.8511
0.0434
-1.1368
1.1412
1.2854
-6.2262
0.4380
6.2725
4.5265
4.0689
1.8524
-2.3498
-0.4203
0.5730
0.0998
8.3939
9.5093
9.9405
6.6476
6.0703
4.7094
1.1027
0.9821
1.7894
-4.2683
-5.8026
-7.5221
-9.7719
-4.5548
-4.8207
-3.2331

Coefficient 29:
0.0000
-3.3722
-0.1284
-0.1545
-0.6123
-3.7605
-3.1974
-0.3985
-1.4728
-1.4208
0.4040
1.2457
-0.9057
-5.8195
-5.6562
-1.4348
-3.2486
-3.4627
-2.8768
-1.6876
0.4681
-1.4318
-0.1350
3.4914
6.2157
-0.0056
-9.3021
-9.9370
-8.7417
-7.9127
-10.5305
-9.2090
-12.0007
-10.8917
-4.7247
2.4715
2.1702
-3.5596
-2.8243
0.5116
6.0881
8.7655
6.0720
-1.4529
-8.0175
-14.1248
-10.2532
-5.9702
-3.5255
-6.0186
-2.9284
-1.4635
-3.0598
-3.6290
0.5253
1.3621
-2.7117
-7.5013
7.2432
6.4258
4.3684
0.0089
4.6486
21.5492
15.6682
0.9813
-6.2072
-14.5367
-16.1340
-4.0496
2.0195
-5.0358
-18.2234
-13.1766
2.1733
16.0492
24.4804
13.5959
3.4367
2.5502
17.6798
30.9284
30.6404
24.4436
17.3687
-0.0425
-0.3908
8.4571
12.8623
10.2722
6.5717
12.2493
19.8009
11.3887
2.9033
-2.0357
-8.1469
-10.7602
-14.6262
-14.7676
-9.5587
-6.7502
-4.1775
-3.4054
-3.3952
-2.9008
0.1268
7.1666
5.9723
4.4644
4.3882
7.7020
13.1999
16.5421
12.9467
14.0359
12.4551
6.1508
1.0471
3.7176
-1.1407
-4.8385
-6.0220
-6.2900
-9.2793
-4.5577
-4.7501
-1.3521
-1.3138
0.5428
-0.3658
3.6068
-2.6933
-4.3710
1.7010
5.4330
8.6955
17.3172
24.8159
30.4938
30.0571
25.2536
19.6782
19.7748
19.7843
16.3144
7.3144
3.4868
-1.7242
-2.4866
-2.5787
-2.6737
-2.3171
-4.8079
-3.6851
-1.2516
-1.6239
-2.0639
-1.8920
-1.9247
0.2157
-0.6565
-1.5515
-0.9459
-0.6785
-0.3613
-3.4396
-3.7335
-2.9383
-5.8031
-2.3440
-1.5849
-1.3442
-0.0119
-2.4289
-10.2346
-15.3572
-14.9228
-14.4384
-13.2089
-17.4556
-20.4974
-18.6714
-13.4527
-5.6581
-0.9070
-5.1367
-5.8908
-2.3437
1.5740
-6.5509
-6.3901
-7.1720
-15.2409
-20.4640
-21.0647
-19.3855
-15.5137
-9.7412
-11.6703
-15.0447
-13.1970
-13.4484
-7.4963
-4.8014
-3.6170
-5.8662
-1.0261
1.5012
1.0773
-0.9291
-0.4755
-3.8138
-3.1300
-2.9432
-1.1960
-0.3223
-1.2656
0.1673
-1.5038
-0.8921
-3.7002
-10.8746
-15.4871
-15.5902
-11.8613
-8.9268
-9.2607
-8.9893
-8.7071
-7.0569
-3.0181
1.8172
-3.6984
-11.0697
-6.8017
-10.3354
-16.5985
-11.6641
-7.3261
-10.7004
-11.9162
-11.3960
-9.3720
-6.0143
-4.2910
-1.8766
-0.3387
-1.1496
-0.5592
-4.5990
-8.5826
-5.9457
-7.4914
-11.3260
-10.6187
-12.0787
-7.3741
-4.0420
-1.9160
2.0663
2.2878
0.7553
3.2962
4.6813
6.5772
10.1408
11.0096
9.4552
10.0331
6.1310
5.3862
3.2646
0.2032
-13.2025
-25.0001
-26.0920
-21.9224
-16.5786
-15.6028
-12.8086
-9.7484
-8.8202
-7.7409
-6.8369
-8.6119
-11.5476
-10.2081
-7.0014
-8.1317
-5.4980
0.3517
0.1469
-0.4798
0.4710
-0.2082
-0.2082
-0.0883
-0.4921
1.4487
-0.9861
-5.0094
-4.3303
-2.3803
-1.3295
0.1809
0.8961
-0.4852
-1.2341
0.1431
12.7857
16.4494
15.4644
9.4390
-0.7362
6.6226
6.3564
-2.5413
1.5336
2.0627
-3.2367
-3.1674
-4.2520
-12.1483
-21.0353
-19.3517
-12.7914
-11.9660
-15.5133
-13.4206
-5.7814
-5.9519
-4.1497
-1.0166
-2.5617
0.8238
-0.5093
-7.3332
-8.6164
-6.8242
-0.2682
10.1667
10.5919
-3.2896
1.2314
0.7990
-4.6258
-10.9969
0.1195
2.6771
-8.8133
-11.1788
-14.9973
-15.3408
-14.0505
-10.5461
-1.2752
4.1645
16.3517
4.9769
-2.0913
-2.5331
0.8875
-0.6102
-2.9513
-4.7235
7.2072
8.3647
7.1313
1.8445
-6.0618
0.0249
3.8537
1.7558
1.0541
-0.1249
-0.5059
-7.6225
-7.7519
-4.4629
-1.7391
-2.4837
-3.8656
-2.1127
-4.4824
-3.5544
-5.6015
-5.6697
-3.8265
-0.9700
-0.3181
-0.0522
-0.0722
0.5849
-0.6365
-4.0576
-3.9846
-5.3356
-5.4546
-3.8305
-0.0591
-0.7052
-1.6359
-0.5338
-0.1629
-2.2034
-3.8198
-5.1530
-5.9497
-3.7125
1.4685
2.4321
0.7174
0.7467
1.0581
3.9089
16.3151
7.6328
-9.4288
-9.4700
-1.9257
-3.9089
-8.7021
-8.0522
-8.7724
-3.4520
1.0976
0.6362
1.4413
-1.3878
-5.8032
-7.4002
-5.2338
-12.3619
-13.3050
-10.5339
-10.4366
-6.4925
-1.6340
5.5824
0.3725
-6.6332
-4.8517
-1.5074
15.6855
31.0413
39.8669
39.3948
29.3389
16.7602
11.4711
4.1049
-2.9189
-6.0024
-10.8809
-16.5657
-15.3818
-0.7471
3.7804
-1.9926
-2.1946
-1.5951
2.8669
7.5992
9.8664
3.7822
4.1683
4.9716
-5.6039
-5.5889
-10.3044
-11.1092
8.0668
24.9634
33.9697
25.4683
9.3238
6.9893
-5.9429
-4.9653
3.6802
6.5789
-14.9947
-16.8955
-8.8912
-2.5210
4.3344
12.2999
26.4359
33.0569
22.2754
17.8267
15.2356
8.9159
2.2546
7.3095
8.6938
5.9410
-3.3639
-4.1219
4.7345
29.3537
34.8450
27.6404
16.0261
9.7755
-2.2083
-6.1600
-7.5077
-2.0814
4.8798
-0.1630
0.8211
-2.9772
-1.8974
1.5615
-0.4845
4.0518
5.6069
5.3315
13.5700
29.8546
26.7834
8.8663
-1.1198
5.0145
7.9809
5.5945
5.8025
5.3997
9.3698
1.8768
10.0545
21.2926
30.6603
35.8379
37.1190
35.4734
35.0877
25.9827
11.3087
3.6939
-3.0338
-8.2902
0.2570
5.2450
5.0078
2.4741
-0.6328
-4.8581
-10.8721
-12.7736
-5.1959
-5.1179
-7.1583
-7.3603
-4.7917
-3.5965
1.9019
1.2083
-1.2742
0.4571
9.5908
11.3532
13.8170
12.7586
-1.9823
-14.0291
-17.8746
-16.4398
-20.0913
-14.2478
-5.4764
-5.9352
-2.5891
-2.3804
-0.0386
2.5478
7.2363
8.6468
6.6216
-1.2085
-3.7240
0.1025
-2.1528
-16.4911
-9.9602
0.7990
7.1912
9.2011
9.1887
8.4506
8.2449
11.0642
8.2539
-0.2763
1.8113
9.4538
7.9641
9.5439
8.4485
-4.5080
4.0871
16.7614
26.7546
25.5351
28.1609
32.5806
20.6194
7.0353
-1.3899
-5.3309
-8.4717
-9.7844
-7.4229
-3.0620
4.5113
2.9111
14.4021
21.5925
7.1168
-8.0722
-14.1932
-21.2222
-20.9577
-7.7171
-13.1963
-9.5009
-13.0662
-13.3558
-16.7362
-15.8065
-11.0141
-8.4474
-6.8992
-2.5954
-2.5574
-6.1063
-4.5830
-7.0870
-4.4329
-7.5270
-14.7327
-11.5552
-1.8085
4.5997
1.1067
1.1644
0.0102
0.4869
-0.0787
-1.4566
-2.4790
-2.8490
-1.1923
-0.9015
-1.5843
-0.5065
-5.1378
-15.6903
-14.9106
-10.3169
-12.6658
-16.9274
-17.8274
-16.3898
-10.5599
9.5181
7.5612
-3.7664
-8.5719
-5.2377
-0.0541
-5.0200
-2.8878
-0.8987
-3.3503
-5.1345
-5.9073
-6.4489
-3.3481
-0.4455
-13.5983
-23.5342
-13.9549
-7.4629
-6.5022
-8.2850
-11.7106
-7.7452
-8.5699
-9.1819
3.5023
-1.7587
-8.8240
-11.5004
-10.8336
-7.2307
-7.4613
-9.6104
-9.5029
-8.0561
-10.0080
-6.5739
-0.7107
-2.2240
-0.6651
-2.4197
-0.4105
3.3337
2.7324
-4.0222
-13.6601
-11.6516
-12.1002
-10.7859
-5.5370
3.7456
0.7220
-7.2666
-6.9187
-3.1907
-2.4066
-1.1851
-1.0530
-0.4643
0.8414
-0.9938
-2.3842
-4.2545
-4.0747
-3.6683
-0.5008
-0.9905
-0.6989
-0.1584
-2.7105
0.1209
-2.8048
-4.0386
-6.8802
-13.6573
-9.3352
-9.2834
-5.8093
-5.0039
-7.0058
-5.1702
-4.6142
-3.3015
-2.1870
-10.6167
-17.6530
-16.3174
-14.0958
-10.5606
-12.5236
-14.3665
-16.7730
-4.6764
-5.7612
-5.9948
-8.3378
-9.8462
-8.0231
-7.4132
-10.9159
-8.9932
-8.0084
-7.8027
-5.7653
-12.7849
-10.1112
-4.6632
-1.5637
-4.3404
-8.0495
-7.4105
-10.6031
-12.3056
-5.6472
-2.5195
-6.0485
-7.2104
-5.3663
-3.6239
1.8557
-0.3292
-0.4518
2.6233
5.2751
2.8562
-0.8910
-4.3215
-5.0358
1.8920
10.6304
6.7329
0.3389
-4.7114
-6.4154
-1.3381
11.3970
7.9264
-3.9075
-12.0027
-23.5794
-9.3375
11.8595
30.6928
29.7982
15.5488
13.3747
13.7286
9.0596
7.3798
3.8055
4.1639
1.4796
-3.8816
-7.3310
-13.7917
-18.2406
-15.8527
-11.5814
-15.6031
-13.9268
-9.6307
-11.8141
-8.0205
4.3368
11.8845
25.1118
13.5501
4.5765
9.8378
7.6801
-9.6354
-14.9719
-8.2504
4.0557
14.2559
21.0052
20.0303
19.7217
16.6715
6.1753
-2.4008
-4.9052
-5.8838
-3.2588
1.7248
7.6230
18.6398
13.0934
-0.9299
-4.6401
-10.1389
9.4996
11.5203
-6.1992
-14.9395
-13.1989
-11.0919
-11.2653
-17.4886
-21.9577
-9.9782
-11.1662
-10.2376
-13.4876
-5.7095
-4.4861
-8.6908
-8.6312
-14.0219
-10.1982
0.8828
1.0756
-4.5072
-11.3622
-9.6714
-12.3654
-3.5782
-2.4107
-4.3168
-8.3070
-8.5461
-11.9829
4.6997
13.0664
6.5597
0.3876
-6.4664
-7.0343
-1.4081
2.5373
6.0872
0.7291
-2.9257
7.1548
28.9548
38.8069
42.3445
42.7036
38.1074
35.0875
29.7764
23.8588
13.5945
11.3305
8.4016
3.5166
4.0693
5.8463
3.0117
-1.1746
10.2922
10.5649
5.7578
-1.4258
-8.2044
-4.6044
-2.7179
-5.4624
-8.7124
-9.8409
-13.6962
-13.0413
-7.8921
-7.1207
-6.5577
-8.3631
-10.7243
-5.5380
-4.2190
-5.5408
-2.1463
0.6278
-1.6220
2.7209
5.8231
4.3264
0.5839
-6.1481
-10.3590
-9.2804
-8.7632
-10.5750
-15.0924
-18.1638
-19.4501
-19.9487
-19.2982
-15.9617
-15.4147
-14.2136
-15.1636
-13.6411
-5.3051
1.4911
3.7547
6.3256
6.2355
-0.1563
0.9125
-1.7311
-3.8342
-6.9481
-7.7372
-9.1101
-8.0136
-14.9877
-10.7162
-2.5443
8.1092
23.7923
37.0928
36.5463
19.6876
3.5196
-8.1510
-18.7183
-23.5138
-26.2716
-27.9813
-29.1703
-33.5180
-27.6536
-23.8968
-19.5672
-17.4303
-11.2482
-6.5146
-4.3378
-3.6502
1.5005
5.0646
1.9971
0.0527
4.1343
6.7854
6.0059
3.5487
-2.6728
6.5925
3.2261
-4.5979
-6.2799
-11.7778
-10.4989
-12.1515
-7.6734
-7.6652
-8.5750
-8.0639
-6.6666
-6.5262
-7.9433
-6.3894
-1.9324
-1.8819
-9.5063
-7.8398
-6.4851
-10.8108
-9.7321
-4.8319
-11.1592
-16.3686
-15.1612
-14.4417
-18.7220
-22.1028
-18.7198
-18.8551
-16.5924
-16.6836
-17.7599
-19.3827
-21.3371
-17.6576
-7.1621
-3.3812
-4.1624
-4.5321
-3.9859
-8.9372
-3.5767
3.0498
7.4554
2.0840
3.8509
3.2350
0.2811
-1.2651
0.9455
-1.2499
-0.9275
-0.1992
-0.2683
-1.4761
-0.9298
-0.9222
-0.3165
0.1538
-2.3623
-4.6829
-4.9758
-5.1702
-4.8690
-3.6375
-1.3160
13.8137
6.8811
-1.5091
-1.3410
-1.0789
-7.5170
-16.5867
-20.5853
-19.4415
-18.1552
-18.7094
-19.5808
-12.1827
-8.0401
-9.3998
-9.7026
-7.1417
-4.8800
3.7017
-2.8773
-8.5529
-7.9131
-17.8747
-13.2638
-10.8150
-14.6395
-15.6547
-16.9488
-14.3109
-10.0730
-7.4628
-2.2877
-0.5352
-3.3096
-8.2123
-9.5852
-6.3981
-7.8137
-4.0636
-4.1663
-6.7072
-4.2896
-2.4355
-8.8542
-15.8022
-8.5645
-2.3373
-4.8063
-12.0381
-14.2890
-18.8350
-21.1782
-17.7689
-12.5106
-11.3980
-9.4863
-7.8570
-6.7852
-2.9021
0.9730
3.2120
2.8214
2.8998
11.4979
15.1516
5.3164
-1.1600
0.4533
1.4536
8.4340
7.0626
11.6434
17.2892
2.8959
-19.0990
-20.6285
-12.8547
-6.5020
3.6614
-2.5134
2.9847
11.2003
0.4016
-7.9426
-11.9274
-12.2223
-10.4514
-15.6419
-19.7394
-18.6857
-10.6956
-7.6909
-6.8077
-2.4841
-1.0514
-2.4987
-1.9924
-0.2193
6.6421
8.6982
3.6882
-1.9068
-7.7668
-2.2194
-3.5956
-6.0597
-7.0321
-10.6085
-14.2587
-10.7429
-15.2091
-14.3880
-13.2853
-11.1996
-16.1102
-15.7418
-11.0063
-7.1865
-6.5970
1.1888
2.4063
-0.5721
1.4919
0.1580
-3.9979
-4.5597
-2.0373
1.9017
-0.7668
-6.2069
-7.5492
-5.5122
-2.3436
1.1179
-0.4085
-0.4811
-0.8185
-0.9760
-2.6039
-5.5469
-5.2422
-3.0780
-4.0068
-5.3477
-5.1870
-5.0051
-5.2434
-3.2452
-4.3155
-8.4326
-9.9690
-9.0486
-7.9332
-2.8142
1.4876
-0.6910
-2.0297
-5.6783
-4.2410
-2.7389
-0.5751
-1.7866
-1.0862
-1.1045
-1.5940
-2.1079
-1.1841
-0.4769
-0.3082
0.2587
0.5127
1.6913
2.3472
0.1519
-1.9362
-0.8447
-4.8100
-7.8227
-5.4181
-1.9074
10.2559
10.2749
-1.8516
-10.4478
-9.4663
-14.9863
-16.5731
-14.6262
-11.2411
-8.8076
-12.2287
-13.0752
-11.0835
-9.8140
-12.4487
-16.1995
-17.5653
-18.4797
-13.4745
-9.8462
-10.3403
-13.3978
-10.1512
-5.1487
-1.9373
-1.4557
-1.0310
-1.7563
-2.1030
-2.9050
-1.8619
-0.7146
0.5986
0.9493
0.0674
-1.9013
-1.8502
-0.0311
-0.5083
-1.3325
-0.8970
-1.2485
-0.2976
-1.2209
-1.5263
-1.2296
-1.4712
-1.1874
-0.6214
-4.7821
0.1589
3.3150
-8.5369
-6.9474
3.0526
2.5686
-2.6302
-3.1169
-6.4865
-8.0707
-8.6124
-4.6271
-3.5656
-0.7883
0.4700
-1.0415
-4.7130
-6.9043
2.1249
-4.6513
-6.3730
-9.3032
-16.7525
-19.2515
-17.4887
-11.6272
-3.7526
-0.6651
-2.5752
-8.4251
-11.1740
-8.8749
-9.8478
-9.1078
-3.5102
7.2237
-3.6486
-13.3799
-13.4353
-10.7399
-2.5806
-6.8694
-10.5472
-13.7977
-11.7284
-14.6281
-2.7339
5.3290
23.8828
23.3508
7.8012
6.1010
11.6763
7.2333
10.0932
7.7014
12.9339
13.5996
-2.5010
-13.9799
-15.0563
-9.3912
-9.3816
-4.5304
-11.6794
-20.3824
-13.2148
-7.1649
-7.6218
-4.3680
1.3442
-7.8998
-12.7986
-16.3182
-21.6769
-20.0487
-13.2663
-7.9633
-11.3359
-3.6308
-4.1796
-9.2090
-9.7861
-1.0606
4.9157
-6.5910
-12.7164
-25.0443
1.0009
16.8271
17.7074
15.0771
7.6441
-2.1847
-6.1700
-4.6564
-11.3701
-10.5913
-8.0178
-7.2470
-2.2397
-1.1976
0.6597
5.4975
2.6717
-0.6845
-10.0247
-12.4313
-6.4853
1.5701
3.0085
-3.3751
-9.9376
-20.4139
-24.2126
-21.2015
-19.1161
-17.8420
-11.0790
-8.2063
-7.1887
-5.6900
-6.0664
-9.9579
-11.2177
-12.3037
-9.5419
-3.6826
-2.0993
1.0295
2.2815
0.1745
-1.0568
-2.2433
-2.0906
-0.5636
-5.8077
3.6553
-0.5665
-5.5674
-8.9873
-8.0692
-8.3088
-9.5552
-7.7270
-9.3123
-10.1864
-14.0522
-16.3152
-19.0358
-20.1770
-22.8274
-26.1370
-27.5739
-22.5355
-14.4058
-7.9737
-5.8258
-7.7710
-11.3680
-15.3045
-19.2659
-20.3859
-20.8089
-19.9670
-13.8459
1.8491
16.5936
10.4436
3.9715
2.9804
-0.2499
-2.9990
-4.5384
-5.6735
-16.5346
-25.3261
-22.6899
-16.4633
-12.8937
-11.1563
-7.5802
-6.3580
-8.6407
-7.9405
-8.2180
-15.4168
-17.2993
-19.9566
-19.6709
-14.7643
-8.8237
-7.9579
-13.2387
-12.4241
-12.9584
-11.6298
-15.3325
-16.2997
-13.7731
-7.9921
-3.7979
-7.6105
-10.7935
-14.0976
-21.3865
-18.2046
-11.4770
-5.9114
0.4672
-0.9449
-4.4565
-6.4300
-6.9580
-7.9045
-3.7716
-7.1639
-2.4300
-2.1200
-6.1897
-5.2783
2.6086
2.2116
24.9492
20.7552
4.2647
-2.7704
-14.8600
-26.4731
-22.1398
-18.1401
-8.1723
-7.4312
-8.4472
-10.1691
-11.8839
-10.6145
-8.7088
-7.9937
-9.3737
-9.7182
-7.0559
-5.6229
-1.8876
-3.3341
-14.3520
-16.5898
-11.6291
-13.1251
-12.9129
-11.5287
-9.4635
-4.8604
2.6368
3.7326
-3.1930
-1.6963
-1.5046
-4.9314
-6.3134
-8.5312
-5.8059
-7.6714
-6.9778
-10.3629
-6.5644
-0.1765
-1.4851
-9.3438
-12.5857
-10.1795
-9.4543
-8.0015
-4.0062
-6.0425
-7.9729
-4.8615
3.2077
1.2862
0.9706
0.8732
0.5096
0.0106
-0.9746
-1.5918
-0.0021
-5.8905
-5.3993
-2.3723
0.9588
1.5380
-2.8356
-4.4589
0.4621
-6.3426
-10.5739
-13.5464
-12.2662
-12.3636
-8.4691
-6.2095
-4.1958
-1.1452
-8.5225
-11.1351
-6.8442
-10.3900
-13.3926
-10.3042
-11.5575
-16.3281
-18.7581
-11.7220
-10.8868
-13.5338
-16.5928
-14.2826
-10.6382
-4.6190
-2.7853
-6.4317
-8.5129
-6.8344
7.8335
11.3661
10.7723
4.2738
5.6234
5.8335
6.7113
3.6176
1.2988
-0.6434
-2.6295
-1.5495
-0.3773
0.6015
1.4424
1.7489
0.8330
0.7143
0.7474
-1.2209
-2.0693
-1.5981
-0.6918
-0.6560
-1.2933
-2.2837
3.6880
-0.8621
-6.6328
-7.4849
-9.0860
-4.7817
-0.2550
-7.3676
5.1992
0.3623
-2.5327
-7.0329
-7.3207
-14.4197
-22.4760
-21.9388
-17.6147
-12.8292
-7.1124
-1.3859
-4.6878
-5.3931
-3.8788
-5.5249
-7.8546
-4.1605
-2.6822
-1.0368
-1.1108
1.3787
1.7800
-2.4406
-2.0316
-8.8865
-12.5718
-10.6648
-8.2422
-13.0211
-12.0361
-5.8690
-3.6203
3.0414
1.4492
2.9975
3.3672
1.8949
2.0974
2.3070
2.0904
1.5603
-2.9285
-3.9068
-4.4357
-11.5167
-15.4670
-12.0730
-4.9056

Coefficient 30:
0.0000
-3.5871
-2.4115
-0.9604
-2.6528
-6.2279
-4.7869
-0.2065
-1.2328
-0.7806
0.9877
1.0038
-1.0883
-3.7665
-2.2982
5.2623
6.5381
4.7071
0.8251
-3.0979
-3.3374
-5.8677
-6.8964
-3.6149
-1.9451
-6.6667
-8.4035
-4.6764
-3.5684
-4.0082
2.0575
5.6685
-0.1502
-1.4121
-0.4222
-0.3100
-1.5384
-4.2270
-5.1030
-7.1550
-7.0829
-5.6779
-5.8035
-3.9993
-1.5173
-1.8307
-4.3074
-6.3989
-4.3809
-2.2770
-2.1463
-8.1479
-12.0981
-8.6810
-4.5556
-5.6803
-12.9778
-13.6393
0.8881
8.6614
9.4677
7.5043
9.3866
15.1448
11.9064
9.7357
8.7105
2.8637
5.6576
10.9923
14.6559
21.9401
13.3353
-3.1576
-0.8299
8.8774
23.6640
34.0914
29.9114
32.9786
41.9750
38.0901
32.3476
30.7841
24.6138
9.1611
5.7516
3.6867
0.6271
2.0187
2.3829
0.0849
4.0579
-3.5634
-10.8306
-9.6724
-10.1462
-14.0662
-13.7980
-4.5449
-0.9261
-4.9790
-9.7460
-8.4842
-1.4879
-0.0006
3.5436
12.0075
12.8446
17.0950
18.1924
13.4231
8.0902
5.9421
5.6507
6.6776
4.5194
0.0798
0.0212
0.8642
0.3956
2.9685
5.0768
3.0809
1.3201
3.8766
7.7215
13.9382
16.7769
15.5630
10.2498
10.9648
11.1896
12.3829
15.5315
18.1617
17.0328
20.9300
21.0985
19.1073
23.9702
20.7415
10.2709
9.1519
10.8984
4.9223
6.7210
4.5279
-3.5435
-4.0421
-1.0469
-3.4762
-6.6278
-8.3022
-8.5072
-4.0643
-1.3332
-1.7145
-1.8852
-2.5678
-0.9838
-1.0465
-1.0694
-0.6098
-0.4797
-0.0727
-4.0789
-4.8879
-2.3537
-3.0577
-1.9407
0.8079
2.0571
3.9988
4.5860
5.1973
7.7793
6.0882
2.6751
-0.3232
-2.7523
6.4623
9.1753
8.4301
4.9374
-0.6276
-6.7249
-7.1284
-0.6854
2.0811
9.5306
13.6174
9.8521
6.4648
9.2362
8.7748
4.1358
2.1416
4.8372
4.9125
3.0156
-3.5672
1.9153
-1.5096
-6.6304
-6.2231
-4.1453
-1.2915
-2.2793
-0.9065
-0.8098
-3.6295
-6.1511
-3.5196
-2.2465
-1.2808
-0.1187
-0.9224
-0.1115
-1.5158
-0.1988
-5.3983
-10.2768
-11.1217
-11.8050
-14.0056
-15.7012
-12.1772
-9.1320
-5.6760
-4.9438
-0.2653
2.3044
-2.0770
-3.2113
-2.3214
-9.9572
-12.5748
-9.7131
-15.6407
-16.6300
-17.3995
-11.3383
-11.4217
-7.2157
-4.7704
-4.0961
3.2477
5.8636
1.5164
4.3953
4.7134
1.4058
-3.7573
-3.5833
-5.0795
-2.4230
-1.9460
-1.3185
-4.1352
-7.8753
-8.3696
-6.2549
-3.0303
0.0057
-1.5931
0.4363
2.3475
6.5498
10.5911
11.8999
11.6591
7.2779
6.2104
7.9623
2.3764
1.3773
-1.9144
-1.7489
-2.0257
-4.0979
0.1395
3.1322
2.2454
-1.9109
2.9717
6.7226
7.5755
8.8659
4.3507
0.7328
2.9250
-0.8522
-0.6601
0.5137
-0.0668
-0.3150
-0.4590
-0.1661
1.9171
-0.6223
-4.4048
-4.9829
-2.6903
-0.8469
1.3481
2.3035
0.5057
-0.9317
-0.4887
4.2162
11.9320
14.4792
15.5655
7.7225
5.4017
-1.5288
-2.5840
8.4548
4.2483
-2.8907
1.6248
0.5891
-6.0206
-7.5153
-5.5943
-6.9657
-5.0455
-3.3478
-6.0151
2.3856
2.8436
-3.0779
-3.0555
-0.9862
-0.1282
1.0646
-7.0020
-9.2266
-9.1870
-17.7071
-8.6898
-0.6330
0.0814
-5.3795
-1.5811
0.6142
6.6832
8.2307
12.1197
12.3541
12.3252
10.4824
4.7699
0.5920
-0.2402
-2.6880
2.5144
23.1767
12.9055
-5.1208
-8.4323
5.4782
6.0808
2.0261
3.8463
3.1903
1.7920
5.8548
7.4514
-3.5791
1.1267
5.1549
3.3199
1.9967
0.6466
3.1562
0.4915
0.6268
0.1108
-0.6617
-3.9733
-4.5814
-2.1121
-1.7900
-0.8462
-5.1148
-3.6368
-3.0863
-1.2252
-0.7227
-0.2697
0.0570
0.7045
-0.1148
-1.6982
-1.0139
-3.0968
-3.7027
-2.4910
0.1750
-0.1682
-0.9562
-0.3410
-0.0206
-0.3621
-0.1083
-0.4035
-1.4269
-0.8750
2.6094
3.8154
1.5243
0.4303
0.8633
1.1221
12.5155
8.2498
9.3160
14.3466
5.2221
-3.7943
-11.6937
-11.1111
-9.7652
-6.2677
-2.2736
-2.6374
-2.6693
0.6338
5.1149
3.3676
2.3556
2.8389
-0.4415
-3.6393
-4.5808
-3.2282
-9.3443
-2.9742
-0.0817
-7.8495
-10.1259
-9.7615
4.5932
17.2652
32.2247
43.2471
39.1850
33.2626
29.3602
21.9987
12.9916
5.5904
-13.8091
-24.5584
-16.0225
3.9231
6.9421
2.4057
-1.7772
3.4232
0.6957
-7.1662
-4.4821
2.4386
3.7634
-5.1790
-13.6112
-7.7441
-5.0220
-4.8621
3.2203
20.4400
18.5486
13.5297
4.9004
2.8864
-7.2822
-10.9797
-3.9728
1.9314
1.7482
-2.5097
-12.6376
-9.9562
-6.0088
1.4324
10.8105
23.1997
22.1329
17.8437
7.7985
1.9249
3.5057
13.0450
12.7566
3.4004
-3.4233
-1.3523
14.5977
29.0322
18.5478
8.1882
4.8821
2.8402
-9.2405
-12.0172
-17.1397
-16.2710
-11.9347
-5.3203
2.0526
-0.5849
-5.2545
-5.0632
1.8165
8.3024
6.5299
8.0844
10.5859
25.0038
34.7001
21.2303
7.9160
11.4157
14.4590
5.6867
4.2932
4.2718
2.2452
-9.8999
-10.5727
-7.3534
7.1256
19.7504
31.5544
35.2485
30.0883
19.8478
14.0912
5.5374
3.6415
-2.8507
-2.8691
-3.5042
2.5485
7.5844
3.8968
-1.3961
-2.2727
-0.5897
5.5297
7.0690
9.1955
8.6046
3.5422
0.3416
-2.7533
-6.3446
-5.5170
-2.1822
3.8049
0.4393
-4.5139
-5.4169
-8.8553
-15.8756
-11.8605
-3.2180
-1.0134
-2.4779
-7.6465
-11.4687
-15.0047
-11.1862
-5.1431
-3.9476
-5.6604
-8.1732
-8.7231
-6.6613
-3.4672
2.0061
1.4677
-4.7970
-15.2514
-13.7871
-1.6935
11.4386
20.4926
21.3294
15.9740
13.7977
11.6538
10.5582
26.1244
31.5633
31.8959
35.9710
23.2742
-2.3142
-5.5684
-0.2454
22.8579
34.9114
40.9180
36.0825
30.1680
12.8464
9.7587
9.6482
6.8938
6.9161
9.9166
6.8548
4.4059
-1.1194
5.1872
29.9886
30.3492
18.5447
7.6279
-8.9257
-11.7167
-1.1121
5.1097
-2.1258
-8.0992
-0.5415
0.7562
-0.2320
-0.0248
2.1908
-5.6499
-10.0533
-12.0920
-14.5828
-8.5647
-4.3816
-4.4520
-6.5293
-2.2651
1.3294
3.4835
1.1085
1.9791
1.2086
0.0510
0.4705
-0.1384
-1.5612
-2.2992
-2.6143
-1.1060
-0.9372
-1.7761
-0.7833
-0.1488
-7.3696
-11.1295
-12.4137
-9.8920
-11.6457
-10.6116
-9.5463
-5.5136
13.6661
19.2554
7.4832
-4.6102
-1.1586
7.3937
5.5614
2.8413
1.9926
1.1378
-0.2698
-1.2167
-4.1444
-6.0278
-3.2881
-4.2818
-7.2732
-6.9757
-4.6485
-6.9764
-3.1015
-3.7141
-11.8891
-12.8129
-8.2737
1.2137
-1.5504
-3.5912
-6.1405
-5.5084
-5.3225
-6.9015
-9.3994
-9.3514
-8.9759
-8.9610
-7.1560
-1.1284
-0.9879
-2.5733
-5.9092
-4.3459
-0.1778
-11.0176
-12.5413
-5.2064
-5.3769
-12.1112
-5.4705
-3.4937
-5.4015
-5.7892
-8.6377
-4.8545
0.3988
-0.2306
-0.5955
-1.0397
-0.5066
1.1108
0.3609
2.7364
4.0301
7.3476
3.9037
-1.1864
-0.6572
0.5891
0.3674
-2.4590
-7.8673
-18.9256
-16.6657
-13.7041
-10.8206
-6.0906
-7.8087
-8.2867
-6.6194
-5.6229
-5.1319
-5.3464
-0.0683
-9.8454
-14.2909
-17.3154
-12.0603
-9.2965
-7.3004
-10.9338
-7.7781
-3.1609
1.3415
-0.0426
-1.4924
-2.9614
-3.4890
-7.5963
-7.2802
-8.0590
-7.4273
-5.1459
-4.0635
-6.3538
-11.1698
-7.8291
-5.8971
-3.2314
-1.8543
-2.1725
1.6783
1.5464
-5.5186
-5.3983
-4.1892
-3.5625
4.5312
6.2099
0.2616
-0.4791
-1.8832
-4.2970
-3.3266
-1.0343
-1.7638
-2.1349
-5.1678
-5.2428
6.3744
10.9478
5.2322
-1.9739
-1.0494
3.9532
13.9691
24.0874
7.9793
-1.6304
-4.0184
-9.9211
-23.9556
-20.8780
-4.7550
14.8840
21.4973
24.9520
29.2428
25.3263
22.3673
23.8289
26.1532
24.8035
20.9819
19.3729
19.3077
15.3866
15.1139
15.9973
8.6934
9.4260
15.6863
10.8645
8.5304
3.4474
-0.1495
13.7503
15.0616
6.9317
10.1420
10.0372
1.9253
-0.0455
-4.8689
-6.7666
0.4265
6.8012
12.0845
21.3028
28.9325
21.2165
9.8129
3.3197
-2.9023
-1.2776
1.0651
7.0622
7.4149
-6.8312
-8.2496
0.9017
-2.7757
10.6696
27.1823
15.1228
3.4501
-0.6643
-2.8844
-3.4821
-1.5208
-0.6877
-7.1288
-4.1353
-5.0660
-1.1295
8.6135
9.8656
0.2199
-6.6233
1.5642
15.7089
28.6792
27.1575
19.3582
15.0171
12.5065
2.9246
-5.2703
-10.7352
-10.7724
-2.5304
5.5282
1.2849
5.7091
4.1384
-2.1499
-5.5720
-6.1357
-4.4013
-9.7123
-14.3931
-5.6377
0.7504
0.9950
-2.3463
2.6892
11.7913
14.8494
12.6563
14.8683
10.8368
4.9332
7.9980
7.2655
16.0157
24.1721
21.8741
19.1181
18.5732
13.0016
5.2929
12.1229
12.6087
8.6849
6.9612
3.1946
5.6816
8.8716
8.0408
-3.5486
-3.9901
-2.8590
-1.9165
-1.4757
-0.3832
-2.1038
-3.4214
-1.8985
-0.1078
-0.7508
-0.6173
-1.8155
-1.5646
-5.1417
-5.2877
-5.0728
-7.9361
-7.2581
-12.9588
-16.9590
-15.0336
-16.6353
-18.9472
-22.1923
-19.8636
-18.4101
-20.8331
-19.6682
-17.2736
-7.0408
-6.0298
-7.1345
-12.4252
-14.4944
-17.5693
-16.4428
-11.2768
-9.5380
-7.4370
-4.5089
-4.5537
1.0642
-3.5480
-6.8150
-6.3092
-6.4578
-15.3989
-17.8903
-3.6809
13.1708
21.1413
23.2229
33.4488
29.3409
13.8967
3.3988
-4.3954
-7.7516
-9.0915
-9.6544
-8.9171
-9.0311
-8.1907
-7.4512
-1.9009
-0.2367
-0.9587
0.0108
1.0740
1.1560
-2.6372
-1.8510
-2.6235
-3.3821
-3.9635
-2.5285
1.3596
2.0238
-1.2445
1.9819
2.7617
-3.0656
-5.6701
-4.1707
-3.6388
-3.6635
-5.4471
-4.9404
-1.8481
3.9217
11.7469
13.6986
9.8496
2.2750
-0.0283
0.9929
-3.9737
-1.1035
-0.3263
-9.0792
-10.1370
-5.5371
0.3310
-3.0488
-5.0212
-1.2374
2.9336
1.6443
1.9156
1.5229
5.7542
7.8789
8.4676
6.2340
6.0153
4.6086
6.0191
2.1956
4.0483
1.8313
0.4328
-2.1586
3.2749
8.8792
6.4424
-1.6305
1.8251
1.7750
-3.6768
-2.7122
-1.9953
-1.0893
-0.6309
0.0289
-0.1421
-1.5255
-0.8141
-0.7058
0.0820
0.4681
-1.5594
-1.7078
-1.4907
-2.7607
-3.0781
-2.3623
-1.0835
18.5319
19.4503
6.7771
2.2702
1.1052
-1.5593
-3.3031
-4.5824
-6.7740
-3.1431
-6.0295
-7.4328
-7.4979
-6.9351
-9.1849
-10.8194
-10.4828
-9.3189
-1.2857
-5.0501
-3.5633
-6.1345
-13.0296
-14.9523
-9.5177
-4.7687
-0.4647
-6.0146
-5.0837
-3.0686
-5.1387
-5.6388
-4.5054
-3.9908
-3.7539
-1.8324
-0.6606
-0.1389
-0.8546
-4.5339
-7.0818
-5.3943
-3.9230
-7.1179
-13.6269
-9.4523
-0.3247
-4.5001
-8.5928
-16.0198
-14.7647
-12.6995
-13.5696
-11.4071
-16.5839
-26.7000
-32.6864
-24.6065
-15.3804
-12.8117
-9.0343
-6.8005
-0.2712
5.0481
7.3228
1.9777
1.6335
3.6394
6.6027
3.9673
-2.4000
-2.3421
5.3535
12.4992
-1.4272
-3.6980
-5.6500
-4.2138
6.2877
-2.3155
-3.9630
16.7167
27.8509
27.5019
19.5416
3.7396
-3.8385
-6.6382
-7.4154
-6.6125
-4.3205
-7.1876
-16.9775
-17.5867
-8.4210
-5.2097
0.5258
-4.2856
1.7085
8.7179
8.4359
5.5936
1.2957
-0.0923
-2.3859
-3.5366
-10.0096
-15.1576
-15.2278
-6.1393
-4.5419
-0.5712
1.2525
8.8581
5.1210
1.2164
-4.7355
-6.8096
-8.6858
-8.5445
-5.6167
-1.6623
3.9760
9.1433
13.5273
17.6451
21.5646
12.9110
5.2010
-1.2724
-6.7731
-9.1374
-4.5774
-2.0981
0.0081
-0.1743
-1.0362
-3.5569
-5.8290
-9.0401
-7.5001
-5.2501
-3.6138
-4.0894
-4.4531
-5.4610
-6.0741
-1.4255
1.7117
-2.5950
0.2653
4.6578
3.5596
-0.8295
1.2940
3.4316
3.1981
-1.1339
-3.3354
-3.1801
-1.9848
-1.4449
-0.5831
-0.7163
-1.3690
-2.0346
-1.2825
-0.7197
-0.3507
0.1031
-0.0246
1.5251
2.1584
-0.0438
0.0151
-2.1369
-4.0273
-3.8276
-0.8317
-1.9368
7.3401
10.6229
4.2260
-2.7390
2.2735
0.6512
-3.0740
-2.8172
-1.9291
-0.9891
-5.1973
-7.2113
-9.9067
-13.9916
-13.4727
-8.1609
-1.9943
-3.5653
-2.6058
-1.7481
-1.7369
-7.1834
-8.9948
-5.6519
-4.0547
-4.3792
-0.9996
-1.9235
-2.2147
-2.9638
-1.8910
-2.0807
-1.1950
-0.1642
0.0359
-1.6290
-1.8857
0.3563
-0.4308
-1.3045
-0.7713
-1.0074
-0.2940
-1.4670
-1.7065
-1.2197
-1.4743
-0.8081
5.4017
-1.7284
-2.6318
-3.0486
-8.0238
-1.2303
5.3136
6.6461
6.0669
2.2099
-1.1119
1.8297
6.0833
11.8055
11.7457
7.7992
1.2046
-0.7349
0.9986
-0.1291
6.5614
-0.2158
-7.5442
-9.4656
-13.6872
-13.6739
-6.7769
1.2361
8.2172
10.3311
13.4457
8.2173
6.2323
1.1408
-6.4140
-6.3628
-2.4588
12.0847
7.8736
0.5398
-1.2147
-0.7173
12.1550
7.4199
-7.2147
-7.7729
3.8746
2.1188
-0.3645
5.4440
21.8627
34.3314
30.8118
27.3297
22.1764
16.9742
13.9325
4.0423
9.7840
21.3574
13.5855
3.2658
-3.5797
-4.2572
-9.0005
-4.2761
-4.8665
-10.8845
-6.5180
-4.3168
-5.5632
-5.3792
2.2701
-5.4483
-9.2731
-14.5086
-17.8574
-14.6332
-10.8112
-12.3027
-12.6474
1.1223
2.3254
-1.5080
-6.9022
-2.2456
4.3339
0.8480
1.5068
-10.1144
-1.2720
16.1458
8.5943
0.8128
-2.8511
-10.1675
-11.7618
-9.4113
-13.8913
-16.2197
-16.6384
-15.7340
-13.7835
-8.6733
-2.4082
-6.4803
-10.1666
-9.2411
-11.3287
-10.8151
-2.3128
3.5345
6.3529
-1.4794
-7.1289
-9.2043
-14.8393
-11.1354
-10.4393
-10.9184
-7.1299
-7.0584
-7.3089
-9.3311
-3.3598
-0.7530
-2.7549
-4.8282
-5.6047
-4.2690
-7.1175
-4.8953
-3.6912
-2.4226
-4.2561
-2.2946
-1.6109
-1.0719
-5.3035
2.9685
-4.0817
-11.1576
-6.9526
-5.2189
-2.3822
-2.6937
3.0668
6.0250
11.7173
2.1418
0.0206
-3.7921
-6.1470
-4.5758
-4.3606
-5.8598
-7.1561
-6.6384
-6.6140
-11.7286
-10.3567
-2.1775
-1.4712
-3.4349
-6.4171
-9.1370
-10.4090
-14.3262
4.1353
21.9884
26.0643
14.6514
8.2654
15.1344
18.5229
12.9701
7.5806
4.3739
-3.0630
-3.1597
3.7980
-3.9050
-10.9050
-13.8070
-16.5549
-15.5962
-15.1027
-11.6042
-12.8228
-14.3407
-18.2885
-16.9926
-19.9042
-27.6465
-25.9224
-16.1632
-4.2394
-0.7853
3.8754
4.1506
-0.6909
-4.9710
-1.6859
-1.9075
-4.7279
-8.0118
-9.9321
-15.3578
-14.1884
-9.1555
-11.0504
-7.7291
-10.5053
-12.7946
-14.3145
-13.4905
-8.5922
-11.2653
-4.2499
-0.8014
-6.3579
-13.6876
-13.3990
-9.3012
2.1136
27.1287
22.9207
8.2771
-2.5009
-3.3213
-11.6636
-18.1929
-17.1041
-8.9734
-8.8286
-2.9538
2.2411
4.5587
0.2986
-1.7352
-3.5383
-1.6129
-0.3197
2.5934
0.1405
2.4688
-3.4878
-9.4840
-12.8476
-11.2768
-13.5954
-15.0768
-12.4520
-4.1723
1.4785
0.7368
-3.7223
-1.8788
3.5072
-1.2061
-5.5278
-3.3156
-3.7064
-3.2358
-6.3274
-4.1328
1.1014
3.6699
7.5421
3.6643
-4.4874
-4.4052
-4.1045
1.1941
1.8833
2.9009
-1.4875
-1.2848
1.7800
3.9628
1.2951
1.1447
1.0114
0.4702
-0.0338
-0.9695
-1.4311
1.4261
-2.8405
11.2816
6.6590
-1.1124
-8.8528
-8.7808
-10.2573
-6.6228
4.3293
3.8949
2.9997
3.4684
1.3080
-2.4623
-8.5002
-18.4742
-12.8535
-7.3775
-5.2093
-6.7643
-16.6935
-16.9348
-5.1235
-0.6748
-3.0749
-7.0546
-8.8626
-10.3230
-12.7880
-16.0010
-14.6321
-8.5913
-8.4856
-9.6165
-9.7370
-13.7513
-16.2654
-9.9274
-5.2342
-2.0371
-6.5566
-6.2428
-4.3725
-0.8647
-1.3381
-1.1964
-0.5321
-2.6529
-1.3604
-0.3029
0.5730
1.5112
1.6375
0.8006
0.5075
0.5982
-1.1347
-1.9104
-1.5818
-0.6243
-0.7274
-1.4863
-2.8720
-4.2431
-4.4261
-3.5349
-4.7028
-13.3785
-14.0967
-6.8599
-3.9721
4.0881
-0.3940
-1.1131
2.8549
7.3522
6.9490
-3.5760
-7.5777
-9.0449
-12.6384
-8.5482
-4.8127
-4.9847
-5.9102
-3.9478
-3.8160
-7.4197
-6.4767
-3.6516
-1.8943
-1.0542
1.5292
2.1113
1.0170
2.5860
14.6679
9.2080
3.0529
2.2620
1.7722
-0.1910
1.9472
-0.2481
1.6369
3.4304
5.8473
6.4624
3.1837
2.0549
4.2012
4.4887
2.2496
-1.9117
-2.9963
-3.3074
-7.8790
-2.8637
-1.5263
4.0960

Coefficient 31:
0.0000
-3.7552
-3.7802
-0.1792
-1.4891
-6.8424
-5.3936
-0.2328
-1.0483
-3.3069
-3.9036
-5.3820
-6.4552
-5.6403
-3.2374
3.5650
7.2341
7.3154
3.7619
-2.7594
-3.8679
-6.0855
-9.4892
-9.5334
-9.0845
-6.0837
2.5200
7.5513
7.5517
1.9126
-3.4986
-0.6023
-0.6312
-2.8251
-2.7862
-1.7165
1.2221
1.3289
2.1574
0.0428
-0.6069
2.8917
1.4046
3.0387
5.6530
3.6008
0.4493
-1.6729
0.7206
2.6586
0.7998
-3.4089
-7.3715
-2.5681
-2.3747
-4.8274
-4.4738
0.3971
13.4468
21.0501
28.6608
32.8148
19.2594
12.0051
5.2728
-3.4349
-4.3926
-1.0662
2.0247
-1.9041
-6.1805
2.4962
7.5647
-1.1224
-8.1248
-3.4995
11.8401
26.7866
28.9582
29.7616
29.1363
20.8204
15.6088
15.5851
14.9950
9.2369
5.8380
1.6985
0.3690
0.5857
5.6982
8.6177
7.3874
3.0581
-2.2378
2.1445
2.4440
-2.3535
-4.0796
-3.8903
-6.9079
-14.0846
-15.9395
-11.1933
-4.7451
-3.2419
3.4077
6.4783
8.6020
13.8498
22.3841
13.3802
13.0083
13.1157
14.8940
16.7470
10.5870
9.1289
5.2126
1.3049
-3.8515
-3.1710
-0.4466
-1.2183
0.7011
1.6855
3.8219
3.0239
4.1120
6.5265
2.7026
-5.9800
-2.7810
9.2736
12.7982
17.2467
21.9880
25.0342
33.6434
36.0931
34.0710
24.5949
14.9771
14.9210
13.2957
10.6733
7.0458
4.9062
1.3687
-0.1186
3.3252
4.1246
1.4255
-0.3380
-3.2065
-2.1067
-1.0880
-1.3459
-2.0187
-3.2429
-2.2065
-1.4049
-0.6138
-0.2989
-0.3353
0.0438
-1.6516
-2.6743
-0.1202
1.9303
6.8883
-4.5961
-18.2555
-19.2588
-15.5185
-12.5932
-4.9852
-2.6167
-4.2871
-9.8075
-11.1757
2.2451
-4.0114
-12.3654
-10.7859
-1.1971
-0.8363
-5.0214
0.3948
3.1303
5.2991
5.4620
11.7775
16.4176
20.9801
18.6374
21.7152
29.5990
31.2083
28.3816
23.0750
12.2839
9.9107
7.3915
3.5232
0.3353
2.3212
4.8590
-0.1903
-2.1071
-0.6867
-5.4590
-6.5797
-2.9970
-0.8323
-1.0034
-0.1512
-0.5405
-0.3278
-0.4735
-3.6750
-8.0143
-12.5907
-17.5578
-22.3068
-15.6756
-10.3085
-9.1428
-8.4783
-7.3032
-3.4326
5.3162
-0.5484
-7.5357
-16.4106
-21.1656
-22.4757
-16.1532
-15.5253
-13.3908
-11.8569
-11.8994
-5.2756
-5.7879
-2.4756
1.4648
2.2814
8.4277
9.3795
2.1788
-3.7981
-8.4239
-12.9746
-11.4142
-10.7412
-6.0613
-1.7143
-6.8862
-10.1998
-10.7171
-7.4975
-6.0348
-3.6131
-2.3938
1.5318
0.7679
-0.7369
-1.3085
0.5705
4.7063
5.7495
7.4542
8.8267
6.6291
5.6964
1.3442
-2.6506
-6.1172
-4.7241
-2.0780
-5.2779
-2.8120
-2.8185
-3.3761
-7.7928
-7.1846
-7.2856
-4.2204
-1.9265
-6.4666
-2.2244
2.2850
-2.2680
-0.7585
0.5286
0.0499
-0.4844
-0.7445
0.1417
2.1289
-0.4093
-3.6164
-5.0116
-2.7266
-0.5439
2.0496
3.2263
1.2568
-0.8357
-1.6092
-4.2302
4.7864
2.7432
11.6710
19.2704
4.1523
-3.4074
1.7934
7.6253
5.5165
-2.9411
3.2281
4.9067
1.2009
1.1370
-1.5286
-10.6711
-8.9698
-5.8887
-3.6929
11.6227
13.8574
3.8897
2.7554
4.5903
4.8735
8.6717
-1.1439
-5.6846
-3.9621
-2.2688
1.6121
8.2552
6.0213
0.3157
-2.4327
-2.9738
-4.8401
1.8112
13.8352
21.4824
24.6189
24.2244
9.3262
6.7708
15.1356
9.4550
8.5537
17.7692
18.0710
9.5021
2.0337
9.3759
11.1433
8.3884
8.1649
-6.4295
-14.7849
-11.3708
-9.2239
-11.5745
-7.4625
-3.2620
-5.0852
-4.4073
-5.6039
-4.3051
2.3406
2.7559
-0.4052
-2.2705
-5.3336
-3.6508
-0.9071
-0.9210
-2.6770
-6.4211
-4.5971
-2.8533
-1.4997
-1.1744
-0.5167
0.1424
0.7502
0.6531
1.2337
2.5162
0.1754
-1.1912
-0.6678
0.5691
0.3017
0.5353
0.6017
0.1129
1.7933
3.1126
4.1145
4.0929
2.2179
0.9810
1.0535
-1.0624
-1.1570
0.1621
-2.3177
-6.8472
-8.2053
-13.7979
-17.4614
-6.6734
-6.3456
-9.2988
-6.7093
-4.4808
-4.9669
-6.6061
-5.2800
-9.0807
-6.6795
-0.9609
-2.7043
-9.4328
-6.2417
-3.5534
-4.3616
-7.0578
-7.7521
-10.9306
-8.3081
-3.0462
-6.8920
-11.8989
-11.7011
-14.5629
-14.9930
-3.5092
9.5112
15.1531
21.2609
21.5939
24.9766
29.6402
28.3157
17.1176
12.1295
20.8366
21.5743
13.7683
10.0710
6.9332
6.9393
0.0530
-3.2347
0.9924
3.8256
5.1023
1.7943
-8.8802
-11.7016
-10.3922
-14.1255
-18.3751
-16.3711
-5.4277
-1.4560
-0.5008
-5.2557
-9.0567
-7.5873
-6.0568
0.5833
11.7663
11.8493
0.2878
-7.3677
-5.5788
-6.8702
-1.0454
20.3578
23.4216
18.9022
11.5577
9.1087
9.1194
5.9152
-2.8802
-1.9106
8.3528
18.4996
24.1164
15.7314
-0.4059
-3.2679
0.9523
6.0916
-8.3564
-12.9147
-13.9326
-20.0075
-15.5353
-5.0841
-2.3822
-2.0607
-5.5571
-5.9246
-2.8433
-0.5633
-3.0343
-7.5390
-7.8650
0.1366
23.7237
30.3500
21.5419
8.4184
9.4958
6.4283
5.9211
6.0852
2.5757
-7.2554
-8.2716
-5.6339
0.1570
9.3017
22.0762
30.4821
35.5898
31.4716
22.7527
5.2603
-7.4753
-10.0411
-3.4043
-1.1292
1.1700
-1.5856
1.2242
0.6094
-2.2687
-2.9733
-4.3020
-6.3852
-13.0373
-17.5219
-13.2091
-9.4484
-7.7183
-6.9220
-3.9863
-5.2055
-6.6406
-16.4621
-16.9597
-8.4485
-6.4250
-13.7970
-16.7166
-26.0007
-24.1317
-25.6803
-22.1867
-12.5939
-27.6864
-24.0467
-14.6909
-8.9635
-10.0288
-11.8902
-8.1769
1.0169
2.9471
1.0352
-5.3577
-2.4877
-12.4062
-9.6343
0.6773
9.3965
20.4166
25.0196
25.6430
34.4964
37.5665
41.4708
47.5403
32.6999
22.3147
20.9662
13.9654
-5.6449
-8.1177
-1.5124
15.0051
24.1201
29.3592
26.2011
25.9661
12.9872
11.0898
10.2685
11.9478
8.0556
6.6992
-0.3935
-6.2493
-9.8894
-4.4617
14.0608
16.8099
13.3530
8.1376
-3.3166
-0.8726
3.7562
7.3496
5.0770
5.8977
2.8960
-1.1005
-1.4973
2.9625
8.4233
3.6883
1.1478
-0.3399
-4.7028
-7.7873
-10.1566
-8.4748
-8.0283
-12.7656
-9.9237
-3.8480
-4.2594
0.0964
1.1718
0.0862
0.4209
-0.2400
-1.6471
-2.0505
-2.2938
-0.9666
-0.9209
-1.8922
-1.0294
-2.9576
-3.0811
-7.0327
-13.8186
-13.3025
-9.6729
-5.7042
-6.4361
-4.8010
4.8460
15.8445
8.5936
-3.4450
-0.1184
5.2679
2.2411
-2.4035
-4.5602
-3.8311
-5.1098
-5.9700
-7.4680
-4.1482
-5.7398
-10.1866
-17.8939
-24.2554
-17.3298
-9.3518
-11.7015
-10.2858
-7.8511
-7.0978
-5.3769
0.3017
-1.3738
-4.0035
-4.7873
-4.8009
-3.0625
-1.0816
3.6774
8.8933
10.3307
8.7422
2.0459
-4.0237
-0.5350
-0.6944
-0.1242
-0.0803
2.4365
3.2326
2.4642
-8.6507
-11.4476
-12.9796
-7.5082
-2.3285
-2.6246
-6.5071
-7.7583
-2.3575
2.0093
0.7760
-0.4981
-1.1288
-0.6273
1.2030
-0.1489
-2.1307
-4.7895
-3.8983
-3.3209
0.1467
0.7662
1.2015
0.7739
-2.3003
-13.8191
-17.6296
-17.7208
-15.5893
-12.2187
-11.8284
-13.1760
-13.5776
-8.8787
-6.4698
-5.8969
-6.9353
-5.3290
-7.1581
-4.2853
-11.9137
-14.9181
-10.2703
-5.7775
-4.9954
-0.3642
1.8427
1.9537
-0.6993
-2.1643
-3.8492
-4.5461
-8.4397
-12.7523
-15.7560
-8.8098
-1.5468
-0.0209
0.1887
-2.4422
-3.0426
-2.5461
-3.2067
-1.0276
2.3125
2.5206
5.1439
6.6041
5.9234
2.4544
1.7269
7.3373
10.1010
6.2790
3.2323
-0.4163
-2.2671
-3.3496
-5.4536
-1.0133
-0.3243
-5.1516
-5.6789
-5.6714
2.0191
-0.3959
-10.7845
-16.3236
-16.2410
-9.2077
7.1679
4.2680
-1.8655
1.3769
1.2583
-17.6214
-26.1419
-23.1544
-7.5888
6.8900
11.7552
17.3963
15.5584
23.1517
28.0952
26.0406
22.6010
20.2815
20.3520
22.8388
28.8731
24.1003
13.2187
7.8506
12.4486
19.5648
16.5712
7.5043
-7.3470
-9.2817
3.1558
7.4311
-0.0511
3.4376
4.2601
2.2940
1.6514
-7.3164
-9.1564
-8.9787
-5.5881
-1.1703
4.9470
19.3034
19.9799
5.5039
2.2823
-0.9694
0.2829
-4.6830
-5.9325
-9.7407
-6.9182
3.7433
4.5327
-4.5846
-6.1394
11.9482
15.4636
1.1956
2.6265
9.1536
6.3060
9.4078
8.3508
3.2259
3.9684
-6.6902
0.8727
4.9199
-4.9908
-10.1824
-6.4509
11.9053
23.2324
30.8371
37.5346
39.2706
37.2860
33.5197
11.9969
-6.2505
-17.7360
-21.3349
-14.7989
-3.2685
3.7144
9.0964
5.6036
3.4681
-4.1526
-9.8330
-17.1520
-16.6614
-17.7033
-18.4276
-18.5550
-17.8213
-24.2417
-29.6900
-32.2290
-38.7755
-38.9850
-31.6956
-33.5998
-34.3683
-22.7964
-11.4879
1.0793
11.7945
13.8470
13.0432
7.3973
7.2016
8.9128
11.9747
10.2676
10.1133
3.3932
-1.8685
-0.8344
7.1740
-0.9218
-10.6062
-11.3022
-6.8644
2.5173
2.3929
1.6449
2.4079
2.6105
-0.0688
1.7843
0.1258
-1.3472
1.7890
17.5311
13.9759
5.0094
-2.9685
-5.6946
-5.6166
-8.7244
-11.3438
-13.9105
-6.6061
2.1352
5.4443
10.4676
3.7780
-6.8965
-11.5098
-8.2137
-2.4785
-0.3131
-1.4940
-1.5544
-5.0528
-6.9913
-7.7704
-10.6292
-12.7192
-2.0206
1.1336
-4.9179
-3.7393
-7.8796
-9.9079
-9.0100
-10.0827
-11.5611
-11.9857
2.6078
14.4456
12.7825
13.2291
28.0021
41.7664
41.6427
32.8469
20.1262
12.5846
12.2676
8.8652
8.1110
3.3503
0.3557
1.4706
5.4269
7.1060
3.5500
6.3800
5.8365
-1.3217
-7.1717
-5.9555
-0.3038
2.5399
1.1829
-3.5984
-6.4197
-5.3950
-1.2702
-3.7323
1.9439
-2.0069
-1.7841
-4.3190
-11.8848
-12.1175
-12.5331
-9.1418
-8.9328
-4.5544
-0.8799
-2.7135
-4.2373
-1.6180
2.8420
3.1237
-0.5784
-3.5179
-2.8325
-1.4821
-1.5335
1.6468
4.7392
-2.3118
-12.2462
-22.4338
-16.9807
-9.2699
-9.8387
-7.2104
-6.9837
-1.8773
-1.1462
-4.8885
-4.1930
-8.6134
-10.2365
-16.0328
-9.7128
-4.1731
-2.6551
1.5599
1.1124
2.3179
1.6468
-3.4762
-1.4097
-3.5003
-5.9902
-2.9217
-2.7200
-0.9416
-0.3438
0.2460
-0.0391
-1.5654
-0.7022
-0.5027
0.4332
0.7436
1.1129
3.1526
3.8881
2.3310
0.3652
0.4207
-0.9138
15.1118
21.2146
7.2686
-0.9104
0.8107
-0.1873
-3.3196
-4.3053
-6.3852
-5.1741
-8.0966
-12.3070
-12.1934
-9.5291
-8.4438
-5.0651
-1.0197
-3.3658
-0.2312
-0.5559
3.4624
-4.3288
-10.1067
-9.3934
-3.2119
4.2072
4.3572
0.4620
4.5790
7.1002
6.9744
0.3186
-1.4603
5.3143
10.6424
10.1462
4.1318
3.3779
2.8236
1.1492
-0.0970
2.8617
7.0434
3.4500
-5.5020
-0.2404
8.9697
7.9798
-3.8083
-14.8929
-24.0555
-27.3926
-24.8790
-27.8852
-27.8565
-23.5555
-23.4153
-20.5595
-12.6414
-10.5606
-8.8133
-12.3390
-9.9802
-4.8519
-2.0951
3.8700
11.1405
7.3438
5.3602
1.9471
-2.0215
0.1283
2.0519
5.1983
3.5443
3.8530
4.0656
6.0724
1.0048
-14.3168
-24.0597
-14.5717
0.0621
4.8712
6.2017
2.1991
-10.0890
-8.8248
-9.5581
-11.9948
-10.2812
-10.0108
-7.5233
-8.2520
-13.4449
-13.3517
-10.7813
-9.9408
2.1350
16.3464
23.6055
19.6320
6.1741
0.3167
-4.4714
-6.8594
-1.7150
3.0037
-0.3207
-1.4053
-2.6911
-0.9392
-0.0204
1.8049
6.5757
3.7075
-5.0793
-8.5726
-8.1872
-7.9181
-3.5054
7.7457
16.9460
28.4470
36.4809
31.2852
27.2884
26.7473
26.1108
20.5527
11.5033
11.3162
11.4468
3.4880
0.3357
0.0942
-0.7435
1.4354
1.4106
-0.2219
-0.6832
-0.9678
1.2703
0.9283
0.7579
0.4666
-0.9552
-3.2908
-9.3828
-10.7890
-7.5074
-7.6761
-5.4076
-6.5092
-2.1724
-0.2687
0.1817
-0.5424
-3.6822
0.0937
-1.3224
-1.1075
-0.0959
-0.3143
-1.1266
-1.9483
-1.3560
-0.9445
-0.3983
-0.0746
-0.5922
1.1871
1.8300
-0.3038
-0.8470
2.2449
-2.5483
-1.5251
-1.9796
-2.5040
2.2002
23.0008
26.6971
6.2164
0.0780
-1.1967
-7.5568
-6.2089
-5.3882
-4.8032
-11.2552
-11.9020
-4.5170
-5.6731
-9.0848
-7.7769
-7.2665
-9.7806
-11.4551
-10.4992
-4.3275
0.8827
0.6569
-1.7366
-6.0637
-6.4673
-0.9347
-1.9299
-2.1573
-2.9032
-1.8347
-3.1959
-2.8963
-1.3511
-0.1265
-1.2688
-1.9300
0.5746
-0.3657
-1.2339
-0.6233
-0.7874
-0.3879
-1.7570
-1.8799
-1.1896
-1.5090
-0.6198
-2.3687
-6.8148
-14.2907
1.7674
4.7257
2.4363
2.6827
1.9828
-1.4380
-5.1783
-2.0138
-2.4348
-5.5043
-4.3125
5.7928
7.2016
1.9107
0.8994
4.4010
7.3409
7.5816
0.2612
-4.4618
-11.1952
-14.4523
-12.6716
-3.1876
7.9325
13.0754
10.6842
10.8894
10.1219
6.2324
6.4782
7.2489
7.0173
1.6960
7.0805
16.0131
11.7986
4.0870
5.4858
13.4543
7.9285
0.0153
-2.6318
4.1471
5.5529
-6.7119
-10.7585
-7.1393
1.8075
5.9812
14.2271
19.5041
14.9016
7.5175
1.3604
8.0834
15.3389
12.5771
2.9787
-5.2530
-7.3020
-1.0578
7.1295
4.0144
3.5107
5.2565
5.0720
1.0400
0.8683
3.4243
-3.1114
-9.2325
-6.9997
-6.0795
-10.7666
-12.1073
-9.9194
-7.4119
0.2813
-6.7418
-10.8274
-13.8974
-2.6093
8.4777
0.5612
-8.9799
-12.9099
-23.5749
-5.7744
3.4278
-0.4288
1.3621
7.9148
5.9961
2.2015
-3.6846
-0.1765
-2.6481
-5.5755
-9.1566
-9.1733
-0.5852
-2.8205
-4.4721
-1.4344
-1.2007
-5.0019
-5.9706
-4.1081
-2.8844
-11.7141
-7.1229
-2.8812
-8.2163
-7.9697
-9.2837
-12.9626
-13.8504
-7.6493
-1.9179
-2.5606
-10.3110
-6.6700
-3.8201
-6.9566
-8.0045
-7.6102
-5.6523
-5.9171
-5.9429
-2.8030
-0.3708
1.0414
0.8369
-0.9602
-3.8069
2.7731
-5.9938
-11.1403
-8.6189
-9.6030
-10.3965
-5.6837
-0.3919
1.6941
5.4813
-0.1458
-4.3665
-4.4978
-3.5998
0.6447
-3.4763
-14.9901
-16.9741
-15.6823
-16.1252
-15.9085
-18.4747
-19.9923
-20.1013
-16.1676
-10.0224
-4.7625
3.2118
4.0377
7.8758
18.7284
30.2721
17.2042
11.9091
11.6957
10.4845
8.4620
9.0019
14.1092
13.4866
9.5058
9.3090
-1.5378
-5.9622
-4.2559
-4.6432
-6.0583
-5.2755
-8.7747
-12.9625
-11.9337
-9.2562
-8.1929
-6.5219
-7.8343
-14.9256
-21.9994
-11.7878
-10.5886
-9.8694
-12.5184
-15.8266
-15.6266
-13.4594
-13.2725
-16.1653
-19.9912
-22.4879
-19.5918
-18.5974
-13.3381
-11.3039
-10.6211
-12.7215
-13.8697
-16.3956
-14.7655
-2.2400
9.8959
10.8650
7.3337
3.9810
1.8140
2.4128
2.0056
2.6471
14.3048
11.1649
8.8004
5.9888
-1.4112
-10.8944
-18.2185
-14.6662
-2.9250
-2.1987
-6.2062
-1.8338
2.3439
-0.3928
-3.3151
-6.0442
-4.9522
-5.5261
-4.6963
-0.0495
5.7511
-4.3654
-4.7041
-11.7825
-10.2903
-4.8238
-5.8240
-12.5710
-13.0245
-16.7681
-19.6334
-14.5432
-7.2111
-2.9874
-1.1187
2.9055
4.2155
-1.1012
-6.0942
-7.4013
-8.4252
-8.0600
-6.5016
-4.6145
-8.5038
-14.2591
-20.0381
-17.3580
-9.6845
0.7688
-2.3079
-1.5340
-2.0721
-2.5593
-3.8838
-0.4696
0.4939
1.1081
0.4117
-0.0697
-0.9573
-1.2787
-3.6450
-15.9860
-6.0320
-4.9591
-11.0077
-10.3360
-6.7823
-7.2392
-3.8862
0.5826
-4.7819
-11.4893
-12.2118
-11.2570
-4.4445
5.3356
1.5095
4.1341
7.3931
5.6476
-1.3567
-12.0052
-9.0514
-9.1063
-10.2673
-10.5103
-12.8056
-16.0327
-17.1167
-13.5677
-11.2344
-8.7166
-3.0841
-0.6792
-2.5085
1.2313
1.3538
-1.7930
-2.7616
-2.5484
-2.3982
-6.9827
-7.2703
-3.5473
-1.5148
-3.2742
-1.7704
-0.4263
-2.6381
-1.2001
-0.2894
0.5185
1.5163
1.4711
0.7458
0.3022
0.4576
-1.0111
-1.6545
-1.4606
-0.6076
-0.8004
-1.6398
0.9105
-0.6782
-0.2049
-1.6545
0.5893
-0.8542
-1.7794
5.8774
4.3088
-5.5978
-7.9697
-4.2561
-1.3237
8.9819
16.0098
12.0401
2.2483
-2.8600
-2.2811
7.0730
11.3482
10.5075
6.0652
4.0889
2.3073
0.8559
-1.5447
-5.3836
-2.0924
-0.9552
1.5923
2.1703
2.1356
-0.0507
2.5116
1.0130
-0.9517
-4.4722
-6.4708
-5.2479
3.6328
2.1687
0.6818
-2.2401
-2.2088
1.3894
0.8214
-2.4379
-3.8578
-4.3491
-0.9439
-1.2752
-3.4672
-4.6447
0.8159
5.7184
2.4365
5.4512

Coefficient 32:
0.0000
-3.7216
-5.3162
0.7418
-0.1551
-6.4527
-5.0560
-0.5171
-0.9647
-2.0459
-2.4995
-3.3122
-3.2638
-1.7310
-1.6460
-1.2334
0.3328
3.4718
3.5817
0.1229
0.1874
-1.5909
-4.4907
-7.3590
-7.7404
0.6903
10.1414
12.2955
12.1769
9.0116
10.5769
8.2248
5.6236
2.7239
0.9334
1.2428
-0.5864
-0.5682
5.1823
7.1484
6.8509
6.9253
6.6964
8.1684
2.3838
-2.9324
-3.3425
-0.8402
6.3980
7.1446
1.1897
1.6337
1.5930
3.8446
-1.4229
-1.1700
1.3621
9.4823
4.8108
9.1651
20.6125
31.2622
27.4657
11.2329
4.5487
-1.2929
-1.5860
-1.1469
-3.3783
-5.3083
-8.9584
-10.3204
-4.2261
2.6228
4.3961
3.9241
13.2817
33.1231
43.8804
43.3719
23.1830
6.4633
1.8617
6.3626
9.1195
6.0715
1.6738
1.8935
5.5285
4.7094
1.6119
-4.5821
3.8567
11.5098
15.0029
13.0982
6.4586
1.0954
-2.8583
-4.3057
-4.3889
-7.2087
-7.4127
-10.8382
-10.6349
-3.9271
-1.7046
3.2428
18.2658
25.4276
28.0298
24.0678
33.6829
30.3990
31.5564
27.8664
24.3481
22.7430
17.4788
11.0394
2.8886
2.1689
1.7101
-0.1086
-3.8177
3.6665
-3.8113
-9.5465
-11.0220
-5.9907
-6.0672
-7.1929
-3.0047
6.1142
5.8861
8.1624
13.1154
17.5598
19.3220
23.2105
26.4569
16.7970
2.0159
-4.7559
-0.3678
5.8574
6.3977
4.5564
2.3109
0.5499
1.3040
4.1649
5.6974
4.4375
1.9683
1.3115
-0.8970
-0.9901
-2.1161
-3.6871
-3.2158
-1.6399
-0.1933
-0.0234
-0.2429
0.0266
-0.3767
-3.1365
-2.1475
-1.0959
4.9368
6.0222
6.4138
2.8286
0.5167
2.3115
6.1327
4.6336
4.3985
2.5604
3.9863
17.5186
9.5967
1.3213
-1.2311
5.4202
9.4224
2.9469
3.9224
4.9210
16.7021
16.0939
21.5813
27.1763
33.5785
31.2912
31.1741
37.1504
39.9358
37.6321
30.0569
26.1051
16.0659
12.1936
8.3504
4.3392
6.1570
1.2072
-0.1504
-0.7662
-0.5656
-5.8059
-5.2781
-1.8101
0.9714
-0.3800
-0.3491
-0.1899
-0.5010
1.5515
-5.0931
-7.7587
-3.9525
-6.9605
-8.4771
-10.0240
-3.1622
10.1665
11.6436
7.0811
7.2778
5.1355
0.5376
4.4153
-3.3324
-13.9518
-12.3001
-6.6570
-5.5778
-4.2086
-5.4474
-6.9271
-4.5963
-5.2798
-6.6986
-1.9605
-0.6686
1.9258
2.9141
6.3350
5.5761
-1.7426
-10.3576
-14.5383
-14.7043
-14.8496
-17.1522
-12.5341
-12.0961
-11.7158
6.1324
6.2986
5.6966
4.7698
7.2538
9.1218
4.7085
4.2535
3.0880
1.4214
-0.3821
-0.1610
0.2541
1.0078
8.3806
16.3936
16.4355
10.0835
8.8496
8.8065
5.3642
2.1129
2.8775
1.7804
-1.8106
1.9331
0.2254
1.7268
3.2629
2.2717
1.4793
1.0867
-2.5441
-0.7699
0.5074
0.1384
-0.7032
-0.8547
0.4092
2.0553
-0.3938
-2.7538
-4.2667
-2.4180
-0.4425
2.2323
3.6011
1.7107
-0.8830
-2.6179
-13.8818
-7.8818
-6.5593
4.5926
14.5581
3.4858
-3.3144
5.5054
9.8702
13.7473
14.2169
14.9223
15.0985
4.2226
-6.0798
-17.0649
-16.8592
-14.8986
-8.4343
3.7918
20.7649
24.7081
22.1721
9.7722
6.4529
4.1287
3.9674
-2.8464
-3.8837
-0.1249
5.2230
3.1478
4.0502
2.5593
0.5510
-0.0765
-1.2991
-7.1685
-0.1594
14.1329
25.8475
26.9231
20.8437
9.3888
16.1364
15.8302
5.0643
7.0489
14.6700
22.0030
18.3518
13.5431
14.9853
11.1202
6.5447
7.8096
3.9939
-0.4706
1.2192
0.5405
-6.6141
-6.7009
-7.4651
-2.9450
1.9347
5.5808
5.1984
2.7802
-1.3302
-5.4320
-5.4842
-5.5202
0.4912
2.5311
0.2694
-1.1632
-3.7531
-2.6420
-2.1553
-1.7728
-1.6369
-0.7710
0.1816
0.7174
1.2541
3.1133
4.5653
2.2935
0.5752
0.5961
0.8817
-0.2436
-1.1737
-1.0976
0.0289
3.0063
2.9882
2.6102
3.8291
2.4138
-1.9976
-3.6443
-5.2300
-2.9722
-0.6023
-1.4118
-15.5436
-6.4926
-0.3521
2.3787
-4.0314
-6.0955
-5.4960
-5.5152
-3.3481
2.5252
2.2157
2.3576
-2.2947
-4.0892
-2.1532
0.3958
-1.3409
-1.5963
-5.1328
-3.9393
0.7375
2.4988
0.8134
-2.4826
-2.3888
-4.7975
-2.6428
-0.2866
-3.6474
-6.7021
-2.1569
6.6364
18.1782
30.2193
38.6671
47.4762
54.1972
54.7113
49.4502
49.2808
53.3231
35.0380
24.5367
26.6255
19.7303
12.4544
2.4744
-1.2990
-0.1288
3.2260
6.0890
8.6676
1.4760
-10.9214
-7.9682
-3.6365
-2.8281
-8.9250
-8.1093
1.3602
-1.0786
-7.7606
-6.4832
0.2813
4.8554
0.7798
-3.6545
-0.6180
1.9998
-2.5649
-2.3862
-6.6605
-10.3431
0.1588
15.6933
21.0232
15.6906
13.8457
12.5167
4.9312
14.4600
23.4393
35.6709
47.9527
49.8708
28.8857
12.8110
10.1545
5.2260
5.8979
-4.7166
-1.5192
-2.1960
-4.9191
-4.7725
-0.0513
0.3025
-2.2618
-5.9304
-6.0142
-1.5113
1.1195
0.2546
-1.9767
-0.5564
5.1148
25.7709
39.8132
34.3486
18.4804
12.5319
9.2767
7.9491
5.1979
3.8864
-3.8386
-5.7377
-10.1874
-9.7186
-6.7642
2.2010
8.7288
14.0441
24.1067
25.2890
24.4394
22.1344
11.7497
8.6203
7.7521
0.9112
-4.3862
1.0911
1.6466
5.6059
6.1093
2.4863
1.8748
-0.6544
-0.7618
-4.1283
-7.3473
-5.0470
-0.4138
0.4828
0.6777
2.3467
-6.1104
-9.8992
-7.7687
-1.2917
-2.9871
-7.7189
-8.2262
1.2712
-0.4734
-1.4737
-0.9199
-7.8839
-6.6355
-6.4930
-4.3147
-0.9032
-1.6468
-6.2723
-2.2464
-0.4796
-2.8538
-8.2304
-6.1955
-6.2028
-3.9636
6.5616
15.0435
29.9500
40.5136
40.3644
47.1012
48.3611
44.3178
37.4293
12.1969
2.0589
2.1337
9.1083
0.9685
-1.5395
0.5984
16.6208
27.5531
27.1116
18.2431
17.2220
26.3226
40.6358
41.8712
25.2960
14.9680
12.2301
4.7006
-1.6254
-0.7771
1.5841
8.1051
22.2522
31.5322
28.3755
12.6271
4.5484
7.0561
7.4076
5.2261
12.5467
7.0174
-1.3415
-8.7851
-5.1707
0.6136
-1.7330
-10.3488
-13.7256
-16.0485
-17.1132
-10.3616
-11.1690
-11.7551
-10.0121
-7.8293
0.6759
0.0518
-0.6665
1.0530
0.1083
0.3485
-0.3673
-1.7028
-1.7569
-1.9086
-0.7813
-0.8127
-1.8859
-1.2188
5.1685
8.0108
7.4596
2.4799
-9.9276
-10.1251
-2.1377
-0.8069
-2.6592
2.7237
14.5678
20.8677
11.0508
3.2042
3.2280
0.6141
-0.3725
-9.1375
-5.9658
-4.1261
-3.0407
3.8474
12.6890
17.7111
19.7645
7.9106
-3.4028
-4.4476
6.8910
6.9372
2.4655
3.3830
1.5784
-0.8877
-5.7561
-6.8020
-4.5208
-1.5327
-5.6523
-11.6960
-13.7477
-15.0353
-15.5068
-18.0786
-20.1044
-19.1668
-10.7773
-2.5635
-2.1695
-8.2592
-8.9310
-4.6510
1.2435
2.9943
-6.5453
-11.0208
-9.0093
-9.0594
-10.9354
-15.3390
-13.0198
-5.2713
-1.1662
1.0529
0.3154
-0.7140
-1.2214
-0.8074
1.1299
1.1026
2.6722
3.3241
3.6472
1.2360
-1.5639
-2.5799
1.2116
1.0491
-2.2222
0.9640
-3.0073
-0.0911
-4.0081
-12.6401
-14.9591
-15.4845
-13.4874
-5.9380
-0.2911
0.1507
-1.9742
-1.3681
-6.3416
-9.3187
-10.9587
-13.8371
-10.7403
-7.9870
-6.1135
-5.5170
-7.5347
-7.1479
-5.1700
-4.4355
-0.3599
-2.2970
-1.6264
-2.8380
-5.8724
-2.3788
1.8907
2.5994
1.3437
0.3085
2.4430
2.5493
7.1862
8.9384
4.9456
3.9236
3.2846
2.4691
2.9044
2.8193
3.5926
3.0300
4.9359
4.7428
5.5706
7.0433
6.6811
1.8391
-0.4826
3.5621
5.4565
-2.7404
-4.7202
-2.2927
10.0678
14.4443
4.2273
-7.4335
-12.5742
-7.4094
-2.8734
-6.4920
0.7099
-0.3888
-0.9964
3.0782
-1.1170
-2.8602
-4.1703
3.1282
10.0834
5.7423
12.6167
22.7046
28.0673
31.4630
35.1218
40.4586
43.3565
51.1390
47.7155
33.8260
26.3359
21.1047
23.3947
24.5097
23.2872
17.7972
7.0029
5.6125
10.5536
21.0879
18.5982
12.4954
5.5941
3.0887
3.6627
6.3709
7.4997
7.5619
5.2911
5.5274
5.9591
11.6045
14.1598
9.6459
7.3342
8.0678
2.3942
-2.2674
-4.4949
-8.6145
3.8953
8.0949
3.5211
2.6275
0.9834
19.5434
36.4210
34.6338
29.4079
26.9601
34.0596
35.7254
24.6061
18.7384
13.3124
3.6439
8.2486
13.0263
5.6931
1.6037
7.8614
26.9236
35.6742
31.3533
33.4247
38.8705
40.6712
39.7880
37.0972
23.5488
12.5380
8.0369
7.5209
10.3078
5.8106
8.1099
7.8377
5.5534
-4.2467
-0.8590
1.6065
6.0491
9.3258
10.6238
14.3713
16.0855
11.0388
-3.3235
-15.7755
-14.9397
-17.6851
-22.0374
-16.9374
-9.5799
-4.2313
-6.6688
3.5141
20.5500
29.8845
22.7717
13.0440
11.6702
7.4386
10.0233
9.2157
10.8141
9.5296
6.5270
3.8613
19.7045
20.4409
11.2587
1.8151
2.0164
10.3287
5.1129
-1.5617
-3.0524
-4.3177
-4.8893
-3.1779
-2.3294
-2.4146
-3.1050
14.3771
21.9926
18.3034
15.0690
17.9288
22.1627
29.3359
28.8735
24.4115
23.6880
24.7169
20.5411
14.8667
9.0405
4.9778
0.6572
0.0214
13.9722
10.9001
-4.1425
-11.8668
-12.4193
-10.8414
-10.5462
-10.4188
-5.2058
2.9288
-0.4767
-6.3726
-4.0168
-4.1867
-8.5175
-10.4035
-11.1049
-3.8985
11.4553
34.9559
39.3066
26.8606
6.4288
3.3198
22.3059
37.4940
41.9777
32.7077
17.6276
9.0825
4.2876
3.8448
1.9794
1.9699
5.4432
9.7081
4.2290
7.3166
9.7913
7.0195
2.5904
2.9421
3.1736
3.7947
5.5376
3.2686
-3.2892
-5.3879
-6.6325
-1.7385
-5.7891
-0.2192
-5.0851
-3.5958
-1.5836
-2.3548
-5.4341
-10.5022
-2.5456
-3.0513
-4.2406
-2.7069
1.6926
2.5065
-2.2102
3.1169
8.1843
12.8598
8.6784
6.8088
2.7905
-0.2329
4.2155
2.2990
-9.3615
-14.1297
-15.9632
-11.4905
-8.1691
-11.8449
-9.3376
-4.7254
3.7410
2.7944
-2.1170
-3.3377
-1.2844
-2.5934
-1.1705
3.8124
1.7958
-2.1694
-0.5893
-4.0109
-1.5692
-0.0598
-1.5294
-1.0807
-0.4067
-1.0191
-1.0094
0.2802
-0.8049
-0.0756
0.4406
0.0354
-1.5818
-0.5918
-0.3193
0.7214
0.9691
1.6153
3.3362
3.6826
3.5938
2.3487
2.2183
-0.8195
4.3307
10.3671
1.1248
-4.1159
-2.1259
2.7468
7.0812
15.4837
15.1836
9.7667
3.5828
1.4121
7.7259
12.3554
6.5950
1.3207
0.5799
-3.5845
-6.6537
-10.3542
-2.2230
4.6974
3.9086
-2.3713
0.6658
3.5162
0.1234
0.4128
-0.3701
-2.1221
-2.2974
-7.0994
-7.4282
-1.6823
1.2273
0.6678
-3.1819
-6.2005
-5.6238
-2.3037
-2.0403
-0.8261
-1.4664
-7.8729
-9.7642
-7.1578
-1.1657
-0.0138
6.1709
15.5040
17.3990
7.8993
1.8485
4.8664
-1.3551
-3.0668
-2.7657
-2.7756
5.1209
7.4469
2.4795
0.6327
2.6168
8.1008
16.7191
28.1932
34.2254
26.3464
16.4989
11.3515
11.2378
9.5716
6.0758
17.1130
38.0672
41.1983
37.0071
25.2773
11.1442
1.3544
-4.8854
-6.1098
6.3866
17.1240
28.8590
28.7458
7.0452
-2.7153
-5.3363
-3.5136
-0.9370
-0.8891
-2.5165
-12.2957
-10.7680
-16.7998
-15.4920
-12.3596
-6.7601
1.1962
10.7250
7.6918
5.0035
4.7573
-3.8132
-3.2722
-1.2570
-0.5399
-2.3591
1.3495
-5.1435
-2.2548
-0.1155
-3.7204
-3.6722
-4.5658
-1.0692
2.9306
8.1132
9.8778
15.3263
21.5776
27.3140
30.7433
33.5090
32.1429
31.0000
29.0528
32.4307
22.8363
13.0810
13.4153
11.0537
5.5713
0.5325
0.2863
-0.5146
4.2333
5.2653
4.6969
3.0946
2.5426
2.0531
0.7293
1.5228
2.3385
0.9235
0.2649
2.6586
0.3831
-6.6380
-10.2521
-1.1989
0.6665
0.3363
-1.7142
-0.8538
4.2250
1.9329
-6.0845
-2.3255
-0.7972
0.3590
0.0919
-0.8678
-1.8451
-1.3910
-1.1344
-0.4464
-0.2544
-1.1462
0.7013
1.3901
-0.6058
-1.1158
-3.2697
-6.3168
-2.7688
-1.4978
-1.0567
-5.3346
9.9468
21.6480
12.2954
-0.3574
-3.9514
-7.0844
-6.7052
-5.3841
-6.0613
-10.9886
-14.0262
-11.3653
-8.1847
-4.8450
-5.4478
-3.6067
-5.6485
-5.6629
-1.0642
6.9671
11.8384
5.3660
0.2992
-4.4041
-5.1052
-0.8216
-1.7846
-1.9508
-2.7404
-1.7134
-3.8025
-4.0970
-2.3338
-0.3612
-0.8397
-1.9131
0.6297
-0.3131
-1.1157
-0.4557
-0.7937
-0.5700
-2.0759
-2.0426
-1.1363
-1.5781
-0.6621
0.2725
-1.0602
-11.3504
1.2522
11.2678
12.9607
8.0167
-2.5021
-4.9978
-2.1350
-2.4376
-2.2603
-9.4044
-13.3555
-2.9316
1.0840
1.7200
0.5354
2.0274
7.0696
11.5160
10.7742
0.5628
-6.0850
-2.3638
5.9399
13.8634
17.6082
15.9709
11.7948
12.9905
11.2988
9.0299
8.1869
9.1329
6.6476
3.0222
0.6070
15.5108
15.3895
11.3498
11.6400
13.8520
15.1274
9.2324
8.1724
10.0492
1.3707
-12.2330
-20.9425
-17.3648
-3.0533
3.3359
4.7826
5.4941
4.8390
-1.6841
-1.6631
3.1395
6.9416
12.5566
7.7297
2.9484
0.1687
1.5435
13.1278
14.7133
9.8297
9.8544
9.3846
8.3636
9.0686
10.1095
4.7931
0.4601
-8.1765
-10.7971
-15.4448
-13.0997
-7.6215
-11.7278
-9.5900
-15.0804
-17.3653
-15.7925
-4.1607
1.4384
-2.7090
-5.5092
10.2345
0.3752
0.5834
3.7696
-3.5609
-8.3055
-11.7342
-14.6845
-12.9255
-7.3249
-9.9384
-10.7785
-4.8151
-1.8557
0.5867
-0.8043
1.0502
-7.1293
-13.0195
-22.6364
-25.4623
-19.0094
-9.2210
-6.5655
-10.9252
-20.5744
-23.5164
-22.2640
-19.6026
-19.1637
-18.7593
-10.2867
-8.9338
-5.4012
-7.2585
-11.4608
-8.9901
-1.6922
5.9166
9.2800
4.6621
2.8300
-1.7865
-2.9176
-1.1071
1.3220
0.4443
1.1049
-0.3225
-2.1441
2.8989
-2.9392
-6.6287
-10.3378
-11.6198
-6.0283
1.5757
1.6657
-0.7032
7.7193
23.8799
28.1359
23.9370
22.1910
23.2668
8.4326
-15.2509
-24.5085
-21.5380
-17.5491
-17.7608
-14.2673
-12.1668
-12.1874
-15.2216
-13.1546
-11.3835
-3.4201
-4.4704
-6.7950
-2.8558
8.4625
2.5804
4.9783
14.2133
10.3059
10.8316
17.5629
16.3801
13.0379
8.9234
7.5637
9.3212
7.6504
3.7945
-2.8492
-6.6332
-9.2534
-12.3502
-12.7848
-13.4070
-14.0942
-12.1219
-11.9255
-10.5394
-8.2559
-5.5712
1.2995
-4.6039
-10.9389
-12.2287
-4.9761
-2.4891
-10.8104
-18.4307
-21.4016
-21.7172
-19.8244
-8.7780
-2.1435
3.5406
3.5268
3.6722
-1.2860
-2.5309
-4.3640
-3.1819
0.2028
2.6725
0.2804
-5.0704
-7.3891
-9.0727
-2.8961
-1.4366
-3.7302
1.4952
3.0373
-0.2078
3.8568
7.8777
0.2619
-8.6064
-11.3672
-10.1709
-7.1551
-7.9469
-11.9621
-12.4143
-9.5628
-9.3107
-11.1404
-10.5940
-7.5144
-5.4538
-1.9251
3.2001
-5.9857
-10.0791
-10.3764
-4.3864
-5.8812
-11.9552
-13.6468
-9.3768
-8.3584
-11.1910
-15.4190
-16.4709
-16.0298
-17.9521
-15.3150
-7.5341
-5.0374
-8.6712
-6.7479
-6.0151
-2.0478
-1.0556
-0.3521
-4.6696
-6.8411
-6.1027
-6.2668
0.3681
7.4291
5.7044
3.3045
2.3079
6.1259
3.1809
1.8864
0.7197
1.1607
0.3369
-0.0980
-0.9357
-1.1362
4.0091
11.7847
5.7512
0.4812
1.7559
-9.1909
-10.5870
-10.1960
-10.0958
-7.5134
-3.3113
-1.2074
-3.9879
-8.2051
-4.7369
-8.4697
-9.6623
-2.9372
-3.4306
-1.7160
0.9360
-2.0122
0.3190
0.5654
0.5308
-0.3655
-4.0855
-9.3054
-17.6392
-12.2042
-4.4393
-4.3305
-2.4000
-3.8469
-6.0507
-9.7848
-10.9776
-3.3720
2.3710
6.7026
5.6861
7.5966
5.4216
5.4595
5.6263
2.5349
1.3485
-0.3254
-2.5843
-1.0737
-0.3276
0.4529
1.4639
1.2619
0.6750
0.1101
0.3327
-0.8482
-1.3094
-1.2531
-0.6393
-0.8635
-1.7446
5.6761
5.2974
2.5603
5.7439
6.7440
4.6589
4.5865
9.5419
5.0855
-3.2459
-0.5294
-4.9023
-6.4929
2.9054
14.9246
18.5088
8.0248
8.0062
14.2128
16.5308
15.0905
9.3207
6.8742
9.1479
8.3751
7.3647
0.9781
-1.7901
-1.5945
-0.8193
1.5720
1.9478
0.6720
5.2348
8.7357
6.7222
5.1089
3.7704
-0.3669
2.8757
8.8172
2.9735
-3.7628
-8.6932
-8.1975
-6.2026
-5.8505
-7.0328
-8.8967
-7.5385
-2.8732
-0.9671
-3.8064
-5.6339
3.0728
8.4863
5.9449
6.7266

Coefficient 33:
0.0000
-3.4547
-4.0680
0.6050
-0.7035
-5.3324
-4.0644
-1.0597
-1.0110
2.3077
4.3461
5.1766
5.7937
7.0683
3.6111
-0.7975
-2.0705
0.5301
1.0440
2.4663
1.0942
0.1124
0.9769
0.0306
-1.2914
4.0033
4.8032
2.4708
4.2397
1.8717
-1.8165
0.8468
5.6141
8.5283
6.3383
-3.9017
-13.1215
-7.5788
-6.7682
-6.9862
-8.2689
-8.6050
-8.2251
-4.3780
-6.0493
-7.2268
-3.7918
1.4948
4.9785
8.5418
-2.5470
-3.9301
-1.8661
0.1076
-6.1332
-3.9825
-0.5712
7.0447
-0.3978
-6.5324
-7.1554
1.4637
9.0644
5.4990
-2.0440
-12.3499
-11.4377
-16.9138
-19.5033
-15.3725
-14.7951
-15.5482
-10.0340
-2.9606
1.3915
-7.7894
-6.8969
5.3162
18.6023
21.5014
4.6640
-4.5196
-2.9695
3.3814
6.9031
4.7784
-2.2870
2.0264
5.8916
2.4015
1.7879
-1.0889
-5.3388
-0.8421
8.3668
7.7297
6.4184
1.6565
-3.7882
-4.0239
2.7953
4.3434
12.8412
10.4633
4.0853
6.1771
3.5863
6.3053
7.0592
8.9980
8.7894
12.6953
17.5254
19.3259
13.3386
8.2647
7.8809
9.5324
10.6633
7.3122
4.0532
-1.6071
-4.7871
-6.9507
-3.0267
-0.3811
-3.4867
-1.9025
-2.0087
-2.2992
1.7899
9.0286
11.4587
11.2215
12.8161
19.5574
20.8413
18.4822
11.9995
3.4066
-3.7646
-11.8795
-17.3720
-15.0192
-11.1072
-5.6811
3.6188
3.5411
-2.2491
-2.9641
-2.2198
-1.5060
0.2735
1.0343
-0.4133
0.1152
-0.7602
-0.6758
-2.0297
-3.7025
-3.8188
-1.6774
0.1861
0.2086
-0.1964
-0.0702
-1.2455
-3.2996
-3.1026
-5.3368
-5.4498
-3.8191
4.6298
8.7063
4.9311
2.1593
2.4581
0.2804
1.6192
11.0145
17.8875
24.7952
15.7410
9.6839
9.3817
9.8909
15.9792
10.9733
7.7554
-1.6067
6.3001
12.9939
15.0142
20.1830
30.7846
35.7498
34.3796
32.0934
29.2450
29.0882
25.3925
19.0300
8.5561
4.4933
3.9143
-0.1521
0.7981
-1.2294
-1.5969
0.4271
-0.4513
-4.8739
-2.9031
-0.0371
2.8593
0.4452
-0.6068
0.0750
-0.6459
4.1569
2.5411
-1.3431
-3.8871
3.0120
11.0951
13.5067
27.4818
26.0266
23.3111
14.9837
11.9453
12.4034
1.9807
-0.9711
-3.8482
-4.6405
2.7064
4.5640
0.3686
-4.8178
-7.0305
-7.8956
-3.8604
2.8562
3.8697
-1.0897
-3.0011
-2.9584
-1.9118
4.9220
8.9930
2.5789
-4.4868
-5.0814
-3.9247
-5.9669
-9.4360
-7.9705
-4.7283
1.3318
8.6588
4.4681
3.8290
2.7284
4.7816
6.5611
0.6694
2.0673
2.4586
0.8017
-1.3561
-4.2119
-4.5578
-1.1772
-1.0215
0.6086
2.9378
2.6294
0.4367
3.2239
4.2086
2.7092
2.8160
0.8779
4.7959
5.6493
-4.1614
-4.2982
-4.7475
-6.8476
-4.5024
-1.4890
-1.5951
-0.7144
0.4431
0.1949
-0.9486
-0.7947
0.6193
1.7142
-0.5834
-1.9224
-2.9309
-1.8280
-0.5312
1.9232
3.4457
1.8527
-0.9221
-3.0052
2.9032
7.3207
6.1657
8.2476
4.6897
0.6518
-1.6913
-5.7748
1.8564
9.0637
13.6095
13.6774
18.5629
13.8119
7.3941
1.7385
3.2952
2.3657
2.3255
5.5530
11.1331
13.2090
13.5051
6.6436
4.7698
0.8639
1.7191
-4.4101
-7.1155
0.8978
10.1936
9.8085
7.1473
2.2025
6.0291
8.1102
2.4765
3.2408
7.1314
16.6775
30.2280
40.6012
40.2777
20.2358
20.1581
14.2564
9.4198
9.3083
8.9201
20.0081
24.1476
18.5645
13.3277
7.6723
1.6526
2.5189
8.1999
8.3165
7.6129
2.9134
1.7972
6.2162
4.6691
-9.7592
-10.6489
-4.7693
3.3796
2.6203
-6.4632
-10.1518
-7.7058
-4.4067
0.4040
-0.9478
0.6046
1.2383
-1.3940
-0.4369
-1.0978
-2.0219
-2.0700
-1.0101
0.1750
0.6067
1.3530
3.0027
3.9960
1.8551
0.6045
0.6028
0.8947
-0.5113
-2.8832
-2.7882
0.0106
2.7832
1.8476
1.3554
3.1352
1.8423
-4.0042
-6.8433
-8.1205
-3.8762
-1.0228
-0.1772
-9.7885
-11.8367
-6.0910
4.1096
7.2069
5.9355
4.9804
1.1214
-1.8779
5.1660
6.8509
5.5275
8.8407
10.1117
11.3211
8.0360
1.4752
3.0714
3.1508
1.5526
-0.4726
-1.2625
-0.4605
1.7426
0.5132
-3.2960
-6.6336
-7.7210
-0.9804
-2.3610
-9.9859
-13.1418
-6.0648
8.4883
17.4177
23.1583
28.6198
35.2808
40.6261
42.8687
41.2898
16.5217
5.4047
13.6069
14.8931
13.1699
3.5223
-4.3519
-2.9267
1.0547
0.9225
1.6556
5.8759
-5.4633
-6.6304
-3.3251
4.8623
1.9716
-0.8203
0.5101
-2.9456
-4.6648
-4.7624
-7.4451
-8.1855
-7.2976
-10.2363
-12.4066
-8.9518
-2.4625
1.9518
2.8026
-5.3039
-8.6723
-3.8988
-6.8150
-10.5803
-8.5439
-2.0062
-6.1949
0.9816
4.1157
13.2159
24.9107
17.2589
-2.7344
-6.0563
2.6938
2.2158
4.0725
-6.1753
-4.8111
-4.5381
0.0819
-1.0438
-3.8533
2.3476
1.8784
-0.9394
-2.6619
-5.1588
-1.0093
1.2408
-0.2919
-3.9438
-9.6649
-6.1628
5.7462
12.4936
7.1592
7.5449
4.4373
3.6882
6.0870
10.4973
1.1381
-0.0681
-4.5893
-3.4933
-5.2340
-8.2853
-1.4193
4.2020
13.4092
22.0302
21.6863
12.7204
12.3835
11.2729
8.2063
2.7152
-1.8025
1.5092
1.4720
-3.2853
-8.6802
-7.2020
-8.2295
-8.1967
-5.2079
-4.5097
-4.2996
-0.0843
2.4870
2.6099
-3.9459
-2.2117
-3.3422
-1.4160
1.1201
0.5259
-2.9620
-2.0773
7.3863
3.2886
0.2533
5.8763
3.4969
0.4436
0.6183
-1.2147
-3.1487
-2.6447
-1.9173
-4.3195
-2.4268
2.2423
-0.0435
-5.6873
-6.8481
-0.9999
3.6328
0.8305
-1.8257
2.8768
10.6079
14.1465
12.9213
14.3647
16.1398
8.2321
-3.7990
-4.4243
-1.3397
10.5797
5.6823
3.7692
-0.7106
-0.0853
3.3348
2.7957
-0.3402
7.4282
25.5383
33.7862
30.3934
21.4588
18.3051
15.1248
2.0755
-2.4314
2.0987
-0.5606
1.1941
21.3863
39.0506
39.4995
33.1665
24.0010
17.7605
18.7797
11.3899
9.7359
9.9077
5.3823
-5.4099
-8.3440
-6.3763
-4.4224
-6.2197
-1.8980
-0.6327
-4.8599
-7.0655
-13.0865
-13.0495
-10.0071
-6.1407
-0.1637
0.3569
0.5639
0.8592
0.1087
0.2636
-0.5032
-1.7182
-1.4459
-1.4856
-0.5634
-0.6204
-1.7567
-1.3320
1.7738
2.7783
2.8936
2.3112
2.6260
1.9713
9.2778
12.9171
12.8192
9.3761
12.0175
17.2080
13.6389
6.0244
5.8685
4.1021
3.3603
-1.4707
-1.8985
-2.9693
-5.8402
4.1469
17.4777
27.4161
24.1788
12.7297
4.1606
9.6050
20.3504
18.0704
12.4854
10.6510
8.0532
3.6640
-0.8310
-7.2932
-11.6476
-10.6644
-8.1233
-8.9532
-6.9964
4.6216
5.4195
3.7372
4.5637
5.7641
-2.9969
-4.9178
-3.1226
0.3566
0.3310
-0.3964
3.7642
7.1030
7.1802
-0.1833
-9.0219
-17.4090
-13.4572
-8.9847
-11.0201
-4.9578
-2.8864
-1.4765
-1.0841
-0.9328
-1.2264
-1.0241
0.9185
0.3187
-1.2676
-4.0019
-8.4601
-9.1361
-5.1840
-2.9521
1.1550
1.1890
-2.2068
12.6446
14.4155
11.4281
3.1264
-7.4837
-13.4375
-12.0735
-9.9505
-10.2146
-5.1569
-3.8625
-5.9863
-5.3709
-12.7045
-9.3177
-15.0499
-16.2887
-10.9172
-9.2786
-8.0626
-9.3824
-7.6832
-4.1455
-4.3951
-5.9668
-4.4286
-9.8520
-15.6274
-13.2126
-8.8562
-0.5431
3.2173
4.5122
10.3631
11.9085
7.7184
2.7208
7.6273
11.5251
11.8644
11.1640
9.2683
6.0037
4.1754
-1.1838
-3.0100
-3.1026
-1.0832
0.4177
2.4881
2.3539
-0.9048
-5.4478
-6.1804
-1.8267
6.4454
-0.2328
-4.0324
-2.9930
7.9111
17.3664
13.2470
-1.8973
-1.9404
3.2066
1.4584
1.8524
-0.3835
-4.7996
-8.9891
0.3950
2.3287
-2.3257
-8.9685
-18.2530
-11.4721
-1.2937
3.3823
9.5528
9.0364
4.2002
6.7499
15.6161
23.7769
34.7830
38.8315
27.6893
21.3998
20.8063
14.1747
12.1861
14.3141
11.1847
5.0854
7.2219
8.8819
10.8120
10.1272
3.3021
-1.8009
-6.0570
-5.9149
-4.2807
-1.1619
-2.8977
-6.3967
-5.1161
-3.2080
6.6378
16.6930
16.0266
7.0729
-2.9631
-3.8896
2.5658
5.7340
5.5594
2.4152
-15.0704
-22.1741
-14.8095
-13.8470
-6.0472
11.0175
22.1422
23.7048
26.4193
33.6815
35.4052
31.3280
25.8166
20.8755
15.4410
20.1776
14.1472
6.0300
2.7034
2.8731
13.9581
9.8105
1.2550
3.0776
7.4925
13.1863
25.7888
35.4034
27.5966
11.5658
6.5407
14.0855
22.1921
14.0549
10.6112
-1.2222
-11.2219
-19.8227
-13.5797
-13.0959
-24.5438
-28.6121
-28.0184
-28.7208
-25.9161
-13.4364
-9.7844
-15.9694
-13.5889
-12.7994
-9.7087
-7.4884
-2.3777
4.1594
-6.4532
-6.3257
-3.2387
5.7839
12.2422
8.4900
6.8758
2.6058
-0.2407
-1.4421
-0.0881
2.0416
-3.4439
-5.1165
16.1212
33.5392
26.5887
13.1840
10.0553
10.3527
8.4086
2.7238
1.9075
2.8340
2.2613
4.0122
1.2793
0.5233
0.2234
6.4647
10.8353
3.1859
4.2926
14.8627
26.4711
35.6805
36.7504
28.7467
17.6039
15.6266
18.3038
18.7182
17.4774
15.6785
9.5970
7.9547
12.2808
6.8040
-7.6659
-11.4505
-16.9604
-23.5718
-23.9985
-14.4171
-11.7031
-11.4018
-10.5614
-9.0123
0.0679
-1.3120
-2.8345
-3.9495
-3.3669
5.8662
26.9404
25.5155
4.7769
-11.7973
-17.3655
-25.4293
-16.2613
2.8085
19.6666
31.7828
30.5598
26.8506
25.9984
27.0191
25.3648
22.7972
23.6461
21.6866
19.2022
13.9318
10.5900
4.3091
-1.7080
-4.1119
-3.6219
-2.1040
-2.7470
-2.5697
-0.3607
0.6556
-0.3746
-1.8859
-3.7011
-2.3207
-2.9823
-8.7017
-12.2066
-15.7180
-19.2612
-20.3436
-14.6646
-9.6485
-8.3041
-7.7012
-2.2672
-0.8439
-4.5830
-0.6321
10.4678
15.6775
10.0298
7.2282
2.6641
-0.7083
3.3647
3.1256
-6.5333
-9.1610
-11.6117
-11.9015
-15.7199
-19.6017
-14.4186
-12.6908
-7.2141
-5.0319
-5.1798
-5.1099
-2.8194
-0.8020
-1.1390
-6.2262
-2.0770
-2.1002
-0.6174
-0.8199
1.7418
1.4747
-0.9960
-0.7200
1.6981
2.9054
0.3199
2.8635
-0.6784
0.1655
0.6025
0.0783
-1.5623
-0.4805
-0.1606
0.9383
1.1379
-0.7117
-1.1720
-1.4859
-0.0435
1.2742
1.5255
-0.7985
-4.8542
-2.4663
-2.9399
-3.0218
1.4811
7.4342
16.0047
26.9493
31.9805
23.5614
13.7604
12.6774
15.3452
16.1434
10.8236
11.5200
12.3700
7.2190
-2.6521
-3.4863
6.8943
11.1630
9.2546
5.9180
4.8248
3.1793
1.0605
0.2639
-0.3234
-1.4694
-1.5730
0.1893
-0.9484
-1.5718
0.2442
3.4045
1.2734
-0.6517
2.4975
4.6229
1.5184
0.4329
0.0541
-2.1375
-5.0075
-5.2049
6.6050
15.5087
13.0443
19.7798
16.2408
2.1570
-8.2148
-6.6860
-12.8881
-20.7137
-23.3477
-21.4791
-11.3562
-6.6207
-6.0544
-5.9571
-6.9064
-9.3517
-5.3441
7.1160
13.9947
10.7789
8.0846
10.0301
13.2952
8.1419
3.4281
4.3568
23.0391
21.5148
16.8382
16.8188
4.5617
-3.3633
3.1662
-0.6734
-1.4809
9.0414
24.0712
31.7311
24.0838
13.6493
0.0520
-1.5153
-2.6438
2.1781
7.4399
7.6056
-2.7086
-4.7772
-5.1390
-9.2477
-3.2058
-0.8352
7.5527
14.3103
5.7387
3.7792
-0.2018
1.3741
2.2566
2.2810
-2.7976
-2.6134
0.2395
-4.6815
-7.3768
-6.5893
-2.4015
-1.1470
-3.8079
-2.4887
-0.1133
0.0574
0.7819
8.3594
18.0715
23.6017
26.3169
21.0702
15.0369
16.2505
17.0106
8.4423
3.1102
6.2481
4.0211
0.0463
0.5748
0.3739
-0.7434
-1.8227
-2.7578
-4.3585
-3.8881
-1.4050
-2.5230
-3.6470
-2.2111
-1.7281
-2.4900
-0.2203
-5.8162
-6.1791
-2.2582
-3.0776
2.6428
4.9520
1.4748
1.3206
1.5616
3.7026
2.3393
-0.2316
-0.7764
-0.5305
0.7677
0.4919
-0.5957
-1.7229
-1.3778
-1.2758
-0.4907
-0.4186
-1.6478
0.1035
0.8713
-0.9265
-0.0377
1.8924
-1.4561
-2.8486
-2.3292
-3.0294
-3.7778
2.6210
25.0241
26.4638
12.5826
6.3532
4.1152
6.0590
6.2787
4.9941
6.0021
5.7917
7.9155
4.6558
2.4303
-1.2867
-0.0121
-1.1973
-1.5600
-3.1508
-4.9057
0.0342
0.3407
-2.9401
-1.1629
-1.5262
-0.6646
-1.5121
-1.6295
-2.5001
-1.5603
-3.7711
-4.5225
-2.8963
-0.6016
-0.3703
-1.7688
0.5534
-0.2719
-0.9495
-0.2731
-0.7557
-0.8195
-2.4062
-2.1908
-1.0578
-1.6759
-0.9311
0.1297
1.7819
-5.5681
6.0890
17.8662
15.5616
10.4452
3.2656
-0.6161
-1.5575
-2.8780
-7.7623
-13.0070
-6.8401
-4.7139
0.3699
3.4531
1.5026
0.0077
0.1180
1.8366
2.3213
1.1671
3.3631
9.5939
25.7044
25.5700
13.3052
3.1855
-0.1138
6.4246
5.7679
7.9161
6.3496
6.6688
5.3766
2.8079
-3.4669
13.0911
21.9599
19.0170
14.6961
8.7542
11.3910
5.3323
-0.9011
5.3312
-0.9044
-2.9678
-7.8580
-12.8506
-14.8929
-12.0959
-7.1822
-3.3770
-1.3353
-8.3656
-11.0002
-7.1166
-2.9549
0.7699
3.3964
2.9075
-0.7102
1.4457
12.1437
13.3672
6.1307
4.8640
10.6927
5.9268
4.7561
10.8462
7.7690
3.3281
-0.3919
-4.5145
-5.0693
-1.1432
2.6669
-0.3062
4.2894
5.6520
2.2766
1.3843
9.1166
7.1568
-7.4306
-15.4963
-10.6193
-9.3849
-4.6424
0.1892
2.3370
6.5687
4.4268
-3.3390
-8.8206
-9.1640
-4.8620
-7.4160
-10.6852
-13.5908
-14.1093
-11.7897
0.2848
-0.9327
-6.1437
-10.8874
-12.9748
-13.4538
-9.0377
-1.0562
-0.8842
-3.9821
-5.5687
-8.4998
-13.4438
-13.6222
-11.7537
-14.9311
-10.3252
-5.7060
-5.3382
-0.0543
3.4065
7.3878
10.1369
7.3901
5.4021
2.2593
1.8407
2.2948
-0.1236
1.3884
1.3286
-0.8218
-0.8794
-1.0209
2.7462
3.3116
0.6743
-2.7260
-9.1175
-7.5955
0.8966
-0.0789
1.3268
7.4268
24.9737
30.7317
35.7093
37.6615
42.5952
39.2491
27.0759
9.6248
5.4731
3.4352
-1.3235
-1.9792
-0.4933
-7.1542
-14.9691
-17.5123
-15.2255
-6.8670
-2.4920
4.1925
-0.7045
2.6654
5.5568
8.5984
9.7099
10.9622
14.1141
19.0689
24.4281
20.6007
12.6236
5.5534
2.6067
4.2203
3.1343
2.3780
1.8867
5.4640
4.0699
0.0514
-4.4112
-6.2045
-4.8976
-7.8212
-11.8671
-13.0126
-14.2542
-1.1208
6.2683
9.5427
4.0628
-3.7975
-3.9750
-5.7348
-8.5060
-8.7866
-5.3350
-11.0023
-7.2701
-2.2808
0.6851
2.9311
0.3093
-5.0428
-3.0435
-1.4562
-0.7944
-1.2927
11.4024
10.9288
5.3496
5.8043
4.5456
3.1284
4.4625
-1.8525
-7.0969
-1.2428
8.2697
15.9450
24.2813
18.5462
5.8431
-0.4578
0.0038
-5.2460
-3.5798
-7.6015
-11.5499
-8.2800
-8.3101
-8.8398
-9.7286
-11.7847
-10.0864
-5.9828
-2.6951
-5.6650
-11.4338
-17.0222
-15.8613
-9.7183
-6.2414
-8.9085
-13.0990
-16.6130
-18.5717
-17.1276
-18.4446
-10.7058
-7.9426
-6.0814
-4.2272
-1.1107
-0.6592
-1.5013
-7.0612
-10.0993
-13.0226
-11.7806
-10.0807
-8.5232
-8.8187
-8.8847
-3.0496
-5.8824
0.0687
2.1691
0.3862
-2.3282
-3.2934
-0.8486
0.2523
1.1688
0.2498
-0.1207
-0.9029
-1.0042
-5.0697
-5.7451
-3.2207
-0.9954
-10.6353
-18.7040
-23.9570
-21.4357
-14.2172
-7.2433
-6.9803
-3.4853
-6.5701
-14.7164
-12.5281
-9.1286
-2.5854
-0.9502
-0.6213
3.6504
4.8470
2.7682
-0.4409
0.0913
-4.9324
-7.5955
-9.8794
-11.9337
-13.9274
-6.3524
1.6973
2.1445
-1.6621
-5.8227
-2.4038
1.9042
0.3031
-2.3129
0.0663
4.3344
2.5241
1.9488
0.5957
0.3530
2.3623
1.7270
0.8455
-0.2287
-2.4920
-0.9840
-0.4058
0.3895
1.3618
1.0239
0.5949
-0.0583
0.2297
-0.6461
-0.8929
-0.9888
-0.7082
-0.9063
-1.7940
5.4645
1.2728
0.9524
2.3761
10.0656
18.4033
11.3253
14.6471
5.9396
-1.5264
1.1186
3.3708
6.0711
15.7941
28.4030
37.2433
34.0156
32.6546
34.9612
34.7486
29.9345
24.9831
19.4469
17.7143
14.7192
13.0500
3.8086
-1.2222
-0.7432
-0.6678
1.4763
1.5467
-1.8083
-3.1355
-1.0047
0.5608
0.0174
-4.9249
-5.1936
-1.1168
0.4323
-3.2186
-4.1065
-5.4383
-4.2762
-3.9112
-5.0382
-5.2375
-6.1597
-3.0821
-1.0887
-0.8730
-2.7669
-3.8566
-8.4324
-7.1651
-4.6858
-0.9397

Coefficient 34:
0.0000
-3.0159
-1.1502
2.1705
1.1366
-2.7895
-2.8569
-1.8134
-1.1948
2.5480
4.6149
5.1845
5.9074
8.0863
3.5788
2.2029
1.9818
1.3615
-0.9057
3.1784
1.5038
1.9760
3.0006
3.3594
1.0266
-0.7969
-6.1502
-10.5333
-6.3702
-4.1847
0.6034
6.1238
1.7921
-2.5384
1.7577
-4.1274
-6.9977
9.3226
9.4362
6.3756
8.6287
12.6022
7.9991
8.1870
10.2641
6.7903
4.5461
2.0486
0.3273
7.0254
1.3865
-1.2871
-1.9015
0.1490
-6.8331
-6.7909
-3.8310
5.1787
-1.7601
-2.6371
1.6746
5.4514
0.6630
-0.8786
-2.7084
-7.6458
-10.5697
-13.2247
-13.1775
-8.1082
-3.7960
-3.0142
-12.3641
-9.8329
0.4915
4.1826
-8.0106
-16.9564
-15.9347
-20.4043
-20.4393
-15.7643
-6.6159
-1.2787
-2.1046
-0.0080
-5.7469
-3.9442
-5.3430
-8.9286
-9.4953
-5.4631
0.1280
9.2711
13.7522
9.7787
9.2513
5.5513
2.4892
1.5229
1.1408
7.4511
11.4078
10.3171
6.1658
8.6014
0.3077
-0.1888
2.0711
1.7563
4.5343
0.6602
0.7384
5.3179
-0.1460
-3.5023
2.3556
6.8936
5.9451
1.2382
-2.2777
-4.1624
-6.0666
-4.4919
-1.8059
-8.0817
-6.7958
-3.1026
-3.9413
-5.5313
-6.7878
-5.1079
-1.1173
0.6082
6.8412
12.6400
16.3275
12.4022
7.5624
9.2064
10.2073
13.9742
16.1985
17.5029
14.3106
4.8250
1.8120
2.0409
-2.4097
-0.9979
0.7509
1.0935
0.2733
0.7401
-2.1183
-2.1462
-0.6704
-0.4248
-1.6856
-3.2099
-3.9096
-1.4774
0.5205
0.3911
-0.1873
-0.1875
-0.3981
1.7134
2.5606
-0.1758
-6.7817
-6.6848
-13.2307
-15.5998
-12.4231
-7.5169
-4.0711
-2.7221
-3.5097
4.8255
16.6957
16.5002
2.2013
-0.7722
0.9945
6.3259
16.4266
13.4987
8.4402
-3.1287
-3.8427
3.5758
8.4612
11.7001
17.0489
19.9643
17.3754
16.3925
16.0376
14.8954
9.0885
-0.6385
-2.2162
-2.2819
0.4778
3.0488
4.0624
2.0437
0.3453
-0.2641
-0.3482
-3.1350
-0.3387
2.0653
4.4924
1.2531
-0.8133
0.2223
-0.7701
6.7174
7.7311
8.3028
5.6786
10.3887
22.0879
29.8452
36.4777
37.0894
30.1757
18.0934
8.0586
7.4224
6.2103
-0.0357
-6.2130
-5.2778
2.3033
9.7156
9.7315
9.4349
4.8309
2.7335
2.0838
-0.8368
6.1321
10.2595
8.0690
9.1697
3.0059
-0.7432
1.8910
3.0204
2.0459
-1.8106
-5.2040
-5.2234
-0.2144
4.1121
7.2984
6.2914
-1.1485
-4.1754
-2.5316
-0.5890
-0.1204
0.6032
-4.8089
-6.1656
-6.4099
-5.3162
-1.3478
-1.0184
-4.4618
-5.0210
-7.1577
-9.2363
-11.7704
-10.1796
-7.8578
-3.8003
-1.3907
-2.7641
-1.6651
-0.9379
2.3876
3.1781
-1.6300
-2.4386
-1.8016
1.0479
-0.9317
-0.7827
-0.7639
-0.6287
0.3316
0.2164
-1.1916
-0.6580
0.7620
1.1658
-0.9453
-1.2103
-1.4428
-1.1307
-0.7679
1.2202
2.8497
1.7096
-0.8342
-2.5745
4.0436
8.6677
10.0792
9.5984
12.2643
7.5970
3.6196
7.1864
6.6498
11.0598
21.9064
21.2048
25.9762
28.8831
23.2079
16.1085
12.7932
11.3363
10.5964
8.2392
9.3563
11.9773
15.3107
16.4083
6.0116
-0.1654
10.1538
4.6701
0.8923
1.5318
0.7964
1.9037
6.0930
14.3592
16.8437
14.8503
6.6221
2.5806
0.6839
1.3470
6.5380
11.9234
14.9647
18.9705
21.1896
14.9462
12.4856
8.7609
-0.0666
8.1362
9.4843
10.0929
16.3461
15.7905
13.6610
6.5391
4.9728
-1.9745
-3.3751
-0.5260
6.9481
4.1650
-0.4325
-6.1896
-7.0554
-1.5673
2.3360
2.1733
-7.8175
-10.5694
-7.5523
-3.1879
0.0748
-2.7694
-1.8663
-0.7281
-4.4399
-3.2435
-0.9366
-2.2241
-2.4338
-1.2130
0.1256
0.4226
0.8883
1.1824
1.2844
-0.7314
-0.9816
-0.5874
0.5411
0.1584
-1.2157
-1.5477
0.1999
1.4240
0.6182
1.3515
2.4405
0.5147
-3.5686
-6.3791
-7.8576
-3.3738
-0.9851
-2.6110
-3.2091
-10.5125
-14.9498
-22.3979
-23.4792
-18.9094
-16.7677
-14.3408
-9.7811
-9.1643
-13.0156
-9.9898
-5.0471
-3.8535
-1.8023
-3.3175
-4.7568
-5.6657
-3.4407
-4.5428
-6.2507
-2.3254
-2.5043
0.8879
-0.8227
-2.5498
-2.9213
-2.5461
1.3811
1.4854
-7.5004
-18.3370
-13.7696
-7.2177
-5.1175
1.7416
3.3678
7.3593
20.5289
27.0226
17.0642
-2.0770
1.1373
13.4872
15.5646
12.5311
3.1155
0.0545
2.8345
2.7548
2.0716
3.2798
9.2588
6.0713
1.2423
0.4953
8.3440
14.0277
11.6966
13.3434
10.1479
6.3403
-0.6956
-5.2483
-5.2869
1.9999
0.6821
0.1570
3.5727
4.1571
5.4517
7.6815
4.1694
-7.3840
-7.7015
-1.3282
0.5606
-1.7525
-5.1570
-4.8350
11.9141
16.7669
17.6583
15.0690
2.6471
-5.6064
-1.9293
-0.4832
3.9471
1.5460
-4.3918
-8.2647
-18.3616
-14.1359
-9.9413
-7.3819
-0.9055
-1.1133
-5.6700
-4.3168
-4.6065
-4.1355
-0.4165
-0.1065
-0.3552
-6.4472
-6.0470
-4.3390
0.8244
3.1475
3.7018
-1.6790
-2.9853
2.3726
6.7450
-5.3580
-2.5316
4.7501
5.6472
0.6916
-7.0396
-8.0175
-6.6911
-0.2226
11.0789
21.3588
16.9107
14.6283
18.0536
18.9452
14.7292
12.2869
13.4158
9.8494
6.8194
6.1277
2.2688
0.1489
2.9074
4.6706
3.6620
3.9285
3.9834
1.4549
2.0647
8.3771
7.2266
3.9329
5.7318
4.2821
3.8605
-4.2621
-6.2594
3.5418
4.6745
6.2258
4.3226
1.6726
6.2130
3.3599
1.2918
1.1799
-1.1883
1.6935
3.3501
-0.7103
2.0170
1.0577
0.9347
4.9247
6.6764
5.3881
4.0730
2.2737
-2.4384
-1.2100
6.7299
5.3978
5.3216
10.8083
9.1255
2.0411
3.0453
7.8173
5.4795
0.5933
-0.6182
-5.5036
-16.5968
-18.2224
-12.8353
-7.2562
-1.2093
17.2270
18.3587
13.3606
14.8064
18.9390
15.5356
8.5933
1.4087
-2.1070
-8.6854
-8.0231
-1.5868
13.3478
20.2090
22.7199
19.2595
9.0338
19.3784
18.2133
7.7441
9.1344
9.7592
7.5541
0.8339
3.9657
3.4138
-0.0401
-0.0827
-6.5585
-8.6979
-1.2399
1.9058
-0.9272
3.7991
6.8250
10.9982
7.7429
0.4203
0.6053
0.0789
0.1747
-0.6313
-1.6850
-1.1448
-1.0544
-0.3308
-0.4063
-1.5577
-1.3576
9.9683
20.1185
16.5858
15.6958
6.8995
0.5928
2.2238
2.3537
3.4261
-7.4081
-7.6540
2.6965
4.1804
3.9251
4.9473
3.2935
1.9976
0.6237
-0.0369
-0.3538
3.7286
6.0155
20.4366
33.0152
43.1560
45.6402
31.9088
28.1272
24.8767
15.0233
11.1499
9.6715
7.0570
7.1238
4.7265
0.1102
-3.7778
-5.6452
-8.5962
-10.7240
-9.6609
-5.5112
-6.5029
-4.6894
-5.0459
-6.3888
-0.4309
-4.4844
-3.6547
-6.7107
-4.9407
-2.3478
-8.8674
-7.7268
-2.9017
-5.5418
-12.4016
-11.6519
-13.1169
-14.5051
-13.0541
-8.7195
-6.3795
-3.7389
-2.3487
-0.8542
-1.0878
-1.2514
0.6070
1.1138
1.4293
1.1423
0.0875
0.7156
1.0367
-1.5659
1.4357
1.1979
-2.2326
4.7188
2.6435
6.1109
7.2422
-0.1530
-1.5806
-2.0470
-1.6296
-2.3009
1.8814
3.3923
2.3807
0.0669
4.6027
2.5576
1.6524
-1.8914
-2.8649
-0.4280
0.6105
0.1869
4.3408
3.3378
1.0378
-0.9421
5.3326
3.6574
4.2023
2.5108
2.4442
4.0179
5.5557
7.1205
3.0850
2.8234
5.6350
-1.7657
-2.4807
-1.8805
0.6963
7.6551
12.5846
11.0343
9.6278
6.2549
6.9880
7.4767
2.7087
1.7926
4.2499
11.2297
11.0693
7.3534
0.5531
0.5797
1.7309
2.0630
-0.8794
-3.5143
0.2896
14.2193
19.2110
5.2201
-0.4481
4.8696
0.4661
1.3735
-2.3593
-7.4963
-13.1648
-10.4360
4.1330
6.5849
8.5987
-0.4596
-10.4570
-11.1501
-7.5589
-5.3084
-2.4236
-1.4325
2.5764
4.5644
5.7077
-0.6350
-0.1719
3.2962
5.9128
8.4665
7.5084
0.9047
0.3987
-0.0435
-6.1519
-1.3930
6.8115
5.6874
8.9464
7.9644
7.3587
5.1079
5.6762
5.8614
4.0196
5.6980
3.5769
9.4983
6.4910
2.3475
2.8344
9.4415
7.5176
7.2379
3.9983
9.2140
12.5883
11.4791
-1.4321
-9.9698
-9.3145
-8.5886
-4.5248
-1.8867
6.4318
18.1448
29.4969
36.2073
35.5042
27.7339
19.0050
14.9508
2.6764
-2.2121
4.6643
2.1249
4.2864
11.4086
17.7146
25.2743
12.2171
-3.8704
-1.0708
5.6690
11.1780
16.5697
29.5921
30.3348
19.9546
12.8820
8.2438
15.3806
18.0858
2.2408
-2.6955
-1.7715
3.6349
5.3045
1.0155
1.1020
4.6225
-1.9922
-11.1682
-12.3195
2.6018
11.9776
13.6337
9.1589
5.3237
8.6677
12.6658
12.0206
6.6370
-1.3335
-12.3268
-6.6493
-0.4644
-0.1809
-0.0198
0.9825
0.6123
-1.2399
0.0928
2.8467
4.0792
5.0016
2.2858
10.8416
14.6540
20.6674
20.2180
19.6467
13.0327
11.3642
5.1248
3.9494
4.4698
2.6764
0.2483
-0.6251
-0.9564
0.6598
1.8648
1.2194
-0.0716
-2.5906
5.8753
18.8094
22.2587
28.9503
32.7489
31.6385
32.0526
35.6955
41.3078
41.6081
45.7355
43.4688
34.2491
28.0519
23.2766
17.3671
7.6408
2.6397
-0.2147
-2.4647
3.9047
15.8258
13.4512
2.6806
4.5193
14.2793
13.8718
10.4796
9.1000
9.5899
16.1080
31.3866
22.6818
11.7922
12.0520
22.2942
14.1678
2.7066
8.7675
25.9468
42.4663
51.5114
48.5594
46.3081
42.0398
34.8378
33.4809
34.3736
28.1150
22.3010
16.5183
8.7816
5.6624
6.5847
5.6371
7.0514
9.2637
6.6998
3.8908
1.8266
1.5274
2.7915
-1.9962
-0.9000
-2.0306
-0.9358
-1.9084
-7.4628
-10.2035
-7.4672
-4.7202
-2.4703
3.0566
1.4367
-1.9057
-0.7093
4.2408
-1.3611
-0.8937
13.3792
19.4147
20.4132
21.4972
14.8708
12.7270
6.2781
7.3056
-3.5574
-2.2805
2.8373
8.8440
1.2917
-0.1515
4.4151
3.6573
2.7249
0.0134
-2.0675
0.1805
1.3260
-0.9913
-1.2009
-4.2794
-1.6103
1.2513
-3.9525
6.1772
9.8305
1.9812
-6.2873
-8.6644
-6.0030
-0.0292
-1.8154
1.3707
-0.5626
0.3726
0.7232
0.0887
-1.4970
-0.3668
-0.0293
1.0828
1.2487
-1.9748
-3.8143
-4.0214
-3.2340
-1.5664
-0.8311
-0.8349
-5.1482
-5.1854
-2.9654
-1.1302
-0.4134
3.8023
15.4644
25.2544
29.8279
26.7553
26.2908
29.6440
27.7847
22.7040
21.2474
19.6182
15.1933
8.3943
-2.6960
-3.5933
6.3484
4.6508
3.7077
8.9759
12.1043
8.0382
1.2888
2.3838
4.7562
1.5065
1.4373
2.3594
4.1975
4.5499
3.0259
-0.3111
-5.8127
-7.6809
-7.2558
-5.1016
-0.4826
-0.8399
-2.9603
-4.5565
-4.7542
-5.8939
3.4076
11.7251
9.8151
17.2073
24.9696
27.0992
15.1500
8.6921
8.3342
5.3580
0.2490
-6.5362
-3.8122
-2.7369
-3.0600
0.6995
2.4474
-0.0751
1.6524
9.3661
16.4160
11.7836
9.8690
13.6184
14.5794
6.8103
-2.6810
7.2581
19.4251
19.1832
15.7108
10.8315
3.9824
-2.8663
-3.6704
-5.5648
-10.3447
-10.9973
-5.3487
6.7111
19.8689
14.4955
8.9007
-2.2549
-6.1313
3.7781
1.5156
-2.8275
-7.5865
-9.4693
-11.2916
-7.8756
3.8670
0.5590
4.7615
8.8719
5.9435
3.4536
5.8608
11.0559
7.7060
-6.9120
-14.0004
-10.7629
1.6885
-0.5902
0.2794
3.0896
4.8138
7.0474
11.4182
9.9326
4.9788
6.8838
9.6931
13.6203
11.9122
9.0262
13.7080
14.6816
16.0214
9.7336
5.0093
2.5389
2.3709
4.0847
-3.1831
0.3077
0.4595
0.3427
-0.9656
-5.9041
-7.6366
-10.6212
-9.0086
-5.7636
-4.3879
-4.3399
-3.1055
-3.3392
-3.7565
-1.3168
-0.6924
-6.2316
-5.1653
-5.2805
-7.6620
-3.8936
-3.7123
-4.0825
-3.6104
-2.5508
-6.1121
-2.2949
0.0059
-0.3171
1.1198
0.8751
-0.3158
-1.5813
-1.3112
-1.3593
-0.5285
-0.5529
-2.0668
-0.5610
0.3073
-1.2437
-1.9947
-0.2558
-0.0262
1.7651
2.0314
-0.6144
-3.8840
-8.1536
4.3723
23.4711
14.4430
11.3722
15.2650
15.0799
15.3482
16.2265
15.2646
9.6495
7.7217
13.6275
16.4317
13.5107
13.3756
11.5468
2.3138
0.1787
-0.5882
-2.2246
1.9362
1.5085
3.1015
0.7467
-0.4837
-1.1485
-1.2375
-2.2110
-1.4161
-3.1285
-4.0891
-2.9299
-0.7878
0.1049
-1.4522
0.3930
-0.2399
-0.7398
-0.0818
-0.5330
-1.1068
-2.7293
-2.3207
-0.9539
-1.7885
-1.3817
9.2714
12.1782
9.3447
8.4933
17.2069
15.6707
8.6196
0.1101
4.1573
-1.2750
-9.7556
-12.5587
-6.9521
3.0393
-1.2178
-1.5140
-1.5365
-3.7093
-0.6457
-1.5380
-0.4103
1.3070
2.4734
8.2431
21.3157
32.3971
24.6542
15.5907
14.2137
10.4369
12.0494
12.4972
14.0577
10.2559
9.9474
11.4072
4.8953
-1.2487
2.1446
4.6352
7.8587
10.3891
4.8507
10.3377
12.6417
7.8027
10.0814
5.7869
8.1858
11.7448
5.4572
-0.5295
3.7954
1.7468
-1.1670
-7.0635
-14.1555
-12.5547
-4.7391
-3.5469
1.8286
6.4240
6.2402
3.6867
8.2106
12.6687
10.9082
7.3821
3.4232
3.4776
6.9459
5.9433
7.0015
10.4374
10.2550
9.9661
7.7602
3.5041
2.7738
4.6331
0.7881
1.5026
7.3560
5.6554
0.9391
0.0202
-0.7949
-6.2788
2.6812
-9.4697
-7.3674
-4.4740
2.6288
8.2838
5.0072
4.3644
2.3814
-6.1773
-9.3563
-17.0610
-14.8586
-8.0317
-7.3831
-9.3074
-9.4954
-8.9232
-4.5727
-6.7738
-12.2064
-14.4679
-15.4051
-12.1413
-2.6871
3.5864
1.6648
-7.8244
-15.2405
-22.7365
-24.9847
-23.8600
-17.0328
-14.5839
-14.6014
-13.3928
-8.9538
-1.0563
6.0140
7.1030
4.1538
-6.4282
-8.0199
-4.5262
-1.8779
-2.3822
-1.4846
0.7512
-1.3053
-1.0229
-0.8024
1.5799
7.1376
3.7139
-3.9896
-6.2495
-3.4953
0.6977
-2.0263
-0.8411
6.2305
19.9553
20.5996
30.1892
39.6919
44.7987
47.8079
37.9086
19.3596
2.4642
-2.8141
-6.3819
-6.5687
-6.3405
-4.4670
5.6438
6.6690
5.8427
4.4057
3.6194
-0.2118
-7.1845
-9.1188
-0.8232
2.3480
6.3875
10.2562
15.4897
16.4151
21.6765
18.9346
13.3475
13.2826
25.3241
28.2317
26.7366
24.0531
18.2033
16.8864
13.3502
13.8209
10.8114
8.9075
8.9812
13.2986
14.9741
14.6828
10.9379
5.1143
7.5127
5.9430
5.0646
9.4761
14.2968
6.2082
-2.5759
-1.5693
2.3035
3.7574
4.0460
-4.1620
-10.4528
-12.1086
-11.4218
-10.0954
-3.1730
-2.5576
-5.1243
-5.1220
-3.3998
-3.7789
-6.2571
-2.2851
-0.1350
-2.3913
-5.0164
-6.9479
-12.8010
-7.8336
3.1522
9.0152
19.8888
32.9620
24.8825
16.8112
12.8343
4.4881
-2.8120
-7.8374
-14.1922
-12.6685
-13.7966
-14.8468
-15.1757
-13.5550
-13.2743
-12.1510
-5.9203
-1.5439
0.4519
0.5553
-0.8715
4.0460
1.9702
-6.4091
-8.2547
-7.0810
-7.5495
-8.2862
-7.2145
-3.9500
-4.2625
-1.8567
1.6880
3.1415
3.5444
-0.3752
-0.8426
5.6134
10.6752
8.7656
2.1868
-2.4260
-5.0579
-3.2720
2.0617
0.5893
1.4575
-0.9520
0.3383
0.6653
3.5708
1.0766
0.1425
1.1343
0.1550
-0.1403
-0.8584
-0.8821
4.2269
10.7927
7.7061
1.2594
1.6873
-8.0496
-17.1895
-21.5459
-18.9850
-6.5606
-2.4702
-5.1140
-4.5956
-7.1938
-10.5719
-14.5837
-2.8639
0.8801
4.5952
3.4419
-2.3771
-0.9467
0.0774
7.0186
4.6483
0.8517
-3.6200
-5.6624
-4.7361
0.1720
5.2505
3.3861
-0.3254
-3.8388
-4.8701
-5.4207
-2.3248
-8.9896
-15.6016
-12.9288
-11.4236
-11.0007
-9.0140
-5.7884
-3.7741
-3.8485
-1.7153
-0.1357
-2.3637
-0.9313
-0.5111
0.3382
1.2191
0.7720
0.5114
-0.1946
0.1527
-0.4078
-0.4308
-0.7041
-0.7964
-0.9202
-1.7844
0.5040
2.2706
-0.6409
-0.8257
11.9920
22.8725
17.3242
15.7223
8.5344
-0.5122
2.0772
7.4005
10.2257
4.3634
7.0574
22.2766
32.7201
34.2968
36.4099
29.6607
26.0983
29.6957
29.9339
25.6081
13.3191
13.3839
9.2372
3.9065
-0.0347
-0.5281
1.3163
1.1224
-3.1109
3.3384
1.2667
-1.1595
-0.7253
-0.2262
-3.3021
-4.7470
-0.7304
0.2045
0.7160
-2.2470
-3.0773
-0.4915
0.7980
-0.8455
-6.2277
-4.4004
-0.9364
-0.8664
-0.9631
-0.1697
-5.7263
-10.2078
-5.8417
-3.1515

Coefficient 35:
0.0000
-2.4680
0.2742
4.5464
3.6576
-0.4178
-1.8765
-2.6839
-1.5019
-1.1038
-1.5505
-2.1818
-1.6125
-0.0127
-3.8643
0.5219
2.8034
1.3086
-0.3873
3.3279
4.1002
4.1818
0.6606
-0.2667
-2.6530
-6.9769
-8.9008
-11.1157
-6.4352
-7.0829
-8.7725
-4.5284
-6.1796
-7.0592
-4.3291
-3.7701
1.7068
5.1227
1.4046
4.4045
7.0193
3.2549
-2.2029
-5.4908
0.2782
2.7381
3.5166
0.2009
-1.3693
4.3694
7.8640
6.7409
6.5576
7.5728
-0.8649
-2.2089
-1.4282
0.0566
5.2982
-9.8411
-17.6480
-15.6080
-8.4944
-6.1399
-4.8692
-3.0107
-1.9823
-0.7416
2.8586
6.0196
3.8559
7.9085
6.2138
-5.1143
-9.9197
0.0117
-0.1822
-11.3877
-19.1999
-19.2603
-12.3841
-7.0414
-2.6976
0.6678
-0.4765
-2.6040
-5.5828
-5.6678
-9.5101
-8.4592
0.3903
4.0345
8.4808
13.2371
19.1810
14.6649
16.8357
18.2146
15.7534
19.0686
19.7245
23.8561
28.6344
19.0865
7.4916
4.3081
-4.5153
-6.7237
-9.0671
-6.5429
-3.2144
9.1904
16.8306
15.2649
16.0778
16.6622
15.4931
13.7976
9.2374
2.7846
-2.0762
-4.4960
-0.6891
1.9988
-0.6568
-9.5986
-10.4814
-5.7395
-7.3679
-5.7759
-5.3353
-8.0467
0.8301
0.6903
-0.5800
-0.7370
-0.6472
-7.3474
-14.9227
-16.7341
-17.6120
-11.6576
-9.9008
-11.2620
-11.3174
-3.0319
-0.4446
0.3179
1.5070
2.5946
4.7208
5.0851
3.5909
3.4190
0.4140
-0.2614
-0.6159
-0.2501
-1.1050
-2.2689
-3.4912
-1.0438
0.8084
0.5211
-0.2052
-0.2729
1.7574
5.0491
6.6415
6.0632
-0.4094
0.4969
0.2835
2.8627
9.1518
15.6320
14.5808
17.5694
16.9545
16.9311
22.7262
15.6158
1.8642
2.6135
4.1957
5.6985
13.8109
11.5723
6.4094
0.5318
-3.5809
-3.3547
-5.1271
-9.5429
-9.0492
-4.3888
-3.3588
-8.7957
-9.8552
-4.7264
-1.8440
-2.4519
-4.7315
-6.4304
-3.3897
0.5561
-0.4009
-0.1052
0.4786
-1.0986
-0.2601
-1.1754
1.5981
3.8090
5.4561
1.8223
-0.8814
0.2454
-0.8746
8.5622
11.1948
16.7199
14.8173
21.7937
35.9737
42.2523
42.7919
28.3702
22.3517
16.5936
13.6650
-0.0511
8.4281
13.5339
11.3655
6.7982
13.8199
18.5095
11.1559
10.1722
7.5669
9.7886
9.6934
0.3758
-0.6530
3.6691
8.2476
14.2363
8.3733
3.6354
5.6058
13.9708
19.5778
20.4465
19.8854
20.9555
22.3473
12.4863
7.2011
10.4744
4.0134
1.2486
0.1192
-0.5195
3.0722
4.9165
3.0991
-1.8218
-8.5273
-5.5050
-2.9612
-1.9069
-1.8987
-0.4634
3.9009
4.8846
2.0499
3.5542
-0.8542
-4.6027
-3.5845
0.6947
2.8192
1.8496
6.9589
7.1563
0.8021
-1.5243
-1.2819
-2.4430
-1.9829
-0.4184
-1.1134
-0.5407
0.1720
0.2007
-1.4023
-0.5745
0.8346
0.5028
-1.4115
-0.6771
-0.2931
-0.5324
-1.0886
0.2729
1.9560
1.3422
-0.6342
-1.5182
0.7052
3.3862
-0.2394
-2.7232
-4.1569
-3.2620
-1.7944
-0.5937
-1.5549
2.4850
9.7735
8.8401
12.4775
27.7046
32.4270
24.9180
17.7979
14.3647
12.6580
13.6161
16.9973
18.0788
15.2881
9.4312
3.7227
1.2954
1.2398
0.3051
-0.5505
-4.3075
-10.5680
-10.9826
-5.0847
9.1347
7.2993
3.0075
0.7787
1.5530
1.3154
-9.7348
-16.0002
-16.6355
-9.4200
2.5862
1.7923
-4.8625
-0.0572
-0.0373
-2.6816
-2.5669
-2.7811
-4.4190
1.2310
5.1319
2.9146
-0.2801
3.4653
3.7822
4.9762
1.2586
4.2938
-2.9671
-1.4117
4.2496
3.7829
4.7598
-3.1376
0.5325
-4.8067
-6.8230
-5.8974
-3.1952
3.0438
3.8306
3.1672
2.3528
1.2403
1.9606
-0.1885
-2.3590
-2.6918
-1.3618
0.0382
0.1737
0.1056
-1.0674
-1.7888
-3.5297
-3.0580
-2.2075
-0.0540
0.3243
0.0051
-0.5315
0.2735
-0.2716
-2.2597
-2.8590
-3.1697
-2.8899
-1.1143
-2.7816
-4.7339
-1.8465
-0.6927
-4.5279
-2.5068
1.7906
2.5921
5.0923
1.9805
1.3258
0.1621
-2.1307
-1.8227
2.2987
-0.2929
-4.1923
0.8328
4.4152
1.3963
-4.1020
-6.1749
-4.8723
1.8585
4.7793
3.3759
-1.5075
-6.8515
-3.5696
-5.1253
-1.2966
-0.2500
3.6366
9.1061
14.1524
17.8565
11.1049
-4.1189
-11.0569
-7.4856
-7.4176
-3.6715
-7.8414
0.2958
3.7038
-8.7387
-12.2584
-2.2468
2.7433
2.2420
2.1325
1.8737
1.8388
3.8300
6.7057
4.0023
0.9324
-4.9280
-0.4695
-0.0685
-0.4613
-3.2561
-0.0951
2.0630
4.9413
5.0613
-1.8941
-2.2584
-0.5570
-6.0584
-1.7063
6.6199
10.2059
7.0807
-1.1285
-2.1587
-3.0483
7.5488
10.0358
5.2692
0.9516
2.3218
1.0552
0.8790
-4.2722
0.0257
-0.3235
-7.2567
-14.4448
-17.0577
-11.8687
-7.7148
-4.7158
1.2794
-2.0882
-3.4006
-3.7090
-10.1556
-10.6027
-7.4889
-5.0548
-6.7371
-3.9283
-2.2112
5.2929
5.3405
5.5145
4.2321
0.1763
4.8049
8.6243
5.6938
-2.9223
-2.4172
3.9105
2.7999
-1.0420
-2.9637
-1.4979
-1.5555
-5.9314
-0.2299
-4.1264
0.3628
6.2034
7.3301
-0.9991
-6.5389
-0.8860
12.0752
15.3771
14.0855
13.9181
11.1959
7.9129
2.9015
5.6721
4.3248
7.6892
5.2404
4.2405
6.6279
9.8874
10.0415
6.0141
4.2270
5.4421
6.0679
2.8828
1.9322
6.1357
1.1852
-1.3753
-10.5173
-6.8710
-3.5855
-5.1993
2.7050
1.3902
-3.6873
-2.4712
-0.9291
-0.9763
-1.8783
-6.5549
-11.6019
-15.2429
-12.5556
-5.3177
0.8811
3.0080
2.5630
0.9316
-1.5057
2.3346
-4.1030
-12.0850
-13.0750
-12.5749
-13.7419
-15.9415
-15.6118
-20.3816
-24.2963
-19.6804
-10.1324
0.1826
6.4682
8.5905
-1.1789
-8.8634
-12.0357
-9.6191
-2.3477
-1.7929
3.6300
7.3397
9.2692
7.9486
5.5414
-0.0709
-0.8005
0.6873
-4.7712
0.3238
-4.3538
-8.0791
-10.1717
-5.7652
-12.2109
-5.9733
9.6230
22.3218
21.0684
10.2749
1.3160
0.0701
-6.6663
1.6609
6.5418
2.5159
-2.0738
-0.4010
-1.5959
-2.4859
-3.8620
-2.7297
0.2299
3.1451
3.2413
-0.7976
-7.5677
-9.5006
-6.8786
-3.3020
-0.8129
0.3130
0.0119
0.0886
-0.7372
-1.5973
-0.8774
-0.6437
-0.1044
-0.2534
-1.3638
-1.2928
5.8857
14.5182
21.5331
25.6459
27.3706
15.8034
15.2770
14.8026
12.1151
-0.1692
1.6873
12.3520
12.9819
9.3615
7.7780
5.1757
10.1218
-3.8689
-4.6167
-2.5543
3.8987
8.6333
17.8326
22.4905
27.6544
35.2486
26.9581
22.0430
21.4622
11.8486
9.2915
11.2465
8.9060
8.8294
7.4365
8.1166
6.8711
0.5004
-3.7521
-7.6995
-8.8434
-2.4671
-2.9496
-3.5415
-2.2353
-1.4948
1.7490
-1.4881
1.3964
-3.1334
-4.2356
-2.1312
-5.3000
-5.2932
-0.4907
4.0049
-0.3199
-10.8368
-13.0025
-10.5730
-13.8250
-12.7251
-7.9349
-4.1921
-2.4679
-0.3197
-0.8026
-1.4611
0.2401
0.4339
-0.1266
-2.0512
-3.3672
-3.1955
-1.0635
0.5363
1.9242
1.0879
-2.2758
2.0527
7.0304
7.3804
3.9072
2.1555
-4.8729
-9.9919
-9.3672
-5.9726
-2.8619
-1.4551
-2.1968
-2.7092
-3.2075
-11.8927
-12.9073
-13.8995
-9.6647
-8.9604
-7.8406
-5.3744
4.1686
-5.7887
-6.1079
-3.2627
0.7522
2.0075
3.8379
2.1152
-2.0403
1.2667
7.3697
9.8279
3.2127
3.7482
3.1120
-3.1544
-4.7204
-6.2102
-6.8289
-0.2732
-0.2728
-1.6301
-0.7328
-0.7877
-0.9045
1.8412
3.8564
6.9703
9.9101
7.2674
6.4735
6.6335
6.3616
5.0389
0.7935
5.4299
5.1582
10.5058
5.9918
15.9358
29.5534
25.1533
21.5770
18.9997
9.0013
-1.8528
0.7207
1.8689
1.9522
-6.3280
-5.2978
-5.8724
-0.8855
2.7949
5.3926
4.0038
-0.1612
-6.2632
-8.3333
-13.1882
-12.4419
-11.8651
-7.4090
-8.6365
-9.8513
-8.8359
-0.1996
3.3324
1.9483
-2.0593
-3.1013
-5.3473
-8.8515
-5.0451
-2.1916
0.4356
3.3924
0.3101
3.2425
3.6749
2.0298
0.8423
-1.4392
1.1139
2.3125
5.3423
7.5570
5.7312
2.6054
5.7308
-3.1680
-3.1642
-5.8018
-5.9893
2.3532
-3.5148
-11.3312
-9.1455
-5.9327
-9.6294
-8.3019
-2.6337
0.2715
5.5202
10.4970
10.2916
11.3311
9.6975
4.4119
-4.1427
3.0702
5.2592
4.1624
1.1410
-3.4349
1.3279
13.3032
1.9683
-8.3283
-8.3565
-10.1050
-13.9696
-10.7777
-1.8835
13.5893
31.5168
30.7132
24.5212
17.0862
18.9843
16.3921
1.3846
-5.4884
-8.7587
-5.8586
-10.6796
-12.0000
-11.4612
-5.0014
2.9146
-3.5713
-14.5543
-16.8173
-3.7565
13.6546
20.0835
15.0968
10.3656
-1.0508
-11.8053
-11.8126
-1.2404
-7.6245
-8.6894
-5.3505
-3.4899
0.3241
3.2526
0.8546
-3.2573
1.3821
3.2897
7.0607
6.4650
5.8634
6.2984
8.6189
19.4754
26.9000
21.5497
11.6874
5.1866
-3.8213
-3.9383
-3.8584
-2.9253
-0.7732
-2.8032
-2.7513
-5.7622
-5.0273
2.0406
10.0185
21.7113
29.7635
33.5165
34.5192
41.0570
42.8058
44.9056
39.0848
33.1933
26.8287
23.7116
30.0843
25.9712
20.3263
11.1244
18.9607
22.7400
28.4505
29.9970
22.6990
12.7912
13.9472
18.7497
22.2794
18.0695
16.9880
14.5496
9.8895
8.8595
14.0578
20.5616
24.6617
22.0412
12.1397
0.7104
-0.2673
0.4413
-3.2419
-14.9355
-28.1704
-24.9767
-10.7995
6.8459
14.4342
18.1317
16.2625
14.1252
15.0299
12.3905
10.5743
13.7548
12.8050
7.3432
7.5729
8.3854
5.6087
-0.0814
-2.2144
-3.4577
-3.4263
-0.8568
-1.7590
-1.4310
-2.4223
-0.4734
0.3791
4.7579
5.1720
-2.2873
-10.2985
-8.8860
-7.2295
-7.0549
-3.3608
-2.8756
-2.0913
0.5619
5.6186
1.9486
-2.9333
4.3815
10.0386
15.8137
21.4951
21.4052
20.1731
6.2549
4.2048
-3.9985
-0.9603
5.7118
-0.7524
-11.8090
-17.2962
-14.6817
-14.3046
-9.0130
-9.0065
-11.7898
-10.1665
-10.9012
-5.6874
-7.5345
-7.1253
-1.5930
0.0377
-8.8591
-5.4886
-1.2232
-3.2926
-0.4895
-2.9964
-7.3475
-4.0615
-4.7107
-1.7072
-0.4597
0.5403
0.7963
0.0673
-1.3796
-0.2503
0.0734
1.1610
1.3047
-0.0942
-1.3806
-1.0785
-2.4202
-3.3341
-2.5403
-0.9018
0.5664
0.7106
4.2302
5.9389
5.7075
8.5156
18.8239
22.8726
24.7113
24.5136
31.7169
35.5375
29.4110
20.9221
19.1775
15.5570
13.8524
10.7735
-0.0900
-1.1257
5.4919
7.0332
10.7731
11.3634
3.5106
3.0290
4.7420
6.0101
5.6515
3.7082
-1.8546
-2.3418
3.4699
2.6623
0.7478
0.2986
-4.4529
-5.7432
-3.3713
-0.5946
2.6751
2.5924
0.1448
-1.0905
-1.4120
-2.5697
1.5196
10.7221
14.2214
24.8405
36.7749
45.8384
37.9217
26.0942
23.6280
17.7162
8.7117
1.2465
-3.1220
-4.0270
-4.2421
-6.3970
-4.5943
2.8508
13.6169
12.7900
16.4795
13.6238
12.1004
9.8712
7.2990
-5.2667
-6.8999
-2.9139
-5.2629
1.7969
5.0670
8.5949
6.0992
0.7717
-1.2486
2.9201
-0.1669
1.5891
1.0088
-3.9844
16.8187
25.8519
20.8476
13.0472
8.3377
13.4305
6.8716
-3.6493
-10.5415
-9.5001
-5.5664
0.0563
-3.6469
-9.7656
-7.0358
-2.2051
-1.5394
-1.7458
3.5336
10.4793
5.8702
-4.5000
-0.5505
2.3924
0.1908
0.4765
3.1271
3.5405
-3.3869
-5.4473
-0.1803
8.3134
13.5059
15.2681
14.8471
8.8003
-5.4399
-5.7038
-5.5463
-3.0062
0.0910
0.3058
-5.1181
-1.2137
2.2765
1.1092
-1.1113
1.4689
0.2048
0.1949
-0.6730
-0.2452
0.5474
-1.8763
-2.1705
-2.0699
-0.4792
-0.7563
0.1997
-0.0126
-0.7076
-1.5653
-4.4850
-4.5661
-2.3745
2.2579
3.7300
7.5588
4.9698
1.4352
2.8058
2.6605
-0.3424
0.9361
-1.4033
-0.1579
1.4087
1.2310
-0.0363
-1.4222
-1.1913
-1.3809
-0.5582
-0.6480
-2.3832
-1.2422
-0.2685
-1.5377
0.2379
0.3979
-5.6459
-4.0939
-4.3906
-2.4300
4.3633
3.3575
5.4528
16.6712
12.6077
7.9952
9.9538
10.0878
12.0843
19.4981
17.7143
10.6792
7.7566
11.5374
11.9206
8.3606
7.6022
10.3026
6.4554
5.5118
4.9486
1.5769
6.0593
6.0596
3.7316
0.0134
-0.2952
-0.7371
-0.8223
-1.9008
-1.3199
-2.0458
-2.9123
-2.4509
-0.8783
0.5482
-0.9543
0.1992
-0.2141
-0.4954
0.1103
-0.4252
-1.3986
-3.0275
-2.4292
-0.8260
-1.8951
-1.9344
-4.9653
-1.9942
-0.6208
4.9337
14.7635
17.6037
13.8881
5.4458
7.2686
4.8945
2.9832
11.1303
17.9569
14.1832
4.2311
0.5081
-0.1610
-3.8603
-1.1907
-2.6506
-2.3348
2.2581
11.7363
19.1023
27.4258
23.3047
7.1952
2.0270
-0.7045
2.5072
3.1339
5.2712
3.8455
0.0756
0.4544
0.8268
0.6973
1.5772
3.2195
6.0976
10.0595
10.5219
0.1922
6.4608
13.0171
15.2838
8.8905
-0.3459
-4.2978
5.5738
10.7304
-0.2593
2.4053
5.9437
6.2161
2.7339
-1.0266
-3.9290
-3.9148
1.3745
8.7155
15.7245
15.0863
10.1222
14.9953
18.2515
15.5670
11.6748
4.8259
1.0553
6.2027
8.0813
6.7255
16.3729
22.7342
22.1886
21.9044
15.6661
12.4050
15.6702
12.3562
13.0000
22.3105
15.9158
10.7644
10.2635
8.8741
12.8141
22.5682
15.7522
5.6892
-1.2024
1.0636
-0.0076
1.5505
2.6735
-4.5674
-13.6475
-11.3970
-8.7827
-5.8631
-1.7534
0.1665
1.0381
2.6442
2.8704
-4.2496
-6.6374
-7.8594
-7.7478
-6.3094
-6.4219
2.0982
11.1987
13.5561
5.3575
-5.8683
-6.0148
-4.9578
-4.8124
-3.6269
-6.7843
-3.9869
1.3145
-2.9002
0.3251
2.8205
1.3249
1.0666
-2.1766
-3.7077
-3.9480
-4.7793
-1.1009
1.0418
1.6562
0.1803
-0.4204
-1.4458
-0.8150
4.8826
3.4718
3.2614
-3.0899
-3.9929
0.6621
-0.8407
-1.3309
0.0629
3.3142
10.0025
18.4265
27.8759
27.5991
29.4254
36.1015
21.7731
7.7317
4.8660
1.3712
-5.7549
-5.6001
-4.4345
-1.5219
1.9923
1.9002
5.5397
4.4241
3.6617
1.3707
-7.3470
0.2108
4.7421
4.0533
9.9132
13.8181
10.2035
13.7544
17.9671
15.1848
12.1789
25.5804
32.5275
31.3032
32.4312
35.1746
29.3663
21.8590
17.6359
18.6425
17.3598
15.8771
18.4662
23.6534
25.2858
21.0490
6.1913
-0.2716
-4.7456
-2.1837
3.1433
7.1813
0.0271
-5.1337
-7.2897
-12.6861
-12.6420
-13.4546
-19.4183
-23.1858
-18.4018
-15.5200
-10.8787
-1.0782
-2.8808
-7.7196
-6.5141
-3.1554
-3.7564
-6.5506
-6.7971
-4.1307
-5.9697
-1.4631
-0.4196
-3.2653
2.4515
9.0185
8.2581
9.2133
21.6357
24.9604
20.2641
8.7476
3.8388
-0.7356
-4.2392
-7.7741
-12.2069
-13.5528
-15.4933
-14.4183
-16.3469
-12.5303
-9.9642
-6.1029
-0.7809
-10.5337
-7.5372
-7.8730
2.6655
15.3808
4.9610
-4.0575
-5.9183
-10.7016
-7.3235
-8.2864
-11.6535
-15.4791
-12.9152
-2.6865
-1.8255
-4.5638
-7.9182
-8.0686
-12.0783
-9.8894
-8.1062
-6.2573
-6.6921
-4.0589
-3.6507
-5.0328
-0.6684
3.2356
2.5516
2.5157
2.1435
-0.5863
0.0063
0.1778
1.0608
0.0573
-0.1590
-0.8023
-0.7689
-4.5126
-8.7978
-6.8246
2.3536
3.3049
-0.7281
-8.8648
-13.0642
-13.1967
-1.9464
-2.1567
-5.9275
-6.1688
-5.6605
-7.3501
-1.2074
4.8915
-0.0591
-4.8797
-2.3563
-4.1273
-5.4409
2.5628
3.3847
-0.9965
0.9430
-0.4106
-1.4105
0.4098
1.9306
6.0186
5.6183
2.9247
1.3996
2.1133
1.0403
-0.7660
-4.0014
-2.8810
-0.3229
-1.1806
-1.2580
0.9859
1.5982
0.9070
-1.0543
0.0658
-0.0466
-2.2034
-0.9140
-0.6304
0.3049
1.0450
0.5207
0.4296
-0.2932
0.1034
-0.1391
0.0454
-0.4377
-0.8830
-0.8996
-1.7161
-3.1470
4.5567
0.0718
5.4105
13.3010
21.0359
16.9847
10.8826
6.8179
7.4760
10.1764
7.8671
8.8900
6.8327
7.2785
16.7161
33.8760
38.5062
34.2384
24.2124
18.5469
14.3938
16.1661
13.2984
3.8874
6.8435
5.2210
1.7480
0.1697
-0.4210
1.1051
0.7908
-1.9615
-5.0778
-4.4104
-2.7020
-2.8427
-5.2102
-7.0234
-6.0966
1.8224
4.8287
3.7649
3.2782
1.4727
0.3944
2.9099
1.5024
-4.5496
-3.6954
-0.8522
-0.8505
-0.1282
2.3135
4.1228
-3.5200
-4.8608
-2.6353

Coefficient 36:
0.0000
-1.8115
0.9664
2.8973
1.1620
-0.4078
-1.4312
-3.5424
-1.8981
-1.5280
-2.2612
-2.3090
-2.2601
-4.4124
-8.5860
-4.5138
-2.7720
-1.7048
1.7839
2.8524
3.7054
1.0760
-4.2773
-3.9424
-5.3550
-6.7922
-2.5534
-0.4947
2.3903
2.2870
3.3472
5.5958
7.1817
7.3335
-2.9945
-2.9054
3.0074
0.6966
-7.4794
-4.7960
-1.2688
0.6690
9.3188
6.7680
8.4210
6.0919
4.6066
0.7109
-1.7785
1.8908
2.9556
1.0203
6.4505
8.2246
1.2126
1.0393
5.8413
5.6695
-1.0006
-4.9460
-3.0653
1.3405
2.6258
-6.6878
-10.1630
-10.1619
-4.3247
-1.3790
1.8645
-2.4137
-8.0816
-6.1037
2.3109
-5.4686
-18.0670
-12.3765
3.4647
11.3839
-1.4000
-4.3300
0.2117
-3.9595
-5.3046
3.5476
6.8778
-5.5817
-9.4601
-9.3814
-13.5776
-8.8587
-0.0908
-5.8170
-10.3873
-7.1316
1.8922
9.1946
14.1868
13.5690
15.5187
30.2769
33.8097
30.3977
28.4184
23.0348
14.8457
4.8123
2.8811
-4.3408
-7.3187
-7.2063
-4.2904
1.0660
1.1192
1.0757
0.3779
-3.3856
-4.3428
-2.4418
-0.5916
1.6675
-0.6218
-6.8984
-8.7669
-3.7939
-2.2034
-0.4823
0.9463
0.4153
-2.8591
-5.3935
-0.2450
-1.6156
3.6385
5.4172
3.4891
1.5339
3.0703
-0.2696
-6.3660
-3.8610
-2.2585
0.8991
4.9843
3.8578
-1.8455
-6.4360
-3.0202
-1.3386
0.6506
-0.7072
-1.5484
-2.3357
-1.4877
-0.6118
-0.4369
2.0572
-0.5826
-0.1543
-0.3970
-1.0609
-2.6704
-0.4238
1.0503
0.5984
-0.2388
-0.2900
0.8903
-1.1264
0.3249
0.7590
-2.0529
-3.1431
-1.1283
4.1357
4.9027
4.5614
3.5022
6.1218
9.9939
7.5077
5.6294
6.5850
6.7476
7.5186
3.4880
3.9736
9.9073
9.3078
4.7497
4.2990
1.5933
-0.1607
-2.7874
-9.8843
-14.8773
-14.8347
-13.6067
-14.5488
-10.2490
-4.0875
-2.7699
-6.1959
-6.6501
-8.5998
-6.2933
-2.2467
-4.8055
0.2387
2.6386
0.1098
-0.1905
0.4692
2.4004
4.3438
5.3955
1.9949
-0.7686
0.1605
-0.9561
9.1675
2.0164
8.1299
14.4806
22.9486
36.0566
37.9913
24.8710
19.7141
21.8416
17.5296
12.0782
8.4683
20.7687
21.9531
15.2936
13.7898
17.5589
23.7245
21.8893
18.1704
12.6546
13.9571
10.0938
8.6130
4.4938
5.5801
3.7443
6.7650
6.5909
9.8236
12.5454
27.1430
40.2360
41.6248
42.3904
41.6845
33.9253
23.4226
18.4892
18.4267
14.8529
9.5368
10.7258
9.5130
8.5266
9.8210
12.5630
10.7797
3.6102
1.4553
1.3087
-0.1748
-0.3681
-0.3386
4.8600
8.9292
6.7971
6.8716
0.8521
-4.4058
-4.8077
-3.1374
-4.0301
-1.6028
-2.6790
-1.8256
-1.2334
-0.6247
2.3019
4.0715
2.0054
0.5024
-2.1343
-0.4551
-0.0327
0.1475
-1.5552
-0.6402
0.8415
-0.1659
-1.8908
-0.3485
0.2047
-0.1759
-1.4199
-0.7427
0.9360
0.8327
-0.4557
-0.3158
-2.9713
-5.2427
-5.8611
-3.9316
-6.9066
-3.2296
0.9672
6.3826
8.7342
9.7679
9.1484
6.2498
7.1374
21.8456
32.5681
30.0543
20.6280
17.6997
17.0105
13.9288
9.1212
5.1041
9.3329
10.6855
6.7257
1.4137
0.9417
5.7455
1.4531
0.7666
2.1383
0.0381
1.6269
9.6404
12.3668
9.1127
5.1216
2.6573
8.5180
6.1502
-0.0413
-9.0097
-6.2774
-2.0300
-5.9672
-3.5828
5.5133
10.1450
8.6692
4.7809
3.4555
4.3536
1.6642
-0.7655
-4.9951
-0.5432
10.1209
10.9925
10.3701
6.4925
3.2020
-1.3745
0.2677
3.3898
3.2099
4.6097
1.7542
0.5684
-0.2941
-1.9292
-4.2662
-4.2663
-1.4356
1.7542
3.2615
1.4267
0.8946
1.3018
-0.0422
-2.4104
-2.8154
-1.4430
-0.0800
-0.1279
-0.5908
-2.2758
-3.2814
-4.4874
-4.2283
-3.2587
-0.6468
-0.3578
-1.7999
-2.0005
0.1491
-1.2671
-4.9424
-6.7400
-7.4367
-4.8589
1.4524
1.3165
-0.8005
-0.1668
-0.4675
-2.3430
-4.1314
-2.9884
-2.9434
-6.5330
-6.1707
-3.3326
1.9508
3.9277
6.5850
7.8040
5.5037
-0.1608
3.8673
4.3720
-1.2671
-2.6581
-1.1176
-3.7406
-1.7985
0.2251
-2.3001
-6.5808
-8.6791
-7.3444
-5.2384
0.4407
-1.9440
-1.0611
-4.0237
-3.2564
4.2672
10.9886
7.6424
-4.6631
-8.4891
-9.8586
-11.5286
-15.5832
-18.2549
-20.7395
-21.3447
-7.3146
4.6583
0.8672
0.4958
-0.9597
2.6223
-0.5746
-5.8267
-10.9229
-6.9272
-1.6036
-3.7516
3.8547
1.6114
-1.2344
-6.2227
-11.6461
-6.2707
0.2565
7.4047
1.8649
-0.3690
0.1285
-2.1169
-1.6017
3.4834
6.2007
4.7899
-1.0165
-5.0974
-9.0975
-4.0183
12.2812
12.6324
4.4983
2.8415
5.2363
5.2788
6.9008
6.4517
0.5096
-6.1004
-13.5561
-12.5647
-6.5016
-6.7665
-7.9173
-2.8284
0.2193
-2.8325
-6.9210
-6.6008
-3.9351
-7.6307
-6.5672
-9.0007
-9.6134
-6.4721
-3.1158
-2.1506
-2.6226
-6.5015
-6.7578
-6.7544
-4.1633
-2.1803
-0.8142
0.4531
4.6789
-0.1839
0.2816
1.0778
1.4031
4.1356
4.0775
3.0988
5.1734
2.9994
7.8113
14.7861
10.2262
5.1238
-1.6799
-1.5483
6.5901
9.5537
2.6810
1.4251
-0.2447
-5.4496
-5.1576
-9.2183
-8.1244
-10.8383
-10.1176
-6.5272
-4.6760
-0.8218
1.9624
0.5516
-0.1119
5.3090
5.2912
3.3219
5.9334
-4.4245
-4.4929
-6.7191
-6.4108
-2.9899
4.0033
7.5794
-1.7760
-2.0076
-4.4522
-3.1503
-6.6394
-6.7881
-9.2417
-12.5309
-14.1113
-18.9459
-9.8161
-7.2654
-4.6545
-6.6680
-4.9251
-1.6631
3.1663
1.1648
-2.0882
2.1991
10.9292
13.9419
5.1736
-1.4796
-0.6236
-1.0576
-4.0164
-4.6168
-7.7185
-8.9610
-3.5885
-1.3617
0.4595
-1.8126
4.9010
11.3712
8.3630
3.9853
2.8216
0.1120
-7.7929
-10.7294
-7.2554
-0.8837
1.6142
3.2100
3.7145
0.0633
1.6952
1.3889
2.6695
-7.8082
-19.9675
-20.1580
-7.6923
2.5801
6.9744
11.2489
4.3197
-1.9449
3.5578
9.8085
8.3697
2.0115
2.1367
0.1972
-2.0674
-4.3240
-4.1504
1.6710
8.8933
8.3302
5.6470
3.6581
3.9710
1.4640
0.6622
-1.3360
0.0084
-0.0965
0.0099
-0.8101
-1.4526
-0.6615
-0.2790
0.0948
-0.2153
-1.2244
-1.1433
10.1958
15.5019
18.3894
18.7625
13.4899
13.6337
13.2603
11.0379
7.6161
-0.9123
-3.2352
5.0761
8.0419
7.8875
6.1463
5.6844
10.4966
3.5855
4.3256
0.1980
2.8248
0.8217
-0.8321
2.4701
10.9015
16.7196
16.5380
12.4851
8.4784
10.9562
12.7363
9.2714
10.5163
8.2343
0.8873
-0.4044
-2.8306
-11.6417
-15.7789
-14.2201
-10.6585
-5.6688
-5.2581
-4.5902
-4.1204
-1.5249
1.2600
0.8340
2.4130
6.0892
7.0984
5.8516
-0.1559
1.6899
2.6782
4.2316
1.3482
-7.7681
-9.4588
-11.2250
-12.7171
-11.3794
-4.9333
-2.4030
-1.0986
0.6190
-0.4245
-1.6265
-0.1376
0.5461
-0.4149
-1.7084
1.3223
2.7575
2.6255
2.0939
2.1355
0.8783
-2.3131
-10.4155
-11.3700
-8.5413
-4.7675
-1.9696
-7.1398
-11.0168
-5.3023
1.5612
1.8418
2.9812
4.5815
0.8588
1.0222
-3.0253
-4.7778
-3.8930
-0.5595
0.7773
4.2001
4.0051
6.7805
5.4241
3.2664
3.2875
4.0946
6.4028
4.9848
5.6051
6.2437
5.6661
9.4965
10.5122
5.4432
5.6751
2.4149
1.3710
7.9475
17.1053
17.3629
14.8490
11.6140
5.9637
4.2746
5.0986
1.7772
6.7505
11.8086
13.2126
12.2434
8.6648
7.3291
4.3116
3.5681
3.2114
5.6921
7.1711
4.8573
1.0042
-1.0416
8.4693
25.6723
34.0867
27.9896
20.2902
8.6915
4.2312
3.8429
6.2161
6.9167
-0.1873
-3.1869
-6.1132
0.0084
4.4962
1.9255
4.8380
3.0890
1.1108
3.8979
6.3988
5.8940
1.9584
1.0902
-6.1543
-10.0645
-3.3818
5.3076
3.0599
1.7263
-2.5466
-2.4247
-2.6090
-2.7084
-6.2955
-5.0783
4.0280
7.7630
4.4907
3.2706
0.5877
1.0431
3.9118
5.0316
8.2922
13.1923
10.8970
6.4241
8.4328
4.3714
5.9967
7.7298
7.4833
5.7728
6.7226
5.5728
-2.8634
4.3832
14.7589
15.3796
12.0525
1.6555
-1.7601
-2.7279
-9.1263
-13.2426
-14.2801
-14.3886
-10.1637
-6.2995
-10.9039
-10.5397
4.8775
8.0336
3.1837
3.2719
7.5103
12.8283
3.5178
6.0444
12.5747
13.9320
13.3342
7.8020
1.8854
3.2027
16.6869
27.9166
31.9856
26.3001
24.5571
17.1541
6.2513
0.2672
-2.2695
-3.9001
-6.6974
-6.2897
-1.6845
-6.0453
-5.1579
-0.4171
-6.4020
-22.7437
-28.6464
-25.5969
-25.8395
-26.8501
-27.0572
-27.1947
-23.8340
-16.1688
-5.4144
7.6367
11.9007
10.5261
8.8642
6.7967
2.5431
0.2829
-7.1010
-4.9975
-2.5715
0.2009
0.5843
-3.4511
-6.4036
-10.1432
-0.9333
9.6286
9.4988
9.9072
8.5492
2.7101
2.9228
5.6835
5.1441
1.6740
1.2066
2.2894
2.4976
3.4992
-1.7715
3.5864
6.2930
3.7170
0.5320
-1.8115
3.3351
9.2964
13.4622
13.9279
13.2779
14.7580
15.8986
23.5444
27.5605
24.0589
18.3192
30.8593
41.6076
39.0753
38.5395
34.1100
28.6737
35.6351
39.3716
32.5204
24.2132
18.2274
13.5957
17.3025
20.0063
22.9125
26.7854
27.9842
14.0204
-2.1580
-10.4380
-8.0852
-8.7693
2.6710
4.7027
-5.6361
-11.2461
-9.5713
-4.9768
1.8253
12.2162
21.6305
23.5329
29.0538
24.2295
17.7688
11.2977
9.6928
6.4953
5.8783
8.2734
7.5841
4.8601
3.2234
4.7009
3.0807
0.1906
-1.7367
-4.8186
-2.7100
-2.3614
1.8639
3.0382
2.7706
0.6985
-7.3379
-10.3579
-9.6582
-5.9870
-1.2900
2.2239
2.9709
-0.2952
-1.1241
-0.0923
-0.0060
-0.0783
5.5218
11.1895
16.8585
16.4116
11.3409
4.6445
0.8975
-6.3592
1.7628
18.9931
19.8646
8.2121
-0.3453
-1.7336
1.5661
3.7769
3.3429
1.5792
-2.4508
-4.3951
-7.7883
-7.0801
0.5589
0.6868
5.3148
8.2571
5.7902
6.7065
0.9693
0.2222
-0.9249
-2.6421
-4.6097
-3.3562
-1.4854
-0.3733
0.6648
0.8174
0.0167
-1.2081
-0.1319
0.1483
1.1846
1.3133
1.9419
1.8649
2.0427
-0.0829
-2.3266
-1.9801
-0.9666
3.0334
4.1417
4.2351
3.5941
2.3439
4.4949
7.4426
6.6186
3.7480
6.2710
17.0540
25.3390
13.6257
9.6000
10.6429
6.3356
5.7573
2.0590
-5.1547
-3.9341
2.8798
7.0148
11.6411
15.6522
10.2022
13.2446
11.5323
3.9049
2.9410
1.5490
-2.1663
-5.3849
0.3029
-0.4839
-0.2794
1.0581
2.8797
1.3559
0.9792
0.0732
-1.7789
3.0910
3.4347
2.7526
6.2937
5.9505
6.0583
11.0212
14.1548
9.4636
12.6991
27.3574
28.0652
19.3523
19.5299
20.5957
17.4073
19.1491
14.4258
7.3169
4.9873
0.9062
-0.7153
-2.3911
-3.9426
-8.7316
-10.9525
-8.7511
1.7924
3.7857
6.4135
-2.6019
-6.7633
-8.8335
-17.9946
-10.9650
-6.4329
-5.0008
0.6568
1.4276
-3.1584
-2.4804
-5.9929
-9.1234
-9.2401
-7.8832
12.5234
36.0332
35.9997
27.1816
17.9058
17.6433
19.0692
11.8034
11.1863
9.3822
4.5073
2.5557
6.8180
3.5862
3.8719
9.1111
15.1816
12.3277
6.3129
6.2878
-3.0649
-1.7411
6.5052
10.0168
7.3036
4.4778
2.9768
2.9898
1.2940
1.5331
0.2129
3.1261
8.1763
12.7088
13.2656
3.8838
-3.2485
1.5243
5.3780
9.2733
9.3229
0.4275
-1.8996
0.4237
3.1764
-2.0378
-4.5017
-2.6818
-0.1538
-0.0519
-0.2316
3.9256
6.3824
5.4512
4.2396
3.3094
2.1168
0.6039
1.9033
1.7977
0.6912
-0.9549
-4.1955
-5.4276
-4.6510
-3.4308
-0.9802
-1.1148
0.3118
1.3898
3.0933
4.4111
0.1692
-3.3093
-0.4570
-0.0464
1.6321
1.5494
0.2327
-1.2502
-1.0237
-1.3419
-0.5801
-0.7000
-2.5878
-1.8901
-0.8254
-1.7929
-2.3633
0.1496
1.7108
4.7699
2.3708
-1.4753
0.2065
-6.4702
-12.3561
-1.4820
3.3850
13.4591
17.3534
14.3020
13.3331
15.8692
11.7241
9.4037
5.2079
4.4502
9.1143
11.0601
15.1738
19.3279
13.0137
7.4330
2.7352
3.4317
6.1262
4.1608
0.4210
-1.7794
-0.1018
-0.3235
-0.4298
-1.5934
-1.3019
-0.7922
-1.2688
-1.5886
-0.8577
0.9239
-0.3082
0.0149
-0.1911
-0.2285
0.2940
-0.4999
-1.6623
-3.2846
-2.5143
-0.6775
-1.9711
-2.4899
-3.5317
0.5016
-1.4360
-1.8095
-0.9558
-1.8241
-7.3757
-11.6725
2.3047
7.9847
6.2739
11.4714
3.2944
-6.8524
-7.0922
-3.9297
-3.4927
-3.5480
1.7465
8.1513
9.8586
7.3842
9.5963
18.8046
22.9676
13.8060
5.4194
6.2724
0.7283
1.0688
3.3255
1.4654
4.0282
5.4273
4.2075
1.3732
-0.1499
4.3141
9.4371
11.9891
14.6838
7.8805
-14.2109
-8.7879
1.1827
4.1822
-0.0818
6.0458
3.0631
-1.4455
6.0490
7.7029
3.2096
0.7853
2.4869
1.4048
-2.1218
-1.2464
-1.1682
7.4289
12.4353
12.5656
15.1433
5.0788
5.0852
8.2052
10.3292
7.2143
2.0779
-0.8958
-1.5033
-0.0573
6.5008
18.0824
26.7042
31.2164
29.7452
25.1049
16.5870
11.1514
8.8600
14.6762
27.9977
32.9027
28.9074
11.9084
1.0248
-1.4779
-4.0428
10.7791
-0.5227
-0.6459
1.5656
2.9865
10.7612
12.5045
7.6598
0.7413
6.9798
10.1796
14.8648
17.7350
20.0976
15.9236
10.6677
-1.0171
-1.9524
1.3478
12.0151
17.0128
8.3657
6.4268
16.3100
18.5088
25.8641
27.8378
21.5741
18.9924
13.9383
9.3034
3.9129
0.6698
3.3408
10.3649
7.5404
7.0206
5.2206
-0.7015
1.1484
4.2305
6.3956
7.6500
7.7235
8.2035
7.1743
5.2698
0.6721
-0.9514
-2.5861
-3.7368
-1.2399
-0.5254
-0.9450
-3.8869
-7.5577
-4.8110
-1.3116
-0.0397
-0.4125
-11.7955
-10.2018
-9.1682
-7.5078
-1.8575
5.6197
24.1516
25.6125
10.0990
-0.6848
-6.5589
-12.3644
-16.7045
-19.3665
-20.4800
-14.8553
-12.6472
-15.1245
-11.3609
-8.0609
1.1760
0.8321
2.3127
-1.6037
-1.3810
-0.7370
0.6508
0.5461
10.7646
23.9593
23.6750
12.3543
14.7615
24.0268
27.3707
30.9710
36.6814
33.0024
33.7938
36.4969
33.6035
29.8656
25.7753
21.1047
20.7575
21.8251
20.2491
3.0570
0.5500
-2.4448
-3.4295
-3.8804
-0.4463
-3.6328
-10.3480
-12.0710
-14.7060
-11.6544
-6.5438
-7.0711
-9.2845
-14.7518
-18.1905
-17.3747
-7.4738
-8.1022
-12.2940
-9.9966
1.2873
5.2656
3.8050
1.4418
3.6697
4.4660
1.8056
4.3394
5.0572
7.8237
13.2374
12.4131
14.5886
29.1641
34.5906
30.1040
16.9915
19.8656
26.4170
21.5767
10.4801
-1.3290
-6.5379
-7.6592
-4.2446
-8.0310
-10.2389
-7.8861
-6.9443
1.6604
13.1361
15.6543
11.2050
11.3826
18.7968
17.0733
7.7890
4.6262
0.0309
-6.5270
-12.2979
-10.6706
-8.4937
-4.6261
-4.2186
-8.7087
-13.6073
-14.6218
-4.4581
4.3719
9.9101
12.1646
7.6185
2.9272
-2.6571
-2.4590
-3.8655
-2.7307
0.2689
-3.1580
-4.3664
-0.5411
-0.4207
-0.1519
-0.3006
0.9531
-0.0382
-0.1791
-0.7365
-0.6632
3.4599
-0.0106
6.3902
1.6121
6.1415
7.7892
2.1870
-1.5127
2.0412
6.9969
2.0403
-1.2764
-2.4999
-2.7048
0.4019
2.6282
-0.1858
-4.1807
-4.2934
-2.9472
-3.4746
-2.9547
4.4382
10.4787
6.5009
2.3872
2.9108
3.1367
1.1481
-0.4549
5.2624
3.4725
-0.4410
-4.6628
-5.3481
-4.7976
-0.9518
4.4919
-0.2002
-0.8301
-0.1734
5.9564
5.5679
3.6201
3.1793
2.4898
1.7780
0.0375
-2.0173
-0.9289
-0.7518
0.2908
0.8486
0.2834
0.3532
-0.3521
0.0808
0.1511
0.5020
-0.2261
-0.9479
-0.8425
-1.5939
-1.4546
10.3189
7.2089
3.6365
5.2564
7.7163
8.4475
1.4336
2.2088
-0.6899
-1.6253
2.2291
3.0541
1.9274
0.1433
-1.1438
10.9713
15.4754
6.6976
4.1927
2.4909
-2.5712
-3.2323
-4.3360
-1.1053
5.5089
5.6229
3.8238
-0.1713
-0.3516
0.8573
0.5638
1.1358
-1.8251
-2.5001
-5.7313
-4.0015
0.7576
0.0488
-0.9718
0.1371
0.7864
1.5149
3.6718
1.8510
2.4630
3.1200
3.0706
0.8284
2.0718
1.6622
-0.7814
-1.0895
1.6170
1.6822
0.3386
-1.3339
1.2207

Coefficient 37:
0.0000
-1.0033
0.8914
-1.2064
-2.6308
-1.6368
-1.6005
-4.2470
-2.3349
1.4286
2.9472
4.3438
3.6189
-1.1546
-5.2321
-6.1427
-6.2426
-2.9930
3.4855
1.5502
1.2036
-1.8162
-4.4571
-1.9346
-3.0525
-2.4369
1.2730
5.8404
6.4815
4.8070
3.9506
5.0223
3.0203
-4.3283
-4.5990
2.1261
4.9390
3.8024
1.4586
4.8999
4.8010
-0.4782
-2.7402
-8.2421
-11.3231
-4.3167
-3.4213
-0.5086
-1.8270
1.0739
-1.7300
-4.7698
1.6908
3.4562
-2.6580
-4.6701
-1.3382
0.5922
-1.4179
6.1548
9.2164
7.5113
2.4891
-7.0063
-10.8314
-9.5392
-6.5113
-6.8481
-9.6840
-10.8921
-10.6341
-14.7495
-8.5302
-3.4878
-8.0361
-10.3739
-4.4346
-6.2232
-5.1732
4.6746
5.7494
-6.4035
-12.6580
-2.2787
4.5636
0.9702
-2.6177
-3.5120
2.6280
3.7053
2.2505
-9.0830
-8.8725
-4.9656
-1.8884
4.3930
14.1833
22.0893
19.8950
23.1377
23.7958
20.0456
19.5396
21.3919
16.0679
7.8392
9.4150
5.8081
7.9090
12.8317
12.4999
5.0830
2.8452
-1.0967
-7.6385
-5.3321
-1.5868
-1.7498
-4.0851
-2.8430
-0.7652
-0.6489
-3.0807
-1.5878
-0.5426
-7.0405
-4.9068
-0.1470
3.7579
2.6239
0.7481
-0.6275
2.4515
0.8025
0.8998
3.4859
1.0079
-2.7009
-7.4461
-5.9894
-9.9374
-4.4381
-2.1430
-0.6377
2.1990
1.5337
-4.3244
-2.6724
-3.1656
-3.2035
-2.8793
-4.8279
-5.8950
-5.1028
-4.2514
0.4647
-0.5574
-0.1303
0.2742
0.1606
-1.6299
0.3008
1.2484
0.6255
-0.2768
-0.2235
-1.6446
-8.6945
-7.9475
-7.7468
-8.4896
-3.1632
-4.0424
-6.1073
-5.4591
-5.0089
-0.9881
-1.6130
-3.1987
-7.0770
-8.8345
-6.4071
-3.7087
-4.4413
-3.5953
2.8287
5.8887
8.0930
4.4315
2.5896
-4.7355
-7.3766
-5.6891
-4.9293
-7.8530
-8.2551
-7.8563
-4.2466
-1.1178
2.4409
2.9248
1.1345
7.7352
5.7891
4.2216
2.7366
6.8517
3.0249
5.2106
1.0511
-0.1426
1.4421
1.9924
3.2971
4.2671
1.7196
-0.4858
-0.0002
-1.0106
8.3078
0.5965
9.9545
18.2646
16.5555
14.8538
10.4429
3.1475
1.0415
6.5867
3.5278
-0.4245
-0.8009
16.3727
15.7603
13.3940
13.0386
17.0006
26.1847
27.3636
22.8614
16.9884
10.8470
4.4397
1.0584
-4.1147
1.3263
2.3715
3.3794
3.2419
3.2455
6.9581
12.5556
27.9844
38.8039
41.4613
39.5433
32.0670
22.0481
15.3374
11.7092
7.9596
3.0309
6.8774
6.4904
5.0310
3.8440
7.3369
10.3535
8.8040
6.4657
4.0763
3.0058
1.0108
1.0677
4.5017
1.5119
-2.8936
-2.0570
-2.9725
-3.4459
-0.5737
3.0340
4.2170
3.9181
2.5846
4.2083
2.7831
1.9922
3.3198
3.2976
2.2454
-0.8240
-2.3638
-0.3637
-0.2754
0.0589
-1.6328
-0.8629
0.7925
-0.7337
-2.2844
-0.2155
0.0524
-0.0759
-1.6915
-1.6515
-0.0369
0.2696
-0.4372
0.4924
-4.3523
-5.1316
-7.3208
-3.2995
-5.4928
-8.3781
-10.9959
-6.0638
-0.8005
5.6859
5.6615
1.1953
3.6263
12.3577
19.2275
19.8559
21.1198
14.8947
11.1402
7.3848
5.9050
3.2545
7.6288
8.2949
4.4098
-0.2176
0.9251
1.6508
-2.1308
-0.1001
9.1679
6.2923
2.1067
8.3358
11.9068
6.2921
2.2176
-2.1379
-8.4495
-0.7988
5.4455
-1.5819
1.8395
4.6998
5.9571
5.0344
4.6830
6.1348
-3.4093
-0.9150
2.8508
2.7012
-2.6267
1.8275
1.6279
-2.5979
-4.2040
-8.5449
-11.8403
-13.3589
-4.5705
3.5281
3.0498
5.4004
9.4342
7.8627
-2.3445
1.9628
2.8391
1.6247
-2.8922
-4.6543
-5.2538
-5.7333
-3.3841
0.0773
-1.4696
-1.8686
-0.4425
-2.3685
-2.7860
-1.4487
-0.2210
-0.4677
-0.8782
-1.6693
-2.3287
-2.9263
-3.6984
-3.1121
-1.0147
-0.3723
-2.3494
-2.4206
0.1538
-0.7948
-4.0924
-4.5028
-4.7879
-3.4677
2.2403
3.2224
1.7095
0.9626
-0.4938
-0.4947
-3.3282
1.4804
-7.4227
-11.1063
-8.4013
-7.2056
-8.8608
-7.1038
-3.9380
-5.9011
-4.2452
-4.3675
-3.1942
-2.6547
-3.0306
0.6743
0.3561
-3.6177
-2.6287
-2.6482
-3.1707
1.3249
-0.5074
-2.3392
-1.2473
1.0201
0.1638
-2.4380
-0.2835
-7.3574
-9.5918
1.0657
11.7497
9.2566
1.0245
-7.5382
-13.4764
-18.2890
-22.2211
-23.2450
-11.5249
0.2096
0.7924
-1.0117
-1.1318
-5.0569
-1.3638
0.4042
1.7847
-0.1523
-7.0561
-3.7811
0.8069
10.3383
5.5259
-1.7679
-4.1178
-10.8708
-6.6417
1.2645
7.2929
4.4205
-1.6046
-0.1516
1.5248
-2.6230
-3.4529
-6.7283
-8.3298
-6.9067
-6.9967
-12.9319
-17.9201
-7.6597
6.3109
8.9847
-3.3757
-6.4009
-1.5413
-2.5096
1.9674
5.7968
6.2501
3.5470
7.4776
3.8314
-3.1610
-9.2550
-3.5143
3.2202
6.2500
3.9672
3.2440
-5.6177
-7.1198
-7.1641
-4.4232
-3.0124
-2.5485
-4.0934
-6.3993
-4.3008
-4.9438
0.1360
-2.4821
-2.1241
0.9902
11.4122
11.3123
7.3560
-4.0874
-3.9636
-1.6346
-2.9173
-3.0213
1.1513
-2.5276
-9.1465
-12.4803
-9.4229
-3.4674
4.3839
9.3266
6.8980
3.5897
6.6315
11.8318
6.0570
-0.2522
6.7156
12.4094
6.7441
4.7860
7.2981
3.4584
0.9665
3.3170
6.0015
9.8918
8.8657
8.9595
7.1722
3.4590
2.6017
0.0685
0.8658
-8.4303
-3.9768
0.0125
2.4604
1.9006
2.3909
-4.4397
-7.6505
-4.4160
-3.6731
-4.7207
-5.0414
-4.2590
-4.4662
-3.6127
-2.5067
-3.4855
-5.7163
-2.9741
-0.6634
-0.9862
1.1158
4.3426
1.0605
3.3117
-1.4483
-3.6605
5.8929
12.7455
12.3118
6.0398
7.4711
12.1978
5.3137
2.2925
-1.1905
-8.6326
-15.6776
-1.6544
10.4054
5.7261
-0.8497
1.7130
5.4585
-0.6414
-5.1337
-4.3785
-12.1341
-7.8969
-5.4506
-1.8841
2.3858
7.5684
6.3792
-3.9719
-5.6946
-3.1618
-4.1959
0.4424
-1.9808
-5.1430
3.8726
4.6887
7.2872
6.9882
7.6892
9.4089
6.8427
11.7687
12.4295
7.1234
7.2910
11.6113
9.5231
0.5784
-2.0742
-4.9740
-6.1056
1.7391
9.0255
11.5674
10.1854
1.3211
-2.4934
-1.7629
-0.2811
-0.2465
-0.0594
-0.8432
-1.2521
-0.5069
0.0208
0.2473
-0.2871
-1.1362
-0.9227
6.6254
11.1905
12.9639
16.9018
13.6742
10.2191
7.9162
9.0059
12.2010
7.5017
1.1280
4.8963
9.5133
8.0046
5.3782
1.8914
0.1920
0.7699
-2.5266
0.1301
10.0487
15.0845
11.9781
5.2392
4.1780
7.2851
11.0061
6.6612
1.0171
-0.7442
1.0416
0.9862
5.1361
5.5973
0.8212
4.7286
4.1404
-7.3087
-13.5853
-8.7866
-5.9279
0.4605
2.2539
0.6832
2.4227
5.1842
-1.5018
0.3571
-0.7567
-4.2260
-4.4325
-1.5538
-3.7326
-4.5329
-3.8661
6.9734
11.3126
-3.9363
-15.0615
-11.8167
-9.1030
-4.4750
1.2162
0.8725
1.1954
1.7180
-0.0525
-1.7255
-0.4880
0.2563
0.8065
-0.2678
-0.3823
-1.5921
-1.8388
0.4169
1.7565
0.5937
-2.3233
-5.9091
-8.0132
-6.7854
-1.6756
-1.9532
-3.4811
-0.5730
-1.9539
-0.8107
-0.0490
0.6144
1.9997
-0.1966
5.0177
3.4334
-2.4460
-4.1207
-5.2752
-2.9636
-1.8732
-2.6062
-8.5593
-3.9669
1.1505
-0.1166
-0.1245
-0.4881
-2.4004
-0.2972
3.5351
2.9754
7.4041
8.5366
6.8479
6.0773
3.7602
4.9390
7.2694
6.5592
11.3234
4.1238
2.1859
5.9347
4.2641
4.0444
6.4730
3.9773
1.3523
-1.4245
-2.4961
-0.2319
5.6116
8.5545
6.2312
6.4363
7.7010
4.5634
1.5752
0.0148
-0.1925
-0.9795
6.6719
17.9956
13.7142
0.9240
-4.6068
-1.1648
1.3005
1.8003
2.3440
3.7493
1.8627
-4.5013
-11.6121
-5.6957
-6.2098
-9.1028
-1.1610
3.5574
2.4209
2.8492
4.0836
4.7176
-0.6903
-3.8560
-0.1348
1.9596
5.6307
5.5405
2.0698
-2.3365
0.3674
-2.4772
-3.3907
-5.9735
-3.4234
1.8948
7.3434
4.9283
0.2942
-3.8253
-2.5044
-0.0026
3.8678
5.1484
2.7166
1.4840
0.6662
3.9850
4.1672
8.0306
3.1223
-0.3453
1.1712
0.8861
-2.4486
-6.8749
-3.4041
-2.4457
-7.6199
-2.6519
-5.5325
-7.6417
-0.3276
-5.3320
-8.2071
-9.9281
-8.6841
-2.2289
-1.1925
-3.8387
-4.1569
-1.2473
2.1414
0.7080
1.8293
5.1083
6.2752
6.7664
13.4717
13.3738
9.4598
15.4721
12.0763
3.5944
2.5608
4.0711
16.0668
24.0422
22.4848
18.6368
16.2636
3.4835
-5.3676
-7.7546
-1.1164
0.2668
-2.0971
0.3760
0.0441
-8.5405
-6.4749
1.4113
-6.5214
-19.8526
-20.1056
-19.4081
-19.8529
-19.7488
-12.7528
-2.6052
-0.7715
0.7141
-3.1279
0.3926
2.4316
-1.4465
-3.0473
-7.7711
-3.6530
-4.3552
0.3331
2.9368
4.3934
6.6861
3.2426
4.8955
2.9755
5.7704
5.9316
2.7991
2.1971
2.5240
-0.9815
-1.3956
-1.5325
-0.9889
-2.7966
-5.5232
-6.3779
-5.0765
-3.0234
-8.5984
-3.7851
1.5678
-0.2380
-5.2109
-8.7194
-10.1190
-6.9389
-2.8772
2.8865
6.1891
10.0096
10.3259
9.3839
13.3779
17.0383
6.2730
6.5207
26.4772
37.3007
40.3218
42.9583
32.5049
29.4647
28.1719
21.7183
25.6143
22.1633
9.7299
12.4334
16.5263
22.3696
27.9927
23.1475
9.1075
-0.7822
7.0421
6.3813
-1.1549
3.3789
14.5807
12.3946
2.7439
-5.2668
-5.6541
-7.7849
-7.3317
-3.2328
-2.9434
-2.1462
-4.1681
-1.2992
10.8964
6.6433
4.0291
2.3805
3.6450
0.1249
-1.1244
0.0092
3.5719
0.9557
-0.9287
0.4313
-1.6508
-2.2003
-4.5731
0.3928
0.6216
9.1151
17.7174
11.5623
-1.8483
-7.6725
-2.7987
1.6643
7.6784
8.9310
6.1167
1.0558
-1.7609
-3.4000
-5.2394
-1.7945
0.5054
4.7217
9.7247
8.2132
6.4600
5.9349
5.0008
11.7354
12.0558
9.4108
0.8436
-6.7301
-7.5905
-5.8260
-5.3897
-2.8768
-0.9025
-3.6776
-7.6659
-6.9688
-3.4091
-3.6792
-5.7824
-7.1704
-6.9232
-6.3658
-2.0012
-1.1323
-0.3036
-1.8755
-0.6848
-1.3278
0.9215
1.6017
-0.3077
0.7442
0.7846
-0.0595
-0.9856
-0.0141
0.1974
1.1691
1.2841
1.1770
1.5773
1.1835
0.4578
0.5300
0.3291
-0.9963
-1.8799
-0.4267
3.2879
5.0963
7.7769
4.2564
0.4346
-0.6456
-4.5728
-1.8267
8.0458
11.5680
5.1687
2.6931
-1.5299
-4.2942
-0.7985
-2.4488
-6.9060
0.3681
4.3727
6.7638
10.2413
14.8130
8.9411
7.3639
-0.6948
-2.4175
1.0898
1.7055
4.5477
0.6450
1.0407
4.5664
6.7449
2.1001
0.3600
-3.2005
-2.0868
-2.5031
-3.3023
-1.3239
-1.0591
0.3551
0.2694
-2.8948
1.4915
8.3709
14.0273
8.1119
6.0001
18.5642
26.8700
27.9031
26.3964
24.7429
22.6842
27.3550
19.4175
6.4033
1.4775
-2.0158
-2.8651
-2.3910
2.9108
4.3646
5.1383
2.0311
-0.7781
-2.7547
3.7465
1.7258
3.5737
-6.5515
-15.0254
-7.5854
-4.8651
-9.9047
-7.3796
-4.5452
-6.0971
-7.5534
-0.1973
6.7681
10.7886
6.3665
4.0654
13.9968
25.0025
25.7758
17.7637
13.5520
18.7230
17.1601
18.4105
17.1142
9.7496
9.8807
-2.1111
-7.2500
-4.6138
4.5105
5.2429
2.2383
-0.1003
4.2402
2.4455
7.7242
16.4451
13.3202
10.5352
13.1522
8.9197
5.4182
2.0845
-1.1395
-4.1021
-2.2302
-2.9745
-4.4547
-3.7894
-3.3671
-1.1213
-6.5902
-8.5215
-6.6906
-2.4117
-5.8352
-7.5263
-8.4327
-5.5303
-6.5948
-3.7600
-3.3631
-0.5686
-0.3666
-0.2839
-2.0390
-1.2934
-2.5301
-1.8685
0.4984
-1.0194
-1.8692
-0.0643
-0.2743
-1.2586
-1.4352
-2.3856
-2.1625
-0.3863
0.0536
1.0647
-0.6333
-1.7582
-3.9611
-0.4787
0.8456
-1.4187
-0.4639
-1.4378
0.0300
1.7910
1.8208
0.4792
-1.0719
-0.8184
-1.2489
-0.5964
-0.7103
-2.6820
-2.4593
-1.3370
-1.9984
0.0011
2.2457
-0.9169
-0.9518
-0.9354
-0.3278
1.0940
6.8372
5.2116
4.9990
5.3073
14.2135
19.4529
20.5439
19.2335
18.2525
16.3162
20.7746
22.6491
15.4909
9.3860
11.7440
13.4050
15.0909
9.4192
5.0530
2.4000
7.5064
7.6871
4.5092
-0.6313
-1.5084
0.0995
0.0494
-0.0989
-1.3064
-1.3757
0.3333
0.4774
-0.5472
-0.7378
1.2013
0.4139
-0.1335
-0.1670
0.0468
0.4596
-0.4331
-1.8709
-3.4875
-2.5747
-0.5135
-1.9916
-2.9459
2.3545
7.7973
2.9996
3.8901
3.5162
6.1376
3.4777
-8.9190
-7.1474
-5.5494
-8.3938
-9.5979
-16.5698
-19.2841
-13.8228
-5.8112
-8.5984
-8.5822
-5.8225
-4.5396
-2.1275
-0.5329
4.7024
11.6623
10.2482
-4.2542
-6.3980
-5.2111
-8.2419
-3.9758
-3.2213
-3.0787
-3.4409
-0.0601
0.4524
-2.5377
-2.6354
3.9929
4.3810
4.4439
7.5509
5.8814
1.8144
-1.8229
-0.2158
3.2958
-1.7069
1.7988
-2.6456
-6.8815
-5.4536
1.7887
9.4821
5.2213
4.2637
3.1918
5.1524
8.1978
4.7763
4.0898
7.9378
15.6469
19.6312
17.3540
17.5592
8.2957
8.5604
10.1480
4.4357
-3.3565
-3.5488
-0.8623
1.2157
10.2343
22.7055
28.9202
26.1833
18.4854
13.0306
8.4520
10.6341
11.4960
16.5697
25.8954
27.7234
13.1968
1.8432
-4.5493
-13.8799
0.8869
3.2431
-0.5415
1.7119
3.0775
4.3905
10.0710
14.6025
11.8699
16.2429
22.2418
24.6451
29.7763
28.9561
21.7272
15.2697
1.7235
4.8456
12.0305
22.4825
25.4579
22.6485
10.6074
12.2055
12.7074
23.8804
33.7191
38.8852
36.7257
29.9620
20.6115
15.9034
17.1322
18.4916
16.4706
3.4290
-0.8163
-6.4337
-8.7030
-9.1283
-8.4823
-5.7648
-5.6821
-5.4971
-8.6706
-5.4641
-0.4271
-0.4238
-1.2959
-3.7203
-5.9499
-5.4854
-1.9185
-3.5191
-1.8674
-0.7509
2.2251
0.1373
-2.2529
-1.4398
-7.3410
-8.3635
-7.0179
-9.9034
-8.1100
2.7294
25.9503
36.1446
27.8037
15.3300
3.8089
-1.2869
-0.8104
-3.5458
-5.9027
-11.9485
-13.8681
-12.4021
-10.2108
-8.5389
-2.8129
1.4691
1.8604
1.5639
6.3388
2.8453
2.3867
5.0473
12.1029
16.8477
21.6779
10.5733
14.7546
20.1438
19.0025
22.0409
24.2564
25.4670
32.2636
41.2746
44.4256
40.8544
37.6762
38.2847
37.4152
32.6661
23.8057
4.6705
-2.3987
-0.1513
-1.3037
3.5771
8.3821
2.1360
-5.5846
-5.4825
2.6559
3.1377
7.4438
11.6316
8.3976
-3.6968
-13.0996
-16.5060
-8.2182
-5.0975
-7.3320
-9.2495
-10.2060
-7.0851
-4.7510
-5.8581
-9.0318
-5.7913
-1.7593
-2.1417
-1.7340
-4.7964
-8.8240
-6.6908
-10.3295
-1.2621
8.0561
16.6506
9.5240
11.5959
21.4842
21.0597
16.3457
8.7602
0.0419
-0.4456
-3.4400
-9.2245
-13.7874
-10.1825
-7.0782
2.7431
12.3762
26.4012
30.7047
30.6339
38.9039
33.7603
21.2093
9.1866
5.6717
7.5464
-0.6220
-12.8643
-15.9719
-16.9001
-12.5865
-9.7511
-9.8842
-13.5854
-12.7085
-9.6261
-6.3138
-5.0356
-7.3672
-8.1039
-5.5227
-2.8626
1.9449
0.2591
0.0248
1.2012
-0.2090
-0.2119
-0.6548
0.7695
0.0734
0.8170
-0.1270
-0.2023
-0.6637
-0.5635
-4.5830
-7.5327
2.5695
2.4315
12.7710
21.5142
23.7304
18.0917
10.3661
6.5122
2.5754
-1.0136
-3.5642
-5.3945
-0.3997
-0.2749
5.3877
4.4239
3.8689
4.4009
1.6034
0.5807
-1.0606
-2.8431
-5.8269
-7.8041
-4.9693
-1.0601
0.8638
-0.7946
4.2669
2.3639
-3.2992
-5.0613
-7.1600
-6.4844
0.3259
5.5491
4.2377
-1.4703
-1.3876
-1.9268
-5.5255
-4.3361
-3.6557
-2.4856
-0.7984
0.1150
-1.8130
-0.9716
-0.8652
0.2927
0.6380
0.0716
0.2840
-0.3731
0.0809
0.4510
0.9064
-0.0985
-0.9757
-0.7506
-1.4269
0.0417
2.0166
1.1833
2.8251
2.6068
2.3891
3.7217
4.0476
3.5976
-5.0452
-5.7893
-0.5139
-2.7998
-2.9390
1.4703
-4.4478
-6.4569
-9.5602
-16.7738
-10.8267
-8.9945
-7.0756
-10.7170
-10.2724
-7.3908
-3.9939
-5.2380
-2.1989
-0.7924
-0.3080
0.5876
0.3567
4.2806
0.0285
-2.9983
-5.0336
-4.4313
-2.8999
-4.6887
-8.4685
-10.2728
-3.2224
3.2293
3.2592
2.3966
7.0317
7.4283
6.6432
3.1973
2.4515
2.2589
-0.6695
-2.8806
-1.2603
-0.9581
-0.8459
0.7503
-0.4353

Coefficient 38:
0.0000
-0.0401
0.6798
-2.3505
-2.6384
-2.5420
-2.2180
-4.6707
-2.7569
0.8373
2.4354
3.4902
2.2845
-0.2918
-1.0991
-3.3539
-2.4675
0.2565
3.4292
0.2746
-0.5731
-0.9455
-0.2946
1.8102
-0.5642
-1.3621
-3.0512
0.4653
0.3493
3.5360
3.3351
-1.7170
2.4193
1.1745
-7.0241
-2.8630
-1.7173
-4.3569
-2.7495
-2.3990
-3.6996
-8.2481
-8.0647
-2.9626
0.1251
-2.2984
-4.3002
1.8625
1.8769
1.8056
2.2012
-0.9081
1.8237
1.8882
-2.9159
-10.0011
-12.2598
-8.9098
-1.2513
-3.1399
-1.3010
1.4510
0.1241
-3.8249
-4.8546
-4.8717
-7.7239
-11.4160
-12.0646
-10.0624
-8.6351
-10.2744
-11.0481
-8.7321
-2.9146
-3.9969
-8.7173
-4.9149
3.0150
3.6910
-8.2053
-11.2916
-11.0255
-10.4856
-6.0844
0.4136
1.3841
-0.8733
2.9435
4.4034
0.0685
-3.0606
-0.6342
3.4894
4.4133
3.8507
7.7350
16.1011
15.1219
12.6874
13.9717
6.9564
0.9472
1.6735
-0.3171
0.6278
-4.0056
0.4109
5.5335
2.2675
-5.1910
-6.2347
-5.2114
-4.4897
0.7873
0.3558
-0.7180
-4.5914
-6.7940
-4.4194
-2.9192
-4.9145
-2.8634
0.2984
-4.2744
-6.3670
-5.2104
-3.7813
-2.7018
-3.8594
-3.9378
-5.2267
-3.2551
-2.8670
-4.0561
-9.4596
-15.1589
-16.2672
-19.0003
-16.3513
-12.4096
-6.5053
-2.2245
-5.6016
-7.5573
-5.1411
-4.9430
-3.5122
-2.2013
0.8986
2.9438
1.3566
0.1281
1.1721
-2.3321
-1.2302
-0.5304
-0.1626
0.7359
1.1368
-0.5827
1.0299
1.4061
0.6076
-0.3090
-0.0803
-0.6707
-5.6017
-5.2133
-4.5824
-6.5671
-1.5447
-5.1050
-6.7091
-6.8363
-8.5641
-4.5561
-3.1640
-3.0072
-2.8341
-1.6508
-0.6641
2.1478
2.4044
5.1898
5.8988
4.2819
6.7093
3.5140
-3.9165
6.1911
8.5608
8.1304
9.6526
8.7054
7.1207
5.2483
4.3649
5.2237
7.5737
5.0882
-0.4615
-1.4825
1.5659
7.8901
4.6532
-1.5254
-1.5985
-1.2942
-0.7681
-0.1189
1.6273
0.6996
1.1701
2.4626
1.0589
-0.0926
-0.1972
-1.0374
6.1215
-1.0996
-2.0913
6.4538
1.6503
-4.0665
-10.4144
-10.5709
-1.0789
-2.7898
-2.2515
-2.0109
-6.2568
2.4586
10.0546
12.0692
11.5114
9.3420
13.4779
17.7960
14.9374
9.9705
7.4977
3.4499
-1.7238
-7.3122
-5.8946
-1.4039
2.2420
7.8269
15.0640
17.2893
15.6170
19.2581
22.7209
20.2696
11.8522
6.4775
5.5162
6.8017
4.8976
-0.9135
-5.4999
0.0234
3.2265
-1.2141
-3.6970
-3.0938
-0.6873
4.7354
9.2814
12.2516
10.7049
7.6831
5.1117
3.7400
-2.2906
-7.6780
-9.7579
-9.1844
-2.9037
0.4034
0.9458
-0.3589
1.6017
-0.4328
1.7575
3.4316
3.3392
3.8052
5.7047
0.7882
-1.5835
-1.1184
-0.2694
-0.5454
-0.0599
-1.6286
-1.1534
0.7009
-1.1146
-2.5033
-0.2388
-0.4515
-0.1174
-1.8484
-2.3051
-0.8134
-0.2671
-0.6149
0.5514
2.2429
5.2248
0.5428
0.6955
0.5188
-7.4049
-8.4905
-5.0302
0.8947
5.5287
4.9258
1.8469
-5.5101
-6.7617
1.3995
10.7890
8.0304
-1.4046
-2.8174
-2.0066
2.8178
2.2365
2.3860
2.2570
-0.1481
0.3566
-2.0560
4.5598
1.4100
-4.1124
-3.1402
-6.1892
-7.1117
0.0363
2.2891
0.7361
1.5247
-3.8771
-5.3292
2.8775
12.9543
11.2964
9.0907
5.8502
7.1502
3.0998
-2.1032
-8.8110
-18.0487
-3.6749
0.8318
-1.0370
-2.5926
1.9776
3.6774
5.9289
6.1388
2.8263
-1.5230
-3.3487
4.2155
1.9270
3.4367
3.4882
3.9174
3.0560
1.1593
3.1552
3.8743
3.6232
-0.8656
-2.8801
2.5658
8.3645
6.2034
3.6944
4.4165
4.1361
-0.2625
-2.2311
-2.5982
-1.3770
-0.3756
-0.8293
-0.7030
0.3949
0.3322
0.0131
-1.7384
-1.8732
-1.0822
0.2901
0.0174
-0.3292
0.2828
0.9625
-0.5132
-1.0781
-1.7104
-1.9494
0.8042
2.1043
1.9022
1.4357
-0.7031
-2.5547
1.4259
8.1097
9.3229
4.3968
8.4641
6.1163
2.9273
2.6329
5.6415
5.3961
3.6245
0.8713
-0.3590
-1.2318
1.4705
2.5647
-0.6467
-2.4609
1.0023
5.9526
5.2001
7.0347
4.6622
0.4803
-0.0198
0.1826
3.7167
1.9950
3.2278
1.2232
-11.4925
-16.5326
-9.9865
2.3055
7.5509
12.2658
14.9848
13.8630
7.3526
7.2350
10.0746
4.9513
-2.7572
-3.2420
-1.0726
-1.7647
-4.4464
-5.7077
-4.1118
-2.1603
2.5936
5.4426
5.7008
8.1070
5.1312
4.6422
3.6919
2.0708
1.8235
0.7035
1.7756
4.0286
5.3712
1.6389
0.8241
1.4313
-13.1565
-18.2816
-6.1493
-1.4206
-0.5957
-0.8352
-7.5203
-8.6913
-2.5789
0.0518
-0.6048
-3.0762
-9.3368
1.1768
-0.6821
1.3157
6.9906
14.5474
10.2674
-2.9107
-4.0828
4.6769
8.2589
1.6556
4.7152
3.9425
0.5718
-8.6324
-8.0405
-6.9730
-4.1098
1.6343
1.3857
-0.2747
-3.6024
-1.2214
-1.2360
3.2438
-1.5956
-5.0803
-4.3099
3.9691
8.7168
1.3394
-0.9740
2.0451
1.1326
-2.6377
-3.3897
-0.6222
-3.5072
-10.1140
-16.1478
-18.0384
-20.3603
-15.3384
-8.1687
4.0015
5.8348
10.1936
12.7991
7.1903
-1.1778
1.9237
2.0810
0.4806
-0.6725
-1.3114
-3.6567
-4.0336
-8.4827
-7.1263
-9.7451
-8.9197
-8.3989
-8.6276
-3.9432
-3.4490
-4.0167
4.5960
-3.7499
-1.3458
1.3606
6.0473
-5.5182
-10.4618
-6.6066
0.9712
0.1170
0.2087
1.1122
-0.8390
3.2085
-1.0131
-3.1722
-1.5943
-0.5221
-1.3220
-1.5047
-2.2762
-3.6792
-8.5099
-8.5584
-11.9229
-4.2742
-0.4244
-5.8512
-3.1293
1.0573
9.1124
12.4645
17.3491
24.1308
18.6666
4.5667
-4.4581
-6.1756
-8.6871
-8.0636
-1.8323
-0.6946
-3.8823
-14.0224
-13.0223
-11.9650
-10.8108
-9.3149
1.1218
7.5462
10.8500
7.4348
1.3413
-2.6774
-6.0697
-8.2453
-4.4993
-3.8084
-6.5077
5.4512
9.3212
9.7941
13.4992
12.6235
8.4521
-3.4365
-2.5993
-1.3104
-3.1220
5.1485
6.9097
3.4255
1.8866
-5.6366
-6.6819
-6.6083
-7.4199
-7.5703
-4.8096
3.8171
11.1360
5.8416
-1.8282
-4.8648
-4.7826
-1.7175
-0.5308
-0.4342
-0.1188
-0.8340
-1.0012
-0.4148
0.2444
0.3376
-0.4198
-1.0574
-0.6509
5.4750
11.2323
11.0957
7.1279
8.5642
6.9346
5.2318
4.4224
2.4135
-3.5388
-7.5123
-0.6762
2.3975
-0.1360
-3.4419
-2.5587
-2.4418
-6.7912
-7.0456
-6.6317
-0.9491
-3.2438
-3.6555
-3.7004
3.4895
0.1056
1.8079
-0.6200
-7.9597
-5.8076
-6.9418
-5.2616
-0.2483
2.2775
1.4606
4.1619
10.2169
8.8371
0.5899
-6.1369
-11.6858
-6.0502
-7.0010
-9.9385
-11.6890
-12.2748
-6.1413
-1.7473
-6.2265
-10.5655
-10.3516
-3.7326
1.7375
7.9754
16.0527
29.6912
40.9874
26.5863
6.7288
0.0330
-2.6640
2.5630
6.6239
4.2237
3.2367
2.6316
0.1962
-1.7446
-0.7846
-0.3418
-2.1528
-4.3660
-5.0387
-2.4508
1.8441
0.2042
0.9638
0.2622
-2.2895
-1.4386
-2.3331
-2.4878
0.5640
2.0027
6.5122
6.9423
4.1166
1.6395
1.3616
2.0798
3.9192
1.8407
8.2236
8.5540
3.2599
0.8314
3.6347
4.5749
-1.1409
-0.8372
-4.0462
8.9805
10.2236
4.1096
-3.5796
-0.4177
3.5179
6.9484
4.7823
3.7698
4.2193
5.8194
-1.8777
-1.7082
1.1623
2.5017
2.1185
2.6281
3.7619
0.2706
-0.9620
1.7726
-0.9839
-5.2217
-1.5163
-4.0593
-5.3434
-2.7972
-1.1979
1.5151
5.5801
7.1239
6.5797
7.6311
3.5490
1.8741
1.7247
1.1837
5.1595
6.6882
1.2404
5.2507
4.6121
-1.3238
-7.9482
-1.9860
8.6565
12.1879
9.6893
9.0056
12.1339
17.2969
9.1653
0.6509
1.7090
3.1349
2.4978
2.9498
0.8996
2.2062
4.8777
7.5388
7.4631
7.7903
14.0023
15.1836
5.5626
-0.2641
-3.2379
-2.5458
3.9587
-1.2066
-3.6851
-2.6285
0.0445
0.7586
-2.4162
-4.4867
-2.3601
-9.3316
-11.4938
-9.3300
-5.1152
-8.8251
-13.0482
-13.3298
-13.7125
-12.2506
-7.3401
-7.4712
-4.7005
-3.5631
-2.3142
-0.5457
-1.2288
-5.5126
-9.1011
-13.7485
-18.3486
-13.0382
-9.8862
-12.0061
0.0016
2.8043
-3.8696
-7.8928
-1.6508
12.6334
10.2525
2.1537
-4.1503
-11.6812
-7.5601
-1.1044
-1.3390
1.3926
1.4133
15.3135
13.5091
3.1177
-5.2482
0.2069
8.2565
-3.4469
-6.3551
-11.5245
-3.8157
8.2990
14.6362
17.2363
16.6303
2.6267
-1.1485
-8.0356
-11.0244
-17.8381
-17.0307
-15.2135
-2.1467
0.4763
-7.6858
-10.1838
-5.4538
1.8071
6.9105
7.6712
9.5224
11.4534
16.8623
22.3298
20.8195
-0.2290
-3.8192
-0.8613
3.9473
6.9456
-0.6684
-1.9011
-4.7182
-6.2662
3.6540
6.0998
7.0126
4.7113
-5.6369
-0.3630
-3.2663
-2.9305
-1.4569
1.4201
0.2203
1.2213
-3.7400
-1.9405
-0.6381
0.4307
-1.8689
-0.7832
1.5369
-2.5594
-4.5987
1.8210
0.6991
-4.8592
-5.0152
-0.6430
-4.2855
-6.4745
-2.6613
2.4193
0.9261
-1.9578
-3.9885
-6.9108
-10.5035
-6.4425
2.2506
-0.7432
-2.7287
5.2802
8.7219
15.1519
15.2322
22.9792
26.2423
21.1170
14.0432
13.4867
12.1636
4.9866
6.4677
15.9951
22.8078
22.2318
11.5781
13.6607
15.7374
7.7095
-3.8722
-11.6235
-19.4961
-15.4497
-5.9659
1.2651
-1.5105
-8.6709
-8.6382
-3.5542
-1.9121
-0.2827
4.2723
5.9104
4.8836
0.9384
-0.7141
0.8951
-0.4531
-5.0746
-7.4111
-6.6885
-5.6145
-5.9127
-3.2698
-3.6152
-0.0834
2.0268
-0.9922
-5.8871
-2.5205
0.3826
13.7101
28.5127
30.0945
14.1285
1.3118
1.8511
-0.2510
-1.2616
-1.0984
-3.8743
-7.3438
-6.3412
-2.6733
2.3352
3.8885
3.4387
5.0294
8.8324
10.2748
6.2765
6.4327
9.5931
16.0006
19.3894
16.0264
3.0460
-6.1198
-7.3754
-8.1568
-9.3309
-11.0486
-10.9373
-11.2593
-11.7884
-9.3210
0.9283
-1.2195
-1.9624
-1.0171
-1.6228
-4.3299
-5.9650
-3.4837
-5.9500
-9.0740
-3.2553
1.0493
1.6003
2.4089
-0.2678
0.7781
0.6979
-0.1565
-0.7196
0.0991
0.2238
1.1310
1.2277
-0.6317
-0.5025
-0.8717
-0.1089
2.6740
2.2958
-0.9635
-8.5013
-7.3310
-3.4253
0.2095
3.8545
0.1423
-7.1066
-9.6336
-10.6390
-12.5337
-13.0400
-12.3565
-6.0711
0.2114
-0.7553
-4.8661
-0.9092
-0.9115
-3.4869
0.4686
1.0651
3.4924
8.5680
8.6586
3.6278
1.3053
0.1277
-0.3470
-4.4879
-6.2316
-6.5643
-5.8588
-1.6522
0.9598
1.1647
1.4586
0.8761
-3.7376
-7.5403
-8.0510
-6.5943
-2.8898
-1.5871
0.0366
0.4784
0.7722
-4.1181
-1.8076
-0.0161
-6.6070
-7.5233
2.0442
16.6815
27.1659
32.6656
30.5734
25.9200
27.4877
20.1913
11.8311
0.8476
-3.5759
-4.0867
-2.3758
-4.0677
-3.6415
-10.6805
-5.1895
-1.6660
-4.3461
-1.3135
-1.5253
-3.5932
-4.5971
-2.6315
0.7561
2.7458
-0.7035
-8.9026
-1.4221
-2.0354
-11.6962
-9.2239
-0.5553
9.1687
13.8010
5.9292
0.5131
9.7931
16.0993
12.1587
11.5410
24.3321
29.4574
32.6059
27.3925
18.2084
10.9716
9.6050
7.6230
7.9957
6.7610
1.7668
-6.5710
-7.0084
-3.4009
0.3383
8.9424
13.5895
12.3168
8.5305
6.2341
2.5575
2.1779
-5.1968
-7.7078
-6.2612
-8.3253
-10.6000
-11.3343
-8.6191
-4.3362
-5.9185
-4.8515
-2.0139
2.3147
3.9274
-1.2046
-0.6617
-3.9537
-8.7938
-14.2795
-8.5292
-2.3393
-0.9874
-0.7095
-0.6490
-6.9397
-7.5200
-10.4590
-8.9793
-5.2181
-4.0562
-3.0697
-1.3210
-1.4597
-1.6689
-0.0528
-3.0685
-6.1797
-4.0593
0.8057
4.6018
2.8221
-5.1765
-5.4310
-2.2920
0.1389
-0.7874
0.5361
0.9894
0.0875
1.8898
2.0367
0.6905
-0.8956
-0.5898
-1.1131
-0.6107
-0.6853
-2.6769
-2.9137
-1.7820
-2.1485
-2.2805
-0.8346
-1.2562
-2.1053
-2.7649
-3.1385
-9.2191
-7.4493
-6.3902
-5.5134
-7.6330
-5.8462
-4.3709
-0.7142
0.9390
5.1324
6.4295
9.9658
15.9732
16.3347
15.7322
16.4059
15.3470
10.7162
8.6124
8.2901
7.0851
7.9177
2.5180
0.2422
0.0938
1.3939
0.3002
0.3457
0.1416
-1.0499
-1.5352
1.0757
1.9646
0.4460
-0.5528
1.3585
1.1129
-0.2384
-0.1384
0.3156
0.5976
-0.2196
-2.0068
-3.6269
-2.6105
-0.3408
-1.9360
-3.2146
-1.4037
4.0187
3.5593
1.1943
1.7492
-1.1695
-0.9618
3.4872
-0.2105
3.7575
-5.6789
-7.4558
3.0280
8.0049
4.1743
1.2526
-2.5760
-3.2693
-6.7288
-6.2040
0.6782
7.3490
13.2219
11.3594
-1.2766
-5.8471
0.6520
0.0312
0.4009
-1.8290
-6.3117
3.6285
0.8470
-3.2432
-1.7357
-1.0211
-2.5714
-3.2626
-6.9180
-6.4171
-4.3441
-4.6887
-2.1407
-1.8272
-0.9508
-0.1217
-2.8780
-6.4208
-7.5101
-5.6840
-8.6027
-11.6520
-8.5810
-9.7435
-6.5323
-0.8267
-1.7364
0.3788
-3.9862
-3.7407
7.3471
9.4993
11.1243
10.7501
11.9442
3.5123
6.2737
7.4567
4.6486
-2.9564
-3.9942
-5.7110
-14.7984
-10.7260
1.9436
8.9797
6.0582
6.9600
3.2577
4.8555
9.0654
5.0968
5.4626
13.7625
18.5964
13.4859
8.5534
-1.0475
-1.7419
-2.0589
3.0131
-4.7628
-2.3895
3.4947
0.7695
8.6146
20.0221
22.5902
22.2932
30.9130
38.1057
39.7901
35.4115
23.8377
11.6450
2.0450
13.8823
27.9426
36.8493
33.0187
26.8983
20.1934
16.3654
9.4952
2.6193
17.4434
29.4957
30.8242
33.5736
32.6613
24.1396
21.3191
17.5790
11.6319
-0.7654
-2.1099
-4.1123
-4.0365
-3.5678
-5.5542
-5.5936
-7.4005
-8.1059
-8.5603
-3.1884
-1.1401
-0.6297
-0.7375
-4.4108
-6.6091
-4.4777
-1.6347
0.5766
2.4378
-0.6903
1.0226
-1.4148
-2.3819
-7.7626
1.1204
3.3505
-3.2565
-12.1454
-14.7397
-18.6654
-7.8766
13.3361
22.9997
22.4622
15.6241
10.8113
7.1451
6.1543
12.9985
15.0851
6.1590
0.6680
-1.6229
-4.2634
-9.9817
-6.0863
-5.2517
-4.5269
-2.1498
-1.2537
3.0285
6.5992
8.8161
2.3182
8.8502
11.4753
5.7901
5.9344
7.7388
13.8883
20.3774
19.5374
22.6137
26.8972
28.3298
27.7254
28.0628
25.3881
26.1292
25.6590
21.0133
6.4878
-1.5147
-6.3904
-6.1374
1.4270
11.3736
15.0433
10.0481
6.9988
16.6246
20.8324
21.8039
25.8248
22.5649
11.4271
1.8890
-7.3143
-4.0766
3.4457
4.1049
1.4100
1.3381
-2.5590
-0.7785
2.6704
-5.3982
-8.3621
-5.0594
-7.3712
-12.9399
-9.6873
-4.7474
-4.3496
-13.6142
-12.6615
-5.1541
2.8628
2.2062
12.7837
22.5546
22.8657
21.9018
20.5778
14.8121
14.9932
10.0845
3.1630
-2.2957
-2.0482
-1.1485
6.3051
17.6091
30.4742
34.3382
24.5225
28.2935
40.8774
43.1675
34.9437
22.2910
11.1678
6.5039
-9.5610
-15.8284
-15.0573
-9.6881
-1.3264
1.9663
-8.3605
-16.2330
-10.6771
-4.1240
1.9651
2.9043
2.4867
-0.2275
-1.7517
-4.1349
-8.3230
-12.3002
-10.5090
-10.2107
-7.4388
-1.6094
-0.3882
-0.3971
0.6589
-0.2051
-0.2296
-0.5880
-0.4687
3.6753
5.0093
4.2271
-1.9894
3.4742
16.2786
23.9821
22.3385
14.7130
0.8791
-0.7099
-0.1045
-0.9004
-0.1603
3.7405
2.6597
-1.4590
-3.6082
-2.3453
-2.4316
1.3516
-2.2271
-4.9793
-1.3831
0.1593
1.5932
1.1009
2.4823
3.2803
4.2364
3.2047
-1.2076
-5.3471
-8.1359
-8.1107
-1.2000
10.9097
10.6647
2.5133
-3.5992
-3.7339
-2.1685
-3.2466
-2.8025
-4.1882
-4.4290
-1.4728
0.1836
-1.5999
-1.0367
-0.9629
0.3035
0.4203
-0.1053
0.2221
-0.3621
0.0973
0.7468
1.2302
-0.0740
-0.9590
-0.6297
-1.2290
-2.2875
-1.0059
-0.3628
-3.0218
-1.7499
5.8053
6.3256
1.9291
-4.3999
-6.8243
-5.7043
-6.6471
-6.6409
-5.1555
-1.0539
-3.7009
-11.0254
-13.2716
-9.1163
-3.6638
-7.0012
-6.9772
-7.9524
-10.0634
-5.7608
-1.5911
-0.7299
-1.2067
-1.3082
-0.2693
0.3105
0.0598
5.4877
4.8866
-0.1437
-0.0816
0.8930
0.3049
0.6271
0.7583
0.0602
2.8360
5.0277
6.0685
4.9220
4.1933
5.4973
4.8145
2.3805
-0.1626
0.2440
-0.5639
-3.9074
-3.8056
-3.2125
-1.6238
-1.4573
-3.0025

Coefficient 39:
0.0000
0.9721
1.8737
-1.9847
-2.9109
-4.0796
-2.9356
-4.7287
-3.1096
-3.5753
-4.5987
-4.7536
-5.9407
-4.9491
-1.4956
-0.2747
2.5372
3.5111
1.8629
-0.0010
-2.7237
-2.1020
-0.3150
0.4074
-2.7276
-4.4645
-7.4172
-6.7584
-5.9081
-3.0782
-2.3940
-7.8208
-0.1314
1.2167
-4.6613
-7.8429
-6.1789
-8.4828
-3.8332
-5.6222
-3.1444
-0.0521
0.9651
-2.6923
-7.2005
-6.5762
-0.3800
9.1309
6.4645
0.9015
1.1231
-1.7409
0.4671
0.4382
1.5055
-6.2537
-10.0846
-6.8057
10.5308
3.1327
-8.0255
-13.7116
-5.0477
-2.6730
-2.2419
-1.7752
-6.3890
-8.2673
-8.4813
-10.3783
-7.8688
2.5588
5.3073
-3.0322
-2.7928
3.6710
-7.1748
-12.8413
-6.2397
-9.2801
-12.7822
-5.3905
-6.0788
-6.8044
-3.6397
3.2829
3.2034
5.3708
2.4489
1.2499
5.4165
5.7310
0.4350
3.0181
6.7565
6.1642
7.2277
10.3397
4.8120
-2.0104
-0.5979
2.3719
1.0477
2.1615
-0.6250
3.1548
2.4819
0.4439
-4.1670
-7.0069
-12.0609
-4.6512
-0.8357
4.1262
0.4369
-1.2937
-1.4093
-1.4594
-2.5490
-1.3205
-1.0467
2.7399
8.0700
9.2860
9.0089
4.0156
5.6416
5.3740
1.7399
1.2885
2.8729
0.5536
-0.7592
0.0242
-3.4718
-6.7377
-8.9642
-7.6108
-3.4366
-3.9766
-4.4388
-5.8829
-9.1381
-14.7281
-14.3004
-4.2399
-4.7706
-3.8011
0.7353
2.0558
3.0297
3.4422
6.5400
8.8604
3.1197
0.5346
-0.4968
-0.2302
0.8574
1.6700
0.2768
1.6644
1.5271
0.5519
-0.3266
0.1151
2.5893
3.1225
3.8466
4.2860
0.5079
0.6506
0.4789
1.7739
1.6125
1.5529
3.8823
6.4656
6.7784
7.5708
9.9121
9.3064
5.4067
2.0484
5.1149
5.3819
4.9381
4.6423
0.7627
-3.0469
-0.6150
2.0165
1.8410
3.3647
7.7485
11.8879
12.0809
8.5933
4.0838
3.5307
1.3028
3.2735
0.2428
0.0754
-0.5575
-4.0536
-2.8106
-3.5289
-3.9174
-1.7351
-0.1216
1.1348
-0.9059
-0.9507
0.6354
0.1643
0.3186
-0.3926
-1.0410
3.0728
7.9273
10.0081
7.7708
-1.8554
-8.8051
-5.4293
1.4153
1.2854
1.3779
3.6309
2.0788
-1.4825
-2.2431
5.1444
9.8893
13.3379
13.7758
12.2340
12.0802
12.3417
8.7111
7.7885
4.1029
4.9647
4.0671
2.3374
3.0419
2.9806
5.0477
10.7780
5.6288
-1.1671
-0.4992
4.3571
7.1732
6.9738
0.7406
2.1348
4.8543
2.6920
-2.8132
-1.2595
0.7143
2.2407
0.5841
-1.6156
-3.2312
-2.9414
-1.1055
-0.4795
2.3341
1.9928
1.6561
2.6880
0.6779
-3.3038
-5.8418
-6.3255
-7.4020
-3.7308
-0.5341
0.3465
3.8682
3.8714
4.8985
3.2638
2.5894
-0.7956
-1.7381
3.0566
1.9174
-0.7364
0.7239
-0.1934
-0.8289
-0.2008
-1.5473
-1.3657
0.5808
-1.2572
-2.4835
-0.3581
-0.8745
-0.1175
-1.8598
-2.6029
-1.2894
-0.7185
-0.9163
-0.1539
7.5979
8.9758
0.8989
-0.1811
1.0975
1.1024
4.5459
2.1567
1.2931
-1.8192
-0.0224
0.6049
-3.1475
-7.2990
-6.7059
-1.1231
1.6611
1.9464
2.3033
-2.6317
-7.7474
-2.6399
1.2054
5.9043
0.5904
1.0179
1.8940
9.3847
7.2275
-0.8004
-2.5044
2.8408
1.9194
-0.0068
-0.6544
-0.8344
-0.9469
0.1896
-2.5012
-5.3191
-10.0731
-10.2233
-6.2133
-0.7993
-0.1670
-8.3660
-10.4328
-7.6887
-12.3402
0.7834
6.2870
6.1807
1.4190
5.5925
7.4560
8.0716
2.5427
-1.9949
-5.6971
-4.3309
-2.2776
1.3869
4.7164
-0.5183
-5.1982
-5.4595
-0.5894
5.3990
3.6567
5.0734
2.0597
0.3734
-4.3090
-4.6670
-2.6330
-0.9458
-0.9192
-0.1475
-0.9913
-2.0040
-2.2599
-1.2321
-0.5345
-1.1956
-0.3062
2.6896
2.8910
2.2839
0.5348
-0.2964
-0.9584
0.1112
0.6885
0.3936
0.1964
2.8240
2.7084
0.6170
0.0643
-0.6319
-1.5612
-0.5877
0.6200
1.6524
-0.8743
-4.2419
6.5591
-2.5393
-4.7406
-12.9146
-12.5487
-11.5776
-11.6938
-7.2544
0.2357
0.8439
0.5094
0.2658
1.2465
1.9437
-0.2078
-2.4567
-1.5821
-4.0297
-8.2476
-8.6320
-11.3776
-8.9967
-8.7552
-5.4223
-2.6473
-0.1715
-8.0986
-12.3330
-8.9737
-5.2004
-7.2240
-20.8828
-22.6021
-15.3996
-9.9401
0.4840
9.2681
11.3994
13.3914
11.1458
1.9236
-10.4659
-9.7713
-4.6854
-3.8195
-1.5969
-2.3031
-4.8303
-3.7193
-5.0292
-5.9605
-5.2017
0.4864
0.0510
-2.7662
-1.3258
5.0085
9.4534
7.0576
1.0101
-2.3598
-6.4415
-8.1154
-9.3170
-8.9726
-5.3711
-6.0266
-4.1420
-1.7511
-3.3858
-6.8558
-3.0214
5.1806
-11.9210
-23.5850
-18.2440
-7.3863
-3.8147
-2.7754
2.6248
0.5538
2.1004
4.7997
5.2435
-5.2622
-9.9671
-6.5448
-4.5064
-1.7301
-1.8368
0.3026
-6.9520
-13.7462
-13.0729
-11.7854
-10.9338
-8.4184
-3.9683
-3.9938
-5.2116
-4.8736
-4.7844
-7.3328
0.3104
-2.8664
-4.3059
-8.7085
-8.6162
-5.7487
-6.4309
-5.5012
-4.2512
-4.5207
-7.7495
-6.1736
-8.4334
-7.1579
0.1553
1.9882
1.0971
-6.6180
-9.9426
-10.5051
-5.8824
-3.7151
4.7079
5.8530
2.5631
-7.8643
-13.7561
-12.5090
-12.2620
-12.2468
-11.4248
-9.1294
-7.9133
-9.4528
-9.5149
-9.7507
-8.1767
-5.6750
-5.1204
-4.5783
-3.9104
-2.6898
0.8655
-2.5896
-5.9704
-10.1922
-10.8220
-12.0276
-11.1665
-13.2530
-20.9085
-22.5486
-18.6254
-14.0931
-11.5137
-5.0899
-8.3375
-12.7528
-18.9419
-23.5449
-16.7668
-9.8851
-8.7891
-7.1374
-6.0733
-0.3376
1.0644
-4.9531
1.9708
7.9777
1.8998
-8.0378
-6.4010
1.6203
-1.9406
-4.8469
-3.0278
-3.1810
-1.3240
2.7386
5.9554
3.3819
-1.4861
-0.3417
5.0626
4.1068
-0.3831
-4.0391
-8.1669
-5.0152
6.8180
8.4411
5.5578
0.6568
0.1159
-6.1056
-5.8454
-4.8140
-3.6128
-4.2948
-6.9641
-5.0246
3.9807
8.2730
2.6449
-1.1408
-2.8366
-6.3144
-5.5197
-0.0988
4.1350
7.7392
1.3841
-4.5819
-4.5746
-3.5733
-4.6369
-6.9747
-10.6007
-15.2687
-15.3408
-6.3643
-2.4685
-7.2472
-8.4086
-0.5844
2.9903
-0.6394
-0.7214
-0.6512
-0.1695
-0.7850
-0.7097
-0.3783
0.3889
0.3557
-0.5643
-0.9494
-0.3520
4.0884
4.9289
6.5995
7.0489
5.7617
-1.7341
-4.9129
-3.2043
-2.4570
1.7978
1.3636
1.0326
1.0350
-2.4788
-6.0664
-0.8619
3.1169
-4.8041
-5.7859
-5.6093
-1.8173
3.4788
7.4150
-0.5395
-2.6884
-1.1099
-0.1402
-3.2161
-0.8058
2.5437
3.8094
-2.0147
-1.4491
-0.6149
-2.8624
-1.2631
7.2258
12.7372
8.8032
-1.0134
-5.9151
-6.1624
-4.3381
-4.3210
-4.5628
-4.8128
-4.6570
-3.0828
-4.8048
-6.0271
-4.8401
-1.3727
-5.6733
-2.8351
-1.5208
2.7253
20.0057
28.0879
24.2150
12.3928
6.2530
5.7694
8.9819
6.3112
3.9057
3.0370
0.2181
-1.6826
-1.0163
-0.1565
1.1085
0.7923
-2.7483
-4.1865
-3.9429
-2.8267
0.2330
-0.0879
-2.1999
-5.3264
-7.0818
-6.6305
3.8499
11.8214
9.2135
4.1020
-0.6720
0.7883
2.1964
3.4106
4.8890
2.8288
8.6906
13.3955
10.1197
4.7470
3.2367
2.3993
-0.7947
-1.2023
4.4504
9.2730
6.2927
0.7587
0.6314
2.1619
0.3154
1.1064
-1.4127
-2.2355
-0.2324
4.2391
-3.6643
-3.7324
-0.7405
-1.0246
1.5624
0.6480
-1.1406
0.4098
1.5369
2.6872
4.2222
-0.7940
-4.6731
-5.6368
-1.8153
1.7683
1.0817
0.3808
-1.4660
-2.8399
-0.9295
1.8720
-0.2609
4.0969
3.7432
-1.0254
-2.2998
-2.2052
-5.7128
-3.1816
-3.4999
-10.4089
-8.3186
-3.0033
-15.9677
-20.6086
-16.5518
-13.9357
-18.1272
-12.4423
-11.4057
-15.6222
-17.0937
-12.6861
-9.5811
-11.2853
-15.6367
-17.3955
-10.7139
-4.7599
2.6260
3.4047
-3.6462
-0.3855
6.1479
6.0714
1.4557
0.3641
4.9639
1.0200
3.7242
2.5920
1.0307
-3.5741
-5.3312
-5.1663
-5.2716
-3.0396
0.0908
-3.5689
-2.5869
1.0029
-0.6995
0.5917
-5.4730
-12.6306
-11.7964
-6.5990
-4.5738
2.5558
5.5741
1.9655
5.2072
2.9568
-3.3702
-0.3206
1.6266
4.2940
4.8021
-1.8872
0.6702
5.9961
5.7154
2.4599
1.1107
3.8883
5.3792
2.2998
-0.4002
-3.3633
0.6043
2.2082
-1.4696
-4.6245
-3.1727
-2.0214
-9.4109
-14.3862
-14.6138
-16.1503
-6.6687
3.6605
4.6461
5.0309
2.6304
5.5996
7.6570
9.0311
8.3723
1.6760
-7.0707
-13.0179
-15.2286
-12.4688
-9.1354
-12.7111
-13.3803
-11.7573
-12.9794
-13.6105
-7.2686
-0.9148
7.2697
10.1373
5.6685
5.2716
4.4836
-2.3060
-1.0220
-1.3103
-2.3732
-1.2923
2.9753
7.4587
4.2358
5.0080
3.9226
-2.8945
-2.6576
-0.0862
-1.0175
-1.6443
-2.9985
0.7199
5.4043
7.6152
3.9246
-0.1355
-3.0354
-2.5785
-4.1408
-2.5120
-1.3659
-1.8903
-4.3125
-4.5103
-4.9136
-2.4310
1.6387
8.1347
3.2355
-3.5969
-5.3785
-5.5739
-2.2460
0.4621
0.1531
-1.2992
-3.9577
-5.3423
-7.5484
-8.3483
-5.1589
-2.3653
-1.8757
-0.7260
1.6383
-4.9812
-10.6862
-11.2469
-5.7412
-2.0388
-3.0927
-8.3235
-6.7709
-4.1817
-1.5231
-3.5742
-1.2464
2.3302
8.1407
9.6628
-0.4476
-1.9797
-0.8906
-6.6937
-5.4069
-1.3243
-10.1384
-11.6636
-7.1610
5.3072
13.8244
12.6362
9.9836
7.3905
2.5949
0.7324
-5.7816
-10.2911
-11.9725
-11.2552
-6.3610
-3.3572
-1.5779
5.8589
7.8529
7.2707
4.7893
0.5352
-2.8320
-2.3387
-1.4491
-0.1531
0.2887
-6.5032
-3.9695
1.5521
6.5759
21.6653
28.0821
23.2456
11.9109
3.7807
1.2527
6.3750
9.3094
4.3845
-3.7817
-4.8768
-5.8321
1.1968
5.3673
5.9148
3.1515
6.6507
5.3027
3.5113
3.1121
5.4403
-0.4129
-1.6890
8.6869
10.6877
4.3887
1.7506
0.8904
4.2834
2.2961
-2.3493
-4.2861
-3.5865
-1.3633
0.6149
0.9452
-5.1285
-5.9042
-7.2721
-12.1047
-15.2265
-9.5508
-2.1232
-5.7994
-1.3381
0.5857
-2.6853
-0.5552
-0.2582
0.7679
0.5596
-0.2695
-0.4221
0.2028
0.2313
1.0853
1.1541
-0.3701
-0.8167
-0.6019
0.0519
2.3298
2.2403
-0.8513
-9.0681
-8.0143
-3.8248
1.4493
3.7517
-1.2352
0.5978
3.2346
4.5810
3.9501
0.0310
-3.7496
-0.1853
0.6877
-3.8188
-2.8509
-5.0008
-4.7220
-4.8700
-2.8478
-0.1487
0.6482
-0.8827
8.3211
4.7745
0.8851
2.2675
2.2131
1.2573
2.7560
-3.3724
-1.1943
4.1949
5.3037
3.0348
0.0782
-0.4726
1.3898
1.7095
-1.1084
-3.1712
-1.9743
3.7444
8.3184
8.9243
7.6230
3.9511
2.4176
5.4114
-6.1376
-12.9211
-11.5915
-0.2819
4.9894
15.8240
23.9151
25.3355
26.4584
17.5930
10.1158
4.1089
2.5049
2.1832
0.7249
-0.6614
1.4801
-0.6486
-0.3304
-1.2669
-7.4687
-6.6934
-4.2519
-5.4909
3.4923
9.5760
7.9389
5.0553
2.5820
0.1420
-0.5075
6.2891
3.6976
-7.0767
-7.3264
0.2574
4.7372
-3.6535
-6.5012
1.2629
5.7467
5.1297
7.4883
21.5948
29.6718
31.8055
25.3241
18.6995
7.5620
3.0391
-0.8281
1.0028
4.2221
9.5506
6.5131
4.4464
3.4428
4.6684
5.8216
8.6891
12.0220
7.5640
5.2334
-1.3967
0.5176
-4.8041
-5.4912
-2.8864
-1.2233
-0.2869
-0.7859
0.8903
2.3721
3.4643
-7.0213
-17.1243
-15.9104
-8.9113
2.4230
2.4823
0.0562
-3.0893
-4.4995
-4.1790
-3.7426
-1.3607
-1.0375
-0.6458
-1.3878
-0.3931
-3.3209
-3.5346
-3.0242
-1.6798
-0.9284
0.3609
-0.0431
0.3259
0.7803
0.2387
-3.9402
-6.8931
-7.7943
-5.3987
-3.6512
-5.1864
-2.7367
-0.1901
3.4929
1.0111
-0.2960
-0.7315
0.1427
1.9346
2.1902
0.8540
-0.7306
-0.3545
-0.9490
-0.6277
-0.6356
-2.5906
-3.2295
-2.1451
-2.2423
-0.4900
2.5543
1.4956
3.6494
3.4358
1.8690
-5.7874
-6.6461
0.3821
3.5574
-0.8780
-8.5260
-6.9118
-2.0526
-0.1882
3.8365
6.6700
7.2885
8.7976
6.4838
4.8223
5.0439
7.4277
3.6188
6.3626
4.2514
0.1120
-2.2492
-6.9687
-5.8191
1.6032
4.3070
0.4756
0.5401
0.2757
-0.8267
-1.7550
1.2836
2.9155
1.1949
-0.3501
1.3846
1.6816
-0.3098
-0.1018
0.5638
0.6990
-0.1781
-2.0634
-3.6978
-2.6228
-0.1672
-1.7914
-3.2375
-2.2450
-0.8407
-2.8164
-2.3637
3.6127
3.0176
-0.9651
-2.1818
-7.3482
-7.0870
-6.4396
-0.4184
0.9262
-2.3032
-0.5349
0.1904
1.0423
0.1268
-2.4912
-0.0676
6.4616
7.6052
3.7579
-4.1305
-10.4648
-6.2794
-1.2224
-5.5248
-3.6560
-3.5142
-4.6759
-3.9932
-5.3414
-5.4119
-7.2917
-9.9520
-3.4838
-3.0464
3.0755
12.0145
5.0955
-0.2960
-1.0856
5.7777
3.5907
-3.8285
-4.8958
1.1056
1.1747
1.1115
-4.3818
-7.3876
-5.8149
-11.5778
-10.0497
-6.0182
-6.4696
-3.5508
-7.3912
-9.7845
-2.6755
-2.6798
-4.2226
6.7263
1.2203
-4.1175
1.6847
9.0679
8.4378
3.3838
1.1205
-2.2340
-3.5593
-7.1086
-7.5649
-12.2531
2.3239
7.9483
5.1347
2.3918
-2.7559
-8.9621
-9.7142
-1.0384
3.7728
-1.0766
1.5774
-6.0071
-6.2223
-10.4831
-3.3078
-0.5517
5.1982
6.2977
2.6481
4.0482
13.3355
24.0360
32.4228
37.0451
32.7291
25.1284
20.2269
19.9706
13.6934
6.0369
11.7980
21.3023
24.2505
19.9190
18.4168
17.4487
14.3800
6.2757
5.8598
17.7785
28.3255
29.2812
28.9090
26.8760
24.6233
14.9079
9.3038
9.1272
6.1727
3.9083
2.4727
2.1089
4.5167
6.4849
3.8472
2.3811
3.8104
4.1679
3.9623
3.1991
0.3546
-1.2195
-4.4290
-5.8755
-0.1920
1.4537
2.2128
6.7437
3.6224
0.3996
-3.5711
-2.8679
-2.1372
9.1398
8.3171
5.5731
2.1004
8.1060
-0.5159
-9.5606
6.1388
20.0065
22.2232
25.9739
22.8550
13.4397
5.5635
11.5261
12.4197
6.2733
7.3430
6.3695
3.4548
-10.8836
-17.7041
-13.3949
-10.2073
-8.8788
-6.1851
0.0237
4.3993
0.1172
-4.0599
-6.8196
-5.0433
-6.5289
-6.4665
-5.9577
-7.9942
-6.6498
-0.7885
1.8444
-0.3180
0.1628
-1.8661
0.4532
2.0561
5.3906
6.0336
2.3298
-1.9382
0.5682
-3.6825
-5.7715
-4.2703
0.4751
13.8687
15.7213
12.8832
16.5493
19.7579
19.8294
23.2437
29.6168
30.6604
23.2804
8.9858
1.8522
5.0762
6.1830
5.7191
2.4918
-5.4026
-10.4180
-11.2159
-13.4742
-9.2919
-2.3228
2.2178
-4.6833
-4.0012
-1.2238
5.7678
1.8314
-5.0290
-0.5857
1.7975
4.2179
4.5880
10.7073
20.3322
27.9297
28.7168
28.0587
28.4041
29.4419
31.3562
21.9898
12.1044
8.9194
9.2572
8.5755
11.1298
11.7728
11.8698
11.8212
22.1580
29.0423
28.9826
18.9179
14.5399
18.4353
12.8733
6.7987
3.5449
-2.5915
3.4515
7.1302
0.2493
-10.2134
-10.3789
-2.6607
-2.0157
-4.3208
-2.8015
0.3686
-0.9427
-2.1973
1.1351
2.4549
3.6980
1.9518
3.9368
2.8893
0.3713
-0.1513
0.4849
-0.2698
-0.2610
-0.5139
-0.3781
-5.0695
-7.5334
-4.8954
-2.3671
5.4788
17.9739
26.6694
21.7970
11.3535
0.2798
-2.0019
-6.2243
-12.2835
-6.3387
-3.4316
-3.7518
-7.4716
-12.8280
-11.2711
-8.6293
-5.0461
-5.7461
-8.3363
-1.6885
-0.5744
2.3953
4.0212
6.3090
9.1867
10.3316
1.5996
-3.4050
-7.6464
-10.7410
-7.9406
4.0832
15.5117
16.8266
10.5620
2.9253
1.3172
2.0727
6.2039
3.3593
0.8826
0.5075
1.0780
0.2403
-1.3881
-1.1186
-1.0403
0.3134
0.2010
-0.2413
0.1659
-0.3282
0.1212
1.0229
1.4520
-0.1587
-0.8993
-0.4886
-1.0177
-6.1305
-0.4546
2.9915
6.0115
7.2229
9.3660
10.3703
6.6616
3.4530
4.3023
1.4265
0.5444
3.5807
3.0606
3.6008
3.2351
-2.8316
-1.4706
0.8491
-1.3866
-4.8705
-4.3726
-5.9973
-8.6916
-10.8640
-7.2469
-10.4591
-6.0461
-1.4506
-0.2180
0.0393
-0.3736
4.0066
-0.4257
3.0060
2.0666
2.1986
-0.5839
-2.9763
-2.1682
-0.0425
-1.4869
-4.1264
-3.7578
-4.8436
-6.8767
-7.5485
-4.4910
-1.7026
-1.2956
-0.8912
-0.5259
-3.6596
-4.6640
-3.4861
-3.6839
-3.8128
-5.9005

Coefficient 40:
0.0000
1.8330
2.4702
-2.7159
-4.8354
-5.8633
-3.3503
-4.3986
-3.3470
-4.6691
-6.3289
-5.8666
-7.0235
-5.7759
-1.4184
1.6411
2.6324
2.0828
-0.0189
0.5447
-2.4080
-2.4119
-3.1089
-4.9500
-6.0391
-5.5818
-3.7632
-4.9078
-2.5826
0.2719
-4.4634
-6.3520
-0.4536
2.5904
-2.2368
-3.8019
2.5196
3.0337
5.2778
1.6814
-3.0895
-4.0750
-2.1392
-2.7968
-1.7018
1.9292
3.2145
5.5607
4.5867
-2.9288
-3.8619
-3.4807
-1.6341
-2.1690
2.0803
-0.9153
-5.4471
-5.6571
-6.1930
-4.4930
-8.6519
-15.8612
-9.6834
0.4462
1.2210
-3.6875
-6.3686
-6.3316
-0.1779
5.0243
5.3963
8.0647
12.4121
11.0022
5.6043
8.1725
3.8632
-13.8995
-20.0451
-23.5109
-8.1192
1.1255
0.4633
0.9092
-2.6656
-2.5299
-2.1363
-0.1342
-6.3209
-6.6016
-0.0589
0.3096
1.1764
2.9908
6.7361
2.7742
-1.7140
-2.6779
-4.9806
-3.5268
-1.0272
4.8416
6.2302
4.2076
-0.1206
4.3224
2.1067
3.4194
-0.3152
-6.4541
-9.5330
-8.3578
-9.8741
-6.2016
-7.3949
-8.1020
-1.8452
-2.4701
-5.5346
-2.5282
2.3736
3.1050
6.6242
7.0212
-1.9289
4.6628
6.5250
6.3159
-0.2384
-0.1421
0.3346
-7.1017
-7.2954
-3.5731
-0.4246
-2.5764
-4.5085
-0.6996
1.4154
3.8004
9.1093
9.0838
7.0669
5.4152
3.2026
-0.4289
-4.1941
-3.5996
-0.8772
-2.5130
-4.5065
-2.0875
3.3236
4.9316
2.8567
2.0106
-0.4569
-0.3098
0.5873
1.6726
0.8150
2.1244
1.6146
0.4668
-0.3235
0.3276
2.9863
4.8130
5.7187
4.1561
-0.6545
-3.2029
-2.9812
-3.9352
-5.3080
-2.9312
-3.5143
-3.8028
-3.1892
-2.0643
0.1644
-2.5627
-3.2009
-1.4205
0.5418
2.5733
4.5884
2.6117
-2.2874
-1.3329
-0.0552
1.1660
-2.4127
-9.4777
-9.2560
-10.1400
-14.5116
-13.5290
-11.0982
-6.9499
-0.7559
-1.8454
6.1560
0.7094
-4.6243
-4.4553
-3.4769
1.8952
3.6203
-0.0086
-0.1524
0.2251
-2.2258
-2.1617
-0.6738
-0.7702
0.6455
-0.5586
-1.0325
-0.1771
4.5575
-1.3235
0.3522
3.7813
-4.9030
-5.5770
-5.3550
-8.4443
-3.1294
0.0676
-1.2526
-2.5571
-5.3744
-3.5472
-0.7694
2.7645
2.8741
2.7705
7.7396
3.7892
1.4170
0.2497
-2.7455
-3.3564
0.4893
3.4483
2.6339
2.5037
6.9893
1.8217
-0.7698
-3.5988
-11.3846
-16.5329
-15.2193
-11.5509
-6.2945
-0.2338
3.5609
1.0653
-4.0965
3.5045
6.6741
7.3518
5.2227
3.3440
1.3770
1.9479
-1.2063
-6.2817
-5.8932
-7.1719
-4.1431
-1.0549
-0.6571
7.1099
10.8789
8.9299
3.7166
3.0244
1.4268
0.6209
1.0650
2.3061
4.2533
1.1189
1.5275
-0.9208
-1.1183
1.5222
-0.2171
1.0518
1.7645
-0.1588
-1.1101
-0.3530
-1.4022
-1.3675
0.4453
-1.1532
-2.1983
-0.5032
-0.8725
0.0788
-1.7234
-2.5051
-1.4198
-1.0537
-1.2443
-1.3010
-8.2830
-9.8822
-11.0628
-8.2108
-1.8961
-3.7819
-5.2693
-8.4844
-11.3395
-11.1569
-8.3378
-4.2493
0.6239
-3.0147
-11.1939
-14.4028
-12.3474
-5.6849
-5.9352
-3.6944
-3.4485
-4.3536
-0.7866
-1.6552
-4.2153
-1.4463
2.6835
0.9059
-2.0805
-3.9692
-4.6205
-1.3573
-1.2787
0.4136
3.0894
0.4360
-0.6993
4.8143
-0.3278
-4.5988
-7.0059
-10.7697
-10.7012
-0.5247
-2.4834
-4.5740
-0.5552
0.0897
3.1515
-1.4073
0.4030
1.3429
-5.2529
0.2376
0.0626
-2.8553
-9.0400
-9.7469
-8.7305
-6.2982
-1.2125
-2.0711
-0.2421
0.2593
2.2555
3.7616
1.7335
-0.0989
2.7921
6.1514
4.4659
2.5325
-1.0553
-0.3386
-1.2335
-0.3712
0.1989
-1.3378
-1.3350
-1.7007
-1.7921
-1.0239
-0.6886
-1.5492
-0.0716
3.8853
3.6805
2.4737
1.8855
0.6866
-0.8652
-0.5831
-1.1063
-1.0308
-0.0374
3.5280
3.7378
2.8844
4.2622
1.9160
-2.8521
-2.3977
-0.4470
2.0434
-0.8515
-2.3231
4.6045
0.2311
2.3944
0.4177
1.3780
-0.7221
-1.9801
-3.2723
-0.7730
-1.9477
-3.8825
-0.1266
-0.4960
-3.9564
-5.3799
-8.3379
-7.4004
-6.0541
1.8284
4.1671
3.7248
4.1975
2.4276
-2.4681
-3.3268
0.8146
-3.1887
0.5736
-2.2212
0.0717
5.9453
-1.6124
-12.0583
-18.2550
-19.0131
-16.4847
-11.1178
-9.8787
-1.1454
0.3687
-6.0635
-5.0700
0.2741
0.2220
0.0943
-1.6608
-0.2845
-0.2497
1.9935
-0.0183
-2.8570
-5.8004
0.8243
1.1907
-1.7265
-5.0343
-4.8261
-2.1029
-4.7214
-6.0586
-1.9847
-2.2520
-2.4881
0.3813
-0.1733
-2.1364
5.9662
4.6922
-5.9322
-9.6934
-6.9673
-2.6093
6.2119
2.7176
-3.0207
1.7820
5.6561
3.3940
0.4236
5.7994
4.9335
0.6393
-8.2249
-14.3035
-14.6153
-7.0916
-3.9075
-0.0564
-1.5178
2.5730
5.3949
1.5318
5.6842
0.0049
-4.0195
-5.1854
-3.1512
0.9177
3.0438
2.8594
-0.1337
0.6493
-4.6378
0.0351
-4.1429
-2.2783
-7.0719
-11.7355
-11.9795
-10.0138
-1.9413
2.6718
-2.3572
-4.0394
-3.0474
-3.0739
-2.7672
-5.2713
-5.3187
-3.4518
-4.3177
-7.6367
-17.1348
-21.1540
-17.6170
-4.3776
1.7054
10.5209
5.4155
-2.4406
1.3844
3.3367
6.5730
10.7738
11.6854
6.8428
3.6390
1.7429
0.4763
-1.1845
-1.8203
-0.5501
-0.5563
1.1106
0.3870
1.6732
3.2924
-4.0686
-11.2721
-9.9075
-8.2147
-7.6352
-9.7240
-12.5220
-15.6943
-19.3591
-11.2159
-9.1637
-16.6240
-14.6466
-9.5389
-3.6738
-3.6803
-9.3245
-9.5847
-12.6072
-11.4804
-11.3725
-0.7912
1.3037
-4.6475
-2.4502
-6.3726
-10.0152
-12.5889
-13.3686
-14.2879
-17.1783
-17.1436
-12.9667
-10.2123
-2.4349
3.3387
3.4578
7.3983
4.4608
2.1665
-5.8226
-4.9148
-11.6325
-6.8902
2.7821
-1.0730
-0.0847
-0.8423
-3.3969
-1.5228
-3.2294
-3.5119
4.8355
4.4108
-0.9933
-7.6087
-11.8604
-22.3444
-22.8050
-11.9799
1.5937
4.4506
-1.5785
-4.4999
-6.2895
-5.3906
1.1985
5.5041
1.1641
-3.9346
-1.2870
-1.5287
-3.1558
-2.3129
-5.7523
-6.5531
-6.5819
1.9960
5.8028
3.7910
1.1417
-0.1421
-3.7068
-0.5618
-0.8423
-0.8852
-0.2136
-0.7023
-0.3917
-0.3838
0.4595
0.2980
-0.7103
-0.8144
-0.0529
-0.4953
-2.9914
-5.0017
-5.9253
4.0103
-1.1013
-3.1950
-6.9900
-9.4326
-1.4523
-0.6875
-2.1689
3.4015
1.7040
-3.6539
-4.5051
-5.6351
0.2361
-0.9760
-2.9496
-3.7448
-3.1059
-1.3002
-2.1220
-0.7742
3.2299
-0.2175
-0.3570
4.3150
6.4712
6.3045
1.9449
2.0355
-3.1145
-5.5193
-0.9751
6.6153
19.6433
24.2339
13.0455
1.6877
-1.6770
1.6892
1.7649
1.2851
-1.3200
-2.8046
-2.8122
-0.6566
5.7661
5.8873
4.2397
0.4302
0.2041
1.1372
2.1746
8.5885
20.8216
30.0097
24.1362
16.2936
6.8195
9.0050
6.4053
2.7884
2.7439
-0.0442
-1.5519
-1.1882
-1.2817
-3.2208
-5.5203
-7.0009
-4.5816
-0.5646
-0.4514
-0.1222
-0.4299
-2.0492
-3.8565
-6.5735
-8.3393
-1.2865
11.3350
14.9510
13.0172
9.1321
0.5773
2.2559
3.6940
2.6999
1.4947
10.2846
18.7543
15.8447
4.5594
-0.0937
1.3762
0.0076
0.5922
10.6420
9.3285
10.1170
1.8514
-3.7586
-4.7329
-3.3940
-8.2868
-4.9987
-0.6004
-0.5924
3.0944
3.3682
3.5836
0.0600
0.5211
3.7847
7.5437
4.3666
5.0254
3.6739
0.8687
2.2820
5.1533
4.1756
3.2827
2.4816
6.2979
5.8691
0.3303
4.5642
8.8818
9.5121
4.2603
-0.3924
7.5415
5.8172
-0.6932
-12.3393
-13.1353
-9.3484
-8.6667
-8.1687
-9.6998
-7.2501
0.5971
7.3188
7.4255
5.4125
-5.8068
-4.5517
-1.9116
2.4247
2.1932
4.3038
2.1971
1.4024
2.3613
-1.1047
-5.4559
-5.6552
-8.8424
-9.4226
-7.5124
-4.9558
1.5959
4.0122
-0.1003
-5.0093
-6.3959
-4.1029
-3.8289
1.3111
-1.8289
-3.6533
-2.6121
-2.4085
0.2614
1.1470
6.8947
3.0646
-4.3823
-2.1343
1.7584
-1.4424
-1.8445
-0.6832
2.1310
-1.7363
-6.1925
-1.0597
0.0555
-0.4342
0.1890
4.0490
1.3865
-2.5280
0.7621
1.8258
-1.2848
-3.2410
-4.1952
-6.9300
1.3796
8.0868
7.7144
5.3474
1.1399
-0.6428
-3.8061
2.6775
4.8256
1.1510
-0.5457
1.1857
2.8215
2.4450
-3.8871
-8.6771
-8.6523
-9.8707
-16.0084
-12.2762
-7.6845
-3.1541
3.6691
0.0610
-3.2376
-6.4573
-7.9000
-3.9582
3.2311
4.5351
0.8523
3.7571
15.9786
25.7163
12.3346
2.8802
-0.4011
6.3871
7.6395
-2.0197
-2.6307
1.8084
-0.9392
-4.7941
-8.2754
-11.6634
-12.7210
-6.9104
-2.1252
-4.7127
-6.5942
-6.4640
-6.2900
-10.2338
-6.2952
-2.3125
2.6975
6.4866
8.5378
4.7820
3.7204
5.5306
-1.6903
4.3698
4.6826
6.7809
2.7843
-0.4251
0.2205
-0.5945
0.6566
-0.3944
-0.0196
-3.3934
-3.9886
-3.7567
-1.7198
3.0994
-0.5651
-3.4570
-1.1878
2.6741
4.5660
7.4922
3.3603
-1.2403
-5.3014
-5.5964
-5.8768
-7.1825
-7.1898
-6.9769
-0.8588
4.9577
-1.0590
-5.5617
-16.6715
-26.9829
-24.9635
-15.7431
-3.0876
-0.0978
-7.1203
-6.1388
-5.2463
-6.7747
-8.9962
-1.9928
0.1284
0.9320
-3.0648
-6.6893
-13.1596
-15.9025
-5.9606
6.1064
10.6412
5.7047
-1.5549
-8.9115
-6.2239
1.6443
7.1108
5.9762
3.7822
0.1683
-0.9624
-2.5418
1.0474
3.7662
2.2433
-4.3700
-7.0947
-6.5340
-5.2151
-3.3463
-0.4557
4.5764
3.5453
1.9501
3.1014
-1.2423
-4.0572
1.3975
-6.5806
-3.2897
5.7769
10.2256
13.5225
20.9085
29.4129
25.5703
13.1899
6.0542
4.6607
3.3474
-1.7027
-9.8778
-5.2995
-3.1697
-0.7998
5.3689
5.1955
0.5794
4.3239
3.2478
0.4564
4.4182
8.4173
-1.4719
-6.7694
2.2402
5.7032
-0.8711
-8.7601
-10.5138
-5.8381
-3.8621
-3.6909
-7.3158
-7.8688
-7.9124
-5.9438
-2.5666
-2.9371
-4.3271
-2.5695
-3.9868
1.6509
4.8286
1.4431
-1.7754
-1.0303
-1.0911
-5.6089
-2.5174
-0.2821
0.7165
0.3740
-0.3929
-0.1083
0.2910
0.2239
1.0439
1.0707
1.1901
-0.0283
0.2434
-0.0259
0.0606
0.4089
-0.6560
-3.5018
-2.4238
-4.8436
-2.2010
-2.5804
-5.3031
-3.7421
0.2570
0.2095
1.3914
3.8504
0.7357
1.7480
2.1439
2.9003
1.6424
1.1074
0.6459
-1.3365
0.2436
3.2140
9.2964
10.3877
2.2786
0.5013
1.5625
2.9393
2.3024
1.1012
0.2711
0.3792
-1.4124
-3.3080
-2.2328
-0.2663
0.5942
-1.2339
-2.0365
2.9531
1.9219
0.6649
1.4401
2.7131
5.5341
4.0344
3.7733
2.5813
-2.5543
-1.9410
-5.2352
-7.1758
-9.4607
-11.6129
-11.6512
-3.8471
-0.9441
-0.1469
2.0295
-5.6622
-5.1561
-4.7549
-7.7409
-9.2775
-8.5326
-2.2485
-1.0519
-8.4458
-4.4436
-2.5428
-9.9290
-7.9952
-2.5185
-4.6576
-7.8131
-7.3422
-10.9665
-12.1549
-10.2002
-1.0650
-5.9879
-8.3329
-3.0456
-3.5572
-4.6102
0.3213
-4.1399
-3.5555
-2.9685
-6.8797
-6.8716
-6.7722
-8.3731
-1.7771
7.8771
8.6808
2.0493
1.8561
0.7494
-1.5989
-1.2829
2.3085
-1.8186
1.9256
4.8791
10.4152
13.6795
9.3788
3.0146
1.8274
3.3751
7.0084
3.6337
-1.5242
1.8626
-4.3688
-5.4523
-10.4879
-4.8124
1.0331
5.7936
4.8325
3.4927
-3.9930
-12.1013
-14.5845
-7.2909
-2.4721
-3.5806
-6.1943
-8.5026
-6.6987
-3.5802
-2.3098
-1.8708
-1.6494
-1.3108
-0.2862
3.9372
6.0827
5.1668
4.2932
3.1282
1.6746
0.6666
1.6519
0.4563
0.3734
-3.6721
-4.7873
1.6461
3.4007
-1.0969
-0.4991
1.3279
1.1156
-1.4778
-3.6158
-1.3864
0.0799
-0.1513
0.8148
0.2097
1.9326
2.2763
0.9584
-0.5865
-0.1305
-0.7735
-0.6532
-0.5741
-2.4464
-3.3975
-2.4173
-2.2835
-2.0188
-0.8976
-0.8820
-2.6144
-4.3948
-3.8021
-8.0330
-9.0148
-5.0779
-1.9825
-0.3320
-5.3735
-4.4945
0.8529
1.1371
1.4281
0.8343
-0.4078
1.5462
4.5290
2.8400
5.5469
6.9752
3.5345
-2.3647
-3.2033
0.7728
-3.0914
-5.2787
-1.5158
3.3351
4.4964
0.5991
0.6199
0.2998
-0.6343
-1.9954
0.9415
3.1949
1.5765
-0.1785
1.2809
2.0257
-0.3680
-0.0548
0.7792
0.7568
-0.2415
-2.0455
-3.6996
-2.6137
-0.0012
-1.5553
-2.9959
-0.3362
2.3022
-3.0176
-7.6327
-5.7782
-2.1998
-5.7901
-6.2630
-6.0926
-3.7547
2.1907
0.0035
-6.9982
-6.4415
-2.8570
-2.2367
-0.3304
1.0829
-2.0558
-4.1920
-3.6660
-0.4431
-1.6633
-5.7744
-5.7399
-5.9532
-8.2851
-5.1587
-2.1255
1.5340
2.3074
-3.7179
-3.0125
-4.4250
-6.3073
-6.0232
-2.7264
-1.5497
-5.9127
-6.1347
-2.3419
-5.5295
-9.7034
-4.1023
-1.1387
-1.2092
-1.7649
5.9554
-1.9873
-2.4675
2.3736
-1.2817
-5.2208
-2.9346
-1.8062
-5.8027
-7.5157
-3.6182
-2.9311
-8.5182
-5.7191
-1.5537
3.3288
-0.3291
-1.8638
-4.7834
-2.7802
2.6365
-2.2000
-4.6860
-4.0702
-3.9276
0.0881
-4.7176
-4.2068
-4.5488
-2.2730
-0.2198
0.7069
-0.3009
-5.0944
-8.9781
-7.1441
-3.8330
-1.8196
-3.4540
-1.0015
-3.9937
-8.8757
-7.3970
-7.1788
-2.3371
-1.3546
0.0652
-1.4415
-3.3842
3.4798
15.3622
17.0259
10.1731
8.8646
7.7706
7.7046
9.4747
4.1889
-0.6047
4.2931
10.2572
5.1059
-2.0991
-5.2787
-7.0397
-5.9057
-5.5527
-10.9601
-14.3920
-17.2910
-12.1748
-3.8442
3.0283
5.3549
-2.0514
-1.6104
5.1999
3.9845
3.8739
-0.1818
-6.7140
-7.5936
-6.2884
-0.5169
2.9925
4.8269
4.4894
4.9053
5.6709
-0.0218
-1.7260
-3.7991
-4.6531
2.8714
2.7706
9.0099
14.3500
10.5929
10.1496
7.3207
3.2081
1.5687
2.6407
4.2019
9.1349
4.6662
1.3271
3.7355
-4.6742
-3.4133
6.7303
12.6633
19.6077
25.9226
24.6001
16.6722
22.9600
21.1304
11.1846
1.7015
4.6934
-1.3876
2.8202
-0.3176
0.2840
0.8252
-5.2281
-1.8392
-1.7225
-0.8684
1.4140
2.2044
2.2923
3.5456
4.0342
1.3537
0.7099
-2.5745
-6.9716
-3.2078
-0.9272
0.2441
3.9313
4.2382
5.7740
6.2821
2.1492
4.5268
4.6824
6.0467
1.7194
-6.0130
-10.3303
-7.9939
0.5936
13.7444
19.8692
17.7088
19.6673
25.4129
25.0120
25.6815
32.3697
42.3518
43.7688
31.5503
14.8190
6.7339
5.8724
7.1502
10.4740
9.3367
-1.0441
-5.8378
-2.5010
0.6577
-0.5207
-4.1784
-4.7080
-0.4386
0.5021
1.8393
0.4333
0.3775
4.2578
5.0030
12.0542
0.5056
-6.1813
-1.0586
14.1983
22.3492
26.9377
25.9649
26.2775
29.1184
25.2288
16.6991
12.5470
5.9648
4.1835
3.0187
2.1176
1.6247
-8.2610
-2.3010
10.8184
21.8314
25.1275
23.7501
26.8939
23.8975
21.5282
16.9704
5.0313
6.1326
11.0207
14.3884
2.1673
-4.0959
-2.6558
-3.0771
-3.0500
-1.4541
-0.6850
-0.5349
-0.5910
1.9913
4.5232
3.8412
1.3929
0.0520
0.6396
0.7747
-0.2035
0.3010
-0.3192
-0.2962
-0.4466
-0.2914
3.5858
4.7668
7.5237
5.2081
4.2766
9.0822
13.4316
17.8655
9.4412
2.0349
-1.1022
-8.2038
-10.2711
-3.8224
1.1564
2.9650
0.8982
0.3982
6.4978
8.1877
2.9073
-3.4210
-7.4691
-2.5772
-1.3303
-1.3701
-1.5755
2.7640
11.1008
11.0160
-0.3134
-4.1866
2.2175
7.1115
8.6378
19.4206
23.5191
16.9360
9.7513
6.2585
4.6212
-2.3150
-0.6306
-1.3120
-2.3054
-0.4878
0.3002
0.2819
-1.1880
-1.2118
-1.0957
0.3109
-0.0158
-0.3331
0.1125
-0.2836
0.1424
1.2633
1.5597
-0.3453
-0.8077
-0.3393
-0.8138
-5.6707
0.9677
1.3557
-2.6871
-7.5833
-1.3112
3.2647
1.1404
3.6143
7.9070
4.4188
-0.5676
-7.5498
-7.9654
-8.7363
-8.3251
-3.1606
-0.3688
-5.0950
-12.4466
-7.9917
-5.1713
-4.5619
-1.6542
-0.1790
1.9726
-2.5636
-2.1770
-1.2152
-0.1498
-0.2142
-0.8842
0.7688
-0.2109
2.4686
3.5112
2.1652
-0.2775
-2.1976
-0.5691
-0.5776
-0.6285
-6.0073
-8.2658
-7.3254
-6.5514
-8.2237
-4.3949
-3.3667
-2.9853
-1.5893
-0.6028
-2.9755
-4.4343
-4.9232
3.6210
2.1016
-3.0527
